intent,text,domain,spans,logical_form,split
alarm,wake me up at noon tomorrow,clinc,,[SL: alarm],train
alarm,set my alarm for getting up,clinc,,[SL: alarm],train
alarm,make sure my alarm is set for three thirty in the morning,clinc,,[SL: alarm],train
alarm,please set an alarm for mid day,clinc,,[SL: alarm],train
alarm,have an alarm set for three in the morning,clinc,,[SL: alarm],train
alarm,you need to set alarm for me,clinc,,[SL: alarm],train
alarm,i need you to set alarm for me,clinc,,[SL: alarm],train
alarm,set the alarm for me,clinc,,[SL: alarm],train
alarm,can you set alarm for me,clinc,,[SL: alarm],train
alarm,please set alarm for me,clinc,,[SL: alarm],train
alarm,make a new alarm for 6 in the morning,clinc,,[SL: alarm],train
alarm,make a new alarm,clinc,,[SL: alarm],train
alarm,create an alarm,clinc,,[SL: alarm],train
alarm,i need an alarm for 6am,clinc,,[SL: alarm],train
alarm,can you alert me at 6 in the morning,clinc,,[SL: alarm],train
alarm,i'd like a new alarm set for 6am,clinc,,[SL: alarm],train
alarm,"set an alarm for 6am, please",clinc,,[SL: alarm],train
alarm,initiate a new alarm please,clinc,,[SL: alarm],train
alarm,set up an alarm,clinc,,[SL: alarm],train
alarm,make up a new alarm,clinc,,[SL: alarm],train
alarm,i want to make an alarm,clinc,,[SL: alarm],train
alarm,i would like an alarm set,clinc,,[SL: alarm],train
alarm,schedule an alarm,clinc,,[SL: alarm],train
alarm,i need an alarm set,clinc,,[SL: alarm],train
alarm,i need alarms set for 6am and 615am,clinc,,[SL: alarm],train
alarm,i need an alarm to go off tomorrow at five fifteen,clinc,,[SL: alarm],train
alarm,can you set an alarm for seven fifteen for tomorrow,clinc,,[SL: alarm],train
alarm,set me an alarm for 4pm and another for 5pm,clinc,,[SL: alarm],train
alarm,set one alarm for 215pm and another for 7pm,clinc,,[SL: alarm],train
alarm,create an alarm for 9 am and another one for 11 am,clinc,,[SL: alarm],train
alarm,set the alarm to go off at 9 tomorrow,clinc,,[SL: alarm],train
alarm,make an alarm for tomorrow at twilight,clinc,,[SL: alarm],train
alarm,set up two alarms one for 10am and another for 2pm,clinc,,[SL: alarm],train
alarm,please set up an alarm to go off tomorrow at daybreak,clinc,,[SL: alarm],train
alarm,could you set one alarm for 8am saturday and one for 9am sunday,clinc,,[SL: alarm],train
alarm,can i turn on the alarm now,clinc,,[SL: alarm],train
alarm,how do i set the alarm,clinc,,[SL: alarm],train
alarm,please turn on the alarm,clinc,,[SL: alarm],train
alarm,set my alarm for 6am tomorrow,clinc,,[SL: alarm],train
alarm,set alarm for 6am,clinc,,[SL: alarm],train
alarm,can you play an alarm at 5pm,clinc,,[SL: alarm],train
alarm,create alarm 6am,clinc,,[SL: alarm],train
alarm,set alarm for 5pm,clinc,,[SL: alarm],train
alarm,make an alarm 6am,clinc,,[SL: alarm],train
alarm,create an alarm for 6am,clinc,,[SL: alarm],train
alarm,put in an alarm for 5pm,clinc,,[SL: alarm],train
alarm,i want an alarm at 5pm,clinc,,[SL: alarm],train
alarm,set my alarm for 5pm,clinc,,[SL: alarm],train
alarm,set an alarm,clinc,,[SL: alarm],train
alarm,create alarm,clinc,,[SL: alarm],train
alarm,set alarm,clinc,,[SL: alarm],train
alarm,i need an alarm to wake me up at 8 tomorrow morning,clinc,,[SL: alarm],train
alarm,i need you to set an alarm for 8am tomorrow,clinc,,[SL: alarm],train
alarm,please set an alarm for 5 am,clinc,,[SL: alarm],train
alarm,set an alarm for 9pm please,clinc,,[SL: alarm],train
alarm,i need an alarm set for 6 in the morning,clinc,,[SL: alarm],train
alarm,i need an alarm set for 10:00 and another set for 3:00,clinc,,[SL: alarm],train
alarm,set an alarm for me for 10:00 and another one set for 4:00,clinc,,[SL: alarm],train
alarm,would you set my alarm for 10:00 and another for 3:00,clinc,,[SL: alarm],train
alarm,provide assistance by setting an alarm at 8:00 and another for 11:00,clinc,,[SL: alarm],train
alarm,assist me by setting my alarm for 9:00 and another for 11:00,clinc,,[SL: alarm],train
alarm,tomorrow i need an alarm at 7 tomorrow,clinc,,[SL: alarm],train
alarm,"at 9 tomorrow, set off the alarm",clinc,,[SL: alarm],train
alarm,tomorrow i would like an alarm for 9 tomorrow,clinc,,[SL: alarm],train
alarm,tomorrow i need the alarm to go off at 5,clinc,,[SL: alarm],train
alarm,sound the alarm at 6 am tomorrow,clinc,,[SL: alarm],train
alarm,set reminder for 2 pm,clinc,,[SL: alarm],train
alarm,wake me up at 6 am,clinc,,[SL: alarm],train
alarm,ring my phone at 12 pm,clinc,,[SL: alarm],train
alarm,set alarm for 5 am,clinc,,[SL: alarm],train
alarm,please set an alarm for 2 pm for me,clinc,,[SL: alarm],train
alarm,set an alarm for 5 pm,clinc,,[SL: alarm],train
alarm,can you make an alarm for 7 am,clinc,,[SL: alarm],train
alarm,set a 5 am alarm please,clinc,,[SL: alarm],train
alarm,i need an alarm at 8 pm,clinc,,[SL: alarm],train
alarm,set an alarm to start work and another to stop,clinc,,[SL: alarm],train
alarm,set an alarm to go to sleep and another to wake up,clinc,,[SL: alarm],train
alarm,please set a reminder for me,clinc,,[SL: alarm],train
alarm,set an alarm to work out and another to go home,clinc,,[SL: alarm],train
alarm,create an alarm for me,clinc,,[SL: alarm],train
alarm,set an alarm for lunch and another for dinner,clinc,,[SL: alarm],train
alarm,make an alarm for me,clinc,,[SL: alarm],train
alarm,set an alarm for my meeting and another for my phone call,clinc,,[SL: alarm],train
alarm,i want an alarm set up,clinc,,[SL: alarm],train
alarm,i need an alarm set please,clinc,,[SL: alarm],train
alarm,have an alarm wake me at 10:30 am,clinc,,[SL: alarm],train
alarm,i want an alarm to go off at 9 am,clinc,,[SL: alarm],train
alarm,i need an alarm set for 9 am and another for 11 am,clinc,,[SL: alarm],train
alarm,i need an alarm set for 5:30 pm,clinc,,[SL: alarm],train
alarm,i need you to schedule an alarm,clinc,,[SL: alarm],train
alarm,please create an alarm for 5:45 am and an alarm for 6:15 am,clinc,,[SL: alarm],train
alarm,would you set up an alarm for me,clinc,,[SL: alarm],train
alarm,please create one alarm for 330 pm and one for 8 pm,clinc,,[SL: alarm],train
alarm,please create a new alarm for me,clinc,,[SL: alarm],train
alarm,i need an alarm to go off at 6 am,clinc,,[SL: alarm],train
alarm,"please set two alarms, one at 12 pm and the next at 1 pm",clinc,,[SL: alarm],train
alarm,please create an alarm for 12 noon,clinc,,[SL: alarm],train
alarm,i need one alarm to go off at 6:30 am and a second alarm set for 8:00 am,clinc,,[SL: alarm],train
alarm,help me get up at eight thirty in the morning tomorrow,clinc,,[SL: alarm],train
alarm,i want to be woken up at 9 tomorrow,clinc,,[SL: alarm],train
balance,savings account balance at chase bank please,clinc,,[SL: balance],train
balance,check chase bank for my checking balance,clinc,,[SL: balance],train
balance,what is my checking account balance at chase,clinc,,[SL: balance],train
balance,i want my checking balance at chase,clinc,,[SL: balance],train
balance,what's my savings balance at chase,clinc,,[SL: balance],train
balance,do i have enough money in my chime bank account to take ashley to the movies tuesday,clinc,,[SL: balance],train
balance,check my visa account and see if i have enough money for dinner tonight,clinc,,[SL: balance],train
balance,is tehre enough in my bluebird account for groceries this week,clinc,,[SL: balance],train
balance,do i have enough in my sears account to buy a new dishwasher,clinc,,[SL: balance],train
balance,is there enough money in my discover account for a new pair of jeans,clinc,,[SL: balance],train
balance,what is the total of my bank accounts,clinc,,[SL: balance],train
balance,what is in my bank accounts,clinc,,[SL: balance],train
balance,what is the balance on my bank accounts,clinc,,[SL: balance],train
balance,what is remaining in my bank acccounts,clinc,,[SL: balance],train
balance,how much money is left in my bank accounts,clinc,,[SL: balance],train
balance,what amount of money is in my bank accounts,clinc,,[SL: balance],train
balance,what is the balance of my bank accounts,clinc,,[SL: balance],train
balance,what what kind money is available in my bank accounts,clinc,,[SL: balance],train
balance,what is the value of my bank accounts,clinc,,[SL: balance],train
balance,how much funds do i have in my bank accounts,clinc,,[SL: balance],train
balance,what's my checking account balance,clinc,,[SL: balance],train
balance,how much do i have in my checking,clinc,,[SL: balance],train
balance,what's the balance of my savings,clinc,,[SL: balance],train
balance,how much is in savings,clinc,,[SL: balance],train
balance,how much money is in my checking account,clinc,,[SL: balance],train
balance,what's the amount of money accumulated in my bank accounts,clinc,,[SL: balance],train
balance,what's my current bank savings,clinc,,[SL: balance],train
balance,how much total cash do i have in the bank,clinc,,[SL: balance],train
balance,what's my current checking balance,clinc,,[SL: balance],train
balance,can you tell me my current bank accounts balance,clinc,,[SL: balance],train
balance,what's the balance of my bank accounts,clinc,,[SL: balance],train
balance,what is my current balance on my home equity line of credit,clinc,,[SL: balance],train
balance,please find my balance on my chase mastercard,clinc,,[SL: balance],train
balance,can you tell me my checking account balance,clinc,,[SL: balance],train
balance,perform a search for my most recent balance on my amex account,clinc,,[SL: balance],train
balance,how much is the current balance in my td bank savings account,clinc,,[SL: balance],train
balance,what is my balance in checking account,clinc,,[SL: balance],train
balance,how much is available in my savings account,clinc,,[SL: balance],train
balance,tell me what i have in my money market account,clinc,,[SL: balance],train
balance,how much money do i have in my account,clinc,,[SL: balance],train
balance,how much is left of mastercard,clinc,,[SL: balance],train
balance,what is the available balance in savings,clinc,,[SL: balance],train
balance,what is the balance on my visa,clinc,,[SL: balance],train
balance,do i have enough money in my chase account for a new refrigerator,clinc,,[SL: balance],train
balance,do i have enough money in my charles schwab account to get a new baseball bat,clinc,,[SL: balance],train
balance,i'd like to know my bank balance please,clinc,,[SL: balance],train
balance,what's the balance on my bank account,clinc,,[SL: balance],train
balance,will the money in my capital one account cover a new washing machine,clinc,,[SL: balance],train
balance,could you check my bank balance for me,clinc,,[SL: balance],train
balance,will the amount in my chase bank account right now cover the cost of a new dryer,clinc,,[SL: balance],train
balance,i want to get a new shirt; will the money in my td ameritrade account cover it,clinc,,[SL: balance],train
balance,how much do i have in the bank,clinc,,[SL: balance],train
balance,what's my bank balance,clinc,,[SL: balance],train
balance,what is my bank balance,clinc,,[SL: balance],train
balance,is there any money left,clinc,,[SL: balance],train
balance,do i have any cash left,clinc,,[SL: balance],train
balance,can you tell me how much cash i have,clinc,,[SL: balance],train
balance,do i have enough in my boa account for a new pair of skis,clinc,,[SL: balance],train
balance,do i have enough in my chase account for new nikes,clinc,,[SL: balance],train
balance,can the funds in my wells fargo account cover my lift tickets,clinc,,[SL: balance],train
balance,do i have enough to cover new skis in my bank of america account,clinc,,[SL: balance],train
balance,do i have enough in my chase account for a plane ticket,clinc,,[SL: balance],train
balance,do you know how much i have in checking,clinc,,[SL: balance],train
balance,what is my saving's account balance,clinc,,[SL: balance],train
balance,what's the balance in my checking,clinc,,[SL: balance],train
balance,how much do i have in savings,clinc,,[SL: balance],train
balance,could you tell me what my checking account balance is,clinc,,[SL: balance],train
balance,what's my total net worth in all of my bank accounts,clinc,,[SL: balance],train
balance,what's my account balance,clinc,,[SL: balance],train
balance,i want to view my balance,clinc,,[SL: balance],train
balance,check my bank balance,clinc,,[SL: balance],train
balance,how much money do i have in all of my accounts,clinc,,[SL: balance],train
balance,how much money do i have in all of my accounts combined,clinc,,[SL: balance],train
balance,what's my checking balance,clinc,,[SL: balance],train
balance,how much money do i have total,clinc,,[SL: balance],train
balance,what's the total of my bank accounts,clinc,,[SL: balance],train
balance,how much money do i have in checking,clinc,,[SL: balance],train
balance,i wish to know the balance of my bank of american account,clinc,,[SL: balance],train
balance,what is the balance of my bank of american account,clinc,,[SL: balance],train
balance,i need to know my bank balance,clinc,,[SL: balance],train
balance,i wanna know the balance of my bank of american account,clinc,,[SL: balance],train
balance,i'd like to know the balance of my bank of american account,clinc,,[SL: balance],train
balance,i wish to know the balance of my bank of american account now,clinc,,[SL: balance],train
balance,please tell me my bank balance,clinc,,[SL: balance],train
balance,i wanna know my bank balance,clinc,,[SL: balance],train
balance,please let me know what my current bank balance is,clinc,,[SL: balance],train
balance,what is status of my bank account,clinc,,[SL: balance],train
balance,what is my balance,clinc,,[SL: balance],train
balance,what is the balance of my bank account,clinc,,[SL: balance],train
balance,what is is the details of my bank account,clinc,,[SL: balance],train
balance,is there enough money in my discover account for a vacation,clinc,,[SL: balance],train
balance,is there enough money in my account for expenses,clinc,,[SL: balance],train
balance,do i have enough money in my first hawaiian bank account for a vacation,clinc,,[SL: balance],train
balance,is there enough money in my bank of hawaii for vacation,clinc,,[SL: balance],train
balance,is there enough money in my discover account for airplane tickets,clinc,,[SL: balance],train
balance,what is my savings account balance,clinc,,[SL: balance],train
balance,what is my savings balance,clinc,,[SL: balance],train
balance,what is my money market account balance,clinc,,[SL: balance],train
balance,what is my bank balance for all accounts,clinc,,[SL: balance],train
balance,tell me my payroll account balance,clinc,,[SL: balance],train
bill_balance,the bill for water and electricity is how much,clinc,,[SL: bill_balance],train
bill_balance,what's my bill for water and electricity,clinc,,[SL: bill_balance],train
bill_balance,"for my water and electricity, how much is the bill",clinc,,[SL: bill_balance],train
bill_balance,how much is the bill for my water and electricity,clinc,,[SL: bill_balance],train
bill_balance,my water and electricity bill is how much,clinc,,[SL: bill_balance],train
bill_balance,what is the total amount that i owe to sony and verizon,clinc,,[SL: bill_balance],train
bill_balance,please tell me how much i owe sprint and how much i owe hsn,clinc,,[SL: bill_balance],train
bill_balance,tell me how much my verizon and comcast bill come to together,clinc,,[SL: bill_balance],train
bill_balance,how much in total do i need to pay cox and at&t,clinc,,[SL: bill_balance],train
bill_balance,please let me know how much my bills for comcast and sprint total,clinc,,[SL: bill_balance],train
bill_balance,what do my bills add up to,clinc,,[SL: bill_balance],train
bill_balance,how much do i owe in bills,clinc,,[SL: bill_balance],train
bill_balance,what's the balance on my bills,clinc,,[SL: bill_balance],train
bill_balance,read my bill balances,clinc,,[SL: bill_balance],train
bill_balance,how much are my bills,clinc,,[SL: bill_balance],train
bill_balance,find out what my water bill costs please,clinc,,[SL: bill_balance],train
bill_balance,how much is my electricity bill costing me,clinc,,[SL: bill_balance],train
bill_balance,find out the cost of my bill payments,clinc,,[SL: bill_balance],train
bill_balance,let me know the amounts i owe for my utilities and tuition bills,clinc,,[SL: bill_balance],train
bill_balance,how much money do i need to spend on bill payments,clinc,,[SL: bill_balance],train
bill_balance,can you tell me what i owe for this month's phone bill,clinc,,[SL: bill_balance],train
bill_balance,tell me the sum total of my water and electricity bills,clinc,,[SL: bill_balance],train
bill_balance,can you tell me the total cost of my bills please,clinc,,[SL: bill_balance],train
bill_balance,what is the total amount due on my electricity bill,clinc,,[SL: bill_balance],train
bill_balance,what am i being charged for my water bill,clinc,,[SL: bill_balance],train
bill_balance,tell me how much my cable bill is,clinc,,[SL: bill_balance],train
bill_balance,what is the total for my utilities bill this month,clinc,,[SL: bill_balance],train
bill_balance,how much do i owe for my gas and phone bills,clinc,,[SL: bill_balance],train
bill_balance,tell me what is owed for my water and gas bills,clinc,,[SL: bill_balance],train
bill_balance,i need to know the amounts due for my utilities and cable bills,clinc,,[SL: bill_balance],train
bill_balance,let me know how much money i will need to spend on paying bills,clinc,,[SL: bill_balance],train
bill_balance,please let me know how much my gas bill is,clinc,,[SL: bill_balance],train
bill_balance,i need to know the cost of the cable bill,clinc,,[SL: bill_balance],train
bill_balance,how much in total will i be paying for bills,clinc,,[SL: bill_balance],train
bill_balance,what do i owe for my utilities bill,clinc,,[SL: bill_balance],train
bill_balance,please give me the full balance on my water bill,clinc,,[SL: bill_balance],train
bill_balance,how much is the total due for my pgw gas bill,clinc,,[SL: bill_balance],train
bill_balance,what's the amount due on my latest sprint bill,clinc,,[SL: bill_balance],train
bill_balance,"i need the dollar amount due on my verizon bill, please",clinc,,[SL: bill_balance],train
bill_balance,can you tell me what the amount on my directv bill is,clinc,,[SL: bill_balance],train
bill_balance,remind me of the invoice total for my plumbing bill,clinc,,[SL: bill_balance],train
bill_balance,tell me what amount i have to pay for my directv bill please,clinc,,[SL: bill_balance],train
bill_balance,i need to know my bill total for my verizon payment due this month,clinc,,[SL: bill_balance],train
bill_balance,please find the current balance on my con edison bill,clinc,,[SL: bill_balance],train
bill_balance,what's the balance on my sprint account,clinc,,[SL: bill_balance],train
bill_balance,how much is my xfinity bill this month,clinc,,[SL: bill_balance],train
bill_balance,what's the cost of my dte bill plus my electricity bill,clinc,,[SL: bill_balance],train
bill_balance,my dte bill is how much,clinc,,[SL: bill_balance],train
bill_balance,what is my dte bill this month,clinc,,[SL: bill_balance],train
bill_balance,how much are my electric and heating bills,clinc,,[SL: bill_balance],train
bill_balance,my dte and water bills are how much,clinc,,[SL: bill_balance],train
bill_balance,my water bill is how much this month,clinc,,[SL: bill_balance],train
bill_balance,how much is my electric bill for this month,clinc,,[SL: bill_balance],train
bill_balance,how much are my xfinity and dte bills,clinc,,[SL: bill_balance],train
bill_balance,how much are my cable and water bills,clinc,,[SL: bill_balance],train
bill_balance,how much do i have to pay on my bills,clinc,,[SL: bill_balance],train
bill_balance,can you check the balance on the water bill,clinc,,[SL: bill_balance],train
bill_balance,how much do i have to pay for my cable bill,clinc,,[SL: bill_balance],train
bill_balance,how much do i owe on my cable bill,clinc,,[SL: bill_balance],train
bill_balance,can you find out how much i owe on my bills,clinc,,[SL: bill_balance],train
bill_balance,can you check and see how much i owe on my cable bill,clinc,,[SL: bill_balance],train
bill_balance,do you know how much i owe on my cable bill,clinc,,[SL: bill_balance],train
bill_balance,how much do i need to pay on my bills,clinc,,[SL: bill_balance],train
bill_balance,can you tell me how much i owe on my cable bill,clinc,,[SL: bill_balance],train
bill_balance,how much is my comcast bill,clinc,,[SL: bill_balance],train
bill_balance,what is the amount on my comcast bill,clinc,,[SL: bill_balance],train
bill_balance,what is the my comcast bill this month,clinc,,[SL: bill_balance],train
bill_balance,what do i owe bill wise,clinc,,[SL: bill_balance],train
bill_balance,do i have any due bills and how much,clinc,,[SL: bill_balance],train
bill_balance,do i still owe any bills,clinc,,[SL: bill_balance],train
bill_balance,how much do i have to pay for my bills this month,clinc,,[SL: bill_balance],train
bill_balance,do i owe any bills,clinc,,[SL: bill_balance],train
bill_balance,what's the final amount of all the money i need to pay in bills this month,clinc,,[SL: bill_balance],train
bill_balance,add all my bills for this month and tell me the total,clinc,,[SL: bill_balance],train
bill_balance,what's the sum of all i owe on bills this month,clinc,,[SL: bill_balance],train
bill_balance,what's the total i owe on all my bills,clinc,,[SL: bill_balance],train
bill_balance,what's the water bill,clinc,,[SL: bill_balance],train
bill_balance,how much are all my bills combined,clinc,,[SL: bill_balance],train
bill_balance,what's my mortgage payment going to be this month,clinc,,[SL: bill_balance],train
bill_balance,what do i owe on the car this month,clinc,,[SL: bill_balance],train
bill_balance,how much are utilities,clinc,,[SL: bill_balance],train
bill_balance,how much is my gas bill,clinc,,[SL: bill_balance],train
bill_balance,how much is my internet bill,clinc,,[SL: bill_balance],train
bill_balance,how much is my cable bill,clinc,,[SL: bill_balance],train
bill_balance,how much is my rent,clinc,,[SL: bill_balance],train
bill_balance,how much is my cable bill for,clinc,,[SL: bill_balance],train
bill_balance,how much is my current water bill for,clinc,,[SL: bill_balance],train
bill_balance,how much is my electric bill for,clinc,,[SL: bill_balance],train
bill_balance,how much is my water bill for,clinc,,[SL: bill_balance],train
bill_balance,how much is my current cable bill for,clinc,,[SL: bill_balance],train
bill_balance,what is the amount on my water bill,clinc,,[SL: bill_balance],train
bill_balance,how much do i have on credit card bill,clinc,,[SL: bill_balance],train
bill_balance,what is the balance on my bills,clinc,,[SL: bill_balance],train
bill_balance,what is my domain name bill,clinc,,[SL: bill_balance],train
bill_balance,how much is my groceries and gas bill,clinc,,[SL: bill_balance],train
bill_balance,what is the cost of water and electric this month,clinc,,[SL: bill_balance],train
bill_balance,what is the amount of balance i have to pay on my bill,clinc,,[SL: bill_balance],train
bill_balance,how much do i owe on bills,clinc,,[SL: bill_balance],train
bill_balance,how much on bills to i have to pay,clinc,,[SL: bill_balance],train
bill_balance,what is my email subscriction services bill,clinc,,[SL: bill_balance],train
book_flight,what's the cheapest fares from lax to sfo for round trip flights leaving april 1st and returning april 7th,clinc,,[SL: book_flight],train
book_flight,"for the dates april 1st to the 7th, find me round trip air tickets from la to sfo",clinc,,[SL: book_flight],train
book_flight,what southwest flights are there for lax to sfo arriving april 1st and returning april 7th,clinc,,[SL: book_flight],train
book_flight,what airlines have flights round trip on april 1st to april 7th from lax to sfo,clinc,,[SL: book_flight],train
book_flight,find me round trip flights out of lax to sfox,clinc,,[SL: book_flight],train
book_flight,find me a flight from tijuana to guadalajara on volaris,clinc,,[SL: book_flight],train
book_flight,i need a flight to be booked from san diego to boston through frontier,clinc,,[SL: book_flight],train
book_flight,i want a flight booked from new york to san francisco with continental,clinc,,[SL: book_flight],train
book_flight,get me a flight booked from houston to phoenix with american airlines,clinc,,[SL: book_flight],train
book_flight,i want to fly southwest from dallas to phoenix,clinc,,[SL: book_flight],train
book_flight,book a flight from chicago to dc on monday and returning on wednesday,clinc,,[SL: book_flight],train
book_flight,i need to get a flight out of lax to dia on the 16th for under four hundred,clinc,,[SL: book_flight],train
book_flight,book a flight from sacremento to tampa two weeks from now and returning a month after,clinc,,[SL: book_flight],train
book_flight,i'm looking for a roundtrip flight from afw to dgb for tomorrow until next week,clinc,,[SL: book_flight],train
book_flight,"i'm looking for a roundtrip flight from oma to sps august 1st, 2019 to august 2nd, 2019",clinc,,[SL: book_flight],train
book_flight,i need to get a flight out of tampa to chicago in a month for under $123,clinc,,[SL: book_flight],train
book_flight,book a flight from denver to austin on the 16th and returning on the 20th,clinc,,[SL: book_flight],train
book_flight,book a flight from bangor to las vegas on may 1st and returning july 4th,clinc,,[SL: book_flight],train
book_flight,book a flight from seattle to dallas-fort worth on april the 1st and returning on april 5th,clinc,,[SL: book_flight],train
book_flight,i need to get a flight out of seattle to dulles next week for under $500,clinc,,[SL: book_flight],train
book_flight,i'm looking for a roundtrip flight from koa to mgj for june to july,clinc,,[SL: book_flight],train
book_flight,i need to get a flight out of denver to houston on friday for under $250,clinc,,[SL: book_flight],train
book_flight,"i need to get a flight out of my local airport to england on monday, the 23rd for under a grand",clinc,,[SL: book_flight],train
book_flight,i'm looking for a roundtrip flight from aaf to dia for february 23rd to february 28th,clinc,,[SL: book_flight],train
book_flight,i'm looking for a roundtrip flight from fwa to hsv for march first to march fifth,clinc,,[SL: book_flight],train
book_flight,compare fares for al italia from bucharest to tampa returning before thanksgiving,clinc,,[SL: book_flight],train
book_flight,cheapest fare for flight from tehran to new york on august 1 with return on august 20,clinc,,[SL: book_flight],train
book_flight,compare prices for flights from recife to miami leaving may 20 returning june 5,clinc,,[SL: book_flight],train
book_flight,i need you to book me a flight from chicago to montpelier via united,clinc,,[SL: book_flight],train
book_flight,i need a roundtrip flight for 5/2 to 5/8 from nyc to los angeles,clinc,,[SL: book_flight],train
book_flight,can you find me a roundtrip flight from orlando to austin for 3/28 to 4/5,clinc,,[SL: book_flight],train
book_flight,use delta to book me a flight from dallas to pittsburgh,clinc,,[SL: book_flight],train
book_flight,help me find a roundtrip flight for may 7th through the 20th from pittsburgh to chicago,clinc,,[SL: book_flight],train
book_flight,could you make a flight reservation with air emirates from orlando to london,clinc,,[SL: book_flight],train
book_flight,"can you find me a flight from portland, oregon to portland, maine for under $500 on delta",clinc,,[SL: book_flight],train
book_flight,fly me from pit to pdx on delta for under $300,clinc,,[SL: book_flight],train
book_flight,book a flight from la to madrid with southwest,clinc,,[SL: book_flight],train
book_flight,i'd like a flight from laguardia to orlando on southwest for under $400,clinc,,[SL: book_flight],train
book_flight,"i'm going to boston from bangor on july 25th through the 29th, and need you to find me a roundtrip flight",clinc,,[SL: book_flight],train
book_flight,i need to get from jfk to dallas with united for under $500,clinc,,[SL: book_flight],train
book_flight,i need a flight from nyc to paris with delta,clinc,,[SL: book_flight],train
book_flight,could you get me a delta flight from sioux falls to philadelphia for under $400,clinc,,[SL: book_flight],train
book_flight,i want to find a roundtrip flight from philadelphia to sioux falls from august 3rd through august 25th,clinc,,[SL: book_flight],train
book_flight,reserve me a flight from ft lauderdale to houston on southwest,clinc,,[SL: book_flight],train
book_flight,find me a roundtrip flight from dallas to los angeles from march 2 to march 10,clinc,,[SL: book_flight],train
book_flight,"buy tickets for a flight from nyc to la on march 1, returning on march 5",clinc,,[SL: book_flight],train
book_flight,book me a flight out of la to chicago on march 3rd for under $500,clinc,,[SL: book_flight],train
book_flight,"book flights for me from nyc to la on march 1, returning on march 5",clinc,,[SL: book_flight],train
book_flight,look for a flight out of la to chicago on march 3rd for under $500,clinc,,[SL: book_flight],train
book_flight,find me a flight from ft lauderdale to houston on southwest,clinc,,[SL: book_flight],train
book_flight,i need to book a roundtrip flight from dallas to los angeles from march 2 to march 10,clinc,,[SL: book_flight],train
book_flight,get me a flight from ft lauderale to houston on southwest,clinc,,[SL: book_flight],train
book_flight,are there any flights out of la to chicago on march 3rd for under $500,clinc,,[SL: book_flight],train
book_flight,"search for a flight from nyc to la on march 1, returning on march 5",clinc,,[SL: book_flight],train
book_flight,list roundtrip flights available from dallas to los angeles from march 2 to march 10,clinc,,[SL: book_flight],train
book_flight,confirm a flight for me from ft lauderdale to houston on southwest,clinc,,[SL: book_flight],train
book_flight,search for a flight out of la to chicago on march 3rd for under $500,clinc,,[SL: book_flight],train
book_flight,"buy a flight for me from nyc to la on march 1, returning on march 5",clinc,,[SL: book_flight],train
book_flight,can you show me roundtrip flights from dallas to los angeles from march 2 to march 10,clinc,,[SL: book_flight],train
book_flight,i need you to book me a flight from ft lauderdale to houston on southwest,clinc,,[SL: book_flight],train
book_flight,"find me a flight from nyc to la on march 1, returning on march 5",clinc,,[SL: book_flight],train
book_flight,find me a flight out of la to chicago on march 3rd for under $500,clinc,,[SL: book_flight],train
book_flight,what are some roundtrip flights from dallas to los angeles from march 2 to march 10,clinc,,[SL: book_flight],train
book_flight,i want to buy a plane ticket to travel from miami to honolulu on the 29th of february i need a return flight on march 5th,clinc,,[SL: book_flight],train
book_flight,i need to take a flight from florida to alabama on january 25th and i need to get back by the 30th,clinc,,[SL: book_flight],train
book_flight,i want to book a flight reservation from texas to new york on may 9th and i want to come back on the 15th,clinc,,[SL: book_flight],train
book_flight,i want to book a flight from hawaii to new york on july 8th and returning on july 10th,clinc,,[SL: book_flight],train
book_flight,i need to book a flight from texas to new york on may 25th and returning on the 28th,clinc,,[SL: book_flight],train
book_flight,"buy a flight from santa fe to jacksonville on new year's eve that returns on the fourth, please",clinc,,[SL: book_flight],train
book_flight,purchase a flight from slc to columbus on tuesday that returns on friday,clinc,,[SL: book_flight],train
book_flight,"purchase a flight from fiji to san diego on november 1 that returns on december 1, please",clinc,,[SL: book_flight],train
book_flight,purchase a flight from boise to sacramento on sunday and returning on wednesday,clinc,,[SL: book_flight],train
book_flight,buy a flight from phoenix to el paso on august 30 that returns on labor day,clinc,,[SL: book_flight],train
book_flight,book delta ticket madison to atlanta,clinc,,[SL: book_flight],train
book_flight,make delta reservation from madison to atlanta,clinc,,[SL: book_flight],train
book_flight,madison to atlanta delta ticket,clinc,,[SL: book_flight],train
book_flight,buy delta ticket madison to atlanta,clinc,,[SL: book_flight],train
book_flight,schedule flight from madison to atlanta on delta,clinc,,[SL: book_flight],train
book_flight,"book a flight from pensacola, fl to houston, tx on 17 february 2019 and returning on 7 march 2019",clinc,,[SL: book_flight],train
book_flight,"book a flight from jacksonville, fl to atlanta, ga on 14 february 2019 and returning on 1 march 2019",clinc,,[SL: book_flight],train
book_flight,"book a flight from key west, fl to san antonio, tx on 18 february 2019 and returning on 5 march 2019",clinc,,[SL: book_flight],train
book_flight,"book a flight from tampa, fl to baltimore, md on 11 february 2019 and returning on 19 march 2019",clinc,,[SL: book_flight],train
book_flight,"book a flight from miami, fl to columbus, ga on 16 february 2019 and returning on 2 march 2019",clinc,,[SL: book_flight],train
book_flight,show me roundtrip flights from dallas to houston for march 7 and march 10,clinc,,[SL: book_flight],train
book_flight,i am needing you to look up roundtrip flights form houston to miami for april 12 and april 15,clinc,,[SL: book_flight],train
book_flight,could you check and let me know roundtrip flights from dallas to houston for march 7 and march 20,clinc,,[SL: book_flight],train
book_flight,i need you to get me a flight booked from houston to miami on united airlines,clinc,,[SL: book_flight],train
book_flight,i am needing to get a flight out of el paso to dallas on march 10 for under $300,clinc,,[SL: book_flight],train
book_flight,would you give me available flights out of dallas to miami on june 8 for under $340,clinc,,[SL: book_flight],train
book_flight,would you let me know what flights are available out of dallas to el paso on march 20 for under $400,clinc,,[SL: book_flight],train
book_flight,let me know what flights there are out of dallas to miami on march 10 for under $450,clinc,,[SL: book_flight],train
book_flight,would you book me a flight to miami from dallas on southwest airlines,clinc,,[SL: book_flight],train
book_flight,i need a flight booked from dallas to miami on american airlines,clinc,,[SL: book_flight],train
book_flight,i am wanting you to book me a flight from houston to miami on united airlines,clinc,,[SL: book_flight],train
book_flight,would you look up roundtrip flights from dallas to houston for march 7 and march 10,clinc,,[SL: book_flight],train
book_flight,i would like to know what flights are available out of el paso to dallas on june 10 for under $300,clinc,,[SL: book_flight],train
book_flight,please get me a flight booked from miami to dallas on american airlines,clinc,,[SL: book_flight],train
book_flight,get me roundtrip flight information for flights from dallas to houston for june 8 and june 17,clinc,,[SL: book_flight],train
book_flight,get me a flight for tuesday on spiritcom to las vegas from chicago,clinc,,[SL: book_flight],train
book_flight,book me a flight from o'hare to las vegas on deltacom,clinc,,[SL: book_flight],train
book_hotel,i need a bed in brownsburg near walmart from apil 4th until the 5th,clinc,,[SL: book_hotel],train
book_hotel,i need a room in indianapolis near the track from may 2nd through the 5th,clinc,,[SL: book_hotel],train
book_hotel,i need lodging in lizton near the ice cream parlor from may 3rd until the 8th,clinc,,[SL: book_hotel],train
book_hotel,need a place to crash in elizabeth near the refinery from june 4th until the 9th,clinc,,[SL: book_hotel],train
book_hotel,i need a place to stay in newark near a bodega from may 2nd through the 4th,clinc,,[SL: book_hotel],train
book_hotel,i want to book a hotel room for 10 people from monday to tuesday in manhattan,clinc,,[SL: book_hotel],train
book_hotel,is there a room big enough for 10 people from monday to tuesday in manhattan,clinc,,[SL: book_hotel],train
book_hotel,is it possible to book 10 people from monday to tuesday in manhattan,clinc,,[SL: book_hotel],train
book_hotel,i would like to reserve a hotel room that accomodates 10 people from monday to tuesday in manhattan,clinc,,[SL: book_hotel],train
book_hotel,i'm inquiring about the availability of a room that fits 10 people from monday to tuesday in manhattan,clinc,,[SL: book_hotel],train
book_hotel,book me a hotel in st louis near the arch from march 2nd to 5th,clinc,,[SL: book_hotel],train
book_hotel,i need a room in london for 2 people from march 1st to 3rd,clinc,,[SL: book_hotel],train
book_hotel,get me a hotel room for 3 people from march 12th to 14th in chicago,clinc,,[SL: book_hotel],train
book_hotel,book me a hotel in new york near the empire state building from marc 2nd to 4th,clinc,,[SL: book_hotel],train
book_hotel,book me a hotel in chicago near the water tower shopping from april 2nd to 4th,clinc,,[SL: book_hotel],train
book_hotel,get me a hotel room for 4 people from march 1st to 3rd in seattle,clinc,,[SL: book_hotel],train
book_hotel,"in paris, get me a hotel room for 4 people from march 1st to 3rd",clinc,,[SL: book_hotel],train
book_hotel,can you find me a hotel for 2 people on april 1st to 4th in rome,clinc,,[SL: book_hotel],train
book_hotel,can you book me a hotel in los angeles near commerce casino from april 1st to the 5th,clinc,,[SL: book_hotel],train
book_hotel,book me a hotel in seattle near the space needle from march 3rd to 5th,clinc,,[SL: book_hotel],train
book_hotel,can you book me a room in new york city from april 2 through april 8,clinc,,[SL: book_hotel],train
book_hotel,are there any openings in new york city from april 2 through april 8,clinc,,[SL: book_hotel],train
book_hotel,are there any vacancies in new york city from april 2 through april 8,clinc,,[SL: book_hotel],train
book_hotel,how about any bookings in new york city from april 2 through april 8,clinc,,[SL: book_hotel],train
book_hotel,is there anything available in new york city from april 2 through april 8,clinc,,[SL: book_hotel],train
book_hotel,book me a room on november 11 to 15 in cali,clinc,,[SL: book_hotel],train
book_hotel,create a reservation novemeber 11 to 15 in cali,clinc,,[SL: book_hotel],train
book_hotel,show me all hotels in evans with good reviews,clinc,,[SL: book_hotel],train
book_hotel,which hotels in evans have good reviews,clinc,,[SL: book_hotel],train
book_hotel,get me a room in cali on november 11 to 15,clinc,,[SL: book_hotel],train
book_hotel,show me a well reviewed hotel in evans,clinc,,[SL: book_hotel],train
book_hotel,what is the best rated hotel in evans,clinc,,[SL: book_hotel],train
book_hotel,find me a place to stay in cali november 11 to 15,clinc,,[SL: book_hotel],train
book_hotel,make a reservation to stay in cali from november 11 to 15,clinc,,[SL: book_hotel],train
book_hotel,is it possible to have a place booked in salem from the 1st to the 3rd,clinc,,[SL: book_hotel],train
book_hotel,see if you can get me a room in colorado springs near garden of the gods from march 01 to march 02,clinc,,[SL: book_hotel],train
book_hotel,"i'd like you to book me a room in austin near google's headquarters from january 01, 2020 to february 02, 2020",clinc,,[SL: book_hotel],train
book_hotel,please book me a room in austin from tomorrow to the 2nd,clinc,,[SL: book_hotel],train
book_hotel,i want a hotel room for 6 from the 1st through the 3rd in seattle,clinc,,[SL: book_hotel],train
book_hotel,can you find me a decent hotel in denver,clinc,,[SL: book_hotel],train
book_hotel,"i'd like a placed booked in san diego from may 1st, 2020 to june 2nd, 2020",clinc,,[SL: book_hotel],train
book_hotel,are there any good hotels in salem,clinc,,[SL: book_hotel],train
book_hotel,what's a good hotel to stay at in chicago,clinc,,[SL: book_hotel],train
book_hotel,will you find me a place to stay in casper from march 5th to march 11th,clinc,,[SL: book_hotel],train
book_hotel,check if there's a hotel room that can receive 10 people in tampa from this friday for a week,clinc,,[SL: book_hotel],train
book_hotel,"can i get a hotel room that can accommodate 50 people in bangor from january 01, 2021 to january 30, 2021",clinc,,[SL: book_hotel],train
book_hotel,i need a hotel booked in denver near the museum from friday to saturday,clinc,,[SL: book_hotel],train
book_hotel,i want a hotel booked in salem near the concert hall from the first to the second,clinc,,[SL: book_hotel],train
book_hotel,i required a hotel room for 20 people from march 8th through march 20th in las vegas,clinc,,[SL: book_hotel],train
book_hotel,what hotels have decent reviews in bangor,clinc,,[SL: book_hotel],train
book_hotel,"is it possible to have a room booked in omaha near the convention hall for may 01, 2019 to may 05, 2019",clinc,,[SL: book_hotel],train
book_hotel,i'd like to find a hotel in tampa that people liked enough to leave good reviews about,clinc,,[SL: book_hotel],train
book_hotel,can you book me a place to stay in denver from wednesday to friday,clinc,,[SL: book_hotel],train
book_hotel,i need a hotel room that can host 5 people from tomorrow to saturday in denver,clinc,,[SL: book_hotel],train
book_hotel,please find me a hotel room for 4 people from monday to wednesday in lakewood,clinc,,[SL: book_hotel],train
book_hotel,i need a hotel room big enough for 4 people from monday to wednesday in lakewood,clinc,,[SL: book_hotel],train
book_hotel,i need a hotel room for 4 people in lakewood from monday to wednesday,clinc,,[SL: book_hotel],train
book_hotel,what hotel would you recommend in lakewood for 4 people from monday to wednesday,clinc,,[SL: book_hotel],train
book_hotel,i will be in lakewood from monday to wednesday and i need a hotel room for 4 people,clinc,,[SL: book_hotel],train
book_hotel,please help me book a place to stay in pittsburgh from monday to friday,clinc,,[SL: book_hotel],train
book_hotel,"i need a place in pittsburgh to stay from monday to friday, can you help",clinc,,[SL: book_hotel],train
book_hotel,help me find a hotel in columbus with good reviews,clinc,,[SL: book_hotel],train
book_hotel,can you find me a hotel in columbus with good reviews,clinc,,[SL: book_hotel],train
book_hotel,"please find a columbus, ohio hotel with good reviews",clinc,,[SL: book_hotel],train
book_hotel,will you help me book a place to stay from monday to friday in pittsburgh,clinc,,[SL: book_hotel],train
book_hotel,can you book me a place to stay in pittsburgh from monday to friday,clinc,,[SL: book_hotel],train
book_hotel,please book me a place in pittsburgh to stay from monday to friday,clinc,,[SL: book_hotel],train
book_hotel,"find a columbus, ohio hotel with good reviews",clinc,,[SL: book_hotel],train
book_hotel,help me find a hotel in that has good reviews in columbus,clinc,,[SL: book_hotel],train
book_hotel,do you know of any well reviewed hotels in chicago,clinc,,[SL: book_hotel],train
book_hotel,help me find a well reviewed hotel in dallas,clinc,,[SL: book_hotel],train
book_hotel,find me a hotel in kansas city with good reviews,clinc,,[SL: book_hotel],train
book_hotel,i need to find a nice hotel with solid reviews in seattle,clinc,,[SL: book_hotel],train
book_hotel,look up hotels with positive reviews in new york city,clinc,,[SL: book_hotel],train
book_hotel,"what hotels are near, ny, ny for the 9th to 11th",clinc,,[SL: book_hotel],train
book_hotel,"please book a hotel in ny, close to brooklyn, on the 25th to 30th",clinc,,[SL: book_hotel],train
book_hotel,"book a hotel in pa, harrisburg for the 10th to 15th",clinc,,[SL: book_hotel],train
book_hotel,"find and book a hotel in md, baltimore starting on the 7th to the 9th",clinc,,[SL: book_hotel],train
book_hotel,"i need to book a hotel in ny, queens arrive on 8th and leave on the 13th",clinc,,[SL: book_hotel],train
book_hotel,i need a hotel in new orleans with awesome reviews,clinc,,[SL: book_hotel],train
book_hotel,find a suitable lodging in vancouver on march 16-19,clinc,,[SL: book_hotel],train
book_hotel,help me find a good reviews hotel in la,clinc,,[SL: book_hotel],train
book_hotel,i need a hotel in new orleans from may 2 - 5 near the french quarter,clinc,,[SL: book_hotel],train
book_hotel,find a hotel with great reviews in san francisco,clinc,,[SL: book_hotel],train
book_hotel,find me a hotel in seattle with great reviews,clinc,,[SL: book_hotel],train
book_hotel,help me a great hotel in vegas for this weekend,clinc,,[SL: book_hotel],train
book_hotel,can you find me a place to stay in sacramento near the capitol on july 3-5,clinc,,[SL: book_hotel],train
book_hotel,find a hotel in san francisco for march 8 & 9,clinc,,[SL: book_hotel],train
book_hotel,i need a well-rated hotel in vegas,clinc,,[SL: book_hotel],train
book_hotel,can i book a hotel in new york city near times square from 3/1 until 3/5,clinc,,[SL: book_hotel],train
book_hotel,book me a hotel room in memphis for 3 people from 3/6 until 3/10,clinc,,[SL: book_hotel],train
book_hotel,hotel room for 5 in austin for 3/1 until 3/8,clinc,,[SL: book_hotel],train
book_hotel,i need a hotel in austin near south congress from 3/5 until 3/10,clinc,,[SL: book_hotel],train
book_hotel,book me a hotel in pittsburgh near grant street for 3/15 through 3/18,clinc,,[SL: book_hotel],train
book_hotel,"march 20th through the 22nd, please book me a hotel room in manhattan big enough for 10 people",clinc,,[SL: book_hotel],train
book_hotel,i'm going to need a hotel in tampa near ybor city for march 23rd through the 28th,clinc,,[SL: book_hotel],train
book_hotel,i'm going to need a hotel room for 8 people in tallahassee from 3/10 until 3/12,clinc,,[SL: book_hotel],train
book_hotel,could you reserve me a hotel room in philadelphia near chinatown from 3/19 through 3/22,clinc,,[SL: book_hotel],train
book_hotel,"in brooklyn, i need a hotel room for 4 from 3/15 until 3/20",clinc,,[SL: book_hotel],train
book_hotel,book me a hotel with good ratings in nashville,clinc,,[SL: book_hotel],train
calendar_update,add my dentist appointment to the calendar,clinc,,[SL: calendar_update],train
calendar_update,add a vet appointment for 5 pm on saturday,clinc,,[SL: calendar_update],train
calendar_update,i need to edit this event out of my calendar,clinc,,[SL: calendar_update],train
calendar_update,please remove an event from this calendar,clinc,,[SL: calendar_update],train
calendar_update,i no longer want this event in my calendar,clinc,,[SL: calendar_update],train
calendar_update,delete that event from calendar,clinc,,[SL: calendar_update],train
calendar_update,make sure to add to my calendar the staff meeting for march 1 at 10 am,clinc,,[SL: calendar_update],train
calendar_update,add staff meeting to my calendar for march 1 at 10:00 in the morning,clinc,,[SL: calendar_update],train
calendar_update,i want you to add staff meeting to my calendar for march 1 at 10:00 am,clinc,,[SL: calendar_update],train
calendar_update,"please add to my calendar for the staff meeting that is scheduled on march 1, 2019 at 10 am",clinc,,[SL: calendar_update],train
calendar_update,the staff meeting on march 1 at 10:00 am needs to be added to my calendar,clinc,,[SL: calendar_update],train
calendar_update,leave the date of june 4 open on my calendar,clinc,,[SL: calendar_update],train
calendar_update,i need anniversary dinner added to my schedule for march 7,clinc,,[SL: calendar_update],train
calendar_update,can you change the date of the doctor's appointment event in my calendar from april 1 to april 3rd,clinc,,[SL: calendar_update],train
calendar_update,i need a clear calendar for april 15,clinc,,[SL: calendar_update],train
calendar_update,please add final exams to my calendar for may 2,clinc,,[SL: calendar_update],train
calendar_update,add mom's birthday to my calendar on april 12,clinc,,[SL: calendar_update],train
calendar_update,please take final exams off my calendar for may 3,clinc,,[SL: calendar_update],train
calendar_update,add dentist appointment to my calendar for march 1,clinc,,[SL: calendar_update],train
calendar_update,remove the may 11 event called baby shower from my calendar,clinc,,[SL: calendar_update],train
calendar_update,clear my entire schedule for april 1,clinc,,[SL: calendar_update],train
calendar_update,take the event called surprise party off my calendar for june 2,clinc,,[SL: calendar_update],train
calendar_update,i want you to cancel the event called 'bachelorette party' on april 15,clinc,,[SL: calendar_update],train
calendar_update,please schedule an event called 'nadine's baby shower' on my calendar,clinc,,[SL: calendar_update],train
calendar_update,remove the june 12 event called sasha's wedding from my calendar,clinc,,[SL: calendar_update],train
calendar_update,clear my calendar for the date of june 23,clinc,,[SL: calendar_update],train
calendar_update,please put annie's baby shower on march 30 in my calendar,clinc,,[SL: calendar_update],train
calendar_update,make sure my calendar is clear for june 1,clinc,,[SL: calendar_update],train
calendar_update,remove anniversary dinner from my calendar on april 5,clinc,,[SL: calendar_update],train
calendar_update,please clear entries on my calendar for the 1st,clinc,,[SL: calendar_update],train
calendar_update,please add an item to my calendar that i need to clean the kitchen on thursday,clinc,,[SL: calendar_update],train
calendar_update,"i want the events on my calendar for march 20th, 2019 to be cleared",clinc,,[SL: calendar_update],train
calendar_update,remove celebrate anniversary from my calendar,clinc,,[SL: calendar_update],train
calendar_update,erase any event on my calendar that's set for wednesday of next week,clinc,,[SL: calendar_update],train
calendar_update,i want to add a doctor's visit to the calendar for friday,clinc,,[SL: calendar_update],train
calendar_update,clear my calendar for this friday,clinc,,[SL: calendar_update],train
calendar_update,delete all events on my calendar that have the word girlfriend in them,clinc,,[SL: calendar_update],train
calendar_update,go ahead and delete the doctor appointment i have scheduled for monday,clinc,,[SL: calendar_update],train
calendar_update,add my birthday to my calendar for next month on the 5th,clinc,,[SL: calendar_update],train
calendar_update,delete my golf tournament event from tomrrow,clinc,,[SL: calendar_update],train
calendar_update,put my parents anniversary on the calendar for next week on tuesday,clinc,,[SL: calendar_update],train
calendar_update,clear my calendar for tomorrow,clinc,,[SL: calendar_update],train
calendar_update,remove the recurring training meeting events off my calendar,clinc,,[SL: calendar_update],train
calendar_update,put a reminder on the calendar to buy a gun on march 1st,clinc,,[SL: calendar_update],train
calendar_update,i need to add farm trip to my calendar for friday,clinc,,[SL: calendar_update],train
calendar_update,i want to add farm trip to my calendar for friday,clinc,,[SL: calendar_update],train
calendar_update,i must add farm trip to my calendar for friday,clinc,,[SL: calendar_update],train
calendar_update,i got to remove fishing from my calendar for soccer,clinc,,[SL: calendar_update],train
calendar_update,please remove fishing from my calendar for soccer,clinc,,[SL: calendar_update],train
calendar_update,i need to remove fishing from my calendar for soccer,clinc,,[SL: calendar_update],train
calendar_update,i wanna remove fishing from my calendar for soccer,clinc,,[SL: calendar_update],train
calendar_update,i shall remove fishing from my calendar for soccer,clinc,,[SL: calendar_update],train
calendar_update,add farm trip to my calendar for friday,clinc,,[SL: calendar_update],train
calendar_update,i have to add farm trip to my calendar for friday,clinc,,[SL: calendar_update],train
calendar_update,i need to add my doctor's appointment to my calendar for the first,clinc,,[SL: calendar_update],train
calendar_update,i need to delete my doctor's appointment scheduled for march 15th from my calendar,clinc,,[SL: calendar_update],train
calendar_update,i would like to have march 5th's 5k added to my calendar,clinc,,[SL: calendar_update],train
calendar_update,add my spa appointment on the 12th to my calendar,clinc,,[SL: calendar_update],train
calendar_update,can you add remember to register for the race on my calendar for the 15th of march,clinc,,[SL: calendar_update],train
calendar_update,please add lunch and catch up with lisa on friday to my calendar,clinc,,[SL: calendar_update],train
calendar_update,please scratch my march 1st meeting off my calendar,clinc,,[SL: calendar_update],train
calendar_update,march 3rd needs to be cleared on my calendar,clinc,,[SL: calendar_update],train
calendar_update,make sure april 1 is clear on my calendar,clinc,,[SL: calendar_update],train
calendar_update,keep april 2nd wide open on my calendar please,clinc,,[SL: calendar_update],train
calendar_update,get rid of everything on my calendar for march 2nd,clinc,,[SL: calendar_update],train
calendar_update,take my lunch plans off the calendar for march 13th,clinc,,[SL: calendar_update],train
calendar_update,take my dinner plans off my calendar for tomorrow,clinc,,[SL: calendar_update],train
calendar_update,remove dinner with suzie from my calendar on march 1st,clinc,,[SL: calendar_update],train
calendar_update,can you get rid of my trip to the zoo from my calendar on march 1st,clinc,,[SL: calendar_update],train
calendar_update,remove my date with liz from my calendar on april 1st,clinc,,[SL: calendar_update],train
calendar_update,clear my calendar on march 1st,clinc,,[SL: calendar_update],train
calendar_update,write down appointment for tomorrow on my calendar,clinc,,[SL: calendar_update],train
calendar_update,put appointment on my calendar for tomorrow,clinc,,[SL: calendar_update],train
calendar_update,i need to put my appointment for tomorrow on my calendar,clinc,,[SL: calendar_update],train
calendar_update,make not of my appointment for tomorrow on my calendar,clinc,,[SL: calendar_update],train
calendar_update,remember to put down that i have an appointment for tomorrow on my calendar,clinc,,[SL: calendar_update],train
calendar_update,add my doctor appointment on march 25th at 3:00 to my calendar,clinc,,[SL: calendar_update],train
calendar_update,delete the hair appointment i had scheduled on may 1st pleae,clinc,,[SL: calendar_update],train
calendar_update,lunch with deb at noon today,clinc,,[SL: calendar_update],train
calendar_update,add jake's birthday party for friday at 5,clinc,,[SL: calendar_update],train
calendar_update,remove the birthday party this friday from my schedule,clinc,,[SL: calendar_update],train
calendar_update,remove from calendar jesse's bbq on june 9th,clinc,,[SL: calendar_update],train
calendar_update,take lunch off my calendar on the 3rd,clinc,,[SL: calendar_update],train
calendar_update,get rid of tuesday the 5ths dinner,clinc,,[SL: calendar_update],train
calendar_update,remove jake's birthday on march 22,clinc,,[SL: calendar_update],train
calendar_update,take pat's appointment off my calendar,clinc,,[SL: calendar_update],train
calendar_update,take lunch with steven off of my calendar,clinc,,[SL: calendar_update],train
calendar_update,i no longer need to go to the zoo on the 8th of this month,clinc,,[SL: calendar_update],train
calendar_update,undo the last event on my calendar,clinc,,[SL: calendar_update],train
calendar_update,"for the calendar, on february 8 add moms birthday",clinc,,[SL: calendar_update],train
calendar_update,schedule family dinner on my calendar on march 8,clinc,,[SL: calendar_update],train
calendar_update,"put ""get tires checked"" on my calendar",clinc,,[SL: calendar_update],train
calendar_update,please put taco night on the house calendar date of january 6,clinc,,[SL: calendar_update],train
calendar_update,remove meeting with carla from the calendar,clinc,,[SL: calendar_update],train
calendar_update,add meeting with carla to my schedule for july 4,clinc,,[SL: calendar_update],train
calendar_update,i need trip to the zoo on the calendar for june 4,clinc,,[SL: calendar_update],train
calendar_update,delete lunch with steve on friday please,clinc,,[SL: calendar_update],train
calendar_update,remove moms birthday from calendar,clinc,,[SL: calendar_update],train
calendar_update,i need to delete an event from my calendar,clinc,,[SL: calendar_update],train
calendar_update,i need to remove an event from my calendar,clinc,,[SL: calendar_update],train
cancel_reservation,remove my reservation at outback for timmy,clinc,,[SL: cancel_reservation],train
cancel_reservation,can you cancel the reservation for kyle's party at red lobster,clinc,,[SL: cancel_reservation],train
cancel_reservation,cancel my party reservation for brad at longhorn,clinc,,[SL: cancel_reservation],train
cancel_reservation,get rid of my reservation at chez francois for jennifer,clinc,,[SL: cancel_reservation],train
cancel_reservation,cancel the reservation at olive garden for tommy,clinc,,[SL: cancel_reservation],train
cancel_reservation,you can cancel my reservation,clinc,,[SL: cancel_reservation],train
cancel_reservation,my reservation is no longer needed,clinc,,[SL: cancel_reservation],train
cancel_reservation,tell the restaurant i cannot make it,clinc,,[SL: cancel_reservation],train
cancel_reservation,there is no need to confirm my reservation,clinc,,[SL: cancel_reservation],train
cancel_reservation,would you please cancel the reservations for dinner,clinc,,[SL: cancel_reservation],train
cancel_reservation,"hello, i need to cancel tonight's reservation for dinner",clinc,,[SL: cancel_reservation],train
cancel_reservation,i need to put in a cancellation for the dinner plans tonight,clinc,,[SL: cancel_reservation],train
cancel_reservation,"cancel the dinner reservation i made, okay",clinc,,[SL: cancel_reservation],train
cancel_reservation,i need to cancel my dinner reservation,clinc,,[SL: cancel_reservation],train
cancel_reservation,please cancel my reservation for dinner,clinc,,[SL: cancel_reservation],train
cancel_reservation,cancel my reservation for dinner,clinc,,[SL: cancel_reservation],train
cancel_reservation,my reservation for dinner needs to be canceled,clinc,,[SL: cancel_reservation],train
cancel_reservation,call the restaurant and cancel my reservation,clinc,,[SL: cancel_reservation],train
cancel_reservation,get rid of my 2 pm reservation at ruth's steakhouse,clinc,,[SL: cancel_reservation],train
cancel_reservation,can you cancelt the reservation i have for dinner,clinc,,[SL: cancel_reservation],train
cancel_reservation,please cancel my dinner reservation for tuesday,clinc,,[SL: cancel_reservation],train
cancel_reservation,can you cancel my reservation for dinner tomorrow,clinc,,[SL: cancel_reservation],train
cancel_reservation,cancel my reservation for 6 pm at sidetracks,clinc,,[SL: cancel_reservation],train
cancel_reservation,get rid of my 4 pm reservation at the steakhouse please,clinc,,[SL: cancel_reservation],train
cancel_reservation,can you cancel the reservation i have at 4 pm at ruth's,clinc,,[SL: cancel_reservation],train
cancel_reservation,cancel the reservation i made for 8 pm at black rock,clinc,,[SL: cancel_reservation],train
cancel_reservation,cancel my dinner reservation please,clinc,,[SL: cancel_reservation],train
cancel_reservation,please cancel the table i had reserved for tonight,clinc,,[SL: cancel_reservation],train
cancel_reservation,"i made a reservation for chris at tony's, please cancel it",clinc,,[SL: cancel_reservation],train
cancel_reservation,cancel tonight's dinner reservation,clinc,,[SL: cancel_reservation],train
cancel_reservation,"i don't need my reservation, can you cancel it",clinc,,[SL: cancel_reservation],train
cancel_reservation,can you cancel my dinner reservation,clinc,,[SL: cancel_reservation],train
cancel_reservation,please cancel my reservation for chris at brio,clinc,,[SL: cancel_reservation],train
cancel_reservation,please cancel my dinner reservation,clinc,,[SL: cancel_reservation],train
cancel_reservation,can you cancel my reservation tonight for chris at smith and wollensky,clinc,,[SL: cancel_reservation],train
cancel_reservation,"i don't need my reservation, cancel it",clinc,,[SL: cancel_reservation],train
cancel_reservation,can you cancel my reservation on tuesday for chris at stella maris,clinc,,[SL: cancel_reservation],train
cancel_reservation,cancel my reservation for chris at jp field's,clinc,,[SL: cancel_reservation],train
cancel_reservation,please cancel my reservation,clinc,,[SL: cancel_reservation],train
cancel_reservation,"cancel my reservation for dinner, please",clinc,,[SL: cancel_reservation],train
cancel_reservation,tell the restaurant to cancel my reservation,clinc,,[SL: cancel_reservation],train
cancel_reservation,abandon the dinner reservation i made,clinc,,[SL: cancel_reservation],train
cancel_reservation,scrap that dinner reservation,clinc,,[SL: cancel_reservation],train
cancel_reservation,call off the dinner reservation,clinc,,[SL: cancel_reservation],train
cancel_reservation,cancel my reservation for me,clinc,,[SL: cancel_reservation],train
cancel_reservation,get rid of my dinner reservation,clinc,,[SL: cancel_reservation],train
cancel_reservation,the reservation i placed is not needed anymore,clinc,,[SL: cancel_reservation],train
cancel_reservation,annul the reservation i created,clinc,,[SL: cancel_reservation],train
cancel_reservation,the reservation i created is not necessary anymore,clinc,,[SL: cancel_reservation],train
cancel_reservation,the reservation i made is not required anymore,clinc,,[SL: cancel_reservation],train
cancel_reservation,repeal the dinner reservation,clinc,,[SL: cancel_reservation],train
cancel_reservation,can i cancel my reservations,clinc,,[SL: cancel_reservation],train
cancel_reservation,i would like to cancel my reservations,clinc,,[SL: cancel_reservation],train
cancel_reservation,could i cancel my reservations,clinc,,[SL: cancel_reservation],train
cancel_reservation,can i cancel my reservations please,clinc,,[SL: cancel_reservation],train
cancel_reservation,i need to cancel my reservations,clinc,,[SL: cancel_reservation],train
cancel_reservation,can you cancel my 5:30 pm table reservation at parc,clinc,,[SL: cancel_reservation],train
cancel_reservation,i need you to cancel my reservation for smith's at 6:15,clinc,,[SL: cancel_reservation],train
cancel_reservation,cancel my 8:00 pm prime rib reservation,clinc,,[SL: cancel_reservation],train
cancel_reservation,go ahead and cancel the reservation i made for 6:00 pm at parc,clinc,,[SL: cancel_reservation],train
cancel_reservation,please cancel my 7:30 reservation for morton's,clinc,,[SL: cancel_reservation],train
cancel_reservation,is it possible to cancel the reservation at outback for the johnsons,clinc,,[SL: cancel_reservation],train
cancel_reservation,i made a reservation under mark hamil at the emporium that i don't need any more,clinc,,[SL: cancel_reservation],train
cancel_reservation,i no longer need a table for four at chili's,clinc,,[SL: cancel_reservation],train
cancel_reservation,we have a table at the taco bell under bowie we need to release,clinc,,[SL: cancel_reservation],train
cancel_reservation,i have a reservation at pizza hut under the name leia roberts and i want to cancel it,clinc,,[SL: cancel_reservation],train
cancel_reservation,can you undo the reservation,clinc,,[SL: cancel_reservation],train
cancel_reservation,i'd like to cancel the party of 7 we reserved at the olive garden,clinc,,[SL: cancel_reservation],train
cancel_reservation,i want to cancel the reservation for mercury at the ritz,clinc,,[SL: cancel_reservation],train
cancel_reservation,just trash the reservation i made please,clinc,,[SL: cancel_reservation],train
cancel_reservation,please cancel the table for two at burger king,clinc,,[SL: cancel_reservation],train
cancel_reservation,please delete the reservation for 3 people at outback,clinc,,[SL: cancel_reservation],train
cancel_reservation,go ahead and close the reservation,clinc,,[SL: cancel_reservation],train
cancel_reservation,please unreserve that table,clinc,,[SL: cancel_reservation],train
cancel_reservation,i no longer need the reservation for 20 at ihop,clinc,,[SL: cancel_reservation],train
cancel_reservation,im not going to dinner tonight,clinc,,[SL: cancel_reservation],train
cancel_reservation,im not gonna need the dinner reservation,clinc,,[SL: cancel_reservation],train
cancel_reservation,remove my dinner reservation,clinc,,[SL: cancel_reservation],train
cancel_reservation,i no longer need the dinner reservation,clinc,,[SL: cancel_reservation],train
cancel_reservation,can i cancel my reservation for 4 at red robin,clinc,,[SL: cancel_reservation],train
cancel_reservation,cancel my reservation for 4 at red robin,clinc,,[SL: cancel_reservation],train
cancel_reservation,i want to cancel my reservation for 5 at red robin,clinc,,[SL: cancel_reservation],train
cancel_reservation,could you please cancel my reservation for 5 at red robin,clinc,,[SL: cancel_reservation],train
cancel_reservation,cancel my reservation for 3 at carlos jr,clinc,,[SL: cancel_reservation],train
cancel_reservation,change my reservation with carl at umami to canceled,clinc,,[SL: cancel_reservation],train
cancel_reservation,i no longer need my reservation with carl at umami,clinc,,[SL: cancel_reservation],train
cancel_reservation,cancel my reservation with carl at umami,clinc,,[SL: cancel_reservation],train
cancel_reservation,make sure my reservation at umami with carl is canceled,clinc,,[SL: cancel_reservation],train
cancel_reservation,end my reservation with carl at umami,clinc,,[SL: cancel_reservation],train
cancel_reservation,because of circumstances i don't need my reservation anymore,clinc,,[SL: cancel_reservation],train
cancel_reservation,i won't require my reservation anymore,clinc,,[SL: cancel_reservation],train
cancel_reservation,i'll have to cancel my reservation for tonight,clinc,,[SL: cancel_reservation],train
cancel_reservation,something's come up so i need to cancel my reservation so now,clinc,,[SL: cancel_reservation],train
cancel_reservation,the reservation i have isn't needed any more,clinc,,[SL: cancel_reservation],train
cancel_reservation,the reservation at zepher cancel joe from that,clinc,,[SL: cancel_reservation],train
cancel_reservation,joe and i are to cancel the reservation at zephers now,clinc,,[SL: cancel_reservation],train
cancel_reservation,cancel my reservations for joe's at zepher right now,clinc,,[SL: cancel_reservation],train
cancel_reservation,please cancel the reservation at zephers for joe and myself right now,clinc,,[SL: cancel_reservation],train
cancel_reservation,cancel the reservation for joe and i right now for the zephers reservation we had booked,clinc,,[SL: cancel_reservation],train
cancel_reservation,cancel my 6:00 reservation at the cheesecake factory,clinc,,[SL: cancel_reservation],train
car_rental,i want to reserve a convertible from july 2nd through july 18th for los angeles,clinc,,[SL: car_rental],train
car_rental,i'd like to rent a vehicle from nov 1st to nov 15th in san antonio and i need a 15 passenger van,clinc,,[SL: car_rental],train
car_rental,"i want to rent the cheapest car for charlottesville, virginia for march 7th through 10th, that's monday, tuesday, wednesday and thursday",clinc,,[SL: car_rental],train
car_rental,i'd like to reserve a high-end car that seats 5 comfortably for april 12th through 18th for st louis missouri,clinc,,[SL: car_rental],train
car_rental,"i need a van that seats 8 or more for new york city, august 12th, 13th, and 14th",clinc,,[SL: car_rental],train
car_rental,a rental car needs to be booked in nashville,clinc,,[SL: car_rental],train
car_rental,book me a car rental in nashville,clinc,,[SL: car_rental],train
car_rental,please help me book a rental car for nashville,clinc,,[SL: car_rental],train
car_rental,i need you to get me a rental car in nashville,clinc,,[SL: car_rental],train
car_rental,"in nashville, i need a rental car booked",clinc,,[SL: car_rental],train
car_rental,where can i rent a car in boston,clinc,,[SL: car_rental],train
car_rental,i need to rent a car in boston,clinc,,[SL: car_rental],train
car_rental,i need to book a car rental in boston,clinc,,[SL: car_rental],train
car_rental,how can i rent a car in boston,clinc,,[SL: car_rental],train
car_rental,help me get a rental car for march 2 to 6th in dallas and i would prefer a bmw suv,clinc,,[SL: car_rental],train
car_rental,i want to rent a bmw suv for dallas from march 2 to 6th,clinc,,[SL: car_rental],train
car_rental,i want a bmw suv for march 2 to 6th in dallas,clinc,,[SL: car_rental],train
car_rental,"can you help me book a bmw suv for march 2 to 6th, dallas texas",clinc,,[SL: car_rental],train
car_rental,"will you help me rent a car from march 2 to 6th in dallas i want a bmw suv, if possible",clinc,,[SL: car_rental],train
car_rental,book me a car rental between january 1st to january 3rd in denver colorado and id prefer a ford,clinc,,[SL: car_rental],train
car_rental,"id like a car rental between january 1st to the 3rd in denver, id like a ford",clinc,,[SL: car_rental],train
car_rental,id like to rent a ford in denver colorado between january 1st to the 3rd,clinc,,[SL: car_rental],train
car_rental,reserve a car rental for denver colorado for a ford between january 1st through 3rd,clinc,,[SL: car_rental],train
car_rental,id like a rental car in denver colorado between january 1st and january 3rd and id like a ford if possible,clinc,,[SL: car_rental],train
car_rental,i need to find a rental car since i'm travelling to new york tomorrow,clinc,,[SL: car_rental],train
car_rental,can you give me information on how to rent a car,clinc,,[SL: car_rental],train
car_rental,i want to travel to new york and i would like to rent a car,clinc,,[SL: car_rental],train
car_rental,i will need a rental car since i'm going to travel to new york,clinc,,[SL: car_rental],train
car_rental,how do i go about renting a car,clinc,,[SL: car_rental],train
car_rental,i need to rent a car in boston for march 2 until march 4,clinc,,[SL: car_rental],train
car_rental,i want to rent a car in boston for march 2 until march 4,clinc,,[SL: car_rental],train
car_rental,i will be in boston from march 2 to march 4 can i rent a car for that time,clinc,,[SL: car_rental],train
car_rental,will car rentals be available in boston from march 2 to march 4,clinc,,[SL: car_rental],train
car_rental,will i be able to rent a car in boston from march 2 to march 4,clinc,,[SL: car_rental],train
car_rental,i need a rental car for sfo from friday to saturday,clinc,,[SL: car_rental],train
car_rental,i'll require a rental car from 3/6 - 3/19 in san jose,clinc,,[SL: car_rental],train
car_rental,find me a rental car from 2/28 - 3/1 in reno,clinc,,[SL: car_rental],train
car_rental,i'll need a rental car from 3/3 - 3/14 in vegas,clinc,,[SL: car_rental],train
car_rental,find me a rental car from 3/6 - 3/9 in port charles,clinc,,[SL: car_rental],train
car_rental,i need a car rental for the first and fifth in denver and i'd like a subaru,clinc,,[SL: car_rental],train
car_rental,are there any reputable car rental places in seattle,clinc,,[SL: car_rental],train
car_rental,what car rental choices are there in calgary,clinc,,[SL: car_rental],train
car_rental,is it possible to get a ford in austin from may the 5th to may the 7th of this year,clinc,,[SL: car_rental],train
car_rental,i'd like to find a place that rents flashy sports cars in tampa,clinc,,[SL: car_rental],train
car_rental,can i rent a car in belgium from march 01 to march 02 and have it be a porsche,clinc,,[SL: car_rental],train
car_rental,"i'd like to rent a limo in las vegas from may 01, 2019 to may 03, 2019",clinc,,[SL: car_rental],train
car_rental,contact avis and see if they have cars available,clinc,,[SL: car_rental],train
car_rental,can i get a jeep to rent in bangor from the first of the month to a week after the first,clinc,,[SL: car_rental],train
car_rental,is there a car rental available from tuesday to thursday out of lax,clinc,,[SL: car_rental],train
car_rental,are you able to help with booking a car rental in seattle,clinc,,[SL: car_rental],train
car_rental,could i rent a car from tuesday to thursday out of lax,clinc,,[SL: car_rental],train
car_rental,can a car be rented from tuesday to thursday out of lax,clinc,,[SL: car_rental],train
car_rental,can i get assistance with booking a seattle car rental,clinc,,[SL: car_rental],train
car_rental,can i rent a car out of lax from tuesday to thursday,clinc,,[SL: car_rental],train
car_rental,is a car rental available out of lax from tuesday to thursday,clinc,,[SL: car_rental],train
car_rental,can you help me book a car rental in seattle,clinc,,[SL: car_rental],train
car_rental,could you help with booking a car rental for me in seattle,clinc,,[SL: car_rental],train
car_rental,can you help me with seattle car rental bookings,clinc,,[SL: car_rental],train
car_rental,i want to rent a car in boise from april 12-15,clinc,,[SL: car_rental],train
car_rental,is it possible for me to rent a car out of jfk airport from march 15-20,clinc,,[SL: car_rental],train
car_rental,i need to rent a car in chicago but don't know how,clinc,,[SL: car_rental],train
car_rental,will you help me reserve a rental car for my trip to dallas,clinc,,[SL: car_rental],train
car_rental,find out if i can rent a car in los angeles from march 2-9,clinc,,[SL: car_rental],train
car_rental,help me secure a car rental out of reagan international airport from march 22-30,clinc,,[SL: car_rental],train
car_rental,will you please assist me with renting a car in boise,clinc,,[SL: car_rental],train
car_rental,i would like some help getting a rental car reserved in los angeles,clinc,,[SL: car_rental],train
car_rental,could i rent a car out of dallas from april 1-10,clinc,,[SL: car_rental],train
car_rental,i need help booking a car rental in seattle,clinc,,[SL: car_rental],train
car_rental,show me how to rent a car in las vegas,clinc,,[SL: car_rental],train
car_rental,please help me book a rental car in appleton,clinc,,[SL: car_rental],train
car_rental,can you show me how to book a car rental in manitowoc,clinc,,[SL: car_rental],train
car_rental,help me book a rental car in green bay,clinc,,[SL: car_rental],train
car_rental,help me to book a car rental in sacremento,clinc,,[SL: car_rental],train
car_rental,where can i rent a car soon,clinc,,[SL: car_rental],train
car_rental,are there any places nearby i can rent a car at,clinc,,[SL: car_rental],train
car_rental,"can you see if i can rent a car from dallas on the dates of march 1, 2019 to march 3, 2019",clinc,,[SL: car_rental],train
car_rental,please look up if i can rent a car in houston from march 25 to march 29,clinc,,[SL: car_rental],train
car_rental,could i rent a car in seattle from next monday to thursday please,clinc,,[SL: car_rental],train
car_rental,i'd like to rent an automobile in pittsburgh from this tuesday until next thursday can i do that,clinc,,[SL: car_rental],train
car_rental,is it possible to rent a car from new york on 3/2/19 to 3/5/19,clinc,,[SL: car_rental],train
car_rental,i need a rental car,clinc,,[SL: car_rental],train
car_rental,assist me in getting a car rental,clinc,,[SL: car_rental],train
car_rental,help me get a rental car,clinc,,[SL: car_rental],train
car_rental,i will need a rental car for travel,clinc,,[SL: car_rental],train
car_rental,can you help me with a rental car,clinc,,[SL: car_rental],train
car_rental,make sure i can rent one car out of chicago from january 2 to january 5,clinc,,[SL: car_rental],train
car_rental,is it possible to rent a car from laguardia from tuesday to friday,clinc,,[SL: car_rental],train
car_rental,are car rentals available out of new york from march 2 to march 3,clinc,,[SL: car_rental],train
car_rental,what places in chicago will allow me to rent a car from monday to friday,clinc,,[SL: car_rental],train
car_rental,i need to do a car rental,clinc,,[SL: car_rental],train
car_rental,please check if i can do a car rental from charlotte douglas airport from monday to wednesday,clinc,,[SL: car_rental],train
car_rental,rent me a car in aiken on may 12 to may 16,clinc,,[SL: car_rental],train
car_rental,book me a rental car in aiken on may 12 to may 16,clinc,,[SL: car_rental],train
car_rental,"in aiken, get me a rental for may 12 to may 16",clinc,,[SL: car_rental],train
car_rental,"i will be in aiken on may 12 to may 16, i need to rent a car",clinc,,[SL: car_rental],train
car_rental,on may 12 to may 16 can i get a car from aiken,clinc,,[SL: car_rental],train
car_rental,can you help me booked a car in london,clinc,,[SL: car_rental],train
car_rental,please book a car for me in bangkok,clinc,,[SL: car_rental],train
car_rental,please book a car for me in ho chi minh,clinc,,[SL: car_rental],train
car_rental,can you help me book a car rental in paris,clinc,,[SL: car_rental],train
confirm_reservation,verify that i have reservations at chilis for john doe,clinc,,[SL: confirm_reservation],train
confirm_reservation,can you check my reservations for mortons under david winters,clinc,,[SL: confirm_reservation],train
confirm_reservation,can you check for reservations at wongs chinese for john acer,clinc,,[SL: confirm_reservation],train
confirm_reservation,check and confirm reservations at ruth chris for carol lee,clinc,,[SL: confirm_reservation],train
confirm_reservation,verify that my reservations at won wons for joe lee are good,clinc,,[SL: confirm_reservation],train
confirm_reservation,check on my reservation for umami at 6pm,clinc,,[SL: confirm_reservation],train
confirm_reservation,"confirm a reservation for nicole brown at diangelo's at 6:45 pm, please",clinc,,[SL: confirm_reservation],train
confirm_reservation,i need you to confirm that there is a reservation under the name david kramer for 7:00 pm at pietro's,clinc,,[SL: confirm_reservation],train
confirm_reservation,"i would like to confirm my 7:30 pm reservation at morton's steakhouse, under michael james",clinc,,[SL: confirm_reservation],train
confirm_reservation,can you please confirm that i have a 6:00 pm table reserved under michelle solomon at devon's,clinc,,[SL: confirm_reservation],train
confirm_reservation,"please confirm my reservation at parc for 8:00 pm, with the name denise jack",clinc,,[SL: confirm_reservation],train
confirm_reservation,please confirm my reservation for thursday at 10am,clinc,,[SL: confirm_reservation],train
confirm_reservation,does it show me as having a reservation for tomorrow at 5,clinc,,[SL: confirm_reservation],train
confirm_reservation,can you confirm my reservation for 6 at the outback,clinc,,[SL: confirm_reservation],train
confirm_reservation,can you check that i have a reservation on february 28th for 3 in the afternoon,clinc,,[SL: confirm_reservation],train
confirm_reservation,i want to make sure my reservation for 5 at mcdonalds is still set,clinc,,[SL: confirm_reservation],train
confirm_reservation,i want to verify my reservation for the 18th at 1pm,clinc,,[SL: confirm_reservation],train
confirm_reservation,"do i have a reservation for may 1st, 2019 at 4 pm",clinc,,[SL: confirm_reservation],train
confirm_reservation,can you verify that i have a reservation at o'reilly's for 9,clinc,,[SL: confirm_reservation],train
confirm_reservation,can you assure me i have a table at taco bell at 7pm,clinc,,[SL: confirm_reservation],train
confirm_reservation,is my 10am village inn reservation valid,clinc,,[SL: confirm_reservation],train
confirm_reservation,please confirm my reservation for morton's at 5 pm,clinc,,[SL: confirm_reservation],train
confirm_reservation,do i have reservations at o'neal's at 3 pm,clinc,,[SL: confirm_reservation],train
confirm_reservation,is my reservation confirmed for lu shi at 7 pm,clinc,,[SL: confirm_reservation],train
confirm_reservation,confirm my reservation at dino's at 6 pm,clinc,,[SL: confirm_reservation],train
confirm_reservation,please tell me if my reservation is scheduled for sally's at 3 pm,clinc,,[SL: confirm_reservation],train
confirm_reservation,check to see if i have reservations at prado at 6 pm,clinc,,[SL: confirm_reservation],train
confirm_reservation,tell me if i have reservations at the back abbey at 6 pm,clinc,,[SL: confirm_reservation],train
confirm_reservation,do you know if my reservation for dono is confirmed at 8 pm,clinc,,[SL: confirm_reservation],train
confirm_reservation,do i have reservations at creme at 7 pm,clinc,,[SL: confirm_reservation],train
confirm_reservation,i need to know if i have reservations at arufflo at 5 pm,clinc,,[SL: confirm_reservation],train
confirm_reservation,i really need you to confirm my reservation for kevin at red robin,clinc,,[SL: confirm_reservation],train
confirm_reservation,can you confirm my reservation for kevin at red robin,clinc,,[SL: confirm_reservation],train
confirm_reservation,i wanna confirm my reservation for 2/20 at 8 pm,clinc,,[SL: confirm_reservation],train
confirm_reservation,i'd like to confirm my reservation for 2/20 at 8 pm,clinc,,[SL: confirm_reservation],train
confirm_reservation,i would like for you to confirm my reservation for red robin at 5 pm,clinc,,[SL: confirm_reservation],train
confirm_reservation,i must confirm my reservation for 2/20 at 8 pm,clinc,,[SL: confirm_reservation],train
confirm_reservation,i really want to confirm that i have a reservation at red robin for josh,clinc,,[SL: confirm_reservation],train
confirm_reservation,i need you to confirm my reservation for kevin at red robin,clinc,,[SL: confirm_reservation],train
confirm_reservation,will you confirm my reservation for red robin at 10,clinc,,[SL: confirm_reservation],train
confirm_reservation,i wanna try and confirm that i have a reservation at red robin for josh,clinc,,[SL: confirm_reservation],train
confirm_reservation,i need to confirm that i have a reservation at red robin for josh,clinc,,[SL: confirm_reservation],train
confirm_reservation,please confirm my reservation for red robin at 9,clinc,,[SL: confirm_reservation],train
confirm_reservation,i wish to confirm that i have a reservation at red robin for josh,clinc,,[SL: confirm_reservation],train
confirm_reservation,i need to confirm my reservation for 2/20 at 8 pm,clinc,,[SL: confirm_reservation],train
confirm_reservation,go ahead and confirm my reservation for kevin at red robin,clinc,,[SL: confirm_reservation],train
confirm_reservation,please confirm my reservation for 2/20 at 8 pm,clinc,,[SL: confirm_reservation],train
confirm_reservation,confirm my reservation for red robin at 8,clinc,,[SL: confirm_reservation],train
confirm_reservation,i need you to confirm my reservation for outback steakhouse at 6,clinc,,[SL: confirm_reservation],train
confirm_reservation,please confirm my reservation for kevin at red robin,clinc,,[SL: confirm_reservation],train
confirm_reservation,i'd like to confirm that i have a reservation at red robin for josh,clinc,,[SL: confirm_reservation],train
confirm_reservation,will you make sure robert has a reservation at ruth's steakhouse,clinc,,[SL: confirm_reservation],train
confirm_reservation,do i still have the reservation on march 21 at 8pm,clinc,,[SL: confirm_reservation],train
confirm_reservation,can you check that there's a reservation for mark at sidetracks,clinc,,[SL: confirm_reservation],train
confirm_reservation,will you check there is a reservation for laura at black pearl,clinc,,[SL: confirm_reservation],train
confirm_reservation,i need to make sure there is a reservation for george at connor oneil's,clinc,,[SL: confirm_reservation],train
confirm_reservation,can you confirm my reservation for 6 pm on the 13th of february,clinc,,[SL: confirm_reservation],train
confirm_reservation,can you confirm i have a reservation at 5 pm on march 13th,clinc,,[SL: confirm_reservation],train
confirm_reservation,can you confirm my reservation for 8 pm on the 7th of november,clinc,,[SL: confirm_reservation],train
confirm_reservation,please confirm i have a reservation for 2 pm on february 21st,clinc,,[SL: confirm_reservation],train
confirm_reservation,can you verify mike has a reservation at black rock at 6 pm,clinc,,[SL: confirm_reservation],train
confirm_reservation,i want my reservation for march 1 at 8 pm confirmed,clinc,,[SL: confirm_reservation],train
confirm_reservation,will you please confirm my reservation for march 11 at 6:30 pm,clinc,,[SL: confirm_reservation],train
confirm_reservation,i would like you to confirm my reservation for next saturday at 11 am,clinc,,[SL: confirm_reservation],train
confirm_reservation,i need you to confirm my reservation for tomorrow at 3 pm,clinc,,[SL: confirm_reservation],train
confirm_reservation,check to confirm my reservation for february 22 at noon,clinc,,[SL: confirm_reservation],train
confirm_reservation,i would like to try and confirm that i have a reservation at houlihan’s for mike,clinc,,[SL: confirm_reservation],train
confirm_reservation,i would like to try and confirm that i have a reservation at the seven dwarves for peter,clinc,,[SL: confirm_reservation],train
confirm_reservation,i would like to try and confirm that i have a reservation at hu hot for paulie,clinc,,[SL: confirm_reservation],train
confirm_reservation,i would like to try and confirm that i have a reservation at macaroni grill for saul,clinc,,[SL: confirm_reservation],train
confirm_reservation,i would like to try and confirm that i have a reservation at chili’s for melinda,clinc,,[SL: confirm_reservation],train
confirm_reservation,i would like to try and confirm that i have a reservation at macaroni grill for silva,clinc,,[SL: confirm_reservation],train
confirm_reservation,i would like to try and confirm that i have a reservation at kelly's for moreno,clinc,,[SL: confirm_reservation],train
confirm_reservation,i would like to try and confirm that i have a reservation at la palapa for bolding,clinc,,[SL: confirm_reservation],train
confirm_reservation,i would like to try and confirm that i have a reservation at gusteau's for krystine,clinc,,[SL: confirm_reservation],train
confirm_reservation,i would like to try and confirm that i have a reservation at chili's for jamie,clinc,,[SL: confirm_reservation],train
confirm_reservation,can you confirm my reservation for jim at lawry's,clinc,,[SL: confirm_reservation],train
confirm_reservation,can you confirm my reservation for dave at outback steakhouse,clinc,,[SL: confirm_reservation],train
confirm_reservation,can you confirm my reservation for lance at morton's,clinc,,[SL: confirm_reservation],train
confirm_reservation,can you confirm my reservation for steve at olive garden,clinc,,[SL: confirm_reservation],train
confirm_reservation,can you confirm my reservation for jaime at red lobster,clinc,,[SL: confirm_reservation],train
confirm_reservation,i'd like for you to make sure my reservation is there for charlie's under jack,clinc,,[SL: confirm_reservation],train
confirm_reservation,can you check and see i have a reservation under alex for bon apetite,clinc,,[SL: confirm_reservation],train
confirm_reservation,can you verify my reservation under steve for friendly's,clinc,,[SL: confirm_reservation],train
confirm_reservation,make sure my reservation is happening for john at olive garden,clinc,,[SL: confirm_reservation],train
confirm_reservation,double check my reservation under adam for outback steakhouse,clinc,,[SL: confirm_reservation],train
confirm_reservation,please confirm my reservation for april 1st at 9am,clinc,,[SL: confirm_reservation],train
confirm_reservation,please confirm my reservation for march 8th at 12:00,clinc,,[SL: confirm_reservation],train
confirm_reservation,can you confirm my reservation for donnobys at 5:00,clinc,,[SL: confirm_reservation],train
confirm_reservation,can you confirm my reservation for minnis at 4:00,clinc,,[SL: confirm_reservation],train
confirm_reservation,please confirm my reservation for may 9th at 4pm,clinc,,[SL: confirm_reservation],train
confirm_reservation,please confirm my reservation for march 1st at 2pm,clinc,,[SL: confirm_reservation],train
confirm_reservation,can you confirm my reservation for torris at 7:00,clinc,,[SL: confirm_reservation],train
confirm_reservation,can you confirm my reservation for applebees at 2:00,clinc,,[SL: confirm_reservation],train
confirm_reservation,can you confirm my reservation for chillis at 8:00,clinc,,[SL: confirm_reservation],train
confirm_reservation,please confirm my reservation for feburary 21st at 6pm,clinc,,[SL: confirm_reservation],train
confirm_reservation,confirm my taco house reservation for jean,clinc,,[SL: confirm_reservation],train
confirm_reservation,can you you confirm my reservation for jean at taco house,clinc,,[SL: confirm_reservation],train
confirm_reservation,does taco house have a reservation for jean,clinc,,[SL: confirm_reservation],train
confirm_reservation,i would like to check my reservation for jean at taco house,clinc,,[SL: confirm_reservation],train
cook_time,how long will the turkey take to cook,clinc,,[SL: cook_time],train
cook_time,so how long do you think the chicken will take,clinc,,[SL: cook_time],train
cook_time,how long does pizza take to cook,clinc,,[SL: cook_time],train
cook_time,how long is the chicken gonna take,clinc,,[SL: cook_time],train
cook_time,how long will the chicken take to cook,clinc,,[SL: cook_time],train
cook_time,how long does it take to cook roast beef,clinc,,[SL: cook_time],train
cook_time,how long does it take to boil an egg,clinc,,[SL: cook_time],train
cook_time,how long does it take to bake a pork loin,clinc,,[SL: cook_time],train
cook_time,how long does it take to make roast chicken,clinc,,[SL: cook_time],train
cook_time,how long does it take to cook a pork chop,clinc,,[SL: cook_time],train
cook_time,how much time do i need to make the chicken,clinc,,[SL: cook_time],train
cook_time,what's the prep and cooking time on pizza dough,clinc,,[SL: cook_time],train
cook_time,how long does it take to make lasagna,clinc,,[SL: cook_time],train
cook_time,how long will it take to make the wings,clinc,,[SL: cook_time],train
cook_time,what's the cooking time for the cake,clinc,,[SL: cook_time],train
cook_time,the steak must go under the broiler for how long,clinc,,[SL: cook_time],train
cook_time,how long do i put the casserole in,clinc,,[SL: cook_time],train
cook_time,if i cook the pizza at 400 degrees how long must it be in for,clinc,,[SL: cook_time],train
cook_time,how long do you need to put the cuish in for,clinc,,[SL: cook_time],train
cook_time,the sauce must simmer then go in the oven but for how long,clinc,,[SL: cook_time],train
cook_time,i need the cooking length for a turkey,clinc,,[SL: cook_time],train
cook_time,how many minutes do i cook baked ziti,clinc,,[SL: cook_time],train
cook_time,how long does it take to cook ham,clinc,,[SL: cook_time],train
cook_time,i need to know how long to do a pot roast in a slow cooker,clinc,,[SL: cook_time],train
cook_time,how long does a roast take,clinc,,[SL: cook_time],train
cook_time,how long is it acceptable to carmelize onions,clinc,,[SL: cook_time],train
cook_time,when should i take an apple pie out,clinc,,[SL: cook_time],train
cook_time,how long do you cook a salmon,clinc,,[SL: cook_time],train
cook_time,how much time does it take to boil an egg,clinc,,[SL: cook_time],train
cook_time,what is the duration of time cookies should be in the oven,clinc,,[SL: cook_time],train
cook_time,about how long should you cook lasagna,clinc,,[SL: cook_time],train
cook_time,what is the prep time for a 10 lb turkey,clinc,,[SL: cook_time],train
cook_time,how many minutes to melt cheese,clinc,,[SL: cook_time],train
cook_time,how long to reheat chinese food,clinc,,[SL: cook_time],train
cook_time,how long do you cook pasta for,clinc,,[SL: cook_time],train
cook_time,about how long should you cook a 10 pound turkey,clinc,,[SL: cook_time],train
cook_time,how long does it take to prepare pot roast,clinc,,[SL: cook_time],train
cook_time,how long to microwave a pizza,clinc,,[SL: cook_time],train
cook_time,how long should i cook a glazed ham,clinc,,[SL: cook_time],train
cook_time,how long should i cook a spiral ham,clinc,,[SL: cook_time],train
cook_time,how long do the brownies have to cook,clinc,,[SL: cook_time],train
cook_time,how long to i bake the brownies,clinc,,[SL: cook_time],train
cook_time,how long should i bake the brownies for,clinc,,[SL: cook_time],train
cook_time,for how long should i bake the brownies,clinc,,[SL: cook_time],train
cook_time,how long do the brownies need to be in the oven,clinc,,[SL: cook_time],train
cook_time,how long does this dish need to be in the oven,clinc,,[SL: cook_time],train
cook_time,for how long does this need to cook,clinc,,[SL: cook_time],train
cook_time,what do i set the timer for if i'm making gyoza,clinc,,[SL: cook_time],train
cook_time,what should i put on the timer to cook this dish,clinc,,[SL: cook_time],train
cook_time,how long do i cook this dish of rice,clinc,,[SL: cook_time],train
cook_time,how long should a cake bake,clinc,,[SL: cook_time],train
cook_time,how long to microwave a frozen dinner,clinc,,[SL: cook_time],train
cook_time,what's the preparation time for spaghetti,clinc,,[SL: cook_time],train
cook_time,how long should this be in the oven,clinc,,[SL: cook_time],train
cook_time,how long to cook a frozen pizza,clinc,,[SL: cook_time],train
cook_time,"i want to bake brownies, how long do they bake for",clinc,,[SL: cook_time],train
cook_time,how long do you bake a cake,clinc,,[SL: cook_time],train
cook_time,how long does it take to make shrimp scampi,clinc,,[SL: cook_time],train
cook_time,how long to cook steak for,clinc,,[SL: cook_time],train
cook_time,how long do you cook a hamburger for,clinc,,[SL: cook_time],train
cook_time,how long should i expect beef stroganoff to prepare,clinc,,[SL: cook_time],train
cook_time,how long do i cook steak,clinc,,[SL: cook_time],train
cook_time,what's the cooking time for chicken alfredo,clinc,,[SL: cook_time],train
cook_time,how long does it take pork to cook,clinc,,[SL: cook_time],train
cook_time,how much time do i need to prepare chicken,clinc,,[SL: cook_time],train
cook_time,noodles need to cook for how long,clinc,,[SL: cook_time],train
cook_time,how long should i boil noodles for,clinc,,[SL: cook_time],train
cook_time,how long do noodles need to cook,clinc,,[SL: cook_time],train
cook_time,what time should i cook noodles for,clinc,,[SL: cook_time],train
cook_time,how long do i need to make lasagne,clinc,,[SL: cook_time],train
cook_time,how long will it take me to make baked chicken,clinc,,[SL: cook_time],train
cook_time,how long will it take to fix shepherd's pie,clinc,,[SL: cook_time],train
cook_time,how long do cheeseburgers take to make,clinc,,[SL: cook_time],train
cook_time,how long should i cook the ham for,clinc,,[SL: cook_time],train
cook_time,how long should i cook the eggs for,clinc,,[SL: cook_time],train
cook_time,how long should i cook the asparagus for,clinc,,[SL: cook_time],train
cook_time,how long should i cook the pasta for,clinc,,[SL: cook_time],train
cook_time,how long should i cook the steak for,clinc,,[SL: cook_time],train
cook_time,what is the necessary amount of time required to prepare pot roast,clinc,,[SL: cook_time],train
cook_time,how long am i supposed to cook pork loin,clinc,,[SL: cook_time],train
cook_time,how long must i cook spaghetti for,clinc,,[SL: cook_time],train
cook_time,tell me how long i will need to spend preparing a meat loaf dish,clinc,,[SL: cook_time],train
cook_time,i need to know the preparation time required for fried chicken,clinc,,[SL: cook_time],train
cook_time,how long should i spend preparing roast beef,clinc,,[SL: cook_time],train
cook_time,what amount of time do i need to cook lobster for,clinc,,[SL: cook_time],train
cook_time,what is the proper time to cook steak for,clinc,,[SL: cook_time],train
cook_time,how long should i cook chicken,clinc,,[SL: cook_time],train
cook_time,tell me how long i ought to spend preparing fajitas,clinc,,[SL: cook_time],train
cook_time,how long should i cook chicken thighs,clinc,,[SL: cook_time],train
cook_time,how long should i cook a ny steak,clinc,,[SL: cook_time],train
cook_time,how long do i cook pork,clinc,,[SL: cook_time],train
cook_time,how long do i cook the chicken roast,clinc,,[SL: cook_time],train
cook_time,how long do i cook chicken breast,clinc,,[SL: cook_time],train
cook_time,what's the time it takes to make a decent omelette,clinc,,[SL: cook_time],train
cook_time,how long should i fry an egg for,clinc,,[SL: cook_time],train
cook_time,what's the prep time for a garden salad,clinc,,[SL: cook_time],train
cook_time,what's the usual time for tuna casserole,clinc,,[SL: cook_time],train
cook_time,how long do you need to bake chicken for it to be safe to eat,clinc,,[SL: cook_time],train
cook_time,how long should i cook a steak for,clinc,,[SL: cook_time],train
cook_time,how long should i wait before i can bake bread with homemade dough,clinc,,[SL: cook_time],train
exchange_rate,how many pesos can i get for one dollar,clinc,,[SL: exchange_rate],train
exchange_rate,what is the current going rate for exchanging dollars for pesos,clinc,,[SL: exchange_rate],train
exchange_rate,tell me the exchange rate between dollars and pesos,clinc,,[SL: exchange_rate],train
exchange_rate,let me know what the exchange rate between dollars and pesos is,clinc,,[SL: exchange_rate],train
exchange_rate,what's the exchange rate between dollars and pesos,clinc,,[SL: exchange_rate],train
exchange_rate,whats dollars won in 15,clinc,,[SL: exchange_rate],train
exchange_rate,what's dollars yen in 10,clinc,,[SL: exchange_rate],train
exchange_rate,whats pesos australian dollars in 20,clinc,,[SL: exchange_rate],train
exchange_rate,whats rupees dollars in 30,clinc,,[SL: exchange_rate],train
exchange_rate,whats euros kroner in 25,clinc,,[SL: exchange_rate],train
exchange_rate,how many lira can i get for 250 dollars,clinc,,[SL: exchange_rate],train
exchange_rate,what is the exchange rate in pesos for 100 dollars,clinc,,[SL: exchange_rate],train
exchange_rate,how many dollars can i exchange for 25 euros,clinc,,[SL: exchange_rate],train
exchange_rate,how many dollars can i exchange for 75 euros,clinc,,[SL: exchange_rate],train
exchange_rate,what is the equal number of dollars i can exchange for 50 pesos,clinc,,[SL: exchange_rate],train
exchange_rate,tell me the exchange rate between rubles and dollars,clinc,,[SL: exchange_rate],train
exchange_rate,i wanna know five dollars in yen and rubles,clinc,,[SL: exchange_rate],train
exchange_rate,what's the currency conversion between rubles and yen,clinc,,[SL: exchange_rate],train
exchange_rate,how many dollars can i exchange for 10 yen,clinc,,[SL: exchange_rate],train
exchange_rate,i wanna know the exchange rate between yen and dollars,clinc,,[SL: exchange_rate],train
exchange_rate,how many dollars can i exchange for 10000 rubles,clinc,,[SL: exchange_rate],train
exchange_rate,what is 5 in yen and rubles,clinc,,[SL: exchange_rate],train
exchange_rate,how many dollars can i exchange for 5000 rubles,clinc,,[SL: exchange_rate],train
exchange_rate,i need to know five dollars in yen and rubles,clinc,,[SL: exchange_rate],train
exchange_rate,how many dollars can i exchange for 10000 yen,clinc,,[SL: exchange_rate],train
exchange_rate,i gotta know the exchange rate between yen and rubles,clinc,,[SL: exchange_rate],train
exchange_rate,what's the currency conversion between rubles and dollars,clinc,,[SL: exchange_rate],train
exchange_rate,what's the currency conversion between usd and yen,clinc,,[SL: exchange_rate],train
exchange_rate,what's the currency conversion between usd and pounds,clinc,,[SL: exchange_rate],train
exchange_rate,i would love to know the exchange rate between rubles and pounds,clinc,,[SL: exchange_rate],train
exchange_rate,tell me five dollars in yen and rubles,clinc,,[SL: exchange_rate],train
exchange_rate,i must know five dollars in yen and rubles,clinc,,[SL: exchange_rate],train
exchange_rate,let me know the exchange rate between dollars and rubles,clinc,,[SL: exchange_rate],train
exchange_rate,how many dollars can i exchange for 100000 yen,clinc,,[SL: exchange_rate],train
exchange_rate,what's the currency conversion between rubles and pounds,clinc,,[SL: exchange_rate],train
exchange_rate,what is the exchange rate between usd and british pounds,clinc,,[SL: exchange_rate],train
exchange_rate,usd to yen is what right now,clinc,,[SL: exchange_rate],train
exchange_rate,what is the exchange rate between british pounds and yen,clinc,,[SL: exchange_rate],train
exchange_rate,usd to the euro exchanges at what right now,clinc,,[SL: exchange_rate],train
exchange_rate,what is the exchange rate between usd and the euro,clinc,,[SL: exchange_rate],train
exchange_rate,how much can i expect to receive if i trade in 6 yens,clinc,,[SL: exchange_rate],train
exchange_rate,what is the amount of dollars i get if i trade in 6 yens,clinc,,[SL: exchange_rate],train
exchange_rate,what is the maximum dollars i can get for 6 yens,clinc,,[SL: exchange_rate],train
exchange_rate,what is the quantity of dollars i receive for trading 6 yens,clinc,,[SL: exchange_rate],train
exchange_rate,how much dollars do i receive if i trade in 6 yens,clinc,,[SL: exchange_rate],train
exchange_rate,how many pesos in one dollar us,clinc,,[SL: exchange_rate],train
exchange_rate,how much is twenty pounds sterling in us dollars,clinc,,[SL: exchange_rate],train
exchange_rate,what is the the exchange rate for us dollars to euros,clinc,,[SL: exchange_rate],train
exchange_rate,can you tell me the exchange rate for yen to euros,clinc,,[SL: exchange_rate],train
exchange_rate,what is the exchange rate from pounds sterling to us dollars,clinc,,[SL: exchange_rate],train
exchange_rate,how many pesos equals 500 dollars,clinc,,[SL: exchange_rate],train
exchange_rate,tell me how many pesos equal 500 dollars,clinc,,[SL: exchange_rate],train
exchange_rate,what is the conversion for 500 dollars to pesos,clinc,,[SL: exchange_rate],train
exchange_rate,how much is 500 dollars in pesos,clinc,,[SL: exchange_rate],train
exchange_rate,500 dollars equals what in pesos,clinc,,[SL: exchange_rate],train
exchange_rate,how does 10 pounds convert to euros,clinc,,[SL: exchange_rate],train
exchange_rate,how many canadian dollars can i get for 5 us dollars,clinc,,[SL: exchange_rate],train
exchange_rate,how many euros can i exchange for 5 us dollars,clinc,,[SL: exchange_rate],train
exchange_rate,what is the exchange to yen if i have 100 us dollars,clinc,,[SL: exchange_rate],train
exchange_rate,how many us dollars can i get for 20 euros,clinc,,[SL: exchange_rate],train
exchange_rate,can you tell me today's rate for cad to usd,clinc,,[SL: exchange_rate],train
exchange_rate,how much cad can i get with my one usd,clinc,,[SL: exchange_rate],train
exchange_rate,is the dollar strong against the yen today,clinc,,[SL: exchange_rate],train
exchange_rate,tell me the exchange rate of dollars to yen,clinc,,[SL: exchange_rate],train
exchange_rate,what is one dollar worth in mexico,clinc,,[SL: exchange_rate],train
exchange_rate,i need to know the conversion for dollars to pesos,clinc,,[SL: exchange_rate],train
exchange_rate,can you tell me dollars to franks,clinc,,[SL: exchange_rate],train
exchange_rate,i would like to know the usd to aud conversion rate,clinc,,[SL: exchange_rate],train
exchange_rate,i need to know the dollar to peso conversion,clinc,,[SL: exchange_rate],train
exchange_rate,us dollars to uk,clinc,,[SL: exchange_rate],train
exchange_rate,exchange rate between mexico and us,clinc,,[SL: exchange_rate],train
exchange_rate,how many dollars is one mexican peso,clinc,,[SL: exchange_rate],train
exchange_rate,dollar to pesos exchange rate,clinc,,[SL: exchange_rate],train
exchange_rate,exchange rate to go from dollar to yen,clinc,,[SL: exchange_rate],train
exchange_rate,us and mexico exchange rate,clinc,,[SL: exchange_rate],train
exchange_rate,what is 2 francs in euros,clinc,,[SL: exchange_rate],train
exchange_rate,what's 10 pounds in dollars,clinc,,[SL: exchange_rate],train
exchange_rate,what is 56 dollars in yen,clinc,,[SL: exchange_rate],train
exchange_rate,what's 11 yen in pounds,clinc,,[SL: exchange_rate],train
exchange_rate,what's 10 euros in dollars,clinc,,[SL: exchange_rate],train
exchange_rate,how many swedish kroner do i get for a dollar,clinc,,[SL: exchange_rate],train
exchange_rate,how much is 10 us dollars in canadian dollars,clinc,,[SL: exchange_rate],train
exchange_rate,what is 50 dollars in euros,clinc,,[SL: exchange_rate],train
exchange_rate,what is the exchange rate for canadian dollars to us dollars,clinc,,[SL: exchange_rate],train
exchange_rate,what is the current exchange rate for the dollar and the yen,clinc,,[SL: exchange_rate],train
exchange_rate,"if i have 10 us dollars, how many pounds sterling is that",clinc,,[SL: exchange_rate],train
exchange_rate,"if i have 20,000 yen, how much is that in usd",clinc,,[SL: exchange_rate],train
exchange_rate,what's 50 euro in dollars,clinc,,[SL: exchange_rate],train
exchange_rate,how much is the euro in dollars,clinc,,[SL: exchange_rate],train
exchange_rate,what is the current exchange rate of yen to lira,clinc,,[SL: exchange_rate],train
exchange_rate,convert krugerrands to saudi riyal,clinc,,[SL: exchange_rate],train
exchange_rate,tell me the currency conversion rate from kurus to euros,clinc,,[SL: exchange_rate],train
exchange_rate,i need the exchange rate between pounds and us dollars,clinc,,[SL: exchange_rate],train
exchange_rate,what is the exchange rate between rubles and us dollars,clinc,,[SL: exchange_rate],train
exchange_rate,how many dollars can i exchange for 200 pounds,clinc,,[SL: exchange_rate],train
exchange_rate,how many euros can i exchange for 200 yen,clinc,,[SL: exchange_rate],train
exchange_rate,how many canadian dollars can i exchange for 200 yen,clinc,,[SL: exchange_rate],train
exchange_rate,how many dollars can i exchange for 200 yen,clinc,,[SL: exchange_rate],train
exchange_rate,how many dollars can i exchange for 200 euros,clinc,,[SL: exchange_rate],train
exchange_rate,what is the yen worth in terms of the peso,clinc,,[SL: exchange_rate],train
food_last,jello should stay in the fridge for how long,clinc,,[SL: food_last],train
food_last,when will my milk be no good,clinc,,[SL: food_last],train
food_last,when will my eggs go bad,clinc,,[SL: food_last],train
food_last,how long will my eggs be good for,clinc,,[SL: food_last],train
food_last,what date does my apple juice expire,clinc,,[SL: food_last],train
food_last,how long until my cereal is ruined,clinc,,[SL: food_last],train
food_last,what's the max time i can leave a green pepper in the fridge,clinc,,[SL: food_last],train
food_last,what's the time frame for hamburger stored in the freezer to go bad,clinc,,[SL: food_last],train
food_last,how long can i keep deer meat in the freezer before it's unedible,clinc,,[SL: food_last],train
food_last,has the leftover hamburger from last saturday gone bad,clinc,,[SL: food_last],train
food_last,is there a limit to how long you can store bread in the freezer,clinc,,[SL: food_last],train
food_last,"i've had eggs in the fridge since monday, are they still safe",clinc,,[SL: food_last],train
food_last,how long can you keep chicken in the freeze before it goes bad,clinc,,[SL: food_last],train
food_last,is the tofu i put in the fridge tuesday still edible today,clinc,,[SL: food_last],train
food_last,how long does cottage cheese keep in the fridge,clinc,,[SL: food_last],train
food_last,what's the shelf life of guacamole in the fridge,clinc,,[SL: food_last],train
food_last,how long does it take for dough in the freezer to go off,clinc,,[SL: food_last],train
food_last,will i get sick if i eat the tuna salad from friday,clinc,,[SL: food_last],train
food_last,i put some leftover stew in the fridge and want to know how long it'll last,clinc,,[SL: food_last],train
food_last,how long can i leave tuna casserole in the fridge,clinc,,[SL: food_last],train
food_last,is it still safe to consume the cake she backed last thursday,clinc,,[SL: food_last],train
food_last,can i safely eat chicken that i've had in my fridge since monday,clinc,,[SL: food_last],train
food_last,can i eat chicken if it's been in the fridge since monday,clinc,,[SL: food_last],train
food_last,is it safe to eat chicken that has been in the fridge since monday,clinc,,[SL: food_last],train
food_last,will the chicken have gone bad if it's been in the fridge since monday,clinc,,[SL: food_last],train
food_last,is it okay to eat chicken that i put in the fridge on monday,clinc,,[SL: food_last],train
food_last,how soon until the milk expires,clinc,,[SL: food_last],train
food_last,the milk will expire when,clinc,,[SL: food_last],train
food_last,tell me when the milk will expire,clinc,,[SL: food_last],train
food_last,what is the expiration date of the milk,clinc,,[SL: food_last],train
food_last,will it be all right for me to drink milk i've had in the fridge since tuesday,clinc,,[SL: food_last],train
food_last,what is the shelf life for beef in the freezer,clinc,,[SL: food_last],train
food_last,can i eat the eggs i've had in the fridge since 2/21,clinc,,[SL: food_last],train
food_last,how long can i keep a ham in the freezer,clinc,,[SL: food_last],train
food_last,how long will chicken last in the freezer,clinc,,[SL: food_last],train
food_last,can i drink milk i've kept in the fridge since wednesday,clinc,,[SL: food_last],train
food_last,how long will steaks last in the freezer,clinc,,[SL: food_last],train
food_last,what's the shelf life for eggs in the fridge,clinc,,[SL: food_last],train
food_last,how long can i store eggs in the fridge,clinc,,[SL: food_last],train
food_last,will it be okay for me to eat my leftover turkey from monday that's been in my fridge,clinc,,[SL: food_last],train
food_last,how long can i keep fish in the freezer before it gets ruined,clinc,,[SL: food_last],train
food_last,how long will my milk be good in the fridge,clinc,,[SL: food_last],train
food_last,how long will eggs last in the fridge,clinc,,[SL: food_last],train
food_last,i've had eggs in the fridge since monday are they safe eat,clinc,,[SL: food_last],train
food_last,"is the meatloaf still good to eat, i've had it in the refrigerator since last monday",clinc,,[SL: food_last],train
food_last,apples expire in how long,clinc,,[SL: food_last],train
food_last,cut cucumbers can stay in the fridge for how long before spoiling,clinc,,[SL: food_last],train
food_last,ribs can stay in the fridge for how long before they turn,clinc,,[SL: food_last],train
food_last,when do ribs expire,clinc,,[SL: food_last],train
food_last,bananas expire in how long,clinc,,[SL: food_last],train
food_last,how long does it take tomatoes to expire,clinc,,[SL: food_last],train
food_last,how long can i keep avocados in the fridge before they go bad,clinc,,[SL: food_last],train
food_last,how long can i keep macaroni in the fridge before it spoils,clinc,,[SL: food_last],train
food_last,oranges expire in how long,clinc,,[SL: food_last],train
food_last,cut carrots can stay in the fridge for how long before going bad,clinc,,[SL: food_last],train
food_last,i wanna know how long can i keep pizza in the freezer for before it goes bad,clinc,,[SL: food_last],train
food_last,how long can i keep pizza in the freezer for before it goes bad,clinc,,[SL: food_last],train
food_last,"it seems to be that i have had pizza in the fridge since monday, so is it safe to eat",clinc,,[SL: food_last],train
food_last,how long can pizza be in the fridge,clinc,,[SL: food_last],train
food_last,so how long can pizza last in the fridge,clinc,,[SL: food_last],train
food_last,"it turns out i have had pizza in the fridge since monday, so is it safe to eat",clinc,,[SL: food_last],train
food_last,i got to know how long can i keep pizza in the freezer for before it goes bad,clinc,,[SL: food_last],train
food_last,"so it seems i have had pizza in the fridge since monday, so is it safe to eat",clinc,,[SL: food_last],train
food_last,how long can i leave pizza in the fridge,clinc,,[SL: food_last],train
food_last,tell me how long can i keep pizza in the freezer for before it goes bad,clinc,,[SL: food_last],train
food_last,how long can i have pizza in the fridge,clinc,,[SL: food_last],train
food_last,"i have had pizza in the fridge since monday, so is it safe to eat",clinc,,[SL: food_last],train
food_last,"so i have had pizza in the fridge since monday, so is it safe to eat",clinc,,[SL: food_last],train
food_last,i need to know how long can i keep pizza in the freezer for before it goes bad,clinc,,[SL: food_last],train
food_last,how long can i put pizza in the fridge,clinc,,[SL: food_last],train
food_last,what is the length of time i can leave pork in the fridge,clinc,,[SL: food_last],train
food_last,how long until pork spoils in the fridge,clinc,,[SL: food_last],train
food_last,how long is pork good in the fridge,clinc,,[SL: food_last],train
food_last,is there a time limit on leaving pork in the fridge,clinc,,[SL: food_last],train
food_last,when does pork go bad in the fridge,clinc,,[SL: food_last],train
food_last,when does milk expire,clinc,,[SL: food_last],train
food_last,how long does it take frozen steaks to go bad,clinc,,[SL: food_last],train
food_last,how long does bread last in the freezer,clinc,,[SL: food_last],train
food_last,how long does bread last,clinc,,[SL: food_last],train
food_last,how long can i expect chicken breast to be good for before expiration,clinc,,[SL: food_last],train
food_last,how long will eggs keep in the freezer,clinc,,[SL: food_last],train
food_last,how long do i have before frozen chicken will go bad,clinc,,[SL: food_last],train
food_last,how long are eggs good for,clinc,,[SL: food_last],train
food_last,how long can i expect to keep steak in the freezer,clinc,,[SL: food_last],train
food_last,what's the expiration for steak,clinc,,[SL: food_last],train
food_last,is it ok to eat alfredo that's been in the fridge since last sunday,clinc,,[SL: food_last],train
food_last,my chinese food has sat in the fridge since friday but can i still eat it,clinc,,[SL: food_last],train
food_last,how long is it safe to leave a burger in the refrigerator,clinc,,[SL: food_last],train
food_last,what is the fridge life of spahghetti,clinc,,[SL: food_last],train
food_last,check if it is ok to eat cheese that has been in the refrigerator since last tuesday,clinc,,[SL: food_last],train
food_last,give me the length of time that i can leave milk in my fridge,clinc,,[SL: food_last],train
food_last,how long is it safe to leave shrimp in the fridge,clinc,,[SL: food_last],train
food_last,"i have had pasta in the fridge since monday, can is till consume it",clinc,,[SL: food_last],train
food_last,am i good to eat this burger from the fridge that i got two mondays ago,clinc,,[SL: food_last],train
food_last,when will lettuce in the fridge go bad,clinc,,[SL: food_last],train
food_last,"i've got some chips from monday, will they still be ok to eat",clinc,,[SL: food_last],train
food_last,"i have potatoes in the cupboard from wednesday, are they fine",clinc,,[SL: food_last],train
food_last,"i have tomatoes from tuesday, do you think those are still good",clinc,,[SL: food_last],train
food_last,"i've had these burger patties in the freezer since saturday, are they still fine to cook",clinc,,[SL: food_last],train
food_last,if i have garlic from sunday is it still fine to use,clinc,,[SL: food_last],train
freeze_account,can you block my chase account right away please,clinc,,[SL: freeze_account],train
freeze_account,i want my chase account blocked immediately,clinc,,[SL: freeze_account],train
freeze_account,i need you to block my chase account immediately,clinc,,[SL: freeze_account],train
freeze_account,can you put a block on my chase account right away,clinc,,[SL: freeze_account],train
freeze_account,please block my chase account right away,clinc,,[SL: freeze_account],train
freeze_account,what do i do to freeze my account,clinc,,[SL: freeze_account],train
freeze_account,place a hold on my bank account,clinc,,[SL: freeze_account],train
freeze_account,how can i stop transactions on my account,clinc,,[SL: freeze_account],train
freeze_account,freeze my account immediately,clinc,,[SL: freeze_account],train
freeze_account,block my monkey market right now,clinc,,[SL: freeze_account],train
freeze_account,put a stop on my deposit account,clinc,,[SL: freeze_account],train
freeze_account,stop any future processing on my savings account,clinc,,[SL: freeze_account],train
freeze_account,put a hault on my savings account,clinc,,[SL: freeze_account],train
freeze_account,"could you put a stop on my bank account, please",clinc,,[SL: freeze_account],train
freeze_account,can you put a stop on my bank account now,clinc,,[SL: freeze_account],train
freeze_account,"can you put a stop on my bank account, please",clinc,,[SL: freeze_account],train
freeze_account,could you freeze my account,clinc,,[SL: freeze_account],train
freeze_account,"could you freeze my account, please",clinc,,[SL: freeze_account],train
freeze_account,can you put a stop on my bank account,clinc,,[SL: freeze_account],train
freeze_account,"can you freeze my account, please",clinc,,[SL: freeze_account],train
freeze_account,could you freeze my account now,clinc,,[SL: freeze_account],train
freeze_account,can you freeze my account,clinc,,[SL: freeze_account],train
freeze_account,could you put a stop on my bank account,clinc,,[SL: freeze_account],train
freeze_account,do you mind putting a stop on my bank account,clinc,,[SL: freeze_account],train
freeze_account,i would like you to put a stop on my bank account,clinc,,[SL: freeze_account],train
freeze_account,please turn my account to frozen,clinc,,[SL: freeze_account],train
freeze_account,please make my account a frozen one,clinc,,[SL: freeze_account],train
freeze_account,please make sure my account is frozen,clinc,,[SL: freeze_account],train
freeze_account,is it too much trouble to put a stop on my bank account,clinc,,[SL: freeze_account],train
freeze_account,i would love it if you could put a stop on my bank account,clinc,,[SL: freeze_account],train
freeze_account,i would appreciate it if you put a stop on my bank account,clinc,,[SL: freeze_account],train
freeze_account,please set my account as frozen,clinc,,[SL: freeze_account],train
freeze_account,please freeze my account,clinc,,[SL: freeze_account],train
freeze_account,i need my account frozen,clinc,,[SL: freeze_account],train
freeze_account,i'd like my account frozen,clinc,,[SL: freeze_account],train
freeze_account,i would like my account frozen,clinc,,[SL: freeze_account],train
freeze_account,i want my account frozen,clinc,,[SL: freeze_account],train
freeze_account,i really want my account frozen,clinc,,[SL: freeze_account],train
freeze_account,no payments on my bank account,clinc,,[SL: freeze_account],train
freeze_account,turn off my bank account,clinc,,[SL: freeze_account],train
freeze_account,stop all payments to my bank account,clinc,,[SL: freeze_account],train
freeze_account,shut down my account,clinc,,[SL: freeze_account],train
freeze_account,close out my account,clinc,,[SL: freeze_account],train
freeze_account,turn off my account,clinc,,[SL: freeze_account],train
freeze_account,i need to hold off on my account,clinc,,[SL: freeze_account],train
freeze_account,plase hold my account for now,clinc,,[SL: freeze_account],train
freeze_account,terminate the account,clinc,,[SL: freeze_account],train
freeze_account,i am going to need a block put on my chase account right away,clinc,,[SL: freeze_account],train
freeze_account,would you please put a block on my chase account right away,clinc,,[SL: freeze_account],train
freeze_account,i would like a block put on my chase account asap,clinc,,[SL: freeze_account],train
freeze_account,can you please put a block on my chase account quickly,clinc,,[SL: freeze_account],train
freeze_account,i need a block put on my chase account right away,clinc,,[SL: freeze_account],train
freeze_account,i need to put a freeze on my banking account,clinc,,[SL: freeze_account],train
freeze_account,put a freeze on my bank account,clinc,,[SL: freeze_account],train
freeze_account,freeze my bank account,clinc,,[SL: freeze_account],train
freeze_account,can i freeze my bank account,clinc,,[SL: freeze_account],train
freeze_account,i want you to immediatly block any further activity on my bb&t bank account,clinc,,[SL: freeze_account],train
freeze_account,block my citibank account right away,clinc,,[SL: freeze_account],train
freeze_account,add a block to my capital one bank account so it cannot be used any more,clinc,,[SL: freeze_account],train
freeze_account,please immediatly block my presidential bank account right now,clinc,,[SL: freeze_account],train
freeze_account,put a block on my amalgamated bank account right now,clinc,,[SL: freeze_account],train
freeze_account,please put a stop on my back account,clinc,,[SL: freeze_account],train
freeze_account,please put a block on my td ameritrade account now,clinc,,[SL: freeze_account],train
freeze_account,i'd like a stop placed on my bank account,clinc,,[SL: freeze_account],train
freeze_account,place a block on my capital one account right now,clinc,,[SL: freeze_account],train
freeze_account,i'd like a block on my charles schwab account immediately,clinc,,[SL: freeze_account],train
freeze_account,"i need you to place a stop on my bank account, thank you",clinc,,[SL: freeze_account],train
freeze_account,place a stop on my bank account,clinc,,[SL: freeze_account],train
freeze_account,i need you to freeze my account,clinc,,[SL: freeze_account],train
freeze_account,i need you to block my mutualone account now,clinc,,[SL: freeze_account],train
freeze_account,"help me freeze my bank account, please",clinc,,[SL: freeze_account],train
freeze_account,i'd like to put a freeze on my bank account,clinc,,[SL: freeze_account],train
freeze_account,block my chase account asap,clinc,,[SL: freeze_account],train
freeze_account,can you please freeze my bank account,clinc,,[SL: freeze_account],train
freeze_account,can you please put a stop on my bank account,clinc,,[SL: freeze_account],train
freeze_account,pause my account,clinc,,[SL: freeze_account],train
freeze_account,put a hold on my bank account,clinc,,[SL: freeze_account],train
freeze_account,please do a stop on my bank account,clinc,,[SL: freeze_account],train
freeze_account,stop payments from my bank,clinc,,[SL: freeze_account],train
freeze_account,put a hold on my account,clinc,,[SL: freeze_account],train
freeze_account,stop my account activity,clinc,,[SL: freeze_account],train
freeze_account,please pause my banking actions,clinc,,[SL: freeze_account],train
freeze_account,dont allow any action on my account,clinc,,[SL: freeze_account],train
freeze_account,don't let payments go through using my bank account,clinc,,[SL: freeze_account],train
freeze_account,please freeze my bank account,clinc,,[SL: freeze_account],train
freeze_account,i want my bank account frozen,clinc,,[SL: freeze_account],train
freeze_account,my bank account must be frozen,clinc,,[SL: freeze_account],train
freeze_account,please ask the bank to freeze my account,clinc,,[SL: freeze_account],train
freeze_account,i need to freeze my bank account,clinc,,[SL: freeze_account],train
freeze_account,put a block on my chase account right away,clinc,,[SL: freeze_account],train
freeze_account,put a hold on my chase account right away please,clinc,,[SL: freeze_account],train
freeze_account,freeze my account,clinc,,[SL: freeze_account],train
freeze_account,place a stop on my main account for me please,clinc,,[SL: freeze_account],train
freeze_account,please put a block on my wells fargo account,clinc,,[SL: freeze_account],train
freeze_account,put a hold on my bank account please,clinc,,[SL: freeze_account],train
freeze_account,put a hold on my bank of america account right away please,clinc,,[SL: freeze_account],train
freeze_account,can you notify the bank to put a stop on my account,clinc,,[SL: freeze_account],train
freeze_account,can you put a stop on my account,clinc,,[SL: freeze_account],train
freeze_account,i need a stop placed on my bank account please,clinc,,[SL: freeze_account],train
freeze_account,can you put a block on my visa account right away,clinc,,[SL: freeze_account],train
ingredients_list,what do you put in chicken noodle casserole,clinc,,[SL: ingredients_list],train
ingredients_list,what goes into chicken noodle casserole,clinc,,[SL: ingredients_list],train
ingredients_list,what do i need to make chicken noodle casserole,clinc,,[SL: ingredients_list],train
ingredients_list,how do you make chicken noodle casserole,clinc,,[SL: ingredients_list],train
ingredients_list,chicken noodle casserole is made from what,clinc,,[SL: ingredients_list],train
ingredients_list,tell me what ingredients i will need to make this meal,clinc,,[SL: ingredients_list],train
ingredients_list,what are the ingredients of spaghetti,clinc,,[SL: ingredients_list],train
ingredients_list,what ingredients are present in marshmallows,clinc,,[SL: ingredients_list],train
ingredients_list,tell me the ingredients in pizza,clinc,,[SL: ingredients_list],train
ingredients_list,what ingredients are found in hunan chicken,clinc,,[SL: ingredients_list],train
ingredients_list,i need to know the ingredients in a hamburger,clinc,,[SL: ingredients_list],train
ingredients_list,show me the ingredients that i need for ceviche,clinc,,[SL: ingredients_list],train
ingredients_list,do you have a list of ingredients that i'll need for blondies,clinc,,[SL: ingredients_list],train
ingredients_list,give me a list of ingredients needed for pizza dough,clinc,,[SL: ingredients_list],train
ingredients_list,tell me what ingredients i need for carne asada,clinc,,[SL: ingredients_list],train
ingredients_list,what ingredients are required for chicken noodle soup,clinc,,[SL: ingredients_list],train
ingredients_list,what ingredients are in salsa,clinc,,[SL: ingredients_list],train
ingredients_list,what ingredients are in cheese cake,clinc,,[SL: ingredients_list],train
ingredients_list,what ingredients are in sugar cookies,clinc,,[SL: ingredients_list],train
ingredients_list,what ingredients are in spinach dip,clinc,,[SL: ingredients_list],train
ingredients_list,what ingredients are in coffee cakes,clinc,,[SL: ingredients_list],train
ingredients_list,what ingredients do i need to make egg salad,clinc,,[SL: ingredients_list],train
ingredients_list,what would i need if i wanted to make chicken marsala,clinc,,[SL: ingredients_list],train
ingredients_list,what ingredients are in antipasto salad,clinc,,[SL: ingredients_list],train
ingredients_list,what do i need to make chicken salad,clinc,,[SL: ingredients_list],train
ingredients_list,what kind of stuff is in potato salad,clinc,,[SL: ingredients_list],train
ingredients_list,ingredients needed to make a mexican lasagna,clinc,,[SL: ingredients_list],train
ingredients_list,what are all of the ingredients for brownies from scratch,clinc,,[SL: ingredients_list],train
ingredients_list,how can i make my own doughnuts/what ingredients,clinc,,[SL: ingredients_list],train
ingredients_list,what stuff would i need to make tortellini,clinc,,[SL: ingredients_list],train
ingredients_list,what do i need to make a cake,clinc,,[SL: ingredients_list],train
ingredients_list,what all is in gumbo,clinc,,[SL: ingredients_list],train
ingredients_list,what ingredients do i need for gumbo,clinc,,[SL: ingredients_list],train
ingredients_list,which ingredients does gumbo have,clinc,,[SL: ingredients_list],train
ingredients_list,what are the ingredients in gumbo,clinc,,[SL: ingredients_list],train
ingredients_list,what is gumbo made of,clinc,,[SL: ingredients_list],train
ingredients_list,what ingredients do i need to bake a cake,clinc,,[SL: ingredients_list],train
ingredients_list,i want to cook a quick breakfast what ingredients do i need,clinc,,[SL: ingredients_list],train
ingredients_list,what ingredients are needed for shrimp cocktail,clinc,,[SL: ingredients_list],train
ingredients_list,i’m making spaghetti what ingredients do i need,clinc,,[SL: ingredients_list],train
ingredients_list,i want to make a meat stew what ingredients do i need,clinc,,[SL: ingredients_list],train
ingredients_list,what goes in broccoli cheddar soup,clinc,,[SL: ingredients_list],train
ingredients_list,show me the recipe for broccoli cheddar soup,clinc,,[SL: ingredients_list],train
ingredients_list,please list ingredients for broccoli cheddar soup,clinc,,[SL: ingredients_list],train
ingredients_list,what ingredients do i need to make broccoli cheddar soup,clinc,,[SL: ingredients_list],train
ingredients_list,"i am making broccoli cheddar soup, what ingredients do i need",clinc,,[SL: ingredients_list],train
ingredients_list,what ingredients do i need for philly cheesesteaks,clinc,,[SL: ingredients_list],train
ingredients_list,what do i need to cook chicken soup,clinc,,[SL: ingredients_list],train
ingredients_list,what do i need to get to make lasagne,clinc,,[SL: ingredients_list],train
ingredients_list,what should i buy to make burritos tonight,clinc,,[SL: ingredients_list],train
ingredients_list,what ingredients do i need for tacos,clinc,,[SL: ingredients_list],train
ingredients_list,what are the ingredients to make shepherd's pie,clinc,,[SL: ingredients_list],train
ingredients_list,what do i need to buy to make a spaghetti,clinc,,[SL: ingredients_list],train
ingredients_list,what do i need to make spaghetti,clinc,,[SL: ingredients_list],train
ingredients_list,what is the ingredient list for an omelette,clinc,,[SL: ingredients_list],train
ingredients_list,what do i need if i want to make lasagna,clinc,,[SL: ingredients_list],train
ingredients_list,what do i need to make a cajun chili,clinc,,[SL: ingredients_list],train
ingredients_list,what goes into a strawberry smoothie,clinc,,[SL: ingredients_list],train
ingredients_list,what should i grab to make a german chocolate cake,clinc,,[SL: ingredients_list],train
ingredients_list,what do you put in chili,clinc,,[SL: ingredients_list],train
ingredients_list,what do you need to make pancakes,clinc,,[SL: ingredients_list],train
ingredients_list,what stuff do you dump in an omelette,clinc,,[SL: ingredients_list],train
ingredients_list,what do you use when you make a chef's salad,clinc,,[SL: ingredients_list],train
ingredients_list,what do you purchase to put in a shepherd's pie,clinc,,[SL: ingredients_list],train
ingredients_list,what do you put in a tibetan omelette,clinc,,[SL: ingredients_list],train
ingredients_list,what do you mix to make a chocolate cake,clinc,,[SL: ingredients_list],train
ingredients_list,what does subway use to make a cold cut combo,clinc,,[SL: ingredients_list],train
ingredients_list,what do you need to make general tsao's chicken,clinc,,[SL: ingredients_list],train
ingredients_list,what do you put in avocado dip,clinc,,[SL: ingredients_list],train
ingredients_list,what ingredients are in sushi,clinc,,[SL: ingredients_list],train
ingredients_list,what does it take to make buttermilk pancakes,clinc,,[SL: ingredients_list],train
ingredients_list,what do i need to buy to make pierogi,clinc,,[SL: ingredients_list],train
ingredients_list,what do i need to get to put into homemade tortillas,clinc,,[SL: ingredients_list],train
ingredients_list,what food items do you put in english breakfast,clinc,,[SL: ingredients_list],train
ingredients_list,what foods do i buy to put into a korean dinner,clinc,,[SL: ingredients_list],train
ingredients_list,what do you need to make dandelion wine properly,clinc,,[SL: ingredients_list],train
ingredients_list,what ingredients are in cake,clinc,,[SL: ingredients_list],train
ingredients_list,what ingredients are in tortillas,clinc,,[SL: ingredients_list],train
ingredients_list,what ingredients are in mashed potatoes,clinc,,[SL: ingredients_list],train
ingredients_list,what ingredients are in dough,clinc,,[SL: ingredients_list],train
ingredients_list,what ingredients are in chips,clinc,,[SL: ingredients_list],train
ingredients_list,the ingredients in pizza are what,clinc,,[SL: ingredients_list],train
ingredients_list,list the ingredients in pizza,clinc,,[SL: ingredients_list],train
ingredients_list,which ingredients are in pizza,clinc,,[SL: ingredients_list],train
ingredients_list,pizza has which ingredients,clinc,,[SL: ingredients_list],train
ingredients_list,the ingredients in pizza are which ones,clinc,,[SL: ingredients_list],train
ingredients_list,what ingredients do i need to make salmon salad,clinc,,[SL: ingredients_list],train
ingredients_list,what ingredients go in spaghetti,clinc,,[SL: ingredients_list],train
ingredients_list,what ingredients do i need to make pizza,clinc,,[SL: ingredients_list],train
ingredients_list,what ingredients do i need to make pancakes,clinc,,[SL: ingredients_list],train
ingredients_list,what ingredients do i need to make potato skins,clinc,,[SL: ingredients_list],train
ingredients_list,what ingredients go in mashed potato,clinc,,[SL: ingredients_list],train
ingredients_list,what ingredients go in potato skins,clinc,,[SL: ingredients_list],train
ingredients_list,what ingredients do i need to make spaghetti,clinc,,[SL: ingredients_list],train
ingredients_list,what ingredients go in a milky way,clinc,,[SL: ingredients_list],train
ingredients_list,what ingredients go in pizza,clinc,,[SL: ingredients_list],train
ingredients_list,what ingredients are necessary for a steak,clinc,,[SL: ingredients_list],train
ingredients_list,"in making an omelette, what ingredients do i need",clinc,,[SL: ingredients_list],train
ingredients_list,"in terms of making scrambled eggs, what ingredients do i need",clinc,,[SL: ingredients_list],train
ingredients_list,what ingredients do i need for chicken breast,clinc,,[SL: ingredients_list],train
interest_rate,i want to know my interest rate,clinc,,[SL: interest_rate],train
interest_rate,tell me my interest rate,clinc,,[SL: interest_rate],train
interest_rate,what interest rate am i paying,clinc,,[SL: interest_rate],train
interest_rate,my interest rate please,clinc,,[SL: interest_rate],train
interest_rate,how do i know the interest rate for my signature account,clinc,,[SL: interest_rate],train
interest_rate,how can i figure out my interest rate for my umpqua account,clinc,,[SL: interest_rate],train
interest_rate,how can i find my interest rate for my alliance account,clinc,,[SL: interest_rate],train
interest_rate,how can i figure out the interest rate for my columbia account,clinc,,[SL: interest_rate],train
interest_rate,how can i find the interest rate for my red river account,clinc,,[SL: interest_rate],train
interest_rate,what is the rate of interest on my savings account,clinc,,[SL: interest_rate],train
interest_rate,how much interest am i getting on my savings,clinc,,[SL: interest_rate],train
interest_rate,check the interest rate on my savings account,clinc,,[SL: interest_rate],train
interest_rate,tell me my current savings account's interest rate,clinc,,[SL: interest_rate],train
interest_rate,what's the interest rate on my savings,clinc,,[SL: interest_rate],train
interest_rate,what is my interest rate payment,clinc,,[SL: interest_rate],train
interest_rate,how do i figure out my intetest rate,clinc,,[SL: interest_rate],train
interest_rate,how to calculate my interest rate,clinc,,[SL: interest_rate],train
interest_rate,what is my intetest rate,clinc,,[SL: interest_rate],train
interest_rate,i must find the interest rate for my checking account,clinc,,[SL: interest_rate],train
interest_rate,i gotta find the interest rate for my checking account,clinc,,[SL: interest_rate],train
interest_rate,i would love to know the interest rate on my bank of america cd account,clinc,,[SL: interest_rate],train
interest_rate,i need to know the interest rate on my bank of america cd account,clinc,,[SL: interest_rate],train
interest_rate,what is the interest rate on my bank of america cd account,clinc,,[SL: interest_rate],train
interest_rate,i have to find the interest rate for my checking account,clinc,,[SL: interest_rate],train
interest_rate,i must know the interest rate on my bank of america cd account,clinc,,[SL: interest_rate],train
interest_rate,i really need to find the interest rate for my checking account,clinc,,[SL: interest_rate],train
interest_rate,i need to find the interest rate for my checking account,clinc,,[SL: interest_rate],train
interest_rate,i wanna know the interest rate on my bank of america cd account,clinc,,[SL: interest_rate],train
interest_rate,what is the interest rate i am receiving from the start of the year,clinc,,[SL: interest_rate],train
interest_rate,what's the interest rate i have from illinois national,clinc,,[SL: interest_rate],train
interest_rate,can you tell me what my interest rate from first federal is,clinc,,[SL: interest_rate],train
interest_rate,"x has given me an interest rate, what is it",clinc,,[SL: interest_rate],train
interest_rate,what's my interest rate from january,clinc,,[SL: interest_rate],train
interest_rate,i need the interest rate on my capital one account,clinc,,[SL: interest_rate],train
interest_rate,could you help me find the interest on my chase account,clinc,,[SL: interest_rate],train
interest_rate,i need help finding the apr on my aspire loan,clinc,,[SL: interest_rate],train
interest_rate,"hi, can you tell me the interest on my ira",clinc,,[SL: interest_rate],train
interest_rate,can you help me find the interest rate for my sba account,clinc,,[SL: interest_rate],train
interest_rate,where do i go to view the interest rate on my brighton account,clinc,,[SL: interest_rate],train
interest_rate,what do i need to do to look up my 1st republic account's interest rate,clinc,,[SL: interest_rate],train
interest_rate,tell me how to locate the interest rate for my jonah account,clinc,,[SL: interest_rate],train
interest_rate,what is the interest rate on my scotiabank account,clinc,,[SL: interest_rate],train
interest_rate,please tell me what i can expect my bank of america interest rate to be,clinc,,[SL: interest_rate],train
interest_rate,"if i'm using citibank, what is the interest rate",clinc,,[SL: interest_rate],train
interest_rate,what is the interest rate at chase,clinc,,[SL: interest_rate],train
interest_rate,what would the interest rate at wells fargo be,clinc,,[SL: interest_rate],train
interest_rate,i would like to know my chase interest rate,clinc,,[SL: interest_rate],train
interest_rate,what is my current interest rate,clinc,,[SL: interest_rate],train
interest_rate,what is my annual percentage rate,clinc,,[SL: interest_rate],train
interest_rate,do you know what the interest rate is on my account,clinc,,[SL: interest_rate],train
interest_rate,how percentage am i earning annually on my account,clinc,,[SL: interest_rate],train
interest_rate,what interest rate will i get from city national,clinc,,[SL: interest_rate],train
interest_rate,what interest rate will regions give me,clinc,,[SL: interest_rate],train
interest_rate,what is the best interest rate i can get from now on,clinc,,[SL: interest_rate],train
interest_rate,what is the interest rate i can get from the beginning of next year,clinc,,[SL: interest_rate],train
interest_rate,is there any info on my savings interest rate online,clinc,,[SL: interest_rate],train
interest_rate,is my savings interest rate too high,clinc,,[SL: interest_rate],train
interest_rate,i need to know my interest rate,clinc,,[SL: interest_rate],train
interest_rate,can i find out my checking interest rate online,clinc,,[SL: interest_rate],train
interest_rate,is my savings interest rate too low,clinc,,[SL: interest_rate],train
interest_rate,what is my interest rate for chase bank,clinc,,[SL: interest_rate],train
interest_rate,how are the interest rates at chase bank,clinc,,[SL: interest_rate],train
interest_rate,what is my credit card interest rate,clinc,,[SL: interest_rate],train
interest_rate,i want to know td banks interest rates,clinc,,[SL: interest_rate],train
interest_rate,how's my interest rate,clinc,,[SL: interest_rate],train
interest_rate,does my checking interest rate seem low,clinc,,[SL: interest_rate],train
interest_rate,what's the interest rate for my checking account,clinc,,[SL: interest_rate],train
interest_rate,what's td bank's interest rate,clinc,,[SL: interest_rate],train
interest_rate,can you tell me my current interest rate,clinc,,[SL: interest_rate],train
interest_rate,let me know what my interest rate is,clinc,,[SL: interest_rate],train
interest_rate,could you tell me my interest rate,clinc,,[SL: interest_rate],train
interest_rate,"what's my current interest rate, if you could look",clinc,,[SL: interest_rate],train
interest_rate,what's my interest rate,clinc,,[SL: interest_rate],train
interest_rate,what interest rate am i getting,clinc,,[SL: interest_rate],train
interest_rate,could you find my interest rate for me,clinc,,[SL: interest_rate],train
interest_rate,what interest rate am i getting from onewest bank,clinc,,[SL: interest_rate],train
interest_rate,what interest rate am i getting from citigroup,clinc,,[SL: interest_rate],train
interest_rate,what interest rate am i getting from chase,clinc,,[SL: interest_rate],train
interest_rate,will you tell me the interest rate,clinc,,[SL: interest_rate],train
interest_rate,can you tell me the interest rate,clinc,,[SL: interest_rate],train
interest_rate,will you tell me my interest rate,clinc,,[SL: interest_rate],train
interest_rate,would you tell me the interest rate,clinc,,[SL: interest_rate],train
interest_rate,how much is the interest rate for the account i have at bluebird,clinc,,[SL: interest_rate],train
interest_rate,how do i know what interest rate chase has,clinc,,[SL: interest_rate],train
interest_rate,let me know my ally interest rate,clinc,,[SL: interest_rate],train
interest_rate,on my chase bank account what is the interest rate,clinc,,[SL: interest_rate],train
interest_rate,i need to know my b of a interest rate,clinc,,[SL: interest_rate],train
interest_rate,can you tell me my interest rate,clinc,,[SL: interest_rate],train
interest_rate,find my interest rate,clinc,,[SL: interest_rate],train
interest_rate,what is my interest rate,clinc,,[SL: interest_rate],train
interest_rate,help me determine my interest rate,clinc,,[SL: interest_rate],train
interest_rate,what is the interest rate on my charles schwab checking account,clinc,,[SL: interest_rate],train
interest_rate,what is the interest rate on my chase slate credit card,clinc,,[SL: interest_rate],train
interest_rate,what is the interest rate on my barclay card arrival credit card,clinc,,[SL: interest_rate],train
interest_rate,what is the interest rate on my capital one credit card,clinc,,[SL: interest_rate],train
interest_rate,what is the interest rate on my bank of america credit card,clinc,,[SL: interest_rate],train
interest_rate,i need to know the interest rate that applies to my personal loan,clinc,,[SL: interest_rate],train
interest_rate,please tell me my current interest rate for my home equity line of credit,clinc,,[SL: interest_rate],train
interest_rate,what is the interest rate on my money market account,clinc,,[SL: interest_rate],train
interest_rate,can you please tell me the interest rate for cash advances on my visa,clinc,,[SL: interest_rate],train
international_visa,"to visit cambodia, do i need an international visa",clinc,,[SL: international_visa],train
international_visa,do i need to get a visa to visit canada,clinc,,[SL: international_visa],train
international_visa,will i need a visa to visit ireland,clinc,,[SL: international_visa],train
international_visa,will i need a travel visa to go to canary islands,clinc,,[SL: international_visa],train
international_visa,i want to visit portugal do i need a travel visa,clinc,,[SL: international_visa],train
international_visa,i want to see paris will i need an international visa,clinc,,[SL: international_visa],train
international_visa,"for travel to argentina, do i need to get a travel visa",clinc,,[SL: international_visa],train
international_visa,will i have to apply for a visa if i want to visit mexico,clinc,,[SL: international_visa],train
international_visa,to vacation to tel aviv do i need a travel visa,clinc,,[SL: international_visa],train
international_visa,do i need to obtain a travel visa to go on vacation to places in eastern europe,clinc,,[SL: international_visa],train
international_visa,would i need a tourist visa for brazil,clinc,,[SL: international_visa],train
international_visa,do i need a tourist visa for europe,clinc,,[SL: international_visa],train
international_visa,i want to know if i shouldget a tourist visa for italy,clinc,,[SL: international_visa],train
international_visa,is it necessary to apply for a tourist visa for mexico,clinc,,[SL: international_visa],train
international_visa,should i get a travel visa for spain,clinc,,[SL: international_visa],train
international_visa,does moscow require travel visas to visit,clinc,,[SL: international_visa],train
international_visa,would i need a travel visa to go to the congo,clinc,,[SL: international_visa],train
international_visa,do i need an international visa to go to south korea,clinc,,[SL: international_visa],train
international_visa,do i need an international visa to go to tibet,clinc,,[SL: international_visa],train
international_visa,do i need an international visa to go to vietnam,clinc,,[SL: international_visa],train
international_visa,do i need an international visa to go to hong kong,clinc,,[SL: international_visa],train
international_visa,do i need an international visa to go to malaysia,clinc,,[SL: international_visa],train
international_visa,i am going to travel to mexico soon; do i need to get a visa,clinc,,[SL: international_visa],train
international_visa,i need to know if i must have an international visa to go to france,clinc,,[SL: international_visa],train
international_visa,i'm going to jamaica next week; am i needing a visa,clinc,,[SL: international_visa],train
international_visa,tell me whether i need an international visa to go to mexico,clinc,,[SL: international_visa],train
international_visa,i'm going to mexico; do i need an international via,clinc,,[SL: international_visa],train
international_visa,let me know if i need an international visa to go to sudan,clinc,,[SL: international_visa],train
international_visa,am i in need of an international visa to go to france,clinc,,[SL: international_visa],train
international_visa,do i need to get a visa for traveling to chile,clinc,,[SL: international_visa],train
international_visa,do i need a visa to travel to jamaica,clinc,,[SL: international_visa],train
international_visa,i need to know if i need a visa to travel to el salvador,clinc,,[SL: international_visa],train
international_visa,would i need a visa if i want to travel to mexico,clinc,,[SL: international_visa],train
international_visa,do i need a visa to travel to mexico,clinc,,[SL: international_visa],train
international_visa,does mexico require me to have a visa to travel there,clinc,,[SL: international_visa],train
international_visa,is a visa needed to go to mexico,clinc,,[SL: international_visa],train
international_visa,if i want to travel to mexico do i need to get a visa,clinc,,[SL: international_visa],train
international_visa,do i need a visa to scotland,clinc,,[SL: international_visa],train
international_visa,do i need a visa to russia,clinc,,[SL: international_visa],train
international_visa,do i need a visa for canada,clinc,,[SL: international_visa],train
international_visa,do i need a travel visa to visit germany,clinc,,[SL: international_visa],train
international_visa,i am going to russia and am wondering if i need a visa,clinc,,[SL: international_visa],train
international_visa,do i need a travel visa to visit russia,clinc,,[SL: international_visa],train
international_visa,do i need a travel visa to visit canada,clinc,,[SL: international_visa],train
international_visa,i am going to germany soon do i need a visa,clinc,,[SL: international_visa],train
international_visa,do i need a travel visa to visit japan,clinc,,[SL: international_visa],train
international_visa,do i need to get a visa for russia,clinc,,[SL: international_visa],train
international_visa,do i need a visa to go to greece,clinc,,[SL: international_visa],train
international_visa,do i need a travel visa to visit china,clinc,,[SL: international_visa],train
international_visa,do i need a visa for germany,clinc,,[SL: international_visa],train
international_visa,do i need a visa to go to somewhere internationally,clinc,,[SL: international_visa],train
international_visa,do i need a visa to spain,clinc,,[SL: international_visa],train
international_visa,do i need an international visa to go to mexico,clinc,,[SL: international_visa],train
international_visa,do i need an international visa to go to england,clinc,,[SL: international_visa],train
international_visa,do i need an international visa to go to brazil,clinc,,[SL: international_visa],train
international_visa,do i need an international visa to go to canada,clinc,,[SL: international_visa],train
international_visa,do i need an international visa to go to spain,clinc,,[SL: international_visa],train
international_visa,should i get a visa before going to cancun,clinc,,[SL: international_visa],train
international_visa,is a visa required to visit cancun,clinc,,[SL: international_visa],train
international_visa,will i need a visa to travel to cancun,clinc,,[SL: international_visa],train
international_visa,do i need a visa to go to cancun,clinc,,[SL: international_visa],train
international_visa,do i need a visa to travel to canada,clinc,,[SL: international_visa],train
international_visa,does mexico travel require a visa,clinc,,[SL: international_visa],train
international_visa,would i need to get a visa to go to ireland,clinc,,[SL: international_visa],train
international_visa,"if i'm planning to go to the uk, do i need a visa",clinc,,[SL: international_visa],train
international_visa,might i need to get a visa to travel to venezuela,clinc,,[SL: international_visa],train
international_visa,"i'm going to be going to canada soon, do they require a visa for entry",clinc,,[SL: international_visa],train
international_visa,do i need a visa to get into canada later this year,clinc,,[SL: international_visa],train
international_visa,does travelling to that place require a visa,clinc,,[SL: international_visa],train
international_visa,do i need a visa to go there,clinc,,[SL: international_visa],train
international_visa,do i need a visa to leave the country,clinc,,[SL: international_visa],train
international_visa,does international travel always require a visa,clinc,,[SL: international_visa],train
international_visa,when does travelling require a visa,clinc,,[SL: international_visa],train
international_visa,if i go to canada next month do i need a visa,clinc,,[SL: international_visa],train
international_visa,do i need to bring a visa when i go to canada next month,clinc,,[SL: international_visa],train
international_visa,"i'm going to canada soon, do i need a visa",clinc,,[SL: international_visa],train
international_visa,what paperwork will i need to visit northern ireland,clinc,,[SL: international_visa],train
international_visa,should i get a visa for crete,clinc,,[SL: international_visa],train
international_visa,will i need a visa to go to moldova,clinc,,[SL: international_visa],train
international_visa,does laos require a travel visa,clinc,,[SL: international_visa],train
international_visa,do i need to apply for a visa to visit dnipro,clinc,,[SL: international_visa],train
international_visa,israel has strict restrictions do i need a visa to travel there,clinc,,[SL: international_visa],train
international_visa,visa's are hard to get do i need one when i travel to israel,clinc,,[SL: international_visa],train
international_visa,i'm vacationing in israel will i need a visa,clinc,,[SL: international_visa],train
international_visa,do i need a visa to travel to isreal,clinc,,[SL: international_visa],train
international_visa,"i'm heading to israel soon, do i need a visa",clinc,,[SL: international_visa],train
international_visa,do i have to have a visa to go to denmark,clinc,,[SL: international_visa],train
international_visa,do i need a visa to go to cuba,clinc,,[SL: international_visa],train
international_visa,do i have to have a visa to go to the cayman islands,clinc,,[SL: international_visa],train
international_visa,does jamaica require a visa,clinc,,[SL: international_visa],train
international_visa,what documents to i need to go to egypt,clinc,,[SL: international_visa],train
international_visa,does france have their own version of a visa,clinc,,[SL: international_visa],train
international_visa,does mexico require an international visa,clinc,,[SL: international_visa],train
international_visa,does ireland require an international visa,clinc,,[SL: international_visa],train
international_visa,do i need an international visa to enter canada,clinc,,[SL: international_visa],train
international_visa,do i have to get an international visa before they'll let me in melbourne,clinc,,[SL: international_visa],train
international_visa,must i have an international visa when travelling to russia,clinc,,[SL: international_visa],train
international_visa,is an international visa needed to travel to z,clinc,,[SL: international_visa],train
international_visa,"i want to go to korea, do i need an international visa",clinc,,[SL: international_visa],train
international_visa,do i need to apply for a travel visa if i am going to bermuda,clinc,,[SL: international_visa],train
make_call,place a phone call to yiming,clinc,,[SL: make_call],train
make_call,phone lobby,clinc,,[SL: make_call],train
make_call,can you call dominos pizza,clinc,,[SL: make_call],train
make_call,can you redial the last number dialed,clinc,,[SL: make_call],train
make_call,call 911,clinc,,[SL: make_call],train
make_call,can you call a taxi,clinc,,[SL: make_call],train
make_call,can you call mom,clinc,,[SL: make_call],train
make_call,call work,clinc,,[SL: make_call],train
make_call,call justin,clinc,,[SL: make_call],train
make_call,call home,clinc,,[SL: make_call],train
make_call,call erryn,clinc,,[SL: make_call],train
make_call,i have to call the commander,clinc,,[SL: make_call],train
make_call,i will be calling hr,clinc,,[SL: make_call],train
make_call,it is important that i call katie,clinc,,[SL: make_call],train
make_call,x is who i need to call,clinc,,[SL: make_call],train
make_call,i am going to call the landlord,clinc,,[SL: make_call],train
make_call,call macy,clinc,,[SL: make_call],train
make_call,dial lisa's cell phone number,clinc,,[SL: make_call],train
make_call,please dial david now,clinc,,[SL: make_call],train
make_call,i need you to call michael at home,clinc,,[SL: make_call],train
make_call,can you call mary,clinc,,[SL: make_call],train
make_call,please phone lizzy,clinc,,[SL: make_call],train
make_call,please dial x's phone number,clinc,,[SL: make_call],train
make_call,dial x's phone please,clinc,,[SL: make_call],train
make_call,please call toby,clinc,,[SL: make_call],train
make_call,call dave,clinc,,[SL: make_call],train
make_call,call my best friend,clinc,,[SL: make_call],train
make_call,can you make a phone call to mark,clinc,,[SL: make_call],train
make_call,can you call my mom,clinc,,[SL: make_call],train
make_call,call mark,clinc,,[SL: make_call],train
make_call,call friend,clinc,,[SL: make_call],train
make_call,can i call a restaurant,clinc,,[SL: make_call],train
make_call,can you make a phone call to kevin,clinc,,[SL: make_call],train
make_call,call bob for me,clinc,,[SL: make_call],train
make_call,call my mother,clinc,,[SL: make_call],train
make_call,call jim,clinc,,[SL: make_call],train
make_call,can you make a phone call to roger,clinc,,[SL: make_call],train
make_call,can you make a phone call to dave,clinc,,[SL: make_call],train
make_call,call mymother,clinc,,[SL: make_call],train
make_call,can you make a phone call to randy,clinc,,[SL: make_call],train
make_call,bella needs to be called,clinc,,[SL: make_call],train
make_call,give liz a call,clinc,,[SL: make_call],train
make_call,would you give jenny a call,clinc,,[SL: make_call],train
make_call,i want you to call bella,clinc,,[SL: make_call],train
make_call,phone call secretary,clinc,,[SL: make_call],train
make_call,get a hold of sue,clinc,,[SL: make_call],train
make_call,i'm looking to call a group,clinc,,[SL: make_call],train
make_call,call tom,clinc,,[SL: make_call],train
make_call,dial x's number,clinc,,[SL: make_call],train
make_call,dial christie's cell,clinc,,[SL: make_call],train
make_call,call christie's work number,clinc,,[SL: make_call],train
make_call,phone christie,clinc,,[SL: make_call],train
make_call,call christie,clinc,,[SL: make_call],train
make_call,please dial christie's number,clinc,,[SL: make_call],train
make_call,can you call someone,clinc,,[SL: make_call],train
make_call,call someone for me,clinc,,[SL: make_call],train
make_call,dial someone's phone number,clinc,,[SL: make_call],train
make_call,i need to talk to someone on the phone,clinc,,[SL: make_call],train
make_call,call someone,clinc,,[SL: make_call],train
make_call,it's time for me to call drew,clinc,,[SL: make_call],train
make_call,it's necessary to call michael,clinc,,[SL: make_call],train
make_call,i must call jordan,clinc,,[SL: make_call],train
make_call,x is waiting for me to call,clinc,,[SL: make_call],train
make_call,put me on a call to sally,clinc,,[SL: make_call],train
make_call,place a call to bill now,clinc,,[SL: make_call],train
make_call,i want to place a call to mike,clinc,,[SL: make_call],train
make_call,i have to call jane,clinc,,[SL: make_call],train
make_call,can you call russell,clinc,,[SL: make_call],train
make_call,place call to robby,clinc,,[SL: make_call],train
make_call,dial sarah,clinc,,[SL: make_call],train
make_call,call robby,clinc,,[SL: make_call],train
make_call,phone sarah,clinc,,[SL: make_call],train
make_call,call sarah,clinc,,[SL: make_call],train
make_call,call robby for me,clinc,,[SL: make_call],train
make_call,i want to call robby,clinc,,[SL: make_call],train
make_call,can you call robby,clinc,,[SL: make_call],train
make_call,phonecall sarah,clinc,,[SL: make_call],train
make_call,i want to talk to sarah,clinc,,[SL: make_call],train
make_call,dial steven,clinc,,[SL: make_call],train
make_call,phone steven,clinc,,[SL: make_call],train
make_call,ring steven,clinc,,[SL: make_call],train
make_call,call steven,clinc,,[SL: make_call],train
make_call,i want to make a call to uncle,clinc,,[SL: make_call],train
make_call,use my phone to dial work,clinc,,[SL: make_call],train
make_call,start a phone call with kathy,clinc,,[SL: make_call],train
make_call,initiate a phone call with receptionist,clinc,,[SL: make_call],train
make_call,can a phone call be made to maria,clinc,,[SL: make_call],train
make_call,i need you to call the broker,clinc,,[SL: make_call],train
make_call,please do me a favor and call brother mario,clinc,,[SL: make_call],train
make_call,can you please call nata,clinc,,[SL: make_call],train
make_call,call sandra right now,clinc,,[SL: make_call],train
make_call,immediately call tom,clinc,,[SL: make_call],train
make_call,i must call dr smith,clinc,,[SL: make_call],train
make_call,connect me to bob,clinc,,[SL: make_call],train
make_call,place a call to father callahan,clinc,,[SL: make_call],train
make_call,i should call ruthie,clinc,,[SL: make_call],train
make_call,please call christy,clinc,,[SL: make_call],train
make_call,i must call roderick,clinc,,[SL: make_call],train
make_call,please make a phone call to christopher,clinc,,[SL: make_call],train
make_call,i need to call mark,clinc,,[SL: make_call],train
meal_suggestion,can you give me a french dinner suggestion,clinc,,[SL: meal_suggestion],train
meal_suggestion,"suggest a meal from laos to me, please",clinc,,[SL: meal_suggestion],train
meal_suggestion,can you give me a vietnamese meal suggestion,clinc,,[SL: meal_suggestion],train
meal_suggestion,suggest a meal from burma to me,clinc,,[SL: meal_suggestion],train
meal_suggestion,can you give me a vietnamese dinner suggestion,clinc,,[SL: meal_suggestion],train
meal_suggestion,"suggest a meal from thailand to me, please",clinc,,[SL: meal_suggestion],train
meal_suggestion,"can you give me a thai meal suggestion, please",clinc,,[SL: meal_suggestion],train
meal_suggestion,"can you give me a vietnamese meal suggestion, please",clinc,,[SL: meal_suggestion],train
meal_suggestion,"can you give me a burmese meal suggestion, please",clinc,,[SL: meal_suggestion],train
meal_suggestion,"suggest a meal from burma to me, please",clinc,,[SL: meal_suggestion],train
meal_suggestion,can you give me a burmese dinner suggestion,clinc,,[SL: meal_suggestion],train
meal_suggestion,can you give me a thai meal suggestion,clinc,,[SL: meal_suggestion],train
meal_suggestion,can you give me a thai dinner suggestion,clinc,,[SL: meal_suggestion],train
meal_suggestion,suggest a meal from thailand to me,clinc,,[SL: meal_suggestion],train
meal_suggestion,give me italian meal ideas,clinc,,[SL: meal_suggestion],train
meal_suggestion,suggest an italian meal for me,clinc,,[SL: meal_suggestion],train
meal_suggestion,can you suggest meals from italy to me,clinc,,[SL: meal_suggestion],train
meal_suggestion,may you suggest a meal from italy to me,clinc,,[SL: meal_suggestion],train
meal_suggestion,please suggest meals from italy to me,clinc,,[SL: meal_suggestion],train
meal_suggestion,can you tell me a good indian dish to make,clinc,,[SL: meal_suggestion],train
meal_suggestion,got any good dinner ideas,clinc,,[SL: meal_suggestion],train
meal_suggestion,what's a simple chinese recipe for dinner,clinc,,[SL: meal_suggestion],train
meal_suggestion,do you know an good pasta dishes,clinc,,[SL: meal_suggestion],train
meal_suggestion,what can i make for dinner using ground beef,clinc,,[SL: meal_suggestion],train
meal_suggestion,i need new dinner ideas,clinc,,[SL: meal_suggestion],train
meal_suggestion,what can i make for dinner,clinc,,[SL: meal_suggestion],train
meal_suggestion,do you know any greek dishes i could make for dinner,clinc,,[SL: meal_suggestion],train
meal_suggestion,what do you think would be a good dinner,clinc,,[SL: meal_suggestion],train
meal_suggestion,what would be good for dinner,clinc,,[SL: meal_suggestion],train
meal_suggestion,what should i have for dinner,clinc,,[SL: meal_suggestion],train
meal_suggestion,i'd like to get dinner suggestions for thai food,clinc,,[SL: meal_suggestion],train
meal_suggestion,get me italian cuisine dinner suggestions,clinc,,[SL: meal_suggestion],train
meal_suggestion,would you provide me with italian cuisine dinner suggestions,clinc,,[SL: meal_suggestion],train
meal_suggestion,i'm needing dinner suggestions for mexican food,clinc,,[SL: meal_suggestion],train
meal_suggestion,what's the pizza like around here,clinc,,[SL: meal_suggestion],train
meal_suggestion,what's the best pizza place around here,clinc,,[SL: meal_suggestion],train
meal_suggestion,how tasty is the pizza here,clinc,,[SL: meal_suggestion],train
meal_suggestion,what would you suggest for dinner,clinc,,[SL: meal_suggestion],train
meal_suggestion,i need dinner ideas,clinc,,[SL: meal_suggestion],train
meal_suggestion,i need a mexican meal suggesstion,clinc,,[SL: meal_suggestion],train
meal_suggestion,help me decide what mexican meal i want,clinc,,[SL: meal_suggestion],train
meal_suggestion,what kind of mexican meal should i get,clinc,,[SL: meal_suggestion],train
meal_suggestion,which mexican meal would be good,clinc,,[SL: meal_suggestion],train
meal_suggestion,"i need to cook, what should i make",clinc,,[SL: meal_suggestion],train
meal_suggestion,"i can't decide on dinner, what do you suggest",clinc,,[SL: meal_suggestion],train
meal_suggestion,suggest a good mexican meal to me,clinc,,[SL: meal_suggestion],train
meal_suggestion,do you have any suggestions for a meal from australia,clinc,,[SL: meal_suggestion],train
meal_suggestion,i'd like you to give me an idea for a meal from iceland,clinc,,[SL: meal_suggestion],train
meal_suggestion,can you suggest any good meals from chicago,clinc,,[SL: meal_suggestion],train
meal_suggestion,please suggest a meal from italy to me,clinc,,[SL: meal_suggestion],train
meal_suggestion,can you suggest to me any meals from nigeria,clinc,,[SL: meal_suggestion],train
meal_suggestion,can you give me a meal suggestion for swedish cuisine,clinc,,[SL: meal_suggestion],train
meal_suggestion,do you have any good recommendations for swiss cuisine,clinc,,[SL: meal_suggestion],train
meal_suggestion,i'm looking for a good suggestion for norse cuisine,clinc,,[SL: meal_suggestion],train
meal_suggestion,what's a good french meal,clinc,,[SL: meal_suggestion],train
meal_suggestion,i'm looking for italian food suggestions,clinc,,[SL: meal_suggestion],train
meal_suggestion,i want you to give me a suggestion for what to make for dinner,clinc,,[SL: meal_suggestion],train
meal_suggestion,i want an italian meal suggestion,clinc,,[SL: meal_suggestion],train
meal_suggestion,i need an italian meal suggestion,clinc,,[SL: meal_suggestion],train
meal_suggestion,please give me a suggestion for what to make for dinner,clinc,,[SL: meal_suggestion],train
meal_suggestion,i'd like an italian meal suggestion,clinc,,[SL: meal_suggestion],train
meal_suggestion,i need you to give me a suggestion for what to make for dinner,clinc,,[SL: meal_suggestion],train
meal_suggestion,i would love an italian meal suggestion,clinc,,[SL: meal_suggestion],train
meal_suggestion,go ahead and give me a suggestion for what to make for dinner,clinc,,[SL: meal_suggestion],train
meal_suggestion,i really want an italian meal suggestion,clinc,,[SL: meal_suggestion],train
meal_suggestion,suggest food from italy to me,clinc,,[SL: meal_suggestion],train
meal_suggestion,suggest an italian meal to me,clinc,,[SL: meal_suggestion],train
meal_suggestion,what meal from italy do you suggest,clinc,,[SL: meal_suggestion],train
meal_suggestion,what food from italy do you suggest,clinc,,[SL: meal_suggestion],train
meal_suggestion,suggest a meal from italy to me,clinc,,[SL: meal_suggestion],train
meal_suggestion,i need a suggestion for a dinner recipe,clinc,,[SL: meal_suggestion],train
meal_suggestion,suggest a meal for me that comes from mexico,clinc,,[SL: meal_suggestion],train
meal_suggestion,can you suggest a meal from ireland for me,clinc,,[SL: meal_suggestion],train
meal_suggestion,suggest something for me to make myself for dinner,clinc,,[SL: meal_suggestion],train
meal_suggestion,can you recommend for me a dish from ethiopia,clinc,,[SL: meal_suggestion],train
meal_suggestion,what do you think i should prepare for my dinner,clinc,,[SL: meal_suggestion],train
meal_suggestion,do you have any southern dishes to recommend,clinc,,[SL: meal_suggestion],train
meal_suggestion,look up a recipe for dinner to suggest to me,clinc,,[SL: meal_suggestion],train
meal_suggestion,what should i make for dinner,clinc,,[SL: meal_suggestion],train
meal_suggestion,please suggest a british meal for me,clinc,,[SL: meal_suggestion],train
meal_suggestion,what kind of greek food is good for dinner,clinc,,[SL: meal_suggestion],train
meal_suggestion,what type of pizzas are available for dinner,clinc,,[SL: meal_suggestion],train
meal_suggestion,need some good dinner ideas,clinc,,[SL: meal_suggestion],train
meal_suggestion,"thinking about cooking dinner, what should i make",clinc,,[SL: meal_suggestion],train
meal_suggestion,give me some options on what to cook for dinner,clinc,,[SL: meal_suggestion],train
meal_suggestion,please provide an option for dinner,clinc,,[SL: meal_suggestion],train
meal_suggestion,i would like to hear what ideas you have about making dinner tonight,clinc,,[SL: meal_suggestion],train
meal_suggestion,do you have any suggestions as to what i should cook for dinner,clinc,,[SL: meal_suggestion],train
meal_suggestion,suggest a meal from denmark to me,clinc,,[SL: meal_suggestion],train
meal_suggestion,suggest a meal from korea to me,clinc,,[SL: meal_suggestion],train
meal_suggestion,suggest a meal from germany to me,clinc,,[SL: meal_suggestion],train
meal_suggestion,suggest a meal from india to me,clinc,,[SL: meal_suggestion],train
meal_suggestion,suggest a meal from new york to me,clinc,,[SL: meal_suggestion],train
meal_suggestion,what do you think i should make for dinner,clinc,,[SL: meal_suggestion],train
meal_suggestion,what thoughts do you have about making dinnner tonight,clinc,,[SL: meal_suggestion],train
meal_suggestion,let me pick your brain what do you think we should do for dinner tonight,clinc,,[SL: meal_suggestion],train
meal_suggestion,any suggestions for a peruvian meal,clinc,,[SL: meal_suggestion],train
meal_suggestion,what peruvian dish should i make,clinc,,[SL: meal_suggestion],train
meal_suggestion,what should i get at a mexican restaurant,clinc,,[SL: meal_suggestion],train
meal_suggestion,suggest a meal from peru for me,clinc,,[SL: meal_suggestion],train
min_payment,what's the minimum i owe on the car payment,clinc,,[SL: min_payment],train
min_payment,what's the least amount i need to pay on the electric bill,clinc,,[SL: min_payment],train
min_payment,what's the smallest amount i can pay on the water bill,clinc,,[SL: min_payment],train
min_payment,what's the minimum amount for my electric bill,clinc,,[SL: min_payment],train
min_payment,what's the least i can pay on the medical payments for february,clinc,,[SL: min_payment],train
min_payment,how much can i get away with paying for my college loan,clinc,,[SL: min_payment],train
min_payment,what's the minimum required payment on my visa card,clinc,,[SL: min_payment],train
min_payment,i want to know my bill's minimum payment,clinc,,[SL: min_payment],train
min_payment,what is my bill's minimum payment,clinc,,[SL: min_payment],train
min_payment,minimum payment of my bill please,clinc,,[SL: min_payment],train
min_payment,can you tell me the minimum payment of my bill,clinc,,[SL: min_payment],train
min_payment,tell me the minimum payment of my bill,clinc,,[SL: min_payment],train
min_payment,the minumum to pay is what,clinc,,[SL: min_payment],train
min_payment,what is the minimum i can pay for my electric bill,clinc,,[SL: min_payment],train
min_payment,please lookup the minimum i need to pay on my credit card,clinc,,[SL: min_payment],train
min_payment,what is the minimum i need to pay for my cell phone bill,clinc,,[SL: min_payment],train
min_payment,tell me what my minimum payment is,clinc,,[SL: min_payment],train
min_payment,what is the minimum i have to pay on my chase card,clinc,,[SL: min_payment],train
min_payment,what is the minimum i can pay for my telephone bill,clinc,,[SL: min_payment],train
min_payment,what is the minimum i can pay for my light bill,clinc,,[SL: min_payment],train
min_payment,what is the minimum i can pay for the gas bill,clinc,,[SL: min_payment],train
min_payment,what do i have to pay on my amex that is the minimum,clinc,,[SL: min_payment],train
min_payment,i need to know my cable bill minimum payment,clinc,,[SL: min_payment],train
min_payment,please tell me the minimum i can pay on my electric bill,clinc,,[SL: min_payment],train
min_payment,please tell me the minimum i can pay on my water bill,clinc,,[SL: min_payment],train
min_payment,what is the lowest amount i can pay for my electric bill,clinc,,[SL: min_payment],train
min_payment,tell me the lowest amount i can pay for my cable bill,clinc,,[SL: min_payment],train
min_payment,let me know the minimum i can pay on my cable bill,clinc,,[SL: min_payment],train
min_payment,please tell me the bill's minimum payment,clinc,,[SL: min_payment],train
min_payment,what is the lowest amount i can pay for my cable bill,clinc,,[SL: min_payment],train
min_payment,tell me the minimum i can pay on my cable bill,clinc,,[SL: min_payment],train
min_payment,i need to know the bill's minimum payment,clinc,,[SL: min_payment],train
min_payment,tell me my electric bill minimum payment,clinc,,[SL: min_payment],train
min_payment,tell me the bill's minimum payment,clinc,,[SL: min_payment],train
min_payment,what is my cable bill minimum payment,clinc,,[SL: min_payment],train
min_payment,i would like to know the bill's minimum payment,clinc,,[SL: min_payment],train
min_payment,i must know my water bill minimum payment,clinc,,[SL: min_payment],train
min_payment,i wanna know the bill's minimum payment,clinc,,[SL: min_payment],train
min_payment,inform me the lowest amount i can pay for my cable bill,clinc,,[SL: min_payment],train
min_payment,i want you to tell me the minimum i can pay on my rent bill,clinc,,[SL: min_payment],train
min_payment,i would like to know my water bill minimum payment,clinc,,[SL: min_payment],train
min_payment,let me know the lowest amount i can pay for my cable bill,clinc,,[SL: min_payment],train
min_payment,find the minimum due on my peco energy bill for february,clinc,,[SL: min_payment],train
min_payment,what is the minimum payment on my chase mastercard,clinc,,[SL: min_payment],train
min_payment,please give me the minimum payment total for my sprint phone bill,clinc,,[SL: min_payment],train
min_payment,can you tell me the minimum amount due on my visa this month,clinc,,[SL: min_payment],train
min_payment,i want to know the bill's minimum payment,clinc,,[SL: min_payment],train
min_payment,please inform me of the minimum payment of the bill,clinc,,[SL: min_payment],train
min_payment,"the bill's minimum payment, what is it",clinc,,[SL: min_payment],train
min_payment,what is the minimum amount of money required as payment for the bill,clinc,,[SL: min_payment],train
min_payment,what is the minimum payment for the bill,clinc,,[SL: min_payment],train
min_payment,i need to pay the smallest amount on my phone bill,clinc,,[SL: min_payment],train
min_payment,how little can i pay on my car bill,clinc,,[SL: min_payment],train
min_payment,what is the smallest i can pay on the water bill,clinc,,[SL: min_payment],train
min_payment,how tiny a payment can i make on electric bill,clinc,,[SL: min_payment],train
min_payment,how much do i have to at least pay on my medical bills,clinc,,[SL: min_payment],train
min_payment,how small of a payment can i make for my chase card bill,clinc,,[SL: min_payment],train
min_payment,what is the minimum payment i can make on my xcel energy bill,clinc,,[SL: min_payment],train
min_payment,please tell me the minimum amount i can pay on my wells fargo credit card,clinc,,[SL: min_payment],train
min_payment,what is the smallest amount i can pay on my tmobile bill,clinc,,[SL: min_payment],train
min_payment,what is the smallest payment i can make toward my xfinity bill,clinc,,[SL: min_payment],train
min_payment,can you tell me my cards minimum payment,clinc,,[SL: min_payment],train
min_payment,minimum payment for my credit card,clinc,,[SL: min_payment],train
min_payment,can i get the minimum payment for my credit card,clinc,,[SL: min_payment],train
min_payment,i would like to know the minimum payment for my credit card,clinc,,[SL: min_payment],train
min_payment,i need to know my cards minimum payment,clinc,,[SL: min_payment],train
min_payment,could you tell me the minimum payment on my mortgage,clinc,,[SL: min_payment],train
min_payment,what is the minimum payment on my eddie bauer card,clinc,,[SL: min_payment],train
min_payment,i need to know what the minimum payment is on my electric bill,clinc,,[SL: min_payment],train
min_payment,what is the bare minimum for my truck payment,clinc,,[SL: min_payment],train
min_payment,how much is the minimum payment on my chase card,clinc,,[SL: min_payment],train
min_payment,what is the least amount i can pay for power bill,clinc,,[SL: min_payment],train
min_payment,how much is the minimum payment for power bill,clinc,,[SL: min_payment],train
min_payment,what is the minimum payment for my credit card bill,clinc,,[SL: min_payment],train
min_payment,how much is the least i can pay for power bill,clinc,,[SL: min_payment],train
min_payment,what is the minimum payment for my power bill,clinc,,[SL: min_payment],train
min_payment,how low can i reduce my phone bill before paying,clinc,,[SL: min_payment],train
min_payment,how low can we get my phone bill,clinc,,[SL: min_payment],train
min_payment,what is the minimum payment on my phone bill,clinc,,[SL: min_payment],train
min_payment,what is the lowest i can pay on my phone bill,clinc,,[SL: min_payment],train
min_payment,what is the minimum i can pay for my phone bill,clinc,,[SL: min_payment],train
min_payment,how little can i pay for my water bill,clinc,,[SL: min_payment],train
min_payment,show my my minimum payment for youtube,clinc,,[SL: min_payment],train
min_payment,what's the minimum payment for my internet bill,clinc,,[SL: min_payment],train
min_payment,what's the minimum payment on my credit card bill,clinc,,[SL: min_payment],train
min_payment,what's the minimum payment on my phone bill,clinc,,[SL: min_payment],train
min_payment,what is the minimum payment i can make on my electric bill,clinc,,[SL: min_payment],train
min_payment,what's the minimum payment on my gas bill,clinc,,[SL: min_payment],train
min_payment,what's the least payment i can make on my cable bill,clinc,,[SL: min_payment],train
min_payment,what is the minimum required payment for my cell phone bill,clinc,,[SL: min_payment],train
min_payment,what's the minimum i can pay on my sewer bill,clinc,,[SL: min_payment],train
min_payment,tell me minimum to pay on landscape bill,clinc,,[SL: min_payment],train
min_payment,show me the minimum payment for my boat bill,clinc,,[SL: min_payment],train
min_payment,minimum to pay on power bill,clinc,,[SL: min_payment],train
min_payment,what's the minimum payment for our cc bill,clinc,,[SL: min_payment],train
min_payment,pay the minimum payment for m and t bill,clinc,,[SL: min_payment],train
min_payment,tell me my minimum citicard payment,clinc,,[SL: min_payment],train
min_payment,how much is the minimum payment due for my citicard this month,clinc,,[SL: min_payment],train
min_payment,can you tell me my minimum due for citicard,clinc,,[SL: min_payment],train
min_payment,what is the minimum for my citicard this month,clinc,,[SL: min_payment],train
pay_bill,"i want to pay my bill, please",clinc,,[SL: pay_bill],train
pay_bill,pay my water bill with my charles schwab account,clinc,,[SL: pay_bill],train
pay_bill,i'd like to pay my bill,clinc,,[SL: pay_bill],train
pay_bill,pay my internet bill with my discover account,clinc,,[SL: pay_bill],train
pay_bill,can you help me pay a bill,clinc,,[SL: pay_bill],train
pay_bill,i need to pay my bill,clinc,,[SL: pay_bill],train
pay_bill,can i pay a bill,clinc,,[SL: pay_bill],train
pay_bill,use my capital one account to pay for my gas bill,clinc,,[SL: pay_bill],train
pay_bill,pay my electric bill from my amex account,clinc,,[SL: pay_bill],train
pay_bill,i want to pay my house bill,clinc,,[SL: pay_bill],train
pay_bill,i want to pay my car bill,clinc,,[SL: pay_bill],train
pay_bill,i want to pay my insurance bill,clinc,,[SL: pay_bill],train
pay_bill,i want to pay my tax bill,clinc,,[SL: pay_bill],train
pay_bill,i need help paying my auto insurance bill,clinc,,[SL: pay_bill],train
pay_bill,i need help paying my hoa bill,clinc,,[SL: pay_bill],train
pay_bill,i need help paying my tuition bill,clinc,,[SL: pay_bill],train
pay_bill,i need help paying my phone bill,clinc,,[SL: pay_bill],train
pay_bill,"my water bill is due, pay it immediately",clinc,,[SL: pay_bill],train
pay_bill,i need to pay my water bill,clinc,,[SL: pay_bill],train
pay_bill,please go ahead and make my student loan payment,clinc,,[SL: pay_bill],train
pay_bill,go ahead and pay my american express bill now,clinc,,[SL: pay_bill],train
pay_bill,i need to pay my electric bill now,clinc,,[SL: pay_bill],train
pay_bill,can you assist me in paying my electric bill,clinc,,[SL: pay_bill],train
pay_bill,i want to do a payment on my water bill,clinc,,[SL: pay_bill],train
pay_bill,pay my mortgage from my checkings accounts,clinc,,[SL: pay_bill],train
pay_bill,do a car payment from my savings account,clinc,,[SL: pay_bill],train
pay_bill,can you give me a hand paying my water bill,clinc,,[SL: pay_bill],train
pay_bill,i want to pay off my student loan,clinc,,[SL: pay_bill],train
pay_bill,i need a bit of hand holding getting my trash bill paid,clinc,,[SL: pay_bill],train
pay_bill,i need to pay my mortgage,clinc,,[SL: pay_bill],train
pay_bill,are you able to help me pay my mortgage,clinc,,[SL: pay_bill],train
pay_bill,i want to pay my car payment,clinc,,[SL: pay_bill],train
pay_bill,i need to pay this month's tv subscription fee,clinc,,[SL: pay_bill],train
pay_bill,will you aid me in paying my insurance premium,clinc,,[SL: pay_bill],train
pay_bill,pay a bribe using my money market account,clinc,,[SL: pay_bill],train
pay_bill,use my savings account to the pay the rent,clinc,,[SL: pay_bill],train
pay_bill,use my checkings account to pay the electric bill,clinc,,[SL: pay_bill],train
pay_bill,i'd like to pay my coned bill,clinc,,[SL: pay_bill],train
pay_bill,please help with paying my cell phone bill,clinc,,[SL: pay_bill],train
pay_bill,i'd like to make a payment on my credit card bill,clinc,,[SL: pay_bill],train
pay_bill,i would like to pay my cell phone bill,clinc,,[SL: pay_bill],train
pay_bill,please help me pay my cable bill,clinc,,[SL: pay_bill],train
pay_bill,please tell me how to pay my gas bill,clinc,,[SL: pay_bill],train
pay_bill,i need to get help paying my gas bill,clinc,,[SL: pay_bill],train
pay_bill,i need help to pay my electric bill,clinc,,[SL: pay_bill],train
pay_bill,can you help me pay my phone bill,clinc,,[SL: pay_bill],train
pay_bill,will you take my bill payment,clinc,,[SL: pay_bill],train
pay_bill,is it possible to pay my bill,clinc,,[SL: pay_bill],train
pay_bill,how can i pay my bill,clinc,,[SL: pay_bill],train
pay_bill,can i pay my bill,clinc,,[SL: pay_bill],train
pay_bill,use my park bank account to pay my electric bill,clinc,,[SL: pay_bill],train
pay_bill,pay my electric bill from my park bank account,clinc,,[SL: pay_bill],train
pay_bill,pay my gas bill from my saving account,clinc,,[SL: pay_bill],train
pay_bill,pay my cable bill from my facebook account,clinc,,[SL: pay_bill],train
pay_bill,pay my cell bill from my deposit account,clinc,,[SL: pay_bill],train
pay_bill,pay my electric bill from my paypal account,clinc,,[SL: pay_bill],train
pay_bill,pay my water bill from my checking account,clinc,,[SL: pay_bill],train
pay_bill,pay my phoe bill with my debit card,clinc,,[SL: pay_bill],train
pay_bill,schedule a gas bill payment,clinc,,[SL: pay_bill],train
pay_bill,pay the cable bill with my visa card,clinc,,[SL: pay_bill],train
pay_bill,pay the red cross the monthly donation,clinc,,[SL: pay_bill],train
pay_bill,i want to pay my internet bill,clinc,,[SL: pay_bill],train
pay_bill,i want to pay my gas bill,clinc,,[SL: pay_bill],train
pay_bill,i want to pay my electric bill,clinc,,[SL: pay_bill],train
pay_bill,i want to pay my rent bill,clinc,,[SL: pay_bill],train
pay_bill,i want to pay my water bill,clinc,,[SL: pay_bill],train
pay_bill,make a payment on the electric bill,clinc,,[SL: pay_bill],train
pay_bill,help me pay my electric bill,clinc,,[SL: pay_bill],train
pay_bill,pay the electric bill,clinc,,[SL: pay_bill],train
pay_bill,pay electric,clinc,,[SL: pay_bill],train
pay_bill,please pay electric bill,clinc,,[SL: pay_bill],train
pay_bill,i got to pay my cable bill,clinc,,[SL: pay_bill],train
pay_bill,i need help paying my store bill,clinc,,[SL: pay_bill],train
pay_bill,i wanna pay my cable bill from my checking account,clinc,,[SL: pay_bill],train
pay_bill,i need help paying my cable bill,clinc,,[SL: pay_bill],train
pay_bill,pay my cable bill from my checking account,clinc,,[SL: pay_bill],train
pay_bill,i must pay my cable bill from my checking account,clinc,,[SL: pay_bill],train
pay_bill,i gotta pay my cable bill,clinc,,[SL: pay_bill],train
pay_bill,i must pay my cable bill,clinc,,[SL: pay_bill],train
pay_bill,i wish to pay my cable bill,clinc,,[SL: pay_bill],train
pay_bill,i need to pay my cable bill,clinc,,[SL: pay_bill],train
pay_bill,i need help paying my rent bill,clinc,,[SL: pay_bill],train
pay_bill,i need help paying my water bill,clinc,,[SL: pay_bill],train
pay_bill,i really want to pay my cable bill from my checking account,clinc,,[SL: pay_bill],train
pay_bill,i need help paying my electric bill,clinc,,[SL: pay_bill],train
pay_bill,i need to pay my cable bill from my checking account,clinc,,[SL: pay_bill],train
pay_bill,what's the best way to pay my bill,clinc,,[SL: pay_bill],train
pay_bill,i'd really like to pay this bill,clinc,,[SL: pay_bill],train
pay_bill,can you help me pay this bill,clinc,,[SL: pay_bill],train
pay_bill,i am not sure how to pay my phone bill and need assistance,clinc,,[SL: pay_bill],train
pay_bill,i need to make a bill payment,clinc,,[SL: pay_bill],train
pay_bill,please pay my bill,clinc,,[SL: pay_bill],train
pay_bill,can anyone help me pay my car bill,clinc,,[SL: pay_bill],train
pay_bill,i want to pay that bill now,clinc,,[SL: pay_bill],train
pay_bill,is there anyone available to help pay an internet bill,clinc,,[SL: pay_bill],train
pay_bill,i need anyone who can help me pay my electric bill,clinc,,[SL: pay_bill],train
pay_bill,help me pay my cable bill,clinc,,[SL: pay_bill],train
pay_bill,can you pay the bill now,clinc,,[SL: pay_bill],train
pay_bill,i need your help to pay my gas bill,clinc,,[SL: pay_bill],train
pay_bill,pay my insurance bill,clinc,,[SL: pay_bill],train
pin_change,how do i change my pin for number for my abc bank account,clinc,,[SL: pin_change],train
pin_change,what do i need to do to change my abc bank account pin number,clinc,,[SL: pin_change],train
pin_change,i have no idea what the pin is for my checking account,clinc,,[SL: pin_change],train
pin_change,i cannot recall the pin for my savings account,clinc,,[SL: pin_change],train
pin_change,i forgot the pin number for my college fund account,clinc,,[SL: pin_change],train
pin_change,set up a new pin number on my college fund account and make it be 1234,clinc,,[SL: pin_change],train
pin_change,i want 1234 to be the new pin number for my joint account,clinc,,[SL: pin_change],train
pin_change,please change my checking account pin to 1234,clinc,,[SL: pin_change],train
pin_change,i need to set up a new pin number for my college fund account,clinc,,[SL: pin_change],train
pin_change,i want my savings account pin to be 1234 from now on,clinc,,[SL: pin_change],train
pin_change,please change my retirement account pin number to 1234,clinc,,[SL: pin_change],train
pin_change,my checking account needs a new pin number,clinc,,[SL: pin_change],train
pin_change,i seem to have lost the pin for my retirement account,clinc,,[SL: pin_change],train
pin_change,i would like to replace the pin number for my retirement account,clinc,,[SL: pin_change],train
pin_change,i'd like to change my pin number for my checking account,clinc,,[SL: pin_change],train
pin_change,i want a new pin for my savings account,clinc,,[SL: pin_change],train
pin_change,i'm afraid i've forgotten the pin for my 401k account,clinc,,[SL: pin_change],train
pin_change,i need help changing my pin,clinc,,[SL: pin_change],train
pin_change,is there a way to get my pin number,clinc,,[SL: pin_change],train
pin_change,is there a way to change my pin number for my savings account,clinc,,[SL: pin_change],train
pin_change,i need my pin number,clinc,,[SL: pin_change],train
pin_change,"how do i get my pin number, i forgot mine",clinc,,[SL: pin_change],train
pin_change,help me change my pin number for my money market account,clinc,,[SL: pin_change],train
pin_change,how do i get a new pin,clinc,,[SL: pin_change],train
pin_change,tell me how i can get a new pin number,clinc,,[SL: pin_change],train
pin_change,tell me how to retrieve my pin number,clinc,,[SL: pin_change],train
pin_change,"help me, i forgot my pin number",clinc,,[SL: pin_change],train
pin_change,what is the procedure for getting a new pin number,clinc,,[SL: pin_change],train
pin_change,how do i change my pin number for my payroll account,clinc,,[SL: pin_change],train
pin_change,change my pin number for my checking account,clinc,,[SL: pin_change],train
pin_change,change my amex account pin to 1234,clinc,,[SL: pin_change],train
pin_change,change my amex pin to 1234,clinc,,[SL: pin_change],train
pin_change,swap my amex pin to 1234,clinc,,[SL: pin_change],train
pin_change,switch my amex pin to 1234,clinc,,[SL: pin_change],train
pin_change,set my amex pin to 1234,clinc,,[SL: pin_change],train
pin_change,you need to change the pin on my bank of america account to be 1234,clinc,,[SL: pin_change],train
pin_change,i need you to change the pin on my bank of america account to be 1234,clinc,,[SL: pin_change],train
pin_change,i need to change my pin number for my account,clinc,,[SL: pin_change],train
pin_change,i must change my pin number for my money market account,clinc,,[SL: pin_change],train
pin_change,i cannot remember what my pin is for my bank of america checking account,clinc,,[SL: pin_change],train
pin_change,i really need to change my pin number for my account,clinc,,[SL: pin_change],train
pin_change,i cannot remember what my pin is for my bank of america checking account this moment,clinc,,[SL: pin_change],train
pin_change,i want to change my pin number for my checking account,clinc,,[SL: pin_change],train
pin_change,i want to change my pin number for my account,clinc,,[SL: pin_change],train
pin_change,please go and change the pin on my bank of america account to be 1234,clinc,,[SL: pin_change],train
pin_change,i must change my pin number for my account,clinc,,[SL: pin_change],train
pin_change,go ahead and change the pin on my bank of america account to be 1234,clinc,,[SL: pin_change],train
pin_change,i got to change my pin number for my account,clinc,,[SL: pin_change],train
pin_change,i need to change my pin number for my savings account,clinc,,[SL: pin_change],train
pin_change,i wanna change my pin number for my credit acount,clinc,,[SL: pin_change],train
pin_change,please change the pin on my bank of america account to be 1234,clinc,,[SL: pin_change],train
pin_change,i really cannot remember what my pin is for my bank of america checking account,clinc,,[SL: pin_change],train
pin_change,i gotta change my pin number for my debit account,clinc,,[SL: pin_change],train
pin_change,i am unable to remember what my pin is for my bank of america checking account,clinc,,[SL: pin_change],train
pin_change,so it turns out i can't remember what my pin is for my bank of america checking account,clinc,,[SL: pin_change],train
pin_change,"how do i change my pin number for my account, please",clinc,,[SL: pin_change],train
pin_change,"how do i update my pin number for my account, please",clinc,,[SL: pin_change],train
pin_change,"i would like to change the pin on my checking account, please",clinc,,[SL: pin_change],train
pin_change,"i'd like to change the pin on my savings account, please",clinc,,[SL: pin_change],train
pin_change,change the pin on my capital one account to be 1234,clinc,,[SL: pin_change],train
pin_change,change the pin on my redwood credit union account to be 1234,clinc,,[SL: pin_change],train
pin_change,change the pin on my chase account to be 1234,clinc,,[SL: pin_change],train
pin_change,how do i update my pin number for my account,clinc,,[SL: pin_change],train
pin_change,i would like to change the pin on my savings account,clinc,,[SL: pin_change],train
pin_change,change the pin on my wells fargo account to be 1234,clinc,,[SL: pin_change],train
pin_change,change the pin on my bank of america account to be 1234,clinc,,[SL: pin_change],train
pin_change,i would like to change the pin on my checking account,clinc,,[SL: pin_change],train
pin_change,"i would like to change the pin on my savings account, please",clinc,,[SL: pin_change],train
pin_change,"how do i reset my pin number for my account, please",clinc,,[SL: pin_change],train
pin_change,please change pin to 1234 on my bank account trailing in 3829,clinc,,[SL: pin_change],train
pin_change,on account ending in 3838 change my pin to 1234,clinc,,[SL: pin_change],train
pin_change,change my pin to 1234 on account ending with digits 4994,clinc,,[SL: pin_change],train
pin_change,change the pin on my bank account first republic to 1234,clinc,,[SL: pin_change],train
pin_change,change pin to 1234 on account banner,clinc,,[SL: pin_change],train
pin_change,help me change my pin number,clinc,,[SL: pin_change],train
pin_change,can you tell me how i change my pin number,clinc,,[SL: pin_change],train
pin_change,tell me how to change my pin number,clinc,,[SL: pin_change],train
pin_change,help me out with changing this pin number,clinc,,[SL: pin_change],train
pin_change,can i change my pin number,clinc,,[SL: pin_change],train
pin_change,help me get my pin on my capitol one account changed to 3892,clinc,,[SL: pin_change],train
pin_change,how can i switch the pin on my wells fargo account to 9982,clinc,,[SL: pin_change],train
pin_change,i need a reminder for my pin number,clinc,,[SL: pin_change],train
pin_change,help me remember my pin number,clinc,,[SL: pin_change],train
pin_change,change the pin on my bofa account to 3892,clinc,,[SL: pin_change],train
pin_change,i need to reset my pin number,clinc,,[SL: pin_change],train
pin_change,can you reset my pin number,clinc,,[SL: pin_change],train
pin_change,can you change my 1st national account pin to 4892,clinc,,[SL: pin_change],train
pin_change,can you help me with my pin number,clinc,,[SL: pin_change],train
pin_change,please make the pin on my zion bank account to 3232,clinc,,[SL: pin_change],train
pin_change,can you tell me my password checking account,clinc,,[SL: pin_change],train
pin_change,please tell me my pin number for my synovus account,clinc,,[SL: pin_change],train
pin_change,what's my pin for my fidelity account,clinc,,[SL: pin_change],train
pin_change,i cant recall my pin number for my city first account,clinc,,[SL: pin_change],train
pin_change,i forgot my pin number for my northfield account,clinc,,[SL: pin_change],train
pin_change,i'd like to change my pin number for my wells fargo account,clinc,,[SL: pin_change],train
pin_change,i would like to change my pin number for my chase account,clinc,,[SL: pin_change],train
pin_change,i need to change my pin number for my checking account,clinc,,[SL: pin_change],train
pin_change,i'd like to change my pin number for my savings account,clinc,,[SL: pin_change],train
pin_change,i forgot my pin number to my chase account,clinc,,[SL: pin_change],train
pin_change,can you help me remember my pin to my boa account,clinc,,[SL: pin_change],train
play_music,can i get some music by three six mafia in here,clinc,,[SL: play_music],train
play_music,what does x’s music sound like,clinc,,[SL: play_music],train
play_music,may i hear some music by fleet foxes,clinc,,[SL: play_music],train
play_music,can i hear some music by cloud control,clinc,,[SL: play_music],train
play_music,can x’s music be played,clinc,,[SL: play_music],train
play_music,play some music for me,clinc,,[SL: play_music],train
play_music,i'd like to hear my workout playlist,clinc,,[SL: play_music],train
play_music,put on my jam session playlist please,clinc,,[SL: play_music],train
play_music,can i hear my smooth jazz playlist,clinc,,[SL: play_music],train
play_music,play a song for me,clinc,,[SL: play_music],train
play_music,let's hear my workout playlist,clinc,,[SL: play_music],train
play_music,put my workout playlist on,clinc,,[SL: play_music],train
play_music,"put my music on, please",clinc,,[SL: play_music],train
play_music,play rock playlist,clinc,,[SL: play_music],train
play_music,play some music,clinc,,[SL: play_music],train
play_music,rock playlist please,clinc,,[SL: play_music],train
play_music,can you play music,clinc,,[SL: play_music],train
play_music,i want to listen to music,clinc,,[SL: play_music],train
play_music,can you play the rock playlist,clinc,,[SL: play_music],train
play_music,music please,clinc,,[SL: play_music],train
play_music,rock music playlist,clinc,,[SL: play_music],train
play_music,i want to hear my rock playlist,clinc,,[SL: play_music],train
play_music,play that song hey,clinc,,[SL: play_music],train
play_music,yo play that song that go like she take my money,clinc,,[SL: play_music],train
play_music,can u play the song that sound like bells going off,clinc,,[SL: play_music],train
play_music,play me the playlist entitled jazz,clinc,,[SL: play_music],train
play_music,turn on the rap playlist,clinc,,[SL: play_music],train
play_music,turn my drake playlist on,clinc,,[SL: play_music],train
play_music,i want to hear my hip hop playlist,clinc,,[SL: play_music],train
play_music,i need to listen to my beyonce playlist,clinc,,[SL: play_music],train
play_music,can you play right above it,clinc,,[SL: play_music],train
play_music,can you play everlong by foo fighters,clinc,,[SL: play_music],train
play_music,play the song god's plan,clinc,,[SL: play_music],train
play_music,please play come as you are by nirvana,clinc,,[SL: play_music],train
play_music,please play the new lady gaga song,clinc,,[SL: play_music],train
play_music,can you put on music by beach house,clinc,,[SL: play_music],train
play_music,can you find music by slow magic to put on,clinc,,[SL: play_music],train
play_music,i want to play my maroon 5 playlist,clinc,,[SL: play_music],train
play_music,"i want to listen to my maroon 5 playlist, play it for me",clinc,,[SL: play_music],train
play_music,look up my maroon 5 playlists; play it,clinc,,[SL: play_music],train
play_music,would you play my maroon 5 playlist,clinc,,[SL: play_music],train
play_music,i need for you to play my maroon 5 playlist,clinc,,[SL: play_music],train
play_music,can you play music the beatles,clinc,,[SL: play_music],train
play_music,i need to play the song that goes like hey jude don't make it bad,clinc,,[SL: play_music],train
play_music,please play even flow by pearl jam,clinc,,[SL: play_music],train
play_music,play help! by the beatles,clinc,,[SL: play_music],train
play_music,i wanna play the song that goes like hey jude don't make it bad,clinc,,[SL: play_music],train
play_music,please play 1979 by the smashing pumpkins,clinc,,[SL: play_music],train
play_music,can you play music by bob dylan,clinc,,[SL: play_music],train
play_music,can you play music by led zeppelin,clinc,,[SL: play_music],train
play_music,go ahead and play the song that goes like hey jude don't make it bad,clinc,,[SL: play_music],train
play_music,please play the song that goes like hey jude don't make it bad,clinc,,[SL: play_music],train
play_music,can you play some music by the beatles for me,clinc,,[SL: play_music],train
play_music,play the song that goes like hey jude don't make it bad,clinc,,[SL: play_music],train
play_music,play heart shaped box,clinc,,[SL: play_music],train
play_music,play hey jude,clinc,,[SL: play_music],train
play_music,can you play music by the rolling stones,clinc,,[SL: play_music],train
play_music,commence playing music,clinc,,[SL: play_music],train
play_music,play me some music,clinc,,[SL: play_music],train
play_music,i want to hear some music,clinc,,[SL: play_music],train
play_music,start up some music,clinc,,[SL: play_music],train
play_music,start playing some music,clinc,,[SL: play_music],train
play_music,i want to hear my vaporwave playlist,clinc,,[SL: play_music],train
play_music,play my post-rock playlist,clinc,,[SL: play_music],train
play_music,play the song called guerrilla radio,clinc,,[SL: play_music],train
play_music,resume my metal playlist,clinc,,[SL: play_music],train
play_music,resume my death metal playlist,clinc,,[SL: play_music],train
play_music,please play my taylor swift mix,clinc,,[SL: play_music],train
play_music,start my playlist,clinc,,[SL: play_music],train
play_music,start playing my black metal playlist,clinc,,[SL: play_music],train
play_music,play the song called blood brothers,clinc,,[SL: play_music],train
play_music,play that song called bring the noise,clinc,,[SL: play_music],train
play_music,play me some tunes,clinc,,[SL: play_music],train
play_music,i want to hear pop music,clinc,,[SL: play_music],train
play_music,play some rock,clinc,,[SL: play_music],train
play_music,play that song called colony of birchman,clinc,,[SL: play_music],train
play_music,play the song called tiny dancer,clinc,,[SL: play_music],train
play_music,turn the radio on for some music,clinc,,[SL: play_music],train
play_music,can you play your guitar right now,clinc,,[SL: play_music],train
play_music,"can you play me that, ""baby shark, doo doo,"" song",clinc,,[SL: play_music],train
play_music,"play the song with the lyrics, ""baby shark, doo doo",clinc,,[SL: play_music],train
play_music,"find the song with, ""baby shark, doo doo",clinc,,[SL: play_music],train
play_music,"i want to hear the song that has, ""baby shark, doo doo",clinc,,[SL: play_music],train
play_music,"that ""baby shark, doo doo,"" song, i want to hear it",clinc,,[SL: play_music],train
play_music,i want to hear beatles music,clinc,,[SL: play_music],train
play_music,i want to listen to music by the beatles,clinc,,[SL: play_music],train
play_music,play songs by the beatles,clinc,,[SL: play_music],train
play_music,play music by the beatles,clinc,,[SL: play_music],train
play_music,play beatles,clinc,,[SL: play_music],train
play_music,pull up my shower playlist,clinc,,[SL: play_music],train
play_music,i need to hear my shower playlist,clinc,,[SL: play_music],train
play_music,use my shower playlist,clinc,,[SL: play_music],train
play_music,do the shower playlist please,clinc,,[SL: play_music],train
play_music,i want to hear my shower playlist,clinc,,[SL: play_music],train
play_music,is it okay to listen to elvis' music,clinc,,[SL: play_music],train
play_music,can you play elvis,clinc,,[SL: play_music],train
play_music,can you let me listen to elvis,clinc,,[SL: play_music],train
play_music,do you have music by elvis,clinc,,[SL: play_music],train
play_music,do you have any elvis music,clinc,,[SL: play_music],train
play_music,find that song that goes something like i'm hooked on a feeling,clinc,,[SL: play_music],train
plug_type,do i need a socket converter if i'm going to mexico,clinc,,[SL: plug_type],train
plug_type,does england have a different plug type and if so what is it,clinc,,[SL: plug_type],train
plug_type,is there a conversion plug if you travel to australia,clinc,,[SL: plug_type],train
plug_type,what kind of plug type do they use in russia,clinc,,[SL: plug_type],train
plug_type,what type of plug do i need to bring if i visit japan,clinc,,[SL: plug_type],train
plug_type,what type of plug do they use in mexico,clinc,,[SL: plug_type],train
plug_type,"when you go to germany, do you need a special converter for your plugs",clinc,,[SL: plug_type],train
plug_type,do visitors to japan need to use a socket converter,clinc,,[SL: plug_type],train
plug_type,do you need a special outlet converter in sweden,clinc,,[SL: plug_type],train
plug_type,do i need a power adapter in mexico,clinc,,[SL: plug_type],train
plug_type,do they use special outlets in australia,clinc,,[SL: plug_type],train
plug_type,do they use any special type of plug in spain that you need a converter for,clinc,,[SL: plug_type],train
plug_type,do i need to have a socket converter in canada,clinc,,[SL: plug_type],train
plug_type,is a socket converter required if i travel to russia,clinc,,[SL: plug_type],train
plug_type,do they use weird plugs in australia where i'd need some kind of socket converter,clinc,,[SL: plug_type],train
plug_type,is there an outlet plug adapter,clinc,,[SL: plug_type],train
plug_type,can you tell me what kind of outlet plug there is over there,clinc,,[SL: plug_type],train
plug_type,how do i know what the outlets are like,clinc,,[SL: plug_type],train
plug_type,"i'm going out of country, what type of outlet plug do i need",clinc,,[SL: plug_type],train
plug_type,what if i have the wrong plug,clinc,,[SL: plug_type],train
plug_type,do i need a socket converter if i'm going to be in ohio,clinc,,[SL: plug_type],train
plug_type,"in osaka, do i need a plug converter for my electronics",clinc,,[SL: plug_type],train
plug_type,will i need a plug converter for my electronics in amman,clinc,,[SL: plug_type],train
plug_type,what plug types are there in cuba,clinc,,[SL: plug_type],train
plug_type,"in chile, what kind of plugs are used",clinc,,[SL: plug_type],train
plug_type,what type of plugs do they use in london,clinc,,[SL: plug_type],train
plug_type,if i visit cairo will i need a plug converter,clinc,,[SL: plug_type],train
plug_type,to charge my phone in india will i need a plug converter,clinc,,[SL: plug_type],train
plug_type,what kind of plugs will i need when i'm in ecuador,clinc,,[SL: plug_type],train
plug_type,will i need to use a plug converter in el salvador,clinc,,[SL: plug_type],train
plug_type,what plugs are used in spain,clinc,,[SL: plug_type],train
plug_type,what type of plug does the country use,clinc,,[SL: plug_type],train
plug_type,give me the plug type for the country,clinc,,[SL: plug_type],train
plug_type,what kind of plug does the country use,clinc,,[SL: plug_type],train
plug_type,i have to know what plug that country uses,clinc,,[SL: plug_type],train
plug_type,inform me as to the plug type of the country,clinc,,[SL: plug_type],train
plug_type,which type of plugs do they use in scotland,clinc,,[SL: plug_type],train
plug_type,are socket converters needed in lisbon,clinc,,[SL: plug_type],train
plug_type,will i need a socket converter when i go to france,clinc,,[SL: plug_type],train
plug_type,is a socket converter required in india,clinc,,[SL: plug_type],train
plug_type,what kind of plug does my hair dryer use in south korea,clinc,,[SL: plug_type],train
plug_type,if i go to dublin is a socket converter needed,clinc,,[SL: plug_type],train
plug_type,what type of plugs are used in cambodia,clinc,,[SL: plug_type],train
plug_type,what kind of plug do i need for my razor in ireland,clinc,,[SL: plug_type],train
plug_type,when i go to dubai will i need a socket converter,clinc,,[SL: plug_type],train
plug_type,"when i go to mexico, what kind of plugs do i need",clinc,,[SL: plug_type],train
plug_type,what kind of plug converter is needed in c,clinc,,[SL: plug_type],train
plug_type,what kind of outlets does havana have,clinc,,[SL: plug_type],train
plug_type,do i need a plug converter in doha,clinc,,[SL: plug_type],train
plug_type,is a plug converter required for haiti,clinc,,[SL: plug_type],train
plug_type,do i need to get a plug converter for athens,clinc,,[SL: plug_type],train
plug_type,do i need a socket converter if i'm going to be in russia,clinc,,[SL: plug_type],train
plug_type,do i need a plug converter when i visit russia,clinc,,[SL: plug_type],train
plug_type,do i need a socket converter if i'm going to be in china,clinc,,[SL: plug_type],train
plug_type,do i need a socket converter if i'm going to be in uruguay,clinc,,[SL: plug_type],train
plug_type,do i need a plug converter when i visit belgium,clinc,,[SL: plug_type],train
plug_type,what plug type does russia use,clinc,,[SL: plug_type],train
plug_type,what plug type does greece use,clinc,,[SL: plug_type],train
plug_type,do i need a socket converter if i'm going to be in germany,clinc,,[SL: plug_type],train
plug_type,what plug type does spain use,clinc,,[SL: plug_type],train
plug_type,what plug type is used in spain,clinc,,[SL: plug_type],train
plug_type,do i need a socket converter if i'm going to be in france,clinc,,[SL: plug_type],train
plug_type,tell me the plug type that is used in scotland,clinc,,[SL: plug_type],train
plug_type,should i bring a converter to barcelona,clinc,,[SL: plug_type],train
plug_type,do i need a converter in barcelona,clinc,,[SL: plug_type],train
plug_type,are barcelona plugs compatible,clinc,,[SL: plug_type],train
plug_type,will my plugs work in barcelona,clinc,,[SL: plug_type],train
plug_type,are the plugs different in barcelona,clinc,,[SL: plug_type],train
plug_type,what kind of outlets do they use in z,clinc,,[SL: plug_type],train
plug_type,what kind of electrical outlets do they use in z,clinc,,[SL: plug_type],train
plug_type,what kind of electrical plugs do they uze in z,clinc,,[SL: plug_type],train
plug_type,what kind of hertz outlets do they use in z,clinc,,[SL: plug_type],train
plug_type,do i need a socket converter in england,clinc,,[SL: plug_type],train
plug_type,are socket converters necessary in england,clinc,,[SL: plug_type],train
plug_type,should i bring my socket converter while traveling to england,clinc,,[SL: plug_type],train
plug_type,should i bring my socket converter to england,clinc,,[SL: plug_type],train
plug_type,does england require socket converters,clinc,,[SL: plug_type],train
plug_type,should i buy a specific plug type when in china,clinc,,[SL: plug_type],train
plug_type,would i need to buy a plug converter when in rome,clinc,,[SL: plug_type],train
plug_type,do i really need a plug converter when in london,clinc,,[SL: plug_type],train
plug_type,what type of plug do i need when in rome,clinc,,[SL: plug_type],train
plug_type,would it be smart to get a plug converter when i visit israel,clinc,,[SL: plug_type],train
plug_type,what do the plugs look like in japan,clinc,,[SL: plug_type],train
plug_type,should i buy a plug converter if i am traveling to egypt,clinc,,[SL: plug_type],train
plug_type,does australia have different plug sizes,clinc,,[SL: plug_type],train
plug_type,what are those european plugs called,clinc,,[SL: plug_type],train
plug_type,should i purchase a new plug converter when in france,clinc,,[SL: plug_type],train
plug_type,when i visit thailand do i need a plug converter,clinc,,[SL: plug_type],train
plug_type,can i use the plug i use at home when traveling in south america,clinc,,[SL: plug_type],train
plug_type,is a plug converter necessary in mexico,clinc,,[SL: plug_type],train
plug_type,when in europe would i be able to use a regular plug,clinc,,[SL: plug_type],train
plug_type,can i use an ordinary plug in scotland,clinc,,[SL: plug_type],train
plug_type,what is the plug type in france,clinc,,[SL: plug_type],train
plug_type,what plug type would i use in japan,clinc,,[SL: plug_type],train
plug_type,do i need a plug converter when i visit france,clinc,,[SL: plug_type],train
plug_type,do i need a plug converter when i visit china,clinc,,[SL: plug_type],train
plug_type,do i need a socket converter if i'm going to be in sweden,clinc,,[SL: plug_type],train
plug_type,do i need a socket converter if i'm going to be in eithiopia,clinc,,[SL: plug_type],train
plug_type,do i need a socket converter if i'm going to be in hong kong,clinc,,[SL: plug_type],train
plug_type,what plug type should i use in england,clinc,,[SL: plug_type],train
recipe,whats the best way to roast a chicken,clinc,,[SL: recipe],train
recipe,how do i make pie crust,clinc,,[SL: recipe],train
recipe,find a recipe for german chocolate cake,clinc,,[SL: recipe],train
recipe,how do i fry pork chops,clinc,,[SL: recipe],train
recipe,how do i cook boiled eggs,clinc,,[SL: recipe],train
recipe,"find a chow mein recipe for me, please",clinc,,[SL: recipe],train
recipe,do you know how to make chow mein,clinc,,[SL: recipe],train
recipe,can you find a recipe on how to make chow mein,clinc,,[SL: recipe],train
recipe,tell me how to make chow mein,clinc,,[SL: recipe],train
recipe,i would like you to help me find a chow mein recipe,clinc,,[SL: recipe],train
recipe,show me a beef recipe,clinc,,[SL: recipe],train
recipe,what is a good beef recipe,clinc,,[SL: recipe],train
recipe,i need a recipe for beef,clinc,,[SL: recipe],train
recipe,give me a beef recipe,clinc,,[SL: recipe],train
recipe,where is a beef recipe,clinc,,[SL: recipe],train
recipe,you know procedure to cook apple pie,clinc,,[SL: recipe],train
recipe,what is needed you to cook apple pie,clinc,,[SL: recipe],train
recipe,do you know what are the ingredients to make apple pie,clinc,,[SL: recipe],train
recipe,do you know recipe for making apple pie,clinc,,[SL: recipe],train
recipe,how do you cook apple pie,clinc,,[SL: recipe],train
recipe,how do i make pumpkin pie,clinc,,[SL: recipe],train
recipe,making spaghetti sauce perfectly is done how,clinc,,[SL: recipe],train
recipe,making ribs perfectly is done how,clinc,,[SL: recipe],train
recipe,how do i make lemon merengue pie,clinc,,[SL: recipe],train
recipe,how do i make lassagna,clinc,,[SL: recipe],train
recipe,search for a macaroni and cheese recipe,clinc,,[SL: recipe],train
recipe,can you get me a recipe for mashed potatoes,clinc,,[SL: recipe],train
recipe,i need instructions on how to make shepherd's pie please,clinc,,[SL: recipe],train
recipe,please help me with instructions on making chicken curry,clinc,,[SL: recipe],train
recipe,what are the steps i need to follow to make chewy rice krispies treats,clinc,,[SL: recipe],train
recipe,what's the best way to make chicken stir fry,clinc,,[SL: recipe],train
recipe,how do i make tuna salad,clinc,,[SL: recipe],train
recipe,can you give me a recipe for german chocolate cake,clinc,,[SL: recipe],train
recipe,i need a recipe on how to make beef stew,clinc,,[SL: recipe],train
recipe,i want a good recipe that shows me how to bake chocolate chip cookies from scratch,clinc,,[SL: recipe],train
recipe,please search for a chocolate fudge brownies recipe,clinc,,[SL: recipe],train
recipe,will you give me some guidance on how to make ceviche,clinc,,[SL: recipe],train
recipe,can you search for the best new york style cheesecake recipes please,clinc,,[SL: recipe],train
recipe,look up easy to follow recipes for beef ribs,clinc,,[SL: recipe],train
recipe,i need the best recipe for mashed potatoes,clinc,,[SL: recipe],train
recipe,can you find me a recipe for pie,clinc,,[SL: recipe],train
recipe,can you find me a recipe for quiche,clinc,,[SL: recipe],train
recipe,can you find me a recipe for pasta,clinc,,[SL: recipe],train
recipe,can you find me a recipe for ribs,clinc,,[SL: recipe],train
recipe,can you find me a recipe for cake,clinc,,[SL: recipe],train
recipe,what steps are involved in making lasagna,clinc,,[SL: recipe],train
recipe,how can i make chicken pot pie,clinc,,[SL: recipe],train
recipe,how to make mac and cheese,clinc,,[SL: recipe],train
recipe,how do you make pot roast,clinc,,[SL: recipe],train
recipe,can you find a hearty lasagna recipe,clinc,,[SL: recipe],train
recipe,find a good recipe for meatloaf,clinc,,[SL: recipe],train
recipe,i am looking for a vegan friendly italian pasta recipe,clinc,,[SL: recipe],train
recipe,how do you cook meatloaf,clinc,,[SL: recipe],train
recipe,i need a vegi lasagna recipe,clinc,,[SL: recipe],train
recipe,i need a quick recipe for spiral ham,clinc,,[SL: recipe],train
recipe,what's the recipe for rice noodles,clinc,,[SL: recipe],train
recipe,can you help me find a lasagna recipe,clinc,,[SL: recipe],train
recipe,i need a recipe for chicken pot pie,clinc,,[SL: recipe],train
recipe,help me find a recipe for a beef casserole,clinc,,[SL: recipe],train
recipe,i need help finding a recipe for enchiladas,clinc,,[SL: recipe],train
recipe,i need to know how to make philly cheesesteaks,clinc,,[SL: recipe],train
recipe,i need a blackberry pie recipe,clinc,,[SL: recipe],train
recipe,what do i need to do to make blackberry pie,clinc,,[SL: recipe],train
recipe,blackberry pie instructions,clinc,,[SL: recipe],train
recipe,how do you make blackberry pie,clinc,,[SL: recipe],train
recipe,how do i bake a blackberry pie,clinc,,[SL: recipe],train
recipe,do you have a cookbook that could teach me to make sushi,clinc,,[SL: recipe],train
recipe,can you teach me how to make sushi,clinc,,[SL: recipe],train
recipe,where can i look to learn to make sushi,clinc,,[SL: recipe],train
recipe,what do you need to do to make sushi,clinc,,[SL: recipe],train
recipe,is there a good website to teach me how to make sushi,clinc,,[SL: recipe],train
recipe,tell me how to make beef wellington,clinc,,[SL: recipe],train
recipe,what's a good recipe for chicken divan,clinc,,[SL: recipe],train
recipe,find me a recipe for teriyaki chicken,clinc,,[SL: recipe],train
recipe,find out how to make chicken tikka masala,clinc,,[SL: recipe],train
recipe,how do i make beef stroganoff,clinc,,[SL: recipe],train
recipe,please show me a recipe for chili,clinc,,[SL: recipe],train
recipe,what is a good chili recipe,clinc,,[SL: recipe],train
recipe,i need you to find me a recipe for fried shrimp,clinc,,[SL: recipe],train
recipe,can you find me a recipe for coffee cakes,clinc,,[SL: recipe],train
recipe,can you find me a recipe for salsa,clinc,,[SL: recipe],train
recipe,can you find me a recipe for honey ham,clinc,,[SL: recipe],train
recipe,can you find me a recipe for cheese cake,clinc,,[SL: recipe],train
recipe,can you find me a recipe for sugar cookies,clinc,,[SL: recipe],train
recipe,can you find me a recipe for carrot cake,clinc,,[SL: recipe],train
recipe,how do you make benedict arnold,clinc,,[SL: recipe],train
recipe,how do you create pork chili,clinc,,[SL: recipe],train
recipe,what's the best way to make a broccoli salad,clinc,,[SL: recipe],train
recipe,are there instructions on how to make buttermilk pancakes,clinc,,[SL: recipe],train
recipe,what's the way to make apple pie,clinc,,[SL: recipe],train
recipe,what's the process of making a burrito,clinc,,[SL: recipe],train
recipe,how do i make a taco that's worth eating,clinc,,[SL: recipe],train
recipe,how do i make that scottish dish with all the blood and sausage,clinc,,[SL: recipe],train
recipe,is there a recipe for chili i can use,clinc,,[SL: recipe],train
recipe,please give me instructions on making blueberry pie,clinc,,[SL: recipe],train
recipe,can you instruct me on how to make german chocolate cake,clinc,,[SL: recipe],train
recipe,how do i make the perfect omelette,clinc,,[SL: recipe],train
recipe,i want to make sour dough bread please find a good recipe for me,clinc,,[SL: recipe],train
recipe,i need a really good recipe for making doughnuts,clinc,,[SL: recipe],train
recipe,please find me a recipe for spaghetti now,clinc,,[SL: recipe],train
restaurant_reservation,"you need to call the melt in lakewood for a table for at 2:00, monday, the first week in march",clinc,,[SL: restaurant_reservation],train
restaurant_reservation,"hey computer, make a reservation for 2 for my parents at red lobster on wednseday next, 2:00pm if possible",clinc,,[SL: restaurant_reservation],train
restaurant_reservation,"i think we should reserve dad's regular table friday for 6 people, use his name, make that close to 4:00 pm at the club",clinc,,[SL: restaurant_reservation],train
restaurant_reservation,"listen i need to get a reservation for , me and teresa at georgetown cafe on tuesday at 7:00 pm",clinc,,[SL: restaurant_reservation],train
restaurant_reservation,can you make me a reservation for 4 pm on the 22nd at ruth's,clinc,,[SL: restaurant_reservation],train
restaurant_reservation,i need a reservation at 8 on the 22nd of november at ruth's,clinc,,[SL: restaurant_reservation],train
restaurant_reservation,can i make a reservation for 6 pm on the 21st at sidetracks,clinc,,[SL: restaurant_reservation],train
restaurant_reservation,please reserve me a table at hell's kitchen on may 3rd at 8 pm,clinc,,[SL: restaurant_reservation],train
restaurant_reservation,please reserve me a table for 2 pm at maxwell's on the 14th,clinc,,[SL: restaurant_reservation],train
restaurant_reservation,can you make a reservation for me at the restaurant,clinc,,[SL: restaurant_reservation],train
restaurant_reservation,can you make a reservation at the restaurant for tomorrow,clinc,,[SL: restaurant_reservation],train
restaurant_reservation,can you book a table at the restaurant for me and my husband,clinc,,[SL: restaurant_reservation],train
restaurant_reservation,can you make a reservation at the restaurant for tonight,clinc,,[SL: restaurant_reservation],train
restaurant_reservation,can you get me a table for 6 at mark's at 11am,clinc,,[SL: restaurant_reservation],train
restaurant_reservation,can you get me a table for 1 at the vega at 1pm,clinc,,[SL: restaurant_reservation],train
restaurant_reservation,can you get a table for 5 at joe's at 5pm,clinc,,[SL: restaurant_reservation],train
restaurant_reservation,can you get me a table for 3 at captain d's at 2pm,clinc,,[SL: restaurant_reservation],train
restaurant_reservation,can you get me a table for 2 at mexico viejo at 3pm,clinc,,[SL: restaurant_reservation],train
restaurant_reservation,can you get me a table for 2 at diablo,clinc,,[SL: restaurant_reservation],train
restaurant_reservation,can you get me a table for 5 at johnnys,clinc,,[SL: restaurant_reservation],train
restaurant_reservation,can you get me a table for 8 at johnnys,clinc,,[SL: restaurant_reservation],train
restaurant_reservation,can you get me a table for 6 at johnnys,clinc,,[SL: restaurant_reservation],train
restaurant_reservation,can you get me a table for 4 at steve's,clinc,,[SL: restaurant_reservation],train
restaurant_reservation,reserve a table for 3 at outback steakhouse under the name lance at 7:00pm,clinc,,[SL: restaurant_reservation],train
restaurant_reservation,reserve a table for 4 at red lobster under the name dave at 7:30pm,clinc,,[SL: restaurant_reservation],train
restaurant_reservation,reserve a table for 6 at morton's under the name jaime at 8:30pm,clinc,,[SL: restaurant_reservation],train
restaurant_reservation,can you get me a table for 3 at olive garden at 7pm,clinc,,[SL: restaurant_reservation],train
restaurant_reservation,book a reservation for 6 at shakey's under the name jason,clinc,,[SL: restaurant_reservation],train
restaurant_reservation,reserve a table for 5 at lawry's under the name steve at 8:00pm,clinc,,[SL: restaurant_reservation],train
restaurant_reservation,book a reservation for 5 at lawry's under the name chris,clinc,,[SL: restaurant_reservation],train
restaurant_reservation,reserve a table for 2 at olive garden under the name jim at 6:00pm,clinc,,[SL: restaurant_reservation],train
restaurant_reservation,book a reservation for 4 at outback steakhouse under the name dave,clinc,,[SL: restaurant_reservation],train
restaurant_reservation,can you get me a table for 5 at outback steakhouse at 6:30pm,clinc,,[SL: restaurant_reservation],train
restaurant_reservation,book a reservation for 3 at red lobster under the name steve,clinc,,[SL: restaurant_reservation],train
restaurant_reservation,book a reservation for 2 at olive garden under the name jim,clinc,,[SL: restaurant_reservation],train
restaurant_reservation,can you get me a table for 8 at mastro's at 8:30pm,clinc,,[SL: restaurant_reservation],train
restaurant_reservation,can you get me a table for 4 at red lobster at 8pm,clinc,,[SL: restaurant_reservation],train
restaurant_reservation,can you get me a table for 6 at lawry's at 7:30pm,clinc,,[SL: restaurant_reservation],train
restaurant_reservation,is it possible to get a table for 4 at the village inn around 10am,clinc,,[SL: restaurant_reservation],train
restaurant_reservation,can you get me a table for 5 at mcdonalds at 5pm,clinc,,[SL: restaurant_reservation],train
restaurant_reservation,give me a table for 3 at o'reilly's bar for 7 please,clinc,,[SL: restaurant_reservation],train
restaurant_reservation,can i have a table held at the outback steakhouse for johnson at 5,clinc,,[SL: restaurant_reservation],train
restaurant_reservation,is it possible to book a room at the taco bell for reavers at 3,clinc,,[SL: restaurant_reservation],train
restaurant_reservation,i'd like to set up a reservation for kibble at 4,clinc,,[SL: restaurant_reservation],train
restaurant_reservation,can i reserve a table for 2 at the olive garden at 8,clinc,,[SL: restaurant_reservation],train
restaurant_reservation,i want to reserve a table at 8 at long john silver's under the name freddie,clinc,,[SL: restaurant_reservation],train
restaurant_reservation,i want to have a table for 2 at the broadmore around 6,clinc,,[SL: restaurant_reservation],train
restaurant_reservation,i need an 8 o'clock reservation at pizza hut for the last name mercury,clinc,,[SL: restaurant_reservation],train
restaurant_reservation,"hey, i need to make a reservation for three at umi, six pm on february 30th",clinc,,[SL: restaurant_reservation],train
restaurant_reservation,"hello, i'd like a reservation for two at the olive garden at six tonight",clinc,,[SL: restaurant_reservation],train
restaurant_reservation,can you set me up for a reservation for five at outback steakhouse on february 28th at seven pm,clinc,,[SL: restaurant_reservation],train
restaurant_reservation,"i need a reservation for one at applebee's, four in the afternoon on march 3rd",clinc,,[SL: restaurant_reservation],train
restaurant_reservation,"please make a reservation for me: party of two, february 22nd at chili's, two in the afternoon",clinc,,[SL: restaurant_reservation],train
restaurant_reservation,i gotta make a reservation for 8 pm at red robin for 3,clinc,,[SL: restaurant_reservation],train
restaurant_reservation,can i make a reservation for 8 pm at red robin for 3,clinc,,[SL: restaurant_reservation],train
restaurant_reservation,please book a reservation for 8 pm at red robin under the name kevin,clinc,,[SL: restaurant_reservation],train
restaurant_reservation,i want you to book a reservation for 8 pm at red robin under the name kevin,clinc,,[SL: restaurant_reservation],train
restaurant_reservation,you have to reserve a table for 4 at red robin under the name kevin at 7,clinc,,[SL: restaurant_reservation],train
restaurant_reservation,please reserve a table for 4 at red robin under the name kevin at 7,clinc,,[SL: restaurant_reservation],train
restaurant_reservation,i need you to reserve a table for 4 at red robin under the name kevin at 7,clinc,,[SL: restaurant_reservation],train
restaurant_reservation,reserve a table for 4 at red robin under the name kevin at 7,clinc,,[SL: restaurant_reservation],train
restaurant_reservation,i want to make a reservation for 8 pm at red robin for 3,clinc,,[SL: restaurant_reservation],train
restaurant_reservation,you must reserve a table for 4 at red robin under the name kevin at 7,clinc,,[SL: restaurant_reservation],train
restaurant_reservation,i think i need to make a reservation for 8 pm at red robin for 3,clinc,,[SL: restaurant_reservation],train
restaurant_reservation,i need you to book a reservation for 8 pm at red robin under the name kevin,clinc,,[SL: restaurant_reservation],train
restaurant_reservation,go ahead and book a reservation for 8 pm at red robin under the name kevin,clinc,,[SL: restaurant_reservation],train
restaurant_reservation,i need to make a reservation for 8 pm at red robin for 3,clinc,,[SL: restaurant_reservation],train
restaurant_reservation,book a reservation for 8 pm at red robin under the name kevin,clinc,,[SL: restaurant_reservation],train
restaurant_reservation,would you please make a reservation for 2 at olive garden for 5 pm today,clinc,,[SL: restaurant_reservation],train
restaurant_reservation,i'd like a reservation for 2 at olive garden for 5 pm today,clinc,,[SL: restaurant_reservation],train
restaurant_reservation,could you make reservations for 2 at olive garden for 5 pm today,clinc,,[SL: restaurant_reservation],train
restaurant_reservation,make a reservation at 5 pm today for 2 at olive garden,clinc,,[SL: restaurant_reservation],train
restaurant_reservation,please make a reservation for 2 at olive garden for 5 pm today,clinc,,[SL: restaurant_reservation],train
restaurant_reservation,i need you to reserve a table for 6:00 pm for three at devon's seafood,clinc,,[SL: restaurant_reservation],train
restaurant_reservation,make a reservation for three at prime rib at 6:30 pm,clinc,,[SL: restaurant_reservation],train
restaurant_reservation,i would like a reservation for 6:30 pm at pietro's under the name david jones,clinc,,[SL: restaurant_reservation],train
restaurant_reservation,please reserve a table for two at rouge for 7:00 pm,clinc,,[SL: restaurant_reservation],train
restaurant_reservation,can you get me a table for two for 8:00 pm at parc,clinc,,[SL: restaurant_reservation],train
restaurant_reservation,i would like you to secure a 4:30 pm reservation for five people at morton's steakhouse,clinc,,[SL: restaurant_reservation],train
restaurant_reservation,"call and make a 5:45 pm reservation for jason rogers, table for four",clinc,,[SL: restaurant_reservation],train
restaurant_reservation,i need you to reserve at table for a party of four at devon's for 6:00 pm,clinc,,[SL: restaurant_reservation],train
restaurant_reservation,reserve a table for two for 7:30 pm at dibruno's under patrick donoghue,clinc,,[SL: restaurant_reservation],train
restaurant_reservation,please make a reservation at ruth's steaks for a party of five at 7:00 pm under jack arnold,clinc,,[SL: restaurant_reservation],train
restaurant_reservation,"can i make a reservation for 2 at state bird for 7:30, please",clinc,,[SL: restaurant_reservation],train
restaurant_reservation,"can i make a reservation for 2 at state bird for 8:30, please",clinc,,[SL: restaurant_reservation],train
restaurant_reservation,"can i make a reservation for 2 at state bird for 6:30, please",clinc,,[SL: restaurant_reservation],train
restaurant_reservation,"can i make a reservation for 3 at state bird for 8:30, please",clinc,,[SL: restaurant_reservation],train
restaurant_reservation,can i make a reservation for 2 at state bird for 8:30,clinc,,[SL: restaurant_reservation],train
restaurant_reservation,please make a reservation for us at joy bar for 4 adults,clinc,,[SL: restaurant_reservation],train
restaurant_reservation,please make me a reservation for monty's at noon for 55555,clinc,,[SL: restaurant_reservation],train
restaurant_reservation,"now, i need a reservation for backwoods crossing at seven for 6 people",clinc,,[SL: restaurant_reservation],train
restaurant_reservation,make me a reservation for tomorrow at happys for four,clinc,,[SL: restaurant_reservation],train
restaurant_reservation,make me a reservation for 5 at coral for 10 pm immediately,clinc,,[SL: restaurant_reservation],train
restaurant_reservation,can you reserve a table for 2 at red lobster at 8pm,clinc,,[SL: restaurant_reservation],train
restaurant_reservation,schedule me a table for 2 at red lobster at 8,clinc,,[SL: restaurant_reservation],train
restaurant_reservation,check reservation availability for 2 at red lobster at 8pm,clinc,,[SL: restaurant_reservation],train
restaurant_reservation,make a reservation for 2 at red lobster at 8pm,clinc,,[SL: restaurant_reservation],train
restaurant_reservation,reserve a table for 2 at red lobster at 8:00,clinc,,[SL: restaurant_reservation],train
restaurant_reservation,reserve a table for four for tonight at 7 at the fatted calf,clinc,,[SL: restaurant_reservation],train
restaurant_reservation,make a reservation for tuesday at 7:00 pm at cielo for 2,clinc,,[SL: restaurant_reservation],train
restaurant_reviews,do people like the donuts at tgi,clinc,,[SL: restaurant_reviews],train
restaurant_reviews,are the donuts at tgi well reviewed,clinc,,[SL: restaurant_reviews],train
restaurant_reviews,how are the donuts reviews at tgi,clinc,,[SL: restaurant_reviews],train
restaurant_reviews,what are the comments on the donuts at tgi,clinc,,[SL: restaurant_reviews],train
restaurant_reviews,are people recommending the donuts at tgi,clinc,,[SL: restaurant_reviews],train
restaurant_reviews,does outback steakhouse have good reviews,clinc,,[SL: restaurant_reviews],train
restaurant_reviews,does pizza hut have good reviews,clinc,,[SL: restaurant_reviews],train
restaurant_reviews,does have good reviews have great reviews,clinc,,[SL: restaurant_reviews],train
restaurant_reviews,does red robin have good reviews,clinc,,[SL: restaurant_reviews],train
restaurant_reviews,so does outback steakhouse have good reviews,clinc,,[SL: restaurant_reviews],train
restaurant_reviews,how good are the ratings for pizza hut,clinc,,[SL: restaurant_reviews],train
restaurant_reviews,how good are the ratings for red robin,clinc,,[SL: restaurant_reviews],train
restaurant_reviews,how good are the ratings for outback,clinc,,[SL: restaurant_reviews],train
restaurant_reviews,how good are the ratings for papa john's,clinc,,[SL: restaurant_reviews],train
restaurant_reviews,how good are the ratings for the olive garden,clinc,,[SL: restaurant_reviews],train
restaurant_reviews,what are people saying about chipotle,clinc,,[SL: restaurant_reviews],train
restaurant_reviews,tell me the reviews for chipotle,clinc,,[SL: restaurant_reviews],train
restaurant_reviews,do people like chipotle,clinc,,[SL: restaurant_reviews],train
restaurant_reviews,give me the reviews for chipotle,clinc,,[SL: restaurant_reviews],train
restaurant_reviews,what are the ratings for chipotle,clinc,,[SL: restaurant_reviews],train
restaurant_reviews,how good are the ratings for chic-fil-a,clinc,,[SL: restaurant_reviews],train
restaurant_reviews,how good are the ratings for olive garden,clinc,,[SL: restaurant_reviews],train
restaurant_reviews,how good are the ratings for longhorn steakhouse,clinc,,[SL: restaurant_reviews],train
restaurant_reviews,does chic-fil-a have good reviews,clinc,,[SL: restaurant_reviews],train
restaurant_reviews,how good are the ratings for outback steakhouse,clinc,,[SL: restaurant_reviews],train
restaurant_reviews,how good are the ratings for applebees,clinc,,[SL: restaurant_reviews],train
restaurant_reviews,does wendy's have good reviews,clinc,,[SL: restaurant_reviews],train
restaurant_reviews,does mcdonalds have good reviews,clinc,,[SL: restaurant_reviews],train
restaurant_reviews,does longhorn steakhouse have good reviews,clinc,,[SL: restaurant_reviews],train
restaurant_reviews,what reviews does miyabi have,clinc,,[SL: restaurant_reviews],train
restaurant_reviews,does applebee's have good reviews,clinc,,[SL: restaurant_reviews],train
restaurant_reviews,how are the reviews for cracker barrel,clinc,,[SL: restaurant_reviews],train
restaurant_reviews,are the reviews for mi casita good,clinc,,[SL: restaurant_reviews],train
restaurant_reviews,are the reviews good or bad for burger king,clinc,,[SL: restaurant_reviews],train
restaurant_reviews,tell me the ratings for the local denny's,clinc,,[SL: restaurant_reviews],train
restaurant_reviews,does the bleu olive have decent reviews,clinc,,[SL: restaurant_reviews],train
restaurant_reviews,how are the reviews for la loconda,clinc,,[SL: restaurant_reviews],train
restaurant_reviews,how many stars does la vignette have,clinc,,[SL: restaurant_reviews],train
restaurant_reviews,does the mediterranean grille have good reviews,clinc,,[SL: restaurant_reviews],train
restaurant_reviews,have you heard how the enchiladas are at jose's taco shop,clinc,,[SL: restaurant_reviews],train
restaurant_reviews,how does yelp report the enchiladas are at jose's taco shop,clinc,,[SL: restaurant_reviews],train
restaurant_reviews,does ihop have good reviews,clinc,,[SL: restaurant_reviews],train
restaurant_reviews,can you tell me if eating at outback's any good,clinc,,[SL: restaurant_reviews],train
restaurant_reviews,what do people say about village inn,clinc,,[SL: restaurant_reviews],train
restaurant_reviews,are the pancakes at ihop any good,clinc,,[SL: restaurant_reviews],train
restaurant_reviews,how are the reviews for spaghetti at the olive garden,clinc,,[SL: restaurant_reviews],train
restaurant_reviews,how's the lo mein rated at hun lee's,clinc,,[SL: restaurant_reviews],train
restaurant_reviews,how's the sausage pizza at pizza hut,clinc,,[SL: restaurant_reviews],train
restaurant_reviews,is mcdonalds a good place to eat,clinc,,[SL: restaurant_reviews],train
restaurant_reviews,what's the reviews have to say about burger king,clinc,,[SL: restaurant_reviews],train
restaurant_reviews,how are the burgers at carl jr's,clinc,,[SL: restaurant_reviews],train
restaurant_reviews,are the chili's reviews any good,clinc,,[SL: restaurant_reviews],train
restaurant_reviews,are the reviews for applebee's good,clinc,,[SL: restaurant_reviews],train
restaurant_reviews,i want to know how the mcdonalds reviews are,clinc,,[SL: restaurant_reviews],train
restaurant_reviews,tell me about the reviews for chilis,clinc,,[SL: restaurant_reviews],train
restaurant_reviews,let me know how the outback steakhouse reviews are,clinc,,[SL: restaurant_reviews],train
restaurant_reviews,how good are the ratings for per se,clinc,,[SL: restaurant_reviews],train
restaurant_reviews,what are the reviews like for khin khao,clinc,,[SL: restaurant_reviews],train
restaurant_reviews,how good are the ratings for the french laundry,clinc,,[SL: restaurant_reviews],train
restaurant_reviews,how good are the ratings for chez panisse,clinc,,[SL: restaurant_reviews],train
restaurant_reviews,how good are the ratings for peter luger steakhouse,clinc,,[SL: restaurant_reviews],train
restaurant_reviews,what are the reviews like for mission chinese,clinc,,[SL: restaurant_reviews],train
restaurant_reviews,what are the reviews like for zazie,clinc,,[SL: restaurant_reviews],train
restaurant_reviews,what are the reviews like for bar tartine,clinc,,[SL: restaurant_reviews],train
restaurant_reviews,what are the reviews like for la camelia,clinc,,[SL: restaurant_reviews],train
restaurant_reviews,how are people liking the sushi at yakamoto,clinc,,[SL: restaurant_reviews],train
restaurant_reviews,is there any opinions on the sushi at yakamoto,clinc,,[SL: restaurant_reviews],train
restaurant_reviews,is the sushi well-received at yakamoto,clinc,,[SL: restaurant_reviews],train
restaurant_reviews,at yakamoto how is their sushi,clinc,,[SL: restaurant_reviews],train
restaurant_reviews,what is the sushi like at yakamoto,clinc,,[SL: restaurant_reviews],train
restaurant_reviews,what are the reviews like at minnis,clinc,,[SL: restaurant_reviews],train
restaurant_reviews,does buffalo wild wings have good reviews,clinc,,[SL: restaurant_reviews],train
restaurant_reviews,tell me the reviews for bjs,clinc,,[SL: restaurant_reviews],train
restaurant_reviews,what are the ratings about at pho king,clinc,,[SL: restaurant_reviews],train
restaurant_reviews,how are the ratings like for buffalo wild wings,clinc,,[SL: restaurant_reviews],train
restaurant_reviews,read some of the reviews for wing stop,clinc,,[SL: restaurant_reviews],train
restaurant_reviews,does applebees have alright reviews,clinc,,[SL: restaurant_reviews],train
restaurant_reviews,does bjs get good reviews,clinc,,[SL: restaurant_reviews],train
restaurant_reviews,what are the ratings like for chilis,clinc,,[SL: restaurant_reviews],train
restaurant_reviews,what do the ratings say about korean bbq,clinc,,[SL: restaurant_reviews],train
restaurant_reviews,what do the ratings say for black bear diner,clinc,,[SL: restaurant_reviews],train
restaurant_reviews,what are the reviews for mountain mikes,clinc,,[SL: restaurant_reviews],train
restaurant_reviews,i need to hear reviews for panda express,clinc,,[SL: restaurant_reviews],train
restaurant_reviews,what are the reviews like for black bear dinner,clinc,,[SL: restaurant_reviews],train
restaurant_reviews,does chillis have good reviews,clinc,,[SL: restaurant_reviews],train
restaurant_reviews,do people like the food at wendy's,clinc,,[SL: restaurant_reviews],train
restaurant_reviews,are there any positive reviews for wendy's,clinc,,[SL: restaurant_reviews],train
restaurant_reviews,what kind of reviews does wendy's have,clinc,,[SL: restaurant_reviews],train
restaurant_reviews,are there any negative reviews for wendy's,clinc,,[SL: restaurant_reviews],train
restaurant_reviews,what do people think about the sandwiches at wendy's,clinc,,[SL: restaurant_reviews],train
restaurant_reviews,look up the ratings for olive garden,clinc,,[SL: restaurant_reviews],train
restaurant_reviews,pull up the ratings for macaroni grill,clinc,,[SL: restaurant_reviews],train
restaurant_reviews,tell me about the reviews for olive garden,clinc,,[SL: restaurant_reviews],train
restaurant_reviews,are the reviews for chevy's any good,clinc,,[SL: restaurant_reviews],train
restaurant_reviews,has ruby tuesday got good reviews,clinc,,[SL: restaurant_reviews],train
restaurant_reviews,does chili's have good reviews,clinc,,[SL: restaurant_reviews],train
restaurant_reviews,tell me how good ihop's ratings are,clinc,,[SL: restaurant_reviews],train
restaurant_reviews,fill me in on the reviews for ruby tuesday,clinc,,[SL: restaurant_reviews],train
restaurant_reviews,does ihop have positive reviews,clinc,,[SL: restaurant_reviews],train
restaurant_reviews,what are reviews for ihop like,clinc,,[SL: restaurant_reviews],train
restaurant_suggestion,can you suggest a restaurant for me to eat tonight,clinc,,[SL: restaurant_suggestion],train
restaurant_suggestion,tell me where to go since i want to eat out tonight,clinc,,[SL: restaurant_suggestion],train
restaurant_suggestion,"i'm craving for italian food, where should i go",clinc,,[SL: restaurant_suggestion],train
restaurant_suggestion,"suggest a restaurant for me to eat tonight, please",clinc,,[SL: restaurant_suggestion],train
restaurant_suggestion,"i'm not going to cook today, can you suggest a restaurant",clinc,,[SL: restaurant_suggestion],train
restaurant_suggestion,what restaurants are pet friendly near here,clinc,,[SL: restaurant_suggestion],train
restaurant_suggestion,what are the best restaurants,clinc,,[SL: restaurant_suggestion],train
restaurant_suggestion,what decent restaurants around here are italian,clinc,,[SL: restaurant_suggestion],train
restaurant_suggestion,do you know any good restaurants good for kids,clinc,,[SL: restaurant_suggestion],train
restaurant_suggestion,any good pizza restaurants around here,clinc,,[SL: restaurant_suggestion],train
restaurant_suggestion,where should i go to eat tonight,clinc,,[SL: restaurant_suggestion],train
restaurant_suggestion,where should i eat tonight,clinc,,[SL: restaurant_suggestion],train
restaurant_suggestion,"i want to eat out, where should i go",clinc,,[SL: restaurant_suggestion],train
restaurant_suggestion,give me some good restaurants,clinc,,[SL: restaurant_suggestion],train
restaurant_suggestion,"i'm hungry, where should i go",clinc,,[SL: restaurant_suggestion],train
restaurant_suggestion,name a good restaurant near me,clinc,,[SL: restaurant_suggestion],train
restaurant_suggestion,where should i go for dinner,clinc,,[SL: restaurant_suggestion],train
restaurant_suggestion,its date night and we cant decide where to go help,clinc,,[SL: restaurant_suggestion],train
restaurant_suggestion,where do people go to eat in this town,clinc,,[SL: restaurant_suggestion],train
restaurant_suggestion,i am hungry and need a restaurant suggestion,clinc,,[SL: restaurant_suggestion],train
restaurant_suggestion,can you tell me the best place for cajun shrimp in tampa,clinc,,[SL: restaurant_suggestion],train
restaurant_suggestion,what's a good place to eat chinese in san francisco,clinc,,[SL: restaurant_suggestion],train
restaurant_suggestion,what's a highly rated place for steak in omaha,clinc,,[SL: restaurant_suggestion],train
restaurant_suggestion,where can i pick up a good burger near where i am,clinc,,[SL: restaurant_suggestion],train
restaurant_suggestion,what's a good place to go to for food around here,clinc,,[SL: restaurant_suggestion],train
restaurant_suggestion,are there any decent places to get seafood in seattle,clinc,,[SL: restaurant_suggestion],train
restaurant_suggestion,what's the best place for some thai in new york city,clinc,,[SL: restaurant_suggestion],train
restaurant_suggestion,i'm famished so give me some places to eat!,clinc,,[SL: restaurant_suggestion],train
restaurant_suggestion,any ideas on a good place to eat out,clinc,,[SL: restaurant_suggestion],train
restaurant_suggestion,can you recommend any restaurants,clinc,,[SL: restaurant_suggestion],train
restaurant_suggestion,"i'm in the mood for italian, are there any good places around",clinc,,[SL: restaurant_suggestion],train
restaurant_suggestion,please list nearby restaurants with 4 or more star reviews,clinc,,[SL: restaurant_suggestion],train
restaurant_suggestion,where's a good place to get some grub,clinc,,[SL: restaurant_suggestion],train
restaurant_suggestion,where would you eat italian in chicago,clinc,,[SL: restaurant_suggestion],train
restaurant_suggestion,can i get good tacos anywhere in austin,clinc,,[SL: restaurant_suggestion],train
restaurant_suggestion,is there a good fish place in salem,clinc,,[SL: restaurant_suggestion],train
restaurant_suggestion,what are good places for a burrito in albuquerque,clinc,,[SL: restaurant_suggestion],train
restaurant_suggestion,where should i go out for food to,clinc,,[SL: restaurant_suggestion],train
restaurant_suggestion,can you recommend a decent place in chicago to get pizza,clinc,,[SL: restaurant_suggestion],train
restaurant_suggestion,do you know of any good restaurants,clinc,,[SL: restaurant_suggestion],train
restaurant_suggestion,help me find a good sushi spot in chicago,clinc,,[SL: restaurant_suggestion],train
restaurant_suggestion,can you find me a good restaurant to try eating at,clinc,,[SL: restaurant_suggestion],train
restaurant_suggestion,i want you to recommend a good local restaurant to me,clinc,,[SL: restaurant_suggestion],train
restaurant_suggestion,tell me some good mexican restaurants in dallas,clinc,,[SL: restaurant_suggestion],train
restaurant_suggestion,do you know of any good seafood restaurants in seattle,clinc,,[SL: restaurant_suggestion],train
restaurant_suggestion,please find me some good thai restaurants in new york city,clinc,,[SL: restaurant_suggestion],train
restaurant_suggestion,find me a good spot for southern comfort food in los angeles,clinc,,[SL: restaurant_suggestion],train
restaurant_suggestion,are there any good restaurants in nyc that serve barbecue,clinc,,[SL: restaurant_suggestion],train
restaurant_suggestion,"i want to go out to eat but have no idea where to go, do you know of any places",clinc,,[SL: restaurant_suggestion],train
restaurant_suggestion,i want recommendations for good sushi spots in los angeles,clinc,,[SL: restaurant_suggestion],train
restaurant_suggestion,do you know of any good mexican restaurants in seattle,clinc,,[SL: restaurant_suggestion],train
restaurant_suggestion,does boise have any good indian restaurants,clinc,,[SL: restaurant_suggestion],train
restaurant_suggestion,can you suggest some quality chinese restaurants in oklahoma city,clinc,,[SL: restaurant_suggestion],train
restaurant_suggestion,help me pick a nice restaurant to dine at,clinc,,[SL: restaurant_suggestion],train
restaurant_suggestion,what mexican restaurant within 5 miles has the best reviews,clinc,,[SL: restaurant_suggestion],train
restaurant_suggestion,show me 5-star dining establishments in nashville,clinc,,[SL: restaurant_suggestion],train
restaurant_suggestion,are there any good chinese restaurants open right now,clinc,,[SL: restaurant_suggestion],train
restaurant_suggestion,what are the best family restaurants in charlottesville,clinc,,[SL: restaurant_suggestion],train
restaurant_suggestion,"in boston, what are the best pizza places",clinc,,[SL: restaurant_suggestion],train
restaurant_suggestion,are there some good thai restaurants in san antonio,clinc,,[SL: restaurant_suggestion],train
restaurant_suggestion,what are the best italian restaurants in chicago,clinc,,[SL: restaurant_suggestion],train
restaurant_suggestion,where are the good thai restaurants in atlanta,clinc,,[SL: restaurant_suggestion],train
restaurant_suggestion,recommendations for good thai restaurants in las vegas,clinc,,[SL: restaurant_suggestion],train
restaurant_suggestion,where should i go for good thai food in las vegas,clinc,,[SL: restaurant_suggestion],train
restaurant_suggestion,i need suggestions for good thai restaurants in las vegas,clinc,,[SL: restaurant_suggestion],train
restaurant_suggestion,where are some good thai restaurants in las vegas,clinc,,[SL: restaurant_suggestion],train
restaurant_suggestion,tell me which restaurants are good for thai food in las vegas,clinc,,[SL: restaurant_suggestion],train
restaurant_suggestion,can you list off 4 star restaurants,clinc,,[SL: restaurant_suggestion],train
restaurant_suggestion,what type of restaurants are nearby,clinc,,[SL: restaurant_suggestion],train
restaurant_suggestion,i need to know what restaurants are near me,clinc,,[SL: restaurant_suggestion],train
restaurant_suggestion,can you list off different restaurants,clinc,,[SL: restaurant_suggestion],train
restaurant_suggestion,what are some good places to eat at,clinc,,[SL: restaurant_suggestion],train
restaurant_suggestion,could you locate me some good places in kentucky that serve sushi,clinc,,[SL: restaurant_suggestion],train
restaurant_suggestion,does kentucky have any good restaurants that serve sushi,clinc,,[SL: restaurant_suggestion],train
restaurant_suggestion,can you find me some good places in kentucky that serve sushi,clinc,,[SL: restaurant_suggestion],train
restaurant_suggestion,what are some good places in kentucky that serve sushi,clinc,,[SL: restaurant_suggestion],train
restaurant_suggestion,could you direct me to any good places in kentucky that serve sushi,clinc,,[SL: restaurant_suggestion],train
restaurant_suggestion,find me a new place for dinner,clinc,,[SL: restaurant_suggestion],train
restaurant_suggestion,can you find a good steakhouse for tonight,clinc,,[SL: restaurant_suggestion],train
restaurant_suggestion,what's a good restaurant nearby,clinc,,[SL: restaurant_suggestion],train
restaurant_suggestion,any new restaurants near the mall,clinc,,[SL: restaurant_suggestion],train
restaurant_suggestion,what's your recommendation for dining out tonight,clinc,,[SL: restaurant_suggestion],train
restaurant_suggestion,find me an asian restaurant,clinc,,[SL: restaurant_suggestion],train
restaurant_suggestion,is there a barbecue restaurant around here,clinc,,[SL: restaurant_suggestion],train
restaurant_suggestion,find an indian restaurant,clinc,,[SL: restaurant_suggestion],train
restaurant_suggestion,can you recommend an indian restaurant,clinc,,[SL: restaurant_suggestion],train
restaurant_suggestion,can you find a keto friendly restaurant,clinc,,[SL: restaurant_suggestion],train
restaurant_suggestion,is there any good place in hawaii for pasta,clinc,,[SL: restaurant_suggestion],train
restaurant_suggestion,is there any good place in hawaii kai that serve local food,clinc,,[SL: restaurant_suggestion],train
restaurant_suggestion,"i want sushi, is there any good place in ho chi minh",clinc,,[SL: restaurant_suggestion],train
restaurant_suggestion,is there any good place for vietnamese food on the east side of the island,clinc,,[SL: restaurant_suggestion],train
restaurant_suggestion,is there any good place for mexican food in hawaii,clinc,,[SL: restaurant_suggestion],train
restaurant_suggestion,what are some good sushi restaurants in reno,clinc,,[SL: restaurant_suggestion],train
restaurant_suggestion,which restaurants in reno are good for sushi,clinc,,[SL: restaurant_suggestion],train
restaurant_suggestion,what are the best sushi restaurants in reno,clinc,,[SL: restaurant_suggestion],train
restaurant_suggestion,what are good restaurants in reno that serve sushi,clinc,,[SL: restaurant_suggestion],train
restaurant_suggestion,are there any sushi restaurants in reno that have good reviews,clinc,,[SL: restaurant_suggestion],train
restaurant_suggestion,list me some good vietnamese restaurants in new york city,clinc,,[SL: restaurant_suggestion],train
restaurant_suggestion,suggest some restaurants,clinc,,[SL: restaurant_suggestion],train
restaurant_suggestion,give me some restaurant suggestions,clinc,,[SL: restaurant_suggestion],train
share_location,tell lydia and laura where i am located,clinc,,[SL: share_location],train
share_location,share my location with brad and terry,clinc,,[SL: share_location],train
share_location,tell john and sam where i am,clinc,,[SL: share_location],train
share_location,share my location with darren and stacey,clinc,,[SL: share_location],train
share_location,let cora and nancy know were i am now,clinc,,[SL: share_location],train
share_location,share my gps coordinates with my dad,clinc,,[SL: share_location],train
share_location,share my gps coordinates with kelly,clinc,,[SL: share_location],train
share_location,share my gps coordinates with my brother,clinc,,[SL: share_location],train
share_location,share my gps coordinates with my mother,clinc,,[SL: share_location],train
share_location,share my gps coordinates with jim,clinc,,[SL: share_location],train
share_location,please show my current location to andre,clinc,,[SL: share_location],train
share_location,give the boys my location please,clinc,,[SL: share_location],train
share_location,can you share my location with my girlfriends,clinc,,[SL: share_location],train
share_location,let shih chieh see my location,clinc,,[SL: share_location],train
share_location,"share my location with mom, please",clinc,,[SL: share_location],train
share_location,let coach know where i am,clinc,,[SL: share_location],train
share_location,share my location with ma,clinc,,[SL: share_location],train
share_location,tell base camp my gps coordinates,clinc,,[SL: share_location],train
share_location,tell the kids where i am,clinc,,[SL: share_location],train
share_location,let the folks know my gps coordinates,clinc,,[SL: share_location],train
share_location,my friend steve needs my gps coordinates send them to him,clinc,,[SL: share_location],train
share_location,let the rents have my current location,clinc,,[SL: share_location],train
share_location,let my group know what my current location is,clinc,,[SL: share_location],train
share_location,give boss my current location,clinc,,[SL: share_location],train
share_location,give me current gps coordinates to my sister,clinc,,[SL: share_location],train
share_location,give my current location to robyn now,clinc,,[SL: share_location],train
share_location,send my current location to my superior,clinc,,[SL: share_location],train
share_location,let lucy know my gps coordinates,clinc,,[SL: share_location],train
share_location,tell carl my gps coordinates,clinc,,[SL: share_location],train
share_location,i need you to send my location to paul and ryan,clinc,,[SL: share_location],train
share_location,share my coordinates with melissa and doug,clinc,,[SL: share_location],train
share_location,can you let sam and woody know where i am,clinc,,[SL: share_location],train
share_location,let randy and travis know where i'm at,clinc,,[SL: share_location],train
share_location,can you give my whereabouts to doug and buster,clinc,,[SL: share_location],train
share_location,please show me how to share my location with noel,clinc,,[SL: share_location],train
share_location,how do i share my location with noel,clinc,,[SL: share_location],train
share_location,i need to share my location with noel,clinc,,[SL: share_location],train
share_location,how can i show noel where i am right now,clinc,,[SL: share_location],train
share_location,i need to send my current location to sean,clinc,,[SL: share_location],train
share_location,i would like to share my location with my mom,clinc,,[SL: share_location],train
share_location,please send my location to haley,clinc,,[SL: share_location],train
share_location,i need to share my location with trey,clinc,,[SL: share_location],train
share_location,trey needs my current location,clinc,,[SL: share_location],train
share_location,can you tell bob and alice where i am,clinc,,[SL: share_location],train
share_location,i would like ms johannson and ms alba to be informed of my location,clinc,,[SL: share_location],train
share_location,advise sam of my current location please,clinc,,[SL: share_location],train
share_location,please send the police my location with gps,clinc,,[SL: share_location],train
share_location,please tell my location to bob,clinc,,[SL: share_location],train
share_location,i need you to push my location to cory,clinc,,[SL: share_location],train
share_location,please share my location with my boss and my lawyer,clinc,,[SL: share_location],train
share_location,give my boyfriend my gps coordinates,clinc,,[SL: share_location],train
share_location,will you let mary know my location,clinc,,[SL: share_location],train
share_location,send my location to my mom,clinc,,[SL: share_location],train
share_location,i need you to let mr miyagi and daniel know where i am,clinc,,[SL: share_location],train
share_location,can you share my current location with amy,clinc,,[SL: share_location],train
share_location,post my gps coordinates to my facebook friends,clinc,,[SL: share_location],train
share_location,please let my mom and dad know my location,clinc,,[SL: share_location],train
share_location,i need the tow truck to be given my gps coordinates,clinc,,[SL: share_location],train
share_location,have miranda know about my current location,clinc,,[SL: share_location],train
share_location,send the location i'm at with martin,clinc,,[SL: share_location],train
share_location,give my location right now to my family,clinc,,[SL: share_location],train
share_location,inform eric of my current location,clinc,,[SL: share_location],train
share_location,my gps coordiantes will be shared with aunt sunny,clinc,,[SL: share_location],train
share_location,gps coordinates share with home,clinc,,[SL: share_location],train
share_location,send my gps coordinates with home base please,clinc,,[SL: share_location],train
share_location,share to grandma my gps coordinates,clinc,,[SL: share_location],train
share_location,give adam my gps coordinates,clinc,,[SL: share_location],train
share_location,send my gps location to manuel,clinc,,[SL: share_location],train
share_location,give jim my gps location,clinc,,[SL: share_location],train
share_location,share my location with sarah,clinc,,[SL: share_location],train
share_location,give tim my current location from the gps,clinc,,[SL: share_location],train
share_location,can you forward my location to tom,clinc,,[SL: share_location],train
share_location,share my location with my sister,clinc,,[SL: share_location],train
share_location,share my location wtih amanda now,clinc,,[SL: share_location],train
share_location,share my location with mom,clinc,,[SL: share_location],train
share_location,start sending my location to alex,clinc,,[SL: share_location],train
share_location,tell brady where my location is,clinc,,[SL: share_location],train
share_location,share location with bill,clinc,,[SL: share_location],train
share_location,let barbara know where i'm at,clinc,,[SL: share_location],train
share_location,please tell wanda where i am now,clinc,,[SL: share_location],train
share_location,please tell steve my location,clinc,,[SL: share_location],train
share_location,tell bill and craig where i am,clinc,,[SL: share_location],train
share_location,give my location to bill and craig,clinc,,[SL: share_location],train
share_location,inform bill and craig of my location,clinc,,[SL: share_location],train
share_location,can you tell bill and craig where i am,clinc,,[SL: share_location],train
share_location,let bill and craig know where i am,clinc,,[SL: share_location],train
share_location,alert the wife of my exact location,clinc,,[SL: share_location],train
share_location,let the wife see where i'm at,clinc,,[SL: share_location],train
share_location,let dan know where i am,clinc,,[SL: share_location],train
share_location,allow my son to see my gps coordinates,clinc,,[SL: share_location],train
share_location,share my gps location with steve,clinc,,[SL: share_location],train
share_location,can you share my location with mom,clinc,,[SL: share_location],train
share_location,please allow dan to see my location,clinc,,[SL: share_location],train
share_location,can you let ben and jerry know my current location,clinc,,[SL: share_location],train
share_location,share my location with ben and jerry,clinc,,[SL: share_location],train
share_location,can you show ben and jerry where i am currently at,clinc,,[SL: share_location],train
share_location,send my location to ben and jerry,clinc,,[SL: share_location],train
share_location,let ben and jerry know where i am,clinc,,[SL: share_location],train
share_location,"how do i share where i am, with another person",clinc,,[SL: share_location],train
share_location,give tom my location,clinc,,[SL: share_location],train
shopping_list_update,delete fries from shopping list,clinc,,[SL: shopping_list_update],train
shopping_list_update,take off fries from the shopping list,clinc,,[SL: shopping_list_update],train
shopping_list_update,please take away the fries from the shopping list,clinc,,[SL: shopping_list_update],train
shopping_list_update,remove fries from my shopping list,clinc,,[SL: shopping_list_update],train
shopping_list_update,we no longer need fries on the shopping lisr,clinc,,[SL: shopping_list_update],train
shopping_list_update,"cross out bananas from my shopping list and put papayas on it, please",clinc,,[SL: shopping_list_update],train
shopping_list_update,i need to delete tomatoes from my shopping list and add onions instead,clinc,,[SL: shopping_list_update],train
shopping_list_update,can you add carrots to my shopping list and delete potatoes,clinc,,[SL: shopping_list_update],train
shopping_list_update,please remove ginger ale from my shopping list and add root beer,clinc,,[SL: shopping_list_update],train
shopping_list_update,"go ahead and erase cashews from my list, and add walnuts to it, please",clinc,,[SL: shopping_list_update],train
shopping_list_update,add eggs to my shopping list and remove cheese,clinc,,[SL: shopping_list_update],train
shopping_list_update,add corn to my shopping list and remove wine,clinc,,[SL: shopping_list_update],train
shopping_list_update,add flour to my shopping list if it's not already on it,clinc,,[SL: shopping_list_update],train
shopping_list_update,take bread off my shopping list and add milk,clinc,,[SL: shopping_list_update],train
shopping_list_update,please add sugar to my shopping list if it's not on it,clinc,,[SL: shopping_list_update],train
shopping_list_update,remove wine and add beer to my shopping list,clinc,,[SL: shopping_list_update],train
shopping_list_update,"is paprika listed on my shopping list, please add it",clinc,,[SL: shopping_list_update],train
shopping_list_update,"is bacon on my shopping list, add if it's not",clinc,,[SL: shopping_list_update],train
shopping_list_update,delete soda from my shopping list and add water to it,clinc,,[SL: shopping_list_update],train
shopping_list_update,"do i have pepper my shopping list, if not add it",clinc,,[SL: shopping_list_update],train
shopping_list_update,"are bananas on the list, if not can you add them",clinc,,[SL: shopping_list_update],train
shopping_list_update,"do i have bananas on my list, if not please put them on the list",clinc,,[SL: shopping_list_update],train
shopping_list_update,"are bananas already on the list, if not go ahead and add them",clinc,,[SL: shopping_list_update],train
shopping_list_update,are bananas on my shopping list can you add them if they aren't,clinc,,[SL: shopping_list_update],train
shopping_list_update,"do i have bananas on my shopping list, if not please add it",clinc,,[SL: shopping_list_update],train
shopping_list_update,add bread to my list of groceries,clinc,,[SL: shopping_list_update],train
shopping_list_update,add bread to my list of things to buy,clinc,,[SL: shopping_list_update],train
shopping_list_update,put bread on my shopping list,clinc,,[SL: shopping_list_update],train
shopping_list_update,make sure bread gets added to my shopping list,clinc,,[SL: shopping_list_update],train
shopping_list_update,remind me to buy bread next time i go shopping,clinc,,[SL: shopping_list_update],train
shopping_list_update,will you include kleenex on my list for shopping please,clinc,,[SL: shopping_list_update],train
shopping_list_update,make sure walnuts is on my shopping list,clinc,,[SL: shopping_list_update],train
shopping_list_update,put film on my shopping list,clinc,,[SL: shopping_list_update],train
shopping_list_update,add sprite to my shopping list,clinc,,[SL: shopping_list_update],train
shopping_list_update,write apples on my shopping list,clinc,,[SL: shopping_list_update],train
shopping_list_update,add oranges to my to do shopping list,clinc,,[SL: shopping_list_update],train
shopping_list_update,add mountain dew to my list for shopping,clinc,,[SL: shopping_list_update],train
shopping_list_update,add coke to my shopping cart,clinc,,[SL: shopping_list_update],train
shopping_list_update,add apples to my to do shopping list,clinc,,[SL: shopping_list_update],train
shopping_list_update,add pepsi to my shopping bag,clinc,,[SL: shopping_list_update],train
shopping_list_update,i'm out of bananas; add to shopping list,clinc,,[SL: shopping_list_update],train
shopping_list_update,i need for you to remove milk from my shopping list and add bread,clinc,,[SL: shopping_list_update],train
shopping_list_update,"on my shopping list, remove bread and add milk",clinc,,[SL: shopping_list_update],train
shopping_list_update,i need for you to get bananas added to my shopping list; i'm out,clinc,,[SL: shopping_list_update],train
shopping_list_update,would you add bananas to my shopping list as i am out,clinc,,[SL: shopping_list_update],train
shopping_list_update,add groceries to my shopping list as i am out,clinc,,[SL: shopping_list_update],train
shopping_list_update,please get milk removed from my shopping list and add bread,clinc,,[SL: shopping_list_update],train
shopping_list_update,would you remove bread from my shopping list and add bread,clinc,,[SL: shopping_list_update],train
shopping_list_update,i want to remove milk from my shopping list and add bread,clinc,,[SL: shopping_list_update],train
shopping_list_update,i am out of trash bags and need them to be added to my shopping list,clinc,,[SL: shopping_list_update],train
shopping_list_update,"please add milk on my shopping list, if it is not already on it",clinc,,[SL: shopping_list_update],train
shopping_list_update,do i have milk on my shopping list please add it if it is not,clinc,,[SL: shopping_list_update],train
shopping_list_update,i want you to add milk on my shopping list unless it is already on it,clinc,,[SL: shopping_list_update],train
shopping_list_update,i would like you to add milk if it is not on my shopping list already,clinc,,[SL: shopping_list_update],train
shopping_list_update,"is the milk on the shopping list if not, please add",clinc,,[SL: shopping_list_update],train
shopping_list_update,do me a favor and put sharpies on my list for shopping,clinc,,[SL: shopping_list_update],train
shopping_list_update,please put silverware on my list for shopping,clinc,,[SL: shopping_list_update],train
shopping_list_update,may i suggest we put paper towels on my list for shopping,clinc,,[SL: shopping_list_update],train
shopping_list_update,maybe we can put blank cds on my list for shopping,clinc,,[SL: shopping_list_update],train
shopping_list_update,can we put sunscreen on my list for shopping,clinc,,[SL: shopping_list_update],train
shopping_list_update,make sure to put extra paint on the list,clinc,,[SL: shopping_list_update],train
shopping_list_update,x on the shopping list please,clinc,,[SL: shopping_list_update],train
shopping_list_update,can you put carrots on my shopping list,clinc,,[SL: shopping_list_update],train
shopping_list_update,i would like to put carrots on my list for shopping,clinc,,[SL: shopping_list_update],train
shopping_list_update,remove corn from my shopping list,clinc,,[SL: shopping_list_update],train
shopping_list_update,put on my shopping list i need carots,clinc,,[SL: shopping_list_update],train
shopping_list_update,remove chips from my shopping list,clinc,,[SL: shopping_list_update],train
shopping_list_update,take frozen food off my shopping list,clinc,,[SL: shopping_list_update],train
shopping_list_update,i need soda added to my list and carrots removed,clinc,,[SL: shopping_list_update],train
shopping_list_update,i need oranges on my shopping list,clinc,,[SL: shopping_list_update],train
shopping_list_update,take carrots off my list for shopping,clinc,,[SL: shopping_list_update],train
shopping_list_update,my shopping list should have carrots on it,clinc,,[SL: shopping_list_update],train
shopping_list_update,remove carrots from my shopping list and add soda,clinc,,[SL: shopping_list_update],train
shopping_list_update,can you put oranges on my shopping list,clinc,,[SL: shopping_list_update],train
shopping_list_update,put carrots on my shopping list,clinc,,[SL: shopping_list_update],train
shopping_list_update,put soda on the shopping list and add carrots,clinc,,[SL: shopping_list_update],train
shopping_list_update,can you take frozen food of my shopping list,clinc,,[SL: shopping_list_update],train
shopping_list_update,can you take carrots off my shopping list and add soda,clinc,,[SL: shopping_list_update],train
shopping_list_update,please make sure oranges are on my shopping list,clinc,,[SL: shopping_list_update],train
shopping_list_update,add soda on my shopping list and remove carrots,clinc,,[SL: shopping_list_update],train
shopping_list_update,get rid of butter on my shopping list,clinc,,[SL: shopping_list_update],train
shopping_list_update,delete ice cream from my shopping list,clinc,,[SL: shopping_list_update],train
shopping_list_update,take fresh carrots off my shopping list,clinc,,[SL: shopping_list_update],train
shopping_list_update,i want you to remove shampoo from my shopping list,clinc,,[SL: shopping_list_update],train
shopping_list_update,"update my shopping list, delete canned olives",clinc,,[SL: shopping_list_update],train
shopping_list_update,can you put detergent on my shopping list cause i'm all out,clinc,,[SL: shopping_list_update],train
shopping_list_update,put milk on my shopping list cause i'm out of it,clinc,,[SL: shopping_list_update],train
shopping_list_update,put spaghetti on my shopping list cause i'm out of it please,clinc,,[SL: shopping_list_update],train
shopping_list_update,put rice and pudding on my shopping list cause i need them,clinc,,[SL: shopping_list_update],train
shopping_list_update,can you please put toilet paper on the shopping list i'm out of it,clinc,,[SL: shopping_list_update],train
shopping_list_update,i need to add cherrios to the grocery list,clinc,,[SL: shopping_list_update],train
shopping_list_update,i'm low on cherrios can you add that to the shopping list,clinc,,[SL: shopping_list_update],train
shopping_list_update,i ran out of cherrios so add that to the list,clinc,,[SL: shopping_list_update],train
shopping_list_update,add cherrios to the shopping list,clinc,,[SL: shopping_list_update],train
shopping_list_update,can you add cherrios to my shopping list,clinc,,[SL: shopping_list_update],train
shopping_list_update,"for the shopping list, add ham as well",clinc,,[SL: shopping_list_update],train
shopping_list_update,"are eggs on my list, if not add them",clinc,,[SL: shopping_list_update],train
shopping_list_update,i need you to add creamer to my shopping list,clinc,,[SL: shopping_list_update],train
shopping_list_update,please put milk on my list i just used the last of it,clinc,,[SL: shopping_list_update],train
shopping_list_update,"i no longer need milk, so forget that",clinc,,[SL: shopping_list_update],train
spending_history,how much did i spend at restaurants last week,clinc,,[SL: spending_history],train
spending_history,how much have i spent lately on eating out,clinc,,[SL: spending_history],train
spending_history,what did i spend at the grocery store yesterday,clinc,,[SL: spending_history],train
spending_history,how much money did i spend at starbucks in the last week,clinc,,[SL: spending_history],train
spending_history,what was the total i spent at home depot last month,clinc,,[SL: spending_history],train
spending_history,where did all my money go this month,clinc,,[SL: spending_history],train
spending_history,what have my expenditures been at macys,clinc,,[SL: spending_history],train
spending_history,how much did i spend this week,clinc,,[SL: spending_history],train
spending_history,how much did i spend on christmas gifts in december,clinc,,[SL: spending_history],train
spending_history,how much money did i spend yesterday,clinc,,[SL: spending_history],train
spending_history,what did i spend at bath and body works last month,clinc,,[SL: spending_history],train
spending_history,how much did i spend on lunches last week,clinc,,[SL: spending_history],train
spending_history,what amount did i spend last week,clinc,,[SL: spending_history],train
spending_history,what did i spend my money on last week,clinc,,[SL: spending_history],train
spending_history,how much did i spend on movies last week,clinc,,[SL: spending_history],train
spending_history,have i been spending a lot on groceries lately,clinc,,[SL: spending_history],train
spending_history,have i been spending a lot on shoes lately,clinc,,[SL: spending_history],train
spending_history,have i been spending a lot on food lately,clinc,,[SL: spending_history],train
spending_history,have i been spending a lot on alcohol lately,clinc,,[SL: spending_history],train
spending_history,have i been spending a lot on take out lately,clinc,,[SL: spending_history],train
spending_history,how much have i spent on shoes lately,clinc,,[SL: spending_history],train
spending_history,did i spend a lot on shoes recently,clinc,,[SL: spending_history],train
spending_history,how much have i spent on shoes,clinc,,[SL: spending_history],train
spending_history,have i have been spending a lot of money on shoes,clinc,,[SL: spending_history],train
spending_history,what is the total i spent on shoes recently,clinc,,[SL: spending_history],train
spending_history,what have i spent over the last few days,clinc,,[SL: spending_history],train
spending_history,how much have i spent recently,clinc,,[SL: spending_history],train
spending_history,how much money have i dropped recently,clinc,,[SL: spending_history],train
spending_history,how much money have i spent this month,clinc,,[SL: spending_history],train
spending_history,what's the amount of money i spent yesterday,clinc,,[SL: spending_history],train
spending_history,could you tell me how much i've spent over the past two weeks,clinc,,[SL: spending_history],train
spending_history,how much money have i spent this week,clinc,,[SL: spending_history],train
spending_history,could you tell me how much money i spent last week,clinc,,[SL: spending_history],train
spending_history,please tell me how much i have spent recently,clinc,,[SL: spending_history],train
spending_history,how much did i spend last week,clinc,,[SL: spending_history],train
spending_history,can you tell me my spending history from last week,clinc,,[SL: spending_history],train
spending_history,i want to know how much i spent last week,clinc,,[SL: spending_history],train
spending_history,i want to know my recent spending,clinc,,[SL: spending_history],train
spending_history,how much have i paid for rent in the last 6 months,clinc,,[SL: spending_history],train
spending_history,how much money have i spent on groceries recently,clinc,,[SL: spending_history],train
spending_history,how much did i spend on groceries today,clinc,,[SL: spending_history],train
spending_history,how much have i spent eating out this week,clinc,,[SL: spending_history],train
spending_history,what chunk of my income have i spent on rent this year,clinc,,[SL: spending_history],train
spending_history,what's it been costing me to buy three packs a day,clinc,,[SL: spending_history],train
spending_history,what have car repairs ran me this month,clinc,,[SL: spending_history],train
spending_history,what has gas cost me this week,clinc,,[SL: spending_history],train
spending_history,what did car insurance run me this year,clinc,,[SL: spending_history],train
spending_history,what's the total amount i've spent eating out in the last two weeks,clinc,,[SL: spending_history],train
spending_history,how much have i spent on alcohol recently,clinc,,[SL: spending_history],train
spending_history,how much have i spent on books recently,clinc,,[SL: spending_history],train
spending_history,how much have i spent on food recently,clinc,,[SL: spending_history],train
spending_history,how much have i spent on bills recently,clinc,,[SL: spending_history],train
spending_history,how much have i spent on clothes recently,clinc,,[SL: spending_history],train
spending_history,i need to know my total spending on amazon for november and december 2018,clinc,,[SL: spending_history],train
spending_history,please list my total spending on grocery shopping for the last two months,clinc,,[SL: spending_history],train
spending_history,how much have i spent on starbucks since the beginning of 2019,clinc,,[SL: spending_history],train
spending_history,what is my total spent on dining out for the month of january,clinc,,[SL: spending_history],train
spending_history,what is the total amount that i have spent on the cash app for this month so far,clinc,,[SL: spending_history],train
spending_history,have i spent a lot on food recently,clinc,,[SL: spending_history],train
spending_history,i need to know what i have spent on food recently,clinc,,[SL: spending_history],train
spending_history,can you tell me what i have spent on food recently,clinc,,[SL: spending_history],train
spending_history,what have i spent on food recently,clinc,,[SL: spending_history],train
spending_history,what is the amount i have spent on food recently,clinc,,[SL: spending_history],train
spending_history,how much have i lately spent on eating out,clinc,,[SL: spending_history],train
spending_history,what have i spent lately in child care,clinc,,[SL: spending_history],train
spending_history,how much have i spent lately on food,clinc,,[SL: spending_history],train
spending_history,how much money have i recently spent on entertainment,clinc,,[SL: spending_history],train
spending_history,how much have i paid in medical expenses recently,clinc,,[SL: spending_history],train
spending_history,how much did i spend on gas last week,clinc,,[SL: spending_history],train
spending_history,can you tell me what i spend on gas for the past two weeks,clinc,,[SL: spending_history],train
spending_history,yesterday what did i spend on lunch,clinc,,[SL: spending_history],train
spending_history,i need to know what i spend on utilities for the last year,clinc,,[SL: spending_history],train
spending_history,what did i spend on groceries this month,clinc,,[SL: spending_history],train
spending_history,have i been giving lot of money to food to food lately,clinc,,[SL: spending_history],train
spending_history,how much money did i use to spend on catering five hours ago,clinc,,[SL: spending_history],train
spending_history,how much did i spend on gear two weeks ago,clinc,,[SL: spending_history],train
spending_history,have i been spending a lot on roast beef lately,clinc,,[SL: spending_history],train
spending_history,have i been spending a ton of money on movies lately,clinc,,[SL: spending_history],train
spending_history,how much money did i spend on tent equipment four hours ago,clinc,,[SL: spending_history],train
spending_history,how much did i spend on furniture last week,clinc,,[SL: spending_history],train
spending_history,how much did i spend on petrol 2 days ago,clinc,,[SL: spending_history],train
spending_history,how much money did i spend on food last month,clinc,,[SL: spending_history],train
spending_history,would please let me know how much i spent on food in january,clinc,,[SL: spending_history],train
spending_history,could you check my account and let me know how much i spent on food in january,clinc,,[SL: spending_history],train
spending_history,please check and tell me the amount i spent on food last month,clinc,,[SL: spending_history],train
spending_history,let me know the amount i spent on food last month,clinc,,[SL: spending_history],train
spending_history,i have been spending a lot on food out lately,clinc,,[SL: spending_history],train
spending_history,i have spent a lot on groceries lately,clinc,,[SL: spending_history],train
spending_history,i spent a lot on vacations recently,clinc,,[SL: spending_history],train
spending_history,i have been spending a lot on utility bills lately,clinc,,[SL: spending_history],train
spending_history,i have been spending a lot on insurance lately,clinc,,[SL: spending_history],train
spending_history,did i go out to eat more than usual,clinc,,[SL: spending_history],train
spending_history,have i been spending more money at restaurants,clinc,,[SL: spending_history],train
spending_history,how much did i spend on food,clinc,,[SL: spending_history],train
spending_history,how much do i spend going out to eat,clinc,,[SL: spending_history],train
spending_history,what's my going out to eat tab this month vs last month,clinc,,[SL: spending_history],train
spending_history,how much did i spend shopping for clothes today,clinc,,[SL: spending_history],train
spending_history,how much did i spend the past 3 days,clinc,,[SL: spending_history],train
spending_history,how much did i spend on gas the past month,clinc,,[SL: spending_history],train
spending_history,how much have i spent on food in the past week,clinc,,[SL: spending_history],train
text,can you text elizabeth and tell them i forgot to bring drinks,clinc,,[SL: text],train
text,text wenona and tell her we will be there tomorrow,clinc,,[SL: text],train
text,text christopher and tell him i will stop by,clinc,,[SL: text],train
text,text audrey and tell her i will be there soon,clinc,,[SL: text],train
text,text christy and ask her what she wants for dinner,clinc,,[SL: text],train
text,can you text christopher and tell them im on my way,clinc,,[SL: text],train
text,text roderick and tell him im running late,clinc,,[SL: text],train
text,can you text marissa and tell them to stop calling me,clinc,,[SL: text],train
text,can you text arthur and tell them im almost there,clinc,,[SL: text],train
text,can you text kayla and tell them im running late,clinc,,[SL: text],train
text,text chris and ask what time he will be home,clinc,,[SL: text],train
text,send a text and tell chris i’m not working today,clinc,,[SL: text],train
text,text message chris and say i love you,clinc,,[SL: text],train
text,send chris a text message that says stop for milk on your way home,clinc,,[SL: text],train
text,send a text message to chris and ask what he wants to eat for dinner,clinc,,[SL: text],train
text,send ally a text message the message is that i just landed,clinc,,[SL: text],train
text,could you send a text to marty and say i am running behind,clinc,,[SL: text],train
text,send a text to brooklyn with the message that i will see them later,clinc,,[SL: text],train
text,please text nancy and give them the message that i am on vacation,clinc,,[SL: text],train
text,text bill and tell him i'll be 30 minutes late,clinc,,[SL: text],train
text,send a text to lisa and ask her to call me when she gets home,clinc,,[SL: text],train
text,give a text to my cousin linda that says happy birthday,clinc,,[SL: text],train
text,text tony and invite him to my party next saturday,clinc,,[SL: text],train
text,send my brother mike a text that says i'm home,clinc,,[SL: text],train
text,i have to send a text,clinc,,[SL: text],train
text,i need you to text someone for me,clinc,,[SL: text],train
text,send sal a text and tell them thanks,clinc,,[SL: text],train
text,i need you to send a text,clinc,,[SL: text],train
text,text sal and let them know the answer is yes,clinc,,[SL: text],train
text,let sal know by text i will be attending,clinc,,[SL: text],train
text,i have to have a text sent,clinc,,[SL: text],train
text,text sal and tell them hi,clinc,,[SL: text],train
text,i need sal to be texted and say i'll be there,clinc,,[SL: text],train
text,please send ann a text and tell her i will be home in 20 minutes,clinc,,[SL: text],train
text,please send a text to phil and ask him if he wants to play golf this weekend,clinc,,[SL: text],train
text,send bill a text for me and tell him i will be 30 minutes late,clinc,,[SL: text],train
text,send a text to ashley and ask her what she wants to do for supper,clinc,,[SL: text],train
text,send amy a text for me and tell her i need to meet,clinc,,[SL: text],train
text,i want to send a text message to,clinc,,[SL: text],train
text,create a text message to,clinc,,[SL: text],train
text,communicate via text to,clinc,,[SL: text],train
text,send text message to,clinc,,[SL: text],train
text,send a text message for me,clinc,,[SL: text],train
text,please send a text message to natalie for me,clinc,,[SL: text],train
text,i want to text natalie,clinc,,[SL: text],train
text,i want you to send a text message for me,clinc,,[SL: text],train
text,send a message to natalie in the form of a text,clinc,,[SL: text],train
text,message mom where are you,clinc,,[SL: text],train
text,compose a text to mom i'll talk to you later,clinc,,[SL: text],train
text,send mom a message i'll talk to you later,clinc,,[SL: text],train
text,send mom a text asking where are you,clinc,,[SL: text],train
text,send a text for me,clinc,,[SL: text],train
text,i want to send a text,clinc,,[SL: text],train
text,send a text to mom i'll talk to you later,clinc,,[SL: text],train
text,text mom i'll talk to you later,clinc,,[SL: text],train
text,text robby hello,clinc,,[SL: text],train
text,text mom and let her know i'll be there soon,clinc,,[SL: text],train
text,text mom where are you,clinc,,[SL: text],train
text,send mom a text i'll talk to you later,clinc,,[SL: text],train
text,compose text message,clinc,,[SL: text],train
text,send a message to mom be there soon,clinc,,[SL: text],train
text,start a new text,clinc,,[SL: text],train
text,create a new text,clinc,,[SL: text],train
text,set up a new text message,clinc,,[SL: text],train
text,send a text message to alice,clinc,,[SL: text],train
text,text alice,clinc,,[SL: text],train
text,write a text to alice,clinc,,[SL: text],train
text,text a message to alice,clinc,,[SL: text],train
text,text my doctor and tell him it happened again,clinc,,[SL: text],train
text,text mary and tell them i'm on my way,clinc,,[SL: text],train
text,text robert and tell him winter is coming,clinc,,[SL: text],train
text,text nick and tell him the car's ready,clinc,,[SL: text],train
text,text my wife and tell her i'm divorcing her,clinc,,[SL: text],train
text,can you tell bob to get his dog via text,clinc,,[SL: text],train
text,can you send a text to my mother irene and tell her i love her,clinc,,[SL: text],train
text,can you text mary and tell them it's ready,clinc,,[SL: text],train
text,can you ping priest chris with a text and send the following confession,clinc,,[SL: text],train
text,can you text the sgt adam and tell them i found the missing girl,clinc,,[SL: text],train
text,text matt and tell him i will be late tonight,clinc,,[SL: text],train
text,text paul and ask him what time the cookout is on saturday,clinc,,[SL: text],train
text,start a new text to maureen and tell her i go mom's christmas present,clinc,,[SL: text],train
text,text billy and tell him to be at monday's meeting at 3pm,clinc,,[SL: text],train
text,text william and ask him to pick up organic apples tonight,clinc,,[SL: text],train
text,write text message to someone,clinc,,[SL: text],train
text,text someone,clinc,,[SL: text],train
text,can you send a text to someone,clinc,,[SL: text],train
text,write text and send to someone,clinc,,[SL: text],train
text,send a text to someone,clinc,,[SL: text],train
text,text my friend for me and tell them to meet me later,clinc,,[SL: text],train
text,text my boss for me and tell them i will be a little bit late,clinc,,[SL: text],train
text,text my coworker for me and tell them the due date,clinc,,[SL: text],train
text,text my dad for me and tell them i love you,clinc,,[SL: text],train
text,text my mom for me and tell them i will be home soon,clinc,,[SL: text],train
text,please send a text,clinc,,[SL: text],train
text,send a text message,clinc,,[SL: text],train
text,i need to send a text,clinc,,[SL: text],train
text,can you send a text for me,clinc,,[SL: text],train
text,create a new text message,clinc,,[SL: text],train
text,please send a message to peter telling him to pick up milk,clinc,,[SL: text],train
text,text josh and tell him i need a delivery,clinc,,[SL: text],train
time,"what time is it in punta gorda, florida",clinc,,[SL: time],train
time,"what time is it in glenwood springs, co",clinc,,[SL: time],train
time,"what time is it in fredericksburg, tx",clinc,,[SL: time],train
time,"what time is it in las vegas, nv",clinc,,[SL: time],train
time,"what time is it in houston, tx",clinc,,[SL: time],train
time,i need to know the current time in the central timezone,clinc,,[SL: time],train
time,would you tell me the current time in the eastern timezone,clinc,,[SL: time],train
time,let me know the current time in the central timezone,clinc,,[SL: time],train
time,tell me what time it is in the central timezone,clinc,,[SL: time],train
time,i am needing to know the current time in the eastern timezone,clinc,,[SL: time],train
time,what is the time right now in the hst timezone,clinc,,[SL: time],train
time,can you tell me the current time,clinc,,[SL: time],train
time,what is the current time in cst,clinc,,[SL: time],train
time,i need to know what time it is in florida,clinc,,[SL: time],train
time,what is the time right now,clinc,,[SL: time],train
time,"in the mst time zone, what time is it right now",clinc,,[SL: time],train
time,tell me what time it is right now,clinc,,[SL: time],train
time,can you tell me the current time in the pacific timezone,clinc,,[SL: time],train
time,look up the time in california,clinc,,[SL: time],train
time,what is the current est time,clinc,,[SL: time],train
time,can you tell me what time it is please,clinc,,[SL: time],train
time,what time is it getting to be,clinc,,[SL: time],train
time,what time do you have on your watch,clinc,,[SL: time],train
time,what time would it be in rome right now,clinc,,[SL: time],train
time,what's the time in london,clinc,,[SL: time],train
time,what's the time set to in florida right now,clinc,,[SL: time],train
time,what time is it currently in istanbul,clinc,,[SL: time],train
time,what time is it right now in paris,clinc,,[SL: time],train
time,what's the time right now,clinc,,[SL: time],train
time,"current time, please",clinc,,[SL: time],train
time,would you mind telling me the time,clinc,,[SL: time],train
time,can you give me the time,clinc,,[SL: time],train
time,please let me know what time it is,clinc,,[SL: time],train
time,what is the exact time right now in the hawaii time zone,clinc,,[SL: time],train
time,what is the time,clinc,,[SL: time],train
time,what is the time right now in the peruvian time zone,clinc,,[SL: time],train
time,what is the exact time,clinc,,[SL: time],train
time,what time is it exactly in the new zealand time zone,clinc,,[SL: time],train
time,what is the exact time in the ist time zone,clinc,,[SL: time],train
time,what is the time in the utc timezone,clinc,,[SL: time],train
time,what time is it exactly,clinc,,[SL: time],train
time,what is the time now,clinc,,[SL: time],train
time,what time is it in russia,clinc,,[SL: time],train
time,what time is it,clinc,,[SL: time],train
time,"what is the time in sydney, australia",clinc,,[SL: time],train
time,what time is it in honolulu,clinc,,[SL: time],train
time,what's the current time in greenwhich,clinc,,[SL: time],train
time,what's the current time in est,clinc,,[SL: time],train
time,what time is it on the pacific coast right now,clinc,,[SL: time],train
time,"given my time, what time is it in mst",clinc,,[SL: time],train
time,have you the time,clinc,,[SL: time],train
time,when is it right now,clinc,,[SL: time],train
time,what hour and minute is it,clinc,,[SL: time],train
time,what time is it right now in cst,clinc,,[SL: time],train
time,what time is it in the eastern standard timezone,clinc,,[SL: time],train
time,what time is it in the pacific standard timezone,clinc,,[SL: time],train
time,what time is it in the alaska standard timezone,clinc,,[SL: time],train
time,what time is it in the central standard timezone,clinc,,[SL: time],train
time,what time is it in the mountain standard timezone,clinc,,[SL: time],train
time,now what is the time,clinc,,[SL: time],train
time,at the moment what is the time,clinc,,[SL: time],train
time,i want to know the time,clinc,,[SL: time],train
time,what time is it now,clinc,,[SL: time],train
time,do you know the current time in southern california,clinc,,[SL: time],train
time,what is the current time in china,clinc,,[SL: time],train
time,what is the current time in mexico city,clinc,,[SL: time],train
time,what is the current time in new york,clinc,,[SL: time],train
time,what is the current time in istanbul,clinc,,[SL: time],train
time,what time is it in buenos aires,clinc,,[SL: time],train
time,what time is it in north korea,clinc,,[SL: time],train
time,what does it say on the clock,clinc,,[SL: time],train
time,"in tokyo, what's the time",clinc,,[SL: time],train
time,"in tokyo, what time is it",clinc,,[SL: time],train
time,what's the time in tokyo,clinc,,[SL: time],train
time,time in tokyo,clinc,,[SL: time],train
time,what time is it in tokyo,clinc,,[SL: time],train
time,the time please,clinc,,[SL: time],train
time,i want to know what time it is,clinc,,[SL: time],train
time,can you tell me the time,clinc,,[SL: time],train
time,i would like to know the time,clinc,,[SL: time],train
time,i need to know the time,clinc,,[SL: time],train
time,the current time,clinc,,[SL: time],train
time,"in the eastern timezone, what time is it now",clinc,,[SL: time],train
time,"in the central timezone, what time is it",clinc,,[SL: time],train
time,what's the current time now cst,clinc,,[SL: time],train
time,"in pacific time, what's the current time",clinc,,[SL: time],train
time,what time is it now pacific time,clinc,,[SL: time],train
time,"what is the current time, please",clinc,,[SL: time],train
time,"what's the current time, please",clinc,,[SL: time],train
time,"what is the time, please",clinc,,[SL: time],train
time,how is the time,clinc,,[SL: time],train
time,please tell me the time,clinc,,[SL: time],train
time,what time is it in london,clinc,,[SL: time],train
time,what time is it in new york,clinc,,[SL: time],train
time,what time is it in paris,clinc,,[SL: time],train
time,what time is it in daniel boone national forest timezone,clinc,,[SL: time],train
time,what is the time in atlantic timezone,clinc,,[SL: time],train
time,what's the time in anchorage timezone,clinc,,[SL: time],train
time,"in bst timezone, what time is it",clinc,,[SL: time],train
time,do you have the time,clinc,,[SL: time],train
timezone,timezone of cuba,clinc,,[SL: timezone],train
timezone,what is the time zone of france,clinc,,[SL: timezone],train
timezone,french time zone,clinc,,[SL: timezone],train
timezone,which timezone is colombia,clinc,,[SL: timezone],train
timezone,time zone in france,clinc,,[SL: timezone],train
timezone,do you know what timezone italy is in,clinc,,[SL: timezone],train
timezone,italy's timezone is what,clinc,,[SL: timezone],train
timezone,the timezone of italy is what,clinc,,[SL: timezone],train
timezone,italy is in what timezone,clinc,,[SL: timezone],train
timezone,for italy what timezone is it in,clinc,,[SL: timezone],train
timezone,i wanna know what timezone spain is in,clinc,,[SL: timezone],train
timezone,what timezone is japan in,clinc,,[SL: timezone],train
timezone,what timezone is philadelphia in,clinc,,[SL: timezone],train
timezone,what timezone is china in,clinc,,[SL: timezone],train
timezone,what timezone is scotland in,clinc,,[SL: timezone],train
timezone,i need to know what timezone ireland is in,clinc,,[SL: timezone],train
timezone,what timezone is sweden in,clinc,,[SL: timezone],train
timezone,what timezone is phoenix in,clinc,,[SL: timezone],train
timezone,what timezone is dallas in,clinc,,[SL: timezone],train
timezone,tell me what timezone finland is in,clinc,,[SL: timezone],train
timezone,what timezone is canada in,clinc,,[SL: timezone],train
timezone,tell me the timezone that spain is in,clinc,,[SL: timezone],train
timezone,what timezone is detroit in,clinc,,[SL: timezone],train
timezone,what timezone is russia in,clinc,,[SL: timezone],train
timezone,what's the time zone in miami,clinc,,[SL: timezone],train
timezone,time zone in miami is what like,clinc,,[SL: timezone],train
timezone,how is miami time zone like,clinc,,[SL: timezone],train
timezone,time zone in miami is like what,clinc,,[SL: timezone],train
timezone,miami time zone is what,clinc,,[SL: timezone],train
timezone,what's the current timezone in barcelona,clinc,,[SL: timezone],train
timezone,can you tell me the timezone in san francisco,clinc,,[SL: timezone],train
timezone,"in paris, what's the timezone",clinc,,[SL: timezone],train
timezone,what's the timezone for london,clinc,,[SL: timezone],train
timezone,what timezone does lisbon have,clinc,,[SL: timezone],train
timezone,in what timezone is nigeria,clinc,,[SL: timezone],train
timezone,which timezone is england in,clinc,,[SL: timezone],train
timezone,can you tell me which timezone is cambodia in,clinc,,[SL: timezone],train
timezone,in which timezone is jamaica,clinc,,[SL: timezone],train
timezone,what timezone is viet nam in,clinc,,[SL: timezone],train
timezone,what's the timezone for brasilia,clinc,,[SL: timezone],train
timezone,which timezone is buenos aires in,clinc,,[SL: timezone],train
timezone,what timezone is lima in,clinc,,[SL: timezone],train
timezone,what's chicago's time zone,clinc,,[SL: timezone],train
timezone,what is the timezone for quito,clinc,,[SL: timezone],train
timezone,what timezone is chicago in,clinc,,[SL: timezone],train
timezone,what timezone is boise in,clinc,,[SL: timezone],train
timezone,what timezone is miami in,clinc,,[SL: timezone],train
timezone,whats the timezone for modesto,clinc,,[SL: timezone],train
timezone,what timezone is sacromento in,clinc,,[SL: timezone],train
timezone,whats the timezone for san fransico,clinc,,[SL: timezone],train
timezone,"if i’m in japan, what time zone am i in",clinc,,[SL: timezone],train
timezone,tell me what time zone portugal uses,clinc,,[SL: timezone],train
timezone,nigeria is in which time zone,clinc,,[SL: timezone],train
timezone,the time zone for brazil is what,clinc,,[SL: timezone],train
timezone,what time zone is ireland in,clinc,,[SL: timezone],train
timezone,what's the timezone for boston,clinc,,[SL: timezone],train
timezone,do you know the timezone for dublin,clinc,,[SL: timezone],train
timezone,what's the timezone for san diego,clinc,,[SL: timezone],train
timezone,what timezone is london is,clinc,,[SL: timezone],train
timezone,what timezone is melbourne in,clinc,,[SL: timezone],train
timezone,what timezone would tampa be in,clinc,,[SL: timezone],train
timezone,what timezone do they use in la,clinc,,[SL: timezone],train
timezone,can you tell me denver's timezone,clinc,,[SL: timezone],train
timezone,what timezone does bangor have,clinc,,[SL: timezone],train
timezone,does phoenix have a different timezone,clinc,,[SL: timezone],train
timezone,do you know the timezone for phoenix,clinc,,[SL: timezone],train
timezone,what timezone would i be in if i traveled to moscow,clinc,,[SL: timezone],train
timezone,"if you're in melbourne, what timezone are you in",clinc,,[SL: timezone],train
timezone,what timezone is milan in,clinc,,[SL: timezone],train
timezone,detroit is in what timezone,clinc,,[SL: timezone],train
timezone,can you tell me what timezone chicago is in,clinc,,[SL: timezone],train
timezone,doy ou know what timezone chicago is in,clinc,,[SL: timezone],train
timezone,could you tell me what timezone reno is in,clinc,,[SL: timezone],train
timezone,reno's timezone is what,clinc,,[SL: timezone],train
timezone,"if i change my timezone to reno, what would it be",clinc,,[SL: timezone],train
timezone,do you know what the timezone is in reno,clinc,,[SL: timezone],train
timezone,"if i am in reno, what would the timezone be",clinc,,[SL: timezone],train
timezone,find the applicable timezone for austin,clinc,,[SL: timezone],train
timezone,what time zone are we currently in,clinc,,[SL: timezone],train
timezone,please search for portland's timezone,clinc,,[SL: timezone],train
timezone,in what timezone does baton rouge fall,clinc,,[SL: timezone],train
timezone,can you tell me the timezone that hartford is in,clinc,,[SL: timezone],train
timezone,i need to know what timezone sedona is in,clinc,,[SL: timezone],train
timezone,can you tell my what france's timezone is,clinc,,[SL: timezone],train
timezone,i would like information on france's timezone,clinc,,[SL: timezone],train
timezone,i want to know france's timezone,clinc,,[SL: timezone],train
timezone,which timezone is france in,clinc,,[SL: timezone],train
timezone,what timezone is france in,clinc,,[SL: timezone],train
timezone,what timezone is new york in,clinc,,[SL: timezone],train
timezone,what timezone is reno in,clinc,,[SL: timezone],train
timezone,what timezone is vegas in,clinc,,[SL: timezone],train
timezone,what timezone is los angeles in,clinc,,[SL: timezone],train
timezone,is austin in the central timezone,clinc,,[SL: timezone],train
timezone,does the central timezone include austin,clinc,,[SL: timezone],train
timezone,what is the timezone in las vegas,clinc,,[SL: timezone],train
timezone,which timezone is las vegas in,clinc,,[SL: timezone],train
timezone,las vegas is in what timezone,clinc,,[SL: timezone],train
timezone,tell me the timezone las vegas is in,clinc,,[SL: timezone],train
timezone,las vegas timezone please,clinc,,[SL: timezone],train
timezone,what timezone is boston in,clinc,,[SL: timezone],train
transactions,before i make my mastercard payment can you tell me what i've recently charged on it,clinc,,[SL: transactions],train
transactions,please tell me all of my recent transactions,clinc,,[SL: transactions],train
transactions,i want to pay my amazon credit card but i need to know the last few transactions,clinc,,[SL: transactions],train
transactions,before i pay my walmart credit card did i make any purchases using it recently,clinc,,[SL: transactions],train
transactions,i need to know all the recent transactions i've made,clinc,,[SL: transactions],train
transactions,please tell me all the transactions i've made recently,clinc,,[SL: transactions],train
transactions,what are the last ten transactions i've made,clinc,,[SL: transactions],train
transactions,"before i pay my capital one, what are the most recent transactions i've made",clinc,,[SL: transactions],train
transactions,tell me the most recent charges on my chase credit card before i pay the bill,clinc,,[SL: transactions],train
transactions,read off to me the last five transactions i've made,clinc,,[SL: transactions],train
transactions,what transactions have i made on liquor in the past month,clinc,,[SL: transactions],train
transactions,i'd like to see last week's atm transactions,clinc,,[SL: transactions],train
transactions,show me the transactions from costco yesterday,clinc,,[SL: transactions],train
transactions,i need to know something about my latest transaction,clinc,,[SL: transactions],train
transactions,can you check on a transaction for me,clinc,,[SL: transactions],train
transactions,i need some information on a recent transaction,clinc,,[SL: transactions],train
transactions,i need a recent transaction looked into,clinc,,[SL: transactions],train
transactions,can you let me know my latest transactions,clinc,,[SL: transactions],train
transactions,what was the last thing i purchased,clinc,,[SL: transactions],train
transactions,what did i buy last,clinc,,[SL: transactions],train
transactions,how much did my last purchase cost,clinc,,[SL: transactions],train
transactions,how expensive was my most recent transaction,clinc,,[SL: transactions],train
transactions,when was my most recent transaction,clinc,,[SL: transactions],train
transactions,show me the transactions made on my business card for supplies last quarter,clinc,,[SL: transactions],train
transactions,may i get all of the food transactions that were made last month,clinc,,[SL: transactions],train
transactions,can you show me the transactions that were made last night at the restaurant,clinc,,[SL: transactions],train
transactions,what transactions did i make yesterday at the flea market,clinc,,[SL: transactions],train
transactions,please show me what transactions i made on the first of this month,clinc,,[SL: transactions],train
transactions,please tell me my in-person transactions for the last three days using my debit card,clinc,,[SL: transactions],train
transactions,please give me my last ten debit card transactions in the month of december,clinc,,[SL: transactions],train
transactions,what were my last five transactions on my visa card,clinc,,[SL: transactions],train
transactions,i would like to hear all transactions made on my amex for the last ten days,clinc,,[SL: transactions],train
transactions,can you list all of my online transactions for the month of january,clinc,,[SL: transactions],train
transactions,show me my transactions on groceries,clinc,,[SL: transactions],train
transactions,show me my transactions on tacobell,clinc,,[SL: transactions],train
transactions,show me my transactions on make up at sephora,clinc,,[SL: transactions],train
transactions,show me my transactions on mcdonalds,clinc,,[SL: transactions],train
transactions,show me my transactions on clothes at macys,clinc,,[SL: transactions],train
transactions,let me see the list of tranaction on my discovery credit card,clinc,,[SL: transactions],train
transactions,let me know the list of transaction on my first hawaiian bank,clinc,,[SL: transactions],train
transactions,i want to see the list of transaction on my bank of hawaii,clinc,,[SL: transactions],train
transactions,list me my recent transaction,clinc,,[SL: transactions],train
transactions,what are my recent transaction,clinc,,[SL: transactions],train
transactions,please show me my recent transaction,clinc,,[SL: transactions],train
transactions,i want to see my recent transaction,clinc,,[SL: transactions],train
transactions,let me check my transaction for first bank card,clinc,,[SL: transactions],train
transactions,let me check my transaction on my citi card,clinc,,[SL: transactions],train
transactions,show me my recent transactoin,clinc,,[SL: transactions],train
transactions,on my card what have been my recent purchases,clinc,,[SL: transactions],train
transactions,pull up my recent transactions on my mastercard,clinc,,[SL: transactions],train
transactions,on the card can you give me the last transactions,clinc,,[SL: transactions],train
transactions,whats my recent transactions on my card,clinc,,[SL: transactions],train
transactions,on my card what all are my latest transactions,clinc,,[SL: transactions],train
transactions,show my transaction statement,clinc,,[SL: transactions],train
transactions,retrieve my recent transactions,clinc,,[SL: transactions],train
transactions,view my transactions for the last week,clinc,,[SL: transactions],train
transactions,my transaction history,clinc,,[SL: transactions],train
transactions,may transactions for last 2 days,clinc,,[SL: transactions],train
transactions,what was my last transaction,clinc,,[SL: transactions],train
transactions,show me recent transactions,clinc,,[SL: transactions],train
transactions,what transactions happened in the last week,clinc,,[SL: transactions],train
transactions,show me the last month of transactions,clinc,,[SL: transactions],train
transactions,show me the last five transactions,clinc,,[SL: transactions],train
transactions,what's the last transaction i made yesterday,clinc,,[SL: transactions],train
transactions,show me yesterday's last transaction,clinc,,[SL: transactions],train
transactions,open yesterday's last payment,clinc,,[SL: transactions],train
transactions,show me last transaction,clinc,,[SL: transactions],train
transactions,show me transactions related to travel,clinc,,[SL: transactions],train
transactions,help me get access to my recent transaction history,clinc,,[SL: transactions],train
transactions,i need to see my shopping transactions,clinc,,[SL: transactions],train
transactions,get me access to a list of my recent transactions,clinc,,[SL: transactions],train
transactions,i would like to take a look at my transaction history,clinc,,[SL: transactions],train
transactions,can you pull up my most recent transactions,clinc,,[SL: transactions],train
transactions,i want to see my entertainment transactions,clinc,,[SL: transactions],train
transactions,where can i find my recent transaction history,clinc,,[SL: transactions],train
transactions,can you show me transactions related to utilities,clinc,,[SL: transactions],train
transactions,pull up my grocery transactions,clinc,,[SL: transactions],train
transactions,what were my purchases on visa card last month,clinc,,[SL: transactions],train
transactions,i spent what dollar amount last month on mastercard,clinc,,[SL: transactions],train
transactions,what was the amount that i spent on fidelity visa last month,clinc,,[SL: transactions],train
transactions,what did i spend at target on my barclays card last month,clinc,,[SL: transactions],train
transactions,what amount did i spend for food on chase visa on current bill,clinc,,[SL: transactions],train
transactions,i need to know last months transactions,clinc,,[SL: transactions],train
transactions,i need to know the transactions i made on the 10th,clinc,,[SL: transactions],train
transactions,i would like to see the transactions i made last week,clinc,,[SL: transactions],train
transactions,can i see my transactions on the 7th,clinc,,[SL: transactions],train
transactions,can i get my transactions for the date of the 23rd,clinc,,[SL: transactions],train
transactions,show me the transaction on burger king,clinc,,[SL: transactions],train
transactions,show me the transaction on macys,clinc,,[SL: transactions],train
transactions,show me the transaction on mcdonald,clinc,,[SL: transactions],train
transactions,show me the transaction on the food,clinc,,[SL: transactions],train
transactions,show me the transaction on my car,clinc,,[SL: transactions],train
transactions,bring up all purchases from target,clinc,,[SL: transactions],train
transactions,show me my transactions within the past week,clinc,,[SL: transactions],train
transactions,can i see my transactions from yesterday,clinc,,[SL: transactions],train
transactions,show me all gas purchases within the last month,clinc,,[SL: transactions],train
transactions,can you list all recent transactions,clinc,,[SL: transactions],train
transactions,bring up my most recent purchases,clinc,,[SL: transactions],train
transactions,i need to see all visa purchases for march,clinc,,[SL: transactions],train
transactions,"looking at january, show all wine purchases",clinc,,[SL: transactions],train
transfer,i need $20000 transferred from my savings to my checking,clinc,,[SL: transfer],train
transfer,complete a transaction from savings to checking of $20000,clinc,,[SL: transfer],train
transfer,transfer $20000 from my savings account to checking account,clinc,,[SL: transfer],train
transfer,take $20000 from savings and put it in checking,clinc,,[SL: transfer],train
transfer,put $20000 into my checking account from my savings account,clinc,,[SL: transfer],train
transfer,send 100 dollars between bank of the west and bank of america acccounts,clinc,,[SL: transfer],train
transfer,send 50 dollars between bank of america and chase accounts,clinc,,[SL: transfer],train
transfer,send 2000 dollars between chase and rabobank accounts,clinc,,[SL: transfer],train
transfer,send 1200 dollars between usaa and navy federal accounts,clinc,,[SL: transfer],train
transfer,send 400 dollars between city bank and usaa accounts,clinc,,[SL: transfer],train
transfer,take $40 and transfer it to account a from b,clinc,,[SL: transfer],train
transfer,transfer $40 from account a to b,clinc,,[SL: transfer],train
transfer,move $40 from account b to account a,clinc,,[SL: transfer],train
transfer,put $40 from account a to b,clinc,,[SL: transfer],train
transfer,take $40 from account a and transfer it to account b,clinc,,[SL: transfer],train
transfer,i need to transfer from this account to that one,clinc,,[SL: transfer],train
transfer,need to transfer from one account to my other one,clinc,,[SL: transfer],train
transfer,i would like to transfer from one account to my second one,clinc,,[SL: transfer],train
transfer,i need to transfer from one account to my second one,clinc,,[SL: transfer],train
transfer,i have to transfer from one account to my other one,clinc,,[SL: transfer],train
transfer,send fifty dollars from me to carrie,clinc,,[SL: transfer],train
transfer,transfer sixty dollars to dad from my biggest accnt,clinc,,[SL: transfer],train
transfer,send over a hundred dollars from huntington into saving,clinc,,[SL: transfer],train
transfer,move 57 dollars from saving into mom,clinc,,[SL: transfer],train
transfer,transfer two hundred dollars between my portfolio and my money market account,clinc,,[SL: transfer],train
transfer,i need to transfer ten dollars from my bank of america account to my capital one account,clinc,,[SL: transfer],train
transfer,go ahead and send ten dollars from bank of america to capital one,clinc,,[SL: transfer],train
transfer,i must transfer ten dollars from my bank of america account to my capital one account,clinc,,[SL: transfer],train
transfer,i got to transfer ten dollars from my bank of america account to my capital one account,clinc,,[SL: transfer],train
transfer,i want you to send ten dollars from bank of america to capital one,clinc,,[SL: transfer],train
transfer,i need you to send ten dollars from bank of america to capital one,clinc,,[SL: transfer],train
transfer,i have to transfer ten dollars from my bank of america account to my capital one account,clinc,,[SL: transfer],train
transfer,send ten dollars from bank of america to capital one,clinc,,[SL: transfer],train
transfer,please send ten dollars from bank of america to capital one,clinc,,[SL: transfer],train
transfer,make a transfer of $200 from my savings account to my checking account,clinc,,[SL: transfer],train
transfer,please transfer $250 from checking to savings,clinc,,[SL: transfer],train
transfer,transfer $500 from my checking to my savings,clinc,,[SL: transfer],train
transfer,please transfer $100 from my checking to my savings account,clinc,,[SL: transfer],train
transfer,transfer $500 from my money market savings account to my checking account,clinc,,[SL: transfer],train
transfer,send money from one account to another,clinc,,[SL: transfer],train
transfer,transfer 200 dollars from paypal to savings,clinc,,[SL: transfer],train
transfer,transfer $10 from checking to savings,clinc,,[SL: transfer],train
transfer,send $100 from paypal to my bank,clinc,,[SL: transfer],train
transfer,please transfer 100 dollars between my amazon payments and savings accounts,clinc,,[SL: transfer],train
transfer,i would like to make a transfer,clinc,,[SL: transfer],train
transfer,i want to transfer funds between accounts,clinc,,[SL: transfer],train
transfer,send over 50 dollars between my shared and not shared accounts,clinc,,[SL: transfer],train
transfer,whats the quickest way to money from one account to another,clinc,,[SL: transfer],train
transfer,what is the process to move money from one account to another,clinc,,[SL: transfer],train
transfer,i need you to send 500 dollars from my high tier account to my regular checking account,clinc,,[SL: transfer],train
transfer,can you transfer money from a to b,clinc,,[SL: transfer],train
transfer,send my money between accounts,clinc,,[SL: transfer],train
transfer,how can i send money from one account to another,clinc,,[SL: transfer],train
transfer,i need to move money from one account to another,clinc,,[SL: transfer],train
transfer,send $20 from debit to steve's account,clinc,,[SL: transfer],train
transfer,send 20 dollars from savings to checking,clinc,,[SL: transfer],train
transfer,please transfer my funds,clinc,,[SL: transfer],train
transfer,please transfer $50 to my checking account from credit,clinc,,[SL: transfer],train
transfer,go ahead and move $200 from amazon to my bank account,clinc,,[SL: transfer],train
transfer,help me move my money,clinc,,[SL: transfer],train
transfer,i need my money to be moved,clinc,,[SL: transfer],train
transfer,help me move my money please,clinc,,[SL: transfer],train
transfer,i need to move my money,clinc,,[SL: transfer],train
transfer,move my money please,clinc,,[SL: transfer],train
transfer,i would like to transfer $5 from savings to checking,clinc,,[SL: transfer],train
transfer,transfer $5 from savings to checking,clinc,,[SL: transfer],train
transfer,can you transfer $5 from savings to checking,clinc,,[SL: transfer],train
transfer,send $5 from savings to checking,clinc,,[SL: transfer],train
transfer,please transfer $5 from savings to checking,clinc,,[SL: transfer],train
transfer,please switch $s checking to mortage,clinc,,[SL: transfer],train
transfer,please transfer $s from saving to checking,clinc,,[SL: transfer],train
transfer,could you transfer $x from saving to checking,clinc,,[SL: transfer],train
transfer,help me transfer $x from credit to debit,clinc,,[SL: transfer],train
transfer,please transfer $x from checking to saving,clinc,,[SL: transfer],train
transfer,transfer money to another account,clinc,,[SL: transfer],train
transfer,requesting money transfer between accounts,clinc,,[SL: transfer],train
transfer,transfer money from this account to that account,clinc,,[SL: transfer],train
transfer,can you transfer money from my account,clinc,,[SL: transfer],train
transfer,money transfer request,clinc,,[SL: transfer],train
transfer,send 100 dollars from checking to savings,clinc,,[SL: transfer],train
transfer,transfer 100 dollars checking to savings,clinc,,[SL: transfer],train
transfer,transfer 100 dollars between checking and savings,clinc,,[SL: transfer],train
transfer,take 100 dollars from checking and send it to savings,clinc,,[SL: transfer],train
transfer,move 100 dollars from checking to savings,clinc,,[SL: transfer],train
transfer,can we wire some money over to the other account i have,clinc,,[SL: transfer],train
transfer,time to move some cash from one account to another,clinc,,[SL: transfer],train
transfer,i need to throw some money into that other account,clinc,,[SL: transfer],train
transfer,let's send some money to another account,clinc,,[SL: transfer],train
transfer,i want to initiate a transfer from one account to the other,clinc,,[SL: transfer],train
transfer,transfer money from one place to another,clinc,,[SL: transfer],train
transfer,move money from one account to another,clinc,,[SL: transfer],train
transfer,transfer between two accounts,clinc,,[SL: transfer],train
transfer,make a transfer between accounts,clinc,,[SL: transfer],train
transfer,send money to another account,clinc,,[SL: transfer],train
transfer,i need ten dollars sent from b of a to washington mutual,clinc,,[SL: transfer],train
transfer,transfer fifty dollars between my chase and bank of america account,clinc,,[SL: transfer],train
transfer,deposit ten bucks from my chase account to my ally account,clinc,,[SL: transfer],train
transfer,put a hundred dollars in my ally account from bluebird,clinc,,[SL: transfer],train
transfer,i want seventy bucks transferred from b of a to chase,clinc,,[SL: transfer],train
transfer,can i initiate a one-time transfer from my savings account to my money market account,clinc,,[SL: transfer],train
translate,what expression would i use to say i love you if i were an italian,clinc,,[SL: translate],train
translate,"can you tell me how to say 'i do not speak much spanish', in spanish",clinc,,[SL: translate],train
translate,"what is the equivalent of, 'life is good' in french",clinc,,[SL: translate],train
translate,"tell me how to say, 'it is a beautiful morning' in italian",clinc,,[SL: translate],train
translate,"if i were mongolian, how would i say that i am a tourist",clinc,,[SL: translate],train
translate,how do i say 'hotel' in finnish,clinc,,[SL: translate],train
translate,"i need you to translate the sentence, 'we will be there soon' into portuguese",clinc,,[SL: translate],train
translate,please tell me how to ask for a taxi in french,clinc,,[SL: translate],train
translate,"can you tell me how i would say, 'more bread please' in french",clinc,,[SL: translate],train
translate,what is the correct way to say 'i am a visitor' in french,clinc,,[SL: translate],train
translate,"how would i say, 'i don't know the answer' in spanish",clinc,,[SL: translate],train
translate,i would like to know the proper way to greet an adult in portuguese,clinc,,[SL: translate],train
translate,what words would i use to tell someone i am lost if i were japanese,clinc,,[SL: translate],train
translate,how would i say thank you if i were russian,clinc,,[SL: translate],train
translate,can you tell me how i would normally say thank you as a french person,clinc,,[SL: translate],train
translate,i would like to know how to say hello in french,clinc,,[SL: translate],train
translate,if i were english how would i say subway,clinc,,[SL: translate],train
translate,i would i say subway if i were english,clinc,,[SL: translate],train
translate,how do you say hi in french,clinc,,[SL: translate],train
translate,in england how do they say subway,clinc,,[SL: translate],train
translate,translate hello in french,clinc,,[SL: translate],train
translate,how is hello said in french,clinc,,[SL: translate],train
translate,what do you call a subway if you were english,clinc,,[SL: translate],train
translate,how would i say if i were english subway,clinc,,[SL: translate],train
translate,how should i say hello in french,clinc,,[SL: translate],train
translate,how could i say twin in chinese,clinc,,[SL: translate],train
translate,how can i say not now in spanish,clinc,,[SL: translate],train
translate,what do spanish people say for the word cow,clinc,,[SL: translate],train
translate,translate hello to english,clinc,,[SL: translate],train
translate,how do you say goodbye in spanish,clinc,,[SL: translate],train
translate,how would i say love in french,clinc,,[SL: translate],train
translate,could you translate atm machine into english,clinc,,[SL: translate],train
translate,please translate grocery into french for me,clinc,,[SL: translate],train
translate,how do germans say goodnight,clinc,,[SL: translate],train
translate,tell me how the russians say notebook,clinc,,[SL: translate],train
translate,how do vietnameses people say hello,clinc,,[SL: translate],train
translate,how do i say thank you in japanese,clinc,,[SL: translate],train
translate,what is latin for i love you,clinc,,[SL: translate],train
translate,how can i thank somebody in italian,clinc,,[SL: translate],train
translate,how do i say you're welcome in chinese,clinc,,[SL: translate],train
translate,translate hello english to french,clinc,,[SL: translate],train
translate,what is hello in french,clinc,,[SL: translate],train
translate,what phrase means goodbye in hawaii,clinc,,[SL: translate],train
translate,what spanish word means hello,clinc,,[SL: translate],train
translate,translate hello to french,clinc,,[SL: translate],train
translate,translate english to french hello,clinc,,[SL: translate],train
translate,what is the word for hello spanish,clinc,,[SL: translate],train
translate,how do they say goodbye in hawaii,clinc,,[SL: translate],train
translate,what's local slang for goodbye in hawaii,clinc,,[SL: translate],train
translate,how do you say hello in french,clinc,,[SL: translate],train
translate,tell me how to say hello in spanish,clinc,,[SL: translate],train
translate,what do i say for goodbye in hawaii,clinc,,[SL: translate],train
translate,translate hello into french for me,clinc,,[SL: translate],train
translate,how do i say hello in french,clinc,,[SL: translate],train
translate,translate for me hello into french,clinc,,[SL: translate],train
translate,how would they say say goodbye in hawaii,clinc,,[SL: translate],train
translate,what is spanish for hello,clinc,,[SL: translate],train
translate,how would i say hello in french,clinc,,[SL: translate],train
translate,how can i say i love you in italy,clinc,,[SL: translate],train
translate,what is spanish for good morning,clinc,,[SL: translate],train
translate,how do you say it's snowing in german,clinc,,[SL: translate],train
translate,how would you say can i borrow five dollars in portuguese,clinc,,[SL: translate],train
translate,do you know how to say where is the restroom in french,clinc,,[SL: translate],train
translate,how would i say pleased to meet you if i were japanese,clinc,,[SL: translate],train
translate,can you translate hello into swedish for me,clinc,,[SL: translate],train
translate,can you translate i love you into french for me,clinc,,[SL: translate],train
translate,can you translate where's the bar into irish for me,clinc,,[SL: translate],train
translate,how would i say goodbye if i were norwegian,clinc,,[SL: translate],train
translate,how would i say i love you if i were french,clinc,,[SL: translate],train
translate,how would i say hello if i were swedish,clinc,,[SL: translate],train
translate,can you translate good bye into russian for me,clinc,,[SL: translate],train
translate,can you translate i have to go pee into korean for me,clinc,,[SL: translate],train
translate,how would i say i'm not guilty if i were mexican,clinc,,[SL: translate],train
translate,how do you say thank you in spanish,clinc,,[SL: translate],train
translate,how does one say thank you in spanish,clinc,,[SL: translate],train
translate,how can i say thank you in spanish,clinc,,[SL: translate],train
translate,what is thank you in spanish,clinc,,[SL: translate],train
translate,what is the way to say thank you in spanish,clinc,,[SL: translate],train
translate,"how do they say ""who is your father"" in german",clinc,,[SL: translate],train
translate,"how do they say ""where's the bathroom"" in spanish",clinc,,[SL: translate],train
translate,"how do they say ""how's it going"" in swahili",clinc,,[SL: translate],train
translate,"how do they say ""i love you"" in japanese",clinc,,[SL: translate],train
translate,"how do they say ""what's up"" in chinese",clinc,,[SL: translate],train
translate,how do you say thank you in german,clinc,,[SL: translate],train
translate,how do you say please in arabic,clinc,,[SL: translate],train
translate,how do you say cat in spanish,clinc,,[SL: translate],train
translate,how do you say i'm hungry in french,clinc,,[SL: translate],train
translate,how do you say i need coffee in dutch,clinc,,[SL: translate],train
translate,how do they say yes in brazil,clinc,,[SL: translate],train
translate,can you translate cat into russian for me,clinc,,[SL: translate],train
translate,can you translate bowl into russian for me,clinc,,[SL: translate],train
translate,how do they say hello in france,clinc,,[SL: translate],train
translate,i wanna know a phrase in spanish,clinc,,[SL: translate],train
translate,can you translate bat into russian for me,clinc,,[SL: translate],train
translate,how do they say no in germany,clinc,,[SL: translate],train
translate,can you translate hi into spanish for me,clinc,,[SL: translate],train
translate,i wanna learn a phrase in russian,clinc,,[SL: translate],train
translate,how do they say hello in germany,clinc,,[SL: translate],train
translate,can you translate milk into spanish for me,clinc,,[SL: translate],train
translate,how do they say hello in brazil,clinc,,[SL: translate],train
travel_notification,im going to be in canada from august 10th until august 12th,clinc,,[SL: travel_notification],train
travel_notification,im going to be in slovakia from january 16th until january 19th,clinc,,[SL: travel_notification],train
travel_notification,im going to be in paraguay from january 7th until january 10th,clinc,,[SL: travel_notification],train
travel_notification,i'm going to be in thailand from october 15th until october 23rd,clinc,,[SL: travel_notification],train
travel_notification,im going to be in jamaica from october 4th until october 8th,clinc,,[SL: travel_notification],train
travel_notification,my bank needs to know i am going to be out of the country,clinc,,[SL: travel_notification],train
travel_notification,i am going out of country and my bank needs to be notified,clinc,,[SL: travel_notification],train
travel_notification,i need to inform the bank i am going out of country,clinc,,[SL: travel_notification],train
travel_notification,i am going out of country and need to inform my bank,clinc,,[SL: travel_notification],train
travel_notification,tell the bank i'm traveling between denver and la,clinc,,[SL: travel_notification],train
travel_notification,tell my bank i am traveling out of country,clinc,,[SL: travel_notification],train
travel_notification,i'm driving from la to denver and need my bank notified,clinc,,[SL: travel_notification],train
travel_notification,notify my bank i am travailing from denver to la,clinc,,[SL: travel_notification],train
travel_notification,i'm traveling between denver and la so tell my bank,clinc,,[SL: travel_notification],train
travel_notification,i need to let my bank know i am traveling to la,clinc,,[SL: travel_notification],train
travel_notification,i need to let my bank know i am traveling to detroit,clinc,,[SL: travel_notification],train
travel_notification,i need to let my bank know i am traveling to new york,clinc,,[SL: travel_notification],train
travel_notification,i need to let my bank know i am traveling to chicago,clinc,,[SL: travel_notification],train
travel_notification,i need to let my bank know i am traveling to paris,clinc,,[SL: travel_notification],train
travel_notification,"i will be traveling to rome from february 1 to march 1, please make this aware to my bank",clinc,,[SL: travel_notification],train
travel_notification,inform my bank that i will be in rome from february 1 to march 1,clinc,,[SL: travel_notification],train
travel_notification,please let my bank know that i will be in rome from february 1 to march 1,clinc,,[SL: travel_notification],train
travel_notification,mark down that i will be in rome from february 1 to march 1 and notify my bank,clinc,,[SL: travel_notification],train
travel_notification,notify my bank that i will be in rome from february 1 to march 1,clinc,,[SL: travel_notification],train
travel_notification,i need to let my bank know that i'll be travelling internationally,clinc,,[SL: travel_notification],train
travel_notification,can you tell my bank that i'll be travelling internationally soon,clinc,,[SL: travel_notification],train
travel_notification,i'll soon be travelling internationally; could you let my bank know,clinc,,[SL: travel_notification],train
travel_notification,"i'll be out of the country soon, and want to notify my bank",clinc,,[SL: travel_notification],train
travel_notification,i'm going out of the country and need to notify my bank,clinc,,[SL: travel_notification],train
travel_notification,tell my bank that i'm going to france,clinc,,[SL: travel_notification],train
travel_notification,tell my bank that i'll be in canada this weekend,clinc,,[SL: travel_notification],train
travel_notification,let my bank know that i'm traveling to prague,clinc,,[SL: travel_notification],train
travel_notification,"let my bank know that i'll be in moscow, russia",clinc,,[SL: travel_notification],train
travel_notification,inform my bank that i'll be going to europe,clinc,,[SL: travel_notification],train
travel_notification,i'm traveling to paris soon and want to inform my bank,clinc,,[SL: travel_notification],train
travel_notification,i'm traveling to fresnosoon and want to inform my bank,clinc,,[SL: travel_notification],train
travel_notification,i'm traveling to london soon and want to inform my bank,clinc,,[SL: travel_notification],train
travel_notification,i'm traveling to ca soon and want to inform my bank,clinc,,[SL: travel_notification],train
travel_notification,i'm traveling tony soon and want to inform my bank,clinc,,[SL: travel_notification],train
travel_notification,i've let me bank know that i'm visiting south america from may to october,clinc,,[SL: travel_notification],train
travel_notification,i've notified my bank that i'm in mexico from august 1 to august 5,clinc,,[SL: travel_notification],train
travel_notification,i let my bank know that i'm traveling to greece from march to april,clinc,,[SL: travel_notification],train
travel_notification,i've told my financial institution that i'm in africa from august 6 to december 5,clinc,,[SL: travel_notification],train
travel_notification,call the bank and tell them i will be in france on the 16th until the 26th,clinc,,[SL: travel_notification],train
travel_notification,notify my bank i'll be in rome from the 1st to the 17th,clinc,,[SL: travel_notification],train
travel_notification,tell my bank i'll be in jamaica from the 4th to the 11th,clinc,,[SL: travel_notification],train
travel_notification,please tell my bank i will be in israel from the 6th to the 23rd,clinc,,[SL: travel_notification],train
travel_notification,alert the bank that i am traveling to tokyo on the 7th until the 21st,clinc,,[SL: travel_notification],train
travel_notification,i'm traveling to denmark soon and want to inform my bank,clinc,,[SL: travel_notification],train
travel_notification,alert my bank and let them know that i'm travelling to switzerland,clinc,,[SL: travel_notification],train
travel_notification,alert my bank and let them know that i'm travelling to china,clinc,,[SL: travel_notification],train
travel_notification,i'm traveling to belgium soon and want to inform my bank,clinc,,[SL: travel_notification],train
travel_notification,i'm traveling to sweden soon and want to inform my bank,clinc,,[SL: travel_notification],train
travel_notification,i'm traveling to morocco soon and want to inform my bank,clinc,,[SL: travel_notification],train
travel_notification,alert my bank and let them know i'm travelling to japan,clinc,,[SL: travel_notification],train
travel_notification,tell my bank that i will be taveling to south korea,clinc,,[SL: travel_notification],train
travel_notification,alert my bank and tell them that i'm travelling to paris,clinc,,[SL: travel_notification],train
travel_notification,i'm traveling to england soon and want to inform my bank,clinc,,[SL: travel_notification],train
travel_notification,how can i tell my bank i'm going to vietnam,clinc,,[SL: travel_notification],train
travel_notification,how do i let my bank know i'm going to vietnam,clinc,,[SL: travel_notification],train
travel_notification,"i'm going to paris soon and want to let my bank know, how do i do that",clinc,,[SL: travel_notification],train
travel_notification,how can i let my bank know i'm going to denmark,clinc,,[SL: travel_notification],train
travel_notification,how do i inform my bank i'm going to paris,clinc,,[SL: travel_notification],train
travel_notification,"from january to august, i will be in uruguay, please let me bank know",clinc,,[SL: travel_notification],train
travel_notification,tell my bank that i'll be in uruguay during january to august,clinc,,[SL: travel_notification],train
travel_notification,"i will be in uruguay from january to august, please let me bank know",clinc,,[SL: travel_notification],train
travel_notification,can you let my bank know i'll be in uruguay from january to august,clinc,,[SL: travel_notification],train
travel_notification,please let my bank know that i will be in uruguay from january to august,clinc,,[SL: travel_notification],train
travel_notification,tell my bank i am taking a trip to brazil from june 1st to july 1st,clinc,,[SL: travel_notification],train
travel_notification,inform my bank i will travel to brazil from june 1st to july 1st,clinc,,[SL: travel_notification],train
travel_notification,let me bank know i will be in brazil from june 1st to july 1st,clinc,,[SL: travel_notification],train
travel_notification,tell my bank i will be traveling in brazil from june 1st to july 1st,clinc,,[SL: travel_notification],train
travel_notification,tell my bank i will be in brazil from june 1st to july 1st,clinc,,[SL: travel_notification],train
travel_notification,i'm travelling to seattle soon and want to inform my bank,clinc,,[SL: travel_notification],train
travel_notification,i'm travelling to thailand soon and want to inform my bank,clinc,,[SL: travel_notification],train
travel_notification,i'm travelling to spain soon and want to inform my bank,clinc,,[SL: travel_notification],train
travel_notification,alert my bank and let them know that i'm travelling to brussels,clinc,,[SL: travel_notification],train
travel_notification,alert my bank and let them know that i'm travelling to oslo,clinc,,[SL: travel_notification],train
travel_notification,alert my bank and let them know that i'm travelling to stockholm,clinc,,[SL: travel_notification],train
travel_notification,i'm travelling to boston soon and want to inform my bank,clinc,,[SL: travel_notification],train
travel_notification,alert my bank and let them know that i'm travelling to london,clinc,,[SL: travel_notification],train
travel_notification,i'm travelling to ireland soon and want to inform my bank,clinc,,[SL: travel_notification],train
travel_notification,alert my bank and let them know that i'm travelling to madrid,clinc,,[SL: travel_notification],train
travel_notification,the bank should know i am going to asia soon,clinc,,[SL: travel_notification],train
travel_notification,"since i am traveling to asia, i need to inform the bank",clinc,,[SL: travel_notification],train
travel_notification,i need to tell bank that i am taking a trip to asia,clinc,,[SL: travel_notification],train
travel_notification,"i am going to asia in a bit, i should tell the bank",clinc,,[SL: travel_notification],train
travel_notification,i need to let my bank know i am visiting asia soon,clinc,,[SL: travel_notification],train
travel_notification,let my bank know i will be travelling to the cayman islands,clinc,,[SL: travel_notification],train
travel_notification,"i am going to south america, let my bank know",clinc,,[SL: travel_notification],train
travel_notification,inform my bank i will be travelling to central africa,clinc,,[SL: travel_notification],train
travel_notification,let my bank know i will be on travel to fes,clinc,,[SL: travel_notification],train
travel_notification,tell my bank i will be travelling to the caribbean,clinc,,[SL: travel_notification],train
travel_notification,please tell my bank that i will be traveling abroad,clinc,,[SL: travel_notification],train
travel_notification,the bank needs to know that i am traveling soon,clinc,,[SL: travel_notification],train
travel_notification,make sur eyou tell the bank that i will be traveling internationally soon,clinc,,[SL: travel_notification],train
travel_notification,please tell the bank i will be traveling internationally,clinc,,[SL: travel_notification],train
travel_notification,tell the bank i will be traveling internationally soon,clinc,,[SL: travel_notification],train
travel_notification,let my bank know that i'm going to norway between march 3 and march 5,clinc,,[SL: travel_notification],train
travel_notification,tell my bank i'm going to france,clinc,,[SL: travel_notification],train
travel_suggestion,can you give me some suggestions to go site seeing when i get there,clinc,,[SL: travel_suggestion],train
travel_suggestion,can you get me any recommendations for the place i'm traveling to,clinc,,[SL: travel_suggestion],train
travel_suggestion,please suggest some fun tourist activities in tokyo,clinc,,[SL: travel_suggestion],train
travel_suggestion,i need help with some fun tourist things to do in tokyo,clinc,,[SL: travel_suggestion],train
travel_suggestion,could you tell me what fun tourist things i could do in tokyo,clinc,,[SL: travel_suggestion],train
travel_suggestion,what should i do for fun in tokyo,clinc,,[SL: travel_suggestion],train
travel_suggestion,what do tourists do in tokyo,clinc,,[SL: travel_suggestion],train
travel_suggestion,what sites are there to see when in evans,clinc,,[SL: travel_suggestion],train
travel_suggestion,what can i do in evans,clinc,,[SL: travel_suggestion],train
travel_suggestion,name some things i should do while in evans,clinc,,[SL: travel_suggestion],train
travel_suggestion,"if i go to evans, what should i do",clinc,,[SL: travel_suggestion],train
travel_suggestion,what is there to do in evans,clinc,,[SL: travel_suggestion],train
travel_suggestion,what can i do in new orleans for fun,clinc,,[SL: travel_suggestion],train
travel_suggestion,what do you recommend to do in vegas,clinc,,[SL: travel_suggestion],train
travel_suggestion,is there anything fun to do in berlin,clinc,,[SL: travel_suggestion],train
travel_suggestion,find something fun for me to do in dallas,clinc,,[SL: travel_suggestion],train
travel_suggestion,what's fun to do in thailand,clinc,,[SL: travel_suggestion],train
travel_suggestion,where should i book my next trip,clinc,,[SL: travel_suggestion],train
travel_suggestion,what are some hot travel destinations,clinc,,[SL: travel_suggestion],train
travel_suggestion,what's a good place to travel to,clinc,,[SL: travel_suggestion],train
travel_suggestion,where should i travel to next,clinc,,[SL: travel_suggestion],train
travel_suggestion,what's the best place to travel to this time of year,clinc,,[SL: travel_suggestion],train
travel_suggestion,"when visiting chicago, what things can i do there",clinc,,[SL: travel_suggestion],train
travel_suggestion,what are some good restaurants in chicago,clinc,,[SL: travel_suggestion],train
travel_suggestion,what are some activities to do in chicago,clinc,,[SL: travel_suggestion],train
travel_suggestion,"when travelling in chicago, what kinds of attractions should i see",clinc,,[SL: travel_suggestion],train
travel_suggestion,what kind of entertainment is available in chicago,clinc,,[SL: travel_suggestion],train
travel_suggestion,show me some things to do in gatlinburg,clinc,,[SL: travel_suggestion],train
travel_suggestion,what are the main attractions in gatlinburg,clinc,,[SL: travel_suggestion],train
travel_suggestion,name the five star attractions in gatlinburg,clinc,,[SL: travel_suggestion],train
travel_suggestion,what are some of the attractions in gatlinburg,clinc,,[SL: travel_suggestion],train
travel_suggestion,what are the most popular attractions in gatlinburg,clinc,,[SL: travel_suggestion],train
travel_suggestion,where should i spend my time off,clinc,,[SL: travel_suggestion],train
travel_suggestion,give me some awesome travel destinations,clinc,,[SL: travel_suggestion],train
travel_suggestion,what's the best place to just get away from it all,clinc,,[SL: travel_suggestion],train
travel_suggestion,what are some tourist sites to see in ann arbor,clinc,,[SL: travel_suggestion],train
travel_suggestion,name some tourist things to do in chicago,clinc,,[SL: travel_suggestion],train
travel_suggestion,"in austin, what are some tourist things to do",clinc,,[SL: travel_suggestion],train
travel_suggestion,name some tourist things to do in seattle,clinc,,[SL: travel_suggestion],train
travel_suggestion,"what are some fun, tourist sites to see in nyc",clinc,,[SL: travel_suggestion],train
travel_suggestion,what experiences does kentucky offer,clinc,,[SL: travel_suggestion],train
travel_suggestion,what's something interesting to do kentucky,clinc,,[SL: travel_suggestion],train
travel_suggestion,what things are there to do in kentucky,clinc,,[SL: travel_suggestion],train
travel_suggestion,what could i do for fun in kentucky,clinc,,[SL: travel_suggestion],train
travel_suggestion,what does kentucky have to offer for things to do,clinc,,[SL: travel_suggestion],train
travel_suggestion,what are the big tourist sites in sweden,clinc,,[SL: travel_suggestion],train
travel_suggestion,what are some fun things to do in sweden,clinc,,[SL: travel_suggestion],train
travel_suggestion,can you tell me about the best tourist attractions in sweden,clinc,,[SL: travel_suggestion],train
travel_suggestion,what are some of sweden's best sights,clinc,,[SL: travel_suggestion],train
travel_suggestion,what can i do in nashville,clinc,,[SL: travel_suggestion],train
travel_suggestion,help me find things to do in nashville,clinc,,[SL: travel_suggestion],train
travel_suggestion,can i do a lot in nashville,clinc,,[SL: travel_suggestion],train
travel_suggestion,i need ideas for things to do in nashville,clinc,,[SL: travel_suggestion],train
travel_suggestion,do you know of any activities in nashville,clinc,,[SL: travel_suggestion],train
travel_suggestion,what are some touristy things to do in boston,clinc,,[SL: travel_suggestion],train
travel_suggestion,what kinds of fun things are there in boston for tourists,clinc,,[SL: travel_suggestion],train
travel_suggestion,are there any exciting tourist things to do in boston,clinc,,[SL: travel_suggestion],train
travel_suggestion,what kinds of fun touristy things are there to do in boston,clinc,,[SL: travel_suggestion],train
travel_suggestion,are there any fun tourist things to do in boston,clinc,,[SL: travel_suggestion],train
travel_suggestion,what are some fun things i can partake in in atlanta,clinc,,[SL: travel_suggestion],train
travel_suggestion,tell me things i can do in chicago,clinc,,[SL: travel_suggestion],train
travel_suggestion,provide me with ideas of things we can do in charlotte,clinc,,[SL: travel_suggestion],train
travel_suggestion,give me a list of things to do in orlando,clinc,,[SL: travel_suggestion],train
travel_suggestion,where should i travel if i want to visit some history museums,clinc,,[SL: travel_suggestion],train
travel_suggestion,i'd like some suggestions on where to go on my vacation this year,clinc,,[SL: travel_suggestion],train
travel_suggestion,"are there any interesting things to do in atlanta, georgia",clinc,,[SL: travel_suggestion],train
travel_suggestion,"is there anything fun to do in manassas, virginia",clinc,,[SL: travel_suggestion],train
travel_suggestion,i want to travel this year but i need some suggestions,clinc,,[SL: travel_suggestion],train
travel_suggestion,where should i travel if i want to go to a nice beach,clinc,,[SL: travel_suggestion],train
travel_suggestion,give me some ideas on what i can do in seattle for fun,clinc,,[SL: travel_suggestion],train
travel_suggestion,"what do you suggest for entertainment in tampa, florida",clinc,,[SL: travel_suggestion],train
travel_suggestion,"what are some fun things to do in butte, montana",clinc,,[SL: travel_suggestion],train
travel_suggestion,"in portland, what things are there to do",clinc,,[SL: travel_suggestion],train
travel_suggestion,what things can i do in portland,clinc,,[SL: travel_suggestion],train
travel_suggestion,what are some things i can do in portland,clinc,,[SL: travel_suggestion],train
travel_suggestion,what are some things to do in portland,clinc,,[SL: travel_suggestion],train
travel_suggestion,what things are there to do in portland,clinc,,[SL: travel_suggestion],train
travel_suggestion,what is there to do besides drink in germany,clinc,,[SL: travel_suggestion],train
travel_suggestion,what festivals are there to see in paris,clinc,,[SL: travel_suggestion],train
travel_suggestion,what fun is there to do in england,clinc,,[SL: travel_suggestion],train
travel_suggestion,where is the best winery in the south of france,clinc,,[SL: travel_suggestion],train
travel_suggestion,what should i do in france,clinc,,[SL: travel_suggestion],train
travel_suggestion,where do you suggest i plan my next vacation,clinc,,[SL: travel_suggestion],train
travel_suggestion,what are your best travel suggestions,clinc,,[SL: travel_suggestion],train
travel_suggestion,what are some suggestions for places to travel,clinc,,[SL: travel_suggestion],train
travel_suggestion,what do people in sioux falls do for fun,clinc,,[SL: travel_suggestion],train
travel_suggestion,what's there to do in seattle,clinc,,[SL: travel_suggestion],train
travel_suggestion,are there any interesting activities to do in austin,clinc,,[SL: travel_suggestion],train
travel_suggestion,where's a good place to go if i want to see mountains,clinc,,[SL: travel_suggestion],train
travel_suggestion,what's a nice place to visit a beautiful beach,clinc,,[SL: travel_suggestion],train
travel_suggestion,what should i do in bangor,clinc,,[SL: travel_suggestion],train
travel_suggestion,what do tourists do for fun in seattle,clinc,,[SL: travel_suggestion],train
travel_suggestion,are there any fun tourist activities in australia,clinc,,[SL: travel_suggestion],train
travel_suggestion,what's a good use of my time in toronto,clinc,,[SL: travel_suggestion],train
travel_suggestion,what can a tourist in denver do,clinc,,[SL: travel_suggestion],train
travel_suggestion,what sort of things do people do in new york,clinc,,[SL: travel_suggestion],train
travel_suggestion,tell me some things to see in tampa,clinc,,[SL: travel_suggestion],train
travel_suggestion,is there anything neat to do in boston,clinc,,[SL: travel_suggestion],train
travel_suggestion,what are some interesting things to do in dc,clinc,,[SL: travel_suggestion],train
travel_suggestion,what's the funnest thing for a tourist to do in iceland,clinc,,[SL: travel_suggestion],train
update_playlist,insert what i am listening to into my jazz playlist,clinc,,[SL: update_playlist],train
update_playlist,add this tune to my jazz playlist,clinc,,[SL: update_playlist],train
update_playlist,can you add this song to my jazz playlist,clinc,,[SL: update_playlist],train
update_playlist,please add this song to my jazz playlist,clinc,,[SL: update_playlist],train
update_playlist,add this song to my jazz playlist,clinc,,[SL: update_playlist],train
update_playlist,add creep by radio head to the playlist,clinc,,[SL: update_playlist],train
update_playlist,please add someday by the strokes to my playlist,clinc,,[SL: update_playlist],train
update_playlist,include smooth operator by sade in my playlist,clinc,,[SL: update_playlist],train
update_playlist,can you put smooth operator by sade on my playlist,clinc,,[SL: update_playlist],train
update_playlist,add to my playlist smooth operator by sade,clinc,,[SL: update_playlist],train
update_playlist,append my playlist with smooth operator by sade,clinc,,[SL: update_playlist],train
update_playlist,put smooth operator by sade on my playlist,clinc,,[SL: update_playlist],train
update_playlist,could you put broken by evanescense to my playlist,clinc,,[SL: update_playlist],train
update_playlist,what did you add to my playlist - broken by evanescence,clinc,,[SL: update_playlist],train
update_playlist,add the next song to my playlist - broken by evanescence,clinc,,[SL: update_playlist],train
update_playlist,could you insert broken by evanescence to my music,clinc,,[SL: update_playlist],train
update_playlist,add broken by evanescence to my playlist,clinc,,[SL: update_playlist],train
update_playlist,favorite what's currently playing on my playlist,clinc,,[SL: update_playlist],train
update_playlist,add the current song to my favorite playlist,clinc,,[SL: update_playlist],train
update_playlist,"the song that's on, add it to my favorite playlist",clinc,,[SL: update_playlist],train
update_playlist,put the current song in my favorite playlist,clinc,,[SL: update_playlist],train
update_playlist,add what's playing on my favorite playlist,clinc,,[SL: update_playlist],train
update_playlist,i would like to add you say by lauren daigle to my playlist,clinc,,[SL: update_playlist],train
update_playlist,will you please add cannons by phil wickham to my playlist,clinc,,[SL: update_playlist],train
update_playlist,let's add wonder by hillsong united to my playlist,clinc,,[SL: update_playlist],train
update_playlist,can you please add hero by skillet to my playlist,clinc,,[SL: update_playlist],train
update_playlist,please add roar by katy perry to my playlist,clinc,,[SL: update_playlist],train
update_playlist,i think i wanna add heart shaped box by nirvana to my playlist,clinc,,[SL: update_playlist],train
update_playlist,i wish to add this song to my classical playlist now,clinc,,[SL: update_playlist],train
update_playlist,add help! by the beatles to my playlist,clinc,,[SL: update_playlist],train
update_playlist,i need to add this song to my playlist of rock,clinc,,[SL: update_playlist],train
update_playlist,i want to add this song to my classical playlist,clinc,,[SL: update_playlist],train
update_playlist,i wanna add help! by the beatles to my playlist,clinc,,[SL: update_playlist],train
update_playlist,i really would like to add hey jude by the beatles to my playlist,clinc,,[SL: update_playlist],train
update_playlist,i gotta add hey jude by the beatles to my playlist,clinc,,[SL: update_playlist],train
update_playlist,i wanna add this song to my rock playlist,clinc,,[SL: update_playlist],train
update_playlist,my new playlist well be having god's plan adding to it,clinc,,[SL: update_playlist],train
update_playlist,god's plan will be my new song added to new playlist,clinc,,[SL: update_playlist],train
update_playlist,adding gods plan to new playlist,clinc,,[SL: update_playlist],train
update_playlist,god's plan will be added to my new playlist,clinc,,[SL: update_playlist],train
update_playlist,new playlist that i will add god's plan to,clinc,,[SL: update_playlist],train
update_playlist,please put africa by toto on my playlist,clinc,,[SL: update_playlist],train
update_playlist,please add the immigrant song by led zeppelin to my playlist,clinc,,[SL: update_playlist],train
update_playlist,"add the thong song by cisqo to my playlist, please",clinc,,[SL: update_playlist],train
update_playlist,"put mambo #5 by lou bega on my playlist, please",clinc,,[SL: update_playlist],train
update_playlist,put dr feelgood by motley crue on my playlist,clinc,,[SL: update_playlist],train
update_playlist,add this song to the end of my led zeppelin playlist,clinc,,[SL: update_playlist],train
update_playlist,add this song to my rainy day playlist,clinc,,[SL: update_playlist],train
update_playlist,please put this song on my moody monday playlist,clinc,,[SL: update_playlist],train
update_playlist,put the song that's playing to my techno playlist,clinc,,[SL: update_playlist],train
update_playlist,put this song on my edm playlist,clinc,,[SL: update_playlist],train
update_playlist,add this song to my cleaning playlist,clinc,,[SL: update_playlist],train
update_playlist,add this song to my slow jams playlist,clinc,,[SL: update_playlist],train
update_playlist,will you add what i'm listening to to my love playlist,clinc,,[SL: update_playlist],train
update_playlist,add walk by pantera to my playlist,clinc,,[SL: update_playlist],train
update_playlist,add one by metallica to my playlist,clinc,,[SL: update_playlist],train
update_playlist,will you add what i'm listening to to my road trip playlist,clinc,,[SL: update_playlist],train
update_playlist,add this song to my game night playlist,clinc,,[SL: update_playlist],train
update_playlist,add coming undone by korn to my playlist,clinc,,[SL: update_playlist],train
update_playlist,will you add what i'm listening to to my work playlist,clinc,,[SL: update_playlist],train
update_playlist,add welcome to the jungle by guns n roses to my playlist,clinc,,[SL: update_playlist],train
update_playlist,will you add what i'm listening to to my bedroom playlist,clinc,,[SL: update_playlist],train
update_playlist,add this song to my dinner playlist,clinc,,[SL: update_playlist],train
update_playlist,will you add what i'm listening to to my dinner playlist,clinc,,[SL: update_playlist],train
update_playlist,add this song to my top 40 playlist,clinc,,[SL: update_playlist],train
update_playlist,add hells bells by acdc to my playlist,clinc,,[SL: update_playlist],train
update_playlist,"make this song part of the ""kids"" playlist",clinc,,[SL: update_playlist],train
update_playlist,"include this song in the ""kids"" playlist",clinc,,[SL: update_playlist],train
update_playlist,"connect this song to my playlist ""kids",clinc,,[SL: update_playlist],train
update_playlist,"please add to ""kids"" playlist",clinc,,[SL: update_playlist],train
update_playlist,"i want this song put on my ""kids"" playlist",clinc,,[SL: update_playlist],train
update_playlist,this song needs to be added to my reggae playlist,clinc,,[SL: update_playlist],train
update_playlist,this song should be add this on my rock playlist,clinc,,[SL: update_playlist],train
update_playlist,could you add this song to my rock playlist,clinc,,[SL: update_playlist],train
update_playlist,add a song to my rock playlist,clinc,,[SL: update_playlist],train
update_playlist,put this song on my reggae playlist,clinc,,[SL: update_playlist],train
update_playlist,add this song to shared playlist,clinc,,[SL: update_playlist],train
update_playlist,put this song in vibes playlist,clinc,,[SL: update_playlist],train
update_playlist,add yosemite to my rap playlist,clinc,,[SL: update_playlist],train
update_playlist,add 7 rings to my pop playlist,clinc,,[SL: update_playlist],train
update_playlist,add baby shark to my kid playlist,clinc,,[SL: update_playlist],train
update_playlist,add body to my dance playlist,clinc,,[SL: update_playlist],train
update_playlist,add mia to my spanish playlist,clinc,,[SL: update_playlist],train
update_playlist,add single ladies by beyonce to my pop playlist,clinc,,[SL: update_playlist],train
update_playlist,add this track to my rock playlist,clinc,,[SL: update_playlist],train
update_playlist,add psycho by post malone to my playlist,clinc,,[SL: update_playlist],train
update_playlist,please add this song to my alternative playlist,clinc,,[SL: update_playlist],train
update_playlist,add i like it by cardi b to my playlist,clinc,,[SL: update_playlist],train
update_playlist,add american idiot by green day to my playlist,clinc,,[SL: update_playlist],train
update_playlist,can you add that to my chillwave playlist,clinc,,[SL: update_playlist],train
update_playlist,add ruby soho by rancid to my playlist,clinc,,[SL: update_playlist],train
update_playlist,add god's plan by drake to my playlist,clinc,,[SL: update_playlist],train
update_playlist,add this song to my post-rock playlist,clinc,,[SL: update_playlist],train
update_playlist,transfer happy to my rb playlist,clinc,,[SL: update_playlist],train
update_playlist,include happy on my rb playlist,clinc,,[SL: update_playlist],train
update_playlist,list happy on my rb playlist,clinc,,[SL: update_playlist],train
update_playlist,get happy on my rb playlist,clinc,,[SL: update_playlist],train
update_playlist,i want to have happy added to my rb playlist,clinc,,[SL: update_playlist],train
update_playlist,can you add passionfruit by yaeji to my playlist,clinc,,[SL: update_playlist],train
update_playlist,yellow by coldplay to my playlist please,clinc,,[SL: update_playlist],train
weather,what are the conditions like in orlando,clinc,,[SL: weather],train
weather,what's the temperature like in tampa,clinc,,[SL: weather],train
weather,what's the forecast like for pittsburgh,clinc,,[SL: weather],train
weather,what are the conditions like in sarasota,clinc,,[SL: weather],train
weather,what's the climate like in chicago,clinc,,[SL: weather],train
weather,what will the temperature be tomorrow,clinc,,[SL: weather],train
weather,will it rain today,clinc,,[SL: weather],train
weather,will it freeze tonight,clinc,,[SL: weather],train
weather,give me the 7 day forecast,clinc,,[SL: weather],train
weather,is it hot outside,clinc,,[SL: weather],train
weather,what is the weather going to be like today,clinc,,[SL: weather],train
weather,is it going to rain today,clinc,,[SL: weather],train
weather,what is the weather going to be like tomorrow,clinc,,[SL: weather],train
weather,is it going to rain tonight,clinc,,[SL: weather],train
weather,are there any tornadoes coming soon,clinc,,[SL: weather],train
weather,is it snowing in the next two weeks,clinc,,[SL: weather],train
weather,what is the weather like in denver,clinc,,[SL: weather],train
weather,what is the weather like tomorrow,clinc,,[SL: weather],train
weather,what is the record high temperature for today,clinc,,[SL: weather],train
weather,whats the predicted weather suppose to be like,clinc,,[SL: weather],train
weather,whats the forecast for the weather,clinc,,[SL: weather],train
weather,what does the weather look like,clinc,,[SL: weather],train
weather,what does the forecast look like,clinc,,[SL: weather],train
weather,what is the weather going to be like,clinc,,[SL: weather],train
weather,tell me this week's forecast,clinc,,[SL: weather],train
weather,will it get over 90 degrees today,clinc,,[SL: weather],train
weather,what's the temperature outside,clinc,,[SL: weather],train
weather,tell me how the weather is,clinc,,[SL: weather],train
weather,weather,clinc,,[SL: weather],train
weather,what's the weather,clinc,,[SL: weather],train
weather,is it raining,clinc,,[SL: weather],train
weather,how is it outside,clinc,,[SL: weather],train
weather,how hot will it be tomorrow,clinc,,[SL: weather],train
weather,what is the weather for tomorrow in georgia,clinc,,[SL: weather],train
weather,what is the forecast for this week,clinc,,[SL: weather],train
weather,will it snow this weekend,clinc,,[SL: weather],train
weather,is there any rain in the next 3 days,clinc,,[SL: weather],train
weather,can you tell me what the weather will be please,clinc,,[SL: weather],train
weather,how's the weather,clinc,,[SL: weather],train
weather,what's the weather looking like,clinc,,[SL: weather],train
weather,what weather should i expect,clinc,,[SL: weather],train
weather,costa mesa current weather,clinc,,[SL: weather],train
weather,what is the temperature in costa mesa,clinc,,[SL: weather],train
weather,what is the weather report for costa mesa,clinc,,[SL: weather],train
weather,weather in costa mesa,clinc,,[SL: weather],train
weather,costa mesa weather,clinc,,[SL: weather],train
weather,i need meteorological data for tallahassee,clinc,,[SL: weather],train
weather,how's the weather in tallahassee,clinc,,[SL: weather],train
weather,read me the current weather report for tallahassee,clinc,,[SL: weather],train
weather,tell me the weather report for tallahassee,clinc,,[SL: weather],train
weather,what's the current weather situation for tallahassee,clinc,,[SL: weather],train
weather,what's the weekend forecast,clinc,,[SL: weather],train
weather,can you tell me the low tonight,clinc,,[SL: weather],train
weather,is it going to be sunny today,clinc,,[SL: weather],train
weather,what's the highest chance of rain for today,clinc,,[SL: weather],train
weather,how cold is it going to be tonight,clinc,,[SL: weather],train
weather,what is the weather forecast for seattle,clinc,,[SL: weather],train
weather,what is the weather outlook for seattle,clinc,,[SL: weather],train
weather,what are the weather conditions in seattle,clinc,,[SL: weather],train
weather,how is the weather in seattle,clinc,,[SL: weather],train
weather,what is the weather report for seattle,clinc,,[SL: weather],train
weather,can you give me info on miami weather,clinc,,[SL: weather],train
weather,what is miami weather like,clinc,,[SL: weather],train
weather,what can you tell me about miami weather,clinc,,[SL: weather],train
weather,what kind of weather does miami have,clinc,,[SL: weather],train
weather,how is the weather in miami,clinc,,[SL: weather],train
weather,what's the weather like right now,clinc,,[SL: weather],train
weather,give me a rundown of the weather,clinc,,[SL: weather],train
weather,what kind of weather is there,clinc,,[SL: weather],train
weather,tell me what the weather is like,clinc,,[SL: weather],train
weather,when is it going to rain again,clinc,,[SL: weather],train
weather,what is the high temperature for tomorrow,clinc,,[SL: weather],train
weather,how many of inches of snow did my hometown get last year,clinc,,[SL: weather],train
weather,what are the atmospheric conditions in sparks,clinc,,[SL: weather],train
weather,is it raining in sparks,clinc,,[SL: weather],train
weather,is it cloudy or sunny in sparks,clinc,,[SL: weather],train
weather,is sparks experiencing bad weather right now,clinc,,[SL: weather],train
weather,what is the weather like in sparks right now,clinc,,[SL: weather],train
weather,what is the temp right now,clinc,,[SL: weather],train
weather,when will it rain next,clinc,,[SL: weather],train
weather,when is the next rain chance,clinc,,[SL: weather],train
weather,what will the weather be this weekend,clinc,,[SL: weather],train
weather,what s the uv index tomorrow,clinc,,[SL: weather],train
weather,tell me today's weather forecast,clinc,,[SL: weather],train
weather,tell me about the weather today,clinc,,[SL: weather],train
weather,i want to know the weather forecast for today,clinc,,[SL: weather],train
weather,what will the weather be like,clinc,,[SL: weather],train
weather,what's the chance of rain on friday,clinc,,[SL: weather],train
weather,is there a uv or smog alert for tomorrow,clinc,,[SL: weather],train
weather,"is it snowing right now in richmond, va",clinc,,[SL: weather],train
weather,what will the low temperatures be over the weekend,clinc,,[SL: weather],train
weather,can you let me know if it will be warm this week,clinc,,[SL: weather],train
weather,when is the next time it is suppose to rain,clinc,,[SL: weather],train
weather,how cold will it be tomorrow,clinc,,[SL: weather],train
weather,what is today's high temperature predicted to be,clinc,,[SL: weather],train
weather,how much snow will we be getting tomorrow,clinc,,[SL: weather],train
weather,what's the current weather,clinc,,[SL: weather],train
weather,what's it doing outside right now,clinc,,[SL: weather],train
weather,what's today's weather going to be,clinc,,[SL: weather],train
weather,please tell me the weather forecast,clinc,,[SL: weather],train
alarm,i'd like alarms set for 11am and 132pm,clinc,,[SL: alarm],dev
alarm,i want you to set alarms for 2pm and 3pm,clinc,,[SL: alarm],dev
alarm,i need alarm for both 4am and 7am,clinc,,[SL: alarm],dev
alarm,set an alarm for 235pm and another an hour later,clinc,,[SL: alarm],dev
alarm,please add alarms at 430am and 1030am,clinc,,[SL: alarm],dev
alarm,set my alarm for quarter after six tomorrow,clinc,,[SL: alarm],dev
alarm,"set my alarm for eight tomorrow, please",clinc,,[SL: alarm],dev
alarm,set my alarm for six tomorrow morning,clinc,,[SL: alarm],dev
alarm,"set my alarm for five tomorrow morning, please",clinc,,[SL: alarm],dev
alarm,"set an alarm for four thirty tomorrow, please",clinc,,[SL: alarm],dev
alarm,set me an alarm right now,clinc,,[SL: alarm],dev
alarm,set an alarm for me please,clinc,,[SL: alarm],dev
alarm,please set an alarm for me,clinc,,[SL: alarm],dev
alarm,please set me an alarm,clinc,,[SL: alarm],dev
alarm,set me an alarm now,clinc,,[SL: alarm],dev
alarm,create alarms for 8 pm and 9 pm,clinc,,[SL: alarm],dev
alarm,i need an alarm set for ten pm and midnight,clinc,,[SL: alarm],dev
alarm,make an alarm for one and two in the morning,clinc,,[SL: alarm],dev
alarm,can you set up alarms for one in the afternoon and ten at night,clinc,,[SL: alarm],dev
alarm,set an alarm for 05:00 and one for 16:00,clinc,,[SL: alarm],dev
balance,do i have more than $100 in my pnc account,clinc,,[SL: balance],dev
balance,what's my pnc balance,clinc,,[SL: balance],dev
balance,how much is in my pnc account,clinc,,[SL: balance],dev
balance,how much money do i have in my pnc account,clinc,,[SL: balance],dev
balance,what is the balance in my pnc account,clinc,,[SL: balance],dev
balance,can i get beer within my deposit account,clinc,,[SL: balance],dev
balance,is there enough in my savings account to get a new tv,clinc,,[SL: balance],dev
balance,could be there be a good amount of money in my checking account to go on a vacation,clinc,,[SL: balance],dev
balance,can i afford a new tv from my savings account,clinc,,[SL: balance],dev
balance,will i have enough to get a new roku with my savings account,clinc,,[SL: balance],dev
balance,do you think i have enough money in my chase account for a new pair of sneakers,clinc,,[SL: balance],dev
balance,i hope i have enough money in my chase account to buy new clothes,clinc,,[SL: balance],dev
balance,i am not sure if i have enough money in my chase account to buy a new dress,clinc,,[SL: balance],dev
balance,i wonder if i have enough money in my chase account for a bike,clinc,,[SL: balance],dev
balance,i keep trying to figure out if i have enough money in my chase account to purchase a new set of tires,clinc,,[SL: balance],dev
balance,please tell me how much money i have in my bank accounts,clinc,,[SL: balance],dev
balance,i need to know how much money i have in all of my bank accounts,clinc,,[SL: balance],dev
balance,how much money is in all of my bank accounts,clinc,,[SL: balance],dev
balance,how much money is in my bank accounts,clinc,,[SL: balance],dev
balance,can you tell me how much money i have i my bank accounts,clinc,,[SL: balance],dev
bill_balance,how much is my kill bill bill for,clinc,,[SL: bill_balance],dev
bill_balance,what is the amount i owe on my phone,clinc,,[SL: bill_balance],dev
bill_balance,what is the total of my repair bill,clinc,,[SL: bill_balance],dev
bill_balance,how much is due on the gas bill,clinc,,[SL: bill_balance],dev
bill_balance,what do i owe on telephone and cable bill,clinc,,[SL: bill_balance],dev
bill_balance,how much do i have left to pay on my server and domain,clinc,,[SL: bill_balance],dev
bill_balance,what's the amount due on my vet and vehicle registration bills,clinc,,[SL: bill_balance],dev
bill_balance,what do my bills look like for amazon and netflix,clinc,,[SL: bill_balance],dev
bill_balance,how much do i have to pay on taxes and cable,clinc,,[SL: bill_balance],dev
bill_balance,how much do i owe on all of my bills,clinc,,[SL: bill_balance],dev
bill_balance,how much do i have to pay for my shell gas card bill,clinc,,[SL: bill_balance],dev
bill_balance,what is the total of all my bills combined,clinc,,[SL: bill_balance],dev
bill_balance,can you tell me how much i need to pay on my bills this month,clinc,,[SL: bill_balance],dev
bill_balance,how much is my bill for capital one,clinc,,[SL: bill_balance],dev
bill_balance,what is the total amount i am going to have to pay in bills this month,clinc,,[SL: bill_balance],dev
bill_balance,how much do i have to pay on my amazon card this month,clinc,,[SL: bill_balance],dev
bill_balance,how much do my bills cost this month,clinc,,[SL: bill_balance],dev
bill_balance,how much is my xfinity cable bill,clinc,,[SL: bill_balance],dev
bill_balance,what is the amount i owe to clay electric,clinc,,[SL: bill_balance],dev
bill_balance,could you tell me the amount owed on gas and electric,clinc,,[SL: bill_balance],dev
book_flight,can you find me a round trip flight from denver international to new york international on the 3rd through the 7th,clinc,,[SL: book_flight],dev
book_flight,can you look for a denver international to new york international round trip flight for the 5th though 8th,clinc,,[SL: book_flight],dev
book_flight,can you find me a flight from denver international to new york international on the 4th for under 700 dollars,clinc,,[SL: book_flight],dev
book_flight,for under 700 i need a flight from denver international to new york international on the 3rd,clinc,,[SL: book_flight],dev
book_flight,i need a flight from denver international to new york international round trip for the 4th though the 8th,clinc,,[SL: book_flight],dev
book_flight,i want to find a round trip flight from denver international to new york international on the 8th to the 16th,clinc,,[SL: book_flight],dev
book_flight,i need a flight from denver international to new york for under 700 on the 3rd,clinc,,[SL: book_flight],dev
book_flight,i want to find a flight for under 700 on the 4th from denver international to new york international,clinc,,[SL: book_flight],dev
book_flight,on the third i am looking for a flight for under 700 from denver international to new york international,clinc,,[SL: book_flight],dev
book_flight,i need a flight from the 3rd to the 7th round rip from denver international to new york international,clinc,,[SL: book_flight],dev
book_flight,find me a flight from philly to atl for june 5th to 8th,clinc,,[SL: book_flight],dev
book_flight,get me flight from philly to atlanta on june 5th i'm coming back june 8th,clinc,,[SL: book_flight],dev
book_flight,book a flight from philadelphia to atlanta on june 5th and returning on june 8th,clinc,,[SL: book_flight],dev
book_flight,i need an airline ticket for a round trip flight from philadelphia to atlanta for the dates of june 5 - 8,clinc,,[SL: book_flight],dev
book_flight,need airplane ridge from philadelphia to atlanta leaving on the 5th of june and returning on the 8th of june,clinc,,[SL: book_flight],dev
book_flight,i'm looking for a back and forth flight from lax to portland for w to sunday,clinc,,[SL: book_flight],dev
book_flight,i'm exploring a possible cycle flight from yyz to dublin for w to aug two,clinc,,[SL: book_flight],dev
book_flight,i'm seeking a full circle flight from msy to msp for w to june 7,clinc,,[SL: book_flight],dev
book_flight,i'm searching for a 2-way flight from yqg to heathrow for w to memorial day,clinc,,[SL: book_flight],dev
book_flight,i'm striving to find a 2-way flight from jfk to dtw for w to july 3,clinc,,[SL: book_flight],dev
book_hotel,by chance would it be possible to reserve me a hotel in afghanistan at the zoo for the 10th to the 15th,clinc,,[SL: book_hotel],dev
book_hotel,is it possible for a hotel to be booked by you for me in afghanistan at the zoo for the 10th to the 15th,clinc,,[SL: book_hotel],dev
book_hotel,could you book me a hotel in afghanistan at the zoo for the 10th to the 15th,clinc,,[SL: book_hotel],dev
book_hotel,could a hotel be booked for me in afghanistan at the zoo for the 10th to the 15th,clinc,,[SL: book_hotel],dev
book_hotel,can you reserve a hotel for myself a hotel in afghanistan at the zoo for the 10th to the 15th,clinc,,[SL: book_hotel],dev
book_hotel,i need to reserve a large room or suite for 2 couples for august 15th through august 18th in seattle,clinc,,[SL: book_hotel],dev
book_hotel,i need to book a hotel room or suite for 2 adults and 2 children in orlando for july 1st through 5th,clinc,,[SL: book_hotel],dev
book_hotel,i need a hotel room for 7 people in st louis for november 3rd through 5th,clinc,,[SL: book_hotel],dev
book_hotel,"i need a suite that can accommodate 3 adults and 1 child in san diego for may 15th, 16th, and 17th",clinc,,[SL: book_hotel],dev
book_hotel,show me a hotel in boise that has positive reviews,clinc,,[SL: book_hotel],dev
book_hotel,i need a hotel with good reviews in baltimore,clinc,,[SL: book_hotel],dev
book_hotel,find hotels in baltimore that have positive reviews,clinc,,[SL: book_hotel],dev
book_hotel,show me a hotel that has good reviews in kansas city,clinc,,[SL: book_hotel],dev
book_hotel,i am looking for a hotel in new york city that has good reviews,clinc,,[SL: book_hotel],dev
book_hotel,could you book me a hotel in tampa from may 2 to may 4,clinc,,[SL: book_hotel],dev
book_hotel,help me book a place to stay from may 2 to may 4 in tampa,clinc,,[SL: book_hotel],dev
book_hotel,can you make a reservation in tampa from may 2 to may 4,clinc,,[SL: book_hotel],dev
book_hotel,i want to book a hotel in tampa from may 2 to may 4,clinc,,[SL: book_hotel],dev
book_hotel,make me a reservation in tampa from may 2 to may 4,clinc,,[SL: book_hotel],dev
book_hotel,book a motel in uptown from march 3 to march 4,clinc,,[SL: book_hotel],dev
calendar_update,"you can remove the field trip from my calendar for march 12, 2019",clinc,,[SL: calendar_update],dev
calendar_update,"you can remove the wedding from my calendar for march 12, 2019",clinc,,[SL: calendar_update],dev
calendar_update,"you can remove the play date from my calendar for feb 18, 2019",clinc,,[SL: calendar_update],dev
calendar_update,"you can remove the dinner party from my calendar for january 21, 2019",clinc,,[SL: calendar_update],dev
calendar_update,"you can remove the brithday party from my calendar fpr january 15, 2019",clinc,,[SL: calendar_update],dev
calendar_update,put cancel abc on my calendar for next thursday,clinc,,[SL: calendar_update],dev
calendar_update,i need to add iep meeting to my calendar on april 15th,clinc,,[SL: calendar_update],dev
calendar_update,add my next doctor visit to my calendar,clinc,,[SL: calendar_update],dev
calendar_update,add swimming to my calendar today,clinc,,[SL: calendar_update],dev
calendar_update,i have an appointment on the 5th put it on for 5pm,clinc,,[SL: calendar_update],dev
calendar_update,"for friday, add a doctor's appointment to my calendar",clinc,,[SL: calendar_update],dev
calendar_update,can you add a doctor's appointment to friday's calendar,clinc,,[SL: calendar_update],dev
calendar_update,add to my friday calendar a doctor's appointment,clinc,,[SL: calendar_update],dev
calendar_update,add a doctor's appointment to my calendar for friday,clinc,,[SL: calendar_update],dev
calendar_update,add to friday's calendar a doctor's appointment,clinc,,[SL: calendar_update],dev
calendar_update,mark my calendar that i will be meeting steven on march 5,clinc,,[SL: calendar_update],dev
calendar_update,"on the 22nd of this month, we need to clear our calendar so we can leave it open for mark to visit",clinc,,[SL: calendar_update],dev
calendar_update,"can you remove that event from my calendar, please",clinc,,[SL: calendar_update],dev
calendar_update,can you remove this event from my calendar,clinc,,[SL: calendar_update],dev
calendar_update,"can you remove this event from my calendar, please",clinc,,[SL: calendar_update],dev
cancel_reservation,i would like to cancel my reservation for nenuco's restaurant to x- tapas,clinc,,[SL: cancel_reservation],dev
cancel_reservation,i need my reservation to be cancelled for nugget to xiomara's restaurant,clinc,,[SL: cancel_reservation],dev
cancel_reservation,i need to cancel my reservation for new york to xai varanda,clinc,,[SL: cancel_reservation],dev
cancel_reservation,i want to cancel my reservation for network to xaga such,clinc,,[SL: cancel_reservation],dev
cancel_reservation,forget reservation at longhorn for 4,clinc,,[SL: cancel_reservation],dev
cancel_reservation,forget reservation at oyster bar for tonight,clinc,,[SL: cancel_reservation],dev
cancel_reservation,cancel my reservation at osteria for our party,clinc,,[SL: cancel_reservation],dev
cancel_reservation,scrap reservation at 4 for red robin,clinc,,[SL: cancel_reservation],dev
cancel_reservation,cancel reservation at eight for the group,clinc,,[SL: cancel_reservation],dev
cancel_reservation,i'd like to cancel my reservation for 5 at hoss's steak house,clinc,,[SL: cancel_reservation],dev
cancel_reservation,please cancel my reservation at red lobster for 6,clinc,,[SL: cancel_reservation],dev
cancel_reservation,i need to cancel my reservation for 2 at franklin's grille,clinc,,[SL: cancel_reservation],dev
cancel_reservation,cancel that reservation for 8 at barney's,clinc,,[SL: cancel_reservation],dev
cancel_reservation,nix that reservation for 4 at strip house,clinc,,[SL: cancel_reservation],dev
cancel_reservation,undo my reservation for 5 at the loft,clinc,,[SL: cancel_reservation],dev
cancel_reservation,i no longer want my reservation for 5 at the loft cancel it please,clinc,,[SL: cancel_reservation],dev
cancel_reservation,"hey siri, please cancel my reservation at the loft for 5",clinc,,[SL: cancel_reservation],dev
cancel_reservation,i don't need my reservation for 5 at the loft please cancel it,clinc,,[SL: cancel_reservation],dev
cancel_reservation,cancel my reservation for 5 at the loft,clinc,,[SL: cancel_reservation],dev
cancel_reservation,carla doesn't want her olive garden reservation anymore,clinc,,[SL: cancel_reservation],dev
car_rental,i need a car rental this week,clinc,,[SL: car_rental],dev
car_rental,i am going away and need to rent a car,clinc,,[SL: car_rental],dev
car_rental,help me find a car to rent,clinc,,[SL: car_rental],dev
car_rental,"can you get me a car rental for march 1st to 3rd in seattle, and i'd like a sedan if possible",clinc,,[SL: car_rental],dev
car_rental,help me book a car rental in austin for april 11th to 13th get me a sedan if possible,clinc,,[SL: car_rental],dev
car_rental,"can you get me a car rental for march 13th to 15th in nyc, and i'd like a convertible if possible",clinc,,[SL: car_rental],dev
car_rental,help me book a car rental in chicago for april 1st to 3rd get me an suv if possible,clinc,,[SL: car_rental],dev
car_rental,i need to book a car rental in las vegas,clinc,,[SL: car_rental],dev
car_rental,i'm looking for assistance booking a rental car in las vegas,clinc,,[SL: car_rental],dev
car_rental,could i get assistance booking a car rental in las vegas,clinc,,[SL: car_rental],dev
car_rental,how can i rent a car in las vegas,clinc,,[SL: car_rental],dev
car_rental,can you help me rent a car in las vegas,clinc,,[SL: car_rental],dev
car_rental,can i get a car rental in boise from april 11th to april 13th,clinc,,[SL: car_rental],dev
car_rental,how can i rent a ride in alaska from march 5th to march 18th,clinc,,[SL: car_rental],dev
car_rental,where do i rent a car in las vegas from november 16th to december 16th,clinc,,[SL: car_rental],dev
car_rental,can i rent a car from dfw airport from march 1st to march 8th,clinc,,[SL: car_rental],dev
car_rental,do you have a car rental in new york from june 6th to june 9th,clinc,,[SL: car_rental],dev
car_rental,i must procure a car rental for the 10th to the 15th in zimbabwe and i would prefer a bmw,clinc,,[SL: car_rental],dev
car_rental,i really must rent a car out of sky harbor airport from the 3rd to the 5th of february,clinc,,[SL: car_rental],dev
car_rental,i really need to get a volkswagen car rental for march 5th to march 8th in phoenix,clinc,,[SL: car_rental],dev
confirm_reservation,please double check my reservations for six at mani,clinc,,[SL: confirm_reservation],dev
confirm_reservation,confirm my johnny rockets reservation for this evening,clinc,,[SL: confirm_reservation],dev
confirm_reservation,confirm four for my reservation at fiji,clinc,,[SL: confirm_reservation],dev
confirm_reservation,make sure my flower bar reservation is scheduled for tomorrow,clinc,,[SL: confirm_reservation],dev
confirm_reservation,please double check on my reservations for buffalo wild wings at five for the game,clinc,,[SL: confirm_reservation],dev
confirm_reservation,i would like to try and confirm that i have a reservation at applebee's for kristen,clinc,,[SL: confirm_reservation],dev
confirm_reservation,i would like to try and confirm that i have a reservation at chili's for bart,clinc,,[SL: confirm_reservation],dev
confirm_reservation,i would like to try and confirm that i have a reservation at longhorn for justin,clinc,,[SL: confirm_reservation],dev
confirm_reservation,i would like to try and confirm that i have a reservation at outback for josh,clinc,,[SL: confirm_reservation],dev
confirm_reservation,i would like to try and confirm that i have a reservation at carrabbas for heather,clinc,,[SL: confirm_reservation],dev
confirm_reservation,i want to confirm friday's reservation at 2:00,clinc,,[SL: confirm_reservation],dev
confirm_reservation,confirm my friday reservation at 2:00,clinc,,[SL: confirm_reservation],dev
confirm_reservation,i am here to conform my friday reservation at 2:00,clinc,,[SL: confirm_reservation],dev
confirm_reservation,you know the reservation i have on 2:00 friday i confirm it,clinc,,[SL: confirm_reservation],dev
confirm_reservation,i'd like to confirm the 2:00 reservation for friday,clinc,,[SL: confirm_reservation],dev
confirm_reservation,check to see if i am still booked to be eating at gusto handcrafted pasta & pizza at 6:30 pm,clinc,,[SL: confirm_reservation],dev
confirm_reservation,is my dinner reservation for gusto handcrafted pasta & pizza at 6:30 pm still valid,clinc,,[SL: confirm_reservation],dev
confirm_reservation,please call gusto handcrafted pasta & pizza and ask them about the status of my reservation for 6:30 pm,clinc,,[SL: confirm_reservation],dev
confirm_reservation,will you check to see if i am still reserved for 6:30 pm at gusto handcrafted pasta & pizza,clinc,,[SL: confirm_reservation],dev
confirm_reservation,please confirm my reservation for dinner at gusto handcrafted pasta & pizza at 6:30 pm,clinc,,[SL: confirm_reservation],dev
cook_time,how long do i need to cook pot au feu for,clinc,,[SL: cook_time],dev
cook_time,how long do i need to cook chili for,clinc,,[SL: cook_time],dev
cook_time,how long do i need to cook lasagne for,clinc,,[SL: cook_time],dev
cook_time,how long do i need to cook tuna casserole for,clinc,,[SL: cook_time],dev
cook_time,how long do i need to cook beef stew for,clinc,,[SL: cook_time],dev
cook_time,how long should i cook country fried potatoes for,clinc,,[SL: cook_time],dev
cook_time,how long should i cook pho for,clinc,,[SL: cook_time],dev
cook_time,how long should i cook steak for,clinc,,[SL: cook_time],dev
cook_time,how long should i cook roast for,clinc,,[SL: cook_time],dev
cook_time,i need to know how long to cook chicken for,clinc,,[SL: cook_time],dev
cook_time,how long do i put sugar cookies in for,clinc,,[SL: cook_time],dev
cook_time,how long should i cook carnitas for,clinc,,[SL: cook_time],dev
cook_time,how long should i cook ham for,clinc,,[SL: cook_time],dev
cook_time,how long does it take to make pho,clinc,,[SL: cook_time],dev
cook_time,how long do i need to cook roast for,clinc,,[SL: cook_time],dev
cook_time,how long should i microwave hot pockets for,clinc,,[SL: cook_time],dev
cook_time,how long does it take to cook hot pockets,clinc,,[SL: cook_time],dev
cook_time,what's the recommended cooking time for steak,clinc,,[SL: cook_time],dev
cook_time,should i cook this for a long time,clinc,,[SL: cook_time],dev
cook_time,what time should i leave this in the oven,clinc,,[SL: cook_time],dev
exchange_rate,how much is 100 dollars in euros,clinc,,[SL: exchange_rate],dev
exchange_rate,what's the exchange rate betwen usd and euros,clinc,,[SL: exchange_rate],dev
exchange_rate,how much is $1 usd worth in euros,clinc,,[SL: exchange_rate],dev
exchange_rate,how much is $1 usd in euros,clinc,,[SL: exchange_rate],dev
exchange_rate,what's the exchange rate between country a and country b,clinc,,[SL: exchange_rate],dev
exchange_rate,what's the conversion rate of 100 dollars to euros,clinc,,[SL: exchange_rate],dev
exchange_rate,what's 100 dollars in euros,clinc,,[SL: exchange_rate],dev
exchange_rate,how much country of canada money would i get for $100,clinc,,[SL: exchange_rate],dev
exchange_rate,how much is the exchange between usd and euros,clinc,,[SL: exchange_rate],dev
exchange_rate,i need to know how much 100 dollars is worth in euros,clinc,,[SL: exchange_rate],dev
exchange_rate,tell me the exchange rate between here and country b,clinc,,[SL: exchange_rate],dev
exchange_rate,if the dollar worth a lot in country b,clinc,,[SL: exchange_rate],dev
exchange_rate,how much is 1 dollar worth in country b's money,clinc,,[SL: exchange_rate],dev
exchange_rate,look up the exchange rate between dollars and euros,clinc,,[SL: exchange_rate],dev
exchange_rate,convert 100 dollars to euros,clinc,,[SL: exchange_rate],dev
exchange_rate,what can i get for 10 usd in cad,clinc,,[SL: exchange_rate],dev
exchange_rate,what's the going rate between usd and cad,clinc,,[SL: exchange_rate],dev
exchange_rate,what's the difference between usd and cad,clinc,,[SL: exchange_rate],dev
exchange_rate,what is the rate for 500 cad in usd,clinc,,[SL: exchange_rate],dev
exchange_rate,how much is usd vs cad,clinc,,[SL: exchange_rate],dev
food_last,is my milk safe to drink after being in the refrigerator for a week,clinc,,[SL: food_last],dev
food_last,apple cider has been in my fridge for four months so can i still drink it,clinc,,[SL: food_last],dev
food_last,"mayonaise has been in my fridge for three years, is it still good to eat",clinc,,[SL: food_last],dev
food_last,is cooked chicken still good after being refrigerated for two weeks,clinc,,[SL: food_last],dev
food_last,"i have had farm fresh eggs in the fridge for a few months, are they still okay to ingest",clinc,,[SL: food_last],dev
food_last,how many days before milk expire,clinc,,[SL: food_last],dev
food_last,will rice be ok in the fridge for 3 days,clinc,,[SL: food_last],dev
food_last,is rice ok after 3 days in the refrigerator,clinc,,[SL: food_last],dev
food_last,after 3 days in the fridge is rice safe to eat,clinc,,[SL: food_last],dev
food_last,is rice bad after 3 days in fridge,clinc,,[SL: food_last],dev
food_last,can i keep rice in the fridge for 3 days,clinc,,[SL: food_last],dev
food_last,when does my milk expire,clinc,,[SL: food_last],dev
food_last,how long does it take milk to expire,clinc,,[SL: food_last],dev
food_last,how do i know if my milk is expired,clinc,,[SL: food_last],dev
food_last,what is the expiration date of my milk,clinc,,[SL: food_last],dev
food_last,how long until my milk expires,clinc,,[SL: food_last],dev
food_last,how long can i keep pork in the freezer for before it gets freezer burnt,clinc,,[SL: food_last],dev
food_last,how long can i keep beef in the freezer for before it gets nasty,clinc,,[SL: food_last],dev
food_last,how long can i keep chicken in the freezer for before it goes gross,clinc,,[SL: food_last],dev
food_last,how long can i keep bison in the freezer for before it spoils,clinc,,[SL: food_last],dev
freeze_account,may you stop a paymet on my account,clinc,,[SL: freeze_account],dev
freeze_account,how we stop my account,clinc,,[SL: freeze_account],dev
freeze_account,can you place a stop on my account,clinc,,[SL: freeze_account],dev
freeze_account,can we stop my bank account,clinc,,[SL: freeze_account],dev
freeze_account,please put a block on my capital one account immediately,clinc,,[SL: freeze_account],dev
freeze_account,please put a block on my discover account immediately,clinc,,[SL: freeze_account],dev
freeze_account,please put a block on my regions account immediately,clinc,,[SL: freeze_account],dev
freeze_account,please put a block on my wells fargo account immediately,clinc,,[SL: freeze_account],dev
freeze_account,please put a block on my us bank account immediately,clinc,,[SL: freeze_account],dev
freeze_account,i need you to act swiftly and freeze all activity on my capital one checking,clinc,,[SL: freeze_account],dev
freeze_account,place a hold on my chase money market market account at once,clinc,,[SL: freeze_account],dev
freeze_account,i need to block all transactions from going through on my citi checking account straight away,clinc,,[SL: freeze_account],dev
freeze_account,please immediately block my navy federal credit union account,clinc,,[SL: freeze_account],dev
freeze_account,can you initiate a block on my bank of america checking asap,clinc,,[SL: freeze_account],dev
freeze_account,i need my savings account placed under a block as soon as possible,clinc,,[SL: freeze_account],dev
freeze_account,please put a hold on my retirement account right now,clinc,,[SL: freeze_account],dev
freeze_account,i need a block placed right away on my joint checking account,clinc,,[SL: freeze_account],dev
freeze_account,i want a block placed on my checking account right away,clinc,,[SL: freeze_account],dev
freeze_account,i want a block placed on my college fund account immediately,clinc,,[SL: freeze_account],dev
freeze_account,can you please freeze my account,clinc,,[SL: freeze_account],dev
ingredients_list,i need a list of ingredients required to make lamb stew,clinc,,[SL: ingredients_list],dev
ingredients_list,please search for necessary ingredients included in meatballs,clinc,,[SL: ingredients_list],dev
ingredients_list,can you tell me the ingredients used in pasta sauce,clinc,,[SL: ingredients_list],dev
ingredients_list,do you know the ingredients used in homemade chicken soup,clinc,,[SL: ingredients_list],dev
ingredients_list,i need to know what ingredients are in a french baguette,clinc,,[SL: ingredients_list],dev
ingredients_list,find list of ingredients i would need to bake a funnel cake,clinc,,[SL: ingredients_list],dev
ingredients_list,what are the ingredients used in chicken curry,clinc,,[SL: ingredients_list],dev
ingredients_list,can you tell me what ingredients are needed for cinnamon buns,clinc,,[SL: ingredients_list],dev
ingredients_list,please give me a list of the ingredients contained in chocolate cupcakes,clinc,,[SL: ingredients_list],dev
ingredients_list,what ingredients do i need to make raisin bread,clinc,,[SL: ingredients_list],dev
ingredients_list,what should i get to make the jamaican patties,clinc,,[SL: ingredients_list],dev
ingredients_list,what do you i need to make pizza dough,clinc,,[SL: ingredients_list],dev
ingredients_list,what kind of ingredients go into the chicken a la king,clinc,,[SL: ingredients_list],dev
ingredients_list,what will i need to make lasagna,clinc,,[SL: ingredients_list],dev
ingredients_list,whare the ingredients for the stir fry,clinc,,[SL: ingredients_list],dev
ingredients_list,"for pasta primavera, what ingredients will i use",clinc,,[SL: ingredients_list],dev
ingredients_list,what ingredients do i need for shrimp scampi,clinc,,[SL: ingredients_list],dev
ingredients_list,i need what ingredients for meatloaf,clinc,,[SL: ingredients_list],dev
ingredients_list,i'll use what ingredients for lasagna,clinc,,[SL: ingredients_list],dev
ingredients_list,"for peppercorn steak, what ingredients do i need",clinc,,[SL: ingredients_list],dev
interest_rate,what kind of interest can i expect with my chase account,clinc,,[SL: interest_rate],dev
interest_rate,how much interest am i getting in my citibank savings,clinc,,[SL: interest_rate],dev
interest_rate,how much interest do i get on my citizen's savings account,clinc,,[SL: interest_rate],dev
interest_rate,what kind of interest am i getting from my bank of america checking,clinc,,[SL: interest_rate],dev
interest_rate,what's my interest rate with my capital one account,clinc,,[SL: interest_rate],dev
interest_rate,what is walker bank paying me in interest on my account,clinc,,[SL: interest_rate],dev
interest_rate,where do i go to get private client account's interest rate,clinc,,[SL: interest_rate],dev
interest_rate,what interest rate am i getting currently from oak bank,clinc,,[SL: interest_rate],dev
interest_rate,how much interest am i getting percentage wise from chase,clinc,,[SL: interest_rate],dev
interest_rate,what is my interest rate for my scotiabank account,clinc,,[SL: interest_rate],dev
interest_rate,where can i find my voca account's interest rate,clinc,,[SL: interest_rate],dev
interest_rate,how can i find the current interest rate for my account ending in 9012,clinc,,[SL: interest_rate],dev
interest_rate,what interest rate is us bank giving me on my acount,clinc,,[SL: interest_rate],dev
interest_rate,where do i find the interest rate for my platinum account,clinc,,[SL: interest_rate],dev
interest_rate,where can i locate the pnc account's interest rate,clinc,,[SL: interest_rate],dev
interest_rate,what is the interest rate on my auto loan,clinc,,[SL: interest_rate],dev
interest_rate,how much is the interest rate on my home equity loan,clinc,,[SL: interest_rate],dev
interest_rate,tell me what the interest rate is on my personal loan through chase,clinc,,[SL: interest_rate],dev
interest_rate,whats the amount of interest i'm paying on my mortgage,clinc,,[SL: interest_rate],dev
interest_rate,what is the interest rate at pnc,clinc,,[SL: interest_rate],dev
international_visa,"if i plan on travelling to this country, do i need a visa",clinc,,[SL: international_visa],dev
international_visa,do i need a visa if i go there,clinc,,[SL: international_visa],dev
international_visa,"for going to that country, do i need a visa",clinc,,[SL: international_visa],dev
international_visa,does one need a visa to go there,clinc,,[SL: international_visa],dev
international_visa,"if i travel there, do i need a visa",clinc,,[SL: international_visa],dev
international_visa,does going to taiwan require me to get an international visa,clinc,,[SL: international_visa],dev
international_visa,"if i go to brazil, do i need to get an international visa",clinc,,[SL: international_visa],dev
international_visa,"should i go to okinawa, does it require an international visa",clinc,,[SL: international_visa],dev
international_visa,is an international visa needed to go to cyprus,clinc,,[SL: international_visa],dev
international_visa,i want to go to china but am not sure if i need an international visa,clinc,,[SL: international_visa],dev
international_visa,should i get an internation visa to go to switzerland,clinc,,[SL: international_visa],dev
international_visa,does south korea require an international visa,clinc,,[SL: international_visa],dev
international_visa,will i need an international visa to go to madagascar,clinc,,[SL: international_visa],dev
international_visa,is an international visa needed for canada,clinc,,[SL: international_visa],dev
international_visa,do i need an international visa to get into italy,clinc,,[SL: international_visa],dev
international_visa,"if i go to uganda, do i need an international visa",clinc,,[SL: international_visa],dev
international_visa,do i need a travel visa for the uk,clinc,,[SL: international_visa],dev
international_visa,am i going to need a visa for traveling to canada,clinc,,[SL: international_visa],dev
international_visa,does canada require a visa,clinc,,[SL: international_visa],dev
international_visa,does the uk require a travel visa,clinc,,[SL: international_visa],dev
make_call,call alex,clinc,,[SL: make_call],dev
make_call,please call mark,clinc,,[SL: make_call],dev
make_call,i want to call mark,clinc,,[SL: make_call],dev
make_call,let me call mark,clinc,,[SL: make_call],dev
make_call,can we call mark,clinc,,[SL: make_call],dev
make_call,call back my mom please,clinc,,[SL: make_call],dev
make_call,start a call to cynthia,clinc,,[SL: make_call],dev
make_call,i want to call up jan,clinc,,[SL: make_call],dev
make_call,can you get a call started to martha,clinc,,[SL: make_call],dev
make_call,please call felicity,clinc,,[SL: make_call],dev
make_call,please initiate a phone call to my boss,clinc,,[SL: make_call],dev
make_call,initiate a call to robert,clinc,,[SL: make_call],dev
make_call,dial the last number that called me,clinc,,[SL: make_call],dev
make_call,call contact aj,clinc,,[SL: make_call],dev
make_call,call aj now,clinc,,[SL: make_call],dev
make_call,call aj,clinc,,[SL: make_call],dev
make_call,call aj please,clinc,,[SL: make_call],dev
make_call,call my friend aj,clinc,,[SL: make_call],dev
make_call,can you call michelle on the home phone,clinc,,[SL: make_call],dev
make_call,"siri, call jacob",clinc,,[SL: make_call],dev
meal_suggestion,can you give me a chinese meal suggestion,clinc,,[SL: meal_suggestion],dev
meal_suggestion,i would like you to suggest a chinese dish,clinc,,[SL: meal_suggestion],dev
meal_suggestion,please suggest a chinese meal,clinc,,[SL: meal_suggestion],dev
meal_suggestion,i would like you to give me a suggestion for a mexican meal,clinc,,[SL: meal_suggestion],dev
meal_suggestion,can you suggest a mexican dish,clinc,,[SL: meal_suggestion],dev
meal_suggestion,i need some good suggestions for peruvian cuisine,clinc,,[SL: meal_suggestion],dev
meal_suggestion,help me find some new dinner recipes,clinc,,[SL: meal_suggestion],dev
meal_suggestion,what would you say is a good german dinner idea,clinc,,[SL: meal_suggestion],dev
meal_suggestion,i need an italian dinner idea,clinc,,[SL: meal_suggestion],dev
meal_suggestion,any recommendations for a greek dinner,clinc,,[SL: meal_suggestion],dev
meal_suggestion,what would you say is the best meal to have for dinner,clinc,,[SL: meal_suggestion],dev
meal_suggestion,i am bored and need new dinner recommendations,clinc,,[SL: meal_suggestion],dev
meal_suggestion,i need an idea for a french dinner,clinc,,[SL: meal_suggestion],dev
meal_suggestion,whats a good chinese dinner suggestion,clinc,,[SL: meal_suggestion],dev
meal_suggestion,what would you suggest having for dinner,clinc,,[SL: meal_suggestion],dev
meal_suggestion,i need to quick dinner suggestions,clinc,,[SL: meal_suggestion],dev
meal_suggestion,what kind of meal should i eat from thailand,clinc,,[SL: meal_suggestion],dev
meal_suggestion,suggest a meal from thailand please,clinc,,[SL: meal_suggestion],dev
meal_suggestion,suggestions for thai food,clinc,,[SL: meal_suggestion],dev
meal_suggestion,give recommendations for thai food,clinc,,[SL: meal_suggestion],dev
min_payment,what is the minimum amount due on my cable bill,clinc,,[SL: min_payment],dev
min_payment,what is the minimum payment,clinc,,[SL: min_payment],dev
min_payment,whats the minimum payment on my electric bill,clinc,,[SL: min_payment],dev
min_payment,how little can i pay on my phone bill,clinc,,[SL: min_payment],dev
min_payment,what is the least i can pay towards my car bill,clinc,,[SL: min_payment],dev
min_payment,what's the least i can pay towards this bill,clinc,,[SL: min_payment],dev
min_payment,how little can i pay towards my car insurance,clinc,,[SL: min_payment],dev
min_payment,is there a minimum amount accepted,clinc,,[SL: min_payment],dev
min_payment,tell me the least i can pay,clinc,,[SL: min_payment],dev
min_payment,what is the minimum payment for comcast,clinc,,[SL: min_payment],dev
min_payment,what is the least i can pay on my mortgage bill,clinc,,[SL: min_payment],dev
min_payment,what would be the least i could pay on this bill,clinc,,[SL: min_payment],dev
min_payment,could you tell me my bill's minimum payment,clinc,,[SL: min_payment],dev
min_payment,what's the least amount i can pay on this bill,clinc,,[SL: min_payment],dev
min_payment,what's the minimum payment on my bill,clinc,,[SL: min_payment],dev
min_payment,what's my bill's minimum payment,clinc,,[SL: min_payment],dev
min_payment,i'd like to know my minimum payment please,clinc,,[SL: min_payment],dev
min_payment,what's the minimum due for my electric bill,clinc,,[SL: min_payment],dev
min_payment,lowest amount for cable bill,clinc,,[SL: min_payment],dev
min_payment,what is the minimum payment due on my visa,clinc,,[SL: min_payment],dev
pay_bill,can you assist with my utility bill payment,clinc,,[SL: pay_bill],dev
pay_bill,my utility bill is coming due and i need a loan,clinc,,[SL: pay_bill],dev
pay_bill,can i get some funds to pay my utility bill,clinc,,[SL: pay_bill],dev
pay_bill,i will require help to take care of my utility bill,clinc,,[SL: pay_bill],dev
pay_bill,i want assistance with my utility bill,clinc,,[SL: pay_bill],dev
pay_bill,tell me if you can help pay a bill,clinc,,[SL: pay_bill],dev
pay_bill,pay a bill!,clinc,,[SL: pay_bill],dev
pay_bill,i want to pay a bill,clinc,,[SL: pay_bill],dev
pay_bill,pay my monthy mortgage payment,clinc,,[SL: pay_bill],dev
pay_bill,submit payment to duke energy for my electric bill,clinc,,[SL: pay_bill],dev
pay_bill,make a quarterly payment on my life insurance premium,clinc,,[SL: pay_bill],dev
pay_bill,i need to pay my time warner cable bill,clinc,,[SL: pay_bill],dev
pay_bill,submit full payment to chase for my visa bill,clinc,,[SL: pay_bill],dev
pay_bill,please pay my utility bill from my wells fargo checking account,clinc,,[SL: pay_bill],dev
pay_bill,pay my water bill from my chase account please,clinc,,[SL: pay_bill],dev
pay_bill,pay my dte bill from my checking account please,clinc,,[SL: pay_bill],dev
pay_bill,use my boa account to pay the cable bill,clinc,,[SL: pay_bill],dev
pay_bill,use my savings account to pay xfinity,clinc,,[SL: pay_bill],dev
pay_bill,i want to pay my cable bill directly from my checking account,clinc,,[SL: pay_bill],dev
pay_bill,pay my cable bill directly from my checking account,clinc,,[SL: pay_bill],dev
pin_change,"i forgot my pin number for my credit union bank account, can you help",clinc,,[SL: pin_change],dev
pin_change,i want to change my bank of america account pin number,clinc,,[SL: pin_change],dev
pin_change,i want to change the pin number on my credit union account,clinc,,[SL: pin_change],dev
pin_change,can you help me figure out my pin number for my visa account,clinc,,[SL: pin_change],dev
pin_change,i need to update the pin number of my aaa visa,clinc,,[SL: pin_change],dev
pin_change,i'd like to change the pin number on my visa account,clinc,,[SL: pin_change],dev
pin_change,i need my pin number for my bank of america account and i can't remember it,clinc,,[SL: pin_change],dev
pin_change,i can't remember my pin for my first national debit account,clinc,,[SL: pin_change],dev
pin_change,i've forgotten my pin number for my citibank gold account,clinc,,[SL: pin_change],dev
pin_change,i want to update my pin number on my bank of america account,clinc,,[SL: pin_change],dev
pin_change,i don't want my current pin for my wells account anymore,clinc,,[SL: pin_change],dev
pin_change,switch the pin on my chase account,clinc,,[SL: pin_change],dev
pin_change,i want a new pin on my card of private client account,clinc,,[SL: pin_change],dev
pin_change,i want the pin on my wells fargo account to be changed,clinc,,[SL: pin_change],dev
pin_change,i need a new pin on my chase account,clinc,,[SL: pin_change],dev
pin_change,so tell me the pin number,clinc,,[SL: pin_change],dev
pin_change,i need to know the pin number to my card,clinc,,[SL: pin_change],dev
pin_change,tell me the pin number to my card,clinc,,[SL: pin_change],dev
pin_change,i need to know the pin number,clinc,,[SL: pin_change],dev
pin_change,switch the pin on my visa account,clinc,,[SL: pin_change],dev
play_music,let me hear the song sympathy for the devil,clinc,,[SL: play_music],dev
play_music,please start the song penny lane,clinc,,[SL: play_music],dev
play_music,i want to hear satisfaction,clinc,,[SL: play_music],dev
play_music,fetch the song smells like teen spirit and play it,clinc,,[SL: play_music],dev
play_music,i am in the mood to listen to mack the knife,clinc,,[SL: play_music],dev
play_music,can you play the song that sounds like thun thun thun,clinc,,[SL: play_music],dev
play_music,"play the song that goes like i like to move it, move it",clinc,,[SL: play_music],dev
play_music,"can you play the song amazing grace and it goes like this, amazing grace how sweet the sound",clinc,,[SL: play_music],dev
play_music,please play the song that goes like america the beautiful,clinc,,[SL: play_music],dev
play_music,please play the song that goes like this: jingle bells jingle bells jingle all the way,clinc,,[SL: play_music],dev
play_music,can you play music by the beatles,clinc,,[SL: play_music],dev
play_music,can you play the beatles,clinc,,[SL: play_music],dev
play_music,are you able to play beatles songs,clinc,,[SL: play_music],dev
play_music,can i hear the beatles,clinc,,[SL: play_music],dev
play_music,do you have any of the beatles music,clinc,,[SL: play_music],dev
play_music,can you play the song that starts with doo doo doo,clinc,,[SL: play_music],dev
play_music,can i hear the song that starts out doo doo doo,clinc,,[SL: play_music],dev
play_music,please play me the song that starts out with doo doo doo,clinc,,[SL: play_music],dev
play_music,please play the song that goes doo doo doo,clinc,,[SL: play_music],dev
play_music,can you play the song that goes doo doo doo,clinc,,[SL: play_music],dev
plug_type,what kind of sockets do the us use,clinc,,[SL: plug_type],dev
plug_type,does my tv need a socket conveter in ny city,clinc,,[SL: plug_type],dev
plug_type,does denmark use different sockets,clinc,,[SL: plug_type],dev
plug_type,in france do they require socket conveters,clinc,,[SL: plug_type],dev
plug_type,what type of socker conveters do i need in africa,clinc,,[SL: plug_type],dev
plug_type,"i'm going to paris, what plug type do i need",clinc,,[SL: plug_type],dev
plug_type,what type of outlets do they have in the uk,clinc,,[SL: plug_type],dev
plug_type,in australia what outlet type do they use,clinc,,[SL: plug_type],dev
plug_type,do they use a different plug in brazil,clinc,,[SL: plug_type],dev
plug_type,what kind of plug is used in japan,clinc,,[SL: plug_type],dev
plug_type,which electrical plug type should i bring with me to finland,clinc,,[SL: plug_type],dev
plug_type,what kind of electrical plug do they use in the uae,clinc,,[SL: plug_type],dev
plug_type,what type of electrical plug do they use in spain,clinc,,[SL: plug_type],dev
plug_type,what electrical plug do they use in the uk,clinc,,[SL: plug_type],dev
plug_type,what sort of electrical plug do they use in mainland europe,clinc,,[SL: plug_type],dev
plug_type,what are the cuban plugs like,clinc,,[SL: plug_type],dev
plug_type,what plugs are in england,clinc,,[SL: plug_type],dev
plug_type,how are british plugs,clinc,,[SL: plug_type],dev
plug_type,what plug does colombia use,clinc,,[SL: plug_type],dev
plug_type,which plugs does england use,clinc,,[SL: plug_type],dev
recipe,i would like to learn to make cookies,clinc,,[SL: recipe],dev
recipe,show me popular sushi recipes,clinc,,[SL: recipe],dev
recipe,i need a pancake recipe,clinc,,[SL: recipe],dev
recipe,find instructions on baking lemon cake,clinc,,[SL: recipe],dev
recipe,can you give me instructions on how to make alfredo,clinc,,[SL: recipe],dev
recipe,how do i make shrimp,clinc,,[SL: recipe],dev
recipe,what is a good recipe for steak,clinc,,[SL: recipe],dev
recipe,find a recipe for hamburgers,clinc,,[SL: recipe],dev
recipe,pull up ramen recipes please,clinc,,[SL: recipe],dev
recipe,how do you make dumplings,clinc,,[SL: recipe],dev
recipe,how do you make blue cheese dressing,clinc,,[SL: recipe],dev
recipe,i need a recipe for chicken cordon bleu,clinc,,[SL: recipe],dev
recipe,recipe for traditional roast beef and gravy,clinc,,[SL: recipe],dev
recipe,i want to make pork barbque but do no know how,clinc,,[SL: recipe],dev
recipe,give me a good recipe for chicken parmesan,clinc,,[SL: recipe],dev
recipe,do you have any good ways to make tomato soup,clinc,,[SL: recipe],dev
recipe,how do i make chicken alfredo,clinc,,[SL: recipe],dev
recipe,recipe for beef stroganoff,clinc,,[SL: recipe],dev
recipe,i need to find a good way to make chicken soup,clinc,,[SL: recipe],dev
recipe,tell me how to make ramen,clinc,,[SL: recipe],dev
restaurant_reservation,please reserve a table for 2 at lucky's under the name melissa at 7 pm,clinc,,[SL: restaurant_reservation],dev
restaurant_reservation,i would like to reserve a table for 2 at sam's steakhouse under the name jessie at 6:30 pm,clinc,,[SL: restaurant_reservation],dev
restaurant_reservation,help me reserve a table for 3 at lucky's under the name crystal at 8 pm,clinc,,[SL: restaurant_reservation],dev
restaurant_reservation,would you please schedule a reservation for 2 at lucky's under the name sam at 7:30pm,clinc,,[SL: restaurant_reservation],dev
restaurant_reservation,could you please reserve a table for 6 at lucille's under the name tom at 5pm,clinc,,[SL: restaurant_reservation],dev
restaurant_reservation,is there a reservation available at ruth chris today,clinc,,[SL: restaurant_reservation],dev
restaurant_reservation,are there 8pm tables available at texas roadhouse,clinc,,[SL: restaurant_reservation],dev
restaurant_reservation,book a reservation for 3 at xenophobe under the name zebee,clinc,,[SL: restaurant_reservation],dev
restaurant_reservation,i need to book a reservation for 3 at xenophobe under the name zebee,clinc,,[SL: restaurant_reservation],dev
restaurant_reservation,book 3 under the name zebee at xenophobe,clinc,,[SL: restaurant_reservation],dev
restaurant_reservation,what reservations are available for 3 people at the xenophobe,clinc,,[SL: restaurant_reservation],dev
restaurant_reservation,under the name zebee book a reservation at the xenophobe for 3,clinc,,[SL: restaurant_reservation],dev
restaurant_reservation,use the name wheeler to reserve a table for 3 at andrea's steakhouse at 5pm,clinc,,[SL: restaurant_reservation],dev
restaurant_reservation,make a reservation for wheeler party of 3 for 5pm at andrea's steakhouse,clinc,,[SL: restaurant_reservation],dev
restaurant_reservation,reserve a table for 3 at andrea's steakhouse around 5pm under the name wheeler,clinc,,[SL: restaurant_reservation],dev
restaurant_reservation,i need a table for 3 at 5pm at andrea's steakhouse under wheeler,clinc,,[SL: restaurant_reservation],dev
restaurant_reservation,reserve a table for 3 under the name wheeler at andrea's steakhouse for 5pm,clinc,,[SL: restaurant_reservation],dev
restaurant_reservation,book room for me and her under the name kendra,clinc,,[SL: restaurant_reservation],dev
restaurant_reservation,allow me to turn on the lights,clinc,,[SL: restaurant_reservation],dev
restaurant_reservation,make me a reservation for 5 people at village tavern for the calloways,clinc,,[SL: restaurant_reservation],dev
restaurant_reviews,does mcdonald's have good reviews,clinc,,[SL: restaurant_reviews],dev
restaurant_reviews,are the review for mcdonald's good or bad,clinc,,[SL: restaurant_reviews],dev
restaurant_reviews,how are the reviews for mcdonald's,clinc,,[SL: restaurant_reviews],dev
restaurant_reviews,what are the review for mcdonald's,clinc,,[SL: restaurant_reviews],dev
restaurant_reviews,how are those mcdonald's reviews looking,clinc,,[SL: restaurant_reviews],dev
restaurant_reviews,what are the ratings for yardhouse,clinc,,[SL: restaurant_reviews],dev
restaurant_reviews,do you know how the ratings are for yardhouse,clinc,,[SL: restaurant_reviews],dev
restaurant_reviews,are the ratings for yardhouse good,clinc,,[SL: restaurant_reviews],dev
restaurant_reviews,can you tell me the ratings for yardhouse,clinc,,[SL: restaurant_reviews],dev
restaurant_reviews,how good are the review for yardhouse,clinc,,[SL: restaurant_reviews],dev
restaurant_reviews,how are the fried chicken at zippys,clinc,,[SL: restaurant_reviews],dev
restaurant_reviews,how are the reviews for pasta at assagios,clinc,,[SL: restaurant_reviews],dev
restaurant_reviews,how is sushi at jiro,clinc,,[SL: restaurant_reviews],dev
restaurant_reviews,how is the steamed fish at harbor village,clinc,,[SL: restaurant_reviews],dev
restaurant_reviews,how is dim sum at legend,clinc,,[SL: restaurant_reviews],dev
restaurant_reviews,does boston restaurant have favorable reviews,clinc,,[SL: restaurant_reviews],dev
restaurant_reviews,can you inform if boston restaurant has good reviews,clinc,,[SL: restaurant_reviews],dev
restaurant_reviews,i need to know favorable reviews about boston restaurant,clinc,,[SL: restaurant_reviews],dev
restaurant_reviews,tell me if boston restaurant has good reviews,clinc,,[SL: restaurant_reviews],dev
restaurant_reviews,i need to know if boston restaurant has favorable reviews,clinc,,[SL: restaurant_reviews],dev
restaurant_suggestion,where do you want to eat tonight,clinc,,[SL: restaurant_suggestion],dev
restaurant_suggestion,where is your favorite restaurant to eat,clinc,,[SL: restaurant_suggestion],dev
restaurant_suggestion,do you have any restaurant recommendations,clinc,,[SL: restaurant_suggestion],dev
restaurant_suggestion,where should we eat tonight,clinc,,[SL: restaurant_suggestion],dev
restaurant_suggestion,where are the best places to eat,clinc,,[SL: restaurant_suggestion],dev
restaurant_suggestion,are there any vegan restaurants in my town,clinc,,[SL: restaurant_suggestion],dev
restaurant_suggestion,list a few pizza places that have seating near my current location,clinc,,[SL: restaurant_suggestion],dev
restaurant_suggestion,are there decent seafood restaurants in portland,clinc,,[SL: restaurant_suggestion],dev
restaurant_suggestion,name a few good steakhouses in chicago,clinc,,[SL: restaurant_suggestion],dev
restaurant_suggestion,does brooklyn have good italian restaurants,clinc,,[SL: restaurant_suggestion],dev
restaurant_suggestion,i would love to find a few vegan restaurants in back bay,clinc,,[SL: restaurant_suggestion],dev
restaurant_suggestion,suggest a few local eateries in mid price range,clinc,,[SL: restaurant_suggestion],dev
restaurant_suggestion,i feel like going out for sushi tonight who in the area serves good sushi,clinc,,[SL: restaurant_suggestion],dev
restaurant_suggestion,i am looking for good southeast asian restaurants in philadelphia,clinc,,[SL: restaurant_suggestion],dev
restaurant_suggestion,"i want to eat mediterranean fare with at least four stars, near me",clinc,,[SL: restaurant_suggestion],dev
restaurant_suggestion,what are some good ethiopian restaurants in queens,clinc,,[SL: restaurant_suggestion],dev
restaurant_suggestion,what are some good itialian restaurants in north salem,clinc,,[SL: restaurant_suggestion],dev
restaurant_suggestion,what are some good vegan restaurants in broadripple,clinc,,[SL: restaurant_suggestion],dev
restaurant_suggestion,what are some good mexican restaurants in indianapolis,clinc,,[SL: restaurant_suggestion],dev
restaurant_suggestion,what are some good southern bbq restaurants in nashville,clinc,,[SL: restaurant_suggestion],dev
share_location,give my location to stan,clinc,,[SL: share_location],dev
share_location,i'd like to share my location with stephanie,clinc,,[SL: share_location],dev
share_location,i would like brenda to have my location,clinc,,[SL: share_location],dev
share_location,let lisa know where i am now,clinc,,[SL: share_location],dev
share_location,i want david to know where i'm at,clinc,,[SL: share_location],dev
share_location,can you share my location with roger,clinc,,[SL: share_location],dev
share_location,can you send my exact location to laura,clinc,,[SL: share_location],dev
share_location,share my location with apple,clinc,,[SL: share_location],dev
share_location,share my location with google,clinc,,[SL: share_location],dev
share_location,send mike my exact location,clinc,,[SL: share_location],dev
share_location,"send my current location to steve, please",clinc,,[SL: share_location],dev
share_location,steve needs to know my location,clinc,,[SL: share_location],dev
share_location,i'd like to send steve my location,clinc,,[SL: share_location],dev
share_location,share my location with steve,clinc,,[SL: share_location],dev
share_location,i need to send my location to my friend steve,clinc,,[SL: share_location],dev
share_location,give arianna my current location,clinc,,[SL: share_location],dev
share_location,share with current location with ben,clinc,,[SL: share_location],dev
share_location,show my gps location to brittany,clinc,,[SL: share_location],dev
share_location,give my gps location to jason,clinc,,[SL: share_location],dev
share_location,share my gps with tom,clinc,,[SL: share_location],dev
shopping_list_update,"i'm not sure if watermelon is on my shopping list, but if it isn't can you put it on there",clinc,,[SL: shopping_list_update],dev
shopping_list_update,is it possible to add grapes to my shopping list if they aren't on there already,clinc,,[SL: shopping_list_update],dev
shopping_list_update,please add bananas to my shopping list unless i already did,clinc,,[SL: shopping_list_update],dev
shopping_list_update,can you add apples to my shopping list if they aren't already on there,clinc,,[SL: shopping_list_update],dev
shopping_list_update,would you be willing to add bread to my shopping list if i haven't already,clinc,,[SL: shopping_list_update],dev
shopping_list_update,"i'm out of cleaning supplies, remind me on my list",clinc,,[SL: shopping_list_update],dev
shopping_list_update,"i don't have any more steak, please put that on my grocery list",clinc,,[SL: shopping_list_update],dev
shopping_list_update,"i'm out of apples, add that to my list",clinc,,[SL: shopping_list_update],dev
shopping_list_update,"i have no oranges, put them onto my list",clinc,,[SL: shopping_list_update],dev
shopping_list_update,do i have peanuts on my shopping list if not please add it,clinc,,[SL: shopping_list_update],dev
shopping_list_update,do i have soda on my shopping list if not please add it,clinc,,[SL: shopping_list_update],dev
shopping_list_update,i'm out of kleenex so will you put that on my shopping list,clinc,,[SL: shopping_list_update],dev
shopping_list_update,i'm out of paper towels so will you put that on my shopping list,clinc,,[SL: shopping_list_update],dev
shopping_list_update,i'm out of toilet paper so will you put that on my shopping list,clinc,,[SL: shopping_list_update],dev
shopping_list_update,do i have graham crackers on my shopping list if not please add it,clinc,,[SL: shopping_list_update],dev
shopping_list_update,i'm out of clorox wipes so will you put that on my shopping list,clinc,,[SL: shopping_list_update],dev
shopping_list_update,do i have tortillas on my shopping list if not please add it,clinc,,[SL: shopping_list_update],dev
shopping_list_update,i'm out of laundry detergent so will you put that on my shopping list,clinc,,[SL: shopping_list_update],dev
shopping_list_update,do i have cheese on my shopping list if not please add it,clinc,,[SL: shopping_list_update],dev
shopping_list_update,i'd like you to add oranges to my shopping list,clinc,,[SL: shopping_list_update],dev
spending_history,could you tell me what kind of money i've recently spent,clinc,,[SL: spending_history],dev
spending_history,how much have i spent lately,clinc,,[SL: spending_history],dev
spending_history,how much have i recently spent,clinc,,[SL: spending_history],dev
spending_history,how much money have i recently spent on stuff,clinc,,[SL: spending_history],dev
spending_history,how much did i spend on shcool due last year,clinc,,[SL: spending_history],dev
spending_history,how much did i spend on bills last month,clinc,,[SL: spending_history],dev
spending_history,"did i buy too many donuts recently, like last week",clinc,,[SL: spending_history],dev
spending_history,did i spend too much dough on donuts last week,clinc,,[SL: spending_history],dev
spending_history,have i been spending excessively on donuts recently,clinc,,[SL: spending_history],dev
spending_history,was i spending too much money on doughnuts last week,clinc,,[SL: spending_history],dev
spending_history,have i spent too much of my paycheck on donuts lately,clinc,,[SL: spending_history],dev
spending_history,how much money did i spent on grocery recently,clinc,,[SL: spending_history],dev
spending_history,how much did i spend on grocery shopping recently,clinc,,[SL: spending_history],dev
spending_history,can you tell me how much i spent on grocery shopping recently,clinc,,[SL: spending_history],dev
spending_history,tell me how much i have spent on grocery shopping just now,clinc,,[SL: spending_history],dev
spending_history,would you mind telling me how much i have spent recently on grocery shopping,clinc,,[SL: spending_history],dev
spending_history,how much have i spent on shoes recently,clinc,,[SL: spending_history],dev
spending_history,how much have i spent on groceries recently,clinc,,[SL: spending_history],dev
spending_history,how much have i spent on eating out recently,clinc,,[SL: spending_history],dev
spending_history,how much have i spent on make up recently,clinc,,[SL: spending_history],dev
text,send a text to joe,clinc,,[SL: text],dev
text,i need to text joe,clinc,,[SL: text],dev
text,text joe,clinc,,[SL: text],dev
text,send joe a text,clinc,,[SL: text],dev
text,text john with the message 'where are you,clinc,,[SL: text],dev
text,please send a text to danny saying that i'm running late,clinc,,[SL: text],dev
text,text mom saying happy birthday,clinc,,[SL: text],dev
text,text mollie saying 'i am on my way,clinc,,[SL: text],dev
text,i need you to text mickey saying 'can we reschedule,clinc,,[SL: text],dev
text,"send message to carl, you suck",clinc,,[SL: text],dev
text,let carl know that he sucks,clinc,,[SL: text],dev
text,"message carl, you suck",clinc,,[SL: text],dev
text,tell carl that he sucks,clinc,,[SL: text],dev
text,inform carl that he is an awful human being,clinc,,[SL: text],dev
text,send robert a text from me telling him okay,clinc,,[SL: text],dev
text,i need leslie to be texted saying have a good day,clinc,,[SL: text],dev
text,i want a text sent to bob saying i will be late,clinc,,[SL: text],dev
text,write a text to kim saying no,clinc,,[SL: text],dev
text,send a text to mom saying i'm on my way,clinc,,[SL: text],dev
text,robbie needs to know aboutthis so would you text robbie to let them know,clinc,,[SL: text],dev
time,what time is it in france,clinc,,[SL: time],dev
time,what's the time in london right now,clinc,,[SL: time],dev
time,what hour is it in london,clinc,,[SL: time],dev
time,what's the time,clinc,,[SL: time],dev
time,what is the time in london,clinc,,[SL: time],dev
time,i need to know what time it is,clinc,,[SL: time],dev
time,what time of day is it in london,clinc,,[SL: time],dev
time,tell me what time it is,clinc,,[SL: time],dev
time,what time of day is it,clinc,,[SL: time],dev
time,what time is it in the pacific timezone,clinc,,[SL: time],dev
time,what time is it in pacific standard time,clinc,,[SL: time],dev
time,what time is it over in pacific time,clinc,,[SL: time],dev
time,what time is in over there in pacific standard time,clinc,,[SL: time],dev
time,what time is it in the pacific standard time,clinc,,[SL: time],dev
time,what is the time in paris now,clinc,,[SL: time],dev
time,time in manhattan,clinc,,[SL: time],dev
time,how late is it now in ourense,clinc,,[SL: time],dev
time,what is the current time right now in hollywood,clinc,,[SL: time],dev
time,what time is it now in michigan,clinc,,[SL: time],dev
time,what's the clock say,clinc,,[SL: time],dev
timezone,what is the timezone of saigon,clinc,,[SL: timezone],dev
timezone,what timezone is hanoi in,clinc,,[SL: timezone],dev
timezone,what timezone do ho chi minh use,clinc,,[SL: timezone],dev
timezone,what timezone is honolulu in,clinc,,[SL: timezone],dev
timezone,what timezone is paris in,clinc,,[SL: timezone],dev
timezone,which time zone is germany is in,clinc,,[SL: timezone],dev
timezone,what are the time zones of russia,clinc,,[SL: timezone],dev
timezone,which time zones does european countries use,clinc,,[SL: timezone],dev
timezone,what is the time zone of china,clinc,,[SL: timezone],dev
timezone,tell me the timezone for hong kong,clinc,,[SL: timezone],dev
timezone,which timezone contains the city of orlando,clinc,,[SL: timezone],dev
timezone,british columbia can be found in what timezone,clinc,,[SL: timezone],dev
timezone,in what timezone is atlanta located,clinc,,[SL: timezone],dev
timezone,give me the timezone where vancouver is,clinc,,[SL: timezone],dev
timezone,what timezone is the country in,clinc,,[SL: timezone],dev
timezone,is the timezone there different,clinc,,[SL: timezone],dev
timezone,what's the timezone over there,clinc,,[SL: timezone],dev
timezone,what's london's timezone,clinc,,[SL: timezone],dev
timezone,do you know london's timezone,clinc,,[SL: timezone],dev
timezone,what timezone is london in,clinc,,[SL: timezone],dev
transactions,show all purchases of video games,clinc,,[SL: transactions],dev
transactions,show me all video games purchased,clinc,,[SL: transactions],dev
transactions,list all purchases of video games,clinc,,[SL: transactions],dev
transactions,show me all new transactions,clinc,,[SL: transactions],dev
transactions,what transactions have i made in the last few weeks,clinc,,[SL: transactions],dev
transactions,how much money have i spent on restaurants,clinc,,[SL: transactions],dev
transactions,what transactions did i put on my visa last month,clinc,,[SL: transactions],dev
transactions,what transactions have i accrued buying dog food,clinc,,[SL: transactions],dev
transactions,what are my recent purchases,clinc,,[SL: transactions],dev
transactions,please tell me all the purchases on my hy-vee card for this statement period,clinc,,[SL: transactions],dev
transactions,please let me review all items on my mastercard from this billing period,clinc,,[SL: transactions],dev
transactions,please tell me this month's transactions on my visa,clinc,,[SL: transactions],dev
transactions,show me all transactions for current statement,clinc,,[SL: transactions],dev
transactions,i want to see transactions from this month,clinc,,[SL: transactions],dev
transactions,how many paypal transactions did i have last week,clinc,,[SL: transactions],dev
transactions,what items do i have on my amex card this month,clinc,,[SL: transactions],dev
transactions,what transactions do i have on my visa from the last 4 weeks,clinc,,[SL: transactions],dev
transactions,what withdrawals were there on my account yesterday,clinc,,[SL: transactions],dev
transactions,was my last transaction at walmart,clinc,,[SL: transactions],dev
transactions,how much was my last transaction for,clinc,,[SL: transactions],dev
transfer,transfer ten dollars from my wells fargo account to my bank of america account,clinc,,[SL: transfer],dev
transfer,take one hundred and fifty bucks from my wells fargo checking account and put it in my wells fargo savings account,clinc,,[SL: transfer],dev
transfer,put one hundred and seventy five bucks in my wells fargo checking account from my citibank savings account,clinc,,[SL: transfer],dev
transfer,move two hundred dollars to my chase savings account to my wells fargo checking account,clinc,,[SL: transfer],dev
transfer,move three hundred and fifty dollars from my citibank savings account to my chase savings account,clinc,,[SL: transfer],dev
transfer,move a dollar from my checkings to my savings,clinc,,[SL: transfer],dev
transfer,move my money to the other account,clinc,,[SL: transfer],dev
transfer,transfer funds to the other account,clinc,,[SL: transfer],dev
transfer,please transfer half of my funds to an alternate account,clinc,,[SL: transfer],dev
transfer,can you move my money to my savings,clinc,,[SL: transfer],dev
transfer,make an eft to my savings from my checking account,clinc,,[SL: transfer],dev
transfer,send 100 dollars from my vanguard money market to my wells fargo savings,clinc,,[SL: transfer],dev
transfer,i need 200 dollars transferred from my long island savings account to my chase checking,clinc,,[SL: transfer],dev
transfer,send from my bbc money market to my t rowe price money market seven thousand dollars,clinc,,[SL: transfer],dev
transfer,i need 2000 to go to my chase checking from my mellon bank savings account,clinc,,[SL: transfer],dev
transfer,move 100 dollars from my savings to my checking,clinc,,[SL: transfer],dev
transfer,transfer 1000 dollars from my first national bank to my bethpage federal credit union savings,clinc,,[SL: transfer],dev
transfer,take out of my checking 400 dollars and put it into my emergency savings account,clinc,,[SL: transfer],dev
transfer,i need to transfer one thousand dollars to my savings account from my checking,clinc,,[SL: transfer],dev
transfer,transfer 50 dollars from my checking account to my money market account,clinc,,[SL: transfer],dev
translate,"in spanish, meet me tomorrow is said how",clinc,,[SL: translate],dev
translate,"in french, how do i say, see you later",clinc,,[SL: translate],dev
translate,how do you say hello in japanese,clinc,,[SL: translate],dev
translate,how do i ask about the weather in chinese,clinc,,[SL: translate],dev
translate,"how can i say ""cancel my order"" in french",clinc,,[SL: translate],dev
translate,how do i say dinner in spanish,clinc,,[SL: translate],dev
translate,how do you say good bye in french,clinc,,[SL: translate],dev
translate,how do i say thank you in spanish,clinc,,[SL: translate],dev
translate,how do i say good bye in chinese,clinc,,[SL: translate],dev
translate,how can i say thank you very much in chinese,clinc,,[SL: translate],dev
translate,i need to know how to say hello in france,clinc,,[SL: translate],dev
translate,would you tell me how to say goodbye in france,clinc,,[SL: translate],dev
translate,how do you say hello in mexico,clinc,,[SL: translate],dev
translate,tell me how to say hello in chile,clinc,,[SL: translate],dev
translate,i want to know how to say goodbye in france,clinc,,[SL: translate],dev
translate,"would you translate a sentence into russian for me, please",clinc,,[SL: translate],dev
translate,would you translate a phrase into mandarin for me,clinc,,[SL: translate],dev
translate,"can you translate this name into spanish for me, please",clinc,,[SL: translate],dev
translate,"could you translate this into chinese for me, please",clinc,,[SL: translate],dev
translate,could you translate water into dutch for me,clinc,,[SL: translate],dev
travel_notification,"i'm going to be in canada from october 23rd to november 2nd, so can i let my bank know",clinc,,[SL: travel_notification],dev
travel_notification,let my bank know i'm going to be in russia for a month,clinc,,[SL: travel_notification],dev
travel_notification,get a message to my bank that starting the 14th i'll be in canada,clinc,,[SL: travel_notification],dev
travel_notification,tell my bank that i'm travelling to france in 2 days,clinc,,[SL: travel_notification],dev
travel_notification,tell my bank i'll be in cuba beginning the 2nd,clinc,,[SL: travel_notification],dev
travel_notification,alert my financial institution that i will be traveling to bangkok on april 2 and returning on april 7,clinc,,[SL: travel_notification],dev
travel_notification,"on tuesday i will be leaving for tennessee and will not be returning until the twenty ninth, alert my bank of this",clinc,,[SL: travel_notification],dev
travel_notification,my bank needs to be aware of my trip to spain,clinc,,[SL: travel_notification],dev
travel_notification,i am going to spain in the future and my bank needs to know this information,clinc,,[SL: travel_notification],dev
travel_notification,my bank needs to know that i will be traveling to spain soon,clinc,,[SL: travel_notification],dev
travel_notification,my vacation to spain is coming up and i need my bank to know,clinc,,[SL: travel_notification],dev
travel_notification,i will be telling my bank of my upcoming trip to spain,clinc,,[SL: travel_notification],dev
travel_notification,from april to may i will be in america so i need to notify my bank,clinc,,[SL: travel_notification],dev
travel_notification,i will tell my bank that i will be gone from april to may to america,clinc,,[SL: travel_notification],dev
travel_notification,i need to let my bank know i will be in america from april to may,clinc,,[SL: travel_notification],dev
travel_notification,my back needs to be notified that i will be in american from april to may,clinc,,[SL: travel_notification],dev
travel_notification,i will be visiting america so i will need to let me bank know i will be gone from april to may,clinc,,[SL: travel_notification],dev
travel_notification,please note that i will be travelling internationally soon,clinc,,[SL: travel_notification],dev
travel_notification,let my bank know that i am going to tokyo,clinc,,[SL: travel_notification],dev
travel_notification,alert my bank and tell them that i will be in vermont,clinc,,[SL: travel_notification],dev
travel_suggestion,what's the best place to visit in arizona,clinc,,[SL: travel_suggestion],dev
travel_suggestion,what's the best restaurant in arizona for pizza,clinc,,[SL: travel_suggestion],dev
travel_suggestion,what are popular mountains to hike in arizona,clinc,,[SL: travel_suggestion],dev
travel_suggestion,do you think arizona has plenty of bike routes,clinc,,[SL: travel_suggestion],dev
travel_suggestion,find the favorite destination for traveling this year,clinc,,[SL: travel_suggestion],dev
travel_suggestion,can you suggest some of the most popular travel destination,clinc,,[SL: travel_suggestion],dev
travel_suggestion,what is there to do in craberra,clinc,,[SL: travel_suggestion],dev
travel_suggestion,give me location for tourist destination in bangkok,clinc,,[SL: travel_suggestion],dev
travel_suggestion,i want to know about tourist places for bangkok,clinc,,[SL: travel_suggestion],dev
travel_suggestion,i want list of tourist destination for paris,clinc,,[SL: travel_suggestion],dev
travel_suggestion,i want to know where to visit in bangkok,clinc,,[SL: travel_suggestion],dev
travel_suggestion,"i would like to find a list of cool things recommended for tourists in copenhagen, denmark",clinc,,[SL: travel_suggestion],dev
travel_suggestion,"i need some recommendations for fun tourist activities in washington, dc",clinc,,[SL: travel_suggestion],dev
travel_suggestion,what are some exciting things that are a must do for tourists visiting sedona,clinc,,[SL: travel_suggestion],dev
travel_suggestion,please do a search for entertaining activities for tourists in mexico city,clinc,,[SL: travel_suggestion],dev
travel_suggestion,"can you give me some fun suggestions for tourists to check out in las vegas, please",clinc,,[SL: travel_suggestion],dev
travel_suggestion,"in seoul, what things can i do",clinc,,[SL: travel_suggestion],dev
travel_suggestion,what to do in minneapolis,clinc,,[SL: travel_suggestion],dev
travel_suggestion,what can i do in hong kong,clinc,,[SL: travel_suggestion],dev
travel_suggestion,what's a good place to vacation,clinc,,[SL: travel_suggestion],dev
update_playlist,add this song to travel,clinc,,[SL: update_playlist],dev
update_playlist,add song to media playlist,clinc,,[SL: update_playlist],dev
update_playlist,add song to my hype playlist,clinc,,[SL: update_playlist],dev
update_playlist,put song in springtime playlist,clinc,,[SL: update_playlist],dev
update_playlist,put we are the champions to my running playlist,clinc,,[SL: update_playlist],dev
update_playlist,put on bended knee on my reflection playlist,clinc,,[SL: update_playlist],dev
update_playlist,please place this track on my driving mix,clinc,,[SL: update_playlist],dev
update_playlist,please add this song to my morning job playlist,clinc,,[SL: update_playlist],dev
update_playlist,i'd like to augment my workout playlist with this tune,clinc,,[SL: update_playlist],dev
update_playlist,i'd like to add this song to my relaxation playlist,clinc,,[SL: update_playlist],dev
update_playlist,add games without frontiers to my week 5 playlist,clinc,,[SL: update_playlist],dev
update_playlist,i want to put thank you on my playlist called relaxing jams,clinc,,[SL: update_playlist],dev
update_playlist,can you put the currently playing track on my zen playlist,clinc,,[SL: update_playlist],dev
update_playlist,add welcome to the jungle to my workout mix,clinc,,[SL: update_playlist],dev
update_playlist,i want you to add the song i listen to to my summer playlist,clinc,,[SL: update_playlist],dev
update_playlist,add what i listen to to my car ride playlist,clinc,,[SL: update_playlist],dev
update_playlist,please add what i listen to to my lolla playlist,clinc,,[SL: update_playlist],dev
update_playlist,can you help me add the song i listen to to my clutch playlist,clinc,,[SL: update_playlist],dev
update_playlist,add what i am listening to to my road trip playlist,clinc,,[SL: update_playlist],dev
update_playlist,put this in my workout playlist,clinc,,[SL: update_playlist],dev
weather,what's is the current weather forecast,clinc,,[SL: weather],dev
weather,tell me the forecast,clinc,,[SL: weather],dev
weather,what's the weather like,clinc,,[SL: weather],dev
weather,what's the forecast for the day,clinc,,[SL: weather],dev
weather,i need to know the weather,clinc,,[SL: weather],dev
weather,weather forecast please,clinc,,[SL: weather],dev
weather,what's today's weather,clinc,,[SL: weather],dev
weather,i need to know today's forecast,clinc,,[SL: weather],dev
weather,is it going to rain tomorrow,clinc,,[SL: weather],dev
weather,what is the weather outside,clinc,,[SL: weather],dev
weather,what will be the weather tomorrow,clinc,,[SL: weather],dev
weather,what is the weather in atlanta,clinc,,[SL: weather],dev
weather,what is the weather in tokyo,clinc,,[SL: weather],dev
weather,what's the humidity today,clinc,,[SL: weather],dev
weather,what was the temperature yesterday,clinc,,[SL: weather],dev
weather,what's today's high and low,clinc,,[SL: weather],dev
weather,what's the weather today,clinc,,[SL: weather],dev
weather,what's the chance of rain,clinc,,[SL: weather],dev
weather,how cold is it in wisconsin today,clinc,,[SL: weather],dev
weather,can you tell the temperature it will tomorrow,clinc,,[SL: weather],dev
alarm,i want to set an alarm,clinc,,[SL: alarm],test
alarm,set an alarm for 6 am tomorrow,clinc,,[SL: alarm],test
alarm,set an alarm for 8 tomorrow,clinc,,[SL: alarm],test
alarm,please set an alarm,clinc,,[SL: alarm],test
alarm,i'd love to set an alarm,clinc,,[SL: alarm],test
alarm,i would like to have an alarm set for me,clinc,,[SL: alarm],test
alarm,i want an alarm set,clinc,,[SL: alarm],test
alarm,i need to set an alarm,clinc,,[SL: alarm],test
alarm,set an alarm for ten tomorrow,clinc,,[SL: alarm],test
alarm,set an alarm for 11 tomorrow,clinc,,[SL: alarm],test
alarm,i want an alarm for 6 am,clinc,,[SL: alarm],test
alarm,set an alarm for me,clinc,,[SL: alarm],test
alarm,i wanna have an alarm,clinc,,[SL: alarm],test
alarm,i need an alarm set now,clinc,,[SL: alarm],test
alarm,set an alarm for 9 tomorrow,clinc,,[SL: alarm],test
alarm,don't forget to set an alarm for noon,clinc,,[SL: alarm],test
alarm,can you set the alarm for noon,clinc,,[SL: alarm],test
alarm,i need to up by noon,clinc,,[SL: alarm],test
alarm,can you wake me up at noon,clinc,,[SL: alarm],test
alarm,set alarm for noon,clinc,,[SL: alarm],test
alarm,wake me up with an alarm at 6am,clinc,,[SL: alarm],test
alarm,help me wake up with an alarm at 5:30am,clinc,,[SL: alarm],test
alarm,set an alarm to wake me up at 5:30am,clinc,,[SL: alarm],test
alarm,set an alarm for 5am,clinc,,[SL: alarm],test
alarm,please set the alarm,clinc,,[SL: alarm],test
alarm,please make sure the alarm is set,clinc,,[SL: alarm],test
alarm,could you set the alarm,clinc,,[SL: alarm],test
alarm,set the alarm now,clinc,,[SL: alarm],test
alarm,can you set an alarm,clinc,,[SL: alarm],test
alarm,i need an alarm,clinc,,[SL: alarm],test
balance,what are my coffers at,clinc,,[SL: balance],test
balance,tell me the current balance of my bank accounts,clinc,,[SL: balance],test
balance,what's my current bank account total,clinc,,[SL: balance],test
balance,how much do i have in my bank accounts,clinc,,[SL: balance],test
balance,what's the balance in my bank accounts,clinc,,[SL: balance],test
balance,what do i have in my bank accounts right now,clinc,,[SL: balance],test
balance,is there enough in my wells fargo account to buy some nike's,clinc,,[SL: balance],test
balance,do i have enough in my wells fargo account to get some nike's,clinc,,[SL: balance],test
balance,do i have money in my wells fargo account for nike's,clinc,,[SL: balance],test
balance,"i want some nike's, is there enough in my wells fargo account",clinc,,[SL: balance],test
balance,check my wells fargo account to see if i have enough for these nike's,clinc,,[SL: balance],test
balance,would you tell me my bank balance,clinc,,[SL: balance],test
balance,can you tell me my bank balance,clinc,,[SL: balance],test
balance,will you let me know my bank balance,clinc,,[SL: balance],test
balance,will you tell me my bank balance,clinc,,[SL: balance],test
balance,how much money is there in my bank accounts,clinc,,[SL: balance],test
balance,how much money do i have in my various bank accounts,clinc,,[SL: balance],test
balance,how much cash do i have in my various bank accounts,clinc,,[SL: balance],test
balance,how much cash do i have in my bank accounts,clinc,,[SL: balance],test
balance,how much dough do i have in my bank accounts,clinc,,[SL: balance],test
balance,whats the combined total of the money inside my bank accounts,clinc,,[SL: balance],test
balance,whats my bank accounts look like,clinc,,[SL: balance],test
balance,how much moola is in my bank accounts,clinc,,[SL: balance],test
balance,what the numerical number inside my bank accounts,clinc,,[SL: balance],test
balance,how much does my bank account have,clinc,,[SL: balance],test
balance,tell me the current account balance,clinc,,[SL: balance],test
balance,check my checking balance,clinc,,[SL: balance],test
balance,how much do i have left in my checking account,clinc,,[SL: balance],test
balance,what's my checking look like,clinc,,[SL: balance],test
balance,how much do i have in my savings account,clinc,,[SL: balance],test
bill_balance,what do i owe to jcp,clinc,,[SL: bill_balance],test
bill_balance,what is the amount due on my visa,clinc,,[SL: bill_balance],test
bill_balance,how much do i owe visa,clinc,,[SL: bill_balance],test
bill_balance,how much do you think my rent and electric bills are,clinc,,[SL: bill_balance],test
bill_balance,what would you say my gas and phone bills are at,clinc,,[SL: bill_balance],test
bill_balance,i need to know the price of my car payment and insurance please,clinc,,[SL: bill_balance],test
bill_balance,what price is my credit card and my water bill at,clinc,,[SL: bill_balance],test
bill_balance,how much is my water and sewer,clinc,,[SL: bill_balance],test
bill_balance,how much do i need to pay for my electricity and water bills,clinc,,[SL: bill_balance],test
bill_balance,what is the cost of my rent and water bills,clinc,,[SL: bill_balance],test
bill_balance,how much are my rent and cable,clinc,,[SL: bill_balance],test
bill_balance,how much does my water and electricity cost,clinc,,[SL: bill_balance],test
bill_balance,what do i owe this month on all my bills,clinc,,[SL: bill_balance],test
bill_balance,"i think all my bills are paid, but can you double check",clinc,,[SL: bill_balance],test
bill_balance,"i think i owe about 100 left on my bills, am i forgetting anything",clinc,,[SL: bill_balance],test
bill_balance,what are my bills this month,clinc,,[SL: bill_balance],test
bill_balance,what does my cable bill look like,clinc,,[SL: bill_balance],test
bill_balance,has my electricity bill increased this month how much,clinc,,[SL: bill_balance],test
bill_balance,how expensive is my internet,clinc,,[SL: bill_balance],test
bill_balance,how much will my monthly bill be,clinc,,[SL: bill_balance],test
bill_balance,what are my total bills this month,clinc,,[SL: bill_balance],test
bill_balance,what will i be paying for utilities this month,clinc,,[SL: bill_balance],test
bill_balance,how much is my telephone bill this month,clinc,,[SL: bill_balance],test
bill_balance,how much is due for my water bill,clinc,,[SL: bill_balance],test
bill_balance,how much do i have to pay this month,clinc,,[SL: bill_balance],test
bill_balance,tell me my water bill please,clinc,,[SL: bill_balance],test
bill_balance,is the phone bill the same as last month,clinc,,[SL: bill_balance],test
bill_balance,whens my insurance due and how much does it cost,clinc,,[SL: bill_balance],test
bill_balance,how much is the car bill this month,clinc,,[SL: bill_balance],test
bill_balance,what is the electricity bill,clinc,,[SL: bill_balance],test
book_flight,"book me a flight to jackson, mississippi from austin texas on american airlines",clinc,,[SL: book_flight],test
book_flight,book me a place to chicago from atlanta united airlines,clinc,,[SL: book_flight],test
book_flight,can you book me a flight to memphis from st louis on delta airlines,clinc,,[SL: book_flight],test
book_flight,book a flight to los angeles from las vegas on american airlines,clinc,,[SL: book_flight],test
book_flight,"book me a flight to dallas from st, paul, minnesota on delta airlines",clinc,,[SL: book_flight],test
book_flight,i need a flight on delta from los angeles to seattle,clinc,,[SL: book_flight],test
book_flight,i need to book a flight on jet blue to boston from new york,clinc,,[SL: book_flight],test
book_flight,can you get me a flight from san francisco to san jose using american airlines,clinc,,[SL: book_flight],test
book_flight,i want a flight from new york to san francisco using delta,clinc,,[SL: book_flight],test
book_flight,get me a flight from barcelona to paris from jet blue,clinc,,[SL: book_flight],test
book_flight,"""i'll be travelling from lax and headed to phl for 120 on the 10th of may",clinc,,[SL: book_flight],test
book_flight,"""i'm fly out from lax to phl this weekend for around $120",clinc,,[SL: book_flight],test
book_flight,"""i""m headed out to lax and going to phl for a low price of $120 this weekend on the 12th",clinc,,[SL: book_flight],test
book_flight,"""i'm going on a flight from lax and going to phl, which is only $120 on june 15th",clinc,,[SL: book_flight],test
book_flight,"""i'll leave to lax and go to phl for $120 on nov 5th",clinc,,[SL: book_flight],test
book_flight,book me a flight from midway to jfk for less than 200 dollars,clinc,,[SL: book_flight],test
book_flight,i need a flight from boston to miami for under 300 dollars,clinc,,[SL: book_flight],test
book_flight,can i fly from atlanta to san francisco for less than 100 dollars,clinc,,[SL: book_flight],test
book_flight,book a flight from new york to la for less than 200 dollars,clinc,,[SL: book_flight],test
book_flight,find me a flight from seattle to detroit for less than 200 dollars,clinc,,[SL: book_flight],test
book_flight,i want to a book a roundtrip flight from san antonio to dtw departing on friday and returning on wednesday,clinc,,[SL: book_flight],test
book_flight,i'm looking for a flight from billings to cleveland on may 2 and a return on may 9,clinc,,[SL: book_flight],test
book_flight,i'm looking for flights that depart on the 3rd and return on z from monday to friday,clinc,,[SL: book_flight],test
book_flight,what roundtrip flights from orlando to vegas are available from thursday to monday,clinc,,[SL: book_flight],test
book_flight,are there any roundtrip flights from shanghai to seatac that depart on wednesday and return on the thirty first,clinc,,[SL: book_flight],test
book_flight,make sure i get a delta flight from pittsburgh to arizona,clinc,,[SL: book_flight],test
book_flight,book a delta flight to arizona from pittsburgh,clinc,,[SL: book_flight],test
book_flight,schedule a flight from pittsburgh to arizona on delta,clinc,,[SL: book_flight],test
book_flight,i want to fly to atlanta for under 300 from pittsburgh,clinc,,[SL: book_flight],test
book_flight,i need a flight for under 300 from pittsburgh to atlanta,clinc,,[SL: book_flight],test
book_hotel,i really need you to find me a hotel with good reviews in phoenix,clinc,,[SL: book_hotel],test
book_hotel,i wanna book a place to stay in phoenix from the 5th to the 9th of march,clinc,,[SL: book_hotel],test
book_hotel,i wanna find a hotel with good reviews in phoenix,clinc,,[SL: book_hotel],test
book_hotel,i want a hotel in phoenix near chase field from january 4th to the 8th,clinc,,[SL: book_hotel],test
book_hotel,i would like to book a place to stay in phoenix from the 5th to the 9th of march,clinc,,[SL: book_hotel],test
book_hotel,i need a hotel in phoenix near chase field from january 4th to the 8th,clinc,,[SL: book_hotel],test
book_hotel,i need a hotel room that is big enough for eleven people from march 10th to the 15th in phoenix,clinc,,[SL: book_hotel],test
book_hotel,i must get a hotel in phoenix near chase field from january 4th to the 8th,clinc,,[SL: book_hotel],test
book_hotel,go ahead and find me a hotel with good reviews in phoenix,clinc,,[SL: book_hotel],test
book_hotel,find me a hotel with good reviews in phoenix,clinc,,[SL: book_hotel],test
book_hotel,i need you to find me a hotel with good reviews in phoenix,clinc,,[SL: book_hotel],test
book_hotel,get me a hotel in phoenix near chase field from january 4th to the 8th,clinc,,[SL: book_hotel],test
book_hotel,i need to get a hotel in phoenix near chase field from january 4th to the 8th,clinc,,[SL: book_hotel],test
book_hotel,please book me a place to stay in phoenix from the 5th to the 9th of march,clinc,,[SL: book_hotel],test
book_hotel,i need to book a place to stay in phoenix from the 5th to the 9th of march,clinc,,[SL: book_hotel],test
book_hotel,i really gotta book a place to stay in phoenix from the 5th to the 9th of march,clinc,,[SL: book_hotel],test
book_hotel,i need to get a hotel room that is big enough for eleven people from march 10th to the 15th in phoenix,clinc,,[SL: book_hotel],test
book_hotel,can you find me a reputable hotel in honolulu,clinc,,[SL: book_hotel],test
book_hotel,"i want a hotel with good review in honolulu, can you find one",clinc,,[SL: book_hotel],test
book_hotel,find for me a hotel with great reviews in ho chi minh,clinc,,[SL: book_hotel],test
book_hotel,i need your help to find a good reviewed hotel in washington,clinc,,[SL: book_hotel],test
book_hotel,can you find me a good reviewed hotel in japan,clinc,,[SL: book_hotel],test
book_hotel,i need a hotel between january 1st through 3rd in jacksonville near the stadium,clinc,,[SL: book_hotel],test
book_hotel,find me a place to stay in jacksonville near the stadium from january 1st through 3rd,clinc,,[SL: book_hotel],test
book_hotel,book me a hotel in jacksonville near the stadium from january 1st to 3rd,clinc,,[SL: book_hotel],test
book_hotel,id like a room in jacksonville near the stadium between january 1st to 3rd,clinc,,[SL: book_hotel],test
book_hotel,find me a room near the jacksonville stadium between january 1st through january 3rd,clinc,,[SL: book_hotel],test
book_hotel,get me a hotel room big enough for 4 people from may 3 to may 5 in boston,clinc,,[SL: book_hotel],test
book_hotel,i'm travelling to boston on march 2 until march 4 please make a hotel reservation for me,clinc,,[SL: book_hotel],test
book_hotel,i need a hotel room for 4 people from may 3 to may 5 in boston,clinc,,[SL: book_hotel],test
calendar_update,i need to add something to my calendar for next tuesday,clinc,,[SL: calendar_update],test
calendar_update,please clear my calendar,clinc,,[SL: calendar_update],test
calendar_update,take the doctor appointment off my calendar please,clinc,,[SL: calendar_update],test
calendar_update,can you add an event to my calendar,clinc,,[SL: calendar_update],test
calendar_update,erase all events on friday from my calendar,clinc,,[SL: calendar_update],test
calendar_update,remove jess's party from my calendar,clinc,,[SL: calendar_update],test
calendar_update,delete all calendar entries on march 3,clinc,,[SL: calendar_update],test
calendar_update,delete dentist from my calendar,clinc,,[SL: calendar_update],test
calendar_update,cancel doctors appointment from my calendar,clinc,,[SL: calendar_update],test
calendar_update,erase meeting with jeff from my calendar,clinc,,[SL: calendar_update],test
calendar_update,clear my calendar on feb 28,clinc,,[SL: calendar_update],test
calendar_update,cancel event scheduled for this afternoon,clinc,,[SL: calendar_update],test
calendar_update,please take off my calendar on saturday the 6th birthday party for john,clinc,,[SL: calendar_update],test
calendar_update,i want to take the 8am meeting with sam on monday the 5th off my calendar,clinc,,[SL: calendar_update],test
calendar_update,please remove lunch with sally that is on my calendar on tuesday the 8th,clinc,,[SL: calendar_update],test
calendar_update,i need buy a birthday gift for sue taken off my calendar  it is on monday or tuesday last week,clinc,,[SL: calendar_update],test
calendar_update,will you remove the dinner with june on saturday the 4th at 7pm from my calendar,clinc,,[SL: calendar_update],test
calendar_update,can you cancel improv class from my calendar for may 7th,clinc,,[SL: calendar_update],test
calendar_update,clear my calendar for may 3rd,clinc,,[SL: calendar_update],test
calendar_update,take work from my calendar for may 7th,clinc,,[SL: calendar_update],test
calendar_update,clear my calendar for september 6th,clinc,,[SL: calendar_update],test
calendar_update,delete jury duty from my calendar for may 7th,clinc,,[SL: calendar_update],test
calendar_update,remove fencing from my calendar for may 7th,clinc,,[SL: calendar_update],test
calendar_update,clear my calendar for february 29th,clinc,,[SL: calendar_update],test
calendar_update,clear my calendar for april 20th,clinc,,[SL: calendar_update],test
calendar_update,clear my calendar for november 11th,clinc,,[SL: calendar_update],test
calendar_update,remove wrestlemania from my calendar for may 7th,clinc,,[SL: calendar_update],test
calendar_update,what can i do to get rid of this event,clinc,,[SL: calendar_update],test
calendar_update,what is the best way to remove this appointment,clinc,,[SL: calendar_update],test
calendar_update,friday needs to be clear on my calendar,clinc,,[SL: calendar_update],test
cancel_reservation,i do not actually need my reservation anymore,clinc,,[SL: cancel_reservation],test
cancel_reservation,i need to cancel my reservation for rob at red robin,clinc,,[SL: cancel_reservation],test
cancel_reservation,cancel my reservation for bob at red robin,clinc,,[SL: cancel_reservation],test
cancel_reservation,i do not want my reservation anymore,clinc,,[SL: cancel_reservation],test
cancel_reservation,i need you to cancel my reservation for 5 at red robin,clinc,,[SL: cancel_reservation],test
cancel_reservation,please cancel my reservation for tim at jb's,clinc,,[SL: cancel_reservation],test
cancel_reservation,i gotta cancel my reservation for barry at red robin,clinc,,[SL: cancel_reservation],test
cancel_reservation,i don't need the reservation anymore,clinc,,[SL: cancel_reservation],test
cancel_reservation,i want you to cancel my reservation for 5 at red robin,clinc,,[SL: cancel_reservation],test
cancel_reservation,i am not in need of my reservation anymore,clinc,,[SL: cancel_reservation],test
cancel_reservation,go ahead and cancel my reservation for 5 at red robin,clinc,,[SL: cancel_reservation],test
cancel_reservation,i wish to cancel my reservation for fred at red robin,clinc,,[SL: cancel_reservation],test
cancel_reservation,i no longer want my reservation anymore,clinc,,[SL: cancel_reservation],test
cancel_reservation,please cancel my reservation for 5 at red robin,clinc,,[SL: cancel_reservation],test
cancel_reservation,i need you to cancel my reservation for smith at the williams diner,clinc,,[SL: cancel_reservation],test
cancel_reservation,i want a cancellation of the dinner reservation for phillips at bernardin's,clinc,,[SL: cancel_reservation],test
cancel_reservation,please delete the reservation for roberts at village tavern,clinc,,[SL: cancel_reservation],test
cancel_reservation,could you cancel my reservation for winters at the palace tonight,clinc,,[SL: cancel_reservation],test
cancel_reservation,i would like you to cancel the dinner reservation for williams at the palace tonight,clinc,,[SL: cancel_reservation],test
cancel_reservation,i have to cancel my reservation after all,clinc,,[SL: cancel_reservation],test
cancel_reservation,"cancel my reservation for dinner tonight, please",clinc,,[SL: cancel_reservation],test
cancel_reservation,i need to cancel my reservation after all,clinc,,[SL: cancel_reservation],test
cancel_reservation,"i have to cancel my reservation after all, please",clinc,,[SL: cancel_reservation],test
cancel_reservation,"cancel my reservation for dinner this saturday, please",clinc,,[SL: cancel_reservation],test
cancel_reservation,"cancel my reservation for dinner this friday, please",clinc,,[SL: cancel_reservation],test
cancel_reservation,cancel my reservation for dinner this saturday,clinc,,[SL: cancel_reservation],test
cancel_reservation,cancel my reservation for dinner tonight,clinc,,[SL: cancel_reservation],test
cancel_reservation,i have to cancel my reservation,clinc,,[SL: cancel_reservation],test
cancel_reservation,"i need to cancel my reservation after all, please",clinc,,[SL: cancel_reservation],test
cancel_reservation,i need my dinner reservation canceled,clinc,,[SL: cancel_reservation],test
car_rental,i need to rent an suv in charlestown for the first week in june who do you suggest,clinc,,[SL: car_rental],test
car_rental,find a decent rental care for next week at the philadelphia airport,clinc,,[SL: car_rental],test
car_rental,who can i rent a car from next month in orlando,clinc,,[SL: car_rental],test
car_rental,"i need to rent a car kfor one week in ocean city, nj so who has the best deal",clinc,,[SL: car_rental],test
car_rental,"find me a car rental for the weekend in asheville, nc via priceline",clinc,,[SL: car_rental],test
car_rental,what is the phone number of the car rental place,clinc,,[SL: car_rental],test
car_rental,"book a rental car to rhode island for friday, tomorrow",clinc,,[SL: car_rental],test
car_rental,"alexa, book a rental car to los angeles county in 2 hours",clinc,,[SL: car_rental],test
car_rental,can you book a car rental today to new york city to philadelphia,clinc,,[SL: car_rental],test
car_rental,book a car rental to miami florida today,clinc,,[SL: car_rental],test
car_rental,"siri, book a car rental to the poconos today right now",clinc,,[SL: car_rental],test
car_rental,where in syracuse can i book a car,clinc,,[SL: car_rental],test
car_rental,"in x, help me book a car",clinc,,[SL: car_rental],test
car_rental,book me a car rental in wichita,clinc,,[SL: car_rental],test
car_rental,how many places in dallas can i rent a car,clinc,,[SL: car_rental],test
car_rental,where can i rent a car in singapore,clinc,,[SL: car_rental],test
car_rental,"march 2nd through march 18th, i'm going to need a jeep in frankfort",clinc,,[SL: car_rental],test
car_rental,rent a car for 3/1 through 3/3 in boston; i'd prefer an suv,clinc,,[SL: car_rental],test
car_rental,can i rent a sports car in augusta for 3/4 through 3/8,clinc,,[SL: car_rental],test
car_rental,"in tampa, i'd like to rent a sedan from 4/1 until 4/5",clinc,,[SL: car_rental],test
car_rental,i'm going to need a coupe car in sedona from 5/1 until 5/4,clinc,,[SL: car_rental],test
car_rental,schedule a rental car starting monday the 5th thru friday the 9th at rent a car in town,clinc,,[SL: car_rental],test
car_rental,"can you find a rental car for me that is available this monday through thursday , any make will do",clinc,,[SL: car_rental],test
car_rental,i need to rent a car from traveler's rent a car downtown and make it from friday the 6th to monday the 9th cheapest available,clinc,,[SL: car_rental],test
car_rental,i want a rental car that is available tomorrow and that i can keep for four days please find me one,clinc,,[SL: car_rental],test
car_rental,"find me a rental car for next week , from friday the 5th thru monday the 8th, any kind",clinc,,[SL: car_rental],test
car_rental,i need to rent a car for may 8th to may 25th in danville and i'd like a ford,clinc,,[SL: car_rental],test
car_rental,i need to rent a car for may 10th to may 15th in lizton and i'd like a bmw,clinc,,[SL: car_rental],test
car_rental,i need to rent a car for may 3rd to may 5th in indianapolis and i'd like a mercedes,clinc,,[SL: car_rental],test
car_rental,i need to rent a car for may 11thto may 13th in chicago and i'd like a coupe,clinc,,[SL: car_rental],test
confirm_reservation,confirm my reservation for march 12 at 9:00 am,clinc,,[SL: confirm_reservation],test
confirm_reservation,please confirm that i have a reservation for march 1st at 7,clinc,,[SL: confirm_reservation],test
confirm_reservation,can you confirm that i have a reservation for february 21 at 6 o'clock,clinc,,[SL: confirm_reservation],test
confirm_reservation,verify my reservation for smith and wollensky at 6:45,clinc,,[SL: confirm_reservation],test
confirm_reservation,please confirm my reservation for bar les freres at 7,clinc,,[SL: confirm_reservation],test
confirm_reservation,tell me whether or not i have a reservation at gramercy tavern for tad,clinc,,[SL: confirm_reservation],test
confirm_reservation,can you confirm that i have a reservation for 2/20 at 6:00 pm,clinc,,[SL: confirm_reservation],test
confirm_reservation,please tell me if i still have a reservation at acero for susie,clinc,,[SL: confirm_reservation],test
confirm_reservation,please confirm my reservation at brio for theodore,clinc,,[SL: confirm_reservation],test
confirm_reservation,confirm my reservation for acero at 7,clinc,,[SL: confirm_reservation],test
confirm_reservation,please confirm that i have a reservation for 2/20 at 6:00 pm,clinc,,[SL: confirm_reservation],test
confirm_reservation,confirm that there is a reservation at bellagio for thomas,clinc,,[SL: confirm_reservation],test
confirm_reservation,can you confirm the reservation at fleming's for jane,clinc,,[SL: confirm_reservation],test
confirm_reservation,are there reservation for joe and will,clinc,,[SL: confirm_reservation],test
confirm_reservation,please verify my reservation for john at bardenay,clinc,,[SL: confirm_reservation],test
confirm_reservation,will you call and check on my reservation for john at bardenay,clinc,,[SL: confirm_reservation],test
confirm_reservation,is my reservation set for john at bardenay,clinc,,[SL: confirm_reservation],test
confirm_reservation,do we know if my reservation for john at bardenay was accepted,clinc,,[SL: confirm_reservation],test
confirm_reservation,has my reservation for john at bardenay been confirmed,clinc,,[SL: confirm_reservation],test
confirm_reservation,"let's try and confirm my reservation for bubble bar under ""franklin",clinc,,[SL: confirm_reservation],test
confirm_reservation,i need to confirm my reservation for red lobster for frank,clinc,,[SL: confirm_reservation],test
confirm_reservation,"find my reservation for steve at crucere's and confirm it, please",clinc,,[SL: confirm_reservation],test
confirm_reservation,confirm the john reservation at applebee's,clinc,,[SL: confirm_reservation],test
confirm_reservation,i'd like to confirm the josh reservation at moe's,clinc,,[SL: confirm_reservation],test
confirm_reservation,i have a reservation for strip house for jennifer that i'd like to confirm,clinc,,[SL: confirm_reservation],test
confirm_reservation,please try to confirm my reservation for jim at barney's,clinc,,[SL: confirm_reservation],test
confirm_reservation,confirm my reservation for joe at hoss's,clinc,,[SL: confirm_reservation],test
confirm_reservation,i need to confirm the reservation for frank at chili's,clinc,,[SL: confirm_reservation],test
confirm_reservation,i'll be confirming my reservation for joseph at red lobster,clinc,,[SL: confirm_reservation],test
confirm_reservation,is there a reservation for mark at mimis,clinc,,[SL: confirm_reservation],test
cook_time,how long to grill thick steaks,clinc,,[SL: cook_time],test
cook_time,how long does pizza take,clinc,,[SL: cook_time],test
cook_time,lasagna takes how long to cook,clinc,,[SL: cook_time],test
cook_time,bake time for brownies,clinc,,[SL: cook_time],test
cook_time,how many minutes are involved in the preparation of curry,clinc,,[SL: cook_time],test
cook_time,what's the preparation time for this dish,clinc,,[SL: cook_time],test
cook_time,what is the proper cooking time for this,clinc,,[SL: cook_time],test
cook_time,how long do i cook this for,clinc,,[SL: cook_time],test
cook_time,look up recipe time for this,clinc,,[SL: cook_time],test
cook_time,how many minutes should i put meal the cake in the oven,clinc,,[SL: cook_time],test
cook_time,what's the average cooking time for cooking wings,clinc,,[SL: cook_time],test
cook_time,how many minutes should i set an alarm for this bake,clinc,,[SL: cook_time],test
cook_time,when can i expect meal of salmon to be finished,clinc,,[SL: cook_time],test
cook_time,how long does it take to cook meal of tuscan,clinc,,[SL: cook_time],test
cook_time,tell me how long it will take to prepare a lasagna,clinc,,[SL: cook_time],test
cook_time,i want to cook a lasagna please tell me how long it will take,clinc,,[SL: cook_time],test
cook_time,how long will it take to cook a lasagna,clinc,,[SL: cook_time],test
cook_time,can you tell me how long it will take to cook a lasagna,clinc,,[SL: cook_time],test
cook_time,how long does it take to prepare a lasagna,clinc,,[SL: cook_time],test
cook_time,how long do i need to cook chicken,clinc,,[SL: cook_time],test
cook_time,how long should i boil eggs,clinc,,[SL: cook_time],test
cook_time,how long should i bake a cake,clinc,,[SL: cook_time],test
cook_time,how long does it take to cook steaks,clinc,,[SL: cook_time],test
cook_time,how long does it take to bake a cake,clinc,,[SL: cook_time],test
cook_time,how long should i cook the cookie dough,clinc,,[SL: cook_time],test
cook_time,how long should i cook my turkey,clinc,,[SL: cook_time],test
cook_time,how long do i boil eggs,clinc,,[SL: cook_time],test
cook_time,how long does it take to make mashed potatoes,clinc,,[SL: cook_time],test
cook_time,how long will it take to make an omelet,clinc,,[SL: cook_time],test
cook_time,what are the minutes needed to cook the meal,clinc,,[SL: cook_time],test
exchange_rate,convert 200 us dollars to british pounds,clinc,,[SL: exchange_rate],test
exchange_rate,how many japanese yen are in a us dollar,clinc,,[SL: exchange_rate],test
exchange_rate,how much is 5 us dollars worth in canadian dollars,clinc,,[SL: exchange_rate],test
exchange_rate,can you tell me what 100 british pounds equals in us dollars,clinc,,[SL: exchange_rate],test
exchange_rate,what is the exchange rate between us dollars and japanese yen,clinc,,[SL: exchange_rate],test
exchange_rate,whats the current exchange rate between usd and eur,clinc,,[SL: exchange_rate],test
exchange_rate,what's the exhange rate between mxn and gbp,clinc,,[SL: exchange_rate],test
exchange_rate,what is the current exchange rate between mxn and eur,clinc,,[SL: exchange_rate],test
exchange_rate,what's the exchange rate between ils and usd,clinc,,[SL: exchange_rate],test
exchange_rate,what is the usd mxn exchange rate,clinc,,[SL: exchange_rate],test
exchange_rate,how many mexican pesos is a us dollar worth,clinc,,[SL: exchange_rate],test
exchange_rate,how much is one us dollar in british pounds,clinc,,[SL: exchange_rate],test
exchange_rate,whats the exchange rate for us dollars to british pounds,clinc,,[SL: exchange_rate],test
exchange_rate,what is a british pound worth in mexican pesos,clinc,,[SL: exchange_rate],test
exchange_rate,how many mexican pesos can i get for one us dollar,clinc,,[SL: exchange_rate],test
exchange_rate,look up the rate of exchange between pesos and usd,clinc,,[SL: exchange_rate],test
exchange_rate,find me the exchange rate between usd and cad,clinc,,[SL: exchange_rate],test
exchange_rate,what is the exchange rate between euros and pesos,clinc,,[SL: exchange_rate],test
exchange_rate,tell me the current exchange rate between cad and euros,clinc,,[SL: exchange_rate],test
exchange_rate,what is the present exchange rate between usd and british pound,clinc,,[SL: exchange_rate],test
exchange_rate,convert 20 yen to dollars,clinc,,[SL: exchange_rate],test
exchange_rate,how many dollars can i get for 20 yen,clinc,,[SL: exchange_rate],test
exchange_rate,how many dollars is 20 yen worth,clinc,,[SL: exchange_rate],test
exchange_rate,20 yen is how many dollars,clinc,,[SL: exchange_rate],test
exchange_rate,20 yen equals how many dollars,clinc,,[SL: exchange_rate],test
exchange_rate,is $30 usd more or less in canada,clinc,,[SL: exchange_rate],test
exchange_rate,"in canadian dollars, what is $30",clinc,,[SL: exchange_rate],test
exchange_rate,what is the conversion of $30 in canadian dollars,clinc,,[SL: exchange_rate],test
exchange_rate,can you please convert $30 usd to canadian dollars,clinc,,[SL: exchange_rate],test
exchange_rate,how much is $30 usd in canadian dollar,clinc,,[SL: exchange_rate],test
food_last,how soon milk expires,clinc,,[SL: food_last],test
food_last,when does milk will go bad,clinc,,[SL: food_last],test
food_last,how many days milk can be preserved,clinc,,[SL: food_last],test
food_last,what is expire of milk,clinc,,[SL: food_last],test
food_last,when is the milk date before used,clinc,,[SL: food_last],test
food_last,when does the jerky expire,clinc,,[SL: food_last],test
food_last,what is the expiration date for honey,clinc,,[SL: food_last],test
food_last,when is the egg expired,clinc,,[SL: food_last],test
food_last,when does the honey expire,clinc,,[SL: food_last],test
food_last,what is the expiration date for those eg,clinc,,[SL: food_last],test
food_last,how long can i freeze tofu before it goes bad,clinc,,[SL: food_last],test
food_last,how much time do i have to keep tofu in the freezer before it goes bad,clinc,,[SL: food_last],test
food_last,when will tofu expire if i keep it in the freezer,clinc,,[SL: food_last],test
food_last,how long will tofu last in the freezer before it expires,clinc,,[SL: food_last],test
food_last,does tofu last long in the freezer before it goes bad,clinc,,[SL: food_last],test
food_last,how many days later is it okay to eat curry that was in the fridge,clinc,,[SL: food_last],test
food_last,within what time is is fine to eat cooked tilapia kept in the fridge,clinc,,[SL: food_last],test
food_last,what is the most amount of time that is considered safe to store uncooked chicken in the fridge,clinc,,[SL: food_last],test
food_last,what length of time is safe for consuming leftover meatloaf stored in the fridge,clinc,,[SL: food_last],test
food_last,what is the longest i can leave meatballs in sauce in the freezer before it is no longer safe to eat,clinc,,[SL: food_last],test
food_last,can i store bread in the freezer indefinitely and it will still be okay,clinc,,[SL: food_last],test
food_last,after how much time is it still safe to drink milk that is in the fridge,clinc,,[SL: food_last],test
food_last,what is the most time i can keep a burrito frozen for before it's no good to eat,clinc,,[SL: food_last],test
food_last,roughly how long can i leave bananas in the freezer before i have to throw them out,clinc,,[SL: food_last],test
food_last,how long does chicken curry last in the freezer before it's spoiled,clinc,,[SL: food_last],test
food_last,milk can stay in my fridge for how long,clinc,,[SL: food_last],test
food_last,milk will go bad in my fridge when,clinc,,[SL: food_last],test
food_last,what is the amount of time to keep milk refrigerated,clinc,,[SL: food_last],test
food_last,tell me how long milk stays good in the fridge,clinc,,[SL: food_last],test
food_last,how long can i keep milk in the fridge,clinc,,[SL: food_last],test
freeze_account,can you freeze my bank account,clinc,,[SL: freeze_account],test
freeze_account,i want to freeze my bank account,clinc,,[SL: freeze_account],test
freeze_account,i want my account locked out,clinc,,[SL: freeze_account],test
freeze_account,stop all access to my account,clinc,,[SL: freeze_account],test
freeze_account,i need my account frozen!,clinc,,[SL: freeze_account],test
freeze_account,i need to lock my account right now!,clinc,,[SL: freeze_account],test
freeze_account,please force my account to freeze,clinc,,[SL: freeze_account],test
freeze_account,please stop my account,clinc,,[SL: freeze_account],test
freeze_account,please allow my account to freeze,clinc,,[SL: freeze_account],test
freeze_account,please put my account on hold,clinc,,[SL: freeze_account],test
freeze_account,freeze my account at the bank immediately,clinc,,[SL: freeze_account],test
freeze_account,would you be able to freeze my bank account,clinc,,[SL: freeze_account],test
freeze_account,my account at the bank needs to be frozen,clinc,,[SL: freeze_account],test
freeze_account,please block my discover account immediately,clinc,,[SL: freeze_account],test
freeze_account,please put a block on my citi account immediately,clinc,,[SL: freeze_account],test
freeze_account,block my american saving bank for now,clinc,,[SL: freeze_account],test
freeze_account,block my bank of america immdediately,clinc,,[SL: freeze_account],test
freeze_account,put a block on bank of amerian immediately,clinc,,[SL: freeze_account],test
freeze_account,my account needs to be frozen,clinc,,[SL: freeze_account],test
freeze_account,freeze my account for me,clinc,,[SL: freeze_account],test
freeze_account,put a freeze on my account,clinc,,[SL: freeze_account],test
freeze_account,could you please put a stop on my bank account,clinc,,[SL: freeze_account],test
freeze_account,i need to put a stop on my bank account,clinc,,[SL: freeze_account],test
freeze_account,are you able to put a stop on my bank account,clinc,,[SL: freeze_account],test
freeze_account,please put a stop on my bank account,clinc,,[SL: freeze_account],test
freeze_account,i am hoping you can put a stop on my bank account,clinc,,[SL: freeze_account],test
freeze_account,please put a freeze on my banking account,clinc,,[SL: freeze_account],test
freeze_account,i need my bank account frozen,clinc,,[SL: freeze_account],test
freeze_account,how do i freeze my bank account,clinc,,[SL: freeze_account],test
freeze_account,would you freeze my bank account,clinc,,[SL: freeze_account],test
ingredients_list,what food do you need to make lasagna,clinc,,[SL: ingredients_list],test
ingredients_list,what ingredients do you need to make lasagna,clinc,,[SL: ingredients_list],test
ingredients_list,what ingredients are needed to make lasgana,clinc,,[SL: ingredients_list],test
ingredients_list,what is needed to make lasagna,clinc,,[SL: ingredients_list],test
ingredients_list,what is needed to cook lasagna,clinc,,[SL: ingredients_list],test
ingredients_list,give me a recipe for tacos,clinc,,[SL: ingredients_list],test
ingredients_list,what ingredients are in tacos,clinc,,[SL: ingredients_list],test
ingredients_list,tell me what's in tacos,clinc,,[SL: ingredients_list],test
ingredients_list,what's a good recipe foe tacos,clinc,,[SL: ingredients_list],test
ingredients_list,tell me the ingredients for making tom yum,clinc,,[SL: ingredients_list],test
ingredients_list,i want to know the ingredients for making pizza,clinc,,[SL: ingredients_list],test
ingredients_list,let me know the ingredients i will need for pasta making,clinc,,[SL: ingredients_list],test
ingredients_list,what ingredients are necessary to make spaghetti carbonara,clinc,,[SL: ingredients_list],test
ingredients_list,what do i need to use to make lasagna,clinc,,[SL: ingredients_list],test
ingredients_list,how much flour do i need for a strawberry cake,clinc,,[SL: ingredients_list],test
ingredients_list,tell me the ingredients to make an apple pie,clinc,,[SL: ingredients_list],test
ingredients_list,what ingredients are in beef jerkey,clinc,,[SL: ingredients_list],test
ingredients_list,what ingredients does agor agor need,clinc,,[SL: ingredients_list],test
ingredients_list,what do i need to make authentic kimchi,clinc,,[SL: ingredients_list],test
ingredients_list,what do i need to make macaroni,clinc,,[SL: ingredients_list],test
ingredients_list,what do i need to buy for spaghetti,clinc,,[SL: ingredients_list],test
ingredients_list,what am i gonna need for sushi,clinc,,[SL: ingredients_list],test
ingredients_list,what ingredients do i use for pork belly,clinc,,[SL: ingredients_list],test
ingredients_list,what ingredients are in filet mignon,clinc,,[SL: ingredients_list],test
ingredients_list,let me know what ingredients i need to make pasta,clinc,,[SL: ingredients_list],test
ingredients_list,what do i need to make pasta,clinc,,[SL: ingredients_list],test
ingredients_list,give me a list of ingredients for making pasta,clinc,,[SL: ingredients_list],test
ingredients_list,pull up everything i need to make a pasta dish,clinc,,[SL: ingredients_list],test
ingredients_list,tell me all the things i need to buy to make pasta,clinc,,[SL: ingredients_list],test
ingredients_list,what do i need to make brownies,clinc,,[SL: ingredients_list],test
interest_rate,what's my bank of america account getting in interest,clinc,,[SL: interest_rate],test
interest_rate,where do i see what interest my mortgage has,clinc,,[SL: interest_rate],test
interest_rate,is there somewhere my personal loan displays the interest rate i'm paying on it,clinc,,[SL: interest_rate],test
interest_rate,what's the apr on my savings account,clinc,,[SL: interest_rate],test
interest_rate,what interest rate am i getting from bank of america,clinc,,[SL: interest_rate],test
interest_rate,what interest rate am i getting from wells fargo,clinc,,[SL: interest_rate],test
interest_rate,what interest rate is bofi giving me on my cd,clinc,,[SL: interest_rate],test
interest_rate,how do i find the interest rate for my checking account,clinc,,[SL: interest_rate],test
interest_rate,what interest rate am i getting from citrix,clinc,,[SL: interest_rate],test
interest_rate,how can i tell what the interest rate on my money market account is,clinc,,[SL: interest_rate],test
interest_rate,what's my checking account yielding in interest,clinc,,[SL: interest_rate],test
interest_rate,how much interest is my nfcu accrueing,clinc,,[SL: interest_rate],test
interest_rate,what interest rate am i getting from sunflower bank,clinc,,[SL: interest_rate],test
interest_rate,where do i go to find the interest rate on my savings account,clinc,,[SL: interest_rate],test
interest_rate,what interest rate am i getting from nfcu,clinc,,[SL: interest_rate],test
interest_rate,for my savings account i would like to know the interest rate,clinc,,[SL: interest_rate],test
interest_rate,i need my checking account's interest rate,clinc,,[SL: interest_rate],test
interest_rate,tell me the interest for my savings account,clinc,,[SL: interest_rate],test
interest_rate,what's the interest rate on my savings account,clinc,,[SL: interest_rate],test
interest_rate,i want the interest rate for my checking account,clinc,,[SL: interest_rate],test
interest_rate,can i get the interest rate for my checking account,clinc,,[SL: interest_rate],test
interest_rate,i need to get the interest rate of my savings account,clinc,,[SL: interest_rate],test
interest_rate,what's my savings account interest,clinc,,[SL: interest_rate],test
interest_rate,what's my savings account interest rate,clinc,,[SL: interest_rate],test
interest_rate,i would like the interest rate for my savings account,clinc,,[SL: interest_rate],test
interest_rate,what amount of interest does my checking account earn,clinc,,[SL: interest_rate],test
interest_rate,what does my checking account at chase earn in interest,clinc,,[SL: interest_rate],test
interest_rate,what amount of interest does my checking account at chase earn,clinc,,[SL: interest_rate],test
interest_rate,what interest rate does my checking account come with,clinc,,[SL: interest_rate],test
interest_rate,what does chase pay in interest per year,clinc,,[SL: interest_rate],test
international_visa,are visas needed to travel to jamaica,clinc,,[SL: international_visa],test
international_visa,do i need a visa for south korea,clinc,,[SL: international_visa],test
international_visa,"if i go to columbia, will i need a visa",clinc,,[SL: international_visa],test
international_visa,are visas required to go to cuba,clinc,,[SL: international_visa],test
international_visa,do i need to apply for a visa for my trip to india,clinc,,[SL: international_visa],test
international_visa,if i go to indonesia would i need a visa,clinc,,[SL: international_visa],test
international_visa,do i need a visa to travel to indonesia,clinc,,[SL: international_visa],test
international_visa,should i apply for a visa if i am traveling to mexico,clinc,,[SL: international_visa],test
international_visa,is a visa necessary for traveling to south africa,clinc,,[SL: international_visa],test
international_visa,if i want to travel to singapore do i need a visa,clinc,,[SL: international_visa],test
international_visa,do americans need visas in canada,clinc,,[SL: international_visa],test
international_visa,would i need a visa in taiwan,clinc,,[SL: international_visa],test
international_visa,i'd like to go to malaysia so do i need a visa,clinc,,[SL: international_visa],test
international_visa,is a travel visa needed for thailand,clinc,,[SL: international_visa],test
international_visa,what are the visa requirements for brazil,clinc,,[SL: international_visa],test
international_visa,is a travel visa required to visit paraguay,clinc,,[SL: international_visa],test
international_visa,does travelling to st petersburg require a travel visa,clinc,,[SL: international_visa],test
international_visa,should i get a travel visa if i want to go to guyana,clinc,,[SL: international_visa],test
international_visa,will i be able to visit peru without a travel visa,clinc,,[SL: international_visa],test
international_visa,"if i want to go to x, do i need a travel visa",clinc,,[SL: international_visa],test
international_visa,can i get to cuba with this visa,clinc,,[SL: international_visa],test
international_visa,do i need a visa to get to puerto rico,clinc,,[SL: international_visa],test
international_visa,do i need a visa to go to colombia,clinc,,[SL: international_visa],test
international_visa,do i need a states visa to get to cuba,clinc,,[SL: international_visa],test
international_visa,do i need a us visa for cuba,clinc,,[SL: international_visa],test
international_visa,if i get a visa can i travel to japan,clinc,,[SL: international_visa],test
international_visa,do i need a visa if i'm going to san jose,clinc,,[SL: international_visa],test
international_visa,do i need a visa to travel outside of the us,clinc,,[SL: international_visa],test
international_visa,are visas for international travel,clinc,,[SL: international_visa],test
international_visa,can you travel outside of the united states without a visa,clinc,,[SL: international_visa],test
make_call,i need to call my dad,clinc,,[SL: make_call],test
make_call,i need to call my friend,clinc,,[SL: make_call],test
make_call,i need to call my coworker,clinc,,[SL: make_call],test
make_call,i need to call my mom,clinc,,[SL: make_call],test
make_call,i need to call my boss,clinc,,[SL: make_call],test
make_call,i need you to call the phone company for me,clinc,,[SL: make_call],test
make_call,make a call for me to the vet,clinc,,[SL: make_call],test
make_call,dial up dominos pizza,clinc,,[SL: make_call],test
make_call,call my doctor,clinc,,[SL: make_call],test
make_call,get mom on the phone,clinc,,[SL: make_call],test
make_call,please make a call to stefan larson,clinc,,[SL: make_call],test
make_call,use phone to call alexa,clinc,,[SL: make_call],test
make_call,"computer, call alexa",clinc,,[SL: make_call],test
make_call,"computer, place a call to alexa",clinc,,[SL: make_call],test
make_call,can you call alexa,clinc,,[SL: make_call],test
make_call,call alexa at home,clinc,,[SL: make_call],test
make_call,i would like to make a call to sal,clinc,,[SL: make_call],test
make_call,i would like to make a phone call,clinc,,[SL: make_call],test
make_call,can i make a phone call,clinc,,[SL: make_call],test
make_call,i need to make a call,clinc,,[SL: make_call],test
make_call,i need you to phone sal,clinc,,[SL: make_call],test
make_call,i need to call sal,clinc,,[SL: make_call],test
make_call,i have to make a phone call,clinc,,[SL: make_call],test
make_call,i have to use the phone to make a call,clinc,,[SL: make_call],test
make_call,could you call sal,clinc,,[SL: make_call],test
make_call,call sal,clinc,,[SL: make_call],test
make_call,x needs to be called by me,clinc,,[SL: make_call],test
make_call,call to mom,clinc,,[SL: make_call],test
make_call,call mom,clinc,,[SL: make_call],test
make_call,dial her up,clinc,,[SL: make_call],test
meal_suggestion,what's a good italian meal,clinc,,[SL: meal_suggestion],test
meal_suggestion,i'm looking for a meal that's from the asian cuisine,clinc,,[SL: meal_suggestion],test
meal_suggestion,i'm feeling like a greek meal and need some suggestions,clinc,,[SL: meal_suggestion],test
meal_suggestion,"indian cuisine suits me and i'd like a meal suggestion, please",clinc,,[SL: meal_suggestion],test
meal_suggestion,"what's a good, popular american meal",clinc,,[SL: meal_suggestion],test
meal_suggestion,i'd like a meal suggestion from thailand,clinc,,[SL: meal_suggestion],test
meal_suggestion,tell me what meal to eat from texas,clinc,,[SL: meal_suggestion],test
meal_suggestion,can you give me a meal suggestion from the south,clinc,,[SL: meal_suggestion],test
meal_suggestion,i want to try a meal from ireland,clinc,,[SL: meal_suggestion],test
meal_suggestion,i want a meal from vietnam to be suggested to me,clinc,,[SL: meal_suggestion],test
meal_suggestion,what are good thai dishes,clinc,,[SL: meal_suggestion],test
meal_suggestion,i would like thai food,clinc,,[SL: meal_suggestion],test
meal_suggestion,can you recommend thai food,clinc,,[SL: meal_suggestion],test
meal_suggestion,i need a thai food suggestion,clinc,,[SL: meal_suggestion],test
meal_suggestion,thai food suggestions,clinc,,[SL: meal_suggestion],test
meal_suggestion,i need options or italian tonight,clinc,,[SL: meal_suggestion],test
meal_suggestion,do you have any recommendations for korean,clinc,,[SL: meal_suggestion],test
meal_suggestion,do you have any ideas for a mexican meal,clinc,,[SL: meal_suggestion],test
meal_suggestion,what kind of indian would you recommend,clinc,,[SL: meal_suggestion],test
meal_suggestion,what would you suggest for japanese,clinc,,[SL: meal_suggestion],test
meal_suggestion,i need to know what's good for chinese around here,clinc,,[SL: meal_suggestion],test
meal_suggestion,i want to make something from ethiopia for dinner,clinc,,[SL: meal_suggestion],test
meal_suggestion,i need some ideas for a mexican meal,clinc,,[SL: meal_suggestion],test
meal_suggestion,i want to eat something from turkey,clinc,,[SL: meal_suggestion],test
meal_suggestion,i need a good italian dish,clinc,,[SL: meal_suggestion],test
meal_suggestion,i need a good meal idea from italy,clinc,,[SL: meal_suggestion],test
meal_suggestion,do you have any suggested roman recipes,clinc,,[SL: meal_suggestion],test
meal_suggestion,can you give me a american dinner suggestion,clinc,,[SL: meal_suggestion],test
meal_suggestion,tell me what to make for dinner,clinc,,[SL: meal_suggestion],test
meal_suggestion,do you know what is for dinner,clinc,,[SL: meal_suggestion],test
min_payment,i must pay verizon what minimum amount on my bill,clinc,,[SL: min_payment],test
min_payment,what is the lowest amount i must pay on my verizon bill,clinc,,[SL: min_payment],test
min_payment,"at a minimum, what must i pay on my verizon bill",clinc,,[SL: min_payment],test
min_payment,what is my minimum verizon bill payment,clinc,,[SL: min_payment],test
min_payment,"what must i pay, at a minimum, on my verizon bill",clinc,,[SL: min_payment],test
min_payment,what's the least i can pay this month,clinc,,[SL: min_payment],test
min_payment,what is my amex minimum payment,clinc,,[SL: min_payment],test
min_payment,what's the minimum payment,clinc,,[SL: min_payment],test
min_payment,what is my minimum payment and when is it due,clinc,,[SL: min_payment],test
min_payment,is there a minimum payment i can make,clinc,,[SL: min_payment],test
min_payment,what is the lowest amount i can pay for my cellphone bill,clinc,,[SL: min_payment],test
min_payment,what is the lowest amount i can pay for my insurance bill,clinc,,[SL: min_payment],test
min_payment,what is the minimum i can pay on my credit card bill,clinc,,[SL: min_payment],test
min_payment,what is the lowest amount i can pay for my medical bill,clinc,,[SL: min_payment],test
min_payment,what is the minimum i can pay on my phone bill,clinc,,[SL: min_payment],test
min_payment,what is the minimum i can pay on my insurance bill,clinc,,[SL: min_payment],test
min_payment,what is the minimum i can pay on my electric bill,clinc,,[SL: min_payment],test
min_payment,what is the minimum i can pay on my gas bill,clinc,,[SL: min_payment],test
min_payment,what is the lowest amount i can pay for my hospital bill,clinc,,[SL: min_payment],test
min_payment,what is the lowest amount i can pay for my car bill,clinc,,[SL: min_payment],test
min_payment,what is the minimum i can pay on my cell phone bill,clinc,,[SL: min_payment],test
min_payment,what is the minimum i can pay on my water bill,clinc,,[SL: min_payment],test
min_payment,what is the minimum i can pay on my heating bill,clinc,,[SL: min_payment],test
min_payment,tell me the minimum i can pay on my utilities bill,clinc,,[SL: min_payment],test
min_payment,what is the minimum amount i can pay on my gas bill,clinc,,[SL: min_payment],test
min_payment,do you know the smallest amount i can pay on my water bill,clinc,,[SL: min_payment],test
min_payment,look up the lowest amount i can pay on my electricity bill,clinc,,[SL: min_payment],test
min_payment,what is the minimum payable amount for my rent bill this month,clinc,,[SL: min_payment],test
min_payment,what is the minimum payment on my water bill,clinc,,[SL: min_payment],test
min_payment,"if i wanted to spend the lowest for my electric bill, then how much would it be",clinc,,[SL: min_payment],test
pay_bill,i have a car payment that needs to be paid,clinc,,[SL: pay_bill],test
pay_bill,i need to put in a payment towards my phone bill,clinc,,[SL: pay_bill],test
pay_bill,help me get my gas bill paid,clinc,,[SL: pay_bill],test
pay_bill,pay my con edison bill using my capital one account,clinc,,[SL: pay_bill],test
pay_bill,"use my navy federal account and pay this month's verizon bill, please",clinc,,[SL: pay_bill],test
pay_bill,please pay my sprint bill using my bank of america checking account,clinc,,[SL: pay_bill],test
pay_bill,i need some assistance paying my utilities bill,clinc,,[SL: pay_bill],test
pay_bill,i need a hand getting this gas bill paid,clinc,,[SL: pay_bill],test
pay_bill,can you help me pay my electricity bill,clinc,,[SL: pay_bill],test
pay_bill,i have to pay my water bill but need help doing it,clinc,,[SL: pay_bill],test
pay_bill,i am going to need help paying my rent bill,clinc,,[SL: pay_bill],test
pay_bill,i want to pay my bill,clinc,,[SL: pay_bill],test
pay_bill,can you help me pay my bill,clinc,,[SL: pay_bill],test
pay_bill,i want to pay my bill through the app,clinc,,[SL: pay_bill],test
pay_bill,pay my electric bill for me,clinc,,[SL: pay_bill],test
pay_bill,"pull up my electric bill, i want to pay it",clinc,,[SL: pay_bill],test
pay_bill,how do i pay my electric bill,clinc,,[SL: pay_bill],test
pay_bill,"i want to pay my electric bill, can you do it for me",clinc,,[SL: pay_bill],test
pay_bill,pay my light bill,clinc,,[SL: pay_bill],test
pay_bill,pay my utility bill from my bank account,clinc,,[SL: pay_bill],test
pay_bill,charge my internet bill to the corporate account,clinc,,[SL: pay_bill],test
pay_bill,pay my gas bill with my checking account,clinc,,[SL: pay_bill],test
pay_bill,i need to pay my electric bill,clinc,,[SL: pay_bill],test
pay_bill,i know i should pay my electric bill,clinc,,[SL: pay_bill],test
pay_bill,"today my electric bill will be paid, or should be",clinc,,[SL: pay_bill],test
pay_bill,today is the day i should pay my electric bill,clinc,,[SL: pay_bill],test
pay_bill,my electric bill should be paid today,clinc,,[SL: pay_bill],test
pay_bill,i need to pay my visa,clinc,,[SL: pay_bill],test
pay_bill,pay $175 on my visa,clinc,,[SL: pay_bill],test
pay_bill,i'd like to pay $4735 to my water bill,clinc,,[SL: pay_bill],test
pin_change,i'm struggling to remind myself the pin number to my card,clinc,,[SL: pin_change],test
pin_change,i'm having trouble remembering the pin number to my card,clinc,,[SL: pin_change],test
pin_change,the pin number to my card has been forgotten,clinc,,[SL: pin_change],test
pin_change,i don't remember the pin number to my card,clinc,,[SL: pin_change],test
pin_change,i do not recall the pin number to my card,clinc,,[SL: pin_change],test
pin_change,i would like to change the name on my checking account,clinc,,[SL: pin_change],test
pin_change,i would like to change the name on my credit card account,clinc,,[SL: pin_change],test
pin_change,i would like to change the name on my first hawaiian bank account,clinc,,[SL: pin_change],test
pin_change,i would like to change the name on my first bankcard account,clinc,,[SL: pin_change],test
pin_change,i would like to change the name on my capital one account,clinc,,[SL: pin_change],test
pin_change,change the pin on my savings account to 1234,clinc,,[SL: pin_change],test
pin_change,i want to change my savings account pin to 1234,clinc,,[SL: pin_change],test
pin_change,make 1234 a new pin for my savings account,clinc,,[SL: pin_change],test
pin_change,make 1234 the pin on my savings account,clinc,,[SL: pin_change],test
pin_change,can you make 1234 the pin for my savings account,clinc,,[SL: pin_change],test
pin_change,make my pin 1234 for my checking account,clinc,,[SL: pin_change],test
pin_change,go my to checking account and switch my pin to 1234,clinc,,[SL: pin_change],test
pin_change,access my checking account and update my pin to 1234,clinc,,[SL: pin_change],test
pin_change,correct my account pin to 1234 on my checking account,clinc,,[SL: pin_change],test
pin_change,modify my account pin to 1234 on my checking account,clinc,,[SL: pin_change],test
pin_change,tell me the pin number for my checking account,clinc,,[SL: pin_change],test
pin_change,please give me the pin number for my checking account,clinc,,[SL: pin_change],test
pin_change,i need the pin number for my checking account,clinc,,[SL: pin_change],test
pin_change,does my checking account have a pin number,clinc,,[SL: pin_change],test
pin_change,what's the pin number for my checking account,clinc,,[SL: pin_change],test
pin_change,change the code of my savings account to be 1234,clinc,,[SL: pin_change],test
pin_change,alter the pin on my savings account to be 1234,clinc,,[SL: pin_change],test
pin_change,what exactly is my pin,clinc,,[SL: pin_change],test
pin_change,how do i change the account pin number for me,clinc,,[SL: pin_change],test
pin_change,please tell me how do i change the account pin number,clinc,,[SL: pin_change],test
play_music,play the song called baby shark,clinc,,[SL: play_music],test
play_music,play the song called wreckless love,clinc,,[SL: play_music],test
play_music,play the song called i want it that way,clinc,,[SL: play_music],test
play_music,play the song called dancing on the ceiling,clinc,,[SL: play_music],test
play_music,play the song called amazing grace,clinc,,[SL: play_music],test
play_music,get me my slow sounds,clinc,,[SL: play_music],test
play_music,let me hear my slow songs,clinc,,[SL: play_music],test
play_music,pull up the songs under slow,clinc,,[SL: play_music],test
play_music,i want to hear my slow playlist,clinc,,[SL: play_music],test
play_music,i'm in the mood for slow songs and nothing else,clinc,,[SL: play_music],test
play_music,"the song that goes, ""starships were meant to fly"", play it",clinc,,[SL: play_music],test
play_music,"please play that song that goes, ""starships were meant to fly",clinc,,[SL: play_music],test
play_music,"play the song that goes, ""starships were meant to fly",clinc,,[SL: play_music],test
play_music,"can you play the song that goes like, ""starships were meant to fly",clinc,,[SL: play_music],test
play_music,"will you play the song that goes like, ""starships were meant to fly",clinc,,[SL: play_music],test
play_music,drop some beats,clinc,,[SL: play_music],test
play_music,turn on top 20 country hits,clinc,,[SL: play_music],test
play_music,turn on my tunes,clinc,,[SL: play_music],test
play_music,please play music by acdc,clinc,,[SL: play_music],test
play_music,play oldschool rap,clinc,,[SL: play_music],test
play_music,put on some metallica music,clinc,,[SL: play_music],test
play_music,play music by ludacris,clinc,,[SL: play_music],test
play_music,bump some jams,clinc,,[SL: play_music],test
play_music,play ludacris hits,clinc,,[SL: play_music],test
play_music,play a song,clinc,,[SL: play_music],test
play_music,turn on metallicas greatest hits,clinc,,[SL: play_music],test
play_music,put on my 90s playlist,clinc,,[SL: play_music],test
play_music,can you play music by led zepplin,clinc,,[SL: play_music],test
play_music,lets play some music by korn,clinc,,[SL: play_music],test
play_music,do play the music by linkin park,clinc,,[SL: play_music],test
plug_type,would a socket converter be needed in france,clinc,,[SL: plug_type],test
plug_type,how do i plug stuff in in france,clinc,,[SL: plug_type],test
plug_type,is socket converter required in france,clinc,,[SL: plug_type],test
plug_type,does france use a socket converter,clinc,,[SL: plug_type],test
plug_type,is electricity the same in france,clinc,,[SL: plug_type],test
plug_type,will i need a plug converter when i visit costa rica,clinc,,[SL: plug_type],test
plug_type,will i require a plug converter when i visit kenya,clinc,,[SL: plug_type],test
plug_type,will i need to get a plug converter when i visit guam,clinc,,[SL: plug_type],test
plug_type,do i require a plug converter when i visit puerto rico,clinc,,[SL: plug_type],test
plug_type,will i need to have a plug converter when i visit madrid,clinc,,[SL: plug_type],test
plug_type,z uses which type of plug,clinc,,[SL: plug_type],test
plug_type,what sort of plug is used in the caribbean,clinc,,[SL: plug_type],test
plug_type,which plug is used in japan,clinc,,[SL: plug_type],test
plug_type,plug used in china,clinc,,[SL: plug_type],test
plug_type,what kind of plug is used in england,clinc,,[SL: plug_type],test
plug_type,what do i need for a plug in wales,clinc,,[SL: plug_type],test
plug_type,does z used the same plus as we do in the united states,clinc,,[SL: plug_type],test
plug_type,can i used the same type of plug in z as i do in the us,clinc,,[SL: plug_type],test
plug_type,electrical plugs used in that country,clinc,,[SL: plug_type],test
plug_type,are the electric plugs the same over in that country,clinc,,[SL: plug_type],test
plug_type,what kind of electrical outlet does that country use,clinc,,[SL: plug_type],test
plug_type,do i need a converter for my electronics when i go to that coutntry,clinc,,[SL: plug_type],test
plug_type,can i plug in my electronics there like normal,clinc,,[SL: plug_type],test
plug_type,is a socket converter necessary if i'm travelling to london,clinc,,[SL: plug_type],test
plug_type,are socket converters something i need to bring if going to australia,clinc,,[SL: plug_type],test
plug_type,can i use electronic devices in mexico without a socket converter,clinc,,[SL: plug_type],test
plug_type,are socket converters needed if i'm going to cape town,clinc,,[SL: plug_type],test
plug_type,does sweden use the same kind of socket or do i need a converter,clinc,,[SL: plug_type],test
plug_type,what plug type is used internationally,clinc,,[SL: plug_type],test
plug_type,what's the plug type in honduras,clinc,,[SL: plug_type],test
recipe,what do i need to do to cook a chicken,clinc,,[SL: recipe],test
recipe,how do i go about cooking a 10lb turkey,clinc,,[SL: recipe],test
recipe,how do i get started making homemade pizza dough,clinc,,[SL: recipe],test
recipe,what instructions do i need to bake a cake from scratch,clinc,,[SL: recipe],test
recipe,how do i make lasagna,clinc,,[SL: recipe],test
recipe,how do you make pasta,clinc,,[SL: recipe],test
recipe,how do you prepare omelet,clinc,,[SL: recipe],test
recipe,how do you prepare taco,clinc,,[SL: recipe],test
recipe,how do you make fried rice,clinc,,[SL: recipe],test
recipe,how do you cooked eggs,clinc,,[SL: recipe],test
recipe,what's a good chili recipe,clinc,,[SL: recipe],test
recipe,i need a recipe for chili,clinc,,[SL: recipe],test
recipe,search for chili recipes,clinc,,[SL: recipe],test
recipe,search for a chili recipe for me,clinc,,[SL: recipe],test
recipe,find me a recipe for chili,clinc,,[SL: recipe],test
recipe,show me ideas for hamburger,clinc,,[SL: recipe],test
recipe,can you get me recipes for eggs please,clinc,,[SL: recipe],test
recipe,show me how to make tuna casserole please,clinc,,[SL: recipe],test
recipe,recipes for garlic bread please,clinc,,[SL: recipe],test
recipe,please tell me a recipe for this meal,clinc,,[SL: recipe],test
recipe,can you find me a pork recipe,clinc,,[SL: recipe],test
recipe,can you find me a brisket recipe,clinc,,[SL: recipe],test
recipe,can you find me a rice recipe,clinc,,[SL: recipe],test
recipe,can you find me a salsa recipe,clinc,,[SL: recipe],test
recipe,scan you find me a chicken recipe,clinc,,[SL: recipe],test
recipe,i need a pasta recipe,clinc,,[SL: recipe],test
recipe,i want a recipe for roasted veggies,clinc,,[SL: recipe],test
recipe,what is in a burrito recipe,clinc,,[SL: recipe],test
recipe,give me a tuna salad recipe,clinc,,[SL: recipe],test
recipe,find a recipe for baked ziti,clinc,,[SL: recipe],test
restaurant_reservation,"i'd like to make a reservation at rooth chris, can you do that",clinc,,[SL: restaurant_reservation],test
restaurant_reservation,make a reservation for chik-fil-a at 3 o' clock please,clinc,,[SL: restaurant_reservation],test
restaurant_reservation,reserve a table for 3 at 7 for olive garden,clinc,,[SL: restaurant_reservation],test
restaurant_reservation,will you reserve a table at olive garden for 3 people at 7,clinc,,[SL: restaurant_reservation],test
restaurant_reservation,"at 7, i need a table for 3 at olive garden",clinc,,[SL: restaurant_reservation],test
restaurant_reservation,i need a table for 3 at olive garden for 7,clinc,,[SL: restaurant_reservation],test
restaurant_reservation,get a table for me at 7 for 3 people at olive garden,clinc,,[SL: restaurant_reservation],test
restaurant_reservation,reserve table for 5 at red robin under the name sara at 3,clinc,,[SL: restaurant_reservation],test
restaurant_reservation,reverse a table for 5 at burger king under the name sara at 6,clinc,,[SL: restaurant_reservation],test
restaurant_reservation,can you reserve a table for 6 at red robin under the name mavrick at 5 clock,clinc,,[SL: restaurant_reservation],test
restaurant_reservation,could you reserve table for 3 at carlos jr under the name adam at 4,clinc,,[SL: restaurant_reservation],test
restaurant_reservation,i want to reserve table for 5 at red robin under the name sara at 5,clinc,,[SL: restaurant_reservation],test
restaurant_reservation,i need a table for two at the havana at nine,clinc,,[SL: restaurant_reservation],test
restaurant_reservation,look for me a table at carl's cabin for twelve at eight,clinc,,[SL: restaurant_reservation],test
restaurant_reservation,i need a table at gemma for nine at two,clinc,,[SL: restaurant_reservation],test
restaurant_reservation,book me a table for three at rainforest cafe at seven,clinc,,[SL: restaurant_reservation],test
restaurant_reservation,get me a table for five at itta bena at three,clinc,,[SL: restaurant_reservation],test
restaurant_reservation,"5 people are going to be at tropicana by 8pm, reserve the table under martins name please",clinc,,[SL: restaurant_reservation],test
restaurant_reservation,use martins name to reserve a table at tropicana for 5 people at 8pm,clinc,,[SL: restaurant_reservation],test
restaurant_reservation,reserve a table at tropicana for 5 people under the name martins for 8pm,clinc,,[SL: restaurant_reservation],test
restaurant_reservation,martins needs a table for 5 people at tropicana at 8pm precisely,clinc,,[SL: restaurant_reservation],test
restaurant_reservation,the table should be reserved at 8pm at tropicana using martins name and it should be for 5 people,clinc,,[SL: restaurant_reservation],test
restaurant_reservation,are there any open reservations at outback tonight,clinc,,[SL: restaurant_reservation],test
restaurant_reservation,make a reservation for 2 tonight at 7:00 at outback steakhouse,clinc,,[SL: restaurant_reservation],test
restaurant_reservation,michael will reserve a table for two at 7:00pm for olive garden,clinc,,[SL: restaurant_reservation],test
restaurant_reservation,a table for two needs to be reserved for 7:00pm at olive garden using the name michael,clinc,,[SL: restaurant_reservation],test
restaurant_reservation,please reserve a table for two at olive garden at 7:00pm for michael,clinc,,[SL: restaurant_reservation],test
restaurant_reservation,get reservations at olive garden for two at 7:00pm under michael,clinc,,[SL: restaurant_reservation],test
restaurant_reservation,reservations for two need to be made using michael's name for 7:00pm at olive garden,clinc,,[SL: restaurant_reservation],test
restaurant_reservation,i want to eat at seven in the restaurant for two people,clinc,,[SL: restaurant_reservation],test
restaurant_reviews,does applebees have good reviews,clinc,,[SL: restaurant_reviews],test
restaurant_reviews,are the reviews ned get's good,clinc,,[SL: restaurant_reviews],test
restaurant_reviews,is the review ned's have good,clinc,,[SL: restaurant_reviews],test
restaurant_reviews,are ned's reviews good,clinc,,[SL: restaurant_reviews],test
restaurant_reviews,are the reviews for ned's good,clinc,,[SL: restaurant_reviews],test
restaurant_reviews,how are the reviews for tacos at the buffet,clinc,,[SL: restaurant_reviews],test
restaurant_reviews,do they serve good tacos at the buffet,clinc,,[SL: restaurant_reviews],test
restaurant_reviews,"my favorite, beef tacos at the buffet",clinc,,[SL: restaurant_reviews],test
restaurant_reviews,they sold out of tacos at the buffet,clinc,,[SL: restaurant_reviews],test
restaurant_reviews,"yum, pulled pork tacos at the buffet",clinc,,[SL: restaurant_reviews],test
restaurant_reviews,what do people think of the new burger at mcdonalds,clinc,,[SL: restaurant_reviews],test
restaurant_reviews,how are the reviews for the supreme pizza at papa john's,clinc,,[SL: restaurant_reviews],test
restaurant_reviews,what are people saying about chick-fil-a's chicken nuggets,clinc,,[SL: restaurant_reviews],test
restaurant_reviews,show me the reviews for the new jalapeno fries at taco bell,clinc,,[SL: restaurant_reviews],test
restaurant_reviews,give me some feedback about the pasta at piada please,clinc,,[SL: restaurant_reviews],test
restaurant_reviews,how is gramercy tavern rated,clinc,,[SL: restaurant_reviews],test
restaurant_reviews,how many stars does babbo have,clinc,,[SL: restaurant_reviews],test
restaurant_reviews,does cielo have good reviews,clinc,,[SL: restaurant_reviews],test
restaurant_reviews,do people say per se is any good or not,clinc,,[SL: restaurant_reviews],test
restaurant_reviews,what do food critics say about gramercy tavern,clinc,,[SL: restaurant_reviews],test
restaurant_reviews,what are the reviews like for l'auberge aubergine,clinc,,[SL: restaurant_reviews],test
restaurant_reviews,how many stars does brasserie les halles have,clinc,,[SL: restaurant_reviews],test
restaurant_reviews,what rating do the critics give the french laundry,clinc,,[SL: restaurant_reviews],test
restaurant_reviews,does acero have good or bad ratings,clinc,,[SL: restaurant_reviews],test
restaurant_reviews,has the french laundry gotten good reviews lately,clinc,,[SL: restaurant_reviews],test
restaurant_reviews,what kind of reviews does the olive garden have,clinc,,[SL: restaurant_reviews],test
restaurant_reviews,what's the average review for olive garden,clinc,,[SL: restaurant_reviews],test
restaurant_reviews,oliver garden reviews,clinc,,[SL: restaurant_reviews],test
restaurant_reviews,does olive garden have good customer reviews,clinc,,[SL: restaurant_reviews],test
restaurant_reviews,does olive garden have good reviews,clinc,,[SL: restaurant_reviews],test
restaurant_suggestion,please give me the name of a few good options for places to eat dinner tonight,clinc,,[SL: restaurant_suggestion],test
restaurant_suggestion,i need some suggestions for dinner places tonight,clinc,,[SL: restaurant_suggestion],test
restaurant_suggestion,what are some good places to go out for dinner in my area tonight,clinc,,[SL: restaurant_suggestion],test
restaurant_suggestion,show me some restaurants that have high reviews for eating out,clinc,,[SL: restaurant_suggestion],test
restaurant_suggestion,can you search recommended casual restaurants for tonight in philadelphia,clinc,,[SL: restaurant_suggestion],test
restaurant_suggestion,where can i go to eat,clinc,,[SL: restaurant_suggestion],test
restaurant_suggestion,where can i get some good food,clinc,,[SL: restaurant_suggestion],test
restaurant_suggestion,"in cleveland, are there any good places that serve clams",clinc,,[SL: restaurant_suggestion],test
restaurant_suggestion,does cleveland have any good places that serve clams,clinc,,[SL: restaurant_suggestion],test
restaurant_suggestion,can you find any good places in cleveland that serve clams,clinc,,[SL: restaurant_suggestion],test
restaurant_suggestion,are there good clam places in cleveland,clinc,,[SL: restaurant_suggestion],test
restaurant_suggestion,are there any good places in cleveland that serve clams,clinc,,[SL: restaurant_suggestion],test
restaurant_suggestion,"could you suggest a french restaurant, please",clinc,,[SL: restaurant_suggestion],test
restaurant_suggestion,can you suggest a french restaurant,clinc,,[SL: restaurant_suggestion],test
restaurant_suggestion,can you suggest a thai restaurant,clinc,,[SL: restaurant_suggestion],test
restaurant_suggestion,"can you suggest a french restaurant, please",clinc,,[SL: restaurant_suggestion],test
restaurant_suggestion,"can you suggest a thai restaurant, please",clinc,,[SL: restaurant_suggestion],test
restaurant_suggestion,are there are any good places in washington that serve cheese pizza,clinc,,[SL: restaurant_suggestion],test
restaurant_suggestion,what's the food can easily get in canada,clinc,,[SL: restaurant_suggestion],test
restaurant_suggestion,what are the best places to get shrimp in chicago,clinc,,[SL: restaurant_suggestion],test
restaurant_suggestion,what are the best restaurants open tonight,clinc,,[SL: restaurant_suggestion],test
restaurant_suggestion,i need a list of good places to eat near me,clinc,,[SL: restaurant_suggestion],test
restaurant_suggestion,pull up some recommendations for places serving fish in maine,clinc,,[SL: restaurant_suggestion],test
restaurant_suggestion,where should i go for food tonight,clinc,,[SL: restaurant_suggestion],test
restaurant_suggestion,where should i eat,clinc,,[SL: restaurant_suggestion],test
restaurant_suggestion,any fantastic restaurants to get shrimp at in atlanta,clinc,,[SL: restaurant_suggestion],test
restaurant_suggestion,give me a list of places that serve the best wings in charlotte,clinc,,[SL: restaurant_suggestion],test
restaurant_suggestion,i need reviews for places serving tacos in chicago,clinc,,[SL: restaurant_suggestion],test
restaurant_suggestion,give me restaurant reccomendations,clinc,,[SL: restaurant_suggestion],test
restaurant_suggestion,where can i satisfy my craving for french food in milwaukee,clinc,,[SL: restaurant_suggestion],test
share_location,can i share my location with david,clinc,,[SL: share_location],test
share_location,please send my location to kevin and also to lucy,clinc,,[SL: share_location],test
share_location,how do i share my location with kate and mike,clinc,,[SL: share_location],test
share_location,can you let michael and julie know my location,clinc,,[SL: share_location],test
share_location,please let lisa and chris know my location information,clinc,,[SL: share_location],test
share_location,make my location available with david and kate,clinc,,[SL: share_location],test
share_location,i need to give my location to macy and george,clinc,,[SL: share_location],test
share_location,i'd like for this person to know my location,clinc,,[SL: share_location],test
share_location,can you indicate my location to my friend,clinc,,[SL: share_location],test
share_location,share my location with this person,clinc,,[SL: share_location],test
share_location,send my location to this individual,clinc,,[SL: share_location],test
share_location,what is my current location,clinc,,[SL: share_location],test
share_location,share location with john,clinc,,[SL: share_location],test
share_location,give ann and scott my location,clinc,,[SL: share_location],test
share_location,could you inform ann and scott of my location,clinc,,[SL: share_location],test
share_location,let ann and scott know where i am,clinc,,[SL: share_location],test
share_location,will you make sure ann and scott know my location,clinc,,[SL: share_location],test
share_location,tell ann and scott where i am,clinc,,[SL: share_location],test
share_location,tell david my location,clinc,,[SL: share_location],test
share_location,send david my location,clinc,,[SL: share_location],test
share_location,tell my location to david,clinc,,[SL: share_location],test
share_location,tell david where i am,clinc,,[SL: share_location],test
share_location,share location with david,clinc,,[SL: share_location],test
share_location,show allison how to get to me,clinc,,[SL: share_location],test
share_location,send my location to sis,clinc,,[SL: share_location],test
share_location,show cody where i am,clinc,,[SL: share_location],test
share_location,share my location to susan,clinc,,[SL: share_location],test
share_location,share my current location with kristen,clinc,,[SL: share_location],test
share_location,send sarah my current location,clinc,,[SL: share_location],test
share_location,please send my location to rob and mary,clinc,,[SL: share_location],test
shopping_list_update,tack on a gallon of milk to the grocery list,clinc,,[SL: shopping_list_update],test
shopping_list_update,add laundry detergent to the list,clinc,,[SL: shopping_list_update],test
shopping_list_update,make sure to put eggs on the grocery list,clinc,,[SL: shopping_list_update],test
shopping_list_update,the list should also have 2 loaves of bread,clinc,,[SL: shopping_list_update],test
shopping_list_update,include asparagus on the list,clinc,,[SL: shopping_list_update],test
shopping_list_update,remove milk and add eggs to my shopping list,clinc,,[SL: shopping_list_update],test
shopping_list_update,put milk on my shopping list,clinc,,[SL: shopping_list_update],test
shopping_list_update,i'd like to add pancake mix to my shopping list if it's not already there,clinc,,[SL: shopping_list_update],test
shopping_list_update,"if soda isn't on my shopping list, go ahead and add it for me",clinc,,[SL: shopping_list_update],test
shopping_list_update,add milk to my shopping list,clinc,,[SL: shopping_list_update],test
shopping_list_update,take toilet paper off my shopping list,clinc,,[SL: shopping_list_update],test
shopping_list_update,i need to add flour to my list for shopping if i haven't already,clinc,,[SL: shopping_list_update],test
shopping_list_update,take toilet paper off my shopping list and add paper towels,clinc,,[SL: shopping_list_update],test
shopping_list_update,i need hot dogs added to my shopping list please,clinc,,[SL: shopping_list_update],test
shopping_list_update,please put chips on my shopping list,clinc,,[SL: shopping_list_update],test
shopping_list_update,"is milk in my shopping list if not, add it",clinc,,[SL: shopping_list_update],test
shopping_list_update,can you add eggs to my shopping list,clinc,,[SL: shopping_list_update],test
shopping_list_update,add eggs to my shopping list if it's not already there,clinc,,[SL: shopping_list_update],test
shopping_list_update,i'd like to get soda while i'm out; add it to my shopping list,clinc,,[SL: shopping_list_update],test
shopping_list_update,"on my shopping list, remove eggs",clinc,,[SL: shopping_list_update],test
shopping_list_update,i need eggs; add them to my shopping list,clinc,,[SL: shopping_list_update],test
shopping_list_update,"take soda from my shopping list, and while you're at it add tea",clinc,,[SL: shopping_list_update],test
shopping_list_update,milk should be added to my shopping list,clinc,,[SL: shopping_list_update],test
shopping_list_update,"i don't need eggs anymore, but i do need milk",clinc,,[SL: shopping_list_update],test
shopping_list_update,take paper towels off of my shopping list,clinc,,[SL: shopping_list_update],test
shopping_list_update,i need milk on my shopping list,clinc,,[SL: shopping_list_update],test
shopping_list_update,i don't need toilet paper anymore; take it off my shopping list,clinc,,[SL: shopping_list_update],test
shopping_list_update,"throw eggs on my shopping list, please",clinc,,[SL: shopping_list_update],test
shopping_list_update,i need water on my shopping list and beer off of it,clinc,,[SL: shopping_list_update],test
shopping_list_update,i need bananas on the list too,clinc,,[SL: shopping_list_update],test
spending_history,what's the total i've spent on shoes this month,clinc,,[SL: spending_history],test
spending_history,how many dollars have i spent on coffee this month,clinc,,[SL: spending_history],test
spending_history,what have i spent on food this month,clinc,,[SL: spending_history],test
spending_history,how much have i spent on tires this month,clinc,,[SL: spending_history],test
spending_history,how much have i been spending on booze this month,clinc,,[SL: spending_history],test
spending_history,what have i spent on fast food recently,clinc,,[SL: spending_history],test
spending_history,how much total have i spent on fast food lately,clinc,,[SL: spending_history],test
spending_history,how much fast food have i bought recently,clinc,,[SL: spending_history],test
spending_history,check how much i spent this week,clinc,,[SL: spending_history],test
spending_history,how much money have i spent on fast food lately,clinc,,[SL: spending_history],test
spending_history,how much money have a spent in the last week,clinc,,[SL: spending_history],test
spending_history,how much money did i spend this weekend,clinc,,[SL: spending_history],test
spending_history,tell me how much money i've spent on fast food in the past week,clinc,,[SL: spending_history],test
spending_history,what is the total amount i spent last week,clinc,,[SL: spending_history],test
spending_history,what've i spent on gas this month,clinc,,[SL: spending_history],test
spending_history,have i gone over my entertainment budget,clinc,,[SL: spending_history],test
spending_history,would you say i've spent too much money on chips as of late,clinc,,[SL: spending_history],test
spending_history,"looking at this week only, have i overspent on hoagies",clinc,,[SL: spending_history],test
spending_history,do i overspend when it comes to fast food,clinc,,[SL: spending_history],test
spending_history,"looking at the past month, what did i spend total",clinc,,[SL: spending_history],test
spending_history,have i gone over my chocolate budget lately,clinc,,[SL: spending_history],test
spending_history,how much have i spent this week,clinc,,[SL: spending_history],test
spending_history,about how much did i spend recently,clinc,,[SL: spending_history],test
spending_history,tell me how much i have been buying as of late,clinc,,[SL: spending_history],test
spending_history,what did i spend on beer last month,clinc,,[SL: spending_history],test
spending_history,did i stick to my dinner budget,clinc,,[SL: spending_history],test
spending_history,how much have i spent on video games recently,clinc,,[SL: spending_history],test
spending_history,do i spend too much on beer,clinc,,[SL: spending_history],test
spending_history,what are my finances like lately,clinc,,[SL: spending_history],test
spending_history,how much money have i spent recently,clinc,,[SL: spending_history],test
text,"text chrissy, i'm on my way",clinc,,[SL: text],test
text,"text dave, i'll be there soon",clinc,,[SL: text],test
text,send davis a text i'll be there in a few,clinc,,[SL: text],test
text,text laura i'll be late for dinner,clinc,,[SL: text],test
text,"text mike, ""i'm running late",clinc,,[SL: text],test
text,tell jim i'm coming home soon,clinc,,[SL: text],test
text,i want to tell susan that the meeting has been cancelled,clinc,,[SL: text],test
text,tell fred that i don't have his guitar,clinc,,[SL: text],test
text,could you send a text to bill saying no,clinc,,[SL: text],test
text,text mark hello,clinc,,[SL: text],test
text,text emily,clinc,,[SL: text],test
text,please text john,clinc,,[SL: text],test
text,i want you to text mark,clinc,,[SL: text],test
text,get a text to mark,clinc,,[SL: text],test
text,can you text walt and tell him to meet me at the car wash,clinc,,[SL: text],test
text,text courtney and inform her about the detour,clinc,,[SL: text],test
text,text dan and tell him to go home,clinc,,[SL: text],test
text,text samantha and let her know i will arrive in 10 minutes,clinc,,[SL: text],test
text,text katy and tell her i love her,clinc,,[SL: text],test
text,text jean and tell him to call work,clinc,,[SL: text],test
text,text steve and tell him i am running late,clinc,,[SL: text],test
text,i'd like you to text marie and let her know to meet me at the hospital,clinc,,[SL: text],test
text,text jeff and tell him to pay the bill,clinc,,[SL: text],test
text,text mark and tell him to leave now,clinc,,[SL: text],test
text,send jack a text saying hi,clinc,,[SL: text],test
text,send a text that says hi to abby,clinc,,[SL: text],test
text,"i'd like to send a text to jack, say ""hi",clinc,,[SL: text],test
text,can you text dave and tell him i like his paper,clinc,,[SL: text],test
text,can you text mary and tell her she is amazing,clinc,,[SL: text],test
text,can you text bill and tell him i love him,clinc,,[SL: text],test
time,i need you to tell me what time it is in new york now,clinc,,[SL: time],test
time,"what time is it in adelaide, australia right now",clinc,,[SL: time],test
time,is it after noon,clinc,,[SL: time],test
time,is it six o clock yet,clinc,,[SL: time],test
time,please give me the time in tanzania at this moment,clinc,,[SL: time],test
time,can you tell me the current time in jamaica,clinc,,[SL: time],test
time,"tell me the time in san francisco, please",clinc,,[SL: time],test
time,"what time is it right now in adelaide, australia",clinc,,[SL: time],test
time,what time is it in the eastern timezone,clinc,,[SL: time],test
time,what time is it in the mountain timezone,clinc,,[SL: time],test
time,what time is it in the greenwich timezone,clinc,,[SL: time],test
time,what time is it in the central timezone,clinc,,[SL: time],test
time,tell me what the time is in dallas,clinc,,[SL: time],test
time,what is the current time in dallas,clinc,,[SL: time],test
time,can you tell me what time it is in dallas,clinc,,[SL: time],test
time,what time is it in dallas,clinc,,[SL: time],test
time,tell time for another city: dallas,clinc,,[SL: time],test
time,what time is it right now at home,clinc,,[SL: time],test
time,what’s the time in new york,clinc,,[SL: time],test
time,tell me the time in california,clinc,,[SL: time],test
time,tell me the time in las vegas,clinc,,[SL: time],test
time,what is the time is central time zone,clinc,,[SL: time],test
time,what is the time in the usa,clinc,,[SL: time],test
time,what is the time in est,clinc,,[SL: time],test
time,whats the exact time,clinc,,[SL: time],test
time,what is the current time,clinc,,[SL: time],test
time,what's the current time,clinc,,[SL: time],test
time,what time is it in california,clinc,,[SL: time],test
time,please give me the time,clinc,,[SL: time],test
time,the time is what,clinc,,[SL: time],test
timezone,what's the timezone for britain,clinc,,[SL: timezone],test
timezone,i need the time zone for la,clinc,,[SL: timezone],test
timezone,i would like to know the timezone for britain,clinc,,[SL: timezone],test
timezone,i need la's time zone,clinc,,[SL: timezone],test
timezone,i need to know britain's timezone,clinc,,[SL: timezone],test
timezone,what timezone is britain in,clinc,,[SL: timezone],test
timezone,can you tell me britain's timezone,clinc,,[SL: timezone],test
timezone,what is the la's time zone,clinc,,[SL: timezone],test
timezone,can you tell me the time zone for la,clinc,,[SL: timezone],test
timezone,what is texas's timezone,clinc,,[SL: timezone],test
timezone,tell me the timezone for california,clinc,,[SL: timezone],test
timezone,what timezone would missouri be in,clinc,,[SL: timezone],test
timezone,what timezone do they use in arizona,clinc,,[SL: timezone],test
timezone,is new york in mountain timezone,clinc,,[SL: timezone],test
timezone,what is the timezone for la,clinc,,[SL: timezone],test
timezone,what is the timezone for new york,clinc,,[SL: timezone],test
timezone,what is the timezone for san francisco,clinc,,[SL: timezone],test
timezone,what is the timezone for paris,clinc,,[SL: timezone],test
timezone,what is the timezone for houston,clinc,,[SL: timezone],test
timezone,denver's timezone is what,clinc,,[SL: timezone],test
timezone,does denver reside in the eastern timezones,clinc,,[SL: timezone],test
timezone,which timezone is denver located,clinc,,[SL: timezone],test
timezone,"denver's timezone is a mystery, i wonder where its located",clinc,,[SL: timezone],test
timezone,in which time zone does denver reside,clinc,,[SL: timezone],test
timezone,what's the timezone in valencia,clinc,,[SL: timezone],test
timezone,what's the timezone now in hiram,clinc,,[SL: timezone],test
timezone,timezone in salt lake city,clinc,,[SL: timezone],test
timezone,timezone currently in mobile,clinc,,[SL: timezone],test
timezone,what time is it in phoenix,clinc,,[SL: timezone],test
timezone,can you give me the timezone for the country,clinc,,[SL: timezone],test
transactions,i need to know all my spending transactions,clinc,,[SL: transactions],test
transactions,when did i last make a purchase,clinc,,[SL: transactions],test
transactions,how much did i spend on my most recent transaction,clinc,,[SL: transactions],test
transactions,show me my ten most recent transactions on account xyz,clinc,,[SL: transactions],test
transactions,i want to see all transactions in the past month for all accounts,clinc,,[SL: transactions],test
transactions,show me my recent transactions from account xyz,clinc,,[SL: transactions],test
transactions,open bank app and show my most recent transactions,clinc,,[SL: transactions],test
transactions,are you able to find my recent transactions for me,clinc,,[SL: transactions],test
transactions,i made a transaction recently,clinc,,[SL: transactions],test
transactions,what was my recent transaction,clinc,,[SL: transactions],test
transactions,i want to know what my recent transaction was,clinc,,[SL: transactions],test
transactions,i need information about my recent transaction,clinc,,[SL: transactions],test
transactions,state recent transaction,clinc,,[SL: transactions],test
transactions,is my visa bill over my limit this month,clinc,,[SL: transactions],test
transactions,what have i spent things on,clinc,,[SL: transactions],test
transactions,show my transactions,clinc,,[SL: transactions],test
transactions,what were my last 10 charges on my credit card,clinc,,[SL: transactions],test
transactions,show what i have spent things on,clinc,,[SL: transactions],test
transactions,how much have i spent on my debit card this month,clinc,,[SL: transactions],test
transactions,how much have i spent on my bank card sine i last paid my bill,clinc,,[SL: transactions],test
transactions,how much was my last target trip,clinc,,[SL: transactions],test
transactions,can you verify my recent visa card transaction,clinc,,[SL: transactions],test
transactions,what was my recent transaction on my visa card,clinc,,[SL: transactions],test
transactions,what is the last transaction on my visa card,clinc,,[SL: transactions],test
transactions,show my my most recent visa card transaction,clinc,,[SL: transactions],test
transactions,please review my recent visa card transaction,clinc,,[SL: transactions],test
transactions,how many transactions do i have on flower shops from last wednesday between 2pm and 7pm,clinc,,[SL: transactions],test
transactions,what transactions did i make on electronics this morning after 6am,clinc,,[SL: transactions],test
transactions,what is the largest transaction i have made on video games this month,clinc,,[SL: transactions],test
transactions,what transactions do i have on groceries from yesterday,clinc,,[SL: transactions],test
transfer,can you please provide me with assistance in moving money from one account to another,clinc,,[SL: transfer],test
transfer,i would like help moving money between accounts,clinc,,[SL: transfer],test
transfer,can you assist me in moving money from one account to another,clinc,,[SL: transfer],test
transfer,i would like help moving money from one account to another,clinc,,[SL: transfer],test
transfer,i would like assistance moving money from one account to another,clinc,,[SL: transfer],test
transfer,can i move some money around,clinc,,[SL: transfer],test
transfer,can i make a transfer between my accounts,clinc,,[SL: transfer],test
transfer,i need to make a transfer of my money,clinc,,[SL: transfer],test
transfer,can i move some money between my two accounts,clinc,,[SL: transfer],test
transfer,i would like to distribute some money between my accounts,clinc,,[SL: transfer],test
transfer,i would like to transfer $100 from my checking to saving account,clinc,,[SL: transfer],test
transfer,help me transfer $100 from my checking to saving account,clinc,,[SL: transfer],test
transfer,transfer $100 from my checking to saving account,clinc,,[SL: transfer],test
transfer,can you please help me move $100 from my checking to saving account,clinc,,[SL: transfer],test
transfer,please move $100 from my checking to saving account,clinc,,[SL: transfer],test
transfer,"transfer seventeen dollars from rbs to woodforest account, please",clinc,,[SL: transfer],test
transfer,"send twelve dollars between cabelas and bank of london accounts, please",clinc,,[SL: transfer],test
transfer,"transfer ninety dollars between glacier checking and farmers accounts, please",clinc,,[SL: transfer],test
transfer,transfer seventy dollars between national and citizens accounts,clinc,,[SL: transfer],test
transfer,transfer four and sixty seven dollars from bank of oklahoma checking to security bank account,clinc,,[SL: transfer],test
transfer,how much money can i transfer today,clinc,,[SL: transfer],test
transfer,add funds to the retirement account from the pnc account only,clinc,,[SL: transfer],test
transfer,would you move 100 dollars from the checking and put it into savings,clinc,,[SL: transfer],test
transfer,repeat what the weather will be like,clinc,,[SL: transfer],test
transfer,i would like to put 100 dollars from the checking into the savings account now,clinc,,[SL: transfer],test
transfer,please transfer $5000 to money market from checking account,clinc,,[SL: transfer],test
transfer,i need $360 transfered from savings to checking account,clinc,,[SL: transfer],test
transfer,make an immediate transfer of ten thousand from money market to checking,clinc,,[SL: transfer],test
transfer,i'd like to transfer $400 from household to savings account,clinc,,[SL: transfer],test
transfer,transer $800 from my checking to savings account,clinc,,[SL: transfer],test
translate,how would you say fly in italian,clinc,,[SL: translate],test
translate,what's the spanish word for pasta,clinc,,[SL: translate],test
translate,how would they say butter in zambia,clinc,,[SL: translate],test
translate,how do you say fast in spanish,clinc,,[SL: translate],test
translate,what's the word for trees in norway,clinc,,[SL: translate],test
translate,how does one say wonderful in german,clinc,,[SL: translate],test
translate,how do they say tacos in mexico,clinc,,[SL: translate],test
translate,how would one say cruiser in china,clinc,,[SL: translate],test
translate,what's the french word you use for potato,clinc,,[SL: translate],test
translate,what would the word for grass be in finland,clinc,,[SL: translate],test
translate,how do you say please in french,clinc,,[SL: translate],test
translate,how would i say nice to meet you if i were russian,clinc,,[SL: translate],test
translate,what is the right way to say excuse me in spanish,clinc,,[SL: translate],test
translate,how do i say i'm sorry in chinese,clinc,,[SL: translate],test
translate,how would i say thank you if i were mexican,clinc,,[SL: translate],test
translate,how would i say what is your name if i were french,clinc,,[SL: translate],test
translate,how would i say i must be going now if i were german,clinc,,[SL: translate],test
translate,how do i say bathroom in italian,clinc,,[SL: translate],test
translate,how might i say hello if i were scottish,clinc,,[SL: translate],test
translate,i must know how to say thank you in german,clinc,,[SL: translate],test
translate,how would i say i love you if i were german,clinc,,[SL: translate],test
translate,how would i say how are you today if i were mexican,clinc,,[SL: translate],test
translate,how would i say where is the bathroom if i were korean,clinc,,[SL: translate],test
translate,how would i say i need directions if i were french,clinc,,[SL: translate],test
translate,how would i say i am lost if i were japanese,clinc,,[SL: translate],test
translate,english to spanish for dog,clinc,,[SL: translate],test
translate,what is dog in spanish,clinc,,[SL: translate],test
translate,how do you say dog in spanish,clinc,,[SL: translate],test
translate,dog in spanish,clinc,,[SL: translate],test
translate,what's the spanish word for dog,clinc,,[SL: translate],test
travel_notification,i will be traveling to lima alert my bank,clinc,,[SL: travel_notification],test
travel_notification,assure my bank i really am going to california,clinc,,[SL: travel_notification],test
travel_notification,please tell my bank i'm traveling to mexico between next wednesday for a week after,clinc,,[SL: travel_notification],test
travel_notification,please inform my bank i'll be vacationing in the bahamas in a couple of days,clinc,,[SL: travel_notification],test
travel_notification,"i'm going to be in mexico from thursday to friday, so can you let my bank know",clinc,,[SL: travel_notification],test
travel_notification,please kindly inform my bank i'm going to be in canada from next week to two weeks after,clinc,,[SL: travel_notification],test
travel_notification,"let my bank know i'll be in ireland from may 01, 2019 to august 02, 2019",clinc,,[SL: travel_notification],test
travel_notification,alert my bank i'm checking out seattle for the next month,clinc,,[SL: travel_notification],test
travel_notification,i'm going to brazil soon and want to let my bank now,clinc,,[SL: travel_notification],test
travel_notification,i'm leaving for montreal tomorrow and need to let my bank know,clinc,,[SL: travel_notification],test
travel_notification,inform my bank i'm traveling to australia between february 23rd to february 25th,clinc,,[SL: travel_notification],test
travel_notification,please tell my bank i'll be in anchorage this week,clinc,,[SL: travel_notification],test
travel_notification,"i need to tell my bank i am, indeed, going to be in london in a few hours",clinc,,[SL: travel_notification],test
travel_notification,please alert my bank i'm going to be in the caymans from may 1st to june 2nd,clinc,,[SL: travel_notification],test
travel_notification,let my bank know i actually am visiting brazil,clinc,,[SL: travel_notification],test
travel_notification,i'll be travelling to russia from april 1 through april 20 and need my financial institute apprised of it,clinc,,[SL: travel_notification],test
travel_notification,please alert my bank i'm traveling to europe between april 1st and 5th,clinc,,[SL: travel_notification],test
travel_notification,tell my bank's fraud department i'm going to mexico,clinc,,[SL: travel_notification],test
travel_notification,please notify my bank i'm going to africa between tomorrow and next tuesday,clinc,,[SL: travel_notification],test
travel_notification,tell my bank i'm in canada the entire week of the 6th to the 13th,clinc,,[SL: travel_notification],test
travel_notification,inform my bank i'm seeing italy,clinc,,[SL: travel_notification],test
travel_notification,can you notify my bank that i will be traveling to mexico between march 1st and 15th,clinc,,[SL: travel_notification],test
travel_notification,please let my bank know that i will be visiting spain from june 12th to the 24th,clinc,,[SL: travel_notification],test
travel_notification,i need you to make my bank aware that i will be visiting taiwan from the 22nd of february until the 3rd of march,clinc,,[SL: travel_notification],test
travel_notification,send a notification to my bank of my travel dates from february 19th to 26th to peru,clinc,,[SL: travel_notification],test
travel_notification,alert my bank of my travel to dubai for the dates april 14th through april 22nd,clinc,,[SL: travel_notification],test
travel_notification,"from sunday to wednesday, i will be in oakland, so should i call my bank to let them know",clinc,,[SL: travel_notification],test
travel_notification,my bank needs to know about my traveling to georgia in europe,clinc,,[SL: travel_notification],test
travel_notification,must call my bank about my travel plans,clinc,,[SL: travel_notification],test
travel_notification,contact bank and let them know about my travel plans,clinc,,[SL: travel_notification],test
travel_suggestion,what are some interesting things i can do while in raleigh,clinc,,[SL: travel_suggestion],test
travel_suggestion,can you help me pick some fun things to do in london during my trip,clinc,,[SL: travel_suggestion],test
travel_suggestion,"help me plan my traveling itinerary for my trip to madrid, i want to see lots of sights!",clinc,,[SL: travel_suggestion],test
travel_suggestion,help me pick a new location to travel to,clinc,,[SL: travel_suggestion],test
travel_suggestion,can you do some research about the best places to travel,clinc,,[SL: travel_suggestion],test
travel_suggestion,tell me some fun activities to do in oklahoma city,clinc,,[SL: travel_suggestion],test
travel_suggestion,what are some popular tourist activities in mexico city,clinc,,[SL: travel_suggestion],test
travel_suggestion,i am itching to travel but don't know where to go,clinc,,[SL: travel_suggestion],test
travel_suggestion,give me some recommendations of good tourist attractions in montreal,clinc,,[SL: travel_suggestion],test
travel_suggestion,tell me some fun tourist attractions in london,clinc,,[SL: travel_suggestion],test
travel_suggestion,give me some ideas of what to do during my trip to dallas,clinc,,[SL: travel_suggestion],test
travel_suggestion,find out the best tourist attractions to visit in moscow,clinc,,[SL: travel_suggestion],test
travel_suggestion,i want some suggestions for tourist activities in dublin,clinc,,[SL: travel_suggestion],test
travel_suggestion,i am traveling to paris soon and would like some suggestions of what to do and see,clinc,,[SL: travel_suggestion],test
travel_suggestion,what are some local attractions in portland,clinc,,[SL: travel_suggestion],test
travel_suggestion,what sorts of activities should i get up to while i am in dublin,clinc,,[SL: travel_suggestion],test
travel_suggestion,i want to explore a new place but don't know where i should go do you have any ideas,clinc,,[SL: travel_suggestion],test
travel_suggestion,please give me some ideas of fun tourist activities to do while i am in paris,clinc,,[SL: travel_suggestion],test
travel_suggestion,can you throw out some suggestions to me of places to travel to,clinc,,[SL: travel_suggestion],test
travel_suggestion,suggest some things for me to do while i am in los angeles,clinc,,[SL: travel_suggestion],test
travel_suggestion,let me know some things to do in phoenix,clinc,,[SL: travel_suggestion],test
travel_suggestion,let me know some things i can do in dallas,clinc,,[SL: travel_suggestion],test
travel_suggestion,i wanna know some things to do in phoenix,clinc,,[SL: travel_suggestion],test
travel_suggestion,i would like to do some things in phoenix,clinc,,[SL: travel_suggestion],test
travel_suggestion,tell me some things to do in phoenix,clinc,,[SL: travel_suggestion],test
travel_suggestion,what are some fun silly things to do in new jersey,clinc,,[SL: travel_suggestion],test
travel_suggestion,what are some cool tourist attractions in england,clinc,,[SL: travel_suggestion],test
travel_suggestion,what are some fun local experiences in canada,clinc,,[SL: travel_suggestion],test
travel_suggestion,what are some fun tourist things to do in mumbai,clinc,,[SL: travel_suggestion],test
travel_suggestion,what are some fun cheap activities to do in colorado,clinc,,[SL: travel_suggestion],test
update_playlist,add to my motivational playlist rap god,clinc,,[SL: update_playlist],test
update_playlist,include rap god on the motivational playlist,clinc,,[SL: update_playlist],test
update_playlist,move rap god to my motivational playlist,clinc,,[SL: update_playlist],test
update_playlist,in my motivational playlist include the song rap god,clinc,,[SL: update_playlist],test
update_playlist,add the song rap god to the motivational playlist,clinc,,[SL: update_playlist],test
update_playlist,i need this song on my meditation playlist,clinc,,[SL: update_playlist],test
update_playlist,i want the current song added to my pregame playlist,clinc,,[SL: update_playlist],test
update_playlist,please put this song on my studying playlist,clinc,,[SL: update_playlist],test
update_playlist,please throw this song onto my cleaning playlist,clinc,,[SL: update_playlist],test
update_playlist,i would like the song playing right now put on my driving playlist,clinc,,[SL: update_playlist],test
update_playlist,i want this song on my pregame playlist,clinc,,[SL: update_playlist],test
update_playlist,please add this song to my study playlist,clinc,,[SL: update_playlist],test
update_playlist,can you add this song to my driving playlist,clinc,,[SL: update_playlist],test
update_playlist,will you be sure to add this current song to my sleep playlist,clinc,,[SL: update_playlist],test
update_playlist,please add the song i'm listening to right now to my relaxation playlist,clinc,,[SL: update_playlist],test
update_playlist,add this to my rock playlist,clinc,,[SL: update_playlist],test
update_playlist,add what im listening to to my rock playlist,clinc,,[SL: update_playlist],test
update_playlist,i want to put this on my rock playlist,clinc,,[SL: update_playlist],test
update_playlist,add current song to rock playlist,clinc,,[SL: update_playlist],test
update_playlist,add this song to my rock playlist,clinc,,[SL: update_playlist],test
update_playlist,please add this song to my country music playlist,clinc,,[SL: update_playlist],test
update_playlist,i am asking you to add this song to my country music playlist,clinc,,[SL: update_playlist],test
update_playlist,help me add this song to my country music playlist,clinc,,[SL: update_playlist],test
update_playlist,can you add this song to my country music playlist,clinc,,[SL: update_playlist],test
update_playlist,this song needs to be added to my country music playlist,clinc,,[SL: update_playlist],test
update_playlist,this song i'm listening to would be great on my commute playlist,clinc,,[SL: update_playlist],test
update_playlist,i need this song on my jam playlist,clinc,,[SL: update_playlist],test
update_playlist,i want what i'm listening to to be added to my chill playlist,clinc,,[SL: update_playlist],test
update_playlist,i need what i'm listening to right now to be put on my exercise playlist,clinc,,[SL: update_playlist],test
update_playlist,put what i'm listening to on my workout playlist,clinc,,[SL: update_playlist],test
weather,what is the weather,clinc,,[SL: weather],test
weather,current weather,clinc,,[SL: weather],test
weather,tell me the weather,clinc,,[SL: weather],test
weather,what's the weather like today,clinc,,[SL: weather],test
weather,what is the weather like,clinc,,[SL: weather],test
weather,show me what the weather is like,clinc,,[SL: weather],test
weather,let's take a look at the weather,clinc,,[SL: weather],test
weather,how is the weather looking in seattle,clinc,,[SL: weather],test
weather,how's the weather in seattle,clinc,,[SL: weather],test
weather,what is the state of the weather in seattle,clinc,,[SL: weather],test
weather,what is the weather forecast looking like for seattle,clinc,,[SL: weather],test
weather,what are the weather conditions like in seattle,clinc,,[SL: weather],test
weather,what is the weather doing now,clinc,,[SL: weather],test
weather,what kind of weather can i expect now,clinc,,[SL: weather],test
weather,tell me what the weather is looking like,clinc,,[SL: weather],test
weather,how is the weather,clinc,,[SL: weather],test
weather,can you tell me the weather forecast,clinc,,[SL: weather],test
weather,could you tell me what the weather is in austin,clinc,,[SL: weather],test
weather,what is the weather doing in austin,clinc,,[SL: weather],test
weather,what about the weather in austin,clinc,,[SL: weather],test
weather,how is the weather in austin,clinc,,[SL: weather],test
weather,what is happening with the weather in austin,clinc,,[SL: weather],test
weather,how is that weather,clinc,,[SL: weather],test
weather,how does the weather feel,clinc,,[SL: weather],test
weather,need to know the weather now,clinc,,[SL: weather],test
weather,give weather update now,clinc,,[SL: weather],test
weather,want to know the weather,clinc,,[SL: weather],test
weather,tell me the weather for today,clinc,,[SL: weather],test
weather,what is the current weather like,clinc,,[SL: weather],test
weather,las vegas weather today,clinc,,[SL: weather],test
