domain,intent,text,spans,logical_form,xtreme-up,source_language
banking,balance,Is there enough Naira in my zenith bank account to buy the latest newspaper?,"15:20:SL:CURRENCY,37:43:SL:BANK_NAME,67:73:SL:SHOPPING_ITEM",[IN:balance [SL:CURRENCY Naira] [SL:BANK_NAME zenith] [SL:SHOPPING_ITEM jarida] ],CURRENCY: Naira $$ BANK_NAME: zenith $$ SHOPPING_ITEM: jarida,hau
banking,balance,There is enough naira in my zenith bank account to buy a new car,"15:20:SL:CURRENCY,37:43:SL:BANK_NAME",[IN:balance [SL:CURRENCY Naira] [SL:BANK_NAME zenith] ],CURRENCY: Naira $$ BANK_NAME: zenith,hau
banking,balance,There is a lot of money in the vacation fund of a pilgrim,,[IN:balance ],,hau
banking,balance,Please tell me if the money in the bank account will be enough to pay the rent?,68:78:SL:BILL_TYPE,[IN:balance [SL:BILL_TYPE kuɗin haya] ],BILL_TYPE: kuɗin haya,hau
banking,balance,Please tell me if the money in the bank account will be enough to pay the rent?,74:84:SL:BILL_TYPE,[IN:balance [SL:BILL_TYPE kuɗin haya] ],BILL_TYPE: kuɗin haya,hau
banking,balance,Tell me the total amount of money in my bank account of GT and union?,"42:44:SL:BANK_NAME,48:53:SL:BANK_NAME",[IN:balance [SL:BANK_NAME GT] [SL:BANK_NAME union] ],BANK_NAME: GT $$ BANK_NAME: union,hau
banking,balance,Tell me if the money in the bank account will be enough to pay the rent?,58:68:SL:BILL_TYPE,[IN:balance [SL:BILL_TYPE kuɗin haya] ],BILL_TYPE: kuɗin haya,hau
banking,balance,Tell me the balance in my bank account if I pay the rent,63:73:SL:BILL_TYPE,[IN:balance [SL:BILL_TYPE kuɗin haya] ],BILL_TYPE: kuɗin haya,hau
banking,balance,I want you to tell me if the money in the bank account will be enough to pay the rent?,68:78:SL:BILL_TYPE,[IN:balance [SL:BILL_TYPE kuɗin haya] ],BILL_TYPE: kuɗin haya,hau
banking,balance,I want you to tell me the balance of the money in the access bank account now,"58:64:SL:BANK_NAME,65:72:SL:TIME",[IN:balance [SL:BANK_NAME access] [SL:TIME a yanzu] ],BANK_NAME: access $$ TIME: a yanzu,hau
banking,balance,Do you know the total amount of money in my bank account?,,[IN:balance ],,hau
banking,balance,Tell me if the money in the bank account will be enough to pay the rent?,60:70:SL:BILL_TYPE,[IN:balance [SL:BILL_TYPE kuɗin haya] ],BILL_TYPE: kuɗin haya,hau
banking,balance,What is the total amount of money in my Fidelity and UBA bank accounts?,"45:53:SL:BANK_NAME,57:60:SL:BANK_NAME",[IN:balance [SL:BANK_NAME Fidelity] [SL:BANK_NAME UBA] ],BANK_NAME: Fidelity $$ BANK_NAME: UBA,hau
banking,balance,What is the total amount of money in the Taj's bank account?,"5:9:SL:PERSONAL_NAME,56:59:SL:BANK_NAME",[IN:balance [SL:PERSONAL_NAME Musa] [SL:BANK_NAME Taj] ],PERSONAL_NAME: Musa $$ BANK_NAME: Taj,hau
banking,balance,How much money is in Zenith's bank account?,44:50:SL:BANK_NAME,[IN:balance [SL:BANK_NAME Zenith] ],BANK_NAME: Zenith,hau
banking,balance,Can you tell me if the money in the bank account will be enough to pay the rent?,67:77:SL:BILL_TYPE,[IN:balance [SL:BILL_TYPE kuɗin haya] ],BILL_TYPE: kuɗin haya,hau
banking,balance,There is enough money in my zenith bank account to buy a new bag,"36:42:SL:BANK_NAME,66:70:SL:SHOPPING_ITEM",[IN:balance [SL:BANK_NAME zenith] [SL:SHOPPING_ITEM jaka] ],BANK_NAME: zenith $$ SHOPPING_ITEM: jaka,hau
banking,balance,There is enough Naira in my zenith bank account to buy a new purse,"15:20:SL:CURRENCY,37:43:SL:BANK_NAME,67:71:SL:SHOPPING_ITEM",[IN:balance [SL:CURRENCY Naira] [SL:BANK_NAME zenith] [SL:SHOPPING_ITEM jaka] ],CURRENCY: Naira $$ BANK_NAME: zenith $$ SHOPPING_ITEM: jaka,hau
banking,balance,There is a lot of money in the vacation account,,[IN:balance ],,hau
banking,balance,Check if there is enough money in my zenith bank account to buy a new bag,"48:54:SL:BANK_NAME,78:82:SL:SHOPPING_ITEM",[IN:balance [SL:BANK_NAME zenith] [SL:SHOPPING_ITEM jaka] ],BANK_NAME: zenith $$ SHOPPING_ITEM: jaka,hau
banking,balance,How much naira is left in my Diamond bank account?,"0:5:SL:CURRENCY,47:54:SL:BANK_NAME",[IN:balance [SL:CURRENCY naira] [SL:BANK_NAME Diamond] ],CURRENCY: naira $$ BANK_NAME: Diamond,hau
banking,balance,Check how much money is in my bank account in Jaiz?,50:54:SL:BANK_NAME,[IN:balance [SL:BANK_NAME Jaiz] ],BANK_NAME: Jaiz,hau
banking,balance,how can I check the balance in my GT bank account?,65:67:SL:BANK_NAME,[IN:balance [SL:BANK_NAME GT] ],BANK_NAME: GT,hau
banking,balance,Dear God can you tell me the balance of the money in my bank account right now,72:79:SL:TIME,[IN:balance [SL:TIME a yanzu] ],TIME: a yanzu,hau
banking,balance,Tell me the total amount in my union bank account?,42:47:SL:BANK_NAME,[IN:balance [SL:BANK_NAME union] ],BANK_NAME: union,hau
banking,balance,How much money is left in my Zenith bank account?,39:45:SL:BANK_NAME,[IN:balance [SL:BANK_NAME Zenith] ],BANK_NAME: Zenith,hau
banking,balance,tell me if there is enough money in my UBA bank account to buy new shoes,"48:51:SL:BANK_NAME,73:80:SL:SHOPPING_ITEM",[IN:balance [SL:BANK_NAME UBA] [SL:SHOPPING_ITEM takalmi] ],BANK_NAME: UBA $$ SHOPPING_ITEM: takalmi,hau
banking,balance,tell me if there is enough money in my UBA bank account to buy a new bag,"48:51:SL:BANK_NAME,75:79:SL:SHOPPING_ITEM",[IN:balance [SL:BANK_NAME UBA] [SL:SHOPPING_ITEM jaka] ],BANK_NAME: UBA $$ SHOPPING_ITEM: jaka,hau
banking,balance,How much money is left in the mosque's treasury?,8:13:SL:CURRENCY,[IN:balance [SL:CURRENCY naira] ],CURRENCY: naira,hau
banking,balance,God's man you can check me if there is enough money in the account for a vacation,,[IN:balance ],,hau
banking,balance,Do you know the total amount of money in my bank account of GT?,40:42:SL:BANK_NAME,[IN:balance [SL:BANK_NAME GT] ],BANK_NAME: GT,hau
banking,balance,How much is there in Zenith's bank account?,"8:13:SL:CURRENCY,43:49:SL:BANK_NAME",[IN:balance [SL:CURRENCY naira] [SL:BANK_NAME Zenith] ],CURRENCY: naira $$ BANK_NAME: Zenith,hau
banking,balance,Check if there is enough money in the traveler's account,,[IN:balance ],,hau
banking,balance,Check how much I have in my bank account Gt,54:56:SL:BANK_NAME,[IN:balance [SL:BANK_NAME Gt] ],BANK_NAME: Gt,hau
banking,balance,Tell me the balance in my bank account now,50:57:SL:TIME,[IN:balance [SL:TIME a yanzu] ],TIME: a yanzu,hau
banking,balance,Tell me how much I have in my Gt bank account?,"9:14:SL:CURRENCY,60:62:SL:BANK_NAME",[IN:balance [SL:CURRENCY naira] [SL:BANK_NAME Gt] ],CURRENCY: naira $$ BANK_NAME: Gt,hau
banking,balance,Tell me how much I have in my Gt bank account?,54:56:SL:BANK_NAME,[IN:balance [SL:BANK_NAME Gt] ],BANK_NAME: Gt,hau
banking,balance,Tell me the balance of the money in my bank account now,50:57:SL:TIME,[IN:balance [SL:TIME a yanzu] ],TIME: a yanzu,hau
banking,balance,What is the total amount of money in my Fidelity bank account?,45:53:SL:BANK_NAME,[IN:balance [SL:BANK_NAME Fidelity] ],BANK_NAME: Fidelity,hau
banking,balance,how can I check the remaining money in my savings account?,,[IN:balance ],,hau
banking,balance,I want you to tell me the balance of the money in my bank account right now,60:67:SL:TIME,[IN:balance [SL:TIME a yanzu] ],TIME: a yanzu,hau
banking,balance,How do I check the total amount in my Taj bank account?,47:50:SL:BANK_NAME,[IN:balance [SL:BANK_NAME Taj] ],BANK_NAME: Taj,hau
banking,balance,How do I know that the money I sent you has not gone into your bank account?,,[IN:balance ],,hau
banking,balance,How many naira do I have in my Gt bank account?,"6:11:SL:CURRENCY,57:59:SL:BANK_NAME",[IN:balance [SL:CURRENCY naira] [SL:BANK_NAME Gt] ],CURRENCY: naira $$ BANK_NAME: Gt,hau
banking,balance,How much do I have in my Gt bank account?,51:53:SL:BANK_NAME,[IN:balance [SL:BANK_NAME Gt] ],BANK_NAME: Gt,hau
banking,balance,Or can you tell me the balance of the money in my bank account right now,62:69:SL:TIME,[IN:balance [SL:TIME a yanzu] ],TIME: a yanzu,hau
banking,balance,Or can you tell me the balance of the money in my bank account right now,62:69:SL:TIME,[IN:balance [SL:TIME a yanzu] ],TIME: a yanzu,hau
banking,balance,Can you tell me the total amount in my Zenith bank account?,54:60:SL:BANK_NAME,[IN:balance [SL:BANK_NAME Zenith] ],BANK_NAME: Zenith,hau
banking,balance,what is the easiest way to check the money in the bank account of GT bank?,72:74:SL:BANK_NAME,[IN:balance [SL:BANK_NAME GT] ],BANK_NAME: GT,hau
banking,balance,what do i have in my bank account now,33:40:SL:TIME,[IN:balance [SL:TIME a yanzu] ],TIME: a yanzu,hau
banking,balance,what is the total amount of money in my Fidelity bank account?,40:48:SL:BANK_NAME,[IN:balance [SL:BANK_NAME Fidelity] ],BANK_NAME: Fidelity,hau
banking,balance,what is the total amount of money in my bank account in Jaiz?,40:44:SL:BANK_NAME,[IN:balance [SL:BANK_NAME Jaiz] ],BANK_NAME: Jaiz,hau
banking,balance,what is the total amount of money in Taj's bank account?,40:43:SL:BANK_NAME,[IN:balance [SL:BANK_NAME Taj] ],BANK_NAME: Taj,hau
banking,balance,what is the total amount of money in Zenith's bank account?,40:46:SL:BANK_NAME,[IN:balance [SL:BANK_NAME Zenith] ],BANK_NAME: Zenith,hau
banking,balance,what is the total account balance in my current bank account?,46:53:SL:TIME,[IN:balance [SL:TIME a yanzu] ],TIME: a yanzu,hau
banking,balance,How much do I have in my Gt bank account?,"0:5:SL:CURRENCY,51:53:SL:BANK_NAME",[IN:balance [SL:CURRENCY Naira] [SL:BANK_NAME Gt] ],CURRENCY: Naira $$ BANK_NAME: Gt,hau
banking,balance,How much money is left in my bank account right now?,"0:5:SL:CURRENCY,55:62:SL:TIME",[IN:balance [SL:CURRENCY Naira] [SL:TIME a yanzu] ],CURRENCY: Naira $$ TIME: a yanzu,hau
banking,balance,How much do I have in my Gt bank account?,45:47:SL:BANK_NAME,[IN:balance [SL:BANK_NAME Gt] ],BANK_NAME: Gt,hau
banking,balance,how much money I have in my bank account,,[IN:balance ],,hau
banking,balance,how much money is left in my bank account now?,49:56:SL:TIME,[IN:balance [SL:TIME a yanzu] ],TIME: a yanzu,hau
banking,balance,is there enough naira in my access bank account to buy a new purse,"20:25:SL:CURRENCY,42:48:SL:BANK_NAME,72:76:SL:SHOPPING_ITEM",[IN:balance [SL:CURRENCY Naira] [SL:BANK_NAME Access] [SL:SHOPPING_ITEM jaka] ],CURRENCY: Naira $$ BANK_NAME: Access $$ SHOPPING_ITEM: jaka,hau
banking,balance,is there enough naira in my zenith bank account to buy a new bag,"20:25:SL:CURRENCY,42:48:SL:BANK_NAME,72:76:SL:SHOPPING_ITEM",[IN:balance [SL:CURRENCY Naira] [SL:BANK_NAME zenith] [SL:SHOPPING_ITEM jaka] ],CURRENCY: Naira $$ BANK_NAME: zenith $$ SHOPPING_ITEM: jaka,hau
banking,balance,Is there money in the traveler's savings account,,[IN:balance ],,hau
banking,balance,Is there a lot of money in the traveler's savings account,,[IN:balance ],,hau
banking,balance,Do I have enough money in my Access bank account to buy this watch?,"47:53:SL:BANK_NAME,73:78:SL:SHOPPING_ITEM",[IN:balance [SL:BANK_NAME Access] [SL:SHOPPING_ITEM agogo] ],BANK_NAME: Access $$ SHOPPING_ITEM: agogo,hau
banking,balance,Do I have enough money in my bank account to buy this watch?,"47:49:SL:BANK_NAME,69:74:SL:SHOPPING_ITEM",[IN:balance [SL:BANK_NAME GT] [SL:SHOPPING_ITEM agogo] ],BANK_NAME: GT $$ SHOPPING_ITEM: agogo,hau
banking,balance,Do I have enough money in my Jaiz bank account to buy this watch?,"47:51:SL:BANK_NAME,71:76:SL:SHOPPING_ITEM",[IN:balance [SL:BANK_NAME Jaiz] [SL:SHOPPING_ITEM agogo] ],BANK_NAME: Jaiz $$ SHOPPING_ITEM: agogo,hau
banking,balance,Do I have enough money in my UBA account to buy this watch?,"47:50:SL:BANK_NAME,70:75:SL:SHOPPING_ITEM",[IN:balance [SL:BANK_NAME UBA] [SL:SHOPPING_ITEM agogo] ],BANK_NAME: UBA $$ SHOPPING_ITEM: agogo,hau
banking,balance,How many Naira do I have in my Gt bank account?,"5:10:SL:CURRENCY,56:58:SL:BANK_NAME",[IN:balance [SL:CURRENCY Naira] [SL:BANK_NAME Gt] ],CURRENCY: Naira $$ BANK_NAME: Gt,hau
banking,balance,how can I check if there is enough money in the traveler's account,,[IN:balance ],,hau
banking,balance,You can check if there is enough money in the traveler's account,,[IN:balance ],,hau
banking,balance,You can tell me the balance of the money in my bank account now,59:66:SL:TIME,[IN:balance [SL:TIME a yanzu] ],TIME: a yanzu,hau
banking,balance,Can I have a hundred thousand in my Diamond account?,"14:23:SL:MONEY,45:52:SL:BANK_NAME",[IN:balance [SL:MONEY dubu dari] [SL:BANK_NAME Diamond] ],MONEY: dubu dari $$ BANK_NAME: Diamond,hau
banking,balance,Tell me how much I have in my Fidelity bank account?,54:62:SL:BANK_NAME,[IN:balance [SL:BANK_NAME Fidelity] ],BANK_NAME: Fidelity,hau
banking,balance,what is the total amount of money in my bank account of GT?,40:42:SL:BANK_NAME,[IN:balance [SL:BANK_NAME GT] ],BANK_NAME: GT,hau
banking,balance,what is the total amount of money in my union bank account?,40:45:SL:BANK_NAME,[IN:balance [SL:BANK_NAME union] ],BANK_NAME: union,hau
banking,balance,Do I have enough money in my Fidelity bank account to buy this watch?,"47:55:SL:BANK_NAME,75:80:SL:SHOPPING_ITEM",[IN:balance [SL:BANK_NAME Fidelity] [SL:SHOPPING_ITEM agogo] ],BANK_NAME: Fidelity $$ SHOPPING_ITEM: agogo,hau
banking,balance,Do I have enough money in my Jaiz bank account to buy this car?,47:51:SL:BANK_NAME,[IN:balance [SL:BANK_NAME Jaiz] ],BANK_NAME: Jaiz,hau
banking,balance,Do I have enough money in my UBA bank account to buy new shoes,"42:45:SL:BANK_NAME,67:74:SL:SHOPPING_ITEM",[IN:balance [SL:BANK_NAME UBA] [SL:SHOPPING_ITEM takalmi] ],BANK_NAME: UBA $$ SHOPPING_ITEM: takalmi,hau
banking,balance,Can you tell me if there is enough money in my UBA bank account to buy new shoes,"57:60:SL:BANK_NAME,82:89:SL:SHOPPING_ITEM",[IN:balance [SL:BANK_NAME UBA] [SL:SHOPPING_ITEM takalmi] ],BANK_NAME: UBA $$ SHOPPING_ITEM: takalmi,hau
banking,bill_balance,How much will I have to pay this month?,"2:14:SL:DATE,33:66:SL:BILL_TYPE",[IN:bill_balance [SL:DATE wannan watan] [SL:BILL_TYPE kuɗin iskar gas da wutar lantarki] ],DATE: wannan watan $$ BILL_TYPE: kuɗin iskar gas da wutar lantarki,hau
banking,bill_balance,Dear God can you tell me how much is my dstv and netflix?,39:60:SL:BILL_TYPE,[IN:bill_balance [SL:BILL_TYPE kuɗin dstv da netflix] ],BILL_TYPE: kuɗin dstv da netflix,hau
banking,bill_balance,Can you see my total electricity bill for this year?,"25:45:SL:BILL_TYPE,49:64:SL:DATE",[IN:bill_balance [SL:BILL_TYPE kuɗin wutar lantarki] [SL:DATE wannan shekarar] ],BILL_TYPE: kuɗin wutar lantarki $$ DATE: wannan shekarar,hau
banking,bill_balance,Check if I have paid the water bill and gotv for this month?,"20:39:SL:BILL_TYPE,43:55:SL:DATE",[IN:bill_balance [SL:BILL_TYPE kuɗin ruwan da gotv] [SL:DATE wannan watan] ],BILL_TYPE: kuɗin ruwan da gotv $$ DATE: wannan watan,hau
banking,bill_balance,What is the total netflix revenue?,22:35:SL:BILL_TYPE,[IN:bill_balance [SL:BILL_TYPE kuɗin netflix] ],BILL_TYPE: kuɗin netflix,hau
banking,bill_balance,How much is the total cost of netflix?,22:35:SL:BILL_TYPE,[IN:bill_balance [SL:BILL_TYPE kuɗin netflix] ],BILL_TYPE: kuɗin netflix,hau
banking,bill_balance,How much should I pay for the dstv?,17:27:SL:BILL_TYPE,[IN:bill_balance [SL:BILL_TYPE kuɗin dstv] ],BILL_TYPE: kuɗin dstv,hau
banking,bill_balance,How much will I have to pay this month?,"7:19:SL:DATE,38:71:SL:BILL_TYPE",[IN:bill_balance [SL:DATE wannan watan] [SL:BILL_TYPE kuɗin iskar gas da wutar lantarki] ],DATE: wannan watan $$ BILL_TYPE: kuɗin iskar gas da wutar lantarki,hau
banking,bill_balance,How much gas will I have to pay this month?,"7:19:SL:DATE,38:53:SL:BILL_TYPE",[IN:bill_balance [SL:DATE wannan watan] [SL:BILL_TYPE kuɗin iskar gas] ],DATE: wannan watan $$ BILL_TYPE: kuɗin iskar gas,hau
banking,bill_balance,How much will I have to pay this month?,"7:19:SL:DATE,38:66:SL:BILL_TYPE",[IN:bill_balance [SL:DATE wannan watan] [SL:BILL_TYPE kuɗin ruwa da wutar lantarki] ],DATE: wannan watan $$ BILL_TYPE: kuɗin ruwa da wutar lantarki,hau
banking,bill_balance,How much is the three-month gas bill?,"13:28:SL:BILL_TYPE,36:44:SL:DATE",[IN:bill_balance [SL:BILL_TYPE kuɗin iskar gas] [SL:DATE wata uku] ],BILL_TYPE: kuɗin iskar gas $$ DATE: wata uku,hau
banking,bill_balance,How much is the store's electricity cost?,13:34:SL:BILL_TYPE,[IN:bill_balance [SL:BILL_TYPE kuɗin wutar lantarkin] ],BILL_TYPE: kuɗin wutar lantarkin,hau
banking,bill_balance,Can you check if I paid for the netflix?,29:42:SL:BILL_TYPE,[IN:bill_balance [SL:BILL_TYPE kuɗin netflix] ],BILL_TYPE: kuɗin netflix,hau
banking,bill_balance,Can you check if I have paid the water bill this month?,"29:39:SL:BILL_TYPE,41:53:SL:DATE",[IN:bill_balance [SL:BILL_TYPE kuɗin ruwa] [SL:DATE wannan watan] ],BILL_TYPE: kuɗin ruwa $$ DATE: wannan watan,hau
banking,bill_balance,Can you check if I have paid my electricity bill this month?,"29:50:SL:BILL_TYPE,51:63:SL:DATE",[IN:bill_balance [SL:BILL_TYPE kuɗin wutar lantarkin] [SL:DATE wannan watan] ],BILL_TYPE: kuɗin wutar lantarkin $$ DATE: wannan watan,hau
banking,bill_balance,Can you tell me how much is the two month gotv?,"29:39:SL:BILL_TYPE,44:53:SL:DATE",[IN:bill_balance [SL:BILL_TYPE kuɗin gotv] [SL:DATE wata biyu] ],BILL_TYPE: kuɗin gotv $$ DATE: wata biyu,hau
banking,bill_balance,Please tell me how much is my dstv fee this month?,"32:42:SL:BILL_TYPE,51:63:SL:DATE",[IN:bill_balance [SL:BILL_TYPE kuɗin dstv] [SL:DATE wannan watan] ],BILL_TYPE: kuɗin dstv $$ DATE: wannan watan,hau
banking,bill_balance,Please tell me how much is my dstv?,32:42:SL:BILL_TYPE,[IN:bill_balance [SL:BILL_TYPE kuɗin dstv] ],BILL_TYPE: kuɗin dstv,hau
banking,bill_balance,Please tell me how much is my gas bill?,32:41:SL:BILL_TYPE,[IN:bill_balance [SL:BILL_TYPE kuɗin gas] ],BILL_TYPE: kuɗin gas,hau
banking,bill_balance,Please tell me how much is my gas bill?,32:41:SL:BILL_TYPE,[IN:bill_balance [SL:BILL_TYPE kuɗin gas] ],BILL_TYPE: kuɗin gas,hau
banking,bill_balance,Please tell me how much is the gas?,32:41:SL:BILL_TYPE,[IN:bill_balance [SL:BILL_TYPE kuɗin gas] ],BILL_TYPE: kuɗin gas,hau
banking,bill_balance,Please tell me how much is my gotv?,32:42:SL:BILL_TYPE,[IN:bill_balance [SL:BILL_TYPE kuɗin gotv] ],BILL_TYPE: kuɗin gotv,hau
banking,bill_balance,Please tell me how much I have to pay this month,"33:43:SL:BILL_TYPE,44:56:SL:DATE",[IN:bill_balance [SL:BILL_TYPE kuɗin ruwa] [SL:DATE wannan watan] ],BILL_TYPE: kuɗin ruwa $$ DATE: wannan watan,hau
banking,bill_balance,God's man tell me how much to charge for gas and water,40:63:SL:BILL_TYPE,[IN:bill_balance [SL:BILL_TYPE kuɗin ruwa da iskar gas] ],BILL_TYPE: kuɗin ruwa da iskar gas,hau
banking,bill_balance,How much is my gas bill?,18:33:SL:BILL_TYPE,[IN:bill_balance [SL:BILL_TYPE kuɗin iskar gas] ],BILL_TYPE: kuɗin iskar gas,hau
banking,bill_balance,My God how much will I pay rent this month,"24:34:SL:BILL_TYPE,35:47:SL:DATE",[IN:bill_balance [SL:BILL_TYPE kuɗin ruwa] [SL:DATE wannan watan] ],BILL_TYPE: kuɗin ruwa $$ DATE: wannan watan,hau
banking,bill_balance,Dear God can you tell me how much is my dstv for this month?,"40:50:SL:BILL_TYPE,59:71:SL:DATE",[IN:bill_balance [SL:BILL_TYPE kuɗin dstv] [SL:DATE wannan watan] ],BILL_TYPE: kuɗin dstv $$ DATE: wannan watan,hau
banking,bill_balance,please let me know how much is my gas bill,32:41:SL:BILL_TYPE,[IN:bill_balance [SL:BILL_TYPE kuɗin gas] ],BILL_TYPE: kuɗin gas,hau
banking,bill_balance,See how much I pay rent this week,"23:33:SL:BILL_TYPE,34:46:SL:DATE",[IN:bill_balance [SL:BILL_TYPE kuɗin ruwa] [SL:DATE wannan satin] ],BILL_TYPE: kuɗin ruwa $$ DATE: wannan satin,hau
banking,bill_balance,See how much I have to pay this month,"23:33:SL:BILL_TYPE,34:46:SL:DATE",[IN:bill_balance [SL:BILL_TYPE kuɗin ruwa] [SL:DATE wannan watan] ],BILL_TYPE: kuɗin ruwa $$ DATE: wannan watan,hau
banking,bill_balance,See how much I have to pay for electricity this month,"23:43:SL:BILL_TYPE,44:56:SL:DATE",[IN:bill_balance [SL:BILL_TYPE kuɗin wutar lantarki] [SL:DATE wannan watan] ],BILL_TYPE: kuɗin wutar lantarki $$ DATE: wannan watan,hau
banking,bill_balance,Tell me how much is my phone bill?,27:37:SL:BILL_TYPE,[IN:bill_balance [SL:BILL_TYPE kuɗin waya] ],BILL_TYPE: kuɗin waya,hau
banking,bill_balance,Tell me how much I will pay rent this month,"23:33:SL:BILL_TYPE,34:46:SL:DATE",[IN:bill_balance [SL:BILL_TYPE kuɗin ruwa] [SL:DATE wannan watan] ],BILL_TYPE: kuɗin ruwa $$ DATE: wannan watan,hau
banking,bill_balance,I want to know how much I will pay rent this month,39:51:SL:DATE,[IN:bill_balance [SL:DATE wannan watan] ],DATE: wannan watan,hau
banking,bill_balance,How much will I pay for rent this month?,"15:25:SL:BILL_TYPE,26:38:SL:DATE",[IN:bill_balance [SL:BILL_TYPE kuɗin ruwa] [SL:DATE wannan watan] ],BILL_TYPE: kuɗin ruwa $$ DATE: wannan watan,hau
banking,bill_balance,How much do I have to pay for the water?,,[IN:bill_balance ],,hau
banking,bill_balance,How much will I have to pay for electricity this week?,"15:35:SL:BILL_TYPE,36:48:SL:DATE",[IN:bill_balance [SL:BILL_TYPE kuɗin wutar lantarki] [SL:DATE wannan satin] ],BILL_TYPE: kuɗin wutar lantarki $$ DATE: wannan satin,hau
banking,bill_balance,How will I pay my electricity bill this month?,"15:35:SL:BILL_TYPE,36:48:SL:DATE",[IN:bill_balance [SL:BILL_TYPE kuɗin wutar lantarki] [SL:DATE wannan watan] ],BILL_TYPE: kuɗin wutar lantarki $$ DATE: wannan watan,hau
banking,bill_balance,How will I pay my electricity bill?,15:35:SL:BILL_TYPE,[IN:bill_balance [SL:BILL_TYPE kuɗin wutar lantarki] ],BILL_TYPE: kuɗin wutar lantarki,hau
banking,bill_balance,What is my total dstv bill for this month?,"23:33:SL:BILL_TYPE,40:52:SL:DATE",[IN:bill_balance [SL:BILL_TYPE kuɗin dstv] [SL:DATE wannan watan] ],BILL_TYPE: kuɗin dstv $$ DATE: wannan watan,hau
banking,bill_balance,What is the total cost of dstv?,23:33:SL:BILL_TYPE,[IN:bill_balance [SL:BILL_TYPE kuɗin dstv] ],BILL_TYPE: kuɗin dstv,hau
banking,bill_balance,What is the total electricity bill for that year?,"23:43:SL:BILL_TYPE,47:62:SL:DATE",[IN:bill_balance [SL:BILL_TYPE kuɗin wutar lantarki] [SL:DATE wannan shekarar] ],BILL_TYPE: kuɗin wutar lantarki $$ DATE: wannan shekarar,hau
banking,bill_balance,By God how much should I pay for water and electricity?,24:52:SL:BILL_TYPE,[IN:bill_balance [SL:BILL_TYPE kuɗin ruwa da wutar lantarki] ],BILL_TYPE: kuɗin ruwa da wutar lantarki,hau
banking,bill_balance,how much will I pay for the lanatrkin?,,[IN:bill_balance ],,hau
banking,bill_balance,By God how much should I pay electricity bill?,24:44:SL:BILL_TYPE,[IN:bill_balance [SL:BILL_TYPE kuɗin wutar lantarki] ],BILL_TYPE: kuɗin wutar lantarki,hau
banking,bill_balance,how much money do I have left to pay for my toilet bill?,"0:5:SL:CURRENCY,33:44:SL:BILL_TYPE",[IN:bill_balance [SL:CURRENCY naira] [SL:BILL_TYPE kudin ruwan] ],CURRENCY: naira $$ BILL_TYPE: kudin ruwan,hau
banking,bill_balance,Tell me how much I will pay for rent.,23:33:SL:BILL_TYPE,[IN:bill_balance [SL:BILL_TYPE kuɗin ruwa] ],BILL_TYPE: kuɗin ruwa,hau
banking,bill_balance,how much is our water bill this month?,"8:18:SL:BILL_TYPE,26:38:SL:DATE",[IN:bill_balance [SL:BILL_TYPE kudin ruwa] [SL:DATE wannan watan] ],BILL_TYPE: kudin ruwa $$ DATE: wannan watan,hau
banking,bill_balance,Tell me how much I will pay for water and electricity.,23:51:SL:BILL_TYPE,[IN:bill_balance [SL:BILL_TYPE kuɗin ruwa da wutar lantarki] ],BILL_TYPE: kuɗin ruwa da wutar lantarki,hau
banking,bill_balance,How much to pay for gas and phone bills,16:36:SL:BILL_TYPE,[IN:bill_balance [SL:BILL_TYPE kuɗin gas da na waya] ],BILL_TYPE: kuɗin gas da na waya,hau
banking,bill_balance,how much is the average monthly water bill?,"8:13:SL:CURRENCY,29:39:SL:BILL_TYPE",[IN:bill_balance [SL:CURRENCY naira] [SL:BILL_TYPE kudin ruwa] ],CURRENCY: naira $$ BILL_TYPE: kudin ruwa,hau
banking,bill_balance,How much is the total water bill this week,"34:38:SL:DISH_OR_FOOD,39:51:SL:DATE",[IN:bill_balance [SL:DISH_OR_FOOD ruwa] [SL:DATE wannan satin] ],DISH_OR_FOOD: ruwa $$ DATE: wannan satin,hau
banking,bill_balance,How much is the total water bill this month,39:51:SL:DATE,[IN:bill_balance [SL:DATE wannan watan] ],DATE: wannan watan,hau
banking,bill_balance,How much is the total cost of water?,34:38:SL:DISH_OR_FOOD,[IN:bill_balance [SL:DISH_OR_FOOD ruwa] ],DISH_OR_FOOD: ruwa,hau
banking,bill_balance,How much is my total electricity bill this month,49:61:SL:DATE,[IN:bill_balance [SL:DATE wannan watan] ],DATE: wannan watan,hau
banking,bill_balance,How much will I pay rent this week,"14:24:SL:BILL_TYPE,25:37:SL:DATE",[IN:bill_balance [SL:BILL_TYPE kuɗin ruwa] [SL:DATE wannan satin] ],BILL_TYPE: kuɗin ruwa $$ DATE: wannan satin,hau
banking,bill_balance,How much will I pay rent this month,"14:24:SL:BILL_TYPE,25:37:SL:DATE",[IN:bill_balance [SL:BILL_TYPE kuɗin ruwa] [SL:DATE wannan watan] ],BILL_TYPE: kuɗin ruwa $$ DATE: wannan watan,hau
banking,bill_balance,How much will I pay for electricity this month,"14:34:SL:BILL_TYPE,35:47:SL:DATE",[IN:bill_balance [SL:BILL_TYPE kuɗin wutar lantarki] [SL:DATE wannan watan] ],BILL_TYPE: kuɗin wutar lantarki $$ DATE: wannan watan,hau
banking,bill_balance,let me know how much I will need to spend on bills,,[IN:bill_balance ],,hau
banking,bill_balance,How much do I owe for gas?,16:31:SL:BILL_TYPE,[IN:bill_balance [SL:BILL_TYPE kuɗin iskar gas] ],BILL_TYPE: kuɗin iskar gas,hau
banking,bill_balance,How much is the total cost of my water?,,[IN:bill_balance ],,hau
banking,bill_balance,How much do I owe for gas?,21:36:SL:BILL_TYPE,[IN:bill_balance [SL:BILL_TYPE kuɗin iskar gas] ],BILL_TYPE: kuɗin iskar gas,hau
banking,bill_balance,How much is my current gas bill?,"13:28:SL:BILL_TYPE,34:41:SL:TIME",[IN:bill_balance [SL:BILL_TYPE kuɗin iskar gas] [SL:TIME a yanzu] ],BILL_TYPE: kuɗin iskar gas $$ TIME: a yanzu,hau
banking,bill_balance,How much will I have to pay for rent this week,"19:29:SL:BILL_TYPE,30:42:SL:DATE",[IN:bill_balance [SL:BILL_TYPE kuɗin ruwa] [SL:DATE wannan satin] ],BILL_TYPE: kuɗin ruwa $$ DATE: wannan satin,hau
banking,bill_balance,How much will I have to pay this month,"19:29:SL:BILL_TYPE,30:42:SL:DATE",[IN:bill_balance [SL:BILL_TYPE kuɗin ruwa] [SL:DATE wannan watan] ],BILL_TYPE: kuɗin ruwa $$ DATE: wannan watan,hau
banking,bill_balance,How much will I pay for electricity this month,"19:39:SL:BILL_TYPE,40:52:SL:DATE",[IN:bill_balance [SL:BILL_TYPE kuɗin wutar lantarki] [SL:DATE wannan watan] ],BILL_TYPE: kuɗin wutar lantarki $$ DATE: wannan watan,hau
banking,bill_balance,How much is my total electricity bill?,22:42:SL:BILL_TYPE,[IN:bill_balance [SL:BILL_TYPE kuɗin wutar lantarki] ],BILL_TYPE: kuɗin wutar lantarki,hau
banking,bill_balance,how much is the total cost of electricity?,,[IN:bill_balance ],,hau
banking,bill_balance,You can check how much I pay for the rent,32:42:SL:BILL_TYPE,[IN:bill_balance [SL:BILL_TYPE kuɗin ruwa] ],BILL_TYPE: kuɗin ruwa,hau
banking,bill_balance,You can check how much I pay rent this week,"32:42:SL:BILL_TYPE,43:55:SL:DATE",[IN:bill_balance [SL:BILL_TYPE kuɗin ruwa] [SL:DATE wannan satin] ],BILL_TYPE: kuɗin ruwa $$ DATE: wannan satin,hau
banking,bill_balance,You can check how much I pay rent this month,"32:42:SL:BILL_TYPE,43:55:SL:DATE",[IN:bill_balance [SL:BILL_TYPE kuɗin ruwa] [SL:DATE wannan watan] ],BILL_TYPE: kuɗin ruwa $$ DATE: wannan watan,hau
banking,bill_balance,Can you check how much I have to pay for electricity this month,"32:52:SL:BILL_TYPE,53:65:SL:DATE",[IN:bill_balance [SL:BILL_TYPE kuɗin wutar lantarki] [SL:DATE wannan watan] ],BILL_TYPE: kuɗin wutar lantarki $$ DATE: wannan watan,hau
banking,bill_balance,Dear God can you tell me how much is my dstv?,39:49:SL:BILL_TYPE,[IN:bill_balance [SL:BILL_TYPE kuɗin dstv] ],BILL_TYPE: kuɗin dstv,hau
banking,bill_balance,Do you know the total electricity bill for this year?,"23:43:SL:BILL_TYPE,47:62:SL:DATE",[IN:bill_balance [SL:BILL_TYPE kuɗin wutar lantarki] [SL:DATE wannan shekarar] ],BILL_TYPE: kuɗin wutar lantarki $$ DATE: wannan shekarar,hau
banking,bill_balance,how much will I pay for electricity?,14:34:SL:BILL_TYPE,[IN:bill_balance [SL:BILL_TYPE kudin wutar lantarki] ],BILL_TYPE: kudin wutar lantarki,hau
banking,bill_balance,What is the total electricity bill for this year?,"28:48:SL:BILL_TYPE,52:67:SL:DATE",[IN:bill_balance [SL:BILL_TYPE kuɗin wutar lantarki] [SL:DATE wannan shekarar] ],BILL_TYPE: kuɗin wutar lantarki $$ DATE: wannan shekarar,hau
banking,bill_balance,How much is the gas and electricity bill?,20:53:SL:BILL_TYPE,[IN:bill_balance [SL:BILL_TYPE kuɗin iskar gas da wutar lantarki] ],BILL_TYPE: kuɗin iskar gas da wutar lantarki,hau
banking,bill_balance,How much is the salary now?,31:38:SL:TIME,[IN:bill_balance [SL:TIME a yanzu] ],TIME: a yanzu,hau
banking,bill_balance,How much is the gas?,13:28:SL:BILL_TYPE,[IN:bill_balance [SL:BILL_TYPE kuɗin iskar gas] ],BILL_TYPE: kuɗin iskar gas,hau
banking,bill_balance,how much does MTN charge for mobile phone cards?,,[IN:bill_balance ],,hau
banking,freeze_account,is there a way to block my bank account for zenith,54:60:SL:BANK_NAME,[IN:freeze_account [SL:BANK_NAME zenith] ],BANK_NAME: zenith,hau
banking,freeze_account,suspend any entry and withdrawal of funds from my bank account of GT,64:66:SL:BANK_NAME,[IN:freeze_account [SL:BANK_NAME GT] ],BANK_NAME: GT,hau
banking,freeze_account,"Dear God, suspend my zenith account now","36:42:SL:BANK_NAME,43:50:SL:TIME",[IN:freeze_account [SL:BANK_NAME zenith] [SL:TIME a yanzu] ],BANK_NAME: zenith $$ TIME: a yanzu,hau
banking,freeze_account,"God's son, close my bank account",,[IN:freeze_account ],,hau
banking,freeze_account,tell me how i can block my zenith bank account,48:54:SL:BANK_NAME,[IN:freeze_account [SL:BANK_NAME zenith] ],BANK_NAME: zenith,hau
banking,freeze_account,"I need to close my account, how do I do that?",,[IN:freeze_account ],,hau
banking,freeze_account,you can close my bank account,,[IN:freeze_account ],,hau
banking,freeze_account,can online savings accounts be closed?,,[IN:freeze_account ],,hau
banking,freeze_account,close my GT accounts,16:18:SL:BANK_NAME,[IN:freeze_account [SL:BANK_NAME GT] ],BANK_NAME: GT,hau
banking,freeze_account,is there any way I can close my bank account,,[IN:freeze_account ],,hau
banking,freeze_account,How do I close my bank account,,[IN:freeze_account ],,hau
banking,freeze_account,how can i block my zenith bank account,38:44:SL:BANK_NAME,[IN:freeze_account [SL:BANK_NAME zenith] ],BANK_NAME: zenith,hau
banking,freeze_account,it is possible to close my GT account,31:33:SL:BANK_NAME,[IN:freeze_account [SL:BANK_NAME GT] ],BANK_NAME: GT,hau
banking,freeze_account,is it possible to close my GT A account tomorrow?,"31:33:SL:BANK_NAME,36:40:SL:DATE",[IN:freeze_account [SL:BANK_NAME GT] [SL:DATE gobe] ],BANK_NAME: GT $$ DATE: gobe,hau
banking,freeze_account,"I can block my bank account for the zenith, son of God",33:39:SL:BANK_NAME,[IN:freeze_account [SL:BANK_NAME zenith] ],BANK_NAME: zenith,hau
banking,freeze_account,I can block the zenith bank account,30:36:SL:BANK_NAME,[IN:freeze_account [SL:BANK_NAME zenith] ],BANK_NAME: zenith,hau
banking,freeze_account,there is a way to block my bank account,,[IN:freeze_account ],,hau
banking,freeze_account,there are ways to block my bank account,,[IN:freeze_account ],,hau
banking,freeze_account,Suspend my account now,19:26:SL:TIME,[IN:freeze_account [SL:TIME a yanzu] ],TIME: a yanzu,hau
banking,freeze_account,Suspend my account now son of God,19:26:SL:TIME,[IN:freeze_account [SL:TIME a yanzu] ],TIME: a yanzu,hau
banking,freeze_account,suspend my account immediately,,[IN:freeze_account ],,hau
banking,freeze_account,suspend any entry and withdrawal of funds from my bank account,,[IN:freeze_account ],,hau
banking,freeze_account,God's son stop any entry and withdrawal of money from my bank account,,[IN:freeze_account ],,hau
banking,freeze_account,"God's son, suspend my account",,[IN:freeze_account ],,hau
banking,freeze_account,"God's son, suspend my account now",32:39:SL:TIME,[IN:freeze_account [SL:TIME a yanzu] ],TIME: a yanzu,hau
banking,freeze_account,God's son closed my bank account,,[IN:freeze_account ],,hau
banking,freeze_account,God help you to close my bank account,,[IN:freeze_account ],,hau
banking,freeze_account,I'm suspending my account now,23:30:SL:TIME,[IN:freeze_account [SL:TIME a yanzu] ],TIME: a yanzu,hau
banking,freeze_account,tell me how can i block my bank account,,[IN:freeze_account ],,hau
banking,freeze_account,tell me how to set up my bank account,,[IN:freeze_account ],,hau
banking,freeze_account,"I need to close my GT account, how do I do that?",29:31:SL:BANK_NAME,[IN:freeze_account [SL:BANK_NAME GT] ],BANK_NAME: GT,hau
banking,freeze_account,I want you to block all the entries and exits of my bank account,,[IN:freeze_account ],,hau
banking,freeze_account,I want my account to be locked,,[IN:freeze_account ],,hau
banking,freeze_account,i want you to suspend my account,,[IN:freeze_account ],,hau
banking,freeze_account,I want you to suspend my GT account,33:35:SL:BANK_NAME,[IN:freeze_account [SL:BANK_NAME GT] ],BANK_NAME: GT,hau
banking,freeze_account,i want you to lock my GT account,32:34:SL:BANK_NAME,[IN:freeze_account [SL:BANK_NAME GT] ],BANK_NAME: GT,hau
banking,freeze_account,do you know how i can block my bank account,,[IN:freeze_account ],,hau
banking,freeze_account,You've saved my bank account,,[IN:freeze_account ],,hau
banking,freeze_account,what is your requirement to suspend my account now,40:47:SL:TIME,[IN:freeze_account [SL:TIME a yanzu] ],TIME: a yanzu,hau
banking,freeze_account,close my account,,[IN:freeze_account ],,hau
banking,freeze_account,close my account now,13:20:SL:TIME,[IN:freeze_account [SL:TIME a yanzu] ],TIME: a yanzu,hau
banking,freeze_account,close my accounts son of God,,[IN:freeze_account ],,hau
banking,freeze_account,close my GT account now,"16:18:SL:BANK_NAME,19:26:SL:TIME",[IN:freeze_account [SL:BANK_NAME GT] [SL:TIME a yanzu] ],BANK_NAME: GT $$ TIME: a yanzu,hau
banking,freeze_account,close my accounts immediately,,[IN:freeze_account ],,hau
banking,freeze_account,how do i stop any money from entering and leaving my bank account,,[IN:freeze_account ],,hau
banking,freeze_account,can you stop any money coming and going from my bank account,,[IN:freeze_account ],,hau
banking,freeze_account,How can you keep my bank account,,[IN:freeze_account ],,hau
banking,freeze_account,Help me stop my account now son of god,30:37:SL:TIME,[IN:freeze_account [SL:TIME a yanzu] ],TIME: a yanzu,hau
banking,freeze_account,Help you stop any incoming and outgoing money from my bank account,,[IN:freeze_account ],,hau
banking,freeze_account,Help you to block my bank account,,[IN:freeze_account ],,hau
banking,freeze_account,block my account immediately,,[IN:freeze_account ],,hau
banking,freeze_account,block my account immediately,,[IN:freeze_account ],,hau
banking,freeze_account,Keeping my bank account,,[IN:freeze_account ],,hau
banking,freeze_account,Keeping a bank account for God's people,,[IN:freeze_account ],,hau
banking,freeze_account,Building a future for God's people,38:42:SL:DATE,[IN:freeze_account [SL:DATE gobe] ],DATE: gobe,hau
banking,freeze_account,Keeping my bank account for GT,29:31:SL:BANK_NAME,[IN:freeze_account [SL:BANK_NAME GT] ],BANK_NAME: GT,hau
banking,freeze_account,what procedure should i take to save my bank account,,[IN:freeze_account ],,hau
banking,freeze_account,what steps do i take to stop any money from entering or leaving my bank account,,[IN:freeze_account ],,hau
banking,freeze_account,what steps should i take to save my bank account,,[IN:freeze_account ],,hau
banking,freeze_account,who can block my bank account,,[IN:freeze_account ],,hau
banking,freeze_account,how can i block my bank account,,[IN:freeze_account ],,hau
banking,freeze_account,will you please stop my bank account,,[IN:freeze_account ],,hau
banking,freeze_account,my account may be closed,,[IN:freeze_account ],,hau
banking,freeze_account,is it possible to close my account tomorrow?,28:32:SL:DATE,[IN:freeze_account [SL:DATE gobe] ],DATE: gobe,hau
banking,freeze_account,would it be possible to stop any money entering or leaving my bank account,,[IN:freeze_account ],,hau
banking,freeze_account,you can stop any entry and withdrawal of money from my bank account,,[IN:freeze_account ],,hau
banking,freeze_account,You can close my account,,[IN:freeze_account ],,hau
banking,freeze_account,You can close my GT account,25:27:SL:BANK_NAME,[IN:freeze_account [SL:BANK_NAME GT] ],BANK_NAME: GT,hau
banking,freeze_account,you can stop my bank account,,[IN:freeze_account ],,hau
banking,freeze_account,you will help me to close my account,,[IN:freeze_account ],,hau
banking,freeze_account,can i close my bank account,,[IN:freeze_account ],,hau
banking,freeze_account,"I can block my bank account, son of God",,[IN:freeze_account ],,hau
banking,freeze_account,there are ways to block my GT bank account,56:58:SL:BANK_NAME,[IN:freeze_account [SL:BANK_NAME GT] ],BANK_NAME: GT,hau
banking,freeze_account,You know how I can block my bank account for zenith,46:52:SL:BANK_NAME,[IN:freeze_account [SL:BANK_NAME zenith] ],BANK_NAME: zenith,hau
banking,freeze_account,How do I suspend my account now,36:43:SL:TIME,[IN:freeze_account [SL:TIME a yanzu] ],TIME: a yanzu,hau
banking,freeze_account,How do I terminate my account now,31:38:SL:TIME,[IN:freeze_account [SL:TIME a yanzu] ],TIME: a yanzu,hau
banking,freeze_account,Help me block my bank account for GT,36:38:SL:BANK_NAME,[IN:freeze_account [SL:BANK_NAME GT] ],BANK_NAME: GT,hau
banking,freeze_account,Holding my bank account for the GD son of God tomorrow,"29:31:SL:BANK_NAME,44:48:SL:DATE",[IN:freeze_account [SL:BANK_NAME GT] [SL:DATE gobe] ],BANK_NAME: GT $$ DATE: gobe,hau
banking,freeze_account,who can block my bank account of zenith,38:44:SL:BANK_NAME,[IN:freeze_account [SL:BANK_NAME zenith] ],BANK_NAME: zenith,hau
banking,freeze_account,you can suspend my account now,28:35:SL:TIME,[IN:freeze_account [SL:TIME a yanzu] ],TIME: a yanzu,hau
banking,interest_rate,When did the GT bank start to pay for the water?,22:24:SL:BANK_NAME,[IN:interest_rate [SL:BANK_NAME GT] ],BANK_NAME: GT,hau
banking,interest_rate,Can you see the coin I have just won?,,[IN:interest_rate ],,hau
banking,interest_rate,check the money in the bank account?,,[IN:interest_rate ],,hau
banking,interest_rate,How much did I earn?,,[IN:interest_rate ],,hau
banking,interest_rate,Or can I know how much water I have?,41:56:SL:DATE,[IN:interest_rate [SL:DATE wannan shekarar] ],DATE: wannan shekarar,hau
banking,interest_rate,how much interest would i get from a sterling bank?,47:55:SL:BANK_NAME,[IN:interest_rate [SL:BANK_NAME sterling] ],BANK_NAME: sterling,hau
banking,interest_rate,Is this the place where I check my interest?,,[IN:interest_rate ],,hau
banking,interest_rate,How much did I earn in interest last week?,26:42:SL:DATE,[IN:interest_rate [SL:DATE satin da ya wuce] ],DATE: satin da ya wuce,hau
banking,interest_rate,Did UBA bank account give me the money for this month's water?,"19:22:SL:BANK_NAME,44:56:SL:DATE",[IN:interest_rate [SL:BANK_NAME UBA] [SL:DATE wannan watan] ],BANK_NAME: UBA $$ DATE: wannan watan,hau
banking,interest_rate,Does Access Bank pay for the water?,12:18:SL:BANK_NAME,[IN:interest_rate [SL:BANK_NAME access] ],BANK_NAME: access,hau
banking,interest_rate,Did you know I found the money in the bank account for sterling?,49:57:SL:BANK_NAME,[IN:interest_rate [SL:BANK_NAME sterling] ],BANK_NAME: sterling,hau
banking,interest_rate,Has the money from Taj's bank account arrived?,31:34:SL:BANK_NAME,[IN:interest_rate [SL:BANK_NAME Taj] ],BANK_NAME: Taj,hau
banking,interest_rate,Did the money come?,,[IN:interest_rate ],,hau
banking,interest_rate,Who will let me know when I can see the money I have earned?,,[IN:interest_rate ],,hau
banking,interest_rate,How do I know how much water I have received in two years?,39:51:SL:DATE,[IN:interest_rate [SL:DATE shekara biyu] ],DATE: shekara biyu,hau
banking,interest_rate,Can you check the water bill I found in Zenith's bank account?,57:63:SL:BANK_NAME,[IN:interest_rate [SL:BANK_NAME Zenith] ],BANK_NAME: Zenith,hau
banking,interest_rate,Where did the water money I earned last year go?,35:48:SL:DATE,[IN:interest_rate [SL:DATE shekarar bara] ],DATE: shekarar bara,hau
banking,interest_rate,Where is my water bill from last year?,35:50:SL:DATE,[IN:interest_rate [SL:DATE wannan shekarar] ],DATE: wannan shekarar,hau
banking,interest_rate,How much interest did the bank give me?,7:15:SL:BANK_NAME,[IN:interest_rate [SL:BANK_NAME sterling] ],BANK_NAME: sterling,hau
banking,interest_rate,Do you know the interest rate of the bank?,,[IN:interest_rate ],,hau
banking,interest_rate,Do you know my interest rate from Access bank?,43:49:SL:BANK_NAME,[IN:interest_rate [SL:BANK_NAME Access] ],BANK_NAME: Access,hau
banking,interest_rate,"God's son, do you know my interest rate from UBA and GT bank?","43:46:SL:BANK_NAME,53:55:SL:BANK_NAME",[IN:interest_rate [SL:BANK_NAME UBA] [SL:BANK_NAME GT] ],BANK_NAME: UBA $$ BANK_NAME: GT,hau
banking,interest_rate,Do you know the interest rate of UBA bank?,43:46:SL:BANK_NAME,[IN:interest_rate [SL:BANK_NAME UBA] ],BANK_NAME: UBA,hau
banking,interest_rate,Son of God do you know the interest rate from Zenith bank?,43:49:SL:BANK_NAME,[IN:interest_rate [SL:BANK_NAME Zenith] ],BANK_NAME: Zenith,hau
banking,interest_rate,God damn it can I see my profit from my Diamond bank account?,51:58:SL:BANK_NAME,[IN:interest_rate [SL:BANK_NAME Diamond] ],BANK_NAME: Diamond,hau
banking,interest_rate,"I am projecting interest income, how much will I get?",,[IN:interest_rate ],,hau
banking,interest_rate,I want to know the cost of water from opay?,30:34:SL:BANK_NAME,[IN:interest_rate [SL:BANK_NAME opay] ],BANK_NAME: opay,hau
banking,interest_rate,I want to know your interest rate for the last year?,28:47:SL:DATE,[IN:interest_rate [SL:DATE shekarar da ta wuce] ],DATE: shekarar da ta wuce,hau
banking,interest_rate,Do I want to know how much my rent is?,14:24:SL:BILL_TYPE,[IN:interest_rate [SL:BILL_TYPE kuɗin ruwa] ],BILL_TYPE: kuɗin ruwa,hau
banking,interest_rate,How much interest do I have to pay for two years?,29:41:SL:DATE,[IN:interest_rate [SL:DATE shekara biyu] ],DATE: shekara biyu,hau
banking,interest_rate,How much is my annual rent from Jaiz?,42:46:SL:BANK_NAME,[IN:interest_rate [SL:BANK_NAME Jaiz] ],BANK_NAME: Jaiz,hau
banking,interest_rate,How much money do I make each year?,28:35:SL:DATE,[IN:interest_rate [SL:DATE shekara] ],DATE: shekara,hau
banking,interest_rate,Do you know how much interest I paid on my UBA account last year?,"43:46:SL:BANK_NAME,50:69:SL:DATE",[IN:interest_rate [SL:BANK_NAME UBA] [SL:DATE shekarar da ta wuce] ],BANK_NAME: UBA $$ DATE: shekarar da ta wuce,hau
banking,interest_rate,Or is it that I can see my profit from my Diamond bank account?,55:62:SL:BANK_NAME,[IN:interest_rate [SL:BANK_NAME Diamond] ],BANK_NAME: Diamond,hau
banking,interest_rate,Is the interest rate for Jaiz card too high?,20:24:SL:BANK_NAME,[IN:interest_rate [SL:BANK_NAME Jaiz] ],BANK_NAME: Jaiz,hau
banking,interest_rate,How much water will I get in my Zenith account this year?,"24:39:SL:DATE,49:55:SL:BANK_NAME",[IN:interest_rate [SL:DATE wannan shekarar] [SL:BANK_NAME Zenith] ],DATE: wannan shekarar $$ BANK_NAME: Zenith,hau
banking,interest_rate,What is my current interest rate?,"7:17:SL:BILL_TYPE,21:28:SL:TIME",[IN:interest_rate [SL:BILL_TYPE kuɗin ruwa] [SL:TIME a yanzu] ],BILL_TYPE: kuɗin ruwa $$ TIME: a yanzu,hau
banking,interest_rate,What is the interest rate on my Access bank account for this week?,"40:46:SL:BANK_NAME,50:62:SL:DATE",[IN:interest_rate [SL:BANK_NAME Access] [SL:DATE wannan satin] ],BANK_NAME: Access $$ DATE: wannan satin,hau
banking,interest_rate,What is the interest rate on my Access bank account?,40:46:SL:BANK_NAME,[IN:interest_rate [SL:BANK_NAME Access] ],BANK_NAME: Access,hau
banking,interest_rate,What is the interest rate on my Diamond account?,40:47:SL:BANK_NAME,[IN:interest_rate [SL:BANK_NAME Diamond] ],BANK_NAME: Diamond,hau
banking,interest_rate,What is the interest rate on the GT bank account for that year?,"40:42:SL:BANK_NAME,46:61:SL:DATE",[IN:interest_rate [SL:BANK_NAME GT] [SL:DATE wannan shekarar] ],BANK_NAME: GT $$ DATE: wannan shekarar,hau
banking,interest_rate,What is the interest rate on my bank account?,40:42:SL:BANK_NAME,[IN:interest_rate [SL:BANK_NAME GT] ],BANK_NAME: GT,hau
banking,interest_rate,What is the interest rate on the Jaiz bank account for this year?,"40:44:SL:BANK_NAME,48:63:SL:DATE",[IN:interest_rate [SL:BANK_NAME Jaiz] [SL:DATE wannan shekarar] ],BANK_NAME: Jaiz $$ DATE: wannan shekarar,hau
banking,interest_rate,What is the interest rate on UBA bank accounts?,40:43:SL:BANK_NAME,[IN:interest_rate [SL:BANK_NAME UBA] ],BANK_NAME: UBA,hau
banking,interest_rate,What is the interest for that year?,21:36:SL:DATE,[IN:interest_rate [SL:DATE wannan shekarar] ],DATE: wannan shekarar,hau
banking,interest_rate,What is my interest rate?,7:17:SL:BILL_TYPE,[IN:interest_rate [SL:BILL_TYPE kuɗin ruwa] ],BILL_TYPE: kuɗin ruwa,hau
banking,interest_rate,How much did I earn this week?,30:42:SL:DATE,[IN:interest_rate [SL:DATE wannan satin] ],DATE: wannan satin,hau
banking,interest_rate,How much water will I have in my account this year?,31:46:SL:DATE,[IN:interest_rate [SL:DATE wannan shekarar] ],DATE: wannan shekarar,hau
banking,interest_rate,How much will I be paid this year?,31:46:SL:DATE,[IN:interest_rate [SL:DATE wannan shekarar] ],DATE: wannan shekarar,hau
banking,interest_rate,What is the interest rate on the bank account of the G.T. for the past year?,"40:42:SL:BANK_NAME,46:65:SL:DATE",[IN:interest_rate [SL:BANK_NAME GT] [SL:DATE shekarar da ta wuce] ],BANK_NAME: GT $$ DATE: shekarar da ta wuce,hau
banking,interest_rate,How much is the interest rate if a person borrows one million naira from your bank?,"0:5:SL:CURRENCY,63:75:SL:MONEY",[IN:interest_rate [SL:CURRENCY Naira] [SL:MONEY miliyan daya] ],CURRENCY: Naira $$ MONEY: miliyan daya,hau
banking,interest_rate,Do you know the interest rate of my Diamond bank account?,57:64:SL:BANK_NAME,[IN:interest_rate [SL:BANK_NAME Diamond] ],BANK_NAME: Diamond,hau
banking,interest_rate,Do you know how much interest I have from my bank account?,57:59:SL:BANK_NAME,[IN:interest_rate [SL:BANK_NAME GT] ],BANK_NAME: GT,hau
banking,interest_rate,Do you know the interest rate on my Sterling account?,57:65:SL:BANK_NAME,[IN:interest_rate [SL:BANK_NAME Sterling] ],BANK_NAME: Sterling,hau
banking,interest_rate,Do you know the interest rate on my Taj bank account?,57:60:SL:BANK_NAME,[IN:interest_rate [SL:BANK_NAME Taj] ],BANK_NAME: Taj,hau
banking,interest_rate,Do you know the interest rate on my Zenith bank account?,57:63:SL:BANK_NAME,[IN:interest_rate [SL:BANK_NAME Zenith] ],BANK_NAME: Zenith,hau
banking,interest_rate,Do you know the interest rate of my bank account?,,[IN:interest_rate ],,hau
banking,interest_rate,Do I have a better income this year than last?,"28:43:SL:DATE,52:56:SL:DATE",[IN:interest_rate [SL:DATE wannan shekarar] [SL:DATE bara] ],DATE: wannan shekarar $$ DATE: bara,hau
banking,interest_rate,Have I made a lot of money this year?,28:43:SL:DATE,[IN:interest_rate [SL:DATE wannan shekarar] ],DATE: wannan shekarar,hau
banking,interest_rate,Can you tell me my interest rate from the beginning of the year?,42:56:SL:DATE,[IN:interest_rate [SL:DATE farkon shekara] ],DATE: farkon shekara,hau
banking,interest_rate,How to withdraw interest from First bank account?,41:51:SL:BANK_NAME,[IN:interest_rate [SL:BANK_NAME First bank] ],BANK_NAME: First bank,hau
banking,interest_rate,How do you withdraw interest from a sterling bank account?,41:49:SL:BANK_NAME,[IN:interest_rate [SL:BANK_NAME sterling] ],BANK_NAME: sterling,hau
banking,interest_rate,How did the interest get withdrawn from Zenith's bank account?,41:47:SL:BANK_NAME,[IN:interest_rate [SL:BANK_NAME Zenith] ],BANK_NAME: Zenith,hau
banking,interest_rate,HOW much interest do I owe my father?,0:3:SL:BANK_NAME,[IN:interest_rate [SL:BANK_NAME UBA] ],BANK_NAME: UBA,hau
banking,interest_rate,How do I know my Access bank account interest rate?,52:58:SL:BANK_NAME,[IN:interest_rate [SL:BANK_NAME Access] ],BANK_NAME: Access,hau
banking,interest_rate,How will I know my three-year interest rate?,31:42:SL:DATE,[IN:interest_rate [SL:DATE shekara uku] ],DATE: shekara uku,hau
banking,interest_rate,How much should I charge?,14:24:SL:BILL_TYPE,[IN:interest_rate [SL:BILL_TYPE kuɗin ruwa] ],BILL_TYPE: kuɗin ruwa,hau
banking,interest_rate,Can you tell me how much water I can get?,,[IN:interest_rate ],,hau
banking,interest_rate,Can I see my profit from my Diamond bank account from the beginning of the year?,"41:48:SL:BANK_NAME,59:73:SL:DATE",[IN:interest_rate [SL:BANK_NAME Diamond] [SL:DATE farkon shekara] ],BANK_NAME: Diamond $$ DATE: farkon shekara,hau
banking,interest_rate,Can I see my profit from my Diamond bank account?,41:48:SL:BANK_NAME,[IN:interest_rate [SL:BANK_NAME Diamond] ],BANK_NAME: Diamond,hau
banking,interest_rate,Can I see my profit from my opay bank account?,41:45:SL:BANK_NAME,[IN:interest_rate [SL:BANK_NAME opay] ],BANK_NAME: opay,hau
banking,interest_rate,Can I see a profit this year?,22:37:SL:DATE,[IN:interest_rate [SL:DATE wannan shekarar] ],DATE: wannan shekarar,hau
banking,interest_rate,Jaiz Bank is offering interest rate?,7:11:SL:BANK_NAME,[IN:interest_rate [SL:BANK_NAME Jaiz] ],BANK_NAME: Jaiz,hau
banking,interest_rate,How much will Taj Bank pay me interest over three years?,"17:20:SL:BANK_NAME,48:59:SL:DATE",[IN:interest_rate [SL:BANK_NAME Taj] [SL:DATE shekara uku] ],BANK_NAME: Taj $$ DATE: shekara uku,hau
banking,interest_rate,How much is my two-year interest rate and my Access bank account?,"29:41:SL:DATE,59:65:SL:BANK_NAME",[IN:interest_rate [SL:DATE shekara biyu] [SL:BANK_NAME Access] ],DATE: shekara biyu $$ BANK_NAME: Access,hau
banking,interest_rate,how much will I get in interest?,,[IN:interest_rate ],,hau
banking,interest_rate,How much will Jaiz bank pay me?,12:16:SL:BANK_NAME,[IN:interest_rate [SL:BANK_NAME Jaiz] ],BANK_NAME: Jaiz,hau
banking,interest_rate,How much will GT pay me for water?,5:7:SL:BANK_NAME,[IN:interest_rate [SL:BANK_NAME GT] ],BANK_NAME: GT,hau
banking,interest_rate,Is the amount of money I received today worth it?,28:33:SL:DATE,[IN:interest_rate [SL:DATE a yau] ],DATE: a yau,hau
banking,interest_rate,Can you check the water bill I found?,,[IN:interest_rate ],,hau
banking,min_payment,Is there a minimum amount that I can pay?,,[IN:min_payment ],,hau
banking,min_payment,Can the minimum wage be paid?,,[IN:min_payment ],,hau
banking,min_payment,"I want to pay the lowest rent for this house, can I?",29:39:SL:BILL_TYPE,[IN:min_payment [SL:BILL_TYPE kuɗin gida] ],BILL_TYPE: kuɗin gida,hau
banking,min_payment,Do I want to know the minimum amount I can pay with my credit card?,,[IN:min_payment ],,hau
banking,min_payment,I would like to know the minimum electricity bill?,28:48:SL:BILL_TYPE,[IN:min_payment [SL:BILL_TYPE kuɗin wutar lantarki] ],BILL_TYPE: kuɗin wutar lantarki,hau
banking,min_payment,Or do you know the minimum amount I can pay?,,[IN:min_payment ],,hau
banking,min_payment,I wanted to keep my rent as low as possible.,"14:24:SL:BILL_TYPE,26:38:SL:DATE",[IN:min_payment [SL:BILL_TYPE kuɗin ruwa] [SL:DATE wannan watan] ],BILL_TYPE: kuɗin ruwa $$ DATE: wannan watan,hau
banking,min_payment,What is the minimum amount of money I should pay?,,[IN:min_payment ],,hau
banking,min_payment,What is the minimum amount I can pay with my credit card?,54:56:SL:BANK_NAME,[IN:min_payment [SL:BANK_NAME GT] ],BANK_NAME: GT,hau
banking,min_payment,What is the minimum rent in Abuja?,"21:31:SL:BILL_TYPE,34:39:SL:CITY_OR_PROVINCE",[IN:min_payment [SL:BILL_TYPE kuɗin gida] [SL:CITY_OR_PROVINCE Abuja] ],BILL_TYPE: kuɗin gida $$ CITY_OR_PROVINCE: Abuja,hau
banking,min_payment,What is the minimum rent in Kano?,"21:31:SL:BILL_TYPE,34:38:SL:CITY_OR_PROVINCE",[IN:min_payment [SL:BILL_TYPE kuɗin haya] [SL:CITY_OR_PROVINCE Kano] ],BILL_TYPE: kuɗin haya $$ CITY_OR_PROVINCE: Kano,hau
banking,min_payment,What is the minimum amount that I should pay this year?,42:57:SL:DATE,[IN:min_payment [SL:DATE wannan shekarar] ],DATE: wannan shekarar,hau
banking,min_payment,What is the minimum price for a computer?,28:35:SL:SHOPPING_ITEM,[IN:min_payment [SL:SHOPPING_ITEM komfuta] ],SHOPPING_ITEM: komfuta,hau
banking,min_payment,How much can I pay the minimum this week?,34:46:SL:DATE,[IN:min_payment [SL:DATE wannan satin] ],DATE: wannan satin,hau
banking,min_payment,Is it the lowest price?,,[IN:min_payment ],,hau
banking,min_payment,What is the minimum amount I can afford?,,[IN:min_payment ],,hau
banking,min_payment,how much will I have to pay as gas bill?,32:47:SL:BILL_TYPE,[IN:min_payment [SL:BILL_TYPE kuɗin iskar gas] ],BILL_TYPE: kuɗin iskar gas,hau
banking,min_payment,Do I have to pay the minimum electricity bill this month?,"31:51:SL:BILL_TYPE,52:64:SL:DATE",[IN:min_payment [SL:BILL_TYPE kuɗin wutar lantarki] [SL:DATE wannan watan] ],BILL_TYPE: kuɗin wutar lantarki $$ DATE: wannan watan,hau
banking,min_payment,What is the minimum amount I should pay for a mobile phone?,54:65:SL:SHOPPING_ITEM,[IN:min_payment [SL:SHOPPING_ITEM wayar hannu] ],SHOPPING_ITEM: wayar hannu,hau
banking,min_payment,the minimum monthly payment,41:45:SL:DATE,[IN:min_payment [SL:DATE wata] ],DATE: wata,hau
banking,min_payment,what is the minimum amount I can open a UBA bank account?,64:67:SL:BANK_NAME,[IN:min_payment [SL:BANK_NAME UBA] ],BANK_NAME: UBA,hau
banking,min_payment,what is the minimum price I should pay for my bike?,43:47:SL:SHOPPING_ITEM,[IN:min_payment [SL:SHOPPING_ITEM keke] ],SHOPPING_ITEM: keke,hau
banking,min_payment,What is the minimum amount of money I can leave in my Sterling bank account?,,[IN:min_payment ],,hau
banking,min_payment,the minimum amount of money I can leave in my bank account,,[IN:min_payment ],,hau
banking,min_payment,specify the minimum amount of money I can send to the bank account of GT,71:73:SL:BANK_NAME,[IN:min_payment [SL:BANK_NAME GT] ],BANK_NAME: GT,hau
banking,min_payment,fall of the lowest rent in Kano,"22:38:SL:BILL_TYPE,53:57:SL:CITY_OR_PROVINCE",[IN:min_payment [SL:BILL_TYPE kuɗin gidan haya] [SL:CITY_OR_PROVINCE Kano] ],BILL_TYPE: kuɗin gidan haya $$ CITY_OR_PROVINCE: Kano,hau
banking,min_payment,the lowest price I could pay,22:32:SL:BILL_TYPE,[IN:min_payment [SL:BILL_TYPE kuɗin wuta] ],BILL_TYPE: kuɗin wuta,hau
banking,min_payment,What is the lowest price I can pay?,22:32:SL:BILL_TYPE,[IN:min_payment [SL:BILL_TYPE kuɗin wuta] ],BILL_TYPE: kuɗin wuta,hau
banking,min_payment,what is the minimum tuition fee?,"8:13:SL:CURRENCY,36:51:SL:BILL_TYPE",[IN:min_payment [SL:CURRENCY naira] [SL:BILL_TYPE kuɗin makaranta] ],CURRENCY: naira $$ BILL_TYPE: kuɗin makaranta,hau
banking,min_payment,What is the minimum amount I can give for the radio?,55:61:SL:SHOPPING_ITEM,[IN:min_payment [SL:SHOPPING_ITEM radiyo] ],SHOPPING_ITEM: radiyo,hau
banking,min_payment,how much is the lowest rent in this town,30:46:SL:BILL_TYPE,[IN:min_payment [SL:BILL_TYPE kudin gidan haya] ],BILL_TYPE: kudin gidan haya,hau
banking,min_payment,tell me the lowest price I can pay for a movie?,23:34:SL:BILL_TYPE,[IN:min_payment [SL:BILL_TYPE kuɗin kallo] ],BILL_TYPE: kuɗin kallo,hau
banking,min_payment,like how much should I give as the minimum price of the fire?,55:65:SL:BILL_TYPE,[IN:min_payment [SL:BILL_TYPE kuɗin wuta] ],BILL_TYPE: kuɗin wuta,hau
banking,min_payment,what happens if I miss the minimum payment this month?,55:67:SL:DATE,[IN:min_payment [SL:DATE wannan watan] ],DATE: wannan watan,hau
banking,min_payment,what is the minimum payment before receiving a mobile phone?,51:62:SL:SHOPPING_ITEM,[IN:min_payment [SL:SHOPPING_ITEM wayar hannu] ],SHOPPING_ITEM: wayar hannu,hau
banking,min_payment,What is the minimum I can afford for the motorcycle?,,[IN:min_payment ],,hau
banking,min_payment,what is the minimum water fee I should pay?,21:31:SL:BILL_TYPE,[IN:min_payment [SL:BILL_TYPE kudin ruwa] ],BILL_TYPE: kudin ruwa,hau
banking,min_payment,what is the minimum electricity bill I should pay?,21:41:SL:BILL_TYPE,[IN:min_payment [SL:BILL_TYPE kudin wutar lantarki] ],BILL_TYPE: kudin wutar lantarki,hau
banking,min_payment,what is the minimum amount of water to be donated in April?,51:64:SL:DATE,[IN:min_payment [SL:DATE watan afirilu] ],DATE: watan afirilu,hau
banking,min_payment,what is the minimum rent in jigawa city?,"21:37:SL:BILL_TYPE,46:52:SL:CITY_OR_PROVINCE",[IN:min_payment [SL:BILL_TYPE kuɗin gidan haya] [SL:CITY_OR_PROVINCE jigawa] ],BILL_TYPE: kuɗin gidan haya $$ CITY_OR_PROVINCE: jigawa,hau
banking,min_payment,what is the minimum amount of money I should pay for medical treatment?,21:33:SL:BILL_TYPE,[IN:min_payment [SL:BILL_TYPE kuɗin magani] ],BILL_TYPE: kuɗin magani,hau
banking,min_payment,what is the minimum tuition fee I should pay for my children?,21:36:SL:BILL_TYPE,[IN:min_payment [SL:BILL_TYPE kuɗin makaranta] ],BILL_TYPE: kuɗin makaranta,hau
banking,min_payment,what is the minimum water bill I can pay this month?,"21:32:SL:BILL_TYPE,51:63:SL:DATE",[IN:min_payment [SL:BILL_TYPE kuɗin ruwan] [SL:DATE wannan watan] ],BILL_TYPE: kuɗin ruwan $$ DATE: wannan watan,hau
banking,min_payment,how much is the minimum interest rate?,0:5:SL:CURRENCY,[IN:min_payment [SL:CURRENCY naira] ],CURRENCY: naira,hau
banking,min_payment,what is the minimum amount I should pay this month?,"0:5:SL:CURRENCY,45:56:SL:DATE",[IN:min_payment [SL:CURRENCY naira] [SL:DATE wannan wata] ],CURRENCY: naira $$ DATE: wannan wata,hau
banking,min_payment,how much should I pay as the minimum electricity bill?,"0:5:SL:CURRENCY,45:55:SL:BILL_TYPE",[IN:min_payment [SL:CURRENCY naira] [SL:BILL_TYPE kuɗin wuta] ],CURRENCY: naira $$ BILL_TYPE: kuɗin wuta,hau
banking,min_payment,how much is paid as minimum electricity bill?,39:49:SL:BILL_TYPE,[IN:min_payment [SL:BILL_TYPE kuɗin wuta] ],BILL_TYPE: kuɗin wuta,hau
banking,min_payment,what is the minimum price for gas?,47:62:SL:BILL_TYPE,[IN:min_payment [SL:BILL_TYPE kuɗin iskar gas] ],BILL_TYPE: kuɗin iskar gas,hau
banking,min_payment,what is the minimum amount I can give before I get the computer?,52:59:SL:SHOPPING_ITEM,[IN:min_payment [SL:SHOPPING_ITEM komfuta] ],SHOPPING_ITEM: komfuta,hau
banking,min_payment,what is the minimum monthly interest payment?,48:58:SL:BILL_TYPE,[IN:min_payment [SL:BILL_TYPE kuɗin ruwa] ],BILL_TYPE: kuɗin ruwa,hau
banking,min_payment,what is the minimum amount I should pay for my car?,,[IN:min_payment ],,hau
banking,min_payment,what is the minimum amount I can pay?,,[IN:min_payment ],,hau
banking,min_payment,what is the minimum water charge?,43:47:SL:DISH_OR_FOOD,[IN:min_payment [SL:DISH_OR_FOOD ruwa] ],DISH_OR_FOOD: ruwa,hau
banking,min_payment,what is the minimum wage I will be paid this month?,46:58:SL:DATE,[IN:min_payment [SL:DATE wannan watan] ],DATE: wannan watan,hau
banking,min_payment,what is the minimum amount that can be withdrawn from UBA bank account?,73:76:SL:BANK_NAME,[IN:min_payment [SL:BANK_NAME UBA] ],BANK_NAME: UBA,hau
banking,min_payment,what is the minimum amount I can withdraw via ATM card?,,[IN:min_payment ],,hau
banking,min_payment,how much is the minimum tuition fee?,22:37:SL:BILL_TYPE,[IN:min_payment [SL:BILL_TYPE kuɗin makaranta] ],BILL_TYPE: kuɗin makaranta,hau
banking,min_payment,what is the minimum monthly electricity bill?,"22:32:SL:BILL_TYPE,45:55:SL:DATE",[IN:min_payment [SL:BILL_TYPE kuɗin wuta] [SL:DATE watan mayu] ],BILL_TYPE: kuɗin wuta $$ DATE: watan mayu,hau
banking,min_payment,how much should I pay as the minimum interest rate?,48:58:SL:BILL_TYPE,[IN:min_payment [SL:BILL_TYPE kuɗin ruwa] ],BILL_TYPE: kuɗin ruwa,hau
banking,min_payment,What is the minimum amount that I can afford to pay for this home?,,[IN:min_payment ],,hau
banking,min_payment,ask me the minimum electricity bill I will pay this month,"26:46:SL:BILL_TYPE,61:73:SL:DATE",[IN:min_payment [SL:BILL_TYPE kuɗin wutar lantarki] [SL:DATE wannan watan] ],BILL_TYPE: kuɗin wutar lantarki $$ DATE: wannan watan,hau
banking,min_payment,how can we determine the minimum wage?,,[IN:min_payment ],,hau
banking,min_payment,how do I know the minimum amount I should leave in my UBA account?,72:75:SL:BANK_NAME,[IN:min_payment [SL:BANK_NAME UBA] ],BANK_NAME: UBA,hau
banking,min_payment,how do i know the minimum price of gas?,33:48:SL:BILL_TYPE,[IN:min_payment [SL:BILL_TYPE kuɗin iskar gas] ],BILL_TYPE: kuɗin iskar gas,hau
banking,min_payment,which is the cheapest computer in this store?,6:15:SL:SHOPPING_ITEM,[IN:min_payment [SL:SHOPPING_ITEM kumfiyuta] ],SHOPPING_ITEM: kumfiyuta,hau
banking,min_payment,how will I know the minimum electricity bill for November?,"25:35:SL:BILL_TYPE,50:63:SL:DATE",[IN:min_payment [SL:BILL_TYPE kuɗin wuta] [SL:DATE watan nuwamba] ],BILL_TYPE: kuɗin wuta $$ DATE: watan nuwamba,hau
banking,min_payment,when will the minimum electricity tariff in Osun start to be paid?,"40:50:SL:BILL_TYPE,53:57:SL:CITY_OR_PROVINCE",[IN:min_payment [SL:BILL_TYPE kuɗin wuta] [SL:CITY_OR_PROVINCE Osun] ],BILL_TYPE: kuɗin wuta $$ CITY_OR_PROVINCE: Osun,hau
banking,min_payment,can I know the minimum amount of the rent I should pay?,49:59:SL:BILL_TYPE,[IN:min_payment [SL:BILL_TYPE kuɗin ruwa] ],BILL_TYPE: kuɗin ruwa,hau
banking,min_payment,can I know the lowest rent in Kano?,"28:38:SL:BILL_TYPE,41:45:SL:CITY_OR_PROVINCE",[IN:min_payment [SL:BILL_TYPE kuɗin haya] [SL:CITY_OR_PROVINCE Kano] ],BILL_TYPE: kuɗin haya $$ CITY_OR_PROVINCE: Kano,hau
banking,min_payment,can I know the minimum price of electricity?,28:39:SL:BILL_TYPE,[IN:min_payment [SL:BILL_TYPE kuɗin wutar] ],BILL_TYPE: kuɗin wutar,hau
banking,min_payment,can I know what is the minimum price for water?,35:45:SL:BILL_TYPE,[IN:min_payment [SL:BILL_TYPE kuɗin ruwa] ],BILL_TYPE: kuɗin ruwa,hau
banking,min_payment,can I skip paying the minimum monthly electricity bill?,"37:47:SL:BILL_TYPE,51:61:SL:DATE",[IN:min_payment [SL:BILL_TYPE kuɗin wuta] [SL:DATE watan mayu] ],BILL_TYPE: kuɗin wuta $$ DATE: watan mayu,hau
banking,min_payment,I was curious to know the cheapest food in Jamila's restaurant.,67:73:SL:PERSONAL_NAME,[IN:min_payment [SL:PERSONAL_NAME Jamila] ],PERSONAL_NAME: Jamila,hau
banking,min_payment,Tell me the minimum amount I can afford to pay for this house.,,[IN:min_payment ],,hau
banking,min_payment,What is the minimum amount I can afford to pay this month?,39:51:SL:DATE,[IN:min_payment [SL:DATE wannan watan] ],DATE: wannan watan,hau
banking,min_payment,What is the minimum amount of money you can borrow?,,[IN:min_payment ],,hau
banking,min_payment,What is the minimum amount I can afford to pay for the car?,,[IN:min_payment ],,hau
banking,min_payment,What is the minimum amount I can withdraw from my credit card?,,[IN:min_payment ],,hau
banking,min_payment,What is the minimum amount I can afford to pay each month?,40:44:SL:DATE,[IN:min_payment [SL:DATE wata] ],DATE: wata,hau
banking,min_payment,Do you know the minimum amount I can pay for electricity?,,[IN:min_payment ],,hau
banking,pay_bill,can you pay me with your credit card?,19:33:SL:BILL_TYPE,[IN:pay_bill [SL:BILL_TYPE kudin lantarki] ],BILL_TYPE: kudin lantarki,hau
banking,pay_bill,God's son paid me my netflix,19:32:SL:BILL_TYPE,[IN:pay_bill [SL:BILL_TYPE kuɗin netflix] ],BILL_TYPE: kuɗin netflix,hau
banking,pay_bill,can I pay my electricity bill through my bank account?,14:28:SL:BILL_TYPE,[IN:pay_bill [SL:BILL_TYPE kudin lantarki] ],BILL_TYPE: kudin lantarki,hau
banking,pay_bill,tell me how to pay my DSTV bill and my bank account,25:35:SL:BILL_TYPE,[IN:pay_bill [SL:BILL_TYPE kuɗin DSTV] ],BILL_TYPE: kuɗin DSTV,hau
banking,pay_bill,tell me how to pay for GoTV,25:35:SL:BILL_TYPE,[IN:pay_bill [SL:BILL_TYPE kuɗin GoTV] ],BILL_TYPE: kuɗin GoTV,hau
banking,pay_bill,tell me how to pay for netflix,25:38:SL:BILL_TYPE,[IN:pay_bill [SL:BILL_TYPE kuɗin netflix] ],BILL_TYPE: kuɗin netflix,hau
banking,pay_bill,I need help to pay my DSTV bill for this month,"30:40:SL:BILL_TYPE,44:56:SL:DATE",[IN:pay_bill [SL:BILL_TYPE kuɗin DSTV] [SL:DATE wannan watan] ],BILL_TYPE: kuɗin DSTV $$ DATE: wannan watan,hau
banking,pay_bill,Mahmud help me with how to pay for DSTV,"0:6:SL:PERSONAL_NAME,40:50:SL:BILL_TYPE",[IN:pay_bill [SL:PERSONAL_NAME Mahmud] [SL:BILL_TYPE kuɗin DSTV] ],PERSONAL_NAME: Mahmud $$ BILL_TYPE: kuɗin DSTV,hau
banking,pay_bill,Mahmud help me with how to pay for netflix,"0:6:SL:PERSONAL_NAME,40:53:SL:BILL_TYPE",[IN:pay_bill [SL:PERSONAL_NAME Mahmud] [SL:BILL_TYPE kuɗin netflix] ],PERSONAL_NAME: Mahmud $$ BILL_TYPE: kuɗin netflix,hau
banking,pay_bill,Show me how to pay for DSTV,24:34:SL:BILL_TYPE,[IN:pay_bill [SL:BILL_TYPE kuɗin DSTV] ],BILL_TYPE: kuɗin DSTV,hau
banking,pay_bill,Show me how to pay for netflix,24:37:SL:BILL_TYPE,[IN:pay_bill [SL:BILL_TYPE kuɗin netflix] ],BILL_TYPE: kuɗin netflix,hau
banking,pay_bill,How can i pay for netflix,17:30:SL:BILL_TYPE,[IN:pay_bill [SL:BILL_TYPE kuɗin netflix] ],BILL_TYPE: kuɗin netflix,hau
banking,pay_bill,use my account to pay me netflix,,[IN:pay_bill ],,hau
banking,pay_bill,use my Fidelity account to pay my electricity bill,"24:32:SL:BANK_NAME,45:59:SL:BILL_TYPE",[IN:pay_bill [SL:BANK_NAME Fidelity] [SL:BILL_TYPE kuɗin lantarki] ],BANK_NAME: Fidelity $$ BILL_TYPE: kuɗin lantarki,hau
banking,pay_bill,use my Fidelity account to pay my interest,"24:32:SL:BANK_NAME,45:55:SL:BILL_TYPE",[IN:pay_bill [SL:BANK_NAME Fidelity] [SL:BILL_TYPE kuɗin ruwa] ],BANK_NAME: Fidelity $$ BILL_TYPE: kuɗin ruwa,hau
banking,pay_bill,you can pay my electricity bill,18:32:SL:BILL_TYPE,[IN:pay_bill [SL:BILL_TYPE kuɗin lantarki] ],BILL_TYPE: kuɗin lantarki,hau
banking,pay_bill,there is a way for me to pay for gas,35:44:SL:BILL_TYPE,[IN:pay_bill [SL:BILL_TYPE kuɗin gas] ],BILL_TYPE: kuɗin gas,hau
banking,pay_bill,there is a way for me to subscribe to GoTV,35:45:SL:BILL_TYPE,[IN:pay_bill [SL:BILL_TYPE kuɗin GoTV] ],BILL_TYPE: kuɗin GoTV,hau
banking,pay_bill,is there a way to pay for my netflix subscription,35:48:SL:BILL_TYPE,[IN:pay_bill [SL:BILL_TYPE kuɗin netflix] ],BILL_TYPE: kuɗin netflix,hau
banking,pay_bill,there is a way to pay for the rent,35:45:SL:BILL_TYPE,[IN:pay_bill [SL:BILL_TYPE kuɗin ruwa] ],BILL_TYPE: kuɗin ruwa,hau
banking,pay_bill,God's Son paid my electric bill,19:33:SL:BILL_TYPE,[IN:pay_bill [SL:BILL_TYPE kuɗin lantarki] ],BILL_TYPE: kuɗin lantarki,hau
banking,pay_bill,Where do you get the electricity bills?,21:36:SL:BILL_TYPE,[IN:pay_bill [SL:BILL_TYPE kudin lantarkin] ],BILL_TYPE: kudin lantarkin,hau
banking,pay_bill,Bello help me with how to pay the rent,"0:5:SL:PERSONAL_NAME,39:49:SL:BILL_TYPE",[IN:pay_bill [SL:PERSONAL_NAME Bello] [SL:BILL_TYPE kuɗin ruwa] ],PERSONAL_NAME: Bello $$ BILL_TYPE: kuɗin ruwa,hau
banking,pay_bill,God's son tell me how to pay for gas,34:43:SL:BILL_TYPE,[IN:pay_bill [SL:BILL_TYPE kuɗin gas] ],BILL_TYPE: kuɗin gas,hau
banking,pay_bill,can I pay my child's school fees with my own bank account?,17:32:SL:BILL_TYPE,[IN:pay_bill [SL:BILL_TYPE kudin makaranta] ],BILL_TYPE: kudin makaranta,hau
banking,pay_bill,God's son paid me my GoTV fee,19:29:SL:BILL_TYPE,[IN:pay_bill [SL:BILL_TYPE kuɗin GoTV] ],BILL_TYPE: kuɗin GoTV,hau
banking,pay_bill,God's son tell me how to pay for GoTV,34:44:SL:BILL_TYPE,[IN:pay_bill [SL:BILL_TYPE kuɗin GoTV] ],BILL_TYPE: kuɗin GoTV,hau
banking,pay_bill,God's son paid my water bill,19:29:SL:BILL_TYPE,[IN:pay_bill [SL:BILL_TYPE kuɗin ruwa] ],BILL_TYPE: kuɗin ruwa,hau
banking,pay_bill,God's son tell me how to pay electricity bill,34:48:SL:BILL_TYPE,[IN:pay_bill [SL:BILL_TYPE kuɗin lantarki] ],BILL_TYPE: kuɗin lantarki,hau
banking,pay_bill,God's son tell me how to pay for netflix,34:47:SL:BILL_TYPE,[IN:pay_bill [SL:BILL_TYPE kuɗin netflix] ],BILL_TYPE: kuɗin netflix,hau
banking,pay_bill,God's son tell me how to pay the rent,34:44:SL:BILL_TYPE,[IN:pay_bill [SL:BILL_TYPE kuɗin ruwa] ],BILL_TYPE: kuɗin ruwa,hau
banking,pay_bill,do you know how to pay interest through the GT bank app?,"23:33:SL:BILL_TYPE,53:55:SL:BANK_NAME",[IN:pay_bill [SL:BILL_TYPE kudin ruwa] [SL:BANK_NAME GT] ],BILL_TYPE: kudin ruwa $$ BANK_NAME: GT,hau
banking,pay_bill,God's people help you pay the rent,29:39:SL:BILL_TYPE,[IN:pay_bill [SL:BILL_TYPE kuɗin ruwa] ],BILL_TYPE: kuɗin ruwa,hau
banking,pay_bill,Please help us to pay electricity bill,34:48:SL:BILL_TYPE,[IN:pay_bill [SL:BILL_TYPE kuɗin lantarki] ],BILL_TYPE: kuɗin lantarki,hau
banking,pay_bill,God help us to pay for netflix,34:47:SL:BILL_TYPE,[IN:pay_bill [SL:BILL_TYPE kuɗin netflix] ],BILL_TYPE: kuɗin netflix,hau
banking,pay_bill,God help us to pay our water bill,34:44:SL:BILL_TYPE,[IN:pay_bill [SL:BILL_TYPE kuɗin ruwa] ],BILL_TYPE: kuɗin ruwa,hau
banking,pay_bill,tell me how to pay for gas,25:34:SL:BILL_TYPE,[IN:pay_bill [SL:BILL_TYPE kuɗin gas] ],BILL_TYPE: kuɗin gas,hau
banking,pay_bill,tell me how to pay for gas and my bank account,25:34:SL:BILL_TYPE,[IN:pay_bill [SL:BILL_TYPE kuɗin gas] ],BILL_TYPE: kuɗin gas,hau
banking,pay_bill,tell me how to pay electricity bill,25:39:SL:BILL_TYPE,[IN:pay_bill [SL:BILL_TYPE kuɗin lantarki] ],BILL_TYPE: kuɗin lantarki,hau
banking,pay_bill,tell me how to pay for the water,25:35:SL:BILL_TYPE,[IN:pay_bill [SL:BILL_TYPE kuɗin ruwa] ],BILL_TYPE: kuɗin ruwa,hau
banking,pay_bill,tell me how to pay my interest and bank account,25:35:SL:BILL_TYPE,[IN:pay_bill [SL:BILL_TYPE kuɗin ruwa] ],BILL_TYPE: kuɗin ruwa,hau
banking,pay_bill,I need help to pay for gas this month,"30:39:SL:BILL_TYPE,43:55:SL:DATE",[IN:pay_bill [SL:BILL_TYPE kuɗin gas] [SL:DATE wannan watan] ],BILL_TYPE: kuɗin gas $$ DATE: wannan watan,hau
banking,pay_bill,i need help to pay my netflix subscription this month,"30:43:SL:BILL_TYPE,47:59:SL:DATE",[IN:pay_bill [SL:BILL_TYPE kuɗin netflix] [SL:DATE wannan watan] ],BILL_TYPE: kuɗin netflix $$ DATE: wannan watan,hau
banking,pay_bill,I need help to pay this month's rent,"30:40:SL:BILL_TYPE,44:56:SL:DATE",[IN:pay_bill [SL:BILL_TYPE kuɗin ruwa] [SL:DATE wannan watan] ],BILL_TYPE: kuɗin ruwa $$ DATE: wannan watan,hau
banking,pay_bill,i need help with netflix subscription for 4 people,"32:45:SL:BILL_TYPE,56:57:SL:NUMBER",[IN:pay_bill [SL:BILL_TYPE kuɗin netflix] [SL:NUMBER 4] ],BILL_TYPE: kuɗin netflix $$ NUMBER: 4,hau
banking,pay_bill,I want you to tell me how to pay for netflix with my bank account,34:47:SL:BILL_TYPE,[IN:pay_bill [SL:BILL_TYPE kuɗin netflix] ],BILL_TYPE: kuɗin netflix,hau
banking,pay_bill,use my account to pay my DSTV bill this month,"35:45:SL:BILL_TYPE,46:58:SL:DATE",[IN:pay_bill [SL:BILL_TYPE kuɗin DSTV] [SL:DATE wannan watan] ],BILL_TYPE: kuɗin DSTV $$ DATE: wannan watan,hau
banking,pay_bill,use my account to pay my netflix subscription this month,"35:48:SL:BILL_TYPE,49:61:SL:DATE",[IN:pay_bill [SL:BILL_TYPE kuɗin netflix] [SL:DATE wannan watan] ],BILL_TYPE: kuɗin netflix $$ DATE: wannan watan,hau
banking,pay_bill,use my account to pay my rent this month,"35:45:SL:BILL_TYPE,46:58:SL:DATE",[IN:pay_bill [SL:BILL_TYPE kuɗin ruwa] [SL:DATE wannan watan] ],BILL_TYPE: kuɗin ruwa $$ DATE: wannan watan,hau
banking,pay_bill,Please help me with how to pay gas bill,"0:4:SL:PERSONAL_NAME,38:47:SL:BILL_TYPE",[IN:pay_bill [SL:PERSONAL_NAME Musa] [SL:BILL_TYPE kuɗin gas] ],PERSONAL_NAME: Musa $$ BILL_TYPE: kuɗin gas,hau
banking,pay_bill,Show me how to pay for gas,24:33:SL:BILL_TYPE,[IN:pay_bill [SL:BILL_TYPE kuɗin gas] ],BILL_TYPE: kuɗin gas,hau
banking,pay_bill,Show me how to pay the rent,24:34:SL:BILL_TYPE,[IN:pay_bill [SL:BILL_TYPE kuɗin ruwa] ],BILL_TYPE: kuɗin ruwa,hau
banking,pay_bill,can you help me pay my rent,,[IN:pay_bill ],,hau
banking,pay_bill,How do I pay for gas?,17:26:SL:BILL_TYPE,[IN:pay_bill [SL:BILL_TYPE kuɗin gas] ],BILL_TYPE: kuɗin gas,hau
banking,pay_bill,How can I subscribe to GoTV,17:27:SL:BILL_TYPE,[IN:pay_bill [SL:BILL_TYPE kuɗin GoTV] ],BILL_TYPE: kuɗin GoTV,hau
banking,pay_bill,How do I pay my electricity bill?,17:31:SL:BILL_TYPE,[IN:pay_bill [SL:BILL_TYPE kuɗin lantarki] ],BILL_TYPE: kuɗin lantarki,hau
banking,pay_bill,How can I pay for my rent?,17:27:SL:BILL_TYPE,[IN:pay_bill [SL:BILL_TYPE kuɗin ruwa] ],BILL_TYPE: kuɗin ruwa,hau
banking,pay_bill,Help me to pay my car bill,20:30:SL:BILL_TYPE,[IN:pay_bill [SL:BILL_TYPE kuɗin mota] ],BILL_TYPE: kuɗin mota,hau
banking,pay_bill,Help me pay for my netflix subscription this month,"20:33:SL:BILL_TYPE,37:48:SL:DATE",[IN:pay_bill [SL:BILL_TYPE kuɗin netflix] [SL:DATE wannan wata] ],BILL_TYPE: kuɗin netflix $$ DATE: wannan wata,hau
banking,pay_bill,use my account to pay our rent,,[IN:pay_bill ],,hau
banking,pay_bill,use my account to pay for my DSTV,33:43:SL:BILL_TYPE,[IN:pay_bill [SL:BILL_TYPE kuɗin DSTV] ],BILL_TYPE: kuɗin DSTV,hau
banking,pay_bill,use my account to pay for netflix,33:46:SL:BILL_TYPE,[IN:pay_bill [SL:BILL_TYPE kuɗin netflix] ],BILL_TYPE: kuɗin netflix,hau
banking,pay_bill,use my account to pay my bills,33:43:SL:BILL_TYPE,[IN:pay_bill [SL:BILL_TYPE kuɗin ruwa] ],BILL_TYPE: kuɗin ruwa,hau
banking,pay_bill,use my account to pay for my electricity,,[IN:pay_bill ],,hau
banking,pay_bill,use my account to pay me my water bill,33:37:SL:DISH_OR_FOOD,[IN:pay_bill [SL:DISH_OR_FOOD ruwa] ],DISH_OR_FOOD: ruwa,hau
banking,pay_bill,use my Fidelity account to pay my DSTV bill,"24:32:SL:BANK_NAME,45:55:SL:BILL_TYPE",[IN:pay_bill [SL:BANK_NAME Fidelity] [SL:BILL_TYPE kuɗin DSTV] ],BANK_NAME: Fidelity $$ BILL_TYPE: kuɗin DSTV,hau
banking,pay_bill,use my Fidelity account to pay for my netflix,"24:32:SL:BANK_NAME,45:58:SL:BILL_TYPE",[IN:pay_bill [SL:BANK_NAME Fidelity] [SL:BILL_TYPE kuɗin netflix] ],BANK_NAME: Fidelity $$ BILL_TYPE: kuɗin netflix,hau
banking,pay_bill,can you help me with netflix subscription,34:47:SL:BILL_TYPE,[IN:pay_bill [SL:BILL_TYPE kuɗin netflix] ],BILL_TYPE: kuɗin netflix,hau
banking,pay_bill,you can pay me for DSTV,18:28:SL:BILL_TYPE,[IN:pay_bill [SL:BILL_TYPE kuɗin DSTV] ],BILL_TYPE: kuɗin DSTV,hau
banking,pay_bill,you can pay me for netflix,18:31:SL:BILL_TYPE,[IN:pay_bill [SL:BILL_TYPE kuɗin netflix] ],BILL_TYPE: kuɗin netflix,hau
banking,pay_bill,you can pay for my water,18:28:SL:BILL_TYPE,[IN:pay_bill [SL:BILL_TYPE kuɗin ruwa] ],BILL_TYPE: kuɗin ruwa,hau
banking,pay_bill,I can pay for gas now,"14:23:SL:BILL_TYPE,24:29:SL:TIME",[IN:pay_bill [SL:BILL_TYPE kuɗin gas] [SL:TIME yanzu] ],BILL_TYPE: kuɗin gas $$ TIME: yanzu,hau
banking,pay_bill,there is a way for me to pay for electricity,35:49:SL:BILL_TYPE,[IN:pay_bill [SL:BILL_TYPE kuɗin lantarki] ],BILL_TYPE: kuɗin lantarki,hau
banking,pay_bill,when should I pay the rent?,29:39:SL:BILL_TYPE,[IN:pay_bill [SL:BILL_TYPE kudin ruwa] ],BILL_TYPE: kudin ruwa,hau
banking,pay_bill,tell me how to pay my electricity bill and my bank account,25:39:SL:BILL_TYPE,[IN:pay_bill [SL:BILL_TYPE kuɗin lantarki] ],BILL_TYPE: kuɗin lantarki,hau
banking,pay_bill,I need help to pay this month's electricity bill,"30:44:SL:BILL_TYPE,48:60:SL:DATE",[IN:pay_bill [SL:BILL_TYPE kuɗin lantarki] [SL:DATE wannan watan] ],BILL_TYPE: kuɗin lantarki $$ DATE: wannan watan,hau
banking,pay_bill,use my account to pay my electricity bill this month,"35:49:SL:BILL_TYPE,50:62:SL:DATE",[IN:pay_bill [SL:BILL_TYPE kuɗin lantarki] [SL:DATE wannan watan] ],BILL_TYPE: kuɗin lantarki $$ DATE: wannan watan,hau
banking,pay_bill,Mahmud help me with how to pay electricity bill,"0:6:SL:PERSONAL_NAME,40:54:SL:BILL_TYPE",[IN:pay_bill [SL:PERSONAL_NAME Mahmud] [SL:BILL_TYPE kuɗin lantarki] ],PERSONAL_NAME: Mahmud $$ BILL_TYPE: kuɗin lantarki,hau
banking,pay_bill,Show me how to pay electricity bills,24:38:SL:BILL_TYPE,[IN:pay_bill [SL:BILL_TYPE kuɗin lantarki] ],BILL_TYPE: kuɗin lantarki,hau
banking,pay_bill,use my account to pay my electricity bill,33:47:SL:BILL_TYPE,[IN:pay_bill [SL:BILL_TYPE kuɗin lantarki] ],BILL_TYPE: kuɗin lantarki,hau
banking,pin_change,are there any numbers that a person needs to use as his ATM card number?,,[IN:pin_change ],,hau
banking,pin_change,change my ATM card number to 1010,45:49:SL:NUMBER,[IN:pin_change [SL:NUMBER 1010] ],NUMBER: 1010,hau
banking,pin_change,or can I change my ATM card password using my mobile phone?,63:74:SL:SHOPPING_ITEM,[IN:pin_change [SL:SHOPPING_ITEM wayar hannu] ],SHOPPING_ITEM: wayar hannu,hau
banking,pin_change,what is required if a person wants to change the password of his bank account?,,[IN:pin_change ],,hau
banking,pin_change,what happens if I change my ATM card password frequently?,,[IN:pin_change ],,hau
banking,pin_change,what happens if I change my bank account number to 1111?,69:73:SL:NUMBER,[IN:pin_change [SL:NUMBER 1111] ],NUMBER: 1111,hau
banking,pin_change,what happens if I enter the PIN of my ATM card by mistake when withdrawing money from POS?,,[IN:pin_change ],,hau
banking,pin_change,can a person use the same password on all his ATM cards?,,[IN:pin_change ],,hau
banking,pin_change,can one change the password of an ATM card online?,,[IN:pin_change ],,hau
banking,pin_change,How many times should a person change his ATM card password?,,[IN:pin_change ],,hau
banking,pin_change,How do I change my Access bank account password?,58:64:SL:BANK_NAME,[IN:pin_change [SL:BANK_NAME Access] ],BANK_NAME: Access,hau
banking,pin_change,what steps should a person take if he/she changes the PIN of ATM card in public?,,[IN:pin_change ],,hau
banking,pin_change,Why is the password of ATM card changed online?,,[IN:pin_change ],,hau
banking,pin_change,Should I change the password of my ATM card on my mobile phone?,42:53:SL:SHOPPING_ITEM,[IN:pin_change [SL:SHOPPING_ITEM wayar hannu] ],SHOPPING_ITEM: wayar hannu,hau
banking,pin_change,can I change the password of my ATM card on my mobile phone?,42:53:SL:SHOPPING_ITEM,[IN:pin_change [SL:SHOPPING_ITEM wayar hannu] ],SHOPPING_ITEM: wayar hannu,hau
banking,pin_change,can I change the password of my ATM card that is about to be destroyed?,,[IN:pin_change ],,hau
banking,pin_change,is there any way I can change the password of my ATM card?,,[IN:pin_change ],,hau
banking,pin_change,is there any way I can find out my ATM card number?,,[IN:pin_change ],,hau
banking,pin_change,is there a limit on how many times a person can change their ATM card password?,,[IN:pin_change ],,hau
banking,pin_change,is it okay if I change my ATM card password frequently?,,[IN:pin_change ],,hau
banking,pin_change,change my bank account number to GT 3333,"48:50:SL:BANK_NAME,56:60:SL:NUMBER",[IN:pin_change [SL:BANK_NAME GT] [SL:NUMBER 3333] ],BANK_NAME: GT $$ NUMBER: 3333,hau
banking,pin_change,change my ATM number to 2233,38:42:SL:NUMBER,[IN:pin_change [SL:NUMBER 2233] ],NUMBER: 2233,hau
banking,pin_change,change my bank account number to 1128,"55:58:SL:BANK_NAME,64:68:SL:NUMBER",[IN:pin_change [SL:BANK_NAME UBA] [SL:NUMBER 1128] ],BANK_NAME: UBA $$ NUMBER: 1128,hau
banking,pin_change,change my UBA bank account number to 3232,"52:55:SL:BANK_NAME,61:65:SL:NUMBER",[IN:pin_change [SL:BANK_NAME UBA] [SL:NUMBER 3232] ],BANK_NAME: UBA $$ NUMBER: 3232,hau
banking,pin_change,change my bank account number to 1231,"44:46:SL:BANK_NAME,52:56:SL:NUMBER",[IN:pin_change [SL:BANK_NAME GT] [SL:NUMBER 1231] ],BANK_NAME: GT $$ NUMBER: 1231,hau
banking,pin_change,change my password to check my bank account balance UBA to 7722,"69:72:SL:BANK_NAME,78:82:SL:NUMBER",[IN:pin_change [SL:BANK_NAME UBA] [SL:NUMBER 7722] ],BANK_NAME: UBA $$ NUMBER: 7722,hau
banking,pin_change,change my ATM card number to 1121,47:51:SL:NUMBER,[IN:pin_change [SL:NUMBER 1121] ],NUMBER: 1121,hau
banking,pin_change,change my access bank ATM card number to 2222,"51:57:SL:BANK_NAME,63:67:SL:NUMBER",[IN:pin_change [SL:BANK_NAME Access] [SL:NUMBER 2222] ],BANK_NAME: Access $$ NUMBER: 2222,hau
banking,pin_change,change my access bank ATM card number to 3443,"51:57:SL:BANK_NAME,63:67:SL:NUMBER",[IN:pin_change [SL:BANK_NAME Access] [SL:NUMBER 3443] ],BANK_NAME: Access $$ NUMBER: 3443,hau
banking,pin_change,change my ATM card number to 3232,46:50:SL:NUMBER,[IN:pin_change [SL:NUMBER 3232] ],NUMBER: 3232,hau
banking,pin_change,Do I have to change my Fidelity bank account password?,60:68:SL:BANK_NAME,[IN:pin_change [SL:BANK_NAME Fidelity] ],BANK_NAME: Fidelity,hau
banking,pin_change,Do I have to memorize my ATM card password?,,[IN:pin_change ],,hau
banking,pin_change,Do I have to memorize my new ATM card password?,,[IN:pin_change ],,hau
banking,pin_change,please teach me how to change my Access bank password to 4554,"62:68:SL:BANK_NAME,74:78:SL:NUMBER",[IN:pin_change [SL:BANK_NAME Access] [SL:NUMBER 4554] ],BANK_NAME: Access $$ NUMBER: 4554,hau
banking,pin_change,What information is required if the Access bank password is to be changed?,61:67:SL:BANK_NAME,[IN:pin_change [SL:BANK_NAME Access] ],BANK_NAME: Access,hau
banking,pin_change,tell me how to change my ATM card password online,,[IN:pin_change ],,hau
banking,pin_change,how to find out the password of my UBA bank ATM card,64:67:SL:BANK_NAME,[IN:pin_change [SL:BANK_NAME UBA] ],BANK_NAME: UBA,hau
banking,pin_change,tell me how to change the password of an ATM card,,[IN:pin_change ],,hau
banking,pin_change,where can I find the ATM card exchange code on the GT bank app?,71:73:SL:BANK_NAME,[IN:pin_change [SL:BANK_NAME GT] ],BANK_NAME: GT,hau
banking,pin_change,teach me how to change my ATM card password,,[IN:pin_change ],,hau
banking,pin_change,is your ATM card password outdated?,,[IN:pin_change ],,hau
banking,pin_change,return my UBA bank account number to 6654,"51:54:SL:BANK_NAME,60:64:SL:NUMBER",[IN:pin_change [SL:BANK_NAME UBA] [SL:NUMBER 6654] ],BANK_NAME: UBA $$ NUMBER: 6654,hau
banking,pin_change,what is the minimum number of digits to be used as an ATM card password?,,[IN:pin_change ],,hau
banking,pin_change,show me how to change my UBA account password,57:60:SL:BANK_NAME,[IN:pin_change [SL:BANK_NAME UBA] ],BANK_NAME: UBA,hau
banking,pin_change,show me how to change my ATM card password by phone,,[IN:pin_change ],,hau
banking,pin_change,insert 7864 as the new PIN for my ATM card,5:9:SL:NUMBER,[IN:pin_change [SL:NUMBER 7864] ],NUMBER: 7864,hau
banking,pin_change,do I need to change my ATM password?,,[IN:pin_change ],,hau
banking,pin_change,do I need to change my ATM card number?,,[IN:pin_change ],,hau
banking,pin_change,how can I get my new ATM card number?,,[IN:pin_change ],,hau
banking,pin_change,how do I change my ATM card number to 1111?,51:55:SL:NUMBER,[IN:pin_change [SL:NUMBER 1111] ],NUMBER: 1111,hau
banking,pin_change,How do I change my UBA account number?,52:55:SL:BANK_NAME,[IN:pin_change [SL:BANK_NAME UBA] ],BANK_NAME: UBA,hau
banking,pin_change,How do I change my ATM card number to 9976?,53:57:SL:NUMBER,[IN:pin_change [SL:NUMBER 9976] ],NUMBER: 9976,hau
banking,pin_change,How do I change my ATM card number?,,[IN:pin_change ],,hau
banking,pin_change,how do i find out the PIN of my ATM card of GT bank?,57:59:SL:BANK_NAME,[IN:pin_change [SL:BANK_NAME GT] ],BANK_NAME: GT,hau
banking,pin_change,what is the procedure to change the PIN of ATM card?,,[IN:pin_change ],,hau
banking,pin_change,what is the process to change the password of my Fidelity bank account?,69:77:SL:BANK_NAME,[IN:pin_change [SL:BANK_NAME Fidelity] ],BANK_NAME: Fidelity,hau
banking,pin_change,how do i change my UBA bank account number?,70:73:SL:BANK_NAME,[IN:pin_change [SL:BANK_NAME UBA] ],BANK_NAME: UBA,hau
banking,pin_change,how can I change my ATM card number without going to the bank?,,[IN:pin_change ],,hau
banking,pin_change,what steps should a person take if he wants to change his ATM card number?,,[IN:pin_change ],,hau
banking,pin_change,who can change my ATM password for me?,,[IN:pin_change ],,hau
banking,pin_change,why is the password of the bank account of GT bank being changed?,52:54:SL:BANK_NAME,[IN:pin_change [SL:BANK_NAME GT] ],BANK_NAME: GT,hau
banking,pin_change,is the password of ATM card changed?,,[IN:pin_change ],,hau
banking,pin_change,how can i change my bank account number for GT bank?,61:63:SL:BANK_NAME,[IN:pin_change [SL:BANK_NAME GT] ],BANK_NAME: GT,hau
banking,pin_change,what should i do to change my GT bank password?,42:44:SL:BANK_NAME,[IN:pin_change [SL:BANK_NAME GT] ],BANK_NAME: GT,hau
banking,pin_change,explain to me how to change the password of an ATM card,,[IN:pin_change ],,hau
banking,pin_change,can I change my ATM password to 2020?,44:48:SL:NUMBER,[IN:pin_change [SL:NUMBER 2020] ],NUMBER: 2020,hau
banking,pin_change,can I change the password of my ATM card because I forgot the old one?,,[IN:pin_change ],,hau
banking,pin_change,can I change my ATM card number on my mobile phone?,48:59:SL:SHOPPING_ITEM,[IN:pin_change [SL:SHOPPING_ITEM wayar hannu] ],SHOPPING_ITEM: wayar hannu,hau
banking,pin_change,can I change my ATM card number?,,[IN:pin_change ],,hau
banking,pin_change,can I change my Access bank account password?,54:60:SL:BANK_NAME,[IN:pin_change [SL:BANK_NAME Access] ],BANK_NAME: Access,hau
banking,pin_change,can I change my ATM card password by phone?,,[IN:pin_change ],,hau
banking,pin_change,can I put 2231 as the new password of my ATM card?,13:17:SL:NUMBER,[IN:pin_change [SL:NUMBER 2231] ],NUMBER: 2231,hau
banking,pin_change,how to change the PIN of an ATM card in a cash machine,,[IN:pin_change ],,hau
banking,pin_change,can a person change his ATM card number online?,,[IN:pin_change ],,hau
banking,pin_change,show me how to change my ATM card password from my mobile phone,61:72:SL:SHOPPING_ITEM,[IN:pin_change [SL:SHOPPING_ITEM wayar hannu] ],SHOPPING_ITEM: wayar hannu,hau
banking,pin_change,what is the process to change my ATM card number?,,[IN:pin_change ],,hau
banking,pin_change,is mobile phone used to change the PIN of ATM card?,17:28:SL:SHOPPING_ITEM,[IN:pin_change [SL:SHOPPING_ITEM wayar hannu] ],SHOPPING_ITEM: wayar hannu,hau
banking,pin_change,is the internet being used to change the password of ATM card?,,[IN:pin_change ],,hau
banking,pin_change,can I change my ATM card number at the ATM machine?,,[IN:pin_change ],,hau
banking,pin_change,can I change my ATM card number online?,,[IN:pin_change ],,hau
banking,spending_history,God damn how much money did I spend on these shoes yesterday,"43:47:SL:DATE,53:60:SL:SHOPPING_ITEM",[IN:spending_history [SL:DATE jiya] [SL:SHOPPING_ITEM takalmi] ],DATE: jiya $$ SHOPPING_ITEM: takalmi,hau
banking,spending_history,How much is the total amount of money that God has given you this month?,"23:37:SL:BILL_TYPE,41:53:SL:DATE",[IN:spending_history [SL:BILL_TYPE kuɗin kananzir] [SL:DATE wannan watan] ],BILL_TYPE: kuɗin kananzir $$ DATE: wannan watan,hau
banking,spending_history,Tell me how much money I spent on gas last week,48:66:SL:DATE,[IN:spending_history [SL:DATE makon da ya gabata] ],DATE: makon da ya gabata,hau
banking,spending_history,tell me how much I spent on cabbage recently,28:34:SL:DISH_OR_FOOD,[IN:spending_history [SL:DISH_OR_FOOD kabeji] ],DISH_OR_FOOD: kabeji,hau
banking,spending_history,Tell me how much is the total price of fuel this month?,"22:36:SL:BILL_TYPE,40:52:SL:DATE",[IN:spending_history [SL:BILL_TYPE kuɗin kananzir] [SL:DATE wannan watan] ],BILL_TYPE: kuɗin kananzir $$ DATE: wannan watan,hau
banking,spending_history,How much money I spent this year on food,21:36:SL:DATE,[IN:spending_history [SL:DATE wannan shekarar] ],DATE: wannan shekarar,hau
banking,spending_history,how much i spent in april,16:28:SL:DATE,[IN:spending_history [SL:DATE watan Afrilu] ],DATE: watan Afrilu,hau
banking,spending_history,how much I spent in December,16:29:SL:DATE,[IN:spending_history [SL:DATE watan Disamba] ],DATE: watan Disamba,hau
banking,spending_history,how much I spent on potatoes recently,19:26:SL:DISH_OR_FOOD,[IN:spending_history [SL:DISH_OR_FOOD dankali] ],DISH_OR_FOOD: dankali,hau
banking,spending_history,how much did I spend on ointment 6 months ago,"19:30:SL:SHOPPING_ITEM,31:50:SL:DATE",[IN:spending_history [SL:SHOPPING_ITEM man shafawa] [SL:DATE wata 6 da suka wuce] ],SHOPPING_ITEM: man shafawa $$ DATE: wata 6 da suka wuce,hau
banking,spending_history,how much I spent on bath soap recently,19:32:SL:SHOPPING_ITEM,[IN:spending_history [SL:SHOPPING_ITEM sabulun wanka] ],SHOPPING_ITEM: sabulun wanka,hau
banking,spending_history,how much have I spent on pasta since the beginning of the month?,"19:25:SL:DISH_OR_FOOD,30:41:SL:DATE",[IN:spending_history [SL:DISH_OR_FOOD taliya] [SL:DATE farkon wata] ],DISH_OR_FOOD: taliya $$ DATE: farkon wata,hau
banking,spending_history,how much money did i spend on rice yesterday,"33:37:SL:DATE,43:51:SL:DISH_OR_FOOD",[IN:spending_history [SL:DATE jiya] [SL:DISH_OR_FOOD shinkafa] ],DATE: jiya $$ DISH_OR_FOOD: shinkafa,hau
banking,spending_history,How much is the total price of gasoline for this month?,"13:27:SL:BILL_TYPE,31:43:SL:DATE",[IN:spending_history [SL:BILL_TYPE kuɗin kananzir] [SL:DATE wannan watan] ],BILL_TYPE: kuɗin kananzir $$ DATE: wannan watan,hau
banking,spending_history,can you tell me how much money I spent on gas last week,58:76:SL:DATE,[IN:spending_history [SL:DATE makon da ya gabata] ],DATE: makon da ya gabata,hau
banking,spending_history,can you tell me how much I spent in the last 4 weeks,41:60:SL:DATE,[IN:spending_history [SL:DATE sati 4 da suka wuce] ],DATE: sati 4 da suka wuce,hau
banking,spending_history,God's son tell me how much I spent on water recently,40:44:SL:DISH_OR_FOOD,[IN:spending_history [SL:DISH_OR_FOOD ruwa] ],DISH_OR_FOOD: ruwa,hau
banking,spending_history,Please tell me how much I spent recently,,[IN:spending_history ],,hau
banking,spending_history,God's child tell me how much I spent in the last 4 weeks,41:63:SL:DATE,[IN:spending_history [SL:DATE makonni 4 da suka wuce] ],DATE: makonni 4 da suka wuce,hau
banking,spending_history,tell me how much I spent in the restaurant in the last three weeks,55:66:SL:DATE,[IN:spending_history [SL:DATE makonni uku] ],DATE: makonni uku,hau
banking,spending_history,tell me how much I spent on water in the last three weeks,"42:46:SL:DISH_OR_FOOD,55:79:SL:DATE",[IN:spending_history [SL:DISH_OR_FOOD ruwa] [SL:DATE makonni uku da suka wuce] ],DISH_OR_FOOD: ruwa $$ DATE: makonni uku da suka wuce,hau
banking,spending_history,Tell me the total amount of money spent in December,36:49:SL:DATE,[IN:spending_history [SL:DATE watan Disamba] ],DATE: watan Disamba,hau
banking,spending_history,how much I spent on lubricant recently,19:30:SL:SHOPPING_ITEM,[IN:spending_history [SL:SHOPPING_ITEM man shafawa] ],SHOPPING_ITEM: man shafawa,hau
banking,spending_history,how much I spent on tomatoes recently,19:26:SL:DISH_OR_FOOD,[IN:spending_history [SL:DISH_OR_FOOD timatir] ],DISH_OR_FOOD: timatir,hau
banking,spending_history,how much did you buy this soup?,20:30:SL:DISH_OR_FOOD,[IN:spending_history [SL:DISH_OR_FOOD kayan miya] ],DISH_OR_FOOD: kayan miya,hau
banking,spending_history,i want to know how much i spent last week,30:46:SL:DATE,[IN:spending_history [SL:DATE makon da ya wuce] ],DATE: makon da ya wuce,hau
banking,spending_history,i want to know how much i spent last year,30:49:SL:DATE,[IN:spending_history [SL:DATE shekarar da ta wuce] ],DATE: shekarar da ta wuce,hau
banking,spending_history,How much money I spent this year on makeup,"21:36:SL:DATE,42:56:SL:SHOPPING_ITEM",[IN:spending_history [SL:DATE wannan shekarar] [SL:SHOPPING_ITEM kayan kwalliya] ],DATE: wannan shekarar $$ SHOPPING_ITEM: kayan kwalliya,hau
banking,spending_history,How much money I spent this year on clothes,21:36:SL:DATE,[IN:spending_history [SL:DATE wannan shekarar] ],DATE: wannan shekarar,hau
banking,spending_history,what did I spend on food in December,26:39:SL:DATE,[IN:spending_history [SL:DATE watan Disamba] ],DATE: watan Disamba,hau
banking,spending_history,what have I spent on food recently,,[IN:spending_history ],,hau
banking,spending_history,how much money did I spend on food in the last three weeks,53:77:SL:DATE,[IN:spending_history [SL:DATE makonni uku da suka wuce] ],DATE: makonni uku da suka wuce,hau
banking,spending_history,I have spent a lot on food recently,,[IN:spending_history ],,hau
banking,spending_history,How much rent I paid in the last 2 years,"13:23:SL:BILL_TYPE,32:41:SL:DATE",[IN:spending_history [SL:BILL_TYPE kuɗin haya] [SL:DATE shekara 2] ],BILL_TYPE: kuɗin haya $$ DATE: shekara 2,hau
banking,spending_history,How much rent I paid in the last 3 years,"13:23:SL:BILL_TYPE,32:54:SL:DATE",[IN:spending_history [SL:BILL_TYPE kuɗin haya] [SL:DATE shekara 3 da suka wuce] ],BILL_TYPE: kuɗin haya $$ DATE: shekara 3 da suka wuce,hau
banking,spending_history,How much I spent last week,16:26:SL:DATE,[IN:spending_history [SL:DATE makon jiya] ],DATE: makon jiya,hau
banking,spending_history,How much I spent last year,16:29:SL:DATE,[IN:spending_history [SL:DATE shekaran jiya] ],DATE: shekaran jiya,hau
banking,spending_history,how much I spent in the cafeteria this week,35:47:SL:DATE,[IN:spending_history [SL:DATE wannan makon] ],DATE: wannan makon,hau
banking,spending_history,how much did I spend on water this week,"28:32:SL:DISH_OR_FOOD,35:47:SL:DATE",[IN:spending_history [SL:DISH_OR_FOOD ruwa] [SL:DATE wannan makon] ],DISH_OR_FOOD: ruwa $$ DATE: wannan makon,hau
banking,spending_history,how much I spent this week,16:28:SL:DATE,[IN:spending_history [SL:DATE wannan makon] ],DATE: wannan makon,hau
banking,spending_history,how much did I spend this week,16:28:SL:DATE,[IN:spending_history [SL:DATE wannan satin] ],DATE: wannan satin,hau
banking,spending_history,how much I spent this month,16:28:SL:DATE,[IN:spending_history [SL:DATE wannan watan] ],DATE: wannan watan,hau
banking,spending_history,how much i spent in march,16:27:SL:DATE,[IN:spending_history [SL:DATE watan Maris] ],DATE: watan Maris,hau
banking,spending_history,how much did I spend on gas this week,25:37:SL:DATE,[IN:spending_history [SL:DATE wannan makon] ],DATE: wannan makon,hau
banking,spending_history,how much I spent on food 2 days ago,32:52:SL:DATE,[IN:spending_history [SL:DATE kwana 2 da suka wuce] ],DATE: kwana 2 da suka wuce,hau
banking,spending_history,how much I spent on food recently,,[IN:spending_history ],,hau
banking,spending_history,how much did I spend on food last year,32:45:SL:DATE,[IN:spending_history [SL:DATE shekaran jiya] ],DATE: shekaran jiya,hau
banking,spending_history,how much did i spend on food today,32:35:SL:DATE,[IN:spending_history [SL:DATE yau] ],DATE: yau,hau
banking,spending_history,how much have I spent on these publications?,19:30:SL:SHOPPING_ITEM,[IN:spending_history [SL:SHOPPING_ITEM littattafan] ],SHOPPING_ITEM: littattafan,hau
banking,spending_history,how much I spent on lubricant in may,"19:30:SL:SHOPPING_ITEM,33:43:SL:DATE",[IN:spending_history [SL:SHOPPING_ITEM man shafawa] [SL:DATE watan Mayu] ],SHOPPING_ITEM: man shafawa $$ DATE: watan Mayu,hau
banking,spending_history,how much did I spend on water this week,"19:23:SL:DISH_OR_FOOD,24:36:SL:DATE",[IN:spending_history [SL:DISH_OR_FOOD ruwa] [SL:DATE wannan makon] ],DISH_OR_FOOD: ruwa $$ DATE: wannan makon,hau
banking,spending_history,how much I spent on rice recently,19:27:SL:DISH_OR_FOOD,[IN:spending_history [SL:DISH_OR_FOOD shinkafa] ],DISH_OR_FOOD: shinkafa,hau
banking,spending_history,how much have I spent on pasta since the beginning of the year?,"19:25:SL:DISH_OR_FOOD,30:44:SL:DATE",[IN:spending_history [SL:DISH_OR_FOOD taliya] [SL:DATE farkon shekara] ],DISH_OR_FOOD: taliya $$ DATE: farkon shekara,hau
banking,spending_history,how much I spent on clothes recently,19:25:SL:SHOPPING_ITEM,[IN:spending_history [SL:SHOPPING_ITEM tufafi] ],SHOPPING_ITEM: tufafi,hau
banking,spending_history,how much did I spend on electricity this week,36:48:SL:DATE,[IN:spending_history [SL:DATE wannan makon] ],DATE: wannan makon,hau
banking,spending_history,how much did I spend on food in january,50:63:SL:DATE,[IN:spending_history [SL:DATE watan Janairu] ],DATE: watan Janairu,hau
banking,spending_history,how much money did I spend yesterday,33:37:SL:DATE,[IN:spending_history [SL:DATE jiya] ],DATE: jiya,hau
banking,spending_history,how much money did I spend last year,33:46:SL:DATE,[IN:spending_history [SL:DATE shekaran jiya] ],DATE: shekaran jiya,hau
banking,spending_history,How much will it cost to repair the car?,13:30:SL:BILL_TYPE,[IN:spending_history [SL:BILL_TYPE kuɗin gyaran mota] ],BILL_TYPE: kuɗin gyaran mota,hau
banking,spending_history,How much is the total cost of the soap?,13:25:SL:BILL_TYPE,[IN:spending_history [SL:BILL_TYPE kuɗin sabulu] ],BILL_TYPE: kuɗin sabulu,hau
banking,spending_history,have I spent too much money on food recently?,,[IN:spending_history ],,hau
banking,spending_history,have I spent too much money on water recently?,32:36:SL:DISH_OR_FOOD,[IN:spending_history [SL:DISH_OR_FOOD ruwa] ],DISH_OR_FOOD: ruwa,hau
banking,spending_history,can you tell me what I spent on food recently,,[IN:spending_history ],,hau
banking,spending_history,can you tell me how much money I spent on water last week,"48:52:SL:DISH_OR_FOOD,53:71:SL:DATE",[IN:spending_history [SL:DISH_OR_FOOD ruwa] [SL:DATE makon da ya gabata] ],DISH_OR_FOOD: ruwa $$ DATE: makon da ya gabata,hau
banking,spending_history,can you tell me how much money I spent last week,43:61:SL:DATE,[IN:spending_history [SL:DATE makon da ya gabata] ],DATE: makon da ya gabata,hau
banking,spending_history,can you tell me how much I spent in the last 4 weeks,41:50:SL:DATE,[IN:spending_history [SL:DATE makonni 4] ],DATE: makonni 4,hau
banking,spending_history,can you tell me how much I spent in the last two weeks,41:66:SL:DATE,[IN:spending_history [SL:DATE makonni biyu da suka wuce] ],DATE: makonni biyu da suka wuce,hau
banking,spending_history,can you tell me how much I spent last week,35:45:SL:DATE,[IN:spending_history [SL:DATE makon jiya] ],DATE: makon jiya,hau
banking,spending_history,can you tell me how much I spent on water last week,"38:42:SL:DISH_OR_FOOD,45:55:SL:DATE",[IN:spending_history [SL:DISH_OR_FOOD ruwa] [SL:DATE makon jiya] ],DISH_OR_FOOD: ruwa $$ DATE: makon jiya,hau
banking,spending_history,can you tell me what I spent on food recently?,,[IN:spending_history ],,hau
banking,spending_history,can you tell me how much I spent this month,36:48:SL:DATE,[IN:spending_history [SL:DATE wannan watan] ],DATE: wannan watan,hau
banking,spending_history,can you tell me how much I spent in june,36:46:SL:DATE,[IN:spending_history [SL:DATE watan yuni] ],DATE: watan yuni,hau
banking,spending_history,tell me how much I spent on food recently,,[IN:spending_history ],,hau
banking,spending_history,how much did I spend on this jewelry?,0:5:SL:CURRENCY,[IN:spending_history [SL:CURRENCY naira] ],CURRENCY: naira,hau
banking,spending_history,how much I spent in june,16:26:SL:DATE,[IN:spending_history [SL:DATE watan yuni] ],DATE: watan yuni,hau
banking,spending_history,how much did I spend on this coat?,19:26:SL:SHOPPING_ITEM,[IN:spending_history [SL:SHOPPING_ITEM mayafan] ],SHOPPING_ITEM: mayafan,hau
banking,spending_history,how much did I spend on food in october,50:62:SL:DATE,[IN:spending_history [SL:DATE watan oktoba] ],DATE: watan oktoba,hau
banking,spending_history,Did I spend too much money on the tomato?,32:39:SL:DISH_OR_FOOD,[IN:spending_history [SL:DISH_OR_FOOD timatir] ],DISH_OR_FOOD: timatir,hau
banking,spending_history,can you tell me what I spent on food in June,50:60:SL:DATE,[IN:spending_history [SL:DATE watan yuni] ],DATE: watan yuni,hau
banking,spending_history,will you tell me what I spent on onions recently?,40:46:SL:DISH_OR_FOOD,[IN:spending_history [SL:DISH_OR_FOOD albasa] ],DISH_OR_FOOD: albasa,hau
banking,transactions,is there any way I can check how much I spent this month?,49:61:SL:DATE,[IN:transactions [SL:DATE wannan watan] ],DATE: wannan watan,hau
banking,transactions,Can I see the list of people I paid with my credit card yesterday?,67:71:SL:DATE,[IN:transactions [SL:DATE jiya] ],DATE: jiya,hau
banking,transactions,Please tell me my sales for this week at Dunes.,38:50:SL:DATE,[IN:transactions [SL:DATE wannan satin] ],DATE: wannan satin,hau
banking,transactions,How much did I spend on rice this week?,"25:33:SL:DISH_OR_FOOD,34:46:SL:DATE",[IN:transactions [SL:DISH_OR_FOOD shinkafa] [SL:DATE wannan satin] ],DISH_OR_FOOD: shinkafa $$ DATE: wannan satin,hau
banking,transactions,How much did you spend on these chairs?,"8:13:SL:CURRENCY,45:51:SL:SHOPPING_ITEM",[IN:transactions [SL:CURRENCY naira] [SL:SHOPPING_ITEM kujeru] ],CURRENCY: naira $$ SHOPPING_ITEM: kujeru,hau
banking,transactions,How much did I spend on rice this week?,"19:27:SL:DISH_OR_FOOD,28:40:SL:DATE",[IN:transactions [SL:DISH_OR_FOOD shinkafa] [SL:DATE wannan satin] ],DISH_OR_FOOD: shinkafa $$ DATE: wannan satin,hau
banking,transactions,How much did I spend on beans this week?,"19:23:SL:DISH_OR_FOOD,24:36:SL:DATE",[IN:transactions [SL:DISH_OR_FOOD wake] [SL:DATE wannan satin] ],DISH_OR_FOOD: wake $$ DATE: wannan satin,hau
banking,transactions,How much did I spend this month on the stock market?,"14:26:SL:DATE,29:42:SL:PLACE_NAME",[IN:transactions [SL:DATE wannan watan] [SL:PLACE_NAME kasuwar singa] ],DATE: wannan watan $$ PLACE_NAME: kasuwar singa,hau
banking,transactions,How much did I spend this month on violence?,"14:26:SL:DATE,32:36:SL:DISH_OR_FOOD",[IN:transactions [SL:DATE wannan watan] [SL:DISH_OR_FOOD gero] ],DATE: wannan watan $$ DISH_OR_FOOD: gero,hau
banking,transactions,Show me all my recent transactions on my opay card,58:62:SL:BANK_NAME,[IN:transactions [SL:BANK_NAME opay] ],BANK_NAME: opay,hau
banking,transactions,Show me all my recent transactions on my zenith card,58:64:SL:BANK_NAME,[IN:transactions [SL:BANK_NAME zenith] ],BANK_NAME: zenith,hau
banking,transactions,How can I see my shopping list from last month?,36:51:SL:DATE,[IN:transactions [SL:DATE watan daya wuce] ],DATE: watan daya wuce,hau
banking,transactions,How will I know how much I spent on rice this week?,"32:40:SL:DISH_OR_FOOD,41:53:SL:DATE",[IN:transactions [SL:DISH_OR_FOOD shinkafa] [SL:DATE wannan satin] ],DISH_OR_FOOD: shinkafa $$ DATE: wannan satin,hau
banking,transactions,Can you tell me how much I spent this month in the stock market?,"32:44:SL:DATE,47:60:SL:PLACE_NAME",[IN:transactions [SL:DATE wannan watan] [SL:PLACE_NAME kasuwar singa] ],DATE: wannan watan $$ PLACE_NAME: kasuwar singa,hau
banking,transactions,Can you count my sales this week at Dunes?,37:49:SL:DATE,[IN:transactions [SL:DATE wannan satin] ],DATE: wannan satin,hau
banking,transactions,You can show me all my recent transactions on my access card,67:73:SL:BANK_NAME,[IN:transactions [SL:BANK_NAME access] ],BANK_NAME: access,hau
banking,transactions,is there any way I can see my recent transactions?,,[IN:transactions ],,hau
banking,transactions,Is there any real transaction demonstration at fidelity bank this month?,"48:56:SL:BANK_NAME,60:72:SL:DATE",[IN:transactions [SL:BANK_NAME fidelity] [SL:DATE wannan watan] ],BANK_NAME: fidelity $$ DATE: wannan watan,hau
banking,transactions,Is there any way to display the transaction list on my Fidelity bank card?,58:66:SL:BANK_NAME,[IN:transactions [SL:BANK_NAME Fidelity] ],BANK_NAME: Fidelity,hau
banking,transactions,Son of God show me the latest trade,,[IN:transactions ],,hau
banking,transactions,Please count my month's sales at Dunes.,38:50:SL:DATE,[IN:transactions [SL:DATE wannan watan] ],DATE: wannan watan,hau
banking,transactions,Please tell me my purchase for this month at the sahad store.,38:50:SL:DATE,[IN:transactions [SL:DATE wannan watan] ],DATE: wannan watan,hau
banking,transactions,What's the latest transaction on my card,,[IN:transactions ],,hau
banking,transactions,Please show me all my purchases for the past month on my access card,"37:52:SL:DATE,69:75:SL:BANK_NAME",[IN:transactions [SL:DATE watan daya wuce] [SL:BANK_NAME access] ],DATE: watan daya wuce $$ BANK_NAME: access,hau
banking,transactions,God's son can you show me the recent trade,,[IN:transactions ],,hau
banking,transactions,Look at my credit card and tell me the last transaction,,[IN:transactions ],,hau
banking,transactions,Look at my credit card and tell me my transaction by the end of the month,52:64:SL:DATE,[IN:transactions [SL:DATE ƙarshen wata] ],DATE: ƙarshen wata,hau
banking,transactions,Look at my access bank card and tell me the last transaction,26:32:SL:BANK_NAME,[IN:transactions [SL:BANK_NAME access] ],BANK_NAME: access,hau
banking,transactions,Look at my Taj bank card and tell me the last transaction,26:29:SL:BANK_NAME,[IN:transactions [SL:BANK_NAME Taj] ],BANK_NAME: Taj,hau
banking,transactions,Check all my transactions for the past week on my GT card,"32:50:SL:DATE,68:70:SL:BANK_NAME",[IN:transactions [SL:DATE makon da ya gabata] [SL:BANK_NAME GT] ],DATE: makon da ya gabata $$ BANK_NAME: GT,hau
banking,transactions,Check all my transactions from last week on my Fidelity bank,"32:50:SL:DATE,67:75:SL:BANK_NAME",[IN:transactions [SL:DATE makon da ya gabata] [SL:BANK_NAME Fidelity] ],DATE: makon da ya gabata $$ BANK_NAME: Fidelity,hau
banking,transactions,i want to see my latest transaction,,[IN:transactions ],,hau
banking,transactions,"I would like to see my latest transaction, is it possible?",,[IN:transactions ],,hau
banking,transactions,"I would like to see my latest transaction, is it possible?",,[IN:transactions ],,hau
banking,transactions,tell me my purchase for this month at the sahad store,28:40:SL:DATE,[IN:transactions [SL:DATE wannan watan] ],DATE: wannan watan,hau
banking,transactions,What is the essence of the recent food trade?,,[IN:transactions ],,hau
banking,transactions,What is the main trade of this month on food?,31:43:SL:DATE,[IN:transactions [SL:DATE wannan watan] ],DATE: wannan watan,hau
banking,transactions,what is the most recent transaction on my card,,[IN:transactions ],,hau
banking,transactions,what is this month's trade on my card,17:29:SL:DATE,[IN:transactions [SL:DATE wannan watan] ],DATE: wannan watan,hau
banking,transactions,How much was the recent transaction at the sahad store,,[IN:transactions ],,hau
banking,transactions,show all my trades for this past month,30:45:SL:DATE,[IN:transactions [SL:DATE watan daya wuce] ],DATE: watan daya wuce,hau
banking,transactions,show all my trades for the past month,23:38:SL:DATE,[IN:transactions [SL:DATE watan daya wuce] ],DATE: watan daya wuce,hau
banking,transactions,show all my transactions for the past month on my access card,"23:38:SL:DATE,55:61:SL:BANK_NAME",[IN:transactions [SL:DATE watan daya wuce] [SL:BANK_NAME access] ],DATE: watan daya wuce $$ BANK_NAME: access,hau
banking,transactions,show all my purchases for the past month on my GT card,"23:38:SL:DATE,55:57:SL:BANK_NAME",[IN:transactions [SL:DATE watan daya wuce] [SL:BANK_NAME GT] ],DATE: watan daya wuce $$ BANK_NAME: GT,hau
banking,transactions,show all my trades for the past month on drinking water,"23:38:SL:DATE,44:53:SL:DISH_OR_FOOD",[IN:transactions [SL:DATE watan daya wuce] [SL:DISH_OR_FOOD ruwan sha] ],DATE: watan daya wuce $$ DISH_OR_FOOD: ruwan sha,hau
banking,transactions,Show me my clothing sales this month,31:43:SL:DATE,[IN:transactions [SL:DATE wannan watan] ],DATE: wannan watan,hau
banking,transactions,Show me all my recent transactions on my GT card,58:60:SL:BANK_NAME,[IN:transactions [SL:BANK_NAME GT] ],BANK_NAME: GT,hau
banking,transactions,Show me all my transactions for this month on my GT card,"32:44:SL:DATE,60:62:SL:BANK_NAME",[IN:transactions [SL:DATE wannan watan] [SL:BANK_NAME GT] ],DATE: wannan watan $$ BANK_NAME: GT,hau
banking,transactions,Show me the list of transactions on my Fidelity bank card?,49:57:SL:BANK_NAME,[IN:transactions [SL:BANK_NAME Fidelity] ],BANK_NAME: Fidelity,hau
banking,transactions,Show me the list of transactions on my Jaiz bank card?,49:53:SL:BANK_NAME,[IN:transactions [SL:BANK_NAME Jaiz] ],BANK_NAME: Jaiz,hau
banking,transactions,show me how to delete all my recent transactions on my credit card,,[IN:transactions ],,hau
banking,transactions,show me how to check all my transactions for this month on my bank card,41:53:SL:DATE,[IN:transactions [SL:DATE wannan watan] ],DATE: wannan watan,hau
banking,transactions,let me know the actual transaction in my fidelity bank,42:50:SL:BANK_NAME,[IN:transactions [SL:BANK_NAME fidelity] ],BANK_NAME: fidelity,hau
banking,transactions,Is my recent transaction in the shop sahad,,[IN:transactions ],,hau
banking,transactions,How can I spend all my money on food this week?,34:46:SL:DATE,[IN:transactions [SL:DATE wannan satin] ],DATE: wannan satin,hau
banking,transactions,How can I pay all the bills I made this week?,34:46:SL:DATE,[IN:transactions [SL:DATE wannan satin] ],DATE: wannan satin,hau
banking,transactions,How will I pay for all my purchases this month?,34:46:SL:DATE,[IN:transactions [SL:DATE wannan watan] ],DATE: wannan watan,hau
banking,transactions,How will I see my cooking oil business this month,"28:37:SL:DISH_OR_FOOD,40:52:SL:DATE",[IN:transactions [SL:DISH_OR_FOOD man girki] [SL:DATE wannan watan] ],DISH_OR_FOOD: man girki $$ DATE: wannan watan,hau
banking,transactions,How will I see my clothing business this month,"28:34:SL:SHOPPING_ITEM,37:49:SL:DATE",[IN:transactions [SL:SHOPPING_ITEM tufafi] [SL:DATE wannan watan] ],SHOPPING_ITEM: tufafi $$ DATE: wannan watan,hau
banking,transactions,How do I see my transaction list on my Fidelity bank card?,55:63:SL:BANK_NAME,[IN:transactions [SL:BANK_NAME Fidelity] ],BANK_NAME: Fidelity,hau
banking,transactions,How do I see my transaction list on my Fidelity bank card?,52:60:SL:BANK_NAME,[IN:transactions [SL:BANK_NAME Fidelity] ],BANK_NAME: Fidelity,hau
banking,transactions,can you show me the original transaction in fidelity bank,49:57:SL:BANK_NAME,[IN:transactions [SL:BANK_NAME fidelity] ],BANK_NAME: fidelity,hau
banking,transactions,can you tell me the actual transaction in my fidelity bank,52:60:SL:BANK_NAME,[IN:transactions [SL:BANK_NAME fidelity] ],BANK_NAME: fidelity,hau
banking,transactions,Can you calculate my monthly sales at Dunes?,37:49:SL:DATE,[IN:transactions [SL:DATE wannan watan] ],DATE: wannan watan,hau
banking,transactions,can you calculate my purchase for this month at the Sahad store?,37:49:SL:DATE,[IN:transactions [SL:DATE wannan watan] ],DATE: wannan watan,hau
banking,transactions,you can show all my trades for the past month,32:47:SL:DATE,[IN:transactions [SL:DATE watan daya wuce] ],DATE: watan daya wuce,hau
banking,transactions,Can you show me my cooking oil sales this month,"31:40:SL:DISH_OR_FOOD,43:55:SL:DATE",[IN:transactions [SL:DISH_OR_FOOD man girki] [SL:DATE wannan watan] ],DISH_OR_FOOD: man girki $$ DATE: wannan watan,hau
banking,transactions,You can show me my clothing sales this month,"31:37:SL:SHOPPING_ITEM,40:52:SL:DATE",[IN:transactions [SL:SHOPPING_ITEM tufafi] [SL:DATE wannan watan] ],SHOPPING_ITEM: tufafi $$ DATE: wannan watan,hau
banking,transactions,You can show me my clothing sales this month son of God,40:52:SL:DATE,[IN:transactions [SL:DATE wannan watan] ],DATE: wannan watan,hau
banking,transactions,You can show me all my recent transactions on my UBA card,67:70:SL:BANK_NAME,[IN:transactions [SL:BANK_NAME UBA] ],BANK_NAME: UBA,hau
banking,transactions,You can show me all my recent transactions on my zenith card,67:73:SL:BANK_NAME,[IN:transactions [SL:BANK_NAME zenith] ],BANK_NAME: zenith,hau
banking,transactions,Can you show me the list of transactions on my Fidelity bank card?,58:66:SL:BANK_NAME,[IN:transactions [SL:BANK_NAME Fidelity] ],BANK_NAME: Fidelity,hau
banking,transactions,Is there any real business demonstration at Jaiz Bank this month?,"48:52:SL:BANK_NAME,56:68:SL:DATE",[IN:transactions [SL:BANK_NAME Jaiz] [SL:DATE wannan watan] ],BANK_NAME: Jaiz $$ DATE: wannan watan,hau
banking,transactions,Is there any way to show the transaction list on my Jaiz bank card?,58:62:SL:BANK_NAME,[IN:transactions [SL:BANK_NAME Jaiz] ],BANK_NAME: Jaiz,hau
banking,transactions,can you tell me the exact transaction in Jaiz bank,52:56:SL:BANK_NAME,[IN:transactions [SL:BANK_NAME Jaiz] ],BANK_NAME: Jaiz,hau
banking,transactions,How much did I spend on drinking water this week?,"19:28:SL:DISH_OR_FOOD,29:41:SL:DATE",[IN:transactions [SL:DISH_OR_FOOD ruwan sha] [SL:DATE wannan satin] ],DISH_OR_FOOD: ruwan sha $$ DATE: wannan satin,hau
banking,transactions,Show me all my recent transactions on my access card,58:64:SL:BANK_NAME,[IN:transactions [SL:BANK_NAME access] ],BANK_NAME: access,hau
banking,transactions,Show me all my recent transactions on my UBA card,58:61:SL:BANK_NAME,[IN:transactions [SL:BANK_NAME UBA] ],BANK_NAME: UBA,hau
banking,transactions,How can I see my transaction list on my Jaiz Bank card?,55:59:SL:BANK_NAME,[IN:transactions [SL:BANK_NAME Jaiz] ],BANK_NAME: Jaiz,hau
banking,transactions,Can you show me the transaction list on my Jaiz bank card?,58:62:SL:BANK_NAME,[IN:transactions [SL:BANK_NAME Jaiz] ],BANK_NAME: Jaiz,hau
banking,transfer,God's son transferred 70000 to my savings account.,15:21:SL:MONEY,[IN:transfer [SL:MONEY ₦70000] ],MONEY: ₦70000,hau
banking,transfer,God sent me this money to the bank,,[IN:transfer ],,hau
banking,transfer,how much do you charge for the car?,0:5:SL:CURRENCY,[IN:transfer [SL:CURRENCY naira] ],CURRENCY: naira,hau
banking,transfer,I want to send money to the bank account in the afternoon,35:39:SL:DATE,[IN:transfer [SL:DATE jibi] ],DATE: jibi,hau
banking,transfer,I want to send the money tomorrow,23:27:SL:DATE,[IN:transfer [SL:DATE gobe] ],DATE: gobe,hau
banking,transfer,Which of your accounts should I transfer the money to?,,[IN:transfer ],,hau
banking,transfer,"Please help me, I want to send the money now",37:42:SL:TIME,[IN:transfer [SL:TIME yanzu] ],TIME: yanzu,hau
banking,transfer,Did you transfer 45000 to Lami's bank account?,"8:14:SL:MONEY,35:39:SL:PERSONAL_NAME",[IN:transfer [SL:MONEY ₦45000] [SL:PERSONAL_NAME Lami] ],MONEY: ₦45000 $$ PERSONAL_NAME: Lami,hau
banking,transfer,Did you send money to Bello's bank account?,27:32:SL:PERSONAL_NAME,[IN:transfer [SL:PERSONAL_NAME Bello] ],PERSONAL_NAME: Bello,hau
banking,transfer,Have you sent money to a trust?,,[IN:transfer ],,hau
banking,transfer,Did you send money to your mother's bank account?,,[IN:transfer ],,hau
banking,transfer,Or do you know the process of transferring money from one UBA account to another?,39:42:SL:BANK_NAME,[IN:transfer [SL:BANK_NAME UBA] ],BANK_NAME: UBA,hau
banking,transfer,Transfer 35000 to the Lami savings account,"5:11:SL:MONEY,32:36:SL:PERSONAL_NAME",[IN:transfer [SL:MONEY ₦35000] [SL:PERSONAL_NAME Lami] ],MONEY: ₦35000 $$ PERSONAL_NAME: Lami,hau
banking,transfer,Transfer 86000 from unity's savings account to UBA,"5:11:SL:MONEY,39:44:SL:BANK_NAME,50:53:SL:BANK_NAME",[IN:transfer [SL:MONEY ₦86000] [SL:BANK_NAME unity] [SL:BANK_NAME UBA] ],MONEY: ₦86000 $$ BANK_NAME: unity $$ BANK_NAME: UBA,hau
banking,transfer,Send me money from Mary's account,29:35:SL:PERSONAL_NAME,[IN:transfer [SL:PERSONAL_NAME Maryam] ],PERSONAL_NAME: Maryam,hau
banking,transfer,You can transfer 8450 from Jaiz bank account to UBA,"15:20:SL:MONEY,48:52:SL:BANK_NAME,58:61:SL:BANK_NAME",[IN:transfer [SL:MONEY ₦8450] [SL:BANK_NAME Jaiz] [SL:BANK_NAME UBA] ],MONEY: ₦8450 $$ BANK_NAME: Jaiz $$ BANK_NAME: UBA,hau
banking,transfer,Send 50000 to the account of GT,"5:11:SL:MONEY,34:36:SL:BANK_NAME",[IN:transfer [SL:MONEY ₦50000] [SL:BANK_NAME GT] ],MONEY: ₦50000 $$ BANK_NAME: GT,hau
banking,transfer,Transferring money from one account to another,,[IN:transfer ],,hau
banking,transfer,Send ten thousand naira to my son's Access bank,"5:20:SL:MONEY,33:39:SL:BANK_NAME",[IN:transfer [SL:MONEY naira dubu goma] [SL:BANK_NAME Access] ],MONEY: naira dubu goma $$ BANK_NAME: Access,hau
banking,transfer,Send to Amina thirty thousand naira now,"8:13:SL:PERSONAL_NAME,14:32:SL:MONEY,33:38:SL:TIME",[IN:transfer [SL:PERSONAL_NAME Amina] [SL:MONEY naira dubu talatin] [SL:TIME yanzu] ],PERSONAL_NAME: Amina $$ MONEY: naira dubu talatin $$ TIME: yanzu,hau
banking,transfer,Please transfer N5000 from GT Bank to Taj Bank,"17:33:SL:MONEY,46:48:SL:BANK_NAME,61:64:SL:BANK_NAME",[IN:transfer [SL:MONEY Naira dubu biyar] [SL:BANK_NAME GT] [SL:BANK_NAME Taj] ],MONEY: Naira dubu biyar $$ BANK_NAME: GT $$ BANK_NAME: Taj,hau
banking,transfer,who sent me money from Access bank?,34:40:SL:BANK_NAME,[IN:transfer [SL:BANK_NAME Access] ],BANK_NAME: Access,hau
banking,transfer,God's son transferring Bello 30000 from my GT savings account,"17:22:SL:PERSONAL_NAME,23:29:SL:MONEY,59:61:SL:BANK_NAME",[IN:transfer [SL:PERSONAL_NAME Bello] [SL:MONEY ₦30000] [SL:BANK_NAME GT] ],PERSONAL_NAME: Bello $$ MONEY: ₦30000 $$ BANK_NAME: GT,hau
banking,transfer,How can I transfer money from this account to another account?,,[IN:transfer ],,hau
banking,transfer,Dear God how can I transfer money from this account to another account,,[IN:transfer ],,hau
banking,transfer,How can I transfer money from this account to another account?,,[IN:transfer ],,hau
banking,transfer,How can I send money to another account?,,[IN:transfer ],,hau
banking,transfer,Please send six thousand naira from access bank to Taj bank,"18:34:SL:MONEY,47:53:SL:BANK_NAME,66:69:SL:BANK_NAME",[IN:transfer [SL:MONEY Naira dubu shida] [SL:BANK_NAME access] [SL:BANK_NAME Taj] ],MONEY: Naira dubu shida $$ BANK_NAME: access $$ BANK_NAME: Taj,hau
banking,transfer,Please send me money from Mary's account,39:45:SL:PERSONAL_NAME,[IN:transfer [SL:PERSONAL_NAME Maryam] ],PERSONAL_NAME: Maryam,hau
banking,transfer,My son helped me to transfer money from Zenith to GT,"34:40:SL:BANK_NAME,46:48:SL:BANK_NAME",[IN:transfer [SL:BANK_NAME Zenith] [SL:BANK_NAME GT] ],BANK_NAME: Zenith $$ BANK_NAME: GT,hau
banking,transfer,My son helped me to transfer 6000 naira from Zenith to GT,"24:40:SL:MONEY,46:52:SL:BANK_NAME,58:60:SL:BANK_NAME",[IN:transfer [SL:MONEY naira dubu shida] [SL:BANK_NAME Zenith] [SL:BANK_NAME GT] ],MONEY: naira dubu shida $$ BANK_NAME: Zenith $$ BANK_NAME: GT,hau
banking,transfer,"My son helped me to transfer N3,000 from Zenith to GT","24:38:SL:MONEY,44:50:SL:BANK_NAME,56:58:SL:BANK_NAME",[IN:transfer [SL:MONEY naira dubu uku] [SL:BANK_NAME Zenith] [SL:BANK_NAME GT] ],MONEY: naira dubu uku $$ BANK_NAME: Zenith $$ BANK_NAME: GT,hau
banking,transfer,Tell me what is the fastest way to transfer money from one account to another,,[IN:transfer ],,hau
banking,transfer,What is the process of transferring money from one account to another?,36:38:SL:BANK_NAME,[IN:transfer [SL:BANK_NAME GT] ],BANK_NAME: GT,hau
banking,transfer,can I use Access bank app to transfer money to Union Bank?,"34:40:SL:BANK_NAME,66:71:SL:BANK_NAME",[IN:transfer [SL:BANK_NAME Access] [SL:BANK_NAME Union] ],BANK_NAME: Access $$ BANK_NAME: Union,hau
banking,transfer,Tell me how I can transfer money from this account to another account,,[IN:transfer ],,hau
banking,transfer,I need to send 5000 to Access bank account.,"17:22:SL:MONEY,42:48:SL:BANK_NAME",[IN:transfer [SL:MONEY ₦5000] [SL:BANK_NAME Access] ],MONEY: ₦5000 $$ BANK_NAME: Access,hau
banking,transfer,I need you to send 5000 from Jaiz Bank to Access Bank,"20:25:SL:MONEY,38:42:SL:BANK_NAME,55:61:SL:BANK_NAME",[IN:transfer [SL:MONEY ₦5000] [SL:BANK_NAME Jaiz] [SL:BANK_NAME Access] ],MONEY: ₦5000 $$ BANK_NAME: Jaiz $$ BANK_NAME: Access,hau
banking,transfer,I need you to send ten thousand naira from GT bank to Access Bank,"20:35:SL:MONEY,48:50:SL:BANK_NAME,63:69:SL:BANK_NAME",[IN:transfer [SL:MONEY Naira dubu goma] [SL:BANK_NAME GT] [SL:BANK_NAME Access] ],MONEY: Naira dubu goma $$ BANK_NAME: GT $$ BANK_NAME: Access,hau
banking,transfer,I want to send money to the bank,,[IN:transfer ],,hau
banking,transfer,"I want to send money, what is the most efficient way?",,[IN:transfer ],,hau
banking,transfer,I want to send money to Lami's bank account,17:21:SL:PERSONAL_NAME,[IN:transfer [SL:PERSONAL_NAME Lami] ],PERSONAL_NAME: Lami,hau
banking,transfer,I would like you to transfer 20000 from GT bank account to UBA,"16:22:SL:MONEY,50:52:SL:BANK_NAME,58:61:SL:BANK_NAME",[IN:transfer [SL:MONEY ₦20000] [SL:BANK_NAME GT] [SL:BANK_NAME UBA] ],MONEY: ₦20000 $$ BANK_NAME: GT $$ BANK_NAME: UBA,hau
banking,transfer,What is the fastest way to transfer money from one account to another,,[IN:transfer ],,hau
banking,transfer,ten thousand pigeons in my account of the GT,"8:17:SL:MONEY,43:45:SL:BANK_NAME",[IN:transfer [SL:MONEY dubu goma] [SL:BANK_NAME GT] ],MONEY: dubu goma $$ BANK_NAME: GT,hau
banking,transfer,Show me how to transfer money from one account to another,,[IN:transfer ],,hau
banking,transfer,Can you teach me how to transfer money from unity bank to GT?,"41:46:SL:BANK_NAME,52:54:SL:BANK_NAME",[IN:transfer [SL:BANK_NAME unity] [SL:BANK_NAME GT] ],BANK_NAME: unity $$ BANK_NAME: GT,hau
banking,transfer,Can you transfer money from Zenith to GT?,"30:36:SL:BANK_NAME,42:44:SL:BANK_NAME",[IN:transfer [SL:BANK_NAME Zenith] [SL:BANK_NAME GT] ],BANK_NAME: Zenith $$ BANK_NAME: GT,hau
banking,transfer,How can I transfer money from one account to another,,[IN:transfer ],,hau
banking,transfer,How do I send money to the bank account?,19:23:SL:PERSONAL_NAME,[IN:transfer [SL:PERSONAL_NAME Indo] ],PERSONAL_NAME: Indo,hau
banking,transfer,How can I send money to Sani's bank account?,19:23:SL:PERSONAL_NAME,[IN:transfer [SL:PERSONAL_NAME Sani] ],PERSONAL_NAME: Sani,hau
banking,transfer,Help me I want to transfer 9000 from UBA bank account to jaiz,"27:32:SL:MONEY,60:63:SL:BANK_NAME,69:73:SL:BANK_NAME",[IN:transfer [SL:MONEY ₦9000] [SL:BANK_NAME UBA] [SL:BANK_NAME jaiz] ],MONEY: ₦9000 $$ BANK_NAME: UBA $$ BANK_NAME: jaiz,hau
banking,transfer,Help me to transfer 20000 from GT bank account to UBA,"20:26:SL:MONEY,54:56:SL:BANK_NAME,62:65:SL:BANK_NAME",[IN:transfer [SL:MONEY ₦20000] [SL:BANK_NAME GT] [SL:BANK_NAME UBA] ],MONEY: ₦20000 $$ BANK_NAME: GT $$ BANK_NAME: UBA,hau
banking,transfer,Help me to transfer 200000 from GT bank account to UBA,"20:27:SL:MONEY,55:57:SL:BANK_NAME,63:66:SL:BANK_NAME",[IN:transfer [SL:MONEY ₦200000] [SL:BANK_NAME GT] [SL:BANK_NAME UBA] ],MONEY: ₦200000 $$ BANK_NAME: GT $$ BANK_NAME: UBA,hau
banking,transfer,Transfer 20000 from GT's bank account to UBA,"5:11:SL:MONEY,39:41:SL:BANK_NAME,47:50:SL:BANK_NAME",[IN:transfer [SL:MONEY ₦20000] [SL:BANK_NAME GT] [SL:BANK_NAME UBA] ],MONEY: ₦20000 $$ BANK_NAME: GT $$ BANK_NAME: UBA,hau
banking,transfer,Putting 40000 into the treasury of Moses ,"5:11:SL:MONEY,32:36:SL:PERSONAL_NAME",[IN:transfer [SL:MONEY ₦40000] [SL:PERSONAL_NAME Musa] ],MONEY: ₦40000 $$ PERSONAL_NAME: Musa,hau
banking,transfer,Transfer 50000 to the Aisha's account for GT,"5:11:SL:MONEY,32:37:SL:PERSONAL_NAME,41:43:SL:BANK_NAME",[IN:transfer [SL:MONEY ₦50000] [SL:PERSONAL_NAME Aisha] [SL:BANK_NAME GT] ],MONEY: ₦50000 $$ PERSONAL_NAME: Aisha $$ BANK_NAME: GT,hau
banking,transfer,Transfer 8000 from unity's savings account to UBA,"5:10:SL:MONEY,38:43:SL:BANK_NAME,49:52:SL:BANK_NAME",[IN:transfer [SL:MONEY ₦8000] [SL:BANK_NAME unity] [SL:BANK_NAME UBA] ],MONEY: ₦8000 $$ BANK_NAME: unity $$ BANK_NAME: UBA,hau
banking,transfer,Transfer 200 thousand naira from paypal to GT account,"5:19:SL:MONEY,25:31:SL:PAYMENT_COMPANY,51:53:SL:BANK_NAME",[IN:transfer [SL:MONEY naira dubu 200] [SL:PAYMENT_COMPANY paypal] [SL:BANK_NAME GT] ],MONEY: naira dubu 200 $$ PAYMENT_COMPANY: paypal $$ BANK_NAME: GT,hau
banking,transfer,What is the most efficient way to transfer money from one account to another,,[IN:transfer ],,hau
banking,transfer,How could I send money to Aisha's bank account?,16:21:SL:PERSONAL_NAME,[IN:transfer [SL:PERSONAL_NAME Aisha] ],PERSONAL_NAME: Aisha,hau
banking,transfer,How can I send money to the bank account?,16:20:SL:PERSONAL_NAME,[IN:transfer [SL:PERSONAL_NAME Bala] ],PERSONAL_NAME: Bala,hau
banking,transfer,How do I send money to Bello's account?,16:21:SL:PERSONAL_NAME,[IN:transfer [SL:PERSONAL_NAME Bello] ],PERSONAL_NAME: Bello,hau
banking,transfer,How can I send money to Kande's bank account?,16:21:SL:PERSONAL_NAME,[IN:transfer [SL:PERSONAL_NAME Kande] ],PERSONAL_NAME: Kande,hau
banking,transfer,Can you transfer money from Unity bank to GT bank?,"32:37:SL:BANK_NAME,50:52:SL:BANK_NAME",[IN:transfer [SL:BANK_NAME Unity] [SL:BANK_NAME GT] ],BANK_NAME: Unity $$ BANK_NAME: GT,hau
banking,transfer,Can you transfer money between two banks?,,[IN:transfer ],,hau
banking,transfer,Can you transfer money from unity bank to GT?,"32:37:SL:BANK_NAME,43:45:SL:BANK_NAME",[IN:transfer [SL:BANK_NAME unity] [SL:BANK_NAME GT] ],BANK_NAME: unity $$ BANK_NAME: GT,hau
banking,transfer,Can you transfer money from Jaiz to GT Bank?,"25:29:SL:BANK_NAME,42:44:SL:BANK_NAME",[IN:transfer [SL:BANK_NAME Jaiz] [SL:BANK_NAME GT] ],BANK_NAME: Jaiz $$ BANK_NAME: GT,hau
banking,transfer,You can transfer money from UBA to GT,"25:28:SL:BANK_NAME,34:36:SL:BANK_NAME",[IN:transfer [SL:BANK_NAME UBA] [SL:BANK_NAME GT] ],BANK_NAME: UBA $$ BANK_NAME: GT,hau
banking,transfer,Can you send money from Zenith to GT?,"25:31:SL:BANK_NAME,37:39:SL:BANK_NAME",[IN:transfer [SL:BANK_NAME Zenith] [SL:BANK_NAME GT] ],BANK_NAME: Zenith $$ BANK_NAME: GT,hau
banking,transfer,You can help me send money from Zenith to Jaiz,"39:45:SL:BANK_NAME,51:55:SL:BANK_NAME",[IN:transfer [SL:BANK_NAME Zenith] [SL:BANK_NAME Jaiz] ],BANK_NAME: Zenith $$ BANK_NAME: Jaiz,hau
banking,transfer,"I can transfer N50,000 from my zenith bank account to Jaiz","13:30:SL:MONEY,52:58:SL:BANK_NAME,64:68:SL:BANK_NAME",[IN:transfer [SL:MONEY Naira dubu hamsin] [SL:BANK_NAME zenith] [SL:BANK_NAME Jaiz] ],MONEY: Naira dubu hamsin $$ BANK_NAME: zenith $$ BANK_NAME: Jaiz,hau
banking,transfer,Please send me the money to ahmad's account,39:44:SL:PERSONAL_NAME,[IN:transfer [SL:PERSONAL_NAME ahmad] ],PERSONAL_NAME: ahmad,hau
banking,transfer,I would like to send the money now,21:26:SL:TIME,[IN:transfer [SL:TIME yanzu] ],TIME: yanzu,hau
banking,transfer,Show me who to transfer money between my accounts,,[IN:transfer ],,hau
banking,transfer,How can I transfer money to the bank account now?,"19:24:SL:PERSONAL_NAME,30:37:SL:TIME",[IN:transfer [SL:PERSONAL_NAME Mairo] [SL:TIME a yanzu] ],PERSONAL_NAME: Mairo $$ TIME: a yanzu,hau
banking,transfer,Transfer 30000 to the bank account of Indo ,"5:11:SL:MONEY,32:36:SL:PERSONAL_NAME",[IN:transfer [SL:MONEY ₦30000] [SL:PERSONAL_NAME Indo] ],MONEY: ₦30000 $$ PERSONAL_NAME: Indo,hau
banking,transfer,Can you send money from Zenith to GT tomorrow?,"25:31:SL:BANK_NAME,37:39:SL:BANK_NAME,42:46:SL:DATE",[IN:transfer [SL:BANK_NAME Zenith] [SL:BANK_NAME GT] [SL:DATE gobe] ],BANK_NAME: Zenith $$ BANK_NAME: GT $$ DATE: gobe,hau
banking,transfer,I can transfer some money between two accounts,,[IN:transfer ],,hau
banking,transfer,I can transfer money between my accounts,,[IN:transfer ],,hau
home,calendar_update,Removal of eye doctor appointment from the calendar of God's people,5:27:SL:CALENDAR_EVENT,[IN:calendar_update [SL:CALENDAR_EVENT zuwa ganin likitan ido] ],CALENDAR_EVENT: zuwa ganin likitan ido,hau
home,calendar_update,God's Son erases everything from today's calendar,37:40:SL:DATE,[IN:calendar_update [SL:DATE yau] ],DATE: yau,hau
home,calendar_update,"God's son, erase everything on my calendar for the month of March",45:56:SL:DATE,[IN:calendar_update [SL:DATE watan maris] ],DATE: watan maris,hau
home,calendar_update,The Son of God added Aisha's birthday on her calendar.,15:41:SL:CALENDAR_EVENT,[IN:calendar_update [SL:CALENDAR_EVENT ranar bikin haihuwar Aisha] ],CALENDAR_EVENT: ranar bikin haihuwar Aisha,hau
home,calendar_update,God's son mark me on the calendar to come to Bashir's house on June 12,"39:58:SL:CALENDAR_EVENT,61:83:SL:DATE",[IN:calendar_update [SL:CALENDAR_EVENT zuwa gidansu Bashir] [SL:DATE ranar 12 ga watan Yuni] ],CALENDAR_EVENT: zuwa gidansu Bashir $$ DATE: ranar 12 ga watan Yuni,hau
home,calendar_update,God's son put me meeting them big muse on my calendar,19:39:SL:CALENDAR_EVENT,[IN:calendar_update [SL:CALENDAR_EVENT taron su Babban musa] ],CALENDAR_EVENT: taron su Babban musa,hau
home,calendar_update,Delete all events on Saturday and Sunday from your calendar,"31:43:SL:DATE,47:53:SL:DATE",[IN:calendar_update [SL:DATE ranar asabar] [SL:DATE lahadi] ],DATE: ranar asabar $$ DATE: lahadi,hau
home,calendar_update,Delete all items on the calendar for March 6,32:48:SL:DATE,[IN:calendar_update [SL:DATE 6 ga watan maris] ],DATE: 6 ga watan maris,hau
home,calendar_update,"I need to clear something from my calendar, okay?",,[IN:calendar_update ],,hau
home,calendar_update,add the visit to their home Addo on my calendar,5:30:SL:CALENDAR_EVENT,[IN:calendar_update [SL:CALENDAR_EVENT ziyarar zuwa gidan su Ado] ],CALENDAR_EVENT: ziyarar zuwa gidan su Ado,hau
home,calendar_update,Put my feast on June 20th called the salima festival on my calendar,"14:36:SL:DATE,46:58:SL:CALENDAR_EVENT",[IN:calendar_update [SL:DATE ranar 20 ga watan Yuni] [SL:CALENDAR_EVENT bikin salima] ],DATE: ranar 20 ga watan Yuni $$ CALENDAR_EVENT: bikin salima,hau
home,calendar_update,Delete the festival of Jamila from the calendar of God's son,6:18:SL:CALENDAR_EVENT,[IN:calendar_update [SL:CALENDAR_EVENT bikin Jamila] ],CALENDAR_EVENT: bikin Jamila,hau
home,calendar_update,Clear all the items on my calendar for December,33:46:SL:DATE,[IN:calendar_update [SL:DATE watan Disamba] ],DATE: watan Disamba,hau
home,calendar_update,Can you add a special event to your calendar for next Saturday?,46:67:SL:DATE,[IN:calendar_update [SL:DATE ranar asabar mai zuwa] ],DATE: ranar asabar mai zuwa,hau
home,calendar_update,Why not mark next week's meeting on your calendar?,30:43:SL:DATE,[IN:calendar_update [SL:DATE sati mai zuwa] ],DATE: sati mai zuwa,hau
home,calendar_update,You can mark me on the calendar by coming to Bashir's house on June 12,"38:57:SL:CALENDAR_EVENT,60:82:SL:DATE",[IN:calendar_update [SL:CALENDAR_EVENT zuwa gidansu Bashir] [SL:DATE ranar 12 ga watan Yuni] ],CALENDAR_EVENT: zuwa gidansu Bashir $$ DATE: ranar 12 ga watan Yuni,hau
home,calendar_update,remove the memorial meal from my calendar on April 5,"13:25:SL:CALENDAR_EVENT,44:61:SL:DATE",[IN:calendar_update [SL:CALENDAR_EVENT ranar tunawa] [SL:DATE ranar 5 ga Afrilu] ],CALENDAR_EVENT: ranar tunawa $$ DATE: ranar 5 ga Afrilu,hau
home,calendar_update,Delete an eye doctor appointment from your calendar,5:26:SL:CALENDAR_EVENT,[IN:calendar_update [SL:CALENDAR_EVENT alƙawarin likitan ido] ],CALENDAR_EVENT: alƙawarin likitan ido,hau
home,calendar_update,Remove an eye doctor's appointment from God's people's calendar,5:26:SL:CALENDAR_EVENT,[IN:calendar_update [SL:CALENDAR_EVENT alƙawarin likitan ido] ],CALENDAR_EVENT: alƙawarin likitan ido,hau
home,calendar_update,Remove Jamila's birthday from her calendar,5:17:SL:CALENDAR_EVENT,[IN:calendar_update [SL:CALENDAR_EVENT bikin Jamila] ],CALENDAR_EVENT: bikin Jamila,hau
home,calendar_update,Remove the June 20th celebration called salima from my calendar,"11:33:SL:DATE,43:55:SL:CALENDAR_EVENT",[IN:calendar_update [SL:DATE ranar 20 ga watan Yuni] [SL:CALENDAR_EVENT bikin salima] ],DATE: ranar 20 ga watan Yuni $$ CALENDAR_EVENT: bikin salima,hau
home,calendar_update,Sarah's wedding is removed from her calendar,5:17:SL:CALENDAR_EVENT,[IN:calendar_update [SL:CALENDAR_EVENT bikin Saratu] ],CALENDAR_EVENT: bikin Saratu,hau
home,calendar_update,Deleting the Idris festival event from the calendar,5:22:SL:CALENDAR_EVENT,[IN:calendar_update [SL:CALENDAR_EVENT taron bikin Idris] ],CALENDAR_EVENT: taron bikin Idris,hau
home,calendar_update,remove the May 11th company meeting from my calendar,"5:18:SL:CALENDAR_EVENT,22:38:SL:DATE",[IN:calendar_update [SL:CALENDAR_EVENT taron kamfani] [SL:DATE 11 ga watan Mayu] ],CALENDAR_EVENT: taron kamfani $$ DATE: 11 ga watan Mayu,hau
home,calendar_update,Delete their meeting Great muse from my calendar,5:25:SL:CALENDAR_EVENT,[IN:calendar_update [SL:CALENDAR_EVENT taron su Babban musa] ],CALENDAR_EVENT: taron su Babban musa,hau
home,calendar_update,God's Son to remove the invitation to lunch with Moses from my calendar on Tuesday,"17:55:SL:CALENDAR_EVENT,82:94:SL:DATE",[IN:calendar_update [SL:CALENDAR_EVENT gayyatar cin abincin rana tare da musa] [SL:DATE ranar Talata] ],CALENDAR_EVENT: gayyatar cin abincin rana tare da musa $$ DATE: ranar Talata,hau
home,calendar_update,The Son of God removes the Festival of Booths from his calendar,15:26:SL:CALENDAR_EVENT,[IN:calendar_update [SL:CALENDAR_EVENT bikin Bilki] ],CALENDAR_EVENT: bikin Bilki,hau
home,calendar_update,God's Son removes Sarah's wedding from his calendar,15:27:SL:CALENDAR_EVENT,[IN:calendar_update [SL:CALENDAR_EVENT bikin Saratu] ],CALENDAR_EVENT: bikin Saratu,hau
home,calendar_update,God's Son removed May 11th company meeting from my calendar,"15:28:SL:CALENDAR_EVENT,32:48:SL:DATE",[IN:calendar_update [SL:CALENDAR_EVENT taron kamfani] [SL:DATE 11 ga watan Mayu] ],CALENDAR_EVENT: taron kamfani $$ DATE: 11 ga watan Mayu,hau
home,calendar_update,Please delete my entry in my calendar,,[IN:calendar_update ],,hau
home,calendar_update,God's Son erases all events on Tuesday from his calendar,41:53:SL:DATE,[IN:calendar_update [SL:DATE ranar Talata] ],DATE: ranar Talata,hau
home,calendar_update,God's son erased everything from my calendar,,[IN:calendar_update ],,hau
home,calendar_update,God's Son added a dentist appointment to my calendar,15:39:SL:CALENDAR_EVENT,[IN:calendar_update [SL:CALENDAR_EVENT alƙawarin likitan haƙori] ],CALENDAR_EVENT: alƙawarin likitan haƙori,hau
home,calendar_update,God's Son put Sarah's feast day on the Sabbath on his calendar,"15:27:SL:CALENDAR_EVENT,28:40:SL:DATE",[IN:calendar_update [SL:CALENDAR_EVENT bikin Saratu] [SL:DATE ranar asabar] ],CALENDAR_EVENT: bikin Saratu $$ DATE: ranar asabar,hau
home,calendar_update,God's son gave me a holiday on June 20 called Zainab festival on my calendar,"24:46:SL:DATE,56:68:SL:CALENDAR_EVENT",[IN:calendar_update [SL:DATE ranar 20 ga watan Yuni] [SL:CALENDAR_EVENT bikin Zainab] ],DATE: ranar 20 ga watan Yuni $$ CALENDAR_EVENT: bikin Zainab,hau
home,calendar_update,God's people erase their meetings Great Moses from my calendar,16:36:SL:CALENDAR_EVENT,[IN:calendar_update [SL:CALENDAR_EVENT taron su Babban musa] ],CALENDAR_EVENT: taron su Babban musa,hau
home,calendar_update,Tell me how to change something in my calendar,,[IN:calendar_update ],,hau
home,calendar_update,Delete all events on Tuesday from my calendar,31:43:SL:DATE,[IN:calendar_update [SL:DATE ranar Talata] ],DATE: ranar Talata,hau
home,calendar_update,Delete all calendar entries for the 6th of December,30:48:SL:DATE,[IN:calendar_update [SL:DATE ranar 6 ga Disamba] ],DATE: ranar 6 ga Disamba,hau
home,calendar_update,Delete the Friday event from your calendar,5:21:SL:CALENDAR_EVENT,[IN:calendar_update [SL:CALENDAR_EVENT haɗuwa da Jummai] ],CALENDAR_EVENT: haɗuwa da Jummai,hau
home,calendar_update,Delete my March 8 visit to the doctor from my calendar,"5:24:SL:CALENDAR_EVENT,25:47:SL:DATE",[IN:calendar_update [SL:CALENDAR_EVENT zuwana wajen likita] [SL:DATE ranar 8 ga watan Maris] ],CALENDAR_EVENT: zuwana wajen likita $$ DATE: ranar 8 ga watan Maris,hau
home,calendar_update,"If I want to change something on my calendar, what do I do?",,[IN:calendar_update ],,hau
home,calendar_update,"I need to change something in my calendar, okay?",,[IN:calendar_update ],,hau
home,calendar_update,"I need to change something on December 7th on my calendar, okay?",27:51:SL:DATE,[IN:calendar_update [SL:DATE ranar 7 ga watan Disamba] ],DATE: ranar 7 ga watan Disamba,hau
home,calendar_update,"I need to clear something off my calendar, okay?",,[IN:calendar_update ],,hau
home,calendar_update,"I need to add something to my calendar, okay?",,[IN:calendar_update ],,hau
home,calendar_update,I would like to take the meeting at 8 am with sam on the 5th Monday of my calendar,"22:37:SL:TIME,46:49:SL:PERSONAL_NAME,52:67:SL:DATE",[IN:calendar_update [SL:TIME karfe 8 na safe] [SL:PERSONAL_NAME sam] [SL:DATE ranar litinin 5] ],TIME: karfe 8 na safe $$ PERSONAL_NAME: sam $$ DATE: ranar litinin 5,hau
home,calendar_update,I want you to tell me how to change something in my calendar,,[IN:calendar_update ],,hau
home,calendar_update,add mother's birthday on the calendar on September 20,"5:29:SL:CALENDAR_EVENT,46:71:SL:DATE",[IN:calendar_update [SL:CALENDAR_EVENT ranar haihuwar mahaifiya] [SL:DATE ranar 20 ga watan Satumba] ],CALENDAR_EVENT: ranar haihuwar mahaifiya $$ DATE: ranar 20 ga watan Satumba,hau
home,calendar_update,add a meeting on May 1 to my calendar?,17:38:SL:DATE,[IN:calendar_update [SL:DATE ranar 1 ga watan mayu] ],DATE: ranar 1 ga watan mayu,hau
home,calendar_update,add another meeting on November 1 to my calendar?,17:41:SL:DATE,[IN:calendar_update [SL:DATE ranar 1 ga watan Nuwamba] ],DATE: ranar 1 ga watan Nuwamba,hau
home,calendar_update,add visits to the doctor on your calendar,5:30:SL:CALENDAR_EVENT,[IN:calendar_update [SL:CALENDAR_EVENT ziyarar zuwa wajen likita] ],CALENDAR_EVENT: ziyarar zuwa wajen likita,hau
home,calendar_update,add the next visit to your calendar,5:30:SL:CALENDAR_EVENT,[IN:calendar_update [SL:CALENDAR_EVENT ziyarar zuwa wajen likita] ],CALENDAR_EVENT: ziyarar zuwa wajen likita,hau
home,calendar_update,add the next eye exam to your calendar,5:35:SL:CALENDAR_EVENT,[IN:calendar_update [SL:CALENDAR_EVENT ziyarar zuwa wajen likitan ido] ],CALENDAR_EVENT: ziyarar zuwa wajen likitan ido,hau
home,calendar_update,Mark my calendar for Bashir's house on June 12,"29:48:SL:CALENDAR_EVENT,51:73:SL:DATE",[IN:calendar_update [SL:CALENDAR_EVENT zuwa gidansu Bashir] [SL:DATE ranar 12 ga watan Yuni] ],CALENDAR_EVENT: zuwa gidansu Bashir $$ DATE: ranar 12 ga watan Yuni,hau
home,calendar_update,Delete all posts on my calendar on February 2,35:60:SL:DATE,[IN:calendar_update [SL:DATE ranar 2 ga watan Fabrairu] ],DATE: ranar 2 ga watan Fabrairu,hau
home,calendar_update,delete all my schedules for April 1,27:35:SL:DATE,[IN:calendar_update [SL:DATE Afrilu 1] ],DATE: Afrilu 1,hau
home,calendar_update,Clear my calendar for March,20:31:SL:DATE,[IN:calendar_update [SL:DATE watan Maris] ],DATE: watan Maris,hau
home,calendar_update,Clear my calendar for June,20:30:SL:DATE,[IN:calendar_update [SL:DATE watan Yuni] ],DATE: watan Yuni,hau
home,calendar_update,Cancel an appointment to Binta's house from your calendar,5:31:SL:CALENDAR_EVENT,[IN:calendar_update [SL:CALENDAR_EVENT alƙawarin zuwa gidan Binta] ],CALENDAR_EVENT: alƙawarin zuwa gidan Binta,hau
home,calendar_update,Cancel the meeting scheduled for this afternoon from my calendar,30:42:SL:TIME,[IN:calendar_update [SL:TIME yammacin yau] ],TIME: yammacin yau,hau
home,calendar_update,How can I clear my events calendar for March,56:67:SL:DATE,[IN:calendar_update [SL:DATE watan Maris] ],DATE: watan Maris,hau
home,calendar_update,How do I delete my entry from last week's calendar,50:66:SL:DATE,[IN:calendar_update [SL:DATE satin da ya wuce] ],DATE: satin da ya wuce,hau
home,calendar_update,Can you add another meeting on May 1 to your calendar?,27:48:SL:DATE,[IN:calendar_update [SL:DATE ranar 1 ga watan mayu] ],DATE: ranar 1 ga watan mayu,hau
home,calendar_update,You can add an event to your calendar,,[IN:calendar_update ],,hau
home,calendar_update,Can you delete everything on my calendar for March?,41:52:SL:DATE,[IN:calendar_update [SL:DATE watan maris] ],DATE: watan maris,hau
home,calendar_update,You can delete the May 11th company meeting from your calendar,"14:27:SL:CALENDAR_EVENT,31:47:SL:DATE",[IN:calendar_update [SL:CALENDAR_EVENT taron kamfani] [SL:DATE 11 ga watan Mayu] ],CALENDAR_EVENT: taron kamfani $$ DATE: 11 ga watan Mayu,hau
home,calendar_update,You can delete all events on Wednesday from your calendar,40:52:SL:DATE,[IN:calendar_update [SL:DATE ranar laraba] ],DATE: ranar laraba,hau
home,calendar_update,Can you delete the entry of the calendar for December 6?,35:53:SL:DATE,[IN:calendar_update [SL:DATE ranar 6 ga Disamba] ],DATE: ranar 6 ga Disamba,hau
home,calendar_update,You can cancel the meeting with Fatima on March 6,"35:41:SL:PERSONAL_NAME,42:64:SL:DATE",[IN:calendar_update [SL:PERSONAL_NAME Fatima] [SL:DATE ranar 6 ga watan Maris] ],PERSONAL_NAME: Fatima $$ DATE: ranar 6 ga watan Maris,hau
home,calendar_update,"I'll change something in my calendar, won't I?",,[IN:calendar_update ],,hau
home,calendar_update,Can I add something to the calendar for Thursday?,35:48:SL:DATE,[IN:calendar_update [SL:DATE ranar alhamis] ],DATE: ranar alhamis,hau
home,calendar_update,God's people remove their Great Moses meeting from their calendar,15:35:SL:CALENDAR_EVENT,[IN:calendar_update [SL:CALENDAR_EVENT taron su Babban musa] ],CALENDAR_EVENT: taron su Babban musa,hau
home,calendar_update,The son of God cancelled the meeting with Fatima on March 6,"36:42:SL:PERSONAL_NAME,43:65:SL:DATE",[IN:calendar_update [SL:PERSONAL_NAME Fatima] [SL:DATE ranar 6 ga watan Maris] ],PERSONAL_NAME: Fatima $$ DATE: ranar 6 ga watan Maris,hau
home,calendar_update,Delete everything on my calendar for the month of March,32:43:SL:DATE,[IN:calendar_update [SL:DATE watan maris] ],DATE: watan maris,hau
home,calendar_update,adding my father's birthday on the calendar on May 2,"5:29:SL:CALENDAR_EVENT,46:67:SL:DATE",[IN:calendar_update [SL:CALENDAR_EVENT ranar haihuwar mahaifina] [SL:DATE ranar 2 ga watan Mayu] ],CALENDAR_EVENT: ranar haihuwar mahaifina $$ DATE: ranar 2 ga watan Mayu,hau
home,calendar_update,Put the May 11th company meeting on your calendar,"5:18:SL:CALENDAR_EVENT,22:38:SL:DATE",[IN:calendar_update [SL:CALENDAR_EVENT taron kamfani] [SL:DATE 11 ga watan Mayu] ],CALENDAR_EVENT: taron kamfani $$ DATE: 11 ga watan Mayu,hau
home,calendar_update,How can I delete all the events in my calendar for April,67:79:SL:DATE,[IN:calendar_update [SL:DATE watan Afrilu] ],DATE: watan Afrilu,hau
home,calendar_update,How do I delete my entry on the calendar for the month of April,55:66:SL:DATE,[IN:calendar_update [SL:DATE wata Afrilu] ],DATE: wata Afrilu,hau
home,calendar_update,Can you cancel the meeting with Fatima on March 23,"40:46:SL:PERSONAL_NAME,47:70:SL:DATE",[IN:calendar_update [SL:PERSONAL_NAME Fatima] [SL:DATE ranar 23 ga watan Maris] ],PERSONAL_NAME: Fatima $$ DATE: ranar 23 ga watan Maris,hau
home,play_music,How should I play the song of the Pantheon?,21:30:SL:ARTIST_NAME,[IN:play_music [SL:ARTIST_NAME Fantimoti] ],ARTIST_NAME: Fantimoti,hau
home,play_music,Dear God I want you to play me a list of songs of Salim smart,44:55:SL:ARTIST_NAME,[IN:play_music [SL:ARTIST_NAME Salim smart] ],ARTIST_NAME: Salim smart,hau
home,play_music,Son of God play me a list of love songs in Hausa,45:50:SL:LANGUAGE_NAME,[IN:play_music [SL:LANGUAGE_NAME hausa] ],LANGUAGE_NAME: hausa,hau
home,play_music,God's son play me the song of the lesson first,26:39:SL:SONG_NAME,[IN:play_music [SL:SONG_NAME darasul auwal] ],SONG_NAME: darasul auwal,hau
home,play_music,God's son playing a love song,"22:26:SL:ARTIST_NAME,37:44:SL:SONG_NAME",[IN:play_music [SL:ARTIST_NAME boda] [SL:SONG_NAME soyayya] ],ARTIST_NAME: boda $$ SONG_NAME: soyayya,hau
home,play_music,Son of God playing the song of Fati Niger,22:32:SL:ARTIST_NAME,[IN:play_music [SL:ARTIST_NAME Fati Niger] ],ARTIST_NAME: Fati Niger,hau
home,play_music,"I want to listen to Adam's music nagudu, play me",24:36:SL:ARTIST_NAME,[IN:play_music [SL:ARTIST_NAME Adamu nagudu] ],ARTIST_NAME: Adamu nagudu,hau
home,play_music,Play music Hermes breaker son of the god,12:26:SL:ARTIST_NAME,[IN:play_music [SL:ARTIST_NAME Hamisu breaker] ],ARTIST_NAME: Hamisu breaker,hau
home,play_music,Play me some songs of Hairat Abdullahi,18:34:SL:ARTIST_NAME,[IN:play_music [SL:ARTIST_NAME Hairat Abdullahi] ],ARTIST_NAME: Hairat Abdullahi,hau
home,play_music,How can I play Hairat Abdullahi's playlist?,37:53:SL:ARTIST_NAME,[IN:play_music [SL:ARTIST_NAME Hairat Abdullahi] ],ARTIST_NAME: Hairat Abdullahi,hau
home,play_music,Can you play the song shareef commands titled letter?,"27:39:SL:ARTIST_NAME,50:56:SL:SONG_NAME",[IN:play_music [SL:ARTIST_NAME umar shareef] [SL:SONG_NAME wasiƙa] ],ARTIST_NAME: umar shareef $$ SONG_NAME: wasiƙa,hau
home,play_music,Could you play Adam's music on a musical instrument?,27:39:SL:ARTIST_NAME,[IN:play_music [SL:ARTIST_NAME Adamu nagudu] ],ARTIST_NAME: Adamu nagudu,hau
home,play_music,How can I play the music on the CD?,32:42:SL:ARTIST_NAME,[IN:play_music [SL:ARTIST_NAME Ado Gwanja] ],ARTIST_NAME: Ado Gwanja,hau
home,play_music,How do I play the Hermes breaker playlist?,32:46:SL:ARTIST_NAME,[IN:play_music [SL:ARTIST_NAME Hamisu breaker] ],ARTIST_NAME: Hamisu breaker,hau
home,play_music,You can play Adam's music on the piano,22:34:SL:ARTIST_NAME,[IN:play_music [SL:ARTIST_NAME Adamu nagudu] ],ARTIST_NAME: Adamu nagudu,hau
home,play_music,Can you play me a song by Auta Waziri called Kewa?,"25:36:SL:ARTIST_NAME,46:50:SL:SONG_NAME",[IN:play_music [SL:ARTIST_NAME Auta waziri] [SL:SONG_NAME kewa] ],ARTIST_NAME: Auta waziri $$ SONG_NAME: kewa,hau
home,play_music,God's son has a voice,,[IN:play_music ],,hau
home,play_music,The Son of God plays a new song for us Adam,35:47:SL:ARTIST_NAME,[IN:play_music [SL:ARTIST_NAME Adamu nagudu] ],ARTIST_NAME: Adamu nagudu,hau
home,play_music,God's son play us a new song,35:45:SL:ARTIST_NAME,[IN:play_music [SL:ARTIST_NAME Ado gwanja] ],ARTIST_NAME: Ado gwanja,hau
home,play_music,Son of God play us the new song Ali jita,35:43:SL:ARTIST_NAME,[IN:play_music [SL:ARTIST_NAME Ali jita] ],ARTIST_NAME: Ali jita,hau
home,play_music,The Son of God playing Adam's song,27:37:SL:ARTIST_NAME,[IN:play_music [SL:ARTIST_NAME Adam zango] ],ARTIST_NAME: Adam zango,hau
home,play_music,Son of God play us Ali's song against Asnanic,"27:35:SL:ARTIST_NAME,39:46:SL:ARTIST_NAME",[IN:play_music [SL:ARTIST_NAME Ali jita] [SL:ARTIST_NAME Asnanic] ],ARTIST_NAME: Ali jita $$ ARTIST_NAME: Asnanic,hau
home,play_music,God's son play us the song of Rarara,27:33:SL:ARTIST_NAME,[IN:play_music [SL:ARTIST_NAME Rarara] ],ARTIST_NAME: Rarara,hau
home,play_music,God's Son playing the music of the clapper,22:29:SL:SONG_NAME,[IN:play_music [SL:SONG_NAME kallabi] ],SONG_NAME: kallabi,hau
home,play_music,God's Son playing the music,,[IN:play_music ],,hau
home,play_music,"Son of God, play me a song.",10:14:SL:PERSONAL_NAME,[IN:play_music [SL:PERSONAL_NAME Musa] ],PERSONAL_NAME: Musa,hau
home,play_music,God's Son to us,,[IN:play_music ],,hau
home,play_music,Son of God to receive Namenj sound,23:29:SL:ARTIST_NAME,[IN:play_music [SL:ARTIST_NAME Namenj] ],ARTIST_NAME: Namenj,hau
home,play_music,"""Son of God, the song that says, """"Salma salma duduf"""", play it""",31:48:SL:SONG_NAME,[IN:play_music [SL:SONG_NAME Salma salma duduf] ],SONG_NAME: Salma salma duduf,hau
home,play_music,God's son can play us Rarara's song,36:42:SL:ARTIST_NAME,[IN:play_music [SL:ARTIST_NAME Rarara] ],ARTIST_NAME: Rarara,hau
home,play_music,"""please play that song that goes, """"Star ships are meant to fly""",48:92:SL:SONG_NAME,[IN:play_music [SL:SONG_NAME An yi nufin jiragen ruwa na taurari su tashi] ],SONG_NAME: An yi nufin jiragen ruwa na taurari su tashi,hau
home,play_music,"I like to listen to music, play it for me",,[IN:play_music ],,hau
home,play_music,Or can you fill us with the sound of a trumpet?,28:34:SL:SONG_NAME,[IN:play_music [SL:SONG_NAME rariya] ],SONG_NAME: rariya,hau
home,play_music,Play the music of the Son of God,,[IN:play_music ],,hau
home,play_music,Play us the new song Ali the guitar,25:33:SL:ARTIST_NAME,[IN:play_music [SL:ARTIST_NAME Ali jita] ],ARTIST_NAME: Ali jita,hau
home,play_music,Play a song for us,,[IN:play_music ],,hau
home,play_music,Play a song for us,,[IN:play_music ],,hau
home,play_music,Play the Adam song for us,17:29:SL:ARTIST_NAME,[IN:play_music [SL:ARTIST_NAME Adamu nagudu] ],ARTIST_NAME: Adamu nagudu,hau
home,play_music,Play the song of Ali for us,17:25:SL:ARTIST_NAME,[IN:play_music [SL:ARTIST_NAME Ali jita] ],ARTIST_NAME: Ali jita,hau
home,play_music,Play me the playlist of Salim smart,24:35:SL:ARTIST_NAME,[IN:play_music [SL:ARTIST_NAME Salim smart] ],ARTIST_NAME: Salim smart,hau
home,play_music,Play me a list of love songs in Hausa,35:40:SL:LANGUAGE_NAME,[IN:play_music [SL:LANGUAGE_NAME hausa] ],LANGUAGE_NAME: hausa,hau
home,play_music,Play me a song called beautiful,24:33:SL:SONG_NAME,[IN:play_music [SL:SONG_NAME kyakkyawa] ],SONG_NAME: kyakkyawa,hau
home,play_music,Play me some Adam songs in the camp,18:30:SL:ARTIST_NAME,[IN:play_music [SL:ARTIST_NAME Adam A Zango] ],ARTIST_NAME: Adam A Zango,hau
home,play_music,Play me some satanic music,18:23:SL:ARTIST_NAME,[IN:play_music [SL:ARTIST_NAME shata] ],ARTIST_NAME: shata,hau
home,play_music,Play me some modern music,,[IN:play_music ],,hau
home,play_music,Play a song called my story,24:32:SL:SONG_NAME,[IN:play_music [SL:SONG_NAME labarina] ],SONG_NAME: labarina,hau
home,play_music,Play a song called warr,24:28:SL:SONG_NAME,[IN:play_music [SL:SONG_NAME warr] ],SONG_NAME: warr,hau
home,play_music,Play the warr by adorn auction,"24:28:SL:SONG_NAME,32:42:SL:ARTIST_NAME",[IN:play_music [SL:SONG_NAME warr] [SL:ARTIST_NAME ado gwanja] ],SONG_NAME: warr $$ ARTIST_NAME: ado gwanja,hau
home,play_music,"""play a song that says, """"the stars are meant to rise""",27:49:SL:SONG_NAME,[IN:play_music [SL:SONG_NAME taurari an so su tashi] ],SONG_NAME: taurari an so su tashi,hau
home,play_music,Play the song salim smart,12:23:SL:ARTIST_NAME,[IN:play_music [SL:ARTIST_NAME salim smart] ],ARTIST_NAME: salim smart,hau
home,play_music,Play the music,,[IN:play_music ],,hau
home,play_music,to help us,,[IN:play_music ],,hau
home,play_music,Playing the national anthem,16:22:SL:SONG_NAME,[IN:play_music [SL:SONG_NAME rariya] ],SONG_NAME: rariya,hau
home,play_music,Acquisition of sound,,[IN:play_music ],,hau
home,play_music,Finding the Namenj sound,13:19:SL:ARTIST_NAME,[IN:play_music [SL:ARTIST_NAME Namenj] ],ARTIST_NAME: Namenj,hau
home,play_music,downloading some publications,,[IN:play_music ],,hau
home,play_music,Can you play umar shareef's song?,27:39:SL:ARTIST_NAME,[IN:play_music [SL:ARTIST_NAME umar shareef] ],ARTIST_NAME: umar shareef,hau
home,play_music,Can you play the music of Ado Gwanja?,34:44:SL:ARTIST_NAME,[IN:play_music [SL:ARTIST_NAME Ado Gwanja] ],ARTIST_NAME: Ado Gwanja,hau
home,play_music,Can you play a song for us?,,[IN:play_music ],,hau
home,play_music,Can you play Ali Jata's song for us,31:39:SL:ARTIST_NAME,[IN:play_music [SL:ARTIST_NAME Ali jita] ],ARTIST_NAME: Ali jita,hau
home,play_music,Can you play a country song for us?,31:37:SL:SONG_NAME,[IN:play_music [SL:SONG_NAME rariya] ],SONG_NAME: rariya,hau
home,play_music,Can you play a song for us?,,[IN:play_music ],,hau
home,play_music,"""The song that says, """"Abba Goma Goma Abba"""", play it for us""",21:40:SL:SONG_NAME,[IN:play_music [SL:SONG_NAME Abba gida gida Abba] ],SONG_NAME: Abba gida gida Abba,hau
home,play_music,"""The song that says, 'Abba, Abba', play it""",21:40:SL:SONG_NAME,[IN:play_music [SL:SONG_NAME Abba gida gida Abba] ],SONG_NAME: Abba gida gida Abba,hau
home,play_music,Would you be willing to play the songs?,,[IN:play_music ],,hau
home,play_music,You can play music,,[IN:play_music ],,hau
home,play_music,"""you can play a song that goes like, 'The stars are meant to rise.'""",45:70:SL:SONG_NAME,[IN:play_music [SL:SONG_NAME taurari an yi nufin tashi] ],SONG_NAME: taurari an yi nufin tashi,hau
home,play_music,"""you'll play a song that goes like, 'The stars are meant to rise'",41:66:SL:SONG_NAME,[IN:play_music [SL:SONG_NAME taurari an yi nufin tashi] ],SONG_NAME: taurari an yi nufin tashi,hau
home,play_music,Can you play a song called Pantimote?,21:30:SL:ARTIST_NAME,[IN:play_music [SL:ARTIST_NAME Fantimoti] ],ARTIST_NAME: Fantimoti,hau
home,play_music,You can play the songs,,[IN:play_music ],,hau
home,play_music,Can you find the sound?,,[IN:play_music ],,hau
home,play_music,Can you find the sound of Namenj?,22:28:SL:ARTIST_NAME,[IN:play_music [SL:ARTIST_NAME Namenj] ],ARTIST_NAME: Namenj,hau
home,play_music,Son of God play me a series of love songs by Umar shareef,45:57:SL:ARTIST_NAME,[IN:play_music [SL:ARTIST_NAME Umar shareef] ],ARTIST_NAME: Umar shareef,hau
home,play_music,Son of God play me the song of the Hermes breaker entitled 'Germans'?,"26:40:SL:ARTIST_NAME,52:58:SL:SONG_NAME",[IN:play_music [SL:ARTIST_NAME Hamisu breaker] [SL:SONG_NAME Jaruma] ],ARTIST_NAME: Hamisu breaker $$ SONG_NAME: Jaruma,hau
home,play_music,Son of God play me a bride song,26:32:SL:SONG_NAME,[IN:play_music [SL:SONG_NAME mariya] ],SONG_NAME: mariya,hau
home,play_music,"I want to listen to Ali's music, please play for me",24:32:SL:ARTIST_NAME,[IN:play_music [SL:ARTIST_NAME Ali jita] ],ARTIST_NAME: Ali jita,hau
home,play_music,Play the music of sadiq saleh,12:23:SL:ARTIST_NAME,[IN:play_music [SL:ARTIST_NAME sadiq saleh] ],ARTIST_NAME: sadiq saleh,hau
home,play_music,How can I play the list of songs?,,[IN:play_music ],,hau
home,play_music,How can I play Adam's music on the piano,24:36:SL:ARTIST_NAME,[IN:play_music [SL:ARTIST_NAME Adamu nagudu] ],ARTIST_NAME: Adamu nagudu,hau
home,play_music,The song that says 'I will live and I will die' I want you to play it for me,19:46:SL:SONG_NAME,[IN:play_music [SL:SONG_NAME zan rayu dake zan mutu dake] ],SONG_NAME: zan rayu dake zan mutu dake,hau
home,shopping_list_update,Remove buckets from my shopping list,5:11:SL:SHOPPING_ITEM,[IN:shopping_list_update [SL:SHOPPING_ITEM bokiti] ],SHOPPING_ITEM: bokiti,hau
home,shopping_list_update,Removing palm trees from my shopping list,5:11:SL:DISH_OR_FOOD,[IN:shopping_list_update [SL:DISH_OR_FOOD dabino] ],DISH_OR_FOOD: dabino,hau
home,shopping_list_update,Removal of maize from the list of products,5:11:SL:DISH_OR_FOOD,[IN:shopping_list_update [SL:DISH_OR_FOOD masara] ],DISH_OR_FOOD: masara,hau
home,shopping_list_update,Removing corn from my shopping list,5:11:SL:DISH_OR_FOOD,[IN:shopping_list_update [SL:DISH_OR_FOOD masara] ],DISH_OR_FOOD: masara,hau
home,shopping_list_update,Remove toilet soap from our shopping list,5:18:SL:SHOPPING_ITEM,[IN:shopping_list_update [SL:SHOPPING_ITEM sabulun wanka] ],SHOPPING_ITEM: sabulun wanka,hau
home,shopping_list_update,God's Son removes salt and sugar from the shopping list,"15:22:SL:DISH_OR_FOOD,26:32:SL:DISH_OR_FOOD",[IN:shopping_list_update [SL:DISH_OR_FOOD gishiri] [SL:DISH_OR_FOOD sikari] ],DISH_OR_FOOD: gishiri $$ DISH_OR_FOOD: sikari,hau
home,shopping_list_update,God's son put cotton on my shopping list,15:21:SL:SHOPPING_ITEM,[IN:shopping_list_update [SL:SHOPPING_ITEM auduga] ],SHOPPING_ITEM: auduga,hau
home,shopping_list_update,"Check two milk in my shopping cart, otherwise more",5:11:SL:DISH_OR_FOOD,[IN:shopping_list_update [SL:DISH_OR_FOOD madara] ],DISH_OR_FOOD: madara,hau
home,shopping_list_update,add tea leaves to my shopping list,5:17:SL:DISH_OR_FOOD,[IN:shopping_list_update [SL:DISH_OR_FOOD ganyen shayi] ],DISH_OR_FOOD: ganyen shayi,hau
home,shopping_list_update,Putting palm trees on my shopping list,5:11:SL:DISH_OR_FOOD,[IN:shopping_list_update [SL:DISH_OR_FOOD dabino] ],DISH_OR_FOOD: dabino,hau
home,shopping_list_update,Add cooking oil to my shopping list,5:14:SL:DISH_OR_FOOD,[IN:shopping_list_update [SL:DISH_OR_FOOD man girki] ],DISH_OR_FOOD: man girki,hau
home,shopping_list_update,Add apples to my shopping list,5:10:SL:DISH_OR_FOOD,[IN:shopping_list_update [SL:DISH_OR_FOOD tuffa] ],DISH_OR_FOOD: tuffa,hau
home,shopping_list_update,"Is it two chickens in my basket, or two cows",5:14:SL:SHOPPING_ITEM,[IN:shopping_list_update [SL:SHOPPING_ITEM tsintsiya] ],SHOPPING_ITEM: tsintsiya,hau
home,shopping_list_update,How can I add potatoes to my shopping list,17:24:SL:DISH_OR_FOOD,[IN:shopping_list_update [SL:DISH_OR_FOOD dankali] ],DISH_OR_FOOD: dankali,hau
home,shopping_list_update,Five items to put on your shopping list,0:6:SL:DISH_OR_FOOD,[IN:shopping_list_update [SL:DISH_OR_FOOD Taliya] ],DISH_OR_FOOD: Taliya,hau
home,shopping_list_update,How do I remove soap from my shopping list,14:20:SL:SHOPPING_ITEM,[IN:shopping_list_update [SL:SHOPPING_ITEM sabulu] ],SHOPPING_ITEM: sabulu,hau
home,shopping_list_update,Remove bread from my shopping list below the beans,"5:11:SL:DISH_OR_FOOD,38:42:SL:DISH_OR_FOOD",[IN:shopping_list_update [SL:DISH_OR_FOOD burodi] [SL:DISH_OR_FOOD wake] ],DISH_OR_FOOD: burodi $$ DISH_OR_FOOD: wake,hau
home,shopping_list_update,Remove salt and sugar from my shopping list,"5:12:SL:DISH_OR_FOOD,16:22:SL:DISH_OR_FOOD",[IN:shopping_list_update [SL:DISH_OR_FOOD gishiri] [SL:DISH_OR_FOOD sikari] ],DISH_OR_FOOD: gishiri $$ DISH_OR_FOOD: sikari,hau
home,shopping_list_update,Remove salt and put sugar in my shopping list,"5:12:SL:DISH_OR_FOOD,19:25:SL:DISH_OR_FOOD",[IN:shopping_list_update [SL:DISH_OR_FOOD gishiri] [SL:DISH_OR_FOOD sukari] ],DISH_OR_FOOD: gishiri $$ DISH_OR_FOOD: sukari,hau
home,shopping_list_update,Remove eggs from my shopping list below beans,"5:9:SL:DISH_OR_FOOD,36:40:SL:DISH_OR_FOOD",[IN:shopping_list_update [SL:DISH_OR_FOOD ƙwai] [SL:DISH_OR_FOOD wake] ],DISH_OR_FOOD: ƙwai $$ DISH_OR_FOOD: wake,hau
home,shopping_list_update,Take eggs off my shopping list and add beans,"5:9:SL:DISH_OR_FOOD,44:48:SL:DISH_OR_FOOD",[IN:shopping_list_update [SL:DISH_OR_FOOD ƙwai] [SL:DISH_OR_FOOD wake] ],DISH_OR_FOOD: ƙwai $$ DISH_OR_FOOD: wake,hau
home,shopping_list_update,Remove eggs from my shopping list and add beans,"5:9:SL:DISH_OR_FOOD,46:50:SL:DISH_OR_FOOD",[IN:shopping_list_update [SL:DISH_OR_FOOD ƙwai] [SL:DISH_OR_FOOD wake] ],DISH_OR_FOOD: ƙwai $$ DISH_OR_FOOD: wake,hau
home,shopping_list_update,Remove milk and add salt in my shopping list,"5:11:SL:DISH_OR_FOOD,18:25:SL:DISH_OR_FOOD",[IN:shopping_list_update [SL:DISH_OR_FOOD madara] [SL:DISH_OR_FOOD gishiri] ],DISH_OR_FOOD: madara $$ DISH_OR_FOOD: gishiri,hau
home,shopping_list_update,Removing soap from my shopping list,5:11:SL:SHOPPING_ITEM,[IN:shopping_list_update [SL:SHOPPING_ITEM sabulu] ],SHOPPING_ITEM: sabulu,hau
home,shopping_list_update,Remove bath soap from my shopping list,5:18:SL:SHOPPING_ITEM,[IN:shopping_list_update [SL:SHOPPING_ITEM sabulun wanka] ],SHOPPING_ITEM: sabulun wanka,hau
home,shopping_list_update,God's son removed buckets from my shopping list,15:21:SL:SHOPPING_ITEM,[IN:shopping_list_update [SL:SHOPPING_ITEM bokiti] ],SHOPPING_ITEM: bokiti,hau
home,shopping_list_update,God's son remove potatoes from my shopping list below milk,"15:22:SL:DISH_OR_FOOD,49:55:SL:DISH_OR_FOOD",[IN:shopping_list_update [SL:DISH_OR_FOOD dankali] [SL:DISH_OR_FOOD madara] ],DISH_OR_FOOD: dankali $$ DISH_OR_FOOD: madara,hau
home,shopping_list_update,God's son removed potatoes from my shopping list below beans,"15:22:SL:DISH_OR_FOOD,49:53:SL:DISH_OR_FOOD",[IN:shopping_list_update [SL:DISH_OR_FOOD dankali] [SL:DISH_OR_FOOD wake] ],DISH_OR_FOOD: dankali $$ DISH_OR_FOOD: wake,hau
home,shopping_list_update,God's son removing wheat flour from my shopping list,15:27:SL:DISH_OR_FOOD,[IN:shopping_list_update [SL:DISH_OR_FOOD garin alkama] ],DISH_OR_FOOD: garin alkama,hau
home,shopping_list_update,God's child remove eggs from my shopping list and add beans,"15:19:SL:DISH_OR_FOOD,56:60:SL:DISH_OR_FOOD",[IN:shopping_list_update [SL:DISH_OR_FOOD ƙwai] [SL:DISH_OR_FOOD wake] ],DISH_OR_FOOD: ƙwai $$ DISH_OR_FOOD: wake,hau
home,shopping_list_update,God's son removed soap from my shopping list,15:21:SL:SHOPPING_ITEM,[IN:shopping_list_update [SL:SHOPPING_ITEM sabulu] ],SHOPPING_ITEM: sabulu,hau
home,shopping_list_update,God's son put wheat flour on my shopping list,15:27:SL:DISH_OR_FOOD,[IN:shopping_list_update [SL:DISH_OR_FOOD garin alkama] ],DISH_OR_FOOD: garin alkama,hau
home,shopping_list_update,God's son put marijuana on my shopping list,15:19:SL:DISH_OR_FOOD,[IN:shopping_list_update [SL:DISH_OR_FOOD gero] ],DISH_OR_FOOD: gero,hau
home,shopping_list_update,God's son I will remove the bucket from my shopping list,22:28:SL:SHOPPING_ITEM,[IN:shopping_list_update [SL:SHOPPING_ITEM bokiti] ],SHOPPING_ITEM: bokiti,hau
home,shopping_list_update,God's child you can remove milk from my shopping list,27:33:SL:DISH_OR_FOOD,[IN:shopping_list_update [SL:DISH_OR_FOOD madara] ],DISH_OR_FOOD: madara,hau
home,shopping_list_update,God's child can you remove milk and pasta from my shopping list,"27:33:SL:DISH_OR_FOOD,37:43:SL:DISH_OR_FOOD",[IN:shopping_list_update [SL:DISH_OR_FOOD madara] [SL:DISH_OR_FOOD taliya] ],DISH_OR_FOOD: madara $$ DISH_OR_FOOD: taliya,hau
home,shopping_list_update,God's child you can remove sugar from my shopping list,27:33:SL:DISH_OR_FOOD,[IN:shopping_list_update [SL:DISH_OR_FOOD sikari] ],DISH_OR_FOOD: sikari,hau
home,shopping_list_update,Son of God can you remove potatoes from my shopping list below beans,"24:31:SL:DISH_OR_FOOD,58:62:SL:DISH_OR_FOOD",[IN:shopping_list_update [SL:DISH_OR_FOOD dankali] [SL:DISH_OR_FOOD wake] ],DISH_OR_FOOD: dankali $$ DISH_OR_FOOD: wake,hau
home,shopping_list_update,Is it possible to remove milk from my shopping list,22:28:SL:DISH_OR_FOOD,[IN:shopping_list_update [SL:DISH_OR_FOOD madara] ],DISH_OR_FOOD: madara,hau
home,shopping_list_update,remove this sign from my shopping list,12:16:SL:DISH_OR_FOOD,[IN:shopping_list_update [SL:DISH_OR_FOOD siga] ],DISH_OR_FOOD: siga,hau
home,shopping_list_update,"If two of his are on my shopping list, add five to it.",5:9:SL:DISH_OR_FOOD,[IN:shopping_list_update [SL:DISH_OR_FOOD doya] ],DISH_OR_FOOD: doya,hau
home,shopping_list_update,"If two of his items are on my shopping list, add five more to it.",5:9:SL:DISH_OR_FOOD,[IN:shopping_list_update [SL:DISH_OR_FOOD doya] ],DISH_OR_FOOD: doya,hau
home,shopping_list_update,"If the product is not on my shopping list, please make it available to me",5:13:SL:DISH_OR_FOOD,[IN:shopping_list_update [SL:DISH_OR_FOOD tattasai] ],DISH_OR_FOOD: tattasai,hau
home,shopping_list_update,"If two of his coins are on my shopping list, add three more to it.",5:13:SL:DISH_OR_FOOD,[IN:shopping_list_update [SL:DISH_OR_FOOD tattasai] ],DISH_OR_FOOD: tattasai,hau
home,shopping_list_update,I would like you to add bread to my shopping list,15:21:SL:DISH_OR_FOOD,[IN:shopping_list_update [SL:DISH_OR_FOOD burodi] ],DISH_OR_FOOD: burodi,hau
home,shopping_list_update,I want you to add meat to my shopping list,15:19:SL:DISH_OR_FOOD,[IN:shopping_list_update [SL:DISH_OR_FOOD nama] ],DISH_OR_FOOD: nama,hau
home,shopping_list_update,I would like you to add pasta to my shopping list,15:21:SL:DISH_OR_FOOD,[IN:shopping_list_update [SL:DISH_OR_FOOD taliya] ],DISH_OR_FOOD: taliya,hau
home,shopping_list_update,Remove soap from my shopping list,8:14:SL:SHOPPING_ITEM,[IN:shopping_list_update [SL:SHOPPING_ITEM sabulu] ],SHOPPING_ITEM: sabulu,hau
home,shopping_list_update,Add meat to my shopping list,8:12:SL:DISH_OR_FOOD,[IN:shopping_list_update [SL:DISH_OR_FOOD nama] ],DISH_OR_FOOD: nama,hau
home,shopping_list_update,add potatoes to my shopping list,5:12:SL:DISH_OR_FOOD,[IN:shopping_list_update [SL:DISH_OR_FOOD dankali] ],DISH_OR_FOOD: dankali,hau
home,shopping_list_update,add hausa potatoes to my shopping list,5:19:SL:DISH_OR_FOOD,[IN:shopping_list_update [SL:DISH_OR_FOOD dankalin hausa] ],DISH_OR_FOOD: dankalin hausa,hau
home,shopping_list_update,add carrots to my shopping list,5:10:SL:DISH_OR_FOOD,[IN:shopping_list_update [SL:DISH_OR_FOOD karas] ],DISH_OR_FOOD: karas,hau
home,shopping_list_update,add milk to my shopping list,5:11:SL:DISH_OR_FOOD,[IN:shopping_list_update [SL:DISH_OR_FOOD madara] ],DISH_OR_FOOD: madara,hau
home,shopping_list_update,the account should also have 2 loaves,"42:48:SL:DISH_OR_FOOD,54:55:SL:NUMBER",[IN:shopping_list_update [SL:DISH_OR_FOOD burodi] [SL:NUMBER 2] ],DISH_OR_FOOD: burodi $$ NUMBER: 2,hau
home,shopping_list_update,"It's two milk in my shopping cart, otherwise more",0:6:SL:DISH_OR_FOOD,[IN:shopping_list_update [SL:DISH_OR_FOOD Madara] ],DISH_OR_FOOD: Madara,hau
home,shopping_list_update,"It's two milk in my shopping cart, otherwise two more",0:6:SL:DISH_OR_FOOD,[IN:shopping_list_update [SL:DISH_OR_FOOD Madara] ],DISH_OR_FOOD: Madara,hau
home,shopping_list_update,"Two bottles of water in my shopping cart, otherwise more",0:12:SL:DISH_OR_FOOD,[IN:shopping_list_update [SL:DISH_OR_FOOD Ruwan kwalba] ],DISH_OR_FOOD: Ruwan kwalba,hau
home,shopping_list_update,Add white rice to my shopping list,5:19:SL:DISH_OR_FOOD,[IN:shopping_list_update [SL:DISH_OR_FOOD farar shinkafa] ],DISH_OR_FOOD: farar shinkafa,hau
home,shopping_list_update,Add milk to my shopping list,5:11:SL:DISH_OR_FOOD,[IN:shopping_list_update [SL:DISH_OR_FOOD madara] ],DISH_OR_FOOD: madara,hau
home,shopping_list_update,Add rice to my shopping list,5:13:SL:DISH_OR_FOOD,[IN:shopping_list_update [SL:DISH_OR_FOOD shinkafa] ],DISH_OR_FOOD: shinkafa,hau
home,shopping_list_update,Putting three kilos of rice on my shopping list,5:13:SL:DISH_OR_FOOD,[IN:shopping_list_update [SL:DISH_OR_FOOD shinkafa] ],DISH_OR_FOOD: shinkafa,hau
home,shopping_list_update,You can probably delete the checklist from my shopping list,17:21:SL:DISH_OR_FOOD,[IN:shopping_list_update [SL:DISH_OR_FOOD doya] ],DISH_OR_FOOD: doya,hau
home,shopping_list_update,You might have to remove your head from my shopping list.,17:24:SL:DISH_OR_FOOD,[IN:shopping_list_update [SL:DISH_OR_FOOD kankana] ],DISH_OR_FOOD: kankana,hau
home,shopping_list_update,You might add bananas to your shopping list son of God,17:22:SL:DISH_OR_FOOD,[IN:shopping_list_update [SL:DISH_OR_FOOD ayaba] ],DISH_OR_FOOD: ayaba,hau
home,shopping_list_update,You might add your name to my shopping list,17:24:SL:DISH_OR_FOOD,[IN:shopping_list_update [SL:DISH_OR_FOOD kankana] ],DISH_OR_FOOD: kankana,hau
home,shopping_list_update,You can add yourself to my shopping list,17:24:SL:DISH_OR_FOOD,[IN:shopping_list_update [SL:DISH_OR_FOOD kankana] ],DISH_OR_FOOD: kankana,hau
home,shopping_list_update,You might add Lemon Sweet to your shopping list son of God,17:27:SL:DISH_OR_FOOD,[IN:shopping_list_update [SL:DISH_OR_FOOD Lemon zaƙi] ],DISH_OR_FOOD: Lemon zaƙi,hau
home,shopping_list_update,You can remove buckets from my shopping list,14:20:SL:SHOPPING_ITEM,[IN:shopping_list_update [SL:SHOPPING_ITEM bokiti] ],SHOPPING_ITEM: bokiti,hau
home,shopping_list_update,You can remove the bread from my shopping list below the beans,"14:20:SL:DISH_OR_FOOD,47:51:SL:DISH_OR_FOOD",[IN:shopping_list_update [SL:DISH_OR_FOOD burodi] [SL:DISH_OR_FOOD wake] ],DISH_OR_FOOD: burodi $$ DISH_OR_FOOD: wake,hau
home,shopping_list_update,You can remove potatoes from my shopping list below the beans,"14:21:SL:DISH_OR_FOOD,48:52:SL:DISH_OR_FOOD",[IN:shopping_list_update [SL:DISH_OR_FOOD dankali] [SL:DISH_OR_FOOD wake] ],DISH_OR_FOOD: dankali $$ DISH_OR_FOOD: wake,hau
home,shopping_list_update,You can remove eggs from my shopping list and add beans,"14:18:SL:DISH_OR_FOOD,55:59:SL:DISH_OR_FOOD",[IN:shopping_list_update [SL:DISH_OR_FOOD ƙwai] [SL:DISH_OR_FOOD wake] ],DISH_OR_FOOD: ƙwai $$ DISH_OR_FOOD: wake,hau
home,shopping_list_update,You can remove soap from my shopping list,14:20:SL:SHOPPING_ITEM,[IN:shopping_list_update [SL:SHOPPING_ITEM sabulu] ],SHOPPING_ITEM: sabulu,hau
home,shopping_list_update,God's Son adds onions to the shopping list,15:21:SL:DISH_OR_FOOD,[IN:shopping_list_update [SL:DISH_OR_FOOD albasa] ],DISH_OR_FOOD: albasa,hau
home,shopping_list_update,"God's son is two milks in my purchase, otherwise more",10:16:SL:DISH_OR_FOOD,[IN:shopping_list_update [SL:DISH_OR_FOOD madara] ],DISH_OR_FOOD: madara,hau
home,shopping_list_update,God's Son put wheat flour on my shopping list,19:31:SL:DISH_OR_FOOD,[IN:shopping_list_update [SL:DISH_OR_FOOD garin alkama] ],DISH_OR_FOOD: garin alkama,hau
home,shopping_list_update,add onions to the shopping list,5:11:SL:DISH_OR_FOOD,[IN:shopping_list_update [SL:DISH_OR_FOOD albasa] ],DISH_OR_FOOD: albasa,hau
home,shopping_list_update,add three tea leaves to the purchase list,5:17:SL:DISH_OR_FOOD,[IN:shopping_list_update [SL:DISH_OR_FOOD ganyen shayi] ],DISH_OR_FOOD: ganyen shayi,hau
home,shopping_list_update,Adding wheat flour to my shopping list,5:17:SL:DISH_OR_FOOD,[IN:shopping_list_update [SL:DISH_OR_FOOD garin alkama] ],DISH_OR_FOOD: garin alkama,hau
home,shopping_list_update,Can a lion add tea leaves to my shopping list,19:31:SL:DISH_OR_FOOD,[IN:shopping_list_update [SL:DISH_OR_FOOD ganyen shayi] ],DISH_OR_FOOD: ganyen shayi,hau
home,shopping_list_update,Filter and remove washing soap from the shopping list,13:26:SL:SHOPPING_ITEM,[IN:shopping_list_update [SL:SHOPPING_ITEM sabulun wanka] ],SHOPPING_ITEM: sabulun wanka,hau
home,update_playlist,Son of God did you find this satanic song in my playlist?,35:47:SL:ARTIST_NAME,[IN:update_playlist [SL:ARTIST_NAME mamman shata] ],ARTIST_NAME: mamman shata,hau
home,update_playlist,Tell me how to add the music I'm currently listening to to my playlist for relaxation,46:53:SL:TIME,[IN:update_playlist [SL:TIME a yanzu] ],TIME: a yanzu,hau
home,update_playlist,Tell me how I can add this song to my playlist?,40:52:SL:ARTIST_NAME,[IN:update_playlist [SL:ARTIST_NAME mamman shata] ],ARTIST_NAME: mamman shata,hau
home,update_playlist,Do I include it in my list of songs I like to listen to?,,[IN:update_playlist ],,hau
home,update_playlist,Add this nasty song to my playlist?,25:37:SL:ARTIST_NAME,[IN:update_playlist [SL:ARTIST_NAME mamman shata] ],ARTIST_NAME: mamman shata,hau
home,update_playlist,Is having this song on my playlist a bad habit?,22:34:SL:ARTIST_NAME,[IN:update_playlist [SL:ARTIST_NAME mamman shata] ],ARTIST_NAME: mamman shata,hau
home,update_playlist,How to add the music I'm currently listening to to my playlist for relaxation,40:47:SL:TIME,[IN:update_playlist [SL:TIME a yanzu] ],TIME: a yanzu,hau
home,update_playlist,Can you add the song I'm listening to now to my playlist of relaxing songs,41:48:SL:TIME,[IN:update_playlist [SL:TIME a yanzu] ],TIME: a yanzu,hau
home,update_playlist,How can I add this disturbing song to my playlist?,37:49:SL:ARTIST_NAME,[IN:update_playlist [SL:ARTIST_NAME mamman shata] ],ARTIST_NAME: mamman shata,hau
home,update_playlist,How do I add the music I'm currently listening to to my playlist for relaxation,39:46:SL:TIME,[IN:update_playlist [SL:TIME a yanzu] ],TIME: a yanzu,hau
home,update_playlist,Help add the music I'm currently listening to to my playlist,38:45:SL:TIME,[IN:update_playlist [SL:TIME a yanzu] ],TIME: a yanzu,hau
home,update_playlist,Help me add this song to my playlist,,[IN:update_playlist ],,hau
home,update_playlist,Help me add this song to my playlist?,36:48:SL:ARTIST_NAME,[IN:update_playlist [SL:ARTIST_NAME mamman shata] ],ARTIST_NAME: mamman shata,hau
home,update_playlist,"This is a very satanic song I want to put in my playlist, is it possible?",16:28:SL:ARTIST_NAME,[IN:update_playlist [SL:ARTIST_NAME mamman shata] ],ARTIST_NAME: mamman shata,hau
home,update_playlist,You can add the music I'm currently listening to to my playlist,36:43:SL:TIME,[IN:update_playlist [SL:TIME a yanzu] ],TIME: a yanzu,hau
home,update_playlist,Can you find this satanic song in my playlist?,31:43:SL:ARTIST_NAME,[IN:update_playlist [SL:ARTIST_NAME mamman shata] ],ARTIST_NAME: mamman shata,hau
home,update_playlist,Dear God did you find the new 'hero' song in my playlist?,34:40:SL:SONG_NAME,[IN:update_playlist [SL:SONG_NAME jaruma] ],SONG_NAME: jaruma,hau
home,update_playlist,Son of God did you find this in my playlist?,,[IN:update_playlist ],,hau
home,update_playlist,By the way did you find this song Ali jitan in my playlist?,32:40:SL:ARTIST_NAME,[IN:update_playlist [SL:ARTIST_NAME Ali jita] ],ARTIST_NAME: Ali jita,hau
home,update_playlist,God's son put a dance music on my driving record,25:35:SL:ARTIST_NAME,[IN:update_playlist [SL:ARTIST_NAME ado gwanja] ],ARTIST_NAME: ado gwanja,hau
home,update_playlist,God's son put this new song 'hero' in my playlist,41:47:SL:SONG_NAME,[IN:update_playlist [SL:SONG_NAME jaruma] ],SONG_NAME: jaruma,hau
home,update_playlist,God bless me this new song of Salim smart that appeared in my playlist,40:51:SL:ARTIST_NAME,[IN:update_playlist [SL:ARTIST_NAME Salim smart] ],ARTIST_NAME: Salim smart,hau
home,update_playlist,God put this new song of Umar M Shareef in my playlist,40:54:SL:ARTIST_NAME,[IN:update_playlist [SL:ARTIST_NAME Umar M Shareef] ],ARTIST_NAME: Umar M Shareef,hau
home,update_playlist,God's son put this song on my playlist,,[IN:update_playlist ],,hau
home,update_playlist,God's son put this song on my workout list,28:38:SL:ARTIST_NAME,[IN:update_playlist [SL:ARTIST_NAME ado gwanja] ],ARTIST_NAME: ado gwanja,hau
home,update_playlist,Add the song 'darling' to the list of love songs,15:23:SL:SONG_NAME,[IN:update_playlist [SL:SONG_NAME masoyiya] ],SONG_NAME: masoyiya,hau
home,update_playlist,I want you to have a new song 'hero' in my playlist,31:37:SL:SONG_NAME,[IN:update_playlist [SL:SONG_NAME jaruma] ],SONG_NAME: jaruma,hau
home,update_playlist,"I would like you to have Umar M Shareef's new song in my playlist, is that possible?",30:44:SL:ARTIST_NAME,[IN:update_playlist [SL:ARTIST_NAME Umar M Shareef] ],ARTIST_NAME: Umar M Shareef,hau
home,update_playlist,Son of God put me the song 'darling' on the list of love songs,26:34:SL:SONG_NAME,[IN:update_playlist [SL:SONG_NAME masoyiya] ],SONG_NAME: masoyiya,hau
home,update_playlist,would you like to have this song added to my playlist?,,[IN:update_playlist ],,hau
home,update_playlist,"When the new 'hero' song comes out, will I put it in my playlist?",15:21:SL:SONG_NAME,[IN:update_playlist [SL:SONG_NAME jaruma] ],SONG_NAME: jaruma,hau
home,update_playlist,"Salim smart's new song released, should I put it in my playlist?",14:25:SL:ARTIST_NAME,[IN:update_playlist [SL:ARTIST_NAME Salim smart] ],ARTIST_NAME: Salim smart,hau
home,update_playlist,"Umar M Shareef's new song is out, should I put it in my playlist?",14:28:SL:ARTIST_NAME,[IN:update_playlist [SL:ARTIST_NAME Umar M Shareef] ],ARTIST_NAME: Umar M Shareef,hau
home,update_playlist,Playing the guitars on my gymnastics track,15:25:SL:ARTIST_NAME,[IN:update_playlist [SL:ARTIST_NAME ado gwanja] ],ARTIST_NAME: ado gwanja,hau
home,update_playlist,Putting a dance music on my driving record,15:25:SL:ARTIST_NAME,[IN:update_playlist [SL:ARTIST_NAME ado gwanja] ],ARTIST_NAME: ado gwanja,hau
home,update_playlist,Put this on my playlist?,,[IN:update_playlist ],,hau
home,update_playlist,Do I put this new song 'hero' in my playlist?,31:37:SL:SONG_NAME,[IN:update_playlist [SL:SONG_NAME jaruma] ],SONG_NAME: jaruma,hau
home,update_playlist,Put this song Ali jitan in my playlist?,22:30:SL:ARTIST_NAME,[IN:update_playlist [SL:ARTIST_NAME Ali jita] ],ARTIST_NAME: Ali jita,hau
home,update_playlist,Add this song to my workout list,,[IN:update_playlist ],,hau
home,update_playlist,Getting this on my playlist?,,[IN:update_playlist ],,hau
home,update_playlist,Having this new 'hero' song in my playlist?,28:34:SL:SONG_NAME,[IN:update_playlist [SL:SONG_NAME jaruma] ],SONG_NAME: jaruma,hau
home,update_playlist,Getting this song Ali jitan in my playlist?,19:27:SL:ARTIST_NAME,[IN:update_playlist [SL:ARTIST_NAME Ali jita] ],ARTIST_NAME: Ali jita,hau
home,update_playlist,How can I add this to my exercise list?,,[IN:update_playlist ],,hau
home,update_playlist,How can I add this to my song list?,,[IN:update_playlist ],,hau
home,update_playlist,Can you put my song 'darling' on your list of love songs,30:38:SL:SONG_NAME,[IN:update_playlist [SL:SONG_NAME masoyiya] ],SONG_NAME: masoyiya,hau
home,update_playlist,Can you put this new 'hero' song in my playlist?,45:51:SL:SONG_NAME,[IN:update_playlist [SL:SONG_NAME jaruma] ],SONG_NAME: jaruma,hau
home,update_playlist,Can you add this new song of Umar M Shareef to my playlist?,44:58:SL:ARTIST_NAME,[IN:update_playlist [SL:ARTIST_NAME Umar M Shareef] ],ARTIST_NAME: Umar M Shareef,hau
home,update_playlist,Can you put this song on my playlist,,[IN:update_playlist ],,hau
home,update_playlist,Can you put this song on my fitness playlist,32:42:SL:ARTIST_NAME,[IN:update_playlist [SL:ARTIST_NAME ado gwanja] ],ARTIST_NAME: ado gwanja,hau
home,update_playlist,Can you put this song on my exercise playlist,,[IN:update_playlist ],,hau
home,update_playlist,can you delete this song from my phone's playlist?,46:50:SL:SHOPPING_ITEM,[IN:update_playlist [SL:SHOPPING_ITEM waya] ],SHOPPING_ITEM: waya,hau
home,update_playlist,How can you put this song on my playlist,,[IN:update_playlist ],,hau
home,update_playlist,How can I add this to my song list?,,[IN:update_playlist ],,hau
home,update_playlist,How can I add this new song to my songbook?,52:58:SL:SONG_NAME,[IN:update_playlist [SL:SONG_NAME jaruma] ],SONG_NAME: jaruma,hau
home,update_playlist,How can I add this song to my playlist?,34:42:SL:ARTIST_NAME,[IN:update_playlist [SL:ARTIST_NAME Ali jita] ],ARTIST_NAME: Ali jita,hau
home,update_playlist,How can I put the song 'darling' on my love song list,24:32:SL:SONG_NAME,[IN:update_playlist [SL:SONG_NAME masoyiya] ],SONG_NAME: masoyiya,hau
home,update_playlist,Help me add this to my workout playlist,,[IN:update_playlist ],,hau
home,update_playlist,Can you help me add this to my playlist?,,[IN:update_playlist ],,hau
home,update_playlist,Help me add this new song 'hero' in my playlist,42:48:SL:SONG_NAME,[IN:update_playlist [SL:SONG_NAME jaruma] ],SONG_NAME: jaruma,hau
home,update_playlist,Help me add this new Salim smart song that appeared in my playlist,41:52:SL:ARTIST_NAME,[IN:update_playlist [SL:ARTIST_NAME Salim smart] ],ARTIST_NAME: Salim smart,hau
home,update_playlist,Help me add this new song of Umar M Shareef to my playlist,41:55:SL:ARTIST_NAME,[IN:update_playlist [SL:ARTIST_NAME Umar M Shareef] ],ARTIST_NAME: Umar M Shareef,hau
home,update_playlist,Help me add this song Ali jitan to my playlist?,33:41:SL:ARTIST_NAME,[IN:update_playlist [SL:ARTIST_NAME Ali jita] ],ARTIST_NAME: Ali jita,hau
home,update_playlist,"I want to put this in my playlist, is it possible?",,[IN:update_playlist ],,hau
home,update_playlist,"This new song 'hero' I want to add to my playlist, is it possible?",22:28:SL:SONG_NAME,[IN:update_playlist [SL:SONG_NAME jaruma] ],SONG_NAME: jaruma,hau
home,update_playlist,"This song of Ali Jitan I want to put in my playlist, is it possible?",13:21:SL:ARTIST_NAME,[IN:update_playlist [SL:ARTIST_NAME Ali jita] ],ARTIST_NAME: Ali jita,hau
home,update_playlist,How would you find this on my exercise list?,,[IN:update_playlist ],,hau
home,update_playlist,How do you get this into my playlist?,,[IN:update_playlist ],,hau
home,update_playlist,You can put me this new song of Salim smart that appeared on the entertainment charts,39:50:SL:ARTIST_NAME,[IN:update_playlist [SL:ARTIST_NAME Salim smart] ],ARTIST_NAME: Salim smart,hau
home,update_playlist,You can put this song on my playlist,,[IN:update_playlist ],,hau
home,update_playlist,Can you find this in my playlist?,,[IN:update_playlist ],,hau
home,update_playlist,Can you find this new song 'hero' in my playlist?,37:43:SL:SONG_NAME,[IN:update_playlist [SL:SONG_NAME jaruma] ],SONG_NAME: jaruma,hau
home,update_playlist,Can you find this song Ali jitan in my playlist?,28:36:SL:ARTIST_NAME,[IN:update_playlist [SL:ARTIST_NAME Ali jita] ],ARTIST_NAME: Ali jita,hau
home,update_playlist,Please add the song I'm listening to now to my relaxation playlist,40:47:SL:TIME,[IN:update_playlist [SL:TIME a yanzu] ],TIME: a yanzu,hau
home,update_playlist,God's son put a new song on my playlist,33:43:SL:ARTIST_NAME,[IN:update_playlist [SL:ARTIST_NAME ado gwanja] ],ARTIST_NAME: ado gwanja,hau
home,update_playlist,God bless me this new song of Salim smart that appeared on the entertainment charts,40:51:SL:ARTIST_NAME,[IN:update_playlist [SL:ARTIST_NAME Salim smart] ],ARTIST_NAME: Salim smart,hau
home,update_playlist,Add the current song to my playlist,30:37:SL:TIME,[IN:update_playlist [SL:TIME a yanzu] ],TIME: a yanzu,hau
home,update_playlist,Putting my new song on my guitar,23:33:SL:ARTIST_NAME,[IN:update_playlist [SL:ARTIST_NAME ado gwanja] ],ARTIST_NAME: ado gwanja,hau
home,update_playlist,Can you put me this new Salim smart song that appeared on the entertainment charts,44:55:SL:ARTIST_NAME,[IN:update_playlist [SL:ARTIST_NAME Salim smart] ],ARTIST_NAME: Salim smart,hau
home,update_playlist,How can you reward me for this new song by Salim smart that appeared on the entertainment charts,46:57:SL:ARTIST_NAME,[IN:update_playlist [SL:ARTIST_NAME Salim smart] ],ARTIST_NAME: Salim smart,hau
home,update_playlist,How can you reward me this song by Salim smart that appeared on the entertainment charts,38:49:SL:ARTIST_NAME,[IN:update_playlist [SL:ARTIST_NAME Salim smart] ],ARTIST_NAME: Salim smart,hau
kitchen_and_dining,cancel_reservation,You canceled my reservation for dinner tonight at 9:00,"47:56:SL:TIME,60:67:SL:TIME",[IN:cancel_reservation [SL:TIME daren yau] [SL:TIME ƙarfe 9] ],TIME: daren yau $$ TIME: ƙarfe 9,hau
kitchen_and_dining,cancel_reservation,"I'm stopping outside Cilantro restaurant for Shehu and his wife, Son of God to cancel it","36:44:SL:RESTAURANT_NAME,51:56:SL:PERSONAL_NAME",[IN:cancel_reservation [SL:RESTAURANT_NAME Cilantro] [SL:PERSONAL_NAME Shehu] ],RESTAURANT_NAME: Cilantro $$ PERSONAL_NAME: Shehu,hau
kitchen_and_dining,cancel_reservation,"I made a reservation at KFC restaurant for Iro and Rahma, please cancel it","38:41:SL:RESTAURANT_NAME,48:51:SL:PERSONAL_NAME,55:60:SL:PERSONAL_NAME",[IN:cancel_reservation [SL:RESTAURANT_NAME KFC] [SL:PERSONAL_NAME Iro] [SL:PERSONAL_NAME Rahma] ],RESTAURANT_NAME: KFC $$ PERSONAL_NAME: Iro $$ PERSONAL_NAME: Rahma,hau
kitchen_and_dining,cancel_reservation,"I have a reservation at Musa restaurant at 5 pm, please cancel it","38:42:SL:PERSONAL_NAME,46:62:SL:TIME",[IN:cancel_reservation [SL:PERSONAL_NAME Musa] [SL:TIME ƙarfe 5 na yamma] ],PERSONAL_NAME: Musa $$ TIME: ƙarfe 5 na yamma,hau
kitchen_and_dining,cancel_reservation,How can I cancel my lunch reservation?,"49:52:SL:DATE,53:60:SL:TIME",[IN:cancel_reservation [SL:DATE yau] [SL:TIME da rana] ],DATE: yau $$ TIME: da rana,hau
kitchen_and_dining,cancel_reservation,How can I cancel my son's lunch on Thursday?,57:70:SL:DATE,[IN:cancel_reservation [SL:DATE ranar alhamis] ],DATE: ranar alhamis,hau
kitchen_and_dining,cancel_reservation,Can you cancel the lunch I've reserved for noon?,58:74:SL:TIME,[IN:cancel_reservation [SL:TIME ƙarfe 12 na rana] ],TIME: ƙarfe 12 na rana,hau
kitchen_and_dining,cancel_reservation,Can you cancel my appointment for today's meal,55:58:SL:DATE,[IN:cancel_reservation [SL:DATE yau] ],DATE: yau,hau
kitchen_and_dining,cancel_reservation,Cancellation of the Friday meal,32:45:SL:DATE,[IN:cancel_reservation [SL:DATE ranar Jumma'a] ],DATE: ranar Jumma'a,hau
kitchen_and_dining,cancel_reservation,Cancelled my son's appointment for today's 10am meal,"41:44:SL:DATE,48:64:SL:TIME",[IN:cancel_reservation [SL:DATE yau] [SL:TIME ƙarfe 10 na safe] ],DATE: yau $$ TIME: ƙarfe 10 na safe,hau
kitchen_and_dining,cancel_reservation,Help clear the table I've set for dinner tonight,59:69:SL:TIME,[IN:cancel_reservation [SL:TIME da daddare] ],TIME: da daddare,hau
kitchen_and_dining,cancel_reservation,Help me cancel the table I reserved for dinner with Amina Anja,60:65:SL:PERSONAL_NAME,[IN:cancel_reservation [SL:PERSONAL_NAME Amina] ],PERSONAL_NAME: Amina,hau
kitchen_and_dining,cancel_reservation,"My son's reservation at cilantro restaurant for Shehu and Bello, I want you to cancel it","39:47:SL:RESTAURANT_NAME,54:59:SL:PERSONAL_NAME,63:68:SL:PERSONAL_NAME",[IN:cancel_reservation [SL:RESTAURANT_NAME cilantro] [SL:PERSONAL_NAME Shehu] [SL:PERSONAL_NAME Bello] ],RESTAURANT_NAME: cilantro $$ PERSONAL_NAME: Shehu $$ PERSONAL_NAME: Bello,hau
kitchen_and_dining,cancel_reservation,You can cancel the reservation for today's dinner at 4 pm,"41:44:SL:DATE,48:64:SL:TIME",[IN:cancel_reservation [SL:DATE yau] [SL:TIME ƙarfe 4 na yamma] ],DATE: yau $$ TIME: ƙarfe 4 na yamma,hau
kitchen_and_dining,cancel_reservation,You can cancel my reservation at L & Z for dinner tonight,"37:42:SL:RESTAURANT_NAME,58:69:SL:TIME",[IN:cancel_reservation [SL:RESTAURANT_NAME L & Z] [SL:TIME a daren yau] ],RESTAURANT_NAME: L & Z $$ TIME: a daren yau,hau
kitchen_and_dining,cancel_reservation,Can you cancel the table I set for a quick meal?,,[IN:cancel_reservation ],,hau
kitchen_and_dining,cancel_reservation,"My reservation at Gusto was not required, cancel it",17:22:SL:RESTAURANT_NAME,[IN:cancel_reservation [SL:RESTAURANT_NAME Gusto] ],RESTAURANT_NAME: Gusto,hau
kitchen_and_dining,cancel_reservation,"My reservation at Gusto was unnecessary, cancel it please",17:22:SL:RESTAURANT_NAME,[IN:cancel_reservation [SL:RESTAURANT_NAME Gusto] ],RESTAURANT_NAME: Gusto,hau
kitchen_and_dining,cancel_reservation,"I made a dinner reservation, I want you to cancel it",24:36:SL:MEAL_PERIOD,[IN:cancel_reservation [SL:MEAL_PERIOD abincin dare] ],MEAL_PERIOD: abincin dare,hau
kitchen_and_dining,cancel_reservation,God's son cancelled the reservation of the gusto restaurant for tomorrow night,"37:42:SL:RESTAURANT_NAME,46:56:SL:DATE",[IN:cancel_reservation [SL:RESTAURANT_NAME gusto] [SL:DATE daren gobe] ],RESTAURANT_NAME: gusto $$ DATE: daren gobe,hau
kitchen_and_dining,cancel_reservation,The man of God cancelled my dinner reservation for tonight.,40:49:SL:TIME,[IN:cancel_reservation [SL:TIME daren yau] ],TIME: daren yau,hau
kitchen_and_dining,cancel_reservation,God's Son cancelled my food storage,,[IN:cancel_reservation ],,hau
kitchen_and_dining,cancel_reservation,Tell the restaurant to cancel my reservation,,[IN:cancel_reservation ],,hau
kitchen_and_dining,cancel_reservation,I want you to cancel the reservation for today's dinner,42:45:SL:DATE,[IN:cancel_reservation [SL:DATE yau] ],DATE: yau,hau
kitchen_and_dining,cancel_reservation,You cleared the reservation for 2 pm at chicken castle restaurant,"15:31:SL:TIME,50:64:SL:RESTAURANT_NAME",[IN:cancel_reservation [SL:TIME ƙarfe 2 na yamma] [SL:RESTAURANT_NAME chicken castle] ],TIME: ƙarfe 2 na yamma $$ RESTAURANT_NAME: chicken castle,hau
kitchen_and_dining,cancel_reservation,Call the gourmet restaurant and tell them to cancel the table I'm having today,"28:33:SL:RESTAURANT_NAME,71:74:SL:DATE",[IN:cancel_reservation [SL:RESTAURANT_NAME gusto] [SL:DATE yau] ],RESTAURANT_NAME: gusto $$ DATE: yau,hau
kitchen_and_dining,cancel_reservation,You canceled my dinner reservation for tonight.,47:56:SL:TIME,[IN:cancel_reservation [SL:TIME daren yau] ],TIME: daren yau,hau
kitchen_and_dining,cancel_reservation,Call L & Z restaurant and cancel my reservation,23:28:SL:RESTAURANT_NAME,[IN:cancel_reservation [SL:RESTAURANT_NAME L & Z] ],RESTAURANT_NAME: L & Z,hau
kitchen_and_dining,cancel_reservation,"Dear God, cancel the table I have set for dinner tonight","47:61:SL:MEAL_PERIOD,63:66:SL:DATE",[IN:cancel_reservation [SL:MEAL_PERIOD abinci na dare] [SL:DATE yau] ],MEAL_PERIOD: abinci na dare $$ DATE: yau,hau
kitchen_and_dining,cancel_reservation,how do I cancel my reservation at the restaurant in Season 7?,66:74:SL:RESTAURANT_NAME,[IN:cancel_reservation [SL:RESTAURANT_NAME Season 7] ],RESTAURANT_NAME: Season 7,hau
kitchen_and_dining,cancel_reservation,God's sake cancel my reservation at Gusto restaurant for Salamatu and Coral,"58:63:SL:RESTAURANT_NAME,70:78:SL:PERSONAL_NAME,82:87:SL:PERSONAL_NAME",[IN:cancel_reservation [SL:RESTAURANT_NAME Gusto] [SL:PERSONAL_NAME Salamatu] [SL:PERSONAL_NAME Murja] ],RESTAURANT_NAME: Gusto $$ PERSONAL_NAME: Salamatu $$ PERSONAL_NAME: Murja,hau
kitchen_and_dining,cancel_reservation,or can I cancel the five tables I reserved at your restaurant this morning?,"61:64:SL:DATE,65:72:SL:TIME",[IN:cancel_reservation [SL:DATE yau] [SL:TIME da safe] ],DATE: yau $$ TIME: da safe,hau
kitchen_and_dining,cancel_reservation,God's Son cancels our food supply,,[IN:cancel_reservation ],,hau
kitchen_and_dining,cancel_reservation,"I put it outside Gusto's restaurant so that Indo and Musa, son of God canceled it","36:41:SL:RESTAURANT_NAME,48:52:SL:PERSONAL_NAME,56:60:SL:PERSONAL_NAME",[IN:cancel_reservation [SL:RESTAURANT_NAME Gusto] [SL:PERSONAL_NAME Indo] [SL:PERSONAL_NAME Musa] ],RESTAURANT_NAME: Gusto $$ PERSONAL_NAME: Indo $$ PERSONAL_NAME: Musa,hau
kitchen_and_dining,cancel_reservation,"I'm stopping outside Gusto's restaurant for Salamatu and Maria, God's son to cancel it","36:41:SL:RESTAURANT_NAME,48:56:SL:PERSONAL_NAME,60:66:SL:PERSONAL_NAME",[IN:cancel_reservation [SL:RESTAURANT_NAME Gusto] [SL:PERSONAL_NAME Salamatu] [SL:PERSONAL_NAME Mariya] ],RESTAURANT_NAME: Gusto $$ PERSONAL_NAME: Salamatu $$ PERSONAL_NAME: Mariya,hau
kitchen_and_dining,cancel_reservation,"I have reserved a place at Calido restaurant for 6 people, can you cancel it?","38:44:SL:RESTAURANT_NAME,58:59:SL:NUMBER",[IN:cancel_reservation [SL:RESTAURANT_NAME Calido] [SL:NUMBER 6] ],RESTAURANT_NAME: Calido $$ NUMBER: 6,hau
kitchen_and_dining,cancel_reservation,would anyone care to serve three meals tonight?,49:63:SL:TIME,[IN:cancel_reservation [SL:TIME yau da daddare] ],TIME: yau da daddare,hau
kitchen_and_dining,cancel_reservation,God's Son cancelled my food storage,,[IN:cancel_reservation ],,hau
kitchen_and_dining,cancel_reservation,"I have reserved a place at Gusto restaurant for Salama and Maria, can you cancel it?","38:43:SL:RESTAURANT_NAME,50:58:SL:PERSONAL_NAME,62:68:SL:PERSONAL_NAME",[IN:cancel_reservation [SL:RESTAURANT_NAME Gusto] [SL:PERSONAL_NAME Salamatu] [SL:PERSONAL_NAME Mariya] ],RESTAURANT_NAME: Gusto $$ PERSONAL_NAME: Salamatu $$ PERSONAL_NAME: Mariya,hau
kitchen_and_dining,cancel_reservation,"I have reserved a seat at the Musa restaurant for Salam Salam and Maria, please cancel it","38:42:SL:PERSONAL_NAME,49:57:SL:PERSONAL_NAME,61:67:SL:PERSONAL_NAME",[IN:cancel_reservation [SL:PERSONAL_NAME Musa] [SL:PERSONAL_NAME Salamatu] [SL:PERSONAL_NAME Mariya] ],PERSONAL_NAME: Musa $$ PERSONAL_NAME: Salamatu $$ PERSONAL_NAME: Mariya,hau
kitchen_and_dining,cancel_reservation,How can I withdraw my reservation for the 6 tables I made at Seoson 7 restaurant?,"43:44:SL:NUMBER,72:80:SL:RESTAURANT_NAME",[IN:cancel_reservation [SL:NUMBER 6] [SL:RESTAURANT_NAME Seoson 7] ],NUMBER: 6 $$ RESTAURANT_NAME: Seoson 7,hau
kitchen_and_dining,cancel_reservation,"I made a reservation at Gusto restaurant for Salama and Maria, please cancel it","38:43:SL:RESTAURANT_NAME,50:58:SL:PERSONAL_NAME,62:68:SL:PERSONAL_NAME",[IN:cancel_reservation [SL:RESTAURANT_NAME Gusto] [SL:PERSONAL_NAME Salamatu] [SL:PERSONAL_NAME Mariya] ],RESTAURANT_NAME: Gusto $$ PERSONAL_NAME: Salamatu $$ PERSONAL_NAME: Mariya,hau
kitchen_and_dining,cancel_reservation,"I have reserved a seat at the Musa restaurant for Johnny and Mary, please cancel it","38:42:SL:PERSONAL_NAME,49:53:SL:PERSONAL_NAME,57:63:SL:PERSONAL_NAME",[IN:cancel_reservation [SL:PERSONAL_NAME Musa] [SL:PERSONAL_NAME Sani] [SL:PERSONAL_NAME Mariya] ],PERSONAL_NAME: Musa $$ PERSONAL_NAME: Sani $$ PERSONAL_NAME: Mariya,hau
kitchen_and_dining,cancel_reservation,what is the best way to cancel the three tables of food I have reserved?,,[IN:cancel_reservation ],,hau
kitchen_and_dining,cancel_reservation,How can I cancel my reservation for tomorrow's dinner?,49:53:SL:DATE,[IN:cancel_reservation [SL:DATE gobe] ],DATE: gobe,hau
kitchen_and_dining,cancel_reservation,How can I cancel my reservation for today's meal?,49:52:SL:DATE,[IN:cancel_reservation [SL:DATE yau] ],DATE: yau,hau
kitchen_and_dining,cancel_reservation,How can I cancel my child's appointment for today's meal?,58:61:SL:DATE,[IN:cancel_reservation [SL:DATE yau] ],DATE: yau,hau
kitchen_and_dining,cancel_reservation,Cancellation of the Lord's Supper,12:24:SL:MEAL_PERIOD,[IN:cancel_reservation [SL:MEAL_PERIOD abincin dare] ],MEAL_PERIOD: abincin dare,hau
kitchen_and_dining,cancel_reservation,Cancellation of my 8:00 p.m. reservation at the Judas,"24:39:SL:TIME,42:53:SL:RESTAURANT_NAME",[IN:cancel_reservation [SL:TIME ƙarfe 8 na dare] [SL:RESTAURANT_NAME Yahuza suya] ],TIME: ƙarfe 8 na dare $$ RESTAURANT_NAME: Yahuza suya,hau
kitchen_and_dining,cancel_reservation,The 4 p.m. crucifixion in Judah,"12:28:SL:TIME,31:42:SL:RESTAURANT_NAME",[IN:cancel_reservation [SL:TIME karfe 4 na yamma] [SL:RESTAURANT_NAME Yahuza suya] ],TIME: karfe 4 na yamma $$ RESTAURANT_NAME: Yahuza suya,hau
kitchen_and_dining,cancel_reservation,Cancellation of my 6:00 p.m. reservation at the KFC,"29:45:SL:TIME,48:51:SL:RESTAURANT_NAME",[IN:cancel_reservation [SL:TIME ƙarfe 6 na yamma] [SL:RESTAURANT_NAME KFC] ],TIME: ƙarfe 6 na yamma $$ RESTAURANT_NAME: KFC,hau
kitchen_and_dining,cancel_reservation,Cancellation of reservation for lunch tomorrow,"32:36:SL:DATE,37:44:SL:TIME",[IN:cancel_reservation [SL:DATE gobe] [SL:TIME da rana] ],DATE: gobe $$ TIME: da rana,hau
kitchen_and_dining,cancel_reservation,Giving back to God's people,32:35:SL:DATE,[IN:cancel_reservation [SL:DATE yau] ],DATE: yau,hau
kitchen_and_dining,cancel_reservation,Can you cancel the table I have set for dinner?,,[IN:cancel_reservation ],,hau
kitchen_and_dining,cancel_reservation,Cancel this dinner reservation I made,19:31:SL:MEAL_PERIOD,[IN:cancel_reservation [SL:MEAL_PERIOD abincin dare] ],MEAL_PERIOD: abincin dare,hau
kitchen_and_dining,cancel_reservation,Cancellation of reservation for today's meal,32:35:SL:DATE,[IN:cancel_reservation [SL:DATE yau] ],DATE: yau,hau
kitchen_and_dining,cancel_reservation,How can I cancel the food reservation I made at the castle?,47:60:SL:RESTAURANT_NAME,[IN:cancel_reservation [SL:RESTAURANT_NAME chiken castle] ],RESTAURANT_NAME: chiken castle,hau
kitchen_and_dining,cancel_reservation,How do I cancel my food reservation on L & Z?,47:52:SL:RESTAURANT_NAME,[IN:cancel_reservation [SL:RESTAURANT_NAME L & Z] ],RESTAURANT_NAME: L & Z,hau
kitchen_and_dining,cancel_reservation,How can I cancel my food reservation?,,[IN:cancel_reservation ],,hau
kitchen_and_dining,cancel_reservation,can I cancel my reservation for tomorrow's dinner?,48:52:SL:DATE,[IN:cancel_reservation [SL:DATE gobe] ],DATE: gobe,hau
kitchen_and_dining,cancel_reservation,Cancelled my son's catch for today's meal,41:44:SL:DATE,[IN:cancel_reservation [SL:DATE yau] ],DATE: yau,hau
kitchen_and_dining,cancel_reservation,"My son's reservation at Gusto restaurant for Salamatu and Maria, I want you to cancel it","39:44:SL:RESTAURANT_NAME,51:59:SL:PERSONAL_NAME,63:69:SL:PERSONAL_NAME",[IN:cancel_reservation [SL:RESTAURANT_NAME Gusto] [SL:PERSONAL_NAME Salamatu] [SL:PERSONAL_NAME Mariya] ],RESTAURANT_NAME: Gusto $$ PERSONAL_NAME: Salamatu $$ PERSONAL_NAME: Mariya,hau
kitchen_and_dining,cancel_reservation,Help me clear the table I've set for a meal,,[IN:cancel_reservation ],,hau
kitchen_and_dining,cancel_reservation,I canceled my restaurant reservation,,[IN:cancel_reservation ],,hau
kitchen_and_dining,cancel_reservation,You can cancel my reservation at 5 pm at L & Z,"40:56:SL:TIME,59:64:SL:RESTAURANT_NAME",[IN:cancel_reservation [SL:TIME ƙarfe 5 na yamma] [SL:RESTAURANT_NAME L & Z] ],TIME: ƙarfe 5 na yamma $$ RESTAURANT_NAME: L & Z,hau
kitchen_and_dining,cancel_reservation,You can cancel my dinner reservation,35:47:SL:MEAL_PERIOD,[IN:cancel_reservation [SL:MEAL_PERIOD abincin dare] ],MEAL_PERIOD: abincin dare,hau
kitchen_and_dining,cancel_reservation,You can cancel my reservation for dinner at Gusto,"35:47:SL:MEAL_PERIOD,50:55:SL:RESTAURANT_NAME",[IN:cancel_reservation [SL:MEAL_PERIOD abincin dare] [SL:RESTAURANT_NAME Gusto] ],MEAL_PERIOD: abincin dare $$ RESTAURANT_NAME: Gusto,hau
kitchen_and_dining,cancel_reservation,You can cancel my dinner reservation,,[IN:cancel_reservation ],,hau
kitchen_and_dining,cancel_reservation,tell the restaurant owners I'm breaking into their meeting room,,[IN:cancel_reservation ],,hau
kitchen_and_dining,cancel_reservation,You can cancel my reservation for dinner tonight,53:62:SL:TIME,[IN:cancel_reservation [SL:TIME daren yau] ],TIME: daren yau,hau
kitchen_and_dining,cancel_reservation,You can cancel reservation at today's meal,41:44:SL:DATE,[IN:cancel_reservation [SL:DATE yau] ],DATE: yau,hau
kitchen_and_dining,cancel_reservation,You can cancel my dinner reservation for next Sunday,52:73:SL:DATE,[IN:cancel_reservation [SL:DATE ranar lahadi mai zuwa] ],DATE: ranar lahadi mai zuwa,hau
kitchen_and_dining,cancel_reservation,I want you to cancel the reservation for Tuesday dinner,42:54:SL:DATE,[IN:cancel_reservation [SL:DATE ranar talata] ],DATE: ranar talata,hau
kitchen_and_dining,cancel_reservation,"I have reserved a place at Gusto restaurant for 12 people, can you cancel it?","38:43:SL:RESTAURANT_NAME,57:59:SL:NUMBER",[IN:cancel_reservation [SL:RESTAURANT_NAME Gusto] [SL:NUMBER 12] ],RESTAURANT_NAME: Gusto $$ NUMBER: 12,hau
kitchen_and_dining,cancel_reservation,go and cancel two tables for me out of the five I caught at Gusto,74:79:SL:RESTAURANT_NAME,[IN:cancel_reservation [SL:RESTAURANT_NAME Gusto] ],RESTAURANT_NAME: Gusto,hau
kitchen_and_dining,cancel_reservation,the procedure for cancelling reservation of a person's table at this hotel,,[IN:cancel_reservation ],,hau
kitchen_and_dining,cancel_reservation,who will deny me my food for the day?,43:46:SL:DATE,[IN:cancel_reservation [SL:DATE yau] ],DATE: yau,hau
kitchen_and_dining,cancel_reservation,I'm going to cancel my reservation for two today.,67:70:SL:DATE,[IN:cancel_reservation [SL:DATE yau] ],DATE: yau,hau
kitchen_and_dining,cancel_reservation,inform the owner of the property that we have broken the reservation,,[IN:cancel_reservation ],,hau
kitchen_and_dining,cancel_reservation,You can cancel my dinner reservation for tonight,53:62:SL:TIME,[IN:cancel_reservation [SL:TIME daren yau] ],TIME: daren yau,hau
kitchen_and_dining,confirm_reservation,There is a way to make sure that I have a reservation in cilantro for 6 people on Saturday,"54:62:SL:RESTAURANT_NAME,73:74:SL:NUMBER,75:87:SL:DATE",[IN:confirm_reservation [SL:RESTAURANT_NAME cilantro] [SL:NUMBER 6] [SL:DATE ranar asabar] ],RESTAURANT_NAME: cilantro $$ NUMBER: 6 $$ DATE: ranar asabar,hau
kitchen_and_dining,confirm_reservation,Please tell me who to make sure I have a reservation for Duo for 10 people,"67:70:SL:RESTAURANT_NAME,81:83:SL:NUMBER",[IN:confirm_reservation [SL:RESTAURANT_NAME Duo] [SL:NUMBER 10] ],RESTAURANT_NAME: Duo $$ NUMBER: 10,hau
kitchen_and_dining,confirm_reservation,God's son checked me again if I have a reservation at Duo restaurant,66:69:SL:RESTAURANT_NAME,[IN:confirm_reservation [SL:RESTAURANT_NAME Duo] ],RESTAURANT_NAME: Duo,hau
kitchen_and_dining,confirm_reservation,God's son check me again if I have a reservation at Duo restaurant,66:69:SL:RESTAURANT_NAME,[IN:confirm_reservation [SL:RESTAURANT_NAME Duo] ],RESTAURANT_NAME: Duo,hau
kitchen_and_dining,confirm_reservation,Look at me I have a reservation at Ali Baba's restaurant at 10 am,"48:56:SL:PERSONAL_NAME,60:76:SL:TIME",[IN:confirm_reservation [SL:PERSONAL_NAME ali baba] [SL:TIME ƙarfe 10 na safe] ],PERSONAL_NAME: ali baba $$ TIME: ƙarfe 10 na safe,hau
kitchen_and_dining,confirm_reservation,Look at me I have a reservation at the Duo restaurant at 1 pm,"48:51:SL:RESTAURANT_NAME,55:70:SL:TIME",[IN:confirm_reservation [SL:RESTAURANT_NAME Duo] [SL:TIME ƙarfe 1 na rana] ],RESTAURANT_NAME: Duo $$ TIME: ƙarfe 1 na rana,hau
kitchen_and_dining,confirm_reservation,Tell me how to make sure I have a reservation for Duo 9,"57:60:SL:RESTAURANT_NAME,71:72:SL:NUMBER",[IN:confirm_reservation [SL:RESTAURANT_NAME Duo] [SL:NUMBER 9] ],RESTAURANT_NAME: Duo $$ NUMBER: 9,hau
kitchen_and_dining,confirm_reservation,Tell me who to make sure I have a reservation at the Duo restaurant on Friday,"71:74:SL:RESTAURANT_NAME,75:88:SL:DATE",[IN:confirm_reservation [SL:RESTAURANT_NAME Duo] [SL:DATE ranar jumma'a] ],RESTAURANT_NAME: Duo $$ DATE: ranar jumma'a,hau
kitchen_and_dining,confirm_reservation,Tell me how to make sure I have a reservation in Duo for 6 people,"57:60:SL:RESTAURANT_NAME,71:72:SL:NUMBER",[IN:confirm_reservation [SL:RESTAURANT_NAME Duo] [SL:NUMBER 6] ],RESTAURANT_NAME: Duo $$ NUMBER: 6,hau
kitchen_and_dining,confirm_reservation,I want to know who I can make sure I have a reservation at the chicken at 2 o'clock in the afternoon,"62:69:SL:RESTAURANT_NAME,73:88:SL:TIME",[IN:confirm_reservation [SL:RESTAURANT_NAME chicken] [SL:TIME ƙarfe 2 na rana] ],RESTAURANT_NAME: chicken $$ TIME: ƙarfe 2 na rana,hau
kitchen_and_dining,confirm_reservation,Check if I have reservation at Duo restaurant,56:59:SL:RESTAURANT_NAME,[IN:confirm_reservation [SL:RESTAURANT_NAME Duo] ],RESTAURANT_NAME: Duo,hau
kitchen_and_dining,confirm_reservation,How do I make sure that I have a reservation at the chicken republic on Wednesday,"55:71:SL:RESTAURANT_NAME,72:84:SL:DATE",[IN:confirm_reservation [SL:RESTAURANT_NAME chicken rebublic] [SL:DATE ranar laraba] ],RESTAURANT_NAME: chicken rebublic $$ DATE: ranar laraba,hau
kitchen_and_dining,confirm_reservation,How to check if I have a reservation at Duo restaurant,64:67:SL:RESTAURANT_NAME,[IN:confirm_reservation [SL:RESTAURANT_NAME Duo] ],RESTAURANT_NAME: Duo,hau
kitchen_and_dining,confirm_reservation,How do I make sure I have a reservation at the Duo restaurant at 10 pm,"64:67:SL:RESTAURANT_NAME,71:87:SL:TIME",[IN:confirm_reservation [SL:RESTAURANT_NAME Duo] [SL:TIME ƙarfe 10 na dare] ],RESTAURANT_NAME: Duo $$ TIME: ƙarfe 10 na dare,hau
kitchen_and_dining,confirm_reservation,Can you guarantee me I have a reservation at the chicken republic at 7:00 p.m.,"45:61:SL:RESTAURANT_NAME,65:81:SL:TIME",[IN:confirm_reservation [SL:RESTAURANT_NAME chicken republic] [SL:TIME ƙarfe 7 na yamma] ],RESTAURANT_NAME: chicken republic $$ TIME: ƙarfe 7 na yamma,hau
kitchen_and_dining,confirm_reservation,Can you tell me who I can make sure I have a reservation for Duo for 10 people,"66:69:SL:RESTAURANT_NAME,80:82:SL:NUMBER",[IN:confirm_reservation [SL:RESTAURANT_NAME Duo] [SL:NUMBER 10] ],RESTAURANT_NAME: Duo $$ NUMBER: 10,hau
kitchen_and_dining,confirm_reservation,there is a way to make sure that I have a reservation in cilantro,54:62:SL:RESTAURANT_NAME,[IN:confirm_reservation [SL:RESTAURANT_NAME cilantro] ],RESTAURANT_NAME: cilantro,hau
kitchen_and_dining,confirm_reservation,There is a way to make sure that I have a reservation in the cilantro for 2 people,"54:62:SL:RESTAURANT_NAME,73:74:SL:NUMBER",[IN:confirm_reservation [SL:RESTAURANT_NAME cilantro] [SL:NUMBER 2] ],RESTAURANT_NAME: cilantro $$ NUMBER: 2,hau
kitchen_and_dining,confirm_reservation,is there any way to make sure that I have a reservation at KFC,54:57:SL:RESTAURANT_NAME,[IN:confirm_reservation [SL:RESTAURANT_NAME KFC] ],RESTAURANT_NAME: KFC,hau
kitchen_and_dining,confirm_reservation,is there any way I can make sure I have a reservation at KFC at 5 pm,"54:57:SL:RESTAURANT_NAME,61:77:SL:TIME",[IN:confirm_reservation [SL:RESTAURANT_NAME KFC] [SL:TIME ƙarfe 5 na yamma] ],RESTAURANT_NAME: KFC $$ TIME: ƙarfe 5 na yamma,hau
kitchen_and_dining,confirm_reservation,is there any way I can make sure that I have a reservation at KFC on Thursday,"54:57:SL:RESTAURANT_NAME,58:71:SL:DATE",[IN:confirm_reservation [SL:RESTAURANT_NAME KFC] [SL:DATE ranar alhamis] ],RESTAURANT_NAME: KFC $$ DATE: ranar alhamis,hau
kitchen_and_dining,confirm_reservation,God's son look at me I have a reservation at ali baba restaurant,58:66:SL:PERSONAL_NAME,[IN:confirm_reservation [SL:PERSONAL_NAME ali baba] ],PERSONAL_NAME: ali baba,hau
kitchen_and_dining,confirm_reservation,"Dear God, look at me I have a reservation at the restaurant blucabana",58:67:SL:RESTAURANT_NAME,[IN:confirm_reservation [SL:RESTAURANT_NAME blucabana] ],RESTAURANT_NAME: blucabana,hau
kitchen_and_dining,confirm_reservation,God's son look at me I have a reservation at cilantro restaurant,58:66:SL:RESTAURANT_NAME,[IN:confirm_reservation [SL:RESTAURANT_NAME cilantro] ],RESTAURANT_NAME: cilantro,hau
kitchen_and_dining,confirm_reservation,"Dear God, look at me. I have a reservation at the cilantro restaurant at 4 p.m.","58:66:SL:RESTAURANT_NAME,70:86:SL:TIME",[IN:confirm_reservation [SL:RESTAURANT_NAME cilantro] [SL:TIME ƙarfe 4 na yamma] ],RESTAURANT_NAME: cilantro $$ TIME: ƙarfe 4 na yamma,hau
kitchen_and_dining,confirm_reservation,Dear God look at me I have a reservation at cilantro restaurant on Saturday,"58:66:SL:RESTAURANT_NAME,67:79:SL:DATE",[IN:confirm_reservation [SL:RESTAURANT_NAME cilantro] [SL:DATE ranar asabar] ],RESTAURANT_NAME: cilantro $$ DATE: ranar asabar,hau
kitchen_and_dining,confirm_reservation,"Dear God, look at me. I have a reservation at the red chili restaurant.",58:70:SL:RESTAURANT_NAME,[IN:confirm_reservation [SL:RESTAURANT_NAME red chillies] ],RESTAURANT_NAME: red chillies,hau
kitchen_and_dining,confirm_reservation,"Goodness gracious, look at me. I have a reservation at the red chillies restaurant at 6 p.m.","58:70:SL:RESTAURANT_NAME,74:90:SL:TIME",[IN:confirm_reservation [SL:RESTAURANT_NAME red chillies] [SL:TIME ƙarfe 6 na yamma] ],RESTAURANT_NAME: red chillies $$ TIME: ƙarfe 6 na yamma,hau
kitchen_and_dining,confirm_reservation,"Goodness gracious, do I have a reservation at the red chillies on Sunday?","58:70:SL:RESTAURANT_NAME,71:83:SL:DATE",[IN:confirm_reservation [SL:RESTAURANT_NAME red chillies] [SL:DATE ranar lahadi] ],RESTAURANT_NAME: red chillies $$ DATE: ranar lahadi,hau
kitchen_and_dining,confirm_reservation,Please check if I have a reservation at Ali Baba restaurant,66:74:SL:PERSONAL_NAME,[IN:confirm_reservation [SL:PERSONAL_NAME Ali baba] ],PERSONAL_NAME: Ali baba,hau
kitchen_and_dining,confirm_reservation,Please check if I have a reservation at the restaurant blucabana,66:75:SL:RESTAURANT_NAME,[IN:confirm_reservation [SL:RESTAURANT_NAME blucabana] ],RESTAURANT_NAME: blucabana,hau
kitchen_and_dining,confirm_reservation,Please check me again if I have a reservation at KFC restaurant,66:69:SL:RESTAURANT_NAME,[IN:confirm_reservation [SL:RESTAURANT_NAME KFC] ],RESTAURANT_NAME: KFC,hau
kitchen_and_dining,confirm_reservation,Please check if I have a reservation at the red chili restaurant,66:78:SL:RESTAURANT_NAME,[IN:confirm_reservation [SL:RESTAURANT_NAME red chillies] ],RESTAURANT_NAME: red chillies,hau
kitchen_and_dining,confirm_reservation,Look at me I have a reservation at ali baba restaurant,48:56:SL:PERSONAL_NAME,[IN:confirm_reservation [SL:PERSONAL_NAME ali baba] ],PERSONAL_NAME: ali baba,hau
kitchen_and_dining,confirm_reservation,Look at me I have a reservation at ali baba restaurant at 12 noon,"48:56:SL:PERSONAL_NAME,60:76:SL:TIME",[IN:confirm_reservation [SL:PERSONAL_NAME ali baba] [SL:TIME ƙarfe 12 na rana] ],PERSONAL_NAME: ali baba $$ TIME: ƙarfe 12 na rana,hau
kitchen_and_dining,confirm_reservation,Look at me I have a reservation at ali baba restaurant on Tuesday,"48:56:SL:PERSONAL_NAME,57:69:SL:DATE",[IN:confirm_reservation [SL:PERSONAL_NAME ali baba] [SL:DATE ranar talata] ],PERSONAL_NAME: ali baba $$ DATE: ranar talata,hau
kitchen_and_dining,confirm_reservation,Look at me I have a reservation at the restaurant blucabana,48:57:SL:RESTAURANT_NAME,[IN:confirm_reservation [SL:RESTAURANT_NAME blucabana] ],RESTAURANT_NAME: blucabana,hau
kitchen_and_dining,confirm_reservation,Look at me I have a reservation at the restaurant blucabana at 1 pm,"48:57:SL:RESTAURANT_NAME,61:76:SL:TIME",[IN:confirm_reservation [SL:RESTAURANT_NAME blucabana] [SL:TIME ƙarfe 1 na rana] ],RESTAURANT_NAME: blucabana $$ TIME: ƙarfe 1 na rana,hau
kitchen_and_dining,confirm_reservation,Look at me I have a reservation at the blucabana restaurant on Monday,"48:57:SL:RESTAURANT_NAME,58:71:SL:DATE",[IN:confirm_reservation [SL:RESTAURANT_NAME blucabana] [SL:DATE ranar litinin] ],RESTAURANT_NAME: blucabana $$ DATE: ranar litinin,hau
kitchen_and_dining,confirm_reservation,Look at me I have a reservation at cilantro restaurant,48:56:SL:RESTAURANT_NAME,[IN:confirm_reservation [SL:RESTAURANT_NAME cilantro] ],RESTAURANT_NAME: cilantro,hau
kitchen_and_dining,confirm_reservation,Look at me I have a reservation at the red chillies restaurant,48:60:SL:RESTAURANT_NAME,[IN:confirm_reservation [SL:RESTAURANT_NAME red chillies] ],RESTAURANT_NAME: red chillies,hau
kitchen_and_dining,confirm_reservation,Tell me where to check to make sure I have a reservation in cilantro,76:84:SL:RESTAURANT_NAME,[IN:confirm_reservation [SL:RESTAURANT_NAME cilantro] ],RESTAURANT_NAME: cilantro,hau
kitchen_and_dining,confirm_reservation,Tell me how to make sure I have a reservation in cilantro,57:65:SL:RESTAURANT_NAME,[IN:confirm_reservation [SL:RESTAURANT_NAME cilantro] ],RESTAURANT_NAME: cilantro,hau
kitchen_and_dining,confirm_reservation,Tell me how to make sure that I have a reservation in cilantro,57:65:SL:RESTAURANT_NAME,[IN:confirm_reservation [SL:RESTAURANT_NAME cilantro] ],RESTAURANT_NAME: cilantro,hau
kitchen_and_dining,confirm_reservation,Tell me how to make sure I have a reservation in the cilantro for 4 people,"57:65:SL:RESTAURANT_NAME,76:77:SL:NUMBER",[IN:confirm_reservation [SL:RESTAURANT_NAME cilantro] [SL:NUMBER 4] ],RESTAURANT_NAME: cilantro $$ NUMBER: 4,hau
kitchen_and_dining,confirm_reservation,Tell me how to make sure I have a reservation at cilantro on Friday,"57:65:SL:RESTAURANT_NAME,66:79:SL:DATE",[IN:confirm_reservation [SL:RESTAURANT_NAME cilantro] [SL:DATE ranar jumma'a] ],RESTAURANT_NAME: cilantro $$ DATE: ranar jumma'a,hau
kitchen_and_dining,confirm_reservation,Tell me how to make sure I have a reservation at KFC,57:60:SL:RESTAURANT_NAME,[IN:confirm_reservation [SL:RESTAURANT_NAME KFC] ],RESTAURANT_NAME: KFC,hau
kitchen_and_dining,confirm_reservation,Tell me who to check again to make sure I have a reservation in cilantro,76:84:SL:RESTAURANT_NAME,[IN:confirm_reservation [SL:RESTAURANT_NAME cilantro] ],RESTAURANT_NAME: cilantro,hau
kitchen_and_dining,confirm_reservation,Tell me how to make sure I have a reservation in cilantro,57:65:SL:RESTAURANT_NAME,[IN:confirm_reservation [SL:RESTAURANT_NAME cilantro] ],RESTAURANT_NAME: cilantro,hau
kitchen_and_dining,confirm_reservation,Tell me how to make sure I have a reservation in the cilantro for 5 people,"57:65:SL:RESTAURANT_NAME,76:77:SL:NUMBER",[IN:confirm_reservation [SL:RESTAURANT_NAME cilantro] [SL:NUMBER 5] ],RESTAURANT_NAME: cilantro $$ NUMBER: 5,hau
kitchen_and_dining,confirm_reservation,Tell me how to make sure I have a reservation at KFC,57:60:SL:RESTAURANT_NAME,[IN:confirm_reservation [SL:RESTAURANT_NAME KFC] ],RESTAURANT_NAME: KFC,hau
kitchen_and_dining,confirm_reservation,Tell me how to make sure I have a reservation at KFC God's son,57:60:SL:RESTAURANT_NAME,[IN:confirm_reservation [SL:RESTAURANT_NAME KFC] ],RESTAURANT_NAME: KFC,hau
kitchen_and_dining,confirm_reservation,I want to know who I can confirm that I have a reservation in cilantro,62:70:SL:RESTAURANT_NAME,[IN:confirm_reservation [SL:RESTAURANT_NAME cilantro] ],RESTAURANT_NAME: cilantro,hau
kitchen_and_dining,confirm_reservation,I want to know who I can make sure I have a reservation at cilantro at 3 o'clock in the afternoon,"62:70:SL:RESTAURANT_NAME,74:89:SL:TIME",[IN:confirm_reservation [SL:RESTAURANT_NAME cilantro] [SL:TIME ƙarfe 3 na rana] ],RESTAURANT_NAME: cilantro $$ TIME: ƙarfe 3 na rana,hau
kitchen_and_dining,confirm_reservation,I want to know who I can make sure I have a reservation at cilantro on Tuesday,"62:70:SL:RESTAURANT_NAME,71:83:SL:DATE",[IN:confirm_reservation [SL:RESTAURANT_NAME cilantro] [SL:DATE ranar talata] ],RESTAURANT_NAME: cilantro $$ DATE: ranar talata,hau
kitchen_and_dining,confirm_reservation,I want to know who to make sure I have a reservation at KFC,62:65:SL:RESTAURANT_NAME,[IN:confirm_reservation [SL:RESTAURANT_NAME KFC] ],RESTAURANT_NAME: KFC,hau
kitchen_and_dining,confirm_reservation,Make sure I have a reservation at my blucabana,41:50:SL:RESTAURANT_NAME,[IN:confirm_reservation [SL:RESTAURANT_NAME blucabana] ],RESTAURANT_NAME: blucabana,hau
kitchen_and_dining,confirm_reservation,Make sure that I have a reservation in chicken rebublic,41:57:SL:RESTAURANT_NAME,[IN:confirm_reservation [SL:RESTAURANT_NAME chicken rebublic] ],RESTAURANT_NAME: chicken rebublic,hau
kitchen_and_dining,confirm_reservation,Make sure I have a reservation in cilantro,41:49:SL:RESTAURANT_NAME,[IN:confirm_reservation [SL:RESTAURANT_NAME cilantro] ],RESTAURANT_NAME: cilantro,hau
kitchen_and_dining,confirm_reservation,Make sure I have a reservation at cilantro on Sunday,"41:49:SL:RESTAURANT_NAME,50:62:SL:DATE",[IN:confirm_reservation [SL:RESTAURANT_NAME cilantro] [SL:DATE ranar lahadi] ],RESTAURANT_NAME: cilantro $$ DATE: ranar lahadi,hau
kitchen_and_dining,confirm_reservation,Make sure I have a reservation at KFC,41:44:SL:RESTAURANT_NAME,[IN:confirm_reservation [SL:RESTAURANT_NAME KFC] ],RESTAURANT_NAME: KFC,hau
kitchen_and_dining,confirm_reservation,Make sure I have a reservation at KFC on Wednesday,"41:44:SL:RESTAURANT_NAME,45:57:SL:DATE",[IN:confirm_reservation [SL:RESTAURANT_NAME KFC] [SL:DATE ranar laraba] ],RESTAURANT_NAME: KFC $$ DATE: ranar laraba,hau
kitchen_and_dining,confirm_reservation,Make sure I have a reservation at the red chillies,41:53:SL:RESTAURANT_NAME,[IN:confirm_reservation [SL:RESTAURANT_NAME red chillies] ],RESTAURANT_NAME: red chillies,hau
kitchen_and_dining,confirm_reservation,How can I make sure that I have a reservation in cilantro,55:63:SL:RESTAURANT_NAME,[IN:confirm_reservation [SL:RESTAURANT_NAME cilantro] ],RESTAURANT_NAME: cilantro,hau
kitchen_and_dining,confirm_reservation,How can I make sure that I have a reservation in cilantro for 7 people,"55:63:SL:RESTAURANT_NAME,74:75:SL:NUMBER",[IN:confirm_reservation [SL:RESTAURANT_NAME cilantro] [SL:NUMBER 7] ],RESTAURANT_NAME: cilantro $$ NUMBER: 7,hau
kitchen_and_dining,confirm_reservation,How do I make sure I have a reservation at KFC,55:58:SL:RESTAURANT_NAME,[IN:confirm_reservation [SL:RESTAURANT_NAME KFC] ],RESTAURANT_NAME: KFC,hau
kitchen_and_dining,confirm_reservation,How do I make sure that I have a reservation at KFC at 6 pm,"55:58:SL:RESTAURANT_NAME,62:78:SL:TIME",[IN:confirm_reservation [SL:RESTAURANT_NAME KFC] [SL:TIME ƙarfe 6 na yamma] ],RESTAURANT_NAME: KFC $$ TIME: ƙarfe 6 na yamma,hau
kitchen_and_dining,confirm_reservation,How do I make sure I have a reservation at KFC on Wednesday,"55:58:SL:RESTAURANT_NAME,59:71:SL:DATE",[IN:confirm_reservation [SL:RESTAURANT_NAME KFC] [SL:DATE ranar laraba] ],RESTAURANT_NAME: KFC $$ DATE: ranar laraba,hau
kitchen_and_dining,confirm_reservation,How can I make sure I have a reservation in cilantro,50:58:SL:RESTAURANT_NAME,[IN:confirm_reservation [SL:RESTAURANT_NAME cilantro] ],RESTAURANT_NAME: cilantro,hau
kitchen_and_dining,confirm_reservation,How do I make sure I have a reservation at cilantro at 9pm,"50:58:SL:RESTAURANT_NAME,62:77:SL:TIME",[IN:confirm_reservation [SL:RESTAURANT_NAME cilantro] [SL:TIME ƙarfe 9 na dare] ],RESTAURANT_NAME: cilantro $$ TIME: ƙarfe 9 na dare,hau
kitchen_and_dining,confirm_reservation,How do I make sure I have a reservation at cilantro on Friday,"50:58:SL:RESTAURANT_NAME,59:72:SL:DATE",[IN:confirm_reservation [SL:RESTAURANT_NAME cilantro] [SL:DATE ranar jumma'a] ],RESTAURANT_NAME: cilantro $$ DATE: ranar jumma'a,hau
kitchen_and_dining,confirm_reservation,How do I make sure that I have a reservation at KFC,50:53:SL:RESTAURANT_NAME,[IN:confirm_reservation [SL:RESTAURANT_NAME KFC] ],RESTAURANT_NAME: KFC,hau
kitchen_and_dining,confirm_reservation,There is a way to check again to make sure that I have a reservation in cilantro,73:81:SL:RESTAURANT_NAME,[IN:confirm_reservation [SL:RESTAURANT_NAME cilantro] ],RESTAURANT_NAME: cilantro,hau
kitchen_and_dining,confirm_reservation,there is a way to make sure that I have a reservation on the jalsa on Thursday,"54:59:SL:RESTAURANT_NAME,60:73:SL:DATE",[IN:confirm_reservation [SL:RESTAURANT_NAME jalsa] [SL:DATE ranar alhamis] ],RESTAURANT_NAME: jalsa $$ DATE: ranar alhamis,hau
kitchen_and_dining,confirm_reservation,"Dear God, look at me I have a reservation at the restaurant at 4 pm","58:63:SL:RESTAURANT_NAME,67:83:SL:TIME",[IN:confirm_reservation [SL:RESTAURANT_NAME jalsa] [SL:TIME ƙarfe 4 na yamma] ],RESTAURANT_NAME: jalsa $$ TIME: ƙarfe 4 na yamma,hau
kitchen_and_dining,confirm_reservation,I have a reservation at the restaurant at 6 pm,"58:63:SL:RESTAURANT_NAME,67:83:SL:TIME",[IN:confirm_reservation [SL:RESTAURANT_NAME jalsa] [SL:TIME ƙarfe 6 na yamma] ],RESTAURANT_NAME: jalsa $$ TIME: ƙarfe 6 na yamma,hau
kitchen_and_dining,confirm_reservation,How can I check again to make sure I have a reservation in cilantro,74:82:SL:RESTAURANT_NAME,[IN:confirm_reservation [SL:RESTAURANT_NAME cilantro] ],RESTAURANT_NAME: cilantro,hau
kitchen_and_dining,confirm_reservation,How can I make sure I have a reservation on the train on Wednesday,"55:60:SL:RESTAURANT_NAME,61:73:SL:DATE",[IN:confirm_reservation [SL:RESTAURANT_NAME jalsa] [SL:DATE ranar laraba] ],RESTAURANT_NAME: jalsa $$ DATE: ranar laraba,hau
kitchen_and_dining,confirm_reservation,Can you make sure I have a reservation at the restaurant at 6 p.m.,"59:64:SL:RESTAURANT_NAME,68:84:SL:TIME",[IN:confirm_reservation [SL:RESTAURANT_NAME jalsa] [SL:TIME ƙarfe 6 na yamma] ],RESTAURANT_NAME: jalsa $$ TIME: ƙarfe 6 na yamma,hau
kitchen_and_dining,confirm_reservation,Can you guarantee me that I have a reservation at the taco bell at 7:00 p.m.,"45:54:SL:RESTAURANT_NAME,58:74:SL:TIME",[IN:confirm_reservation [SL:RESTAURANT_NAME taco bell] [SL:TIME ƙarfe 7 na yamma] ],RESTAURANT_NAME: taco bell $$ TIME: ƙarfe 7 na yamma,hau
kitchen_and_dining,cook_time,How many hours can I fry 2 tablespoons?,"24:29:SL:DISH_OR_FOOD,36:37:SL:NUMBER",[IN:cook_time [SL:DISH_OR_FOOD awara] [SL:NUMBER 2] ],DISH_OR_FOOD: awara $$ NUMBER: 2,hau
kitchen_and_dining,cook_time,How long does it take to cook?,13:17:SL:DISH_OR_FOOD,[IN:cook_time [SL:DISH_OR_FOOD fara] ],DISH_OR_FOOD: fara,hau
kitchen_and_dining,cook_time,How many hours does it take to melt in the fire before it melts?,9:13:SL:DISH_OR_FOOD,[IN:cook_time [SL:DISH_OR_FOOD doya] ],DISH_OR_FOOD: doya,hau
kitchen_and_dining,cook_time,Measure how long it takes to cook pasta,39:45:SL:DISH_OR_FOOD,[IN:cook_time [SL:DISH_OR_FOOD taliya] ],DISH_OR_FOOD: taliya,hau
kitchen_and_dining,cook_time,How many hours do I need to fry fish?,41:45:SL:DISH_OR_FOOD,[IN:cook_time [SL:DISH_OR_FOOD kifi] ],DISH_OR_FOOD: kifi,hau
kitchen_and_dining,cook_time,like how many minutes should I leave the plant on the fire?,34:39:SL:DISH_OR_FOOD,[IN:cook_time [SL:DISH_OR_FOOD tsire] ],DISH_OR_FOOD: tsire,hau
kitchen_and_dining,cook_time,how long does it take to mix the ingredients?,32:40:SL:DISH_OR_FOOD,[IN:cook_time [SL:DISH_OR_FOOD banɗashe] ],DISH_OR_FOOD: banɗashe,hau
kitchen_and_dining,cook_time,How long does the coconut stay on the fire before it melts?,11:16:SL:DISH_OR_FOOD,[IN:cook_time [SL:DISH_OR_FOOD ganda] ],DISH_OR_FOOD: ganda,hau
kitchen_and_dining,cook_time,How long does it take for the eggs to hatch?,11:15:SL:DISH_OR_FOOD,[IN:cook_time [SL:DISH_OR_FOOD ƙwai] ],DISH_OR_FOOD: ƙwai,hau
kitchen_and_dining,cook_time,Can a mushroom cook in 30 minutes?,"0:10:SL:DISH_OR_FOOD,27:35:SL:TIME",[IN:cook_time [SL:DISH_OR_FOOD Naman kaza] [SL:TIME minti 30] ],DISH_OR_FOOD: Naman kaza $$ TIME: minti 30,hau
kitchen_and_dining,cook_time,how long do I need to prepare a dish?,33:37:SL:DISH_OR_FOOD,[IN:cook_time [SL:DISH_OR_FOOD fara] ],DISH_OR_FOOD: fara,hau
kitchen_and_dining,cook_time,how long should I warm up the music?,38:42:SL:DISH_OR_FOOD,[IN:cook_time [SL:DISH_OR_FOOD wake] ],DISH_OR_FOOD: wake,hau
kitchen_and_dining,cook_time,how long does it take to cook the mushroom before it becomes soft?,28:38:SL:DISH_OR_FOOD,[IN:cook_time [SL:DISH_OR_FOOD naman kaza] ],DISH_OR_FOOD: naman kaza,hau
kitchen_and_dining,cook_time,a cow can be milked in 30 minutes?,"0:12:SL:DISH_OR_FOOD,24:32:SL:TIME",[IN:cook_time [SL:DISH_OR_FOOD tsiren shano] [SL:TIME minti 30] ],DISH_OR_FOOD: tsiren shano $$ TIME: minti 30,hau
kitchen_and_dining,cook_time,Can I cook a pancake in an hour?,"13:18:SL:DISH_OR_FOOD,21:29:SL:TIME",[IN:cook_time [SL:DISH_OR_FOOD ganda] [SL:TIME awa ɗaya] ],DISH_OR_FOOD: ganda $$ TIME: awa ɗaya,hau
kitchen_and_dining,cook_time,Can I fry 5 slices in 30 minutes?,"13:17:SL:DISH_OR_FOOD,23:24:SL:NUMBER,27:35:SL:TIME",[IN:cook_time [SL:DISH_OR_FOOD doya] [SL:NUMBER 5] [SL:TIME minti 30] ],DISH_OR_FOOD: doya $$ NUMBER: 5 $$ TIME: minti 30,hau
kitchen_and_dining,cook_time,How long does it take to cook the pasta?,20:28:SL:DISH_OR_FOOD,[IN:cook_time [SL:DISH_OR_FOOD makaroni] ],DISH_OR_FOOD: makaroni,hau
kitchen_and_dining,cook_time,How long does it take to cook hausa rice?,20:35:SL:DISH_OR_FOOD,[IN:cook_time [SL:DISH_OR_FOOD shinkafar hausa] ],DISH_OR_FOOD: shinkafar hausa,hau
kitchen_and_dining,cook_time,How long does it take for the macaroni to cook?,13:21:SL:DISH_OR_FOOD,[IN:cook_time [SL:DISH_OR_FOOD makaroni] ],DISH_OR_FOOD: makaroni,hau
kitchen_and_dining,cook_time,Can a lamb stew be cooked in 40 minutes?,"13:29:SL:DISH_OR_FOOD,32:40:SL:TIME",[IN:cook_time [SL:DISH_OR_FOOD kayan cikin rago] [SL:TIME minti 40] ],DISH_OR_FOOD: kayan cikin rago $$ TIME: minti 40,hau
kitchen_and_dining,cook_time,Can rice be cooked in 30 minutes?,"13:21:SL:DISH_OR_FOOD,24:32:SL:TIME",[IN:cook_time [SL:DISH_OR_FOOD shinkafa] [SL:TIME minti 30] ],DISH_OR_FOOD: shinkafa $$ TIME: minti 30,hau
kitchen_and_dining,cook_time,How long does it take for a turkey to cook?,9:14:SL:DISH_OR_FOOD,[IN:cook_time [SL:DISH_OR_FOOD ganda] ],DISH_OR_FOOD: ganda,hau
kitchen_and_dining,cook_time,How long does it take for the lamb to shed its skin?,9:19:SL:DISH_OR_FOOD,[IN:cook_time [SL:DISH_OR_FOOD naman rago] ],DISH_OR_FOOD: naman rago,hau
kitchen_and_dining,cook_time,How long does it take for a plant to sprout?,9:14:SL:DISH_OR_FOOD,[IN:cook_time [SL:DISH_OR_FOOD tsire] ],DISH_OR_FOOD: tsire,hau
kitchen_and_dining,cook_time,How long does it take to cook half a lamb?,,[IN:cook_time ],,hau
kitchen_and_dining,cook_time,How long does it take for the lamb to find the shepherd?,0:14:SL:DISH_OR_FOOD,[IN:cook_time [SL:DISH_OR_FOOD banlangun rago] ],DISH_OR_FOOD: banlangun rago,hau
kitchen_and_dining,cook_time,How long would it take the potato to cook?,0:14:SL:DISH_OR_FOOD,[IN:cook_time [SL:DISH_OR_FOOD Dankalin hausa] ],DISH_OR_FOOD: Dankalin hausa,hau
kitchen_and_dining,cook_time,fry the potatoes on the fire for thirty minutes,"8:14:SL:DISH_OR_FOOD,37:48:SL:TIME",[IN:cook_time [SL:DISH_OR_FOOD taliya] [SL:TIME min talatin] ],DISH_OR_FOOD: taliya $$ TIME: min talatin,hau
kitchen_and_dining,cook_time,How many hours does the cockroach spend on the fire?,0:5:SL:DISH_OR_FOOD,[IN:cook_time [SL:DISH_OR_FOOD ganda] ],DISH_OR_FOOD: ganda,hau
kitchen_and_dining,cook_time,I would like to know how many minutes the hausa pot lasts on the fire?,24:37:SL:DISH_OR_FOOD,[IN:cook_time [SL:DISH_OR_FOOD taliyar hausa] ],DISH_OR_FOOD: taliyar hausa,hau
kitchen_and_dining,cook_time,How long does it take to cook the inside of a fire?,15:34:SL:DISH_OR_FOOD,[IN:cook_time [SL:DISH_OR_FOOD farfesun kayan ciki] ],DISH_OR_FOOD: farfesun kayan ciki,hau
kitchen_and_dining,cook_time,How many hours does the pasta cook?,15:23:SL:DISH_OR_FOOD,[IN:cook_time [SL:DISH_OR_FOOD makaroni] ],DISH_OR_FOOD: makaroni,hau
kitchen_and_dining,cook_time,How long does it take for the pasta to cook?,15:21:SL:DISH_OR_FOOD,[IN:cook_time [SL:DISH_OR_FOOD taliya] ],DISH_OR_FOOD: taliya,hau
kitchen_and_dining,cook_time,How many hours does it take to cook a camel?,,[IN:cook_time ],,hau
kitchen_and_dining,cook_time,How long does it take for the bread to become crisp?,17:23:SL:DISH_OR_FOOD,[IN:cook_time [SL:DISH_OR_FOOD gurasa] ],DISH_OR_FOOD: gurasa,hau
kitchen_and_dining,cook_time,How long would the meat be cooked in the fire before it was cooked?,24:29:SL:DISH_OR_FOOD,[IN:cook_time [SL:DISH_OR_FOOD naman] ],DISH_OR_FOOD: naman,hau
kitchen_and_dining,cook_time,how long does it take to cook a fish?,0:4:SL:DISH_OR_FOOD,[IN:cook_time [SL:DISH_OR_FOOD kifi] ],DISH_OR_FOOD: kifi,hau
kitchen_and_dining,cook_time,How long does the fat of the meat stay on the stove before it melts?,0:11:SL:DISH_OR_FOOD,[IN:cook_time [SL:DISH_OR_FOOD Kitsen nama] ],DISH_OR_FOOD: Kitsen nama,hau
kitchen_and_dining,cook_time,can I get the time for cooking rice hausa?,39:54:SL:DISH_OR_FOOD,[IN:cook_time [SL:DISH_OR_FOOD shinkafar hausa] ],DISH_OR_FOOD: shinkafar hausa,hau
kitchen_and_dining,cook_time,how long does it take to cook the pancakes?,27:32:SL:DISH_OR_FOOD,[IN:cook_time [SL:DISH_OR_FOOD ganda] ],DISH_OR_FOOD: ganda,hau
kitchen_and_dining,cook_time,how long does it take to bake bread?,11:17:SL:DISH_OR_FOOD,[IN:cook_time [SL:DISH_OR_FOOD burodi] ],DISH_OR_FOOD: burodi,hau
kitchen_and_dining,cook_time,how long does it take for the oil to boil?,11:16:SL:DISH_OR_FOOD,[IN:cook_time [SL:DISH_OR_FOOD dambu] ],DISH_OR_FOOD: dambu,hau
kitchen_and_dining,cook_time,how long does the oven heat up before it gets hot?,11:23:SL:DISH_OR_FOOD,[IN:cook_time [SL:DISH_OR_FOOD ɗumamen tuwa] ],DISH_OR_FOOD: ɗumamen tuwa,hau
kitchen_and_dining,cook_time,How many minutes does the indomie take before it cools?,11:18:SL:DISH_OR_FOOD,[IN:cook_time [SL:DISH_OR_FOOD indomie] ],DISH_OR_FOOD: indomie,hau
kitchen_and_dining,cook_time,How long does it take for the indomie to go through?,11:18:SL:DISH_OR_FOOD,[IN:cook_time [SL:DISH_OR_FOOD indomie] ],DISH_OR_FOOD: indomie,hau
kitchen_and_dining,cook_time,how long does it take to cook a fish?,11:15:SL:DISH_OR_FOOD,[IN:cook_time [SL:DISH_OR_FOOD kifi] ],DISH_OR_FOOD: kifi,hau
kitchen_and_dining,cook_time,how long does it take to cook the oil before it is fried?,"11:16:SL:DISH_OR_FOOD,24:27:SL:DISH_OR_FOOD",[IN:cook_time [SL:DISH_OR_FOOD ƙosai] [SL:DISH_OR_FOOD mai] ],DISH_OR_FOOD: ƙosai $$ DISH_OR_FOOD: mai,hau
kitchen_and_dining,cook_time,How long does the chicken have to be in the oil before I take it out?,11:16:SL:DISH_OR_FOOD,[IN:cook_time [SL:DISH_OR_FOOD ƙosan] ],DISH_OR_FOOD: ƙosan,hau
kitchen_and_dining,cook_time,how long does it take for the eggs to hatch?,11:15:SL:DISH_OR_FOOD,[IN:cook_time [SL:DISH_OR_FOOD ƙwai] ],DISH_OR_FOOD: ƙwai,hau
kitchen_and_dining,cook_time,How long does the dough take to cook?,11:16:SL:DISH_OR_FOOD,[IN:cook_time [SL:DISH_OR_FOOD manja] ],DISH_OR_FOOD: manja,hau
kitchen_and_dining,cook_time,How long does the amethyst burn before melting?,11:19:SL:DISH_OR_FOOD,[IN:cook_time [SL:DISH_OR_FOOD manshanu] ],DISH_OR_FOOD: manshanu,hau
kitchen_and_dining,cook_time,How long would it take the soup to cook on the fire?,11:15:SL:DISH_OR_FOOD,[IN:cook_time [SL:DISH_OR_FOOD miya] ],DISH_OR_FOOD: miya,hau
kitchen_and_dining,cook_time,How long does it take for a plant to germinate?,11:16:SL:DISH_OR_FOOD,[IN:cook_time [SL:DISH_OR_FOOD tsire] ],DISH_OR_FOOD: tsire,hau
kitchen_and_dining,cook_time,How long would it take for this hot pan to heat up?,18:32:SL:DISH_OR_FOOD,[IN:cook_time [SL:DISH_OR_FOOD ɗumamen taliya] ],DISH_OR_FOOD: ɗumamen taliya,hau
kitchen_and_dining,cook_time,How many minutes do I have to wait for the potatoes to cook?,20:34:SL:DISH_OR_FOOD,[IN:cook_time [SL:DISH_OR_FOOD dankalin hausa] ],DISH_OR_FOOD: dankalin hausa,hau
kitchen_and_dining,cook_time,How many minutes do I have to wait for the pasta to cook?,20:26:SL:DISH_OR_FOOD,[IN:cook_time [SL:DISH_OR_FOOD taliya] ],DISH_OR_FOOD: taliya,hau
kitchen_and_dining,cook_time,How long would it take to cook goat meat?,0:11:SL:DISH_OR_FOOD,[IN:cook_time [SL:DISH_OR_FOOD naman akuya] ],DISH_OR_FOOD: naman akuya,hau
kitchen_and_dining,cook_time,How long would it take to cook the meat?,0:4:SL:DISH_OR_FOOD,[IN:cook_time [SL:DISH_OR_FOOD nama] ],DISH_OR_FOOD: nama,hau
kitchen_and_dining,cook_time,How long does it take for the hausa to cook?,0:15:SL:DISH_OR_FOOD,[IN:cook_time [SL:DISH_OR_FOOD Shinkafar hausa] ],DISH_OR_FOOD: Shinkafar hausa,hau
kitchen_and_dining,cook_time,How long does it take to cook the rice?,0:9:SL:DISH_OR_FOOD,[IN:cook_time [SL:DISH_OR_FOOD shinkafar] ],DISH_OR_FOOD: shinkafar,hau
kitchen_and_dining,cook_time,will the article take 20 minutes to cook?,"0:6:SL:DISH_OR_FOOD,22:30:SL:TIME",[IN:cook_time [SL:DISH_OR_FOOD taliya] [SL:TIME minti 20] ],DISH_OR_FOOD: taliya $$ TIME: minti 20,hau
kitchen_and_dining,cook_time,the article will be ready in 30 minutes?,"0:6:SL:DISH_OR_FOOD,24:32:SL:TIME",[IN:cook_time [SL:DISH_OR_FOOD taliya] [SL:TIME minti 30] ],DISH_OR_FOOD: taliya $$ TIME: minti 30,hau
kitchen_and_dining,cook_time,how many hours does an internist take to cook?,16:35:SL:DISH_OR_FOOD,[IN:cook_time [SL:DISH_OR_FOOD farfesun kayan ciki] ],DISH_OR_FOOD: farfesun kayan ciki,hau
kitchen_and_dining,cook_time,how long does it take to cook the beans?,16:20:SL:DISH_OR_FOOD,[IN:cook_time [SL:DISH_OR_FOOD wake] ],DISH_OR_FOOD: wake,hau
kitchen_and_dining,cook_time,how long does it take to cook a peanut?,18:26:SL:DISH_OR_FOOD,[IN:cook_time [SL:DISH_OR_FOOD ɗan-wake] ],DISH_OR_FOOD: ɗan-wake,hau
kitchen_and_dining,cook_time,How long does it take to cook fish on a fire?,18:22:SL:DISH_OR_FOOD,[IN:cook_time [SL:DISH_OR_FOOD kifi] ],DISH_OR_FOOD: kifi,hau
kitchen_and_dining,cook_time,how long does it take for a tomato to ripen?,20:25:SL:DISH_OR_FOOD,[IN:cook_time [SL:DISH_OR_FOOD danbu] ],DISH_OR_FOOD: danbu,hau
kitchen_and_dining,cook_time,this fish will cook in 20 minutes?,"7:11:SL:DISH_OR_FOOD,24:32:SL:TIME",[IN:cook_time [SL:DISH_OR_FOOD kifi] [SL:TIME minti 20] ],DISH_OR_FOOD: kifi $$ TIME: minti 20,hau
kitchen_and_dining,cook_time,How long will the beans cook in the oven?,7:11:SL:DISH_OR_FOOD,[IN:cook_time [SL:DISH_OR_FOOD wake] ],DISH_OR_FOOD: wake,hau
kitchen_and_dining,cook_time,when should I remove the potatoes from the fire?,26:33:SL:DISH_OR_FOOD,[IN:cook_time [SL:DISH_OR_FOOD dankali] ],DISH_OR_FOOD: dankali,hau
kitchen_and_dining,cook_time,Can I cook pasta in 10 minutes?,"13:21:SL:DISH_OR_FOOD,30:38:SL:TIME",[IN:cook_time [SL:DISH_OR_FOOD makaroni] [SL:TIME minti 10] ],DISH_OR_FOOD: makaroni $$ TIME: minti 10,hau
kitchen_and_dining,cook_time,can I cook this meat in 5 minutes?,"20:24:SL:DISH_OR_FOOD,28:35:SL:TIME",[IN:cook_time [SL:DISH_OR_FOOD nama] [SL:TIME minti 5] ],DISH_OR_FOOD: nama $$ TIME: minti 5,hau
kitchen_and_dining,cook_time,How long can a potato fry?,27:41:SL:DISH_OR_FOOD,[IN:cook_time [SL:DISH_OR_FOOD dankalin hausa] ],DISH_OR_FOOD: dankalin hausa,hau
kitchen_and_dining,cook_time,Can a pot roast be cooked in one bowl for 30 minutes?,"13:18:SL:DISH_OR_FOOD,34:42:SL:TIME",[IN:cook_time [SL:DISH_OR_FOOD awara] [SL:TIME minti 30] ],DISH_OR_FOOD: awara $$ TIME: minti 30,hau
kitchen_and_dining,cook_time,How long does it take to make a single trip?,0:5:SL:DISH_OR_FOOD,[IN:cook_time [SL:DISH_OR_FOOD Awara] ],DISH_OR_FOOD: Awara,hau
kitchen_and_dining,cook_time,Can a chicken hatch in five minutes?,"0:14:SL:DISH_OR_FOOD,32:39:SL:TIME",[IN:cook_time [SL:DISH_OR_FOOD Dankalin hausa] [SL:TIME minti 5] ],DISH_OR_FOOD: Dankalin hausa $$ TIME: minti 5,hau
kitchen_and_dining,cook_time,How long should the forest burn?,36:41:SL:DISH_OR_FOOD,[IN:cook_time [SL:DISH_OR_FOOD ganda] ],DISH_OR_FOOD: ganda,hau
kitchen_and_dining,cook_time,Would an hour be enough time to fry ten potatoes?,"5:13:SL:TIME,28:42:SL:DISH_OR_FOOD,48:50:SL:NUMBER",[IN:cook_time [SL:TIME awa daya] [SL:DISH_OR_FOOD dankalin hausa] [SL:NUMBER 10] ],TIME: awa daya $$ DISH_OR_FOOD: dankalin hausa $$ NUMBER: 10,hau
kitchen_and_dining,cook_time,How long does it take to cook the potatoes?,16:30:SL:DISH_OR_FOOD,[IN:cook_time [SL:DISH_OR_FOOD dankalin hausa] ],DISH_OR_FOOD: dankalin hausa,hau
kitchen_and_dining,cook_time,How long should I cook the meat?,34:38:SL:DISH_OR_FOOD,[IN:cook_time [SL:DISH_OR_FOOD nama] ],DISH_OR_FOOD: nama,hau
kitchen_and_dining,food_last,How long should I store this milk?,43:49:SL:DISH_OR_FOOD,[IN:food_last [SL:DISH_OR_FOOD madara] ],DISH_OR_FOOD: madara,hau
kitchen_and_dining,food_last,how long does the bread take to decompose?,19:25:SL:DISH_OR_FOOD,[IN:food_last [SL:DISH_OR_FOOD buredi] ],DISH_OR_FOOD: buredi,hau
kitchen_and_dining,food_last,How long would a cooked egg last before it was destroyed?,11:24:SL:DISH_OR_FOOD,[IN:food_last [SL:DISH_OR_FOOD dafaffen ƙwai] ],DISH_OR_FOOD: dafaffen ƙwai,hau
kitchen_and_dining,food_last,How long does it take for a grain of rice to decompose?,20:26:SL:DISH_OR_FOOD,[IN:food_last [SL:DISH_OR_FOOD abarba] ],DISH_OR_FOOD: abarba,hau
kitchen_and_dining,food_last,how long does it take to put a garment away before it wears out?,11:15:SL:DISH_OR_FOOD,[IN:food_last [SL:DISH_OR_FOOD tufa] ],DISH_OR_FOOD: tufa,hau
kitchen_and_dining,food_last,How long does the mango last in storage?,0:8:SL:DISH_OR_FOOD,[IN:food_last [SL:DISH_OR_FOOD Mangwaro] ],DISH_OR_FOOD: Mangwaro,hau
kitchen_and_dining,food_last,How long does it take for the manatee to hatch?,0:8:SL:DISH_OR_FOOD,[IN:food_last [SL:DISH_OR_FOOD manshanu] ],DISH_OR_FOOD: manshanu,hau
kitchen_and_dining,food_last,Can I breastfeed with breast milk?,"12:16:SL:DISH_OR_FOOD,25:29:SL:DATE,32:39:SL:SHOPPING_ITEM",[IN:food_last [SL:DISH_OR_FOOD nono] [SL:DATE sati] [SL:SHOPPING_ITEM furinji] ],DISH_OR_FOOD: nono $$ DATE: sati $$ SHOPPING_ITEM: furinji,hau
kitchen_and_dining,food_last,How long does it take for the milk to ferment?,0:4:SL:DISH_OR_FOOD,[IN:food_last [SL:DISH_OR_FOOD Nono] ],DISH_OR_FOOD: Nono,hau
kitchen_and_dining,food_last,how many days can I store the milk before it is fermented?,32:36:SL:DISH_OR_FOOD,[IN:food_last [SL:DISH_OR_FOOD nono] ],DISH_OR_FOOD: nono,hau
kitchen_and_dining,food_last,How long does unskimmed milk keep its shape?,20:26:SL:DISH_OR_FOOD,[IN:food_last [SL:DISH_OR_FOOD madara] ],DISH_OR_FOOD: madara,hau
kitchen_and_dining,food_last,How long does it take for the canned fish to deteriorate?,35:50:SL:DISH_OR_FOOD,[IN:food_last [SL:DISH_OR_FOOD kifin gwangwani] ],DISH_OR_FOOD: kifin gwangwani,hau
kitchen_and_dining,food_last,When will this milk be spoiled?,14:21:SL:DISH_OR_FOOD,[IN:food_last [SL:DISH_OR_FOOD madarar] ],DISH_OR_FOOD: madarar,hau
kitchen_and_dining,food_last,Can I keep the meat in a fresh state for three days?,"14:25:SL:DISH_OR_FOOD,33:42:SL:DATE",[IN:food_last [SL:DISH_OR_FOOD ɗanyan nama] [SL:DATE kwana uku] ],DISH_OR_FOOD: ɗanyan nama $$ DATE: kwana uku,hau
kitchen_and_dining,food_last,Can I eat three-day-old bread in a tin?,"12:18:SL:DISH_OR_FOOD,26:33:SL:DATE",[IN:food_last [SL:DISH_OR_FOOD burodi] [SL:DATE kwana 3] ],DISH_OR_FOOD: burodi $$ DATE: kwana 3,hau
kitchen_and_dining,food_last,Can I drink milk that has been opened for two days?,"13:19:SL:DISH_OR_FOOD,30:40:SL:DATE",[IN:food_last [SL:DISH_OR_FOOD madara] [SL:DATE kwana biyu] ],DISH_OR_FOOD: madara $$ DATE: kwana biyu,hau
kitchen_and_dining,food_last,Can a reed wither and not rot?,"0:6:SL:DISH_OR_FOOD,16:20:SL:DATE",[IN:food_last [SL:DISH_OR_FOOD Abarba] [SL:DATE sati] ],DISH_OR_FOOD: Abarba $$ DATE: sati,hau
kitchen_and_dining,food_last,food that has been in the oven for two days can be eaten?,"14:21:SL:DATE,24:31:SL:SHOPPING_ITEM",[IN:food_last [SL:DATE kwana 2] [SL:SHOPPING_ITEM furinji] ],DATE: kwana 2 $$ SHOPPING_ITEM: furinji,hau
kitchen_and_dining,food_last,How long would that food last?,,[IN:food_last ],,hau
kitchen_and_dining,food_last,Is there any risk of getting sick if I hold a three-week-old egg in my vagina?,"49:53:SL:DISH_OR_FOOD,63:69:SL:DATE,72:79:SL:SHOPPING_ITEM",[IN:food_last [SL:DISH_OR_FOOD ƙwan] [SL:DATE sati 3] [SL:SHOPPING_ITEM furinji] ],DISH_OR_FOOD: ƙwan $$ DATE: sati 3 $$ SHOPPING_ITEM: furinji,hau
kitchen_and_dining,food_last,How long does it take to cover the flower?,9:13:SL:DISH_OR_FOOD,[IN:food_last [SL:DISH_OR_FOOD fura] ],DISH_OR_FOOD: fura,hau
kitchen_and_dining,food_last,How long does the milk take to ferment in the plastic?,9:13:SL:DISH_OR_FOOD,[IN:food_last [SL:DISH_OR_FOOD nono] ],DISH_OR_FOOD: nono,hau
kitchen_and_dining,food_last,Would it be okay to drink a lemon that has been fermented for ten days?,"26:30:SL:DISH_OR_FOOD,40:50:SL:DATE,53:60:SL:SHOPPING_ITEM",[IN:food_last [SL:DISH_OR_FOOD lemo] [SL:DATE kwanaki 10] [SL:SHOPPING_ITEM furinji] ],DISH_OR_FOOD: lemo $$ DATE: kwanaki 10 $$ SHOPPING_ITEM: furinji,hau
kitchen_and_dining,food_last,will this bread be bad after 3 days of buying it?,"0:6:SL:DISH_OR_FOOD,27:34:SL:DATE",[IN:food_last [SL:DISH_OR_FOOD buredi] [SL:DATE kwana 3] ],DISH_OR_FOOD: buredi $$ DATE: kwana 3,hau
kitchen_and_dining,food_last,will my stomach hurt if I drink a flower that was cut yesterday?,"33:37:SL:DISH_OR_FOOD,51:55:SL:DATE",[IN:food_last [SL:DISH_OR_FOOD fura] [SL:DATE jiya] ],DISH_OR_FOOD: fura $$ DATE: jiya,hau
kitchen_and_dining,food_last,can a boiled egg stay in the oven for 2 days without spoiling?,"0:13:SL:DISH_OR_FOOD,23:30:SL:DATE,33:40:SL:SHOPPING_ITEM",[IN:food_last [SL:DISH_OR_FOOD dafaffen kwai] [SL:DATE kwana 2] [SL:SHOPPING_ITEM furinji] ],DISH_OR_FOOD: dafaffen kwai $$ DATE: kwana 2 $$ SHOPPING_ITEM: furinji,hau
kitchen_and_dining,food_last,How long would it take for the dough to ferment?,0:13:SL:DISH_OR_FOOD,[IN:food_last [SL:DISH_OR_FOOD Damammar fura] ],DISH_OR_FOOD: Damammar fura,hau
kitchen_and_dining,food_last,check if this flower is wet because it was cut this morning,"12:16:SL:DISH_OR_FOOD,45:49:SL:TIME",[IN:food_last [SL:DISH_OR_FOOD fura] [SL:TIME safe] ],DISH_OR_FOOD: fura $$ TIME: safe,hau
kitchen_and_dining,food_last,Can bread last 2 days without being stale?,"0:6:SL:DISH_OR_FOOD,16:23:SL:DATE",[IN:food_last [SL:DISH_OR_FOOD gurasa] [SL:DATE kwana 2] ],DISH_OR_FOOD: gurasa $$ DATE: kwana 2,hau
kitchen_and_dining,food_last,How long would it take for the shell to decompose?,17:22:SL:DISH_OR_FOOD,[IN:food_last [SL:DISH_OR_FOOD dambu] ],DISH_OR_FOOD: dambu,hau
kitchen_and_dining,food_last,How long would it take for the soup to ferment?,24:28:SL:DISH_OR_FOOD,[IN:food_last [SL:DISH_OR_FOOD miya] ],DISH_OR_FOOD: miya,hau
kitchen_and_dining,food_last,Like how many days can I keep milk in the fridge if it's spoiled?,"38:44:SL:DISH_OR_FOOD,47:54:SL:SHOPPING_ITEM",[IN:food_last [SL:DISH_OR_FOOD madara] [SL:SHOPPING_ITEM furinji] ],DISH_OR_FOOD: madara $$ SHOPPING_ITEM: furinji,hau
kitchen_and_dining,food_last,Like how long will the flower fade if I don't put it in the pot?,"29:33:SL:DISH_OR_FOOD,72:79:SL:SHOPPING_ITEM",[IN:food_last [SL:DISH_OR_FOOD fura] [SL:SHOPPING_ITEM furinji] ],DISH_OR_FOOD: fura $$ SHOPPING_ITEM: furinji,hau
kitchen_and_dining,food_last,the fish will spoil if I leave it in the oven for 3 days,"0:4:SL:DISH_OR_FOOD,38:45:SL:DATE,48:55:SL:SHOPPING_ITEM",[IN:food_last [SL:DISH_OR_FOOD kifi] [SL:DATE kwana 3] [SL:SHOPPING_ITEM furinji] ],DISH_OR_FOOD: kifi $$ DATE: kwana 3 $$ SHOPPING_ITEM: furinji,hau
kitchen_and_dining,food_last,Can a boiled corn remain in water for two days?,"3:20:SL:DISH_OR_FOOD,30:37:SL:DATE,40:44:SL:DISH_OR_FOOD",[IN:food_last [SL:DISH_OR_FOOD dafaffiyar masara] [SL:DATE kwana 2] [SL:DISH_OR_FOOD ruwa] ],DISH_OR_FOOD: dafaffiyar masara $$ DATE: kwana 2 $$ DISH_OR_FOOD: ruwa,hau
kitchen_and_dining,food_last,Or could I eat bread that has been baked for a week?,"14:20:SL:DISH_OR_FOOD,30:34:SL:DATE,37:44:SL:SHOPPING_ITEM",[IN:food_last [SL:DISH_OR_FOOD gurasa] [SL:DATE sati] [SL:SHOPPING_ITEM furinji] ],DISH_OR_FOOD: gurasa $$ DATE: sati $$ SHOPPING_ITEM: furinji,hau
kitchen_and_dining,food_last,How long would this food be left out in the open before it could be destroyed?,,[IN:food_last ],,hau
kitchen_and_dining,food_last,How long does it take for the banana to dry?,11:16:SL:DISH_OR_FOOD,[IN:food_last [SL:DISH_OR_FOOD ayaba] ],DISH_OR_FOOD: ayaba,hau
kitchen_and_dining,food_last,How long does the shell of a pine need to stay in place?,11:24:SL:DISH_OR_FOOD,[IN:food_last [SL:DISH_OR_FOOD kunun tsamiya] ],DISH_OR_FOOD: kunun tsamiya,hau
kitchen_and_dining,food_last,How long would it take the potter to burn the pottery?,"11:17:SL:DISH_OR_FOOD,35:42:SL:SHOPPING_ITEM",[IN:food_last [SL:DISH_OR_FOOD magoro] [SL:SHOPPING_ITEM furinji] ],DISH_OR_FOOD: magoro $$ SHOPPING_ITEM: furinji,hau
kitchen_and_dining,food_last,how long does it take for a milk tea to spoil?,11:27:SL:DISH_OR_FOOD,[IN:food_last [SL:DISH_OR_FOOD shayi mai madara] ],DISH_OR_FOOD: shayi mai madara,hau
kitchen_and_dining,food_last,How long does it take to cook the rice and beans?,11:27:SL:DISH_OR_FOOD,[IN:food_last [SL:DISH_OR_FOOD shinkafa da wake] ],DISH_OR_FOOD: shinkafa da wake,hau
kitchen_and_dining,food_last,How long does it take to get a leak under control?,11:15:SL:DISH_OR_FOOD,[IN:food_last [SL:DISH_OR_FOOD tuwo] ],DISH_OR_FOOD: tuwo,hau
kitchen_and_dining,food_last,How long would this meat be left in the oven?,18:22:SL:DISH_OR_FOOD,[IN:food_last [SL:DISH_OR_FOOD nama] ],DISH_OR_FOOD: nama,hau
kitchen_and_dining,food_last,How long would it take for the egg to hatch in such a hot climate?,13:24:SL:DISH_OR_FOOD,[IN:food_last [SL:DISH_OR_FOOD ɗanyan ƙwai] ],DISH_OR_FOOD: ɗanyan ƙwai,hau
kitchen_and_dining,food_last,How long does it take for the lemon peel to decompose?,0:10:SL:DISH_OR_FOOD,[IN:food_last [SL:DISH_OR_FOOD Lemon fata] ],DISH_OR_FOOD: Lemon fata,hau
kitchen_and_dining,food_last,can a banana last for six days without rotting?,"5:10:SL:DISH_OR_FOOD,27:38:SL:DATE",[IN:food_last [SL:DISH_OR_FOOD ayaba] [SL:DATE kwana shida] ],DISH_OR_FOOD: ayaba $$ DATE: kwana shida,hau
kitchen_and_dining,food_last,How long would the rice remain in the oven?,"26:33:SL:DISH_OR_FOOD,44:51:SL:SHOPPING_ITEM",[IN:food_last [SL:DISH_OR_FOOD abarbar] [SL:SHOPPING_ITEM furinji] ],DISH_OR_FOOD: abarbar $$ SHOPPING_ITEM: furinji,hau
kitchen_and_dining,food_last,How many hours can I let the decision sit idle?,30:38:SL:DISH_OR_FOOD,[IN:food_last [SL:DISH_OR_FOOD shawarma] ],DISH_OR_FOOD: shawarma,hau
kitchen_and_dining,food_last,how long does the milk stay in the vagina before it spoils?,"18:22:SL:DISH_OR_FOOD,32:39:SL:SHOPPING_ITEM",[IN:food_last [SL:DISH_OR_FOOD nono] [SL:SHOPPING_ITEM furinji] ],DISH_OR_FOOD: nono $$ SHOPPING_ITEM: furinji,hau
kitchen_and_dining,food_last,how long does a tomato stay in the oven?,36:43:SL:SHOPPING_ITEM,[IN:food_last [SL:SHOPPING_ITEM furinji] ],SHOPPING_ITEM: furinji,hau
kitchen_and_dining,food_last,how many days should I leave the powder in the fridge?,"35:39:SL:DISH_OR_FOOD,42:49:SL:SHOPPING_ITEM",[IN:food_last [SL:DISH_OR_FOOD fura] [SL:SHOPPING_ITEM furinji] ],DISH_OR_FOOD: fura $$ SHOPPING_ITEM: furinji,hau
kitchen_and_dining,food_last,how long can I keep this bread before it spoils?,32:38:SL:DISH_OR_FOOD,[IN:food_last [SL:DISH_OR_FOOD gurasa] ],DISH_OR_FOOD: gurasa,hau
kitchen_and_dining,food_last,how long does the lemon peel last in the oven?,20:30:SL:DISH_OR_FOOD,[IN:food_last [SL:DISH_OR_FOOD lemon ɓawo] ],DISH_OR_FOOD: lemon ɓawo,hau
kitchen_and_dining,food_last,how many days can I keep the pineapple in the oven intact?,"34:40:SL:DISH_OR_FOOD,43:50:SL:SHOPPING_ITEM",[IN:food_last [SL:DISH_OR_FOOD abarba] [SL:SHOPPING_ITEM furinji] ],DISH_OR_FOOD: abarba $$ SHOPPING_ITEM: furinji,hau
kitchen_and_dining,food_last,how long does it take to cook a tomato before it is covered with a lid?,27:43:SL:DISH_OR_FOOD,[IN:food_last [SL:DISH_OR_FOOD dafaffen tumatur] ],DISH_OR_FOOD: dafaffen tumatur,hau
kitchen_and_dining,food_last,could this sheet of music have been preserved intact?,0:4:SL:DISH_OR_FOOD,[IN:food_last [SL:DISH_OR_FOOD wake] ],DISH_OR_FOOD: wake,hau
kitchen_and_dining,food_last,how long would this piece of paper take to decompose?,7:12:SL:DISH_OR_FOOD,[IN:food_last [SL:DISH_OR_FOOD fanke] ],DISH_OR_FOOD: fanke,hau
kitchen_and_dining,food_last,How long would the dough take to ferment?,"7:21:SL:DISH_OR_FOOD,33:40:SL:SHOPPING_ITEM",[IN:food_last [SL:DISH_OR_FOOD kunun tsamiyar] [SL:SHOPPING_ITEM furinji] ],DISH_OR_FOOD: kunun tsamiyar $$ SHOPPING_ITEM: furinji,hau
kitchen_and_dining,food_last,how long does it take for this mango to rot?,7:14:SL:DISH_OR_FOOD,[IN:food_last [SL:DISH_OR_FOOD mangoro] ],DISH_OR_FOOD: mangoro,hau
kitchen_and_dining,food_last,How long would this meat be cooked before it was ready to be used?,7:11:SL:DISH_OR_FOOD,[IN:food_last [SL:DISH_OR_FOOD nama] ],DISH_OR_FOOD: nama,hau
kitchen_and_dining,food_last,how long can the canned fish be spoiled?,7:22:SL:DISH_OR_FOOD,[IN:food_last [SL:DISH_OR_FOOD kifin gwangwani] ],DISH_OR_FOOD: kifin gwangwani,hau
kitchen_and_dining,food_last,can I keep bread for a week without chewing it?,"14:20:SL:DISH_OR_FOOD,26:30:SL:DATE",[IN:food_last [SL:DISH_OR_FOOD gurasa] [SL:DATE sati] ],DISH_OR_FOOD: gurasa $$ DATE: sati,hau
kitchen_and_dining,food_last,Can I eat one cake for a week in the fridge?,"12:18:SL:DISH_OR_FOOD,28:32:SL:DATE,35:42:SL:SHOPPING_ITEM",[IN:food_last [SL:DISH_OR_FOOD biredi] [SL:DATE sati] [SL:SHOPPING_ITEM furinji] ],DISH_OR_FOOD: biredi $$ DATE: sati $$ SHOPPING_ITEM: furinji,hau
kitchen_and_dining,food_last,can I eat two-day-old bread covered in a pot?,"12:18:SL:DISH_OR_FOOD,28:35:SL:DATE,45:52:SL:SHOPPING_ITEM",[IN:food_last [SL:DISH_OR_FOOD gurasa] [SL:DATE kwana 2] [SL:SHOPPING_ITEM tukunya] ],DISH_OR_FOOD: gurasa $$ DATE: kwana 2 $$ SHOPPING_ITEM: tukunya,hau
kitchen_and_dining,food_last,Should I eat the food that has been left on my stomach?,"12:20:SL:DISH_OR_FOOD,36:43:SL:SHOPPING_ITEM",[IN:food_last [SL:DISH_OR_FOOD shawarma] [SL:SHOPPING_ITEM furinji] ],DISH_OR_FOOD: shawarma $$ SHOPPING_ITEM: furinji,hau
kitchen_and_dining,food_last,Could I be at risk of developing a recent cold?,53:57:SL:DISH_OR_FOOD,[IN:food_last [SL:DISH_OR_FOOD tuwo] ],DISH_OR_FOOD: tuwo,hau
kitchen_and_dining,food_last,Can I drink the flower that has grown old?,13:17:SL:DISH_OR_FOOD,[IN:food_last [SL:DISH_OR_FOOD fura] ],DISH_OR_FOOD: fura,hau
kitchen_and_dining,food_last,Can I drink an open bottle of lemon?,13:25:SL:DISH_OR_FOOD,[IN:food_last [SL:DISH_OR_FOOD lemon kwalba] ],DISH_OR_FOOD: lemon kwalba,hau
kitchen_and_dining,food_last,Can I drink milk that has been fermented for a week?,"13:19:SL:DISH_OR_FOOD,29:33:SL:DATE,36:43:SL:SHOPPING_ITEM",[IN:food_last [SL:DISH_OR_FOOD madara] [SL:DATE sati] [SL:SHOPPING_ITEM furinji] ],DISH_OR_FOOD: madara $$ DATE: sati $$ SHOPPING_ITEM: furinji,hau
kitchen_and_dining,food_last,Can I drink this lemon after it has been left in the oven?,"20:24:SL:DISH_OR_FOOD,51:58:SL:SHOPPING_ITEM",[IN:food_last [SL:DISH_OR_FOOD lemo] [SL:SHOPPING_ITEM furinji] ],DISH_OR_FOOD: lemo $$ SHOPPING_ITEM: furinji,hau
kitchen_and_dining,food_last,Would I get sick if I ate a steak that was cooked two days ago?,"37:44:SL:DISH_OR_FOOD,58:78:SL:DATE",[IN:food_last [SL:DISH_OR_FOOD shikafa] [SL:DATE kwana 2 da suka wuce] ],DISH_OR_FOOD: shikafa $$ DATE: kwana 2 da suka wuce,hau
kitchen_and_dining,food_last,How long does it take to dry the fish?,11:15:SL:DISH_OR_FOOD,[IN:food_last [SL:DISH_OR_FOOD kifi] ],DISH_OR_FOOD: kifi,hau
kitchen_and_dining,food_last,How long does it take for this flower to bloom?,18:22:SL:DISH_OR_FOOD,[IN:food_last [SL:DISH_OR_FOOD fura] ],DISH_OR_FOOD: fura,hau
kitchen_and_dining,food_last,How long would it take for a good mango to decompose?,9:17:SL:DISH_OR_FOOD,[IN:food_last [SL:DISH_OR_FOOD mangwaro] ],DISH_OR_FOOD: mangwaro,hau
kitchen_and_dining,food_last,Will you eat any unleavened bread without raising a cake?,23:27:SL:DATE,[IN:food_last [SL:DATE jibi] ],DATE: jibi,hau
kitchen_and_dining,food_last,Would this food last two days in the oven before it spoiled?,"23:30:SL:DATE,33:40:SL:SHOPPING_ITEM",[IN:food_last [SL:DATE kwana 2] [SL:SHOPPING_ITEM furinji] ],DATE: kwana 2 $$ SHOPPING_ITEM: furinji,hau
kitchen_and_dining,food_last,Will the flower last a week in the oven before it dies?,"7:11:SL:DISH_OR_FOOD,21:25:SL:DATE,28:35:SL:SHOPPING_ITEM",[IN:food_last [SL:DISH_OR_FOOD fura] [SL:DATE sati] [SL:SHOPPING_ITEM furinji] ],DISH_OR_FOOD: fura $$ DATE: sati $$ SHOPPING_ITEM: furinji,hau
kitchen_and_dining,food_last,Would the dough reach the next day uncooked?,"7:18:SL:DISH_OR_FOOD,28:32:SL:DATE",[IN:food_last [SL:DISH_OR_FOOD kunun gyaɗa] [SL:DATE gobe] ],DISH_OR_FOOD: kunun gyaɗa $$ DATE: gobe,hau
kitchen_and_dining,food_last,Can I cover this flower in the morning without getting cold?,"20:24:SL:DISH_OR_FOOD,32:38:SL:TIME",[IN:food_last [SL:DISH_OR_FOOD fura] [SL:TIME safiya] ],DISH_OR_FOOD: fura $$ TIME: safiya,hau
kitchen_and_dining,ingredients_list,where is the tea-making equipment sold in this town?,31:36:SL:DISH_OR_FOOD,[IN:ingredients_list [SL:DISH_OR_FOOD shayi] ],DISH_OR_FOOD: shayi,hau
kitchen_and_dining,ingredients_list,where can i get the meat packing supplies?,32:45:SL:DISH_OR_FOOD,[IN:ingredients_list [SL:DISH_OR_FOOD farfesun nama] ],DISH_OR_FOOD: farfesun nama,hau
kitchen_and_dining,ingredients_list,What is the amount of effort required to grow a plant?,33:46:SL:DISH_OR_FOOD,[IN:ingredients_list [SL:DISH_OR_FOOD kunun tsamiya] ],DISH_OR_FOOD: kunun tsamiya,hau
kitchen_and_dining,ingredients_list,tell me where to get the ingredients,34:42:SL:DISH_OR_FOOD,[IN:ingredients_list [SL:DISH_OR_FOOD shawarma] ],DISH_OR_FOOD: shawarma,hau
kitchen_and_dining,ingredients_list,where is the tea-making equipment sold in this neighborhood?,29:34:SL:DISH_OR_FOOD,[IN:ingredients_list [SL:DISH_OR_FOOD shayi] ],DISH_OR_FOOD: shayi,hau
kitchen_and_dining,ingredients_list,where should I go to buy tea preparation ingredients?,44:49:SL:DISH_OR_FOOD,[IN:ingredients_list [SL:DISH_OR_FOOD shayi] ],DISH_OR_FOOD: shayi,hau
kitchen_and_dining,ingredients_list,where can I get the ingredients to cook the corn?,30:36:SL:DISH_OR_FOOD,[IN:ingredients_list [SL:DISH_OR_FOOD masara] ],DISH_OR_FOOD: masara,hau
kitchen_and_dining,ingredients_list,like how much should I spend on meat processing equipment?,41:54:SL:DISH_OR_FOOD,[IN:ingredients_list [SL:DISH_OR_FOOD farfesun nama] ],DISH_OR_FOOD: farfesun nama,hau
kitchen_and_dining,ingredients_list,list the ingredients for rice,29:37:SL:DISH_OR_FOOD,[IN:ingredients_list [SL:DISH_OR_FOOD shinkafa] ],DISH_OR_FOOD: shinkafa,hau
kitchen_and_dining,ingredients_list,calculate how much will be spent on buying fish processing equipment,44:58:SL:DISH_OR_FOOD,[IN:ingredients_list [SL:DISH_OR_FOOD farfesun kifin] ],DISH_OR_FOOD: farfesun kifin,hau
kitchen_and_dining,ingredients_list,what are the ingredients used to make fish pellets?,30:43:SL:DISH_OR_FOOD,[IN:ingredients_list [SL:DISH_OR_FOOD farfesun kifi] ],DISH_OR_FOOD: farfesun kifi,hau
kitchen_and_dining,ingredients_list,write down the necessary items for the operation,46:57:SL:DISH_OR_FOOD,[IN:ingredients_list [SL:DISH_OR_FOOD kunun kanwa] ],DISH_OR_FOOD: kunun kanwa,hau
kitchen_and_dining,ingredients_list,what ingredients are used to cook the beans?,32:36:SL:DISH_OR_FOOD,[IN:ingredients_list [SL:DISH_OR_FOOD wake] ],DISH_OR_FOOD: wake,hau
kitchen_and_dining,ingredients_list,what kind of accessories are worn in internal medicine courses?,34:53:SL:DISH_OR_FOOD,[IN:ingredients_list [SL:DISH_OR_FOOD farfesun kayan ciki] ],DISH_OR_FOOD: farfesun kayan ciki,hau
kitchen_and_dining,ingredients_list,what accessories do I need if I want to properly clean my mouth?,44:55:SL:DISH_OR_FOOD,[IN:ingredients_list [SL:DISH_OR_FOOD kunun kanwa] ],DISH_OR_FOOD: kunun kanwa,hau
kitchen_and_dining,ingredients_list,which ingredients should I use to cook the rice?,44:52:SL:DISH_OR_FOOD,[IN:ingredients_list [SL:DISH_OR_FOOD shinkafa] ],DISH_OR_FOOD: shinkafa,hau
kitchen_and_dining,ingredients_list,is milk needed in the doughnut mix?,"12:18:SL:DISH_OR_FOOD,39:48:SL:DISH_OR_FOOD",[IN:ingredients_list [SL:DISH_OR_FOOD madara] [SL:DISH_OR_FOOD kunun aya] ],DISH_OR_FOOD: madara $$ DISH_OR_FOOD: kunun aya,hau
kitchen_and_dining,ingredients_list,when is the magnesium needed in the ingredients if the soup is to be cooked?,"12:16:SL:DISH_OR_FOOD,49:61:SL:DISH_OR_FOOD",[IN:ingredients_list [SL:DISH_OR_FOOD magi] [SL:DISH_OR_FOOD miyar taushe] ],DISH_OR_FOOD: magi $$ DISH_OR_FOOD: miyar taushe,hau
kitchen_and_dining,ingredients_list,need to add ingredients if soup is to be cooked?,"12:17:SL:DISH_OR_FOOD,47:59:SL:DISH_OR_FOOD",[IN:ingredients_list [SL:DISH_OR_FOOD manja] [SL:DISH_OR_FOOD miyar taushe] ],DISH_OR_FOOD: manja $$ DISH_OR_FOOD: miyar taushe,hau
kitchen_and_dining,ingredients_list,is it necessary to sew in the accessories if I want to make corn paste?,"12:17:SL:DISH_OR_FOOD,47:59:SL:DISH_OR_FOOD",[IN:ingredients_list [SL:DISH_OR_FOOD manja] [SL:DISH_OR_FOOD faten masara] ],DISH_OR_FOOD: manja $$ DISH_OR_FOOD: faten masara,hau
kitchen_and_dining,ingredients_list,can tea ingredients be found in this store?,26:31:SL:DISH_OR_FOOD,[IN:ingredients_list [SL:DISH_OR_FOOD shayi] ],DISH_OR_FOOD: shayi,hau
kitchen_and_dining,ingredients_list,the use of a handkerchief in rice dishes?,"9:14:SL:DISH_OR_FOOD,40:48:SL:DISH_OR_FOOD",[IN:ingredients_list [SL:DISH_OR_FOOD manja] [SL:DISH_OR_FOOD shinkafa] ],DISH_OR_FOOD: manja $$ DISH_OR_FOOD: shinkafa,hau
kitchen_and_dining,ingredients_list,What kind of ingredients are available in this store?,22:34:SL:DISH_OR_FOOD,[IN:ingredients_list [SL:DISH_OR_FOOD miyar taushe] ],DISH_OR_FOOD: miyar taushe,hau
kitchen_and_dining,ingredients_list,What ingredients were used in the wine?,35:40:SL:DISH_OR_FOOD,[IN:ingredients_list [SL:DISH_OR_FOOD shayi] ],DISH_OR_FOOD: shayi,hau
kitchen_and_dining,ingredients_list,What is the cost of a good life?,33:38:SL:DISH_OR_FOOD,[IN:ingredients_list [SL:DISH_OR_FOOD awara] ],DISH_OR_FOOD: awara,hau
kitchen_and_dining,ingredients_list,worry about the necessary equipment if it is to be removed?,47:52:SL:DISH_OR_FOOD,[IN:ingredients_list [SL:DISH_OR_FOOD awara] ],DISH_OR_FOOD: awara,hau
kitchen_and_dining,ingredients_list,please tell me the ingredients of the fish paste,30:41:SL:DISH_OR_FOOD,[IN:ingredients_list [SL:DISH_OR_FOOD dambun kifi] ],DISH_OR_FOOD: dambun kifi,hau
kitchen_and_dining,ingredients_list,list of ingredients needed to make the beans,36:51:SL:DISH_OR_FOOD,[IN:ingredients_list [SL:DISH_OR_FOOD fate-faten wake] ],DISH_OR_FOOD: fate-faten wake,hau
kitchen_and_dining,ingredients_list,list of ingredients needed if you are going to make baking soda,46:56:SL:DISH_OR_FOOD,[IN:ingredients_list [SL:DISH_OR_FOOD miyar kuka] ],DISH_OR_FOOD: miyar kuka,hau
kitchen_and_dining,ingredients_list,a list of the parts needed for a pipe,46:54:SL:DISH_OR_FOOD,[IN:ingredients_list [SL:DISH_OR_FOOD ɗan-wake] ],DISH_OR_FOOD: ɗan-wake,hau
kitchen_and_dining,ingredients_list,a list of ingredients that are prepared for the consecration soup,46:58:SL:DISH_OR_FOOD,[IN:ingredients_list [SL:DISH_OR_FOOD miyar kuɓewa] ],DISH_OR_FOOD: miyar kuɓewa,hau
kitchen_and_dining,ingredients_list,a large amount of crying soap,20:30:SL:DISH_OR_FOOD,[IN:ingredients_list [SL:DISH_OR_FOOD miyar kuka] ],DISH_OR_FOOD: miyar kuka,hau
kitchen_and_dining,ingredients_list,a drop of the ingredients of the soup,20:32:SL:DISH_OR_FOOD,[IN:ingredients_list [SL:DISH_OR_FOOD miyar taushe] ],DISH_OR_FOOD: miyar taushe,hau
kitchen_and_dining,ingredients_list,a thickness of the ingredients of the zogale soup,20:32:SL:DISH_OR_FOOD,[IN:ingredients_list [SL:DISH_OR_FOOD miyar zogale] ],DISH_OR_FOOD: miyar zogale,hau
kitchen_and_dining,ingredients_list,salt in the ingredients needed?,0:7:SL:DISH_OR_FOOD,[IN:ingredients_list [SL:DISH_OR_FOOD gishiri] ],DISH_OR_FOOD: gishiri,hau
kitchen_and_dining,ingredients_list,the materials are easy to use?,12:17:SL:DISH_OR_FOOD,[IN:ingredients_list [SL:DISH_OR_FOOD awara] ],DISH_OR_FOOD: awara,hau
kitchen_and_dining,ingredients_list,the cost of the equipment?,12:17:SL:DISH_OR_FOOD,[IN:ingredients_list [SL:DISH_OR_FOOD awara] ],DISH_OR_FOOD: awara,hau
kitchen_and_dining,ingredients_list,the ingredients are easy?,12:23:SL:DISH_OR_FOOD,[IN:ingredients_list [SL:DISH_OR_FOOD danbun nama] ],DISH_OR_FOOD: danbun nama,hau
kitchen_and_dining,ingredients_list,are the internal medicine equipment easy to use?,12:31:SL:DISH_OR_FOOD,[IN:ingredients_list [SL:DISH_OR_FOOD farfesun kayan ciki] ],DISH_OR_FOOD: farfesun kayan ciki,hau
kitchen_and_dining,ingredients_list,the ingredients for the soup are hard to come by?,12:24:SL:DISH_OR_FOOD,[IN:ingredients_list [SL:DISH_OR_FOOD miyar taushe] ],DISH_OR_FOOD: miyar taushe,hau
kitchen_and_dining,ingredients_list,are the components easy to use?,12:20:SL:DISH_OR_FOOD,[IN:ingredients_list [SL:DISH_OR_FOOD shawarma] ],DISH_OR_FOOD: shawarma,hau
kitchen_and_dining,ingredients_list,are tea ingredients cheaper?,12:17:SL:DISH_OR_FOOD,[IN:ingredients_list [SL:DISH_OR_FOOD shayi] ],DISH_OR_FOOD: shayi,hau
kitchen_and_dining,ingredients_list,list the materials needed for the construction,44:49:SL:DISH_OR_FOOD,[IN:ingredients_list [SL:DISH_OR_FOOD dambu] ],DISH_OR_FOOD: dambu,hau
kitchen_and_dining,ingredients_list,list the ingredients needed to make meatballs,50:61:SL:DISH_OR_FOOD,[IN:ingredients_list [SL:DISH_OR_FOOD dambun nama] ],DISH_OR_FOOD: dambun nama,hau
kitchen_and_dining,ingredients_list,list the accessories that are used in the ring,31:35:SL:DISH_OR_FOOD,[IN:ingredients_list [SL:DISH_OR_FOOD zoɓo] ],DISH_OR_FOOD: zoɓo,hau
kitchen_and_dining,ingredients_list,list the ingredients of the fish box,24:35:SL:DISH_OR_FOOD,[IN:ingredients_list [SL:DISH_OR_FOOD dambun kifi] ],DISH_OR_FOOD: dambun kifi,hau
kitchen_and_dining,ingredients_list,list the ingredients for the bathing suit,28:38:SL:DISH_OR_FOOD,[IN:ingredients_list [SL:DISH_OR_FOOD faten doya] ],DISH_OR_FOOD: faten doya,hau
kitchen_and_dining,ingredients_list,is milk in the ingredients of the dough?,"0:6:SL:DISH_OR_FOOD,30:39:SL:DISH_OR_FOOD",[IN:ingredients_list [SL:DISH_OR_FOOD madara] [SL:DISH_OR_FOOD kunun aya] ],DISH_OR_FOOD: madara $$ DISH_OR_FOOD: kunun aya,hau
kitchen_and_dining,ingredients_list,what is the ring made of?,28:32:SL:DISH_OR_FOOD,[IN:ingredients_list [SL:DISH_OR_FOOD zoɓo] ],DISH_OR_FOOD: zoɓo,hau
kitchen_and_dining,ingredients_list,How much is a tea cosmetic?,"0:5:SL:CURRENCY,35:40:SL:DISH_OR_FOOD",[IN:ingredients_list [SL:CURRENCY naira] [SL:DISH_OR_FOOD shayi] ],CURRENCY: naira $$ DISH_OR_FOOD: shayi,hau
kitchen_and_dining,ingredients_list,how much should I spend if I want tea ingredients?,"0:5:SL:CURRENCY,46:51:SL:DISH_OR_FOOD",[IN:ingredients_list [SL:CURRENCY naira] [SL:DISH_OR_FOOD shayi] ],CURRENCY: naira $$ DISH_OR_FOOD: shayi,hau
kitchen_and_dining,ingredients_list,how much are the ingredients of the soup sold?,30:42:SL:DISH_OR_FOOD,[IN:ingredients_list [SL:DISH_OR_FOOD miyar taushe] ],DISH_OR_FOOD: miyar taushe,hau
kitchen_and_dining,ingredients_list,how much are the ingredients sold?,30:38:SL:DISH_OR_FOOD,[IN:ingredients_list [SL:DISH_OR_FOOD shawarma] ],DISH_OR_FOOD: shawarma,hau
kitchen_and_dining,ingredients_list,show me the instruments used in this dance,53:61:SL:DISH_OR_FOOD,[IN:ingredients_list [SL:DISH_OR_FOOD ɗanwaken] ],DISH_OR_FOOD: ɗanwaken,hau
kitchen_and_dining,ingredients_list,are the hands part of the equipment needed to make the oven?,"5:10:SL:DISH_OR_FOOD,48:53:SL:DISH_OR_FOOD",[IN:ingredients_list [SL:DISH_OR_FOOD manja] [SL:DISH_OR_FOOD awara] ],DISH_OR_FOOD: manja $$ DISH_OR_FOOD: awara,hau
kitchen_and_dining,ingredients_list,is the cigar a ring-shaped item?,"5:9:SL:DISH_OR_FOOD,31:35:SL:DISH_OR_FOOD",[IN:ingredients_list [SL:DISH_OR_FOOD siga] [SL:DISH_OR_FOOD zoɓo] ],DISH_OR_FOOD: siga $$ DISH_OR_FOOD: zoɓo,hau
kitchen_and_dining,ingredients_list,what ingredients are needed to make the zogale soup?,39:51:SL:DISH_OR_FOOD,[IN:ingredients_list [SL:DISH_OR_FOOD miyar zogale] ],DISH_OR_FOOD: miyar zogale,hau
kitchen_and_dining,ingredients_list,what components are needed if the air is to be purified?,43:48:SL:DISH_OR_FOOD,[IN:ingredients_list [SL:DISH_OR_FOOD awara] ],DISH_OR_FOOD: awara,hau
kitchen_and_dining,ingredients_list,what components are needed if corn kernels are to be made?,43:56:SL:DISH_OR_FOOD,[IN:ingredients_list [SL:DISH_OR_FOOD dambun masara] ],DISH_OR_FOOD: dambun masara,hau
kitchen_and_dining,ingredients_list,what ingredients are put in the soup?,39:49:SL:DISH_OR_FOOD,[IN:ingredients_list [SL:DISH_OR_FOOD miyar kuka] ],DISH_OR_FOOD: miyar kuka,hau
kitchen_and_dining,ingredients_list,what ingredients do I need to make meatballs??,40:51:SL:DISH_OR_FOOD,[IN:ingredients_list [SL:DISH_OR_FOOD dambun nama] ],DISH_OR_FOOD: dambun nama,hau
kitchen_and_dining,ingredients_list,what equipment do I need if I want to do a gastric bypass?,44:63:SL:DISH_OR_FOOD,[IN:ingredients_list [SL:DISH_OR_FOOD farfesun kanya ciki] ],DISH_OR_FOOD: farfesun kanya ciki,hau
kitchen_and_dining,ingredients_list,what ingredients do I need if I am going to make a summer soup?,44:56:SL:DISH_OR_FOOD,[IN:ingredients_list [SL:DISH_OR_FOOD miyar agushi] ],DISH_OR_FOOD: miyar agushi,hau
kitchen_and_dining,ingredients_list,what are the most important parts of a boat?,54:59:SL:DISH_OR_FOOD,[IN:ingredients_list [SL:DISH_OR_FOOD dambu] ],DISH_OR_FOOD: dambu,hau
kitchen_and_dining,ingredients_list,what ingredients should I put in this soup?,47:57:SL:DISH_OR_FOOD,[IN:ingredients_list [SL:DISH_OR_FOOD miyar kuka] ],DISH_OR_FOOD: miyar kuka,hau
kitchen_and_dining,ingredients_list,what components do I need if I want to make chicken wings?,42:55:SL:DISH_OR_FOOD,[IN:ingredients_list [SL:DISH_OR_FOOD farfesun kaza] ],DISH_OR_FOOD: farfesun kaza,hau
kitchen_and_dining,ingredients_list,which ingredients should I buy for making bean soup?,35:45:SL:DISH_OR_FOOD,[IN:ingredients_list [SL:DISH_OR_FOOD miyar wake] ],DISH_OR_FOOD: miyar wake,hau
kitchen_and_dining,ingredients_list,what ingredients should I prepare for making the coconut soup?,37:49:SL:DISH_OR_FOOD,[IN:ingredients_list [SL:DISH_OR_FOOD miyar yakuwa] ],DISH_OR_FOOD: miyar yakuwa,hau
kitchen_and_dining,ingredients_list,do I know the ingredients needed to cook rice?,44:52:SL:DISH_OR_FOOD,[IN:ingredients_list [SL:DISH_OR_FOOD shinkafa] ],DISH_OR_FOOD: shinkafa,hau
kitchen_and_dining,ingredients_list,can a handful of dates be put in a soup kitchen?,"14:19:SL:DISH_OR_FOOD,38:50:SL:DISH_OR_FOOD",[IN:ingredients_list [SL:DISH_OR_FOOD manja] [SL:DISH_OR_FOOD miyar kuɓewa] ],DISH_OR_FOOD: manja $$ DISH_OR_FOOD: miyar kuɓewa,hau
kitchen_and_dining,ingredients_list,Can I put you on the funk music list?,"13:17:SL:DISH_OR_FOOD,44:51:SL:DISH_OR_FOOD",[IN:ingredients_list [SL:DISH_OR_FOOD magi] [SL:DISH_OR_FOOD funkaso] ],DISH_OR_FOOD: magi $$ DISH_OR_FOOD: funkaso,hau
kitchen_and_dining,ingredients_list,Can I know the ingredients used to make the ring?,57:61:SL:DISH_OR_FOOD,[IN:ingredients_list [SL:DISH_OR_FOOD zoɓo] ],DISH_OR_FOOD: zoɓo,hau
kitchen_and_dining,ingredients_list,specifying the requirements for fish processing,43:56:SL:DISH_OR_FOOD,[IN:ingredients_list [SL:DISH_OR_FOOD farfesun kifi] ],DISH_OR_FOOD: farfesun kifi,hau
kitchen_and_dining,ingredients_list,list of items needed for the delivery of the order,43:52:SL:DISH_OR_FOOD,[IN:ingredients_list [SL:DISH_OR_FOOD kunun aya] ],DISH_OR_FOOD: kunun aya,hau
kitchen_and_dining,ingredients_list,how much are the tea ingredients sold for?,"0:5:SL:CURRENCY,36:44:SL:DISH_OR_FOOD",[IN:ingredients_list [SL:CURRENCY naira] [SL:DISH_OR_FOOD shawarma] ],CURRENCY: naira $$ DISH_OR_FOOD: shawarma,hau
kitchen_and_dining,ingredients_list,how much does it cost to make Niger tea?,"28:33:SL:DISH_OR_FOOD,35:40:SL:COUNTRY",[IN:ingredients_list [SL:DISH_OR_FOOD shayi] [SL:COUNTRY Nijar] ],DISH_OR_FOOD: shayi $$ COUNTRY: Nijar,hau
kitchen_and_dining,ingredients_list,is tobacco in the funkso equipment?,"5:9:SL:DISH_OR_FOOD,33:40:SL:DISH_OR_FOOD",[IN:ingredients_list [SL:DISH_OR_FOOD siga] [SL:DISH_OR_FOOD funkaso] ],DISH_OR_FOOD: siga $$ DISH_OR_FOOD: funkaso,hau
kitchen_and_dining,ingredients_list,what ingredients should I buy for making banana paste?,37:46:SL:DISH_OR_FOOD,[IN:ingredients_list [SL:DISH_OR_FOOD kunun aya] ],DISH_OR_FOOD: kunun aya,hau
kitchen_and_dining,ingredients_list,can milk be added to a drink?,"14:20:SL:DISH_OR_FOOD,41:49:SL:DISH_OR_FOOD",[IN:ingredients_list [SL:DISH_OR_FOOD madara] [SL:DISH_OR_FOOD shawarma] ],DISH_OR_FOOD: madara $$ DISH_OR_FOOD: shawarma,hau
kitchen_and_dining,ingredients_list,would cigarettes be included in the list of banned substances?,"10:14:SL:DISH_OR_FOOD,41:46:SL:DISH_OR_FOOD",[IN:ingredients_list [SL:DISH_OR_FOOD siga] [SL:DISH_OR_FOOD fanke] ],DISH_OR_FOOD: siga $$ DISH_OR_FOOD: fanke,hau
kitchen_and_dining,meal_suggestion,What kind of God would I get a hausawa soup?,24:28:SL:DISH_OR_FOOD,[IN:meal_suggestion [SL:DISH_OR_FOOD miya] ],DISH_OR_FOOD: miya,hau
kitchen_and_dining,meal_suggestion,I am looking for advice on healthy Hausa food in Kano,56:60:SL:CITY_OR_PROVINCE,[IN:meal_suggestion [SL:CITY_OR_PROVINCE Kano] ],CITY_OR_PROVINCE: Kano,hau
kitchen_and_dining,meal_suggestion,What kind of Kanuri food would you recommend someone to buy?,,[IN:meal_suggestion ],,hau
kitchen_and_dining,meal_suggestion,"Seeing at the Flavours restaurant, what to eat that is good",21:29:SL:RESTAURANT_NAME,[IN:meal_suggestion [SL:RESTAURANT_NAME Flavours] ],RESTAURANT_NAME: Flavours,hau
kitchen_and_dining,meal_suggestion,"Look Zakaria, what food should I eat?",5:10:SL:CITY_OR_PROVINCE,[IN:meal_suggestion [SL:CITY_OR_PROVINCE Zaria] ],CITY_OR_PROVINCE: Zaria,hau
kitchen_and_dining,meal_suggestion,Tell me what to cook for lunch,30:42:SL:MEAL_PERIOD,[IN:meal_suggestion [SL:MEAL_PERIOD abincin rana] ],MEAL_PERIOD: abincin rana,hau
kitchen_and_dining,meal_suggestion,I need good advice to choose Hausa food,,[IN:meal_suggestion ],,hau
kitchen_and_dining,meal_suggestion,"I'm looking for a good Kanuri food, tell me where to find it",,[IN:meal_suggestion ],,hau
kitchen_and_dining,meal_suggestion,Or the floor where they sell rice and beans?,"27:43:SL:DISH_OR_FOOD,52:56:SL:CITY_OR_PROVINCE",[IN:meal_suggestion [SL:DISH_OR_FOOD shinkafa da wake] [SL:CITY_OR_PROVINCE Kano] ],DISH_OR_FOOD: shinkafa da wake $$ CITY_OR_PROVINCE: Kano,hau
kitchen_and_dining,meal_suggestion,What would you say is a simple Kanuri dinner,24:36:SL:MEAL_PERIOD,[IN:meal_suggestion [SL:MEAL_PERIOD abincin dare] ],MEAL_PERIOD: abincin dare,hau
kitchen_and_dining,meal_suggestion,"I'm Zakaria, what food should I eat?",5:10:SL:CITY_OR_PROVINCE,[IN:meal_suggestion [SL:CITY_OR_PROVINCE Zaria] ],CITY_OR_PROVINCE: Zaria,hau
kitchen_and_dining,meal_suggestion,Help me find me new recipes for the Kanuri dishes,,[IN:meal_suggestion ],,hau
kitchen_and_dining,meal_suggestion,What kind of rice would be appropriate for a banquet?,"10:18:SL:DISH_OR_FOOD,45:49:SL:CALENDAR_EVENT",[IN:meal_suggestion [SL:DISH_OR_FOOD shinkafa] [SL:CALENDAR_EVENT biki] ],DISH_OR_FOOD: shinkafa $$ CALENDAR_EVENT: biki,hau
kitchen_and_dining,meal_suggestion,What kind of food is appropriate at a social gathering?,,[IN:meal_suggestion ],,hau
kitchen_and_dining,meal_suggestion,"I am a guest from Maiduguri, what should I bring?",17:26:SL:CITY_OR_PROVINCE,[IN:meal_suggestion [SL:CITY_OR_PROVINCE Maiduguri] ],CITY_OR_PROVINCE: Maiduguri,hau
kitchen_and_dining,meal_suggestion,"I'm going to cook a dinner, what should I cook unseasoned?",7:18:SL:MEAL_PERIOD,[IN:meal_suggestion [SL:MEAL_PERIOD girkin dare] ],MEAL_PERIOD: girkin dare,hau
kitchen_and_dining,meal_suggestion,How can I get a Hausa food?,,[IN:meal_suggestion ],,hau
kitchen_and_dining,meal_suggestion,What kind of soup should I get?,,[IN:meal_suggestion ],,hau
kitchen_and_dining,meal_suggestion,How can I get Arabian soup?,,[IN:meal_suggestion ],,hau
kitchen_and_dining,meal_suggestion,Give me advice on what to do for dinner,39:51:SL:MEAL_PERIOD,[IN:meal_suggestion [SL:MEAL_PERIOD abincin dare] ],MEAL_PERIOD: abincin dare,hau
kitchen_and_dining,meal_suggestion,Give me advice on what to do for lunch,39:51:SL:MEAL_PERIOD,[IN:meal_suggestion [SL:MEAL_PERIOD abincin rana] ],MEAL_PERIOD: abincin rana,hau
kitchen_and_dining,meal_suggestion,Tell me what to cook for dinner,35:47:SL:MEAL_PERIOD,[IN:meal_suggestion [SL:MEAL_PERIOD abincin dare] ],MEAL_PERIOD: abincin dare,hau
kitchen_and_dining,meal_suggestion,Tell me what to cook for lunch,35:47:SL:MEAL_PERIOD,[IN:meal_suggestion [SL:MEAL_PERIOD abincin rana] ],MEAL_PERIOD: abincin rana,hau
kitchen_and_dining,meal_suggestion,Recommend me a delicious Hausa dish,,[IN:meal_suggestion ],,hau
kitchen_and_dining,meal_suggestion,I recommend a delicious Arabian soup,14:19:SL:DISH_OR_FOOD,[IN:meal_suggestion [SL:DISH_OR_FOOD miyar] ],DISH_OR_FOOD: miyar,hau
kitchen_and_dining,meal_suggestion,Please advise me what to cook for dinner,55:67:SL:MEAL_PERIOD,[IN:meal_suggestion [SL:MEAL_PERIOD abincin dare] ],MEAL_PERIOD: abincin dare,hau
kitchen_and_dining,meal_suggestion,Please advise me what to cook for lunch,55:67:SL:MEAL_PERIOD,[IN:meal_suggestion [SL:MEAL_PERIOD abincin rana] ],MEAL_PERIOD: abincin rana,hau
kitchen_and_dining,meal_suggestion,God's son advised me on what to do for lunch,49:61:SL:MEAL_PERIOD,[IN:meal_suggestion [SL:MEAL_PERIOD abincin rana] ],MEAL_PERIOD: abincin rana,hau
kitchen_and_dining,meal_suggestion,God's son recommended me a delicious Hausa food,,[IN:meal_suggestion ],,hau
kitchen_and_dining,meal_suggestion,"I am looking for advice on Kano food, what should I get?",41:45:SL:CITY_OR_PROVINCE,[IN:meal_suggestion [SL:CITY_OR_PROVINCE Kano] ],CITY_OR_PROVINCE: Kano,hau
kitchen_and_dining,meal_suggestion,"Moses, the man of God, give me a suggestion for a delicious Arabian soup.","10:14:SL:PERSONAL_NAME,32:36:SL:DISH_OR_FOOD",[IN:meal_suggestion [SL:PERSONAL_NAME Musa] [SL:DISH_OR_FOOD miya] ],PERSONAL_NAME: Musa $$ DISH_OR_FOOD: miya,hau
kitchen_and_dining,meal_suggestion,What kind of snack would you recommend someone buy?,,[IN:meal_suggestion ],,hau
kitchen_and_dining,meal_suggestion,God's man you can recommend me a healthy food,,[IN:meal_suggestion ],,hau
kitchen_and_dining,meal_suggestion,"Seeing at a gusto restaurant, what to eat that is good",21:26:SL:RESTAURANT_NAME,[IN:meal_suggestion [SL:RESTAURANT_NAME gusto] ],RESTAURANT_NAME: gusto,hau
kitchen_and_dining,meal_suggestion,"See Lagos, what is the good food here?",5:10:SL:CITY_OR_PROVINCE,[IN:meal_suggestion [SL:CITY_OR_PROVINCE Legas] ],CITY_OR_PROVINCE: Legas,hau
kitchen_and_dining,meal_suggestion,Tell me what Zakaria's food I should eat?,25:30:SL:CITY_OR_PROVINCE,[IN:meal_suggestion [SL:CITY_OR_PROVINCE Zaria] ],CITY_OR_PROVINCE: Zaria,hau
kitchen_and_dining,meal_suggestion,I need good advice to choose Hawai'i food,,[IN:meal_suggestion ],,hau
kitchen_and_dining,meal_suggestion,I need good advice on choosing Arabic food,,[IN:meal_suggestion ],,hau
kitchen_and_dining,meal_suggestion,"I'm looking for good hausa food, tell me where to find it",,[IN:meal_suggestion ],,hau
kitchen_and_dining,meal_suggestion,"I'm looking for food hausawa, tell me where to find it",,[IN:meal_suggestion ],,hau
kitchen_and_dining,meal_suggestion,"I'm looking for Arabic food, tell me where to find it",,[IN:meal_suggestion ],,hau
kitchen_and_dining,meal_suggestion,"I am looking for advice on Edo food, where can I find it?",31:34:SL:CITY_OR_PROVINCE,[IN:meal_suggestion [SL:CITY_OR_PROVINCE Edo] ],CITY_OR_PROVINCE: Edo,hau
kitchen_and_dining,meal_suggestion,"I'm looking for Ilorin food advice, what should I get?",31:37:SL:CITY_OR_PROVINCE,[IN:meal_suggestion [SL:CITY_OR_PROVINCE Ilorin] ],CITY_OR_PROVINCE: Ilorin,hau
kitchen_and_dining,meal_suggestion,Or the floor where they sell potatoes and Kano soup?,"27:39:SL:DISH_OR_FOOD,48:52:SL:CITY_OR_PROVINCE",[IN:meal_suggestion [SL:DISH_OR_FOOD tuwo da miya] [SL:CITY_OR_PROVINCE Kano] ],DISH_OR_FOOD: tuwo da miya $$ CITY_OR_PROVINCE: Kano,hau
kitchen_and_dining,meal_suggestion,Or what is the best rice here?,14:22:SL:DISH_OR_FOOD,[IN:meal_suggestion [SL:DISH_OR_FOOD shinkafa] ],DISH_OR_FOOD: shinkafa,hau
kitchen_and_dining,meal_suggestion,Recommend a delicious Arabian dish,,[IN:meal_suggestion ],,hau
kitchen_and_dining,meal_suggestion,a place where hot food can be enjoyed for the night,44:55:SL:TIME,[IN:meal_suggestion [SL:TIME a daren nan] ],TIME: a daren nan,hau
kitchen_and_dining,meal_suggestion,What would you say is a simple Hausa dinner,18:30:SL:MEAL_PERIOD,[IN:meal_suggestion [SL:MEAL_PERIOD abincin dare] ],MEAL_PERIOD: abincin dare,hau
kitchen_and_dining,meal_suggestion,What would you say is a simple Arabian dinner,18:30:SL:MEAL_PERIOD,[IN:meal_suggestion [SL:MEAL_PERIOD abincin dare] ],MEAL_PERIOD: abincin dare,hau
kitchen_and_dining,meal_suggestion,What would you say is an easy Hausa dinner,24:36:SL:MEAL_PERIOD,[IN:meal_suggestion [SL:MEAL_PERIOD abincin dare] ],MEAL_PERIOD: abincin dare,hau
kitchen_and_dining,meal_suggestion,Do you know where I can get some Hausa food?,,[IN:meal_suggestion ],,hau
kitchen_and_dining,meal_suggestion,What is a healthy diet?,,[IN:meal_suggestion ],,hau
kitchen_and_dining,meal_suggestion,Help me find food for Kanuri,,[IN:meal_suggestion ],,hau
kitchen_and_dining,meal_suggestion,Help me find some new recipes for dinner,46:58:SL:MEAL_PERIOD,[IN:meal_suggestion [SL:MEAL_PERIOD abincin dare] ],MEAL_PERIOD: abincin dare,hau
kitchen_and_dining,meal_suggestion,Help me find some new recipes of Hausa food,,[IN:meal_suggestion ],,hau
kitchen_and_dining,meal_suggestion,Help me find some new recipes for lunch,46:58:SL:MEAL_PERIOD,[IN:meal_suggestion [SL:MEAL_PERIOD abincin rana] ],MEAL_PERIOD: abincin rana,hau
kitchen_and_dining,meal_suggestion,What city is a delight to behold?,0:6:SL:DISH_OR_FOOD,[IN:meal_suggestion [SL:DISH_OR_FOOD Taliya] ],DISH_OR_FOOD: Taliya,hau
kitchen_and_dining,meal_suggestion,What kind of rice is good for a feast?,10:18:SL:DISH_OR_FOOD,[IN:meal_suggestion [SL:DISH_OR_FOOD shinkafa] ],DISH_OR_FOOD: shinkafa,hau
kitchen_and_dining,meal_suggestion,What rice is the best here?,5:13:SL:DISH_OR_FOOD,[IN:meal_suggestion [SL:DISH_OR_FOOD shinkafa] ],DISH_OR_FOOD: shinkafa,hau
kitchen_and_dining,meal_suggestion,What is the most pleasant dish here?,5:11:SL:DISH_OR_FOOD,[IN:meal_suggestion [SL:DISH_OR_FOOD taliya] ],DISH_OR_FOOD: taliya,hau
kitchen_and_dining,meal_suggestion,What food is appropriate at a social gathering?,,[IN:meal_suggestion ],,hau
kitchen_and_dining,meal_suggestion,What is a healthy snack?,,[IN:meal_suggestion ],,hau
kitchen_and_dining,meal_suggestion,What are some of the best Arabic dishes?,,[IN:meal_suggestion ],,hau
kitchen_and_dining,meal_suggestion,What kind of Hausa food do you recommend to buy?,,[IN:meal_suggestion ],,hau
kitchen_and_dining,meal_suggestion,What kind of Asian food would you recommend someone buy?,,[IN:meal_suggestion ],,hau
kitchen_and_dining,meal_suggestion,What kind of Arabic food do you recommend buying?,,[IN:meal_suggestion ],,hau
kitchen_and_dining,meal_suggestion,Can you recommend me a healthy hausa food,,[IN:meal_suggestion ],,hau
kitchen_and_dining,meal_suggestion,Can you recommend a good Arabian food?,,[IN:meal_suggestion ],,hau
kitchen_and_dining,meal_suggestion,Can you advise me what to cook for lunch,52:64:SL:MEAL_PERIOD,[IN:meal_suggestion [SL:MEAL_PERIOD abincin rana] ],MEAL_PERIOD: abincin rana,hau
kitchen_and_dining,meal_suggestion,"I will be a guest from Lagos, what should I install?",17:22:SL:CITY_OR_PROVINCE,[IN:meal_suggestion [SL:CITY_OR_PROVINCE Legas] ],CITY_OR_PROVINCE: Legas,hau
kitchen_and_dining,meal_suggestion,"I'm going to cook for the night, what should I cook?",7:18:SL:MEAL_PERIOD,[IN:meal_suggestion [SL:MEAL_PERIOD girkin dare] ],MEAL_PERIOD: girkin dare,hau
kitchen_and_dining,meal_suggestion,"I'm going to cook for the day, what should I cook?",7:18:SL:MEAL_PERIOD,[IN:meal_suggestion [SL:MEAL_PERIOD girkin rana] ],MEAL_PERIOD: girkin rana,hau
kitchen_and_dining,meal_suggestion,How can I get a Hausa soup?,14:24:SL:DISH_OR_FOOD,[IN:meal_suggestion [SL:DISH_OR_FOOD miyar wake] ],DISH_OR_FOOD: miyar wake,hau
kitchen_and_dining,meal_suggestion,I recommend what to cook for lunch and dinner,35:58:SL:MEAL_PERIOD,[IN:meal_suggestion [SL:MEAL_PERIOD abincin rana da na dare] ],MEAL_PERIOD: abincin rana da na dare,hau
kitchen_and_dining,meal_suggestion,Please recommend me a delicious Hausa food at Gusto,51:56:SL:RESTAURANT_NAME,[IN:meal_suggestion [SL:RESTAURANT_NAME Gusto] ],RESTAURANT_NAME: Gusto,hau
kitchen_and_dining,meal_suggestion,Tell me what kind of Enugu food I should eat?,25:30:SL:CITY_OR_PROVINCE,[IN:meal_suggestion [SL:CITY_OR_PROVINCE Enugu] ],CITY_OR_PROVINCE: Enugu,hau
kitchen_and_dining,meal_suggestion,I need good advice to choose food for a party,,[IN:meal_suggestion ],,hau
kitchen_and_dining,meal_suggestion,What should I cook for lunch?,31:43:SL:MEAL_PERIOD,[IN:meal_suggestion [SL:MEAL_PERIOD abincin rana] ],MEAL_PERIOD: abincin rana,hau
kitchen_and_dining,meal_suggestion,"I will be a guest from Enugu, what should I bring?",17:22:SL:CITY_OR_PROVINCE,[IN:meal_suggestion [SL:CITY_OR_PROVINCE Enugu] ],CITY_OR_PROVINCE: Enugu,hau
kitchen_and_dining,meal_suggestion,"I will be a guest from Kano, what should I bring?",17:21:SL:CITY_OR_PROVINCE,[IN:meal_suggestion [SL:CITY_OR_PROVINCE Kano] ],CITY_OR_PROVINCE: Kano,hau
kitchen_and_dining,recipe,The Son of God taught me how to fry potatoes,34:41:SL:DISH_OR_FOOD,[IN:recipe [SL:DISH_OR_FOOD dankali] ],DISH_OR_FOOD: dankali,hau
kitchen_and_dining,recipe,God's Son taught me how to make a soup with vegetables,31:52:SL:DISH_OR_FOOD,[IN:recipe [SL:DISH_OR_FOOD Taliya da miyar ganye] ],DISH_OR_FOOD: Taliya da miyar ganye,hau
kitchen_and_dining,recipe,God's son showed me the recipe of potatoes of different varieties,32:39:SL:DISH_OR_FOOD,[IN:recipe [SL:DISH_OR_FOOD dankali] ],DISH_OR_FOOD: dankali,hau
kitchen_and_dining,recipe,The lion goddess taught me how to make a soup with a beet,34:54:SL:DISH_OR_FOOD,[IN:recipe [SL:DISH_OR_FOOD tuwo da miyar kuɓewa] ],DISH_OR_FOOD: tuwo da miyar kuɓewa,hau
kitchen_and_dining,recipe,Tell me the steps to make a soup,35:47:SL:DISH_OR_FOOD,[IN:recipe [SL:DISH_OR_FOOD miyar kubewa] ],DISH_OR_FOOD: miyar kubewa,hau
kitchen_and_dining,recipe,Tell me how to make a soup with a potato,19:39:SL:DISH_OR_FOOD,[IN:recipe [SL:DISH_OR_FOOD tuwo da miyar kuɓewa] ],DISH_OR_FOOD: tuwo da miyar kuɓewa,hau
kitchen_and_dining,recipe,"I have beef, can you teach me how to cook it?",7:15:SL:DISH_OR_FOOD,[IN:recipe [SL:DISH_OR_FOOD naman sa] ],DISH_OR_FOOD: naman sa,hau
kitchen_and_dining,recipe,Teach me how to bake a cake,21:24:SL:DISH_OR_FOOD,[IN:recipe [SL:DISH_OR_FOOD kek] ],DISH_OR_FOOD: kek,hau
kitchen_and_dining,recipe,Teach me how to make rice and vegetable soup,21:44:SL:DISH_OR_FOOD,[IN:recipe [SL:DISH_OR_FOOD shinkafa da miyar ganye] ],DISH_OR_FOOD: shinkafa da miyar ganye,hau
kitchen_and_dining,recipe,Show me how to cook rice and vegetable soup,21:44:SL:DISH_OR_FOOD,[IN:recipe [SL:DISH_OR_FOOD shinkafa da miyar ganye] ],DISH_OR_FOOD: shinkafa da miyar ganye,hau
kitchen_and_dining,recipe,What steps are involved in making the soup?,34:45:SL:DISH_OR_FOOD,[IN:recipe [SL:DISH_OR_FOOD miyar ganye] ],DISH_OR_FOOD: miyar ganye,hau
kitchen_and_dining,recipe,How is the dough prepared?,14:18:SL:DISH_OR_FOOD,[IN:recipe [SL:DISH_OR_FOOD doya] ],DISH_OR_FOOD: doya,hau
kitchen_and_dining,recipe,How are fish dishes prepared?,14:27:SL:DISH_OR_FOOD,[IN:recipe [SL:DISH_OR_FOOD farfesun kifi] ],DISH_OR_FOOD: farfesun kifi,hau
kitchen_and_dining,recipe,How are the mushroom dishes prepared?,14:33:SL:DISH_OR_FOOD,[IN:recipe [SL:DISH_OR_FOOD farfesun naman kaza] ],DISH_OR_FOOD: farfesun naman kaza,hau
kitchen_and_dining,recipe,How is the pan prepared?,14:20:SL:DISH_OR_FOOD,[IN:recipe [SL:DISH_OR_FOOD makani] ],DISH_OR_FOOD: makani,hau
kitchen_and_dining,recipe,How to fry chicken,14:18:SL:DISH_OR_FOOD,[IN:recipe [SL:DISH_OR_FOOD kaza] ],DISH_OR_FOOD: kaza,hau
kitchen_and_dining,recipe,Is there a recipe for a variety of wheat flour?,43:49:SL:DISH_OR_FOOD,[IN:recipe [SL:DISH_OR_FOOD alkama] ],DISH_OR_FOOD: alkama,hau
kitchen_and_dining,recipe,Is there a recipe for a variety of rice dishes?,43:51:SL:DISH_OR_FOOD,[IN:recipe [SL:DISH_OR_FOOD shinkafa] ],DISH_OR_FOOD: shinkafa,hau
kitchen_and_dining,recipe,God's Son taught me how to bake bread,34:40:SL:DISH_OR_FOOD,[IN:recipe [SL:DISH_OR_FOOD burodi] ],DISH_OR_FOOD: burodi,hau
kitchen_and_dining,recipe,The Goddess taught me how to make rice and soup,31:47:SL:DISH_OR_FOOD,[IN:recipe [SL:DISH_OR_FOOD shinkafa da miya] ],DISH_OR_FOOD: shinkafa da miya,hau
kitchen_and_dining,recipe,God's Son taught me how to make soup and stew,31:45:SL:DISH_OR_FOOD,[IN:recipe [SL:DISH_OR_FOOD Taliya da miya] ],DISH_OR_FOOD: Taliya da miya,hau
kitchen_and_dining,recipe,Show me how to make a delicious fish and pancake,22:35:SL:DISH_OR_FOOD,[IN:recipe [SL:DISH_OR_FOOD alala da kifi] ],DISH_OR_FOOD: alala da kifi,hau
kitchen_and_dining,recipe,Watch me make a delicious cake,22:27:SL:DISH_OR_FOOD,[IN:recipe [SL:DISH_OR_FOOD alala] ],DISH_OR_FOOD: alala,hau
kitchen_and_dining,recipe,Tell me a good meat recipe,33:37:SL:DISH_OR_FOOD,[IN:recipe [SL:DISH_OR_FOOD nama] ],DISH_OR_FOOD: nama,hau
kitchen_and_dining,recipe,Tell me a quick recipe of potatoes,34:41:SL:DISH_OR_FOOD,[IN:recipe [SL:DISH_OR_FOOD dankali] ],DISH_OR_FOOD: dankali,hau
kitchen_and_dining,recipe,Tell me a quick recipe for pasta,34:40:SL:DISH_OR_FOOD,[IN:recipe [SL:DISH_OR_FOOD taliya] ],DISH_OR_FOOD: taliya,hau
kitchen_and_dining,recipe,Explain the steps to be satisfied,37:42:SL:DISH_OR_FOOD,[IN:recipe [SL:DISH_OR_FOOD ƙosai] ],DISH_OR_FOOD: ƙosai,hau
kitchen_and_dining,recipe,Teach me how to cook soup with vegetable soup,24:43:SL:DISH_OR_FOOD,[IN:recipe [SL:DISH_OR_FOOD tuwo da miyar ganye] ],DISH_OR_FOOD: tuwo da miyar ganye,hau
kitchen_and_dining,recipe,"Tell me how to cook beans and vegetables, son of God",24:37:SL:DISH_OR_FOOD,[IN:recipe [SL:DISH_OR_FOOD wake da ganye] ],DISH_OR_FOOD: wake da ganye,hau
kitchen_and_dining,recipe,Tell me how to make a delicious fish and pancake,22:35:SL:DISH_OR_FOOD,[IN:recipe [SL:DISH_OR_FOOD alala da kifi] ],DISH_OR_FOOD: alala da kifi,hau
kitchen_and_dining,recipe,Teach me how to make a delicious pastry,22:27:SL:DISH_OR_FOOD,[IN:recipe [SL:DISH_OR_FOOD alala] ],DISH_OR_FOOD: alala,hau
kitchen_and_dining,recipe,"I'm looking for a recipe for a vegetable salad, will I find it?",25:44:SL:DISH_OR_FOOD,[IN:recipe [SL:DISH_OR_FOOD doya mai ganyayyaki] ],DISH_OR_FOOD: doya mai ganyayyaki,hau
kitchen_and_dining,recipe,"I'm looking for a recipe for a vegetable pasta, will I find it?",25:46:SL:DISH_OR_FOOD,[IN:recipe [SL:DISH_OR_FOOD taliya mai ganyayyaki] ],DISH_OR_FOOD: taliya mai ganyayyaki,hau
kitchen_and_dining,recipe,"I'm looking for a recipe for green beans, will I find it?",25:44:SL:DISH_OR_FOOD,[IN:recipe [SL:DISH_OR_FOOD wake mai ganyayyaki] ],DISH_OR_FOOD: wake mai ganyayyaki,hau
kitchen_and_dining,recipe,I want to learn how to cook,29:33:SL:DISH_OR_FOOD,[IN:recipe [SL:DISH_OR_FOOD tuwo] ],DISH_OR_FOOD: tuwo,hau
kitchen_and_dining,recipe,"I love different mushroom recipes, can you teach me?",21:31:SL:DISH_OR_FOOD,[IN:recipe [SL:DISH_OR_FOOD naman kaza] ],DISH_OR_FOOD: naman kaza,hau
kitchen_and_dining,recipe,"I love rice, can you teach me how to make it?",21:29:SL:DISH_OR_FOOD,[IN:recipe [SL:DISH_OR_FOOD shinkafa] ],DISH_OR_FOOD: shinkafa,hau
kitchen_and_dining,recipe,"I want to make bread, will you teach me?",14:20:SL:DISH_OR_FOOD,[IN:recipe [SL:DISH_OR_FOOD burodi] ],DISH_OR_FOOD: burodi,hau
kitchen_and_dining,recipe,Teach me the recipe of different wheat,22:28:SL:DISH_OR_FOOD,[IN:recipe [SL:DISH_OR_FOOD alkama] ],DISH_OR_FOOD: alkama,hau
kitchen_and_dining,recipe,Teach me how to cook different types of rice,16:24:SL:DISH_OR_FOOD,[IN:recipe [SL:DISH_OR_FOOD shinkafa] ],DISH_OR_FOOD: shinkafa,hau
kitchen_and_dining,recipe,Teach me how to bake bread,21:27:SL:DISH_OR_FOOD,[IN:recipe [SL:DISH_OR_FOOD burodi] ],DISH_OR_FOOD: burodi,hau
kitchen_and_dining,recipe,"Teach me how to make rice, soup and meat",21:45:SL:DISH_OR_FOOD,[IN:recipe [SL:DISH_OR_FOOD shinkafa da miya da nama] ],DISH_OR_FOOD: shinkafa da miya da nama,hau
kitchen_and_dining,recipe,Teach me how to make rice and spicy soup,21:46:SL:DISH_OR_FOOD,[IN:recipe [SL:DISH_OR_FOOD shinkafa da miya mai yaji] ],DISH_OR_FOOD: shinkafa da miya mai yaji,hau
kitchen_and_dining,recipe,Tell me a good beef recipe,33:41:SL:DISH_OR_FOOD,[IN:recipe [SL:DISH_OR_FOOD naman sa] ],DISH_OR_FOOD: naman sa,hau
kitchen_and_dining,recipe,what ingredients are needed to make the soup?,40:52:SL:DISH_OR_FOOD,[IN:recipe [SL:DISH_OR_FOOD miyar taushe] ],DISH_OR_FOOD: miyar taushe,hau
kitchen_and_dining,recipe,What steps are involved in the baking process?,39:45:SL:DISH_OR_FOOD,[IN:recipe [SL:DISH_OR_FOOD burodi] ],DISH_OR_FOOD: burodi,hau
kitchen_and_dining,recipe,What steps are involved in making a living?,39:44:SL:DISH_OR_FOOD,[IN:recipe [SL:DISH_OR_FOOD ƙosai] ],DISH_OR_FOOD: ƙosai,hau
kitchen_and_dining,recipe,Can I get an explanation of the process of making the cookies,41:46:SL:DISH_OR_FOOD,[IN:recipe [SL:DISH_OR_FOOD alala] ],DISH_OR_FOOD: alala,hau
kitchen_and_dining,recipe,Can I have an explanation of how to make the paste,41:46:SL:DISH_OR_FOOD,[IN:recipe [SL:DISH_OR_FOOD ƙosai] ],DISH_OR_FOOD: ƙosai,hau
kitchen_and_dining,recipe,How should I bake bread?,17:23:SL:DISH_OR_FOOD,[IN:recipe [SL:DISH_OR_FOOD burodi] ],DISH_OR_FOOD: burodi,hau
kitchen_and_dining,recipe,How should I cook chicken?,17:21:SL:DISH_OR_FOOD,[IN:recipe [SL:DISH_OR_FOOD kaza] ],DISH_OR_FOOD: kaza,hau
kitchen_and_dining,recipe,How should I cook fish?,17:21:SL:DISH_OR_FOOD,[IN:recipe [SL:DISH_OR_FOOD kifi] ],DISH_OR_FOOD: kifi,hau
kitchen_and_dining,recipe,How can I make a living,15:20:SL:DISH_OR_FOOD,[IN:recipe [SL:DISH_OR_FOOD alala] ],DISH_OR_FOOD: alala,hau
kitchen_and_dining,recipe,How can I be satisfied?,15:20:SL:DISH_OR_FOOD,[IN:recipe [SL:DISH_OR_FOOD ƙosai] ],DISH_OR_FOOD: ƙosai,hau
kitchen_and_dining,recipe,Help me with a recipe for wheat flour,42:48:SL:DISH_OR_FOOD,[IN:recipe [SL:DISH_OR_FOOD alkama] ],DISH_OR_FOOD: alkama,hau
kitchen_and_dining,recipe,Help me with a recipe for rice,42:50:SL:DISH_OR_FOOD,[IN:recipe [SL:DISH_OR_FOOD shinkafa] ],DISH_OR_FOOD: shinkafa,hau
kitchen_and_dining,recipe,what are the steps to be taken to make a deal,34:39:SL:DISH_OR_FOOD,[IN:recipe [SL:DISH_OR_FOOD alala] ],DISH_OR_FOOD: alala,hau
kitchen_and_dining,recipe,How is meat prepared?,14:18:SL:DISH_OR_FOOD,[IN:recipe [SL:DISH_OR_FOOD nama] ],DISH_OR_FOOD: nama,hau
kitchen_and_dining,recipe,How is the lamb prepared?,14:24:SL:DISH_OR_FOOD,[IN:recipe [SL:DISH_OR_FOOD naman rago] ],DISH_OR_FOOD: naman rago,hau
kitchen_and_dining,recipe,How is the meat prepared?,14:22:SL:DISH_OR_FOOD,[IN:recipe [SL:DISH_OR_FOOD naman sa] ],DISH_OR_FOOD: naman sa,hau
kitchen_and_dining,recipe,How is the mushroom cooked?,14:24:SL:DISH_OR_FOOD,[IN:recipe [SL:DISH_OR_FOOD naman kaza] ],DISH_OR_FOOD: naman kaza,hau
kitchen_and_dining,recipe,How to fry potatoes,14:21:SL:DISH_OR_FOOD,[IN:recipe [SL:DISH_OR_FOOD dankali] ],DISH_OR_FOOD: dankali,hau
kitchen_and_dining,recipe,How is the casing made?,13:18:SL:DISH_OR_FOOD,[IN:recipe [SL:DISH_OR_FOOD alala] ],DISH_OR_FOOD: alala,hau
kitchen_and_dining,recipe,How is banana bread made?,13:29:SL:DISH_OR_FOOD,[IN:recipe [SL:DISH_OR_FOOD burodi mai ayaba] ],DISH_OR_FOOD: burodi mai ayaba,hau
kitchen_and_dining,recipe,How is the dough made?,13:18:SL:DISH_OR_FOOD,[IN:recipe [SL:DISH_OR_FOOD ƙosai] ],DISH_OR_FOOD: ƙosai,hau
kitchen_and_dining,recipe,How is the chicken cooked?,14:18:SL:DISH_OR_FOOD,[IN:recipe [SL:DISH_OR_FOOD kaza] ],DISH_OR_FOOD: kaza,hau
kitchen_and_dining,recipe,what is needed to make the dough?,28:37:SL:DISH_OR_FOOD,[IN:recipe [SL:DISH_OR_FOOD kunun aya] ],DISH_OR_FOOD: kunun aya,hau
kitchen_and_dining,recipe,Can you tell me how to make a delicious pastry,32:37:SL:DISH_OR_FOOD,[IN:recipe [SL:DISH_OR_FOOD alala] ],DISH_OR_FOOD: alala,hau
kitchen_and_dining,recipe,Can you tell me how to make a delicious pancake,32:37:SL:DISH_OR_FOOD,[IN:recipe [SL:DISH_OR_FOOD fanke] ],DISH_OR_FOOD: fanke,hau
kitchen_and_dining,recipe,Can you tell me how to make a sweet potato,32:37:SL:DISH_OR_FOOD,[IN:recipe [SL:DISH_OR_FOOD ƙosai] ],DISH_OR_FOOD: ƙosai,hau
kitchen_and_dining,recipe,Can you help me find a wheat flour recipe,45:51:SL:DISH_OR_FOOD,[IN:recipe [SL:DISH_OR_FOOD alkama] ],DISH_OR_FOOD: alkama,hau
kitchen_and_dining,recipe,Can you help me find the rice recipe,45:53:SL:DISH_OR_FOOD,[IN:recipe [SL:DISH_OR_FOOD shinkafa] ],DISH_OR_FOOD: shinkafa,hau
kitchen_and_dining,recipe,Is there a recipe for a variety of cornmeal?,43:49:SL:DISH_OR_FOOD,[IN:recipe [SL:DISH_OR_FOOD masara] ],DISH_OR_FOOD: masara,hau
kitchen_and_dining,recipe,How can I cook fish?,24:28:SL:DISH_OR_FOOD,[IN:recipe [SL:DISH_OR_FOOD kifi] ],DISH_OR_FOOD: kifi,hau
kitchen_and_dining,recipe,Tell me how to peel potatoes,19:32:SL:DISH_OR_FOOD,[IN:recipe [SL:DISH_OR_FOOD faten dankali] ],DISH_OR_FOOD: faten dankali,hau
kitchen_and_dining,recipe,"I have mushrooms, can you teach me how to cook them?",7:17:SL:DISH_OR_FOOD,[IN:recipe [SL:DISH_OR_FOOD naman kaza] ],DISH_OR_FOOD: naman kaza,hau
kitchen_and_dining,recipe,Show me the recipe for different types of wheat,22:28:SL:DISH_OR_FOOD,[IN:recipe [SL:DISH_OR_FOOD alkama] ],DISH_OR_FOOD: alkama,hau
kitchen_and_dining,recipe,Help me with someone to cook with violence,42:46:SL:DISH_OR_FOOD,[IN:recipe [SL:DISH_OR_FOOD gero] ],DISH_OR_FOOD: gero,hau
kitchen_and_dining,recipe,How are the lamb dishes prepared?,14:33:SL:DISH_OR_FOOD,[IN:recipe [SL:DISH_OR_FOOD farfesun naman rago] ],DISH_OR_FOOD: farfesun naman rago,hau
kitchen_and_dining,recipe,Can you help me find the recipe for the beans,45:55:SL:DISH_OR_FOOD,[IN:recipe [SL:DISH_OR_FOOD faten wake] ],DISH_OR_FOOD: faten wake,hau
kitchen_and_dining,restaurant_reservation,Booking a table in a restaurant under the name of Knowing Something?,43:51:SL:PERSONAL_NAME,[IN:restaurant_reservation [SL:PERSONAL_NAME Sani Abu] ],PERSONAL_NAME: Sani Abu,hau
kitchen_and_dining,restaurant_reservation,Booking a table for 13 people under the name Bello a gusto,"22:24:SL:NUMBER,34:39:SL:PERSONAL_NAME,42:47:SL:RESTAURANT_NAME",[IN:restaurant_reservation [SL:NUMBER 13] [SL:PERSONAL_NAME Bello] [SL:RESTAURANT_NAME gusto] ],NUMBER: 13 $$ PERSONAL_NAME: Bello $$ RESTAURANT_NAME: gusto,hau
kitchen_and_dining,restaurant_reservation,go and reserve a table for us at the Season 10 restaurant,51:60:SL:RESTAURANT_NAME,[IN:restaurant_reservation [SL:RESTAURANT_NAME Season 10] ],RESTAURANT_NAME: Season 10,hau
kitchen_and_dining,restaurant_reservation,Dear God I want you to reserve a table for 3 people by the name of Bello a gusto,"42:43:SL:NUMBER,53:58:SL:PERSONAL_NAME,61:66:SL:RESTAURANT_NAME",[IN:restaurant_reservation [SL:NUMBER 3] [SL:PERSONAL_NAME Bello] [SL:RESTAURANT_NAME gusto] ],NUMBER: 3 $$ PERSONAL_NAME: Bello $$ RESTAURANT_NAME: gusto,hau
kitchen_and_dining,restaurant_reservation,Son of God can you put us out in the restaurant under the name Bello?,67:72:SL:PERSONAL_NAME,[IN:restaurant_reservation [SL:PERSONAL_NAME Bello] ],PERSONAL_NAME: Bello,hau
kitchen_and_dining,restaurant_reservation,"Man of God, can you find us a table for eight men in Judah tonight?","46:47:SL:NUMBER,50:61:SL:RESTAURANT_NAME,65:74:SL:TIME",[IN:restaurant_reservation [SL:NUMBER 8] [SL:RESTAURANT_NAME Yahuza suya] [SL:TIME daren yau] ],NUMBER: 8 $$ RESTAURANT_NAME: Yahuza suya $$ TIME: daren yau,hau
kitchen_and_dining,restaurant_reservation,Booking a table at a restaurant under the name Shema,46:53:SL:PERSONAL_NAME,[IN:restaurant_reservation [SL:PERSONAL_NAME Shema'u] ],PERSONAL_NAME: Shema'u,hau
kitchen_and_dining,restaurant_reservation,Get me a table at the Rufaida restaurant tonight,"34:41:SL:RESTAURANT_NAME,44:53:SL:TIME",[IN:restaurant_reservation [SL:RESTAURANT_NAME Rufaida] [SL:TIME daren yau] ],RESTAURANT_NAME: Rufaida $$ TIME: daren yau,hau
kitchen_and_dining,restaurant_reservation,Booked us a table for 10 people at burger king under the name Zainab,"26:28:SL:NUMBER,31:42:SL:RESTAURANT_NAME,59:65:SL:PERSONAL_NAME",[IN:restaurant_reservation [SL:NUMBER 10] [SL:RESTAURANT_NAME burger king] [SL:PERSONAL_NAME Zainab] ],NUMBER: 10 $$ RESTAURANT_NAME: burger king $$ PERSONAL_NAME: Zainab,hau
kitchen_and_dining,restaurant_reservation,"I need a table in the restaurant at 8 pm, will I get it?",0:15:SL:TIME,[IN:restaurant_reservation [SL:TIME Ƙarfe 8 na dare] ],TIME: Ƙarfe 8 na dare,hau
kitchen_and_dining,restaurant_reservation,Can you save me a table for 4 people in Judah,"40:41:SL:NUMBER,44:55:SL:RESTAURANT_NAME",[IN:restaurant_reservation [SL:NUMBER 4] [SL:RESTAURANT_NAME Yahuza suya] ],NUMBER: 4 $$ RESTAURANT_NAME: Yahuza suya,hau
kitchen_and_dining,restaurant_reservation,Help you reserve a table for 3 people in the name of Dr.,"33:34:SL:NUMBER,44:51:SL:PERSONAL_NAME",[IN:restaurant_reservation [SL:NUMBER 3] [SL:PERSONAL_NAME Mukhtar] ],NUMBER: 3 $$ PERSONAL_NAME: Mukhtar,hau
kitchen_and_dining,restaurant_reservation,You can reserve a table at a restaurant for 3 people in Binta by the name of Adama,"38:43:SL:PERSONAL_NAME,54:55:SL:NUMBER,65:70:SL:PERSONAL_NAME",[IN:restaurant_reservation [SL:PERSONAL_NAME Binta] [SL:NUMBER 3] [SL:PERSONAL_NAME Adama] ],PERSONAL_NAME: Binta $$ NUMBER: 3 $$ PERSONAL_NAME: Adama,hau
kitchen_and_dining,restaurant_reservation,You can reserve seats for 5 people under the name Ahmad at Rufaida restaurant,"37:38:SL:NUMBER,48:53:SL:PERSONAL_NAME,70:77:SL:RESTAURANT_NAME",[IN:restaurant_reservation [SL:NUMBER 5] [SL:PERSONAL_NAME Ahmad] [SL:RESTAURANT_NAME Rufaida] ],NUMBER: 5 $$ PERSONAL_NAME: Ahmad $$ RESTAURANT_NAME: Rufaida,hau
kitchen_and_dining,restaurant_reservation,would you set up a table for five men in Judah?,"34:35:SL:NUMBER,38:49:SL:RESTAURANT_NAME",[IN:restaurant_reservation [SL:NUMBER 5] [SL:RESTAURANT_NAME Yahuza suya] ],NUMBER: 5 $$ RESTAURANT_NAME: Yahuza suya,hau
kitchen_and_dining,restaurant_reservation,Will I get a table for 3 people at KFC in the morning?,"25:26:SL:NUMBER,29:32:SL:RESTAURANT_NAME,33:40:SL:TIME",[IN:restaurant_reservation [SL:NUMBER 3] [SL:RESTAURANT_NAME KFC] [SL:TIME da safe] ],NUMBER: 3 $$ RESTAURANT_NAME: KFC $$ TIME: da safe,hau
kitchen_and_dining,restaurant_reservation,reservation for the table at Sarah's restaurant at 8:00 p.m.,"33:39:SL:PERSONAL_NAME,43:62:SL:TIME",[IN:restaurant_reservation [SL:PERSONAL_NAME Saratu] [SL:TIME karfe 8:00 na yamma] ],PERSONAL_NAME: Saratu $$ TIME: karfe 8:00 na yamma,hau
kitchen_and_dining,restaurant_reservation,We're booked for five men of God.,,[IN:restaurant_reservation ],,hau
kitchen_and_dining,restaurant_reservation,Set a table for us six sons of God,,[IN:restaurant_reservation ],,hau
kitchen_and_dining,restaurant_reservation,Save a table for three of us.,,[IN:restaurant_reservation ],,hau
kitchen_and_dining,restaurant_reservation,Reservation for a ten-to-ten meal,32:42:SL:RESTAURANT_NAME,[IN:restaurant_reservation [SL:RESTAURANT_NAME ten-to-ten] ],RESTAURANT_NAME: ten-to-ten,hau
kitchen_and_dining,restaurant_reservation,Booking a table in a restaurant for 2 people at KFC at 2:00 p.m.,"38:39:SL:NUMBER,42:45:SL:RESTAURANT_NAME,49:67:SL:TIME",[IN:restaurant_reservation [SL:NUMBER 2] [SL:RESTAURANT_NAME KFC] [SL:TIME ƙarfe 2:00 na rana] ],NUMBER: 2 $$ RESTAURANT_NAME: KFC $$ TIME: ƙarfe 2:00 na rana,hau
kitchen_and_dining,restaurant_reservation,Booking a table in a restaurant under the name of Johnny?,43:47:SL:PERSONAL_NAME,[IN:restaurant_reservation [SL:PERSONAL_NAME Sani] ],PERSONAL_NAME: Sani,hau
kitchen_and_dining,restaurant_reservation,Table service in a restaurant for 5,37:38:SL:NUMBER,[IN:restaurant_reservation [SL:NUMBER 5] ],NUMBER: 5,hau
kitchen_and_dining,restaurant_reservation,Can we rent ten tables for dinner tonight?,"43:46:SL:DATE,47:57:SL:TIME",[IN:restaurant_reservation [SL:DATE yau] [SL:TIME da daddare] ],DATE: yau $$ TIME: da daddare,hau
kitchen_and_dining,restaurant_reservation,Booking a table at the restaurant for 5 people,37:38:SL:NUMBER,[IN:restaurant_reservation [SL:NUMBER 5] ],NUMBER: 5,hau
kitchen_and_dining,restaurant_reservation,Booking a table for 5 people in a restaurant on Thursdays,"37:38:SL:NUMBER,39:52:SL:DATE",[IN:restaurant_reservation [SL:NUMBER 5] [SL:DATE ranar alhamis] ],NUMBER: 5 $$ DATE: ranar alhamis,hau
kitchen_and_dining,restaurant_reservation,Booking table for 3 people in the name of Doctor,"22:23:SL:NUMBER,33:40:SL:PERSONAL_NAME",[IN:restaurant_reservation [SL:NUMBER 3] [SL:PERSONAL_NAME Mukhtar] ],NUMBER: 3 $$ PERSONAL_NAME: Mukhtar,hau
kitchen_and_dining,restaurant_reservation,Table reserved for 4 under the name David at 7:30 p.m.,"22:23:SL:NUMBER,43:48:SL:PERSONAL_NAME,52:71:SL:TIME",[IN:restaurant_reservation [SL:NUMBER 4] [SL:PERSONAL_NAME Dauda] [SL:TIME ƙarfe 7:30 na yamma] ],NUMBER: 4 $$ PERSONAL_NAME: Dauda $$ TIME: ƙarfe 7:30 na yamma,hau
kitchen_and_dining,restaurant_reservation,Storing a table for 5 people in Judah,"22:23:SL:NUMBER,26:37:SL:RESTAURANT_NAME",[IN:restaurant_reservation [SL:NUMBER 5] [SL:RESTAURANT_NAME Yahuza suya] ],NUMBER: 5 $$ RESTAURANT_NAME: Yahuza suya,hau
kitchen_and_dining,restaurant_reservation,Reservation for 7 people under Jamila at 5:30 pm,"22:23:SL:NUMBER,43:49:SL:PERSONAL_NAME,53:72:SL:TIME",[IN:restaurant_reservation [SL:NUMBER 7] [SL:PERSONAL_NAME Jamila] [SL:TIME ƙarfe 5:30 na yamma] ],NUMBER: 7 $$ PERSONAL_NAME: Jamila $$ TIME: ƙarfe 5:30 na yamma,hau
kitchen_and_dining,restaurant_reservation,"Son of God in the Sambo restaurant, you have reserved seats for us for 10 people under the name Salisu","26:31:SL:PERSONAL_NAME,68:70:SL:NUMBER,89:95:SL:PERSONAL_NAME",[IN:restaurant_reservation [SL:PERSONAL_NAME sambo] [SL:NUMBER 10] [SL:PERSONAL_NAME Salisu] ],PERSONAL_NAME: sambo $$ NUMBER: 10 $$ PERSONAL_NAME: Salisu,hau
kitchen_and_dining,restaurant_reservation,God's son set table for 3 people by name Bello,"32:33:SL:NUMBER,43:48:SL:PERSONAL_NAME",[IN:restaurant_reservation [SL:NUMBER 3] [SL:PERSONAL_NAME Bello] ],NUMBER: 3 $$ PERSONAL_NAME: Bello,hau
kitchen_and_dining,restaurant_reservation,"God's child, can you find me a table for four at the flavours restaurant?","42:43:SL:NUMBER,60:68:SL:RESTAURANT_NAME",[IN:restaurant_reservation [SL:NUMBER 4] [SL:RESTAURANT_NAME flavours] ],NUMBER: 4 $$ RESTAURANT_NAME: flavours,hau
kitchen_and_dining,restaurant_reservation,"Son of God, would you set up a table in the restaurant under the name of Baal?",63:67:SL:PERSONAL_NAME,[IN:restaurant_reservation [SL:PERSONAL_NAME Bala] ],PERSONAL_NAME: Bala,hau
kitchen_and_dining,restaurant_reservation,Son of God would you set a table in a restaurant under the name Bello?,63:68:SL:PERSONAL_NAME,[IN:restaurant_reservation [SL:PERSONAL_NAME Bello] ],PERSONAL_NAME: Bello,hau
kitchen_and_dining,restaurant_reservation,"Son of God, would you set up a table in a restaurant under the name of Knowledge?",63:67:SL:PERSONAL_NAME,[IN:restaurant_reservation [SL:PERSONAL_NAME Sani] ],PERSONAL_NAME: Sani,hau
kitchen_and_dining,restaurant_reservation,"Man of God, would you set up a table in a restaurant under the name Shema?",63:70:SL:PERSONAL_NAME,[IN:restaurant_reservation [SL:PERSONAL_NAME Shema'u] ],PERSONAL_NAME: Shema'u,hau
kitchen_and_dining,restaurant_reservation,Can you put a God's child outside in a restaurant under the name Bello?,62:67:SL:PERSONAL_NAME,[IN:restaurant_reservation [SL:PERSONAL_NAME Bello] ],PERSONAL_NAME: Bello,hau
kitchen_and_dining,restaurant_reservation,Get me a table at the Rufaida restaurant,34:41:SL:RESTAURANT_NAME,[IN:restaurant_reservation [SL:RESTAURANT_NAME Rufaida] ],RESTAURANT_NAME: Rufaida,hau
kitchen_and_dining,restaurant_reservation,Six tables were reserved at the Afrah restaurant,41:46:SL:PERSONAL_NAME,[IN:restaurant_reservation [SL:PERSONAL_NAME Afrah] ],PERSONAL_NAME: Afrah,hau
kitchen_and_dining,restaurant_reservation,"I need a table in the restaurant, will he have it?",,[IN:restaurant_reservation ],,hau
kitchen_and_dining,restaurant_reservation,"I need a second table at KFC in the evening, can I have it?","28:31:SL:RESTAURANT_NAME,32:40:SL:TIME",[IN:restaurant_reservation [SL:RESTAURANT_NAME KFC] [SL:TIME da yamma] ],RESTAURANT_NAME: KFC $$ TIME: da yamma,hau
kitchen_and_dining,restaurant_reservation,"I need a table for 4 people in the restaurant, will he have it?",27:28:SL:NUMBER,[IN:restaurant_reservation [SL:NUMBER 4] ],NUMBER: 4,hau
kitchen_and_dining,restaurant_reservation,"I need a table for 4 people at a flavours restaurant, will I get it?","27:28:SL:NUMBER,45:53:SL:RESTAURANT_NAME",[IN:restaurant_reservation [SL:NUMBER 4] [SL:RESTAURANT_NAME flavours] ],NUMBER: 4 $$ RESTAURANT_NAME: flavours,hau
kitchen_and_dining,restaurant_reservation,I need you to reserve a table for 5 at Dominos,"32:33:SL:NUMBER,36:43:SL:RESTAURANT_NAME",[IN:restaurant_reservation [SL:NUMBER 5] [SL:RESTAURANT_NAME Dominos] ],NUMBER: 5 $$ RESTAURANT_NAME: Dominos,hau
kitchen_and_dining,restaurant_reservation,"I want a table for 6 people at a flavours restaurant, can I have it?","23:24:SL:NUMBER,41:49:SL:RESTAURANT_NAME",[IN:restaurant_reservation [SL:NUMBER 6] [SL:RESTAURANT_NAME flavours] ],NUMBER: 6 $$ RESTAURANT_NAME: flavours,hau
kitchen_and_dining,restaurant_reservation,Book us a table for 10 people at burger king under the name sauce,"25:27:SL:NUMBER,30:41:SL:RESTAURANT_NAME,58:63:SL:PERSONAL_NAME",[IN:restaurant_reservation [SL:NUMBER 10] [SL:RESTAURANT_NAME burger king] [SL:PERSONAL_NAME saude] ],NUMBER: 10 $$ RESTAURANT_NAME: burger king $$ PERSONAL_NAME: saude,hau
kitchen_and_dining,restaurant_reservation,Booked us a table for 5 people at burger king under the name Fatima,"25:26:SL:NUMBER,29:40:SL:RESTAURANT_NAME,57:63:SL:PERSONAL_NAME",[IN:restaurant_reservation [SL:NUMBER 5] [SL:RESTAURANT_NAME burger king] [SL:PERSONAL_NAME Fatima] ],NUMBER: 5 $$ RESTAURANT_NAME: burger king $$ PERSONAL_NAME: Fatima,hau
kitchen_and_dining,restaurant_reservation,Booked us a table for 8 people at burger king under the name sauce,"25:26:SL:NUMBER,29:40:SL:RESTAURANT_NAME,57:62:SL:PERSONAL_NAME",[IN:restaurant_reservation [SL:NUMBER 8] [SL:RESTAURANT_NAME burger king] [SL:PERSONAL_NAME saude] ],NUMBER: 8 $$ RESTAURANT_NAME: burger king $$ PERSONAL_NAME: saude,hau
kitchen_and_dining,restaurant_reservation,"At 2 o'clock in the afternoon I need a table in the restaurant, will I get it?",0:15:SL:TIME,[IN:restaurant_reservation [SL:TIME Ƙarfe 2 na rana] ],TIME: Ƙarfe 2 na rana,hau
kitchen_and_dining,restaurant_reservation,"At 6 pm, I need a table in the restaurant, will he have it?",0:16:SL:TIME,[IN:restaurant_reservation [SL:TIME Ƙarfe 6 na yamma] ],TIME: Ƙarfe 6 na yamma,hau
kitchen_and_dining,restaurant_reservation,"At 7 o'clock I need a table in the restaurant, will he have it?",0:7:SL:TIME,[IN:restaurant_reservation [SL:TIME Ƙarfe 7] ],TIME: Ƙarfe 7,hau
kitchen_and_dining,restaurant_reservation,Get me a table at KFC for 3 people,"18:21:SL:RESTAURANT_NAME,32:33:SL:NUMBER",[IN:restaurant_reservation [SL:RESTAURANT_NAME KFC] [SL:NUMBER 3] ],RESTAURANT_NAME: KFC $$ NUMBER: 3,hau
kitchen_and_dining,restaurant_reservation,Get me a table at KFC for 5 people,"18:21:SL:RESTAURANT_NAME,32:33:SL:NUMBER",[IN:restaurant_reservation [SL:RESTAURANT_NAME KFC] [SL:NUMBER 5] ],RESTAURANT_NAME: KFC $$ NUMBER: 5,hau
kitchen_and_dining,restaurant_reservation,Can you reserve a table for 2 at Chicken Rebublic?,"36:37:SL:NUMBER,40:56:SL:RESTAURANT_NAME",[IN:restaurant_reservation [SL:NUMBER 2] [SL:RESTAURANT_NAME Chicken Rebublic] ],NUMBER: 2 $$ RESTAURANT_NAME: Chicken Rebublic,hau
kitchen_and_dining,restaurant_reservation,Can you reserve a table for 4 at sea sweet?,"36:37:SL:NUMBER,40:49:SL:RESTAURANT_NAME",[IN:restaurant_reservation [SL:NUMBER 4] [SL:RESTAURANT_NAME sea sweet] ],NUMBER: 4 $$ RESTAURANT_NAME: sea sweet,hau
kitchen_and_dining,restaurant_reservation,Could you book a table for 8 people at Chicken Republic?,"36:37:SL:NUMBER,40:56:SL:RESTAURANT_NAME",[IN:restaurant_reservation [SL:NUMBER 8] [SL:RESTAURANT_NAME Chicken Rebublic] ],NUMBER: 8 $$ RESTAURANT_NAME: Chicken Rebublic,hau
kitchen_and_dining,restaurant_reservation,How am I supposed to get a table for 4 at a flavours restaurant?,"32:33:SL:NUMBER,50:58:SL:RESTAURANT_NAME",[IN:restaurant_reservation [SL:NUMBER 4] [SL:RESTAURANT_NAME flavours] ],NUMBER: 4 $$ RESTAURANT_NAME: flavours,hau
kitchen_and_dining,restaurant_reservation,Book a place at a butcher shop under the name Daso,"29:33:SL:DISH_OR_FOOD,52:56:SL:PERSONAL_NAME",[IN:restaurant_reservation [SL:DISH_OR_FOOD nama] [SL:PERSONAL_NAME Daso] ],DISH_OR_FOOD: nama $$ PERSONAL_NAME: Daso,hau
kitchen_and_dining,restaurant_reservation,make a reservation at KFC under the name Jamilu,"17:20:SL:RESTAURANT_NAME,37:43:SL:PERSONAL_NAME",[IN:restaurant_reservation [SL:RESTAURANT_NAME KFC] [SL:PERSONAL_NAME Jamilu] ],RESTAURANT_NAME: KFC $$ PERSONAL_NAME: Jamilu,hau
kitchen_and_dining,restaurant_reservation,Book a table under the name Sambo at Rufaida restaurant,"33:38:SL:PERSONAL_NAME,55:62:SL:RESTAURANT_NAME",[IN:restaurant_reservation [SL:PERSONAL_NAME Sambo] [SL:RESTAURANT_NAME Rufaida] ],PERSONAL_NAME: Sambo $$ RESTAURANT_NAME: Rufaida,hau
kitchen_and_dining,restaurant_reservation,Can you reserve a seat for us at the ten-to-ten restaurant please,42:52:SL:RESTAURANT_NAME,[IN:restaurant_reservation [SL:RESTAURANT_NAME ten-to-ten] ],RESTAURANT_NAME: ten-to-ten,hau
kitchen_and_dining,restaurant_reservation,Would you reserve a table in a restaurant under the name of Don?,53:57:SL:PERSONAL_NAME,[IN:restaurant_reservation [SL:PERSONAL_NAME Sani] ],PERSONAL_NAME: Sani,hau
kitchen_and_dining,restaurant_reservation,You can reserve a table for 3 people with the name Adam,"32:33:SL:NUMBER,43:48:SL:PERSONAL_NAME",[IN:restaurant_reservation [SL:NUMBER 3] [SL:PERSONAL_NAME Adama] ],NUMBER: 3 $$ PERSONAL_NAME: Adama,hau
kitchen_and_dining,restaurant_reservation,You can reserve a table for 3 people with the name Adam,"32:33:SL:NUMBER,43:48:SL:PERSONAL_NAME",[IN:restaurant_reservation [SL:NUMBER 3] [SL:PERSONAL_NAME Adamu] ],NUMBER: 3 $$ PERSONAL_NAME: Adamu,hau
kitchen_and_dining,restaurant_reservation,You can reserve a table for 3 people under the name Ado,"32:33:SL:NUMBER,43:46:SL:PERSONAL_NAME",[IN:restaurant_reservation [SL:NUMBER 3] [SL:PERSONAL_NAME Ado] ],NUMBER: 3 $$ PERSONAL_NAME: Ado,hau
kitchen_and_dining,restaurant_reservation,You can reserve a table for 5 people under the name of Ahmad,"32:33:SL:NUMBER,43:48:SL:PERSONAL_NAME",[IN:restaurant_reservation [SL:NUMBER 5] [SL:PERSONAL_NAME Ahmad] ],NUMBER: 5 $$ PERSONAL_NAME: Ahmad,hau
kitchen_and_dining,restaurant_reservation,You can get me a table for 3 in Judas. 7:00 p.m.,"35:36:SL:NUMBER,39:50:SL:RESTAURANT_NAME,54:70:SL:TIME",[IN:restaurant_reservation [SL:NUMBER 3] [SL:RESTAURANT_NAME Yahuza suya] [SL:TIME ƙarfe 7 na yamma] ],NUMBER: 3 $$ RESTAURANT_NAME: Yahuza suya $$ TIME: ƙarfe 7 na yamma,hau
kitchen_and_dining,restaurant_reservation,can you get me a table for 5 o'clock in the meat locker outside at 6:30 p.m.,"29:36:SL:TIME,61:80:SL:TIME",[IN:restaurant_reservation [SL:TIME karfe 5] [SL:TIME karfe 6:30 na yamma] ],TIME: karfe 5 $$ TIME: karfe 6:30 na yamma,hau
kitchen_and_dining,restaurant_reservation,Can you book us a table for 8 people at burger king under the name sauce?,"34:35:SL:NUMBER,38:49:SL:RESTAURANT_NAME,66:71:SL:PERSONAL_NAME",[IN:restaurant_reservation [SL:NUMBER 8] [SL:RESTAURANT_NAME burger king] [SL:PERSONAL_NAME saude] ],NUMBER: 8 $$ RESTAURANT_NAME: burger king $$ PERSONAL_NAME: saude,hau
kitchen_and_dining,restaurant_reservation,Will I get a table for 3 people at KFC in the evening?,"25:26:SL:NUMBER,29:32:SL:RESTAURANT_NAME,33:41:SL:TIME",[IN:restaurant_reservation [SL:NUMBER 3] [SL:RESTAURANT_NAME KFC] [SL:TIME da yamma] ],NUMBER: 3 $$ RESTAURANT_NAME: KFC $$ TIME: da yamma,hau
kitchen_and_dining,restaurant_reservation,"At the Sambo restaurant, you booked seats for 10 of us under the name Salisu","16:21:SL:PERSONAL_NAME,58:60:SL:NUMBER,79:85:SL:PERSONAL_NAME",[IN:restaurant_reservation [SL:PERSONAL_NAME sambo] [SL:NUMBER 10] [SL:PERSONAL_NAME Salisu] ],PERSONAL_NAME: sambo $$ NUMBER: 10 $$ PERSONAL_NAME: Salisu,hau
kitchen_and_dining,restaurant_reservation,"At the Sambo restaurant, you reserved seats for 10 of us under the name Shuaibu","16:21:SL:PERSONAL_NAME,58:60:SL:NUMBER,79:86:SL:PERSONAL_NAME",[IN:restaurant_reservation [SL:PERSONAL_NAME sambo] [SL:NUMBER 10] [SL:PERSONAL_NAME Shuaibu] ],PERSONAL_NAME: sambo $$ NUMBER: 10 $$ PERSONAL_NAME: Shuaibu,hau
kitchen_and_dining,restaurant_reservation,"Goddamn it, man, you got us a table for eight at Havila ice cream tonight?","39:40:SL:NUMBER,43:58:SL:RESTAURANT_NAME,62:71:SL:TIME",[IN:restaurant_reservation [SL:NUMBER 8] [SL:RESTAURANT_NAME havila icecream] [SL:TIME daren yau] ],NUMBER: 8 $$ RESTAURANT_NAME: havila icecream $$ TIME: daren yau,hau
kitchen_and_dining,restaurant_reservation,Get us a table for eight at Havila ice cream tonight?,"26:27:SL:NUMBER,30:45:SL:RESTAURANT_NAME,49:58:SL:TIME",[IN:restaurant_reservation [SL:NUMBER 8] [SL:RESTAURANT_NAME havila icecream] [SL:TIME daren yau] ],NUMBER: 8 $$ RESTAURANT_NAME: havila icecream $$ TIME: daren yau,hau
kitchen_and_dining,restaurant_reservation,Make a reservation under the name Sambo at Gusto restaurant,"33:38:SL:PERSONAL_NAME,55:60:SL:RESTAURANT_NAME",[IN:restaurant_reservation [SL:PERSONAL_NAME Sambo] [SL:RESTAURANT_NAME Gusto] ],PERSONAL_NAME: Sambo $$ RESTAURANT_NAME: Gusto,hau
kitchen_and_dining,restaurant_reservation,make a reservation for two at cold stone,32:42:SL:RESTAURANT_NAME,[IN:restaurant_reservation [SL:RESTAURANT_NAME cold stone] ],RESTAURANT_NAME: cold stone,hau
kitchen_and_dining,restaurant_reservation,Can you get us a table for eight at Havila's ice cream tonight?,"36:37:SL:NUMBER,40:55:SL:RESTAURANT_NAME,56:66:SL:TIME",[IN:restaurant_reservation [SL:NUMBER 8] [SL:RESTAURANT_NAME havila icecream] [SL:TIME da daddare] ],NUMBER: 8 $$ RESTAURANT_NAME: havila icecream $$ TIME: da daddare,hau
kitchen_and_dining,restaurant_reservation,Can you get us a table for eight at Havila Ice Cream tonight?,"36:37:SL:NUMBER,40:55:SL:RESTAURANT_NAME,59:68:SL:TIME",[IN:restaurant_reservation [SL:NUMBER 8] [SL:RESTAURANT_NAME havila icecream] [SL:TIME daren yau] ],NUMBER: 8 $$ RESTAURANT_NAME: havila icecream $$ TIME: daren yau,hau
kitchen_and_dining,restaurant_reviews,season 7 food is delicious?,8:16:SL:RESTAURANT_NAME,[IN:restaurant_reviews [SL:RESTAURANT_NAME season 7] ],RESTAURANT_NAME: season 7,hau
kitchen_and_dining,restaurant_reviews,is the Marzuq restaurant getting good reviews?,16:22:SL:RESTAURANT_NAME,[IN:restaurant_reviews [SL:RESTAURANT_NAME Marzuq] ],RESTAURANT_NAME: Marzuq,hau
kitchen_and_dining,restaurant_reviews,Marzouq's restaurant can cook?,16:22:SL:RESTAURANT_NAME,[IN:restaurant_reviews [SL:RESTAURANT_NAME Marzuq] ],RESTAURANT_NAME: Marzuq,hau
kitchen_and_dining,restaurant_reviews,is Hajj Karime restaurant getting a good reputation?,21:27:SL:PERSONAL_NAME,[IN:restaurant_reviews [SL:PERSONAL_NAME Karime] ],PERSONAL_NAME: Karime,hau
kitchen_and_dining,restaurant_reviews,a person who is said to have a taste for Hajj Salaam?,52:60:SL:PERSONAL_NAME,[IN:restaurant_reviews [SL:PERSONAL_NAME Salamatu] ],PERSONAL_NAME: Salamatu,hau
kitchen_and_dining,restaurant_reviews,What people are saying about the beauty of season 7?,40:48:SL:RESTAURANT_NAME,[IN:restaurant_reviews [SL:RESTAURANT_NAME season 7] ],RESTAURANT_NAME: season 7,hau
kitchen_and_dining,restaurant_reviews,what is said about the beauty of the restaurant Altine?,"25:29:SL:DISH_OR_FOOD,47:53:SL:PERSONAL_NAME",[IN:restaurant_reviews [SL:DISH_OR_FOOD masa] [SL:PERSONAL_NAME Altine] ],DISH_OR_FOOD: masa $$ PERSONAL_NAME: Altine,hau
kitchen_and_dining,restaurant_reviews,what do people say about the taste of Marzuq?,40:46:SL:RESTAURANT_NAME,[IN:restaurant_reviews [SL:RESTAURANT_NAME Marzuq] ],RESTAURANT_NAME: Marzuq,hau
kitchen_and_dining,restaurant_reviews,people praise Hajj Salaam food?,30:38:SL:PERSONAL_NAME,[IN:restaurant_reviews [SL:PERSONAL_NAME Salamatu] ],PERSONAL_NAME: Salamatu,hau
kitchen_and_dining,restaurant_reviews,restaurant chain Daito everyone is getting accepted in the society?,"0:4:SL:DISH_OR_FOOD,22:32:SL:RESTAURANT_NAME",[IN:restaurant_reviews [SL:DISH_OR_FOOD tuwo] [SL:RESTAURANT_NAME Daɗin kowa] ],DISH_OR_FOOD: tuwo $$ RESTAURANT_NAME: Daɗin kowa,hau
kitchen_and_dining,restaurant_reviews,the opening of the Altine restaurant receives what positive praise?,"0:4:SL:DISH_OR_FOOD,20:26:SL:PERSONAL_NAME",[IN:restaurant_reviews [SL:DISH_OR_FOOD tuwo] [SL:PERSONAL_NAME Altine] ],DISH_OR_FOOD: tuwo $$ PERSONAL_NAME: Altine,hau
kitchen_and_dining,restaurant_reviews,what flavor does Hajj Karim have?,34:40:SL:PERSONAL_NAME,[IN:restaurant_reviews [SL:PERSONAL_NAME Karime] ],PERSONAL_NAME: Karime,hau
kitchen_and_dining,restaurant_reviews,what kind of reputation do people have for Marzuq restaurant?,47:53:SL:RESTAURANT_NAME,[IN:restaurant_reviews [SL:RESTAURANT_NAME Marzuq] ],RESTAURANT_NAME: Marzuq,hau
kitchen_and_dining,restaurant_reviews,Do people have a sense of the Alt Egyptian?,"22:26:SL:DISH_OR_FOOD,28:34:SL:PERSONAL_NAME",[IN:restaurant_reviews [SL:DISH_OR_FOOD masa] [SL:PERSONAL_NAME Altine] ],DISH_OR_FOOD: masa $$ PERSONAL_NAME: Altine,hau
kitchen_and_dining,restaurant_reviews,Did he enjoy the restaurant crap of season 7?,"12:22:SL:DISH_OR_FOOD,40:48:SL:RESTAURANT_NAME",[IN:restaurant_reviews [SL:DISH_OR_FOOD faten doya] [SL:RESTAURANT_NAME season 7] ],DISH_OR_FOOD: faten doya $$ RESTAURANT_NAME: season 7,hau
kitchen_and_dining,restaurant_reviews,what positive or negative reviews do people give to Marzuq restaurant?,58:64:SL:RESTAURANT_NAME,[IN:restaurant_reviews [SL:RESTAURANT_NAME Marzuq] ],RESTAURANT_NAME: Marzuq,hau
kitchen_and_dining,restaurant_reviews,what kind of praise is given to Hajiya Talatu flower?,"26:30:SL:DISH_OR_FOOD,39:45:SL:PERSONAL_NAME",[IN:restaurant_reviews [SL:DISH_OR_FOOD fura] [SL:PERSONAL_NAME Talatu] ],DISH_OR_FOOD: fura $$ PERSONAL_NAME: Talatu,hau
kitchen_and_dining,restaurant_reviews,is the Whole Foods diet safe?,8:18:SL:RESTAURANT_NAME,[IN:restaurant_reviews [SL:RESTAURANT_NAME Daɗin-Kowa] ],RESTAURANT_NAME: Daɗin-Kowa,hau
kitchen_and_dining,restaurant_reviews,is the restaurant restaurant Hajiya Zara's taste good?,"0:7:SL:DISH_OR_FOOD,30:34:SL:PERSONAL_NAME",[IN:restaurant_reviews [SL:DISH_OR_FOOD ɗanwake] [SL:PERSONAL_NAME Zara] ],DISH_OR_FOOD: ɗanwake $$ PERSONAL_NAME: Zara,hau
kitchen_and_dining,restaurant_reviews,tell us how the chicken is cooking the verses of the Divine Energy restaurant?,"27:36:SL:DISH_OR_FOOD,54:64:SL:RESTAURANT_NAME",[IN:restaurant_reviews [SL:DISH_OR_FOOD kunun aya] [SL:RESTAURANT_NAME Ikon Allah] ],DISH_OR_FOOD: kunun aya $$ RESTAURANT_NAME: Ikon Allah,hau
kitchen_and_dining,restaurant_reviews,comment on what people say about Hajj Salama cake,"36:41:SL:DISH_OR_FOOD,50:58:SL:PERSONAL_NAME",[IN:restaurant_reviews [SL:DISH_OR_FOOD waina] [SL:PERSONAL_NAME Salamatu] ],DISH_OR_FOOD: waina $$ PERSONAL_NAME: Salamatu,hau
kitchen_and_dining,restaurant_reviews,the kind of praise that is given to food season 7,37:45:SL:RESTAURANT_NAME,[IN:restaurant_reviews [SL:RESTAURANT_NAME season 7] ],RESTAURANT_NAME: season 7,hau
kitchen_and_dining,restaurant_reviews,the spread of the praise for the Altine restaurant,43:49:SL:PERSONAL_NAME,[IN:restaurant_reviews [SL:PERSONAL_NAME Altine] ],PERSONAL_NAME: Altine,hau
kitchen_and_dining,restaurant_reviews,is the seventh season fun?,"0:5:SL:DISH_OR_FOOD,7:15:SL:RESTAURANT_NAME",[IN:restaurant_reviews [SL:DISH_OR_FOOD fanke] [SL:RESTAURANT_NAME season 7] ],DISH_OR_FOOD: fanke $$ RESTAURANT_NAME: season 7,hau
kitchen_and_dining,restaurant_reviews,is the Dadin-Kowa restaurant's basement in good condition?,"0:8:SL:DISH_OR_FOOD,23:33:SL:RESTAURANT_NAME",[IN:restaurant_reviews [SL:DISH_OR_FOOD funkasan] [SL:RESTAURANT_NAME Dadin-Kowa] ],DISH_OR_FOOD: funkasan $$ RESTAURANT_NAME: Dadin-Kowa,hau
kitchen_and_dining,restaurant_reviews,Egyptian restaurant Bauchi is gaining national praise?,16:28:SL:RESTAURANT_NAME,[IN:restaurant_reviews [SL:RESTAURANT_NAME Masar Bauchi] ],RESTAURANT_NAME: Masar Bauchi,hau
kitchen_and_dining,restaurant_reviews,is the Season 7 restaurant getting good reviews?,16:24:SL:RESTAURANT_NAME,[IN:restaurant_reviews [SL:RESTAURANT_NAME Season 7] ],RESTAURANT_NAME: Season 7,hau
kitchen_and_dining,restaurant_reviews,is the Marzuq restaurant getting good reviews from people?,14:20:SL:RESTAURANT_NAME,[IN:restaurant_reviews [SL:RESTAURANT_NAME Marzuq] ],RESTAURANT_NAME: Marzuq,hau
kitchen_and_dining,restaurant_reviews,and tasted the food of the heathen?,20:27:SL:RESTAURANT_NAME,[IN:restaurant_reviews [SL:RESTAURANT_NAME Al'umma] ],RESTAURANT_NAME: Al'umma,hau
kitchen_and_dining,restaurant_reviews,Or the delicious vegetables of Hajj Zainab restaurant?,"3:8:SL:DISH_OR_FOOD,33:39:SL:PERSONAL_NAME",[IN:restaurant_reviews [SL:DISH_OR_FOOD danbu] [SL:PERSONAL_NAME Zainab] ],DISH_OR_FOOD: danbu $$ PERSONAL_NAME: Zainab,hau
kitchen_and_dining,restaurant_reviews,or the Zam-Zam restaurant getting good public acclaim?,19:26:SL:RESTAURANT_NAME,[IN:restaurant_reviews [SL:RESTAURANT_NAME Zam-Zam] ],RESTAURANT_NAME: Zam-Zam,hau
kitchen_and_dining,restaurant_reviews,or did you enjoy a meal at the restaurant of your own?,39:48:SL:RESTAURANT_NAME,[IN:restaurant_reviews [SL:RESTAURANT_NAME Kowa Naka] ],RESTAURANT_NAME: Kowa Naka,hau
kitchen_and_dining,restaurant_reviews,or people like season 7 food?,25:33:SL:RESTAURANT_NAME,[IN:restaurant_reviews [SL:RESTAURANT_NAME season 7] ],RESTAURANT_NAME: season 7,hau
kitchen_and_dining,restaurant_reviews,or is watching season 7 fun?,"3:7:SL:DISH_OR_FOOD,9:17:SL:RESTAURANT_NAME",[IN:restaurant_reviews [SL:DISH_OR_FOOD tuwo] [SL:RESTAURANT_NAME season 7] ],DISH_OR_FOOD: tuwo $$ RESTAURANT_NAME: season 7,hau
kitchen_and_dining,restaurant_reviews,or a delicious Modern restaurant flour cake?,"3:16:SL:DISH_OR_FOOD,34:40:SL:RESTAURANT_NAME",[IN:restaurant_reviews [SL:DISH_OR_FOOD wainar fulawa] [SL:RESTAURANT_NAME Zamani] ],DISH_OR_FOOD: wainar fulawa $$ RESTAURANT_NAME: Zamani,hau
kitchen_and_dining,restaurant_reviews,is the Karime home fun?,"0:4:SL:DISH_OR_FOOD,12:18:SL:PERSONAL_NAME",[IN:restaurant_reviews [SL:DISH_OR_FOOD kunu] [SL:PERSONAL_NAME Karime] ],DISH_OR_FOOD: kunu $$ PERSONAL_NAME: Karime,hau
kitchen_and_dining,restaurant_reviews,is the chicken Hajiya Bintu delicious?,"0:5:SL:DISH_OR_FOOD,13:18:SL:PERSONAL_NAME",[IN:restaurant_reviews [SL:DISH_OR_FOOD ƙosan] [SL:PERSONAL_NAME Bintu] ],DISH_OR_FOOD: ƙosan $$ PERSONAL_NAME: Bintu,hau
kitchen_and_dining,restaurant_reviews,what do people say about food that everyone likes?,31:41:SL:RESTAURANT_NAME,[IN:restaurant_reviews [SL:RESTAURANT_NAME daɗin kowa] ],RESTAURANT_NAME: daɗin kowa,hau
kitchen_and_dining,restaurant_reviews,what do people say about the taste of ASUU food?,,[IN:restaurant_reviews ],,hau
kitchen_and_dining,restaurant_reviews,what are people saying about Hajiya Ladidi restaurant?,47:53:SL:PERSONAL_NAME,[IN:restaurant_reviews [SL:PERSONAL_NAME Ladidi] ],PERSONAL_NAME: Ladidi,hau
kitchen_and_dining,restaurant_reviews,what do people say to identify and taste season 7 cake?,"32:37:SL:DISH_OR_FOOD,39:47:SL:RESTAURANT_NAME",[IN:restaurant_reviews [SL:DISH_OR_FOOD waina] [SL:RESTAURANT_NAME season 7] ],DISH_OR_FOOD: waina $$ RESTAURANT_NAME: season 7,hau
kitchen_and_dining,restaurant_reviews,what do you think about the restaurant restaurant of Hajiya Karima?,"17:21:SL:DISH_OR_FOOD,46:52:SL:PERSONAL_NAME",[IN:restaurant_reviews [SL:DISH_OR_FOOD masa] [SL:PERSONAL_NAME Karima] ],DISH_OR_FOOD: masa $$ PERSONAL_NAME: Karima,hau
kitchen_and_dining,restaurant_reviews,"what do you call a restaurant that is a ""Sweet Home""?",29:39:SL:RESTAURANT_NAME,[IN:restaurant_reviews [SL:RESTAURANT_NAME Daɗin-Kowa] ],RESTAURANT_NAME: Daɗin-Kowa,hau
kitchen_and_dining,restaurant_reviews,what do you think about Balngu food?,,[IN:restaurant_reviews ],,hau
kitchen_and_dining,restaurant_reviews,what about the restaurant's menu of Truth?,"19:24:SL:DISH_OR_FOOD,45:52:SL:RESTAURANT_NAME",[IN:restaurant_reviews [SL:DISH_OR_FOOD jalof] [SL:RESTAURANT_NAME Gaskiya] ],DISH_OR_FOOD: jalof $$ RESTAURANT_NAME: Gaskiya,hau
kitchen_and_dining,restaurant_reviews,what about the food of the True Man?,27:41:SL:RESTAURANT_NAME,[IN:restaurant_reviews [SL:RESTAURANT_NAME Gaskiyar Mutum] ],RESTAURANT_NAME: Gaskiyar Mutum,hau
kitchen_and_dining,restaurant_reviews,people like the season 7 singer?,"14:21:SL:DISH_OR_FOOD,23:31:SL:RESTAURANT_NAME",[IN:restaurant_reviews [SL:DISH_OR_FOOD ɗanwake] [SL:RESTAURANT_NAME season 7] ],DISH_OR_FOOD: ɗanwake $$ RESTAURANT_NAME: season 7,hau
kitchen_and_dining,restaurant_reviews,people praising the restaurant of season 7?,32:40:SL:RESTAURANT_NAME,[IN:restaurant_reviews [SL:RESTAURANT_NAME season 7] ],RESTAURANT_NAME: season 7,hau
kitchen_and_dining,restaurant_reviews,Do people like funky Hagar's restaurant?,"16:23:SL:DISH_OR_FOOD,39:45:SL:PERSONAL_NAME",[IN:restaurant_reviews [SL:DISH_OR_FOOD funkaso] [SL:PERSONAL_NAME Hajara] ],DISH_OR_FOOD: funkaso $$ PERSONAL_NAME: Hajara,hau
kitchen_and_dining,restaurant_reviews,is Dan-Kura's restaurant being praised by others?,32:40:SL:RESTAURANT_NAME,[IN:restaurant_reviews [SL:RESTAURANT_NAME Dan-Kura] ],RESTAURANT_NAME: Dan-Kura,hau
kitchen_and_dining,restaurant_reviews,does the food of the Almighty taste good?,14:24:SL:RESTAURANT_NAME,[IN:restaurant_reviews [SL:RESTAURANT_NAME Daɗin-kowa] ],RESTAURANT_NAME: Daɗin-kowa,hau
kitchen_and_dining,restaurant_reviews,is Hajj Salama's restaurant getting a good reputation?,28:36:SL:PERSONAL_NAME,[IN:restaurant_reviews [SL:PERSONAL_NAME Salamatu] ],PERSONAL_NAME: Salamatu,hau
kitchen_and_dining,restaurant_reviews,does the restaurant in Gaza get a good public review?,19:23:SL:PERSONAL_NAME,[IN:restaurant_reviews [SL:PERSONAL_NAME Gaza] ],PERSONAL_NAME: Gaza,hau
kitchen_and_dining,restaurant_reviews,is the restaurant restaurant Haaja's kitchen tasty?,"5:9:SL:DISH_OR_FOOD,27:32:SL:PERSONAL_NAME",[IN:restaurant_reviews [SL:DISH_OR_FOOD masa] [SL:PERSONAL_NAME Haaja] ],DISH_OR_FOOD: masa $$ PERSONAL_NAME: Haaja,hau
kitchen_and_dining,restaurant_reviews,who enjoys the taste of Hajiya Halime's restaurant?,"21:25:SL:DISH_OR_FOOD,50:56:SL:PERSONAL_NAME",[IN:restaurant_reviews [SL:DISH_OR_FOOD masa] [SL:PERSONAL_NAME Halime] ],DISH_OR_FOOD: masa $$ PERSONAL_NAME: Halime,hau
kitchen_and_dining,restaurant_reviews,Is it fun to run Hajj Salaam restaurant?,"0:4:SL:DISH_OR_FOOD,27:34:SL:PERSONAL_NAME",[IN:restaurant_reviews [SL:DISH_OR_FOOD Tuwo] [SL:PERSONAL_NAME Salamtu] ],DISH_OR_FOOD: Tuwo $$ PERSONAL_NAME: Salamtu,hau
kitchen_and_dining,restaurant_reviews,is the Hajj Karime fun?,"0:4:SL:DISH_OR_FOOD,13:19:SL:PERSONAL_NAME",[IN:restaurant_reviews [SL:DISH_OR_FOOD tuwo] [SL:PERSONAL_NAME Karime] ],DISH_OR_FOOD: tuwo $$ PERSONAL_NAME: Karime,hau
kitchen_and_dining,restaurant_reviews,Is the seventh season of the series fun?,"0:4:SL:DISH_OR_FOOD,6:14:SL:RESTAURANT_NAME",[IN:restaurant_reviews [SL:DISH_OR_FOOD Tuwo] [SL:RESTAURANT_NAME season 7] ],DISH_OR_FOOD: Tuwo $$ RESTAURANT_NAME: season 7,hau
kitchen_and_dining,restaurant_reviews,is the cake of Hajiya Talatu restaurant delicious?,"0:5:SL:DISH_OR_FOOD,30:36:SL:PERSONAL_NAME",[IN:restaurant_reviews [SL:DISH_OR_FOOD waina] [SL:PERSONAL_NAME Talatu] ],DISH_OR_FOOD: waina $$ PERSONAL_NAME: Talatu,hau
kitchen_and_dining,restaurant_reviews,is the season 7 cake delicious?,"0:5:SL:DISH_OR_FOOD,7:15:SL:RESTAURANT_NAME",[IN:restaurant_reviews [SL:DISH_OR_FOOD waina] [SL:RESTAURANT_NAME season 7] ],DISH_OR_FOOD: waina $$ RESTAURANT_NAME: season 7,hau
kitchen_and_dining,restaurant_reviews,this restaurant has a delicious soup?,29:33:SL:DISH_OR_FOOD,[IN:restaurant_reviews [SL:DISH_OR_FOOD zobo] ],DISH_OR_FOOD: zobo,hau
kitchen_and_dining,restaurant_reviews,what kind of praise is given to the restaurant Everywhere?,37:46:SL:RESTAURANT_NAME,[IN:restaurant_reviews [SL:RESTAURANT_NAME Kowa-Nake] ],RESTAURANT_NAME: Kowa-Nake,hau
kitchen_and_dining,restaurant_reviews,what kind of praise is given to the Salamis' meal?,36:44:SL:PERSONAL_NAME,[IN:restaurant_reviews [SL:PERSONAL_NAME Salamatu] ],PERSONAL_NAME: Salamatu,hau
kitchen_and_dining,restaurant_reviews,What reputation did the restaurant in Smyrna have?,43:49:SL:PERSONAL_NAME,[IN:restaurant_reviews [SL:PERSONAL_NAME Samira] ],PERSONAL_NAME: Samira,hau
kitchen_and_dining,restaurant_reviews,what kind of reputation do people have for Hajj Salamatu restaurant?,54:62:SL:PERSONAL_NAME,[IN:restaurant_reviews [SL:PERSONAL_NAME Salamatu] ],PERSONAL_NAME: Salamatu,hau
kitchen_and_dining,restaurant_reviews,did the rice of Hagar's household taste good?,"9:17:SL:DISH_OR_FOOD,25:31:SL:PERSONAL_NAME",[IN:restaurant_reviews [SL:DISH_OR_FOOD shinkafa] [SL:PERSONAL_NAME Hajara] ],DISH_OR_FOOD: shinkafa $$ PERSONAL_NAME: Hajara,hau
kitchen_and_dining,restaurant_reviews,did you enjoy the cake at Hajj Salamatu restaurant?,"9:14:SL:DISH_OR_FOOD,37:45:SL:PERSONAL_NAME",[IN:restaurant_reviews [SL:DISH_OR_FOOD waina] [SL:PERSONAL_NAME Salamatu] ],DISH_OR_FOOD: waina $$ PERSONAL_NAME: Salamatu,hau
kitchen_and_dining,restaurant_reviews,who tasted the soup of Hajia Hadiza restaurant?,"17:21:SL:DISH_OR_FOOD,45:51:SL:PERSONAL_NAME",[IN:restaurant_reviews [SL:DISH_OR_FOOD miya] [SL:PERSONAL_NAME Hadiza] ],DISH_OR_FOOD: miya $$ PERSONAL_NAME: Hadiza,hau
kitchen_and_dining,restaurant_reviews,Who has tasted the Season-7 soup?,"17:21:SL:DISH_OR_FOOD,23:31:SL:RESTAURANT_NAME",[IN:restaurant_reviews [SL:DISH_OR_FOOD miya] [SL:RESTAURANT_NAME Season-7] ],DISH_OR_FOOD: miya $$ RESTAURANT_NAME: Season-7,hau
kitchen_and_dining,restaurant_reviews,Do you know the taste of Ten-to-Ten food?,27:37:SL:RESTAURANT_NAME,[IN:restaurant_reviews [SL:RESTAURANT_NAME Ten-to-Ten] ],RESTAURANT_NAME: Ten-to-Ten,hau
kitchen_and_dining,restaurant_reviews,How cute is the season 7 apple?,"8:13:SL:DISH_OR_FOOD,15:23:SL:RESTAURANT_NAME",[IN:restaurant_reviews [SL:DISH_OR_FOOD danbu] [SL:RESTAURANT_NAME season 7] ],DISH_OR_FOOD: danbu $$ RESTAURANT_NAME: season 7,hau
kitchen_and_dining,restaurant_reviews,Do you enjoy your hobbies?,"0:4:SL:DISH_OR_FOOD,19:29:SL:RESTAURANT_NAME",[IN:restaurant_reviews [SL:DISH_OR_FOOD zoɓo] [SL:RESTAURANT_NAME Shagalinku] ],DISH_OR_FOOD: zoɓo $$ RESTAURANT_NAME: Shagalinku,hau
kitchen_and_dining,restaurant_reviews,is Altine's food being praised?,19:25:SL:PERSONAL_NAME,[IN:restaurant_reviews [SL:PERSONAL_NAME Altine] ],PERSONAL_NAME: Altine,hau
kitchen_and_dining,restaurant_reviews,the pear tree?,"0:5:SL:DISH_OR_FOOD,14:18:SL:PERSONAL_NAME",[IN:restaurant_reviews [SL:DISH_OR_FOOD danbu] [SL:PERSONAL_NAME Lami] ],DISH_OR_FOOD: danbu $$ PERSONAL_NAME: Lami,hau
kitchen_and_dining,restaurant_reviews,is the season 7 pumpkin delicious?,"0:5:SL:DISH_OR_FOOD,7:15:SL:RESTAURANT_NAME",[IN:restaurant_reviews [SL:DISH_OR_FOOD danbu] [SL:RESTAURANT_NAME season 7] ],DISH_OR_FOOD: danbu $$ RESTAURANT_NAME: season 7,hau
kitchen_and_dining,restaurant_reviews,what do people say about the taste of the Lord's Supper?,40:50:SL:RESTAURANT_NAME,[IN:restaurant_reviews [SL:RESTAURANT_NAME Daɗin-Kowa] ],RESTAURANT_NAME: Daɗin-Kowa,hau
kitchen_and_dining,restaurant_reviews,Are people eating season 7?,32:40:SL:RESTAURANT_NAME,[IN:restaurant_reviews [SL:RESTAURANT_NAME season 7] ],RESTAURANT_NAME: season 7,hau
kitchen_and_dining,restaurant_reviews,the taste of the Most Holy One's bread?,"0:5:SL:DISH_OR_FOOD,7:17:SL:RESTAURANT_NAME",[IN:restaurant_reviews [SL:DISH_OR_FOOD waina] [SL:RESTAURANT_NAME Daɗin-Kowa] ],DISH_OR_FOOD: waina $$ RESTAURANT_NAME: Daɗin-Kowa,hau
kitchen_and_dining,restaurant_reviews,this season 7 episode of getting praise from men?,"7:11:SL:DISH_OR_FOOD,16:24:SL:RESTAURANT_NAME",[IN:restaurant_reviews [SL:DISH_OR_FOOD masa] [SL:RESTAURANT_NAME season 7] ],DISH_OR_FOOD: masa $$ RESTAURANT_NAME: season 7,hau
kitchen_and_dining,restaurant_reviews,what is the reputation of Altine restaurant?,43:49:SL:PERSONAL_NAME,[IN:restaurant_reviews [SL:PERSONAL_NAME Altine] ],PERSONAL_NAME: Altine,hau
kitchen_and_dining,restaurant_suggestion,Where can I find a restaurant that has a good reputation?,39:47:SL:DISH_OR_FOOD,[IN:restaurant_suggestion [SL:DISH_OR_FOOD shawarma] ],DISH_OR_FOOD: shawarma,hau
kitchen_and_dining,restaurant_suggestion,Where can I find a good restaurant in Kumbotso?,42:50:SL:CITY_OR_PROVINCE,[IN:restaurant_suggestion [SL:CITY_OR_PROVINCE Kumbotso] ],CITY_OR_PROVINCE: Kumbotso,hau
kitchen_and_dining,restaurant_suggestion,is there a good restaurant in the countryside?,34:43:SL:CITY_OR_PROVINCE,[IN:restaurant_suggestion [SL:CITY_OR_PROVINCE karkasara] ],CITY_OR_PROVINCE: karkasara,hau
kitchen_and_dining,restaurant_suggestion,recommend a good restaurant nearby,,[IN:restaurant_suggestion ],,hau
kitchen_and_dining,restaurant_suggestion,"Man of God, find me a nice piece of meat on the back.","35:43:SL:DISH_OR_FOOD,55:60:SL:CITY_OR_PROVINCE",[IN:restaurant_suggestion [SL:DISH_OR_FOOD naman sa] [SL:CITY_OR_PROVINCE sheka] ],DISH_OR_FOOD: naman sa $$ CITY_OR_PROVINCE: sheka,hau
kitchen_and_dining,restaurant_suggestion,The man of God found me a good cheap restaurant,,[IN:restaurant_suggestion ],,hau
kitchen_and_dining,restaurant_suggestion,"Look at Jigawa, where can I find a good place to eat?",7:13:SL:CITY_OR_PROVINCE,[IN:restaurant_suggestion [SL:CITY_OR_PROVINCE Jigawa] ],CITY_OR_PROVINCE: Jigawa,hau
kitchen_and_dining,restaurant_suggestion,tell me good traditional restaurants in Tarauni,59:66:SL:CITY_OR_PROVINCE,[IN:restaurant_suggestion [SL:CITY_OR_PROVINCE Tarauni] ],CITY_OR_PROVINCE: Tarauni,hau
kitchen_and_dining,restaurant_suggestion,Tell me where to sell plants in Kaduna,"26:31:SL:DISH_OR_FOOD,40:46:SL:CITY_OR_PROVINCE",[IN:restaurant_suggestion [SL:DISH_OR_FOOD tsire] [SL:CITY_OR_PROVINCE Kaduna] ],DISH_OR_FOOD: tsire $$ CITY_OR_PROVINCE: Kaduna,hau
kitchen_and_dining,restaurant_suggestion,Do you know of any good restaurants here?,,[IN:restaurant_suggestion ],,hau
kitchen_and_dining,restaurant_suggestion,Find me a good restaurant with fish fur in Bauchi,"50:54:SL:DISH_OR_FOOD,57:63:SL:CITY_OR_PROVINCE",[IN:restaurant_suggestion [SL:DISH_OR_FOOD kifi] [SL:CITY_OR_PROVINCE Bauchi] ],DISH_OR_FOOD: kifi $$ CITY_OR_PROVINCE: Bauchi,hau
kitchen_and_dining,restaurant_suggestion,show me the best places to eat in Gummagga,41:49:SL:CITY_OR_PROVINCE,[IN:restaurant_suggestion [SL:CITY_OR_PROVINCE Gwammaja] ],CITY_OR_PROVINCE: Gwammaja,hau
kitchen_and_dining,restaurant_suggestion,Show me the best places to eat in Zamfara,41:48:SL:CITY_OR_PROVINCE,[IN:restaurant_suggestion [SL:CITY_OR_PROVINCE Zamfara] ],CITY_OR_PROVINCE: Zamfara,hau
kitchen_and_dining,restaurant_suggestion,Are there restaurants open at all times,,[IN:restaurant_suggestion ],,hau
kitchen_and_dining,restaurant_suggestion,Do you know a restaurant like the Hausa here?,,[IN:restaurant_suggestion ],,hau
kitchen_and_dining,restaurant_suggestion,can you recommend a good restaurant in Alphandiki?,52:61:SL:CITY_OR_PROVINCE,[IN:restaurant_suggestion [SL:CITY_OR_PROVINCE Alfindiki] ],CITY_OR_PROVINCE: Alfindiki,hau
kitchen_and_dining,restaurant_suggestion,Where can I find a good restaurant in Kano?,42:46:SL:CITY_OR_PROVINCE,[IN:restaurant_suggestion [SL:CITY_OR_PROVINCE Kano] ],CITY_OR_PROVINCE: Kano,hau
kitchen_and_dining,restaurant_suggestion,Where can I find a restaurant that they recommend in Kano?,"39:47:SL:DISH_OR_FOOD,50:54:SL:CITY_OR_PROVINCE",[IN:restaurant_suggestion [SL:DISH_OR_FOOD shawarma] [SL:CITY_OR_PROVINCE Kano] ],DISH_OR_FOOD: shawarma $$ CITY_OR_PROVINCE: Kano,hau
kitchen_and_dining,restaurant_suggestion,Where can I find a good restaurant in Kano?,42:46:SL:CITY_OR_PROVINCE,[IN:restaurant_suggestion [SL:CITY_OR_PROVINCE Kano] ],CITY_OR_PROVINCE: Kano,hau
kitchen_and_dining,restaurant_suggestion,there are restaurants that are open now,38:45:SL:TIME,[IN:restaurant_suggestion [SL:TIME a yanzu] ],TIME: a yanzu,hau
kitchen_and_dining,restaurant_suggestion,Are there good restaurants in Bauchi?,37:43:SL:CITY_OR_PROVINCE,[IN:restaurant_suggestion [SL:CITY_OR_PROVINCE Bauchi] ],CITY_OR_PROVINCE: Bauchi,hau
kitchen_and_dining,restaurant_suggestion,Are there good restaurants in Enugu?,37:42:SL:CITY_OR_PROVINCE,[IN:restaurant_suggestion [SL:CITY_OR_PROVINCE Enugu] ],CITY_OR_PROVINCE: Enugu,hau
kitchen_and_dining,restaurant_suggestion,Were there good restaurants in Nazareth?,37:45:SL:CITY_OR_PROVINCE,[IN:restaurant_suggestion [SL:CITY_OR_PROVINCE Nasarawa] ],CITY_OR_PROVINCE: Nasarawa,hau
kitchen_and_dining,restaurant_suggestion,is there a good restaurant in Kano?,34:38:SL:CITY_OR_PROVINCE,[IN:restaurant_suggestion [SL:CITY_OR_PROVINCE Kano] ],CITY_OR_PROVINCE: Kano,hau
kitchen_and_dining,restaurant_suggestion,recommend a good restaurant,,[IN:restaurant_suggestion ],,hau
kitchen_and_dining,restaurant_suggestion,recommend me a good restaurant in Gommaja,39:47:SL:CITY_OR_PROVINCE,[IN:restaurant_suggestion [SL:CITY_OR_PROVINCE Gwammaja] ],CITY_OR_PROVINCE: Gwammaja,hau
kitchen_and_dining,restaurant_suggestion,recommend me a good restaurant in kano,39:43:SL:CITY_OR_PROVINCE,[IN:restaurant_suggestion [SL:CITY_OR_PROVINCE kano] ],CITY_OR_PROVINCE: kano,hau
kitchen_and_dining,restaurant_suggestion,Please recommend a good restaurant in Kano.,42:46:SL:CITY_OR_PROVINCE,[IN:restaurant_suggestion [SL:CITY_OR_PROVINCE Kano] ],CITY_OR_PROVINCE: Kano,hau
kitchen_and_dining,restaurant_suggestion,By the grace of God how will I find a good restaurant in Kano?,52:56:SL:CITY_OR_PROVINCE,[IN:restaurant_suggestion [SL:CITY_OR_PROVINCE Kano] ],CITY_OR_PROVINCE: Kano,hau
kitchen_and_dining,restaurant_suggestion,Was there a good place to eat in Cana for the man of God?,44:48:SL:CITY_OR_PROVINCE,[IN:restaurant_suggestion [SL:CITY_OR_PROVINCE Kano] ],CITY_OR_PROVINCE: Kano,hau
kitchen_and_dining,restaurant_suggestion,Please tell me good traditional restaurants in Dala,69:73:SL:CITY_OR_PROVINCE,[IN:restaurant_suggestion [SL:CITY_OR_PROVINCE Dala] ],CITY_OR_PROVINCE: Dala,hau
kitchen_and_dining,restaurant_suggestion,God's son tell me good traditional restaurants in Kano,69:73:SL:CITY_OR_PROVINCE,[IN:restaurant_suggestion [SL:CITY_OR_PROVINCE kano] ],CITY_OR_PROVINCE: kano,hau
kitchen_and_dining,restaurant_suggestion,"God's man, find me a good place for a chicken feather",46:50:SL:DISH_OR_FOOD,[IN:restaurant_suggestion [SL:DISH_OR_FOOD kaza] ],DISH_OR_FOOD: kaza,hau
kitchen_and_dining,restaurant_suggestion,"God's son, find me a piece of his fine fur",35:43:SL:DISH_OR_FOOD,[IN:restaurant_suggestion [SL:DISH_OR_FOOD naman sa] ],DISH_OR_FOOD: naman sa,hau
kitchen_and_dining,restaurant_suggestion,God's Son found me a good restaurant,,[IN:restaurant_suggestion ],,hau
kitchen_and_dining,restaurant_suggestion,Can you tell me where to eat in Kano?,62:66:SL:CITY_OR_PROVINCE,[IN:restaurant_suggestion [SL:CITY_OR_PROVINCE Kano] ],CITY_OR_PROVINCE: Kano,hau
kitchen_and_dining,restaurant_suggestion,Can you tell me where they serve delicious rice and beans?,34:50:SL:DISH_OR_FOOD,[IN:restaurant_suggestion [SL:DISH_OR_FOOD shinkafa da wake] ],DISH_OR_FOOD: shinkafa da wake,hau
kitchen_and_dining,restaurant_suggestion,Where in Kaduna can I find a good place to eat?,7:13:SL:CITY_OR_PROVINCE,[IN:restaurant_suggestion [SL:CITY_OR_PROVINCE Kaduna] ],CITY_OR_PROVINCE: Kaduna,hau
kitchen_and_dining,restaurant_suggestion,Where else could I find a decent meal?,7:11:SL:CITY_OR_PROVINCE,[IN:restaurant_suggestion [SL:CITY_OR_PROVINCE kano] ],CITY_OR_PROVINCE: kano,hau
kitchen_and_dining,restaurant_suggestion,tell me good traditional restaurants in kano,59:63:SL:CITY_OR_PROVINCE,[IN:restaurant_suggestion [SL:CITY_OR_PROVINCE kano] ],CITY_OR_PROVINCE: kano,hau
kitchen_and_dining,restaurant_suggestion,Tell me a restaurant not far from the mosque,,[IN:restaurant_suggestion ],,hau
kitchen_and_dining,restaurant_suggestion,Tell me where I can find a good restaurant in Kano?,51:55:SL:CITY_OR_PROVINCE,[IN:restaurant_suggestion [SL:CITY_OR_PROVINCE Kano] ],CITY_OR_PROVINCE: Kano,hau
kitchen_and_dining,restaurant_suggestion,Tell me where to sell plants in Kano,"26:31:SL:DISH_OR_FOOD,40:44:SL:CITY_OR_PROVINCE",[IN:restaurant_suggestion [SL:DISH_OR_FOOD tsire] [SL:CITY_OR_PROVINCE Kano] ],DISH_OR_FOOD: tsire $$ CITY_OR_PROVINCE: Kano,hau
kitchen_and_dining,restaurant_suggestion,Tell me where plants are sold in Zaria,"26:31:SL:DISH_OR_FOOD,40:45:SL:CITY_OR_PROVINCE",[IN:restaurant_suggestion [SL:DISH_OR_FOOD tsire] [SL:CITY_OR_PROVINCE Zaria] ],DISH_OR_FOOD: tsire $$ CITY_OR_PROVINCE: Zaria,hau
kitchen_and_dining,restaurant_suggestion,"I'm looking for good restaurants here, do you know them?",,[IN:restaurant_suggestion ],,hau
kitchen_and_dining,restaurant_suggestion,Where are the good restaurants,,[IN:restaurant_suggestion ],,hau
kitchen_and_dining,restaurant_suggestion,"I'm hungry, tell me the good restaurants",,[IN:restaurant_suggestion ],,hau
kitchen_and_dining,restaurant_suggestion,Do you know any good restaurants here?,,[IN:restaurant_suggestion ],,hau
kitchen_and_dining,restaurant_suggestion,Do you know any good traditional restaurants in Kano?,57:61:SL:CITY_OR_PROVINCE,[IN:restaurant_suggestion [SL:CITY_OR_PROVINCE kano] ],CITY_OR_PROVINCE: kano,hau
kitchen_and_dining,restaurant_suggestion,Find me a good restaurant with fish fur,50:54:SL:DISH_OR_FOOD,[IN:restaurant_suggestion [SL:DISH_OR_FOOD kifi] ],DISH_OR_FOOD: kifi,hau
kitchen_and_dining,restaurant_suggestion,Find me a good restaurant with fish in Abuja,"50:54:SL:DISH_OR_FOOD,57:62:SL:CITY_OR_PROVINCE",[IN:restaurant_suggestion [SL:DISH_OR_FOOD kifi] [SL:CITY_OR_PROVINCE Abuja] ],DISH_OR_FOOD: kifi $$ CITY_OR_PROVINCE: Abuja,hau
kitchen_and_dining,restaurant_suggestion,Find me a good restaurant that has fish in the shell,"50:54:SL:DISH_OR_FOOD,57:63:SL:CITY_OR_PROVINCE",[IN:restaurant_suggestion [SL:DISH_OR_FOOD kifi] [SL:CITY_OR_PROVINCE kaduna] ],DISH_OR_FOOD: kifi $$ CITY_OR_PROVINCE: kaduna,hau
kitchen_and_dining,restaurant_suggestion,Find me a good restaurant that has fish fur in canoe,"50:54:SL:DISH_OR_FOOD,57:61:SL:CITY_OR_PROVINCE",[IN:restaurant_suggestion [SL:DISH_OR_FOOD kifi] [SL:CITY_OR_PROVINCE kano] ],DISH_OR_FOOD: kifi $$ CITY_OR_PROVINCE: kano,hau
kitchen_and_dining,restaurant_suggestion,Find me a good restaurant with fish in Minjibir,"50:54:SL:DISH_OR_FOOD,57:65:SL:CITY_OR_PROVINCE",[IN:restaurant_suggestion [SL:DISH_OR_FOOD kifi] [SL:CITY_OR_PROVINCE Minjibir] ],DISH_OR_FOOD: kifi $$ CITY_OR_PROVINCE: Minjibir,hau
kitchen_and_dining,restaurant_suggestion,Could you recommend a restaurant that has a good menu?,34:42:SL:DISH_OR_FOOD,[IN:restaurant_suggestion [SL:DISH_OR_FOOD shawarma] ],DISH_OR_FOOD: shawarma,hau
kitchen_and_dining,restaurant_suggestion,show me the best places to eat in Kaduna,41:47:SL:CITY_OR_PROVINCE,[IN:restaurant_suggestion [SL:CITY_OR_PROVINCE Kaduna] ],CITY_OR_PROVINCE: Kaduna,hau
kitchen_and_dining,restaurant_suggestion,show me the best places to eat in Kano,41:45:SL:CITY_OR_PROVINCE,[IN:restaurant_suggestion [SL:CITY_OR_PROVINCE Kano] ],CITY_OR_PROVINCE: Kano,hau
kitchen_and_dining,restaurant_suggestion,Can you tell me where to eat in Kano?,37:41:SL:CITY_OR_PROVINCE,[IN:restaurant_suggestion [SL:CITY_OR_PROVINCE Kano] ],CITY_OR_PROVINCE: Kano,hau
kitchen_and_dining,restaurant_suggestion,find me a good place for mushroom hair,33:43:SL:DISH_OR_FOOD,[IN:restaurant_suggestion [SL:DISH_OR_FOOD naman kaza] ],DISH_OR_FOOD: naman kaza,hau
kitchen_and_dining,restaurant_suggestion,find me a nice place for chicken feathers in the barn,38:45:SL:CITY_OR_PROVINCE,[IN:restaurant_suggestion [SL:CITY_OR_PROVINCE tarauni] ],CITY_OR_PROVINCE: tarauni,hau
kitchen_and_dining,restaurant_suggestion,A restaurant that has a good recommendation?,36:44:SL:DISH_OR_FOOD,[IN:restaurant_suggestion [SL:DISH_OR_FOOD shawarma] ],DISH_OR_FOOD: shawarma,hau
kitchen_and_dining,restaurant_suggestion,Are there any restaurants open now,43:50:SL:TIME,[IN:restaurant_suggestion [SL:TIME a yanzu] ],TIME: a yanzu,hau
kitchen_and_dining,restaurant_suggestion,Are there restaurants that are open in the morning,48:53:SL:TIME,[IN:restaurant_suggestion [SL:TIME asuba] ],TIME: asuba,hau
kitchen_and_dining,restaurant_suggestion,Do you know any good restaurants here?,,[IN:restaurant_suggestion ],,hau
kitchen_and_dining,restaurant_suggestion,Do you know of any Arabic restaurants here?,,[IN:restaurant_suggestion ],,hau
kitchen_and_dining,restaurant_suggestion,help me find a good place for my chicken feathers,47:51:SL:DISH_OR_FOOD,[IN:restaurant_suggestion [SL:DISH_OR_FOOD kaza] ],DISH_OR_FOOD: kaza,hau
kitchen_and_dining,restaurant_suggestion,is this restaurant good?,,[IN:restaurant_suggestion ],,hau
kitchen_and_dining,restaurant_suggestion,"I'm hungry, tell me the good restaurants",,[IN:restaurant_suggestion ],,hau
kitchen_and_dining,restaurant_suggestion,can you recommend me a good restaurant in Kano?,52:56:SL:CITY_OR_PROVINCE,[IN:restaurant_suggestion [SL:CITY_OR_PROVINCE Kano] ],CITY_OR_PROVINCE: Kano,hau
kitchen_and_dining,restaurant_suggestion,Choosing a good restaurant for my lunch,42:54:SL:MEAL_PERIOD,[IN:restaurant_suggestion [SL:MEAL_PERIOD abincin rana] ],MEAL_PERIOD: abincin rana,hau
kitchen_and_dining,restaurant_suggestion,"I'm going out to eat, tell me good restaurants",,[IN:restaurant_suggestion ],,hau
kitchen_and_dining,restaurant_suggestion,"I will go out to eat, inform me of good restaurants",,[IN:restaurant_suggestion ],,hau
kitchen_and_dining,restaurant_suggestion,Where can I find a restaurant that serves eggnog soup in Kano?,"39:50:SL:DISH_OR_FOOD,53:57:SL:CITY_OR_PROVINCE",[IN:restaurant_suggestion [SL:DISH_OR_FOOD miyar egusi] [SL:CITY_OR_PROVINCE Kano] ],DISH_OR_FOOD: miyar egusi $$ CITY_OR_PROVINCE: Kano,hau
kitchen_and_dining,restaurant_suggestion,are there any restaurants that are open now in Dala?,"38:45:SL:TIME,53:57:SL:CITY_OR_PROVINCE",[IN:restaurant_suggestion [SL:TIME a yanzu] [SL:CITY_OR_PROVINCE Dala] ],TIME: a yanzu $$ CITY_OR_PROVINCE: Dala,hau
kitchen_and_dining,restaurant_suggestion,Are there good restaurants in Jigawa?,37:43:SL:CITY_OR_PROVINCE,[IN:restaurant_suggestion [SL:CITY_OR_PROVINCE Jigawa] ],CITY_OR_PROVINCE: Jigawa,hau
kitchen_and_dining,restaurant_suggestion,Tell me where to sell plants in Dala,"26:31:SL:DISH_OR_FOOD,40:44:SL:CITY_OR_PROVINCE",[IN:restaurant_suggestion [SL:DISH_OR_FOOD tsire] [SL:CITY_OR_PROVINCE Dala] ],DISH_OR_FOOD: tsire $$ CITY_OR_PROVINCE: Dala,hau
kitchen_and_dining,restaurant_suggestion,A restaurant that makes delicious bread?,36:42:SL:DISH_OR_FOOD,[IN:restaurant_suggestion [SL:DISH_OR_FOOD burodi] ],DISH_OR_FOOD: burodi,hau
kitchen_and_dining,restaurant_suggestion,Do you know a restaurant of the Hausa style in Ilorin?,53:59:SL:CITY_OR_PROVINCE,[IN:restaurant_suggestion [SL:CITY_OR_PROVINCE Ilorin] ],CITY_OR_PROVINCE: Ilorin,hau
kitchen_and_dining,restaurant_suggestion,Choosing a good restaurant for my dinner,42:54:SL:MEAL_PERIOD,[IN:restaurant_suggestion [SL:MEAL_PERIOD abincin dare] ],MEAL_PERIOD: abincin dare,hau
kitchen_and_dining,restaurant_suggestion,"I'm going out to eat, tell me the restaurants here",,[IN:restaurant_suggestion ],,hau
travel,book_flight,"Will 140,000 Rupees be enough for me to board a train from Lagos to Kaduna today?","0:8:SL:MONEY,37:42:SL:CITY_OR_PROVINCE,48:54:SL:CITY_OR_PROVINCE,55:60:SL:DATE","[IN:book_flight [SL:MONEY ₦140,000] [SL:CITY_OR_PROVINCE Legas] [SL:CITY_OR_PROVINCE Kaduna] [SL:DATE a yau] ]","MONEY: ₦140,000 $$ CITY_OR_PROVINCE: Legas $$ CITY_OR_PROVINCE: Kaduna $$ DATE: a yau",hau
travel,book_flight,"Will 160,000 Rupees be enough for me to board the train from Katsina to Kaduna today?","0:8:SL:MONEY,37:44:SL:CITY_OR_PROVINCE,50:56:SL:CITY_OR_PROVINCE,57:62:SL:DATE","[IN:book_flight [SL:MONEY ₦160,000] [SL:CITY_OR_PROVINCE Katsina] [SL:CITY_OR_PROVINCE Kaduna] [SL:DATE a yau] ]","MONEY: ₦160,000 $$ CITY_OR_PROVINCE: Katsina $$ CITY_OR_PROVINCE: Kaduna $$ DATE: a yau",hau
travel,book_flight,Is there an Arik air flight from Zamfara to Kano cheap?,"37:44:SL:CITY_OR_PROVINCE,50:54:SL:CITY_OR_PROVINCE",[IN:book_flight [SL:CITY_OR_PROVINCE Zamfara] [SL:CITY_OR_PROVINCE Kano] ],CITY_OR_PROVINCE: Zamfara $$ CITY_OR_PROVINCE: Kano,hau
travel,book_flight,Please direct me to the Arik air flight from Katsina to Kano?,"50:57:SL:CITY_OR_PROVINCE,63:67:SL:CITY_OR_PROVINCE",[IN:book_flight [SL:CITY_OR_PROVINCE Katsina] [SL:CITY_OR_PROVINCE Kano] ],CITY_OR_PROVINCE: Katsina $$ CITY_OR_PROVINCE: Kano,hau
travel,book_flight,"Tell me the airlines that fly from Jos to Kaduna on Saturdays for less than 150,000?","37:40:SL:CITY_OR_PROVINCE,46:52:SL:CITY_OR_PROVINCE,55:67:SL:DATE,78:86:SL:MONEY","[IN:book_flight [SL:CITY_OR_PROVINCE Jos] [SL:CITY_OR_PROVINCE Kaduna] [SL:DATE ranar asabar] [SL:MONEY ₦150,000] ]","CITY_OR_PROVINCE: Jos $$ CITY_OR_PROVINCE: Kaduna $$ DATE: ranar asabar $$ MONEY: ₦150,000",hau
travel,book_flight,"I want a flight from Jigawa to Jos for 90,000 Naira, can I get one?","19:25:SL:CITY_OR_PROVINCE,31:34:SL:CITY_OR_PROVINCE,41:59:SL:MONEY",[IN:book_flight [SL:CITY_OR_PROVINCE Jigawa] [SL:CITY_OR_PROVINCE Jos] [SL:MONEY Naira dubu casa'in] ],CITY_OR_PROVINCE: Jigawa $$ CITY_OR_PROVINCE: Jos $$ MONEY: Naira dubu casa'in,hau
travel,book_flight,"How many flights depart on a Saturday from Adamawa for less than 190,000?","24:36:SL:DATE,42:49:SL:CITY_OR_PROVINCE,60:68:SL:MONEY","[IN:book_flight [SL:DATE ranar asabar] [SL:CITY_OR_PROVINCE Adamawa] [SL:MONEY ₦190,000] ]","DATE: ranar asabar $$ CITY_OR_PROVINCE: Adamawa $$ MONEY: ₦190,000",hau
travel,book_flight,"Or will I get a flight from Adamawa to Kaduna for less than 150,000?","39:46:SL:CITY_OR_PROVINCE,52:58:SL:CITY_OR_PROVINCE,69:77:SL:MONEY","[IN:book_flight [SL:CITY_OR_PROVINCE Adamawa] [SL:CITY_OR_PROVINCE Kaduna] [SL:MONEY ₦150,000] ]","CITY_OR_PROVINCE: Adamawa $$ CITY_OR_PROVINCE: Kaduna $$ MONEY: ₦150,000",hau
travel,book_flight,"Or will I get a flight from Kano to ADAMAWA tomorrow for less than 150,000?","39:43:SL:CITY_OR_PROVINCE,49:56:SL:CITY_OR_PROVINCE,59:63:SL:DATE,74:82:SL:MONEY","[IN:book_flight [SL:CITY_OR_PROVINCE Kano] [SL:CITY_OR_PROVINCE ADAMAWA] [SL:DATE gobe] [SL:MONEY ₦150,000] ]","CITY_OR_PROVINCE: Kano $$ CITY_OR_PROVINCE: ADAMAWA $$ DATE: gobe $$ MONEY: ₦150,000",hau
travel,book_flight,"Get me a flight from Abuja to Kano for less than 130,000","20:25:SL:CITY_OR_PROVINCE,31:35:SL:CITY_OR_PROVINCE,46:54:SL:MONEY","[IN:book_flight [SL:CITY_OR_PROVINCE Abuja] [SL:CITY_OR_PROVINCE Kano] [SL:MONEY ₦130,000] ]","CITY_OR_PROVINCE: Abuja $$ CITY_OR_PROVINCE: Kano $$ MONEY: ₦130,000",hau
travel,book_flight,"Will 140,000 Rupees be enough for me to board a train from Lagos to Katsina today?","5:13:SL:MONEY,42:47:SL:CITY_OR_PROVINCE,53:60:SL:CITY_OR_PROVINCE,61:66:SL:DATE","[IN:book_flight [SL:MONEY ₦140,000] [SL:CITY_OR_PROVINCE Legas] [SL:CITY_OR_PROVINCE Katsina] [SL:DATE a yau] ]","MONEY: ₦140,000 $$ CITY_OR_PROVINCE: Legas $$ CITY_OR_PROVINCE: Katsina $$ DATE: a yau",hau
travel,book_flight,How many flights to Azman depart on Mondays?,38:51:SL:DATE,[IN:book_flight [SL:DATE ranar Litinin] ],DATE: ranar Litinin,hau
travel,book_flight,"Will I be able to get a flight from Yola to Kaduna for less than 110,000?","41:45:SL:CITY_OR_PROVINCE,51:57:SL:CITY_OR_PROVINCE,68:76:SL:MONEY","[IN:book_flight [SL:CITY_OR_PROVINCE Yola] [SL:CITY_OR_PROVINCE Kaduna] [SL:MONEY ₦110,000] ]","CITY_OR_PROVINCE: Yola $$ CITY_OR_PROVINCE: Kaduna $$ MONEY: ₦110,000",hau
travel,book_flight,Please help me find the Azman flight from Jigawa to Niger tomorrow afternoon?,"48:54:SL:CITY_OR_PROVINCE,60:65:SL:COUNTRY,68:72:SL:DATE,73:80:SL:TIME",[IN:book_flight [SL:CITY_OR_PROVINCE Jigawa] [SL:COUNTRY Nijar] [SL:DATE gobe] [SL:TIME da rana] ],CITY_OR_PROVINCE: Jigawa $$ COUNTRY: Nijar $$ DATE: gobe $$ TIME: da rana,hau
travel,book_flight,Will I get a flight to Kano and to Kaduna at a cheaper rate?,"30:34:SL:CITY_OR_PROVINCE,48:54:SL:CITY_OR_PROVINCE",[IN:book_flight [SL:CITY_OR_PROVINCE Kano] [SL:CITY_OR_PROVINCE Kaduna] ],CITY_OR_PROVINCE: Kano $$ CITY_OR_PROVINCE: Kaduna,hau
travel,book_flight,Will I travel from Anambra to Abuja on March 1?,"19:26:SL:CITY_OR_PROVINCE,32:37:SL:CITY_OR_PROVINCE,40:56:SL:DATE",[IN:book_flight [SL:CITY_OR_PROVINCE Anambra] [SL:CITY_OR_PROVINCE Abuja] [SL:DATE ranar 1 ga Maris] ],CITY_OR_PROVINCE: Anambra $$ CITY_OR_PROVINCE: Abuja $$ DATE: ranar 1 ga Maris,hau
travel,book_flight,"120,000 would be enough to get me on the Lagos to Kano flight tomorrow","0:8:SL:MONEY,37:42:SL:CITY_OR_PROVINCE,48:52:SL:CITY_OR_PROVINCE,55:59:SL:DATE","[IN:book_flight [SL:MONEY ₦120,000] [SL:CITY_OR_PROVINCE Legas] [SL:CITY_OR_PROVINCE Kano] [SL:DATE gobe] ]","MONEY: ₦120,000 $$ CITY_OR_PROVINCE: Legas $$ CITY_OR_PROVINCE: Kano $$ DATE: gobe",hau
travel,book_flight,"Will 170,000 Rupees be enough for me to board a flight from Lagos to Cairo tomorrow?","0:8:SL:MONEY,37:42:SL:CITY_OR_PROVINCE,48:53:SL:CITY_OR_PROVINCE,56:60:SL:DATE","[IN:book_flight [SL:MONEY ₦170,000] [SL:CITY_OR_PROVINCE Legas] [SL:CITY_OR_PROVINCE Kairo] [SL:DATE gobe] ]","MONEY: ₦170,000 $$ CITY_OR_PROVINCE: Legas $$ CITY_OR_PROVINCE: Kairo $$ DATE: gobe",hau
travel,book_flight,Is there an Arik air flight from Zamfara to Kano?,"37:44:SL:CITY_OR_PROVINCE,50:54:SL:CITY_OR_PROVINCE",[IN:book_flight [SL:CITY_OR_PROVINCE Zamfara] [SL:CITY_OR_PROVINCE Kano] ],CITY_OR_PROVINCE: Zamfara $$ CITY_OR_PROVINCE: Kano,hau
travel,book_flight,Is there a flight from Kano to Abuja tomorrow?,"23:27:SL:CITY_OR_PROVINCE,33:38:SL:CITY_OR_PROVINCE,41:45:SL:DATE",[IN:book_flight [SL:CITY_OR_PROVINCE Kano] [SL:CITY_OR_PROVINCE Abuja] [SL:DATE gobe] ],CITY_OR_PROVINCE: Kano $$ CITY_OR_PROVINCE: Abuja $$ DATE: gobe,hau
travel,book_flight,Please show me the flight from Bauchi to Maiduguri today,"46:52:SL:CITY_OR_PROVINCE,58:67:SL:CITY_OR_PROVINCE,68:73:SL:DATE",[IN:book_flight [SL:CITY_OR_PROVINCE Bauchi] [SL:CITY_OR_PROVINCE Maiduguri] [SL:DATE a yau] ],CITY_OR_PROVINCE: Bauchi $$ CITY_OR_PROVINCE: Maiduguri $$ DATE: a yau,hau
travel,book_flight,Please show me cheap flight from Bauchi to Maiduguri today,"46:52:SL:CITY_OR_PROVINCE,58:67:SL:CITY_OR_PROVINCE,68:73:SL:DATE",[IN:book_flight [SL:CITY_OR_PROVINCE Bauchi] [SL:CITY_OR_PROVINCE Maiduguri] [SL:DATE a yau] ],CITY_OR_PROVINCE: Bauchi $$ CITY_OR_PROVINCE: Maiduguri $$ DATE: a yau,hau
travel,book_flight,Please check my flight from Jos to Maiduguri on Wednesday,"46:49:SL:CITY_OR_PROVINCE,55:64:SL:CITY_OR_PROVINCE,67:79:SL:DATE",[IN:book_flight [SL:CITY_OR_PROVINCE Jos] [SL:CITY_OR_PROVINCE Maiduguri] [SL:DATE ranar laraba] ],CITY_OR_PROVINCE: Jos $$ CITY_OR_PROVINCE: Maiduguri $$ DATE: ranar laraba,hau
travel,book_flight,Please tell me the flight from Jos to Maiduguri today,"46:49:SL:CITY_OR_PROVINCE,55:64:SL:CITY_OR_PROVINCE,65:70:SL:DATE",[IN:book_flight [SL:CITY_OR_PROVINCE Jos] [SL:CITY_OR_PROVINCE Maiduguri] [SL:DATE a yau] ],CITY_OR_PROVINCE: Jos $$ CITY_OR_PROVINCE: Maiduguri $$ DATE: a yau,hau
travel,book_flight,Watch me flying from Zamfara to Abuja on Sunday,"36:43:SL:CITY_OR_PROVINCE,49:54:SL:CITY_OR_PROVINCE,55:67:SL:DATE",[IN:book_flight [SL:CITY_OR_PROVINCE Zamfara] [SL:CITY_OR_PROVINCE Abuja] [SL:DATE ranar Lahadi] ],CITY_OR_PROVINCE: Zamfara $$ CITY_OR_PROVINCE: Abuja $$ DATE: ranar Lahadi,hau
travel,book_flight,"Tell me the flights from Jos to Kaduna tomorrow for less than 150,000?","37:40:SL:CITY_OR_PROVINCE,46:52:SL:CITY_OR_PROVINCE,55:59:SL:DATE,70:78:SL:MONEY","[IN:book_flight [SL:CITY_OR_PROVINCE Jos] [SL:CITY_OR_PROVINCE Kaduna] [SL:DATE gobe] [SL:MONEY ₦150,000] ]","CITY_OR_PROVINCE: Jos $$ CITY_OR_PROVINCE: Kaduna $$ DATE: gobe $$ MONEY: ₦150,000",hau
travel,book_flight,"Tell me the flights that will fly from Kano to Abuja tomorrow for less than 100,000?","37:41:SL:CITY_OR_PROVINCE,47:52:SL:CITY_OR_PROVINCE,55:59:SL:DATE,70:78:SL:MONEY","[IN:book_flight [SL:CITY_OR_PROVINCE Kano] [SL:CITY_OR_PROVINCE Abuja] [SL:DATE gobe] [SL:MONEY ₦100,000] ]","CITY_OR_PROVINCE: Kano $$ CITY_OR_PROVINCE: Abuja $$ DATE: gobe $$ MONEY: ₦100,000",hau
travel,book_flight,Tell me which airlines are flying from Kano to Abuja tomorrow?,"37:41:SL:CITY_OR_PROVINCE,47:52:SL:CITY_OR_PROVINCE,55:59:SL:DATE",[IN:book_flight [SL:CITY_OR_PROVINCE Kano] [SL:CITY_OR_PROVINCE Abuja] [SL:DATE gobe] ],CITY_OR_PROVINCE: Kano $$ CITY_OR_PROVINCE: Abuja $$ DATE: gobe,hau
travel,book_flight,Can you tell me which airlines fly from Kano to Abuja in Jibi?,"37:41:SL:CITY_OR_PROVINCE,47:52:SL:CITY_OR_PROVINCE,55:59:SL:DATE",[IN:book_flight [SL:CITY_OR_PROVINCE Kano] [SL:CITY_OR_PROVINCE Abuja] [SL:DATE Jibi] ],CITY_OR_PROVINCE: Kano $$ CITY_OR_PROVINCE: Abuja $$ DATE: Jibi,hau
travel,book_flight,"Tell me the airlines flying from Kano to Abuja next week for less than 100,000?","37:41:SL:CITY_OR_PROVINCE,47:52:SL:CITY_OR_PROVINCE,55:68:SL:DATE,79:87:SL:MONEY","[IN:book_flight [SL:CITY_OR_PROVINCE Kano] [SL:CITY_OR_PROVINCE Abuja] [SL:DATE sati mai zuwa] [SL:MONEY ₦100,000] ]","CITY_OR_PROVINCE: Kano $$ CITY_OR_PROVINCE: Abuja $$ DATE: sati mai zuwa $$ MONEY: ₦100,000",hau
travel,book_flight,"Tell me the airlines flying from Kano to Kaduna tomorrow for less than 100,000?","37:41:SL:CITY_OR_PROVINCE,47:53:SL:CITY_OR_PROVINCE,56:60:SL:DATE,71:79:SL:MONEY","[IN:book_flight [SL:CITY_OR_PROVINCE Kano] [SL:CITY_OR_PROVINCE Kaduna] [SL:DATE gobe] [SL:MONEY ₦100,000] ]","CITY_OR_PROVINCE: Kano $$ CITY_OR_PROVINCE: Kaduna $$ DATE: gobe $$ MONEY: ₦100,000",hau
travel,book_flight,"Tell me the flights that are flying from Lagos to Abuja tomorrow for less than 120,000?","37:42:SL:CITY_OR_PROVINCE,48:53:SL:CITY_OR_PROVINCE,56:60:SL:DATE,71:79:SL:MONEY","[IN:book_flight [SL:CITY_OR_PROVINCE Legas] [SL:CITY_OR_PROVINCE Abuja] [SL:DATE gobe] [SL:MONEY ₦120,000] ]","CITY_OR_PROVINCE: Legas $$ CITY_OR_PROVINCE: Abuja $$ DATE: gobe $$ MONEY: ₦120,000",hau
travel,book_flight,"Tell me which flights from Lagos to Abuja on Tuesdays are less than 120,000?","37:42:SL:CITY_OR_PROVINCE,48:53:SL:CITY_OR_PROVINCE,54:66:SL:DATE,77:85:SL:MONEY","[IN:book_flight [SL:CITY_OR_PROVINCE Legas] [SL:CITY_OR_PROVINCE Abuja] [SL:DATE ranar talata] [SL:MONEY ₦120,000] ]","CITY_OR_PROVINCE: Legas $$ CITY_OR_PROVINCE: Abuja $$ DATE: ranar talata $$ MONEY: ₦120,000",hau
travel,book_flight,I want you to check the flight from Akwa Ibom to Kano for me.,"41:50:SL:CITY_OR_PROVINCE,56:60:SL:CITY_OR_PROVINCE",[IN:book_flight [SL:CITY_OR_PROVINCE Akwa Ibom] [SL:CITY_OR_PROVINCE Kano] ],CITY_OR_PROVINCE: Akwa Ibom $$ CITY_OR_PROVINCE: Kano,hau
travel,book_flight,Are there any flights on Saturday from Abuja to Zamfara?,"16:28:SL:DATE,34:39:SL:CITY_OR_PROVINCE,45:52:SL:CITY_OR_PROVINCE",[IN:book_flight [SL:DATE ranar Asabar] [SL:CITY_OR_PROVINCE Abuja] [SL:CITY_OR_PROVINCE Zamfara] ],DATE: ranar Asabar $$ CITY_OR_PROVINCE: Abuja $$ CITY_OR_PROVINCE: Zamfara,hau
travel,book_flight,How many flights depart on Wednesdays from Abuja to Zamfara?,"26:38:SL:DATE,44:49:SL:CITY_OR_PROVINCE,55:62:SL:CITY_OR_PROVINCE",[IN:book_flight [SL:DATE ranar Laraba] [SL:CITY_OR_PROVINCE Abuja] [SL:CITY_OR_PROVINCE Zamfara] ],DATE: ranar Laraba $$ CITY_OR_PROVINCE: Abuja $$ CITY_OR_PROVINCE: Zamfara,hau
travel,book_flight,How many flights are there on Wednesdays?,26:38:SL:DATE,[IN:book_flight [SL:DATE ranar Laraba] ],DATE: ranar Laraba,hau
travel,book_flight,"Or can I get a flight from Kano to Abuja tomorrow for 120,000?","33:37:SL:CITY_OR_PROVINCE,43:48:SL:CITY_OR_PROVINCE,51:55:SL:DATE,61:69:SL:MONEY","[IN:book_flight [SL:CITY_OR_PROVINCE Kano] [SL:CITY_OR_PROVINCE Abuja] [SL:DATE gobe] [SL:MONEY ₦120,000] ]","CITY_OR_PROVINCE: Kano $$ CITY_OR_PROVINCE: Abuja $$ DATE: gobe $$ MONEY: ₦120,000",hau
travel,book_flight,Or can I get a flight from Kano to Abuja tomorrow morning?,"33:37:SL:CITY_OR_PROVINCE,43:48:SL:CITY_OR_PROVINCE,51:55:SL:DATE,56:63:SL:TIME",[IN:book_flight [SL:CITY_OR_PROVINCE Kano] [SL:CITY_OR_PROVINCE Abuja] [SL:DATE gobe] [SL:TIME da safe] ],CITY_OR_PROVINCE: Kano $$ CITY_OR_PROVINCE: Abuja $$ DATE: gobe $$ TIME: da safe,hau
travel,book_flight,Or can I get a flight from Kano to Abuja in another week?,"33:37:SL:CITY_OR_PROVINCE,43:48:SL:CITY_OR_PROVINCE,49:59:SL:DATE",[IN:book_flight [SL:CITY_OR_PROVINCE Kano] [SL:CITY_OR_PROVINCE Abuja] [SL:DATE wani satin] ],CITY_OR_PROVINCE: Kano $$ CITY_OR_PROVINCE: Abuja $$ DATE: wani satin,hau
travel,book_flight,Or will I get a round trip flight from Kano to Adamawa?,"44:48:SL:CITY_OR_PROVINCE,54:61:SL:CITY_OR_PROVINCE",[IN:book_flight [SL:CITY_OR_PROVINCE Kano] [SL:CITY_OR_PROVINCE Adamawa] ],CITY_OR_PROVINCE: Kano $$ CITY_OR_PROVINCE: Adamawa,hau
travel,book_flight,Or will I catch the Azman flight from Kano to Kaduna this afternoon?,"40:44:SL:CITY_OR_PROVINCE,50:56:SL:CITY_OR_PROVINCE,59:62:SL:DATE,63:70:SL:TIME",[IN:book_flight [SL:CITY_OR_PROVINCE Kano] [SL:CITY_OR_PROVINCE Kaduna] [SL:DATE yau] [SL:TIME da rana] ],CITY_OR_PROVINCE: Kano $$ CITY_OR_PROVINCE: Kaduna $$ DATE: yau $$ TIME: da rana,hau
travel,book_flight,Or will I get the Azman flight from Kano to Kaduna today?,"40:44:SL:CITY_OR_PROVINCE,50:56:SL:CITY_OR_PROVINCE,57:62:SL:DATE",[IN:book_flight [SL:CITY_OR_PROVINCE Kano] [SL:CITY_OR_PROVINCE Kaduna] [SL:DATE a yau] ],CITY_OR_PROVINCE: Kano $$ CITY_OR_PROVINCE: Kaduna $$ DATE: a yau,hau
travel,book_flight,Or will I get the Azman flight from Kano to Maiduguri in the morning?,"40:44:SL:CITY_OR_PROVINCE,50:59:SL:CITY_OR_PROVINCE,62:66:SL:DATE",[IN:book_flight [SL:CITY_OR_PROVINCE Kano] [SL:CITY_OR_PROVINCE Maiduguri] [SL:DATE jibi] ],CITY_OR_PROVINCE: Kano $$ CITY_OR_PROVINCE: Maiduguri $$ DATE: jibi,hau
travel,book_flight,Or will I catch the Azman flight from Kano to Maiduguri today?,"40:44:SL:CITY_OR_PROVINCE,50:59:SL:CITY_OR_PROVINCE,60:65:SL:DATE",[IN:book_flight [SL:CITY_OR_PROVINCE Kano] [SL:CITY_OR_PROVINCE Maiduguri] [SL:DATE a yau] ],CITY_OR_PROVINCE: Kano $$ CITY_OR_PROVINCE: Maiduguri $$ DATE: a yau,hau
travel,book_flight,"Or will I get a flight from Jos to Bauchi tomorrow for 100,000?","39:42:SL:CITY_OR_PROVINCE,48:54:SL:CITY_OR_PROVINCE,57:61:SL:DATE,67:75:SL:MONEY","[IN:book_flight [SL:CITY_OR_PROVINCE Jos] [SL:CITY_OR_PROVINCE Bauchi] [SL:DATE gobe] [SL:MONEY ₦100,000] ]","CITY_OR_PROVINCE: Jos $$ CITY_OR_PROVINCE: Bauchi $$ DATE: gobe $$ MONEY: ₦100,000",hau
travel,book_flight,"Or can I get a flight from Jos to Maiduguri today for 100,000?","39:42:SL:CITY_OR_PROVINCE,48:57:SL:CITY_OR_PROVINCE,58:63:SL:DATE,69:77:SL:MONEY","[IN:book_flight [SL:CITY_OR_PROVINCE Jos] [SL:CITY_OR_PROVINCE Maiduguri] [SL:DATE a yau] [SL:MONEY ₦100,000] ]","CITY_OR_PROVINCE: Jos $$ CITY_OR_PROVINCE: Maiduguri $$ DATE: a yau $$ MONEY: ₦100,000",hau
travel,book_flight,"Or will I get a flight from Kano to Kaduna tomorrow for less than 100,000?","39:43:SL:CITY_OR_PROVINCE,49:55:SL:CITY_OR_PROVINCE,58:62:SL:DATE,73:81:SL:MONEY","[IN:book_flight [SL:CITY_OR_PROVINCE Kano] [SL:CITY_OR_PROVINCE Kaduna] [SL:DATE gobe] [SL:MONEY ₦100,000] ]","CITY_OR_PROVINCE: Kano $$ CITY_OR_PROVINCE: Kaduna $$ DATE: gobe $$ MONEY: ₦100,000",hau
travel,book_flight,"Or can I get a flight from Yola to Kaduna for less than 100,000?","39:43:SL:CITY_OR_PROVINCE,49:55:SL:CITY_OR_PROVINCE,66:74:SL:MONEY","[IN:book_flight [SL:CITY_OR_PROVINCE Yola] [SL:CITY_OR_PROVINCE Kaduna] [SL:MONEY ₦100,000] ]","CITY_OR_PROVINCE: Yola $$ CITY_OR_PROVINCE: Kaduna $$ MONEY: ₦100,000",hau
travel,book_flight,Can you find me a flight from Kano to Abuja tomorrow?,"36:40:SL:CITY_OR_PROVINCE,46:51:SL:CITY_OR_PROVINCE,54:58:SL:DATE",[IN:book_flight [SL:CITY_OR_PROVINCE Kano] [SL:CITY_OR_PROVINCE Abuja] [SL:DATE gobe] ],CITY_OR_PROVINCE: Kano $$ CITY_OR_PROVINCE: Abuja $$ DATE: gobe,hau
travel,book_flight,Will we get a flight to Lagos tonight?,"21:26:SL:CITY_OR_PROVINCE,27:30:SL:DATE,31:41:SL:TIME",[IN:book_flight [SL:CITY_OR_PROVINCE Lagos] [SL:DATE yau] [SL:TIME da daddare] ],CITY_OR_PROVINCE: Lagos $$ DATE: yau $$ TIME: da daddare,hau
travel,book_flight,Can I get a flight from Kano to Abuja tomorrow?,"33:37:SL:CITY_OR_PROVINCE,43:48:SL:CITY_OR_PROVINCE,51:55:SL:DATE",[IN:book_flight [SL:CITY_OR_PROVINCE Kano] [SL:CITY_OR_PROVINCE Abuja] [SL:DATE gobe] ],CITY_OR_PROVINCE: Kano $$ CITY_OR_PROVINCE: Abuja $$ DATE: gobe,hau
travel,book_flight,IRS flight is going to Dubai directly from Nigeria?,"30:35:SL:CITY_OR_PROVINCE,51:58:SL:COUNTRY",[IN:book_flight [SL:CITY_OR_PROVINCE Dubai] [SL:COUNTRY Nigeria] ],CITY_OR_PROVINCE: Dubai $$ COUNTRY: Nigeria,hau
travel,book_flight,How many flights do they fly on Saturday?,31:43:SL:DATE,[IN:book_flight [SL:DATE ranar Asabar] ],DATE: ranar Asabar,hau
travel,book_flight,How many flights do you have on Wednesdays?,31:43:SL:DATE,[IN:book_flight [SL:DATE ranar Laraba] ],DATE: ranar Laraba,hau
travel,book_flight,How many flights do they have on Monday?,31:44:SL:DATE,[IN:book_flight [SL:DATE ranar Litinin] ],DATE: ranar Litinin,hau
travel,book_flight,Is the Dana air flying from Abia to Kaduna?,"35:39:SL:CITY_OR_PROVINCE,45:51:SL:CITY_OR_PROVINCE",[IN:book_flight [SL:CITY_OR_PROVINCE Abia] [SL:CITY_OR_PROVINCE Kaduna] ],CITY_OR_PROVINCE: Abia $$ CITY_OR_PROVINCE: Kaduna,hau
travel,book_flight,Will I get an Air peace flight from Bauchi to Lagos tomorrow?,"46:52:SL:CITY_OR_PROVINCE,58:63:SL:CITY_OR_PROVINCE,66:70:SL:DATE",[IN:book_flight [SL:CITY_OR_PROVINCE Bauchi] [SL:CITY_OR_PROVINCE Legas] [SL:DATE gobe] ],CITY_OR_PROVINCE: Bauchi $$ CITY_OR_PROVINCE: Legas $$ DATE: gobe,hau
travel,book_flight,Will I get an Airpeace flight from Kano to Kaduna and back?,"56:60:SL:CITY_OR_PROVINCE,66:72:SL:CITY_OR_PROVINCE",[IN:book_flight [SL:CITY_OR_PROVINCE Kano] [SL:CITY_OR_PROVINCE Kaduna] ],CITY_OR_PROVINCE: Kano $$ CITY_OR_PROVINCE: Kaduna,hau
travel,book_flight,Will I get an Airpeace flight from Jos to Kaduna tomorrow?,"45:48:SL:CITY_OR_PROVINCE,54:60:SL:CITY_OR_PROVINCE,63:67:SL:DATE",[IN:book_flight [SL:CITY_OR_PROVINCE Jos] [SL:CITY_OR_PROVINCE Kaduna] [SL:DATE gobe] ],CITY_OR_PROVINCE: Jos $$ CITY_OR_PROVINCE: Kaduna $$ DATE: gobe,hau
travel,book_flight,Will I get an Airpeace flight from Jos to Lagos tomorrow?,"45:48:SL:CITY_OR_PROVINCE,54:59:SL:CITY_OR_PROVINCE,62:66:SL:DATE",[IN:book_flight [SL:CITY_OR_PROVINCE Jos] [SL:CITY_OR_PROVINCE Legas] [SL:DATE gobe] ],CITY_OR_PROVINCE: Jos $$ CITY_OR_PROVINCE: Legas $$ DATE: gobe,hau
travel,book_flight,Will I get the Arik air flight from Sokoto to Kano tomorrow?,"45:51:SL:CITY_OR_PROVINCE,57:61:SL:CITY_OR_PROVINCE,64:68:SL:DATE",[IN:book_flight [SL:CITY_OR_PROVINCE Sokoto] [SL:CITY_OR_PROVINCE Kano] [SL:DATE gobe] ],CITY_OR_PROVINCE: Sokoto $$ CITY_OR_PROVINCE: Kano $$ DATE: gobe,hau
travel,book_flight,Will I get an Arik Air flight on Saturdays?,40:52:SL:DATE,[IN:book_flight [SL:DATE ranan Asabar] ],DATE: ranan Asabar,hau
travel,book_flight,Will I get an Arik Air flight on Saturday afternoon?,"40:52:SL:DATE,56:61:SL:TIME",[IN:book_flight [SL:DATE ranan Asabar] [SL:TIME yamma] ],DATE: ranan Asabar $$ TIME: yamma,hau
travel,book_flight,Will I get an Arik Air flight on Mondays from Jos to Kaduna?,"40:53:SL:DATE,59:62:SL:CITY_OR_PROVINCE,68:74:SL:CITY_OR_PROVINCE",[IN:book_flight [SL:DATE ranan litinin] [SL:CITY_OR_PROVINCE Jos] [SL:CITY_OR_PROVINCE Kaduna] ],DATE: ranan litinin $$ CITY_OR_PROVINCE: Jos $$ CITY_OR_PROVINCE: Kaduna,hau
travel,book_flight,Will I get the Dana air flight from Jos to Kaduna tomorrow?,"45:48:SL:CITY_OR_PROVINCE,54:60:SL:CITY_OR_PROVINCE,63:67:SL:DATE",[IN:book_flight [SL:CITY_OR_PROVINCE Jos] [SL:CITY_OR_PROVINCE Kaduna] [SL:DATE gobe] ],CITY_OR_PROVINCE: Jos $$ CITY_OR_PROVINCE: Kaduna $$ DATE: gobe,hau
travel,book_flight,Will I get the Dana air flight from Sokoto to Kaduna today?,"45:51:SL:CITY_OR_PROVINCE,57:63:SL:CITY_OR_PROVINCE,64:69:SL:DATE",[IN:book_flight [SL:CITY_OR_PROVINCE Sokoto] [SL:CITY_OR_PROVINCE Kaduna] [SL:DATE a yau] ],CITY_OR_PROVINCE: Sokoto $$ CITY_OR_PROVINCE: Kaduna $$ DATE: a yau,hau
travel,book_flight,Help me find the flight Arik air from Zamfara to Kano?,"51:58:SL:CITY_OR_PROVINCE,64:68:SL:CITY_OR_PROVINCE",[IN:book_flight [SL:CITY_OR_PROVINCE Zamfara] [SL:CITY_OR_PROVINCE Kano] ],CITY_OR_PROVINCE: Zamfara $$ CITY_OR_PROVINCE: Kano,hau
travel,book_flight,Help me check the Dana air flight from Zamfara to Adamawa tomorrow?,"51:58:SL:CITY_OR_PROVINCE,64:71:SL:CITY_OR_PROVINCE,74:78:SL:DATE",[IN:book_flight [SL:CITY_OR_PROVINCE Zamfara] [SL:CITY_OR_PROVINCE Adamawa] [SL:DATE gobe] ],CITY_OR_PROVINCE: Zamfara $$ CITY_OR_PROVINCE: Adamawa $$ DATE: gobe,hau
travel,book_flight,Can you book a flight on March 5 from Kano to Lagos?,"31:47:SL:DATE,53:57:SL:CITY_OR_PROVINCE,63:68:SL:CITY_OR_PROVINCE",[IN:book_flight [SL:DATE 5 ga watan Maris] [SL:CITY_OR_PROVINCE Kano] [SL:CITY_OR_PROVINCE Legas] ],DATE: 5 ga watan Maris $$ CITY_OR_PROVINCE: Kano $$ CITY_OR_PROVINCE: Legas,hau
travel,book_flight,Can you book a flight for me from Kano to Abuja tomorrow?,"35:39:SL:CITY_OR_PROVINCE,45:50:SL:CITY_OR_PROVINCE,53:57:SL:DATE",[IN:book_flight [SL:CITY_OR_PROVINCE Kano] [SL:CITY_OR_PROVINCE Abuja] [SL:DATE gobe] ],CITY_OR_PROVINCE: Kano $$ CITY_OR_PROVINCE: Abuja $$ DATE: gobe,hau
travel,book_flight,Can I get a flight from Kano to Ghana on the 4th of the month?,"29:33:SL:CITY_OR_PROVINCE,39:44:SL:COUNTRY,47:62:SL:DATE",[IN:book_flight [SL:CITY_OR_PROVINCE Kano] [SL:COUNTRY Ghana] [SL:DATE ranar 4 ga wata] ],CITY_OR_PROVINCE: Kano $$ COUNTRY: Ghana $$ DATE: ranar 4 ga wata,hau
travel,book_flight,Please check for me the flight from Zamfara to Abuja on Sunday,"46:53:SL:CITY_OR_PROVINCE,59:64:SL:CITY_OR_PROVINCE,65:77:SL:DATE",[IN:book_flight [SL:CITY_OR_PROVINCE Zamfara] [SL:CITY_OR_PROVINCE Abuja] [SL:DATE ranar Lahadi] ],CITY_OR_PROVINCE: Zamfara $$ CITY_OR_PROVINCE: Abuja $$ DATE: ranar Lahadi,hau
travel,book_flight,"Tell me the flights from Lagos to Abuja on Saturday for less than 190,000?","37:42:SL:CITY_OR_PROVINCE,48:53:SL:CITY_OR_PROVINCE,54:66:SL:DATE,77:85:SL:MONEY","[IN:book_flight [SL:CITY_OR_PROVINCE Legas] [SL:CITY_OR_PROVINCE Abuja] [SL:DATE ranar Asabar] [SL:MONEY ₦190,000] ]","CITY_OR_PROVINCE: Legas $$ CITY_OR_PROVINCE: Abuja $$ DATE: ranar Asabar $$ MONEY: ₦190,000",hau
travel,book_flight,"I want a flight from Jigawa to Jos, can I get one?","19:25:SL:CITY_OR_PROVINCE,31:34:SL:CITY_OR_PROVINCE",[IN:book_flight [SL:CITY_OR_PROVINCE Jigawa] [SL:CITY_OR_PROVINCE Jos] ],CITY_OR_PROVINCE: Jigawa $$ CITY_OR_PROVINCE: Jos,hau
travel,book_flight,Or will I get a round trip flight from Kano to Lagos today?,"44:48:SL:CITY_OR_PROVINCE,54:59:SL:CITY_OR_PROVINCE,60:65:SL:DATE",[IN:book_flight [SL:CITY_OR_PROVINCE Kano] [SL:CITY_OR_PROVINCE Legas] [SL:DATE a yau] ],CITY_OR_PROVINCE: Kano $$ CITY_OR_PROVINCE: Legas $$ DATE: a yau,hau
travel,book_flight,Get me a flight from Abuja to Kano,"20:25:SL:CITY_OR_PROVINCE,31:35:SL:CITY_OR_PROVINCE",[IN:book_flight [SL:CITY_OR_PROVINCE Abuja] [SL:CITY_OR_PROVINCE Kano] ],CITY_OR_PROVINCE: Abuja $$ CITY_OR_PROVINCE: Kano,hau
travel,book_flight,Will I get a cheap flight to Kano?,35:39:SL:CITY_OR_PROVINCE,[IN:book_flight [SL:CITY_OR_PROVINCE Kano] ],CITY_OR_PROVINCE: Kano,hau
travel,book_flight,Help me book the Dana air flight from Zamfara to Niger tomorrow?,"51:58:SL:CITY_OR_PROVINCE,64:69:SL:COUNTRY,72:76:SL:DATE",[IN:book_flight [SL:CITY_OR_PROVINCE Zamfara] [SL:COUNTRY Nijar] [SL:DATE gobe] ],CITY_OR_PROVINCE: Zamfara $$ COUNTRY: Nijar $$ DATE: gobe,hau
travel,book_flight,Will I travel from Anambra to Kano on May 10?,"19:26:SL:CITY_OR_PROVINCE,32:36:SL:CITY_OR_PROVINCE,39:55:SL:DATE",[IN:book_flight [SL:CITY_OR_PROVINCE Anambra] [SL:CITY_OR_PROVINCE Kano] [SL:DATE ranar 10 ga Mayu] ],CITY_OR_PROVINCE: Anambra $$ CITY_OR_PROVINCE: Kano $$ DATE: ranar 10 ga Mayu,hau
travel,book_hotel,is it possible to pay for a room via POS at Dan-Makanan Hotel?,"14:24:SL:BILL_TYPE,34:53:SL:HOTEL_NAME",[IN:book_hotel [SL:BILL_TYPE kuɗin daki] [SL:HOTEL_NAME otal ɗin Dan-masara] ],BILL_TYPE: kuɗin daki $$ HOTEL_NAME: otal ɗin Dan-masara,hau
travel,book_hotel,are there cheap hotels available in Jos?,26:29:SL:CITY_OR_PROVINCE,[IN:book_hotel [SL:CITY_OR_PROVINCE Jos] ],CITY_OR_PROVINCE: Jos,hau
travel,book_hotel,Kebbi state has expensive hotels?,6:11:SL:CITY_OR_PROVINCE,[IN:book_hotel [SL:CITY_OR_PROVINCE Kebbi] ],CITY_OR_PROVINCE: Kebbi,hau
travel,book_hotel,booked a room at Balangu Hotel,16:32:SL:HOTEL_NAME,[IN:book_hotel [SL:HOTEL_NAME otal ɗin Balangu] ],HOTEL_NAME: otal ɗin Balangu,hau
travel,book_hotel,how much is a small room in a hotel in Zaria?,29:43:SL:HOTEL_NAME,[IN:book_hotel [SL:HOTEL_NAME otal ɗin Zaria] ],HOTEL_NAME: otal ɗin Zaria,hau
travel,book_hotel,how much does the Giginyu hotel offer for a large room?,5:21:SL:HOTEL_NAME,[IN:book_hotel [SL:HOTEL_NAME otal ɗin Giginyu] ],HOTEL_NAME: otal ɗin Giginyu,hau
travel,book_hotel,Egyptian hotels with large rooms?,0:19:SL:HOTEL_NAME,[IN:book_hotel [SL:HOTEL_NAME otal ɗin Dan-masara] ],HOTEL_NAME: otal ɗin Dan-masara,hau
travel,book_hotel,Ginger hotels offer discounts if you pay for a room for a week in advance?,"0:17:SL:HOTEL_NAME,47:57:SL:BILL_TYPE,61:70:SL:DATE",[IN:book_hotel [SL:HOTEL_NAME otal ɗin Ginginya] [SL:BILL_TYPE kuɗin ɗaki] [SL:DATE sati guda] ],HOTEL_NAME: otal ɗin Ginginya $$ BILL_TYPE: kuɗin ɗaki $$ DATE: sati guda,hau
travel,book_hotel,how many hotels are in Kebbi city?,21:33:SL:CITY_OR_PROVINCE,[IN:book_hotel [SL:CITY_OR_PROVINCE birnin Kebbi] ],CITY_OR_PROVINCE: birnin Kebbi,hau
travel,book_hotel,How do I know the rooms in this hotel are safe?,,[IN:book_hotel ],,hau
travel,book_hotel,how can I find a good hotel in Kebbi city?,30:42:SL:CITY_OR_PROVINCE,[IN:book_hotel [SL:CITY_OR_PROVINCE birnin Kebbi] ],CITY_OR_PROVINCE: birnin Kebbi,hau
travel,book_hotel,how can I find the best hotel in Kebbi?,36:41:SL:CITY_OR_PROVINCE,[IN:book_hotel [SL:CITY_OR_PROVINCE Kebbi] ],CITY_OR_PROVINCE: Kebbi,hau
travel,book_hotel,which room is the cheapest in Balangu hotel rooms?,34:50:SL:HOTEL_NAME,[IN:book_hotel [SL:HOTEL_NAME otal ɗin Balangu] ],HOTEL_NAME: otal ɗin Balangu,hau
travel,book_hotel,which room is the cheapest in Zaria hotel?,31:45:SL:HOTEL_NAME,[IN:book_hotel [SL:HOTEL_NAME otal ɗin Zaria] ],HOTEL_NAME: otal ɗin Zaria,hau
travel,book_hotel,"I'm sorry, but I'm not sure if I can get a small room for 5 days at the Shahuci Hotel.","26:33:SL:DATE,36:52:SL:HOTEL_NAME",[IN:book_hotel [SL:DATE kwana 5] [SL:HOTEL_NAME otal ɗin Shahuci] ],DATE: kwana 5 $$ HOTEL_NAME: otal ɗin Shahuci,hau
travel,book_hotel,I'll get a small room for a week at the Zunnurain Hotel?,"32:41:SL:DATE,45:63:SL:HOTEL_NAME",[IN:book_hotel [SL:DATE sati ɗaya] [SL:HOTEL_NAME otal ɗin Zunnurain] ],DATE: sati ɗaya $$ HOTEL_NAME: otal ɗin Zunnurain,hau
travel,book_hotel,in this part of town where the Danbare hotel is?,28:44:SL:HOTEL_NAME,[IN:book_hotel [SL:HOTEL_NAME otal ɗin Danbare] ],HOTEL_NAME: otal ɗin Danbare,hau
travel,book_hotel,is there a family room at the Zunnurain Hotel?,27:45:SL:HOTEL_NAME,[IN:book_hotel [SL:HOTEL_NAME otal ɗin Zunnurain] ],HOTEL_NAME: otal ɗin Zunnurain,hau
travel,book_hotel,is there a hotel that can accommodate 100 people in Katsina?,"31:34:SL:NUMBER,37:44:SL:CITY_OR_PROVINCE",[IN:book_hotel [SL:NUMBER 100] [SL:CITY_OR_PROVINCE Katsina] ],NUMBER: 100 $$ CITY_OR_PROVINCE: Katsina,hau
travel,book_hotel,Are there good hotels in Jigawa?,27:33:SL:CITY_OR_PROVINCE,[IN:book_hotel [SL:CITY_OR_PROVINCE Jigawa] ],CITY_OR_PROVINCE: Jigawa,hau
travel,book_hotel,Please book me a cheap room at Zunnur Hotel,39:54:SL:HOTEL_NAME,[IN:book_hotel [SL:HOTEL_NAME otal ɗin Zunnur] ],HOTEL_NAME: otal ɗin Zunnur,hau
travel,book_hotel,the roof of the best hotel in Kano,33:37:SL:CITY_OR_PROVINCE,[IN:book_hotel [SL:CITY_OR_PROVINCE Kano] ],CITY_OR_PROVINCE: Kano,hau
travel,book_hotel,collapse of the most expensive hotel in Abuja,34:39:SL:CITY_OR_PROVINCE,[IN:book_hotel [SL:CITY_OR_PROVINCE Abuja] ],CITY_OR_PROVINCE: Abuja,hau
travel,book_hotel,the collapse of the most beautiful hotel in Zamfara,36:43:SL:CITY_OR_PROVINCE,[IN:book_hotel [SL:CITY_OR_PROVINCE Zamfara] ],CITY_OR_PROVINCE: Zamfara,hau
travel,book_hotel,collapse of the largest hotel in Gusau,40:45:SL:CITY_OR_PROVINCE,[IN:book_hotel [SL:CITY_OR_PROVINCE Gusau] ],CITY_OR_PROVINCE: Gusau,hau
travel,book_hotel,the hotel expansion which can accommodate 20 guests from 10 to 12 may,"46:48:SL:NUMBER,49:78:SL:DATE",[IN:book_hotel [SL:NUMBER 20] [SL:DATE daga 10 zuwa 12 ga watan mayu] ],NUMBER: 20 $$ DATE: daga 10 zuwa 12 ga watan mayu,hau
travel,book_hotel,the cheapest hotel in Jigawa,26:32:SL:CITY_OR_PROVINCE,[IN:book_hotel [SL:CITY_OR_PROVINCE Jigawa] ],CITY_OR_PROVINCE: Jigawa,hau
travel,book_hotel,the best hotel in Kaduna,25:31:SL:CITY_OR_PROVINCE,[IN:book_hotel [SL:CITY_OR_PROVINCE Kaduna] ],CITY_OR_PROVINCE: Kaduna,hau
travel,book_hotel,Where can I find a cheap hotel in Kano?,31:35:SL:CITY_OR_PROVINCE,[IN:book_hotel [SL:CITY_OR_PROVINCE Kano] ],CITY_OR_PROVINCE: Kano,hau
travel,book_hotel,I would like you to book a room for me at Dausayi Hotel from April 2 to 4.,"26:42:SL:HOTEL_NAME,43:72:SL:DATE",[IN:book_hotel [SL:HOTEL_NAME otal ɗin Dausayi] [SL:DATE daga 2 zuwa 4 ga watan afrilu] ],HOTEL_NAME: otal ɗin Dausayi $$ DATE: daga 2 zuwa 4 ga watan afrilu,hau
travel,book_hotel,booked us a double room at the RedStar Hotel,36:52:SL:HOTEL_NAME,[IN:book_hotel [SL:HOTEL_NAME otal ɗin RedStar] ],HOTEL_NAME: otal ɗin RedStar,hau
travel,book_hotel,booked 3 rooms at Danbare hotel for 5 days,"14:15:SL:NUMBER,18:34:SL:HOTEL_NAME,38:49:SL:DATE",[IN:book_hotel [SL:NUMBER 3] [SL:HOTEL_NAME otal din Danbare] [SL:DATE kwana biyar] ],NUMBER: 3 $$ HOTEL_NAME: otal din Danbare $$ DATE: kwana biyar,hau
travel,book_hotel,booked 2 rooms at the hotel Danbare,"14:15:SL:NUMBER,18:34:SL:HOTEL_NAME",[IN:book_hotel [SL:NUMBER 2] [SL:HOTEL_NAME otal ɗin Danbare] ],NUMBER: 2 $$ HOTEL_NAME: otal ɗin Danbare,hau
travel,book_hotel,booked a room at RedStar from May 7 to 9,"16:23:SL:HOTEL_NAME,29:57:SL:DATE",[IN:book_hotel [SL:HOTEL_NAME RedStar] [SL:DATE ranar 7 zuwa 9 ga watan mayu] ],HOTEL_NAME: RedStar $$ DATE: ranar 7 zuwa 9 ga watan mayu,hau
travel,book_hotel,I booked ten rooms at the Giginya Hotel in Sokoto,"16:18:SL:NUMBER,21:37:SL:HOTEL_NAME,44:50:SL:CITY_OR_PROVINCE",[IN:book_hotel [SL:NUMBER 10] [SL:HOTEL_NAME otal ɗin Giginya] [SL:CITY_OR_PROVINCE Sokoto] ],NUMBER: 10 $$ HOTEL_NAME: otal ɗin Giginya $$ CITY_OR_PROVINCE: Sokoto,hau
travel,book_hotel,how much is a room at the Zam-Zam Hotel?,21:37:SL:HOTEL_NAME,[IN:book_hotel [SL:HOTEL_NAME otal ɗin Zam-Zam] ],HOTEL_NAME: otal ɗin Zam-Zam,hau
travel,book_hotel,how much is a room booking at Zunnur Hotel?,21:36:SL:HOTEL_NAME,[IN:book_hotel [SL:HOTEL_NAME otal ɗin Zunnur] ],HOTEL_NAME: otal ɗin Zunnur,hau
travel,book_hotel,how much is a room at the Zam-Zam Hotel?,20:36:SL:HOTEL_NAME,[IN:book_hotel [SL:HOTEL_NAME otal ɗin Zam-Zam] ],HOTEL_NAME: otal ɗin Zam-Zam,hau
travel,book_hotel,find me a good hotel in Jigawa,26:32:SL:CITY_OR_PROVINCE,[IN:book_hotel [SL:CITY_OR_PROVINCE Jigawa] ],CITY_OR_PROVINCE: Jigawa,hau
travel,book_hotel,find me a well-known hotel in Kano city,43:47:SL:CITY_OR_PROVINCE,[IN:book_hotel [SL:CITY_OR_PROVINCE Kano] ],CITY_OR_PROVINCE: Kano,hau
travel,book_hotel,find me a clean hotel in Jigawa,27:33:SL:CITY_OR_PROVINCE,[IN:book_hotel [SL:CITY_OR_PROVINCE Jigawa] ],CITY_OR_PROVINCE: Jigawa,hau
travel,book_hotel,does the hotel Danbare have large rooms?,0:16:SL:HOTEL_NAME,[IN:book_hotel [SL:HOTEL_NAME otal ɗin Danbare] ],HOTEL_NAME: otal ɗin Danbare,hau
travel,book_hotel,is the RedStar hotel a good place to stay?,9:16:SL:HOTEL_NAME,[IN:book_hotel [SL:HOTEL_NAME RedStar] ],HOTEL_NAME: RedStar,hau
travel,book_hotel,is the Zam-Zam hotel getting a good review from its guests?,0:16:SL:HOTEL_NAME,[IN:book_hotel [SL:HOTEL_NAME otal ɗin Zam-Zam] ],HOTEL_NAME: otal ɗin Zam-Zam,hau
travel,book_hotel,provide me with a hotel on the river in Kano,34:38:SL:CITY_OR_PROVINCE,[IN:book_hotel [SL:CITY_OR_PROVINCE Kano] ],CITY_OR_PROVINCE: Kano,hau
travel,book_hotel,"between the Danbare and Zaria hotels, which one should I stay at?","9:25:SL:HOTEL_NAME,32:37:SL:CITY_OR_PROVINCE",[IN:book_hotel [SL:HOTEL_NAME otal din Danbare] [SL:CITY_OR_PROVINCE Zaria] ],HOTEL_NAME: otal din Danbare $$ CITY_OR_PROVINCE: Zaria,hau
travel,book_hotel,what are the best hotels in lagos?,28:33:SL:CITY_OR_PROVINCE,[IN:book_hotel [SL:CITY_OR_PROVINCE legas] ],CITY_OR_PROVINCE: legas,hau
travel,book_hotel,which room is the most expensive hotel in Zaria?,27:41:SL:HOTEL_NAME,[IN:book_hotel [SL:HOTEL_NAME otal ɗin Zaria] ],HOTEL_NAME: otal ɗin Zaria,hau
travel,book_hotel,which hotel should we stay in Jigawa?,33:39:SL:CITY_OR_PROVINCE,[IN:book_hotel [SL:CITY_OR_PROVINCE Jigawa] ],CITY_OR_PROVINCE: Jigawa,hau
travel,book_hotel,what kind of praise do guests have for the hotel Danbare?,27:43:SL:HOTEL_NAME,[IN:book_hotel [SL:HOTEL_NAME otal din Danbare] ],HOTEL_NAME: otal din Danbare,hau
travel,book_hotel,what kind of praise do people give to the hotel Zaria?,31:45:SL:HOTEL_NAME,[IN:book_hotel [SL:HOTEL_NAME otal din Zaria] ],HOTEL_NAME: otal din Zaria,hau
travel,book_hotel,which hotel is the most booked in Kano?,35:39:SL:CITY_OR_PROVINCE,[IN:book_hotel [SL:CITY_OR_PROVINCE Kano] ],CITY_OR_PROVINCE: Kano,hau
travel,book_hotel,which hotel is the most popular to stay in Jigawa?,39:45:SL:CITY_OR_PROVINCE,[IN:book_hotel [SL:CITY_OR_PROVINCE Jigawa] ],CITY_OR_PROVINCE: Jigawa,hau
travel,book_hotel,which hotel in Kano is the best?,16:20:SL:CITY_OR_PROVINCE,[IN:book_hotel [SL:CITY_OR_PROVINCE Kano] ],CITY_OR_PROVINCE: Kano,hau
travel,book_hotel,which hotel is the most praised in Jigawa,32:38:SL:CITY_OR_PROVINCE,[IN:book_hotel [SL:CITY_OR_PROVINCE Jigawa] ],CITY_OR_PROVINCE: Jigawa,hau
travel,book_hotel,which is the cheapest hotel in Gusau?,28:33:SL:CITY_OR_PROVINCE,[IN:book_hotel [SL:CITY_OR_PROVINCE Gusau] ],CITY_OR_PROVINCE: Gusau,hau
travel,book_hotel,which is the cheapest hotel in Sokoto?,27:33:SL:CITY_OR_PROVINCE,[IN:book_hotel [SL:CITY_OR_PROVINCE Sokoto] ],CITY_OR_PROVINCE: Sokoto,hau
travel,book_hotel,which is the cleanest hotel in Kano?,41:45:SL:CITY_OR_PROVINCE,[IN:book_hotel [SL:CITY_OR_PROVINCE Kano] ],CITY_OR_PROVINCE: Kano,hau
travel,book_hotel,which is the most expensive hotel in Kaduna?,24:30:SL:CITY_OR_PROVINCE,[IN:book_hotel [SL:CITY_OR_PROVINCE Kaduna] ],CITY_OR_PROVINCE: Kaduna,hau
travel,book_hotel,which hotel in Kano can a man stay with his family?,16:20:SL:CITY_OR_PROVINCE,[IN:book_hotel [SL:CITY_OR_PROVINCE Kano] ],CITY_OR_PROVINCE: Kano,hau
travel,book_hotel,is your hotel booking online?,,[IN:book_hotel ],,hau
travel,book_hotel,booking a room at the Zam-Zam Hotel?,19:35:SL:HOTEL_NAME,[IN:book_hotel [SL:HOTEL_NAME otal ɗin Zam-Zam] ],HOTEL_NAME: otal ɗin Zam-Zam,hau
travel,book_hotel,is there room available at Danbare hotel from 5th to 10th October?,"21:37:SL:HOTEL_NAME,38:74:SL:DATE",[IN:book_hotel [SL:HOTEL_NAME otal din Danbare] [SL:DATE daga ranar 5 zuwa 10 ga watan oktoba] ],HOTEL_NAME: otal din Danbare $$ DATE: daga ranar 5 zuwa 10 ga watan oktoba,hau
travel,book_hotel,can we book five rooms in Zam-Zam hotel for 3 days?,"28:40:SL:HOTEL_NAME,44:51:SL:DATE",[IN:book_hotel [SL:HOTEL_NAME Zam-Zam otal] [SL:DATE kwana 3] ],HOTEL_NAME: Zam-Zam otal $$ DATE: kwana 3,hau
travel,book_hotel,When should I book a room at Zaria hotel for 6 days?,"20:34:SL:HOTEL_NAME,38:45:SL:DATE",[IN:book_hotel [SL:HOTEL_NAME otal ɗin Zaria] [SL:DATE kwana 6] ],HOTEL_NAME: otal ɗin Zaria $$ DATE: kwana 6,hau
travel,book_hotel,can I book a room at Dausayi Hotel from 3rd to 7th of March?,"20:36:SL:HOTEL_NAME,37:65:SL:DATE",[IN:book_hotel [SL:HOTEL_NAME otal ɗin Dausayi] [SL:DATE daga 3 zuwa 7 ga watan maris] ],HOTEL_NAME: otal ɗin Dausayi $$ DATE: daga 3 zuwa 7 ga watan maris,hau
travel,book_hotel,can I book a room at RedStar Hotel for 2 days?,"20:36:SL:HOTEL_NAME,40:47:SL:DATE",[IN:book_hotel [SL:HOTEL_NAME otal ɗin RedStar] [SL:DATE kwana 2] ],HOTEL_NAME: otal ɗin RedStar $$ DATE: kwana 2,hau
travel,book_hotel,Can I book a small room at the RedStar Hotel?,28:44:SL:HOTEL_NAME,[IN:book_hotel [SL:HOTEL_NAME otal ɗin RedStar] ],HOTEL_NAME: otal ɗin RedStar,hau
travel,book_hotel,can I get a room for 2 people at Zunnurain Hotel?,"36:37:SL:NUMBER,40:58:SL:HOTEL_NAME",[IN:book_hotel [SL:NUMBER 2] [SL:HOTEL_NAME otal ɗin Zunnurain] ],NUMBER: 2 $$ HOTEL_NAME: otal ɗin Zunnurain,hau
travel,book_hotel,I wonder how many rooms are unbooked in the RedStar Hotel?,43:59:SL:HOTEL_NAME,[IN:book_hotel [SL:HOTEL_NAME otal ɗin RedStar] ],HOTEL_NAME: otal ɗin RedStar,hau
travel,book_hotel,I will get a room in Giginya Hotel for 2 people.,"16:32:SL:HOTEL_NAME,50:51:SL:NUMBER",[IN:book_hotel [SL:HOTEL_NAME otal din Giginya] [SL:NUMBER 2] ],HOTEL_NAME: otal din Giginya $$ NUMBER: 2,hau
travel,book_hotel,will I have a room at the Zam-Zam Hotel on Monday?,"16:32:SL:HOTEL_NAME,33:46:SL:DATE",[IN:book_hotel [SL:HOTEL_NAME otal ɗin Zam-Zam] [SL:DATE ranar litinin] ],HOTEL_NAME: otal ɗin Zam-Zam $$ DATE: ranar litinin,hau
travel,book_hotel,booked a room for 2 to 4 people at the Giginyu Hotel,"28:29:SL:NUMBER,35:36:SL:NUMBER,39:55:SL:HOTEL_NAME",[IN:book_hotel [SL:NUMBER 2] [SL:NUMBER 4] [SL:HOTEL_NAME otal ɗin Giginyu] ],NUMBER: 2 $$ NUMBER: 4 $$ HOTEL_NAME: otal ɗin Giginyu,hau
travel,book_hotel,is the Giginyu hotel getting a good review?,0:16:SL:HOTEL_NAME,[IN:book_hotel [SL:HOTEL_NAME otal ɗin Giginyu] ],HOTEL_NAME: otal ɗin Giginyu,hau
travel,book_hotel,which hotel in Jigawa is on a cliff?,16:22:SL:CITY_OR_PROVINCE,[IN:book_hotel [SL:CITY_OR_PROVINCE Jigawa] ],CITY_OR_PROVINCE: Jigawa,hau
travel,book_hotel,which hotel should I stay in if I go to Riverside?,40:44:SL:CITY_OR_PROVINCE,[IN:book_hotel [SL:CITY_OR_PROVINCE Kogi] ],CITY_OR_PROVINCE: Kogi,hau
travel,book_hotel,can I get 5 rooms at the Zaria Bridge Hotel from 2nd to 7th May?,"19:20:SL:NUMBER,23:37:SL:HOTEL_NAME,43:71:SL:DATE",[IN:book_hotel [SL:NUMBER 5] [SL:HOTEL_NAME otal din Zaria] [SL:DATE ranar 2 zuwa 7 ga watan mayu] ],NUMBER: 5 $$ HOTEL_NAME: otal din Zaria $$ DATE: ranar 2 zuwa 7 ga watan mayu,hau
travel,book_hotel,Can I get a room at the Giginyu Hotel from September 3 to 6?,"21:37:SL:HOTEL_NAME,38:74:SL:DATE",[IN:book_hotel [SL:HOTEL_NAME otal din Giginyu] [SL:DATE daga ranar 3 zuwa 6 ga watan satumba] ],HOTEL_NAME: otal din Giginyu $$ DATE: daga ranar 3 zuwa 6 ga watan satumba,hau
travel,book_hotel,I'll get a room at the Giginyu Hotel for 2 days?,"16:32:SL:HOTEL_NAME,36:43:SL:DATE",[IN:book_hotel [SL:HOTEL_NAME otal ɗin Giginyu] [SL:DATE kwana 2] ],HOTEL_NAME: otal ɗin Giginyu $$ DATE: kwana 2,hau
travel,book_hotel,will I find a beach hotel in Kano?,32:36:SL:CITY_OR_PROVINCE,[IN:book_hotel [SL:CITY_OR_PROVINCE Kano] ],CITY_OR_PROVINCE: Kano,hau
travel,car_rental,How can I rent a Toyota this weekend?,40:52:SL:DATE,[IN:car_rental [SL:DATE wannan satin] ],DATE: wannan satin,hau
travel,car_rental,Is there any way I can get a Toyota rental car?,,[IN:car_rental ],,hau
travel,car_rental,Dear God I need help to get a Toyota car in the city,,[IN:car_rental ],,hau
travel,car_rental,God help me and rent a Honda car.,,[IN:car_rental ],,hau
travel,car_rental,Dear God can you help me to find a Toyota rental car,,[IN:car_rental ],,hau
travel,car_rental,"See in Bauchi, I need to rent a car for God",7:13:SL:CITY_OR_PROVINCE,[IN:car_rental [SL:CITY_OR_PROVINCE Bauchi] ],CITY_OR_PROVINCE: Bauchi,hau
travel,car_rental,"See at the railway station of Rigasa, I need to rent a car for God",28:34:SL:CITY_OR_PROVINCE,[IN:car_rental [SL:CITY_OR_PROVINCE Rigasa] ],CITY_OR_PROVINCE: Rigasa,hau
travel,car_rental,"See in Kaduna, I need to rent a car for God",7:13:SL:CITY_OR_PROVINCE,[IN:car_rental [SL:CITY_OR_PROVINCE Kaduna] ],CITY_OR_PROVINCE: Kaduna,hau
travel,car_rental,"See in Kano, I need to rent a car for God",7:11:SL:CITY_OR_PROVINCE,[IN:car_rental [SL:CITY_OR_PROVINCE Kano] ],CITY_OR_PROVINCE: Kano,hau
travel,car_rental,where is the cheapest car rental in town?,,[IN:car_rental ],,hau
travel,car_rental,Can you show me where to rent a Toyota in town?,,[IN:car_rental ],,hau
travel,car_rental,Can you show me where to rent a car in Jos at a low price?,47:50:SL:CITY_OR_PROVINCE,[IN:car_rental [SL:CITY_OR_PROVINCE Jos] ],CITY_OR_PROVINCE: Jos,hau
travel,car_rental,How can I get a Toyota rental car?,,[IN:car_rental ],,hau
travel,car_rental,Could you direct me to a car rental in town?,,[IN:car_rental ],,hau
travel,car_rental,Can you help me with a Toyota rental car for my trip to Ajingi?,67:73:SL:CITY_OR_PROVINCE,[IN:car_rental [SL:CITY_OR_PROVINCE Ajingi] ],CITY_OR_PROVINCE: Ajingi,hau
travel,car_rental,Is it possible for me to get a Toyota rental car?,,[IN:car_rental ],,hau
travel,car_rental,How can I get a car for rent this week?,27:39:SL:DATE,[IN:car_rental [SL:DATE wannan makon] ],DATE: wannan makon,hau
travel,car_rental,Where can I get a car for rent this weekend?,27:39:SL:DATE,[IN:car_rental [SL:DATE wannan satin] ],DATE: wannan satin,hau
travel,car_rental,How can I get a car rental this month?,27:39:SL:DATE,[IN:car_rental [SL:DATE wannan watan] ],DATE: wannan watan,hau
travel,car_rental,How can I get a rental car in Jos?,27:30:SL:CITY_OR_PROVINCE,[IN:car_rental [SL:CITY_OR_PROVINCE Jos] ],CITY_OR_PROVINCE: Jos,hau
travel,car_rental,How can I get a rental car in Kaduna?,27:33:SL:CITY_OR_PROVINCE,[IN:car_rental [SL:CITY_OR_PROVINCE Kaduna] ],CITY_OR_PROVINCE: Kaduna,hau
travel,car_rental,How can I get a rental car in Zaria?,27:32:SL:CITY_OR_PROVINCE,[IN:car_rental [SL:CITY_OR_PROVINCE Zaria] ],CITY_OR_PROVINCE: Zaria,hau
travel,car_rental,Please help me with a rental car,,[IN:car_rental ],,hau
travel,car_rental,Please help me with a rental car here,,[IN:car_rental ],,hau
travel,car_rental,Please help me with 6 days car rental,40:47:SL:DATE,[IN:car_rental [SL:DATE kwana 6] ],DATE: kwana 6,hau
travel,car_rental,Dear God Bello please help me with renting a Honda car.,10:15:SL:PERSONAL_NAME,[IN:car_rental [SL:PERSONAL_NAME Bello] ],PERSONAL_NAME: Bello,hau
travel,car_rental,I need help to get a rental car in the city,,[IN:car_rental ],,hau
travel,car_rental,God's people can you help me with cheap car hire?,,[IN:car_rental ],,hau
travel,car_rental,"Dear God, can you help me with the rent of a car for three weeks?",45:53:SL:DATE,[IN:car_rental [SL:DATE sati uku] ],DATE: sati uku,hau
travel,car_rental,Son of God can you help me with car hire?,,[IN:car_rental ],,hau
travel,car_rental,See if I can rent a car in Bichi for two weeks,"33:38:SL:CITY_OR_PROVINCE,42:51:SL:DATE",[IN:car_rental [SL:CITY_OR_PROVINCE Bichi] [SL:DATE sati biyu] ],CITY_OR_PROVINCE: Bichi $$ DATE: sati biyu,hau
travel,car_rental,Check if I can rent a car in Hotoro for two weeks,"33:39:SL:CITY_OR_PROVINCE,43:52:SL:DATE",[IN:car_rental [SL:CITY_OR_PROVINCE Hotoro] [SL:DATE sati biyu] ],CITY_OR_PROVINCE: Hotoro $$ DATE: sati biyu,hau
travel,car_rental,Check if I can rent a car in Kaduna for three weeks,"33:39:SL:CITY_OR_PROVINCE,43:51:SL:DATE",[IN:car_rental [SL:CITY_OR_PROVINCE Kaduna] [SL:DATE sati uku] ],CITY_OR_PROVINCE: Kaduna $$ DATE: sati uku,hau
travel,car_rental,I need to rent a car for God,,[IN:car_rental ],,hau
travel,car_rental,"I need to rent a car today, is that possible?",23:26:SL:DATE,[IN:car_rental [SL:DATE yau] ],DATE: yau,hau
travel,car_rental,"I need to rent a car in Kaduna, how can I get it?",31:37:SL:CITY_OR_PROVINCE,[IN:car_rental [SL:CITY_OR_PROVINCE Kaduna] ],CITY_OR_PROVINCE: Kaduna,hau
travel,car_rental,"I need to rent a car in Kano, how can I get it?",31:35:SL:CITY_OR_PROVINCE,[IN:car_rental [SL:CITY_OR_PROVINCE Kano] ],CITY_OR_PROVINCE: Kano,hau
travel,car_rental,"I need to rent a car in Kano, how do I start?",31:35:SL:CITY_OR_PROVINCE,[IN:car_rental [SL:CITY_OR_PROVINCE Kano] ],CITY_OR_PROVINCE: Kano,hau
travel,car_rental,I need help to get a rental car in the city,,[IN:car_rental ],,hau
travel,car_rental,I need help to get a rental car in Kaduna city,51:57:SL:CITY_OR_PROVINCE,[IN:car_rental [SL:CITY_OR_PROVINCE Kaduna] ],CITY_OR_PROVINCE: Kaduna,hau
travel,car_rental,Please help me to find a rental car,,[IN:car_rental ],,hau
travel,car_rental,Help me to get a rental car today,34:39:SL:DATE,[IN:car_rental [SL:DATE a yau] ],DATE: a yau,hau
travel,car_rental,Help me to find cheap car rental,,[IN:car_rental ],,hau
travel,car_rental,God help me with a rental car in Abuja for three weeks,"39:44:SL:CITY_OR_PROVINCE,48:56:SL:DATE",[IN:car_rental [SL:CITY_OR_PROVINCE Abuja] [SL:DATE sati uku] ],CITY_OR_PROVINCE: Abuja $$ DATE: sati uku,hau
travel,car_rental,Show me how to rent a car in Kaduna,32:38:SL:CITY_OR_PROVINCE,[IN:car_rental [SL:CITY_OR_PROVINCE Kaduna] ],CITY_OR_PROVINCE: Kaduna,hau
travel,car_rental,Show me how to rent a car in Zamfara,32:39:SL:CITY_OR_PROVINCE,[IN:car_rental [SL:CITY_OR_PROVINCE Zamfara] ],CITY_OR_PROVINCE: Zamfara,hau
travel,car_rental,Show me how to rent a car in Zaria,32:37:SL:CITY_OR_PROVINCE,[IN:car_rental [SL:CITY_OR_PROVINCE Zaria] ],CITY_OR_PROVINCE: Zaria,hau
travel,car_rental,Is it possible to rent a car from Aminu Kano airport to the city?,,[IN:car_rental ],,hau
travel,car_rental,Help me with reliable car rental in Kano city,51:55:SL:CITY_OR_PROVINCE,[IN:car_rental [SL:CITY_OR_PROVINCE Kano] ],CITY_OR_PROVINCE: Kano,hau
travel,car_rental,Help me with reliable car rental in Kaduna,45:51:SL:CITY_OR_PROVINCE,[IN:car_rental [SL:CITY_OR_PROVINCE Kaduna] ],CITY_OR_PROVINCE: Kaduna,hau
travel,car_rental,Help me with reliable car rental in Kano,45:49:SL:CITY_OR_PROVINCE,[IN:car_rental [SL:CITY_OR_PROVINCE Kano] ],CITY_OR_PROVINCE: Kano,hau
travel,car_rental,Help me with car rental in Bichi,40:45:SL:CITY_OR_PROVINCE,[IN:car_rental [SL:CITY_OR_PROVINCE Bichi] ],CITY_OR_PROVINCE: Bichi,hau
travel,car_rental,Help me with car rental in Floasa,40:46:SL:CITY_OR_PROVINCE,[IN:car_rental [SL:CITY_OR_PROVINCE Rigasa] ],CITY_OR_PROVINCE: Rigasa,hau
travel,car_rental,Help me with car rental in Lion's Den,40:52:SL:CITY_OR_PROVINCE,[IN:car_rental [SL:CITY_OR_PROVINCE Rijiyar zaki] ],CITY_OR_PROVINCE: Rijiyar zaki,hau
travel,car_rental,Help me with car rental in Huntaun wada,40:50:SL:CITY_OR_PROVINCE,[IN:car_rental [SL:CITY_OR_PROVINCE Tudun wada] ],CITY_OR_PROVINCE: Tudun wada,hau
travel,car_rental,Can you rent a car for me for 20 days?,29:42:SL:DATE,[IN:car_rental [SL:DATE kwana ashirin] ],DATE: kwana ashirin,hau
travel,car_rental,Can you rent a car for two months?,29:38:SL:DATE,[IN:car_rental [SL:DATE wata biyu] ],DATE: wata biyu,hau
travel,car_rental,Can you rent a car for a month?,29:38:SL:DATE,[IN:car_rental [SL:DATE wata guda] ],DATE: wata guda,hau
travel,car_rental,Can you show me how to rent a car in Bauchi?,42:48:SL:CITY_OR_PROVINCE,[IN:car_rental [SL:CITY_OR_PROVINCE Bauchi] ],CITY_OR_PROVINCE: Bauchi,hau
travel,car_rental,Can you show me how to rent a car in Jos?,42:45:SL:CITY_OR_PROVINCE,[IN:car_rental [SL:CITY_OR_PROVINCE Jos] ],CITY_OR_PROVINCE: Jos,hau
travel,car_rental,Can you show me how to rent a car in Kano?,42:46:SL:CITY_OR_PROVINCE,[IN:car_rental [SL:CITY_OR_PROVINCE Kano] ],CITY_OR_PROVINCE: Kano,hau
travel,car_rental,Can you help me with a rental car to go to Ajingi?,54:60:SL:CITY_OR_PROVINCE,[IN:car_rental [SL:CITY_OR_PROVINCE Ajingi] ],CITY_OR_PROVINCE: Ajingi,hau
travel,car_rental,Can you help me with a rental car to Kaduna?,54:60:SL:CITY_OR_PROVINCE,[IN:car_rental [SL:CITY_OR_PROVINCE Kaduna] ],CITY_OR_PROVINCE: Kaduna,hau
travel,car_rental,Could you help me with a rental car to Wudil?,54:59:SL:CITY_OR_PROVINCE,[IN:car_rental [SL:CITY_OR_PROVINCE Wudil] ],CITY_OR_PROVINCE: Wudil,hau
travel,car_rental,Is it possible to rent a car from Aminu Kano airport to the city?,,[IN:car_rental ],,hau
travel,car_rental,Is it possible to rent a car from Aminu Kano airport to Kano city?,78:82:SL:CITY_OR_PROVINCE,[IN:car_rental [SL:CITY_OR_PROVINCE Kano] ],CITY_OR_PROVINCE: Kano,hau
travel,car_rental,"I'm going, I need to rent a car for God",,[IN:car_rental ],,hau
travel,car_rental,where can I get a car to Kaduna?,34:40:SL:CITY_OR_PROVINCE,[IN:car_rental [SL:CITY_OR_PROVINCE Kaduna] ],CITY_OR_PROVINCE: Kaduna,hau
travel,car_rental,Can I rent a car in Genesis from March 6 to 20?,"21:27:SL:CITY_OR_PROVINCE,28:57:SL:DATE",[IN:car_rental [SL:CITY_OR_PROVINCE Farawa] [SL:DATE daga 6 ga watan Maris zuwa 20] ],CITY_OR_PROVINCE: Farawa $$ DATE: daga 6 ga watan Maris zuwa 20,hau
travel,car_rental,Can I rent a car in Tarauni from May 2 to 10?,"21:28:SL:CITY_OR_PROVINCE,29:57:SL:DATE",[IN:car_rental [SL:CITY_OR_PROVINCE Tarauni] [SL:DATE daga 2 ga watan Mayu zuwa 10] ],CITY_OR_PROVINCE: Tarauni $$ DATE: daga 2 ga watan Mayu zuwa 10,hau
travel,car_rental,Can I rent a car in Tukuntawa from May 2 to 8?,"21:30:SL:CITY_OR_PROVINCE,31:58:SL:DATE",[IN:car_rental [SL:CITY_OR_PROVINCE Tukuntawa] [SL:DATE daga 2 ga watan Mayu zuwa 8] ],CITY_OR_PROVINCE: Tukuntawa $$ DATE: daga 2 ga watan Mayu zuwa 8,hau
travel,car_rental,Will I be able to get a car rental in Tarauni from May 1 to 10?,"22:29:SL:CITY_OR_PROVINCE,30:58:SL:DATE",[IN:car_rental [SL:CITY_OR_PROVINCE Tarauni] [SL:DATE daga 1 ga watan Mayu zuwa 10] ],CITY_OR_PROVINCE: Tarauni $$ DATE: daga 1 ga watan Mayu zuwa 10,hau
travel,car_rental,How can I get a Honda car for rent this weekend?,39:51:SL:DATE,[IN:car_rental [SL:DATE wannan satin] ],DATE: wannan satin,hau
travel,car_rental,Please help me to find a Toyota rental car,,[IN:car_rental ],,hau
travel,car_rental,Help me with rental Honda in the Lion's Den,52:64:SL:CITY_OR_PROVINCE,[IN:car_rental [SL:CITY_OR_PROVINCE Rijiyar zaki] ],CITY_OR_PROVINCE: Rijiyar zaki,hau
travel,car_rental,Help me with renting a fuel efficient car,,[IN:car_rental ],,hau
travel,car_rental,Can you rent me a Toyota for a month?,42:51:SL:DATE,[IN:car_rental [SL:DATE wata guda] ],DATE: wata guda,hau
travel,car_rental,Can you show me where to rent a car in Jos at a low price?,42:45:SL:CITY_OR_PROVINCE,[IN:car_rental [SL:CITY_OR_PROVINCE Jos] ],CITY_OR_PROVINCE: Jos,hau
travel,car_rental,Is it possible to get a car rental at Aminu Kano airport on Saturday morning?,60:81:SL:DATE,[IN:car_rental [SL:DATE ranar asabar da asuba] ],DATE: ranar asabar da asuba,hau
travel,car_rental,"I'm going to get off at the train station of Flood, I need to rent a car for God",32:38:SL:CITY_OR_PROVINCE,[IN:car_rental [SL:CITY_OR_PROVINCE Rigasa] ],CITY_OR_PROVINCE: Rigasa,hau
travel,exchange_rate,how much would I pay for 100 euros?,"0:4:SL:CURRENCY,27:35:SL:MONEY",[IN:exchange_rate [SL:CURRENCY dala] [SL:MONEY yuro 100] ],CURRENCY: dala $$ MONEY: yuro 100,hau
travel,exchange_rate,How many naira did you exchange riyal today?,"0:5:SL:CURRENCY,21:26:SL:CURRENCY,27:30:SL:DATE",[IN:exchange_rate [SL:CURRENCY naira] [SL:CURRENCY riyal] [SL:DATE yau] ],CURRENCY: naira $$ CURRENCY: riyal $$ DATE: yau,hau
travel,exchange_rate,"How much naira would I give for $1,000?","0:5:SL:CURRENCY,28:37:SL:MONEY",[IN:exchange_rate [SL:CURRENCY naira] [SL:MONEY dala 1000] ],CURRENCY: naira $$ MONEY: dala 1000,hau
travel,exchange_rate,How much should I give for 10 rials?,"0:5:SL:CURRENCY,28:36:SL:MONEY",[IN:exchange_rate [SL:CURRENCY naira] [SL:MONEY riyal 10] ],CURRENCY: naira $$ MONEY: riyal 10,hau
travel,exchange_rate,How much do I have to pay for 50 yen?,"0:5:SL:CURRENCY,28:34:SL:MONEY",[IN:exchange_rate [SL:CURRENCY naira] [SL:MONEY yen 50] ],CURRENCY: naira $$ MONEY: yen 50,hau
travel,exchange_rate,how much is 200 cents in a dollar?,"8:17:SL:MONEY,20:24:SL:CURRENCY",[IN:exchange_rate [SL:MONEY saifa 200] [SL:CURRENCY dala] ],MONEY: saifa 200 $$ CURRENCY: dala,hau
travel,exchange_rate,how much is 300 yuan?,"8:17:SL:MONEY,20:23:SL:CURRENCY",[IN:exchange_rate [SL:MONEY saifa 300] [SL:CURRENCY yen] ],MONEY: saifa 300 $$ CURRENCY: yen,hau
travel,exchange_rate,how much is 500 paise in euro?,"8:17:SL:MONEY,20:24:SL:CURRENCY",[IN:exchange_rate [SL:MONEY saifa 500] [SL:CURRENCY yuro] ],MONEY: saifa 500 $$ CURRENCY: yuro,hau
travel,exchange_rate,How much is 20 rials?,"0:5:SL:CURRENCY,18:25:SL:MONEY",[IN:exchange_rate [SL:CURRENCY riyal] [SL:MONEY dala 20] ],CURRENCY: riyal $$ MONEY: dala 20,hau
travel,exchange_rate,how much is 100 rials to 100 yen?,"0:5:SL:CURRENCY,18:25:SL:MONEY",[IN:exchange_rate [SL:CURRENCY riyal] [SL:MONEY yen 100] ],CURRENCY: riyal $$ MONEY: yen 100,hau
travel,exchange_rate,How many riyals make 5000 naira?,"0:5:SL:CURRENCY,21:31:SL:MONEY",[IN:exchange_rate [SL:CURRENCY riyal] [SL:MONEY naira 5000] ],CURRENCY: riyal $$ MONEY: naira 5000,hau
travel,exchange_rate,how much is 300 rials?,"0:5:SL:CURRENCY,21:29:SL:MONEY",[IN:exchange_rate [SL:CURRENCY riyal] [SL:MONEY yuro 300] ],CURRENCY: riyal $$ MONEY: yuro 300,hau
travel,exchange_rate,how much would 200 riyal give?,"0:5:SL:CURRENCY,23:32:SL:MONEY",[IN:exchange_rate [SL:CURRENCY riyal] [SL:MONEY saifa 200] ],CURRENCY: riyal $$ MONEY: saifa 200,hau
travel,exchange_rate,how much yen would 1 riyal cost?,"0:3:SL:CURRENCY,21:28:SL:MONEY",[IN:exchange_rate [SL:CURRENCY yen] [SL:MONEY riyal 1] ],CURRENCY: yen $$ MONEY: riyal 1,hau
travel,exchange_rate,How much yen should I give for 1000 naira?,"0:3:SL:CURRENCY,26:36:SL:MONEY",[IN:exchange_rate [SL:CURRENCY yen] [SL:MONEY naira 1000] ],CURRENCY: yen $$ MONEY: naira 1000,hau
travel,exchange_rate,How much euro would give 100 rials?,"0:4:SL:CURRENCY,19:28:SL:MONEY",[IN:exchange_rate [SL:CURRENCY yuro] [SL:MONEY riyal 100] ],CURRENCY: yuro $$ MONEY: riyal 100,hau
travel,exchange_rate,can yen be exchanged for saifi in this city?,"14:17:SL:CURRENCY,23:28:SL:CURRENCY",[IN:exchange_rate [SL:CURRENCY yen] [SL:CURRENCY saifa] ],CURRENCY: yen $$ CURRENCY: saifa,hau
travel,exchange_rate,change me one hundred thousand naira to dollars,"10:25:SL:MONEY,31:35:SL:CURRENCY",[IN:exchange_rate [SL:MONEY naira dubu ɗari] [SL:CURRENCY dala] ],MONEY: naira dubu ɗari $$ CURRENCY: dala,hau
travel,exchange_rate,convert this dollar to yen,"17:26:SL:MONEY,33:36:SL:CURRENCY",[IN:exchange_rate [SL:MONEY dala ɗaya] [SL:CURRENCY yen] ],MONEY: dala ɗaya $$ CURRENCY: yen,hau
travel,exchange_rate,change this ten dollars to naira,"17:26:SL:MONEY,33:38:SL:CURRENCY",[IN:exchange_rate [SL:MONEY dala goma] [SL:CURRENCY naira] ],MONEY: dala goma $$ CURRENCY: naira,hau
travel,exchange_rate,change this thousand naira to yen,"17:27:SL:MONEY,34:37:SL:CURRENCY",[IN:exchange_rate [SL:MONEY naira dubu] [SL:CURRENCY yen] ],MONEY: naira dubu $$ CURRENCY: yen,hau
travel,exchange_rate,change this two hundred saif to naira,"17:32:SL:MONEY,39:44:SL:CURRENCY",[IN:exchange_rate [SL:MONEY saifa ɗari biyu] [SL:CURRENCY naira] ],MONEY: saifa ɗari biyu $$ CURRENCY: naira,hau
travel,exchange_rate,change this one piece of cloth into a dollar,"17:28:SL:MONEY,34:38:SL:CURRENCY",[IN:exchange_rate [SL:MONEY saifa ɗayar] [SL:CURRENCY dala] ],MONEY: saifa ɗayar $$ CURRENCY: dala,hau
travel,exchange_rate,change this thousand yen to Canadian dollars,"17:26:SL:MONEY,32:44:SL:CURRENCY",[IN:exchange_rate [SL:MONEY yen dubun] [SL:CURRENCY dalar canada] ],MONEY: yen dubun $$ CURRENCY: dalar canada,hau
travel,exchange_rate,how much is 200 euros worth?,"0:4:SL:CURRENCY,30:38:SL:MONEY",[IN:exchange_rate [SL:CURRENCY dala] [SL:MONEY yuro 200] ],CURRENCY: dala $$ MONEY: yuro 200,hau
travel,exchange_rate,how much is the euro charged?,"0:4:SL:CURRENCY,20:24:SL:CURRENCY",[IN:exchange_rate [SL:CURRENCY dala] [SL:CURRENCY yuro] ],CURRENCY: dala $$ CURRENCY: yuro,hau
travel,exchange_rate,how much will $500 cost me?,"0:4:SL:CURRENCY,23:35:SL:MONEY",[IN:exchange_rate [SL:CURRENCY dala] [SL:MONEY naira dubu 5] ],CURRENCY: dala $$ MONEY: naira dubu 5,hau
travel,exchange_rate,how much is a dollar worth a hundred thousand naira?,"0:4:SL:CURRENCY,17:32:SL:MONEY",[IN:exchange_rate [SL:CURRENCY dala] [SL:MONEY naira dubu ɗari] ],CURRENCY: dala $$ MONEY: naira dubu ɗari,hau
travel,exchange_rate,how much will I get for 1000 ghana sidi?,"0:4:SL:CURRENCY,25:40:SL:MONEY",[IN:exchange_rate [SL:CURRENCY dala] [SL:MONEY ghana sidi 1000] ],CURRENCY: dala $$ MONEY: ghana sidi 1000,hau
travel,exchange_rate,how much will you exchange for 2000 soaps?,"0:4:SL:CURRENCY,21:31:SL:MONEY",[IN:exchange_rate [SL:CURRENCY dala] [SL:MONEY saifa 2000] ],CURRENCY: dala $$ MONEY: saifa 2000,hau
travel,exchange_rate,How many Canadian dollars will give me 5000 naira?,"0:12:SL:CURRENCY,31:41:SL:MONEY",[IN:exchange_rate [SL:CURRENCY dalar canada] [SL:MONEY naira 5000] ],CURRENCY: dalar canada $$ MONEY: naira 5000,hau
travel,exchange_rate,How much is a Liberian dollar to 1000 naira?,"0:13:SL:CURRENCY,26:36:SL:MONEY",[IN:exchange_rate [SL:CURRENCY dalar liberia] [SL:MONEY naira 1000] ],CURRENCY: dalar liberia $$ MONEY: naira 1000,hau
travel,exchange_rate,how many naira are exchanged for dollars,"8:13:SL:CURRENCY,29:33:SL:CURRENCY",[IN:exchange_rate [SL:CURRENCY naira] [SL:CURRENCY dala] ],CURRENCY: naira $$ CURRENCY: dala,hau
travel,exchange_rate,how many naira are exchanged for yen,"8:13:SL:CURRENCY,29:32:SL:CURRENCY",[IN:exchange_rate [SL:CURRENCY naira] [SL:CURRENCY yen] ],CURRENCY: naira $$ CURRENCY: yen,hau
travel,exchange_rate,how much is the Canadian dollar to the pound today?,"8:13:SL:CURRENCY,33:45:SL:CURRENCY,46:49:SL:DATE",[IN:exchange_rate [SL:CURRENCY naira] [SL:CURRENCY dalar canada] [SL:DATE yau] ],CURRENCY: naira $$ CURRENCY: dalar canada $$ DATE: yau,hau
travel,exchange_rate,How much Ghanaian Sedi is 1 US dollar?,"0:10:SL:CURRENCY,30:36:SL:MONEY",[IN:exchange_rate [SL:CURRENCY Ghana sidi] [SL:MONEY dala 1] ],CURRENCY: Ghana sidi $$ MONEY: dala 1,hau
travel,exchange_rate,How much is a Ghanaian sidi for 1000 naira?,"0:10:SL:CURRENCY,28:38:SL:MONEY",[IN:exchange_rate [SL:CURRENCY Ghana sidi] [SL:MONEY naira 1000] ],CURRENCY: Ghana sidi $$ MONEY: naira 1000,hau
travel,exchange_rate,How much would a Ghanaian give for 100 yen?,"0:10:SL:CURRENCY,28:35:SL:MONEY",[IN:exchange_rate [SL:CURRENCY ghana sidi] [SL:MONEY yen 100] ],CURRENCY: ghana sidi $$ MONEY: yen 100,hau
travel,exchange_rate,How much money can I get for 1 yen?,"0:10:SL:CURRENCY,38:43:SL:MONEY",[IN:exchange_rate [SL:CURRENCY Ghana sidi] [SL:MONEY yen 1] ],CURRENCY: Ghana sidi $$ MONEY: yen 1,hau
travel,exchange_rate,I want to know how much 1 yen is worth in naira?,"14:19:SL:CURRENCY,36:41:SL:MONEY",[IN:exchange_rate [SL:CURRENCY naira] [SL:MONEY yen 1] ],CURRENCY: naira $$ MONEY: yen 1,hau
travel,exchange_rate,can I know how many yen are changing the socks today?,"17:22:SL:CURRENCY,38:43:SL:CURRENCY,44:47:SL:DATE",[IN:exchange_rate [SL:CURRENCY naira] [SL:CURRENCY saifa] [SL:DATE yau] ],CURRENCY: naira $$ CURRENCY: saifa $$ DATE: yau,hau
travel,exchange_rate,How much is 5000 naira equal to Canadian dollar?,"0:10:SL:MONEY,26:38:SL:CURRENCY",[IN:exchange_rate [SL:MONEY naira 5000] [SL:CURRENCY dalar canada] ],MONEY: naira 5000 $$ CURRENCY: dalar canada,hau
travel,exchange_rate,how much is the naira exchange rate for a dollar today?,"0:5:SL:CURRENCY,21:25:SL:CURRENCY,26:29:SL:DATE",[IN:exchange_rate [SL:CURRENCY naira] [SL:CURRENCY dala] [SL:DATE yau] ],CURRENCY: naira $$ CURRENCY: dala $$ DATE: yau,hau
travel,exchange_rate,how much is the dollar exchange rate today?,"0:5:SL:CURRENCY,22:26:SL:CURRENCY,27:30:SL:DATE",[IN:exchange_rate [SL:CURRENCY naira] [SL:CURRENCY dala] [SL:DATE yau] ],CURRENCY: naira $$ CURRENCY: dala $$ DATE: yau,hau
travel,exchange_rate,how many Ghanaian naira is 1 Sedi?,"0:5:SL:CURRENCY,22:34:SL:MONEY",[IN:exchange_rate [SL:CURRENCY naira] [SL:MONEY Ghana sidi 1] ],CURRENCY: naira $$ MONEY: Ghana sidi 1,hau
travel,exchange_rate,How much was 1 yen worth?,"0:5:SL:CURRENCY,22:27:SL:MONEY",[IN:exchange_rate [SL:CURRENCY naira] [SL:MONEY yen 1] ],CURRENCY: naira $$ MONEY: yen 1,hau
travel,exchange_rate,how much is the euro today?,"0:5:SL:CURRENCY,22:26:SL:CURRENCY,27:30:SL:DATE",[IN:exchange_rate [SL:CURRENCY naira] [SL:CURRENCY yuro] [SL:DATE yau] ],CURRENCY: naira $$ CURRENCY: yuro $$ DATE: yau,hau
travel,exchange_rate,How much naira will I get if I change 100 dollars?,"0:5:SL:CURRENCY,35:43:SL:MONEY",[IN:exchange_rate [SL:CURRENCY naira] [SL:MONEY dala 100] ],CURRENCY: naira $$ MONEY: dala 100,hau
travel,exchange_rate,How much naira would you give me if I gave you 10 euros?,"0:5:SL:CURRENCY,33:40:SL:MONEY",[IN:exchange_rate [SL:CURRENCY naira] [SL:MONEY yuro 10] ],CURRENCY: naira $$ MONEY: yuro 10,hau
travel,exchange_rate,how much is the dollar changing into the yen now?,"15:19:SL:CURRENCY,25:28:SL:CURRENCY,29:34:SL:TIME",[IN:exchange_rate [SL:CURRENCY dala] [SL:CURRENCY yen] [SL:TIME yanzu] ],CURRENCY: dala $$ CURRENCY: yen $$ TIME: yanzu,hau
travel,exchange_rate,how much is the Liberian dollar?,19:32:SL:CURRENCY,[IN:exchange_rate [SL:CURRENCY dalar Liberia] ],CURRENCY: dalar Liberia,hau
travel,exchange_rate,how much is 5000 naira in Canadian dollars?,"8:18:SL:MONEY,21:33:SL:CURRENCY",[IN:exchange_rate [SL:MONEY naira 5000] [SL:CURRENCY dalar canada] ],MONEY: naira 5000 $$ CURRENCY: dalar canada,hau
travel,exchange_rate,how much is 5000 naira in a dollar?,"8:18:SL:MONEY,21:25:SL:CURRENCY",[IN:exchange_rate [SL:MONEY naira 5000] [SL:CURRENCY dala] ],MONEY: naira 5000 $$ CURRENCY: dala,hau
travel,exchange_rate,how much is the euro changing against the dollar today?,"5:9:SL:CURRENCY,27:31:SL:CURRENCY,32:35:SL:DATE",[IN:exchange_rate [SL:CURRENCY yuro] [SL:CURRENCY dala] [SL:DATE yau] ],CURRENCY: yuro $$ CURRENCY: dala $$ DATE: yau,hau
travel,exchange_rate,how much would you give me for the dollar today?,"22:26:SL:CURRENCY,27:30:SL:DATE",[IN:exchange_rate [SL:CURRENCY dala] [SL:DATE yau] ],CURRENCY: dala $$ DATE: yau,hau
travel,exchange_rate,how much would you exchange for a dollar?,24:28:SL:CURRENCY,[IN:exchange_rate [SL:CURRENCY dala] ],CURRENCY: dala,hau
travel,exchange_rate,how much would you exchange for me in euros?,24:28:SL:CURRENCY,[IN:exchange_rate [SL:CURRENCY yuro] ],CURRENCY: yuro,hau
travel,exchange_rate,how much would I get if I converted my dollar to naira?,"28:32:SL:CURRENCY,41:46:SL:CURRENCY",[IN:exchange_rate [SL:CURRENCY dala] [SL:CURRENCY naira] ],CURRENCY: dala $$ CURRENCY: naira,hau
travel,exchange_rate,How many pies will equal 2000 naira?,"0:5:SL:CURRENCY,24:34:SL:MONEY",[IN:exchange_rate [SL:CURRENCY saifa] [SL:MONEY naira 2000] ],CURRENCY: saifa $$ MONEY: naira 2000,hau
travel,exchange_rate,How many saws are worth $100?,"0:5:SL:CURRENCY,19:27:SL:MONEY",[IN:exchange_rate [SL:CURRENCY saifa] [SL:MONEY dala 100] ],CURRENCY: saifa $$ MONEY: dala 100,hau
travel,exchange_rate,How many soaps are worth 10000 naira?,"0:5:SL:CURRENCY,18:29:SL:MONEY",[IN:exchange_rate [SL:CURRENCY saifa] [SL:MONEY naira 10000] ],CURRENCY: saifa $$ MONEY: naira 10000,hau
travel,exchange_rate,How much money will 200 yen give?,"0:5:SL:CURRENCY,11:18:SL:MONEY",[IN:exchange_rate [SL:CURRENCY Saifa] [SL:MONEY yen 200] ],CURRENCY: Saifa $$ MONEY: yen 200,hau
travel,exchange_rate,How much would I give for 50 dollars?,"0:5:SL:CURRENCY,28:37:SL:MONEY",[IN:exchange_rate [SL:CURRENCY saifa] [SL:MONEY dollar 50] ],CURRENCY: saifa $$ MONEY: dollar 50,hau
travel,exchange_rate,How much is 2000 yen equal to $?,"0:8:SL:MONEY,24:28:SL:CURRENCY",[IN:exchange_rate [SL:MONEY yen 2000] [SL:CURRENCY dala] ],MONEY: yen 2000 $$ CURRENCY: dala,hau
travel,exchange_rate,How much is 1 yen to 1 dollar?,"0:3:SL:CURRENCY,21:27:SL:MONEY",[IN:exchange_rate [SL:CURRENCY yen] [SL:MONEY dala 1] ],CURRENCY: yen $$ MONEY: dala 1,hau
travel,exchange_rate,How much yen would he give for 10000 saps?,"0:3:SL:CURRENCY,21:32:SL:MONEY",[IN:exchange_rate [SL:CURRENCY yen] [SL:MONEY saifa 10000] ],CURRENCY: yen $$ MONEY: saifa 10000,hau
travel,exchange_rate,How much yen will I get if I make 1000 naira?,"0:3:SL:CURRENCY,27:37:SL:MONEY",[IN:exchange_rate [SL:CURRENCY yen] [SL:MONEY naira 1000] ],CURRENCY: yen $$ MONEY: naira 1000,hau
travel,exchange_rate,how much yen would I get if I gave 3000 naira?,"0:3:SL:CURRENCY,31:41:SL:MONEY",[IN:exchange_rate [SL:CURRENCY yen] [SL:MONEY naira 3000] ],CURRENCY: yen $$ MONEY: naira 3000,hau
travel,exchange_rate,how much yen would I get if I donate 2000 naira?,"0:3:SL:CURRENCY,35:45:SL:MONEY",[IN:exchange_rate [SL:CURRENCY yen] [SL:MONEY naira 2000] ],CURRENCY: yen $$ MONEY: naira 2000,hau
travel,exchange_rate,How much is 100 yen in euros?,"0:4:SL:CURRENCY,21:28:SL:MONEY",[IN:exchange_rate [SL:CURRENCY yuro] [SL:MONEY yen 100] ],CURRENCY: yuro $$ MONEY: yen 100,hau
travel,exchange_rate,How many euros can you give me for 20000 naira?,"0:4:SL:CURRENCY,22:33:SL:MONEY",[IN:exchange_rate [SL:CURRENCY yuro] [SL:MONEY naira 20000] ],CURRENCY: yuro $$ MONEY: naira 20000,hau
travel,exchange_rate,can I exchange dollars to naira in this town?,"16:20:SL:CURRENCY,26:31:SL:CURRENCY",[IN:exchange_rate [SL:CURRENCY dala] [SL:CURRENCY naira] ],CURRENCY: dala $$ CURRENCY: naira,hau
travel,exchange_rate,change ten thousand naira to a dollar,"10:25:SL:MONEY,31:35:SL:CURRENCY",[IN:exchange_rate [SL:MONEY naira dubu goma] [SL:CURRENCY dala] ],MONEY: naira dubu goma $$ CURRENCY: dala,hau
travel,exchange_rate,how many dollars is the euro exchange rate today?,"0:4:SL:CURRENCY,20:24:SL:CURRENCY,25:28:SL:DATE",[IN:exchange_rate [SL:CURRENCY dala] [SL:CURRENCY yuro] [SL:DATE yau] ],CURRENCY: dala $$ CURRENCY: yuro $$ DATE: yau,hau
travel,exchange_rate,how much does it cost to change a diaper today?,"0:5:SL:CURRENCY,21:26:SL:CURRENCY,27:30:SL:DATE",[IN:exchange_rate [SL:CURRENCY naira] [SL:CURRENCY saifa] [SL:DATE yau] ],CURRENCY: naira $$ CURRENCY: saifa $$ DATE: yau,hau
travel,exchange_rate,how much is 10 yen to the naira?,"8:14:SL:MONEY,17:22:SL:CURRENCY",[IN:exchange_rate [SL:MONEY yen 10] [SL:CURRENCY naira] ],MONEY: yen 10 $$ CURRENCY: naira,hau
travel,exchange_rate,how much is 100 euros in a dollar?,"8:16:SL:MONEY,19:23:SL:CURRENCY",[IN:exchange_rate [SL:MONEY yuro 100] [SL:CURRENCY dala] ],MONEY: yuro 100 $$ CURRENCY: dala,hau
travel,exchange_rate,how many naira is the dollar now?,"0:5:SL:TIME,6:11:SL:CURRENCY,27:31:SL:CURRENCY",[IN:exchange_rate [SL:TIME yanzu] [SL:CURRENCY naira] [SL:CURRENCY dala] ],TIME: yanzu $$ CURRENCY: naira $$ CURRENCY: dala,hau
travel,exchange_rate,is one yen worth a hundred naira?,"0:8:SL:MONEY,16:26:SL:MONEY",[IN:exchange_rate [SL:MONEY yen daya] [SL:MONEY naira ɗari] ],MONEY: yen daya $$ MONEY: naira ɗari,hau
travel,exchange_rate,How much yen would give 5000 naira?,"0:3:SL:CURRENCY,18:28:SL:MONEY",[IN:exchange_rate [SL:CURRENCY yen] [SL:MONEY naira 5000] ],CURRENCY: yen $$ MONEY: naira 5000,hau
travel,international_visa,Is a visa required to enter Portugal?,35:42:SL:COUNTRY,[IN:international_visa [SL:COUNTRY Fotigal] ],COUNTRY: Fotigal,hau
travel,international_visa,Is a visa required to enter North Korea?,35:50:SL:COUNTRY,[IN:international_visa [SL:COUNTRY Koriya ta arewa] ],COUNTRY: Koriya ta arewa,hau
travel,international_visa,Dear God I need a visa to enter Ghana from Nigeria,"43:48:SL:COUNTRY,54:62:SL:COUNTRY",[IN:international_visa [SL:COUNTRY Ghana] [SL:COUNTRY Nigeriya] ],COUNTRY: Ghana $$ COUNTRY: Nigeriya,hau
travel,international_visa,Dear God I need a visa to enter Pakistan,43:51:SL:COUNTRY,[IN:international_visa [SL:COUNTRY Pakistan] ],COUNTRY: Pakistan,hau
travel,international_visa,Do I need a visa to enter Ghana?,33:38:SL:COUNTRY,[IN:international_visa [SL:COUNTRY Ghana] ],COUNTRY: Ghana,hau
travel,international_visa,Do I need a visa to enter Italy?,33:40:SL:COUNTRY,[IN:international_visa [SL:COUNTRY Italiya] ],COUNTRY: Italiya,hau
travel,international_visa,Do I need a visa to enter Germany from Togo?,"33:38:SL:COUNTRY,44:48:SL:COUNTRY",[IN:international_visa [SL:COUNTRY Jamus] [SL:COUNTRY Togo] ],COUNTRY: Jamus $$ COUNTRY: Togo,hau
travel,international_visa,Do you know that I need a visa to enter Benin?,48:53:SL:COUNTRY,[IN:international_visa [SL:COUNTRY Benin] ],COUNTRY: Benin,hau
travel,international_visa,Do you know I need a visa to enter Uganda?,48:54:SL:COUNTRY,[IN:international_visa [SL:COUNTRY Uganda] ],COUNTRY: Uganda,hau
travel,international_visa,Do I need a visa to travel to Sudan?,15:20:SL:COUNTRY,[IN:international_visa [SL:COUNTRY Sudan] ],COUNTRY: Sudan,hau
travel,international_visa,Do I need a visa to travel to Germany?,10:15:SL:COUNTRY,[IN:international_visa [SL:COUNTRY Jamus] ],COUNTRY: Jamus,hau
travel,international_visa,Do I need a passport for my trip?,,[IN:international_visa ],,hau
travel,international_visa,Do we need a visa to travel to the United States?,11:17:SL:COUNTRY,[IN:international_visa [SL:COUNTRY Amruka] ],COUNTRY: Amruka,hau
travel,international_visa,Do we need a passport for our trip?,,[IN:international_visa ],,hau
travel,international_visa,"I'm going to travel for another month, do I need a visa to enter China?","13:23:SL:DATE,58:63:SL:COUNTRY",[IN:international_visa [SL:DATE wani watan] [SL:COUNTRY China] ],DATE: wani watan $$ COUNTRY: China,hau
travel,international_visa,Do I need a visa to enter India?,8:14:SL:COUNTRY,[IN:international_visa [SL:COUNTRY Indiya] ],COUNTRY: Indiya,hau
travel,international_visa,Is a visa required to enter Kenya from Niger?,"35:40:SL:COUNTRY,46:51:SL:COUNTRY",[IN:international_visa [SL:COUNTRY Kenya] [SL:COUNTRY Nijar] ],COUNTRY: Kenya $$ COUNTRY: Nijar,hau
travel,international_visa,Is a visa required to enter Russia?,35:40:SL:COUNTRY,[IN:international_visa [SL:COUNTRY Rasha] ],COUNTRY: Rasha,hau
travel,international_visa,Is a visa required to enter Japan?,33:38:SL:COUNTRY,[IN:international_visa [SL:COUNTRY Japan] ],COUNTRY: Japan,hau
travel,international_visa,Is a visa required to enter Mali?,33:37:SL:COUNTRY,[IN:international_visa [SL:COUNTRY Mali] ],COUNTRY: Mali,hau
travel,international_visa,Is a visa required to enter Saudi Arabia?,33:40:SL:COUNTRY,[IN:international_visa [SL:COUNTRY Saudiya] ],COUNTRY: Saudiya,hau
travel,international_visa,I don't know if I need a visa to enter South Africa?,48:62:SL:COUNTRY,[IN:international_visa [SL:COUNTRY afrika ta kudu] ],COUNTRY: afrika ta kudu,hau
travel,international_visa,I don't know if I need a visa to enter England?,48:54:SL:COUNTRY,[IN:international_visa [SL:COUNTRY Ingila] ],COUNTRY: Ingila,hau
travel,international_visa,I don't know if I need a visa?,,[IN:international_visa ],,hau
travel,international_visa,Please tell me if I need a passport?,,[IN:international_visa ],,hau
travel,international_visa,Do I need a visa to enter Iran?,43:47:SL:COUNTRY,[IN:international_visa [SL:COUNTRY Iran] ],COUNTRY: Iran,hau
travel,international_visa,Do you need a visa to travel from the United Arab Emirates to England?,"10:36:SL:COUNTRY,42:48:SL:COUNTRY",[IN:international_visa [SL:COUNTRY haɗaɗɗiyar daular larabawa] [SL:COUNTRY Ingila] ],COUNTRY: haɗaɗɗiyar daular larabawa $$ COUNTRY: Ingila,hau
travel,international_visa,"If I leave Nigeria, do I need a visa to enter the UK?","13:21:SL:COUNTRY,56:62:SL:COUNTRY",[IN:international_visa [SL:COUNTRY Nijeriya] [SL:COUNTRY Ingila] ],COUNTRY: Nijeriya $$ COUNTRY: Ingila,hau
travel,international_visa,"If I leave Niger, do I need a visa to enter any country?",19:24:SL:COUNTRY,[IN:international_visa [SL:COUNTRY Nijar] ],COUNTRY: Nijar,hau
travel,international_visa,"If I am going to Dakar, do I need a visa to enter?",12:17:SL:CITY_OR_PROVINCE,[IN:international_visa [SL:CITY_OR_PROVINCE Dakar] ],CITY_OR_PROVINCE: Dakar,hau
travel,international_visa,Do I need a visa to enter Dubai?,33:38:SL:CITY_OR_PROVINCE,[IN:international_visa [SL:CITY_OR_PROVINCE Dubai] ],CITY_OR_PROVINCE: Dubai,hau
travel,international_visa,Do I need a visa to enter the country?,,[IN:international_visa ],,hau
travel,international_visa,Do I need a visa to enter Canada?,33:39:SL:COUNTRY,[IN:international_visa [SL:COUNTRY Kanada] ],COUNTRY: Kanada,hau
travel,international_visa,Do I need a visa to enter Taiwan?,33:39:SL:COUNTRY,[IN:international_visa [SL:COUNTRY Taiwan] ],COUNTRY: Taiwan,hau
travel,international_visa,Do I need a visa?,,[IN:international_visa ],,hau
travel,international_visa,I would like to know if I need a visa to enter Ghana?,50:55:SL:COUNTRY,[IN:international_visa [SL:COUNTRY Ghana] ],COUNTRY: Ghana,hau
travel,international_visa,I want to know if I need a visa to enter the United States?,50:56:SL:COUNTRY,[IN:international_visa [SL:COUNTRY Amruka] ],COUNTRY: Amruka,hau
travel,international_visa,Do you know if I should apply for a visa to Pakistan?,40:48:SL:COUNTRY,[IN:international_visa [SL:COUNTRY Pakistan] ],COUNTRY: Pakistan,hau
travel,international_visa,Do I need a visa to enter Russia?,36:41:SL:COUNTRY,[IN:international_visa [SL:COUNTRY Rasha] ],COUNTRY: Rasha,hau
travel,international_visa,Is there a need for a visa to enter Nigeria from Uganda?,"44:52:SL:COUNTRY,58:64:SL:COUNTRY",[IN:international_visa [SL:COUNTRY Nijeriya] [SL:COUNTRY Uganda] ],COUNTRY: Nijeriya $$ COUNTRY: Uganda,hau
travel,international_visa,Does Malaysia need a visa to enter?,0:8:SL:COUNTRY,[IN:international_visa [SL:COUNTRY Malaysia] ],COUNTRY: Malaysia,hau
travel,international_visa,Is a visa required to enter Somalia from Nigeria?,"40:48:SL:COUNTRY,54:62:SL:COUNTRY",[IN:international_visa [SL:COUNTRY Somaliya] [SL:COUNTRY Nijeriya] ],COUNTRY: Somaliya $$ COUNTRY: Nijeriya,hau
travel,international_visa,Do I need a visa to enter South Africa?,38:52:SL:COUNTRY,[IN:international_visa [SL:COUNTRY Afrika ta kudu] ],COUNTRY: Afrika ta kudu,hau
travel,international_visa,Do I need a visa to enter Benin from Congo?,"38:43:SL:COUNTRY,49:54:SL:COUNTRY",[IN:international_visa [SL:COUNTRY Benin] [SL:COUNTRY Kongo] ],COUNTRY: Benin $$ COUNTRY: Kongo,hau
travel,international_visa,Do I need a visa to enter China?,38:48:SL:COUNTRY,[IN:international_visa [SL:COUNTRY birnin Sin] ],COUNTRY: birnin Sin,hau
travel,international_visa,Do I need a visa to enter France?,38:45:SL:COUNTRY,[IN:international_visa [SL:COUNTRY Faransa] ],COUNTRY: Faransa,hau
travel,international_visa,Do I need a visa to enter Portugal from Nigeria?,"38:45:SL:COUNTRY,51:59:SL:COUNTRY",[IN:international_visa [SL:COUNTRY Fotigal] [SL:COUNTRY Nijeriya] ],COUNTRY: Fotigal $$ COUNTRY: Nijeriya,hau
travel,international_visa,Do I need a visa to enter Iran?,38:42:SL:COUNTRY,[IN:international_visa [SL:COUNTRY Iran] ],COUNTRY: Iran,hau
travel,international_visa,Do I need a visa to enter Italy?,38:45:SL:COUNTRY,[IN:international_visa [SL:COUNTRY Italiya] ],COUNTRY: Italiya,hau
travel,international_visa,Do I need a visa to enter Cairo?,38:43:SL:CITY_OR_PROVINCE,[IN:international_visa [SL:CITY_OR_PROVINCE Kairo] ],CITY_OR_PROVINCE: Kairo,hau
travel,international_visa,Do I need a visa to enter Congo?,38:43:SL:COUNTRY,[IN:international_visa [SL:COUNTRY Kongo] ],COUNTRY: Kongo,hau
travel,international_visa,Do I need a visa to enter South Korea?,38:52:SL:COUNTRY,[IN:international_visa [SL:COUNTRY Koriya ta kudu] ],COUNTRY: Koriya ta kudu,hau
travel,international_visa,Do I need a visa to enter Somalia?,38:46:SL:COUNTRY,[IN:international_visa [SL:COUNTRY Somaliya] ],COUNTRY: Somaliya,hau
travel,international_visa,"Do I need a visa to enter Sudan, will I travel for two weeks?","38:43:SL:COUNTRY,62:71:SL:DATE",[IN:international_visa [SL:COUNTRY Sudan] [SL:DATE sati biyu] ],COUNTRY: Sudan $$ DATE: sati biyu,hau
travel,international_visa,Do I need a visa to enter Sudan?,38:43:SL:COUNTRY,[IN:international_visa [SL:COUNTRY Sudan] ],COUNTRY: Sudan,hau
travel,international_visa,Do you know if we need a visa to enter Yemen?,49:54:SL:COUNTRY,[IN:international_visa [SL:COUNTRY Yemen] ],COUNTRY: Yemen,hau
travel,international_visa,Do you know that I need a visa to enter Mali?,48:52:SL:COUNTRY,[IN:international_visa [SL:COUNTRY Mali] ],COUNTRY: Mali,hau
travel,international_visa,"I am travelling to Germany, do I need a visa?",7:12:SL:COUNTRY,[IN:international_visa [SL:COUNTRY Jamus] ],COUNTRY: Jamus,hau
travel,international_visa,Do I need a visa to travel to Mali?,10:14:SL:COUNTRY,[IN:international_visa [SL:COUNTRY Mali] ],COUNTRY: Mali,hau
travel,international_visa,"To travel to India, do I need a visa?",13:19:SL:COUNTRY,[IN:international_visa [SL:COUNTRY Indiya] ],COUNTRY: Indiya,hau
travel,international_visa,"Umarah we are going, do we need a visa?",,[IN:international_visa ],,hau
travel,international_visa,Should I apply for a visa to enter India?,30:36:SL:COUNTRY,[IN:international_visa [SL:COUNTRY Indiya] ],COUNTRY: Indiya,hau
travel,international_visa,Should I apply for a visa?,,[IN:international_visa ],,hau
travel,international_visa,"I'm going to travel to the United Arab Emirates, do I need a visa?",19:45:SL:COUNTRY,[IN:international_visa [SL:COUNTRY haɗaɗɗiyar daular larabawa] ],COUNTRY: haɗaɗɗiyar daular larabawa,hau
travel,international_visa,"Going to Germany on vacation, do I need a visa to enter the city?",6:11:SL:COUNTRY,[IN:international_visa [SL:COUNTRY Jamus] ],COUNTRY: Jamus,hau
travel,international_visa,"I want to travel, do I need a visa to enter Togo?",52:56:SL:COUNTRY,[IN:international_visa [SL:COUNTRY Togo] ],COUNTRY: Togo,hau
travel,international_visa,Do I need a visa to travel to Dubai?,5:10:SL:CITY_OR_PROVINCE,[IN:international_visa [SL:CITY_OR_PROVINCE Dubai] ],CITY_OR_PROVINCE: Dubai,hau
travel,international_visa,Do I need a visa to enter France?,5:12:SL:COUNTRY,[IN:international_visa [SL:COUNTRY Faransa] ],COUNTRY: Faransa,hau
travel,international_visa,Do I need a visa to enter Kuwait?,5:11:SL:COUNTRY,[IN:international_visa [SL:COUNTRY kuwait] ],COUNTRY: kuwait,hau
travel,international_visa,Do I need a visa to travel to Somalia from Sudan?,"5:13:SL:COUNTRY,19:24:SL:COUNTRY",[IN:international_visa [SL:COUNTRY Somaliya] [SL:COUNTRY Sudan] ],COUNTRY: Somaliya $$ COUNTRY: Sudan,hau
travel,international_visa,Do I need a visa to enter Sudan?,5:10:SL:COUNTRY,[IN:international_visa [SL:COUNTRY Sudan] ],COUNTRY: Sudan,hau
travel,international_visa,Do I need a visa to travel to Togo?,5:9:SL:COUNTRY,[IN:international_visa [SL:COUNTRY Togo] ],COUNTRY: Togo,hau
travel,international_visa,Is a visa required to enter Tanzania?,35:44:SL:COUNTRY,[IN:international_visa [SL:COUNTRY Tanzaniya] ],COUNTRY: Tanzaniya,hau
travel,international_visa,Is a visa required to enter Yemen?,33:38:SL:COUNTRY,[IN:international_visa [SL:COUNTRY Yemen] ],COUNTRY: Yemen,hau
travel,international_visa,Do I need a valid passport to enter that country?,,[IN:international_visa ],,hau
travel,international_visa,Do I need a visa to enter Italy?,36:43:SL:COUNTRY,[IN:international_visa [SL:COUNTRY Italiya] ],COUNTRY: Italiya,hau
travel,international_visa,Do I need a visa to enter Germany?,36:41:SL:COUNTRY,[IN:international_visa [SL:COUNTRY Jamus] ],COUNTRY: Jamus,hau
travel,international_visa,Do I need a visa to enter Taiwan?,36:42:SL:COUNTRY,[IN:international_visa [SL:COUNTRY Taiwan] ],COUNTRY: Taiwan,hau
travel,international_visa,Do I need a visa to get there?,,[IN:international_visa ],,hau
travel,international_visa,Did Israel need a visa to enter?,5:13:SL:COUNTRY,[IN:international_visa [SL:COUNTRY Isra'ila] ],COUNTRY: Isra'ila,hau
travel,plug_type,Chinese use such socket head?,"0:5:SL:COUNTRY,33:42:SL:SHOPPING_ITEM",[IN:plug_type [SL:COUNTRY China] [SL:SHOPPING_ITEM kan soket] ],COUNTRY: China $$ SHOPPING_ITEM: kan soket,hau
travel,plug_type,a socket head type socket used in Malaysia,"13:22:SL:SHOPPING_ITEM,50:58:SL:COUNTRY",[IN:plug_type [SL:SHOPPING_ITEM kan soket] [SL:COUNTRY Malaysia] ],SHOPPING_ITEM: kan soket $$ COUNTRY: Malaysia,hau
travel,plug_type,a socket head type used by China,"13:22:SL:SHOPPING_ITEM,30:35:SL:COUNTRY",[IN:plug_type [SL:SHOPPING_ITEM kan soket] [SL:COUNTRY China] ],SHOPPING_ITEM: kan soket $$ COUNTRY: China,hau
travel,plug_type,is the socket the same as the Brazilian one?,"0:9:SL:SHOPPING_ITEM,32:38:SL:COUNTRY",[IN:plug_type [SL:SHOPPING_ITEM kan soket] [SL:COUNTRY Brazil] ],SHOPPING_ITEM: kan soket $$ COUNTRY: Brazil,hau
travel,plug_type,is the socket head Brazilian style?,"0:9:SL:SHOPPING_ITEM,22:28:SL:COUNTRY",[IN:plug_type [SL:SHOPPING_ITEM kan soket] [SL:COUNTRY Brazil] ],SHOPPING_ITEM: kan soket $$ COUNTRY: Brazil,hau
travel,plug_type,find me a type of socket head used in Brazil,"14:23:SL:SHOPPING_ITEM,51:57:SL:COUNTRY",[IN:plug_type [SL:SHOPPING_ITEM kan soket] [SL:COUNTRY Brazil] ],SHOPPING_ITEM: kan soket $$ COUNTRY: Brazil,hau
travel,plug_type,a socket head type design used in China,"11:20:SL:SHOPPING_ITEM,48:53:SL:COUNTRY",[IN:plug_type [SL:SHOPPING_ITEM kan soket] [SL:COUNTRY China] ],SHOPPING_ITEM: kan soket $$ COUNTRY: China,hau
travel,plug_type,is this kind of socket head in Nigeria?,"12:21:SL:SHOPPING_ITEM,27:34:SL:COUNTRY",[IN:plug_type [SL:SHOPPING_ITEM kan soket] [SL:COUNTRY Nigeria] ],SHOPPING_ITEM: kan soket $$ COUNTRY: Nigeria,hau
travel,plug_type,is this socket head a Nigerian style?,"7:16:SL:SHOPPING_ITEM,29:36:SL:COUNTRY",[IN:plug_type [SL:SHOPPING_ITEM kan soket] [SL:COUNTRY Nigeria] ],SHOPPING_ITEM: kan soket $$ COUNTRY: Nigeria,hau
travel,plug_type,will this socket head work in Brazil?,"7:16:SL:SHOPPING_ITEM,34:40:SL:COUNTRY",[IN:plug_type [SL:SHOPPING_ITEM kan soket] [SL:COUNTRY Brazil] ],SHOPPING_ITEM: kan soket $$ COUNTRY: Brazil,hau
travel,plug_type,what kind of socket head is used in the United States?,"11:20:SL:SHOPPING_ITEM,41:47:SL:COUNTRY",[IN:plug_type [SL:SHOPPING_ITEM kan soket] [SL:COUNTRY Amurka] ],SHOPPING_ITEM: kan soket $$ COUNTRY: Amurka,hau
travel,plug_type,what kind of socket head does gambia use?,"11:20:SL:SHOPPING_ITEM,21:27:SL:COUNTRY",[IN:plug_type [SL:SHOPPING_ITEM kan soket] [SL:COUNTRY Gambia] ],SHOPPING_ITEM: kan soket $$ COUNTRY: Gambia,hau
travel,plug_type,what kind of socket head does Niger use?,"11:20:SL:SHOPPING_ITEM,27:32:SL:COUNTRY",[IN:plug_type [SL:SHOPPING_ITEM kan soket] [SL:COUNTRY Niger] ],SHOPPING_ITEM: kan soket $$ COUNTRY: Niger,hau
travel,plug_type,what kind of socket head is used in Germany?,"13:22:SL:SHOPPING_ITEM,43:50:SL:COUNTRY",[IN:plug_type [SL:SHOPPING_ITEM kan soket] [SL:COUNTRY Germany] ],SHOPPING_ITEM: kan soket $$ COUNTRY: Germany,hau
travel,plug_type,what kind of socket head is there in Ghana?,"13:22:SL:SHOPPING_ITEM,36:41:SL:COUNTRY",[IN:plug_type [SL:SHOPPING_ITEM kan soket] [SL:COUNTRY Ghana] ],SHOPPING_ITEM: kan soket $$ COUNTRY: Ghana,hau
travel,plug_type,is the socket head worn in France?,"12:21:SL:SHOPPING_ITEM,24:30:SL:COUNTRY",[IN:plug_type [SL:SHOPPING_ITEM kan soket] [SL:COUNTRY France] ],SHOPPING_ITEM: kan soket $$ COUNTRY: France,hau
travel,plug_type,Is there a difference between Nigerian and Congolese socket heads?,"24:33:SL:SHOPPING_ITEM,38:45:SL:COUNTRY,52:57:SL:COUNTRY",[IN:plug_type [SL:SHOPPING_ITEM kan soket] [SL:COUNTRY Nigeria] [SL:COUNTRY Congo] ],SHOPPING_ITEM: kan soket $$ COUNTRY: Nigeria $$ COUNTRY: Congo,hau
travel,plug_type,Do I need to add a socket head for the Chinese drawing?,"31:40:SL:SHOPPING_ITEM,51:56:SL:COUNTRY",[IN:plug_type [SL:SHOPPING_ITEM kan soket] [SL:COUNTRY China] ],SHOPPING_ITEM: kan soket $$ COUNTRY: China,hau
travel,plug_type,Is there a need to find a different socket head in Congo?,"24:33:SL:SHOPPING_ITEM,52:57:SL:COUNTRY",[IN:plug_type [SL:SHOPPING_ITEM kan soket] [SL:COUNTRY Congo] ],SHOPPING_ITEM: kan soket $$ COUNTRY: Congo,hau
travel,plug_type,is there a need for a special socket head in Saudia?,"19:28:SL:SHOPPING_ITEM,43:49:SL:COUNTRY",[IN:plug_type [SL:SHOPPING_ITEM kan soket] [SL:COUNTRY Saudia] ],SHOPPING_ITEM: kan soket $$ COUNTRY: Saudia,hau
travel,plug_type,is there any similarity between Nigerian and Ghanaian sock heads?,"30:39:SL:SHOPPING_ITEM,44:51:SL:COUNTRY,55:60:SL:COUNTRY",[IN:plug_type [SL:SHOPPING_ITEM kan soket] [SL:COUNTRY Nigeria] [SL:COUNTRY Ghana] ],SHOPPING_ITEM: kan soket $$ COUNTRY: Nigeria $$ COUNTRY: Ghana,hau
travel,plug_type,Is there a 3-foot socket head in this country?,,[IN:plug_type ],,hau
travel,plug_type,the use of a three-foot-long socket in Niger?,33:38:SL:COUNTRY,[IN:plug_type [SL:COUNTRY Niger] ],COUNTRY: Niger,hau
travel,plug_type,I don't have the same kind of socket head that is used in this town,10:19:SL:SHOPPING_ITEM,[IN:plug_type [SL:SHOPPING_ITEM kan soket] ],SHOPPING_ITEM: kan soket,hau
travel,plug_type,Dubai is using a 3-foot socket?,0:5:SL:CITY_OR_PROVINCE,[IN:plug_type [SL:CITY_OR_PROVINCE Dubai] ],CITY_OR_PROVINCE: Dubai,hau
travel,plug_type,a socket head type used in England,"13:22:SL:SHOPPING_ITEM,46:53:SL:COUNTRY",[IN:plug_type [SL:SHOPPING_ITEM kan soket] [SL:COUNTRY England] ],SHOPPING_ITEM: kan soket $$ COUNTRY: England,hau
travel,plug_type,a socket head type socket used in the United States,"13:22:SL:SHOPPING_ITEM,50:56:SL:COUNTRY",[IN:plug_type [SL:SHOPPING_ITEM kan soket] [SL:COUNTRY Amurka] ],SHOPPING_ITEM: kan soket $$ COUNTRY: Amurka,hau
travel,plug_type,the type of socket head needed in this town,13:22:SL:SHOPPING_ITEM,[IN:plug_type [SL:SHOPPING_ITEM kan soket] ],SHOPPING_ITEM: kan soket,hau
travel,plug_type,the width of the socket head as shown here,13:22:SL:SHOPPING_ITEM,[IN:plug_type [SL:SHOPPING_ITEM kan soket] ],SHOPPING_ITEM: kan soket,hau
travel,plug_type,a socket head type socket used in Mali,"13:22:SL:SHOPPING_ITEM,50:54:SL:COUNTRY",[IN:plug_type [SL:SHOPPING_ITEM kan soket] [SL:COUNTRY Mali] ],SHOPPING_ITEM: kan soket $$ COUNTRY: Mali,hau
travel,plug_type,the socket head used in Ghana?,"13:22:SL:SHOPPING_ITEM,50:55:SL:COUNTRY",[IN:plug_type [SL:SHOPPING_ITEM kan soket] [SL:COUNTRY Ghana] ],SHOPPING_ITEM: kan soket $$ COUNTRY: Ghana,hau
travel,plug_type,Where do I hide the socket in the Congo?,"17:26:SL:SHOPPING_ITEM,33:38:SL:COUNTRY",[IN:plug_type [SL:SHOPPING_ITEM kan soket] [SL:COUNTRY Congo] ],SHOPPING_ITEM: kan soket $$ COUNTRY: Congo,hau
travel,plug_type,Would such a socket head work in France?,"12:21:SL:SHOPPING_ITEM,42:48:SL:COUNTRY",[IN:plug_type [SL:SHOPPING_ITEM kan soket] [SL:COUNTRY France] ],SHOPPING_ITEM: kan soket $$ COUNTRY: France,hau
travel,plug_type,such a socket head would work in Kano?,"12:21:SL:SHOPPING_ITEM,42:46:SL:CITY_OR_PROVINCE",[IN:plug_type [SL:SHOPPING_ITEM kan soket] [SL:CITY_OR_PROVINCE Kano] ],SHOPPING_ITEM: kan soket $$ CITY_OR_PROVINCE: Kano,hau
travel,plug_type,like the socket head used in Kenya?,"12:21:SL:SHOPPING_ITEM,46:51:SL:COUNTRY",[IN:plug_type [SL:SHOPPING_ITEM kan soket] [SL:COUNTRY Kenya] ],SHOPPING_ITEM: kan soket $$ COUNTRY: Kenya,hau
travel,plug_type,Is the Nigerian socket the same as the one in Niger?,"0:9:SL:SHOPPING_ITEM,33:40:SL:COUNTRY,59:64:SL:COUNTRY",[IN:plug_type [SL:SHOPPING_ITEM kan soket] [SL:COUNTRY Nigeria] [SL:COUNTRY Niger] ],SHOPPING_ITEM: kan soket $$ COUNTRY: Nigeria $$ COUNTRY: Niger,hau
travel,plug_type,is the Brazilian socket different from the Nigerian one?,"0:9:SL:SHOPPING_ITEM,14:20:SL:COUNTRY,44:51:SL:COUNTRY",[IN:plug_type [SL:SHOPPING_ITEM kan soket] [SL:COUNTRY Brazil] [SL:COUNTRY Nigeria] ],SHOPPING_ITEM: kan soket $$ COUNTRY: Brazil $$ COUNTRY: Nigeria,hau
travel,plug_type,or is this type of socket head not needed?,18:27:SL:SHOPPING_ITEM,[IN:plug_type [SL:SHOPPING_ITEM kan soket] ],SHOPPING_ITEM: kan soket,hau
travel,plug_type,find me a socket with 3 legs,,[IN:plug_type ],,hau
travel,plug_type,Does Niger use a two-foot socket head?,0:5:SL:COUNTRY,[IN:plug_type [SL:COUNTRY Niger] ],COUNTRY: Niger,hau
travel,plug_type,do I need to change the socket if I go to Mali?,"23:32:SL:SHOPPING_ITEM,45:49:SL:COUNTRY",[IN:plug_type [SL:SHOPPING_ITEM kan soket] [SL:COUNTRY Mali] ],SHOPPING_ITEM: kan soket $$ COUNTRY: Mali,hau
travel,plug_type,do I need a special socket head in Brazil?,"17:27:SL:SHOPPING_ITEM,42:48:SL:COUNTRY",[IN:plug_type [SL:SHOPPING_ITEM kan socket] [SL:COUNTRY Brazil] ],SHOPPING_ITEM: kan socket $$ COUNTRY: Brazil,hau
travel,plug_type,do I need a special type of socket head in Germany?,"29:39:SL:SHOPPING_ITEM,54:61:SL:COUNTRY",[IN:plug_type [SL:SHOPPING_ITEM kan socket] [SL:COUNTRY Germany] ],SHOPPING_ITEM: kan socket $$ COUNTRY: Germany,hau
travel,plug_type,how do I know what kind of socket head is used?,18:27:SL:SHOPPING_ITEM,[IN:plug_type [SL:SHOPPING_ITEM kan soket] ],SHOPPING_ITEM: kan soket,hau
travel,plug_type,which country uses such a socket head?,39:48:SL:SHOPPING_ITEM,[IN:plug_type [SL:SHOPPING_ITEM kan soket] ],SHOPPING_ITEM: kan soket,hau
travel,plug_type,this socket head will work in Mecca?,"7:16:SL:SHOPPING_ITEM,37:42:SL:CITY_OR_PROVINCE",[IN:plug_type [SL:SHOPPING_ITEM kan soket] [SL:CITY_OR_PROVINCE Makka] ],SHOPPING_ITEM: kan soket $$ CITY_OR_PROVINCE: Makka,hau
travel,plug_type,Will this socket head even make a mobile phone call to America?,"7:16:SL:SHOPPING_ITEM,31:42:SL:SHOPPING_ITEM,49:56:SL:COUNTRY",[IN:plug_type [SL:SHOPPING_ITEM kan soket] [SL:SHOPPING_ITEM wayar hannu] [SL:COUNTRY America] ],SHOPPING_ITEM: kan soket $$ SHOPPING_ITEM: wayar hannu $$ COUNTRY: America,hau
travel,plug_type,will this socket head work in Ghana?,"7:16:SL:SHOPPING_ITEM,34:39:SL:COUNTRY",[IN:plug_type [SL:SHOPPING_ITEM kan soket] [SL:COUNTRY Ghana] ],SHOPPING_ITEM: kan soket $$ COUNTRY: Ghana,hau
travel,plug_type,will this socket head be useful to me in France?,"7:16:SL:SHOPPING_ITEM,38:44:SL:COUNTRY",[IN:plug_type [SL:SHOPPING_ITEM kan soket] [SL:COUNTRY France] ],SHOPPING_ITEM: kan soket $$ COUNTRY: France,hau
travel,plug_type,is this socket head going to be here?,7:16:SL:SHOPPING_ITEM,[IN:plug_type [SL:SHOPPING_ITEM kan soket] ],SHOPPING_ITEM: kan soket,hau
travel,plug_type,this socket head will work in Russia?,"7:16:SL:SHOPPING_ITEM,37:43:SL:COUNTRY",[IN:plug_type [SL:SHOPPING_ITEM kan soket] [SL:COUNTRY Russia] ],SHOPPING_ITEM: kan soket $$ COUNTRY: Russia,hau
travel,plug_type,is this the same type of socket head used in Niger?,"15:24:SL:SHOPPING_ITEM,52:57:SL:COUNTRY",[IN:plug_type [SL:SHOPPING_ITEM kan soket] [SL:COUNTRY Niger] ],SHOPPING_ITEM: kan soket $$ COUNTRY: Niger,hau
travel,plug_type,what kind of socket head is used in Iran?,"11:20:SL:SHOPPING_ITEM,41:45:SL:COUNTRY",[IN:plug_type [SL:SHOPPING_ITEM kan soket] [SL:COUNTRY Iran] ],SHOPPING_ITEM: kan soket $$ COUNTRY: Iran,hau
travel,plug_type,what kind of socket head is used in Morocco?,"11:20:SL:SHOPPING_ITEM,41:48:SL:COUNTRY",[IN:plug_type [SL:SHOPPING_ITEM kan soket] [SL:COUNTRY Morocco] ],SHOPPING_ITEM: kan soket $$ COUNTRY: Morocco,hau
travel,plug_type,what kind of socket head is used in Nigeria?,"11:20:SL:SHOPPING_ITEM,41:48:SL:COUNTRY",[IN:plug_type [SL:SHOPPING_ITEM kan soket] [SL:COUNTRY Nigeria] ],SHOPPING_ITEM: kan soket $$ COUNTRY: Nigeria,hau
travel,plug_type,what kind of socket head is used in Russia?,"11:20:SL:SHOPPING_ITEM,41:47:SL:COUNTRY",[IN:plug_type [SL:SHOPPING_ITEM kan soket] [SL:COUNTRY Russia] ],SHOPPING_ITEM: kan soket $$ COUNTRY: Russia,hau
travel,plug_type,what kind of socket head is there in Kazaure?,"11:20:SL:SHOPPING_ITEM,34:41:SL:CITY_OR_PROVINCE",[IN:plug_type [SL:SHOPPING_ITEM kan soket] [SL:CITY_OR_PROVINCE Kazaure] ],SHOPPING_ITEM: kan soket $$ CITY_OR_PROVINCE: Kazaure,hau
travel,plug_type,what kind of socket head is used in Brazil?,"11:20:SL:SHOPPING_ITEM,45:51:SL:COUNTRY",[IN:plug_type [SL:SHOPPING_ITEM kan soket] [SL:COUNTRY Brazil] ],SHOPPING_ITEM: kan soket $$ COUNTRY: Brazil,hau
travel,plug_type,what kind of socket head is used?,11:20:SL:SHOPPING_ITEM,[IN:plug_type [SL:SHOPPING_ITEM kan soket] ],SHOPPING_ITEM: kan soket,hau
travel,plug_type,what kind of socket head is used in Mali?,"11:20:SL:SHOPPING_ITEM,27:31:SL:COUNTRY",[IN:plug_type [SL:SHOPPING_ITEM kan soket] [SL:COUNTRY Mali] ],SHOPPING_ITEM: kan soket $$ COUNTRY: Mali,hau
travel,plug_type,what kind of socket head is used in this country?,11:20:SL:SHOPPING_ITEM,[IN:plug_type [SL:SHOPPING_ITEM kan soket] ],SHOPPING_ITEM: kan soket,hau
travel,plug_type,what kind of socket is this town on?,11:20:SL:SHOPPING_ITEM,[IN:plug_type [SL:SHOPPING_ITEM kan soket] ],SHOPPING_ITEM: kan soket,hau
travel,plug_type,what kind of socket head does Niger use?,"11:20:SL:SHOPPING_ITEM,21:26:SL:COUNTRY",[IN:plug_type [SL:SHOPPING_ITEM kan soket] [SL:COUNTRY Niger] ],SHOPPING_ITEM: kan soket $$ COUNTRY: Niger,hau
travel,plug_type,what kind of socket should I buy in Niger?,"11:20:SL:SHOPPING_ITEM,41:46:SL:COUNTRY",[IN:plug_type [SL:SHOPPING_ITEM kan soket] [SL:COUNTRY Niger] ],SHOPPING_ITEM: kan soket $$ COUNTRY: Niger,hau
travel,plug_type,what kind of socket head do I need in Niger?,"11:20:SL:SHOPPING_ITEM,35:40:SL:COUNTRY",[IN:plug_type [SL:SHOPPING_ITEM kan soket] [SL:COUNTRY Niger] ],SHOPPING_ITEM: kan soket $$ COUNTRY: Niger,hau
travel,plug_type,what kind of socket head do I need for my phone?,"11:20:SL:SHOPPING_ITEM,39:43:SL:SHOPPING_ITEM",[IN:plug_type [SL:SHOPPING_ITEM kan soket] [SL:SHOPPING_ITEM waya] ],SHOPPING_ITEM: kan soket $$ SHOPPING_ITEM: waya,hau
travel,plug_type,what color socket head do I need in Egypt?,"12:21:SL:SHOPPING_ITEM,35:40:SL:COUNTRY",[IN:plug_type [SL:SHOPPING_ITEM kan soket] [SL:COUNTRY Egypt] ],SHOPPING_ITEM: kan soket $$ COUNTRY: Egypt,hau
travel,plug_type,can I find out what kind of socket head I need in France?,"17:27:SL:SHOPPING_ITEM,49:56:SL:COUNTRY",[IN:plug_type [SL:SHOPPING_ITEM kan socket] [SL:COUNTRY Faransa] ],SHOPPING_ITEM: kan socket $$ COUNTRY: Faransa,hau
travel,plug_type,will I need a different socket head in Brazil?,"16:25:SL:SHOPPING_ITEM,37:43:SL:COUNTRY",[IN:plug_type [SL:SHOPPING_ITEM kan soket] [SL:COUNTRY Brazil] ],SHOPPING_ITEM: kan soket $$ COUNTRY: Brazil,hau
travel,plug_type,would I need a special socket head in Niger?,"16:25:SL:SHOPPING_ITEM,40:45:SL:COUNTRY",[IN:plug_type [SL:SHOPPING_ITEM kan soket] [SL:COUNTRY Niger] ],SHOPPING_ITEM: kan soket $$ COUNTRY: Niger,hau
travel,plug_type,can I know what kind of socket head is used in Ghana?,"25:34:SL:SHOPPING_ITEM,49:54:SL:COUNTRY",[IN:plug_type [SL:SHOPPING_ITEM kan soket] [SL:COUNTRY Ghana] ],SHOPPING_ITEM: kan soket $$ COUNTRY: Ghana,hau
travel,plug_type,"I'm going to Kenya, what kind of socket head should I buy?","7:12:SL:COUNTRY,25:34:SL:SHOPPING_ITEM",[IN:plug_type [SL:COUNTRY Kenya] [SL:SHOPPING_ITEM kan soket] ],COUNTRY: Kenya $$ SHOPPING_ITEM: kan soket,hau
travel,plug_type,a socket head type socket used in Nigeria,"13:22:SL:SHOPPING_ITEM,46:53:SL:COUNTRY",[IN:plug_type [SL:SHOPPING_ITEM kan soket] [SL:COUNTRY Nigeria] ],SHOPPING_ITEM: kan soket $$ COUNTRY: Nigeria,hau
travel,plug_type,a socket head type of socket used in Niger,"13:22:SL:SHOPPING_ITEM,50:55:SL:COUNTRY",[IN:plug_type [SL:SHOPPING_ITEM kan soket] [SL:COUNTRY Niger] ],SHOPPING_ITEM: kan soket $$ COUNTRY: Niger,hau
travel,plug_type,the socket head in Brazil,"19:28:SL:SHOPPING_ITEM,40:46:SL:COUNTRY",[IN:plug_type [SL:SHOPPING_ITEM kan soket] [SL:COUNTRY Brazil] ],SHOPPING_ITEM: kan soket $$ COUNTRY: Brazil,hau
travel,plug_type,the bottom of a socket head used in Kenya?,"11:20:SL:SHOPPING_ITEM,48:53:SL:COUNTRY",[IN:plug_type [SL:SHOPPING_ITEM kan soket] [SL:COUNTRY Kenya] ],SHOPPING_ITEM: kan soket $$ COUNTRY: Kenya,hau
travel,plug_type,Is this the American socket head?,"15:24:SL:SHOPPING_ITEM,35:42:SL:COUNTRY",[IN:plug_type [SL:SHOPPING_ITEM kan soket] [SL:COUNTRY America] ],SHOPPING_ITEM: kan soket $$ COUNTRY: America,hau
travel,plug_type,what kind of socket head is used in Burundi?,"11:20:SL:SHOPPING_ITEM,41:48:SL:COUNTRY",[IN:plug_type [SL:SHOPPING_ITEM kan soket] [SL:COUNTRY Burundi] ],SHOPPING_ITEM: kan soket $$ COUNTRY: Burundi,hau
travel,plug_type,what kind of socket is used in south africa?,"11:16:SL:SHOPPING_ITEM,41:55:SL:COUNTRY",[IN:plug_type [SL:SHOPPING_ITEM soket] [SL:COUNTRY afrika ta kudu] ],SHOPPING_ITEM: soket $$ COUNTRY: afrika ta kudu,hau
travel,plug_type,can I connect to a socket in Germany?,"12:21:SL:SHOPPING_ITEM,24:31:SL:COUNTRY",[IN:plug_type [SL:SHOPPING_ITEM kan soket] [SL:COUNTRY Germany] ],SHOPPING_ITEM: kan soket $$ COUNTRY: Germany,hau
travel,timezone,Saudi Arabia is in what time zone?,10:18:SL:COUNTRY,[IN:timezone [SL:COUNTRY Saudiyya] ],COUNTRY: Saudiyya,hau
travel,timezone,what time zone is Ghana in?,26:31:SL:COUNTRY,[IN:timezone [SL:COUNTRY Ghana] ],COUNTRY: Ghana,hau
travel,timezone,Tell me what time zone is Saudi Arabia in?,9:17:SL:COUNTRY,[IN:timezone [SL:COUNTRY Saudiyya] ],COUNTRY: Saudiyya,hau
travel,timezone,tell me what time zone Abuja is in,28:33:SL:CITY_OR_PROVINCE,[IN:timezone [SL:CITY_OR_PROVINCE Abuja] ],CITY_OR_PROVINCE: Abuja,hau
travel,timezone,tell me what time zone Lisbon is in,28:34:SL:CITY_OR_PROVINCE,[IN:timezone [SL:CITY_OR_PROVINCE Lisbon] ],CITY_OR_PROVINCE: Lisbon,hau
travel,timezone,"if I am in Abuja, what time zone am I in?",15:20:SL:CITY_OR_PROVINCE,[IN:timezone [SL:CITY_OR_PROVINCE Abuja] ],CITY_OR_PROVINCE: Abuja,hau
travel,timezone,"if I'm in Lisbon, what time zone am I in?",15:21:SL:CITY_OR_PROVINCE,[IN:timezone [SL:CITY_OR_PROVINCE Lisbon] ],CITY_OR_PROVINCE: Lisbon,hau
travel,timezone,do you know the time zone of Abuja?,22:27:SL:CITY_OR_PROVINCE,[IN:timezone [SL:CITY_OR_PROVINCE Abuja] ],CITY_OR_PROVINCE: Abuja,hau
travel,timezone,What time zone is Lisbon in?,0:6:SL:CITY_OR_PROVINCE,[IN:timezone [SL:CITY_OR_PROVINCE Lisbon] ],CITY_OR_PROVINCE: Lisbon,hau
travel,timezone,what was the area of the time of Abijah?,22:27:SL:CITY_OR_PROVINCE,[IN:timezone [SL:CITY_OR_PROVINCE Abuja] ],CITY_OR_PROVINCE: Abuja,hau
travel,timezone,what is the time zone of lisbon,22:28:SL:CITY_OR_PROVINCE,[IN:timezone [SL:CITY_OR_PROVINCE Lisbon] ],CITY_OR_PROVINCE: Lisbon,hau
travel,timezone,what is the time zone of Lisbon?,22:28:SL:CITY_OR_PROVINCE,[IN:timezone [SL:CITY_OR_PROVINCE Lisbon] ],CITY_OR_PROVINCE: Lisbon,hau
travel,timezone,Tell me Saudi Arabia is in what time zone?,11:19:SL:COUNTRY,[IN:timezone [SL:COUNTRY Saudiyya] ],COUNTRY: Saudiyya,hau
travel,timezone,what time is it in Lisbon,15:21:SL:CITY_OR_PROVINCE,[IN:timezone [SL:CITY_OR_PROVINCE Lisbon] ],CITY_OR_PROVINCE: Lisbon,hau
travel,timezone,what time zone is Abuja in,22:27:SL:CITY_OR_PROVINCE,[IN:timezone [SL:CITY_OR_PROVINCE Abuja] ],CITY_OR_PROVINCE: Abuja,hau
travel,timezone,what time zone in Abuja?,23:28:SL:CITY_OR_PROVINCE,[IN:timezone [SL:CITY_OR_PROVINCE Abuja] ],CITY_OR_PROVINCE: Abuja,hau
travel,timezone,Is there a time difference between Niger and Ghana?,"32:37:SL:COUNTRY,41:46:SL:COUNTRY",[IN:timezone [SL:COUNTRY Nijar] [SL:COUNTRY Ghana] ],COUNTRY: Nijar $$ COUNTRY: Ghana,hau
travel,timezone,Is there a time difference between Niger and Saudi Arabia?,"32:37:SL:COUNTRY,41:49:SL:COUNTRY",[IN:timezone [SL:COUNTRY Nijar] [SL:COUNTRY Saudiyya] ],COUNTRY: Nijar $$ COUNTRY: Saudiyya,hau
travel,timezone,Is there a time difference between Nigeria and Togo?,"32:40:SL:COUNTRY,44:48:SL:COUNTRY",[IN:timezone [SL:COUNTRY Nijeriya] [SL:COUNTRY Togo] ],COUNTRY: Nijeriya $$ COUNTRY: Togo,hau
travel,timezone,Is there a time difference between Nigeria and Uganda?,"32:40:SL:COUNTRY,44:50:SL:COUNTRY",[IN:timezone [SL:COUNTRY Nijeriya] [SL:COUNTRY Uganda] ],COUNTRY: Nijeriya $$ COUNTRY: Uganda,hau
travel,timezone,Does Amruka have a different time zone?,0:6:SL:COUNTRY,[IN:timezone [SL:COUNTRY Amruka] ],COUNTRY: Amruka,hau
travel,timezone,what time zone is Nigeria?,10:18:SL:COUNTRY,[IN:timezone [SL:COUNTRY Nijeriya] ],COUNTRY: Nijeriya,hau
travel,timezone,tell me what time zone Uganda is in,28:34:SL:COUNTRY,[IN:timezone [SL:COUNTRY Uganda] ],COUNTRY: Uganda,hau
travel,timezone,or what time zone Dubai is using?,29:34:SL:CITY_OR_PROVINCE,[IN:timezone [SL:CITY_OR_PROVINCE Dubai] ],CITY_OR_PROVINCE: Dubai,hau
travel,timezone,what is the time zone of Uganda?,22:28:SL:COUNTRY,[IN:timezone [SL:COUNTRY Uganda] ],COUNTRY: Uganda,hau
travel,timezone,Nigeria and Ghana are on the same continent?,16:21:SL:COUNTRY,[IN:timezone [SL:COUNTRY Ghana] ],COUNTRY: Ghana,hau
travel,timezone,Tell me Nigeria what time zone is it?,9:17:SL:COUNTRY,[IN:timezone [SL:COUNTRY Nijeriya] ],COUNTRY: Nijeriya,hau
travel,timezone,Tell me what time zone is Uganda in?,9:15:SL:COUNTRY,[IN:timezone [SL:COUNTRY Uganda] ],COUNTRY: Uganda,hau
travel,timezone,tell me what time zone ghana is using,28:33:SL:COUNTRY,[IN:timezone [SL:COUNTRY ghana] ],COUNTRY: ghana,hau
travel,timezone,tell me what time zone Nigeria is using,28:36:SL:COUNTRY,[IN:timezone [SL:COUNTRY Nijeriya] ],COUNTRY: Nijeriya,hau
travel,timezone,tell me what time zone Togo is in,28:32:SL:COUNTRY,[IN:timezone [SL:COUNTRY Togo] ],COUNTRY: Togo,hau
travel,timezone,"if I'm in Ghana, what time zone am I in?",15:20:SL:COUNTRY,[IN:timezone [SL:COUNTRY Ghana] ],COUNTRY: Ghana,hau
travel,timezone,"if I am in Togo, what time zone am I in?",15:19:SL:COUNTRY,[IN:timezone [SL:COUNTRY Togo] ],COUNTRY: Togo,hau
travel,timezone,"if I'm in Uganda, what time zone am I in?",15:21:SL:COUNTRY,[IN:timezone [SL:COUNTRY Uganda] ],COUNTRY: Uganda,hau
travel,timezone,"If you are in Niger, what time zone are you in?",16:21:SL:COUNTRY,[IN:timezone [SL:COUNTRY Nijar] ],COUNTRY: Nijar,hau
travel,timezone,"If you are in Saudi Arabia, what time zone are you in?",16:24:SL:COUNTRY,[IN:timezone [SL:COUNTRY Saudiyya] ],COUNTRY: Saudiyya,hau
travel,timezone,"Where is Nigeria now, or do you know the area when she used it?","4:12:SL:COUNTRY,13:20:SL:TIME",[IN:timezone [SL:COUNTRY nijeriya] [SL:TIME a yanzu] ],COUNTRY: nijeriya $$ TIME: a yanzu,hau
travel,timezone,do you know the time zone of china?,22:27:SL:COUNTRY,[IN:timezone [SL:COUNTRY china] ],COUNTRY: china,hau
travel,timezone,or do you know the time zone that Nigeria uses?,28:36:SL:COUNTRY,[IN:timezone [SL:COUNTRY Nijeriya] ],COUNTRY: Nijeriya,hau
travel,timezone,what is the time zone in Mali?,23:27:SL:COUNTRY,[IN:timezone [SL:COUNTRY Mali] ],COUNTRY: Mali,hau
travel,timezone,what is the time zone in russia,23:28:SL:COUNTRY,[IN:timezone [SL:COUNTRY Rasha] ],COUNTRY: Rasha,hau
travel,timezone,what is the time zone of india,22:28:SL:COUNTRY,[IN:timezone [SL:COUNTRY Indiya] ],COUNTRY: Indiya,hau
travel,timezone,what is the time zone of Zambia?,22:28:SL:COUNTRY,[IN:timezone [SL:COUNTRY Zambia] ],COUNTRY: Zambia,hau
travel,timezone,What time zone is Nigeria in?,0:8:SL:COUNTRY,[IN:timezone [SL:COUNTRY Nijeriya] ],COUNTRY: Nijeriya,hau
travel,timezone,Tell me Nigeria is in what time zone?,11:19:SL:COUNTRY,[IN:timezone [SL:COUNTRY Nijeriya] ],COUNTRY: Nijeriya,hau
travel,timezone,Please tell me Uganda is in what time zone?,11:17:SL:COUNTRY,[IN:timezone [SL:COUNTRY Uganda] ],COUNTRY: Uganda,hau
travel,timezone,Saudi Arabia is in what time zone?,0:8:SL:COUNTRY,[IN:timezone [SL:COUNTRY Saudiyya] ],COUNTRY: Saudiyya,hau
travel,timezone,Does Saudi Arabia have a different time zone?,0:8:SL:COUNTRY,[IN:timezone [SL:COUNTRY Saudiyya] ],COUNTRY: Saudiyya,hau
travel,timezone,Do you know what the time zone is in Ghana now?,"35:40:SL:COUNTRY,41:48:SL:TIME",[IN:timezone [SL:COUNTRY Ghana] [SL:TIME a yanzu] ],COUNTRY: Ghana $$ TIME: a yanzu,hau
travel,timezone,What time zone is Nigeria in?,5:13:SL:COUNTRY,[IN:timezone [SL:COUNTRY Nijeriya] ],COUNTRY: Nijeriya,hau
travel,timezone,What time zone is Uganda in?,5:11:SL:COUNTRY,[IN:timezone [SL:COUNTRY Uganda] ],COUNTRY: Uganda,hau
travel,timezone,How can I find out what time zone Nigeria is in?,16:24:SL:COUNTRY,[IN:timezone [SL:COUNTRY Nijeriya] ],COUNTRY: Nijeriya,hau
travel,timezone,Togo is in what time zone?,0:4:SL:COUNTRY,[IN:timezone [SL:COUNTRY Togo] ],COUNTRY: Togo,hau
travel,timezone,what time will France be in this month?,"15:22:SL:COUNTRY,43:55:SL:DATE",[IN:timezone [SL:COUNTRY Faransa] [SL:DATE wannan watan] ],COUNTRY: Faransa $$ DATE: wannan watan,hau
travel,timezone,what time is it in Ghana,15:20:SL:COUNTRY,[IN:timezone [SL:COUNTRY Ghana] ],COUNTRY: Ghana,hau
travel,timezone,what time is it in nigeria,15:23:SL:COUNTRY,[IN:timezone [SL:COUNTRY Nijeriya] ],COUNTRY: Nijeriya,hau
travel,timezone,what time is it in saudi arabia,15:23:SL:COUNTRY,[IN:timezone [SL:COUNTRY Saudiyya] ],COUNTRY: Saudiyya,hau
travel,timezone,what time will Saudi Arabia be in this month?,"15:23:SL:COUNTRY,44:56:SL:DATE",[IN:timezone [SL:COUNTRY Saudiyya] [SL:DATE wannan watan] ],COUNTRY: Saudiyya $$ DATE: wannan watan,hau
travel,timezone,what time is used by pakistan,12:20:SL:COUNTRY,[IN:timezone [SL:COUNTRY pakistan] ],COUNTRY: pakistan,hau
travel,timezone,what time does Saudi Arabia use,12:20:SL:COUNTRY,[IN:timezone [SL:COUNTRY Saudiyya] ],COUNTRY: Saudiyya,hau
travel,timezone,what time zone is Pakistan using?,24:32:SL:COUNTRY,[IN:timezone [SL:COUNTRY pakistan] ],COUNTRY: pakistan,hau
travel,timezone,what time zone is germany in,22:27:SL:COUNTRY,[IN:timezone [SL:COUNTRY Jamus] ],COUNTRY: Jamus,hau
travel,timezone,what time zone will I be in if I travel to Ghana?,57:62:SL:COUNTRY,[IN:timezone [SL:COUNTRY Ghana] ],COUNTRY: Ghana,hau
travel,timezone,what time zone will I be in if I travel to Saudi Arabia?,57:65:SL:COUNTRY,[IN:timezone [SL:COUNTRY Saudiyya] ],COUNTRY: Saudiyya,hau
travel,timezone,what time zone is Nigeria using?,19:27:SL:COUNTRY,[IN:timezone [SL:COUNTRY Nijeriya] ],COUNTRY: Nijeriya,hau
travel,timezone,what time zone is used in Niger?,39:44:SL:COUNTRY,[IN:timezone [SL:COUNTRY Nijar] ],COUNTRY: Nijar,hau
travel,timezone,what time zone do they use in Saudi Arabia?,39:47:SL:COUNTRY,[IN:timezone [SL:COUNTRY Saudiyya] ],COUNTRY: Saudiyya,hau
travel,timezone,what time zone is in England?,23:29:SL:COUNTRY,[IN:timezone [SL:COUNTRY Ingila] ],COUNTRY: Ingila,hau
travel,timezone,Can you tell me what time zone Togo is in?,42:46:SL:COUNTRY,[IN:timezone [SL:COUNTRY Togo] ],COUNTRY: Togo,hau
travel,timezone,can you tell me the time zone of Saudi Arabia,35:43:SL:COUNTRY,[IN:timezone [SL:COUNTRY Saudiyya] ],COUNTRY: Saudiyya,hau
travel,timezone,can you tell me the time zone of Sudan,35:40:SL:COUNTRY,[IN:timezone [SL:COUNTRY Sudan] ],COUNTRY: Sudan,hau
travel,timezone,can you tell me what time zone is Nigeria in?,18:26:SL:COUNTRY,[IN:timezone [SL:COUNTRY Nijeriya] ],COUNTRY: Nijeriya,hau
travel,timezone,tell me what time zone Saudi Arabia is using,28:36:SL:COUNTRY,[IN:timezone [SL:COUNTRY Saudiyya] ],COUNTRY: Saudiyya,hau
travel,timezone,"if I'm in Saudi Arabia, what time zone am I in?",15:23:SL:COUNTRY,[IN:timezone [SL:COUNTRY Saudiyya] ],COUNTRY: Saudiyya,hau
travel,timezone,what is the time zone in Saudi Arabia?,23:31:SL:COUNTRY,[IN:timezone [SL:COUNTRY Saudiyya] ],COUNTRY: Saudiyya,hau
travel,timezone,Do you know what the Saudi time zone is now?,"35:43:SL:COUNTRY,44:51:SL:TIME",[IN:timezone [SL:COUNTRY Saudiyya] [SL:TIME a yanzu] ],COUNTRY: Saudiyya $$ TIME: a yanzu,hau
travel,timezone,What time zone is Saudi Arabia in?,5:13:SL:COUNTRY,[IN:timezone [SL:COUNTRY Saudiyya] ],COUNTRY: Saudiyya,hau
travel,timezone,what time zone is Saudi Arabia in,22:30:SL:COUNTRY,[IN:timezone [SL:COUNTRY Saudiyya] ],COUNTRY: Saudiyya,hau
travel,timezone,what time zone will Saudi Arabia be in?,25:33:SL:COUNTRY,[IN:timezone [SL:COUNTRY Saudiyya] ],COUNTRY: Saudiyya,hau
travel,timezone,Can you tell me which Saudi time zone is in?,42:50:SL:COUNTRY,[IN:timezone [SL:COUNTRY Saudiyya] ],COUNTRY: Saudiyya,hau
travel,translate,What is the Portuguese word for car?,2:9:SL:COUNTRY,[IN:translate [SL:COUNTRY Fotigal] ],COUNTRY: Fotigal,hau
travel,translate,"In India, what is a casket?","2:8:SL:COUNTRY,22:28:SL:SHOPPING_ITEM",[IN:translate [SL:COUNTRY indiya] [SL:SHOPPING_ITEM akwati] ],COUNTRY: indiya $$ SHOPPING_ITEM: akwati,hau
travel,translate,"In India, what is a banana?","2:8:SL:COUNTRY,22:27:SL:DISH_OR_FOOD",[IN:translate [SL:COUNTRY indiya] [SL:DISH_OR_FOOD ayaba] ],COUNTRY: indiya $$ DISH_OR_FOOD: ayaba,hau
travel,translate,In Iran I would say the clock is not running right?,"2:6:SL:COUNTRY,17:23:SL:SHOPPING_ITEM",[IN:translate [SL:COUNTRY Iran] [SL:SHOPPING_ITEM agogon] ],COUNTRY: Iran $$ SHOPPING_ITEM: agogon,hau
travel,translate,"In Iran, should I say shoes?","2:6:SL:COUNTRY,17:24:SL:SHOPPING_ITEM",[IN:translate [SL:COUNTRY Iran] [SL:SHOPPING_ITEM takalmi] ],COUNTRY: Iran $$ SHOPPING_ITEM: takalmi,hau
travel,translate,Interpreting for the hospital in Igbo,23:33:SL:LANGUAGE_NAME,[IN:translate [SL:LANGUAGE_NAME yaren igbo] ],LANGUAGE_NAME: yaren igbo,hau
travel,translate,Interpreting for me in Igbo,20:30:SL:LANGUAGE_NAME,[IN:translate [SL:LANGUAGE_NAME yaren Igbo] ],LANGUAGE_NAME: yaren Igbo,hau
travel,translate,Translation for Tinkiya and English,23:36:SL:LANGUAGE_NAME,[IN:translate [SL:LANGUAGE_NAME yaren Turanci] ],LANGUAGE_NAME: yaren Turanci,hau
travel,translate,I want you to translate the river water for me in Arabic,36:52:SL:LANGUAGE_NAME,[IN:translate [SL:LANGUAGE_NAME harshen yarabawa] ],LANGUAGE_NAME: harshen yarabawa,hau
travel,translate,I want you to translate hello to me in Arabic,39:55:SL:LANGUAGE_NAME,[IN:translate [SL:LANGUAGE_NAME harshen yarabawa] ],LANGUAGE_NAME: harshen yarabawa,hau
travel,translate,What is the Italian word for street?,19:32:SL:LANGUAGE_NAME,[IN:translate [SL:LANGUAGE_NAME yaren Italiya] ],LANGUAGE_NAME: yaren Italiya,hau
travel,translate,What is an apple in Arabic?,"12:17:SL:DISH_OR_FOOD,21:28:SL:LANGUAGE_NAME",[IN:translate [SL:DISH_OR_FOOD tuffa] [SL:LANGUAGE_NAME larabci] ],DISH_OR_FOOD: tuffa $$ LANGUAGE_NAME: larabci,hau
travel,translate,What is the Arabic word for zann?,"12:19:SL:SHOPPING_ITEM,22:35:SL:LANGUAGE_NAME",[IN:translate [SL:SHOPPING_ITEM zannuwa] [SL:LANGUAGE_NAME yaren larabci] ],SHOPPING_ITEM: zannuwa $$ LANGUAGE_NAME: yaren larabci,hau
travel,translate,Should I say horse in French?,18:28:SL:LANGUAGE_NAME,[IN:translate [SL:LANGUAGE_NAME faransanci] ],LANGUAGE_NAME: faransanci,hau
travel,translate,Should I say that I have been in France?,20:27:SL:LANGUAGE_NAME,[IN:translate [SL:LANGUAGE_NAME Faransa] ],LANGUAGE_NAME: Faransa,hau
travel,translate,Should I say that I am staying in Italy?,20:27:SL:COUNTRY,[IN:translate [SL:COUNTRY Italiya] ],COUNTRY: Italiya,hau
travel,translate,"In India, what is rice?","2:8:SL:COUNTRY,22:30:SL:DISH_OR_FOOD",[IN:translate [SL:COUNTRY indiya] [SL:DISH_OR_FOOD shinkafa] ],COUNTRY: indiya $$ DISH_OR_FOOD: shinkafa,hau
travel,translate,God's son told me the name of the food in German,35:48:SL:LANGUAGE_NAME,[IN:translate [SL:LANGUAGE_NAME harshen Jamus] ],LANGUAGE_NAME: harshen Jamus,hau
travel,translate,Interpreting the water baptism in Igbo,"12:16:SL:DISH_OR_FOOD,20:30:SL:LANGUAGE_NAME",[IN:translate [SL:DISH_OR_FOOD ruwa] [SL:LANGUAGE_NAME yaren Igbo] ],DISH_OR_FOOD: ruwa $$ LANGUAGE_NAME: yaren Igbo,hau
travel,translate,translate this sentence from English to Hausa for me,"31:38:SL:LANGUAGE_NAME,44:49:SL:LANGUAGE_NAME",[IN:translate [SL:LANGUAGE_NAME turanci] [SL:LANGUAGE_NAME hausa] ],LANGUAGE_NAME: turanci $$ LANGUAGE_NAME: hausa,hau
travel,translate,Translate bananas to English for me?,"12:17:SL:DISH_OR_FOOD,21:28:SL:LANGUAGE_NAME",[IN:translate [SL:DISH_OR_FOOD ayaba] [SL:LANGUAGE_NAME turanci] ],DISH_OR_FOOD: ayaba $$ LANGUAGE_NAME: turanci,hau
travel,translate,Interpreting for my home in Igbo,20:30:SL:LANGUAGE_NAME,[IN:translate [SL:LANGUAGE_NAME yaren Igbo] ],LANGUAGE_NAME: yaren Igbo,hau
travel,translate,Interpreting for me in both Spanish and Portuguese,"12:16:SL:SHOPPING_ITEM,20:35:SL:LANGUAGE_NAME",[IN:translate [SL:SHOPPING_ITEM hula] [SL:LANGUAGE_NAME harshen Spanish] ],SHOPPING_ITEM: hula $$ LANGUAGE_NAME: harshen Spanish,hau
travel,translate,Interpreting for me in Igbo,"12:16:SL:SHOPPING_ITEM,20:31:SL:LANGUAGE_NAME",[IN:translate [SL:SHOPPING_ITEM jaka] [SL:LANGUAGE_NAME yaren igala] ],SHOPPING_ITEM: jaka $$ LANGUAGE_NAME: yaren igala,hau
travel,translate,Interpreting for the school in Igbo,25:35:SL:LANGUAGE_NAME,[IN:translate [SL:LANGUAGE_NAME yaren igbo] ],LANGUAGE_NAME: yaren igbo,hau
travel,translate,Translating for me in Kinyawarda,"12:16:SL:SHOPPING_ITEM,20:38:SL:LANGUAGE_NAME",[IN:translate [SL:SHOPPING_ITEM riga] [SL:LANGUAGE_NAME harshen Kinyawarda] ],SHOPPING_ITEM: riga $$ LANGUAGE_NAME: harshen Kinyawarda,hau
travel,translate,Interpreting the water for me in Italian,"12:16:SL:DISH_OR_FOOD,20:35:SL:LANGUAGE_NAME",[IN:translate [SL:DISH_OR_FOOD ruwa] [SL:LANGUAGE_NAME harshen Italiya] ],DISH_OR_FOOD: ruwa $$ LANGUAGE_NAME: harshen Italiya,hau
travel,translate,Interpreting the water baptism in Arabic,"12:16:SL:DISH_OR_FOOD,20:36:SL:LANGUAGE_NAME",[IN:translate [SL:DISH_OR_FOOD ruwa] [SL:LANGUAGE_NAME harshen yarabawa] ],DISH_OR_FOOD: ruwa $$ LANGUAGE_NAME: harshen yarabawa,hau
travel,translate,Interpreting the water for me in the Kanuri language,"12:16:SL:DISH_OR_FOOD,20:32:SL:LANGUAGE_NAME",[IN:translate [SL:DISH_OR_FOOD ruwa] [SL:LANGUAGE_NAME yaren Kanuri] ],DISH_OR_FOOD: ruwa $$ LANGUAGE_NAME: yaren Kanuri,hau
travel,translate,Interpreting for me in English,"12:16:SL:DISH_OR_FOOD,20:33:SL:LANGUAGE_NAME",[IN:translate [SL:DISH_OR_FOOD ruwa] [SL:LANGUAGE_NAME yaren Turanci] ],DISH_OR_FOOD: ruwa $$ LANGUAGE_NAME: yaren Turanci,hau
travel,translate,Can you tell me the name of the food in German?,25:38:SL:LANGUAGE_NAME,[IN:translate [SL:LANGUAGE_NAME harshen Jamus] ],LANGUAGE_NAME: harshen Jamus,hau
travel,translate,Tell me the name of the watch in English,"15:20:SL:SHOPPING_ITEM,24:31:SL:LANGUAGE_NAME",[IN:translate [SL:SHOPPING_ITEM agogo] [SL:LANGUAGE_NAME Turanci] ],SHOPPING_ITEM: agogo $$ LANGUAGE_NAME: Turanci,hau
travel,translate,Can you tell me the name of the school in Chinese?,28:41:SL:LANGUAGE_NAME,[IN:translate [SL:LANGUAGE_NAME harshen China] ],LANGUAGE_NAME: harshen China,hau
travel,translate,Please tell me the name of the letter in English,25:32:SL:LANGUAGE_NAME,[IN:translate [SL:LANGUAGE_NAME Turanci] ],LANGUAGE_NAME: Turanci,hau
travel,translate,Tell me the name of the tea in English,"15:20:SL:DISH_OR_FOOD,24:31:SL:LANGUAGE_NAME",[IN:translate [SL:DISH_OR_FOOD shayi] [SL:LANGUAGE_NAME Turanci] ],DISH_OR_FOOD: shayi $$ LANGUAGE_NAME: Turanci,hau
travel,translate,Tell me the name of the ring in English,"15:19:SL:SHOPPING_ITEM,23:30:SL:LANGUAGE_NAME",[IN:translate [SL:SHOPPING_ITEM zobe] [SL:LANGUAGE_NAME Turanci] ],SHOPPING_ITEM: zobe $$ LANGUAGE_NAME: Turanci,hau
travel,translate,Tell me how to say eye and eyelid,29:38:SL:LANGUAGE_NAME,[IN:translate [SL:LANGUAGE_NAME fulatanci] ],LANGUAGE_NAME: fulatanci,hau
travel,translate,Tell me how to say shoes and fleece,"22:29:SL:SHOPPING_ITEM,33:42:SL:LANGUAGE_NAME",[IN:translate [SL:SHOPPING_ITEM takalmi] [SL:LANGUAGE_NAME fulatanci] ],SHOPPING_ITEM: takalmi $$ LANGUAGE_NAME: fulatanci,hau
travel,translate,I would like to know the name of the leaf in Igbo?,29:39:SL:LANGUAGE_NAME,[IN:translate [SL:LANGUAGE_NAME yaren Igbo] ],LANGUAGE_NAME: yaren Igbo,hau
travel,translate,What is a goat in Arabic?,21:28:SL:LANGUAGE_NAME,[IN:translate [SL:LANGUAGE_NAME larabci] ],LANGUAGE_NAME: larabci,hau
travel,translate,"What is the German word for ""disease""?",20:31:SL:LANGUAGE_NAME,[IN:translate [SL:LANGUAGE_NAME yaren jamus] ],LANGUAGE_NAME: yaren jamus,hau
travel,translate,What is the German word for eye disease?,25:36:SL:LANGUAGE_NAME,[IN:translate [SL:LANGUAGE_NAME yaren jamus] ],LANGUAGE_NAME: yaren jamus,hau
travel,translate,What is the hand?,21:36:SL:LANGUAGE_NAME,[IN:translate [SL:LANGUAGE_NAME harshen Turanci] ],LANGUAGE_NAME: harshen Turanci,hau
travel,translate,What are the use of the tongue and the hands?,21:32:SL:LANGUAGE_NAME,[IN:translate [SL:LANGUAGE_NAME yaren igala] ],LANGUAGE_NAME: yaren igala,hau
travel,translate,"What is the meaning of ""chicken"" in Arabic?","12:16:SL:DISH_OR_FOOD,19:32:SL:LANGUAGE_NAME",[IN:translate [SL:DISH_OR_FOOD kaza] [SL:LANGUAGE_NAME yaren larabci] ],DISH_OR_FOOD: kaza $$ LANGUAGE_NAME: yaren larabci,hau
travel,translate,What do I say to a watch in English?,"10:15:SL:SHOPPING_ITEM,19:32:SL:LANGUAGE_NAME",[IN:translate [SL:SHOPPING_ITEM agogo] [SL:LANGUAGE_NAME yaren turanci] ],SHOPPING_ITEM: agogo $$ LANGUAGE_NAME: yaren turanci,hau
travel,translate,What about a book in Arabic?,"10:17:SL:SHOPPING_ITEM,21:34:SL:LANGUAGE_NAME",[IN:translate [SL:SHOPPING_ITEM littafi] [SL:LANGUAGE_NAME yaren larabci] ],SHOPPING_ITEM: littafi $$ LANGUAGE_NAME: yaren larabci,hau
travel,translate,What is the name of the watch in English?,"13:18:SL:SHOPPING_ITEM,22:29:SL:LANGUAGE_NAME",[IN:translate [SL:SHOPPING_ITEM agogo] [SL:LANGUAGE_NAME Turanci] ],SHOPPING_ITEM: agogo $$ LANGUAGE_NAME: Turanci,hau
travel,translate,What is the name of the heritage in English?,"13:17:SL:SHOPPING_ITEM,21:28:SL:LANGUAGE_NAME",[IN:translate [SL:SHOPPING_ITEM gado] [SL:LANGUAGE_NAME Turanci] ],SHOPPING_ITEM: gado $$ LANGUAGE_NAME: Turanci,hau
travel,translate,What is the name of the nose and the nostrils?,22:31:SL:LANGUAGE_NAME,[IN:translate [SL:LANGUAGE_NAME Fulatanci] ],LANGUAGE_NAME: Fulatanci,hau
travel,translate,What is the name of the nose in English?,22:29:SL:LANGUAGE_NAME,[IN:translate [SL:LANGUAGE_NAME Turanci] ],LANGUAGE_NAME: Turanci,hau
travel,translate,What is the name of the nose and the nose?,22:31:SL:LANGUAGE_NAME,[IN:translate [SL:LANGUAGE_NAME yarabanci] ],LANGUAGE_NAME: yarabanci,hau
travel,translate,What is the name of the water in the language of the Phulagai?,"13:17:SL:DISH_OR_FOOD,21:38:SL:LANGUAGE_NAME",[IN:translate [SL:DISH_OR_FOOD ruwa] [SL:LANGUAGE_NAME harshen fulatanci] ],DISH_OR_FOOD: ruwa $$ LANGUAGE_NAME: harshen fulatanci,hau
travel,translate,Should I say food in Indian language?,20:34:SL:LANGUAGE_NAME,[IN:translate [SL:LANGUAGE_NAME harshen Indiya] ],LANGUAGE_NAME: harshen Indiya,hau
travel,translate,Would I say that the food is delicious in Indian?,31:45:SL:LANGUAGE_NAME,[IN:translate [SL:LANGUAGE_NAME harshen Indiya] ],LANGUAGE_NAME: harshen Indiya,hau
travel,translate,Should I say tree in Indian language?,21:35:SL:LANGUAGE_NAME,[IN:translate [SL:LANGUAGE_NAME harshen Indiya] ],LANGUAGE_NAME: harshen Indiya,hau
travel,translate,Should I say banana tree in Indian language?,"19:24:SL:DISH_OR_FOOD,28:42:SL:LANGUAGE_NAME",[IN:translate [SL:DISH_OR_FOOD ayaba] [SL:LANGUAGE_NAME harshen Indiya] ],DISH_OR_FOOD: ayaba $$ LANGUAGE_NAME: harshen Indiya,hau
travel,translate,Shall I shoot in French?,19:32:SL:LANGUAGE_NAME,[IN:translate [SL:LANGUAGE_NAME yaren faransa] ],LANGUAGE_NAME: yaren faransa,hau
travel,translate,Should I say fish in Igbo?,"10:14:SL:DISH_OR_FOOD,18:28:SL:LANGUAGE_NAME",[IN:translate [SL:DISH_OR_FOOD kifi] [SL:LANGUAGE_NAME yaren Igbo] ],DISH_OR_FOOD: kifi $$ LANGUAGE_NAME: yaren Igbo,hau
travel,translate,Should I say orange in Italian?,"10:14:SL:DISH_OR_FOOD,18:31:SL:LANGUAGE_NAME",[IN:translate [SL:DISH_OR_FOOD lemo] [SL:LANGUAGE_NAME yaren Italiya] ],DISH_OR_FOOD: lemo $$ LANGUAGE_NAME: yaren Italiya,hau
travel,translate,Should I say hello in Igbo?,19:31:SL:LANGUAGE_NAME,[IN:translate [SL:LANGUAGE_NAME harshen Igbo] ],LANGUAGE_NAME: harshen Igbo,hau
travel,translate,Should I say hello in Indian?,19:33:SL:LANGUAGE_NAME,[IN:translate [SL:LANGUAGE_NAME harshen Indiya] ],LANGUAGE_NAME: harshen Indiya,hau
travel,translate,Should I say hello in Italian?,19:34:SL:LANGUAGE_NAME,[IN:translate [SL:LANGUAGE_NAME harshen Italiya] ],LANGUAGE_NAME: harshen Italiya,hau
travel,translate,Should I say shoes in English?,"10:17:SL:SHOPPING_ITEM,21:28:SL:LANGUAGE_NAME",[IN:translate [SL:SHOPPING_ITEM takalmi] [SL:LANGUAGE_NAME turanci] ],SHOPPING_ITEM: takalmi $$ LANGUAGE_NAME: turanci,hau
travel,translate,Should I say pot in French?,"10:17:SL:SHOPPING_ITEM,21:31:SL:LANGUAGE_NAME",[IN:translate [SL:SHOPPING_ITEM tukunya] [SL:LANGUAGE_NAME faransanci] ],SHOPPING_ITEM: tukunya $$ LANGUAGE_NAME: faransanci,hau
travel,translate,Did he say I should come here with French?,20:30:SL:LANGUAGE_NAME,[IN:translate [SL:LANGUAGE_NAME Faransanci] ],LANGUAGE_NAME: Faransanci,hau
travel,translate,Did he say I should come here in Arabic?,20:35:SL:LANGUAGE_NAME,[IN:translate [SL:LANGUAGE_NAME harshen larabci] ],LANGUAGE_NAME: harshen larabci,hau
travel,translate,Did he say I should come here with English?,20:35:SL:LANGUAGE_NAME,[IN:translate [SL:LANGUAGE_NAME harshen Turanci] ],LANGUAGE_NAME: harshen Turanci,hau
travel,translate,Can you translate the car into French for me?,29:45:SL:LANGUAGE_NAME,[IN:translate [SL:LANGUAGE_NAME yaren faransanci] ],LANGUAGE_NAME: yaren faransanci,hau
travel,translate,Can you translate the car into English for me?,29:42:SL:LANGUAGE_NAME,[IN:translate [SL:LANGUAGE_NAME yaren turanci] ],LANGUAGE_NAME: yaren turanci,hau
travel,translate,Can you translate tomatoes for me in Indian?,"21:28:SL:DISH_OR_FOOD,32:44:SL:LANGUAGE_NAME",[IN:translate [SL:DISH_OR_FOOD tumatir] [SL:LANGUAGE_NAME yaren indiya] ],DISH_OR_FOOD: tumatir $$ LANGUAGE_NAME: yaren indiya,hau
travel,translate,Can you translate spices for me in Hindi?,"21:25:SL:DISH_OR_FOOD,29:41:SL:LANGUAGE_NAME",[IN:translate [SL:DISH_OR_FOOD yaji] [SL:LANGUAGE_NAME yaren indiya] ],DISH_OR_FOOD: yaji $$ LANGUAGE_NAME: yaren indiya,hau
travel,translate,God's son tell me the name of the duck in German,36:49:SL:LANGUAGE_NAME,[IN:translate [SL:LANGUAGE_NAME harshen Jamus] ],LANGUAGE_NAME: harshen Jamus,hau
travel,translate,What is the name of the rain and the tongue of the flash flood?,37:54:SL:LANGUAGE_NAME,[IN:translate [SL:LANGUAGE_NAME harshen fulatanci] ],LANGUAGE_NAME: harshen fulatanci,hau
travel,translate,Can you tell me the name of the rice in German?,"15:23:SL:DISH_OR_FOOD,27:40:SL:LANGUAGE_NAME",[IN:translate [SL:DISH_OR_FOOD shinkafa] [SL:LANGUAGE_NAME harshen Jamus] ],DISH_OR_FOOD: shinkafa $$ LANGUAGE_NAME: harshen Jamus,hau
travel,translate,Do you know how to say school in Chinese?,33:46:SL:LANGUAGE_NAME,[IN:translate [SL:LANGUAGE_NAME harshen China] ],LANGUAGE_NAME: harshen China,hau
travel,translate,Do you know the name of the leaf in Igbo?,25:35:SL:LANGUAGE_NAME,[IN:translate [SL:LANGUAGE_NAME yaren Igbo] ],LANGUAGE_NAME: yaren Igbo,hau
travel,translate,What is the meaning of the hand in Arabic?,21:36:SL:LANGUAGE_NAME,[IN:translate [SL:LANGUAGE_NAME harshen larabci] ],LANGUAGE_NAME: harshen larabci,hau
travel,translate,What is the name of the princess in English?,24:31:SL:LANGUAGE_NAME,[IN:translate [SL:LANGUAGE_NAME Turanci] ],LANGUAGE_NAME: Turanci,hau
travel,translate,Can you translate the rental car into French for me?,35:51:SL:LANGUAGE_NAME,[IN:translate [SL:LANGUAGE_NAME yaren faransanci] ],LANGUAGE_NAME: yaren faransanci,hau
travel,travel_notification,tell them tomorrow we will go to Jos,"10:14:SL:DATE,25:28:SL:CITY_OR_PROVINCE",[IN:travel_notification [SL:DATE gobe] [SL:CITY_OR_PROVINCE Jos] ],DATE: gobe $$ CITY_OR_PROVINCE: Jos,hau
travel,travel_notification,tell them we went to Libya,19:25:SL:COUNTRY,[IN:travel_notification [SL:COUNTRY Libiya] ],COUNTRY: Libiya,hau
travel,travel_notification,I told them I was going to Kenya,18:23:SL:COUNTRY,[IN:travel_notification [SL:COUNTRY Kenya] ],COUNTRY: Kenya,hau
travel,travel_notification,Tell my father I will come to Kaduna,"7:11:SL:PERSONAL_NAME,19:25:SL:CITY_OR_PROVINCE",[IN:travel_notification [SL:PERSONAL_NAME Abba] [SL:CITY_OR_PROVINCE Kaduna] ],PERSONAL_NAME: Abba $$ CITY_OR_PROVINCE: Kaduna,hau
travel,travel_notification,Liman I went to Kano,21:25:SL:CITY_OR_PROVINCE,[IN:travel_notification [SL:CITY_OR_PROVINCE Kano] ],CITY_OR_PROVINCE: Kano,hau
travel,travel_notification,the fall of the workers of Jigawa,26:32:SL:CITY_OR_PROVINCE,[IN:travel_notification [SL:CITY_OR_PROVINCE Jigawa] ],CITY_OR_PROVINCE: Jigawa,hau
travel,travel_notification,We will go to Hadejia tomorrow,"19:26:SL:CITY_OR_PROVINCE,27:31:SL:DATE",[IN:travel_notification [SL:CITY_OR_PROVINCE Hadejia] [SL:DATE gobe] ],CITY_OR_PROVINCE: Hadejia $$ DATE: gobe,hau
travel,travel_notification,tell me zakariya we will go to kaduna tomorrow,"7:13:SL:PERSONAL_NAME,22:28:SL:CITY_OR_PROVINCE,29:33:SL:DATE",[IN:travel_notification [SL:PERSONAL_NAME Zakari] [SL:CITY_OR_PROVINCE Kaduna] [SL:DATE gobe] ],PERSONAL_NAME: Zakari $$ CITY_OR_PROVINCE: Kaduna $$ DATE: gobe,hau
travel,travel_notification,telling Aisha I am going to Lagos,"7:12:SL:PERSONAL_NAME,22:27:SL:CITY_OR_PROVINCE",[IN:travel_notification [SL:PERSONAL_NAME Aisha] [SL:CITY_OR_PROVINCE legas] ],PERSONAL_NAME: Aisha $$ CITY_OR_PROVINCE: legas,hau
travel,travel_notification,Telling Bello I will be going to Maiduguri next Saturday,"7:12:SL:PERSONAL_NAME,20:29:SL:CITY_OR_PROVINCE,30:51:SL:DATE",[IN:travel_notification [SL:PERSONAL_NAME Bello] [SL:CITY_OR_PROVINCE Maiduguri] [SL:DATE ranar asabar mai zuwa] ],PERSONAL_NAME: Bello $$ CITY_OR_PROVINCE: Maiduguri $$ DATE: ranar asabar mai zuwa,hau
travel,travel_notification,Make Them Known to the Public,"15:19:SL:PERSONAL_NAME,28:35:SL:CITY_OR_PROVINCE",[IN:travel_notification [SL:PERSONAL_NAME Umma] [SL:CITY_OR_PROVINCE Batsari] ],PERSONAL_NAME: Umma $$ CITY_OR_PROVINCE: Batsari,hau
travel,travel_notification,Notify them I will go to Gumel next Friday,"21:26:SL:CITY_OR_PROVINCE,27:48:SL:DATE",[IN:travel_notification [SL:CITY_OR_PROVINCE Gumel] [SL:DATE ranar Juma'a mai zuwa] ],CITY_OR_PROVINCE: Gumel $$ DATE: ranar Juma'a mai zuwa,hau
travel,travel_notification,Informing the children that I went to Abia,28:32:SL:CITY_OR_PROVINCE,[IN:travel_notification [SL:CITY_OR_PROVINCE Abia] ],CITY_OR_PROVINCE: Abia,hau
travel,travel_notification,Announcement by the conductor I will go to Kano next Saturday,"31:35:SL:CITY_OR_PROVINCE,36:57:SL:DATE",[IN:travel_notification [SL:CITY_OR_PROVINCE Kano] [SL:DATE ranar asabar mai zuwa] ],CITY_OR_PROVINCE: Kano $$ DATE: ranar asabar mai zuwa,hau
travel,travel_notification,announcement of my intention to go to Hadejia,29:36:SL:CITY_OR_PROVINCE,[IN:travel_notification [SL:CITY_OR_PROVINCE Hadejia] ],CITY_OR_PROVINCE: Hadejia,hau
travel,travel_notification,Announcement and construction of the Taura,30:35:SL:CITY_OR_PROVINCE,[IN:travel_notification [SL:CITY_OR_PROVINCE Taura] ],CITY_OR_PROVINCE: Taura,hau
travel,travel_notification,Please tell Dad I will go to Kava tomorrow,"17:21:SL:PERSONAL_NAME,29:33:SL:CITY_OR_PROVINCE,34:38:SL:DATE",[IN:travel_notification [SL:PERSONAL_NAME Baba] [SL:CITY_OR_PROVINCE Kawo] [SL:DATE gobe] ],PERSONAL_NAME: Baba $$ CITY_OR_PROVINCE: Kawo $$ DATE: gobe,hau
travel,travel_notification,Please send our teacher to Kazaure,36:43:SL:CITY_OR_PROVINCE,[IN:travel_notification [SL:CITY_OR_PROVINCE Kazaure] ],CITY_OR_PROVINCE: Kazaure,hau
travel,travel_notification,Please inform the Access bank that I will be going to Kano,"31:37:SL:BANK_NAME,50:54:SL:CITY_OR_PROVINCE",[IN:travel_notification [SL:BANK_NAME Access] [SL:CITY_OR_PROVINCE Kano] ],BANK_NAME: Access $$ CITY_OR_PROVINCE: Kano,hau
travel,travel_notification,tell them I went to Delta,18:23:SL:CITY_OR_PROVINCE,[IN:travel_notification [SL:CITY_OR_PROVINCE Delta] ],CITY_OR_PROVINCE: Delta,hau
travel,travel_notification,Tell them I will go to Borno next Monday,"17:22:SL:CITY_OR_PROVINCE,23:45:SL:DATE",[IN:travel_notification [SL:CITY_OR_PROVINCE Borno] [SL:DATE ranar litinin mai zuwa] ],CITY_OR_PROVINCE: Borno $$ DATE: ranar litinin mai zuwa,hau
travel,travel_notification,tell them I am going to Kebbi,19:24:SL:CITY_OR_PROVINCE,[IN:travel_notification [SL:CITY_OR_PROVINCE Kebbi] ],CITY_OR_PROVINCE: Kebbi,hau
travel,travel_notification,tell them I will come to Kura,17:21:SL:CITY_OR_PROVINCE,[IN:travel_notification [SL:CITY_OR_PROVINCE Kura] ],CITY_OR_PROVINCE: Kura,hau
travel,travel_notification,Telling Father that I was going to France,"7:11:SL:PERSONAL_NAME,25:32:SL:COUNTRY",[IN:travel_notification [SL:PERSONAL_NAME Baba] [SL:COUNTRY Faransa] ],PERSONAL_NAME: Baba $$ COUNTRY: Faransa,hau
travel,travel_notification,I told my brother I will come to Kano tomorrow,"23:27:SL:CITY_OR_PROVINCE,28:32:SL:DATE",[IN:travel_notification [SL:CITY_OR_PROVINCE Kano] [SL:DATE gobe] ],CITY_OR_PROVINCE: Kano $$ DATE: gobe,hau
travel,travel_notification,tell her I'm going to Zara,23:29:SL:CITY_OR_PROVINCE,[IN:travel_notification [SL:CITY_OR_PROVINCE Zarewa] ],CITY_OR_PROVINCE: Zarewa,hau
travel,travel_notification,To tell her that I was going to Niger,24:29:SL:COUNTRY,[IN:travel_notification [SL:COUNTRY Niger] ],COUNTRY: Niger,hau
travel,travel_notification,tell them Daddy I'm going to the River,"10:14:SL:PERSONAL_NAME,23:27:SL:CITY_OR_PROVINCE",[IN:travel_notification [SL:PERSONAL_NAME Abba] [SL:CITY_OR_PROVINCE Kogi] ],PERSONAL_NAME: Abba $$ CITY_OR_PROVINCE: Kogi,hau
travel,travel_notification,I will travel to Kaduna,"7:11:SL:PERSONAL_NAME,30:36:SL:CITY_OR_PROVINCE",[IN:travel_notification [SL:PERSONAL_NAME Umma] [SL:CITY_OR_PROVINCE Kaduna] ],PERSONAL_NAME: Umma $$ CITY_OR_PROVINCE: Kaduna,hau
travel,travel_notification,I told my work that I will go to Abuja tomorrow,"33:38:SL:CITY_OR_PROVINCE,39:43:SL:DATE",[IN:travel_notification [SL:CITY_OR_PROVINCE Abuja] [SL:DATE gobe] ],CITY_OR_PROVINCE: Abuja $$ DATE: gobe,hau
travel,travel_notification,Tell my child I'm going to the River,24:28:SL:CITY_OR_PROVINCE,[IN:travel_notification [SL:CITY_OR_PROVINCE Kogi] ],CITY_OR_PROVINCE: Kogi,hau
travel,travel_notification,Tell them that I will leave Nigeria tomorrow,"16:20:SL:DATE,29:36:SL:COUNTRY",[IN:travel_notification [SL:DATE gobe] [SL:COUNTRY Nigeria] ],DATE: gobe $$ COUNTRY: Nigeria,hau
travel,travel_notification,telling my father that I was in Gombe,"7:11:SL:PERSONAL_NAME,21:26:SL:CITY_OR_PROVINCE",[IN:travel_notification [SL:PERSONAL_NAME Abba] [SL:CITY_OR_PROVINCE Gombe] ],PERSONAL_NAME: Abba $$ CITY_OR_PROVINCE: Gombe,hau
travel,travel_notification,Telling my colleagues that I am going to Zamfara,36:43:SL:CITY_OR_PROVINCE,[IN:travel_notification [SL:CITY_OR_PROVINCE Zamfara] ],CITY_OR_PROVINCE: Zamfara,hau
travel,travel_notification,Telling our colleagues we will go to Ekiti tomorrow,"33:38:SL:CITY_OR_PROVINCE,39:43:SL:DATE",[IN:travel_notification [SL:CITY_OR_PROVINCE Ekiti] [SL:DATE gobe] ],CITY_OR_PROVINCE: Ekiti $$ DATE: gobe,hau
travel,travel_notification,telling my family I am going to Kumbotso,22:30:SL:CITY_OR_PROVINCE,[IN:travel_notification [SL:CITY_OR_PROVINCE Kumbotso] ],CITY_OR_PROVINCE: Kumbotso,hau
travel,travel_notification,informing the office that I am going to Kebbi,28:33:SL:CITY_OR_PROVINCE,[IN:travel_notification [SL:CITY_OR_PROVINCE Kebbi] ],CITY_OR_PROVINCE: Kebbi,hau
travel,travel_notification,Announcing the public that we are going to Bida,"7:11:SL:PERSONAL_NAME,22:26:SL:CITY_OR_PROVINCE",[IN:travel_notification [SL:PERSONAL_NAME Umma] [SL:CITY_OR_PROVINCE Bida] ],PERSONAL_NAME: Umma $$ CITY_OR_PROVINCE: Bida,hau
travel,travel_notification,I want you to inform Kawu that I will arrive in Kano tomorrow,"39:43:SL:CITY_OR_PROVINCE,44:48:SL:DATE",[IN:travel_notification [SL:CITY_OR_PROVINCE Kano] [SL:DATE gobe] ],CITY_OR_PROVINCE: Kano $$ DATE: gobe,hau
travel,travel_notification,Tell our President that I am going to Zaria now,"36:41:SL:CITY_OR_PROVINCE,42:47:SL:TIME",[IN:travel_notification [SL:CITY_OR_PROVINCE Zaria] [SL:TIME yanzu] ],CITY_OR_PROVINCE: Zaria $$ TIME: yanzu,hau
travel,travel_notification,Tell our family I'm going to Gombe,30:35:SL:CITY_OR_PROVINCE,[IN:travel_notification [SL:CITY_OR_PROVINCE Gombe] ],CITY_OR_PROVINCE: Gombe,hau
travel,travel_notification,Tell Umar about my trip to Abuja,"12:16:SL:PERSONAL_NAME,38:43:SL:CITY_OR_PROVINCE",[IN:travel_notification [SL:PERSONAL_NAME Umar] [SL:CITY_OR_PROVINCE Abuja] ],PERSONAL_NAME: Umar $$ CITY_OR_PROVINCE: Abuja,hau
travel,travel_notification,Announcement at our office on my way to Kazaure,36:43:SL:CITY_OR_PROVINCE,[IN:travel_notification [SL:CITY_OR_PROVINCE Kazaure] ],CITY_OR_PROVINCE: Kazaure,hau
travel,travel_notification,Announcing to my colleagues that I had gone to Gaya,37:41:SL:CITY_OR_PROVINCE,[IN:travel_notification [SL:CITY_OR_PROVINCE Gaya] ],CITY_OR_PROVINCE: Gaya,hau
travel,travel_notification,Announcing to Dad that we are going to Mecca,"9:13:SL:PERSONAL_NAME,22:28:SL:CITY_OR_PROVINCE",[IN:travel_notification [SL:PERSONAL_NAME Baba] [SL:CITY_OR_PROVINCE Makkah] ],PERSONAL_NAME: Baba $$ CITY_OR_PROVINCE: Makkah,hau
travel,travel_notification,Announcing my bank GT I will travel on December 2,"20:22:SL:BANK_NAME,37:61:SL:DATE",[IN:travel_notification [SL:BANK_NAME GT] [SL:DATE ranar 2 ga watan Dicemba] ],BANK_NAME: GT $$ DATE: ranar 2 ga watan Dicemba,hau
travel,travel_notification,Announcing my workplace to go to Gombe,30:35:SL:CITY_OR_PROVINCE,[IN:travel_notification [SL:CITY_OR_PROVINCE Gombe] ],CITY_OR_PROVINCE: Gombe,hau
travel,travel_notification,Announcement with friends to Niger,28:33:SL:COUNTRY,[IN:travel_notification [SL:COUNTRY Niger] ],COUNTRY: Niger,hau
travel,travel_notification,Announcement with my students I will go to Gusau,31:36:SL:CITY_OR_PROVINCE,[IN:travel_notification [SL:CITY_OR_PROVINCE Gusau] ],CITY_OR_PROVINCE: Gusau,hau
travel,travel_notification,Announcing with my family in Cameroon,23:29:SL:COUNTRY,[IN:travel_notification [SL:COUNTRY Kamaru] ],COUNTRY: Kamaru,hau
travel,travel_notification,Announcement with my family to Zamfara,27:34:SL:CITY_OR_PROVINCE,[IN:travel_notification [SL:CITY_OR_PROVINCE Zamfara] ],CITY_OR_PROVINCE: Zamfara,hau
travel,travel_notification,Announcement by our ministry we will go to lagas,33:38:SL:CITY_OR_PROVINCE,[IN:travel_notification [SL:CITY_OR_PROVINCE legas] ],CITY_OR_PROVINCE: legas,hau
travel,travel_notification,Announcing our family to Zamfara,29:36:SL:CITY_OR_PROVINCE,[IN:travel_notification [SL:CITY_OR_PROVINCE Zamfara] ],CITY_OR_PROVINCE: Zamfara,hau
travel,travel_notification,They said they would go to Abuja tomorrow?,"14:18:SL:DATE,30:35:SL:CITY_OR_PROVINCE",[IN:travel_notification [SL:DATE gobe] [SL:CITY_OR_PROVINCE Abuja] ],DATE: gobe $$ CITY_OR_PROVINCE: Abuja,hau
travel,travel_notification,How will Dad know that I have gone to Guru?,"8:12:SL:PERSONAL_NAME,29:33:SL:CITY_OR_PROVINCE",[IN:travel_notification [SL:PERSONAL_NAME Abba] [SL:CITY_OR_PROVINCE Guru] ],PERSONAL_NAME: Abba $$ CITY_OR_PROVINCE: Guru,hau
travel,travel_notification,Help me tell my dad we went to Sharada,32:39:SL:CITY_OR_PROVINCE,[IN:travel_notification [SL:CITY_OR_PROVINCE Sharada] ],CITY_OR_PROVINCE: Sharada,hau
travel,travel_notification,Help me tell my father I'm going to Kano,"20:24:SL:PERSONAL_NAME,32:36:SL:CITY_OR_PROVINCE",[IN:travel_notification [SL:PERSONAL_NAME Abba] [SL:CITY_OR_PROVINCE Kano] ],PERSONAL_NAME: Abba $$ CITY_OR_PROVINCE: Kano,hau
travel,travel_notification,Help you to inform the staff of my departure to Gumel,43:48:SL:CITY_OR_PROVINCE,[IN:travel_notification [SL:CITY_OR_PROVINCE Gumel] ],CITY_OR_PROVINCE: Gumel,hau
travel,travel_notification,How can I tell my friend I am going to Damaturu?,43:51:SL:CITY_OR_PROVINCE,[IN:travel_notification [SL:CITY_OR_PROVINCE Damaturu] ],CITY_OR_PROVINCE: Damaturu,hau
travel,travel_notification,How would I tell the staff that I was going to Zugeru?,53:59:SL:CITY_OR_PROVINCE,[IN:travel_notification [SL:CITY_OR_PROVINCE Zugeru] ],CITY_OR_PROVINCE: Zugeru,hau
travel,travel_notification,How do I announce Oga's trip to Sokoto?,32:38:SL:CITY_OR_PROVINCE,[IN:travel_notification [SL:CITY_OR_PROVINCE Sokoto] ],CITY_OR_PROVINCE: Sokoto,hau
travel,travel_notification,How would I inform her that I would be going to Sokoto on May 9?,"37:43:SL:CITY_OR_PROVINCE,44:65:SL:DATE",[IN:travel_notification [SL:CITY_OR_PROVINCE Sokoto] [SL:DATE ranar 9 ga watan Mayu] ],CITY_OR_PROVINCE: Sokoto $$ DATE: ranar 9 ga watan Mayu,hau
travel,travel_notification,Which way should I tell Oga I am going to Kebbi?,40:45:SL:CITY_OR_PROVINCE,[IN:travel_notification [SL:CITY_OR_PROVINCE Kebbi] ],CITY_OR_PROVINCE: Kebbi,hau
travel,travel_notification,My bank should know I am going to Zaria,33:38:SL:CITY_OR_PROVINCE,[IN:travel_notification [SL:CITY_OR_PROVINCE Zaria] ],CITY_OR_PROVINCE: Zaria,hau
travel,travel_notification,Should I announce my trip to Lagos to the public?,"22:26:SL:PERSONAL_NAME,42:47:SL:CITY_OR_PROVINCE",[IN:travel_notification [SL:PERSONAL_NAME Umma] [SL:CITY_OR_PROVINCE legas] ],PERSONAL_NAME: Umma $$ CITY_OR_PROVINCE: legas,hau
travel,travel_notification,Will she be able to get up and go to Kurfi?,35:40:SL:CITY_OR_PROVINCE,[IN:travel_notification [SL:CITY_OR_PROVINCE Kurfi] ],CITY_OR_PROVINCE: Kurfi,hau
travel,travel_notification,Would I tell our host that I will be going to Abuja on September 2?,"34:39:SL:CITY_OR_PROVINCE,40:64:SL:DATE",[IN:travel_notification [SL:CITY_OR_PROVINCE Abuja] [SL:DATE ranar 2 ga watan Satumba] ],CITY_OR_PROVINCE: Abuja $$ DATE: ranar 2 ga watan Satumba,hau
travel,travel_notification,Should I tell Umma I am going to Abuja?,"14:18:SL:PERSONAL_NAME,26:31:SL:CITY_OR_PROVINCE",[IN:travel_notification [SL:PERSONAL_NAME Umma] [SL:CITY_OR_PROVINCE Abuja] ],PERSONAL_NAME: Umma $$ CITY_OR_PROVINCE: Abuja,hau
travel,travel_notification,Should I inform my workplace that I will be going to Kano?,37:41:SL:CITY_OR_PROVINCE,[IN:travel_notification [SL:CITY_OR_PROVINCE Kano] ],CITY_OR_PROVINCE: Kano,hau
travel,travel_notification,Should I tell my father about my trip to the Jungle?,"18:22:SL:PERSONAL_NAME,38:42:SL:CITY_OR_PROVINCE",[IN:travel_notification [SL:PERSONAL_NAME Abba] [SL:CITY_OR_PROVINCE Jega] ],PERSONAL_NAME: Abba $$ CITY_OR_PROVINCE: Jega,hau
travel,travel_notification,Should I tell my father that I will go to Jalingo tomorrow?,"18:22:SL:PERSONAL_NAME,32:39:SL:CITY_OR_PROVINCE,40:44:SL:DATE",[IN:travel_notification [SL:PERSONAL_NAME Baba] [SL:CITY_OR_PROVINCE Jalingo] [SL:DATE gobe] ],PERSONAL_NAME: Baba $$ CITY_OR_PROVINCE: Jalingo $$ DATE: gobe,hau
travel,travel_notification,Can you inform my bank that I will be going to Kaduna?,40:46:SL:CITY_OR_PROVINCE,[IN:travel_notification [SL:CITY_OR_PROVINCE Kaduna] ],CITY_OR_PROVINCE: Kaduna,hau
travel,travel_notification,From Ogba to Zaria,19:24:SL:CITY_OR_PROVINCE,[IN:travel_notification [SL:CITY_OR_PROVINCE Zaria] ],CITY_OR_PROVINCE: Zaria,hau
travel,travel_notification,Let them know I will be in Abuja from 2nd to 6th January,"19:24:SL:CITY_OR_PROVINCE,25:64:SL:DATE",[IN:travel_notification [SL:CITY_OR_PROVINCE Abuja] [SL:DATE daga 2 ga watan Junairu zuwa 6 ga watan] ],CITY_OR_PROVINCE: Abuja $$ DATE: daga 2 ga watan Junairu zuwa 6 ga watan,hau
travel,travel_notification,Announcement with Dad I am going to Jos,25:28:SL:CITY_OR_PROVINCE,[IN:travel_notification [SL:CITY_OR_PROVINCE Jos] ],CITY_OR_PROVINCE: Jos,hau
travel,travel_notification,How do I tell my children that I am going to Borno?,34:39:SL:CITY_OR_PROVINCE,[IN:travel_notification [SL:CITY_OR_PROVINCE Borno] ],CITY_OR_PROVINCE: Borno,hau
travel,travel_notification,How can I tell Dad that I am going to Kano?,"23:27:SL:PERSONAL_NAME,37:41:SL:CITY_OR_PROVINCE",[IN:travel_notification [SL:PERSONAL_NAME Baba] [SL:CITY_OR_PROVINCE Kano] ],PERSONAL_NAME: Baba $$ CITY_OR_PROVINCE: Kano,hau
travel,travel_notification,Should I tell my children about my trip to Abuja?,38:43:SL:CITY_OR_PROVINCE,[IN:travel_notification [SL:CITY_OR_PROVINCE Abuja] ],CITY_OR_PROVINCE: Abuja,hau
travel,travel_notification,Should I tell my child that I am going to Lagos tomorrow?,"35:40:SL:CITY_OR_PROVINCE,41:45:SL:DATE",[IN:travel_notification [SL:CITY_OR_PROVINCE legas] [SL:DATE gobe] ],CITY_OR_PROVINCE: legas $$ DATE: gobe,hau
travel,travel_notification,Can I say Umma and go to the River?,"15:19:SL:PERSONAL_NAME,28:32:SL:CITY_OR_PROVINCE",[IN:travel_notification [SL:PERSONAL_NAME Umma] [SL:CITY_OR_PROVINCE Kogi] ],PERSONAL_NAME: Umma $$ CITY_OR_PROVINCE: Kogi,hau
travel,travel_suggestion,Give me advice on what I should do in Zuru,38:42:SL:CITY_OR_PROVINCE,[IN:travel_suggestion [SL:CITY_OR_PROVINCE Zuru] ],CITY_OR_PROVINCE: Zuru,hau
travel,travel_suggestion,Please advise other tourist attractions in Kano,43:47:SL:CITY_OR_PROVINCE,[IN:travel_suggestion [SL:CITY_OR_PROVINCE Kano] ],CITY_OR_PROVINCE: Kano,hau
travel,travel_suggestion,Where is the open-air area in Panshara?,28:38:SL:CITY_OR_PROVINCE,[IN:travel_suggestion [SL:CITY_OR_PROVINCE Panshekara] ],CITY_OR_PROVINCE: Panshekara,hau
travel,travel_suggestion,"I want to go on a trip, where should I go?",,[IN:travel_suggestion ],,hau
travel,travel_suggestion,Where is the best place to visit in Gombe?,35:40:SL:CITY_OR_PROVINCE,[IN:travel_suggestion [SL:CITY_OR_PROVINCE Gombe] ],CITY_OR_PROVINCE: Gombe,hau
travel,travel_suggestion,What are the places I should visit in Kontagora?,34:43:SL:CITY_OR_PROVINCE,[IN:travel_suggestion [SL:CITY_OR_PROVINCE Kontagora] ],CITY_OR_PROVINCE: Kontagora,hau
travel,travel_suggestion,Which city is best for me to go on vacation,,[IN:travel_suggestion ],,hau
travel,travel_suggestion,Does Zamfara have a zoo?,5:12:SL:CITY_OR_PROVINCE,[IN:travel_suggestion [SL:CITY_OR_PROVINCE Zamfara] ],CITY_OR_PROVINCE: Zamfara,hau
travel,travel_suggestion,What are the things I should do if I go to Taura?,41:46:SL:CITY_OR_PROVINCE,[IN:travel_suggestion [SL:CITY_OR_PROVINCE Taura] ],CITY_OR_PROVINCE: Taura,hau
travel,travel_suggestion,What recreational opportunities are available in Mt.,38:43:SL:CITY_OR_PROVINCE,[IN:travel_suggestion [SL:CITY_OR_PROVINCE Dutse] ],CITY_OR_PROVINCE: Dutse,hau
travel,travel_suggestion,What can be done in Shinkafi?,28:36:SL:CITY_OR_PROVINCE,[IN:travel_suggestion [SL:CITY_OR_PROVINCE Shinkafi] ],CITY_OR_PROVINCE: Shinkafi,hau
travel,travel_suggestion,What is the most visited tourist attraction in Kano?,49:53:SL:CITY_OR_PROVINCE,[IN:travel_suggestion [SL:CITY_OR_PROVINCE Kano] ],CITY_OR_PROVINCE: Kano,hau
travel,travel_suggestion,Which tourist destination is closest to Katsina?,40:47:SL:CITY_OR_PROVINCE,[IN:travel_suggestion [SL:CITY_OR_PROVINCE Katsina] ],CITY_OR_PROVINCE: Katsina,hau
travel,travel_suggestion,What is the most famous tourist attraction in Kumbotso?,43:51:SL:CITY_OR_PROVINCE,[IN:travel_suggestion [SL:CITY_OR_PROVINCE Kumbotso] ],CITY_OR_PROVINCE: Kumbotso,hau
travel,travel_suggestion,Can I know the tourist attractions in Niger?,34:39:SL:COUNTRY,[IN:travel_suggestion [SL:COUNTRY Niger] ],COUNTRY: Niger,hau
travel,travel_suggestion,Can I go to Kaduna as a tourist?,13:19:SL:CITY_OR_PROVINCE,[IN:travel_suggestion [SL:CITY_OR_PROVINCE Kaduna] ],CITY_OR_PROVINCE: Kaduna,hau
travel,travel_suggestion,Is Abuja a place where you can enjoy a relaxing vacation?,0:5:SL:CITY_OR_PROVINCE,[IN:travel_suggestion [SL:CITY_OR_PROVINCE Abuja] ],CITY_OR_PROVINCE: Abuja,hau
travel,travel_suggestion,A tourist attraction in Kano,42:46:SL:CITY_OR_PROVINCE,[IN:travel_suggestion [SL:CITY_OR_PROVINCE Kano] ],CITY_OR_PROVINCE: Kano,hau
travel,travel_suggestion,I'm going to see a beautiful beach,,[IN:travel_suggestion ],,hau
travel,travel_suggestion,Is there a zoo in Kano?,25:29:SL:CITY_OR_PROVINCE,[IN:travel_suggestion [SL:CITY_OR_PROVINCE Kano] ],CITY_OR_PROVINCE: Kano,hau
travel,travel_suggestion,Is there a record of Adam?,24:31:SL:CITY_OR_PROVINCE,[IN:travel_suggestion [SL:CITY_OR_PROVINCE Adamawa] ],CITY_OR_PROVINCE: Adamawa,hau
travel,travel_suggestion,Tell me your ideas on things to do in Kano,48:52:SL:CITY_OR_PROVINCE,[IN:travel_suggestion [SL:CITY_OR_PROVINCE Kano] ],CITY_OR_PROVINCE: Kano,hau
travel,travel_suggestion,what kind of places do foreigners like to go to in Kano?,41:45:SL:CITY_OR_PROVINCE,[IN:travel_suggestion [SL:CITY_OR_PROVINCE Kano] ],CITY_OR_PROVINCE: Kano,hau
travel,travel_suggestion,Please tell me what I can do in the River.,43:47:SL:CITY_OR_PROVINCE,[IN:travel_suggestion [SL:CITY_OR_PROVINCE Kogi] ],CITY_OR_PROVINCE: Kogi,hau
travel,travel_suggestion,Please list the openings in Osun,41:45:SL:CITY_OR_PROVINCE,[IN:travel_suggestion [SL:CITY_OR_PROVINCE Osun] ],CITY_OR_PROVINCE: Osun,hau
travel,travel_suggestion,A few things I could do in Hadejia,39:46:SL:CITY_OR_PROVINCE,[IN:travel_suggestion [SL:CITY_OR_PROVINCE Hadejia] ],CITY_OR_PROVINCE: Hadejia,hau
travel,travel_suggestion,The expansion of some open spaces in Lagos?,30:35:SL:CITY_OR_PROVINCE,[IN:travel_suggestion [SL:CITY_OR_PROVINCE legas] ],CITY_OR_PROVINCE: legas,hau
travel,travel_suggestion,A wide range of tourist attractions in Jigawa,43:49:SL:CITY_OR_PROVINCE,[IN:travel_suggestion [SL:CITY_OR_PROVINCE Jigawa] ],CITY_OR_PROVINCE: Jigawa,hau
travel,travel_suggestion,Tell me what I can do in Abuja to have fun,30:35:SL:CITY_OR_PROVINCE,[IN:travel_suggestion [SL:CITY_OR_PROVINCE Abuja] ],CITY_OR_PROVINCE: Abuja,hau
travel,travel_suggestion,Tell me what I can do in the minigib to feel better,30:38:SL:CITY_OR_PROVINCE,[IN:travel_suggestion [SL:CITY_OR_PROVINCE minjibir] ],CITY_OR_PROVINCE: minjibir,hau
travel,travel_suggestion,what can i do in kano for leisure,16:20:SL:CITY_OR_PROVINCE,[IN:travel_suggestion [SL:CITY_OR_PROVINCE Kano] ],CITY_OR_PROVINCE: Kano,hau
travel,travel_suggestion,which is the most popular city for tourists?,,[IN:travel_suggestion ],,hau
travel,travel_suggestion,Tell me your ideas on things I should do in the future,48:57:SL:CITY_OR_PROVINCE,[IN:travel_suggestion [SL:CITY_OR_PROVINCE maiduguri] ],CITY_OR_PROVINCE: maiduguri,hau
travel,travel_suggestion,tell me some tourist places that I can do in Kano,51:55:SL:CITY_OR_PROVINCE,[IN:travel_suggestion [SL:CITY_OR_PROVINCE Kano] ],CITY_OR_PROVINCE: Kano,hau
travel,travel_suggestion,I need advice on where to go on vacation this year,40:44:SL:DATE,[IN:travel_suggestion [SL:DATE bana] ],DATE: bana,hau
travel,travel_suggestion,I need advice on where to go on vacation next month,40:53:SL:DATE,[IN:travel_suggestion [SL:DATE wata mai zuwa] ],DATE: wata mai zuwa,hau
travel,travel_suggestion,Where is the best place to visit in Sokoto?,29:35:SL:CITY_OR_PROVINCE,[IN:travel_suggestion [SL:CITY_OR_PROVINCE Sokoto] ],CITY_OR_PROVINCE: Sokoto,hau
travel,travel_suggestion,Where should I go if I want to climb a high mountain?,,[IN:travel_suggestion ],,hau
travel,travel_suggestion,Where should I go next?,,[IN:travel_suggestion ],,hau
travel,travel_suggestion,Where should I go for sightseeing?,,[IN:travel_suggestion ],,hau
travel,travel_suggestion,Where can I go to rest in Kaduna?,27:33:SL:CITY_OR_PROVINCE,[IN:travel_suggestion [SL:CITY_OR_PROVINCE Kaduna] ],CITY_OR_PROVINCE: Kaduna,hau
travel,travel_suggestion,Where would I go if I wanted to vacation in a cold city?,,[IN:travel_suggestion ],,hau
travel,travel_suggestion,Why does Kano have so many tourists?,8:12:SL:CITY_OR_PROVINCE,[IN:travel_suggestion [SL:CITY_OR_PROVINCE Kano] ],CITY_OR_PROVINCE: Kano,hau
travel,travel_suggestion,what can I do in Kano for leisure and party?,"16:20:SL:CITY_OR_PROVINCE,37:40:SL:CALENDAR_EVENT",[IN:travel_suggestion [SL:CITY_OR_PROVINCE Kano] [SL:CALENDAR_EVENT idi] ],CITY_OR_PROVINCE: Kano $$ CALENDAR_EVENT: idi,hau
travel,travel_suggestion,Are there interesting things to do in Jigawa?,49:55:SL:CITY_OR_PROVINCE,[IN:travel_suggestion [SL:CITY_OR_PROVINCE Jigawa] ],CITY_OR_PROVINCE: Jigawa,hau
travel,travel_suggestion,Are there interesting tourist attractions to do in Kano,64:68:SL:CITY_OR_PROVINCE,[IN:travel_suggestion [SL:CITY_OR_PROVINCE Kano] ],CITY_OR_PROVINCE: Kano,hau
travel,travel_suggestion,Are there interesting tourist attractions to do in Lagos?,64:69:SL:CITY_OR_PROVINCE,[IN:travel_suggestion [SL:CITY_OR_PROVINCE Legas] ],CITY_OR_PROVINCE: Legas,hau
travel,travel_suggestion,Are there any interesting tourist attractions in Kaduna?,52:58:SL:CITY_OR_PROVINCE,[IN:travel_suggestion [SL:CITY_OR_PROVINCE Kaduna] ],CITY_OR_PROVINCE: Kaduna,hau
travel,travel_suggestion,Is there anything interesting in Abuja?,35:40:SL:CITY_OR_PROVINCE,[IN:travel_suggestion [SL:CITY_OR_PROVINCE Abuja] ],CITY_OR_PROVINCE: Abuja,hau
travel,travel_suggestion,Is there any pleasure in Zaria?,35:40:SL:CITY_OR_PROVINCE,[IN:travel_suggestion [SL:CITY_OR_PROVINCE zaria] ],CITY_OR_PROVINCE: zaria,hau
travel,travel_suggestion,do you know the tourist place in jos,35:38:SL:CITY_OR_PROVINCE,[IN:travel_suggestion [SL:CITY_OR_PROVINCE jos] ],CITY_OR_PROVINCE: jos,hau
travel,travel_suggestion,do you know any tourist places in Zaria,35:40:SL:CITY_OR_PROVINCE,[IN:travel_suggestion [SL:CITY_OR_PROVINCE Zaria] ],CITY_OR_PROVINCE: Zaria,hau
travel,travel_suggestion,Does Kano have a museum?,5:9:SL:CITY_OR_PROVINCE,[IN:travel_suggestion [SL:CITY_OR_PROVINCE Kano] ],CITY_OR_PROVINCE: Kano,hau
travel,travel_suggestion,Does Zamfara have any recreational facilities?,5:12:SL:CITY_OR_PROVINCE,[IN:travel_suggestion [SL:CITY_OR_PROVINCE Zamfara] ],CITY_OR_PROVINCE: Zamfara,hau
travel,travel_suggestion,help me find things to do in zaria,41:46:SL:CITY_OR_PROVINCE,[IN:travel_suggestion [SL:CITY_OR_PROVINCE zaria] ],CITY_OR_PROVINCE: zaria,hau
travel,travel_suggestion,Do the caves have tourist attractions?,0:8:SL:CITY_OR_PROVINCE,[IN:travel_suggestion [SL:CITY_OR_PROVINCE Tsanyawa] ],CITY_OR_PROVINCE: Tsanyawa,hau
travel,travel_suggestion,What activities can I do in Bauchi?,45:51:SL:CITY_OR_PROVINCE,[IN:travel_suggestion [SL:CITY_OR_PROVINCE Bauchi] ],CITY_OR_PROVINCE: Bauchi,hau
travel,travel_suggestion,What kind of recreational facilities are available in Bauchi?,37:43:SL:CITY_OR_PROVINCE,[IN:travel_suggestion [SL:CITY_OR_PROVINCE Bauchi] ],CITY_OR_PROVINCE: Bauchi,hau
travel,travel_suggestion,what types of entertainment do you like?,37:42:SL:CITY_OR_PROVINCE,[IN:travel_suggestion [SL:CITY_OR_PROVINCE Abuja] ],CITY_OR_PROVINCE: Abuja,hau
travel,travel_suggestion,what types of entertainment do you enjoy?,37:42:SL:CITY_OR_PROVINCE,[IN:travel_suggestion [SL:CITY_OR_PROVINCE Enugu] ],CITY_OR_PROVINCE: Enugu,hau
travel,travel_suggestion,What landmarks were once part of Job's homeland?,39:43:SL:CITY_OR_PROVINCE,[IN:travel_suggestion [SL:CITY_OR_PROVINCE Yobe] ],CITY_OR_PROVINCE: Yobe,hau
travel,travel_suggestion,What are some of the sights in Jos?,36:39:SL:CITY_OR_PROVINCE,[IN:travel_suggestion [SL:CITY_OR_PROVINCE Jos] ],CITY_OR_PROVINCE: Jos,hau
travel,travel_suggestion,Which city should I go to for summer vacation?,,[IN:travel_suggestion ],,hau
travel,travel_suggestion,Which restaurant is the best in Borno?,34:39:SL:CITY_OR_PROVINCE,[IN:travel_suggestion [SL:CITY_OR_PROVINCE Borno] ],CITY_OR_PROVINCE: Borno,hau
travel,travel_suggestion,What kind of things could I do in Adam?,32:39:SL:CITY_OR_PROVINCE,[IN:travel_suggestion [SL:CITY_OR_PROVINCE Adamawa] ],CITY_OR_PROVINCE: Adamawa,hau
travel,travel_suggestion,What types of entertainment can one find in Katsina?,47:54:SL:CITY_OR_PROVINCE,[IN:travel_suggestion [SL:CITY_OR_PROVINCE Katsina] ],CITY_OR_PROVINCE: Katsina,hau
travel,travel_suggestion,What kind of entertainment is available in Tarauni?,34:41:SL:CITY_OR_PROVINCE,[IN:travel_suggestion [SL:CITY_OR_PROVINCE Tarauni] ],CITY_OR_PROVINCE: Tarauni,hau
travel,travel_suggestion,What are the sights in Kano?,27:31:SL:CITY_OR_PROVINCE,[IN:travel_suggestion [SL:CITY_OR_PROVINCE Kano] ],CITY_OR_PROVINCE: Kano,hau
travel,travel_suggestion,Where is the best place to go for sightseeing?,,[IN:travel_suggestion ],,hau
travel,travel_suggestion,What place should I visit in Ondo?,34:38:SL:CITY_OR_PROVINCE,[IN:travel_suggestion [SL:CITY_OR_PROVINCE Ondo] ],CITY_OR_PROVINCE: Ondo,hau
travel,travel_suggestion,Can you tell me what games I can play in Zaria?,43:48:SL:CITY_OR_PROVINCE,[IN:travel_suggestion [SL:CITY_OR_PROVINCE Zaria] ],CITY_OR_PROVINCE: Zaria,hau
travel,travel_suggestion,Will I be able to enjoy many leisure activities in the new country?,43:53:SL:CITY_OR_PROVINCE,[IN:travel_suggestion [SL:CITY_OR_PROVINCE sabon gari] ],CITY_OR_PROVINCE: sabon gari,hau
travel,travel_suggestion,Did Job have suitable places to relax?,36:40:SL:CITY_OR_PROVINCE,[IN:travel_suggestion [SL:CITY_OR_PROVINCE Yobe] ],CITY_OR_PROVINCE: Yobe,hau
travel,travel_suggestion,wide range of scenic spots in Bauchi,32:38:SL:CITY_OR_PROVINCE,[IN:travel_suggestion [SL:CITY_OR_PROVINCE Bauchi] ],CITY_OR_PROVINCE: Bauchi,hau
travel,travel_suggestion,What was the likelihood of doing so in Torah?,23:28:SL:CITY_OR_PROVINCE,[IN:travel_suggestion [SL:CITY_OR_PROVINCE Taura] ],CITY_OR_PROVINCE: Taura,hau
travel,travel_suggestion,did Jos have tourist attractions?,5:8:SL:CITY_OR_PROVINCE,[IN:travel_suggestion [SL:CITY_OR_PROVINCE Jos] ],CITY_OR_PROVINCE: Jos,hau
travel,travel_suggestion,Which restaurant has the best pizza in Tarawa?,"36:41:SL:DISH_OR_FOOD,44:51:SL:CITY_OR_PROVINCE",[IN:travel_suggestion [SL:DISH_OR_FOOD danbu] [SL:CITY_OR_PROVINCE Tarauni] ],DISH_OR_FOOD: danbu $$ CITY_OR_PROVINCE: Tarauni,hau
travel,travel_suggestion,What kind of landscapes were attractive to him in Dura?,35:40:SL:CITY_OR_PROVINCE,[IN:travel_suggestion [SL:CITY_OR_PROVINCE Daura] ],CITY_OR_PROVINCE: Daura,hau
travel,travel_suggestion,What is the highest mountain in Benue?,29:34:SL:CITY_OR_PROVINCE,[IN:travel_suggestion [SL:CITY_OR_PROVINCE Benue] ],CITY_OR_PROVINCE: Benue,hau
travel,travel_suggestion,Which are the most popular places in Kontagora?,33:42:SL:CITY_OR_PROVINCE,[IN:travel_suggestion [SL:CITY_OR_PROVINCE Kontagora] ],CITY_OR_PROVINCE: Kontagora,hau
utility,alarm,set the alarm correctly?,,[IN:alarm ],,hau
utility,alarm,When should the alarm go off?,,[IN:alarm ],,hau
utility,alarm,When will you please set my alarm?,,[IN:alarm ],,hau
utility,alarm,tell me how to set the alarm,,[IN:alarm ],,hau
utility,alarm,I want you to set my alarm for 6:00 p.m.,30:50:SL:TIME,[IN:alarm [SL:TIME ƙarfe shida na yamma] ],TIME: ƙarfe shida na yamma,hau
utility,alarm,I want you to set my alarm for 9:00 p.m.,30:48:SL:TIME,[IN:alarm [SL:TIME ƙarfe tara na dare] ],TIME: ƙarfe tara na dare,hau
utility,alarm,Do you know how to set the alarm?,,[IN:alarm ],,hau
utility,alarm,or can you show me how to set the alarm?,,[IN:alarm ],,hau
utility,alarm,Did the alarm go off?,,[IN:alarm ],,hau
utility,alarm,show me how to set this alarm,,[IN:alarm ],,hau
utility,alarm,set an alarm to go off at 9 a.m.,29:44:SL:TIME,[IN:alarm [SL:TIME ƙarfe 9 na safe] ],TIME: ƙarfe 9 na safe,hau
utility,alarm,set an alarm to wake me up at 5 a.m.,31:47:SL:TIME,[IN:alarm [SL:TIME ƙarfe 5 na asuba] ],TIME: ƙarfe 5 na asuba,hau
utility,alarm,help me set my alarm for 10 o'clock at night,31:47:SL:TIME,[IN:alarm [SL:TIME ƙarfe 10 na dare] ],TIME: ƙarfe 10 na dare,hau
utility,alarm,Please set my alarm.,,[IN:alarm ],,hau
utility,alarm,when should the alarm sound?,,[IN:alarm ],,hau
utility,alarm,how is the alarm set?,,[IN:alarm ],,hau
utility,alarm,set the alarm to go off at 8:00 p.m.?,27:43:SL:TIME,[IN:alarm [SL:TIME ƙarfe 8 na yamma] ],TIME: ƙarfe 8 na yamma,hau
utility,alarm,How long before the alarm goes off?,,[IN:alarm ],,hau
utility,alarm,Did the alarm go off?,,[IN:alarm ],,hau
utility,alarm,How many bells will the bell ring?,,[IN:alarm ],,hau
utility,alarm,I want you to set my alarm,,[IN:alarm ],,hau
utility,alarm,I want you to set my alarm to wake me up tonight,"42:45:SL:DATE,46:56:SL:TIME",[IN:alarm [SL:DATE yau] [SL:TIME da daddare] ],DATE: yau $$ TIME: da daddare,hau
utility,alarm,set an alarm on your phone?,25:29:SL:SHOPPING_ITEM,[IN:alarm [SL:SHOPPING_ITEM waya] ],SHOPPING_ITEM: waya,hau
utility,alarm,can you set an alarm?,,[IN:alarm ],,hau
utility,alarm,Did you set the alarm?,,[IN:alarm ],,hau
utility,alarm,set an alarm today?,22:25:SL:DATE,[IN:alarm [SL:DATE yau] ],DATE: yau,hau
utility,alarm,set the alarm to go off at 6 p.m.?,28:44:SL:TIME,[IN:alarm [SL:TIME ƙarfe 6 na yamma] ],TIME: ƙarfe 6 na yamma,hau
utility,alarm,set the alarm for me?,,[IN:alarm ],,hau
utility,alarm,Do you know how to set an alarm?,,[IN:alarm ],,hau
utility,alarm,come and set my alarm,,[IN:alarm ],,hau
utility,alarm,did you set that alarm?,,[IN:alarm ],,hau
utility,alarm,like how many bells should the alarm ring?,,[IN:alarm ],,hau
utility,alarm,like how many bells should the alarm be set?,,[IN:alarm ],,hau
utility,alarm,How many alarms should be set?,,[IN:alarm ],,hau
utility,alarm,or can you set an alarm for me?,,[IN:alarm ],,hau
utility,alarm,how many hours did you set the alarm today?,30:33:SL:DATE,[IN:alarm [SL:DATE yau] ],DATE: yau,hau
utility,alarm,How many times do you set the alarm?,,[IN:alarm ],,hau
utility,alarm,How many bells will the alarm go off?,,[IN:alarm ],,hau
utility,alarm,How many bells will the alarm sound?,,[IN:alarm ],,hau
utility,alarm,how much time should the alarm be set?,,[IN:alarm ],,hau
utility,alarm,set alarm for 4 a.m.,17:32:SL:TIME,[IN:alarm [SL:TIME ƙarfe 4 na safe] ],TIME: ƙarfe 4 na safe,hau
utility,alarm,set the alarm to go off at 5 a.m. tomorrow,"25:29:SL:DATE,33:48:SL:TIME",[IN:alarm [SL:DATE gobe] [SL:TIME ƙarfe 5 na safe] ],DATE: gobe $$ TIME: ƙarfe 5 na safe,hau
utility,alarm,set my alarm,,[IN:alarm ],,hau
utility,alarm,set my alarm for 3 a.m.,20:35:SL:TIME,[IN:alarm [SL:TIME ƙarfe 3 na safe] ],TIME: ƙarfe 3 na safe,hau
utility,alarm,set my alarm for 5 p.m. and 6 a.m.,"20:36:SL:TIME,45:54:SL:TIME",[IN:alarm [SL:TIME ƙarfe 5 na yamma] [SL:TIME 6 na safe] ],TIME: ƙarfe 5 na yamma $$ TIME: 6 na safe,hau
utility,alarm,set my alarm for 7 pm,20:35:SL:TIME,[IN:alarm [SL:TIME ƙarfe 7 na dare] ],TIME: ƙarfe 7 na dare,hau
utility,alarm,set my alarm to 12 noon,28:38:SL:TIME,[IN:alarm [SL:TIME 12 na rana] ],TIME: 12 na rana,hau
utility,alarm,set my alarm to ring tomorrow at 2 pm,"28:32:SL:DATE,33:49:SL:TIME",[IN:alarm [SL:DATE gobe] [SL:TIME ƙarfe 2 na yamma] ],DATE: gobe $$ TIME: ƙarfe 2 na yamma,hau
utility,alarm,set my alarm to go off at 1 a.m.,28:43:SL:TIME,[IN:alarm [SL:TIME ƙarfe 1 na dare] ],TIME: ƙarfe 1 na dare,hau
utility,alarm,set my alarm to ring at 12 noon,28:44:SL:TIME,[IN:alarm [SL:TIME ƙarfe 12 na rana] ],TIME: ƙarfe 12 na rana,hau
utility,alarm,set my alarm to go off at 6:30 a.m.,28:46:SL:TIME,[IN:alarm [SL:TIME ƙarfe 6:30 na safe] ],TIME: ƙarfe 6:30 na safe,hau
utility,alarm,set my alarm to wake me up at 6 a.m.,32:47:SL:TIME,[IN:alarm [SL:TIME ƙarfe 6 na safe] ],TIME: ƙarfe 6 na safe,hau
utility,alarm,the alarm wakes me up at 3 in the afternoon,27:42:SL:TIME,[IN:alarm [SL:TIME ƙarfe 3 na rana] ],TIME: ƙarfe 3 na rana,hau
utility,alarm,the alarm wakes me up at 4 a.m.,27:42:SL:TIME,[IN:alarm [SL:TIME ƙarfe 4 na safe] ],TIME: ƙarfe 4 na safe,hau
utility,alarm,How many times have you set the alarm?,,[IN:alarm ],,hau
utility,alarm,how many minutes did the alarm sound?,,[IN:alarm ],,hau
utility,alarm,help me set my alarm,,[IN:alarm ],,hau
utility,alarm,is this alarm set?,,[IN:alarm ],,hau
utility,alarm,Why the alarm?,23:27:SL:SHOPPING_ITEM,[IN:alarm [SL:SHOPPING_ITEM waya] ],SHOPPING_ITEM: waya,hau
utility,alarm,when did you set the alarm?,,[IN:alarm ],,hau
utility,alarm,When do you expect the alarm to sound?,,[IN:alarm ],,hau
utility,alarm,When the trumpet sounds?,,[IN:alarm ],,hau
utility,alarm,When will the trumpet sound?,,[IN:alarm ],,hau
utility,alarm,can you set this alarm?,,[IN:alarm ],,hau
utility,alarm,how many hours do you set the alarm?,,[IN:alarm ],,hau
utility,alarm,can I set the alarm now?,25:30:SL:TIME,[IN:alarm [SL:TIME yanzu] ],TIME: yanzu,hau
utility,alarm,set my alarm for 4 pm,20:36:SL:TIME,[IN:alarm [SL:TIME ƙarfe 4 na yamma] ],TIME: ƙarfe 4 na yamma,hau
utility,alarm,setting off alarms on mobile phones?,25:36:SL:SHOPPING_ITEM,[IN:alarm [SL:SHOPPING_ITEM wayar hannu] ],SHOPPING_ITEM: wayar hannu,hau
utility,alarm,come and set my alarm,,[IN:alarm ],,hau
utility,alarm,come set my alarm to go off at 6 pm,39:55:SL:TIME,[IN:alarm [SL:TIME ƙarfe 6 na yamma] ],TIME: ƙarfe 6 na yamma,hau
utility,alarm,come set my alarm to go off at 4 a.m.,34:49:SL:TIME,[IN:alarm [SL:TIME ƙarfe 4 na safe] ],TIME: ƙarfe 4 na safe,hau
utility,alarm,to what time do you set the alarm,,[IN:alarm ],,hau
utility,alarm,How many bells should the alarm go off?,,[IN:alarm ],,hau
utility,alarm,How many bells should be fitted?,,[IN:alarm ],,hau
utility,alarm,Please set my alarm for 6:00 a.m.,30:45:SL:TIME,[IN:alarm [SL:TIME ƙarfe 6 na safe] ],TIME: ƙarfe 6 na safe,hau
utility,alarm,Please set my alarm for 8:00 p.m.,30:46:SL:TIME,[IN:alarm [SL:TIME ƙarfe 8 na yamma] ],TIME: ƙarfe 8 na yamma,hau
utility,alarm,set my alarm for 4 p.m. and 5 p.m.,"26:35:SL:TIME,44:54:SL:TIME",[IN:alarm [SL:TIME 4 na dare] [SL:TIME 5 na yamma] ],TIME: 4 na dare $$ TIME: 5 na yamma,hau
utility,alarm,How many metallic points will the alarm strike?,,[IN:alarm ],,hau
utility,alarm,when is the alarm expected to sound?,,[IN:alarm ],,hau
utility,alarm,I want you to set my alarm to wake me up at five o'clock in the afternoon,53:67:SL:TIME,[IN:alarm [SL:TIME biyar na yamma] ],TIME: biyar na yamma,hau
utility,make_call,How did Adam contact you?,0:5:SL:PERSONAL_NAME,[IN:make_call [SL:PERSONAL_NAME Adamu] ],PERSONAL_NAME: Adamu,hau
utility,make_call,telephone in English,7:13:SL:PERSONAL_NAME,[IN:make_call [SL:PERSONAL_NAME Jamilu] ],PERSONAL_NAME: Jamilu,hau
utility,make_call,I'm sorry about the phone call,9:13:SL:PERSONAL_NAME,[IN:make_call [SL:PERSONAL_NAME Bala] ],PERSONAL_NAME: Bala,hau
utility,make_call,contacting your child by phone?,11:15:SL:PERSONAL_NAME,[IN:make_call [SL:PERSONAL_NAME Bala] ],PERSONAL_NAME: Bala,hau
utility,make_call,call me Usman on the phone,9:14:SL:PERSONAL_NAME,[IN:make_call [SL:PERSONAL_NAME Usman] ],PERSONAL_NAME: Usman,hau
utility,make_call,call Sani on his phone,5:9:SL:PERSONAL_NAME,[IN:make_call [SL:PERSONAL_NAME Sani] ],PERSONAL_NAME: Sani,hau
utility,make_call,call the phone number News,20:27:SL:PERSONAL_NAME,[IN:make_call [SL:PERSONAL_NAME Labaran] ],PERSONAL_NAME: Labaran,hau
utility,make_call,call the telephone number Three,20:24:SL:PERSONAL_NAME,[IN:make_call [SL:PERSONAL_NAME Sadi] ],PERSONAL_NAME: Sadi,hau
utility,make_call,call me Abdul on the phone,11:16:SL:PERSONAL_NAME,[IN:make_call [SL:PERSONAL_NAME Abdul] ],PERSONAL_NAME: Abdul,hau
utility,make_call,I need to contact Kabiru on the phone?,15:21:SL:PERSONAL_NAME,[IN:make_call [SL:PERSONAL_NAME Kabiru] ],PERSONAL_NAME: Kabiru,hau
utility,make_call,contact Kabiru by phone,8:14:SL:PERSONAL_NAME,[IN:make_call [SL:PERSONAL_NAME Kabiru] ],PERSONAL_NAME: Kabiru,hau
utility,make_call,Usman contacted you by phone?,0:5:SL:PERSONAL_NAME,[IN:make_call [SL:PERSONAL_NAME Usman] ],PERSONAL_NAME: Usman,hau
utility,make_call,by telephone?,,[IN:make_call ],,hau
utility,make_call,can I call you in the morning?,"24:28:SL:DATE,29:36:SL:TIME",[IN:make_call [SL:DATE gobe] [SL:TIME da safe] ],DATE: gobe $$ TIME: da safe,hau
utility,make_call,can I call Oga on the phone?,,[IN:make_call ],,hau
utility,make_call,Can I call Shamsu on the phone?,14:20:SL:PERSONAL_NAME,[IN:make_call [SL:PERSONAL_NAME Shamsu] ],PERSONAL_NAME: Shamsu,hau
utility,make_call,type the phone number of Kassim,18:24:SL:PERSONAL_NAME,[IN:make_call [SL:PERSONAL_NAME Kassim] ],PERSONAL_NAME: Kassim,hau
utility,make_call,dialing the number of the guard,,[IN:make_call ],,hau
utility,make_call,call Mustafa,8:15:SL:PERSONAL_NAME,[IN:make_call [SL:PERSONAL_NAME Mustafa] ],PERSONAL_NAME: Mustafa,hau
utility,make_call,call up Sadi,8:12:SL:PERSONAL_NAME,[IN:make_call [SL:PERSONAL_NAME Sadi] ],PERSONAL_NAME: Sadi,hau
utility,make_call,call Sagir,8:13:SL:PERSONAL_NAME,[IN:make_call [SL:PERSONAL_NAME Sagir] ],PERSONAL_NAME: Sagir,hau
utility,make_call,call Umar,8:12:SL:PERSONAL_NAME,[IN:make_call [SL:PERSONAL_NAME Umar] ],PERSONAL_NAME: Umar,hau
utility,make_call,Please call Ishmael,15:22:SL:PERSONAL_NAME,[IN:make_call [SL:PERSONAL_NAME Isma'il] ],PERSONAL_NAME: Isma'il,hau
utility,make_call,telephone the person?,,[IN:make_call ],,hau
utility,make_call,Did you call Usman?,11:16:SL:PERSONAL_NAME,[IN:make_call [SL:PERSONAL_NAME Usman] ],PERSONAL_NAME: Usman,hau
utility,make_call,call my dad,8:12:SL:PERSONAL_NAME,[IN:make_call [SL:PERSONAL_NAME Baba] ],PERSONAL_NAME: Baba,hau
utility,make_call,did you call his phone number?,,[IN:make_call ],,hau
utility,make_call,you called me on the phone?,,[IN:make_call ],,hau
utility,make_call,did you call Sani on the phone?,8:12:SL:PERSONAL_NAME,[IN:make_call [SL:PERSONAL_NAME Sani] ],PERSONAL_NAME: Sani,hau
utility,make_call,to call him?,,[IN:make_call ],,hau
utility,make_call,did you call him?,,[IN:make_call ],,hau
utility,make_call,contact with the person?,,[IN:make_call ],,hau
utility,make_call,call my friend on the phone,15:19:SL:SHOPPING_ITEM,[IN:make_call [SL:SHOPPING_ITEM waya] ],SHOPPING_ITEM: waya,hau
utility,make_call,call hadiza on the phone,5:11:SL:PERSONAL_NAME,[IN:make_call [SL:PERSONAL_NAME hadiza] ],PERSONAL_NAME: hadiza,hau
utility,make_call,call my father's phone number,18:22:SL:PERSONAL_NAME,[IN:make_call [SL:PERSONAL_NAME Baba] ],PERSONAL_NAME: Baba,hau
utility,make_call,call the bathroom phone number,,[IN:make_call ],,hau
utility,make_call,call Hadi's phone number,18:22:SL:PERSONAL_NAME,[IN:make_call [SL:PERSONAL_NAME Hadi] ],PERSONAL_NAME: Hadi,hau
utility,make_call,call the Kabir phone number,18:23:SL:PERSONAL_NAME,[IN:make_call [SL:PERSONAL_NAME Kabir] ],PERSONAL_NAME: Kabir,hau
utility,make_call,call the telephone number of the water supplier,31:35:SL:DISH_OR_FOOD,[IN:make_call [SL:DISH_OR_FOOD ruwa] ],DISH_OR_FOOD: ruwa,hau
utility,make_call,call my mother's phone number,,[IN:make_call ],,hau
utility,make_call,call Salman's phone number,18:25:SL:PERSONAL_NAME,[IN:make_call [SL:PERSONAL_NAME Salmanu] ],PERSONAL_NAME: Salmanu,hau
utility,make_call,call me Hajara on the phone,9:15:SL:PERSONAL_NAME,[IN:make_call [SL:PERSONAL_NAME Hajara] ],PERSONAL_NAME: Hajara,hau
utility,make_call,Call me Aaron on my phone,9:15:SL:PERSONAL_NAME,[IN:make_call [SL:PERSONAL_NAME Haruna] ],PERSONAL_NAME: Haruna,hau
utility,make_call,call me Hiadar on the phone,9:15:SL:PERSONAL_NAME,[IN:make_call [SL:PERSONAL_NAME Hiadar] ],PERSONAL_NAME: Hiadar,hau
utility,make_call,call me Sadiq by phone,9:14:SL:PERSONAL_NAME,[IN:make_call [SL:PERSONAL_NAME Sadiq] ],PERSONAL_NAME: Sadiq,hau
utility,make_call,call me on the phone,9:17:SL:PERSONAL_NAME,[IN:make_call [SL:PERSONAL_NAME Salaiman] ],PERSONAL_NAME: Salaiman,hau
utility,make_call,call me father's phone,"9:13:SL:SHOPPING_ITEM,15:19:SL:PERSONAL_NAME",[IN:make_call [SL:SHOPPING_ITEM waya] [SL:PERSONAL_NAME Baba] ],SHOPPING_ITEM: waya $$ PERSONAL_NAME: Baba,hau
utility,make_call,call me at the public phone,15:19:SL:PERSONAL_NAME,[IN:make_call [SL:PERSONAL_NAME Umma] ],PERSONAL_NAME: Umma,hau
utility,make_call,call Sabir on the phone,5:10:SL:PERSONAL_NAME,[IN:make_call [SL:PERSONAL_NAME Sabir] ],PERSONAL_NAME: Sabir,hau
utility,make_call,call the phone now,"5:9:SL:SHOPPING_ITEM,11:14:SL:PERSONAL_NAME,15:20:SL:TIME",[IN:make_call [SL:SHOPPING_ITEM waya] [SL:PERSONAL_NAME Isa] [SL:TIME yanzu] ],SHOPPING_ITEM: waya $$ PERSONAL_NAME: Isa $$ TIME: yanzu,hau
utility,make_call,Salman's phone call,8:15:SL:PERSONAL_NAME,[IN:make_call [SL:PERSONAL_NAME Salmanu] ],PERSONAL_NAME: Salmanu,hau
utility,make_call,call Abraham on the phone,7:14:SL:PERSONAL_NAME,[IN:make_call [SL:PERSONAL_NAME Ibrahim] ],PERSONAL_NAME: Ibrahim,hau
utility,make_call,call Jamil on his phone,"7:12:SL:PERSONAL_NAME,15:19:SL:SHOPPING_ITEM",[IN:make_call [SL:PERSONAL_NAME Jamil] [SL:SHOPPING_ITEM waya] ],PERSONAL_NAME: Jamil $$ SHOPPING_ITEM: waya,hau
utility,make_call,call Khalid on the phone,7:13:SL:PERSONAL_NAME,[IN:make_call [SL:PERSONAL_NAME Khalid] ],PERSONAL_NAME: Khalid,hau
utility,make_call,call the Shamsiyya phone number,20:29:SL:PERSONAL_NAME,[IN:make_call [SL:PERSONAL_NAME Shamsiyya] ],PERSONAL_NAME: Shamsiyya,hau
utility,make_call,to call my dad on the phone,11:15:SL:PERSONAL_NAME,[IN:make_call [SL:PERSONAL_NAME Abba] ],PERSONAL_NAME: Abba,hau
utility,make_call,call me Zubairu on the phone,11:18:SL:PERSONAL_NAME,[IN:make_call [SL:PERSONAL_NAME Zubairu] ],PERSONAL_NAME: Zubairu,hau
utility,make_call,call Peace on the phone,7:13:SL:PERSONAL_NAME,[IN:make_call [SL:PERSONAL_NAME Salama] ],PERSONAL_NAME: Salama,hau
utility,make_call,call him on the phone,,[IN:make_call ],,hau
utility,make_call,calling the restaurant phone,,[IN:make_call ],,hau
utility,make_call,or can I call you?,,[IN:make_call ],,hau
utility,make_call,Get his or her phone number,,[IN:make_call ],,hau
utility,make_call,How can I call you?,,[IN:make_call ],,hau
utility,make_call,touch the phone,,[IN:make_call ],,hau
utility,make_call,who should I call?,,[IN:make_call ],,hau
utility,make_call,can I ring his phone?,,[IN:make_call ],,hau
utility,make_call,Can I call Ummi by phone now?,"13:17:SL:PERSONAL_NAME,26:31:SL:TIME",[IN:make_call [SL:PERSONAL_NAME Ummi] [SL:TIME yanzu] ],PERSONAL_NAME: Ummi $$ TIME: yanzu,hau
utility,make_call,Can I call Hajar on your phone?,"14:20:SL:PERSONAL_NAME,24:28:SL:SHOPPING_ITEM",[IN:make_call [SL:PERSONAL_NAME Hajara] [SL:SHOPPING_ITEM waya] ],PERSONAL_NAME: Hajara $$ SHOPPING_ITEM: waya,hau
utility,make_call,can I call him on his phone?,,[IN:make_call ],,hau
utility,make_call,should I contact him?,,[IN:make_call ],,hau
utility,make_call,Come and get your mom on the phone,"10:16:SL:PERSONAL_NAME,20:24:SL:SHOPPING_ITEM",[IN:make_call [SL:PERSONAL_NAME Mamman] [SL:SHOPPING_ITEM waya] ],PERSONAL_NAME: Mamman $$ SHOPPING_ITEM: waya,hau
utility,make_call,come and call the Pope on the phone,11:16:SL:PERSONAL_NAME,[IN:make_call [SL:PERSONAL_NAME Baffa] ],PERSONAL_NAME: Baffa,hau
utility,make_call,call me Fadila on the phone,9:15:SL:PERSONAL_NAME,[IN:make_call [SL:PERSONAL_NAME Fadila] ],PERSONAL_NAME: Fadila,hau
utility,make_call,call the public by telephone,5:9:SL:PERSONAL_NAME,[IN:make_call [SL:PERSONAL_NAME Umma] ],PERSONAL_NAME: Umma,hau
utility,make_call,call me Hajar on the phone,11:17:SL:PERSONAL_NAME,[IN:make_call [SL:PERSONAL_NAME Hajara] ],PERSONAL_NAME: Hajara,hau
utility,make_call,can I contact him by telephone?,,[IN:make_call ],,hau
utility,make_call,contact Aisha by phone number,8:13:SL:PERSONAL_NAME,[IN:make_call [SL:PERSONAL_NAME Aisha] ],PERSONAL_NAME: Aisha,hau
utility,make_call,contact Halima by phone,8:14:SL:PERSONAL_NAME,[IN:make_call [SL:PERSONAL_NAME Halima] ],PERSONAL_NAME: Halima,hau
utility,make_call,calling the Servant?,8:13:SL:PERSONAL_NAME,[IN:make_call [SL:PERSONAL_NAME Garba] ],PERSONAL_NAME: Garba,hau
utility,make_call,can I contact Usman by phone?,17:22:SL:PERSONAL_NAME,[IN:make_call [SL:PERSONAL_NAME Usman] ],PERSONAL_NAME: Usman,hau
utility,share_location,"My friend Yahya needs to know where I am, send him",8:13:SL:PERSONAL_NAME,[IN:share_location [SL:PERSONAL_NAME Yahya] ],PERSONAL_NAME: Yahya,hau
utility,share_location,Sending Abraham to where I am now,"7:14:SL:PERSONAL_NAME,25:32:SL:TIME",[IN:share_location [SL:PERSONAL_NAME Ibrahim] [SL:TIME a yanzu] ],PERSONAL_NAME: Ibrahim $$ TIME: a yanzu,hau
utility,share_location,"Bashir wanted to know where I am now, God's son told him","0:6:SL:PERSONAL_NAME,33:40:SL:TIME",[IN:share_location [SL:PERSONAL_NAME Bashir] [SL:TIME a yanzu] ],PERSONAL_NAME: Bashir $$ TIME: a yanzu,hau
utility,share_location,"God's child, did you send a name to my location?",20:26:SL:PERSONAL_NAME,[IN:share_location [SL:PERSONAL_NAME sunusi] ],PERSONAL_NAME: sunusi,hau
utility,share_location,Tell Aliyu I was there.,9:14:SL:PERSONAL_NAME,[IN:share_location [SL:PERSONAL_NAME Aliyu] ],PERSONAL_NAME: Aliyu,hau
utility,share_location,Let the public know I am there.,9:13:SL:PERSONAL_NAME,[IN:share_location [SL:PERSONAL_NAME Ummi] ],PERSONAL_NAME: Ummi,hau
utility,share_location,Shehu informed my current location,"0:5:SL:PERSONAL_NAME,18:22:SL:PERSONAL_NAME,37:44:SL:TIME",[IN:share_location [SL:PERSONAL_NAME Shehu] [SL:PERSONAL_NAME musa] [SL:TIME a yanzu] ],PERSONAL_NAME: Shehu $$ PERSONAL_NAME: musa $$ TIME: a yanzu,hau
utility,share_location,Has Iro informed Hadiza of my current whereabouts?,"5:8:SL:PERSONAL_NAME,21:27:SL:PERSONAL_NAME,42:49:SL:TIME",[IN:share_location [SL:PERSONAL_NAME Iro] [SL:PERSONAL_NAME Hadiza] [SL:TIME a yanzu] ],PERSONAL_NAME: Iro $$ PERSONAL_NAME: Hadiza $$ TIME: a yanzu,hau
utility,share_location,Did you send a message to my address?,15:21:SL:PERSONAL_NAME,[IN:share_location [SL:PERSONAL_NAME suwaid] ],PERSONAL_NAME: suwaid,hau
utility,share_location,Did you let him know exactly where I am now?,48:55:SL:TIME,[IN:share_location [SL:TIME a yanzu] ],TIME: a yanzu,hau
utility,share_location,How do I tell Kabir where I am now?,"26:32:SL:PERSONAL_NAME,47:54:SL:TIME",[IN:share_location [SL:PERSONAL_NAME Kabiru] [SL:TIME a yanzu] ],PERSONAL_NAME: Kabiru $$ TIME: a yanzu,hau
utility,share_location,How can I make my presence known to my friends?,25:31:SL:PERSONAL_NAME,[IN:share_location [SL:PERSONAL_NAME jamilu] ],PERSONAL_NAME: jamilu,hau
utility,share_location,Can you tell Usman exactly where I am now?,"23:28:SL:PERSONAL_NAME,51:58:SL:TIME",[IN:share_location [SL:PERSONAL_NAME Usman] [SL:TIME a yanzu] ],PERSONAL_NAME: Usman $$ TIME: a yanzu,hau
utility,share_location,or did you inform them Ahmad if I had gone?,18:23:SL:PERSONAL_NAME,[IN:share_location [SL:PERSONAL_NAME Ahmad] ],PERSONAL_NAME: Ahmad,hau
utility,share_location,How could I tell Noah where I was?,"18:22:SL:PERSONAL_NAME,37:44:SL:TIME",[IN:share_location [SL:PERSONAL_NAME Nuhu] [SL:TIME a yanzu] ],PERSONAL_NAME: Nuhu $$ TIME: a yanzu,hau
utility,share_location,Can you tell Abraham and Ilya where I am?,"18:25:SL:PERSONAL_NAME,29:32:SL:PERSONAL_NAME",[IN:share_location [SL:PERSONAL_NAME Ibrahim] [SL:PERSONAL_NAME Ilu] ],PERSONAL_NAME: Ibrahim $$ PERSONAL_NAME: Ilu,hau
utility,share_location,"My friend needs to know where I am, how do I send him there?",8:12:SL:PERSONAL_NAME,[IN:share_location [SL:PERSONAL_NAME sani] ],PERSONAL_NAME: sani,hau
utility,share_location,Send him where I am standing now,30:37:SL:TIME,[IN:share_location [SL:TIME a yanzu] ],TIME: a yanzu,hau
utility,share_location,Sending Bala to where I am now,"7:11:SL:PERSONAL_NAME,22:29:SL:TIME",[IN:share_location [SL:PERSONAL_NAME Bala] [SL:TIME a yanzu] ],PERSONAL_NAME: Bala $$ TIME: a yanzu,hau
utility,share_location,I'm waiting for him,"7:11:SL:PERSONAL_NAME,22:29:SL:TIME",[IN:share_location [SL:PERSONAL_NAME Bala] [SL:TIME a yanzu] ],PERSONAL_NAME: Bala $$ TIME: a yanzu,hau
utility,share_location,Sending My Bible to Where I Am Now,"7:12:SL:PERSONAL_NAME,23:30:SL:TIME",[IN:share_location [SL:PERSONAL_NAME Binta] [SL:TIME a yanzu] ],PERSONAL_NAME: Binta $$ TIME: a yanzu,hau
utility,share_location,Bello needs to know where I am right now,"0:5:SL:PERSONAL_NAME,40:47:SL:TIME",[IN:share_location [SL:PERSONAL_NAME Bello] [SL:TIME a yanzu] ],PERSONAL_NAME: Bello $$ TIME: a yanzu,hau
utility,share_location,God's son sent her exactly where I am now,38:45:SL:TIME,[IN:share_location [SL:TIME a yanzu] ],TIME: a yanzu,hau
utility,share_location,God's Son sent Bashir to my place,17:23:SL:PERSONAL_NAME,[IN:share_location [SL:PERSONAL_NAME Bashir] ],PERSONAL_NAME: Bashir,hau
utility,share_location,Did the Son of God tell Isa where I am now?,"18:21:SL:PERSONAL_NAME,32:39:SL:TIME",[IN:share_location [SL:PERSONAL_NAME Isa] [SL:TIME a yanzu] ],PERSONAL_NAME: Isa $$ TIME: a yanzu,hau
utility,share_location,"Son of God, tell Yahya where I am now.","19:24:SL:PERSONAL_NAME,35:42:SL:TIME",[IN:share_location [SL:PERSONAL_NAME Yahya] [SL:TIME a yanzu] ],PERSONAL_NAME: Yahya $$ TIME: a yanzu,hau
utility,share_location,Please tell my father where I am.,,[IN:share_location ],,hau
utility,share_location,"Seeing the shopkeeper Bala, will you come?",13:17:SL:PERSONAL_NAME,[IN:share_location [SL:PERSONAL_NAME Bala] ],PERSONAL_NAME: Bala,hau
utility,share_location,I told Bello where I was now,"8:13:SL:PERSONAL_NAME,28:35:SL:TIME",[IN:share_location [SL:PERSONAL_NAME Bello] [SL:TIME a yanzu] ],PERSONAL_NAME: Bello $$ TIME: a yanzu,hau
utility,share_location,Tell Binta where I am.,8:13:SL:PERSONAL_NAME,[IN:share_location [SL:PERSONAL_NAME Binta] ],PERSONAL_NAME: Binta,hau
utility,share_location,Telling my wife where I am,,[IN:share_location ],,hau
utility,share_location,Tell the children where I am,,[IN:share_location ],,hau
utility,share_location,i need to let bello know where i am now,"24:29:SL:PERSONAL_NAME,40:47:SL:TIME",[IN:share_location [SL:PERSONAL_NAME Bello] [SL:TIME a yanzu] ],PERSONAL_NAME: Bello $$ TIME: a yanzu,hau
utility,share_location,I want you to tell Bello where I am now,"19:24:SL:PERSONAL_NAME,35:42:SL:TIME",[IN:share_location [SL:PERSONAL_NAME Bello] [SL:TIME a yanzu] ],PERSONAL_NAME: Bello $$ TIME: a yanzu,hau
utility,share_location,"I'm at the tea shop, will you come?","10:15:SL:PERSONAL_NAME,20:25:SL:DISH_OR_FOOD",[IN:share_location [SL:PERSONAL_NAME shehu] [SL:DISH_OR_FOOD shayi] ],PERSONAL_NAME: shehu $$ DISH_OR_FOOD: shayi,hau
utility,share_location,"Ismail needs to know where I am, send him",0:7:SL:PERSONAL_NAME,[IN:share_location [SL:PERSONAL_NAME Isma'il] ],PERSONAL_NAME: Isma'il,hau
utility,share_location,Say the sheikh is waiting for him at the entrance of the shop,8:13:SL:PERSONAL_NAME,[IN:share_location [SL:PERSONAL_NAME shehu] ],PERSONAL_NAME: shehu,hau
utility,share_location,Tell my father where I am.,,[IN:share_location ],,hau
utility,share_location,Tell my mother where I am.,,[IN:share_location ],,hau
utility,share_location,Or you can tell my father where I am.,,[IN:share_location ],,hau
utility,share_location,Or could you let him know where I am now?,38:45:SL:TIME,[IN:share_location [SL:TIME a yanzu] ],TIME: a yanzu,hau
utility,share_location,"Maryam wanted to know exactly where I was, son of God sent her",0:6:SL:PERSONAL_NAME,[IN:share_location [SL:PERSONAL_NAME Maryam] ],PERSONAL_NAME: Maryam,hau
utility,share_location,"Maryam wants to know where I am, God sent her",0:6:SL:PERSONAL_NAME,[IN:share_location [SL:PERSONAL_NAME Maryam] ],PERSONAL_NAME: Maryam,hau
utility,share_location,Tell Isa and Indo where I am?,"8:11:SL:PERSONAL_NAME,15:19:SL:PERSONAL_NAME",[IN:share_location [SL:PERSONAL_NAME Isa] [SL:PERSONAL_NAME Indo] ],PERSONAL_NAME: Isa $$ PERSONAL_NAME: Indo,hau
utility,share_location,Moses' falling down to the River,"7:11:SL:PERSONAL_NAME,20:24:SL:CITY_OR_PROVINCE",[IN:share_location [SL:PERSONAL_NAME Musa] [SL:CITY_OR_PROVINCE Kogi] ],PERSONAL_NAME: Musa $$ CITY_OR_PROVINCE: Kogi,hau
utility,share_location,Informing the university of my current location,"9:15:SL:PERSONAL_NAME,26:33:SL:TIME",[IN:share_location [SL:PERSONAL_NAME jamila] [SL:TIME a yanzu] ],PERSONAL_NAME: jamila $$ TIME: a yanzu,hau
utility,share_location,Announcing my current whereabouts to the public,"9:15:SL:PERSONAL_NAME,26:33:SL:TIME",[IN:share_location [SL:PERSONAL_NAME jamilu] [SL:TIME a yanzu] ],PERSONAL_NAME: jamilu $$ TIME: a yanzu,hau
utility,share_location,Let them know where I am now,22:29:SL:TIME,[IN:share_location [SL:TIME a yanzu] ],TIME: a yanzu,hau
utility,share_location,Informing Yahya of my current location,"9:14:SL:PERSONAL_NAME,25:32:SL:TIME",[IN:share_location [SL:PERSONAL_NAME Yahya] [SL:TIME a yanzu] ],PERSONAL_NAME: Yahya $$ TIME: a yanzu,hau
utility,share_location,Telling my brother where I am now,27:34:SL:TIME,[IN:share_location [SL:TIME a yanzu] ],TIME: a yanzu,hau
utility,share_location,Did you send Bashir to my place?,15:21:SL:PERSONAL_NAME,[IN:share_location [SL:PERSONAL_NAME Bashir] ],PERSONAL_NAME: Bashir,hau
utility,share_location,Can you please let him know where I am now?,43:50:SL:TIME,[IN:share_location [SL:TIME a yanzu] ],TIME: a yanzu,hau
utility,share_location,How would Moses know where I was?,10:14:SL:PERSONAL_NAME,[IN:share_location [SL:PERSONAL_NAME Musa] ],PERSONAL_NAME: Musa,hau
utility,share_location,How can I express where I am right now?,33:40:SL:TIME,[IN:share_location [SL:TIME a yanzu] ],TIME: a yanzu,hau
utility,share_location,How can I show Iro where I am now?,"25:28:SL:PERSONAL_NAME,39:46:SL:TIME",[IN:share_location [SL:PERSONAL_NAME Iro] [SL:TIME a yanzu] ],PERSONAL_NAME: Iro $$ TIME: a yanzu,hau
utility,share_location,Can you tell Indy where I am?,23:27:SL:PERSONAL_NAME,[IN:share_location [SL:PERSONAL_NAME Indo] ],PERSONAL_NAME: Indo,hau
utility,share_location,Let him know where I stand now?,32:39:SL:TIME,[IN:share_location [SL:TIME a yanzu] ],TIME: a yanzu,hau
utility,share_location,Can you tell Binta exactly where I am now?,"23:28:SL:PERSONAL_NAME,51:58:SL:TIME",[IN:share_location [SL:PERSONAL_NAME Binta] [SL:TIME a yanzu] ],PERSONAL_NAME: Binta $$ TIME: a yanzu,hau
utility,share_location,Did you send the message to my address?,15:21:SL:PERSONAL_NAME,[IN:share_location [SL:PERSONAL_NAME Kabiru] ],PERSONAL_NAME: Kabiru,hau
utility,share_location,Would you let him know where I am now?,36:43:SL:TIME,[IN:share_location [SL:TIME a yanzu] ],TIME: a yanzu,hau
utility,share_location,How do I tell my boss where I am?,19:23:SL:PERSONAL_NAME,[IN:share_location [SL:PERSONAL_NAME sani] ],PERSONAL_NAME: sani,hau
utility,share_location,How can I show Iro where I am right now?,"23:26:SL:PERSONAL_NAME,37:44:SL:TIME",[IN:share_location [SL:PERSONAL_NAME Iro] [SL:TIME a yanzu] ],PERSONAL_NAME: Iro $$ TIME: a yanzu,hau
utility,share_location,How do I let Faisal know where I am now?,"21:27:SL:PERSONAL_NAME,42:49:SL:TIME",[IN:share_location [SL:PERSONAL_NAME Faisal] [SL:TIME a yanzu] ],PERSONAL_NAME: Faisal $$ TIME: a yanzu,hau
utility,share_location,How do I let my location be known?,21:25:SL:PERSONAL_NAME,[IN:share_location [SL:PERSONAL_NAME sani] ],PERSONAL_NAME: sani,hau
utility,share_location,How do I tell Kabiru where I am now?,"18:24:SL:PERSONAL_NAME,39:46:SL:TIME",[IN:share_location [SL:PERSONAL_NAME Kabiru] [SL:TIME a yanzu] ],PERSONAL_NAME: Kabiru $$ TIME: a yanzu,hau
utility,share_location,How do I let my current location be known?,"18:22:SL:PERSONAL_NAME,37:44:SL:TIME",[IN:share_location [SL:PERSONAL_NAME sani] [SL:TIME a yanzu] ],PERSONAL_NAME: sani $$ TIME: a yanzu,hau
utility,share_location,Can you tell Indo where I am now?,"18:22:SL:PERSONAL_NAME,33:40:SL:TIME",[IN:share_location [SL:PERSONAL_NAME Indo] [SL:TIME a yanzu] ],PERSONAL_NAME: Indo $$ TIME: a yanzu,hau
utility,share_location,Can you tell Indy where I am?,18:22:SL:PERSONAL_NAME,[IN:share_location [SL:PERSONAL_NAME Indo] ],PERSONAL_NAME: Indo,hau
utility,share_location,Could you tell Isa and Indo where I am?,"18:21:SL:PERSONAL_NAME,25:29:SL:PERSONAL_NAME",[IN:share_location [SL:PERSONAL_NAME Isa] [SL:PERSONAL_NAME Indo] ],PERSONAL_NAME: Isa $$ PERSONAL_NAME: Indo,hau
utility,share_location,Tell me where Halima went,17:23:SL:PERSONAL_NAME,[IN:share_location [SL:PERSONAL_NAME Halima] ],PERSONAL_NAME: Halima,hau
utility,share_location,the town where they went,20:23:SL:PERSONAL_NAME,[IN:share_location [SL:PERSONAL_NAME Isa] ],PERSONAL_NAME: Isa,hau
utility,share_location,Can you let him know where I am standing right now?,41:48:SL:TIME,[IN:share_location [SL:TIME a yanzu] ],TIME: a yanzu,hau
utility,share_location,Bello informed me of my current location,"0:5:SL:PERSONAL_NAME,18:22:SL:PERSONAL_NAME,37:44:SL:TIME",[IN:share_location [SL:PERSONAL_NAME Bello] [SL:PERSONAL_NAME musa] [SL:TIME a yanzu] ],PERSONAL_NAME: Bello $$ PERSONAL_NAME: musa $$ TIME: a yanzu,hau
utility,share_location,"Her daughter needs to know where I am now, tell her","0:5:SL:PERSONAL_NAME,39:46:SL:TIME",[IN:share_location [SL:PERSONAL_NAME Binta] [SL:TIME a yanzu] ],PERSONAL_NAME: Binta $$ TIME: a yanzu,hau
utility,share_location,God's Son sent Samira to my place,17:23:SL:PERSONAL_NAME,[IN:share_location [SL:PERSONAL_NAME Samira] ],PERSONAL_NAME: Samira,hau
utility,share_location,Ask Bello to inform him of my current location,"8:13:SL:PERSONAL_NAME,26:30:SL:PERSONAL_NAME,45:52:SL:TIME",[IN:share_location [SL:PERSONAL_NAME Bello] [SL:PERSONAL_NAME musa] [SL:TIME a yanzu] ],PERSONAL_NAME: Bello $$ PERSONAL_NAME: musa $$ TIME: a yanzu,hau
utility,share_location,How can I show my place?,,[IN:share_location ],,hau
utility,share_location,tell them Hamid where I went,10:15:SL:PERSONAL_NAME,[IN:share_location [SL:PERSONAL_NAME Hamid] ],PERSONAL_NAME: Hamid,hau
utility,share_location,How would Faisal know where I am now?,"8:14:SL:PERSONAL_NAME,37:44:SL:TIME",[IN:share_location [SL:PERSONAL_NAME Faisal] [SL:TIME a yanzu] ],PERSONAL_NAME: Faisal $$ TIME: a yanzu,hau
utility,share_location,tell them where I'm going,,[IN:share_location ],,hau
utility,text,"Send a text message to the Muslims saying, the Bridegroom has come",26:31:SL:PERSONAL_NAME,[IN:text [SL:PERSONAL_NAME Aslam] ],PERSONAL_NAME: Aslam,hau
utility,text,"Send a text message to Islam saying, I will be here soon",26:31:SL:PERSONAL_NAME,[IN:text [SL:PERSONAL_NAME Aslam] ],PERSONAL_NAME: Aslam,hau
utility,text,Sending a text message to my grandmother,,[IN:text ],,hau
utility,text,Texting my dad and telling him that I love him,,[IN:text ],,hau
utility,text,Send a text message to Moses to come,26:30:SL:PERSONAL_NAME,[IN:text [SL:PERSONAL_NAME Musa] ],PERSONAL_NAME: Musa,hau
utility,text,Sending a text message to the sheikh to say I'm waiting,13:18:SL:PERSONAL_NAME,[IN:text [SL:PERSONAL_NAME shehu] ],PERSONAL_NAME: shehu,hau
utility,text,Sending a text message to the sheikh saying I am waiting for him,13:18:SL:PERSONAL_NAME,[IN:text [SL:PERSONAL_NAME shehu] ],PERSONAL_NAME: shehu,hau
utility,text,God's people write to him and tell him the things they have received,19:23:SL:PERSONAL_NAME,[IN:text [SL:PERSONAL_NAME sani] ],PERSONAL_NAME: sani,hau
utility,text,God's son wrote to know you told him the car broke down today,"19:23:SL:PERSONAL_NAME,56:59:SL:DATE",[IN:text [SL:PERSONAL_NAME sani] [SL:DATE yau] ],PERSONAL_NAME: sani $$ DATE: yau,hau
utility,text,God's child you can create a new text to Bello,49:54:SL:PERSONAL_NAME,[IN:text [SL:PERSONAL_NAME Bello] ],PERSONAL_NAME: Bello,hau
utility,text,I want you to write Hafsat and tell her I want to change the material,19:25:SL:PERSONAL_NAME,[IN:text [SL:PERSONAL_NAME Hafsat] ],PERSONAL_NAME: Hafsat,hau
utility,text,Write to the teacher asking to wait for him,,[IN:text ],,hau
utility,text,Write to our English teacher to tell him that I will not be able to come,18:25:SL:LANGUAGE_NAME,[IN:text [SL:LANGUAGE_NAME turanci] ],LANGUAGE_NAME: turanci,hau
utility,text,Send a text message to Indo and tell her we are ready,26:30:SL:PERSONAL_NAME,[IN:text [SL:PERSONAL_NAME Indo] ],PERSONAL_NAME: Indo,hau
utility,text,Could you send a text message to a muse now?,"36:40:SL:PERSONAL_NAME,41:46:SL:TIME",[IN:text [SL:PERSONAL_NAME musa] [SL:TIME yanzu] ],PERSONAL_NAME: musa $$ TIME: yanzu,hau
utility,text,You can send Binta a text message saying we will come tomorrow,"17:22:SL:PERSONAL_NAME,52:56:SL:DATE",[IN:text [SL:PERSONAL_NAME Binta] [SL:DATE gobe] ],PERSONAL_NAME: Binta $$ DATE: gobe,hau
utility,text,Send a new text message,,[IN:text ],,hau
utility,text,Send a new text message to Mary,32:38:SL:PERSONAL_NAME,[IN:text [SL:PERSONAL_NAME Maryam] ],PERSONAL_NAME: Maryam,hau
utility,text,Send new text message now,25:30:SL:TIME,[IN:text [SL:TIME yanzu] ],TIME: yanzu,hau
utility,text,Sending a text message saying I'm on my way,,[IN:text ],,hau
utility,text,"Sending a text message saying, I will be here soon",,[IN:text ],,hau
utility,text,Sending a text message to Dad every day,26:30:SL:PERSONAL_NAME,[IN:text [SL:PERSONAL_NAME Baba] ],PERSONAL_NAME: Baba,hau
utility,text,Texting my dad to say goodbye,26:30:SL:PERSONAL_NAME,[IN:text [SL:PERSONAL_NAME Baba] ],PERSONAL_NAME: Baba,hau
utility,text,Texting my dad and telling him I love him,,[IN:text ],,hau
utility,text,Sending text message to Bala,26:30:SL:PERSONAL_NAME,[IN:text [SL:PERSONAL_NAME Bala] ],PERSONAL_NAME: Bala,hau
utility,text,"Sending a text message to my boyfriend, saying I'll be gone in 20 minutes","26:30:SL:PERSONAL_NAME,51:60:SL:TIME",[IN:text [SL:PERSONAL_NAME Bala] [SL:TIME mintin 20] ],PERSONAL_NAME: Bala $$ TIME: mintin 20,hau
utility,text,"Sending a text message to Fatima, saying I will be late",26:32:SL:PERSONAL_NAME,[IN:text [SL:PERSONAL_NAME Fatima] ],PERSONAL_NAME: Fatima,hau
utility,text,Send a text message to Isa and ask him to come,26:29:SL:PERSONAL_NAME,[IN:text [SL:PERSONAL_NAME Isa] ],PERSONAL_NAME: Isa,hau
utility,text,Sending a text message to Sunny,26:32:SL:PERSONAL_NAME,[IN:text [SL:PERSONAL_NAME Sunusi] ],PERSONAL_NAME: Sunusi,hau
utility,text,Sending text messages to Indo,23:27:SL:PERSONAL_NAME,[IN:text [SL:PERSONAL_NAME Indo] ],PERSONAL_NAME: Indo,hau
utility,text,Send text message to the mouse,23:27:SL:PERSONAL_NAME,[IN:text [SL:PERSONAL_NAME musa] ],PERSONAL_NAME: musa,hau
utility,text,Sending Bello a text message,7:12:SL:PERSONAL_NAME,[IN:text [SL:PERSONAL_NAME Bello] ],PERSONAL_NAME: Bello,hau
utility,text,Sending a text message to the sheikh saying I'm waiting,7:12:SL:PERSONAL_NAME,[IN:text [SL:PERSONAL_NAME shehu] ],PERSONAL_NAME: shehu,hau
utility,text,"God's son send a text, I will be here soon",,[IN:text ],,hau
utility,text,"God's son sent a message to Zainab saying, I will be here soon",18:24:SL:PERSONAL_NAME,[IN:text [SL:PERSONAL_NAME Zainab] ],PERSONAL_NAME: Zainab,hau
utility,text,God's son to write to Aisha tell her we came,19:24:SL:PERSONAL_NAME,[IN:text [SL:PERSONAL_NAME Aisha] ],PERSONAL_NAME: Aisha,hau
utility,text,God's son wrote to know you told him the car broke down to,19:23:SL:PERSONAL_NAME,[IN:text [SL:PERSONAL_NAME sani] ],PERSONAL_NAME: sani,hau
utility,text,God's child can create a new script to the Goddess,49:53:SL:PERSONAL_NAME,[IN:text [SL:PERSONAL_NAME Bala] ],PERSONAL_NAME: Bala,hau
utility,text,Please send a text message to Bilki,47:52:SL:PERSONAL_NAME,[IN:text [SL:PERSONAL_NAME Bilki] ],PERSONAL_NAME: Bilki,hau
utility,text,Please send Ali a text saying I will be late,21:24:SL:PERSONAL_NAME,[IN:text [SL:PERSONAL_NAME Ali] ],PERSONAL_NAME: Ali,hau
utility,text,Please send Sule a text message saying I'm on my way,21:25:SL:PERSONAL_NAME,[IN:text [SL:PERSONAL_NAME Sule] ],PERSONAL_NAME: Sule,hau
utility,text,Please send Sule a text message only if you are late,21:25:SL:PERSONAL_NAME,[IN:text [SL:PERSONAL_NAME Sule] ],PERSONAL_NAME: Sule,hau
utility,text,Please send Sule a text message saying I will pay for their room,"21:25:SL:PERSONAL_NAME,65:69:SL:PERSONAL_NAME",[IN:text [SL:PERSONAL_NAME Sule] [SL:PERSONAL_NAME Ladi] ],PERSONAL_NAME: Sule $$ PERSONAL_NAME: Ladi,hau
utility,text,Start a new text message,,[IN:text ],,hau
utility,text,I want you to write Hafsat and tell her we are gone,19:25:SL:PERSONAL_NAME,[IN:text [SL:PERSONAL_NAME Hafsat] ],PERSONAL_NAME: Hafsat,hau
utility,text,I want you to send a text message to Fatima,37:43:SL:PERSONAL_NAME,[IN:text [SL:PERSONAL_NAME Fatima] ],PERSONAL_NAME: Fatima,hau
utility,text,I want you to send a new text message to Fatima,48:54:SL:PERSONAL_NAME,[IN:text [SL:PERSONAL_NAME Fatima] ],PERSONAL_NAME: Fatima,hau
utility,text,Let Lado know by text message that you are coming now,"12:16:SL:PERSONAL_NAME,43:48:SL:TIME",[IN:text [SL:PERSONAL_NAME Lado] [SL:TIME yanzu] ],PERSONAL_NAME: Lado $$ TIME: yanzu,hau
utility,text,Let Sule know by text message that you're late,12:16:SL:PERSONAL_NAME,[IN:text [SL:PERSONAL_NAME Sule] ],PERSONAL_NAME: Sule,hau
utility,text,create new text,,[IN:text ],,hau
utility,text,Writing a text message to Shamsu,28:34:SL:PERSONAL_NAME,[IN:text [SL:PERSONAL_NAME Shamsu] ],PERSONAL_NAME: Shamsu,hau
utility,text,Texting Sunny to say I'm leaving,28:34:SL:PERSONAL_NAME,[IN:text [SL:PERSONAL_NAME Sunusi] ],PERSONAL_NAME: Sunusi,hau
utility,text,Write to my doctor about my symptoms,,[IN:text ],,hau
utility,text,Write to the teacher to tell him that I will not be able to come,,[IN:text ],,hau
utility,text,Write to the teacher to let him know that we are waiting for him,,[IN:text ],,hau
utility,text,Write to Zainab and tell her we are waiting for her,10:16:SL:PERSONAL_NAME,[IN:text [SL:PERSONAL_NAME Zainab] ],PERSONAL_NAME: Zainab,hau
utility,text,Writing to Aisha to tell her the bus is coming,9:14:SL:PERSONAL_NAME,[IN:text [SL:PERSONAL_NAME Aisha] ],PERSONAL_NAME: Aisha,hau
utility,text,Write to Hadiza and tell her the bus won't come,9:15:SL:PERSONAL_NAME,[IN:text [SL:PERSONAL_NAME Hadiza] ],PERSONAL_NAME: Hadiza,hau
utility,text,Write a note to let him know the bus is coming,9:13:SL:PERSONAL_NAME,[IN:text [SL:PERSONAL_NAME sani] ],PERSONAL_NAME: sani,hau
utility,text,Did you text Sue to let her know that I would be late?,17:21:SL:PERSONAL_NAME,[IN:text [SL:PERSONAL_NAME Sule] ],PERSONAL_NAME: Sule,hau
utility,text,Send him a new text message,,[IN:text ],,hau
utility,text,Sending him a text message saying I'm on my way,,[IN:text ],,hau
utility,text,Send a text message to Indo and tell her we finished cooking,26:30:SL:PERSONAL_NAME,[IN:text [SL:PERSONAL_NAME Indo] ],PERSONAL_NAME: Indo,hau
utility,text,Send a text message to Indo and tell her we are ready to go,26:30:SL:PERSONAL_NAME,[IN:text [SL:PERSONAL_NAME Indo] ],PERSONAL_NAME: Indo,hau
utility,text,"Could you text Indo, tell her to come early?",36:40:SL:PERSONAL_NAME,[IN:text [SL:PERSONAL_NAME Indo] ],PERSONAL_NAME: Indo,hau
utility,text,"Could you send a text message to Ladi, tell her to come?",36:40:SL:PERSONAL_NAME,[IN:text [SL:PERSONAL_NAME Ladi] ],PERSONAL_NAME: Ladi,hau
utility,text,Could you send a text message to a moss?,36:40:SL:PERSONAL_NAME,[IN:text [SL:PERSONAL_NAME musa] ],PERSONAL_NAME: musa,hau
utility,text,texting him that we are on our way to Kano,49:53:SL:CITY_OR_PROVINCE,[IN:text [SL:CITY_OR_PROVINCE Kano] ],CITY_OR_PROVINCE: Kano,hau
utility,text,Can you send a text saying I'm on my way?,,[IN:text ],,hau
utility,text,You can send Ali a text message saying we will be there soon,17:20:SL:PERSONAL_NAME,[IN:text [SL:PERSONAL_NAME Ali] ],PERSONAL_NAME: Ali,hau
utility,text,You can create a new text,,[IN:text ],,hau
utility,text,You can write to Aisha and tell her the bus is coming,18:23:SL:PERSONAL_NAME,[IN:text [SL:PERSONAL_NAME Aisha] ],PERSONAL_NAME: Aisha,hau
utility,text,Sending a new text message saying I'm on my way,,[IN:text ],,hau
utility,text,Sending a new text message now to Dad,"25:30:SL:TIME,39:43:SL:PERSONAL_NAME",[IN:text [SL:TIME yanzu] [SL:PERSONAL_NAME Baba] ],TIME: yanzu $$ PERSONAL_NAME: Baba,hau
utility,text,Sending a text message to mahmud,26:32:SL:PERSONAL_NAME,[IN:text [SL:PERSONAL_NAME mahmud] ],PERSONAL_NAME: mahmud,hau
utility,text,God's Son sent a new text message to his father,"35:40:SL:TIME,49:53:SL:PERSONAL_NAME",[IN:text [SL:TIME yanzu] [SL:PERSONAL_NAME Baba] ],TIME: yanzu $$ PERSONAL_NAME: Baba,hau
utility,text,Please send Ali a text message saying we will be there soon,21:24:SL:PERSONAL_NAME,[IN:text [SL:PERSONAL_NAME Ali] ],PERSONAL_NAME: Ali,hau
utility,text,Texting to Shamsu to say I'm leaving,28:34:SL:PERSONAL_NAME,[IN:text [SL:PERSONAL_NAME Shamsu] ],PERSONAL_NAME: Shamsu,hau
utility,text,Write Hafsat and tell her we are gone,9:15:SL:PERSONAL_NAME,[IN:text [SL:PERSONAL_NAME Hafsat] ],PERSONAL_NAME: Hafsat,hau
utility,text,You can create new posts to your profile,39:44:SL:PERSONAL_NAME,[IN:text [SL:PERSONAL_NAME Binta] ],PERSONAL_NAME: Binta,hau
utility,time,At what time should prayers be called?,,[IN:time ],,hau
utility,time,When will the sun rise?,,[IN:time ],,hau
utility,time,What time is it now on the GMT clock?,29:36:SL:TIME,[IN:time [SL:TIME a yanzu] ],TIME: a yanzu,hau
utility,time,How many hours of the Lord's Prayer are said in South Korea?,47:61:SL:COUNTRY,[IN:time [SL:COUNTRY Koriya ta kudu] ],COUNTRY: Koriya ta kudu,hau
utility,time,What time is the morning prayer in Pakistan?,35:43:SL:COUNTRY,[IN:time [SL:COUNTRY Pakistan] ],COUNTRY: Pakistan,hau
utility,time,"Tell me, what time is the prayer?",,[IN:time ],,hau
utility,time,I wonder if it's already seven o'clock?,17:29:SL:TIME,[IN:time [SL:TIME ƙarfe bakwai] ],TIME: ƙarfe bakwai,hau
utility,time,what time does the sun rise in Canada?,31:37:SL:COUNTRY,[IN:time [SL:COUNTRY Kanada] ],COUNTRY: Kanada,hau
utility,time,what time does the sun rise in Niger?,30:35:SL:COUNTRY,[IN:time [SL:COUNTRY Nijar] ],COUNTRY: Nijar,hau
utility,time,what is the exact time in south africa right now?,"24:38:SL:COUNTRY,39:46:SL:TIME",[IN:time [SL:COUNTRY afrika ta kudu] [SL:TIME a yanzu] ],COUNTRY: afrika ta kudu $$ TIME: a yanzu,hau
utility,time,what is the exact time in Uganda now?,"24:30:SL:COUNTRY,31:38:SL:TIME",[IN:time [SL:COUNTRY Uganda] [SL:TIME a yanzu] ],COUNTRY: Uganda $$ TIME: a yanzu,hau
utility,time,Is it seven o'clock?,5:17:SL:TIME,[IN:time [SL:TIME ƙarfe bakwai] ],TIME: ƙarfe bakwai,hau
utility,time,Is the time in Nigeria and Togo the same?,"13:21:SL:COUNTRY,25:29:SL:COUNTRY",[IN:time [SL:COUNTRY Nijeriya] [SL:COUNTRY Togo] ],COUNTRY: Nijeriya $$ COUNTRY: Togo,hau
utility,time,Is it time for the morning prayer?,,[IN:time ],,hau
utility,time,What is the proper time for the prayer of distress?,,[IN:time ],,hau
utility,time,What is the time in Chad?,32:36:SL:COUNTRY,[IN:time [SL:COUNTRY cadi] ],COUNTRY: cadi,hau
utility,time,How many hours and minutes is it now?,21:26:SL:TIME,[IN:time [SL:TIME yanzu] ],TIME: yanzu,hau
utility,time,God's son let me know the time now,31:38:SL:TIME,[IN:time [SL:TIME a yanzu] ],TIME: a yanzu,hau
utility,time,Do you know the exact time in Niger now?,"27:32:SL:COUNTRY,33:38:SL:TIME",[IN:time [SL:COUNTRY Nijar] [SL:TIME yanzu] ],COUNTRY: Nijar $$ TIME: yanzu,hau
utility,time,"Tell me, what time is it?",,[IN:time ],,hau
utility,time,what time is it now in Kenya?,"16:21:SL:TIME,24:29:SL:COUNTRY",[IN:time [SL:TIME yanzu] [SL:COUNTRY Kenya] ],TIME: yanzu $$ COUNTRY: Kenya,hau
utility,time,what time is it now?,11:18:SL:TIME,[IN:time [SL:TIME a yanzu] ],TIME: a yanzu,hau
utility,time,Tell me the exact time in Niger now?,"26:31:SL:COUNTRY,32:37:SL:TIME",[IN:time [SL:COUNTRY Nijar] [SL:TIME yanzu] ],COUNTRY: Nijar $$ TIME: yanzu,hau
utility,time,is it now six o'clock in Saudi Arabia?,"0:5:SL:TIME,6:17:SL:TIME,33:40:SL:COUNTRY",[IN:time [SL:TIME yanzu] [SL:TIME karfe shida] [SL:COUNTRY Saudiya] ],TIME: yanzu $$ TIME: karfe shida $$ COUNTRY: Saudiya,hau
utility,time,How many meters would they reach Kano?,29:33:SL:CITY_OR_PROVINCE,[IN:time [SL:CITY_OR_PROVINCE Kano] ],CITY_OR_PROVINCE: Kano,hau
utility,time,what is the current time in Togo,"24:28:SL:COUNTRY,29:34:SL:TIME",[IN:time [SL:COUNTRY Togo] [SL:TIME yanzu] ],COUNTRY: Togo $$ TIME: yanzu,hau
utility,time,what time will you arrive in Jigawa?,21:27:SL:CITY_OR_PROVINCE,[IN:time [SL:CITY_OR_PROVINCE Jigawa] ],CITY_OR_PROVINCE: Jigawa,hau
utility,time,"Tell me, what time is it in India?",22:28:SL:COUNTRY,[IN:time [SL:COUNTRY Indiya] ],COUNTRY: Indiya,hau
utility,time,Tell me what time it is now?,20:27:SL:TIME,[IN:time [SL:TIME a yanzu] ],TIME: a yanzu,hau
utility,time,"Tell me, what time is the prayer of the morning?",,[IN:time ],,hau
utility,time,tell me what time?,,[IN:time ],,hau
utility,time,"Tell me, what time is it in China now?","24:29:SL:TIME,32:37:SL:COUNTRY",[IN:time [SL:TIME yanzu] [SL:COUNTRY china] ],TIME: yanzu $$ COUNTRY: china,hau
utility,time,I want to know what time it is in India?,32:38:SL:COUNTRY,[IN:time [SL:COUNTRY Indiya] ],COUNTRY: Indiya,hau
utility,time,I would like to know the exact time in Mali now?,"31:35:SL:COUNTRY,36:41:SL:TIME",[IN:time [SL:COUNTRY Mali] [SL:TIME yanzu] ],COUNTRY: Mali $$ TIME: yanzu,hau
utility,time,I would like to know the exact time in Niger now?,"31:36:SL:COUNTRY,37:42:SL:TIME",[IN:time [SL:COUNTRY Nijar] [SL:TIME yanzu] ],COUNTRY: Nijar $$ TIME: yanzu,hau
utility,time,I would like to know the exact time in Spain now?,"31:36:SL:COUNTRY,37:42:SL:TIME",[IN:time [SL:COUNTRY Spain] [SL:TIME yanzu] ],COUNTRY: Spain $$ TIME: yanzu,hau
utility,time,Do you know the exact time in Niger now?,"24:29:SL:COUNTRY,30:35:SL:TIME",[IN:time [SL:COUNTRY Nijar] [SL:TIME yanzu] ],COUNTRY: Nijar $$ TIME: yanzu,hau
utility,time,Do you know what time it is?,,[IN:time ],,hau
utility,time,Do you know what time it is now in cst,25:32:SL:TIME,[IN:time [SL:TIME a yanzu] ],TIME: a yanzu,hau
utility,time,Do you know what time it is now in Portugal?,"25:32:SL:TIME,35:42:SL:COUNTRY",[IN:time [SL:TIME a yanzu] [SL:COUNTRY Fotigal] ],TIME: a yanzu $$ COUNTRY: Fotigal,hau
utility,time,what time is it on the GMT clock?,,[IN:time ],,hau
utility,time,how much iron in America?,13:19:SL:COUNTRY,[IN:time [SL:COUNTRY Amruka] ],COUNTRY: Amruka,hau
utility,time,what is the current time in England?,"13:19:SL:COUNTRY,20:27:SL:TIME",[IN:time [SL:COUNTRY ingila] [SL:TIME a yanzu] ],COUNTRY: ingila $$ TIME: a yanzu,hau
utility,time,how much is the current price in Canada?,"13:19:SL:COUNTRY,20:27:SL:TIME",[IN:time [SL:COUNTRY Kanada] [SL:TIME a yanzu] ],COUNTRY: Kanada $$ TIME: a yanzu,hau
utility,time,how much iron is in sudan now?,"13:18:SL:COUNTRY,19:26:SL:TIME",[IN:time [SL:COUNTRY sudan] [SL:TIME a yanzu] ],COUNTRY: sudan $$ TIME: a yanzu,hau
utility,time,what time is it now in dubai?,"11:18:SL:TIME,21:26:SL:COUNTRY",[IN:time [SL:TIME a yanzu] [SL:COUNTRY dubai] ],TIME: a yanzu $$ COUNTRY: dubai,hau
utility,time,what is the current time in South Korea?,"11:18:SL:TIME,21:35:SL:COUNTRY",[IN:time [SL:TIME a yanzu] [SL:COUNTRY Koriya ta kudu] ],TIME: a yanzu $$ COUNTRY: Koriya ta kudu,hau
utility,time,how much is the current price in Pakistan?,"11:18:SL:TIME,21:29:SL:COUNTRY",[IN:time [SL:TIME a yanzu] [SL:COUNTRY Pakistan] ],TIME: a yanzu $$ COUNTRY: Pakistan,hau
utility,time,what time does the sun rise in America?,31:37:SL:COUNTRY,[IN:time [SL:COUNTRY Amruka] ],COUNTRY: Amruka,hau
utility,time,How much?,,[IN:time ],,hau
utility,time,what is the time in eastern standard time,,[IN:time ],,hau
utility,time,what is the time in the standard time zone of the pacific,,[IN:time ],,hau
utility,time,What is the current time in cst,15:22:SL:TIME,[IN:time [SL:TIME a yanzu] ],TIME: a yanzu,hau
utility,time,What time is it now on the est clock?,15:22:SL:TIME,[IN:time [SL:TIME a yanzu] ],TIME: a yanzu,hau
utility,time,what is the exact time in india now,"24:30:SL:COUNTRY,32:37:SL:TIME",[IN:time [SL:COUNTRY Indiya] [SL:TIME yanzu] ],COUNTRY: Indiya $$ TIME: yanzu,hau
utility,time,what is the current time in Niger?,"24:29:SL:COUNTRY,30:35:SL:TIME",[IN:time [SL:COUNTRY Nijar] [SL:TIME yanzu] ],COUNTRY: Nijar $$ TIME: yanzu,hau
utility,time,what is the current time in Tanzania?,"24:33:SL:COUNTRY,34:41:SL:TIME",[IN:time [SL:COUNTRY Tanzaniya] [SL:TIME a yanzu] ],COUNTRY: Tanzaniya $$ TIME: a yanzu,hau
utility,time,What is the current time in the European time zone,23:30:SL:TIME,[IN:time [SL:TIME a yanzu] ],TIME: a yanzu,hau
utility,time,what is the time now in china?,"26:31:SL:TIME,34:39:SL:COUNTRY",[IN:time [SL:TIME yanzu] [SL:COUNTRY china] ],TIME: yanzu $$ COUNTRY: china,hau
utility,time,what is the current time in Uganda?,"26:31:SL:TIME,34:40:SL:COUNTRY",[IN:time [SL:TIME yanzu] [SL:COUNTRY uganda] ],TIME: yanzu $$ COUNTRY: uganda,hau
utility,time,how many hours and minutes are now?,26:31:SL:TIME,[IN:time [SL:TIME yanzu] ],TIME: yanzu,hau
utility,time,Do you know the exact time in Mecca now?,"32:38:SL:CITY_OR_PROVINCE,39:44:SL:TIME",[IN:time [SL:CITY_OR_PROVINCE Makkah] [SL:TIME yanzu] ],CITY_OR_PROVINCE: Makkah $$ TIME: yanzu,hau
utility,time,do you even know the exact time in Niger now?,"32:37:SL:COUNTRY,38:43:SL:TIME",[IN:time [SL:COUNTRY Nijar] [SL:TIME yanzu] ],COUNTRY: Nijar $$ TIME: yanzu,hau
utility,time,What time is it in Germany?,18:23:SL:COUNTRY,[IN:time [SL:COUNTRY Jamus] ],COUNTRY: Jamus,hau
utility,time,what time is it in sudan now?,"18:23:SL:COUNTRY,24:31:SL:TIME",[IN:time [SL:COUNTRY sudan] [SL:TIME a yanzu] ],COUNTRY: sudan $$ TIME: a yanzu,hau
utility,time,What time is it now?,16:23:SL:TIME,[IN:time [SL:TIME a yanzu] ],TIME: a yanzu,hau
utility,time,What time is it now on the est clock?,20:27:SL:TIME,[IN:time [SL:TIME a yanzu] ],TIME: a yanzu,hau
utility,time,What is the current time in Botswana?,"29:37:SL:COUNTRY,38:43:SL:TIME",[IN:time [SL:COUNTRY Botswana] [SL:TIME yanzu] ],COUNTRY: Botswana $$ TIME: yanzu,hau
utility,time,What is the current time in Niger?,"29:34:SL:COUNTRY,35:40:SL:TIME",[IN:time [SL:COUNTRY Nijar] [SL:TIME yanzu] ],COUNTRY: Nijar $$ TIME: yanzu,hau
utility,time,What time is it?,,[IN:time ],,hau
utility,time,can you tell me the time,,[IN:time ],,hau
utility,time,Can you tell me the time now,26:33:SL:TIME,[IN:time [SL:TIME a yanzu] ],TIME: a yanzu,hau
utility,time,How much does God's Son spend in Amritsar?,23:29:SL:COUNTRY,[IN:time [SL:COUNTRY Amruka] ],COUNTRY: Amruka,hau
utility,time,How many of God's people are there in South Korea today?,"21:28:SL:TIME,31:45:SL:COUNTRY",[IN:time [SL:TIME a yanzu] [SL:COUNTRY Koriya ta kudu] ],TIME: a yanzu $$ COUNTRY: Koriya ta kudu,hau
utility,time,What time is it now in Niger?,"11:16:SL:TIME,26:31:SL:COUNTRY",[IN:time [SL:TIME yanzu] [SL:COUNTRY Nijar] ],TIME: yanzu $$ COUNTRY: Nijar,hau
utility,time,What time is it now in Pakistan?,"16:23:SL:TIME,26:34:SL:COUNTRY",[IN:time [SL:TIME a yanzu] [SL:COUNTRY Pakistan] ],TIME: a yanzu $$ COUNTRY: Pakistan,hau
utility,time,What time is it now?,16:23:SL:TIME,[IN:time [SL:TIME a yanzu] ],TIME: a yanzu,hau
utility,time,Tell me the exact time in Niger now?,"26:31:SL:COUNTRY,32:37:SL:TIME",[IN:time [SL:COUNTRY Nijar] [SL:TIME yanzu] ],COUNTRY: Nijar $$ TIME: yanzu,hau
utility,time,Do you know what time it is in America?,"21:26:SL:TIME,29:36:SL:COUNTRY",[IN:time [SL:TIME yanzu] [SL:COUNTRY America] ],TIME: yanzu $$ COUNTRY: America,hau
utility,time,what is the current time in somalia,"24:32:SL:COUNTRY,33:40:SL:TIME",[IN:time [SL:COUNTRY somaliya] [SL:TIME a yanzu] ],COUNTRY: somaliya $$ TIME: a yanzu,hau
utility,weather,which month does the winter fall in Osun?,35:39:SL:CITY_OR_PROVINCE,[IN:weather [SL:CITY_OR_PROVINCE Osun] ],CITY_OR_PROVINCE: Osun,hau
utility,weather,are there clouds in Zaria today?,"25:30:SL:CITY_OR_PROVINCE,31:34:SL:DATE",[IN:weather [SL:CITY_OR_PROVINCE Zaria] [SL:DATE yau] ],CITY_OR_PROVINCE: Zaria $$ DATE: yau,hau
utility,weather,is it cold in Abuja?,16:21:SL:CITY_OR_PROVINCE,[IN:weather [SL:CITY_OR_PROVINCE Abuja] ],CITY_OR_PROVINCE: Abuja,hau
utility,weather,did it rain and snow in Kaduna today?,"23:29:SL:CITY_OR_PROVINCE,30:33:SL:DATE",[IN:weather [SL:CITY_OR_PROVINCE Kaduna] [SL:DATE yau] ],CITY_OR_PROVINCE: Kaduna $$ DATE: yau,hau
utility,weather,winter is coming to Ekiti?,26:31:SL:CITY_OR_PROVINCE,[IN:weather [SL:CITY_OR_PROVINCE Ekiti] ],CITY_OR_PROVINCE: Ekiti,hau
utility,weather,forecast for Jigawa tomorrow?,"26:32:SL:CITY_OR_PROVINCE,33:37:SL:DATE",[IN:weather [SL:CITY_OR_PROVINCE Jigawa] [SL:DATE gobe] ],CITY_OR_PROVINCE: Jigawa $$ DATE: gobe,hau
utility,weather,does the weather forecast indicate that it will rain in Jigawa tomorrow?,"39:45:SL:CITY_OR_PROVINCE,46:50:SL:DATE",[IN:weather [SL:CITY_OR_PROVINCE Jigawa] [SL:DATE gobe] ],CITY_OR_PROVINCE: Jigawa $$ DATE: gobe,hau
utility,weather,what does the weather forecast indicate for the temperature in Kano tomorrow?,"45:49:SL:CITY_OR_PROVINCE,50:54:SL:DATE",[IN:weather [SL:CITY_OR_PROVINCE Kano] [SL:DATE gobe] ],CITY_OR_PROVINCE: Kano $$ DATE: gobe,hau
utility,weather,what is the temperature difference between Kano and Lagos?,"31:35:SL:CITY_OR_PROVINCE,42:47:SL:CITY_OR_PROVINCE",[IN:weather [SL:CITY_OR_PROVINCE Kano] [SL:CITY_OR_PROVINCE legas] ],CITY_OR_PROVINCE: Kano $$ CITY_OR_PROVINCE: legas,hau
utility,weather,what is the weather forecast in Kano today?,"25:29:SL:CITY_OR_PROVINCE,30:33:SL:DATE",[IN:weather [SL:CITY_OR_PROVINCE Kano] [SL:DATE yau] ],CITY_OR_PROVINCE: Kano $$ DATE: yau,hau
utility,weather,what is the temperature of the sun in Kano today in degrees Celsius?,"27:31:SL:CITY_OR_PROVINCE,32:35:SL:DATE",[IN:weather [SL:CITY_OR_PROVINCE Kano] [SL:DATE yau] ],CITY_OR_PROVINCE: Kano $$ DATE: yau,hau
utility,weather,what is the weather report in Riverside today?,"30:34:SL:CITY_OR_PROVINCE,35:38:SL:DATE",[IN:weather [SL:CITY_OR_PROVINCE Kogi] [SL:DATE yau] ],CITY_OR_PROVINCE: Kogi $$ DATE: yau,hau
utility,weather,the cold weather in Warsaw?,19:23:SL:CITY_OR_PROVINCE,[IN:weather [SL:CITY_OR_PROVINCE Ogun] ],CITY_OR_PROVINCE: Ogun,hau
utility,weather,when does winter fall in Kano?,28:32:SL:CITY_OR_PROVINCE,[IN:weather [SL:CITY_OR_PROVINCE Kano] ],CITY_OR_PROVINCE: Kano,hau
utility,weather,when will the winter come to Jos?,27:30:SL:CITY_OR_PROVINCE,[IN:weather [SL:CITY_OR_PROVINCE Jos] ],CITY_OR_PROVINCE: Jos,hau
utility,weather,Did the temperature in Kano today reach 43 degrees Celsius?,"13:17:SL:CITY_OR_PROVINCE,18:21:SL:DATE",[IN:weather [SL:CITY_OR_PROVINCE Kano] [SL:DATE yau] ],CITY_OR_PROVINCE: Kano $$ DATE: yau,hau
utility,weather,in Sokoto but are they fighting rain and snow right now?,"2:8:SL:CITY_OR_PROVINCE,39:46:SL:TIME",[IN:weather [SL:CITY_OR_PROVINCE Sokoto] [SL:TIME a yanzu] ],CITY_OR_PROVINCE: Sokoto $$ TIME: a yanzu,hau
utility,weather,is there any wind sign in town today?,26:29:SL:DATE,[IN:weather [SL:DATE yau] ],DATE: yau,hau
utility,weather,are there any clouds in the sky today?,30:33:SL:DATE,[IN:weather [SL:DATE yau] ],DATE: yau,hau
utility,weather,are there any warning signs today?,20:23:SL:DATE,[IN:weather [SL:DATE yau] ],DATE: yau,hau
utility,weather,is there any sign of rain in Kano?,26:30:SL:CITY_OR_PROVINCE,[IN:weather [SL:CITY_OR_PROVINCE Kano] ],CITY_OR_PROVINCE: Kano,hau
utility,weather,is there any sign of rain in Sokoto today?,"26:32:SL:CITY_OR_PROVINCE,33:36:SL:DATE",[IN:weather [SL:CITY_OR_PROVINCE Sokoto] [SL:DATE yau] ],CITY_OR_PROVINCE: Sokoto $$ DATE: yau,hau
utility,weather,are there any signs of rain in Jigawa?,33:39:SL:CITY_OR_PROVINCE,[IN:weather [SL:CITY_OR_PROVINCE Jigawa] ],CITY_OR_PROVINCE: Jigawa,hau
utility,weather,is there a cloud in the sky today?,24:27:SL:DATE,[IN:weather [SL:DATE yau] ],DATE: yau,hau
utility,weather,is it cold in jose?,16:19:SL:CITY_OR_PROVINCE,[IN:weather [SL:CITY_OR_PROVINCE jos] ],CITY_OR_PROVINCE: jos,hau
utility,weather,the heat is starting in Abuja?,15:20:SL:CITY_OR_PROVINCE,[IN:weather [SL:CITY_OR_PROVINCE Abuja] ],CITY_OR_PROVINCE: Abuja,hau
utility,weather,use of an umbrella in the summer?,14:22:SL:SHOPPING_ITEM,[IN:weather [SL:SHOPPING_ITEM amburela] ],SHOPPING_ITEM: amburela,hau
utility,weather,is it foggy in Kano today?,"11:15:SL:CITY_OR_PROVINCE,16:19:SL:DATE",[IN:weather [SL:CITY_OR_PROVINCE Kano] [SL:DATE yau] ],CITY_OR_PROVINCE: Kano $$ DATE: yau,hau
utility,weather,Is it cold in Kano today?,"12:16:SL:CITY_OR_PROVINCE,17:20:SL:DATE",[IN:weather [SL:CITY_OR_PROVINCE Kano] [SL:DATE yau] ],CITY_OR_PROVINCE: Kano $$ DATE: yau,hau
utility,weather,lightning in the city of the hearer?,20:26:SL:CITY_OR_PROVINCE,[IN:weather [SL:CITY_OR_PROVINCE jigawa] ],CITY_OR_PROVINCE: jigawa,hau
utility,weather,How is the weather in Kano today?,"11:15:SL:CITY_OR_PROVINCE,16:19:SL:DATE",[IN:weather [SL:CITY_OR_PROVINCE Kano] [SL:DATE yau] ],CITY_OR_PROVINCE: Kano $$ DATE: yau,hau
utility,weather,is it hot outside?,,[IN:weather ],,hau
utility,weather,Is it hot in Zaria today?,"11:16:SL:CITY_OR_PROVINCE,17:20:SL:DATE",[IN:weather [SL:CITY_OR_PROVINCE Zaria] [SL:DATE yau] ],CITY_OR_PROVINCE: Zaria $$ DATE: yau,hau
utility,weather,Has there ever been such a fog in Katsina?,36:43:SL:CITY_OR_PROVINCE,[IN:weather [SL:CITY_OR_PROVINCE Katsina] ],CITY_OR_PROVINCE: Katsina,hau
utility,weather,how did it get so hot in Kano today?,"29:32:SL:DATE,35:39:SL:CITY_OR_PROVINCE",[IN:weather [SL:DATE yau] [SL:CITY_OR_PROVINCE Kano] ],DATE: yau $$ CITY_OR_PROVINCE: Kano,hau
utility,weather,Would a weather condition like this allow the ship to take off?,,[IN:weather ],,hau
utility,weather,What is the situation in Kano right now?,"13:17:SL:CITY_OR_PROVINCE,18:23:SL:TIME",[IN:weather [SL:CITY_OR_PROVINCE Kano] [SL:TIME yanzu] ],CITY_OR_PROVINCE: Kano $$ TIME: yanzu,hau
utility,weather,What are the sun sign eggs in Kano today?,"22:26:SL:CITY_OR_PROVINCE,27:30:SL:DATE",[IN:weather [SL:CITY_OR_PROVINCE Kano] [SL:DATE yau] ],CITY_OR_PROVINCE: Kano $$ DATE: yau,hau
utility,weather,the current state of Kano?,"16:20:SL:CITY_OR_PROVINCE,21:24:SL:DATE",[IN:weather [SL:CITY_OR_PROVINCE Kano] [SL:DATE yau] ],CITY_OR_PROVINCE: Kano $$ DATE: yau,hau
utility,weather,what does the weather forecast say about rain in Sokoto tomorrow?,"49:55:SL:CITY_OR_PROVINCE,56:60:SL:DATE",[IN:weather [SL:CITY_OR_PROVINCE Sokoto] [SL:DATE gobe] ],CITY_OR_PROVINCE: Sokoto $$ DATE: gobe,hau
utility,weather,what does the weather forecast indicate about the possibility of rainfall?,57:63:SL:CITY_OR_PROVINCE,[IN:weather [SL:CITY_OR_PROVINCE jigawa] ],CITY_OR_PROVINCE: jigawa,hau
utility,weather,What do weather forecasts say today?,29:32:SL:DATE,[IN:weather [SL:DATE yau] ],DATE: yau,hau
utility,weather,what causes a storm to come together?,,[IN:weather ],,hau
utility,weather,what causes summer haze?,,[IN:weather ],,hau
utility,weather,what causes lightning?,,[IN:weather ],,hau
utility,weather,what is the weather forecast for tomorrow in Kaduna?,"24:28:SL:DATE,31:37:SL:CITY_OR_PROVINCE",[IN:weather [SL:DATE gobe] [SL:CITY_OR_PROVINCE Kaduna] ],DATE: gobe $$ CITY_OR_PROVINCE: Kaduna,hau
utility,weather,what is the probability of rainfall in the spring today?,"34:40:SL:CITY_OR_PROVINCE,41:44:SL:DATE",[IN:weather [SL:CITY_OR_PROVINCE jigawa] [SL:DATE yau] ],CITY_OR_PROVINCE: jigawa $$ DATE: yau,hau
utility,weather,Is today a hot day?,"6:9:SL:DATE,20:24:SL:DATE",[IN:weather [SL:DATE yau] [SL:DATE jiya] ],DATE: yau $$ DATE: jiya,hau
utility,weather,is it going to rain today?,21:24:SL:DATE,[IN:weather [SL:DATE yau] ],DATE: yau,hau
utility,weather,Is it cold enough for me to put a jacket on him?,33:44:SL:SHOPPING_ITEM,[IN:weather [SL:SHOPPING_ITEM rigar sanyi] ],SHOPPING_ITEM: rigar sanyi,hau
utility,weather,what will Kano be like tomorrow?,"18:22:SL:CITY_OR_PROVINCE,36:40:SL:DATE",[IN:weather [SL:CITY_OR_PROVINCE Kano] [SL:DATE gobe] ],CITY_OR_PROVINCE: Kano $$ DATE: gobe,hau
utility,weather,what is the situation today?,"22:29:SL:CITY_OR_PROVINCE,30:35:SL:TIME",[IN:weather [SL:CITY_OR_PROVINCE mambila] [SL:TIME yanzu] ],CITY_OR_PROVINCE: mambila $$ TIME: yanzu,hau
utility,weather,what is the most pleasant situation in Kano?,28:32:SL:CITY_OR_PROVINCE,[IN:weather [SL:CITY_OR_PROVINCE Kano] ],CITY_OR_PROVINCE: Kano,hau
utility,weather,what will Sokoto be like tomorrow?,"13:19:SL:CITY_OR_PROVINCE,33:37:SL:DATE",[IN:weather [SL:CITY_OR_PROVINCE Sokoto] [SL:DATE gobe] ],CITY_OR_PROVINCE: Sokoto $$ DATE: gobe,hau
utility,weather,What do children prefer between cold and heat?,,[IN:weather ],,hau
utility,weather,What is the most popular feature of Kano?,22:26:SL:CITY_OR_PROVINCE,[IN:weather [SL:CITY_OR_PROVINCE Kano] ],CITY_OR_PROVINCE: Kano,hau
utility,weather,What is the sky?,,[IN:weather ],,hau
utility,weather,What's the weather forecast for this week?,24:36:SL:DATE,[IN:weather [SL:DATE wannan satin] ],DATE: wannan satin,hau
utility,weather,What's the weather in Kano today?,"12:16:SL:CITY_OR_PROVINCE,17:20:SL:DATE",[IN:weather [SL:CITY_OR_PROVINCE Kano] [SL:DATE yau] ],CITY_OR_PROVINCE: Kano $$ DATE: yau,hau
utility,weather,what will the weather be in Kano next week?,"17:21:SL:CITY_OR_PROVINCE,34:47:SL:DATE",[IN:weather [SL:CITY_OR_PROVINCE kano] [SL:DATE sati mai zuwa] ],CITY_OR_PROVINCE: kano $$ DATE: sati mai zuwa,hau
utility,weather,the heat of the day?,15:19:SL:CITY_OR_PROVINCE,[IN:weather [SL:CITY_OR_PROVINCE Kano] ],CITY_OR_PROVINCE: Kano,hau
utility,weather,What's the weather like today?,15:18:SL:DATE,[IN:weather [SL:DATE yau] ],DATE: yau,hau
utility,weather,is today a hot day?,0:3:SL:DATE,[IN:weather [SL:DATE yau] ],DATE: yau,hau
utility,weather,is it hot today?,0:3:SL:DATE,[IN:weather [SL:DATE yau] ],DATE: yau,hau
utility,weather,when is rain expected in the autumn?,31:37:SL:CITY_OR_PROVINCE,[IN:weather [SL:CITY_OR_PROVINCE jigawa] ],CITY_OR_PROVINCE: jigawa,hau
utility,weather,when is rain expected in Kano?,38:42:SL:CITY_OR_PROVINCE,[IN:weather [SL:CITY_OR_PROVINCE Kano] ],CITY_OR_PROVINCE: Kano,hau
utility,weather,when does winter start in Kano?,28:32:SL:CITY_OR_PROVINCE,[IN:weather [SL:CITY_OR_PROVINCE Kano] ],CITY_OR_PROVINCE: Kano,hau
utility,weather,when did Kano get such rains as today?,"16:20:SL:CITY_OR_PROVINCE,48:51:SL:DATE",[IN:weather [SL:CITY_OR_PROVINCE Kano] [SL:DATE yau] ],CITY_OR_PROVINCE: Kano $$ DATE: yau,hau
utility,weather,explain to me the rainfall,,[IN:weather ],,hau
utility,weather,can its water be found in the Jigawa today?,"26:32:SL:CITY_OR_PROVINCE,33:36:SL:DATE",[IN:weather [SL:CITY_OR_PROVINCE Jigawa] [SL:DATE yau] ],CITY_OR_PROVINCE: Jigawa $$ DATE: yau,hau
utility,weather,will the sun set today?,"20:26:SL:CITY_OR_PROVINCE,27:30:SL:DATE",[IN:weather [SL:CITY_OR_PROVINCE jigawa] [SL:DATE yau] ],CITY_OR_PROVINCE: jigawa $$ DATE: yau,hau
utility,weather,can I wear cool clothes in the winter?,,[IN:weather ],,hau
utility,weather,and hot and cold which is more pleasant?,,[IN:weather ],,hau
utility,weather,what is the difference between the summer and winter in Jigawa?,44:50:SL:CITY_OR_PROVINCE,[IN:weather [SL:CITY_OR_PROVINCE Jigawa] ],CITY_OR_PROVINCE: Jigawa,hau
utility,weather,can fog pollute the atmosphere?,,[IN:weather ],,hau
utility,weather,is the heat of the sun harmful?,,[IN:weather ],,hau
utility,weather,the wheel of the mist?,,[IN:weather ],,hau
utility,weather,A winter's day?,3:9:SL:CITY_OR_PROVINCE,[IN:weather [SL:CITY_OR_PROVINCE Jigawa] ],CITY_OR_PROVINCE: Jigawa,hau
utility,weather,when is rain expected in Jigawa?,38:44:SL:CITY_OR_PROVINCE,[IN:weather [SL:CITY_OR_PROVINCE Jigawa] ],CITY_OR_PROVINCE: Jigawa,hau
utility,weather,can I stay in Kano in winter?,15:19:SL:CITY_OR_PROVINCE,[IN:weather [SL:CITY_OR_PROVINCE Kano] ],CITY_OR_PROVINCE: Kano,hau
