domain,intent,text,spans,logical_form,xtreme-up,source_language
banking,balance,How much money is in my bank account?,,[IN:balance ],,lin
banking,balance,How much money is in my bank account?,,[IN:balance ],,lin
banking,balance,How much is MY bank account balance?,,[IN:balance ],,lin
banking,balance,how much money do i have in my bank account?,,[IN:balance ],,lin
banking,balance,Where is MY safe?,,[IN:balance ],,lin
banking,balance,Is there enough money in the orange money for ME to buy a new pair of shoes?,"35:47:SL:PAYMENT_COMPANY,68:74:SL:SHOPPING_ITEM",[IN:balance [SL:PAYMENT_COMPANY orange money] [SL:SHOPPING_ITEM sabatu] ],PAYMENT_COMPANY: orange money $$ SHOPPING_ITEM: sabatu,lin
banking,balance,how much money is enough for my orange money to buy a new pair of shoes?,29:41:SL:PAYMENT_COMPANY,[IN:balance [SL:PAYMENT_COMPANY orange money] ],PAYMENT_COMPANY: orange money,lin
banking,balance,How much money do I have in my bank account?,,[IN:balance ],,lin
banking,balance,is there enough money in the orange money for ME to buy a new pair of shoes?,"24:36:SL:PAYMENT_COMPANY,57:63:SL:SHOPPING_ITEM",[IN:balance [SL:PAYMENT_COMPANY orange money] [SL:SHOPPING_ITEM sabatu] ],PAYMENT_COMPANY: orange money $$ SHOPPING_ITEM: sabatu,lin
banking,balance,"If I want to buy a new pair of shoes, how much would orange money cost?","18:24:SL:SHOPPING_ITEM,63:75:SL:PAYMENT_COMPANY",[IN:balance [SL:SHOPPING_ITEM sabatu] [SL:PAYMENT_COMPANY orange money] ],SHOPPING_ITEM: sabatu $$ PAYMENT_COMPANY: orange money,lin
banking,balance,Can you show me how much money is in my bank account?,,[IN:balance ],,lin
banking,balance,can you tell ME how much money is in MY bank account?,,[IN:balance ],,lin
banking,balance,can you tell ME how much money is in MY bank account?,,[IN:balance ],,lin
banking,balance,See if the money in MY wallet can buy new shoes?,"28:33:SL:PAYMENT_COMPANY,58:64:SL:SHOPPING_ITEM",[IN:balance [SL:PAYMENT_COMPANY Mpesa] [SL:SHOPPING_ITEM sapatu] ],PAYMENT_COMPANY: Mpesa $$ SHOPPING_ITEM: sapatu,lin
banking,balance,Tell ME how much money is in my bank account?,,[IN:balance ],,lin
banking,balance,tell ME how much money is in my bank account now?,53:59:SL:TIME,[IN:balance [SL:TIME sikoyo] ],TIME: sikoyo,lin
banking,balance,How much money is in my current account?,19:33:SL:ACCOUNT_TYPE,[IN:balance [SL:ACCOUNT_TYPE compte courant] ],ACCOUNT_TYPE: compte courant,lin
banking,balance,How much is my current account balance?,9:23:SL:ACCOUNT_TYPE,[IN:balance [SL:ACCOUNT_TYPE compte courant] ],ACCOUNT_TYPE: compte courant,lin
banking,balance,how much money do I have in my savings account?,23:37:SL:ACCOUNT_TYPE,[IN:balance [SL:ACCOUNT_TYPE compte épargne] ],ACCOUNT_TYPE: compte épargne,lin
banking,balance,How much money is in my savings account?,19:33:SL:ACCOUNT_TYPE,[IN:balance [SL:ACCOUNT_TYPE compte épargne] ],ACCOUNT_TYPE: compte épargne,lin
banking,balance,How much money is in MTN money?,19:28:SL:PAYMENT_COMPANY,[IN:balance [SL:PAYMENT_COMPANY MTN money] ],PAYMENT_COMPANY: MTN money,lin
banking,balance,How much do I have in orange money?,21:33:SL:PAYMENT_COMPANY,[IN:balance [SL:PAYMENT_COMPANY orange money] ],PAYMENT_COMPANY: orange money,lin
banking,balance,how much money is in my account?,,[IN:balance ],,lin
banking,balance,so what is Now In My Vineyard?,"15:21:SL:TIME,25:30:SL:PAYMENT_COMPANY",[IN:balance [SL:TIME Sikoyo] [SL:PAYMENT_COMPANY Mpesa] ],TIME: Sikoyo $$ PAYMENT_COMPANY: Mpesa,lin
banking,balance,What is MY Savings Account Now?,"0:14:SL:ACCOUNT_TYPE,28:34:SL:TIME",[IN:balance [SL:ACCOUNT_TYPE Compte épargne] [SL:TIME Sikoyo] ],ACCOUNT_TYPE: Compte épargne $$ TIME: Sikoyo,lin
banking,balance,Is that what I have left?,,[IN:balance ],,lin
banking,balance,Find out how much money is in my account at sofibank,"23:29:SL:TIME,50:58:SL:BANK_NAME",[IN:balance [SL:TIME Sikoyo] [SL:BANK_NAME sofibank] ],TIME: Sikoyo $$ BANK_NAME: sofibank,lin
banking,balance,How much money is left in my current account?,23:37:SL:ACCOUNT_TYPE,[IN:balance [SL:ACCOUNT_TYPE compte courant] ],ACCOUNT_TYPE: compte courant,lin
banking,balance,how much money is left in my current account?,23:37:SL:ACCOUNT_TYPE,[IN:balance [SL:ACCOUNT_TYPE compte courant] ],ACCOUNT_TYPE: compte courant,lin
banking,balance,How much money is left in my savings account?,23:37:SL:ACCOUNT_TYPE,[IN:balance [SL:ACCOUNT_TYPE compte épargne] ],ACCOUNT_TYPE: compte épargne,lin
banking,balance,how much money is left in my savings account at sofibank?,"23:37:SL:ACCOUNT_TYPE,48:56:SL:BANK_NAME",[IN:balance [SL:ACCOUNT_TYPE compte épargne] [SL:BANK_NAME sofibank] ],ACCOUNT_TYPE: compte épargne $$ BANK_NAME: sofibank,lin
banking,balance,how much money is left on MasterCard in nag?,,[IN:balance ],,lin
banking,balance,how much money is on my visa card?,,[IN:balance ],,lin
banking,balance,how much money is in MY bank account?,,[IN:balance ],,lin
banking,balance,how much money is in my bank account?,,[IN:balance ],,lin
banking,balance,how much money is in my current account?,19:33:SL:ACCOUNT_TYPE,[IN:balance [SL:ACCOUNT_TYPE compte courant] ],ACCOUNT_TYPE: compte courant,lin
banking,balance,How much money is in the savings account?,19:33:SL:ACCOUNT_TYPE,[IN:balance [SL:ACCOUNT_TYPE compte épargne] ],ACCOUNT_TYPE: compte épargne,lin
banking,balance,how much money is in my savings account?,21:35:SL:ACCOUNT_TYPE,[IN:balance [SL:ACCOUNT_TYPE compte épargne] ],ACCOUNT_TYPE: compte épargne,lin
banking,balance,how much money do I have in the bank?,,[IN:balance ],,lin
banking,balance,How much money do I have in my account?,,[IN:balance ],,lin
banking,balance,How much money do I have in my bank account?,,[IN:balance ],,lin
banking,balance,How much money do I have in my savings account?,29:43:SL:ACCOUNT_TYPE,[IN:balance [SL:ACCOUNT_TYPE compte épargne] ],ACCOUNT_TYPE: compte épargne,lin
banking,balance,How much money is in all the accounts?,,[IN:balance ],,lin
banking,balance,the balance of the account?,,[IN:balance ],,lin
banking,balance,Is there enough money in my Airtel account to buy new ketchup?,"32:38:SL:PAYMENT_COMPANY,63:68:SL:SHOPPING_ITEM",[IN:balance [SL:PAYMENT_COMPANY Airtel] [SL:SHOPPING_ITEM ketch] ],PAYMENT_COMPANY: Airtel $$ SHOPPING_ITEM: ketch,lin
banking,balance,Is there enough money in my Airtel account to buy a plane ticket?,32:38:SL:PAYMENT_COMPANY,[IN:balance [SL:PAYMENT_COMPANY Airtel] ],PAYMENT_COMPANY: Airtel,lin
banking,balance,Is there enough money in my orangemoney account to buy new sandals?,"32:43:SL:PAYMENT_COMPANY,68:74:SL:SHOPPING_ITEM",[IN:balance [SL:PAYMENT_COMPANY orangemoney] [SL:SHOPPING_ITEM sandal] ],PAYMENT_COMPANY: orangemoney $$ SHOPPING_ITEM: sandal,lin
banking,balance,Is there enough money to buy new sandals in my orangemoney account?,"38:44:SL:SHOPPING_ITEM,63:74:SL:PAYMENT_COMPANY",[IN:balance [SL:SHOPPING_ITEM sandal] [SL:PAYMENT_COMPANY orangemoney] ],SHOPPING_ITEM: sandal $$ PAYMENT_COMPANY: orangemoney,lin
banking,balance,How much is all MY money in all MY accounts?,,[IN:balance ],,lin
banking,balance,Can I buy a freezer with the money I have in my bank account?,,[IN:balance ],,lin
banking,balance,I have money in my account. Can Charles buy groceries?,"28:35:SL:PERSONAL_NAME,51:58:SL:SHOPPING_ITEM",[IN:balance [SL:PERSONAL_NAME Charles] [SL:SHOPPING_ITEM vareuse] ],PERSONAL_NAME: Charles $$ SHOPPING_ITEM: vareuse,lin
banking,balance,What is the amount of money in my account?,,[IN:balance ],,lin
banking,balance,Can the money in my Chase account buy a car?,25:30:SL:BANK_NAME,[IN:balance [SL:BANK_NAME chase] ],BANK_NAME: chase,lin
banking,balance,Is this money in my account enough to buy a ticket to the match?,"25:30:SL:PAYMENT_COMPANY,62:77:SL:SHOPPING_ITEM",[IN:balance [SL:PAYMENT_COMPANY mpesa] [SL:SHOPPING_ITEM billet ya match] ],PAYMENT_COMPANY: mpesa $$ SHOPPING_ITEM: billet ya match,lin
banking,balance,can my main account money buy a washing machine?,"10:26:SL:ACCOUNT_TYPE,49:64:SL:SHOPPING_ITEM",[IN:balance [SL:ACCOUNT_TYPE compte principal] [SL:SHOPPING_ITEM machine à laver] ],ACCOUNT_TYPE: compte principal $$ SHOPPING_ITEM: machine à laver,lin
banking,balance,How much money do I have in the bank?,,[IN:balance ],,lin
banking,balance,"Please, how much money is on MY MasterCard?",,[IN:balance ],,lin
banking,balance,I want to know how much money is in my bank account,,[IN:balance ],,lin
banking,balance,I want to see how much money is in my account,,[IN:balance ],,lin
banking,balance,"I want to buy a dress, can the money in MY bank account buy it?","18:24:SL:SHOPPING_ITEM,61:69:SL:BANK_NAME",[IN:balance [SL:SHOPPING_ITEM elamba] [SL:BANK_NAME sofibank] ],SHOPPING_ITEM: elamba $$ BANK_NAME: sofibank,lin
banking,balance,How much money is in my bank account?,,[IN:balance ],,lin
banking,balance,How much money do I have in MY current account?,23:37:SL:ACCOUNT_TYPE,[IN:balance [SL:ACCOUNT_TYPE compte courant] ],ACCOUNT_TYPE: compte courant,lin
banking,balance,How Much Money Do I Have in My Account?,,[IN:balance ],,lin
banking,balance,Can you tell ME how much money is in MY current account?,37:51:SL:ACCOUNT_TYPE,[IN:balance [SL:ACCOUNT_TYPE compte courant] ],ACCOUNT_TYPE: compte courant,lin
banking,balance,Can you see how much money is in MY bank account?,,[IN:balance ],,lin
banking,balance,Do you know the amount of money in MY current account?,24:38:SL:ACCOUNT_TYPE,[IN:balance [SL:ACCOUNT_TYPE compte courant] ],ACCOUNT_TYPE: compte courant,lin
banking,balance,Look at the money in the bank.,,[IN:balance ],,lin
banking,balance,What is the value of MY account?,,[IN:balance ],,lin
banking,balance,Tell ME how much money is in MY current account?,30:44:SL:ACCOUNT_TYPE,[IN:balance [SL:ACCOUNT_TYPE compte courant] ],ACCOUNT_TYPE: compte courant,lin
banking,balance,Tell ME how much money is in MY Airtel money account?,47:59:SL:PAYMENT_COMPANY,[IN:balance [SL:PAYMENT_COMPANY Airtel money] ],PAYMENT_COMPANY: Airtel money,lin
banking,balance,Tell me how much money is in my bank account right now,38:44:SL:TIME,[IN:balance [SL:TIME Sikoyo] ],TIME: Sikoyo,lin
banking,balance,"Tell ME, how much money I have",,[IN:balance ],,lin
banking,balance,how much do I have in my wallet?,24:29:SL:PAYMENT_COMPANY,[IN:balance [SL:PAYMENT_COMPANY mpesa] ],PAYMENT_COMPANY: mpesa,lin
banking,balance,how much money is in my orange money?,19:31:SL:PAYMENT_COMPANY,[IN:balance [SL:PAYMENT_COMPANY orange money] ],PAYMENT_COMPANY: orange money,lin
banking,balance,Can I have enough money to travel on my savings account?,67:81:SL:ACCOUNT_TYPE,[IN:balance [SL:ACCOUNT_TYPE compte épargne] ],ACCOUNT_TYPE: compte épargne,lin
banking,balance,Do I have more than $100 in my orangemoney?,"30:34:SL:MONEY,38:49:SL:PAYMENT_COMPANY",[IN:balance [SL:MONEY 100$] [SL:PAYMENT_COMPANY orangemoney] ],MONEY: 100$ $$ PAYMENT_COMPANY: orangemoney,lin
banking,balance,how much money is in my Airtel money?,19:31:SL:PAYMENT_COMPANY,[IN:balance [SL:PAYMENT_COMPANY Airtel money] ],PAYMENT_COMPANY: Airtel money,lin
banking,balance,how much money do i have in my wallet?,29:34:SL:PAYMENT_COMPANY,[IN:balance [SL:PAYMENT_COMPANY Mpesa] ],PAYMENT_COMPANY: Mpesa,lin
banking,balance,Is there enough money in my savings account to buy a TV?,"25:39:SL:ACCOUNT_TYPE,61:65:SL:SHOPPING_ITEM",[IN:balance [SL:ACCOUNT_TYPE compte épargne] [SL:SHOPPING_ITEM télé] ],ACCOUNT_TYPE: compte épargne $$ SHOPPING_ITEM: télé,lin
banking,balance,Can I buy juice on my own account?,"17:20:SL:DISH_OR_FOOD,31:36:SL:PAYMENT_COMPANY",[IN:balance [SL:DISH_OR_FOOD jus] [SL:PAYMENT_COMPANY mpesa] ],DISH_OR_FOOD: jus $$ PAYMENT_COMPANY: mpesa,lin
banking,bill_balance,This month I have what debts,3:12:SL:DATE,[IN:bill_balance [SL:DATE sanza oyo] ],DATE: sanza oyo,lin
banking,bill_balance,What is the total amount of all the debts of the quick and the regulated,"28:32:SL:PAYMENT_COMPANY,36:44:SL:PAYMENT_COMPANY",[IN:bill_balance [SL:PAYMENT_COMPANY snel] [SL:PAYMENT_COMPANY regideso] ],PAYMENT_COMPANY: snel $$ PAYMENT_COMPANY: regideso,lin
banking,bill_balance,Show me this month's debts,25:34:SL:DATE,[IN:bill_balance [SL:DATE sanza oyo] ],DATE: sanza oyo,lin
banking,bill_balance,Show me the loans for the house,25:29:SL:PAYMENT_COMPANY,[IN:bill_balance [SL:PAYMENT_COMPANY snel] ],PAYMENT_COMPANY: snel,lin
banking,bill_balance,Show me the debt of Regideso to the bread.,"22:30:SL:PAYMENT_COMPANY,37:41:SL:DISH_OR_FOOD",[IN:bill_balance [SL:PAYMENT_COMPANY Regideso] [SL:DISH_OR_FOOD mapa] ],PAYMENT_COMPANY: Regideso $$ DISH_OR_FOOD: mapa,lin
banking,bill_balance,How much is left in Moses' debt?,10:15:SL:PERSONAL_NAME,[IN:bill_balance [SL:PERSONAL_NAME Moïse] ],PERSONAL_NAME: Moïse,lin
banking,bill_balance,How much is Regideso's debt to snel?,"10:18:SL:PAYMENT_COMPANY,22:26:SL:PAYMENT_COMPANY",[IN:bill_balance [SL:PAYMENT_COMPANY Regideso] [SL:PAYMENT_COMPANY snel] ],PAYMENT_COMPANY: Regideso $$ PAYMENT_COMPANY: snel,lin
banking,bill_balance,How much is the mortgage on Regideso?,10:18:SL:PAYMENT_COMPANY,[IN:bill_balance [SL:PAYMENT_COMPANY Regideso] ],PAYMENT_COMPANY: Regideso,lin
banking,bill_balance,The speed limit is 2000 FC Tell me if I am wrong,"10:14:SL:PAYMENT_COMPANY,21:28:SL:MONEY",[IN:bill_balance [SL:PAYMENT_COMPANY snel] [SL:MONEY 2000 FC] ],PAYMENT_COMPANY: snel $$ MONEY: 2000 FC,lin
banking,bill_balance,Give me the price of coal and mega.,"18:24:SL:SHOPPING_ITEM,31:35:SL:BILL_TYPE",[IN:bill_balance [SL:SHOPPING_ITEM makala] [SL:BILL_TYPE méga] ],SHOPPING_ITEM: makala $$ BILL_TYPE: méga,lin
banking,bill_balance,Give me the price of the mortgage and the subscription channel+,"18:33:SL:BILL_TYPE,40:50:SL:BILL_TYPE,51:57:SL:PAYMENT_COMPANY",[IN:bill_balance [SL:BILL_TYPE Niongo ya ndaku] [SL:BILL_TYPE abonnement] [SL:PAYMENT_COMPANY canal+] ],BILL_TYPE: Niongo ya ndaku $$ BILL_TYPE: abonnement $$ PAYMENT_COMPANY: canal+,lin
banking,bill_balance,Give me the price of the debt of Regideso ,28:36:SL:PAYMENT_COMPANY,[IN:bill_balance [SL:PAYMENT_COMPANY Regideso] ],PAYMENT_COMPANY: Regideso,lin
banking,bill_balance,Give me the visa number,,[IN:bill_balance ],,lin
banking,bill_balance,Look at me I owe you the rest,,[IN:bill_balance ],,lin
banking,bill_balance,Check the visa fee for me,,[IN:bill_balance ],,lin
banking,bill_balance,Tell me the tax rate of my car.,20:35:SL:BILL_TYPE,[IN:bill_balance [SL:BILL_TYPE mpako ya mutuka] ],BILL_TYPE: mpako ya mutuka,lin
banking,bill_balance,Show me the price of the easy tv subscription,"20:30:SL:BILL_TYPE,34:41:SL:PAYMENT_COMPANY",[IN:bill_balance [SL:BILL_TYPE abonnement] [SL:PAYMENT_COMPANY easy tv] ],BILL_TYPE: abonnement $$ PAYMENT_COMPANY: easy tv,lin
banking,bill_balance,Tell me the cost of getting a subscription to easy tv,"26:36:SL:BILL_TYPE,40:47:SL:PAYMENT_COMPANY",[IN:bill_balance [SL:BILL_TYPE abonnement] [SL:PAYMENT_COMPANY easy tv] ],BILL_TYPE: abonnement $$ PAYMENT_COMPANY: easy tv,lin
banking,bill_balance,What is the cost of a Startime subscription?,"9:19:SL:BILL_TYPE,23:31:SL:PAYMENT_COMPANY",[IN:bill_balance [SL:BILL_TYPE abonnement] [SL:PAYMENT_COMPANY startime] ],BILL_TYPE: abonnement $$ PAYMENT_COMPANY: startime,lin
banking,bill_balance,Show me the cost of the starttime subscription ,"20:30:SL:BILL_TYPE,34:42:SL:PAYMENT_COMPANY",[IN:bill_balance [SL:BILL_TYPE abonnement] [SL:PAYMENT_COMPANY startime] ],BILL_TYPE: abonnement $$ PAYMENT_COMPANY: startime,lin
banking,bill_balance,I would like to know the cost of the starttime subscription ,"26:36:SL:BILL_TYPE,40:48:SL:PAYMENT_COMPANY",[IN:bill_balance [SL:BILL_TYPE abonnement] [SL:PAYMENT_COMPANY startime] ],BILL_TYPE: abonnement $$ PAYMENT_COMPANY: startime,lin
banking,bill_balance,how much are the speed and speed loans?,"14:18:SL:PAYMENT_COMPANY,22:30:SL:PAYMENT_COMPANY",[IN:bill_balance [SL:PAYMENT_COMPANY snel] [SL:PAYMENT_COMPANY regideso] ],PAYMENT_COMPANY: snel $$ PAYMENT_COMPANY: regideso,lin
banking,bill_balance,give me the price of the European debt,32:37:SL:PERSONAL_NAME,[IN:bill_balance [SL:PERSONAL_NAME Mputu] ],PERSONAL_NAME: Mputu,lin
banking,bill_balance,How much more money will I pay to the debtors,,[IN:bill_balance ],,lin
banking,bill_balance,How much is all the debt left?,,[IN:bill_balance ],,lin
banking,bill_balance,What do I owe you?,,[IN:bill_balance ],,lin
banking,bill_balance,how many niongos have a startime subscription,"1:11:SL:BILL_TYPE,15:23:SL:PAYMENT_COMPANY",[IN:bill_balance [SL:BILL_TYPE abonnement] [SL:PAYMENT_COMPANY startime] ],BILL_TYPE: abonnement $$ PAYMENT_COMPANY: startime,lin
banking,bill_balance,With coal money I stayed in Niongo again ,13:19:SL:SHOPPING_ITEM,[IN:bill_balance [SL:SHOPPING_ITEM makala] ],SHOPPING_ITEM: makala,lin
banking,bill_balance,How much should I pay for bread?,34:38:SL:DISH_OR_FOOD,[IN:bill_balance [SL:DISH_OR_FOOD mapa] ],DISH_OR_FOOD: mapa,lin
banking,bill_balance,Show me all the debts,,[IN:bill_balance ],,lin
banking,bill_balance,Show me all the debts I have,,[IN:bill_balance ],,lin
banking,bill_balance,show me all the debts of this month,29:41:SL:DATE,[IN:bill_balance [SL:DATE ya sanza oyo] ],DATE: ya sanza oyo,lin
banking,bill_balance,Show me the supporting characters in vodacom ,36:43:SL:PAYMENT_COMPANY,[IN:bill_balance [SL:PAYMENT_COMPANY vodacom] ],PAYMENT_COMPANY: vodacom,lin
banking,bill_balance,Show me the supporting bills of Vodacom and africell ,"36:43:SL:PAYMENT_COMPANY,47:55:SL:PAYMENT_COMPANY",[IN:bill_balance [SL:PAYMENT_COMPANY Vodacom] [SL:PAYMENT_COMPANY africell] ],PAYMENT_COMPANY: Vodacom $$ PAYMENT_COMPANY: africell,lin
banking,bill_balance,Show me the electricity bills ,25:33:SL:BILL_TYPE,[IN:bill_balance [SL:BILL_TYPE lotiliki] ],BILL_TYPE: lotiliki,lin
banking,bill_balance,Show me the lines of Regideso ,25:33:SL:PAYMENT_COMPANY,[IN:bill_balance [SL:PAYMENT_COMPANY Regideso] ],PAYMENT_COMPANY: Regideso,lin
banking,bill_balance,show me the debts of Regideso and of coal ,"25:33:SL:PAYMENT_COMPANY,40:46:SL:SHOPPING_ITEM",[IN:bill_balance [SL:PAYMENT_COMPANY Regideso] [SL:SHOPPING_ITEM makala] ],PAYMENT_COMPANY: Regideso $$ SHOPPING_ITEM: makala,lin
banking,bill_balance,Show me the quickest way to pay this month's bills,"25:29:SL:PAYMENT_COMPANY,33:42:SL:DATE",[IN:bill_balance [SL:PAYMENT_COMPANY snel] [SL:DATE sanza oyo] ],PAYMENT_COMPANY: snel $$ DATE: sanza oyo,lin
banking,bill_balance,Show me the sugar loops,25:31:SL:DISH_OR_FOOD,[IN:bill_balance [SL:DISH_OR_FOOD sukali] ],DISH_OR_FOOD: sukali,lin
banking,bill_balance,Show me the debt of Regideso ,22:30:SL:PAYMENT_COMPANY,[IN:bill_balance [SL:PAYMENT_COMPANY Regideso] ],PAYMENT_COMPANY: Regideso,lin
banking,bill_balance,show me the price of easy tv subscription,"20:30:SL:BILL_TYPE,31:38:SL:PAYMENT_COMPANY",[IN:bill_balance [SL:BILL_TYPE abonnement] [SL:PAYMENT_COMPANY easy tv] ],BILL_TYPE: abonnement $$ PAYMENT_COMPANY: easy tv,lin
banking,bill_balance,show me the amount of debts this month,30:42:SL:DATE,[IN:bill_balance [SL:DATE na sanza oyo] ],DATE: na sanza oyo,lin
banking,bill_balance,Show me the value of all the debts I have,,[IN:bill_balance ],,lin
banking,bill_balance,Show me the price of the debt of the snell and the regideso ,"30:34:SL:PAYMENT_COMPANY,38:46:SL:PAYMENT_COMPANY",[IN:bill_balance [SL:PAYMENT_COMPANY snel] [SL:PAYMENT_COMPANY regideso] ],PAYMENT_COMPANY: snel $$ PAYMENT_COMPANY: regideso,lin
banking,bill_balance,How much is a coal mine,20:26:SL:SHOPPING_ITEM,[IN:bill_balance [SL:SHOPPING_ITEM makala] ],SHOPPING_ITEM: makala,lin
banking,bill_balance,How much is a mega in dollars?,"3:10:SL:CURRENCY,19:23:SL:BILL_TYPE",[IN:bill_balance [SL:CURRENCY dollars] [SL:BILL_TYPE mega] ],CURRENCY: dollars $$ BILL_TYPE: mega,lin
banking,bill_balance,How much is the orangemoney left in the pot?,3:14:SL:PAYMENT_COMPANY,[IN:bill_balance [SL:PAYMENT_COMPANY orangemoney] ],PAYMENT_COMPANY: orangemoney,lin
banking,bill_balance,This month How much is the mortgage,"3:12:SL:DATE,16:31:SL:BILL_TYPE",[IN:bill_balance [SL:DATE sanza Oyo] [SL:BILL_TYPE niongo ya ndaku] ],DATE: sanza Oyo $$ BILL_TYPE: niongo ya ndaku,lin
banking,bill_balance,This month how much is the loan to africell,"3:12:SL:DATE,34:42:SL:PAYMENT_COMPANY",[IN:bill_balance [SL:DATE sanza Oyo] [SL:PAYMENT_COMPANY africell] ],DATE: sanza Oyo $$ PAYMENT_COMPANY: africell,lin
banking,bill_balance,This month how much is Orange's support debt left,"3:12:SL:DATE,34:40:SL:PAYMENT_COMPANY",[IN:bill_balance [SL:DATE sanza Oyo] [SL:PAYMENT_COMPANY Orange] ],DATE: sanza Oyo $$ PAYMENT_COMPANY: Orange,lin
banking,bill_balance,This month How much is the debt of Regideso,"3:12:SL:DATE,23:31:SL:PAYMENT_COMPANY",[IN:bill_balance [SL:DATE sanza Oyo] [SL:PAYMENT_COMPANY Regideso] ],DATE: sanza Oyo $$ PAYMENT_COMPANY: Regideso,lin
banking,bill_balance,How much is the debt to Airtel,21:27:SL:PAYMENT_COMPANY,[IN:bill_balance [SL:PAYMENT_COMPANY Airtel] ],PAYMENT_COMPANY: Airtel,lin
banking,bill_balance,How much is the bribe debt ,10:16:SL:DISH_OR_FOOD,[IN:bill_balance [SL:DISH_OR_FOOD madesu] ],DISH_OR_FOOD: madesu,lin
banking,bill_balance,How much is a quick loan?,10:14:SL:PAYMENT_COMPANY,[IN:bill_balance [SL:PAYMENT_COMPANY snel] ],PAYMENT_COMPANY: snel,lin
banking,bill_balance,Give me all the invoices.,,[IN:bill_balance ],,lin
banking,bill_balance,Give me the subscription rate channel +,"18:28:SL:BILL_TYPE,29:36:SL:PAYMENT_COMPANY",[IN:bill_balance [SL:BILL_TYPE abonnement] [SL:PAYMENT_COMPANY canal +] ],BILL_TYPE: abonnement $$ PAYMENT_COMPANY: canal +,lin
banking,bill_balance,Give me the price of easy tv subscription,"18:28:SL:BILL_TYPE,29:36:SL:PAYMENT_COMPANY",[IN:bill_balance [SL:BILL_TYPE abonnement] [SL:PAYMENT_COMPANY easy tv] ],BILL_TYPE: abonnement $$ PAYMENT_COMPANY: easy tv,lin
banking,bill_balance,Give me the subscription rate of the channel+,"18:28:SL:BILL_TYPE,32:38:SL:PAYMENT_COMPANY",[IN:bill_balance [SL:BILL_TYPE abonnement] [SL:PAYMENT_COMPANY canal+] ],BILL_TYPE: abonnement $$ PAYMENT_COMPANY: canal+,lin
banking,bill_balance,Give me the amount of the debts I have,,[IN:bill_balance ],,lin
banking,bill_balance,Give me the total amount of the loan.,,[IN:bill_balance ],,lin
banking,bill_balance,Give me the sum of the debts of the man.,,[IN:bill_balance ],,lin
banking,bill_balance,Give me the rate of the quick and regideso loans ,"31:35:SL:PAYMENT_COMPANY,39:47:SL:PAYMENT_COMPANY",[IN:bill_balance [SL:PAYMENT_COMPANY snel] [SL:PAYMENT_COMPANY regideso] ],PAYMENT_COMPANY: snel $$ PAYMENT_COMPANY: regideso,lin
banking,bill_balance,Give me the price of the coal and milk debt,"28:34:SL:SHOPPING_ITEM,38:44:SL:DISH_OR_FOOD",[IN:bill_balance [SL:SHOPPING_ITEM makala] [SL:DISH_OR_FOOD miliki] ],SHOPPING_ITEM: makala $$ DISH_OR_FOOD: miliki,lin
banking,bill_balance,Give me the amount of the bread loan this month,"28:32:SL:DISH_OR_FOOD,36:45:SL:DATE",[IN:bill_balance [SL:DISH_OR_FOOD mapa] [SL:DATE sanza oyo] ],DISH_OR_FOOD: mapa $$ DATE: sanza oyo,lin
banking,bill_balance,Look at me with Regideso's eyes ,25:33:SL:PAYMENT_COMPANY,[IN:bill_balance [SL:PAYMENT_COMPANY Regideso] ],PAYMENT_COMPANY: Regideso,lin
banking,bill_balance,Look at me with the left in Niongo what,,[IN:bill_balance ],,lin
banking,bill_balance,Look at me The cost of invoices ,,[IN:bill_balance ],,lin
banking,bill_balance,Tell me how much is the starttime subscription in Niongo Regis,"26:34:SL:PAYMENT_COMPANY,48:56:SL:PAYMENT_COMPANY",[IN:bill_balance [SL:PAYMENT_COMPANY startime] [SL:PAYMENT_COMPANY Regideso] ],PAYMENT_COMPANY: startime $$ PAYMENT_COMPANY: Regideso,lin
banking,bill_balance,Tell me how much the Airtel-subsidized coal loans cost,"25:31:SL:SHOPPING_ITEM,46:52:SL:PAYMENT_COMPANY",[IN:bill_balance [SL:SHOPPING_ITEM makala] [SL:PAYMENT_COMPANY Airtel] ],SHOPPING_ITEM: makala $$ PAYMENT_COMPANY: Airtel,lin
banking,bill_balance,Tell me how much is the support debt on vodacom,33:40:SL:PAYMENT_COMPANY,[IN:bill_balance [SL:PAYMENT_COMPANY vodacom] ],PAYMENT_COMPANY: vodacom,lin
banking,bill_balance,Tell me the price of the foil bills.,23:37:SL:BILL_TYPE,[IN:bill_balance [SL:BILL_TYPE niongo ya fulu] ],BILL_TYPE: niongo ya fulu,lin
banking,bill_balance,Tell me the cost of the Regideso invoice,20:39:SL:BILL_TYPE,[IN:bill_balance [SL:BILL_TYPE facture ya Regideso] ],BILL_TYPE: facture ya Regideso,lin
banking,bill_balance,Give me the price of the subscription of easy tv and Vodacom support,"18:28:SL:BILL_TYPE,32:39:SL:PAYMENT_COMPANY,57:64:SL:PAYMENT_COMPANY",[IN:bill_balance [SL:BILL_TYPE abonnement] [SL:PAYMENT_COMPANY easy tv] [SL:PAYMENT_COMPANY Vodacom] ],BILL_TYPE: abonnement $$ PAYMENT_COMPANY: easy tv $$ PAYMENT_COMPANY: Vodacom,lin
banking,bill_balance,Show me all the costs of making a decision,,[IN:bill_balance ],,lin
banking,bill_balance,Show me the price of subscription channel+ at starttime ,"20:30:SL:BILL_TYPE,31:37:SL:PAYMENT_COMPANY,41:49:SL:PAYMENT_COMPANY",[IN:bill_balance [SL:BILL_TYPE abonnement] [SL:PAYMENT_COMPANY canal+] [SL:PAYMENT_COMPANY startime] ],BILL_TYPE: abonnement $$ PAYMENT_COMPANY: canal+ $$ PAYMENT_COMPANY: startime,lin
banking,bill_balance,Show me the value of all the Niongs,,[IN:bill_balance ],,lin
banking,bill_balance,How much is the mortgage left?,0:17:SL:BILL_TYPE,[IN:bill_balance [SL:BILL_TYPE Niongo ya lupangu] ],BILL_TYPE: Niongo ya lupangu,lin
banking,bill_balance,Give me the insurance rate on sonas ,"18:27:SL:BILL_TYPE,31:36:SL:PAYMENT_COMPANY",[IN:bill_balance [SL:BILL_TYPE assurance] [SL:PAYMENT_COMPANY sonas] ],BILL_TYPE: assurance $$ PAYMENT_COMPANY: sonas,lin
banking,bill_balance,Give me the price of the Shambhala debt.,28:35:SL:SHOPPING_ITEM,[IN:bill_balance [SL:SHOPPING_ITEM Tshombo] ],SHOPPING_ITEM: Tshombo,lin
banking,bill_balance,Tell me how much is the price of coal,20:26:SL:SHOPPING_ITEM,[IN:bill_balance [SL:SHOPPING_ITEM makala] ],SHOPPING_ITEM: makala,lin
banking,freeze_account,I want MY account to be closed ,,[IN:freeze_account ],,lin
banking,freeze_account,you have the ability to account for ME ,,[IN:freeze_account ],,lin
banking,freeze_account,bank account should be closed ,,[IN:freeze_account ],,lin
banking,freeze_account,close my account now ,"13:17:SL:BANK_NAME,25:31:SL:TIME",[IN:freeze_account [SL:BANK_NAME citi] [SL:TIME sikoyo] ],BANK_NAME: citi $$ TIME: sikoyo,lin
banking,freeze_account,close MY bank account now,28:34:SL:TIME,[IN:freeze_account [SL:TIME sikoyo] ],TIME: sikoyo,lin
banking,freeze_account,Block all traffic on my account.,,[IN:freeze_account ],,lin
banking,freeze_account,Please close my account now,"27:32:SL:PAYMENT_COMPANY,40:46:SL:TIME",[IN:freeze_account [SL:PAYMENT_COMPANY mpesa] [SL:TIME sikoyo] ],PAYMENT_COMPANY: mpesa $$ TIME: sikoyo,lin
banking,freeze_account,Please hold MY wine tight,20:25:SL:PAYMENT_COMPANY,[IN:freeze_account [SL:PAYMENT_COMPANY Mpesa] ],PAYMENT_COMPANY: Mpesa,lin
banking,freeze_account,Please give me a way to transfer money to my account,49:58:SL:PAYMENT_COMPANY,[IN:freeze_account [SL:PAYMENT_COMPANY afrimoney] ],PAYMENT_COMPANY: afrimoney,lin
banking,freeze_account,I want my account to be closed,,[IN:freeze_account ],,lin
banking,freeze_account,I want to close my bank account.,,[IN:freeze_account ],,lin
banking,freeze_account,I want to close MY account now,32:38:SL:TIME,[IN:freeze_account [SL:TIME sikoyo] ],TIME: sikoyo,lin
banking,freeze_account,I have my savings account with bcc,"4:18:SL:ACCOUNT_TYPE,29:32:SL:BANK_NAME",[IN:freeze_account [SL:ACCOUNT_TYPE compte épargne] [SL:BANK_NAME bcc] ],ACCOUNT_TYPE: compte épargne $$ BANK_NAME: bcc,lin
banking,freeze_account,will you be able to close MY bank account?,,[IN:freeze_account ],,lin
banking,freeze_account,I want to set up my Airtel money ,9:21:SL:PAYMENT_COMPANY,[IN:freeze_account [SL:PAYMENT_COMPANY Airtel money] ],PAYMENT_COMPANY: Airtel money,lin
banking,freeze_account,check my airtel money account,14:26:SL:PAYMENT_COMPANY,[IN:freeze_account [SL:PAYMENT_COMPANY Airtel money] ],PAYMENT_COMPANY: Airtel money,lin
banking,freeze_account,blocker my money account ,,[IN:freeze_account ],,lin
banking,freeze_account,I have my Airtel money.,6:18:SL:PAYMENT_COMPANY,[IN:freeze_account [SL:PAYMENT_COMPANY Airtel money] ],PAYMENT_COMPANY: Airtel money,lin
banking,freeze_account,close my bank account ,,[IN:freeze_account ],,lin
banking,freeze_account,close my account now,"13:18:SL:PAYMENT_COMPANY,26:32:SL:TIME",[IN:freeze_account [SL:PAYMENT_COMPANY mpesa] [SL:TIME sikoyo] ],PAYMENT_COMPANY: mpesa $$ TIME: sikoyo,lin
banking,freeze_account,connect my mother to MY account now,28:34:SL:TIME,[IN:freeze_account [SL:TIME sikoyo] ],TIME: sikoyo,lin
banking,freeze_account,My post is my account my money,30:39:SL:PAYMENT_COMPANY,[IN:freeze_account [SL:PAYMENT_COMPANY afrimoney] ],PAYMENT_COMPANY: afrimoney,lin
banking,freeze_account,I would like MY account to be closed ,,[IN:freeze_account ],,lin
banking,freeze_account,My wish is that you close MY account be closed ,,[IN:freeze_account ],,lin
banking,freeze_account,you can delete my account ,,[IN:freeze_account ],,lin
banking,freeze_account,please close my account,,[IN:freeze_account ],,lin
banking,freeze_account,"can you please close my account, please?",,[IN:freeze_account ],,lin
banking,freeze_account,Would it take much to suspend MY account?,,[IN:freeze_account ],,lin
banking,freeze_account,close my account ,,[IN:freeze_account ],,lin
banking,freeze_account,sign up for Charles Schwab's NGA account now,"23:37:SL:PERSONAL_NAME,38:44:SL:TIME",[IN:freeze_account [SL:PERSONAL_NAME Charles Schwab] [SL:TIME sikoyo] ],PERSONAL_NAME: Charles Schwab $$ TIME: sikoyo,lin
banking,freeze_account,close my Citibank account Now?,"23:31:SL:BANK_NAME,32:38:SL:TIME",[IN:freeze_account [SL:BANK_NAME Citibank] [SL:TIME Sikoyo] ],BANK_NAME: Citibank $$ TIME: Sikoyo,lin
banking,freeze_account,I'm going to keep my mother in my account forever,,[IN:freeze_account ],,lin
banking,freeze_account,Please close my account permanently.,,[IN:freeze_account ],,lin
banking,freeze_account,limit your bank account with me ,,[IN:freeze_account ],,lin
banking,freeze_account,delete my account ,,[IN:freeze_account ],,lin
banking,freeze_account,please block the Airtel money account now,"33:45:SL:PAYMENT_COMPANY,46:52:SL:TIME",[IN:freeze_account [SL:PAYMENT_COMPANY Airtel money] [SL:TIME Sikoyo] ],PAYMENT_COMPANY: Airtel money $$ TIME: Sikoyo,lin
banking,freeze_account,Please close my bank account.,,[IN:freeze_account ],,lin
banking,freeze_account,Please close your account permanently now,"39:42:SL:BANK_NAME,50:56:SL:TIME",[IN:freeze_account [SL:BANK_NAME tmb] [SL:TIME sikoyo] ],BANK_NAME: tmb $$ TIME: sikoyo,lin
banking,freeze_account,Please get my Airtel money back,23:35:SL:PAYMENT_COMPANY,[IN:freeze_account [SL:PAYMENT_COMPANY Airtel money] ],PAYMENT_COMPANY: Airtel money,lin
banking,freeze_account,Please activate MY account now,37:43:SL:TIME,[IN:freeze_account [SL:TIME sikoyo] ],TIME: sikoyo,lin
banking,freeze_account,Please be sure that MY account is closed ,,[IN:freeze_account ],,lin
banking,freeze_account,Please close MY account.,,[IN:freeze_account ],,lin
banking,freeze_account,Please close MY presidential account now,"21:42:SL:ACCOUNT_TYPE,50:56:SL:TIME",[IN:freeze_account [SL:ACCOUNT_TYPE compte présidentielle] [SL:TIME sikoyo] ],ACCOUNT_TYPE: compte présidentielle $$ TIME: sikoyo,lin
banking,freeze_account,"Please, make MY account closed ",,[IN:freeze_account ],,lin
banking,freeze_account,"Please, make my account free",,[IN:freeze_account ],,lin
banking,freeze_account,I would be happy if they suspended my bank account.,,[IN:freeze_account ],,lin
banking,freeze_account,I would be happy if they closed MY bank account.,,[IN:freeze_account ],,lin
banking,freeze_account,Can I close MY bank account?,,[IN:freeze_account ],,lin
banking,freeze_account,I want to block my Airtel money account now,"26:38:SL:PAYMENT_COMPANY,39:45:SL:TIME",[IN:freeze_account [SL:PAYMENT_COMPANY Airtel money] [SL:TIME Sikoyo] ],PAYMENT_COMPANY: Airtel money $$ TIME: Sikoyo,lin
banking,freeze_account,I would like to have my account blocked,26:31:SL:PAYMENT_COMPANY,[IN:freeze_account [SL:PAYMENT_COMPANY mpesa] ],PAYMENT_COMPANY: mpesa,lin
banking,freeze_account,I want to limit MY bank account.,,[IN:freeze_account ],,lin
banking,freeze_account,I want MY bank account closed,,[IN:freeze_account ],,lin
banking,freeze_account,"Please limit MY bank account, thank you",,[IN:freeze_account ],,lin
banking,freeze_account,I want to close my bank account.,,[IN:freeze_account ],,lin
banking,freeze_account,I want you to close the first mutual account now,"16:29:SL:ACCOUNT_TYPE,40:46:SL:TIME",[IN:freeze_account [SL:ACCOUNT_TYPE compte mutuel] [SL:TIME sikoyo] ],ACCOUNT_TYPE: compte mutuel $$ TIME: sikoyo,lin
banking,freeze_account,I want you to close my account,,[IN:freeze_account ],,lin
banking,freeze_account,I want you to cut off my Airtel money and my orange money,"15:21:SL:TIME,22:34:SL:PAYMENT_COMPANY,38:50:SL:PAYMENT_COMPANY",[IN:freeze_account [SL:TIME Sikoyo] [SL:PAYMENT_COMPANY Airtel money] [SL:PAYMENT_COMPANY orange money] ],TIME: Sikoyo $$ PAYMENT_COMPANY: Airtel money $$ PAYMENT_COMPANY: orange money,lin
banking,freeze_account,I want my account to be suspended.,,[IN:freeze_account ],,lin
banking,freeze_account,please block my afrimoney account immediately,33:42:SL:PAYMENT_COMPANY,[IN:freeze_account [SL:PAYMENT_COMPANY afrimoney] ],PAYMENT_COMPANY: afrimoney,lin
banking,freeze_account,I have to post my Airtel account blocked on my NGA now,"30:36:SL:PAYMENT_COMPANY,48:54:SL:TIME",[IN:freeze_account [SL:PAYMENT_COMPANY Airtel] [SL:TIME sikoyo] ],PAYMENT_COMPANY: Airtel $$ TIME: sikoyo,lin
banking,freeze_account,I would like to close my bank account.,,[IN:freeze_account ],,lin
banking,freeze_account,I want MY account to be closed,,[IN:freeze_account ],,lin
banking,freeze_account,I have a week to suspend my account ,,[IN:freeze_account ],,lin
banking,freeze_account,can you close MY account now?,29:35:SL:TIME,[IN:freeze_account [SL:TIME sikoyo] ],TIME: sikoyo,lin
banking,freeze_account,can you suspend my bank account?,,[IN:freeze_account ],,lin
banking,freeze_account,can you close my bank account?,,[IN:freeze_account ],,lin
banking,freeze_account,can you close my bank account? please?,,[IN:freeze_account ],,lin
banking,freeze_account,are you able to suspend my bank account?,,[IN:freeze_account ],,lin
banking,freeze_account,Stop them from paying money to my bank account.,,[IN:freeze_account ],,lin
banking,freeze_account,delete my account,,[IN:freeze_account ],,lin
banking,freeze_account,"help ME to close MY account, I pray to you",,[IN:freeze_account ],,lin
banking,freeze_account,suspend all payments to my bank account ,,[IN:freeze_account ],,lin
banking,freeze_account,close my rawbank account with NGA ,13:20:SL:BANK_NAME,[IN:freeze_account [SL:BANK_NAME rawbank] ],BANK_NAME: rawbank,lin
banking,freeze_account,close my main account now,"6:22:SL:ACCOUNT_TYPE,30:36:SL:TIME",[IN:freeze_account [SL:ACCOUNT_TYPE compte principal] [SL:TIME sikoyo] ],ACCOUNT_TYPE: compte principal $$ TIME: sikoyo,lin
banking,freeze_account,close my afrimaney account now,"13:22:SL:PAYMENT_COMPANY,30:36:SL:TIME",[IN:freeze_account [SL:PAYMENT_COMPANY afrimaney] [SL:TIME sikoyo] ],PAYMENT_COMPANY: afrimaney $$ TIME: sikoyo,lin
banking,freeze_account,close your Airtel money account with me now,"13:25:SL:PAYMENT_COMPANY,33:39:SL:TIME",[IN:freeze_account [SL:PAYMENT_COMPANY Airtel money] [SL:TIME sikoyo] ],PAYMENT_COMPANY: Airtel money $$ TIME: sikoyo,lin
banking,freeze_account,You can set a limit on my account.,,[IN:freeze_account ],,lin
banking,freeze_account,Sign a transaction with my account ,,[IN:freeze_account ],,lin
banking,freeze_account,Close my account,,[IN:freeze_account ],,lin
banking,freeze_account,we can close my bank account ,,[IN:freeze_account ],,lin
banking,interest_rate,How much money is left in my Afrimoney?,23:32:SL:PAYMENT_COMPANY,[IN:interest_rate [SL:PAYMENT_COMPANY Afrimoney] ],PAYMENT_COMPANY: Afrimoney,lin
banking,interest_rate,Give me the advantages of using Airtelmoney?,36:47:SL:PAYMENT_COMPANY,[IN:interest_rate [SL:PAYMENT_COMPANY Airtelmoney] ],PAYMENT_COMPANY: Airtelmoney,lin
banking,interest_rate,Show me how much money is left in Orange money?,35:47:SL:PAYMENT_COMPANY,[IN:interest_rate [SL:PAYMENT_COMPANY Orange money] ],PAYMENT_COMPANY: Orange money,lin
banking,interest_rate,How do they identify debtors in Rakkacash?,40:49:SL:PAYMENT_COMPANY,[IN:interest_rate [SL:PAYMENT_COMPANY Rakkacash] ],PAYMENT_COMPANY: Rakkacash,lin
banking,interest_rate,Show me what the black holes have.,22:30:SL:PERSONAL_NAME,[IN:interest_rate [SL:PERSONAL_NAME Makwuiza] ],PERSONAL_NAME: Makwuiza,lin
banking,interest_rate,Show me the debts and what's left?,,[IN:interest_rate ],,lin
banking,interest_rate,Show me how much money is in illicocash?,33:43:SL:PAYMENT_COMPANY,[IN:interest_rate [SL:PAYMENT_COMPANY illicocash] ],PAYMENT_COMPANY: illicocash,lin
banking,interest_rate,Show me the price of the car and what?,,[IN:interest_rate ],,lin
banking,interest_rate,Show me if the money in Afrimoney is enough?,27:36:SL:PAYMENT_COMPANY,[IN:interest_rate [SL:PAYMENT_COMPANY Afrimoney] ],PAYMENT_COMPANY: Afrimoney,lin
banking,interest_rate,How much money is left in illicocash?,23:33:SL:PAYMENT_COMPANY,[IN:interest_rate [SL:PAYMENT_COMPANY illicocash] ],PAYMENT_COMPANY: illicocash,lin
banking,interest_rate,Is there any money in illicocash that can be used for jobs?,16:26:SL:PAYMENT_COMPANY,[IN:interest_rate [SL:PAYMENT_COMPANY illicocash] ],PAYMENT_COMPANY: illicocash,lin
banking,interest_rate,How do I get to see the benefits of Equity-BCDC?,42:53:SL:BANK_NAME,[IN:interest_rate [SL:BANK_NAME Equity-BCDC] ],BANK_NAME: Equity-BCDC,lin
banking,interest_rate,Give me the benefits of M-pesa?,26:32:SL:PAYMENT_COMPANY,[IN:interest_rate [SL:PAYMENT_COMPANY M-pesa] ],PAYMENT_COMPANY: M-pesa,lin
banking,interest_rate,Tell me what are the advantages of M-pesa?,34:40:SL:PAYMENT_COMPANY,[IN:interest_rate [SL:PAYMENT_COMPANY M-pesa] ],PAYMENT_COMPANY: M-pesa,lin
banking,interest_rate,Tell me about the advantages of using Orange money?,38:50:SL:PAYMENT_COMPANY,[IN:interest_rate [SL:PAYMENT_COMPANY Orange money] ],PAYMENT_COMPANY: Orange money,lin
banking,interest_rate,Tell me how much money is left in my illicocash?,30:40:SL:PAYMENT_COMPANY,[IN:interest_rate [SL:PAYMENT_COMPANY illicocash] ],PAYMENT_COMPANY: illicocash,lin
banking,interest_rate,How much money do I have left in my Afrimoney?,28:37:SL:PAYMENT_COMPANY,[IN:interest_rate [SL:PAYMENT_COMPANY Afrimoney] ],PAYMENT_COMPANY: Afrimoney,lin
banking,interest_rate,Show me the cost of using Airtelmoney?,32:43:SL:PAYMENT_COMPANY,[IN:interest_rate [SL:PAYMENT_COMPANY Airtelmoney] ],PAYMENT_COMPANY: Airtelmoney,lin
banking,interest_rate,I want to see how much money is left in Orange money?,39:51:SL:PAYMENT_COMPANY,[IN:interest_rate [SL:PAYMENT_COMPANY Orange money] ],PAYMENT_COMPANY: Orange money,lin
banking,interest_rate,What are the advantages of Airtelmoney?,13:24:SL:PAYMENT_COMPANY,[IN:interest_rate [SL:PAYMENT_COMPANY Airtelmoney] ],PAYMENT_COMPANY: Airtelmoney,lin
banking,interest_rate,What is the Value of Using Airtelmoney?,11:22:SL:PAYMENT_COMPANY,[IN:interest_rate [SL:PAYMENT_COMPANY Airtelmoney] ],PAYMENT_COMPANY: Airtelmoney,lin
banking,interest_rate,Show me the benefit of using M-pesa?,34:40:SL:PAYMENT_COMPANY,[IN:interest_rate [SL:PAYMENT_COMPANY M-pesa] ],PAYMENT_COMPANY: M-pesa,lin
banking,interest_rate,Should I know the benefits of M-pesa?,33:39:SL:PAYMENT_COMPANY,[IN:interest_rate [SL:PAYMENT_COMPANY M-pesa] ],PAYMENT_COMPANY: M-pesa,lin
banking,interest_rate,What are the advantages of using Airtelmoney?,10:21:SL:PAYMENT_COMPANY,[IN:interest_rate [SL:PAYMENT_COMPANY Airtelmoney] ],PAYMENT_COMPANY: Airtelmoney,lin
banking,interest_rate,How does it work?,24:30:SL:PAYMENT_COMPANY,[IN:interest_rate [SL:PAYMENT_COMPANY M-pesa] ],PAYMENT_COMPANY: M-pesa,lin
banking,interest_rate,Show me the advantages of rakkacash?,29:38:SL:PAYMENT_COMPANY,[IN:interest_rate [SL:PAYMENT_COMPANY rakkacash] ],PAYMENT_COMPANY: rakkacash,lin
banking,interest_rate,Show me the advantages and disadvantages of Rakkacash?,37:46:SL:PAYMENT_COMPANY,[IN:interest_rate [SL:PAYMENT_COMPANY Rakkacash] ],PAYMENT_COMPANY: Rakkacash,lin
banking,interest_rate,Show me the advantages I got from illicocash?,36:46:SL:PAYMENT_COMPANY,[IN:interest_rate [SL:PAYMENT_COMPANY illicocash] ],PAYMENT_COMPANY: illicocash,lin
banking,interest_rate,Show me the advantages of Airtelmoney ?,28:39:SL:PAYMENT_COMPANY,[IN:interest_rate [SL:PAYMENT_COMPANY Airtelmoney] ],PAYMENT_COMPANY: Airtelmoney,lin
banking,interest_rate,Show me the benefits of this year's M-pesa?,"28:34:SL:PAYMENT_COMPANY,38:47:SL:DATE",[IN:interest_rate [SL:PAYMENT_COMPANY M-pesa] [SL:DATE Mbula Oyo] ],PAYMENT_COMPANY: M-pesa $$ DATE: Mbula Oyo,lin
banking,interest_rate,Show me the advantages of my M-pesa?,28:34:SL:PAYMENT_COMPANY,[IN:interest_rate [SL:PAYMENT_COMPANY M-pesa] ],PAYMENT_COMPANY: M-pesa,lin
banking,interest_rate,Show me the advantages of M-pesa?,28:34:SL:PAYMENT_COMPANY,[IN:interest_rate [SL:PAYMENT_COMPANY M-pesa] ],PAYMENT_COMPANY: M-pesa,lin
banking,interest_rate,Show me the advantages of UBA?,28:31:SL:BANK_NAME,[IN:interest_rate [SL:BANK_NAME UBA] ],BANK_NAME: UBA,lin
banking,interest_rate,Show me the money left in Airtelmoney and I will?,30:41:SL:PAYMENT_COMPANY,[IN:interest_rate [SL:PAYMENT_COMPANY Airtelmoney] ],PAYMENT_COMPANY: Airtelmoney,lin
banking,interest_rate,Show me the money in my purse.,28:34:SL:PAYMENT_COMPANY,[IN:interest_rate [SL:PAYMENT_COMPANY M-pesa] ],PAYMENT_COMPANY: M-pesa,lin
banking,interest_rate,Show me how much money I can make with Afrimoney?,35:44:SL:PAYMENT_COMPANY,[IN:interest_rate [SL:PAYMENT_COMPANY Afrimoney] ],PAYMENT_COMPANY: Afrimoney,lin
banking,interest_rate,Show me how much money I will have this year?,39:48:SL:DATE,[IN:interest_rate [SL:DATE Mbula Oyo] ],DATE: Mbula Oyo,lin
banking,interest_rate,Show me What is in my Afrimoney?,24:33:SL:PAYMENT_COMPANY,[IN:interest_rate [SL:PAYMENT_COMPANY Afrimoney] ],PAYMENT_COMPANY: Afrimoney,lin
banking,interest_rate,Show me the exchange rate today?,32:42:SL:DATE,[IN:interest_rate [SL:DATE mikolo Oyo] ],DATE: mikolo Oyo,lin
banking,interest_rate,Show me my money rate?,,[IN:interest_rate ],,lin
banking,interest_rate,"Hi, can I get some benefits from Afrimoney?",32:41:SL:PAYMENT_COMPANY,[IN:interest_rate [SL:PAYMENT_COMPANY Afrimoney] ],PAYMENT_COMPANY: Afrimoney,lin
banking,interest_rate,How much money is in my account?,21:27:SL:PAYMENT_COMPANY,[IN:interest_rate [SL:PAYMENT_COMPANY M-pesa] ],PAYMENT_COMPANY: M-pesa,lin
banking,interest_rate,How much money can I get from my donation?,29:35:SL:PAYMENT_COMPANY,[IN:interest_rate [SL:PAYMENT_COMPANY M-pesa] ],PAYMENT_COMPANY: M-pesa,lin
banking,interest_rate,How to know the advantages of Orange money in Nsimba?,"42:54:SL:PAYMENT_COMPANY,58:64:SL:PERSONAL_NAME",[IN:interest_rate [SL:PAYMENT_COMPANY Orange money] [SL:PERSONAL_NAME Nsimba] ],PAYMENT_COMPANY: Orange money $$ PERSONAL_NAME: Nsimba,lin
banking,interest_rate,What are the benefits of illicocash?,3:13:SL:PAYMENT_COMPANY,[IN:interest_rate [SL:PAYMENT_COMPANY illicocash] ],PAYMENT_COMPANY: illicocash,lin
banking,interest_rate,What are the advantages of illocash?,3:11:SL:PAYMENT_COMPANY,[IN:interest_rate [SL:PAYMENT_COMPANY illocash] ],PAYMENT_COMPANY: illocash,lin
banking,interest_rate,How much money will I make with Airtelmoney next year?,"0:14:SL:DATE,41:52:SL:PAYMENT_COMPANY",[IN:interest_rate [SL:DATE Na Mbula ezoya] [SL:PAYMENT_COMPANY Airtelmoney] ],DATE: Na Mbula ezoya $$ PAYMENT_COMPANY: Airtelmoney,lin
banking,interest_rate,How much has my Rakkacash increased this year?,"0:12:SL:DATE,38:47:SL:PAYMENT_COMPANY",[IN:interest_rate [SL:DATE Na Mbula Oyo] [SL:PAYMENT_COMPANY Rakkacash] ],DATE: Na Mbula Oyo $$ PAYMENT_COMPANY: Rakkacash,lin
banking,interest_rate,How do I know the advantages of Orange money?,41:53:SL:PAYMENT_COMPANY,[IN:interest_rate [SL:PAYMENT_COMPANY Orange money] ],PAYMENT_COMPANY: Orange money,lin
banking,interest_rate,How much money do I have left in my Airtelmoney account?,27:38:SL:PAYMENT_COMPANY,[IN:interest_rate [SL:PAYMENT_COMPANY Airtelmoney] ],PAYMENT_COMPANY: Airtelmoney,lin
banking,interest_rate,How much money do I have left in my Orange money?,27:39:SL:PAYMENT_COMPANY,[IN:interest_rate [SL:PAYMENT_COMPANY Orange money] ],PAYMENT_COMPANY: Orange money,lin
banking,interest_rate,Give me the advantages of using Rawbank?,37:44:SL:BANK_NAME,[IN:interest_rate [SL:BANK_NAME Rawbank] ],BANK_NAME: Rawbank,lin
banking,interest_rate,Give me the benefits of using Afrimoney?,36:45:SL:PAYMENT_COMPANY,[IN:interest_rate [SL:PAYMENT_COMPANY Afrimoney] ],PAYMENT_COMPANY: Afrimoney,lin
banking,interest_rate,Give me the advantages of using Equity-BCDC ,36:47:SL:BANK_NAME,[IN:interest_rate [SL:BANK_NAME Equity-BCDC] ],BANK_NAME: Equity-BCDC,lin
banking,interest_rate,Give me the advantages of using Rakkacash?,36:45:SL:PAYMENT_COMPANY,[IN:interest_rate [SL:PAYMENT_COMPANY Rakkacash] ],PAYMENT_COMPANY: Rakkacash,lin
banking,interest_rate,Give me the advantages of Orange money?,26:38:SL:PAYMENT_COMPANY,[IN:interest_rate [SL:PAYMENT_COMPANY Orange money] ],PAYMENT_COMPANY: Orange money,lin
banking,interest_rate,Can you give me the benefits for January?,26:42:SL:DATE,[IN:interest_rate [SL:DATE sanza ya janvier] ],DATE: sanza ya janvier,lin
banking,interest_rate,Can you give me my illicocash?,22:32:SL:PAYMENT_COMPANY,[IN:interest_rate [SL:PAYMENT_COMPANY illicocash] ],PAYMENT_COMPANY: illicocash,lin
banking,interest_rate,Can you tell me how to calculate the interest rate?,,[IN:interest_rate ],,lin
banking,interest_rate,Show me how much money is left in Orange money?,38:50:SL:PAYMENT_COMPANY,[IN:interest_rate [SL:PAYMENT_COMPANY Orange money] ],PAYMENT_COMPANY: Orange money,lin
banking,interest_rate,What is the interest rate?,,[IN:interest_rate ],,lin
banking,interest_rate,Can you give me something in Afrimoney? ,24:33:SL:PAYMENT_COMPANY,[IN:interest_rate [SL:PAYMENT_COMPANY Afrimoney] ],PAYMENT_COMPANY: Afrimoney,lin
banking,interest_rate,DO they have an online application?,0:3:SL:BANK_NAME,[IN:interest_rate [SL:BANK_NAME UBA] ],BANK_NAME: UBA,lin
banking,interest_rate,Tell me what are the advantages of Airtelmoney?,28:39:SL:PAYMENT_COMPANY,[IN:interest_rate [SL:PAYMENT_COMPANY Airtelmoney] ],PAYMENT_COMPANY: Airtelmoney,lin
banking,interest_rate,Tell me the advantages What is Afrimoney?,39:48:SL:PAYMENT_COMPANY,[IN:interest_rate [SL:PAYMENT_COMPANY Afrimoney] ],PAYMENT_COMPANY: Afrimoney,lin
banking,interest_rate,Tell me about the advantages of using illicocash?,38:48:SL:PAYMENT_COMPANY,[IN:interest_rate [SL:PAYMENT_COMPANY illicocash] ],PAYMENT_COMPANY: illicocash,lin
banking,interest_rate,Tell me how much are M-pesa's debts?,25:31:SL:PAYMENT_COMPANY,[IN:interest_rate [SL:PAYMENT_COMPANY M-pesa] ],PAYMENT_COMPANY: M-pesa,lin
banking,interest_rate,Tell me how much money is left in my illicocash?,35:45:SL:PAYMENT_COMPANY,[IN:interest_rate [SL:PAYMENT_COMPANY illicocash] ],PAYMENT_COMPANY: illicocash,lin
banking,interest_rate,Tell me how much money is in my ilicocash?,33:42:SL:PAYMENT_COMPANY,[IN:interest_rate [SL:PAYMENT_COMPANY ilicocash] ],PAYMENT_COMPANY: ilicocash,lin
banking,interest_rate,Tell me how much I have in Airtelmoney?,15:26:SL:PAYMENT_COMPANY,[IN:interest_rate [SL:PAYMENT_COMPANY Airtelmoney] ],PAYMENT_COMPANY: Airtelmoney,lin
banking,interest_rate,Tell me if Rawbank has any advantages?,17:24:SL:BANK_NAME,[IN:interest_rate [SL:BANK_NAME Rawbank] ],BANK_NAME: Rawbank,lin
banking,interest_rate,Can you tell me the rate of exchange today?,30:34:SL:DATE,[IN:interest_rate [SL:DATE Lelo] ],DATE: Lelo,lin
banking,interest_rate,"Using Rakkacash, what are the advantages?",10:19:SL:PAYMENT_COMPANY,[IN:interest_rate [SL:PAYMENT_COMPANY Rakkacash] ],PAYMENT_COMPANY: Rakkacash,lin
banking,interest_rate,Show me the advantages of using Airtelmoney?,38:49:SL:PAYMENT_COMPANY,[IN:interest_rate [SL:PAYMENT_COMPANY Airtelmoney] ],PAYMENT_COMPANY: Airtelmoney,lin
banking,interest_rate,Show me a network that has many advantages?,,[IN:interest_rate ],,lin
banking,interest_rate,What are the advantages of illicocash?,3:13:SL:PAYMENT_COMPANY,[IN:interest_rate [SL:PAYMENT_COMPANY illicocash] ],PAYMENT_COMPANY: illicocash,lin
banking,interest_rate,How much money do I have left in Rakkacash?,3:12:SL:PAYMENT_COMPANY,[IN:interest_rate [SL:PAYMENT_COMPANY Rakkacash] ],PAYMENT_COMPANY: Rakkacash,lin
banking,interest_rate,How much money do I have left with my donor?,27:33:SL:PAYMENT_COMPANY,[IN:interest_rate [SL:PAYMENT_COMPANY M-pesa] ],PAYMENT_COMPANY: M-pesa,lin
banking,interest_rate,Look at how much money is left in the bank?,35:41:SL:PAYMENT_COMPANY,[IN:interest_rate [SL:PAYMENT_COMPANY M-pesa] ],PAYMENT_COMPANY: M-pesa,lin
banking,interest_rate,Tell me how much money is in my Orange money?,33:45:SL:PAYMENT_COMPANY,[IN:interest_rate [SL:PAYMENT_COMPANY Orange money] ],PAYMENT_COMPANY: Orange money,lin
banking,min_payment,What is the final price?,,[IN:min_payment ],,lin
banking,min_payment,Show the debtors to Airtel,20:26:SL:PAYMENT_COMPANY,[IN:min_payment [SL:PAYMENT_COMPANY Airtel] ],PAYMENT_COMPANY: Airtel,lin
banking,min_payment,show me the debts in Orange ,25:31:SL:PAYMENT_COMPANY,[IN:min_payment [SL:PAYMENT_COMPANY Orange] ],PAYMENT_COMPANY: Orange,lin
banking,min_payment,Show me the bills for this month?,25:34:SL:DATE,[IN:min_payment [SL:DATE sanza Oyo] ],DATE: sanza Oyo,lin
banking,min_payment,Show me the price I can pay.,,[IN:min_payment ],,lin
banking,min_payment,Show me the low price of the meats in Orange,"29:33:SL:BILL_TYPE,37:43:SL:PAYMENT_COMPANY",[IN:min_payment [SL:BILL_TYPE méga] [SL:PAYMENT_COMPANY Orange] ],BILL_TYPE: méga $$ PAYMENT_COMPANY: Orange,lin
banking,min_payment,How much money do I have left in M-pesa?,27:33:SL:PAYMENT_COMPANY,[IN:min_payment [SL:PAYMENT_COMPANY M-pesa] ],PAYMENT_COMPANY: M-pesa,lin
banking,min_payment,How much is Vodacom's debt?,10:17:SL:PAYMENT_COMPANY,[IN:min_payment [SL:PAYMENT_COMPANY Vodacom] ],PAYMENT_COMPANY: Vodacom,lin
banking,min_payment,Give me the date and the last price they pay here?,,[IN:min_payment ],,lin
banking,min_payment,Give me the last loan of Africell ,28:36:SL:PAYMENT_COMPANY,[IN:min_payment [SL:PAYMENT_COMPANY Africell] ],PAYMENT_COMPANY: Africell,lin
banking,min_payment,Can I have the prescription fee?,18:28:SL:BILL_TYPE,[IN:min_payment [SL:BILL_TYPE ordonnance] ],BILL_TYPE: ordonnance,lin
banking,min_payment,Can you give me the final insurance amount?,26:35:SL:BILL_TYPE,[IN:min_payment [SL:BILL_TYPE assurance] ],BILL_TYPE: assurance,lin
banking,min_payment,What is the final tax rate?,8:13:SL:BILL_TYPE,[IN:min_payment [SL:BILL_TYPE mpaku] ],BILL_TYPE: mpaku,lin
banking,min_payment,What is the final tax rate on DGI?,"8:13:SL:BILL_TYPE,25:28:SL:PAYMENT_COMPANY",[IN:min_payment [SL:BILL_TYPE mpaku] [SL:PAYMENT_COMPANY DGI] ],BILL_TYPE: mpaku $$ PAYMENT_COMPANY: DGI,lin
banking,min_payment,Tell me the price of the mega on vodacom,"23:27:SL:BILL_TYPE,31:38:SL:PAYMENT_COMPANY",[IN:min_payment [SL:BILL_TYPE méga] [SL:PAYMENT_COMPANY vodacom] ],BILL_TYPE: méga $$ PAYMENT_COMPANY: vodacom,lin
banking,min_payment,Tell me the cost of the loan to Airtel?,30:36:SL:PAYMENT_COMPANY,[IN:min_payment [SL:PAYMENT_COMPANY Airtel] ],PAYMENT_COMPANY: Airtel,lin
banking,min_payment,how much less will I pay with my credit card and visa?,,[IN:min_payment ],,lin
banking,min_payment,how much less will I pay with my credit card?,,[IN:min_payment ],,lin
banking,min_payment,What small bouquet should I buy on Canal+?,"0:15:SL:BILL_TYPE,34:40:SL:PAYMENT_COMPANY",[IN:min_payment [SL:BILL_TYPE bouquet ya moke] [SL:PAYMENT_COMPANY Canal+] ],BILL_TYPE: bouquet ya moke $$ PAYMENT_COMPANY: Canal+,lin
banking,min_payment,What minimum deposit should I make with my donation?,31:37:SL:PAYMENT_COMPANY,[IN:min_payment [SL:PAYMENT_COMPANY m-pesa] ],PAYMENT_COMPANY: m-pesa,lin
banking,min_payment,How soon will I be able to pay my EQUITY BCDC bill?,"0:15:SL:BILL_TYPE,40:51:SL:BANK_NAME",[IN:min_payment [SL:BILL_TYPE facture ya snel] [SL:BANK_NAME EQUITY BCDC] ],BILL_TYPE: facture ya snel $$ BANK_NAME: EQUITY BCDC,lin
banking,min_payment,what is the minimum price for renting a car?,,[IN:min_payment ],,lin
banking,min_payment,how much will I pay with my credit card?,,[IN:min_payment ],,lin
banking,min_payment,how much will I pay for a consultation in the hospital?,24:47:SL:BILL_TYPE,[IN:min_payment [SL:BILL_TYPE consultation na hôpital] ],BILL_TYPE: consultation na hôpital,lin
banking,min_payment,how much will I pay for the hotel?,,[IN:min_payment ],,lin
banking,min_payment,how much money can I withdraw from Airtel Money?,34:46:SL:PAYMENT_COMPANY,[IN:min_payment [SL:PAYMENT_COMPANY Airtel Money] ],PAYMENT_COMPANY: Airtel Money,lin
banking,min_payment,how much money can I deposit with Orange Money?,38:50:SL:PAYMENT_COMPANY,[IN:min_payment [SL:PAYMENT_COMPANY Orange Money] ],PAYMENT_COMPANY: Orange Money,lin
banking,min_payment,how much cheaper can I buy with my credit card?,,[IN:min_payment ],,lin
banking,min_payment,how much is the minimum amount I should pay?,,[IN:min_payment ],,lin
banking,min_payment,how much is the minimum subscription for Canal+?,"10:20:SL:BILL_TYPE,32:38:SL:PAYMENT_COMPANY",[IN:min_payment [SL:BILL_TYPE abonnement] [SL:PAYMENT_COMPANY Canal+] ],BILL_TYPE: abonnement $$ PAYMENT_COMPANY: Canal+,lin
banking,min_payment,How much is the electricity bill?,10:28:SL:BILL_TYPE,[IN:min_payment [SL:BILL_TYPE facture ya courant] ],BILL_TYPE: facture ya courant,lin
banking,min_payment,how much tuition will I pay with my credit card?,0:16:SL:BILL_TYPE,[IN:min_payment [SL:BILL_TYPE mbongo ya kelasi] ],BILL_TYPE: mbongo ya kelasi,lin
banking,min_payment,how much is the purchase price of a small unit?,21:26:SL:BILL_TYPE,[IN:min_payment [SL:BILL_TYPE unité] ],BILL_TYPE: unité,lin
banking,min_payment,how much money can I withdraw from the bank?,,[IN:min_payment ],,lin
banking,min_payment,how much less will I pay for a mega?,33:40:SL:BILL_TYPE,[IN:min_payment [SL:BILL_TYPE na mega] ],BILL_TYPE: na mega,lin
banking,min_payment,how much less will I pay for Canal+?,32:38:SL:PAYMENT_COMPANY,[IN:min_payment [SL:PAYMENT_COMPANY Canal+] ],PAYMENT_COMPANY: Canal+,lin
banking,min_payment,how much money will I have to pay back to the bank?,,[IN:min_payment ],,lin
banking,min_payment,how cheaply can I buy coal?,33:39:SL:SHOPPING_ITEM,[IN:min_payment [SL:SHOPPING_ITEM makala] ],SHOPPING_ITEM: makala,lin
banking,min_payment,how much money can I put in the fund?,32:38:SL:PAYMENT_COMPANY,[IN:min_payment [SL:PAYMENT_COMPANY m-pesa] ],PAYMENT_COMPANY: m-pesa,lin
banking,min_payment,how much should I pay with my credit card?,,[IN:min_payment ],,lin
banking,min_payment,how much less do I have to pay for school?,,[IN:min_payment ],,lin
banking,min_payment,how much less money should I pay in interest?,40:46:SL:PAYMENT_COMPANY,[IN:min_payment [SL:PAYMENT_COMPANY m-pesa] ],PAYMENT_COMPANY: m-pesa,lin
banking,min_payment,how much less do I have to pay in the restaurant?,,[IN:min_payment ],,lin
banking,min_payment,how much will I pay in Regideso?,32:40:SL:PAYMENT_COMPANY,[IN:min_payment [SL:PAYMENT_COMPANY Regideso] ],PAYMENT_COMPANY: Regideso,lin
banking,min_payment,What is the minimum subscription fee for Canal+?,"28:38:SL:BILL_TYPE,42:48:SL:PAYMENT_COMPANY",[IN:min_payment [SL:BILL_TYPE abonnement] [SL:PAYMENT_COMPANY Canal+] ],BILL_TYPE: abonnement $$ PAYMENT_COMPANY: Canal+,lin
banking,min_payment,what is the minimum payment on EasyTv?,28:34:SL:PAYMENT_COMPANY,[IN:min_payment [SL:PAYMENT_COMPANY EasyTv] ],PAYMENT_COMPANY: EasyTv,lin
banking,min_payment,what is the minimum price for a sim?,26:29:SL:SHOPPING_ITEM,[IN:min_payment [SL:SHOPPING_ITEM sim] ],SHOPPING_ITEM: sim,lin
banking,min_payment,how much will I pay for Orange Energy?,24:38:SL:PAYMENT_COMPANY,[IN:min_payment [SL:PAYMENT_COMPANY Orange Énergie] ],PAYMENT_COMPANY: Orange Énergie,lin
banking,min_payment,how much money should I send to my Orange Money account?,25:37:SL:PAYMENT_COMPANY,[IN:min_payment [SL:PAYMENT_COMPANY Orange Money] ],PAYMENT_COMPANY: Orange Money,lin
banking,min_payment,How much will I pay for Regideso water?,39:47:SL:PAYMENT_COMPANY,[IN:min_payment [SL:PAYMENT_COMPANY Regideso] ],PAYMENT_COMPANY: Regideso,lin
banking,min_payment,What is the minimum tuition fee for college?,23:43:SL:BILL_TYPE,[IN:min_payment [SL:BILL_TYPE kofuta na université] ],BILL_TYPE: kofuta na université,lin
banking,min_payment,how much less will I have to pay to buy the units?,46:52:SL:BILL_TYPE,[IN:min_payment [SL:BILL_TYPE unités] ],BILL_TYPE: unités,lin
banking,min_payment,how much less will I pay for the speed bump?,40:44:SL:PAYMENT_COMPANY,[IN:min_payment [SL:PAYMENT_COMPANY snel] ],PAYMENT_COMPANY: snel,lin
banking,min_payment,how much less money will I pay per speed?,32:36:SL:PAYMENT_COMPANY,[IN:min_payment [SL:PAYMENT_COMPANY snel] ],PAYMENT_COMPANY: snel,lin
banking,min_payment,how much gasoline did I use in July?,"15:22:SL:BILL_TYPE,35:51:SL:DATE",[IN:min_payment [SL:BILL_TYPE essence] [SL:DATE sanza ya juillet] ],BILL_TYPE: essence $$ DATE: sanza ya juillet,lin
banking,min_payment,how much money will I buy on credit?,38:44:SL:BILL_TYPE,[IN:min_payment [SL:BILL_TYPE crédit] ],BILL_TYPE: crédit,lin
banking,min_payment,how much money can I spend on gasoline?,38:45:SL:BILL_TYPE,[IN:min_payment [SL:BILL_TYPE essence] ],BILL_TYPE: essence,lin
banking,min_payment,how much money did I spend on my Orange Money account this month?,"3:12:SL:DATE,37:49:SL:PAYMENT_COMPANY",[IN:min_payment [SL:DATE sanza oyo] [SL:PAYMENT_COMPANY Orange Money] ],DATE: sanza oyo $$ PAYMENT_COMPANY: Orange Money,lin
banking,min_payment,how much will I have to pay to get on the bus?,,[IN:min_payment ],,lin
banking,min_payment,How much will I pay for fuel?,29:38:SL:BILL_TYPE,[IN:min_payment [SL:BILL_TYPE carburant] ],BILL_TYPE: carburant,lin
banking,min_payment,How much will I pay to buy rice?,29:33:SL:DISH_OR_FOOD,[IN:min_payment [SL:DISH_OR_FOOD loso] ],DISH_OR_FOOD: loso,lin
banking,min_payment,How much will it cost to buy a mega?,36:40:SL:BILL_TYPE,[IN:min_payment [SL:BILL_TYPE mega] ],BILL_TYPE: mega,lin
banking,min_payment,how much less money will I get on my card?,,[IN:min_payment ],,lin
banking,min_payment,how much should I pay for a small water bill?,48:51:SL:DATE,[IN:min_payment [SL:DATE mai] ],DATE: mai,lin
banking,min_payment,how much should I pay for electricity?,29:37:SL:BILL_TYPE,[IN:min_payment [SL:BILL_TYPE lotiliki] ],BILL_TYPE: lotiliki,lin
banking,min_payment,how much should I pay for the TV?,38:40:SL:SHOPPING_ITEM,[IN:min_payment [SL:SHOPPING_ITEM TV] ],SHOPPING_ITEM: TV,lin
banking,min_payment,How much money do I have left in Orange money?,27:39:SL:PAYMENT_COMPANY,[IN:min_payment [SL:PAYMENT_COMPANY Orange money] ],PAYMENT_COMPANY: Orange money,lin
banking,min_payment,How much less do Snel charge?,0:4:SL:PAYMENT_COMPANY,[IN:min_payment [SL:PAYMENT_COMPANY Snel] ],PAYMENT_COMPANY: Snel,lin
banking,min_payment,How many units can I buy on my Rawbank account?,"0:5:SL:BILL_TYPE,31:38:SL:BANK_NAME",[IN:min_payment [SL:BILL_TYPE unité] [SL:BANK_NAME Rawbank] ],BILL_TYPE: unité $$ BANK_NAME: Rawbank,lin
banking,min_payment,do I need to recharge the small unit with Airtel Money?,"0:5:SL:BILL_TYPE,40:52:SL:PAYMENT_COMPANY",[IN:min_payment [SL:BILL_TYPE unité] [SL:PAYMENT_COMPANY Airtel Money] ],BILL_TYPE: unité $$ PAYMENT_COMPANY: Airtel Money,lin
banking,min_payment,tell me how much is a subscription to StarTime?,"49:59:SL:BILL_TYPE,63:71:SL:PAYMENT_COMPANY",[IN:min_payment [SL:BILL_TYPE abonnement] [SL:PAYMENT_COMPANY StarTime] ],BILL_TYPE: abonnement $$ PAYMENT_COMPANY: StarTime,lin
banking,min_payment,Tell me how much is left of the car loan?,,[IN:min_payment ],,lin
banking,min_payment,Can you show me the final price?,,[IN:min_payment ],,lin
banking,min_payment,Can you tell me the cost of a channel+ subscription?,"20:30:SL:BILL_TYPE,34:40:SL:PAYMENT_COMPANY",[IN:min_payment [SL:BILL_TYPE abonnement] [SL:PAYMENT_COMPANY canal+] ],BILL_TYPE: abonnement $$ PAYMENT_COMPANY: canal+,lin
banking,min_payment,Show me a cheap insurance policy?,12:21:SL:BILL_TYPE,[IN:min_payment [SL:BILL_TYPE assurance] ],BILL_TYPE: assurance,lin
banking,min_payment,Can you give me a price for the cheaper ones?,21:25:SL:BILL_TYPE,[IN:min_payment [SL:BILL_TYPE méga] ],BILL_TYPE: méga,lin
banking,min_payment,Can you give me a minimum electricity bill?,31:49:SL:BILL_TYPE,[IN:min_payment [SL:BILL_TYPE facture ya courant] ],BILL_TYPE: facture ya courant,lin
banking,min_payment,Can you give me the final price of the car?,,[IN:min_payment ],,lin
banking,min_payment,What is the final price?,,[IN:min_payment ],,lin
banking,min_payment,What is the final price?,,[IN:min_payment ],,lin
banking,pay_bill,do you have money to pay the electricity bill for me?,31:49:SL:BILL_TYPE,[IN:pay_bill [SL:BILL_TYPE facture ya courant] ],BILL_TYPE: facture ya courant,lin
banking,pay_bill,"turn off MY electricity bill, I want to delete it ",7:32:SL:BILL_TYPE,[IN:pay_bill [SL:BILL_TYPE facture Na NGA ya courant] ],BILL_TYPE: facture Na NGA ya courant,lin
banking,pay_bill,FUTURE MY water bill from my mother's cell to MY account ,5:27:SL:BILL_TYPE,[IN:pay_bill [SL:BILL_TYPE facture Na NGA ya mayi] ],BILL_TYPE: facture Na NGA ya mayi,lin
banking,pay_bill,pay the electricity bill to NGA ,11:29:SL:BILL_TYPE,[IN:pay_bill [SL:BILL_TYPE facture ya courant] ],BILL_TYPE: facture ya courant,lin
banking,pay_bill,"Please, delete MY clothing bill from my TMB account","20:45:SL:BILL_TYPE,57:71:SL:ACCOUNT_TYPE,82:85:SL:BANK_NAME",[IN:pay_bill [SL:BILL_TYPE facture Na NGA ya bilamba] [SL:ACCOUNT_TYPE compte courant] [SL:BANK_NAME TMB] ],BILL_TYPE: facture Na NGA ya bilamba $$ ACCOUNT_TYPE: compte courant $$ BANK_NAME: TMB,lin
banking,pay_bill,I need help to CHANGE my account,,[IN:pay_bill ],,lin
banking,pay_bill,I want someone to pay the gas bill.,"14:18:SL:NUMBER,25:43:SL:BILL_TYPE",[IN:pay_bill [SL:NUMBER Moko] [SL:BILL_TYPE facture ya essence] ],NUMBER: Moko $$ BILL_TYPE: facture ya essence,lin
banking,pay_bill,I would like to delete my account.,,[IN:pay_bill ],,lin
banking,pay_bill,I would like to delete my account from the application.,,[IN:pay_bill ],,lin
banking,pay_bill,I would like to PAY my water bill but I need help to do it,17:32:SL:BILL_TYPE,[IN:pay_bill [SL:BILL_TYPE facture ya mayi] ],BILL_TYPE: facture ya mayi,lin
banking,pay_bill,I would like to CHURCH money PICK a phone bill ,29:49:SL:BILL_TYPE,[IN:pay_bill [SL:BILL_TYPE facture ya téléphone] ],BILL_TYPE: facture ya téléphone,lin
banking,pay_bill,I want to pay for a car.,"21:37:SL:BILL_TYPE,38:42:SL:NUMBER",[IN:pay_bill [SL:BILL_TYPE mbongo ya mutuka] [SL:NUMBER Moko] ],BILL_TYPE: mbongo ya mutuka $$ NUMBER: Moko,lin
banking,pay_bill,I need help to CHANGE the house bills,41:58:SL:BILL_TYPE,[IN:pay_bill [SL:BILL_TYPE factures ya ndaku] ],BILL_TYPE: factures ya ndaku,lin
banking,pay_bill,can you help ME to pay the bill?,,[IN:pay_bill ],,lin
banking,pay_bill,"use my federal military account AND pay my monthly Verizon bill, please","7:24:SL:ACCOUNT_TYPE,51:67:SL:BILL_TYPE,71:78:SL:PAYMENT_COMPANY",[IN:pay_bill [SL:ACCOUNT_TYPE compte fédération] [SL:BILL_TYPE facture ya sanza] [SL:PAYMENT_COMPANY Verizon] ],ACCOUNT_TYPE: compte fédération $$ BILL_TYPE: facture ya sanza $$ PAYMENT_COMPANY: Verizon,lin
banking,pay_bill,Help ME to pay the gas bill,21:39:SL:BILL_TYPE,[IN:pay_bill [SL:BILL_TYPE facture ya essence] ],BILL_TYPE: facture ya essence,lin
banking,pay_bill,can you help ME to clear the electricity bill?,30:48:SL:BILL_TYPE,[IN:pay_bill [SL:BILL_TYPE facture ya courant] ],BILL_TYPE: facture ya courant,lin
banking,pay_bill,FUTA channel + from my Facebook account,5:12:SL:PAYMENT_COMPANY,[IN:pay_bill [SL:PAYMENT_COMPANY canal +] ],PAYMENT_COMPANY: canal +,lin
banking,pay_bill,Turn off the power ,,[IN:pay_bill ],,lin
banking,pay_bill,I have a DSTV on my Visa card.,5:9:SL:PAYMENT_COMPANY,[IN:pay_bill [SL:PAYMENT_COMPANY DSTV] ],PAYMENT_COMPANY: DSTV,lin
banking,pay_bill,pay for gasoline from my savings account ,"5:12:SL:BILL_TYPE,25:39:SL:ACCOUNT_TYPE",[IN:pay_bill [SL:BILL_TYPE essence] [SL:ACCOUNT_TYPE compte épargne] ],BILL_TYPE: essence $$ ACCOUNT_TYPE: compte épargne,lin
banking,pay_bill,I have a current bill on my PayPal account,"5:23:SL:BILL_TYPE,42:48:SL:PAYMENT_COMPANY",[IN:pay_bill [SL:BILL_TYPE facture ya courant] [SL:PAYMENT_COMPANY PayPal] ],BILL_TYPE: facture ya courant $$ PAYMENT_COMPANY: PayPal,lin
banking,pay_bill,FUTA electricity bill on my account,"5:23:SL:BILL_TYPE,42:45:SL:BANK_NAME",[IN:pay_bill [SL:BILL_TYPE facture ya courant] [SL:BANK_NAME tmb] ],BILL_TYPE: facture ya courant $$ BANK_NAME: tmb,lin
banking,pay_bill,DEMOTE the water bill from my current account ,"5:20:SL:BILL_TYPE,32:46:SL:ACCOUNT_TYPE",[IN:pay_bill [SL:BILL_TYPE facture ya mayi] [SL:ACCOUNT_TYPE compte courant] ],BILL_TYPE: facture ya mayi $$ ACCOUNT_TYPE: compte courant,lin
banking,pay_bill,FUTURE the phone bill from my credit card,5:25:SL:BILL_TYPE,[IN:pay_bill [SL:BILL_TYPE facture ya téléphone] ],BILL_TYPE: facture ya téléphone,lin
banking,pay_bill,FUTA the phone bill on the back of my Mpesa,"5:25:SL:BILL_TYPE,37:42:SL:PAYMENT_COMPANY",[IN:pay_bill [SL:BILL_TYPE facture ya téléphone] [SL:PAYMENT_COMPANY Mpesa] ],BILL_TYPE: facture ya téléphone $$ PAYMENT_COMPANY: Mpesa,lin
banking,pay_bill,FOLLOW the money PICK the electricity bill ,17:35:SL:BILL_TYPE,[IN:pay_bill [SL:BILL_TYPE facture ya courant] ],BILL_TYPE: facture ya courant,lin
banking,pay_bill,DEMOTE the car payment from my savings account ,33:47:SL:ACCOUNT_TYPE,[IN:pay_bill [SL:ACCOUNT_TYPE compte épargne] ],ACCOUNT_TYPE: compte épargne,lin
banking,pay_bill,BURY the house with the money in my savings account,32:46:SL:ACCOUNT_TYPE,[IN:pay_bill [SL:ACCOUNT_TYPE compte épargne] ],ACCOUNT_TYPE: compte épargne,lin
banking,pay_bill,Pay off MY debt on the basis of my current account ,30:44:SL:ACCOUNT_TYPE,[IN:pay_bill [SL:ACCOUNT_TYPE compte courant] ],ACCOUNT_TYPE: compte courant,lin
banking,pay_bill,pay the electricity bill ,5:23:SL:BILL_TYPE,[IN:pay_bill [SL:BILL_TYPE facture ya courant] ],BILL_TYPE: facture ya courant,lin
banking,pay_bill,Pay the red cross money for this one,5:26:SL:BILL_TYPE,[IN:pay_bill [SL:BILL_TYPE mbongo ya croix rouge] ],BILL_TYPE: mbongo ya croix rouge,lin
banking,pay_bill,keep on moving now my agency bill listen to me,"13:19:SL:TIME,20:53:SL:BILL_TYPE",[IN:pay_bill [SL:TIME Sikoyo] [SL:BILL_TYPE facture Na NGA ya agence Yoka son] ],TIME: Sikoyo $$ BILL_TYPE: facture Na NGA ya agence Yoka son,lin
banking,pay_bill,is there any way to REDEMBLE MY bill?,,[IN:pay_bill ],,lin
banking,pay_bill,Please show ME how How I can pay the gas bill,44:62:SL:BILL_TYPE,[IN:pay_bill [SL:BILL_TYPE facture ya essence] ],BILL_TYPE: facture ya essence,lin
banking,pay_bill,Please CLEAR the electricity bill ,19:37:SL:BILL_TYPE,[IN:pay_bill [SL:BILL_TYPE facture ya courant] ],BILL_TYPE: facture ya courant,lin
banking,pay_bill,Please pay the channel fee +,29:36:SL:PAYMENT_COMPANY,[IN:pay_bill [SL:PAYMENT_COMPANY canal +] ],PAYMENT_COMPANY: canal +,lin
banking,pay_bill,"Please, continue to pay MY school debt.",28:52:SL:BILL_TYPE,[IN:pay_bill [SL:BILL_TYPE niongo na NGA ya eteyelo] ],BILL_TYPE: niongo na NGA ya eteyelo,lin
banking,pay_bill,please help me to buy a phone unit,34:48:SL:BILL_TYPE,[IN:pay_bill [SL:BILL_TYPE unité ya phone] ],BILL_TYPE: unité ya phone,lin
banking,pay_bill,By FUTA channel+,8:14:SL:PAYMENT_COMPANY,[IN:pay_bill [SL:PAYMENT_COMPANY canal+] ],PAYMENT_COMPANY: canal+,lin
banking,pay_bill,Can I have the bill?,,[IN:pay_bill ],,lin
banking,pay_bill,I would like to REMOVE my electricity bill.,17:35:SL:BILL_TYPE,[IN:pay_bill [SL:BILL_TYPE facture ya courant] ],BILL_TYPE: facture ya courant,lin
banking,pay_bill,I would like to REDEMAND my electricity bill now.,"17:35:SL:BILL_TYPE,36:42:SL:TIME",[IN:pay_bill [SL:BILL_TYPE facture ya courant] [SL:TIME sikoyo] ],BILL_TYPE: facture ya courant $$ TIME: sikoyo,lin
banking,pay_bill,I would like to FUTA my gas bill ,17:35:SL:BILL_TYPE,[IN:pay_bill [SL:BILL_TYPE facture ya essence] ],BILL_TYPE: facture ya essence,lin
banking,pay_bill,I would like to delete my internet bill,17:36:SL:BILL_TYPE,[IN:pay_bill [SL:BILL_TYPE facture ya internet] ],BILL_TYPE: facture ya internet,lin
banking,pay_bill,I would like to FUTA water bill ,17:32:SL:BILL_TYPE,[IN:pay_bill [SL:BILL_TYPE facture ya mayi] ],BILL_TYPE: facture ya mayi,lin
banking,pay_bill,I would like to REDEMBER my water bill ,17:32:SL:BILL_TYPE,[IN:pay_bill [SL:BILL_TYPE facture ya mayi] ],BILL_TYPE: facture ya mayi,lin
banking,pay_bill,I would like to REMOVE my house bill.,17:33:SL:BILL_TYPE,[IN:pay_bill [SL:BILL_TYPE facture ya ndaku] ],BILL_TYPE: facture ya ndaku,lin
banking,pay_bill,I want to FUTA money in my room,35:40:SL:PAYMENT_COMPANY,[IN:pay_bill [SL:PAYMENT_COMPANY Mpesa] ],PAYMENT_COMPANY: Mpesa,lin
banking,pay_bill,I would like to REDEMAND this month's channel+ fee,"27:33:SL:PAYMENT_COMPANY,37:46:SL:DATE",[IN:pay_bill [SL:PAYMENT_COMPANY canal+] [SL:DATE sanza oyo] ],PAYMENT_COMPANY: canal+ $$ DATE: sanza oyo,lin
banking,pay_bill,I want to FUTA money for water bill,27:42:SL:BILL_TYPE,[IN:pay_bill [SL:BILL_TYPE facture ya mayi] ],BILL_TYPE: facture ya mayi,lin
banking,pay_bill,I want to borrow money for my car,,[IN:pay_bill ],,lin
banking,pay_bill,I want to pay for my phone,17:32:SL:BILL_TYPE,[IN:pay_bill [SL:BILL_TYPE mbongo ya phone] ],BILL_TYPE: mbongo ya phone,lin
banking,pay_bill,Willingly and willingly FULFILLING the registration fee,17:35:SL:BILL_TYPE,[IN:pay_bill [SL:BILL_TYPE mbongo ya regideso] ],BILL_TYPE: mbongo ya regideso,lin
banking,pay_bill,I would like to pay off my debt,,[IN:pay_bill ],,lin
banking,pay_bill,I want to pay off my school debt.,17:41:SL:BILL_TYPE,[IN:pay_bill [SL:BILL_TYPE niongo na NGA ya eteyelo] ],BILL_TYPE: niongo na NGA ya eteyelo,lin
banking,pay_bill,I want you to help ME to REMOVE the Essence bill ,31:49:SL:BILL_TYPE,[IN:pay_bill [SL:BILL_TYPE facture ya Essence] ],BILL_TYPE: facture ya Essence,lin
banking,pay_bill,I need help to CHANGE my electricity bill,38:63:SL:BILL_TYPE,[IN:pay_bill [SL:BILL_TYPE facture Na NGA ya courant] ],BILL_TYPE: facture Na NGA ya courant,lin
banking,pay_bill,I need some help to choose to pay the fine,42:56:SL:BILL_TYPE,[IN:pay_bill [SL:BILL_TYPE mbongo ya fulu] ],BILL_TYPE: mbongo ya fulu,lin
banking,pay_bill,How to Pay an Invoice,,[IN:pay_bill ],,lin
banking,pay_bill,I need help to CHANGE my phone bill,37:53:SL:BILL_TYPE,[IN:pay_bill [SL:BILL_TYPE facture ya phone] ],BILL_TYPE: facture ya phone,lin
banking,pay_bill,can you help me to buy my insurance?,30:39:SL:BILL_TYPE,[IN:pay_bill [SL:BILL_TYPE assurance] ],BILL_TYPE: assurance,lin
banking,pay_bill,Can you help ME with the phone bill?,30:46:SL:BILL_TYPE,[IN:pay_bill [SL:BILL_TYPE facture ya phone] ],BILL_TYPE: facture ya phone,lin
banking,pay_bill,Can you help ME with the water bill?,30:44:SL:BILL_TYPE,[IN:pay_bill [SL:BILL_TYPE mbongo ya mayi] ],BILL_TYPE: mbongo ya mayi,lin
banking,pay_bill,Can you get my salary bill?,,[IN:pay_bill ],,lin
banking,pay_bill,are you able to help ME pay off MY debt?,,[IN:pay_bill ],,lin
banking,pay_bill,make a program to REMOVE the gas bill ,26:44:SL:BILL_TYPE,[IN:pay_bill [SL:BILL_TYPE facture ya essence] ],BILL_TYPE: facture ya essence,lin
banking,pay_bill,use my account to TMB to CHANGE your electricity bill ,"24:27:SL:BANK_NAME,41:59:SL:BILL_TYPE",[IN:pay_bill [SL:BANK_NAME tmb] [SL:BILL_TYPE facture ya courant] ],BANK_NAME: tmb $$ BILL_TYPE: facture ya courant,lin
banking,pay_bill,I need to use my current account to pay my electricity bill,"6:20:SL:ACCOUNT_TYPE,37:56:SL:BILL_TYPE",[IN:pay_bill [SL:ACCOUNT_TYPE compte courant] [SL:BILL_TYPE facture ya lotiloki] ],ACCOUNT_TYPE: compte courant $$ BILL_TYPE: facture ya lotiloki,lin
banking,pay_bill,Help me with time to FUTA electricity bill ,19:37:SL:BILL_TYPE,[IN:pay_bill [SL:BILL_TYPE facture ya courant] ],BILL_TYPE: facture ya courant,lin
banking,pay_bill,"When your water bill is full, just pay it now","16:31:SL:BILL_TYPE,55:61:SL:TIME",[IN:pay_bill [SL:BILL_TYPE facture ya mayi] [SL:TIME sikoyo] ],BILL_TYPE: facture ya mayi $$ TIME: sikoyo,lin
banking,pay_bill,get money from airtel money account and give me water money,"21:33:SL:PAYMENT_COMPANY,49:63:SL:BILL_TYPE",[IN:pay_bill [SL:PAYMENT_COMPANY airtel money] [SL:BILL_TYPE mbongo ya mayi] ],PAYMENT_COMPANY: airtel money $$ BILL_TYPE: mbongo ya mayi,lin
banking,pay_bill,The bill for each house I need to borrow money,0:16:SL:BILL_TYPE,[IN:pay_bill [SL:BILL_TYPE Facture ya ndaku] ],BILL_TYPE: Facture ya ndaku,lin
banking,pay_bill,FUTA the invoice ,,[IN:pay_bill ],,lin
banking,pay_bill,Can I borrow money to pay the mortgage?,39:55:SL:BILL_TYPE,[IN:pay_bill [SL:BILL_TYPE facture ya ndaku] ],BILL_TYPE: facture ya ndaku,lin
banking,pay_bill,"If you need help, choose to pay the bills",42:61:SL:BILL_TYPE,[IN:pay_bill [SL:BILL_TYPE ba facture ya ndaku] ],BILL_TYPE: ba facture ya ndaku,lin
banking,pay_bill,I would like to FUTA invoice ,,[IN:pay_bill ],,lin
banking,pay_bill,I need help with the bills of the house.,33:50:SL:BILL_TYPE,[IN:pay_bill [SL:BILL_TYPE factures ya ndaku] ],BILL_TYPE: factures ya ndaku,lin
banking,pay_bill,help me with all the house bills,16:32:SL:BILL_TYPE,[IN:pay_bill [SL:BILL_TYPE facture ya ndaku] ],BILL_TYPE: facture ya ndaku,lin
banking,pay_bill,Let me know if you can REMOVE an invoice,,[IN:pay_bill ],,lin
banking,pin_change,change my pin code to my bank card ,,[IN:pin_change ],,lin
banking,pin_change,change the password on my card to 4378,48:52:SL:NUMBER,[IN:pin_change [SL:NUMBER 4378] ],NUMBER: 4378,lin
banking,pin_change,change my name to my Rawbank account ,36:43:SL:BANK_NAME,[IN:pin_change [SL:BANK_NAME Rawbank] ],BANK_NAME: Rawbank,lin
banking,pin_change,change the name of my bank account ,,[IN:pin_change ],,lin
banking,pin_change,change my name to my last name ,18:24:SL:PAYMENT_COMPANY,[IN:pin_change [SL:PAYMENT_COMPANY m-pesa] ],PAYMENT_COMPANY: m-pesa,lin
banking,pin_change,I changed my name to Orange Money ,17:29:SL:PAYMENT_COMPANY,[IN:pin_change [SL:PAYMENT_COMPANY Orange Money] ],PAYMENT_COMPANY: Orange Money,lin
banking,pin_change,put my passport number on my visa card ,,[IN:pin_change ],,lin
banking,pin_change,can you put a new pin code on my card?,,[IN:pin_change ],,lin
banking,pin_change,I have the 2868 pin code on my illicocash account.,"17:21:SL:NUMBER,35:45:SL:PAYMENT_COMPANY",[IN:pin_change [SL:NUMBER 2868] [SL:PAYMENT_COMPANY illicocash] ],NUMBER: 2868 $$ PAYMENT_COMPANY: illicocash,lin
banking,pin_change,fire pin code 7689 from my mobile phone ,"17:21:SL:NUMBER,25:31:SL:PAYMENT_COMPANY",[IN:pin_change [SL:NUMBER 7689] [SL:PAYMENT_COMPANY m-pesa] ],NUMBER: 7689 $$ PAYMENT_COMPANY: m-pesa,lin
banking,pin_change,I have a new pin code for my bank account.,,[IN:pin_change ],,lin
banking,pin_change,enter a new pin code on my PayPal account to make it 5879,"25:31:SL:PAYMENT_COMPANY,50:54:SL:NUMBER",[IN:pin_change [SL:PAYMENT_COMPANY PayPal] [SL:NUMBER 5879] ],PAYMENT_COMPANY: PayPal $$ NUMBER: 5879,lin
banking,pin_change,I have a name on my credit card.,,[IN:pin_change ],,lin
banking,pin_change,please send me a new pin code on my MasterCard ,,[IN:pin_change ],,lin
banking,pin_change,please send me the 2323 password to my Airtel Money ,"28:32:SL:NUMBER,36:48:SL:PAYMENT_COMPANY",[IN:pin_change [SL:NUMBER 2323] [SL:PAYMENT_COMPANY Airtel Money] ],NUMBER: 2323 $$ PAYMENT_COMPANY: Airtel Money,lin
banking,pin_change,please send me a new password with the EQUITY BCDC card ,45:56:SL:BANK_NAME,[IN:pin_change [SL:BANK_NAME EQUITY BCDC] ],BANK_NAME: EQUITY BCDC,lin
banking,pin_change,how do I change my afrimoney code?,20:29:SL:PAYMENT_COMPANY,[IN:pin_change [SL:PAYMENT_COMPANY afrimoney] ],PAYMENT_COMPANY: afrimoney,lin
banking,pin_change,how do I change my payment code?,20:26:SL:PAYMENT_COMPANY,[IN:pin_change [SL:PAYMENT_COMPANY m-pesa] ],PAYMENT_COMPANY: m-pesa,lin
banking,pin_change,how do they put the new pin code in the bank account?,,[IN:pin_change ],,lin
banking,pin_change,call customer service to get the pin code of your bank account,,[IN:pin_change ],,lin
banking,pin_change,change the pin code of your Orange Money account ,27:39:SL:PAYMENT_COMPANY,[IN:pin_change [SL:PAYMENT_COMPANY Orange Money] ],PAYMENT_COMPANY: Orange Money,lin
banking,pin_change,change my Airtel Money account code,34:46:SL:PAYMENT_COMPANY,[IN:pin_change [SL:PAYMENT_COMPANY Airtel Money] ],PAYMENT_COMPANY: Airtel Money,lin
banking,pin_change,change my bank account code ,,[IN:pin_change ],,lin
banking,pin_change,change the password to my bank account ,,[IN:pin_change ],,lin
banking,pin_change,change the password to my EQUITY BCDC bank account ,52:63:SL:BANK_NAME,[IN:pin_change [SL:BANK_NAME EQUITY BCDC] ],BANK_NAME: EQUITY BCDC,lin
banking,pin_change,change your password to a credit card number,"24:30:SL:PAYMENT_COMPANY,34:39:SL:PERSONAL_NAME",[IN:pin_change [SL:PAYMENT_COMPANY m-pesa] [SL:PERSONAL_NAME Ndilu] ],PAYMENT_COMPANY: m-pesa $$ PERSONAL_NAME: Ndilu,lin
banking,pin_change,change the password of Airtel Money to 0890,"24:36:SL:PAYMENT_COMPANY,47:51:SL:NUMBER",[IN:pin_change [SL:PAYMENT_COMPANY Airtel Money] [SL:NUMBER 0890] ],PAYMENT_COMPANY: Airtel Money $$ NUMBER: 0890,lin
banking,pin_change,change the password of Airtel Money to 5698,"24:36:SL:PAYMENT_COMPANY,47:51:SL:NUMBER",[IN:pin_change [SL:PAYMENT_COMPANY Airtel Money] [SL:NUMBER 5698] ],PAYMENT_COMPANY: Airtel Money $$ NUMBER: 5698,lin
banking,pin_change,change the password of Airtel Money for the priesthood ,"24:36:SL:PAYMENT_COMPANY,40:48:SL:PERSONAL_NAME",[IN:pin_change [SL:PAYMENT_COMPANY Airtel Money] [SL:PERSONAL_NAME Bonganga] ],PAYMENT_COMPANY: Airtel Money $$ PERSONAL_NAME: Bonganga,lin
banking,pin_change,change the password of my bank account to 5487,59:63:SL:NUMBER,[IN:pin_change [SL:NUMBER 5487] ],NUMBER: 5487,lin
banking,pin_change,change the password of my Orange Money account ,31:43:SL:PAYMENT_COMPANY,[IN:pin_change [SL:PAYMENT_COMPANY Orange Money] ],PAYMENT_COMPANY: Orange Money,lin
banking,pin_change,change the password of his account,34:40:SL:PAYMENT_COMPANY,[IN:pin_change [SL:PAYMENT_COMPANY m-pesa] ],PAYMENT_COMPANY: m-pesa,lin
banking,pin_change,change the password of the m-pesa to 5558,"24:30:SL:PAYMENT_COMPANY,41:45:SL:NUMBER",[IN:pin_change [SL:PAYMENT_COMPANY m-pesa] [SL:NUMBER 5558] ],PAYMENT_COMPANY: m-pesa $$ NUMBER: 5558,lin
banking,pin_change,change the password of my account to 0005,"24:30:SL:PAYMENT_COMPANY,49:53:SL:NUMBER",[IN:pin_change [SL:PAYMENT_COMPANY m-pesa] [SL:NUMBER 0005] ],PAYMENT_COMPANY: m-pesa $$ NUMBER: 0005,lin
banking,pin_change,change the password of Orange Money to 8900,"24:36:SL:PAYMENT_COMPANY,47:51:SL:NUMBER",[IN:pin_change [SL:PAYMENT_COMPANY Orange Money] [SL:NUMBER 8900] ],PAYMENT_COMPANY: Orange Money $$ NUMBER: 8900,lin
banking,pin_change,Change your password to a new one in Orange Money ,41:53:SL:PAYMENT_COMPANY,[IN:pin_change [SL:PAYMENT_COMPANY Orange Money] ],PAYMENT_COMPANY: Orange Money,lin
banking,pin_change,How will my pin code be displayed?,,[IN:pin_change ],,lin
banking,pin_change,how do I get a new pin code?,,[IN:pin_change ],,lin
banking,pin_change,go to the bank to get a new password,,[IN:pin_change ],,lin
banking,pin_change,contact the customer service to change your bank account password,,[IN:pin_change ],,lin
banking,pin_change,enter a new pin code into my bank account ,,[IN:pin_change ],,lin
banking,pin_change,how do I enter a new code?,,[IN:pin_change ],,lin
banking,pin_change,how do I get my pin code?,,[IN:pin_change ],,lin
banking,pin_change,I need to change my bank account password.,,[IN:pin_change ],,lin
banking,pin_change,I need to change my Rawbank account password ,46:53:SL:BANK_NAME,[IN:pin_change [SL:BANK_NAME Rawbank] ],BANK_NAME: Rawbank,lin
banking,pin_change,I have set a new password because I forgot the old one.,,[IN:pin_change ],,lin
banking,pin_change,What number should I enter in my bank account pin code?,,[IN:pin_change ],,lin
banking,pin_change,you must enter a new password to your bank account before you can withdraw money ,,[IN:pin_change ],,lin
banking,pin_change,enter another code in the bank account ,,[IN:pin_change ],,lin
banking,pin_change,I have the 6578 pin code in my bank account.,17:21:SL:NUMBER,[IN:pin_change [SL:NUMBER 6578] ],NUMBER: 6578,lin
banking,pin_change,set up a new pin code in your Artel Money account ,32:43:SL:PAYMENT_COMPANY,[IN:pin_change [SL:PAYMENT_COMPANY Artel Money] ],PAYMENT_COMPANY: Artel Money,lin
banking,pin_change,set up a new pin code on my bank account to 4324,60:64:SL:NUMBER,[IN:pin_change [SL:NUMBER 4324] ],NUMBER: 4324,lin
banking,pin_change,set up a new pin code in Kalenga's bank account to become 0098,"45:52:SL:PERSONAL_NAME,63:67:SL:NUMBER",[IN:pin_change [SL:PERSONAL_NAME Kalenga] [SL:NUMBER 0098] ],PERSONAL_NAME: Kalenga $$ NUMBER: 0098,lin
banking,pin_change,Fire up a new pin code on the Longanza bank account ,45:53:SL:PERSONAL_NAME,[IN:pin_change [SL:PERSONAL_NAME Longanza] ],PERSONAL_NAME: Longanza,lin
banking,pin_change,I have a new pin code for my mobile account,35:41:SL:PAYMENT_COMPANY,[IN:pin_change [SL:PAYMENT_COMPANY m-pesa] ],PAYMENT_COMPANY: m-pesa,lin
banking,pin_change,fire the new pin code in Orange Money to become 9878,"25:37:SL:PAYMENT_COMPANY,48:52:SL:NUMBER",[IN:pin_change [SL:PAYMENT_COMPANY Orange Money] [SL:NUMBER 9878] ],PAYMENT_COMPANY: Orange Money $$ NUMBER: 9878,lin
banking,pin_change,Sign a new code into my account ,,[IN:pin_change ],,lin
banking,pin_change,I have a new code for my Orange Money account.,39:51:SL:PAYMENT_COMPANY,[IN:pin_change [SL:PAYMENT_COMPANY Orange Money] ],PAYMENT_COMPANY: Orange Money,lin
banking,pin_change,enter a new code in the bank account to become 4543,48:52:SL:NUMBER,[IN:pin_change [SL:NUMBER 4543] ],NUMBER: 4543,lin
banking,pin_change,fire mot de passe in Afri Money to become 0002,"21:31:SL:PAYMENT_COMPANY,42:46:SL:NUMBER",[IN:pin_change [SL:PAYMENT_COMPANY Afri Money] [SL:NUMBER 0002] ],PAYMENT_COMPANY: Afri Money $$ NUMBER: 0002,lin
banking,pin_change,fire the password to the account m-pesa of Kamanga ,"28:34:SL:PAYMENT_COMPANY,38:45:SL:PERSONAL_NAME",[IN:pin_change [SL:PAYMENT_COMPANY m-pesa] [SL:PERSONAL_NAME Kamanga] ],PAYMENT_COMPANY: m-pesa $$ PERSONAL_NAME: Kamanga,lin
banking,pin_change,fire the 4367 password from your account,"21:25:SL:NUMBER,36:42:SL:PAYMENT_COMPANY",[IN:pin_change [SL:NUMBER 4367] [SL:PAYMENT_COMPANY m-pesa] ],NUMBER: 4367 $$ PAYMENT_COMPANY: m-pesa,lin
banking,pin_change,the fire code of my passport will be 2434,"21:27:SL:PAYMENT_COMPANY,42:46:SL:NUMBER",[IN:pin_change [SL:PAYMENT_COMPANY m-pesa] [SL:NUMBER 2434] ],PAYMENT_COMPANY: m-pesa $$ NUMBER: 2434,lin
banking,pin_change,set the new password to 5465,36:40:SL:NUMBER,[IN:pin_change [SL:NUMBER 5465] ],NUMBER: 5465,lin
banking,pin_change,Create a new password to protect your account,,[IN:pin_change ],,lin
banking,pin_change,I have a new password on my Airtel Money account,"29:41:SL:PAYMENT_COMPANY,45:50:SL:PERSONAL_NAME",[IN:pin_change [SL:PAYMENT_COMPANY Airtel Money] [SL:PERSONAL_NAME Mbuyi] ],PAYMENT_COMPANY: Airtel Money $$ PERSONAL_NAME: Mbuyi,lin
banking,pin_change,Create a new password for your bank account ,,[IN:pin_change ],,lin
banking,pin_change,set a new password for my bank account so I won't forget it again,,[IN:pin_change ],,lin
banking,pin_change,set up a new password with Orange Money to become 7654,"29:41:SL:PAYMENT_COMPANY,52:56:SL:NUMBER",[IN:pin_change [SL:PAYMENT_COMPANY Orange Money] [SL:NUMBER 7654] ],PAYMENT_COMPANY: Orange Money $$ NUMBER: 7654,lin
banking,pin_change,I have a new password on my Orange Money account.,29:41:SL:PAYMENT_COMPANY,[IN:pin_change [SL:PAYMENT_COMPANY Orange Money] ],PAYMENT_COMPANY: Orange Money,lin
banking,pin_change,I have a new 1106 password on my Sofibank bank account.,"29:33:SL:NUMBER,65:73:SL:BANK_NAME",[IN:pin_change [SL:NUMBER 1106] [SL:BANK_NAME Sofibank] ],NUMBER: 1106 $$ BANK_NAME: Sofibank,lin
banking,pin_change,give me a new pin code so I won't forget,,[IN:pin_change ],,lin
banking,pin_change,change the pin code of my bank account because I forgot the old one,,[IN:pin_change ],,lin
banking,pin_change,change the password to your Sofibank account ,34:42:SL:BANK_NAME,[IN:pin_change [SL:BANK_NAME Sofibank] ],BANK_NAME: Sofibank,lin
banking,pin_change,change the password of my Visa card ,,[IN:pin_change ],,lin
banking,pin_change,change the password of my PayPal account ,31:37:SL:PAYMENT_COMPANY,[IN:pin_change [SL:PAYMENT_COMPANY PayPal] ],PAYMENT_COMPANY: PayPal,lin
banking,pin_change,change the password of the Orange Money ,24:36:SL:PAYMENT_COMPANY,[IN:pin_change [SL:PAYMENT_COMPANY Orange Money] ],PAYMENT_COMPANY: Orange Money,lin
banking,pin_change,enter a new password for my pioneer account ,41:49:SL:PAYMENT_COMPANY,[IN:pin_change [SL:PAYMENT_COMPANY payoneer] ],PAYMENT_COMPANY: payoneer,lin
banking,pin_change,please send me a new code to my bank account,,[IN:pin_change ],,lin
banking,pin_change,leave me a password on my MasterCard ,,[IN:pin_change ],,lin
banking,spending_history,How much money did I spend last week?,22:32:SL:DATE,[IN:spending_history [SL:DATE poso eleki] ],DATE: poso eleki,lin
banking,spending_history,How many francs did I spend on coffee this month?,"3:8:SL:CURRENCY,29:33:SL:DISH_OR_FOOD,34:43:SL:DATE",[IN:spending_history [SL:CURRENCY franc] [SL:DISH_OR_FOOD café] [SL:DATE sanza Oyo] ],CURRENCY: franc $$ DISH_OR_FOOD: café $$ DATE: sanza Oyo,lin
banking,spending_history,Money and Time - Is It Over?,,[IN:spending_history ],,lin
banking,spending_history,How much do I spend on alcohol these days?,27:37:SL:DATE,[IN:spending_history [SL:DATE mikolo Oyo] ],DATE: mikolo Oyo,lin
banking,spending_history,How much did I drink last week?,23:41:SL:DATE,[IN:spending_history [SL:DATE poso  mikolo eleki] ],DATE: poso  mikolo eleki,lin
banking,spending_history,How much is it worth to buy alcohol these days?,25:35:SL:DATE,[IN:spending_history [SL:DATE mikolo Oyo] ],DATE: mikolo Oyo,lin
banking,spending_history,Overall How much money did I spend on Saturdays this month?,46:55:SL:DATE,[IN:spending_history [SL:DATE sanza Oyo] ],DATE: sanza Oyo,lin
banking,spending_history,How much money did I spend on the weekend?,25:32:SL:DATE,[IN:spending_history [SL:DATE weekend] ],DATE: weekend,lin
banking,spending_history,How much money did I spend on my PAN account this month?,34:43:SL:DATE,[IN:spending_history [SL:DATE sanza Oyo] ],DATE: sanza Oyo,lin
banking,spending_history,How much money have I spent on alcohol this month?,"27:34:SL:DISH_OR_FOOD,35:44:SL:DATE",[IN:spending_history [SL:DISH_OR_FOOD masanga] [SL:DATE sanza Oyo] ],DISH_OR_FOOD: masanga $$ DATE: sanza Oyo,lin
banking,spending_history,How much money did I spend on alcohol last week?,34:45:SL:DATE,[IN:spending_history [SL:DATE mposo eleki] ],DATE: mposo eleki,lin
banking,spending_history,How much gasoline should I buy in Oyo?,9:16:SL:BILL_TYPE,[IN:spending_history [SL:BILL_TYPE essence] ],BILL_TYPE: essence,lin
banking,spending_history,How much money does the country spend?,0:10:SL:DATE,[IN:spending_history [SL:DATE Posi eleki] ],DATE: Posi eleki,lin
banking,spending_history,how many articles did you use to choose this month's food?,34:43:SL:DATE,[IN:spending_history [SL:DATE sanza Oyo] ],DATE: sanza Oyo,lin
banking,spending_history,how much money did I spend?,,[IN:spending_history ],,lin
banking,spending_history,Tell me how much money I spent on alcohol last week?,43:53:SL:DATE,[IN:spending_history [SL:DATE poso eleki] ],DATE: poso eleki,lin
banking,spending_history,How much should I spend on clothes these days?,"22:29:SL:SHOPPING_ITEM,30:40:SL:DATE",[IN:spending_history [SL:SHOPPING_ITEM bilamba] [SL:DATE mikolo Oyo] ],SHOPPING_ITEM: bilamba $$ DATE: mikolo Oyo,lin
banking,spending_history,How much money have I spent on clothes lately?,"27:34:SL:SHOPPING_ITEM,35:45:SL:DATE",[IN:spending_history [SL:SHOPPING_ITEM bilamba] [SL:DATE mikolo oyo] ],SHOPPING_ITEM: bilamba $$ DATE: mikolo oyo,lin
banking,spending_history,How much did MY expenses make for the past week?,34:44:SL:DATE,[IN:spending_history [SL:DATE poso eleki] ],DATE: poso eleki,lin
banking,spending_history,How much is Essence Elié NGA?,0:7:SL:BILL_TYPE,[IN:spending_history [SL:BILL_TYPE Essence] ],BILL_TYPE: Essence,lin
banking,spending_history,am I spending too much money TO eat?,,[IN:spending_history ],,lin
banking,spending_history,What percentage of MY money did I use to BUY a house this year?,60:69:SL:DATE,[IN:spending_history [SL:DATE mbula Oyo] ],DATE: mbula Oyo,lin
banking,spending_history,how much does it cost to fix this car?,,[IN:spending_history ],,lin
banking,spending_history,how much does this car insurance cost me?,7:23:SL:BILL_TYPE,[IN:spending_history [SL:BILL_TYPE assurance mutuka] ],BILL_TYPE: assurance mutuka,lin
banking,spending_history,how much does it cost to buy three goats for me?,17:23:SL:NUMBER,[IN:spending_history [SL:NUMBER misato] ],NUMBER: misato,lin
banking,spending_history,"Yesterday, How much did I spend on lunch?","0:4:SL:DATE,44:48:SL:TIME",[IN:spending_history [SL:DATE Lobi] [SL:TIME midi] ],DATE: Lobi $$ TIME: midi,lin
banking,spending_history,How much did I pay for rent last six months?,34:56:SL:DATE,[IN:spending_history [SL:DATE sanza motoba Oyo eleki] ],DATE: sanza motoba Oyo eleki,lin
banking,spending_history,How much money do I have in total to spend on shoes?,40:46:SL:SHOPPING_ITEM,[IN:spending_history [SL:SHOPPING_ITEM sapatu] ],SHOPPING_ITEM: sapatu,lin
banking,spending_history,How much money have I spent EVERY day eating these days?,44:54:SL:DATE,[IN:spending_history [SL:DATE mikolo Oyo] ],DATE: mikolo Oyo,lin
banking,spending_history,how much money did I spend yesterday?,24:28:SL:DATE,[IN:spending_history [SL:DATE lobi] ],DATE: lobi,lin
banking,spending_history,how much money have i spent on food lately?,34:44:SL:DATE,[IN:spending_history [SL:DATE mikolo Oyo] ],DATE: mikolo Oyo,lin
banking,spending_history,how much money did I spend this month?,22:31:SL:DATE,[IN:spending_history [SL:DATE sanza oyo] ],DATE: sanza oyo,lin
banking,spending_history,Please tell me how much money I spent today,48:58:SL:DATE,[IN:spending_history [SL:DATE mikolo Oyo] ],DATE: mikolo Oyo,lin
banking,spending_history,How much money have I lost lately?,23:33:SL:DATE,[IN:spending_history [SL:DATE mikolo Oyo] ],DATE: mikolo Oyo,lin
banking,spending_history,How much did I pay for the hospital these days?,33:43:SL:DATE,[IN:spending_history [SL:DATE mikolo Oyo] ],DATE: mikolo Oyo,lin
banking,spending_history,I want to know the expenses I have these days ,36:46:SL:DATE,[IN:spending_history [SL:DATE mikolo Oyo] ],DATE: mikolo Oyo,lin
banking,spending_history,I would like to know all the expenses I have worked on Amazon from November to December 2018?,61:86:SL:DATE,[IN:spending_history [SL:DATE novembre ti décembre 2018] ],DATE: novembre ti décembre 2018,lin
banking,spending_history,I want to know how much money I spent last week?,41:51:SL:DATE,[IN:spending_history [SL:DATE poso eleki] ],DATE: poso eleki,lin
banking,spending_history,In total how much money did I spend eating in restaurants in January?,53:72:SL:DATE,[IN:spending_history [SL:DATE Na sanza ya janvier] ],DATE: Na sanza ya janvier,lin
banking,spending_history,How much money have I spent in total since the beginning of the month?,"35:40:SL:PAYMENT_COMPANY,47:59:SL:DATE",[IN:spending_history [SL:PAYMENT_COMPANY mpesa] [SL:DATE sanza ebandi] ],PAYMENT_COMPANY: mpesa $$ DATE: sanza ebandi,lin
banking,spending_history,How much money have I spent lately?,22:32:SL:DATE,[IN:spending_history [SL:DATE mikolo Oyo] ],DATE: mikolo Oyo,lin
banking,spending_history,How much money did I spend eating out this week?,46:55:SL:DATE,[IN:spending_history [SL:DATE mposo Oyo] ],DATE: mposo Oyo,lin
banking,spending_history,How much money have I spent on eating out in restaurants in the last two weeks?,59:81:SL:DATE,[IN:spending_history [SL:DATE mposo mibale Oyo eleki] ],DATE: mposo mibale Oyo eleki,lin
banking,spending_history,How much money did I spend last week?,25:35:SL:DATE,[IN:spending_history [SL:DATE poso eleki] ],DATE: poso eleki,lin
banking,spending_history,How much money have I spent at Starbucks since 2019?,"25:34:SL:RESTAURANT_NAME,41:52:SL:DATE",[IN:spending_history [SL:RESTAURANT_NAME Starbucks] [SL:DATE 2019 ebandi] ],RESTAURANT_NAME: Starbucks $$ DATE: 2019 ebandi,lin
banking,spending_history,How much money I spent on books these days ,"30:34:SL:SHOPPING_ITEM,35:45:SL:DATE",[IN:spending_history [SL:SHOPPING_ITEM buku] [SL:DATE mikolo Oyo] ],SHOPPING_ITEM: buku $$ DATE: mikolo Oyo,lin
banking,spending_history,How much money have I spent on bills recently?,38:48:SL:DATE,[IN:spending_history [SL:DATE mikolo oyo] ],DATE: mikolo oyo,lin
banking,spending_history,How much money do I spend on the child's needs?,,[IN:spending_history ],,lin
banking,spending_history,How much money do I spend on shoes?,30:36:SL:SHOPPING_ITEM,[IN:spending_history [SL:SHOPPING_ITEM sapatu] ],SHOPPING_ITEM: sapatu,lin
banking,spending_history,How much money have I spent on food lately?,35:47:SL:DATE,[IN:spending_history [SL:DATE mikolo eleki] ],DATE: mikolo eleki,lin
banking,spending_history,How much money do I spend on recreation?,27:34:SL:CALENDAR_EVENT,[IN:spending_history [SL:CALENDAR_EVENT détente] ],CALENDAR_EVENT: détente,lin
banking,spending_history,How much money did I spend on gasoline in the last two weeks?,"27:34:SL:BILL_TYPE,41:58:SL:DATE",[IN:spending_history [SL:BILL_TYPE essence] [SL:DATE poso mibale eleki] ],BILL_TYPE: essence $$ DATE: poso mibale eleki,lin
banking,spending_history,How much do I spend to eat out?,,[IN:spending_history ],,lin
banking,spending_history,How much money have I spent on food lately?,33:43:SL:DATE,[IN:spending_history [SL:DATE mikolo oyo] ],DATE: mikolo oyo,lin
banking,spending_history,How much money have I spent on alcohol lately?,"27:34:SL:DISH_OR_FOOD,35:45:SL:DATE",[IN:spending_history [SL:DISH_OR_FOOD masanga] [SL:DATE mikolo oyo] ],DISH_OR_FOOD: masanga $$ DATE: mikolo oyo,lin
banking,spending_history,How much money do I have left?,33:37:SL:DATE,[IN:spending_history [SL:DATE lelo] ],DATE: lelo,lin
banking,spending_history,How much money have I spent lately?,33:43:SL:DATE,[IN:spending_history [SL:DATE mikolo oyo] ],DATE: mikolo oyo,lin
banking,spending_history,How much money did I spend this week?,22:30:SL:DATE,[IN:spending_history [SL:DATE poso Oyo] ],DATE: poso Oyo,lin
banking,spending_history,Did I spend too much money on this drink?,,[IN:spending_history ],,lin
banking,spending_history,Have I spent too much money on shoes?,29:35:SL:SHOPPING_ITEM,[IN:spending_history [SL:SHOPPING_ITEM sapatu] ],SHOPPING_ITEM: sapatu,lin
banking,spending_history,Have I spent too much money on food lately?,33:43:SL:DATE,[IN:spending_history [SL:DATE mikolo Oyo] ],DATE: mikolo Oyo,lin
banking,spending_history,Did I spend a lot of money to get out of here?,,[IN:spending_history ],,lin
banking,spending_history,HAVE I spent a lot of money on shoes recently?,31:37:SL:SHOPPING_ITEM,[IN:spending_history [SL:SHOPPING_ITEM sapatu] ],SHOPPING_ITEM: sapatu,lin
banking,spending_history,Have I spent too much money on shoes lately?,"31:37:SL:SHOPPING_ITEM,38:48:SL:DATE",[IN:spending_history [SL:SHOPPING_ITEM sapatu] [SL:DATE mikolo Oyo] ],SHOPPING_ITEM: sapatu $$ DATE: mikolo Oyo,lin
banking,spending_history,How much did I spend on gas last week?,"27:34:SL:BILL_TYPE,35:46:SL:DATE",[IN:spending_history [SL:BILL_TYPE essence] [SL:DATE mposo eleki] ],BILL_TYPE: essence $$ DATE: mposo eleki,lin
banking,spending_history,Can you tell ME all the expenses I made since last week?,57:67:SL:DATE,[IN:spending_history [SL:DATE poso eleki] ],DATE: poso eleki,lin
banking,spending_history,Give ME a list of all the expenses I have made in the last two months?,65:95:SL:DATE,[IN:spending_history [SL:DATE sanza mibale Oyo ewuti ko sila] ],DATE: sanza mibale Oyo ewuti ko sila,lin
banking,spending_history,Tell ME how much money I spent in the last two weeks,39:60:SL:DATE,[IN:spending_history [SL:DATE poso mibale Oyo eleki] ],DATE: poso mibale Oyo eleki,lin
banking,spending_history,Tell me how much money I spent on food recently?,45:55:SL:DATE,[IN:spending_history [SL:DATE mikolo Oyo] ],DATE: mikolo Oyo,lin
banking,spending_history,Tell me how much money I spent on necessities last year?,48:59:SL:DATE,[IN:spending_history [SL:DATE mbula eleki] ],DATE: mbula eleki,lin
banking,spending_history,Tell me how much money I spent on food these days?,45:55:SL:DATE,[IN:spending_history [SL:DATE mikolo Oyo] ],DATE: mikolo Oyo,lin
banking,spending_history,Tell ME how much money I spent last week ,33:43:SL:DATE,[IN:spending_history [SL:DATE poso eleki] ],DATE: poso eleki,lin
banking,spending_history,Did I buy bread like last week?,"16:22:SL:DISH_OR_FOOD,30:41:SL:DATE",[IN:spending_history [SL:DISH_OR_FOOD mikate] [SL:DATE mposo eleki] ],DISH_OR_FOOD: mikate $$ DATE: mposo eleki,lin
banking,spending_history,Have I spent so much money on bread?,47:53:SL:DISH_OR_FOOD,[IN:spending_history [SL:DISH_OR_FOOD mikate] ],DISH_OR_FOOD: mikate,lin
banking,spending_history,how much money have I spent lately?,22:34:SL:DATE,[IN:spending_history [SL:DATE mikolo eleki] ],DATE: mikolo eleki,lin
banking,spending_history,how much money have i spent lately?,22:32:SL:DATE,[IN:spending_history [SL:DATE mikolo Oyo] ],DATE: mikolo Oyo,lin
banking,spending_history,How much did I pay for school last year?,"27:33:SL:BILL_TYPE,34:45:SL:DATE",[IN:spending_history [SL:BILL_TYPE kelasi] [SL:DATE mbula eleki] ],BILL_TYPE: kelasi $$ DATE: mbula eleki,lin
banking,spending_history,How much do I have to pay for water and electricity bills?,28:54:SL:BILL_TYPE,[IN:spending_history [SL:BILL_TYPE facture ya mayi na courant] ],BILL_TYPE: facture ya mayi na courant,lin
banking,spending_history,How much money do I spend on shopping?,,[IN:spending_history ],,lin
banking,spending_history,How much money have I spent lately?,33:43:SL:DATE,[IN:spending_history [SL:DATE mikolo Oyo] ],DATE: mikolo Oyo,lin
banking,transactions,Is the Visa card more expensive than its sister card?,,[IN:transactions ],,lin
banking,transactions,download the banking application from ME AND show me the last transaction I made ,,[IN:transactions ],,lin
banking,transactions,show me my transaction,,[IN:transactions ],,lin
banking,transactions,show ME the last ten transactions I have left in my account.,"26:30:SL:NUMBER,61:66:SL:PAYMENT_COMPANY",[IN:transactions [SL:NUMBER zomi] [SL:PAYMENT_COMPANY mpesa] ],NUMBER: zomi $$ PAYMENT_COMPANY: mpesa,lin
banking,transactions,show ME my last transaction on my account,48:53:SL:PAYMENT_COMPANY,[IN:transactions [SL:PAYMENT_COMPANY mpesa] ],PAYMENT_COMPANY: mpesa,lin
banking,transactions,discuss the recent transactions,25:35:SL:DATE,[IN:transactions [SL:DATE mikolo Oyo] ],DATE: mikolo Oyo,lin
banking,transactions,the last time I bought something is the same What?,,[IN:transactions ],,lin
banking,transactions,How much money did I spend on my last transaction?,,[IN:transactions ],,lin
banking,transactions,I like the transactions What I have done recently,40:50:SL:DATE,[IN:transactions [SL:DATE mikolo oyo] ],DATE: mikolo oyo,lin
banking,transactions,I want to see all the transactions I made last month in all MY accounts,47:62:SL:DATE,[IN:transactions [SL:DATE sanza Oyo eleki] ],DATE: sanza Oyo eleki,lin
banking,transactions,I want to know all the expenses I have made in my transactions.,,[IN:transactions ],,lin
banking,transactions,I made a transaction recently,,[IN:transactions ],,lin
banking,transactions,What Can I Buy With It?,,[IN:transactions ],,lin
banking,transactions,I need some advice on current transactions,48:58:SL:DATE,[IN:transactions [SL:DATE mikolo oyo] ],DATE: mikolo oyo,lin
banking,transactions,are you able to provide ME with the latest transaction details?,,[IN:transactions ],,lin
banking,transactions,What is my last transaction?,,[IN:transactions ],,lin
banking,transactions,What are the last four transactions in the table?,,[IN:transactions ],,lin
banking,transactions,What transactions have been made recently?,28:38:SL:DATE,[IN:transactions [SL:DATE mikolo Oyo] ],DATE: mikolo Oyo,lin
banking,transactions,What transactions did I do last week?,31:41:SL:DATE,[IN:transactions [SL:DATE poso eleki] ],DATE: poso eleki,lin
banking,transactions,What is the final cost of the purchase?,,[IN:transactions ],,lin
banking,transactions,I paid the last payment yesterday,31:35:SL:DATE,[IN:transactions [SL:DATE lobi] ],DATE: lobi,lin
banking,transactions,show the records of my transactions ,,[IN:transactions ],,lin
banking,transactions,Show the transactions in the table,,[IN:transactions ],,lin
banking,transactions,show the transactions I made PONT to be executed,,[IN:transactions ],,lin
banking,transactions,show my transactions for the past two days,33:56:SL:DATE,[IN:transactions [SL:DATE mikolo mibale Oyo eleki] ],DATE: mikolo mibale Oyo eleki,lin
banking,transactions,show ME the last five transactions in the last quarter ,,[IN:transactions ],,lin
banking,transactions,Show ME the transactions I made with MY account?,45:50:SL:PAYMENT_COMPANY,[IN:transactions [SL:PAYMENT_COMPANY mpesa] ],PAYMENT_COMPANY: mpesa,lin
banking,transactions,Show ME the transactions I made PICK the clothes and pep,40:47:SL:SHOPPING_ITEM,[IN:transactions [SL:SHOPPING_ITEM bilamba] ],SHOPPING_ITEM: bilamba,lin
banking,transactions,Show ME the transactions I made and select the boki,40:44:SL:DISH_OR_FOOD,[IN:transactions [SL:DISH_OR_FOOD boki] ],DISH_OR_FOOD: boki,lin
banking,transactions,Show ME the transactions I made in the PONA gallery,,[IN:transactions ],,lin
banking,transactions,Show ME the transactions I made in Esther's salon.,49:55:SL:PERSONAL_NAME,[IN:transactions [SL:PERSONAL_NAME Esther] ],PERSONAL_NAME: Esther,lin
banking,transactions,Show ME the transactions I made PONT the market,,[IN:transactions ],,lin
banking,transactions,show ME the latest transactions,29:39:SL:DATE,[IN:transactions [SL:DATE mikolo oyo] ],DATE: mikolo oyo,lin
banking,transactions,show ME the transactions of the last month,29:40:SL:DATE,[IN:transactions [SL:DATE sanza eleki] ],DATE: sanza eleki,lin
banking,transactions,show ME the transaction I made yesterday,33:37:SL:DATE,[IN:transactions [SL:DATE lobi] ],DATE: lobi,lin
banking,transactions,show me the transaction I have done recently,,[IN:transactions ],,lin
banking,transactions,Show ME the transaction We did last night in the restaurant ,39:43:SL:TIME,[IN:transactions [SL:TIME butu] ],TIME: butu,lin
banking,transactions,show ME the last transaction I made in June PONT to buy the last items of the month,"44:49:SL:PAYMENT_COMPANY,74:84:SL:DATE",[IN:transactions [SL:PAYMENT_COMPANY Mpesa] [SL:DATE suka sanza] ],PAYMENT_COMPANY: Mpesa $$ DATE: suka sanza,lin
banking,transactions,the last transaction was recorded,,[IN:transactions ],,lin
banking,transactions,except for my last transaction,,[IN:transactions ],,lin
banking,transactions,focus on the last transaction I made with my card,,[IN:transactions ],,lin
banking,transactions,how much money did I spend on the last item?,,[IN:transactions ],,lin
banking,transactions,show me the list of transactions I have made with my Airtel money account?,60:72:SL:PAYMENT_COMPANY,[IN:transactions [SL:PAYMENT_COMPANY Airtel money] ],PAYMENT_COMPANY: Airtel money,lin
banking,transactions,show ME the list of transactions I have not done in the past,,[IN:transactions ],,lin
banking,transactions,please show ME the transaction I made on the first of this month,"51:67:SL:DATE,71:80:SL:DATE",[IN:transactions [SL:DATE mokolo ya liboso] [SL:DATE sanza oyo] ],DATE: mokolo ya liboso $$ DATE: sanza oyo,lin
banking,transactions,Please show ME the transactions I have made these days ,48:58:SL:DATE,[IN:transactions [SL:DATE mikolo Oyo] ],DATE: mikolo Oyo,lin
banking,transactions,"Please, give me the last ten transactions that I have left in my account","39:43:SL:NUMBER,74:79:SL:PAYMENT_COMPANY",[IN:transactions [SL:NUMBER zomi] [SL:PAYMENT_COMPANY mpesa] ],NUMBER: zomi $$ PAYMENT_COMPANY: mpesa,lin
banking,transactions,Please tell me about one of the transactions I made in the last three days with my Airtel money,"26:30:SL:NUMBER,56:79:SL:DATE,83:95:SL:PAYMENT_COMPANY",[IN:transactions [SL:NUMBER Moko] [SL:DATE mikolo misato Oyo eleki] [SL:PAYMENT_COMPANY Airtel money] ],NUMBER: Moko $$ DATE: mikolo misato Oyo eleki $$ PAYMENT_COMPANY: Airtel money,lin
banking,transactions,"With my credit card, what are the last transactions?",,[IN:transactions ],,lin
banking,transactions,I would like to see the purchase transactions,,[IN:transactions ],,lin
banking,transactions,I would like to see the list of transactions in my afrimoney account,50:59:SL:PAYMENT_COMPANY,[IN:transactions [SL:PAYMENT_COMPANY afrimoney] ],PAYMENT_COMPANY: afrimoney,lin
banking,transactions,I want to know the latest transaction in the exchange,,[IN:transactions ],,lin
banking,transactions,Please give me all transactions made in the account in the last ten days,"59:64:SL:PAYMENT_COMPANY,69:90:SL:DATE",[IN:transactions [SL:PAYMENT_COMPANY mpesa] [SL:DATE mikolo zomi Oyo eleki] ],PAYMENT_COMPANY: mpesa $$ DATE: mikolo zomi Oyo eleki,lin
banking,transactions,What have I bought recently with my afrimoney account?,"21:31:SL:DATE,49:58:SL:PAYMENT_COMPANY",[IN:transactions [SL:DATE mikolo Oyo] [SL:PAYMENT_COMPANY afrimoney] ],DATE: mikolo Oyo $$ PAYMENT_COMPANY: afrimoney,lin
banking,transactions,What Should I Buy Last?,,[IN:transactions ],,lin
banking,transactions,I want to see the transactions I have made these days ,39:49:SL:DATE,[IN:transactions [SL:DATE mikolo Oyo] ],DATE: mikolo Oyo,lin
banking,transactions,Can you give ME all the transactions I made in the last month?,67:78:SL:DATE,[IN:transactions [SL:DATE sanza eleki] ],DATE: sanza eleki,lin
banking,transactions,Can you check my transaction history?,,[IN:transactions ],,lin
banking,transactions,can you record all the transactions I made online in the month of January?,64:79:SL:DATE,[IN:transactions [SL:DATE mois ya janvier] ],DATE: mois ya janvier,lin
banking,transactions,are you able to give me the last transactions made with the card?,,[IN:transactions ],,lin
banking,transactions,give a list of transactions I have made recently,37:47:SL:DATE,[IN:transactions [SL:DATE mikolo oyo] ],DATE: mikolo oyo,lin
banking,transactions,help ME see the transaction reports I made recently,,[IN:transactions ],,lin
banking,transactions,See my transactions from last week,30:40:SL:DATE,[IN:transactions [SL:DATE poso eleki] ],DATE: poso eleki,lin
banking,transactions,How about the stock in the last transaction?,,[IN:transactions ],,lin
banking,transactions,Look at the NGA transaction I made today with my rawbank card ,"35:45:SL:DATE,55:62:SL:BANK_NAME",[IN:transactions [SL:DATE mikolo Oyo] [SL:BANK_NAME rawbank] ],DATE: mikolo Oyo $$ BANK_NAME: rawbank,lin
banking,transactions,Look at the transactions I've made these days on my TMB card,"35:45:SL:DATE,55:58:SL:BANK_NAME",[IN:transactions [SL:DATE mikolo Oyo] [SL:BANK_NAME TMB] ],DATE: mikolo Oyo $$ BANK_NAME: TMB,lin
banking,transactions,When was the last time I made a transaction?,,[IN:transactions ],,lin
banking,transactions,What is my last transaction?,,[IN:transactions ],,lin
banking,transactions,What is my last transaction on the card?,,[IN:transactions ],,lin
banking,transactions,What transaction did I do yesterday that I chose to do?,27:31:SL:DATE,[IN:transactions [SL:DATE lobi] ],DATE: lobi,lin
banking,transactions,What was the last transaction I made yesterday?,30:34:SL:DATE,[IN:transactions [SL:DATE lobi] ],DATE: lobi,lin
banking,transactions,can you tell me about my last transaction?,,[IN:transactions ],,lin
banking,transactions,show all the things I bought PICK the video games ,37:50:SL:SHOPPING_ITEM,[IN:transactions [SL:SHOPPING_ITEM ba jeux vidéo] ],SHOPPING_ITEM: ba jeux vidéo,lin
banking,transactions,show ME all the video games I bought,11:24:SL:SHOPPING_ITEM,[IN:transactions [SL:SHOPPING_ITEM ba jeux vidéo] ],SHOPPING_ITEM: ba jeux vidéo,lin
banking,transactions,show ME all the new transactions,,[IN:transactions ],,lin
banking,transactions,How much money in medicine in buying wooden things?,35:48:SL:DISH_OR_FOOD,[IN:transactions [SL:DISH_OR_FOOD biloko ya bwa] ],DISH_OR_FOOD: biloko ya bwa,lin
banking,transactions,How much money did I spend on MY visa card last month?,41:52:SL:DATE,[IN:transactions [SL:DATE sanza eleki] ],DATE: sanza eleki,lin
banking,transactions,How much money do I spend on restaurants?,,[IN:transactions ],,lin
banking,transactions,give me a list of video games I bought ,17:26:SL:SHOPPING_ITEM,[IN:transactions [SL:SHOPPING_ITEM jeu vidéo] ],SHOPPING_ITEM: jeu vidéo,lin
banking,transactions,What transactions have you made in the past few weeks?,31:46:SL:DATE,[IN:transactions [SL:DATE mposo Oyo eleki] ],DATE: mposo Oyo eleki,lin
banking,transfer,I want you to transfer money to my accounts,,[IN:transfer ],,lin
banking,transfer,can I allocate money to my accounts,,[IN:transfer ],,lin
banking,transfer,can I transfer money to MY account?,,[IN:transfer ],,lin
banking,transfer,Please transfer $100 from my current account to my savings account.,"22:26:SL:MONEY,30:44:SL:ACCOUNT_TYPE,60:74:SL:ACCOUNT_TYPE",[IN:transfer [SL:MONEY 100$] [SL:ACCOUNT_TYPE compte courant] [SL:ACCOUNT_TYPE compte épargne] ],MONEY: 100$ $$ ACCOUNT_TYPE: compte courant $$ ACCOUNT_TYPE: compte épargne,lin
banking,transfer,How to allocate funds to accounts,,[IN:transfer ],,lin
banking,transfer,How to transfer money from one account to another,,[IN:transfer ],,lin
banking,transfer,Can I use money?,,[IN:transfer ],,lin
banking,transfer,can you help ME to send Airtel money to Mpesa?,"40:52:SL:PAYMENT_COMPANY,56:61:SL:PAYMENT_COMPANY",[IN:transfer [SL:PAYMENT_COMPANY Airtel money] [SL:PAYMENT_COMPANY Mpesa] ],PAYMENT_COMPANY: Airtel money $$ PAYMENT_COMPANY: Mpesa,lin
banking,transfer,Help transfer money from one account to another,,[IN:transfer ],,lin
banking,transfer,Please send $100 from my current account to my savings account.,"27:31:SL:MONEY,35:49:SL:ACCOUNT_TYPE,53:67:SL:ACCOUNT_TYPE",[IN:transfer [SL:MONEY 100$] [SL:ACCOUNT_TYPE compte courant] [SL:ACCOUNT_TYPE compte épargne] ],MONEY: 100$ $$ ACCOUNT_TYPE: compte courant $$ ACCOUNT_TYPE: compte épargne,lin
banking,transfer,Help ME withdraw money from this account to another account ,,[IN:transfer ],,lin
banking,transfer,please transfer $100 from my current account to my savings account,"6:10:SL:MONEY,14:28:SL:ACCOUNT_TYPE,32:46:SL:ACCOUNT_TYPE",[IN:transfer [SL:MONEY 100$] [SL:ACCOUNT_TYPE compte courant] [SL:ACCOUNT_TYPE compte épargne] ],MONEY: 100$ $$ ACCOUNT_TYPE: compte courant $$ ACCOUNT_TYPE: compte épargne,lin
banking,transfer,transfer $100 from my checking account to my savings account,"6:10:SL:MONEY,14:28:SL:ACCOUNT_TYPE,32:46:SL:ACCOUNT_TYPE",[IN:transfer [SL:MONEY 100$] [SL:ACCOUNT_TYPE compte courant] [SL:ACCOUNT_TYPE compte épargne] ],MONEY: 100$ $$ ACCOUNT_TYPE: compte courant $$ ACCOUNT_TYPE: compte épargne,lin
banking,transfer,transfer $100 from my checking account to my savings account ,"6:10:SL:MONEY,14:28:SL:ACCOUNT_TYPE,32:46:SL:ACCOUNT_TYPE",[IN:transfer [SL:MONEY 100$] [SL:ACCOUNT_TYPE compte courant] [SL:ACCOUNT_TYPE compte épargne] ],MONEY: 100$ $$ ACCOUNT_TYPE: compte courant $$ ACCOUNT_TYPE: compte épargne,lin
banking,transfer,Send money by e-mail ,,[IN:transfer ],,lin
banking,transfer,please send me ten dollars from my ecobank account to my rawbank account ,"20:41:SL:MONEY,55:62:SL:BANK_NAME,73:80:SL:BANK_NAME",[IN:transfer [SL:MONEY dollars zomi Na Sambo] [SL:BANK_NAME ecobank] [SL:BANK_NAME rawbank] ],MONEY: dollars zomi Na Sambo $$ BANK_NAME: ecobank $$ BANK_NAME: rawbank,lin
banking,transfer,Allocate money to my accounts,,[IN:transfer ],,lin
banking,transfer,You send 5$ to the application for savings account and current account ,"9:11:SL:MONEY,27:41:SL:ACCOUNT_TYPE,45:59:SL:ACCOUNT_TYPE",[IN:transfer [SL:MONEY 5$] [SL:ACCOUNT_TYPE compte épargne] [SL:ACCOUNT_TYPE compte courant] ],MONEY: 5$ $$ ACCOUNT_TYPE: compte épargne $$ ACCOUNT_TYPE: compte courant,lin
banking,transfer,Please transfer $5 from savings account to current account ,"20:22:SL:MONEY,26:40:SL:ACCOUNT_TYPE,44:58:SL:ACCOUNT_TYPE",[IN:transfer [SL:MONEY 5$] [SL:ACCOUNT_TYPE compte épargne] [SL:ACCOUNT_TYPE compte courant] ],MONEY: 5$ $$ ACCOUNT_TYPE: compte épargne $$ ACCOUNT_TYPE: compte courant,lin
banking,transfer,Put $5 of your savings account into Airtel money,"4:6:SL:MONEY,10:24:SL:ACCOUNT_TYPE,28:40:SL:PAYMENT_COMPANY",[IN:transfer [SL:MONEY 5$] [SL:ACCOUNT_TYPE compte épargne] [SL:PAYMENT_COMPANY Airtel money] ],MONEY: 5$ $$ ACCOUNT_TYPE: compte épargne $$ PAYMENT_COMPANY: Airtel money,lin
banking,transfer,transfer $5 from savings account to current account ,"6:8:SL:MONEY,12:26:SL:ACCOUNT_TYPE,30:44:SL:ACCOUNT_TYPE",[IN:transfer [SL:MONEY 5$] [SL:ACCOUNT_TYPE compte épargne] [SL:ACCOUNT_TYPE compte courant] ],MONEY: 5$ $$ ACCOUNT_TYPE: compte épargne $$ ACCOUNT_TYPE: compte courant,lin
banking,transfer,I lost 5$ from my current account,"6:8:SL:MONEY,15:29:SL:ACCOUNT_TYPE",[IN:transfer [SL:MONEY 5$] [SL:ACCOUNT_TYPE compte courant] ],MONEY: 5$ $$ ACCOUNT_TYPE: compte courant,lin
banking,transfer,Send ten dollars to the bank of america to put in my mother's account,"6:18:SL:MONEY,28:43:SL:BANK_NAME",[IN:transfer [SL:MONEY dollars zomi] [SL:BANK_NAME bank ya america] ],MONEY: dollars zomi $$ BANK_NAME: bank ya america,lin
banking,transfer,transfer ten dollars from the bank to your mother's account ,"11:23:SL:MONEY,41:44:SL:BANK_NAME",[IN:transfer [SL:MONEY dollars zomi] [SL:BANK_NAME UbA] ],MONEY: dollars zomi $$ BANK_NAME: UbA,lin
banking,transfer,I need to get rid of the money.,,[IN:transfer ],,lin
banking,transfer,PE continue to save 200$ at amazon PE send it to the bank,"16:20:SL:MONEY,24:30:SL:PAYMENT_COMPANY",[IN:transfer [SL:MONEY 200$] [SL:PAYMENT_COMPANY amazon] ],MONEY: 200$ $$ PAYMENT_COMPANY: amazon,lin
banking,transfer,Please send ten dollars to my bank account,"14:26:SL:MONEY,36:51:SL:BANK_NAME",[IN:transfer [SL:MONEY dollars zomi] [SL:BANK_NAME bank ya america] ],MONEY: dollars zomi $$ BANK_NAME: bank ya america,lin
banking,transfer,How to transfer money instantly from one account to another What is it?,56:60:SL:NUMBER,[IN:transfer [SL:NUMBER Moko] ],NUMBER: Moko,lin
banking,transfer,Money is transferred from one account to another ,,[IN:transfer ],,lin
banking,transfer,Please adjust your current account and mortgage ,24:38:SL:ACCOUNT_TYPE,[IN:transfer [SL:ACCOUNT_TYPE compte courant] ],ACCOUNT_TYPE: compte courant,lin
banking,transfer,Please take my money.,,[IN:transfer ],,lin
banking,transfer,Please send $100 to your Amazon Payment or savings account ,"20:31:SL:MONEY,67:81:SL:ACCOUNT_TYPE",[IN:transfer [SL:MONEY 100 dollars] [SL:ACCOUNT_TYPE compte épargne] ],MONEY: 100 dollars $$ ACCOUNT_TYPE: compte épargne,lin
banking,transfer,Please transfer $100 from your current account to your savings account ,"20:24:SL:MONEY,28:42:SL:ACCOUNT_TYPE,46:60:SL:ACCOUNT_TYPE",[IN:transfer [SL:MONEY 100$] [SL:ACCOUNT_TYPE compte courant] [SL:ACCOUNT_TYPE compte épargne] ],MONEY: 100$ $$ ACCOUNT_TYPE: compte courant $$ ACCOUNT_TYPE: compte épargne,lin
banking,transfer,Please send $200 to my savings account.,"20:24:SL:MONEY,28:42:SL:ACCOUNT_TYPE",[IN:transfer [SL:MONEY 200$] [SL:ACCOUNT_TYPE compte épargne] ],MONEY: 200$ $$ ACCOUNT_TYPE: compte épargne,lin
banking,transfer,Please send money,,[IN:transfer ],,lin
banking,transfer,Please send $50 from my checking account to my credit account.,"19:22:SL:MONEY,26:40:SL:ACCOUNT_TYPE,44:57:SL:ACCOUNT_TYPE",[IN:transfer [SL:MONEY 50$] [SL:ACCOUNT_TYPE compte courant] [SL:ACCOUNT_TYPE compte crédit] ],MONEY: 50$ $$ ACCOUNT_TYPE: compte courant $$ ACCOUNT_TYPE: compte crédit,lin
banking,transfer,How to say What to send money to the following account OR to create another account?,,[IN:transfer ],,lin
banking,transfer,I want MY money spent here,,[IN:transfer ],,lin
banking,transfer,Can you transfer $s from a savings account to a checking account?,"21:35:SL:ACCOUNT_TYPE,39:53:SL:ACCOUNT_TYPE",[IN:transfer [SL:ACCOUNT_TYPE compte épargne] [SL:ACCOUNT_TYPE compte courant] ],ACCOUNT_TYPE: compte épargne $$ ACCOUNT_TYPE: compte courant,lin
banking,transfer,What is the procedure for transferring money through an account?,,[IN:transfer ],,lin
banking,transfer,Please help ME to send money.,,[IN:transfer ],,lin
banking,transfer,help ME withdraw money,,[IN:transfer ],,lin
banking,transfer,Transfer $10 from a checking account to a savings account ,"6:9:SL:MONEY,13:27:SL:ACCOUNT_TYPE,31:45:SL:ACCOUNT_TYPE",[IN:transfer [SL:MONEY 10$] [SL:ACCOUNT_TYPE compte courant] [SL:ACCOUNT_TYPE compte épargne] ],MONEY: 10$ $$ ACCOUNT_TYPE: compte courant $$ ACCOUNT_TYPE: compte épargne,lin
banking,transfer,Send $100 of PayPal to the bank,"6:10:SL:MONEY,14:20:SL:PAYMENT_COMPANY",[IN:transfer [SL:MONEY 100$] [SL:PAYMENT_COMPANY PayPal] ],MONEY: 100$ $$ PAYMENT_COMPANY: PayPal,lin
banking,transfer,Send $20 from your checking account to Steve's account.,"6:9:SL:MONEY,13:27:SL:ACCOUNT_TYPE,41:46:SL:PERSONAL_NAME",[IN:transfer [SL:MONEY 20$] [SL:ACCOUNT_TYPE compte courant] [SL:PERSONAL_NAME Steve] ],MONEY: 20$ $$ ACCOUNT_TYPE: compte courant $$ PERSONAL_NAME: Steve,lin
banking,transfer,Transfer $20 from savings account to current account ,"6:9:SL:MONEY,13:27:SL:ACCOUNT_TYPE,31:45:SL:ACCOUNT_TYPE",[IN:transfer [SL:MONEY 20$] [SL:ACCOUNT_TYPE compte épargne] [SL:ACCOUNT_TYPE compte courant] ],MONEY: 20$ $$ ACCOUNT_TYPE: compte épargne $$ ACCOUNT_TYPE: compte courant,lin
banking,transfer,Transfer $200 from my savings account to my checking account,"6:10:SL:MONEY,14:28:SL:ACCOUNT_TYPE,32:46:SL:ACCOUNT_TYPE",[IN:transfer [SL:MONEY 200$] [SL:ACCOUNT_TYPE compte épargne] [SL:ACCOUNT_TYPE compte courant] ],MONEY: 200$ $$ ACCOUNT_TYPE: compte épargne $$ ACCOUNT_TYPE: compte courant,lin
banking,transfer,Send 200$ of paypal to savings account ,"6:10:SL:MONEY,14:20:SL:PAYMENT_COMPANY,24:38:SL:ACCOUNT_TYPE",[IN:transfer [SL:MONEY 200$] [SL:PAYMENT_COMPANY paypal] [SL:ACCOUNT_TYPE compte épargne] ],MONEY: 200$ $$ PAYMENT_COMPANY: paypal $$ ACCOUNT_TYPE: compte épargne,lin
banking,transfer,Send 50 dollars into a shared or non-shared account ,6:16:SL:MONEY,[IN:transfer [SL:MONEY 50 dollars] ],MONEY: 50 dollars,lin
banking,transfer,Transfer 500 dollars from this account to my current account ,"6:17:SL:MONEY,41:55:SL:ACCOUNT_TYPE",[IN:transfer [SL:MONEY 500 dollars] [SL:ACCOUNT_TYPE compte courant] ],MONEY: 500 dollars $$ ACCOUNT_TYPE: compte courant,lin
banking,transfer,Transfer $500 from a checking account to a savings account ,"6:10:SL:MONEY,14:28:SL:ACCOUNT_TYPE,32:46:SL:ACCOUNT_TYPE",[IN:transfer [SL:MONEY 500$] [SL:ACCOUNT_TYPE compte courant] [SL:ACCOUNT_TYPE compte épargne] ],MONEY: 500$ $$ ACCOUNT_TYPE: compte courant $$ ACCOUNT_TYPE: compte épargne,lin
banking,transfer,Send 500$ of MY Service to my current account,"6:10:SL:MONEY,14:20:SL:ACCOUNT_TYPE,31:45:SL:ACCOUNT_TYPE",[IN:transfer [SL:MONEY 500$] [SL:ACCOUNT_TYPE Ekonzo] [SL:ACCOUNT_TYPE compte courant] ],MONEY: 500$ $$ ACCOUNT_TYPE: Ekonzo $$ ACCOUNT_TYPE: compte courant,lin
banking,transfer,send one hundred dollars to Huntington's savings account,"6:19:SL:MONEY,29:39:SL:BANK_NAME,43:57:SL:ACCOUNT_TYPE",[IN:transfer [SL:MONEY dollars nkama] [SL:BANK_NAME Huntington] [SL:ACCOUNT_TYPE compte épargne] ],MONEY: dollars nkama $$ BANK_NAME: Huntington $$ ACCOUNT_TYPE: compte épargne,lin
banking,transfer,Send two hundred dollars into my phone and account,6:26:SL:MONEY,[IN:transfer [SL:MONEY dollars nkama mibale] ],MONEY: dollars nkama mibale,lin
banking,transfer,Send ten dollars to the Bank of America to put in my mother's account,"6:18:SL:MONEY,28:43:SL:BANK_NAME",[IN:transfer [SL:MONEY dollars zomi] [SL:BANK_NAME bank ya america] ],MONEY: dollars zomi $$ BANK_NAME: bank ya america,lin
banking,transfer,Send ten dollars to the bank of america to put this in my mother's account,"6:18:SL:MONEY,28:43:SL:BANK_NAME",[IN:transfer [SL:MONEY dollars zomi] [SL:BANK_NAME bank ya america] ],MONEY: dollars zomi $$ BANK_NAME: bank ya america,lin
banking,transfer,Send ten dollars to the bank to put in my mother's account.,6:18:SL:MONEY,[IN:transfer [SL:MONEY dollars zomi] ],MONEY: dollars zomi,lin
banking,transfer,Send me ten dollars to the bank of america to put in my mother's account,"18:29:SL:MONEY,39:54:SL:BANK_NAME",[IN:transfer [SL:MONEY dollar zomi] [SL:BANK_NAME bank ya america] ],MONEY: dollar zomi $$ BANK_NAME: bank ya america,lin
banking,transfer,Send money by post,,[IN:transfer ],,lin
banking,transfer,Transfer money from account to account,,[IN:transfer ],,lin
banking,transfer,Transfer money from this account to another account ,,[IN:transfer ],,lin
banking,transfer,Send money to the bank and then send it to Airtel money,"22:27:SL:PAYMENT_COMPANY,33:45:SL:PAYMENT_COMPANY",[IN:transfer [SL:PAYMENT_COMPANY mpesa] [SL:PAYMENT_COMPANY Airtel money] ],PAYMENT_COMPANY: mpesa $$ PAYMENT_COMPANY: Airtel money,lin
banking,transfer,Send money to my accounts,,[IN:transfer ],,lin
banking,transfer,Transfer money to the second account from the first account ,,[IN:transfer ],,lin
banking,transfer,Transfer money to the second account followed by the 1st account,,[IN:transfer ],,lin
banking,transfer,Please send $s of savings account to current account ,"26:40:SL:ACCOUNT_TYPE,44:58:SL:ACCOUNT_TYPE",[IN:transfer [SL:ACCOUNT_TYPE compte épargne] [SL:ACCOUNT_TYPE compte courant] ],ACCOUNT_TYPE: compte épargne $$ ACCOUNT_TYPE: compte courant,lin
banking,transfer,Please send me ten dollars from the bank of america to my mother's account,"20:32:SL:MONEY,42:57:SL:BANK_NAME",[IN:transfer [SL:MONEY dollars zomi] [SL:BANK_NAME bank ya america] ],MONEY: dollars zomi $$ BANK_NAME: bank ya america,lin
banking,transfer,Please send money to A to B,,[IN:transfer ],,lin
banking,transfer,Send ten dollars immediately to the bank of america to put my mother in my account,"18:29:SL:MONEY,39:54:SL:BANK_NAME",[IN:transfer [SL:MONEY dollar zomi] [SL:BANK_NAME bank ya america] ],MONEY: dollar zomi $$ BANK_NAME: bank ya america,lin
banking,transfer,Send my mother $57 from my savings account ,"14:17:SL:MONEY,29:43:SL:ACCOUNT_TYPE",[IN:transfer [SL:MONEY 57$] [SL:ACCOUNT_TYPE compte épargne] ],MONEY: 57$ $$ ACCOUNT_TYPE: compte épargne,lin
banking,transfer,send Marie five dollars or so,"8:13:SL:PERSONAL_NAME,14:34:SL:MONEY",[IN:transfer [SL:PERSONAL_NAME Marie] [SL:MONEY dollars nkutu mitano] ],PERSONAL_NAME: Marie $$ MONEY: dollars nkutu mitano,lin
banking,transfer,send my father six dollars from my mother's account,13:33:SL:MONEY,[IN:transfer [SL:MONEY dollars nkutu motoba] ],MONEY: dollars nkutu motoba,lin
banking,transfer,Save $100 from Fargo's current account to Fargo's savings account,"8:42:SL:MONEY,46:63:SL:ACCOUNT_TYPE,67:72:SL:CITY_OR_PROVINCE,82:96:SL:ACCOUNT_TYPE,100:105:SL:CITY_OR_PROVINCE",[IN:transfer [SL:MONEY dollars Nkama Moko na nkutu mitano] [SL:ACCOUNT_TYPE compte ya courant] [SL:CITY_OR_PROVINCE Fargo] [SL:ACCOUNT_TYPE compte épargne] [SL:CITY_OR_PROVINCE fargo] ],MONEY: dollars Nkama Moko na nkutu mitano $$ ACCOUNT_TYPE: compte ya courant $$ CITY_OR_PROVINCE: Fargo $$ ACCOUNT_TYPE: compte épargne $$ CITY_OR_PROVINCE: fargo,lin
banking,transfer,Withdraw dollars from current account and transfer them to savings account ,"8:15:SL:CURRENCY,19:33:SL:ACCOUNT_TYPE,46:60:SL:ACCOUNT_TYPE",[IN:transfer [SL:CURRENCY dollars] [SL:ACCOUNT_TYPE compte courant] [SL:ACCOUNT_TYPE compte épargne] ],CURRENCY: dollars $$ ACCOUNT_TYPE: compte courant $$ ACCOUNT_TYPE: compte épargne,lin
banking,transfer,put two hundred dollars of afrimoney in my Orange money,"4:26:SL:MONEY,30:39:SL:PAYMENT_COMPANY,50:62:SL:PAYMENT_COMPANY",[IN:transfer [SL:MONEY Nkama mibale ya dollar] [SL:PAYMENT_COMPANY afrimoney] [SL:PAYMENT_COMPANY Orange money] ],MONEY: Nkama mibale ya dollar $$ PAYMENT_COMPANY: afrimoney $$ PAYMENT_COMPANY: Orange money,lin
banking,transfer,Put One Hundred and Seventy-five This is from MY TMB savings account to MY rawbank current account ,"48:62:SL:ACCOUNT_TYPE,63:66:SL:BANK_NAME,77:91:SL:ACCOUNT_TYPE,102:109:SL:BANK_NAME",[IN:transfer [SL:ACCOUNT_TYPE compte épargne] [SL:BANK_NAME TMB] [SL:ACCOUNT_TYPE compte courant] [SL:BANK_NAME rawbank] ],ACCOUNT_TYPE: compte épargne $$ BANK_NAME: TMB $$ ACCOUNT_TYPE: compte courant $$ BANK_NAME: rawbank,lin
banking,transfer,Send ten dollars to Fargo's account to be deposited in the Bank of America ,"6:18:SL:MONEY,38:43:SL:CITY_OR_PROVINCE,55:70:SL:BANK_NAME",[IN:transfer [SL:MONEY dollars zomi] [SL:CITY_OR_PROVINCE Fargo] [SL:BANK_NAME Bank ya america] ],MONEY: dollars zomi $$ CITY_OR_PROVINCE: Fargo $$ BANK_NAME: Bank ya america,lin
banking,transfer,Transfer money to another account ,,[IN:transfer ],,lin
banking,transfer,Transfer MY money to another account ,,[IN:transfer ],,lin
banking,transfer,send three hundred and even five dollars of my account balance to my equity savings account ,"6:44:SL:MONEY,55:58:SL:BANK_NAME,69:83:SL:ACCOUNT_TYPE,94:100:SL:BANK_NAME",[IN:transfer [SL:MONEY Nkama misato Na nkutu mitano ya dollar] [SL:BANK_NAME UbA] [SL:ACCOUNT_TYPE compte épargne] [SL:BANK_NAME equity] ],MONEY: Nkama misato Na nkutu mitano ya dollar $$ BANK_NAME: UbA $$ ACCOUNT_TYPE: compte épargne $$ BANK_NAME: equity,lin
home,calendar_update,Add to the list of things to reprogram on Monday,54:72:SL:DATE,[IN:calendar_update [SL:DATE na Mokolo ya lundi] ],DATE: na Mokolo ya lundi,lin
home,calendar_update,Add another program to my calendar,,[IN:calendar_update ],,lin
home,calendar_update,Add the program to Buy Dorcas a Happy Birthday Gift to my Calendar on Tuesday or Wednesday ,"31:37:SL:PERSONAL_NAME,48:61:SL:CALENDAR_EVENT,93:98:SL:DATE,102:110:SL:DATE",[IN:calendar_update [SL:PERSONAL_NAME Dorcas] [SL:CALENDAR_EVENT mbotama elamu] [SL:DATE mardi] [SL:DATE mercredi] ],PERSONAL_NAME: Dorcas $$ CALENDAR_EVENT: mbotama elamu $$ DATE: mardi $$ DATE: mercredi,lin
home,calendar_update,Fear of the 25th of February All programs ,28:41:SL:DATE,[IN:calendar_update [SL:DATE le 25 février] ],DATE: le 25 février,lin
home,calendar_update,Watch all the programs for April 3,28:38:SL:DATE,[IN:calendar_update [SL:DATE le 3 avril] ],DATE: le 3 avril,lin
home,calendar_update,Fear of all the programs on Tuesdays in my calendar ,28:33:SL:DATE,[IN:calendar_update [SL:DATE mardi] ],DATE: mardi,lin
home,calendar_update,fear in my calendar all afternoon programs,46:56:SL:TIME,[IN:calendar_update [SL:TIME après midi] ],TIME: après midi,lin
home,calendar_update,I have a doctor's appointment on my calendar,5:34:SL:CALENDAR_EVENT,[IN:calendar_update [SL:CALENDAR_EVENT programme ya ko mona dokotolo] ],CALENDAR_EVENT: programme ya ko mona dokotolo,lin
home,calendar_update,Send me the programs All in my calendar,,[IN:calendar_update ],,lin
home,calendar_update,Delete the Doctor program from my calendar.,26:47:SL:CALENDAR_EVENT,[IN:calendar_update [SL:CALENDAR_EVENT programme ya Dokotolo] ],CALENDAR_EVENT: programme ya Dokotolo,lin
home,calendar_update,Delete from my calendar the program for marching on Monday at 10,"26:60:SL:CALENDAR_EVENT,72:83:SL:DATE",[IN:calendar_update [SL:CALENDAR_EVENT programme ya ko tambola  Na marthe] [SL:DATE lundi le 10] ],CALENDAR_EVENT: programme ya ko tambola  Na marthe $$ DATE: lundi le 10,lin
home,calendar_update,I have an appointment in Ilunga at 8 am on Tuesday at 10 am.,"26:50:SL:CALENDAR_EVENT,54:60:SL:PERSONAL_NAME,64:68:SL:TIME,69:90:SL:DATE",[IN:calendar_update [SL:CALENDAR_EVENT programme ya rendez vous] [SL:PERSONAL_NAME Ilunga] [SL:TIME 08 h] [SL:DATE Mokolo ya mardi le 10] ],CALENDAR_EVENT: programme ya rendez vous $$ PERSONAL_NAME: Ilunga $$ TIME: 08 h $$ DATE: Mokolo ya mardi le 10,lin
home,calendar_update,Delete from my calendar the program of your appointment in Mulamba,"39:50:SL:CALENDAR_EVENT,54:61:SL:PERSONAL_NAME",[IN:calendar_update [SL:CALENDAR_EVENT rendez vous] [SL:PERSONAL_NAME Mulamba] ],CALENDAR_EVENT: rendez vous $$ PERSONAL_NAME: Mulamba,lin
home,calendar_update,Delete the doctor's appointment from my calendar,8:37:SL:CALENDAR_EVENT,[IN:calendar_update [SL:CALENDAR_EVENT programme ya ko Mona dokotolo] ],CALENDAR_EVENT: programme ya ko Mona dokotolo,lin
home,calendar_update,Please remove me from the David's party schedule.,"26:40:SL:CALENDAR_EVENT,44:49:SL:PERSONAL_NAME",[IN:calendar_update [SL:CALENDAR_EVENT milulu ya feti] [SL:PERSONAL_NAME David] ],CALENDAR_EVENT: milulu ya feti $$ PERSONAL_NAME: David,lin
home,calendar_update,Please add me to the agenda for the happy birthday program on the 9th.,"25:62:SL:CALENDAR_EVENT,66:80:SL:DATE",[IN:calendar_update [SL:CALENDAR_EVENT programme ya mbotama elamu ya mosikwa] [SL:DATE Mokolo ya le 9] ],CALENDAR_EVENT: programme ya mbotama elamu ya mosikwa $$ DATE: Mokolo ya le 9,lin
home,calendar_update,Add Sports Events to My Calendar,4:20:SL:CALENDAR_EVENT,[IN:calendar_update [SL:CALENDAR_EVENT milulu ya masano] ],CALENDAR_EVENT: milulu ya masano,lin
home,calendar_update,Add the boat birthday parties to my calendar for next Monday,"7:35:SL:CALENDAR_EVENT,67:91:SL:DATE",[IN:calendar_update [SL:CALENDAR_EVENT milulu ya mbotama ya ba boti] [SL:DATE lundi ya poso ezali koya] ],CALENDAR_EVENT: milulu ya mbotama ya ba boti $$ DATE: lundi ya poso ezali koya,lin
home,calendar_update,Put my mother's birthday in my calendar on March 18,"7:31:SL:CALENDAR_EVENT,51:61:SL:DATE",[IN:calendar_update [SL:CALENDAR_EVENT feti ya mbotama ya maman] [SL:DATE le 18 mars] ],CALENDAR_EVENT: feti ya mbotama ya maman $$ DATE: le 18 mars,lin
home,calendar_update,Add Thursday's gardening program to my works ,"17:22:SL:DATE,24:53:SL:CALENDAR_EVENT",[IN:calendar_update [SL:DATE jeudi] [SL:CALENDAR_EVENT programme ya ko sala  bilanga] ],DATE: jeudi $$ CALENDAR_EVENT: programme ya ko sala  bilanga,lin
home,calendar_update,Add to my travel plans with Julie on Saturday,"13:51:SL:CALENDAR_EVENT,65:71:SL:DATE",[IN:calendar_update [SL:CALENDAR_EVENT programme  ngai ya ko tambola na Julie] [SL:DATE samedi] ],CALENDAR_EVENT: programme  ngai ya ko tambola na Julie $$ DATE: samedi,lin
home,calendar_update,include March 8 in my birthday calendar,"10:29:SL:DATE,40:65:SL:CALENDAR_EVENT",[IN:calendar_update [SL:DATE Mokolo ya le 8 mars] [SL:CALENDAR_EVENT milulu ya mbotama na ngai] ],DATE: Mokolo ya le 8 mars $$ CALENDAR_EVENT: milulu ya mbotama na ngai,lin
home,calendar_update,Add another program on October 10th to my schedule.,24:50:SL:DATE,[IN:calendar_update [SL:DATE na Mokolo ya le 10 octobre] ],DATE: na Mokolo ya le 10 octobre,lin
home,calendar_update,Put your appointment for tomorrow on my calendar.,"7:18:SL:CALENDAR_EVENT,22:36:SL:DATE",[IN:calendar_update [SL:CALENDAR_EVENT rendez vous] [SL:DATE Mokolo ya lobi] ],CALENDAR_EVENT: rendez vous $$ DATE: Mokolo ya lobi,lin
home,calendar_update,Please put Julie's birthday on my calendar for May 30th.,"14:50:SL:CALENDAR_EVENT,69:78:SL:DATE",[IN:calendar_update [SL:CALENDAR_EVENT milulu ya mbotama ya muana ya  Julie] [SL:DATE le 30 mai] ],CALENDAR_EVENT: milulu ya mbotama ya muana ya  Julie $$ DATE: le 30 mai,lin
home,calendar_update,Put me on the agenda for the Doctor's program on Wednesday.,"24:43:SL:CALENDAR_EVENT,54:62:SL:DATE",[IN:calendar_update [SL:CALENDAR_EVENT programme ya Dokolo] [SL:DATE mercredi] ],CALENDAR_EVENT: programme ya Dokolo $$ DATE: mercredi,lin
home,calendar_update,I have a field program scheduled for Saturday.,"24:52:SL:CALENDAR_EVENT,66:72:SL:DATE",[IN:calendar_update [SL:CALENDAR_EVENT programme ya ko kita bilanga] [SL:DATE samedi] ],CALENDAR_EVENT: programme ya ko kita bilanga $$ DATE: samedi,lin
home,calendar_update,Put me on the agenda for the zoo program on Saturday,"24:48:SL:CALENDAR_EVENT,62:68:SL:DATE",[IN:calendar_update [SL:CALENDAR_EVENT programme ya ko kota zoo] [SL:DATE samedi] ],CALENDAR_EVENT: programme ya ko kota zoo $$ DATE: samedi,lin
home,calendar_update,Put me on the agenda for the doctor's appointment on Tuesday,"24:53:SL:CALENDAR_EVENT,57:71:SL:DATE",[IN:calendar_update [SL:CALENDAR_EVENT programme ya ko Mona dokotolo] [SL:DATE Mokolo ya le 3] ],CALENDAR_EVENT: programme ya ko Mona dokotolo $$ DATE: Mokolo ya le 3,lin
home,calendar_update,Put my Doctor's appointment on the agenda on June 3,"14:35:SL:CALENDAR_EVENT,46:55:SL:DATE",[IN:calendar_update [SL:CALENDAR_EVENT programme ya Dokotolo] [SL:DATE le 3 juin] ],CALENDAR_EVENT: programme ya Dokotolo $$ DATE: le 3 juin,lin
home,calendar_update,Call me in the office on Monday to wash my car,"27:43:SL:CALENDAR_EVENT,54:59:SL:DATE",[IN:calendar_update [SL:CALENDAR_EVENT na sokola mutuka] [SL:DATE lundi] ],CALENDAR_EVENT: na sokola mutuka $$ DATE: lundi,lin
home,calendar_update,Fear of the program and all my fears of March 2,37:46:SL:DATE,[IN:calendar_update [SL:DATE le 2 mars] ],DATE: le 2 mars,lin
home,calendar_update,Fear of my programs All of the February 2nd Day ,36:58:SL:DATE,[IN:calendar_update [SL:DATE Mokolo ya le 2 février] ],DATE: Mokolo ya le 2 février,lin
home,calendar_update,Fear of all programs on January 31 ,28:41:SL:DATE,[IN:calendar_update [SL:DATE le 31 janvier] ],DATE: le 31 janvier,lin
home,calendar_update,Fear of the program Every Saturday in my calendar,28:34:SL:DATE,[IN:calendar_update [SL:DATE samedi] ],DATE: samedi,lin
home,calendar_update,Have the visitation ceremony on my calendar on September 6th.,"5:24:SL:CALENDAR_EVENT,43:57:SL:DATE",[IN:calendar_update [SL:CALENDAR_EVENT milulu ya ba visite] [SL:DATE le 6 septembre] ],CALENDAR_EVENT: milulu ya ba visite $$ DATE: le 6 septembre,lin
home,calendar_update,I have the March 7th celebrations on my calendar,15:34:SL:DATE,[IN:calendar_update [SL:DATE mokolo ya le 7 mars] ],DATE: mokolo ya le 7 mars,lin
home,calendar_update,I have the 16th and 17th trumpet ceremonies on my calendar,"5:20:SL:CALENDAR_EVENT,24:29:SL:DATE,34:39:SL:DATE",[IN:calendar_update [SL:CALENDAR_EVENT milulu ya ndule] [SL:DATE le 16] [SL:DATE le 17] ],CALENDAR_EVENT: milulu ya ndule $$ DATE: le 16 $$ DATE: le 17,lin
home,calendar_update,Fear in my agenda of programs March 8th debt,47:56:SL:DATE,[IN:calendar_update [SL:DATE le 8 mars] ],DATE: le 8 mars,lin
home,calendar_update,Fear the Friday Doctor show ,"5:24:SL:CALENDAR_EVENT,38:46:SL:DATE",[IN:calendar_update [SL:CALENDAR_EVENT programme ya Dokolo] [SL:DATE vendredi] ],CALENDAR_EVENT: programme ya Dokolo $$ DATE: vendredi,lin
home,calendar_update,Please add the March 30th party program to my calendar.,"5:22:SL:CALENDAR_EVENT,26:36:SL:DATE",[IN:calendar_update [SL:CALENDAR_EVENT programme ya feti] [SL:DATE le 30 mars] ],CALENDAR_EVENT: programme ya feti $$ DATE: le 30 mars,lin
home,calendar_update,Fear the museum program on March 5,"5:32:SL:CALENDAR_EVENT,36:55:SL:DATE",[IN:calendar_update [SL:CALENDAR_EVENT programme ya ko kende musée] [SL:DATE Mokolo ya le 5 mars] ],CALENDAR_EVENT: programme ya ko kende musée $$ DATE: Mokolo ya le 5 mars,lin
home,calendar_update,I fear the exit program of tomorrow ,38:42:SL:DATE,[IN:calendar_update [SL:DATE lobi] ],DATE: lobi,lin
home,calendar_update,Please send me all the programs for tomorrow in the agenda.,35:49:SL:DATE,[IN:calendar_update [SL:DATE Mokolo ya lobi] ],DATE: Mokolo ya lobi,lin
home,calendar_update,Change the Tuesday program in my calendar,31:36:SL:DATE,[IN:calendar_update [SL:DATE mardi] ],DATE: mardi,lin
home,calendar_update,Delete the baptisms from my calendar on January 4th.,"8:26:SL:CALENDAR_EVENT,45:57:SL:DATE",[IN:calendar_update [SL:CALENDAR_EVENT milulu ya batisimo] [SL:DATE le 4 janvier] ],CALENDAR_EVENT: milulu ya batisimo $$ DATE: le 4 janvier,lin
home,calendar_update,Delete the April 2 events from my calendar ,18:28:SL:DATE,[IN:calendar_update [SL:DATE le 2 avril] ],DATE: le 2 avril,lin
home,calendar_update,Delete birthdays from my calendar,8:31:SL:CALENDAR_EVENT,[IN:calendar_update [SL:CALENDAR_EVENT milulu ya mbotama elamu] ],CALENDAR_EVENT: milulu ya mbotama elamu,lin
home,calendar_update,"Delete from my calendar all the programs of the comics, darling ",,[IN:calendar_update ],,lin
home,calendar_update,I have added all the programs for October 5 to my schedule.,49:61:SL:DATE,[IN:calendar_update [SL:DATE le 5 octobre] ],DATE: le 5 octobre,lin
home,calendar_update,Delete from my calendar the doctor's appointment for March 16,"26:55:SL:CALENDAR_EVENT,59:79:SL:DATE",[IN:calendar_update [SL:CALENDAR_EVENT programme ya ko mona dokotolo] [SL:DATE Mokolo ya le 16 mars] ],CALENDAR_EVENT: programme ya ko mona dokotolo $$ DATE: Mokolo ya le 16 mars,lin
home,calendar_update,I have to add to my calendar the football match schedule for tomorrow,"26:55:SL:CALENDAR_EVENT,59:73:SL:DATE",[IN:calendar_update [SL:CALENDAR_EVENT programme ya masono ya ndembo] [SL:DATE Mokolo ya lobi] ],CALENDAR_EVENT: programme ya masono ya ndembo $$ DATE: Mokolo ya lobi,lin
home,calendar_update,Delete the July 16th mass from my calendar.,"26:43:SL:CALENDAR_EVENT,47:60:SL:DATE",[IN:calendar_update [SL:CALENDAR_EVENT programme ya misa] [SL:DATE le 16 juillet] ],CALENDAR_EVENT: programme ya misa $$ DATE: le 16 juillet,lin
home,calendar_update,Delete from the agenda the program of the departure with Julie on March 1st,"18:46:SL:CALENDAR_EVENT,50:69:SL:DATE",[IN:calendar_update [SL:CALENDAR_EVENT programme ya sortie na Julie] [SL:DATE Mokolo ya le 1 mars] ],CALENDAR_EVENT: programme ya sortie na Julie $$ DATE: Mokolo ya le 1 mars,lin
home,calendar_update,Remove the April 10 restaurant program from my calendar,11:32:SL:DATE,[IN:calendar_update [SL:DATE Mokolo ya le 10 avril] ],DATE: Mokolo ya le 10 avril,lin
home,calendar_update,Excluding the exam schedule from the agenda on January 6 ,"8:31:SL:CALENDAR_EVENT,42:54:SL:DATE",[IN:calendar_update [SL:CALENDAR_EVENT programme ya ba examens] [SL:DATE le 6 janvier] ],CALENDAR_EVENT: programme ya ba examens $$ DATE: le 6 janvier,lin
home,calendar_update,I have the program of the outings on my agenda on the 3rd.,"8:31:SL:CALENDAR_EVENT,50:54:SL:DATE",[IN:calendar_update [SL:CALENDAR_EVENT programme ya ba sorties] [SL:DATE le 3] ],CALENDAR_EVENT: programme ya ba sorties $$ DATE: le 3,lin
home,calendar_update,Delete all programs for March 3 from my calendar.,38:57:SL:DATE,[IN:calendar_update [SL:DATE Mokolo ya le 3 mars] ],DATE: Mokolo ya le 3 mars,lin
home,calendar_update,Remove me from the study schedule,25:43:SL:CALENDAR_EVENT,[IN:calendar_update [SL:CALENDAR_EVENT milulu ya koyekola] ],CALENDAR_EVENT: milulu ya koyekola,lin
home,calendar_update,Delete from my agenda the program to go out with Adele on June 9th.,"49:54:SL:PERSONAL_NAME,58:77:SL:DATE",[IN:calendar_update [SL:PERSONAL_NAME Adèle] [SL:DATE Mokolo ya le 9 juin] ],PERSONAL_NAME: Adèle $$ DATE: Mokolo ya le 9 juin,lin
home,calendar_update,Remind me to buy some rice on June 10,"22:28:SL:DISH_OR_FOOD,32:52:SL:DATE",[IN:calendar_update [SL:DISH_OR_FOOD madesu] [SL:DATE Mokolo ya le 10 juin] ],DISH_OR_FOOD: madesu $$ DATE: Mokolo ya le 10 juin,lin
home,calendar_update,Remind me to get the stadium ticket on the 18th of March.,"20:35:SL:SHOPPING_ITEM,39:59:SL:DATE",[IN:calendar_update [SL:SHOPPING_ITEM billet ya stade] [SL:DATE Mokolo ya le 18 mars] ],SHOPPING_ITEM: billet ya stade $$ DATE: Mokolo ya le 18 mars,lin
home,calendar_update,Make March 9th a busy day in my calendar,9:28:SL:DATE,[IN:calendar_update [SL:DATE Mokolo ya le 9 mars] ],DATE: Mokolo ya le 9 mars,lin
home,calendar_update,Make the 9th of September a day off in my calendar,9:33:SL:DATE,[IN:calendar_update [SL:DATE Mokolo ya le 9 septembre] ],DATE: Mokolo ya le 9 septembre,lin
home,calendar_update,Put the soccer program instead of school in my calendar.,5:43:SL:CALENDAR_EVENT,[IN:calendar_update [SL:CALENDAR_EVENT programme ya ndembo na esika ya kelasi] ],CALENDAR_EVENT: programme ya ndembo na esika ya kelasi,lin
home,calendar_update,Put in my calendar a program to farm instead of fish,"22:50:SL:CALENDAR_EVENT,63:76:SL:CALENDAR_EVENT",[IN:calendar_update [SL:CALENDAR_EVENT programme ya ko sala bilanga] [SL:CALENDAR_EVENT ko loba mbisi] ],CALENDAR_EVENT: programme ya ko sala bilanga $$ CALENDAR_EVENT: ko loba mbisi,lin
home,calendar_update,Put a program of irrigating instead of playing football in my calendar,"4:34:SL:CALENDAR_EVENT,47:61:SL:CALENDAR_EVENT",[IN:calendar_update [SL:CALENDAR_EVENT programme ya ko silisa bilanga] [SL:CALENDAR_EVENT ko beta ndembo] ],CALENDAR_EVENT: programme ya ko silisa bilanga $$ CALENDAR_EVENT: ko beta ndembo,lin
home,calendar_update,Put a massage program in my calendar for the 13th,"4:24:SL:CALENDAR_EVENT,43:61:SL:DATE",[IN:calendar_update [SL:CALENDAR_EVENT programme ya massage] [SL:DATE na Mokolo ya le 13] ],CALENDAR_EVENT: programme ya massage $$ DATE: na Mokolo ya le 13,lin
home,calendar_update,Put me on the agenda for the program of leaving the country instead of going into the jungle,21:47:SL:CALENDAR_EVENT,[IN:calendar_update [SL:CALENDAR_EVENT programme ya ko bima mboka] ],CALENDAR_EVENT: programme ya ko bima mboka,lin
home,calendar_update,Put me on the fishing program for Thursday.,"21:47:SL:CALENDAR_EVENT,61:66:SL:DATE",[IN:calendar_update [SL:CALENDAR_EVENT programme ya ko loba mbisi] [SL:DATE jeudi] ],CALENDAR_EVENT: programme ya ko loba mbisi $$ DATE: jeudi,lin
home,calendar_update,Put me on the agenda for the mass program instead of the party.,21:55:SL:CALENDAR_EVENT,[IN:calendar_update [SL:CALENDAR_EVENT programme ya misa na esika ya feti] ],CALENDAR_EVENT: programme ya misa na esika ya feti,lin
home,calendar_update,Put the Tuesday gardening program on my calendar,"11:39:SL:CALENDAR_EVENT,43:58:SL:DATE",[IN:calendar_update [SL:CALENDAR_EVENT programme ya ko sala bilanga] [SL:DATE mokolo ya mardi] ],CALENDAR_EVENT: programme ya ko sala bilanga $$ DATE: mokolo ya mardi,lin
home,calendar_update,Please include me in the agenda for the youth events on December 14th.,"24:41:SL:CALENDAR_EVENT,45:69:SL:DATE",[IN:calendar_update [SL:CALENDAR_EVENT milulu ya bilenge] [SL:DATE Mokolo ya le 14 décembre] ],CALENDAR_EVENT: milulu ya bilenge $$ DATE: Mokolo ya le 14 décembre,lin
home,calendar_update,"Remove from my calendar on April 13, 2019 the fishing program","8:37:SL:DATE,38:64:SL:CALENDAR_EVENT",[IN:calendar_update [SL:DATE na Mokolo ya le 13 avril 2019] [SL:CALENDAR_EVENT programme ya ko loba mbisi] ],DATE: na Mokolo ya le 13 avril 2019 $$ CALENDAR_EVENT: programme ya ko loba mbisi,lin
home,calendar_update,"Delete the happy birthday program from my calendar on November 16, 2019","8:34:SL:CALENDAR_EVENT,56:85:SL:DATE",[IN:calendar_update [SL:CALENDAR_EVENT programme ya mbotama elamu] [SL:DATE Mokolo ya le 16 novembre 2019] ],CALENDAR_EVENT: programme ya mbotama elamu $$ DATE: Mokolo ya le 16 novembre 2019,lin
home,calendar_update,I'll take Wednesday off my calendar,31:39:SL:DATE,[IN:calendar_update [SL:DATE mercredi] ],DATE: mercredi,lin
home,calendar_update,"Delete the football program on March 19, 2019 from my calendar","8:27:SL:CALENDAR_EVENT,31:56:SL:DATE",[IN:calendar_update [SL:CALENDAR_EVENT programme ya ndembo] [SL:DATE Mokolo ya le 19 mars 2019] ],CALENDAR_EVENT: programme ya ndembo $$ DATE: Mokolo ya le 19 mars 2019,lin
home,calendar_update,"Delete me from the agenda December 14, 2019 wedding party program","25:54:SL:DATE,68:82:SL:CALENDAR_EVENT",[IN:calendar_update [SL:DATE Mokolo ya le 14 décembre 2019] [SL:CALENDAR_EVENT feti ya libala] ],DATE: Mokolo ya le 14 décembre 2019 $$ CALENDAR_EVENT: feti ya libala,lin
home,calendar_update,Delete me from the agenda on the 21st of February party program ,"28:51:SL:DATE,52:69:SL:CALENDAR_EVENT",[IN:calendar_update [SL:DATE Mokolo ya le 21 février] [SL:CALENDAR_EVENT programme ya feti] ],DATE: Mokolo ya le 21 février $$ CALENDAR_EVENT: programme ya feti,lin
home,calendar_update,Put the doctor's appointment on my calendar.,4:33:SL:CALENDAR_EVENT,[IN:calendar_update [SL:CALENDAR_EVENT programme ya ko mona dokotolo] ],CALENDAR_EVENT: programme ya ko mona dokotolo,lin
home,play_music,Sing my songs of peace,,[IN:play_music ],,lin
home,play_music,Sing a Song From the Heart,15:32:SL:SONG_NAME,[IN:play_music [SL:SONG_NAME loyembo ya motema] ],SONG_NAME: loyembo ya motema,lin
home,play_music,Sing the song of my way,15:31:SL:SONG_NAME,[IN:play_music [SL:SONG_NAME Na nzela na ngaï] ],SONG_NAME: Na nzela na ngaï,lin
home,play_music,sing to me only sad songs,,[IN:play_music ],,lin
home,play_music,Sing to me with tongues,19:27:SL:SONG_NAME,[IN:play_music [SL:SONG_NAME na ndimi] ],SONG_NAME: na ndimi,lin
home,play_music,Sing me a song of Aveo,22:26:SL:SONG_NAME,[IN:play_music [SL:SONG_NAME Aveu] ],SONG_NAME: Aveu,lin
home,play_music,Sing me her song again,22:33:SL:SONG_NAME,[IN:play_music [SL:SONG_NAME naye lisusu] ],SONG_NAME: naye lisusu,lin
home,play_music,Sing me the song of a dream,22:31:SL:SONG_NAME,[IN:play_music [SL:SONG_NAME Toro toro] ],SONG_NAME: Toro toro,lin
home,play_music,find me songs of peace ,,[IN:play_music ],,lin
home,play_music,Find me the songs that will make me feel better,,[IN:play_music ],,lin
home,play_music,Keep it in the fridge ,8:14:SL:MUSIC_GENRE,[IN:play_music [SL:MUSIC_GENRE sebene] ],MUSIC_GENRE: sebene,lin
home,play_music,Sing a song They sing caches toi ,26:36:SL:SONG_NAME,[IN:play_music [SL:SONG_NAME caches toi] ],SONG_NAME: caches toi,lin
home,play_music,teach me the songs of mourning,,[IN:play_music ],,lin
home,play_music,Sing me a song of happiness above the earth.,21:39:SL:SONG_NAME,[IN:play_music [SL:SONG_NAME bolamu eleki ebelé] ],SONG_NAME: bolamu eleki ebelé,lin
home,play_music,I'm going to sing a song of my life,21:35:SL:SONG_NAME,[IN:play_music [SL:SONG_NAME Na bungisa tsé] ],SONG_NAME: Na bungisa tsé,lin
home,play_music,Sing me a song of the forbidden senses,21:34:SL:SONG_NAME,[IN:play_music [SL:SONG_NAME sens interdit] ],SONG_NAME: sens interdit,lin
home,play_music,Call me an African,12:21:SL:MUSIC_GENRE,[IN:play_music [SL:MUSIC_GENRE afrocongo] ],MUSIC_GENRE: afrocongo,lin
home,play_music,Give me the AfroCongo,11:20:SL:MUSIC_GENRE,[IN:play_music [SL:MUSIC_GENRE afrocongo] ],MUSIC_GENRE: afrocongo,lin
home,play_music,Sing the songs of the harp,17:23:SL:MUSIC_GENRE,[IN:play_music [SL:MUSIC_GENRE sebene] ],MUSIC_GENRE: sebene,lin
home,play_music,Give me the number.,11:19:SL:MUSIC_GENRE,[IN:play_music [SL:MUSIC_GENRE Ndombolo] ],MUSIC_GENRE: Ndombolo,lin
home,play_music,singing songs of praise,,[IN:play_music ],,lin
home,play_music,I'll have to do something about the fruit,"5:24:SL:SONG_NAME,28:40:SL:ARTIST_NAME",[IN:play_music [SL:SONG_NAME bako sala eloko tsé] [SL:ARTIST_NAME Nadège Mbuma] ],SONG_NAME: bako sala eloko tsé $$ ARTIST_NAME: Nadège Mbuma,lin
home,play_music,The hero of Mike kalambay,"5:11:SL:SONG_NAME,15:28:SL:ARTIST_NAME",[IN:play_music [SL:SONG_NAME Elombe] [SL:ARTIST_NAME Mike kalambay] ],SONG_NAME: Elombe $$ ARTIST_NAME: Mike kalambay,lin
home,play_music,Play only the songs of El George ,23:32:SL:ARTIST_NAME,[IN:play_music [SL:ARTIST_NAME El George] ],ARTIST_NAME: El George,lin
home,play_music,Enter the songs of Wendo ,22:27:SL:ARTIST_NAME,[IN:play_music [SL:ARTIST_NAME Wendo] ],ARTIST_NAME: Wendo,lin
home,play_music,Get in the line of good,,[IN:play_music ],,lin
home,play_music,Do not be afraid,,[IN:play_music ],,lin
home,play_music,Play the latest songs,22:26:SL:DATE,[IN:play_music [SL:DATE lelo] ],DATE: lelo,lin
home,play_music,Play me some of Grace's songs again.,25:36:SL:ARTIST_NAME,[IN:play_music [SL:ARTIST_NAME Grace lokwa] ],ARTIST_NAME: Grace lokwa,lin
home,play_music,Sing to me the songs of God.,12:31:SL:MUSIC_GENRE,[IN:play_music [SL:MUSIC_GENRE ba nzembo ya Nzambe] ],MUSIC_GENRE: ba nzembo ya Nzambe,lin
home,play_music,Play me only the songs of JB Mpiana,30:39:SL:ARTIST_NAME,[IN:play_music [SL:ARTIST_NAME JB Mpiana] ],ARTIST_NAME: JB Mpiana,lin
home,play_music,Sing me only the songs of Sandra Mbuyi,30:42:SL:ARTIST_NAME,[IN:play_music [SL:ARTIST_NAME Sandra Mbuyi] ],ARTIST_NAME: Sandra Mbuyi,lin
home,play_music,Hit me today today of teddy eye,"12:21:SL:SONG_NAME,25:35:SL:ARTIST_NAME",[IN:play_music [SL:SONG_NAME Lelo Lelo] [SL:ARTIST_NAME teddy diso] ],SONG_NAME: Lelo Lelo $$ ARTIST_NAME: teddy diso,lin
home,play_music,Lead me in the path of righteousness,,[IN:play_music ],,lin
home,play_music,Hit me in the head by Michel Bakenda,25:39:SL:ARTIST_NAME,[IN:play_music [SL:ARTIST_NAME Michel Bakenda] ],ARTIST_NAME: Michel Bakenda,lin
home,play_music,Give me the fruit of Atom's lamb,"12:26:SL:SONG_NAME,30:42:SL:ARTIST_NAME",[IN:play_music [SL:SONG_NAME muana na mpate] [SL:ARTIST_NAME Atom's mbuma] ],SONG_NAME: muana na mpate $$ ARTIST_NAME: Atom's mbuma,lin
home,play_music,Tell me about today's trina fukiau ,"12:19:SL:SONG_NAME,23:35:SL:ARTIST_NAME",[IN:play_music [SL:SONG_NAME ya Lelo] [SL:ARTIST_NAME trina fukiau] ],SONG_NAME: ya Lelo $$ ARTIST_NAME: trina fukiau,lin
home,play_music,Play the songs of Papa Wemba,20:30:SL:ARTIST_NAME,[IN:play_music [SL:ARTIST_NAME Papa Wemba] ],ARTIST_NAME: Papa Wemba,lin
home,play_music,Play only songs by Ferre Gola,25:35:SL:ARTIST_NAME,[IN:play_music [SL:ARTIST_NAME Ferre Gola] ],ARTIST_NAME: Ferre Gola,lin
home,play_music,Playing the rumba today,"10:15:SL:MUSIC_GENRE,16:20:SL:DATE",[IN:play_music [SL:MUSIC_GENRE rumba] [SL:DATE lelo] ],MUSIC_GENRE: rumba $$ DATE: lelo,lin
home,play_music,Teach me the songs of the revolution ,25:33:SL:MUSIC_GENRE,[IN:play_music [SL:MUSIC_GENRE ndombole] ],MUSIC_GENRE: ndombole,lin
home,play_music,Find the song that lied to me below ,15:29:SL:SONG_NAME,[IN:play_music [SL:SONG_NAME akosi ngai tsé] ],SONG_NAME: akosi ngai tsé,lin
home,play_music,Look for the song of Jesus here,15:29:SL:SONG_NAME,[IN:play_music [SL:SONG_NAME Yesu azali awa] ],SONG_NAME: Yesu azali awa,lin
home,play_music,Find me the songs of Fiston Mbuyi,25:37:SL:ARTIST_NAME,[IN:play_music [SL:ARTIST_NAME Fiston Mbuyi] ],ARTIST_NAME: Fiston Mbuyi,lin
home,play_music,Find me the songs of heaven,22:37:SL:SONG_NAME,[IN:play_music [SL:SONG_NAME bisengo ya lola] ],SONG_NAME: bisengo ya lola,lin
home,play_music,Find me the song of truth.,22:30:SL:SONG_NAME,[IN:play_music [SL:SONG_NAME bulelela] ],SONG_NAME: bulelela,lin
home,play_music,find me a song that should be,22:28:SL:SONG_NAME,[IN:play_music [SL:SONG_NAME kamata] ],SONG_NAME: kamata,lin
home,play_music,Find me a song of the plague,22:28:SL:SONG_NAME,[IN:play_music [SL:SONG_NAME liputa] ],SONG_NAME: liputa,lin
home,play_music,Find me a song of O follow me here,22:41:SL:SONG_NAME,[IN:play_music [SL:SONG_NAME O landi ngai ti awa] ],SONG_NAME: O landi ngai ti awa,lin
home,play_music,Look at me rumba songs,25:30:SL:MUSIC_GENRE,[IN:play_music [SL:MUSIC_GENRE rumba] ],MUSIC_GENRE: rumba,lin
home,play_music,Choose the songs,,[IN:play_music ],,lin
home,play_music,Put the songs in the mix,,[IN:play_music ],,lin
home,play_music,Soften the Songs of Gaza,17:27:SL:ARTIST_NAME,[IN:play_music [SL:ARTIST_NAME Gaz mawete] ],ARTIST_NAME: Gaz mawete,lin
home,play_music,Sing the Lord's songs,17:27:SL:ARTIST_NAME,[IN:play_music [SL:ARTIST_NAME Lord lombo] ],ARTIST_NAME: Lord lombo,lin
home,play_music,I have to leave Aimé Nkanu,"4:18:SL:SONG_NAME,22:32:SL:ARTIST_NAME",[IN:play_music [SL:SONG_NAME je dois partir] [SL:ARTIST_NAME Aimé Nkanu] ],SONG_NAME: je dois partir $$ ARTIST_NAME: Aimé Nkanu,lin
home,play_music,I'm not as strong as Deborah,"4:11:SL:SONG_NAME,15:29:SL:ARTIST_NAME",[IN:play_music [SL:SONG_NAME je sais] [SL:ARTIST_NAME Déborah lukalu] ],SONG_NAME: je sais $$ ARTIST_NAME: Déborah lukalu,lin
home,play_music,Just wear the Fally Ipupa hat,18:29:SL:ARTIST_NAME,[IN:play_music [SL:ARTIST_NAME Fally Ipupa] ],ARTIST_NAME: Fally Ipupa,lin
home,play_music,Reject the Religion of Moses,"4:11:SL:SONG_NAME,15:26:SL:ARTIST_NAME",[IN:play_music [SL:SONG_NAME Losambo] [SL:ARTIST_NAME Moïse mbiye] ],SONG_NAME: Losambo $$ ARTIST_NAME: Moïse mbiye,lin
home,play_music,Put in the right order.,,[IN:play_music ],,lin
home,play_music,Be careful,,[IN:play_music ],,lin
home,play_music,Put the right one on,,[IN:play_music ],,lin
home,play_music,What's the meaning of the song That's playing?,,[IN:play_music ],,lin
home,play_music,Play the new song by Dena Mwana ,22:32:SL:ARTIST_NAME,[IN:play_music [SL:ARTIST_NAME Dena Mwana] ],ARTIST_NAME: Dena Mwana,lin
home,play_music,Give me some songs.,,[IN:play_music ],,lin
home,play_music,Sing me the songs of Alain Moloto,24:36:SL:ARTIST_NAME,[IN:play_music [SL:ARTIST_NAME Alain Moloto] ],ARTIST_NAME: Alain Moloto,lin
home,play_music,Sing me some songs by Héritier Watanabe,24:41:SL:ARTIST_NAME,[IN:play_music [SL:ARTIST_NAME Héritier Watanabe] ],ARTIST_NAME: Héritier Watanabe,lin
home,play_music,I want to hear Koffi Olomide's songs.,24:37:SL:ARTIST_NAME,[IN:play_music [SL:ARTIST_NAME Koffi Olomide] ],ARTIST_NAME: Koffi Olomide,lin
home,play_music,Sing me the songs of Moses,24:35:SL:ARTIST_NAME,[IN:play_music [SL:ARTIST_NAME Moïse mbiye] ],ARTIST_NAME: Moïse mbiye,lin
home,play_music,Give me the Pomba's witness,11:28:SL:MUSIC_GENRE,[IN:play_music [SL:MUSIC_GENRE danse ya ba Pomba] ],MUSIC_GENRE: danse ya ba Pomba,lin
home,play_music,Just leave me the songs of Lokua Kanza,29:40:SL:ARTIST_NAME,[IN:play_music [SL:ARTIST_NAME Lokua Kanza] ],ARTIST_NAME: Lokua Kanza,lin
home,play_music,I'm not going to lie.,11:16:SL:MUSIC_GENRE,[IN:play_music [SL:MUSIC_GENRE rumba] ],MUSIC_GENRE: rumba,lin
home,play_music,I'm not sure about Moses's security,"11:19:SL:SONG_NAME,23:34:SL:ARTIST_NAME",[IN:play_music [SL:SONG_NAME securisé] [SL:ARTIST_NAME Moïse mbiye] ],SONG_NAME: securisé $$ ARTIST_NAME: Moïse mbiye,lin
home,play_music,Sing to Jesus' heart.,15:27:SL:SONG_NAME,[IN:play_music [SL:SONG_NAME Posa ya Yesu] ],SONG_NAME: Posa ya Yesu,lin
home,play_music,Sing me a song of your own,22:34:SL:SONG_NAME,[IN:play_music [SL:SONG_NAME ozuaka kembo] ],SONG_NAME: ozuaka kembo,lin
home,play_music,Search and sing Children of God,20:34:SL:SONG_NAME,[IN:play_music [SL:SONG_NAME Bana na Nzambe] ],SONG_NAME: Bana na Nzambe,lin
home,play_music,Find me the song This song is sung by Aniataka ,34:42:SL:SONG_NAME,[IN:play_music [SL:SONG_NAME Aniataka] ],SONG_NAME: Aniataka,lin
home,play_music,find me a song of is the case of mercy ,22:44:SL:SONG_NAME,[IN:play_music [SL:SONG_NAME ezali likambu ya Ngolu] ],SONG_NAME: ezali likambu ya Ngolu,lin
home,play_music,I feel the need to feel compassion,23:28:SL:SONG_NAME,[IN:play_music [SL:SONG_NAME Ngolu] ],SONG_NAME: Ngolu,lin
home,play_music,Sing me a song of silence,21:27:SL:SONG_NAME,[IN:play_music [SL:SONG_NAME kumama] ],SONG_NAME: kumama,lin
home,play_music,Give me his time,11:22:SL:SONG_NAME,[IN:play_music [SL:SONG_NAME tango na ye] ],SONG_NAME: tango na ye,lin
home,shopping_list_update,Add the pudding to the shopping list.,7:13:SL:DISH_OR_FOOD,[IN:shopping_list_update [SL:DISH_OR_FOOD boudin] ],DISH_OR_FOOD: boudin,lin
home,shopping_list_update,Add flour to the shopping list if it's not available.,7:13:SL:DISH_OR_FOOD,[IN:shopping_list_update [SL:DISH_OR_FOOD farine] ],DISH_OR_FOOD: farine,lin
home,shopping_list_update,include milk in the shopping list ,7:13:SL:DISH_OR_FOOD,[IN:shopping_list_update [SL:DISH_OR_FOOD miliki] ],DISH_OR_FOOD: miliki,lin
home,shopping_list_update,include milk in the shopping list,7:13:SL:DISH_OR_FOOD,[IN:shopping_list_update [SL:DISH_OR_FOOD miliki] ],DISH_OR_FOOD: miliki,lin
home,shopping_list_update,include laundry soap in the list,7:23:SL:SHOPPING_ITEM,[IN:shopping_list_update [SL:SHOPPING_ITEM savon ya bilamba] ],SHOPPING_ITEM: savon ya bilamba,lin
home,shopping_list_update,Add a cake to MY shopping list if it's not there.,13:19:SL:DISH_OR_FOOD,[IN:shopping_list_update [SL:DISH_OR_FOOD gâteau] ],DISH_OR_FOOD: gâteau,lin
home,shopping_list_update,"Is milk on the shopping list? if not, please explain.",11:17:SL:DISH_OR_FOOD,[IN:shopping_list_update [SL:DISH_OR_FOOD miliki] ],DISH_OR_FOOD: miliki,lin
home,shopping_list_update,include PE muscade in the list,10:17:SL:DISH_OR_FOOD,[IN:shopping_list_update [SL:DISH_OR_FOOD muscade] ],DISH_OR_FOOD: muscade,lin
home,shopping_list_update,Excluding milk AND eggs from the shopping list ,"8:14:SL:DISH_OR_FOOD,22:26:SL:DISH_OR_FOOD",[IN:shopping_list_update [SL:DISH_OR_FOOD miliki] [SL:DISH_OR_FOOD maki] ],DISH_OR_FOOD: miliki $$ DISH_OR_FOOD: maki,lin
home,shopping_list_update,except toilet paper from the PE purchase list including tissue paper,"8:25:SL:SHOPPING_ITEM,66:81:SL:SHOPPING_ITEM",[IN:shopping_list_update [SL:SHOPPING_ITEM papier hygiénique] [SL:SHOPPING_ITEM papier mouchoir] ],SHOPPING_ITEM: papier hygiénique $$ SHOPPING_ITEM: papier mouchoir,lin
home,shopping_list_update,add toilet paper to your shopping list,8:25:SL:SHOPPING_ITEM,[IN:shopping_list_update [SL:SHOPPING_ITEM papier hygiénique] ],SHOPPING_ITEM: papier hygiénique,lin
home,shopping_list_update,Eggs on the Market List,0:4:SL:DISH_OR_FOOD,[IN:shopping_list_update [SL:DISH_OR_FOOD Maki] ],DISH_OR_FOOD: Maki,lin
home,shopping_list_update,Please make a list of the items you need to buy.,18:23:SL:DISH_OR_FOOD,[IN:shopping_list_update [SL:DISH_OR_FOOD mbala] ],DISH_OR_FOOD: mbala,lin
home,shopping_list_update,"if juice is missing from the shopping list, continue to add it",5:8:SL:DISH_OR_FOOD,[IN:shopping_list_update [SL:DISH_OR_FOOD jus] ],DISH_OR_FOOD: jus,lin
home,shopping_list_update,Put milk on the shopping list.,4:10:SL:DISH_OR_FOOD,[IN:shopping_list_update [SL:DISH_OR_FOOD miliki] ],DISH_OR_FOOD: miliki,lin
home,shopping_list_update,Include bread in list 2,"16:17:SL:NUMBER,18:22:SL:DISH_OR_FOOD",[IN:shopping_list_update [SL:NUMBER 2] [SL:DISH_OR_FOOD mapa] ],NUMBER: 2 $$ DISH_OR_FOOD: mapa,lin
home,shopping_list_update,Do the tables have a shopping list? check if you can,0:6:SL:DISH_OR_FOOD,[IN:shopping_list_update [SL:DISH_OR_FOOD Bitabe] ],DISH_OR_FOOD: Bitabe,lin
home,shopping_list_update,Are the products missing from the shopping list? please add them,0:6:SL:DISH_OR_FOOD,[IN:shopping_list_update [SL:DISH_OR_FOOD Bitabe] ],DISH_OR_FOOD: Bitabe,lin
home,shopping_list_update,please I'm going to remove milk from the shopping list AND add bread,"22:28:SL:DISH_OR_FOOD,67:71:SL:DISH_OR_FOOD",[IN:shopping_list_update [SL:DISH_OR_FOOD miliki] [SL:DISH_OR_FOOD lipa] ],DISH_OR_FOOD: miliki $$ DISH_OR_FOOD: lipa,lin
home,shopping_list_update,I want to remove milk from the shopping list AND add bread,"17:23:SL:DISH_OR_FOOD,62:66:SL:DISH_OR_FOOD",[IN:shopping_list_update [SL:DISH_OR_FOOD miliki] [SL:DISH_OR_FOOD lipa] ],DISH_OR_FOOD: miliki $$ DISH_OR_FOOD: lipa,lin
home,shopping_list_update,"Bags of waste Completed, included in the shopping list ",3:14:SL:SHOPPING_ITEM,[IN:shopping_list_update [SL:SHOPPING_ITEM sac ya fulu] ],SHOPPING_ITEM: sac ya fulu,lin
home,shopping_list_update,include spices in the shopping list when it's over,,[IN:shopping_list_update ],,lin
home,shopping_list_update,include apples in the shopping list ,10:15:SL:DISH_OR_FOOD,[IN:shopping_list_update [SL:DISH_OR_FOOD pomme] ],DISH_OR_FOOD: pomme,lin
home,shopping_list_update,include cocaine in the shopping list ,7:11:SL:DISH_OR_FOOD,[IN:shopping_list_update [SL:DISH_OR_FOOD coca] ],DISH_OR_FOOD: coca,lin
home,shopping_list_update,Add bread to the list of kitchen items ,7:11:SL:DISH_OR_FOOD,[IN:shopping_list_update [SL:DISH_OR_FOOD lipa] ],DISH_OR_FOOD: lipa,lin
home,shopping_list_update,Add Bread to Your Shopping List,7:11:SL:DISH_OR_FOOD,[IN:shopping_list_update [SL:DISH_OR_FOOD lipa] ],DISH_OR_FOOD: lipa,lin
home,shopping_list_update,include rice in the shopping list,7:11:SL:DISH_OR_FOOD,[IN:shopping_list_update [SL:DISH_OR_FOOD loso] ],DISH_OR_FOOD: loso,lin
home,shopping_list_update,Add Malala to your shopping list ,7:13:SL:DISH_OR_FOOD,[IN:shopping_list_update [SL:DISH_OR_FOOD Malala] ],DISH_OR_FOOD: Malala,lin
home,shopping_list_update,include mangoes in the shopping list ,7:12:SL:DISH_OR_FOOD,[IN:shopping_list_update [SL:DISH_OR_FOOD manga] ],DISH_OR_FOOD: manga,lin
home,shopping_list_update,Add milk to the shopping list if it's not available,7:13:SL:DISH_OR_FOOD,[IN:shopping_list_update [SL:DISH_OR_FOOD miliki] ],DISH_OR_FOOD: miliki,lin
home,shopping_list_update,please include it in your shopping list,21:26:SL:DISH_OR_FOOD,[IN:shopping_list_update [SL:DISH_OR_FOOD mbala] ],DISH_OR_FOOD: mbala,lin
home,shopping_list_update,including Pepsi in the grocery basket ,7:12:SL:DISH_OR_FOOD,[IN:shopping_list_update [SL:DISH_OR_FOOD Pepsi] ],DISH_OR_FOOD: Pepsi,lin
home,shopping_list_update,Add the soup to the list but leave the carrots out ,"7:11:SL:DISH_OR_FOOD,34:42:SL:DISH_OR_FOOD",[IN:shopping_list_update [SL:DISH_OR_FOOD soda] [SL:DISH_OR_FOOD carrotte] ],DISH_OR_FOOD: soda $$ DISH_OR_FOOD: carrotte,lin
home,shopping_list_update,include sprite in the shopping list ,7:13:SL:DISH_OR_FOOD,[IN:shopping_list_update [SL:DISH_OR_FOOD sprite] ],DISH_OR_FOOD: sprite,lin
home,shopping_list_update,"The books are finished, put them on the shopping list ",0:6:SL:DISH_OR_FOOD,[IN:shopping_list_update [SL:DISH_OR_FOOD bitabe] ],DISH_OR_FOOD: bitabe,lin
home,shopping_list_update,can you understand Bitabe's shopping list when it's over,23:29:SL:DISH_OR_FOOD,[IN:shopping_list_update [SL:DISH_OR_FOOD Bitabe] ],DISH_OR_FOOD: Bitabe,lin
home,shopping_list_update,can you remove bread from the shopping list AND add bread?,"24:28:SL:DISH_OR_FOOD,67:73:SL:DISH_OR_FOOD",[IN:shopping_list_update [SL:DISH_OR_FOOD lipa] [SL:DISH_OR_FOOD mikate] ],DISH_OR_FOOD: lipa $$ DISH_OR_FOOD: mikate,lin
home,shopping_list_update,Is there a muamba on the shopping list? understand it if it's not there,12:18:SL:DISH_OR_FOOD,[IN:shopping_list_update [SL:DISH_OR_FOOD muamba] ],DISH_OR_FOOD: muamba,lin
home,shopping_list_update,Is Bitabe already on the shopping list? check if it's not,11:17:SL:DISH_OR_FOOD,[IN:shopping_list_update [SL:DISH_OR_FOOD Bitabe] ],DISH_OR_FOOD: Bitabe,lin
home,shopping_list_update,Is there a shopping list for Bitabe? I understand if there isn't Please help ,11:17:SL:DISH_OR_FOOD,[IN:shopping_list_update [SL:DISH_OR_FOOD Bitabe] ],DISH_OR_FOOD: Bitabe,lin
home,shopping_list_update,"Does Bitabe have a shopping list? if not, please let me know",11:17:SL:DISH_OR_FOOD,[IN:shopping_list_update [SL:DISH_OR_FOOD Bitabe] ],DISH_OR_FOOD: Bitabe,lin
home,shopping_list_update,Can you put carrots on the shopping list?,24:32:SL:DISH_OR_FOOD,[IN:shopping_list_update [SL:DISH_OR_FOOD carrotte] ],DISH_OR_FOOD: carrotte,lin
home,shopping_list_update,Is there a chili pepper in the shopping list? understand it if it's not there,11:20:SL:DISH_OR_FOOD,[IN:shopping_list_update [SL:DISH_OR_FOOD pili pili] ],DISH_OR_FOOD: pili pili,lin
home,shopping_list_update,is that really on the shopping list? please include it in your prayer,11:15:SL:DISH_OR_FOOD,[IN:shopping_list_update [SL:DISH_OR_FOOD solo] ],DISH_OR_FOOD: solo,lin
home,shopping_list_update,don't forget to put the paint on the list,17:25:SL:SHOPPING_ITEM,[IN:shopping_list_update [SL:SHOPPING_ITEM peinture] ],SHOPPING_ITEM: peinture,lin
home,shopping_list_update,don't forget to put bread on the shopping list,16:20:SL:DISH_OR_FOOD,[IN:shopping_list_update [SL:DISH_OR_FOOD lipa] ],DISH_OR_FOOD: lipa,lin
home,shopping_list_update,don't forget to put oil in the shopping list,16:22:SL:DISH_OR_FOOD,[IN:shopping_list_update [SL:DISH_OR_FOOD mafuta] ],DISH_OR_FOOD: mafuta,lin
home,shopping_list_update,Put Malala on the shopping list.,5:11:SL:DISH_OR_FOOD,[IN:shopping_list_update [SL:DISH_OR_FOOD Malala] ],DISH_OR_FOOD: Malala,lin
home,shopping_list_update,Remove the candy from your shopping list.,8:14:SL:DISH_OR_FOOD,[IN:shopping_list_update [SL:DISH_OR_FOOD bikedi] ],DISH_OR_FOOD: bikedi,lin
home,shopping_list_update,Remove carrots from the shopping list.,8:16:SL:DISH_OR_FOOD,[IN:shopping_list_update [SL:DISH_OR_FOOD carrotte] ],DISH_OR_FOOD: carrotte,lin
home,shopping_list_update,"except cocaine In the shopping list, add water","8:12:SL:DISH_OR_FOOD,48:52:SL:DISH_OR_FOOD",[IN:shopping_list_update [SL:DISH_OR_FOOD coca] [SL:DISH_OR_FOOD mayi] ],DISH_OR_FOOD: coca $$ DISH_OR_FOOD: mayi,lin
home,shopping_list_update,Remove Corn from the Shopping List,8:15:SL:DISH_OR_FOOD,[IN:shopping_list_update [SL:DISH_OR_FOOD masangu] ],DISH_OR_FOOD: masangu,lin
home,shopping_list_update,Remove frozen fish from the shopping list ,8:23:SL:DISH_OR_FOOD,[IN:shopping_list_update [SL:DISH_OR_FOOD mbisi ya malili] ],DISH_OR_FOOD: mbisi ya malili,lin
home,shopping_list_update,"Is milk on the shopping list? if not, please include it in your order",0:6:SL:DISH_OR_FOOD,[IN:shopping_list_update [SL:DISH_OR_FOOD Miliki] ],DISH_OR_FOOD: Miliki,lin
home,shopping_list_update,Please include milk in the shopping list if it is not available,18:24:SL:DISH_OR_FOOD,[IN:shopping_list_update [SL:DISH_OR_FOOD miliki] ],DISH_OR_FOOD: miliki,lin
home,shopping_list_update,Please remove milk from the shopping list AND add bread,"22:28:SL:DISH_OR_FOOD,66:70:SL:DISH_OR_FOOD",[IN:shopping_list_update [SL:DISH_OR_FOOD miliki] [SL:DISH_OR_FOOD lipa] ],DISH_OR_FOOD: miliki $$ DISH_OR_FOOD: lipa,lin
home,shopping_list_update,Please put the front cans on the shopping list.,21:34:SL:SHOPPING_ITEM,[IN:shopping_list_update [SL:SHOPPING_ITEM sani ya mbele] ],SHOPPING_ITEM: sani ya mbele,lin
home,shopping_list_update,Please add Bitabe to the shopping list when it's finished,17:23:SL:DISH_OR_FOOD,[IN:shopping_list_update [SL:DISH_OR_FOOD Bitabe] ],DISH_OR_FOOD: Bitabe,lin
home,shopping_list_update,I would like you to add milk if it is not on the shopping list.,17:23:SL:DISH_OR_FOOD,[IN:shopping_list_update [SL:DISH_OR_FOOD miliki] ],DISH_OR_FOOD: miliki,lin
home,shopping_list_update,Carrots on the shopping list,30:38:SL:DISH_OR_FOOD,[IN:shopping_list_update [SL:DISH_OR_FOOD carrotte] ],DISH_OR_FOOD: carrotte,lin
home,shopping_list_update,"On the shopping list, add milk to the bread","39:43:SL:DISH_OR_FOOD,48:54:SL:DISH_OR_FOOD",[IN:shopping_list_update [SL:DISH_OR_FOOD lipa] [SL:DISH_OR_FOOD miliki] ],DISH_OR_FOOD: lipa $$ DISH_OR_FOOD: miliki,lin
home,shopping_list_update,Please list PE toilet paper on your shopping list ,15:32:SL:SHOPPING_ITEM,[IN:shopping_list_update [SL:SHOPPING_ITEM papier hygiénique] ],SHOPPING_ITEM: papier hygiénique,lin
home,shopping_list_update,can you put carrots on the shopping list?,13:21:SL:DISH_OR_FOOD,[IN:shopping_list_update [SL:DISH_OR_FOOD carrotte] ],DISH_OR_FOOD: carrotte,lin
home,shopping_list_update,Maybe put NDE sugar in the shopping list ,21:27:SL:DISH_OR_FOOD,[IN:shopping_list_update [SL:DISH_OR_FOOD sukali] ],DISH_OR_FOOD: sukali,lin
home,shopping_list_update,Help ME understand the salt in the shopping list.,23:29:SL:DISH_OR_FOOD,[IN:shopping_list_update [SL:DISH_OR_FOOD mungwa] ],DISH_OR_FOOD: mungwa,lin
home,shopping_list_update,"Check if Na za Na Na countries are on the shopping list, if not include them in your order",,[IN:shopping_list_update ],,lin
home,shopping_list_update,Put clothes on your shopping list.,4:11:SL:SHOPPING_ITEM,[IN:shopping_list_update [SL:SHOPPING_ITEM bilamba] ],SHOPPING_ITEM: bilamba,lin
home,shopping_list_update,put bread on the shopping list ,4:8:SL:DISH_OR_FOOD,[IN:shopping_list_update [SL:DISH_OR_FOOD lipa] ],DISH_OR_FOOD: lipa,lin
home,shopping_list_update,Put carrots on the shopping list I need them,34:42:SL:DISH_OR_FOOD,[IN:shopping_list_update [SL:DISH_OR_FOOD carrotte] ],DISH_OR_FOOD: carrotte,lin
home,shopping_list_update,We can put body fat on the shopping list.,14:29:SL:SHOPPING_ITEM,[IN:shopping_list_update [SL:SHOPPING_ITEM mafuta ya nzoto] ],SHOPPING_ITEM: mafuta ya nzoto,lin
home,shopping_list_update,X in the shopping list ,,[IN:shopping_list_update ],,lin
home,shopping_list_update,Remind ME to buy bread after I go shopping.,33:37:SL:DISH_OR_FOOD,[IN:shopping_list_update [SL:DISH_OR_FOOD Lipa] ],DISH_OR_FOOD: Lipa,lin
home,shopping_list_update,"apples Finished, include in the list",3:8:SL:DISH_OR_FOOD,[IN:shopping_list_update [SL:DISH_OR_FOOD pomme] ],DISH_OR_FOOD: pomme,lin
home,shopping_list_update,Are you able to understand a row in a shopping list if it doesn't exist?,34:38:SL:DISH_OR_FOOD,[IN:shopping_list_update [SL:DISH_OR_FOOD safu] ],DISH_OR_FOOD: safu,lin
home,shopping_list_update,"the muscade is finished, add it to the market list",0:7:SL:DISH_OR_FOOD,[IN:shopping_list_update [SL:DISH_OR_FOOD muscade] ],DISH_OR_FOOD: muscade,lin
home,shopping_list_update,Please include the items in the shopping list if not available,21:27:SL:DISH_OR_FOOD,[IN:shopping_list_update [SL:DISH_OR_FOOD Bitabe] ],DISH_OR_FOOD: Bitabe,lin
home,shopping_list_update,"I don't believe that watermelon is on the shopping list, otherwise you would understand it",15:23:SL:DISH_OR_FOOD,[IN:shopping_list_update [SL:DISH_OR_FOOD pastèque] ],DISH_OR_FOOD: pastèque,lin
home,shopping_list_update,can you understand bread in the shopping list if it is missing?,16:20:SL:DISH_OR_FOOD,[IN:shopping_list_update [SL:DISH_OR_FOOD lipa] ],DISH_OR_FOOD: lipa,lin
home,shopping_list_update,you can cut apples from the shopping list if they are not there,16:22:SL:DISH_OR_FOOD,[IN:shopping_list_update [SL:DISH_OR_FOOD pommes] ],DISH_OR_FOOD: pommes,lin
home,shopping_list_update,"Finished paper, include it in the shopping list ",0:6:SL:SHOPPING_ITEM,[IN:shopping_list_update [SL:SHOPPING_ITEM papier] ],SHOPPING_ITEM: papier,lin
home,update_playlist,Put this song on my travel songs list.,,[IN:update_playlist ],,lin
home,update_playlist,Put a strong man in the place of the prayer psalms ,7:21:SL:SONG_NAME,[IN:update_playlist [SL:SONG_NAME moto ya makasi] ],SONG_NAME: moto ya makasi,lin
home,update_playlist,Tia did not lie to me instead of praying psalms ,4:17:SL:SONG_NAME,[IN:update_playlist [SL:SONG_NAME akosi ngai te] ],SONG_NAME: akosi ngai te,lin
home,update_playlist,Add me to the list of the best I like ,26:32:SL:MUSIC_GENRE,[IN:update_playlist [SL:MUSIC_GENRE sebene] ],MUSIC_GENRE: sebene,lin
home,update_playlist,Add This Song to My School Song List,,[IN:update_playlist ],,lin
home,update_playlist,Add This Song to My Playlist ,,[IN:update_playlist ],,lin
home,update_playlist,Sing me a song That's on my list of songs to sing at night,,[IN:update_playlist ],,lin
home,update_playlist,Sing me a song that's playing now in my travel song list,34:40:SL:TIME,[IN:update_playlist [SL:TIME Sikoyo] ],TIME: Sikoyo,lin
home,update_playlist,Add this song to my list of songs of peace.,,[IN:update_playlist ],,lin
home,update_playlist,Put the note in my prayer book ,4:10:SL:SONG_NAME,[IN:update_playlist [SL:SONG_NAME kamata] ],SONG_NAME: kamata,lin
home,update_playlist,Put it in my list of Songs of Rest Songs That are playing Now ,67:73:SL:TIME,[IN:update_playlist [SL:TIME Sikoyo] ],TIME: Sikoyo,lin
home,update_playlist,Put the song Follow Me to my prayer song collection,11:30:SL:SONG_NAME,[IN:update_playlist [SL:SONG_NAME O landi Ngai ti awa] ],SONG_NAME: O landi Ngai ti awa,lin
home,update_playlist,Add This Song to My Playlist ,,[IN:update_playlist ],,lin
home,update_playlist,Please add me to the list of prayer songs.,11:16:SL:SONG_NAME,[IN:update_playlist [SL:SONG_NAME Ngolu] ],SONG_NAME: Ngolu,lin
home,update_playlist,Leave me this song that plays in my playlist,,[IN:update_playlist ],,lin
home,update_playlist,Put this song in my work songbook.,,[IN:update_playlist ],,lin
home,update_playlist,Add the brilliance of glory to the group of songs I love,"7:14:SL:SONG_NAME,18:30:SL:ARTIST_NAME",[IN:update_playlist [SL:SONG_NAME briller] [SL:ARTIST_NAME gloire grâce] ],SONG_NAME: briller $$ ARTIST_NAME: gloire grâce,lin
home,update_playlist,"Turn the source of Mike's kalambay into a place of songs I love you, I pray to you","7:13:SL:SONG_NAME,17:30:SL:ARTIST_NAME",[IN:update_playlist [SL:SONG_NAME liziba] [SL:ARTIST_NAME Mike kalambay] ],SONG_NAME: liziba $$ ARTIST_NAME: Mike kalambay,lin
home,update_playlist,Understand the Heavenly Dance of Dena's son with the Songs of my heart ,"7:21:SL:SONG_NAME,25:35:SL:ARTIST_NAME",[IN:update_playlist [SL:SONG_NAME Mabina ya Lola] [SL:ARTIST_NAME Dena muana] ],SONG_NAME: Mabina ya Lola $$ ARTIST_NAME: Dena muana,lin
home,update_playlist,I'm the best assistant of Moses and the best of the Psalms.,"7:21:SL:SONG_NAME,25:36:SL:ARTIST_NAME",[IN:update_playlist [SL:SONG_NAME Mosungi malamu] [SL:ARTIST_NAME Moïse mbiye] ],SONG_NAME: Mosungi malamu $$ ARTIST_NAME: Moïse mbiye,lin
home,update_playlist,"Add this song to your rumba list, my love ",35:40:SL:MUSIC_GENRE,[IN:update_playlist [SL:MUSIC_GENRE rumba] ],MUSIC_GENRE: rumba,lin
home,update_playlist,include this song in the list of Afrocongo ,33:42:SL:MUSIC_GENRE,[IN:update_playlist [SL:MUSIC_GENRE Afrocongo] ],MUSIC_GENRE: Afrocongo,lin
home,update_playlist,Add This Song to my rumba list ,51:56:SL:MUSIC_GENRE,[IN:update_playlist [SL:MUSIC_GENRE rumba] ],MUSIC_GENRE: rumba,lin
home,update_playlist,Add this song to my list of favorites ,33:39:SL:MUSIC_GENRE,[IN:update_playlist [SL:MUSIC_GENRE sebene] ],MUSIC_GENRE: sebene,lin
home,update_playlist,Add the songs I listen to to my list of lullabies ,,[IN:update_playlist ],,lin
home,update_playlist,Add this new song to your list of favorite songs ,,[IN:update_playlist ],,lin
home,update_playlist,Add the success of Atom's Fruit to my list of favorite songs ,"7:18:SL:SONG_NAME,22:34:SL:ARTIST_NAME",[IN:update_playlist [SL:SONG_NAME pona bolamu] [SL:ARTIST_NAME Atom's mbuma] ],SONG_NAME: pona bolamu $$ ARTIST_NAME: Atom's mbuma,lin
home,update_playlist,Add the song of Aimé Nkanu to your list of favorite songs ,"7:13:SL:SONG_NAME,17:27:SL:ARTIST_NAME",[IN:update_playlist [SL:SONG_NAME sikiya] [SL:ARTIST_NAME Aimé Nkanu] ],SONG_NAME: sikiya $$ ARTIST_NAME: Aimé Nkanu,lin
home,update_playlist,He understands his time of Moses better than the Psalms themselves.,"7:18:SL:SONG_NAME,23:34:SL:ARTIST_NAME",[IN:update_playlist [SL:SONG_NAME tango na ye] [SL:ARTIST_NAME Moïse mbiye] ],SONG_NAME: tango na ye $$ ARTIST_NAME: Moïse mbiye,lin
home,update_playlist,Put These Songs on Your Favorite Songs List,,[IN:update_playlist ],,lin
home,update_playlist,"Sing this song to your children, in your prayers",,[IN:update_playlist ],,lin
home,update_playlist,Add my love unmerited to the new list of my favorite songs ,14:28:SL:SONG_NAME,[IN:update_playlist [SL:SONG_NAME amour immérité] ],SONG_NAME: amour immérité,lin
home,update_playlist,I'm in love with the Fally Ipupa association,"49:56:SL:SONG_NAME,60:71:SL:ARTIST_NAME",[IN:update_playlist [SL:SONG_NAME associé] [SL:ARTIST_NAME Fally Ipupa] ],SONG_NAME: associé $$ ARTIST_NAME: Fally Ipupa,lin
home,update_playlist,I was in the choir of the song I love I'm the same as Deborah Lukalu ,"49:56:SL:SONG_NAME,60:74:SL:ARTIST_NAME",[IN:update_playlist [SL:SONG_NAME je sais] [SL:ARTIST_NAME Déborah lukalu] ],SONG_NAME: je sais $$ ARTIST_NAME: Déborah lukalu,lin
home,update_playlist,Add me to the list of songs I love this song It's a hit ,,[IN:update_playlist ],,lin
home,update_playlist,Add me to the list of songs I love by Deborah Lukalu ,"47:53:SL:SONG_NAME,57:71:SL:ARTIST_NAME",[IN:update_playlist [SL:SONG_NAME tabiri] [SL:ARTIST_NAME Déborah lukalu] ],SONG_NAME: tabiri $$ ARTIST_NAME: Déborah lukalu,lin
home,update_playlist,Sing me a song that I sing in the company of my shepherds,51:57:SL:MUSIC_GENRE,[IN:update_playlist [SL:MUSIC_GENRE sebene] ],MUSIC_GENRE: sebene,lin
home,update_playlist,Please tell me what song is on my playlist.,,[IN:update_playlist ],,lin
home,update_playlist,Sing me a song That belongs in the list of love songs,,[IN:update_playlist ],,lin
home,update_playlist,Add This Song to My Playlist,,[IN:update_playlist ],,lin
home,update_playlist,Please explain this song to me at the end of the list of the songs of Moses ,58:69:SL:ARTIST_NAME,[IN:update_playlist [SL:ARTIST_NAME Moïse mbiye] ],ARTIST_NAME: Moïse mbiye,lin
home,update_playlist,Sing me this new song from the collection of songs I love.,,[IN:update_playlist ],,lin
home,update_playlist,Remember him This one of Moses is on my list of favorite songs ,"14:20:SL:SONG_NAME,24:35:SL:ARTIST_NAME",[IN:update_playlist [SL:SONG_NAME ye Oyo] [SL:ARTIST_NAME Moïse mbiye] ],SONG_NAME: ye Oyo $$ ARTIST_NAME: Moïse mbiye,lin
home,update_playlist,Increase the Song List by Choosing a Song,,[IN:update_playlist ],,lin
home,update_playlist,Add my Prayer Songs to this list.,,[IN:update_playlist ],,lin
home,update_playlist,Add the Children's Songbook to this song.,,[IN:update_playlist ],,lin
home,update_playlist,Show me the new list of songs I like instead of understanding the songs Heroes ,76:81:SL:SONG_NAME,[IN:update_playlist [SL:SONG_NAME Héros] ],SONG_NAME: Héros,lin
home,update_playlist,You will understand the song of the heart in the new list of songs I love.,12:29:SL:SONG_NAME,[IN:update_playlist [SL:SONG_NAME loyembo ya motema] ],SONG_NAME: loyembo ya motema,lin
home,update_playlist,You'll add me to the list of new songs I love by Grace Lokua's mother ,"18:24:SL:SONG_NAME,28:39:SL:ARTIST_NAME",[IN:update_playlist [SL:SONG_NAME kumama] [SL:ARTIST_NAME grace Lokua] ],SONG_NAME: kumama $$ ARTIST_NAME: grace Lokua,lin
home,update_playlist,You are holy now.,"0:11:SL:SONG_NAME,25:31:SL:TIME",[IN:update_playlist [SL:SONG_NAME Oza mosantu] [SL:TIME Sikoyo] ],SONG_NAME: Oza mosantu $$ TIME: Sikoyo,lin
home,update_playlist,Tia Elombe opened Heaven with a new collection of songs I love,4:22:SL:SONG_NAME,[IN:update_playlist [SL:SONG_NAME Elombe pasola Lola] ],SONG_NAME: Elombe pasola Lola,lin
home,update_playlist,I'm going to get Moses's song in the list of songs I love.,"4:13:SL:SONG_NAME,17:28:SL:ARTIST_NAME",[IN:update_playlist [SL:SONG_NAME je reçois] [SL:ARTIST_NAME Moïse mbiye] ],SONG_NAME: je reçois $$ ARTIST_NAME: Moïse mbiye,lin
home,update_playlist,Add Fiston Mbuyi's worship to your list of favorite songs ,"4:11:SL:SONG_NAME,15:27:SL:ARTIST_NAME",[IN:update_playlist [SL:SONG_NAME Losambo] [SL:ARTIST_NAME Fiston Mbuyi] ],SONG_NAME: Losambo $$ ARTIST_NAME: Fiston Mbuyi,lin
home,update_playlist,Put in the list of songs I don't like him by Papa Wemba ,"37:42:SL:SONG_NAME,46:56:SL:ARTIST_NAME",[IN:update_playlist [SL:SONG_NAME ye te] [SL:ARTIST_NAME papa Wemba] ],SONG_NAME: ye te $$ ARTIST_NAME: papa Wemba,lin
home,update_playlist,Put the grace of louange right in the list of songs I love ,"4:9:SL:SONG_NAME,13:28:SL:ARTIST_NAME",[IN:update_playlist [SL:SONG_NAME ngolu] [SL:ARTIST_NAME louange malonga] ],SONG_NAME: ngolu $$ ARTIST_NAME: louange malonga,lin
home,update_playlist,Put this song in the list of songs I love.,,[IN:update_playlist ],,lin
home,update_playlist,Add This Song to Your Children's Song List,,[IN:update_playlist ],,lin
home,update_playlist,Add this song to your list of songs of mourning,,[IN:update_playlist ],,lin
home,update_playlist,Add this song to your list of Lamentations,,[IN:update_playlist ],,lin
home,update_playlist,Add this song to your list of favorite rumba songs ,27:32:SL:MUSIC_GENRE,[IN:update_playlist [SL:MUSIC_GENRE rumba] ],MUSIC_GENRE: rumba,lin
home,update_playlist,Put Aimé Nkanu's song on your list of songs you love ,"4:10:SL:SONG_NAME,14:24:SL:ARTIST_NAME",[IN:update_playlist [SL:SONG_NAME sikiya] [SL:ARTIST_NAME Aimé Nkanu] ],SONG_NAME: sikiya $$ ARTIST_NAME: Aimé Nkanu,lin
home,update_playlist,I'm not going to be able to get a job.,"11:29:SL:SONG_NAME,33:43:SL:ARTIST_NAME",[IN:update_playlist [SL:SONG_NAME Elombe pasola Lola] [SL:ARTIST_NAME Dena Mwana] ],SONG_NAME: Elombe pasola Lola $$ ARTIST_NAME: Dena Mwana,lin
home,update_playlist,"Please help me to the evening of Moses I'm on the list of the Psalms I love, I pray to you","11:27:SL:SONG_NAME,31:42:SL:ARTIST_NAME",[IN:update_playlist [SL:SONG_NAME lisungi ya pokwa] [SL:ARTIST_NAME Moïse mbiye] ],SONG_NAME: lisungi ya pokwa $$ ARTIST_NAME: Moïse mbiye,lin
home,update_playlist,Put Mario by Franco on my list of favorite songs.,"11:16:SL:SONG_NAME,20:26:SL:ARTIST_NAME",[IN:update_playlist [SL:SONG_NAME Mario] [SL:ARTIST_NAME Franco] ],SONG_NAME: Mario $$ ARTIST_NAME: Franco,lin
home,update_playlist,"I'm in love with you, I'm in love with you, I'm in love with you, I'm in love with you, I'm in love with you, I'm in love with you, I'm in love with you, I'm in love with you, I'm in love with you, I'm in love with you, I'm in love with you, I'm in love with you, I'm in love with you, I'm in love with you, I'm in love with you, I'm in love with you, I'm in love with you, I'm in love with you, I'm in love with you, I'm in love with you, I'm in love with you, I'm in love with you, I'm in love with you, I'm in love with you, I'm in love with","46:53:SL:SONG_NAME,57:70:SL:ARTIST_NAME",[IN:update_playlist [SL:SONG_NAME Hosanna] [SL:ARTIST_NAME Amanda malela] ],SONG_NAME: Hosanna $$ ARTIST_NAME: Amanda malela,lin
home,update_playlist,Leave me a song that plays on the list of travel songs,,[IN:update_playlist ],,lin
home,update_playlist,Put this song on my prayer list.,,[IN:update_playlist ],,lin
home,update_playlist,Put this song on my children's song list,,[IN:update_playlist ],,lin
home,update_playlist,Put this song on my list of holiday songs.,47:51:SL:CALENDAR_EVENT,[IN:update_playlist [SL:CALENDAR_EVENT feti] ],CALENDAR_EVENT: feti,lin
home,update_playlist,Put this song on my list of Mary's songs,47:59:SL:ARTIST_NAME,[IN:update_playlist [SL:ARTIST_NAME Marie misamu] ],ARTIST_NAME: Marie misamu,lin
home,update_playlist,Put this song on my list of favorite songs.,37:43:SL:MUSIC_GENRE,[IN:update_playlist [SL:MUSIC_GENRE sebene] ],MUSIC_GENRE: sebene,lin
home,update_playlist,Put me the interdit sens of Ferre Gola in the list of my favorite songs ,"11:24:SL:SONG_NAME,28:38:SL:ARTIST_NAME",[IN:update_playlist [SL:SONG_NAME sens interdit] [SL:ARTIST_NAME Ferre Gola] ],SONG_NAME: sens interdit $$ ARTIST_NAME: Ferre Gola,lin
home,update_playlist,Add This Song to My Songs of Travel ,,[IN:update_playlist ],,lin
home,update_playlist,Put This Song in My Traveling Songs,,[IN:update_playlist ],,lin
home,update_playlist,Add songs to my playlist ,,[IN:update_playlist ],,lin
home,update_playlist,Put This Song on My Workbook,,[IN:update_playlist ],,lin
home,update_playlist,Add me to the list of my prayer songs.,"14:18:SL:SONG_NAME,22:34:SL:ARTIST_NAME",[IN:update_playlist [SL:SONG_NAME yaya] [SL:ARTIST_NAME rhema loseke] ],SONG_NAME: yaya $$ ARTIST_NAME: rhema loseke,lin
home,update_playlist,Add these songs to my list of songs to listen to at night ,,[IN:update_playlist ],,lin
home,update_playlist,Add This Song to My list of Songs to Sing at Rest ,,[IN:update_playlist ],,lin
home,update_playlist,Add Rachel Anyeme's stand up to the list of Songs that are playing Now ,"4:10:SL:SONG_NAME,14:27:SL:ARTIST_NAME,63:69:SL:TIME",[IN:update_playlist [SL:SONG_NAME telema] [SL:ARTIST_NAME Rachel Anyeme] [SL:TIME Sikoyo] ],SONG_NAME: telema $$ ARTIST_NAME: Rachel Anyeme $$ TIME: Sikoyo,lin
kitchen_and_dining,cancel_reservation,I'm going to the restaurant again today.,24:28:SL:DATE,[IN:cancel_reservation [SL:DATE Lelo] ],DATE: Lelo,lin
kitchen_and_dining,cancel_reservation,Remove the program from the zoaki and Kafubu for the Tshiangala ,"32:38:SL:PLACE_NAME,44:54:SL:PERSONAL_NAME",[IN:cancel_reservation [SL:PLACE_NAME Kafubu] [SL:PERSONAL_NAME Tshiangala] ],PLACE_NAME: Kafubu $$ PERSONAL_NAME: Tshiangala,lin
kitchen_and_dining,cancel_reservation,I came to choose Masamba program in Karavia cancel it,"15:22:SL:PERSONAL_NAME,36:43:SL:HOTEL_NAME",[IN:cancel_reservation [SL:PERSONAL_NAME Masamba] [SL:HOTEL_NAME Karavia] ],PERSONAL_NAME: Masamba $$ HOTEL_NAME: Karavia,lin
kitchen_and_dining,cancel_reservation,Forget the program and the tree eating sweets in Tshibanda in the background ,"36:44:SL:DISH_OR_FOOD,48:57:SL:PERSONAL_NAME,61:70:SL:PLACE_NAME",[IN:cancel_reservation [SL:DISH_OR_FOOD mitshopo] [SL:PERSONAL_NAME Tshibanda] [SL:PLACE_NAME kamalondo] ],DISH_OR_FOOD: mitshopo $$ PERSONAL_NAME: Tshibanda $$ PLACE_NAME: kamalondo,lin
kitchen_and_dining,cancel_reservation,Fear the idea of invading Karavia today,"25:32:SL:HOTEL_NAME,33:37:SL:DATE",[IN:cancel_reservation [SL:HOTEL_NAME Karavia] [SL:DATE lelo] ],HOTEL_NAME: Karavia $$ DATE: lelo,lin
kitchen_and_dining,cancel_reservation,I would like to have a program to eat Easter in Kapela with a gift for Asumani ,"37:44:SL:DISH_OR_FOOD,48:54:SL:PLACE_NAME,70:77:SL:PERSONAL_NAME",[IN:cancel_reservation [SL:DISH_OR_FOOD Mpakasa] [SL:PLACE_NAME Kapela] [SL:PERSONAL_NAME Asumani] ],DISH_OR_FOOD: Mpakasa $$ PLACE_NAME: Kapela $$ PERSONAL_NAME: Asumani,lin
kitchen_and_dining,cancel_reservation,I'm allowing you to cancel the Karavia dinner program today at 9pm.,"47:54:SL:HOTEL_NAME,55:59:SL:DATE,63:66:SL:TIME",[IN:cancel_reservation [SL:HOTEL_NAME Karavia] [SL:DATE Lelo] [SL:TIME 21h] ],HOTEL_NAME: Karavia $$ DATE: Lelo $$ TIME: 21h,lin
kitchen_and_dining,cancel_reservation,The restaurant program at the zoo for Ley and Memling today,"38:41:SL:PERSONAL_NAME,45:52:SL:HOTEL_NAME,53:57:SL:DATE",[IN:cancel_reservation [SL:PERSONAL_NAME Ley] [SL:HOTEL_NAME Memling] [SL:DATE lelo] ],PERSONAL_NAME: Ley $$ HOTEL_NAME: Memling $$ DATE: lelo,lin
kitchen_and_dining,cancel_reservation,To enter the restaurant Today is again with Tina Tsé ,14:18:SL:DATE,[IN:cancel_reservation [SL:DATE Lelo] ],DATE: Lelo,lin
kitchen_and_dining,cancel_reservation,Eating in a restaurant is now a habit again.,16:20:SL:DATE,[IN:cancel_reservation [SL:DATE Lelo] ],DATE: Lelo,lin
kitchen_and_dining,cancel_reservation,except the program I was looking for Bishimba in Kafubu ,"32:40:SL:PERSONAL_NAME,44:50:SL:PLACE_NAME",[IN:cancel_reservation [SL:PERSONAL_NAME Bishimba] [SL:PLACE_NAME Kafubu] ],PERSONAL_NAME: Bishimba $$ PLACE_NAME: Kafubu,lin
kitchen_and_dining,cancel_reservation,show me the program I came up with for Mulamba and Hypnose today,"39:46:SL:PERSONAL_NAME,50:57:SL:HOTEL_NAME,58:62:SL:DATE",[IN:cancel_reservation [SL:PERSONAL_NAME Mulamba] [SL:HOTEL_NAME Hypnose] [SL:DATE lelo] ],PERSONAL_NAME: Mulamba $$ HOTEL_NAME: Hypnose $$ DATE: lelo,lin
kitchen_and_dining,cancel_reservation,tell me the schedule of eating Barcelos Today until 6pm ,"35:43:SL:RESTAURANT_NAME,44:48:SL:DATE,56:59:SL:TIME",[IN:cancel_reservation [SL:RESTAURANT_NAME Barcelos] [SL:DATE Lelo] [SL:TIME 18h] ],RESTAURANT_NAME: Barcelos $$ DATE: Lelo $$ TIME: 18h,lin
kitchen_and_dining,cancel_reservation,It's time to go to the restaurant again today,38:42:SL:DATE,[IN:cancel_reservation [SL:DATE lelo] ],DATE: lelo,lin
kitchen_and_dining,cancel_reservation,It's lunch time again today.,25:29:SL:DATE,[IN:cancel_reservation [SL:DATE Lelo] ],DATE: Lelo,lin
kitchen_and_dining,cancel_reservation,Tell the hypnotists to come back here today at 8pm,"15:22:SL:HOTEL_NAME,42:46:SL:DATE,50:53:SL:TIME",[IN:cancel_reservation [SL:HOTEL_NAME hypnose] [SL:DATE lelo] [SL:TIME 20h] ],HOTEL_NAME: hypnose $$ DATE: lelo $$ TIME: 20h,lin
kitchen_and_dining,cancel_reservation,It's not lunch time anymore.,33:37:SL:DATE,[IN:cancel_reservation [SL:DATE lelo] ],DATE: lelo,lin
kitchen_and_dining,cancel_reservation,Cancel the restaurant program today,"7:35:SL:CALENDAR_EVENT,36:40:SL:DATE",[IN:cancel_reservation [SL:CALENDAR_EVENT programme ya ko lia na resto] [SL:DATE lelo] ],CALENDAR_EVENT: programme ya ko lia na resto $$ DATE: lelo,lin
kitchen_and_dining,cancel_reservation,Today the restaurant program is cancelled ,"1:5:SL:DATE,6:32:SL:CALENDAR_EVENT",[IN:cancel_reservation [SL:DATE Lelo] [SL:CALENDAR_EVENT programme ya ko kota resto] ],DATE: Lelo $$ CALENDAR_EVENT: programme ya ko kota resto,lin
kitchen_and_dining,cancel_reservation,tell me the restaurant meal program today,44:48:SL:DATE,[IN:cancel_reservation [SL:DATE lelo] ],DATE: lelo,lin
kitchen_and_dining,cancel_reservation,entering the restaurant today is still free,17:21:SL:DATE,[IN:cancel_reservation [SL:DATE lelo] ],DATE: lelo,lin
kitchen_and_dining,cancel_reservation,My program at Masina restaurant is no longer available,31:37:SL:PLACE_NAME,[IN:cancel_reservation [SL:PLACE_NAME Masina] ],PLACE_NAME: Masina,lin
kitchen_and_dining,cancel_reservation,Fear the idea of eating peanuts Today at 6pm,"24:30:SL:DISH_OR_FOOD,31:35:SL:DATE,40:43:SL:TIME",[IN:cancel_reservation [SL:DISH_OR_FOOD makoso] [SL:DATE Lelo] [SL:TIME 18h] ],DISH_OR_FOOD: makoso $$ DATE: Lelo $$ TIME: 18h,lin
kitchen_and_dining,cancel_reservation,Going to eat at a restaurant today is no longer Tina's,"16:28:SL:DISH_OR_FOOD,43:47:SL:DATE",[IN:cancel_reservation [SL:DISH_OR_FOOD tsaka madesu] [SL:DATE lelo] ],DISH_OR_FOOD: tsaka madesu $$ DATE: lelo,lin
kitchen_and_dining,cancel_reservation,Muamba Will Not Enter the Kafubu Today,"1:7:SL:PERSONAL_NAME,27:33:SL:PLACE_NAME,34:38:SL:DATE",[IN:cancel_reservation [SL:PERSONAL_NAME Muamba] [SL:PLACE_NAME Kafubu] [SL:DATE Lelo] ],PERSONAL_NAME: Muamba $$ PLACE_NAME: Kafubu $$ DATE: Lelo,lin
kitchen_and_dining,cancel_reservation,Cancel the program I came to pick out Mbiye at the restaurant of the cinema on Monday,"31:36:SL:PERSONAL_NAME,49:59:SL:RESTAURANT_NAME,63:78:SL:DATE",[IN:cancel_reservation [SL:PERSONAL_NAME Mbiye] [SL:RESTAURANT_NAME la kinoise] [SL:DATE Mokolo ya lundi] ],PERSONAL_NAME: Mbiye $$ RESTAURANT_NAME: la kinoise $$ DATE: Mokolo ya lundi,lin
kitchen_and_dining,cancel_reservation,The idea of a restaurant in the restaurant of mother Julie is no longer there today,"23:28:SL:PERSONAL_NAME,41:61:SL:RESTAURANT_NAME,76:80:SL:DATE",[IN:cancel_reservation [SL:PERSONAL_NAME Nzuzi] [SL:RESTAURANT_NAME resto ya maman julie] [SL:DATE lelo] ],PERSONAL_NAME: Nzuzi $$ RESTAURANT_NAME: resto ya maman julie $$ DATE: lelo,lin
kitchen_and_dining,cancel_reservation,Forget the idea of going to the restaurant at 4 pm with Jacky's mom.,"38:42:SL:TIME,50:61:SL:RESTAURANT_NAME",[IN:cancel_reservation [SL:TIME 16 h] [SL:RESTAURANT_NAME maman Jacky] ],TIME: 16 h $$ RESTAURANT_NAME: maman Jacky,lin
kitchen_and_dining,cancel_reservation,Today at 8pm I have to cancel the program,"0:4:SL:DATE,9:12:SL:TIME,19:30:SL:RESTAURANT_NAME",[IN:cancel_reservation [SL:DATE Lelo] [SL:TIME 20h] [SL:RESTAURANT_NAME mimi loboko] ],DATE: Lelo $$ TIME: 20h $$ RESTAURANT_NAME: mimi loboko,lin
kitchen_and_dining,cancel_reservation,Today hypnosis is no longer needed,"0:4:SL:DATE,14:21:SL:HOTEL_NAME",[IN:cancel_reservation [SL:DATE Lelo] [SL:HOTEL_NAME hypnose] ],DATE: Lelo $$ HOTEL_NAME: hypnose,lin
kitchen_and_dining,cancel_reservation,The time to go to the restaurant this evening is over,"22:30:SL:TIME,35:39:SL:DATE",[IN:cancel_reservation [SL:TIME na pokwa] [SL:DATE Lelo] ],TIME: na pokwa $$ DATE: Lelo,lin
kitchen_and_dining,cancel_reservation,No more time for a gathering,"9:15:SL:DISH_OR_FOOD,16:20:SL:DATE",[IN:cancel_reservation [SL:DISH_OR_FOOD liboke] [SL:DATE Lelo] ],DISH_OR_FOOD: liboke $$ DATE: Lelo,lin
kitchen_and_dining,cancel_reservation,corruption is no longer in the restaurant today,"8:14:SL:DISH_OR_FOOD,15:19:SL:DATE",[IN:cancel_reservation [SL:DISH_OR_FOOD madesu] [SL:DATE Lelo] ],DISH_OR_FOOD: madesu $$ DATE: Lelo,lin
kitchen_and_dining,cancel_reservation,The program of eating vegetables today is changing,"1:20:SL:CALENDAR_EVENT,21:29:SL:DISH_OR_FOOD,30:34:SL:DATE",[IN:cancel_reservation [SL:CALENDAR_EVENT Programme ya ko lia] [SL:DISH_OR_FOOD mitshopo] [SL:DATE lelo] ],CALENDAR_EVENT: Programme ya ko lia $$ DISH_OR_FOOD: mitshopo $$ DATE: lelo,lin
kitchen_and_dining,cancel_reservation,Time to go no more eat I'm tired today,"31:36:SL:PLACE_NAME,37:41:SL:DATE",[IN:cancel_reservation [SL:PLACE_NAME lemba] [SL:DATE lelo] ],PLACE_NAME: lemba $$ DATE: lelo,lin
kitchen_and_dining,cancel_reservation,The post office has decided to eat at the restaurant in Kamalondo Today at 4:30 pm,"35:44:SL:PLACE_NAME,45:49:SL:DATE,53:59:SL:TIME",[IN:cancel_reservation [SL:PLACE_NAME kamalondo] [SL:DATE Lelo] [SL:TIME 16h 30] ],PLACE_NAME: kamalondo $$ DATE: Lelo $$ TIME: 16h 30,lin
kitchen_and_dining,cancel_reservation,Today there is no more Nzombo in the restaurant,"0:4:SL:DATE,12:18:SL:DISH_OR_FOOD",[IN:cancel_reservation [SL:DATE Lelo] [SL:DISH_OR_FOOD Nzombo] ],DATE: Lelo $$ DISH_OR_FOOD: Nzombo,lin
kitchen_and_dining,cancel_reservation,What's going to happen to the restaurant of 3 paillottes today,"0:5:SL:PERSONAL_NAME,22:43:SL:RESTAURANT_NAME,44:48:SL:DATE",[IN:cancel_reservation [SL:PERSONAL_NAME Ngoyi] [SL:RESTAURANT_NAME resto ya 3 paillottes] [SL:DATE Lelo] ],PERSONAL_NAME: Ngoyi $$ RESTAURANT_NAME: resto ya 3 paillottes $$ DATE: Lelo,lin
kitchen_and_dining,cancel_reservation,Eating in restaurants is no longer possible today.,36:40:SL:DATE,[IN:cancel_reservation [SL:DATE Lelo] ],DATE: Lelo,lin
kitchen_and_dining,cancel_reservation,The hands will not come to Matete's restaurant today,"1:7:SL:PERSONAL_NAME,24:28:SL:DATE,41:47:SL:PLACE_NAME",[IN:cancel_reservation [SL:PERSONAL_NAME Maboso] [SL:DATE lelo] [SL:PLACE_NAME Matete] ],PERSONAL_NAME: Maboso $$ DATE: lelo $$ PLACE_NAME: Matete,lin
kitchen_and_dining,cancel_reservation,I don't have time to go to the restaurant anymore. It's 8pm today.,"27:31:SL:DATE,35:38:SL:TIME,42:51:SL:PLACE_NAME",[IN:cancel_reservation [SL:DATE Lelo] [SL:TIME 20h] [SL:PLACE_NAME kamalondo] ],DATE: Lelo $$ TIME: 20h $$ PLACE_NAME: kamalondo,lin
kitchen_and_dining,cancel_reservation,Call the restaurant to cancel today's program.,48:52:SL:DATE,[IN:cancel_reservation [SL:DATE Lelo] ],DATE: Lelo,lin
kitchen_and_dining,cancel_reservation,Going to the restaurant is again with Tina today,38:42:SL:DATE,[IN:cancel_reservation [SL:DATE lelo] ],DATE: lelo,lin
kitchen_and_dining,cancel_reservation,Memling's entry is also in Tina Tsedeh today ,"8:15:SL:HOTEL_NAME,39:43:SL:DATE",[IN:cancel_reservation [SL:HOTEL_NAME Memling] [SL:DATE Lelo] ],HOTEL_NAME: Memling $$ DATE: Lelo,lin
kitchen_and_dining,cancel_reservation,I'm off my restaurant schedule today,48:52:SL:DATE,[IN:cancel_reservation [SL:DATE lelo] ],DATE: lelo,lin
kitchen_and_dining,cancel_reservation,I have to cancel the program to get the restaurant today at 9:30,"33:39:SL:PERSONAL_NAME,57:61:SL:DATE,65:71:SL:TIME",[IN:cancel_reservation [SL:PERSONAL_NAME Nsimba] [SL:DATE Lelo] [SL:TIME 21h 30] ],PERSONAL_NAME: Nsimba $$ DATE: Lelo $$ TIME: 21h 30,lin
kitchen_and_dining,cancel_reservation,"In addition to the program I was selected for, there are also programs for hypnosis in Tina.","32:39:SL:PERSONAL_NAME,51:58:SL:HOTEL_NAME",[IN:cancel_reservation [SL:PERSONAL_NAME Malongo] [SL:HOTEL_NAME hypnose] ],PERSONAL_NAME: Malongo $$ HOTEL_NAME: hypnose,lin
kitchen_and_dining,cancel_reservation,in addition to the 2 p.m. program at the restaurant of the nationalist ,"21:24:SL:TIME,28:48:SL:RESTAURANT_NAME",[IN:cancel_reservation [SL:TIME 14h] [SL:RESTAURANT_NAME resto ya ba ndjilois] ],TIME: 14h $$ RESTAURANT_NAME: resto ya ba ndjilois,lin
kitchen_and_dining,cancel_reservation,except the program to enter the restaurant today ,35:39:SL:DATE,[IN:cancel_reservation [SL:DATE Lelo] ],DATE: Lelo,lin
kitchen_and_dining,cancel_reservation,except for the restaurant program on Today's Day ,"8:34:SL:CALENDAR_EVENT,38:52:SL:DATE",[IN:cancel_reservation [SL:CALENDAR_EVENT programme ya ko kota resto] [SL:DATE Mokolo ya Lelo] ],CALENDAR_EVENT: programme ya ko kota resto $$ DATE: Mokolo ya Lelo,lin
kitchen_and_dining,cancel_reservation,Except for the Thursday fasting program,"28:36:SL:DISH_OR_FOOD,47:52:SL:DATE",[IN:cancel_reservation [SL:DISH_OR_FOOD mitshopo] [SL:DATE jeudi] ],DISH_OR_FOOD: mitshopo $$ DATE: jeudi,lin
kitchen_and_dining,cancel_reservation,except for the program to get to Hasnah.,41:47:SL:PLACE_NAME,[IN:cancel_reservation [SL:PLACE_NAME Hasnah] ],PLACE_NAME: Hasnah,lin
kitchen_and_dining,cancel_reservation,Please help me with the meal program at Kapela restaurant,"10:15:SL:PERSONAL_NAME,48:54:SL:PLACE_NAME",[IN:cancel_reservation [SL:PERSONAL_NAME Mbuyi] [SL:PLACE_NAME Kapela] ],PERSONAL_NAME: Mbuyi $$ PLACE_NAME: Kapela,lin
kitchen_and_dining,cancel_reservation,tell me the program I was supposed to choose Diavovoka at 5:20 p.m. at Barumbu restaurant,"39:48:SL:PERSONAL_NAME,53:59:SL:TIME,72:79:SL:PLACE_NAME",[IN:cancel_reservation [SL:PERSONAL_NAME Diavovoka] [SL:TIME 17h 20] [SL:PLACE_NAME Barumbu] ],PERSONAL_NAME: Diavovoka $$ TIME: 17h 20 $$ PLACE_NAME: Barumbu,lin
kitchen_and_dining,cancel_reservation,Download the restaurant entry program for me today.,"15:41:SL:CALENDAR_EVENT,42:46:SL:DATE",[IN:cancel_reservation [SL:CALENDAR_EVENT programme ya ko kota resto] [SL:DATE Lelo] ],CALENDAR_EVENT: programme ya ko kota resto $$ DATE: Lelo,lin
kitchen_and_dining,cancel_reservation,Download my restaurant entry program for today,45:59:SL:DATE,[IN:cancel_reservation [SL:DATE Mokolo ya lelo] ],DATE: Mokolo ya lelo,lin
kitchen_and_dining,cancel_reservation,Please download the program for me to eat Easter today,"35:42:SL:DISH_OR_FOOD,43:47:SL:DATE",[IN:cancel_reservation [SL:DISH_OR_FOOD Mpakasa] [SL:DATE lelo] ],DISH_OR_FOOD: Mpakasa $$ DATE: lelo,lin
kitchen_and_dining,cancel_reservation,Download my anti-corruption program today at the restaurant,"35:47:SL:DISH_OR_FOOD,48:52:SL:DATE",[IN:cancel_reservation [SL:DISH_OR_FOOD tsaka madesu] [SL:DATE Lelo] ],DISH_OR_FOOD: tsaka madesu $$ DATE: Lelo,lin
kitchen_and_dining,cancel_reservation,tell me your schedule for tomorrow,"34:40:SL:DISH_OR_FOOD,44:58:SL:DATE",[IN:cancel_reservation [SL:DISH_OR_FOOD misili] [SL:DATE Mokolo ya lobi] ],DISH_OR_FOOD: misili $$ DATE: Mokolo ya lobi,lin
kitchen_and_dining,cancel_reservation,Find out if I can cancel the restaurant program I signed for Ilunga and Kapela ,"76:82:SL:PERSONAL_NAME,86:92:SL:PLACE_NAME",[IN:cancel_reservation [SL:PERSONAL_NAME Ilunga] [SL:PLACE_NAME Kapela] ],PERSONAL_NAME: Ilunga $$ PLACE_NAME: Kapela,lin
kitchen_and_dining,cancel_reservation,Please cancel my vow program today,"21:48:SL:CALENDAR_EVENT,49:57:SL:DISH_OR_FOOD,58:62:SL:DATE",[IN:cancel_reservation [SL:CALENDAR_EVENT programme na ngai ya ko lia] [SL:DISH_OR_FOOD mitshopo] [SL:DATE lelo] ],CALENDAR_EVENT: programme na ngai ya ko lia $$ DISH_OR_FOOD: mitshopo $$ DATE: lelo,lin
kitchen_and_dining,cancel_reservation,Please cancel the program of taking vows today,"21:40:SL:CALENDAR_EVENT,41:49:SL:DISH_OR_FOOD,50:54:SL:DATE",[IN:cancel_reservation [SL:CALENDAR_EVENT programme ya ko lia] [SL:DISH_OR_FOOD mitshopo] [SL:DATE lelo] ],CALENDAR_EVENT: programme ya ko lia $$ DISH_OR_FOOD: mitshopo $$ DATE: lelo,lin
kitchen_and_dining,cancel_reservation,Please cancel the program of Kapela restaurant.,48:54:SL:PLACE_NAME,[IN:cancel_reservation [SL:PLACE_NAME Kapela] ],PLACE_NAME: Kapela,lin
kitchen_and_dining,cancel_reservation,Please cancel the restaurant program today.,"22:48:SL:CALENDAR_EVENT,49:53:SL:DATE",[IN:cancel_reservation [SL:CALENDAR_EVENT programme ya ko kota resto] [SL:DATE Lelo] ],CALENDAR_EVENT: programme ya ko kota resto $$ DATE: Lelo,lin
kitchen_and_dining,cancel_reservation,I see the program to go to Barcelona is again with Tina Tsé ,36:44:SL:RESTAURANT_NAME,[IN:cancel_reservation [SL:RESTAURANT_NAME Barcelos] ],RESTAURANT_NAME: Barcelos,lin
kitchen_and_dining,cancel_reservation,I'm going to the restaurant again today.,28:32:SL:DATE,[IN:cancel_reservation [SL:DATE Lelo] ],DATE: Lelo,lin
kitchen_and_dining,cancel_reservation,I can cancel the restaurant program today,"17:45:SL:CALENDAR_EVENT,46:50:SL:DATE",[IN:cancel_reservation [SL:CALENDAR_EVENT programme ya ko lia na resto] [SL:DATE lelo] ],CALENDAR_EVENT: programme ya ko lia na resto $$ DATE: lelo,lin
kitchen_and_dining,cancel_reservation,I want to cancel the restaurant program today,46:50:SL:DATE,[IN:cancel_reservation [SL:DATE lelo] ],DATE: lelo,lin
kitchen_and_dining,cancel_reservation,Tell the Karavians we will come back again ,15:22:SL:HOTEL_NAME,[IN:cancel_reservation [SL:HOTEL_NAME Karavia] ],HOTEL_NAME: Karavia,lin
kitchen_and_dining,cancel_reservation,Tell the restaurant people to come back here.,,[IN:cancel_reservation ],,lin
kitchen_and_dining,cancel_reservation,Tell the restaurant staff I'll come back later today.,52:56:SL:DATE,[IN:cancel_reservation [SL:DATE Lelo] ],DATE: Lelo,lin
kitchen_and_dining,cancel_reservation,Tell the restaurant people to come and eat more corn today.,"49:55:SL:DISH_OR_FOOD,56:60:SL:DATE",[IN:cancel_reservation [SL:DISH_OR_FOOD madesu] [SL:DATE Lelo] ],DISH_OR_FOOD: madesu $$ DATE: Lelo,lin
kitchen_and_dining,cancel_reservation,Cancel the party in Karavia Today ,"8:12:SL:CALENDAR_EVENT,16:23:SL:HOTEL_NAME,24:28:SL:DATE",[IN:cancel_reservation [SL:CALENDAR_EVENT feti] [SL:HOTEL_NAME Karavia] [SL:DATE Lelo] ],CALENDAR_EVENT: feti $$ HOTEL_NAME: Karavia $$ DATE: Lelo,lin
kitchen_and_dining,cancel_reservation,I'm going to the hospital this afternoon,"29:40:SL:PLACE_NAME,41:49:SL:TIME,53:57:SL:DATE",[IN:cancel_reservation [SL:PLACE_NAME chez ntemba] [SL:TIME na pokwa] [SL:DATE lelo] ],PLACE_NAME: chez ntemba $$ TIME: na pokwa $$ DATE: lelo,lin
kitchen_and_dining,cancel_reservation,Increase the fast food program to 8pm today,"31:39:SL:PLACE_NAME,43:46:SL:TIME,47:51:SL:DATE",[IN:cancel_reservation [SL:PLACE_NAME ngwasuma] [SL:TIME 20h] [SL:DATE lelo] ],PLACE_NAME: ngwasuma $$ TIME: 20h $$ DATE: lelo,lin
kitchen_and_dining,cancel_reservation,in addition to the lunch program in Kamalando today at 5pm,"31:40:SL:PLACE_NAME,41:45:SL:DATE,49:52:SL:TIME",[IN:cancel_reservation [SL:PLACE_NAME Kamalando] [SL:DATE lelo] [SL:TIME 17h] ],PLACE_NAME: Kamalando $$ DATE: lelo $$ TIME: 17h,lin
kitchen_and_dining,cancel_reservation,Or go to Kamalando instead of to Kapela,"9:18:SL:PLACE_NAME,40:46:SL:PLACE_NAME",[IN:cancel_reservation [SL:PLACE_NAME Kamalando] [SL:PLACE_NAME kapela] ],PLACE_NAME: Kamalando $$ PLACE_NAME: kapela,lin
kitchen_and_dining,cancel_reservation,Or go to Karavia instead of the piazza,"9:16:SL:HOTEL_NAME,29:38:SL:PLACE_NAME",[IN:cancel_reservation [SL:HOTEL_NAME Karavia] [SL:PLACE_NAME la piazza] ],HOTEL_NAME: Karavia $$ PLACE_NAME: la piazza,lin
kitchen_and_dining,cancel_reservation,Or go into hypnosis instead of Hotel Lubumbashi ,"8:15:SL:HOTEL_NAME,28:44:SL:HOTEL_NAME",[IN:cancel_reservation [SL:HOTEL_NAME hypnose] [SL:HOTEL_NAME Hotel Lubumbashi] ],HOTEL_NAME: hypnose $$ HOTEL_NAME: Hotel Lubumbashi,lin
kitchen_and_dining,cancel_reservation,Or just visit the place of Barcelos ,"8:14:SL:RESTAURANT_NAME,27:35:SL:RESTAURANT_NAME",[IN:cancel_reservation [SL:RESTAURANT_NAME kawawa] [SL:RESTAURANT_NAME Barcelos] ],RESTAURANT_NAME: kawawa $$ RESTAURANT_NAME: Barcelos,lin
kitchen_and_dining,confirm_reservation,Where am I stuck with Josh and Winny yet?,"22:26:SL:PERSONAL_NAME,30:35:SL:PERSONAL_NAME",[IN:confirm_reservation [SL:PERSONAL_NAME Josh] [SL:PERSONAL_NAME Winny] ],PERSONAL_NAME: Josh $$ PERSONAL_NAME: Winny,lin
kitchen_and_dining,confirm_reservation,confirm that I booked a place PONA on 1st of March at 7am,"34:59:SL:DATE,63:65:SL:TIME",[IN:confirm_reservation [SL:DATE le 1er ya sanza ya misato] [SL:TIME 7h] ],DATE: le 1er ya sanza ya misato $$ TIME: 7h,lin
kitchen_and_dining,confirm_reservation,confirm that place at the hotel bel vue place you have taken thomas is,"22:35:SL:HOTEL_NAME,53:59:SL:PERSONAL_NAME",[IN:confirm_reservation [SL:HOTEL_NAME hôtel bel vue] [SL:PERSONAL_NAME thomas] ],HOTEL_NAME: hôtel bel vue $$ PERSONAL_NAME: thomas,lin
kitchen_and_dining,confirm_reservation,confirmed place I booked at the hotel le beau at 7am,"29:42:SL:HOTEL_NAME,46:48:SL:TIME",[IN:confirm_reservation [SL:HOTEL_NAME hôtel le beau] [SL:TIME 7h] ],HOTEL_NAME: hôtel le beau $$ TIME: 7h,lin
kitchen_and_dining,confirm_reservation,confirmed place I booked PONA on 12th of March at 9am,"30:54:SL:DATE,58:60:SL:TIME",[IN:confirm_reservation [SL:DATE le 12 ya sanza ya misato] [SL:TIME 9h] ],DATE: le 12 ya sanza ya misato $$ TIME: 9h,lin
kitchen_and_dining,confirm_reservation,Please confirm that I am in your place on February 20 at 6am,"55:62:SL:DATE,66:68:SL:TIME",[IN:confirm_reservation [SL:DATE le 20/2] [SL:TIME 6h] ],DATE: le 20/2 $$ TIME: 6h,lin
kitchen_and_dining,confirm_reservation,"Please, confirm my place I'm stuck at the bar le vieux sage at 7 o'clock","44:61:SL:PLACE_NAME,65:67:SL:TIME",[IN:confirm_reservation [SL:PLACE_NAME bar le vieux sage] [SL:TIME 7h] ],PLACE_NAME: bar le vieux sage $$ TIME: 7h,lin
kitchen_and_dining,confirm_reservation,Please confirm my place at the hotel with Theodore Le Palmier,"43:51:SL:PERSONAL_NAME,55:71:SL:HOTEL_NAME",[IN:confirm_reservation [SL:PERSONAL_NAME Théodore] [SL:HOTEL_NAME hôtel le palmier] ],PERSONAL_NAME: Théodore $$ HOTEL_NAME: hôtel le palmier,lin
kitchen_and_dining,confirm_reservation,"Please, tell me if the place I've booked Susie in the hotel oasis is still there","50:55:SL:PERSONAL_NAME,59:70:SL:HOTEL_NAME",[IN:confirm_reservation [SL:PERSONAL_NAME Susie] [SL:HOTEL_NAME hôtel oasis] ],PERSONAL_NAME: Susie $$ HOTEL_NAME: hôtel oasis,lin
kitchen_and_dining,confirm_reservation,can you call the PE to see if the room I booked for jeans at the grand hotel is still available?,"50:54:SL:PERSONAL_NAME,58:69:SL:HOTEL_NAME",[IN:confirm_reservation [SL:PERSONAL_NAME jean] [SL:HOTEL_NAME grand hôtel] ],PERSONAL_NAME: jean $$ HOTEL_NAME: grand hôtel,lin
kitchen_and_dining,confirm_reservation,can you confirm that I am in the office on February 12 at 6 am?,"49:73:SL:DATE,77:79:SL:TIME",[IN:confirm_reservation [SL:DATE le 12 ya sanza ya mibale] [SL:TIME 6h] ],DATE: le 12 ya sanza ya mibale $$ TIME: 6h,lin
kitchen_and_dining,confirm_reservation,can you confirm that I am in your place by PONA on 20/2 at 6 pm?,"52:59:SL:DATE,63:70:SL:TIME",[IN:confirm_reservation [SL:DATE le 20/2] [SL:TIME 18heure] ],DATE: le 20/2 $$ TIME: 18heure,lin
kitchen_and_dining,confirm_reservation,can you confirm the place I have reserved for Jeannine at the reference hotel ?,"37:45:SL:PERSONAL_NAME,49:67:SL:HOTEL_NAME",[IN:confirm_reservation [SL:PERSONAL_NAME Jeannine] [SL:HOTEL_NAME hôtel la référence] ],PERSONAL_NAME: Jeannine $$ HOTEL_NAME: hôtel la référence,lin
kitchen_and_dining,confirm_reservation,I prayed to you I stuck to jean At the Rose Hotel,"38:42:SL:PERSONAL_NAME,46:59:SL:HOTEL_NAME",[IN:confirm_reservation [SL:PERSONAL_NAME jean] [SL:HOTEL_NAME hôtel la Rose] ],PERSONAL_NAME: jean $$ HOTEL_NAME: hôtel la Rose,lin
kitchen_and_dining,confirm_reservation,Look where I stuck Smith and Winny at 6:45,"24:29:SL:PERSONAL_NAME,34:39:SL:PERSONAL_NAME,43:47:SL:TIME",[IN:confirm_reservation [SL:PERSONAL_NAME smith] [SL:PERSONAL_NAME Winny] [SL:TIME 6:45] ],PERSONAL_NAME: smith $$ PERSONAL_NAME: Winny $$ TIME: 6:45,lin
kitchen_and_dining,confirm_reservation,tell ME if I'm stuck in a tad place or not In a fantasy hotel ,"29:32:SL:PERSONAL_NAME,48:63:SL:HOTEL_NAME",[IN:confirm_reservation [SL:PERSONAL_NAME tad] [SL:HOTEL_NAME hôtel fantaisie] ],PERSONAL_NAME: tad $$ HOTEL_NAME: hôtel fantaisie,lin
kitchen_and_dining,confirm_reservation,"My post is confirmed, I'm booked for the 20/2 at 8pm","47:54:SL:DATE,58:61:SL:TIME",[IN:confirm_reservation [SL:DATE le 20/2] [SL:TIME 20h] ],DATE: le 20/2 $$ TIME: 20h,lin
kitchen_and_dining,confirm_reservation,I would like to confirm my place I will be closed on 20/2 at 8pm,"43:50:SL:DATE,54:57:SL:TIME",[IN:confirm_reservation [SL:DATE le 20/2] [SL:TIME 20h] ],DATE: le 20/2 $$ TIME: 20h,lin
kitchen_and_dining,confirm_reservation,strengthen the place I stuck to Josh At the palm hotel,"27:31:SL:PERSONAL_NAME,35:45:SL:HOTEL_NAME",[IN:confirm_reservation [SL:PERSONAL_NAME Josh] [SL:HOTEL_NAME hôtel palm] ],PERSONAL_NAME: Josh $$ HOTEL_NAME: hôtel palm,lin
kitchen_and_dining,confirm_reservation,I would like to confirm the place I stayed with Josh at the Palm Hotel,"40:44:SL:PERSONAL_NAME,48:58:SL:HOTEL_NAME",[IN:confirm_reservation [SL:PERSONAL_NAME Josh] [SL:HOTEL_NAME hôtel palm] ],PERSONAL_NAME: Josh $$ HOTEL_NAME: hôtel palm,lin
kitchen_and_dining,confirm_reservation,confirmed to be tied for the PONA Kevin place at the Hôtel du Peuple,"31:37:SL:PERSONAL_NAME,41:56:SL:HOTEL_NAME",[IN:confirm_reservation [SL:PERSONAL_NAME kevine] [SL:HOTEL_NAME hôtel du peuple] ],PERSONAL_NAME: kevine $$ HOTEL_NAME: hôtel du peuple,lin
kitchen_and_dining,confirm_reservation,confirmed place I stayed at the Hôtel du peuple at 6pm,"29:44:SL:HOTEL_NAME,48:51:SL:TIME",[IN:confirm_reservation [SL:HOTEL_NAME hôtel du peuple] [SL:TIME 18h] ],HOTEL_NAME: hôtel du peuple $$ TIME: 18h,lin
kitchen_and_dining,confirm_reservation,confirmed place I stayed at the hotel rose,29:39:SL:HOTEL_NAME,[IN:confirm_reservation [SL:HOTEL_NAME hôtel rose] ],HOTEL_NAME: hôtel rose,lin
kitchen_and_dining,confirm_reservation,Confirmed place I was arrested PONA 20/2 at 8pm,"31:35:SL:DATE,39:42:SL:TIME",[IN:confirm_reservation [SL:DATE 20/2] [SL:TIME 20h] ],DATE: 20/2 $$ TIME: 20h,lin
kitchen_and_dining,confirm_reservation,"Where did you catch PONA on March 21st at 8pm, is it still there?","24:48:SL:DATE,52:55:SL:TIME",[IN:confirm_reservation [SL:DATE le 21 ya sanza ya misato] [SL:TIME 20h] ],DATE: le 21 ya sanza ya misato $$ TIME: 20h,lin
kitchen_and_dining,confirm_reservation,"Is it because I have to close PONA on May 21, 2019 at 4pm","41:70:SL:DATE,74:77:SL:TIME",[IN:confirm_reservation [SL:DATE le 21 ya sanza ya mitano 2019] [SL:TIME 16h] ],DATE: le 21 ya sanza ya mitano 2019 $$ TIME: 16h,lin
kitchen_and_dining,confirm_reservation,I stayed at the hotel with Kevin,"36:41:SL:PERSONAL_NAME,45:54:SL:HOTEL_NAME",[IN:confirm_reservation [SL:PERSONAL_NAME Kevin] [SL:HOTEL_NAME hôtel bel] ],PERSONAL_NAME: Kevin $$ HOTEL_NAME: hôtel bel,lin
kitchen_and_dining,confirm_reservation,Please confirm that the venue will be closed on March 11 at 6:30 p.m.?,"57:81:SL:DATE,85:90:SL:TIME",[IN:confirm_reservation [SL:DATE le 11 ya sanza ya misato] [SL:TIME 18h30] ],DATE: le 11 ya sanza ya misato $$ TIME: 18h30,lin
kitchen_and_dining,confirm_reservation,Please confirm my place at 9am,"42:45:SL:PERSONAL_NAME,49:51:SL:TIME",[IN:confirm_reservation [SL:PERSONAL_NAME red] [SL:TIME 9h] ],PERSONAL_NAME: red $$ TIME: 9h,lin
kitchen_and_dining,confirm_reservation,Please confirm reservation of Sanz's seat 21 for 2 at 2 pm,"41:65:SL:DATE,69:72:SL:TIME",[IN:confirm_reservation [SL:DATE le 21 ya Sanz aya mibale] [SL:TIME 14h] ],DATE: le 21 ya Sanz aya mibale $$ TIME: 14h,lin
kitchen_and_dining,confirm_reservation,Please confirm your place I'm booked at the Béatrice Hotel at 5 pm,"44:58:SL:HOTEL_NAME,62:65:SL:TIME",[IN:confirm_reservation [SL:HOTEL_NAME hôtel Béatrice] [SL:TIME 17h] ],HOTEL_NAME: hôtel Béatrice $$ TIME: 17h,lin
kitchen_and_dining,confirm_reservation,Please confirm your place I'm closed PONA le 20 /2 at 8pm,"46:54:SL:DATE,58:61:SL:TIME",[IN:confirm_reservation [SL:DATE le 20 /2] [SL:TIME 20h] ],DATE: le 20 /2 $$ TIME: 20h,lin
kitchen_and_dining,confirm_reservation,Please tell ME if I have a reservation at the hotel starting at 3 pm is still available?,"57:68:SL:HOTEL_NAME,72:75:SL:TIME",[IN:confirm_reservation [SL:HOTEL_NAME hôtel start] [SL:TIME 15h] ],HOTEL_NAME: hôtel start $$ TIME: 15h,lin
kitchen_and_dining,confirm_reservation,I'm glad to confirm my place I'm closed PONA on 20/2 at 8pm,"46:53:SL:DATE,57:60:SL:TIME",[IN:confirm_reservation [SL:DATE le 20/2] [SL:TIME 20h] ],DATE: le 20/2 $$ TIME: 20h,lin
kitchen_and_dining,confirm_reservation,I'm glad to confirm my place I'm stuck with Red Robin at 5pm,"43:52:SL:PERSONAL_NAME,56:59:SL:TIME",[IN:confirm_reservation [SL:PERSONAL_NAME red Robin] [SL:TIME 17h] ],PERSONAL_NAME: red Robin $$ TIME: 17h,lin
kitchen_and_dining,confirm_reservation,I would like to confirm your reservation for my place tomorrow at 3 pm,"47:51:SL:DATE,55:58:SL:TIME",[IN:confirm_reservation [SL:DATE lobi] [SL:TIME 15h] ],DATE: lobi $$ TIME: 15h,lin
kitchen_and_dining,confirm_reservation,I would like to confirm the reservation for the sixth session of the week which will start at 11 am,"38:67:SL:DATE,77:80:SL:TIME",[IN:confirm_reservation [SL:DATE Moko lo ya motoba ya poso Oyo] [SL:TIME 11h] ],DATE: Moko lo ya motoba ya poso Oyo $$ TIME: 11h,lin
kitchen_and_dining,confirm_reservation,I would like to confirm my place I stayed at the Hôtel du Peuple at 6 o'clock,"41:56:SL:HOTEL_NAME,60:62:SL:TIME",[IN:confirm_reservation [SL:HOTEL_NAME hôtel du peuple] [SL:TIME 6h] ],HOTEL_NAME: hôtel du peuple $$ TIME: 6h,lin
kitchen_and_dining,confirm_reservation,I want to try PE I have confirmed a place I'm stuck with Josh at the hotel palm,"51:55:SL:PERSONAL_NAME,59:69:SL:HOTEL_NAME",[IN:confirm_reservation [SL:PERSONAL_NAME Josh] [SL:HOTEL_NAME hôtel palm] ],PERSONAL_NAME: Josh $$ HOTEL_NAME: hôtel palm,lin
kitchen_and_dining,confirm_reservation,Would you like to try and confirm if there is a place for you to lock up?,"71:78:SL:PERSONAL_NAME,82:92:SL:RESTAURANT_NAME",[IN:confirm_reservation [SL:PERSONAL_NAME Mélinda] [SL:RESTAURANT_NAME bar fermil] ],PERSONAL_NAME: Mélinda $$ RESTAURANT_NAME: bar fermil,lin
kitchen_and_dining,confirm_reservation,I would like to try and confirm if I have a place to stay PHOTOS Saul Na resto fermil?,"71:75:SL:PERSONAL_NAME,85:91:SL:RESTAURANT_NAME",[IN:confirm_reservation [SL:PERSONAL_NAME Saul] [SL:RESTAURANT_NAME fermil] ],PERSONAL_NAME: Saul $$ RESTAURANT_NAME: fermil,lin
kitchen_and_dining,confirm_reservation,I would like to try and confirm if I have a place to stay in PONA Sylvie Na resto grana?,"71:77:SL:PERSONAL_NAME,81:92:SL:RESTAURANT_NAME",[IN:confirm_reservation [SL:PERSONAL_NAME Sylvie] [SL:RESTAURANT_NAME resto grana] ],PERSONAL_NAME: Sylvie $$ RESTAURANT_NAME: resto grana,lin
kitchen_and_dining,confirm_reservation,I would like to try and confirm if I have a place to stay in the PON mike at the hotel la rose?,"70:74:SL:PERSONAL_NAME,78:91:SL:HOTEL_NAME",[IN:confirm_reservation [SL:PERSONAL_NAME mike] [SL:HOTEL_NAME hôtel la rose] ],PERSONAL_NAME: mike $$ HOTEL_NAME: hôtel la rose,lin
kitchen_and_dining,confirm_reservation,I would like to try and confirm if I have a place to stay in PONA pauline Na bar butam?,"70:77:SL:PERSONAL_NAME,81:91:SL:PLACE_NAME",[IN:confirm_reservation [SL:PERSONAL_NAME pauline] [SL:PLACE_NAME bar butamu] ],PERSONAL_NAME: pauline $$ PLACE_NAME: bar butamu,lin
kitchen_and_dining,confirm_reservation,I would like to try and confirm if I have a place to stay in the PONA stone Hotel Memling?,"70:76:SL:PERSONAL_NAME,80:93:SL:HOTEL_NAME",[IN:confirm_reservation [SL:PERSONAL_NAME pierre] [SL:HOTEL_NAME hôtel Memling] ],PERSONAL_NAME: pierre $$ HOTEL_NAME: hôtel Memling,lin
kitchen_and_dining,confirm_reservation,I want to see where he locked ME up at 6 PM,"39:44:SL:DATE,48:51:SL:TIME",[IN:confirm_reservation [SL:DATE le 18] [SL:TIME 13h] ],DATE: le 18 $$ TIME: 13h,lin
kitchen_and_dining,confirm_reservation,I want to know if they booked MY seat at the hotel rose at 5pm,"48:58:SL:HOTEL_NAME,64:67:SL:TIME",[IN:confirm_reservation [SL:HOTEL_NAME hôtel rose] [SL:TIME 17h] ],HOTEL_NAME: hôtel rose $$ TIME: 17h,lin
kitchen_and_dining,confirm_reservation,I want to know if Penza was arrested for josh place in the people's hotel.,"45:49:SL:PERSONAL_NAME,59:74:SL:HOTEL_NAME",[IN:confirm_reservation [SL:PERSONAL_NAME josh] [SL:HOTEL_NAME hôtel du peuple] ],PERSONAL_NAME: josh $$ HOTEL_NAME: hôtel du peuple,lin
kitchen_and_dining,confirm_reservation,I want you to confirm your place on March 1st at 8pm,"37:62:SL:DATE,66:69:SL:TIME",[IN:confirm_reservation [SL:DATE le 1er ya sanza ya misato] [SL:TIME 20h] ],DATE: le 1er ya sanza ya misato $$ TIME: 20h,lin
kitchen_and_dining,confirm_reservation,I want you to confirm the place I tied up Kevin at the Palm Hotel,"39:45:SL:PERSONAL_NAME,49:59:SL:HOTEL_NAME",[IN:confirm_reservation [SL:PERSONAL_NAME kevine] [SL:HOTEL_NAME hôtel palm] ],PERSONAL_NAME: kevine $$ HOTEL_NAME: hôtel palm,lin
kitchen_and_dining,confirm_reservation,I would like to have insurance to book a room at PONA George at the Hôtel du Peuple ,"57:63:SL:PERSONAL_NAME,67:82:SL:HOTEL_NAME",[IN:confirm_reservation [SL:PERSONAL_NAME George] [SL:HOTEL_NAME hôtel du peuple] ],PERSONAL_NAME: George $$ HOTEL_NAME: hôtel du peuple,lin
kitchen_and_dining,confirm_reservation,I want to confirm my place I've got Josh at the Palm Hotel,"46:50:SL:PERSONAL_NAME,54:64:SL:HOTEL_NAME",[IN:confirm_reservation [SL:PERSONAL_NAME Josh] [SL:HOTEL_NAME hôtel palm] ],PERSONAL_NAME: Josh $$ HOTEL_NAME: hôtel palm,lin
kitchen_and_dining,confirm_reservation,I want to get a confirmed place at Penza I got a Kevin at the People's Hotel,"47:53:SL:PERSONAL_NAME,57:72:SL:HOTEL_NAME",[IN:confirm_reservation [SL:PERSONAL_NAME kevine] [SL:HOTEL_NAME hôtel du peuple] ],PERSONAL_NAME: kevine $$ HOTEL_NAME: hôtel du peuple,lin
kitchen_and_dining,confirm_reservation,I'm at your place I'm stuck at the hotel at 3pm,"32:42:SL:HOTEL_NAME,46:49:SL:TIME",[IN:confirm_reservation [SL:HOTEL_NAME hôtel gold] [SL:TIME 15h] ],HOTEL_NAME: hôtel gold $$ TIME: 15h,lin
kitchen_and_dining,confirm_reservation,Do I have a place to stay at the Hotel Fleur at 7pm?,"28:39:SL:HOTEL_NAME,43:46:SL:TIME",[IN:confirm_reservation [SL:HOTEL_NAME hôtel fleur] [SL:TIME 19h] ],HOTEL_NAME: hôtel fleur $$ TIME: 19h,lin
kitchen_and_dining,confirm_reservation,can you assure me that I'm at the taco bell at 7pm,"42:51:SL:RESTAURANT_NAME,55:58:SL:TIME",[IN:confirm_reservation [SL:RESTAURANT_NAME taco bell] [SL:TIME 19h] ],RESTAURANT_NAME: taco bell $$ TIME: 19h,lin
kitchen_and_dining,confirm_reservation,can you confirm the reservation for February 13th and 18th,"35:59:SL:DATE,60:65:SL:DATE",[IN:confirm_reservation [SL:DATE le 13 ya sanza ya mibale] [SL:DATE na 18] ],DATE: le 13 ya sanza ya mibale $$ DATE: na 18,lin
kitchen_and_dining,confirm_reservation,can you confirm the reservation for 7th September 20,"35:54:SL:DATE,58:60:SL:NUMBER",[IN:confirm_reservation [SL:DATE le 7 sanza ya libwa] [SL:NUMBER 20] ],DATE: le 7 sanza ya libwa $$ NUMBER: 20,lin
kitchen_and_dining,confirm_reservation,can you confirm I booked a seat on March 13 at 5pm,"34:58:SL:DATE,62:65:SL:TIME",[IN:confirm_reservation [SL:DATE le 13 ya sanza ya misato] [SL:TIME 17h] ],DATE: le 13 ya sanza ya misato $$ TIME: 17h,lin
kitchen_and_dining,confirm_reservation,Can you confirm the place I stayed at the hotel palm,38:48:SL:HOTEL_NAME,[IN:confirm_reservation [SL:HOTEL_NAME hôtel palm] ],HOTEL_NAME: hôtel palm,lin
kitchen_and_dining,confirm_reservation,can you confirm the place I picked up Kevin at the Hotel du Peuple ?,"37:42:SL:PERSONAL_NAME,46:61:SL:HOTEL_NAME",[IN:confirm_reservation [SL:PERSONAL_NAME Kevin] [SL:HOTEL_NAME hôtel du peuple] ],PERSONAL_NAME: Kevin $$ HOTEL_NAME: hôtel du peuple,lin
kitchen_and_dining,confirm_reservation,you can check if they booked Mark's place at the hotel la rose,"31:35:SL:PERSONAL_NAME,45:58:SL:HOTEL_NAME",[IN:confirm_reservation [SL:PERSONAL_NAME Mark] [SL:HOTEL_NAME hôtel la rose] ],PERSONAL_NAME: Mark $$ HOTEL_NAME: hôtel la rose,lin
kitchen_and_dining,confirm_reservation,Do you know if the place I hung the diary is confirmer at 8pm,"30:36:SL:PERSONAL_NAME,56:59:SL:TIME",[IN:confirm_reservation [SL:PERSONAL_NAME didier] [SL:TIME 20h] ],PERSONAL_NAME: didier $$ TIME: 20h,lin
kitchen_and_dining,confirm_reservation,Is the place where they arrested me at the village inn still there?,26:37:SL:RESTAURANT_NAME,[IN:confirm_reservation [SL:RESTAURANT_NAME village inn] ],RESTAURANT_NAME: village inn,lin
kitchen_and_dining,confirm_reservation,"Place Na was locked in the lobby at 7pm, is that confirmation?","20:25:SL:CITY_OR_PROVINCE,31:34:SL:TIME",[IN:confirm_reservation [SL:CITY_OR_PROVINCE lushi] [SL:TIME 19h] ],CITY_OR_PROVINCE: lushi $$ TIME: 19h,lin
kitchen_and_dining,confirm_reservation,Make sure that Robert has a reservation at the Palm Hotel,"17:23:SL:PERSONAL_NAME,51:61:SL:HOTEL_NAME",[IN:confirm_reservation [SL:PERSONAL_NAME Robert] [SL:HOTEL_NAME hotel palm] ],PERSONAL_NAME: Robert $$ HOTEL_NAME: hotel palm,lin
kitchen_and_dining,confirm_reservation,See if Mike booked a room at the Black Rock Hotel at 18,"15:19:SL:PERSONAL_NAME,38:54:SL:HOTEL_NAME,58:60:SL:NUMBER",[IN:confirm_reservation [SL:PERSONAL_NAME Mike] [SL:HOTEL_NAME hôtel black rock] [SL:NUMBER 18] ],PERSONAL_NAME: Mike $$ HOTEL_NAME: hôtel black rock $$ NUMBER: 18,lin
kitchen_and_dining,confirm_reservation,Please confirm your reservation for my place on February 22,43:67:SL:DATE,[IN:confirm_reservation [SL:DATE le 22 ya sanza ya mibale] ],DATE: le 22 ya sanza ya mibale,lin
kitchen_and_dining,confirm_reservation,See if they booked Laura's place at the Hotel Béatrice ,"23:28:SL:PERSONAL_NAME,38:52:SL:HOTEL_NAME",[IN:confirm_reservation [SL:PERSONAL_NAME Laura] [SL:HOTEL_NAME hôtel Béatrice] ],PERSONAL_NAME: Laura $$ HOTEL_NAME: hôtel Béatrice,lin
kitchen_and_dining,confirm_reservation,See if they booked ME a room at the Memling PONA 9 Hotel,"36:49:SL:HOTEL_NAME,55:56:SL:NUMBER",[IN:confirm_reservation [SL:HOTEL_NAME hôtel Memling] [SL:NUMBER 9] ],HOTEL_NAME: hôtel Memling $$ NUMBER: 9,lin
kitchen_and_dining,confirm_reservation,See if they booked ME a place at the Palm Hotel at 6pm,"36:46:SL:HOTEL_NAME,50:53:SL:TIME",[IN:confirm_reservation [SL:HOTEL_NAME hôtel palm] [SL:TIME 18h] ],HOTEL_NAME: hôtel palm $$ TIME: 18h,lin
kitchen_and_dining,confirm_reservation,Let me know if they booked my place at the Sky Hotel at 6pm,"42:51:SL:HOTEL_NAME,55:58:SL:TIME",[IN:confirm_reservation [SL:HOTEL_NAME hôtel Sky] [SL:TIME 18h] ],HOTEL_NAME: hôtel Sky $$ TIME: 18h,lin
kitchen_and_dining,confirm_reservation,Confirmed four people picked a place I got stuck in beau vent,"14:20:SL:NUMBER,46:55:SL:HOTEL_NAME",[IN:confirm_reservation [SL:NUMBER mineyi] [SL:HOTEL_NAME beau vent] ],NUMBER: mineyi $$ HOTEL_NAME: beau vent,lin
kitchen_and_dining,confirm_reservation,confirmed place I got stuck PONA this evening,"31:36:SL:TIME,40:44:SL:DATE",[IN:confirm_reservation [SL:TIME pokwa] [SL:DATE lelo] ],TIME: pokwa $$ DATE: lelo,lin
kitchen_and_dining,confirm_reservation,I want to take the PE to confirm that my place is with Barthélémy at the Hôtel du Peuple,"57:67:SL:PERSONAL_NAME,71:86:SL:HOTEL_NAME",[IN:confirm_reservation [SL:PERSONAL_NAME Barthélémy] [SL:HOTEL_NAME hôtel du peuple] ],PERSONAL_NAME: Barthélémy $$ HOTEL_NAME: hôtel du peuple,lin
kitchen_and_dining,confirm_reservation,I want to take the PE to confirm that place I've got Christelle at the hotel Memling is,"57:67:SL:PERSONAL_NAME,71:84:SL:HOTEL_NAME",[IN:confirm_reservation [SL:PERSONAL_NAME Christelle] [SL:HOTEL_NAME hôtel Memling] ],PERSONAL_NAME: Christelle $$ HOTEL_NAME: hôtel Memling,lin
kitchen_and_dining,confirm_reservation,I want to take the PE to confirm that the place I'm staying with Justine at the Rose Hotel is,"57:64:SL:PERSONAL_NAME,68:81:SL:HOTEL_NAME",[IN:confirm_reservation [SL:PERSONAL_NAME Justine] [SL:HOTEL_NAME hôtel la Rose] ],PERSONAL_NAME: Justine $$ HOTEL_NAME: hôtel la Rose,lin
kitchen_and_dining,confirm_reservation,"Please, look at the times I was stuck in the house at 5am, pick up the stories","53:64:SL:PLACE_NAME,68:70:SL:TIME,76:82:SL:PERSONAL_NAME",[IN:confirm_reservation [SL:PLACE_NAME chez ntemba] [SL:TIME 5h] [SL:PERSONAL_NAME masapo] ],PLACE_NAME: chez ntemba $$ TIME: 5h $$ PERSONAL_NAME: masapo,lin
kitchen_and_dining,confirm_reservation,Look twice at the place I stayed at the grand hotel PONA le 6,"11:17:SL:NUMBER,38:49:SL:HOTEL_NAME,55:59:SL:DATE",[IN:confirm_reservation [SL:NUMBER mibale] [SL:HOTEL_NAME grand hotel] [SL:DATE le 6] ],NUMBER: mibale $$ HOTEL_NAME: grand hotel $$ DATE: le 6,lin
kitchen_and_dining,confirm_reservation,Be sure to reserve my place at the flower bar there is a program tomorrow,"37:47:SL:PLACE_NAME,66:70:SL:DATE",[IN:confirm_reservation [SL:PLACE_NAME flower bar] [SL:DATE lobi] ],PLACE_NAME: flower bar $$ DATE: lobi,lin
kitchen_and_dining,cook_time,What time does coffee get made?,10:14:SL:DISH_OR_FOOD,[IN:cook_time [SL:DISH_OR_FOOD café] ],DISH_OR_FOOD: café,lin
kitchen_and_dining,cook_time,how long does it take to prepare the wedding supplies?,18:24:SL:CALENDAR_EVENT,[IN:cook_time [SL:CALENDAR_EVENT libala] ],CALENDAR_EVENT: libala,lin
kitchen_and_dining,cook_time,how long does it take to bake bread?,8:14:SL:DISH_OR_FOOD,[IN:cook_time [SL:DISH_OR_FOOD kwanga] ],DISH_OR_FOOD: kwanga,lin
kitchen_and_dining,cook_time,how long does it take to cook a pork chop?,8:21:SL:DISH_OR_FOOD,[IN:cook_time [SL:DISH_OR_FOOD mbisi ya poka] ],DISH_OR_FOOD: mbisi ya poka,lin
kitchen_and_dining,cook_time,how long does it take to cook a yellow bean?,8:23:SL:DISH_OR_FOOD,[IN:cook_time [SL:DISH_OR_FOOD pondu ya mosaka] ],DISH_OR_FOOD: pondu ya mosaka,lin
kitchen_and_dining,cook_time,when will the rain come?,0:7:SL:DISH_OR_FOOD,[IN:cook_time [SL:DISH_OR_FOOD makemba] ],DISH_OR_FOOD: makemba,lin
kitchen_and_dining,cook_time,how long does it take for the corruption to go away?,8:14:SL:DISH_OR_FOOD,[IN:cook_time [SL:DISH_OR_FOOD madesu] ],DISH_OR_FOOD: madesu,lin
kitchen_and_dining,cook_time,what time is the mud cooked?,25:33:SL:DISH_OR_FOOD,[IN:cook_time [SL:DISH_OR_FOOD potopoto] ],DISH_OR_FOOD: potopoto,lin
kitchen_and_dining,cook_time,should I set a time to pray?,,[IN:cook_time ],,lin
kitchen_and_dining,cook_time,how many hours do I need to bake bread in the oven?,40:46:SL:DISH_OR_FOOD,[IN:cook_time [SL:DISH_OR_FOOD kwanga] ],DISH_OR_FOOD: kwanga,lin
kitchen_and_dining,cook_time,can you give me a time to prepare the dough?,40:44:SL:DISH_OR_FOOD,[IN:cook_time [SL:DISH_OR_FOOD fufu] ],DISH_OR_FOOD: fufu,lin
kitchen_and_dining,cook_time,How long did you give her to finish cooking the vegetables?,41:46:SL:DISH_OR_FOOD,[IN:cook_time [SL:DISH_OR_FOOD pondu] ],DISH_OR_FOOD: pondu,lin
kitchen_and_dining,cook_time,how many hours do you need to cook a casserole?,39:49:SL:DISH_OR_FOOD,[IN:cook_time [SL:DISH_OR_FOOD kikalakasa] ],DISH_OR_FOOD: kikalakasa,lin
kitchen_and_dining,cook_time,Give me half an hour to finish cooking.,10:26:SL:TIME,[IN:cook_time [SL:TIME ndambo ya ngonga] ],TIME: ndambo ya ngonga,lin
kitchen_and_dining,cook_time,how much time do we have to bake bread?,37:43:SL:DISH_OR_FOOD,[IN:cook_time [SL:DISH_OR_FOOD mikate] ],DISH_OR_FOOD: mikate,lin
kitchen_and_dining,cook_time,tell me how long it will take me to cook the sauce,45:52:SL:DISH_OR_FOOD,[IN:cook_time [SL:DISH_OR_FOOD mongusu] ],DISH_OR_FOOD: mongusu,lin
kitchen_and_dining,cook_time,how long does it take you to cook the meat?,10:16:SL:DISH_OR_FOOD,[IN:cook_time [SL:DISH_OR_FOOD libata] ],DISH_OR_FOOD: libata,lin
kitchen_and_dining,cook_time,how long do you cook vegetables for?,10:16:SL:DISH_OR_FOOD,[IN:cook_time [SL:DISH_OR_FOOD ndunda] ],DISH_OR_FOOD: ndunda,lin
kitchen_and_dining,cook_time,how many hours do you spend cooking the backs?,36:43:SL:DISH_OR_FOOD,[IN:cook_time [SL:DISH_OR_FOOD mikongo] ],DISH_OR_FOOD: mikongo,lin
kitchen_and_dining,cook_time,how long does it take to cook a finger to cook?,0:15:SL:DISH_OR_FOOD,[IN:cook_time [SL:DISH_OR_FOOD dedo ya kotumba] ],DISH_OR_FOOD: dedo ya kotumba,lin
kitchen_and_dining,cook_time,How long does it take to cook spices?,,[IN:cook_time ],,lin
kitchen_and_dining,cook_time,how long does it take to bake corn bread?,41:58:SL:DISH_OR_FOOD,[IN:cook_time [SL:DISH_OR_FOOD mikate ya masangu] ],DISH_OR_FOOD: mikate ya masangu,lin
kitchen_and_dining,cook_time,how long does it take to cook a stew?,39:45:SL:DISH_OR_FOOD,[IN:cook_time [SL:DISH_OR_FOOD esende] ],DISH_OR_FOOD: esende,lin
kitchen_and_dining,cook_time,How long does it take to cook the temples?,39:48:SL:DISH_OR_FOOD,[IN:cook_time [SL:DISH_OR_FOOD matembele] ],DISH_OR_FOOD: matembele,lin
kitchen_and_dining,cook_time,how long does it take to cook a dessert?,39:54:SL:DISH_OR_FOOD,[IN:cook_time [SL:DISH_OR_FOOD mbala ya sukali] ],DISH_OR_FOOD: mbala ya sukali,lin
kitchen_and_dining,cook_time,how long does it take to cook a goat?,39:46:SL:DISH_OR_FOOD,[IN:cook_time [SL:DISH_OR_FOOD mboloko] ],DISH_OR_FOOD: mboloko,lin
kitchen_and_dining,cook_time,how long does it take to cook a goat?,39:44:SL:DISH_OR_FOOD,[IN:cook_time [SL:DISH_OR_FOOD ntaba] ],DISH_OR_FOOD: ntaba,lin
kitchen_and_dining,cook_time,how long does it take to cook a snake with a knife?,"39:44:SL:DISH_OR_FOOD,56:63:SL:SHOPPING_ITEM",[IN:cook_time [SL:DISH_OR_FOOD nyoka] [SL:SHOPPING_ITEM mbabola] ],DISH_OR_FOOD: nyoka $$ SHOPPING_ITEM: mbabola,lin
kitchen_and_dining,cook_time,How many hours does it take to cook spaghetti?,39:48:SL:DISH_OR_FOOD,[IN:cook_time [SL:DISH_OR_FOOD spaghetti] ],DISH_OR_FOOD: spaghetti,lin
kitchen_and_dining,cook_time,how long does it take to cook the rice?,39:46:SL:DISH_OR_FOOD,[IN:cook_time [SL:DISH_OR_FOOD mipanzi] ],DISH_OR_FOOD: mipanzi,lin
kitchen_and_dining,cook_time,How much time is left before you give me the flour?,35:39:SL:DISH_OR_FOOD,[IN:cook_time [SL:DISH_OR_FOOD fufu] ],DISH_OR_FOOD: fufu,lin
kitchen_and_dining,cook_time,how long does it take to cook tomatoes?,10:17:SL:DISH_OR_FOOD,[IN:cook_time [SL:DISH_OR_FOOD tomates] ],DISH_OR_FOOD: tomates,lin
kitchen_and_dining,cook_time,how long does the noise cooking last?,8:16:SL:DISH_OR_FOOD,[IN:cook_time [SL:DISH_OR_FOOD makelele] ],DISH_OR_FOOD: makelele,lin
kitchen_and_dining,cook_time,how long does it take to cook yellow beans?,8:24:SL:DISH_OR_FOOD,[IN:cook_time [SL:DISH_OR_FOOD mbinzo ya mosaka] ],DISH_OR_FOOD: mbinzo ya mosaka,lin
kitchen_and_dining,cook_time,how long does it take to burn a bunch of beans?,"8:14:SL:DISH_OR_FOOD,18:25:SL:SHOPPING_ITEM",[IN:cook_time [SL:DISH_OR_FOOD liboke] [SL:SHOPPING_ITEM mbabola] ],DISH_OR_FOOD: liboke $$ SHOPPING_ITEM: mbabola,lin
kitchen_and_dining,cook_time,should I spend time cooking beans?,41:47:SL:DISH_OR_FOOD,[IN:cook_time [SL:DISH_OR_FOOD madesu] ],DISH_OR_FOOD: madesu,lin
kitchen_and_dining,cook_time,should I use the time to cook a meal?,41:46:SL:DISH_OR_FOOD,[IN:cook_time [SL:DISH_OR_FOOD mbala] ],DISH_OR_FOOD: mbala,lin
kitchen_and_dining,cook_time,should I wait an hour or so to cook the eggs?,44:48:SL:DISH_OR_FOOD,[IN:cook_time [SL:DISH_OR_FOOD maki] ],DISH_OR_FOOD: maki,lin
kitchen_and_dining,cook_time,How much time do I need to cook rice?,40:44:SL:DISH_OR_FOOD,[IN:cook_time [SL:DISH_OR_FOOD loso] ],DISH_OR_FOOD: loso,lin
kitchen_and_dining,cook_time,How many hours do I need to cook the pasta?,40:46:SL:DISH_OR_FOOD,[IN:cook_time [SL:DISH_OR_FOOD makoso] ],DISH_OR_FOOD: makoso,lin
kitchen_and_dining,cook_time,how much time do I need to bake bread?,40:44:SL:DISH_OR_FOOD,[IN:cook_time [SL:DISH_OR_FOOD mapa] ],DISH_OR_FOOD: mapa,lin
kitchen_and_dining,cook_time,how long do I need to cook the coconut?,40:46:SL:DISH_OR_FOOD,[IN:cook_time [SL:DISH_OR_FOOD makako] ],DISH_OR_FOOD: makako,lin
kitchen_and_dining,cook_time,how long does it take to cook the grates?,25:32:SL:DISH_OR_FOOD,[IN:cook_time [SL:DISH_OR_FOOD gratana] ],DISH_OR_FOOD: gratana,lin
kitchen_and_dining,cook_time,how long does it take to burn a bunch?,27:33:SL:DISH_OR_FOOD,[IN:cook_time [SL:DISH_OR_FOOD liboke] ],DISH_OR_FOOD: liboke,lin
kitchen_and_dining,cook_time,how long does it take to cook onions?,29:38:SL:DISH_OR_FOOD,[IN:cook_time [SL:DISH_OR_FOOD matungulu] ],DISH_OR_FOOD: matungulu,lin
kitchen_and_dining,cook_time,how long to fish?,29:34:SL:DISH_OR_FOOD,[IN:cook_time [SL:DISH_OR_FOOD mbisi] ],DISH_OR_FOOD: mbisi,lin
kitchen_and_dining,cook_time,how long does it take to wrap the fufu?,29:33:SL:DISH_OR_FOOD,[IN:cook_time [SL:DISH_OR_FOOD fufu] ],DISH_OR_FOOD: fufu,lin
kitchen_and_dining,cook_time,how long does it take to cook the clay pot?,27:38:SL:DISH_OR_FOOD,[IN:cook_time [SL:DISH_OR_FOOD dongo dongo] ],DISH_OR_FOOD: dongo dongo,lin
kitchen_and_dining,cook_time,how long does it take to cook the fufu?,27:31:SL:DISH_OR_FOOD,[IN:cook_time [SL:DISH_OR_FOOD fufu] ],DISH_OR_FOOD: fufu,lin
kitchen_and_dining,cook_time,how long does it take to cook a turkey?,27:33:SL:DISH_OR_FOOD,[IN:cook_time [SL:DISH_OR_FOOD fumbwa] ],DISH_OR_FOOD: fumbwa,lin
kitchen_and_dining,cook_time,how long does it take to cook a porridge?,27:31:SL:DISH_OR_FOOD,[IN:cook_time [SL:DISH_OR_FOOD koba] ],DISH_OR_FOOD: koba,lin
kitchen_and_dining,cook_time,how long does it take to cook the stomach?,27:33:SL:DISH_OR_FOOD,[IN:cook_time [SL:DISH_OR_FOOD mabumu] ],DISH_OR_FOOD: mabumu,lin
kitchen_and_dining,cook_time,how long does it take to cook the potato?,27:32:SL:DISH_OR_FOOD,[IN:cook_time [SL:DISH_OR_FOOD ngolo] ],DISH_OR_FOOD: ngolo,lin
kitchen_and_dining,cook_time,how long does it take to cook chicken?,27:32:SL:DISH_OR_FOOD,[IN:cook_time [SL:DISH_OR_FOOD nsoso] ],DISH_OR_FOOD: nsoso,lin
kitchen_and_dining,cook_time,how long does it take to cook the sandwich?,27:32:SL:DISH_OR_FOOD,[IN:cook_time [SL:DISH_OR_FOOD sinda] ],DISH_OR_FOOD: sinda,lin
kitchen_and_dining,cook_time,how long does it take to ask for eggs from a poor person?,"27:31:SL:DISH_OR_FOOD,43:50:SL:SHOPPING_ITEM",[IN:cook_time [SL:DISH_OR_FOOD maki] [SL:SHOPPING_ITEM mbabola] ],DISH_OR_FOOD: maki $$ SHOPPING_ITEM: mbabola,lin
kitchen_and_dining,cook_time,how long does it take to polish a paper?,28:34:SL:DISH_OR_FOOD,[IN:cook_time [SL:DISH_OR_FOOD papaye] ],DISH_OR_FOOD: papaye,lin
kitchen_and_dining,cook_time,how long does it take to cook?,,[IN:cook_time ],,lin
kitchen_and_dining,cook_time,How long should I put the pot on the stove?,29:34:SL:SHOPPING_ITEM,[IN:cook_time [SL:SHOPPING_ITEM zungu] ],SHOPPING_ITEM: zungu,lin
kitchen_and_dining,cook_time,how long should I keep the pot on fire?,29:34:SL:SHOPPING_ITEM,[IN:cook_time [SL:SHOPPING_ITEM zungu] ],SHOPPING_ITEM: zungu,lin
kitchen_and_dining,cook_time,how long does it take to bake bread?,23:29:SL:DISH_OR_FOOD,[IN:cook_time [SL:DISH_OR_FOOD mikate] ],DISH_OR_FOOD: mikate,lin
kitchen_and_dining,cook_time,how long does it take to cook the festive dishes?,37:41:SL:CALENDAR_EVENT,[IN:cook_time [SL:CALENDAR_EVENT fête] ],CALENDAR_EVENT: fête,lin
kitchen_and_dining,cook_time,how long does it take to cook a stew?,27:33:SL:DISH_OR_FOOD,[IN:cook_time [SL:DISH_OR_FOOD esende] ],DISH_OR_FOOD: esende,lin
kitchen_and_dining,cook_time,how long does it take to bake bread?,27:33:SL:DISH_OR_FOOD,[IN:cook_time [SL:DISH_OR_FOOD mikate] ],DISH_OR_FOOD: mikate,lin
kitchen_and_dining,cook_time,how long does it take to cook a batch?,27:33:SL:DISH_OR_FOOD,[IN:cook_time [SL:DISH_OR_FOOD moboke] ],DISH_OR_FOOD: moboke,lin
kitchen_and_dining,cook_time,how long does it take to cook the dumplings?,23:33:SL:DISH_OR_FOOD,[IN:cook_time [SL:DISH_OR_FOOD bitekuteku] ],DISH_OR_FOOD: bitekuteku,lin
kitchen_and_dining,cook_time,how long can you cook me chicken?,21:26:SL:DISH_OR_FOOD,[IN:cook_time [SL:DISH_OR_FOOD nsoso] ],DISH_OR_FOOD: nsoso,lin
kitchen_and_dining,cook_time,how long do you take to cook?,,[IN:cook_time ],,lin
kitchen_and_dining,cook_time,How many hours should you give her to cook you a cake?,47:53:SL:DISH_OR_FOOD,[IN:cook_time [SL:DISH_OR_FOOD makoso] ],DISH_OR_FOOD: makoso,lin
kitchen_and_dining,cook_time,how many hours do you need to cook a crocodile?,39:45:SL:DISH_OR_FOOD,[IN:cook_time [SL:DISH_OR_FOOD ngando] ],DISH_OR_FOOD: ngando,lin
kitchen_and_dining,cook_time,Give me an hour to finish cooking my gai.,34:42:SL:DISH_OR_FOOD,[IN:cook_time [SL:DISH_OR_FOOD ngai gai] ],DISH_OR_FOOD: ngai gai,lin
kitchen_and_dining,cook_time,hurry and bring me some bread to the table.,25:31:SL:DISH_OR_FOOD,[IN:cook_time [SL:DISH_OR_FOOD mikate] ],DISH_OR_FOOD: mikate,lin
kitchen_and_dining,cook_time,how long will it take for the water in the pot to boil?,15:20:SL:SHOPPING_ITEM,[IN:cook_time [SL:SHOPPING_ITEM zungu] ],SHOPPING_ITEM: zungu,lin
kitchen_and_dining,cook_time,how long will the rain last?,0:7:SL:DISH_OR_FOOD,[IN:cook_time [SL:DISH_OR_FOOD makombo] ],DISH_OR_FOOD: makombo,lin
kitchen_and_dining,cook_time,how long does it take for the beef to become tender?,4:20:SL:DISH_OR_FOOD,[IN:cook_time [SL:DISH_OR_FOOD misuni ya ngombe] ],DISH_OR_FOOD: misuni ya ngombe,lin
kitchen_and_dining,cook_time,how much time should I spend cooking the dishes?,46:52:SL:DISH_OR_FOOD,[IN:cook_time [SL:DISH_OR_FOOD misili] ],DISH_OR_FOOD: misili,lin
kitchen_and_dining,cook_time,how many hours do I need to cook rice?,40:47:SL:DISH_OR_FOOD,[IN:cook_time [SL:DISH_OR_FOOD ndakala] ],DISH_OR_FOOD: ndakala,lin
kitchen_and_dining,cook_time,how many hours did you give us to cook this dessert?,38:53:SL:DISH_OR_FOOD,[IN:cook_time [SL:DISH_OR_FOOD mbala ya sukali] ],DISH_OR_FOOD: mbala ya sukali,lin
kitchen_and_dining,cook_time,how long does the morning dew take to dry?,"0:8:SL:DISH_OR_FOOD,9:18:SL:MEAL_PERIOD",[IN:cook_time [SL:DISH_OR_FOOD potopoto] [SL:MEAL_PERIOD ya ntongo] ],DISH_OR_FOOD: potopoto $$ MEAL_PERIOD: ya ntongo,lin
kitchen_and_dining,cook_time,is soybean mud sustainable?,0:16:SL:DISH_OR_FOOD,[IN:cook_time [SL:DISH_OR_FOOD potopoto ya soja] ],DISH_OR_FOOD: potopoto ya soja,lin
kitchen_and_dining,food_last,how do they cook eggs?,10:14:SL:DISH_OR_FOOD,[IN:food_last [SL:DISH_OR_FOOD maki] ],DISH_OR_FOOD: maki,lin
kitchen_and_dining,food_last,when will the flour be spoiled?,0:4:SL:DISH_OR_FOOD,[IN:food_last [SL:DISH_OR_FOOD fufu] ],DISH_OR_FOOD: fufu,lin
kitchen_and_dining,food_last,will the flour deteriorate if I put it in the thermos?,"0:4:SL:DISH_OR_FOOD,29:36:SL:SHOPPING_ITEM",[IN:food_last [SL:DISH_OR_FOOD fufu] [SL:SHOPPING_ITEM thermos] ],DISH_OR_FOOD: fufu $$ SHOPPING_ITEM: thermos,lin
kitchen_and_dining,food_last,when will the wheat flour spoil?,0:15:SL:DISH_OR_FOOD,[IN:food_last [SL:DISH_OR_FOOD fufu ya masangu] ],DISH_OR_FOOD: fufu ya masangu,lin
kitchen_and_dining,food_last,can honey be spoiled?,0:14:SL:DISH_OR_FOOD,[IN:food_last [SL:DISH_OR_FOOD mafuta ya nzoi] ],DISH_OR_FOOD: mafuta ya nzoi,lin
kitchen_and_dining,food_last,give me some honey,12:26:SL:DISH_OR_FOOD,[IN:food_last [SL:DISH_OR_FOOD mafuta ya nzoi] ],DISH_OR_FOOD: mafuta ya nzoi,lin
kitchen_and_dining,food_last,how long will the goat meat take to cook?,0:15:SL:DISH_OR_FOOD,[IN:food_last [SL:DISH_OR_FOOD misuni ya ntaba] ],DISH_OR_FOOD: misuni ya ntaba,lin
kitchen_and_dining,food_last,where should I store the milk?,10:16:SL:DISH_OR_FOOD,[IN:food_last [SL:DISH_OR_FOOD miliki] ],DISH_OR_FOOD: miliki,lin
kitchen_and_dining,food_last,what should I write here?,,[IN:food_last ],,lin
kitchen_and_dining,food_last,where should I put the milk?,9:15:SL:DISH_OR_FOOD,[IN:food_last [SL:DISH_OR_FOOD miliki] ],DISH_OR_FOOD: miliki,lin
kitchen_and_dining,food_last,how long should I keep the flour in the thermos?,"22:26:SL:DISH_OR_FOOD,30:37:SL:SHOPPING_ITEM",[IN:food_last [SL:DISH_OR_FOOD fufu] [SL:SHOPPING_ITEM thermos] ],DISH_OR_FOOD: fufu $$ SHOPPING_ITEM: thermos,lin
kitchen_and_dining,food_last,how long should I keep the flour in the thermos?,"30:34:SL:DISH_OR_FOOD,38:45:SL:SHOPPING_ITEM",[IN:food_last [SL:DISH_OR_FOOD fufu] [SL:SHOPPING_ITEM thermos] ],DISH_OR_FOOD: fufu $$ SHOPPING_ITEM: thermos,lin
kitchen_and_dining,food_last,how many days until the mountain of the shield is destroyed?,21:36:SL:DISH_OR_FOOD,[IN:food_last [SL:DISH_OR_FOOD mwumba ya nguba] ],DISH_OR_FOOD: mwumba ya nguba,lin
kitchen_and_dining,food_last,how many days before I eat ground pepper?,29:37:SL:DISH_OR_FOOD,[IN:food_last [SL:DISH_OR_FOOD pilipili] ],DISH_OR_FOOD: pilipili,lin
kitchen_and_dining,food_last,how long will the flour last if I put it in the thermos?,"12:16:SL:DISH_OR_FOOD,40:47:SL:SHOPPING_ITEM",[IN:food_last [SL:DISH_OR_FOOD fufu] [SL:SHOPPING_ITEM thermos] ],DISH_OR_FOOD: fufu $$ SHOPPING_ITEM: thermos,lin
kitchen_and_dining,food_last,when will the wheat mud be destroyed?,0:19:SL:DISH_OR_FOOD,[IN:food_last [SL:DISH_OR_FOOD potopoto ya masangu] ],DISH_OR_FOOD: potopoto ya masangu,lin
kitchen_and_dining,food_last,what kind of milk do you sell here?,3:9:SL:DISH_OR_FOOD,[IN:food_last [SL:DISH_OR_FOOD miliki] ],DISH_OR_FOOD: miliki,lin
kitchen_and_dining,food_last,where do you keep the bread?,10:14:SL:DISH_OR_FOOD,[IN:food_last [SL:DISH_OR_FOOD mapa] ],DISH_OR_FOOD: mapa,lin
kitchen_and_dining,food_last,how do they lay eggs?,12:16:SL:DISH_OR_FOOD,[IN:food_last [SL:DISH_OR_FOOD maki] ],DISH_OR_FOOD: maki,lin
kitchen_and_dining,food_last,how do they like onions?,12:21:SL:DISH_OR_FOOD,[IN:food_last [SL:DISH_OR_FOOD matungulu] ],DISH_OR_FOOD: matungulu,lin
kitchen_and_dining,food_last,how is a cucumber cut?,9:18:SL:DISH_OR_FOOD,[IN:food_last [SL:DISH_OR_FOOD concombre] ],DISH_OR_FOOD: concombre,lin
kitchen_and_dining,food_last,how is macaroni cooked?,10:18:SL:DISH_OR_FOOD,[IN:food_last [SL:DISH_OR_FOOD macaroni] ],DISH_OR_FOOD: macaroni,lin
kitchen_and_dining,food_last,how is bread made?,10:14:SL:DISH_OR_FOOD,[IN:food_last [SL:DISH_OR_FOOD mapa] ],DISH_OR_FOOD: mapa,lin
kitchen_and_dining,food_last,where do they sell pork chops?,9:24:SL:DISH_OR_FOOD,[IN:food_last [SL:DISH_OR_FOOD makoso ya ngulu] ],DISH_OR_FOOD: makoso ya ngulu,lin
kitchen_and_dining,food_last,what can I buy in the freezer?,,[IN:food_last ],,lin
kitchen_and_dining,food_last,is the food in the freezer spoiled?,29:40:SL:SHOPPING_ITEM,[IN:food_last [SL:SHOPPING_ITEM congélateur] ],SHOPPING_ITEM: congélateur,lin
kitchen_and_dining,food_last,when will you buy honey?,10:15:SL:DISH_OR_FOOD,[IN:food_last [SL:DISH_OR_FOOD ndimo] ],DISH_OR_FOOD: ndimo,lin
kitchen_and_dining,food_last,Keep your bread in the freezer for a while,6:10:SL:DISH_OR_FOOD,[IN:food_last [SL:DISH_OR_FOOD mapa] ],DISH_OR_FOOD: mapa,lin
kitchen_and_dining,food_last,where do they get their food?,,[IN:food_last ],,lin
kitchen_and_dining,food_last,how do they cook goat meat?,10:25:SL:DISH_OR_FOOD,[IN:food_last [SL:DISH_OR_FOOD misuni ya ntaba] ],DISH_OR_FOOD: misuni ya ntaba,lin
kitchen_and_dining,food_last,do not give people bad milk,12:18:SL:DISH_OR_FOOD,[IN:food_last [SL:DISH_OR_FOOD miliki] ],DISH_OR_FOOD: miliki,lin
kitchen_and_dining,food_last,Do you sell gifts here?,,[IN:food_last ],,lin
kitchen_and_dining,food_last,do you have a finger in the freezer?,"10:14:SL:DISH_OR_FOOD,18:29:SL:SHOPPING_ITEM",[IN:food_last [SL:DISH_OR_FOOD dedo] [SL:SHOPPING_ITEM congélateur] ],DISH_OR_FOOD: dedo $$ SHOPPING_ITEM: congélateur,lin
kitchen_and_dining,food_last,do you have bread in your freezer?,10:14:SL:DISH_OR_FOOD,[IN:food_last [SL:DISH_OR_FOOD lipa] ],DISH_OR_FOOD: lipa,lin
kitchen_and_dining,food_last,how long does it take for an eggplant to heal?,23:32:SL:DISH_OR_FOOD,[IN:food_last [SL:DISH_OR_FOOD aubergine] ],DISH_OR_FOOD: aubergine,lin
kitchen_and_dining,food_last,where can I buy bread?,20:24:SL:DISH_OR_FOOD,[IN:food_last [SL:DISH_OR_FOOD mapa] ],DISH_OR_FOOD: mapa,lin
kitchen_and_dining,food_last,how long does it take to bake a cake?,8:12:SL:DISH_OR_FOOD,[IN:food_last [SL:DISH_OR_FOOD cake] ],DISH_OR_FOOD: cake,lin
kitchen_and_dining,food_last,how long does it take to cook the rice?,8:15:SL:DISH_OR_FOOD,[IN:food_last [SL:DISH_OR_FOOD mipanzi] ],DISH_OR_FOOD: mipanzi,lin
kitchen_and_dining,food_last,how long does it take to cook chicken?,8:13:SL:DISH_OR_FOOD,[IN:food_last [SL:DISH_OR_FOOD nsoso] ],DISH_OR_FOOD: nsoso,lin
kitchen_and_dining,food_last,eating yesterday's bread doesn't make the stomach feel better?,"6:10:SL:DISH_OR_FOOD,14:18:SL:DATE",[IN:food_last [SL:DISH_OR_FOOD mapa] [SL:DATE lobi] ],DISH_OR_FOOD: mapa $$ DATE: lobi,lin
kitchen_and_dining,food_last,does eating green vegetables with yellow food make you sick?,6:21:SL:DISH_OR_FOOD,[IN:food_last [SL:DISH_OR_FOOD pondu na mosaka] ],DISH_OR_FOOD: pondu na mosaka,lin
kitchen_and_dining,food_last,Do not give me a burning flame,12:18:SL:DISH_OR_FOOD,[IN:food_last [SL:DISH_OR_FOOD malala] ],DISH_OR_FOOD: malala,lin
kitchen_and_dining,food_last,How long will it take my fish to mature?,0:5:SL:DISH_OR_FOOD,[IN:food_last [SL:DISH_OR_FOOD mbisi] ],DISH_OR_FOOD: mbisi,lin
kitchen_and_dining,food_last,bring me some hot bread,12:16:SL:DISH_OR_FOOD,[IN:food_last [SL:DISH_OR_FOOD mapa] ],DISH_OR_FOOD: mapa,lin
kitchen_and_dining,food_last,how long does goat meat stay in the freezer?,12:27:SL:DISH_OR_FOOD,[IN:food_last [SL:DISH_OR_FOOD misuni ya ntaba] ],DISH_OR_FOOD: misuni ya ntaba,lin
kitchen_and_dining,food_last,how long should I keep the eggs in the freezer?,21:25:SL:DISH_OR_FOOD,[IN:food_last [SL:DISH_OR_FOOD maki] ],DISH_OR_FOOD: maki,lin
kitchen_and_dining,food_last,how many days should I keep the eggs in the freezer?,30:34:SL:DISH_OR_FOOD,[IN:food_last [SL:DISH_OR_FOOD maki] ],DISH_OR_FOOD: maki,lin
kitchen_and_dining,food_last,the meat of the goat is rotten?,0:16:SL:DISH_OR_FOOD,[IN:food_last [SL:DISH_OR_FOOD misuni ya makoso] ],DISH_OR_FOOD: misuni ya makoso,lin
kitchen_and_dining,food_last,when do they cook goat in restaurant?,22:27:SL:DISH_OR_FOOD,[IN:food_last [SL:DISH_OR_FOOD ntaba] ],DISH_OR_FOOD: ntaba,lin
kitchen_and_dining,food_last,why is my bread so hard?,9:15:SL:DISH_OR_FOOD,[IN:food_last [SL:DISH_OR_FOOD kwanga] ],DISH_OR_FOOD: kwanga,lin
kitchen_and_dining,food_last,how late do you have to ask for chicken?,39:44:SL:DISH_OR_FOOD,[IN:food_last [SL:DISH_OR_FOOD nsoso] ],DISH_OR_FOOD: nsoso,lin
kitchen_and_dining,food_last,Where should I store the avocado?,11:17:SL:DISH_OR_FOOD,[IN:food_last [SL:DISH_OR_FOOD avocat] ],DISH_OR_FOOD: avocat,lin
kitchen_and_dining,food_last,Where do I keep the goat meat?,11:26:SL:DISH_OR_FOOD,[IN:food_last [SL:DISH_OR_FOOD misuni ya ntaba] ],DISH_OR_FOOD: misuni ya ntaba,lin
kitchen_and_dining,food_last,how do I keep the bread cold?,11:15:SL:DISH_OR_FOOD,[IN:food_last [SL:DISH_OR_FOOD mapa] ],DISH_OR_FOOD: mapa,lin
kitchen_and_dining,food_last,where will I hide the bread?,10:14:SL:DISH_OR_FOOD,[IN:food_last [SL:DISH_OR_FOOD lipa] ],DISH_OR_FOOD: lipa,lin
kitchen_and_dining,food_last,where should I hide the eggs?,10:14:SL:DISH_OR_FOOD,[IN:food_last [SL:DISH_OR_FOOD maki] ],DISH_OR_FOOD: maki,lin
kitchen_and_dining,food_last,can I eat the beans that were stored in the freezer?,13:19:SL:DISH_OR_FOOD,[IN:food_last [SL:DISH_OR_FOOD madesu] ],DISH_OR_FOOD: madesu,lin
kitchen_and_dining,food_last,can I put the milk in the freezer?,14:20:SL:DISH_OR_FOOD,[IN:food_last [SL:DISH_OR_FOOD miliki] ],DISH_OR_FOOD: miliki,lin
kitchen_and_dining,food_last,can I have a piglet?,13:31:SL:DISH_OR_FOOD,[IN:food_last [SL:DISH_OR_FOOD ngulu ya kokalinga] ],DISH_OR_FOOD: ngulu ya kokalinga,lin
kitchen_and_dining,food_last,how long should I keep the ham?,18:24:SL:DISH_OR_FOOD,[IN:food_last [SL:DISH_OR_FOOD jambon] ],DISH_OR_FOOD: jambon,lin
kitchen_and_dining,food_last,How much time should I save in the kitchen?,,[IN:food_last ],,lin
kitchen_and_dining,food_last,how long did you notice the milk was spoiled?,28:34:SL:DISH_OR_FOOD,[IN:food_last [SL:DISH_OR_FOOD miliki] ],DISH_OR_FOOD: miliki,lin
kitchen_and_dining,food_last,how many days until the rain comes?,21:28:SL:DISH_OR_FOOD,[IN:food_last [SL:DISH_OR_FOOD makemba] ],DISH_OR_FOOD: makemba,lin
kitchen_and_dining,food_last,how late should I eat my breakfast?,37:41:SL:DISH_OR_FOOD,[IN:food_last [SL:DISH_OR_FOOD mapa] ],DISH_OR_FOOD: mapa,lin
kitchen_and_dining,food_last,can you give me pork?,18:33:SL:DISH_OR_FOOD,[IN:food_last [SL:DISH_OR_FOOD misuni ya ngulu] ],DISH_OR_FOOD: misuni ya ngulu,lin
kitchen_and_dining,food_last,do you drink milk every day of the week?,"8:14:SL:DISH_OR_FOOD,15:35:SL:DATE",[IN:food_last [SL:DISH_OR_FOOD miliki] [SL:DATE mikolo nyoso na poso] ],DISH_OR_FOOD: miliki $$ DATE: mikolo nyoso na poso,lin
kitchen_and_dining,food_last,You must eat the bribe you were saved for tomorrow,"15:21:SL:DISH_OR_FOOD,35:39:SL:DATE",[IN:food_last [SL:DISH_OR_FOOD madesu] [SL:DATE lobi] ],DISH_OR_FOOD: madesu $$ DATE: lobi,lin
kitchen_and_dining,food_last,give me the eggs in the freezer.,10:14:SL:DISH_OR_FOOD,[IN:food_last [SL:DISH_OR_FOOD maki] ],DISH_OR_FOOD: maki,lin
kitchen_and_dining,food_last,Give me the vegetables you cooked yesterday.,"10:16:SL:DISH_OR_FOOD,31:35:SL:DATE",[IN:food_last [SL:DISH_OR_FOOD ndunda] [SL:DATE lobi] ],DISH_OR_FOOD: ndunda $$ DATE: lobi,lin
kitchen_and_dining,food_last,heat the bread in the freezer ,5:9:SL:DISH_OR_FOOD,[IN:food_last [SL:DISH_OR_FOOD mapa] ],DISH_OR_FOOD: mapa,lin
kitchen_and_dining,food_last,tell them that our milk is spoiled ,17:23:SL:DISH_OR_FOOD,[IN:food_last [SL:DISH_OR_FOOD miliki] ],DISH_OR_FOOD: miliki,lin
kitchen_and_dining,food_last,Tell me how long will the milk last?,33:39:SL:DISH_OR_FOOD,[IN:food_last [SL:DISH_OR_FOOD miliki] ],DISH_OR_FOOD: miliki,lin
kitchen_and_dining,food_last,can I drink the coffee juice I made yesterday today?,"7:11:SL:DISH_OR_FOOD,22:26:SL:DATE,49:53:SL:DATE",[IN:food_last [SL:DISH_OR_FOOD café] [SL:DATE lobi] [SL:DATE lelo] ],DISH_OR_FOOD: café $$ DATE: lobi $$ DATE: lelo,lin
kitchen_and_dining,food_last,can I eat boiled eggs after a week?,"0:16:SL:DISH_OR_FOOD,45:54:SL:DATE",[IN:food_last [SL:DISH_OR_FOOD maki ya kotokisa] [SL:DATE poso moko] ],DISH_OR_FOOD: maki ya kotokisa $$ DATE: poso moko,lin
kitchen_and_dining,food_last,When will the fish die?,0:12:SL:DISH_OR_FOOD,[IN:food_last [SL:DISH_OR_FOOD mbisi ya mai] ],DISH_OR_FOOD: mbisi ya mai,lin
kitchen_and_dining,food_last,how long should I keep the rice?,30:34:SL:DISH_OR_FOOD,[IN:food_last [SL:DISH_OR_FOOD loso] ],DISH_OR_FOOD: loso,lin
kitchen_and_dining,food_last,the bottle of Fanta I opened when I can drink it in the evening?,"11:16:SL:DISH_OR_FOOD,32:38:SL:TIME,62:68:SL:TIME",[IN:food_last [SL:DISH_OR_FOOD Fanta] [SL:TIME ntango] [SL:TIME mpokwa] ],DISH_OR_FOOD: Fanta $$ TIME: ntango $$ TIME: mpokwa,lin
kitchen_and_dining,food_last,where should I store the rice?,10:14:SL:DISH_OR_FOOD,[IN:food_last [SL:DISH_OR_FOOD loso] ],DISH_OR_FOOD: loso,lin
kitchen_and_dining,food_last,how long should I keep the eggs in the freezer?,10:14:SL:DISH_OR_FOOD,[IN:food_last [SL:DISH_OR_FOOD maki] ],DISH_OR_FOOD: maki,lin
kitchen_and_dining,food_last,can you bring me some milk to put in the cafe?,"19:25:SL:DISH_OR_FOOD,40:44:SL:DISH_OR_FOOD",[IN:food_last [SL:DISH_OR_FOOD miliki] [SL:DISH_OR_FOOD café] ],DISH_OR_FOOD: miliki $$ DISH_OR_FOOD: café,lin
kitchen_and_dining,ingredients_list,What spices should I order from the stove?,29:39:SL:DISH_OR_FOOD,[IN:ingredients_list [SL:DISH_OR_FOOD bitekuteku] ],DISH_OR_FOOD: bitekuteku,lin
kitchen_and_dining,ingredients_list,what ingredients are used in cigarettes?,31:39:SL:DISH_OR_FOOD,[IN:ingredients_list [SL:DISH_OR_FOOD makayabo] ],DISH_OR_FOOD: makayabo,lin
kitchen_and_dining,ingredients_list,what ingredients are used in the dish?,31:36:SL:DISH_OR_FOOD,[IN:ingredients_list [SL:DISH_OR_FOOD mbika] ],DISH_OR_FOOD: mbika,lin
kitchen_and_dining,ingredients_list,how is the chicken cooked?,10:15:SL:DISH_OR_FOOD,[IN:ingredients_list [SL:DISH_OR_FOOD mbika] ],DISH_OR_FOOD: mbika,lin
kitchen_and_dining,ingredients_list,what should I buy to cook fuka?,34:40:SL:DISH_OR_FOOD,[IN:ingredients_list [SL:DISH_OR_FOOD fumbwa] ],DISH_OR_FOOD: fumbwa,lin
kitchen_and_dining,ingredients_list,what do you cook fish with?,8:20:SL:DISH_OR_FOOD,[IN:ingredients_list [SL:DISH_OR_FOOD mbisi ya mai] ],DISH_OR_FOOD: mbisi ya mai,lin
kitchen_and_dining,ingredients_list,What spices make the food smell good?,,[IN:ingredients_list ],,lin
kitchen_and_dining,ingredients_list,what ingredients are used in cooking a goat?,8:15:SL:DISH_OR_FOOD,[IN:ingredients_list [SL:DISH_OR_FOOD mboloko] ],DISH_OR_FOOD: mboloko,lin
kitchen_and_dining,ingredients_list,What kind of meat do we eat?,0:20:SL:DISH_OR_FOOD,[IN:ingredients_list [SL:DISH_OR_FOOD makemba ya kokalinga] ],DISH_OR_FOOD: makemba ya kokalinga,lin
kitchen_and_dining,ingredients_list,to make the leaves smell good what do they put in them?,4:9:SL:DISH_OR_FOOD,[IN:ingredients_list [SL:DISH_OR_FOOD pondu] ],DISH_OR_FOOD: pondu,lin
kitchen_and_dining,ingredients_list,to make the chicken soup turn red what do you put in it?,4:17:SL:DISH_OR_FOOD,[IN:ingredients_list [SL:DISH_OR_FOOD supu ya nsoso] ],DISH_OR_FOOD: supu ya nsoso,lin
kitchen_and_dining,ingredients_list,what do I eat flour with?,8:12:SL:DISH_OR_FOOD,[IN:ingredients_list [SL:DISH_OR_FOOD fufu] ],DISH_OR_FOOD: fufu,lin
kitchen_and_dining,ingredients_list,what should I bribe?,8:14:SL:DISH_OR_FOOD,[IN:ingredients_list [SL:DISH_OR_FOOD madesu] ],DISH_OR_FOOD: madesu,lin
kitchen_and_dining,ingredients_list,what should I buy to order in green?,40:45:SL:DISH_OR_FOOD,[IN:ingredients_list [SL:DISH_OR_FOOD pondu] ],DISH_OR_FOOD: pondu,lin
kitchen_and_dining,ingredients_list,I want to know how to cook dumplings. What ingredients are used in them?,23:29:SL:DISH_OR_FOOD,[IN:ingredients_list [SL:DISH_OR_FOOD bilolo] ],DISH_OR_FOOD: bilolo,lin
kitchen_and_dining,ingredients_list,what shall we eat fish with?,8:13:SL:DISH_OR_FOOD,[IN:ingredients_list [SL:DISH_OR_FOOD mbisi] ],DISH_OR_FOOD: mbisi,lin
kitchen_and_dining,ingredients_list,what ingredients are added to vegetables?,31:37:SL:DISH_OR_FOOD,[IN:ingredients_list [SL:DISH_OR_FOOD ndunda] ],DISH_OR_FOOD: ndunda,lin
kitchen_and_dining,ingredients_list,what ingredients are used in cooking vegetables?,43:48:SL:DISH_OR_FOOD,[IN:ingredients_list [SL:DISH_OR_FOOD pondu] ],DISH_OR_FOOD: pondu,lin
kitchen_and_dining,ingredients_list,what ingredients are used in the chips?,31:36:SL:DISH_OR_FOOD,[IN:ingredients_list [SL:DISH_OR_FOOD chips] ],DISH_OR_FOOD: chips,lin
kitchen_and_dining,ingredients_list,what ingredients are used in scrambled eggs?,31:48:SL:DISH_OR_FOOD,[IN:ingredients_list [SL:DISH_OR_FOOD maki ya kokalinga] ],DISH_OR_FOOD: maki ya kokalinga,lin
kitchen_and_dining,ingredients_list,what ingredients are added to the sauce?,31:37:SL:DISH_OR_FOOD,[IN:ingredients_list [SL:DISH_OR_FOOD mosaka] ],DISH_OR_FOOD: mosaka,lin
kitchen_and_dining,ingredients_list,what ingredients are they putting in my me?,31:40:SL:DISH_OR_FOOD,[IN:ingredients_list [SL:DISH_OR_FOOD ngai ngai] ],DISH_OR_FOOD: ngai ngai,lin
kitchen_and_dining,ingredients_list,what ingredients are used in vegetables?,31:36:SL:DISH_OR_FOOD,[IN:ingredients_list [SL:DISH_OR_FOOD pondu] ],DISH_OR_FOOD: pondu,lin
kitchen_and_dining,ingredients_list,what ingredients make a product smell good?,,[IN:ingredients_list ],,lin
kitchen_and_dining,ingredients_list,what ingredients should I look for to order a chicken?,51:57:SL:DISH_OR_FOOD,[IN:ingredients_list [SL:DISH_OR_FOOD fumbwa] ],DISH_OR_FOOD: fumbwa,lin
kitchen_and_dining,ingredients_list,what ingredients do I need to eat rice?,51:55:SL:DISH_OR_FOOD,[IN:ingredients_list [SL:DISH_OR_FOOD loso] ],DISH_OR_FOOD: loso,lin
kitchen_and_dining,ingredients_list,what ingredients do I need to make the breast implants?,53:59:SL:DISH_OR_FOOD,[IN:ingredients_list [SL:DISH_OR_FOOD mabumu] ],DISH_OR_FOOD: mabumu,lin
kitchen_and_dining,ingredients_list,what do they cook eggs with?,12:16:SL:DISH_OR_FOOD,[IN:ingredients_list [SL:DISH_OR_FOOD maki] ],DISH_OR_FOOD: maki,lin
kitchen_and_dining,ingredients_list,what do they love about boxes?,12:21:SL:DISH_OR_FOOD,[IN:ingredients_list [SL:DISH_OR_FOOD makpokolo] ],DISH_OR_FOOD: makpokolo,lin
kitchen_and_dining,ingredients_list,what do they use to catch the finger?,10:14:SL:DISH_OR_FOOD,[IN:ingredients_list [SL:DISH_OR_FOOD dedo] ],DISH_OR_FOOD: dedo,lin
kitchen_and_dining,ingredients_list,what ingredients are used to make bread?,10:14:SL:DISH_OR_FOOD,[IN:ingredients_list [SL:DISH_OR_FOOD mapa] ],DISH_OR_FOOD: mapa,lin
kitchen_and_dining,ingredients_list,what do they mix to cook vegetables with?,35:40:SL:DISH_OR_FOOD,[IN:ingredients_list [SL:DISH_OR_FOOD pondu] ],DISH_OR_FOOD: pondu,lin
kitchen_and_dining,ingredients_list,what are the ingredients used to order the cookies?,36:45:SL:DISH_OR_FOOD,[IN:ingredients_list [SL:DISH_OR_FOOD makpokolo] ],DISH_OR_FOOD: makpokolo,lin
kitchen_and_dining,ingredients_list,what ingredients are put in the sauce?,,[IN:ingredients_list ],,lin
kitchen_and_dining,ingredients_list,what ingredients are used in cooking vegetables?,9:14:SL:DISH_OR_FOOD,[IN:ingredients_list [SL:DISH_OR_FOOD pondu] ],DISH_OR_FOOD: pondu,lin
kitchen_and_dining,ingredients_list,what are the requirements for a bribe?,36:42:SL:DISH_OR_FOOD,[IN:ingredients_list [SL:DISH_OR_FOOD madesu] ],DISH_OR_FOOD: madesu,lin
kitchen_and_dining,ingredients_list,what ingredients are used to bake bread?,36:40:SL:DISH_OR_FOOD,[IN:ingredients_list [SL:DISH_OR_FOOD mapa] ],DISH_OR_FOOD: mapa,lin
kitchen_and_dining,ingredients_list,what items are included in the package?,24:34:SL:DISH_OR_FOOD,[IN:ingredients_list [SL:DISH_OR_FOOD kikalakasa] ],DISH_OR_FOOD: kikalakasa,lin
kitchen_and_dining,ingredients_list,what ingredients are used in fuka?,32:38:SL:DISH_OR_FOOD,[IN:ingredients_list [SL:DISH_OR_FOOD fumbwa] ],DISH_OR_FOOD: fumbwa,lin
kitchen_and_dining,ingredients_list,what ingredients are used in corn bread?,24:41:SL:DISH_OR_FOOD,[IN:ingredients_list [SL:DISH_OR_FOOD mikate ya masangu] ],DISH_OR_FOOD: mikate ya masangu,lin
kitchen_and_dining,ingredients_list,what ingredients should I use in the dishes?,32:38:SL:DISH_OR_FOOD,[IN:ingredients_list [SL:DISH_OR_FOOD misili] ],DISH_OR_FOOD: misili,lin
kitchen_and_dining,ingredients_list,what ingredient is put in the roast pork?,28:44:SL:DISH_OR_FOOD,[IN:ingredients_list [SL:DISH_OR_FOOD ngulu ya kotumba] ],DISH_OR_FOOD: ngulu ya kotumba,lin
kitchen_and_dining,ingredients_list,What ingredient should I use to cook the cuisse?,36:42:SL:DISH_OR_FOOD,[IN:ingredients_list [SL:DISH_OR_FOOD cuisse] ],DISH_OR_FOOD: cuisse,lin
kitchen_and_dining,ingredients_list,What ingredient should I add to order spinach?,41:49:SL:DISH_OR_FOOD,[IN:ingredients_list [SL:DISH_OR_FOOD épinards] ],DISH_OR_FOOD: épinards,lin
kitchen_and_dining,ingredients_list,what do you want me to put in the eggs?,10:14:SL:DISH_OR_FOOD,[IN:ingredients_list [SL:DISH_OR_FOOD maki] ],DISH_OR_FOOD: maki,lin
kitchen_and_dining,ingredients_list,what ingredients should I include in the cooking of the dishes?,8:15:SL:DISH_OR_FOOD,[IN:ingredients_list [SL:DISH_OR_FOOD makombo] ],DISH_OR_FOOD: makombo,lin
kitchen_and_dining,ingredients_list,what ingredient should I use to cook chicken?,8:13:SL:DISH_OR_FOOD,[IN:ingredients_list [SL:DISH_OR_FOOD nsoso] ],DISH_OR_FOOD: nsoso,lin
kitchen_and_dining,ingredients_list,what ingredients will you use for breakfast?,0:15:SL:MEAL_PERIOD,[IN:ingredients_list [SL:MEAL_PERIOD kolia ya ntongo] ],MEAL_PERIOD: kolia ya ntongo,lin
kitchen_and_dining,ingredients_list,show me the ingredients to put in the fish pack,36:51:SL:DISH_OR_FOOD,[IN:ingredients_list [SL:DISH_OR_FOOD liboke ya mbisi] ],DISH_OR_FOOD: liboke ya mbisi,lin
kitchen_and_dining,ingredients_list,what ingredients should I put in the grilled goat meat?,0:15:SL:DISH_OR_FOOD,[IN:ingredients_list [SL:DISH_OR_FOOD misuni ya ntaba] ],DISH_OR_FOOD: misuni ya ntaba,lin
kitchen_and_dining,ingredients_list,to order a bottle I would include what items?,15:21:SL:DISH_OR_FOOD,[IN:ingredients_list [SL:DISH_OR_FOOD libata] ],DISH_OR_FOOD: libata,lin
kitchen_and_dining,ingredients_list,"to order a yellow cheese, what should I mix it with?",15:30:SL:DISH_OR_FOOD,[IN:ingredients_list [SL:DISH_OR_FOOD pondu ya mosaka] ],DISH_OR_FOOD: pondu ya mosaka,lin
kitchen_and_dining,ingredients_list,"to cook a pig's head, what should I put in it?",15:30:SL:DISH_OR_FOOD,[IN:ingredients_list [SL:DISH_OR_FOOD liboke ya ngulu] ],DISH_OR_FOOD: liboke ya ngulu,lin
kitchen_and_dining,ingredients_list,what should I put in the vegetables to make them green?,4:10:SL:DISH_OR_FOOD,[IN:ingredients_list [SL:DISH_OR_FOOD ndunda] ],DISH_OR_FOOD: ndunda,lin
kitchen_and_dining,ingredients_list,what ingredient is used to make the leaf smell good?,4:9:SL:DISH_OR_FOOD,[IN:ingredients_list [SL:DISH_OR_FOOD pondu] ],DISH_OR_FOOD: pondu,lin
kitchen_and_dining,ingredients_list,what ingredients are used in the dishes?,3:13:SL:DISH_OR_FOOD,[IN:ingredients_list [SL:DISH_OR_FOOD bitekuteku] ],DISH_OR_FOOD: bitekuteku,lin
kitchen_and_dining,ingredients_list,what ingredients should I use in the baking process?,11:17:SL:DISH_OR_FOOD,[IN:ingredients_list [SL:DISH_OR_FOOD mikate] ],DISH_OR_FOOD: mikate,lin
kitchen_and_dining,ingredients_list,what ingredients are used in the bread?,3:9:SL:DISH_OR_FOOD,[IN:ingredients_list [SL:DISH_OR_FOOD mikate] ],DISH_OR_FOOD: mikate,lin
kitchen_and_dining,ingredients_list,what ingredients are used in the picnic?,3:14:SL:CALENDAR_EVENT,[IN:ingredients_list [SL:CALENDAR_EVENT pique-nique] ],CALENDAR_EVENT: pique-nique,lin
kitchen_and_dining,ingredients_list,What should I eat to make love?,8:28:SL:DISH_OR_FOOD,[IN:ingredients_list [SL:DISH_OR_FOOD makemba ya kokalinga] ],DISH_OR_FOOD: makemba ya kokalinga,lin
kitchen_and_dining,ingredients_list,what should I buy to cook the rice?,34:40:SL:DISH_OR_FOOD,[IN:ingredients_list [SL:DISH_OR_FOOD madesu] ],DISH_OR_FOOD: madesu,lin
kitchen_and_dining,ingredients_list,what should I buy for the eggs?,36:40:SL:DISH_OR_FOOD,[IN:ingredients_list [SL:DISH_OR_FOOD maki] ],DISH_OR_FOOD: maki,lin
kitchen_and_dining,ingredients_list,what ingredient should I add to the breast milk?,40:46:SL:DISH_OR_FOOD,[IN:ingredients_list [SL:DISH_OR_FOOD mabumu] ],DISH_OR_FOOD: mabumu,lin
kitchen_and_dining,ingredients_list,what ingredient should I use to cook chicken?,40:45:SL:DISH_OR_FOOD,[IN:ingredients_list [SL:DISH_OR_FOOD nsoso] ],DISH_OR_FOOD: nsoso,lin
kitchen_and_dining,ingredients_list,what should I put in the apology?,25:30:SL:DISH_OR_FOOD,[IN:ingredients_list [SL:DISH_OR_FOOD mbika] ],DISH_OR_FOOD: mbika,lin
kitchen_and_dining,ingredients_list,what ingredients do I need to cook fish?,47:52:SL:DISH_OR_FOOD,[IN:ingredients_list [SL:DISH_OR_FOOD mbisi] ],DISH_OR_FOOD: mbisi,lin
kitchen_and_dining,ingredients_list,what do I need to cook the temples?,40:49:SL:DISH_OR_FOOD,[IN:ingredients_list [SL:DISH_OR_FOOD matembele] ],DISH_OR_FOOD: matembele,lin
kitchen_and_dining,ingredients_list,what ingredients should I put in the fried chicken?,0:18:SL:DISH_OR_FOOD,[IN:ingredients_list [SL:DISH_OR_FOOD nsoso ya kokalinga] ],DISH_OR_FOOD: nsoso ya kokalinga,lin
kitchen_and_dining,ingredients_list,what ingredients are used in roast chicken?,0:16:SL:DISH_OR_FOOD,[IN:ingredients_list [SL:DISH_OR_FOOD nsoso ya kotumba] ],DISH_OR_FOOD: nsoso ya kotumba,lin
kitchen_and_dining,ingredients_list,what ingredients should I put in the roast chicken?,0:16:SL:DISH_OR_FOOD,[IN:ingredients_list [SL:DISH_OR_FOOD nsoso ya kotumba] ],DISH_OR_FOOD: nsoso ya kotumba,lin
kitchen_and_dining,ingredients_list,what will we eat in the temple?,8:17:SL:DISH_OR_FOOD,[IN:ingredients_list [SL:DISH_OR_FOOD matembele] ],DISH_OR_FOOD: matembele,lin
kitchen_and_dining,ingredients_list,tell me the ingredients of the dishes ,37:43:SL:DISH_OR_FOOD,[IN:ingredients_list [SL:DISH_OR_FOOD makoso] ],DISH_OR_FOOD: makoso,lin
kitchen_and_dining,ingredients_list,what ingredients are used in temples?,31:40:SL:DISH_OR_FOOD,[IN:ingredients_list [SL:DISH_OR_FOOD matembele] ],DISH_OR_FOOD: matembele,lin
kitchen_and_dining,ingredients_list,what ingredients are used to prepare spinach?,43:51:SL:DISH_OR_FOOD,[IN:ingredients_list [SL:DISH_OR_FOOD épinards] ],DISH_OR_FOOD: épinards,lin
kitchen_and_dining,ingredients_list,what ingredients are needed to cook a pig?,43:48:SL:DISH_OR_FOOD,[IN:ingredients_list [SL:DISH_OR_FOOD ngulu] ],DISH_OR_FOOD: ngulu,lin
kitchen_and_dining,ingredients_list,what ingredients should I buy to cook the dumplings?,41:51:SL:DISH_OR_FOOD,[IN:ingredients_list [SL:DISH_OR_FOOD bitekuteku] ],DISH_OR_FOOD: bitekuteku,lin
kitchen_and_dining,ingredients_list,what do they eat the candy with?,8:28:SL:DISH_OR_FOOD,[IN:ingredients_list [SL:DISH_OR_FOOD makemba ya kokalinga] ],DISH_OR_FOOD: makemba ya kokalinga,lin
kitchen_and_dining,ingredients_list,what items do I need to buy to apply for a visa?,45:49:SL:DISH_OR_FOOD,[IN:ingredients_list [SL:DISH_OR_FOOD koba] ],DISH_OR_FOOD: koba,lin
kitchen_and_dining,ingredients_list,what do they put in a fish tank?,0:15:SL:DISH_OR_FOOD,[IN:ingredients_list [SL:DISH_OR_FOOD liboke ya mbisi] ],DISH_OR_FOOD: liboke ya mbisi,lin
kitchen_and_dining,ingredients_list,what is sardines made of?,0:7:SL:DISH_OR_FOOD,[IN:ingredients_list [SL:DISH_OR_FOOD sardine] ],DISH_OR_FOOD: sardine,lin
kitchen_and_dining,meal_suggestion,What is the best food of the Yombe people?,,[IN:meal_suggestion ],,lin
kitchen_and_dining,meal_suggestion,What food of these monkeys can I eat properly ,,[IN:meal_suggestion ],,lin
kitchen_and_dining,meal_suggestion,What food is in season Now here in fear,"26:32:SL:TIME,40:44:SL:CITY_OR_PROVINCE",[IN:meal_suggestion [SL:TIME Sikoyo] [SL:CITY_OR_PROVINCE Boma] ],TIME: Sikoyo $$ CITY_OR_PROVINCE: Boma,lin
kitchen_and_dining,meal_suggestion,Show me the good food in Tshikapa town.,42:50:SL:CITY_OR_PROVINCE,[IN:meal_suggestion [SL:CITY_OR_PROVINCE Tshikapa] ],CITY_OR_PROVINCE: Tshikapa,lin
kitchen_and_dining,meal_suggestion,show me the good food of the land ,,[IN:meal_suggestion ],,lin
kitchen_and_dining,meal_suggestion,find me food for the wolves,,[IN:meal_suggestion ],,lin
kitchen_and_dining,meal_suggestion,find me food for the Yakis,,[IN:meal_suggestion ],,lin
kitchen_and_dining,meal_suggestion,find me some good Thai food.,,[IN:meal_suggestion ],,lin
kitchen_and_dining,meal_suggestion,Find me some Gabonese food,27:32:SL:COUNTRY,[IN:meal_suggestion [SL:COUNTRY Gabon] ],COUNTRY: Gabon,lin
kitchen_and_dining,meal_suggestion,Find me some things for my birthday,,[IN:meal_suggestion ],,lin
kitchen_and_dining,meal_suggestion,What Good Food Is There in Bandundu,3:11:SL:CITY_OR_PROVINCE,[IN:meal_suggestion [SL:CITY_OR_PROVINCE Bandundu] ],CITY_OR_PROVINCE: Bandundu,lin
kitchen_and_dining,meal_suggestion,I want to eat snail food,,[IN:meal_suggestion ],,lin
kitchen_and_dining,meal_suggestion,I'm going to find some good Yanzi food,,[IN:meal_suggestion ],,lin
kitchen_and_dining,meal_suggestion,I tried to taste the food of the Suku,,[IN:meal_suggestion ],,lin
kitchen_and_dining,meal_suggestion,Look at me What is the best Teke food?,,[IN:meal_suggestion ],,lin
kitchen_and_dining,meal_suggestion,Tell me What seafood is good ,,[IN:meal_suggestion ],,lin
kitchen_and_dining,meal_suggestion,The leopards cook well.,,[IN:meal_suggestion ],,lin
kitchen_and_dining,meal_suggestion,What is the food of today?,"9:13:SL:DATE,14:21:SL:MEAL_PERIOD",[IN:meal_suggestion [SL:DATE Lelo] [SL:MEAL_PERIOD na moyi] ],DATE: Lelo $$ MEAL_PERIOD: na moyi,lin
kitchen_and_dining,meal_suggestion,Today in the sun or in the kitchen,"0:4:SL:DATE,5:12:SL:MEAL_PERIOD",[IN:meal_suggestion [SL:DATE Lelo] [SL:MEAL_PERIOD na moyi] ],DATE: Lelo $$ MEAL_PERIOD: na moyi,lin
kitchen_and_dining,meal_suggestion,The local cuisine is very good,12:24:SL:DISH_OR_FOOD,[IN:meal_suggestion [SL:DISH_OR_FOOD tsaka madesu] ],DISH_OR_FOOD: tsaka madesu,lin
kitchen_and_dining,meal_suggestion,In Congo here we can eat What's good,4:9:SL:COUNTRY,[IN:meal_suggestion [SL:COUNTRY Congo] ],COUNTRY: Congo,lin
kitchen_and_dining,meal_suggestion,How should Mongolian food be cooked,,[IN:meal_suggestion ],,lin
kitchen_and_dining,meal_suggestion,How should Yombe dishes be cooked?,,[IN:meal_suggestion ],,lin
kitchen_and_dining,meal_suggestion,what is the seed sowing process,10:15:SL:DISH_OR_FOOD,[IN:meal_suggestion [SL:DISH_OR_FOOD mboto] ],DISH_OR_FOOD: mboto,lin
kitchen_and_dining,meal_suggestion,What good food is there in Bukavu,34:40:SL:CITY_OR_PROVINCE,[IN:meal_suggestion [SL:CITY_OR_PROVINCE Bukavu] ],CITY_OR_PROVINCE: Bukavu,lin
kitchen_and_dining,meal_suggestion,how do they make a bundle?,9:15:SL:DISH_OR_FOOD,[IN:meal_suggestion [SL:DISH_OR_FOOD liboke] ],DISH_OR_FOOD: liboke,lin
kitchen_and_dining,meal_suggestion,What kind of banana do you like?,,[IN:meal_suggestion ],,lin
kitchen_and_dining,meal_suggestion,What food is good for the Squaw?,,[IN:meal_suggestion ],,lin
kitchen_and_dining,meal_suggestion,What is the best food here in Kinshasa,34:42:SL:CITY_OR_PROVINCE,[IN:meal_suggestion [SL:CITY_OR_PROVINCE kinshasa] ],CITY_OR_PROVINCE: kinshasa,lin
kitchen_and_dining,meal_suggestion,What to cook in the sun today,"30:34:SL:DATE,35:42:SL:MEAL_PERIOD",[IN:meal_suggestion [SL:DATE Lelo] [SL:MEAL_PERIOD na moyi] ],DATE: Lelo $$ MEAL_PERIOD: na moyi,lin
kitchen_and_dining,meal_suggestion,What food is needed in Cameroon?,36:44:SL:COUNTRY,[IN:meal_suggestion [SL:COUNTRY Cameroun] ],COUNTRY: Cameroun,lin
kitchen_and_dining,meal_suggestion,cooking a sandwich is a very important concept ,9:15:SL:DISH_OR_FOOD,[IN:meal_suggestion [SL:DISH_OR_FOOD Nzombo] ],DISH_OR_FOOD: Nzombo,lin
kitchen_and_dining,meal_suggestion,Show me how they cook the beans What's in here,23:29:SL:DISH_OR_FOOD,[IN:meal_suggestion [SL:DISH_OR_FOOD mbinzo] ],DISH_OR_FOOD: mbinzo,lin
kitchen_and_dining,meal_suggestion,Show me the food of the West,,[IN:meal_suggestion ],,lin
kitchen_and_dining,meal_suggestion,Show me which of the Tents' food is good.,,[IN:meal_suggestion ],,lin
kitchen_and_dining,meal_suggestion,Show me the food of good people.,,[IN:meal_suggestion ],,lin
kitchen_and_dining,meal_suggestion,Show me the food of the Rund,,[IN:meal_suggestion ],,lin
kitchen_and_dining,meal_suggestion,Show me the Songo food.,,[IN:meal_suggestion ],,lin
kitchen_and_dining,meal_suggestion,Show me the food of the Yakis.,,[IN:meal_suggestion ],,lin
kitchen_and_dining,meal_suggestion,Show me the good food here in Congo,33:38:SL:COUNTRY,[IN:meal_suggestion [SL:COUNTRY Congo] ],COUNTRY: Congo,lin
kitchen_and_dining,meal_suggestion,Show me the good food of the mongoose.,,[IN:meal_suggestion ],,lin
kitchen_and_dining,meal_suggestion,show me a good food of sticks ,,[IN:meal_suggestion ],,lin
kitchen_and_dining,meal_suggestion,Teach me how to cook the food of the buffalo.,,[IN:meal_suggestion ],,lin
kitchen_and_dining,meal_suggestion,Teach me how to cook seafood.,,[IN:meal_suggestion ],,lin
kitchen_and_dining,meal_suggestion,Teach me how to cook for the poor,,[IN:meal_suggestion ],,lin
kitchen_and_dining,meal_suggestion,Teach me how to cook Swahili food,31:38:SL:LANGUAGE_NAME,[IN:meal_suggestion [SL:LANGUAGE_NAME swahili] ],LANGUAGE_NAME: swahili,lin
kitchen_and_dining,meal_suggestion,Teach me how to cook Central Congolese dishes ,"21:26:SL:DISH_OR_FOOD,30:43:SL:CITY_OR_PROVINCE",[IN:meal_suggestion [SL:DISH_OR_FOOD pondu] [SL:CITY_OR_PROVINCE Kongo central] ],DISH_OR_FOOD: pondu $$ CITY_OR_PROVINCE: Kongo central,lin
kitchen_and_dining,meal_suggestion,Today I have a sunny day or what to cook ,"0:4:SL:DATE,5:12:SL:MEAL_PERIOD",[IN:meal_suggestion [SL:DATE Lelo] [SL:MEAL_PERIOD na moyi] ],DATE: Lelo $$ MEAL_PERIOD: na moyi,lin
kitchen_and_dining,meal_suggestion,Today or tomorrow,0:4:SL:DATE,[IN:meal_suggestion [SL:DATE Lelo] ],DATE: Lelo,lin
kitchen_and_dining,meal_suggestion,Today or tomorrow?,0:4:SL:DATE,[IN:meal_suggestion [SL:DATE Lelo] ],DATE: Lelo,lin
kitchen_and_dining,meal_suggestion,find me a good Lari food,,[IN:meal_suggestion ],,lin
kitchen_and_dining,meal_suggestion,find me a good food for the birds ,,[IN:meal_suggestion ],,lin
kitchen_and_dining,meal_suggestion,Find me some good Teke food,,[IN:meal_suggestion ],,lin
kitchen_and_dining,meal_suggestion,Find me some good Yanzi food.,,[IN:meal_suggestion ],,lin
kitchen_and_dining,meal_suggestion,Find me some food for Pende.,,[IN:meal_suggestion ],,lin
kitchen_and_dining,meal_suggestion,Get me some things What to eat in the sun,34:41:SL:MEAL_PERIOD,[IN:meal_suggestion [SL:MEAL_PERIOD na moyi] ],MEAL_PERIOD: na moyi,lin
kitchen_and_dining,meal_suggestion,find me a place where they cook the seeds well here,29:34:SL:DISH_OR_FOOD,[IN:meal_suggestion [SL:DISH_OR_FOOD mboto] ],DISH_OR_FOOD: mboto,lin
kitchen_and_dining,meal_suggestion,In Congo there is good food.,3:8:SL:COUNTRY,[IN:meal_suggestion [SL:COUNTRY Congo] ],COUNTRY: Congo,lin
kitchen_and_dining,meal_suggestion,What to eat in Mbandaka,11:19:SL:CITY_OR_PROVINCE,[IN:meal_suggestion [SL:CITY_OR_PROVINCE Mbandaka] ],CITY_OR_PROVINCE: Mbandaka,lin
kitchen_and_dining,meal_suggestion,In the tropics they cook what most of the food is.,,[IN:meal_suggestion ],,lin
kitchen_and_dining,meal_suggestion,I'm looking for the best food in Lubumbashi,40:50:SL:CITY_OR_PROVINCE,[IN:meal_suggestion [SL:CITY_OR_PROVINCE Lubumbashi] ],CITY_OR_PROVINCE: Lubumbashi,lin
kitchen_and_dining,meal_suggestion,The Crab Seeks Food for the Cuckoos,,[IN:meal_suggestion ],,lin
kitchen_and_dining,meal_suggestion,I'm going to find some food for the dogs.,,[IN:meal_suggestion ],,lin
kitchen_and_dining,meal_suggestion,When Corruption is Wrong,"14:20:SL:DISH_OR_FOOD,21:28:SL:MEAL_PERIOD",[IN:meal_suggestion [SL:DISH_OR_FOOD madesu] [SL:MEAL_PERIOD na moyi] ],DISH_OR_FOOD: madesu $$ MEAL_PERIOD: na moyi,lin
kitchen_and_dining,meal_suggestion,If we cooked the rice it is bad,14:20:SL:DISH_OR_FOOD,[IN:meal_suggestion [SL:DISH_OR_FOOD musaka] ],DISH_OR_FOOD: musaka,lin
kitchen_and_dining,meal_suggestion,Show me what Congolese food is good ,,[IN:meal_suggestion ],,lin
kitchen_and_dining,meal_suggestion,Look at me How they cook Tetra dishes,,[IN:meal_suggestion ],,lin
kitchen_and_dining,meal_suggestion,To cook What's good today,22:26:SL:DATE,[IN:meal_suggestion [SL:DATE lelo] ],DATE: lelo,lin
kitchen_and_dining,meal_suggestion,To cook What's good in the evening,22:30:SL:MEAL_PERIOD,[IN:meal_suggestion [SL:MEAL_PERIOD na pokwa] ],MEAL_PERIOD: na pokwa,lin
kitchen_and_dining,meal_suggestion,What Is the Youth of Today?,14:18:SL:DATE,[IN:meal_suggestion [SL:DATE lelo] ],DATE: lelo,lin
kitchen_and_dining,meal_suggestion,Tell me what I should eat in the sun,41:48:SL:MEAL_PERIOD,[IN:meal_suggestion [SL:MEAL_PERIOD na moyi] ],MEAL_PERIOD: na moyi,lin
kitchen_and_dining,meal_suggestion,Tell me what good food to eat today in the sunshine ,"49:53:SL:DATE,54:61:SL:MEAL_PERIOD",[IN:meal_suggestion [SL:DATE Lelo] [SL:MEAL_PERIOD na moyi] ],DATE: Lelo $$ MEAL_PERIOD: na moyi,lin
kitchen_and_dining,meal_suggestion,What is the best food in Goma?,34:38:SL:CITY_OR_PROVINCE,[IN:meal_suggestion [SL:CITY_OR_PROVINCE Goma] ],CITY_OR_PROVINCE: Goma,lin
kitchen_and_dining,meal_suggestion,What to Eat What is the Nianga Pie,,[IN:meal_suggestion ],,lin
kitchen_and_dining,meal_suggestion,Show me the local food.,,[IN:meal_suggestion ],,lin
kitchen_and_dining,meal_suggestion,Today in the sun a meal of the lubu What should be cooked,"0:4:SL:DATE,5:12:SL:MEAL_PERIOD",[IN:meal_suggestion [SL:DATE Lelo] [SL:MEAL_PERIOD na moyi] ],DATE: Lelo $$ MEAL_PERIOD: na moyi,lin
kitchen_and_dining,meal_suggestion,prepare me food for the people of Isiro ,29:34:SL:CITY_OR_PROVINCE,[IN:meal_suggestion [SL:CITY_OR_PROVINCE Isiro] ],CITY_OR_PROVINCE: Isiro,lin
kitchen_and_dining,meal_suggestion,find me a good meal of buffalo,,[IN:meal_suggestion ],,lin
kitchen_and_dining,meal_suggestion,Choose me a good meal to cook Today in the sunshine ,"40:44:SL:DATE,45:52:SL:MEAL_PERIOD",[IN:meal_suggestion [SL:DATE Lelo] [SL:MEAL_PERIOD na moyi] ],DATE: Lelo $$ MEAL_PERIOD: na moyi,lin
kitchen_and_dining,meal_suggestion,Tell me What good food do the Song people like,,[IN:meal_suggestion ],,lin
kitchen_and_dining,recipe,How is your egg made?,0:4:SL:DISH_OR_FOOD,[IN:recipe [SL:DISH_OR_FOOD Maki] ],DISH_OR_FOOD: Maki,lin
kitchen_and_dining,recipe,how do they cook the dumplings,11:18:SL:DISH_OR_FOOD,[IN:recipe [SL:DISH_OR_FOOD makemba] ],DISH_OR_FOOD: makemba,lin
kitchen_and_dining,recipe,How Hair is Groomed,13:18:SL:DISH_OR_FOOD,[IN:recipe [SL:DISH_OR_FOOD mpose] ],DISH_OR_FOOD: mpose,lin
kitchen_and_dining,recipe,how do they make pots,10:25:SL:DISH_OR_FOOD,[IN:recipe [SL:DISH_OR_FOOD ndungu zi tende] ],DISH_OR_FOOD: ndungu zi tende,lin
kitchen_and_dining,recipe,show me where I can buy pottery,36:51:SL:DISH_OR_FOOD,[IN:recipe [SL:DISH_OR_FOOD ndungu zi tende] ],DISH_OR_FOOD: ndungu zi tende,lin
kitchen_and_dining,recipe,show how How the dough is cooked,30:36:SL:DISH_OR_FOOD,[IN:recipe [SL:DISH_OR_FOOD libata] ],DISH_OR_FOOD: libata,lin
kitchen_and_dining,recipe,teach me how to cook fufu,21:25:SL:DISH_OR_FOOD,[IN:recipe [SL:DISH_OR_FOOD fufu] ],DISH_OR_FOOD: fufu,lin
kitchen_and_dining,recipe,teach me how to cook yellow rice,21:35:SL:DISH_OR_FOOD,[IN:recipe [SL:DISH_OR_FOOD loso ya bulayi] ],DISH_OR_FOOD: loso ya bulayi,lin
kitchen_and_dining,recipe,teach me to make bread they are very busy,20:37:SL:DISH_OR_FOOD,[IN:recipe [SL:DISH_OR_FOOD lipa ba tia mbika] ],DISH_OR_FOOD: lipa ba tia mbika,lin
kitchen_and_dining,recipe,show me how they make bread,35:41:SL:DISH_OR_FOOD,[IN:recipe [SL:DISH_OR_FOOD mikate] ],DISH_OR_FOOD: mikate,lin
kitchen_and_dining,recipe,How should eggs be cooked?,33:37:SL:DISH_OR_FOOD,[IN:recipe [SL:DISH_OR_FOOD maki] ],DISH_OR_FOOD: maki,lin
kitchen_and_dining,recipe,how to make bread at home,30:34:SL:DISH_OR_FOOD,[IN:recipe [SL:DISH_OR_FOOD mapa] ],DISH_OR_FOOD: mapa,lin
kitchen_and_dining,recipe,How should we move the pillow?,30:39:SL:DISH_OR_FOOD,[IN:recipe [SL:DISH_OR_FOOD pili pili] ],DISH_OR_FOOD: pili pili,lin
kitchen_and_dining,recipe,find me a way to make a pot of tea,31:46:SL:DISH_OR_FOOD,[IN:recipe [SL:DISH_OR_FOOD ndungu zi tende] ],DISH_OR_FOOD: ndungu zi tende,lin
kitchen_and_dining,recipe,Find me a way to knock the door open.,31:40:SL:DISH_OR_FOOD,[IN:recipe [SL:DISH_OR_FOOD pili pili] ],DISH_OR_FOOD: pili pili,lin
kitchen_and_dining,recipe,What should be cooked chicken,28:32:SL:DISH_OR_FOOD,[IN:recipe [SL:DISH_OR_FOOD soso] ],DISH_OR_FOOD: soso,lin
kitchen_and_dining,recipe,spices What should be used to make a rice pot,35:52:SL:DISH_OR_FOOD,[IN:recipe [SL:DISH_OR_FOOD poto poto ya loso] ],DISH_OR_FOOD: poto poto ya loso,lin
kitchen_and_dining,recipe,how do they cook the dough,12:16:SL:DISH_OR_FOOD,[IN:recipe [SL:DISH_OR_FOOD fufu] ],DISH_OR_FOOD: fufu,lin
kitchen_and_dining,recipe,How much should the dough be cooked?,0:6:SL:DISH_OR_FOOD,[IN:recipe [SL:DISH_OR_FOOD Lituma] ],DISH_OR_FOOD: Lituma,lin
kitchen_and_dining,recipe,What is the fat porridge needed to cook this,1:15:SL:DISH_OR_FOOD,[IN:recipe [SL:DISH_OR_FOOD Loso ya mafuta] ],DISH_OR_FOOD: Loso ya mafuta,lin
kitchen_and_dining,recipe,How to cook a turkey,30:38:SL:DISH_OR_FOOD,[IN:recipe [SL:DISH_OR_FOOD makelele] ],DISH_OR_FOOD: makelele,lin
kitchen_and_dining,recipe,How do they eat the cow's milk?,10:27:SL:DISH_OR_FOOD,[IN:recipe [SL:DISH_OR_FOOD mipanzi ya ngombe] ],DISH_OR_FOOD: mipanzi ya ngombe,lin
kitchen_and_dining,recipe,What do we need to get out of Egypt?,29:35:SL:DISH_OR_FOOD,[IN:recipe [SL:DISH_OR_FOOD Misili] ],DISH_OR_FOOD: Misili,lin
kitchen_and_dining,recipe,How to cook chicken mayo How is it made?,9:20:SL:DISH_OR_FOOD,[IN:recipe [SL:DISH_OR_FOOD poulet mayo] ],DISH_OR_FOOD: poulet mayo,lin
kitchen_and_dining,recipe,how is coconut oil made,1:16:SL:SHOPPING_ITEM,[IN:recipe [SL:SHOPPING_ITEM mafuta ya ndika] ],SHOPPING_ITEM: mafuta ya ndika,lin
kitchen_and_dining,recipe,how do they get along,10:15:SL:DISH_OR_FOOD,[IN:recipe [SL:DISH_OR_FOOD mbika] ],DISH_OR_FOOD: mbika,lin
kitchen_and_dining,recipe,what is it like to bake bread,8:14:SL:DISH_OR_FOOD,[IN:recipe [SL:DISH_OR_FOOD mikate] ],DISH_OR_FOOD: mikate,lin
kitchen_and_dining,recipe,how is bread made,1:7:SL:DISH_OR_FOOD,[IN:recipe [SL:DISH_OR_FOOD mikate] ],DISH_OR_FOOD: mikate,lin
kitchen_and_dining,recipe,How to Cook a Stew,10:16:SL:DISH_OR_FOOD,[IN:recipe [SL:DISH_OR_FOOD Nzombo] ],DISH_OR_FOOD: Nzombo,lin
kitchen_and_dining,recipe,How to cook a porridge,10:22:SL:DISH_OR_FOOD,[IN:recipe [SL:DISH_OR_FOOD tsaka madesu] ],DISH_OR_FOOD: tsaka madesu,lin
kitchen_and_dining,recipe,how is palm oil made How is palm oil made,9:21:SL:DISH_OR_FOOD,[IN:recipe [SL:DISH_OR_FOOD mafuta mbila] ],DISH_OR_FOOD: mafuta mbila,lin
kitchen_and_dining,recipe,what spice is needed to cook fumbua,34:40:SL:DISH_OR_FOOD,[IN:recipe [SL:DISH_OR_FOOD fumbua] ],DISH_OR_FOOD: fumbua,lin
kitchen_and_dining,recipe,What spices should be used to make a batch,34:40:SL:DISH_OR_FOOD,[IN:recipe [SL:DISH_OR_FOOD liboke] ],DISH_OR_FOOD: liboke,lin
kitchen_and_dining,recipe,Where should I look to learn how to cook a bunch,52:58:SL:DISH_OR_FOOD,[IN:recipe [SL:DISH_OR_FOOD liboke] ],DISH_OR_FOOD: liboke,lin
kitchen_and_dining,recipe,Teach me how to cook a muscle.,21:27:SL:DISH_OR_FOOD,[IN:recipe [SL:DISH_OR_FOOD misili] ],DISH_OR_FOOD: misili,lin
kitchen_and_dining,recipe,teach me how to cook a blanket,21:26:SL:DISH_OR_FOOD,[IN:recipe [SL:DISH_OR_FOOD nkovi] ],DISH_OR_FOOD: nkovi,lin
kitchen_and_dining,recipe,teach me how to cook chicken mayo,21:32:SL:DISH_OR_FOOD,[IN:recipe [SL:DISH_OR_FOOD poulet mayo] ],DISH_OR_FOOD: poulet mayo,lin
kitchen_and_dining,recipe,Teach me how to cook a muffin,35:40:SL:DISH_OR_FOOD,[IN:recipe [SL:DISH_OR_FOOD mbika] ],DISH_OR_FOOD: mbika,lin
kitchen_and_dining,recipe,teach me how to make fried cassava,20:33:SL:DISH_OR_FOOD,[IN:recipe [SL:DISH_OR_FOOD manioko frite] ],DISH_OR_FOOD: manioko frite,lin
kitchen_and_dining,recipe,teach me how to cook,20:25:SL:DISH_OR_FOOD,[IN:recipe [SL:DISH_OR_FOOD pondu] ],DISH_OR_FOOD: pondu,lin
kitchen_and_dining,recipe,teach me how to make a pot of mangoes,20:38:SL:DISH_OR_FOOD,[IN:recipe [SL:DISH_OR_FOOD poto poto ya manga] ],DISH_OR_FOOD: poto poto ya manga,lin
kitchen_and_dining,recipe,teach me how to cook pork,31:44:SL:DISH_OR_FOOD,[IN:recipe [SL:DISH_OR_FOOD poso ya ngulu] ],DISH_OR_FOOD: poso ya ngulu,lin
kitchen_and_dining,recipe,teach me how to cook shellfish,37:42:SL:DISH_OR_FOOD,[IN:recipe [SL:DISH_OR_FOOD nkoba] ],DISH_OR_FOOD: nkoba,lin
kitchen_and_dining,recipe,show me how to cook fufu in Lubumbashi,"37:41:SL:DISH_OR_FOOD,45:55:SL:CITY_OR_PROVINCE",[IN:recipe [SL:DISH_OR_FOOD fufu] [SL:CITY_OR_PROVINCE Lubumbashi] ],DISH_OR_FOOD: fufu $$ CITY_OR_PROVINCE: Lubumbashi,lin
kitchen_and_dining,recipe,Teach me how to cook a bunch,32:38:SL:DISH_OR_FOOD,[IN:recipe [SL:DISH_OR_FOOD liboke] ],DISH_OR_FOOD: liboke,lin
kitchen_and_dining,recipe,teach me how to cook duck,32:37:SL:DISH_OR_FOOD,[IN:recipe [SL:DISH_OR_FOOD nguma] ],DISH_OR_FOOD: nguma,lin
kitchen_and_dining,recipe,teach me how to cook chicken mayo,32:43:SL:DISH_OR_FOOD,[IN:recipe [SL:DISH_OR_FOOD poulet mayo] ],DISH_OR_FOOD: poulet mayo,lin
kitchen_and_dining,recipe,Show me how to make a bundle,31:37:SL:DISH_OR_FOOD,[IN:recipe [SL:DISH_OR_FOOD liboke] ],DISH_OR_FOOD: liboke,lin
kitchen_and_dining,recipe,show me how to make a sponge,31:36:SL:DISH_OR_FOOD,[IN:recipe [SL:DISH_OR_FOOD mbika] ],DISH_OR_FOOD: mbika,lin
kitchen_and_dining,recipe,teach me how to make rice cakes,31:45:SL:DISH_OR_FOOD,[IN:recipe [SL:DISH_OR_FOOD mikate ya loso] ],DISH_OR_FOOD: mikate ya loso,lin
kitchen_and_dining,recipe,teach me how to make cornbread,31:48:SL:DISH_OR_FOOD,[IN:recipe [SL:DISH_OR_FOOD mikate ya masangu] ],DISH_OR_FOOD: mikate ya masangu,lin
kitchen_and_dining,recipe,teach me how to make a muamba,31:37:SL:DISH_OR_FOOD,[IN:recipe [SL:DISH_OR_FOOD muamba] ],DISH_OR_FOOD: muamba,lin
kitchen_and_dining,recipe,teach me how to cast spells ,32:40:SL:DISH_OR_FOOD,[IN:recipe [SL:DISH_OR_FOOD mitshopo] ],DISH_OR_FOOD: mitshopo,lin
kitchen_and_dining,recipe,teach me how to throw a pig.,32:37:SL:DISH_OR_FOOD,[IN:recipe [SL:DISH_OR_FOOD ngulu] ],DISH_OR_FOOD: ngulu,lin
kitchen_and_dining,recipe,How is manioc powder prepared,24:39:SL:DISH_OR_FOOD,[IN:recipe [SL:DISH_OR_FOOD fufu ya manioko] ],DISH_OR_FOOD: fufu ya manioko,lin
kitchen_and_dining,recipe,how the cake is cooked,24:30:SL:DISH_OR_FOOD,[IN:recipe [SL:DISH_OR_FOOD likaku] ],DISH_OR_FOOD: likaku,lin
kitchen_and_dining,recipe,How is the leather of the limbondo cooked?,24:41:SL:DISH_OR_FOOD,[IN:recipe [SL:DISH_OR_FOOD pondu ya limbondo] ],DISH_OR_FOOD: pondu ya limbondo,lin
kitchen_and_dining,recipe,Find out how they like the weekly news,31:44:SL:DISH_OR_FOOD,[IN:recipe [SL:DISH_OR_FOOD nguba ya poso] ],DISH_OR_FOOD: nguba ya poso,lin
kitchen_and_dining,recipe,Find out how they cook beef,30:36:SL:DISH_OR_FOOD,[IN:recipe [SL:DISH_OR_FOOD ngombe] ],DISH_OR_FOOD: ngombe,lin
kitchen_and_dining,recipe,Find out how they cook the seeds ,29:34:SL:DISH_OR_FOOD,[IN:recipe [SL:DISH_OR_FOOD mboto] ],DISH_OR_FOOD: mboto,lin
kitchen_and_dining,recipe,Find me how to cook madesus in Goma,"31:38:SL:DISH_OR_FOOD,42:46:SL:CITY_OR_PROVINCE",[IN:recipe [SL:DISH_OR_FOOD madesus] [SL:CITY_OR_PROVINCE Goma] ],DISH_OR_FOOD: madesus $$ CITY_OR_PROVINCE: Goma,lin
kitchen_and_dining,recipe,show me how they cook temples in Mbandaka ,"31:40:SL:DISH_OR_FOOD,44:52:SL:CITY_OR_PROVINCE",[IN:recipe [SL:DISH_OR_FOOD matembele] [SL:CITY_OR_PROVINCE Mbandaka] ],DISH_OR_FOOD: matembele $$ CITY_OR_PROVINCE: Mbandaka,lin
kitchen_and_dining,recipe,show me how to cook the sauce,31:38:SL:DISH_OR_FOOD,[IN:recipe [SL:DISH_OR_FOOD mungusu] ],DISH_OR_FOOD: mungusu,lin
kitchen_and_dining,recipe,Find me how to make corn bread,30:47:SL:DISH_OR_FOOD,[IN:recipe [SL:DISH_OR_FOOD mikate ya masangu] ],DISH_OR_FOOD: mikate ya masangu,lin
kitchen_and_dining,recipe,tell me how they cook a crocodile,36:42:SL:DISH_OR_FOOD,[IN:recipe [SL:DISH_OR_FOOD ngando] ],DISH_OR_FOOD: ngando,lin
kitchen_and_dining,recipe,show me how to cook a stew,32:38:SL:DISH_OR_FOOD,[IN:recipe [SL:DISH_OR_FOOD mbembe] ],DISH_OR_FOOD: mbembe,lin
kitchen_and_dining,recipe,show me how to cook the seeds,32:37:SL:DISH_OR_FOOD,[IN:recipe [SL:DISH_OR_FOOD mboto] ],DISH_OR_FOOD: mboto,lin
kitchen_and_dining,recipe,tell me how to cook a turkey,32:39:SL:DISH_OR_FOOD,[IN:recipe [SL:DISH_OR_FOOD mbuengi] ],DISH_OR_FOOD: mbuengi,lin
kitchen_and_dining,recipe,tell me how to bake bread,31:35:SL:DISH_OR_FOOD,[IN:recipe [SL:DISH_OR_FOOD lipa] ],DISH_OR_FOOD: lipa,lin
kitchen_and_dining,recipe,Take me somewhere where I can learn to cook a bunch,43:49:SL:DISH_OR_FOOD,[IN:recipe [SL:DISH_OR_FOOD liboke] ],DISH_OR_FOOD: liboke,lin
kitchen_and_dining,recipe,Watch me how to cook the beans,33:39:SL:DISH_OR_FOOD,[IN:recipe [SL:DISH_OR_FOOD madesu] ],DISH_OR_FOOD: madesu,lin
kitchen_and_dining,recipe,Tell me how they love each other sometimes ,33:38:SL:DISH_OR_FOOD,[IN:recipe [SL:DISH_OR_FOOD mbala] ],DISH_OR_FOOD: mbala,lin
kitchen_and_dining,recipe,How to Make Rice Bread,29:43:SL:DISH_OR_FOOD,[IN:recipe [SL:DISH_OR_FOOD mikate ya loso] ],DISH_OR_FOOD: mikate ya loso,lin
kitchen_and_dining,recipe,teach me to love again ,23:28:SL:DISH_OR_FOOD,[IN:recipe [SL:DISH_OR_FOOD Mbala] ],DISH_OR_FOOD: Mbala,lin
kitchen_and_dining,recipe,Teach me how to cook a banana,21:28:SL:DISH_OR_FOOD,[IN:recipe [SL:DISH_OR_FOOD makemba] ],DISH_OR_FOOD: makemba,lin
kitchen_and_dining,recipe,show me how Muamba bread is made,34:48:SL:DISH_OR_FOOD,[IN:recipe [SL:DISH_OR_FOOD lipa ya Muamba] ],DISH_OR_FOOD: lipa ya Muamba,lin
kitchen_and_dining,recipe,find out how they cook misthopo,36:44:SL:DISH_OR_FOOD,[IN:recipe [SL:DISH_OR_FOOD misthopo] ],DISH_OR_FOOD: misthopo,lin
kitchen_and_dining,recipe,Find me how they make a bunch,35:41:SL:DISH_OR_FOOD,[IN:recipe [SL:DISH_OR_FOOD liboke] ],DISH_OR_FOOD: liboke,lin
kitchen_and_dining,recipe,tell me how to cook yellow rice,32:46:SL:DISH_OR_FOOD,[IN:recipe [SL:DISH_OR_FOOD loso ya bulayi] ],DISH_OR_FOOD: loso ya bulayi,lin
kitchen_and_dining,recipe,Teach me how to make a spade.,22:28:SL:DISH_OR_FOOD,[IN:recipe [SL:DISH_OR_FOOD lituma] ],DISH_OR_FOOD: lituma,lin
kitchen_and_dining,restaurant_reservation,Set a table for 3 people at 7pm in the olive garden.,"19:20:SL:NUMBER,26:29:SL:TIME,33:45:SL:RESTAURANT_NAME",[IN:restaurant_reservation [SL:NUMBER 3] [SL:TIME 19h] [SL:RESTAURANT_NAME olive garden] ],NUMBER: 3 $$ TIME: 19h $$ RESTAURANT_NAME: olive garden,lin
kitchen_and_dining,restaurant_reservation,book us a table for 5 people at the Hôtel du Peuple in the name of sara PONA 3h,"26:27:SL:NUMBER,31:46:SL:HOTEL_NAME,59:63:SL:PERSONAL_NAME,69:71:SL:TIME",[IN:restaurant_reservation [SL:NUMBER 5] [SL:HOTEL_NAME hôtel du peuple] [SL:PERSONAL_NAME sara] [SL:TIME 3h] ],NUMBER: 5 $$ HOTEL_NAME: hôtel du peuple $$ PERSONAL_NAME: sara $$ TIME: 3h,lin
kitchen_and_dining,restaurant_reservation,book us a table for 5 people at the hotel la colombe in the name of manic PONA 5h,"26:27:SL:NUMBER,31:47:SL:HOTEL_NAME,60:65:SL:PERSONAL_NAME,71:73:SL:TIME",[IN:restaurant_reservation [SL:NUMBER 5] [SL:HOTEL_NAME hôtel la colombe] [SL:PERSONAL_NAME manic] [SL:TIME 5h] ],NUMBER: 5 $$ HOTEL_NAME: hôtel la colombe $$ PERSONAL_NAME: manic $$ TIME: 5h,lin
kitchen_and_dining,restaurant_reservation,set a table for me for three people at the rainforest cafe at 7 o'clock,"27:33:SL:NUMBER,37:52:SL:RESTAURANT_NAME,56:58:SL:TIME",[IN:restaurant_reservation [SL:NUMBER misato] [SL:RESTAURANT_NAME rainforest cafe] [SL:TIME 7h] ],NUMBER: misato $$ RESTAURANT_NAME: rainforest cafe $$ TIME: 7h,lin
kitchen_and_dining,restaurant_reservation,Hanging out at the chip shop at 3pm,"29:34:SL:DISH_OR_FOOD,40:43:SL:TIME",[IN:restaurant_reservation [SL:DISH_OR_FOOD chips] [SL:TIME 15h] ],DISH_OR_FOOD: chips $$ TIME: 15h,lin
kitchen_and_dining,restaurant_reservation,find me a table for ten people and eleven for eight,"38:50:SL:NUMBER,56:58:SL:TIME",[IN:restaurant_reservation [SL:NUMBER zomi Na moko] [SL:TIME 8h] ],NUMBER: zomi Na moko $$ TIME: 8h,lin
kitchen_and_dining,restaurant_reservation,I would like to reserve a table for 5 people at the Hôtel du Peuple in the name of Sara PONA 5h,"33:34:SL:NUMBER,38:53:SL:HOTEL_NAME,66:70:SL:PERSONAL_NAME,76:78:SL:TIME",[IN:restaurant_reservation [SL:NUMBER 5] [SL:HOTEL_NAME hôtel du peuple] [SL:PERSONAL_NAME Sara] [SL:TIME 5h] ],NUMBER: 5 $$ HOTEL_NAME: hôtel du peuple $$ PERSONAL_NAME: Sara $$ TIME: 5h,lin
kitchen_and_dining,restaurant_reservation,"I'd like to reserve a room at the Chris Ruth Hotel, can you do that?",27:43:SL:HOTEL_NAME,[IN:restaurant_reservation [SL:HOTEL_NAME hôtel Chris Ruth] ],HOTEL_NAME: hôtel Chris Ruth,lin
kitchen_and_dining,restaurant_reservation,Time to sit at a table for 3 people in the olive garden at 7pm,"34:35:SL:NUMBER,39:51:SL:RESTAURANT_NAME,55:58:SL:TIME",[IN:restaurant_reservation [SL:NUMBER 3] [SL:RESTAURANT_NAME olive garden] [SL:TIME 19h] ],NUMBER: 3 $$ RESTAURANT_NAME: olive garden $$ TIME: 19h,lin
kitchen_and_dining,restaurant_reservation,I want you to book a table at 9am for two people.,"25:36:SL:RESTAURANT_NAME,40:42:SL:TIME,53:59:SL:NUMBER",[IN:restaurant_reservation [SL:RESTAURANT_NAME chez tonton] [SL:TIME 9h] [SL:NUMBER mibale] ],RESTAURANT_NAME: chez tonton $$ TIME: 9h $$ NUMBER: mibale,lin
kitchen_and_dining,restaurant_reservation,"I want you to set a table for me, choose 3 people, at the olive garden at 7pm","41:42:SL:NUMBER,46:58:SL:RESTAURANT_NAME,62:65:SL:TIME",[IN:restaurant_reservation [SL:NUMBER 3] [SL:RESTAURANT_NAME olive garden] [SL:TIME 19h] ],NUMBER: 3 $$ RESTAURANT_NAME: olive garden $$ TIME: 19h,lin
kitchen_and_dining,restaurant_reservation,I need you to set a table for me for two people in Havana at 9 o'clock,"41:47:SL:NUMBER,51:57:SL:RESTAURANT_NAME,61:63:SL:TIME",[IN:restaurant_reservation [SL:NUMBER mibale] [SL:RESTAURANT_NAME havane] [SL:TIME 9h] ],NUMBER: mibale $$ RESTAURANT_NAME: havane $$ TIME: 9h,lin
kitchen_and_dining,restaurant_reservation,can you reserve a place for us at the olive garden for 3 people at 7pm?,"31:43:SL:RESTAURANT_NAME,54:55:SL:NUMBER,59:62:SL:TIME",[IN:restaurant_reservation [SL:RESTAURANT_NAME olive garden] [SL:NUMBER 3] [SL:TIME 19h] ],RESTAURANT_NAME: olive garden $$ NUMBER: 3 $$ TIME: 19h,lin
kitchen_and_dining,restaurant_reservation,can you make a reservation for 3 at the Hotel Claire in Adam's name at 4 o'clock?,"25:26:SL:NUMBER,30:42:SL:HOTEL_NAME,55:59:SL:PERSONAL_NAME,65:67:SL:TIME",[IN:restaurant_reservation [SL:NUMBER 3] [SL:HOTEL_NAME hôtel claire] [SL:PERSONAL_NAME adam] [SL:TIME 4h] ],NUMBER: 3 $$ HOTEL_NAME: hôtel claire $$ PERSONAL_NAME: adam $$ TIME: 4h,lin
kitchen_and_dining,restaurant_reservation,can you book a table for 6 people at the Colombe Hotel du Peuple in the Manix area at 5 o'clock?,"25:26:SL:NUMBER,30:46:SL:HOTEL_NAME,47:62:SL:HOTEL_NAME,75:80:SL:PERSONAL_NAME,86:88:SL:TIME",[IN:restaurant_reservation [SL:NUMBER 6] [SL:HOTEL_NAME hôtel la colombe] [SL:HOTEL_NAME hôtel du peuple] [SL:PERSONAL_NAME manix] [SL:TIME 5h] ],NUMBER: 6 $$ HOTEL_NAME: hôtel la colombe $$ HOTEL_NAME: hôtel du peuple $$ PERSONAL_NAME: manix $$ TIME: 5h,lin
kitchen_and_dining,restaurant_reservation,I'll have a table for 3 people at 7pm at the olive garden.,"23:24:SL:NUMBER,28:31:SL:TIME,35:47:SL:RESTAURANT_NAME",[IN:restaurant_reservation [SL:NUMBER 3] [SL:TIME 19h] [SL:RESTAURANT_NAME olive garden] ],NUMBER: 3 $$ TIME: 19h $$ RESTAURANT_NAME: olive garden,lin
kitchen_and_dining,restaurant_reservation,You should book us a table for 4 at the Hotel du Peuple in the name of Kevin PONA 7h,"36:37:SL:NUMBER,41:56:SL:HOTEL_NAME,69:75:SL:PERSONAL_NAME,81:83:SL:TIME",[IN:restaurant_reservation [SL:NUMBER 4] [SL:HOTEL_NAME hotel du peuple] [SL:PERSONAL_NAME kevine] [SL:TIME 7h] ],NUMBER: 4 $$ HOTEL_NAME: hotel du peuple $$ PERSONAL_NAME: kevine $$ TIME: 7h,lin
kitchen_and_dining,restaurant_reservation,Can you reserve a room for me at the Hotel du Peuple PONA Clement at 3 o'clock tomorrow?,"43:58:SL:HOTEL_NAME,64:71:SL:PERSONAL_NAME,75:82:SL:TIME",[IN:restaurant_reservation [SL:HOTEL_NAME hôtel du peuple] [SL:PERSONAL_NAME Clement] [SL:TIME 3 heure] ],HOTEL_NAME: hôtel du peuple $$ PERSONAL_NAME: Clement $$ TIME: 3 heure,lin
kitchen_and_dining,restaurant_reservation,Is it possible to get a table for five people in Bercy Village at 10 o'clock?,"47:60:SL:PLACE_NAME,67:70:SL:TIME",[IN:restaurant_reservation [SL:PLACE_NAME village Bercy] [SL:TIME 10h] ],PLACE_NAME: village Bercy $$ TIME: 10h,lin
kitchen_and_dining,restaurant_reservation,book a table for 4 people at the hotel du peuple in the name of Kevin PONA 7h,"19:20:SL:NUMBER,24:39:SL:HOTEL_NAME,52:58:SL:PERSONAL_NAME,64:66:SL:TIME",[IN:restaurant_reservation [SL:NUMBER 4] [SL:HOTEL_NAME hotel du peuple] [SL:PERSONAL_NAME kevine] [SL:TIME 7h] ],NUMBER: 4 $$ HOTEL_NAME: hotel du peuple $$ PERSONAL_NAME: kevine $$ TIME: 7h,lin
kitchen_and_dining,restaurant_reservation,set a table for us PONT two people outside garden in the name of jimmy PONT 20h,"28:34:SL:NUMBER,38:50:SL:PLACE_NAME,63:68:SL:PERSONAL_NAME,74:77:SL:TIME",[IN:restaurant_reservation [SL:NUMBER mibale] [SL:PLACE_NAME njele garden] [SL:PERSONAL_NAME jimmy] [SL:TIME 20h] ],NUMBER: mibale $$ PLACE_NAME: njele garden $$ PERSONAL_NAME: jimmy $$ TIME: 20h,lin
kitchen_and_dining,restaurant_reservation,book us a table for 4 at the hotel du peuple in the name of kevin PONA 7h,"26:27:SL:NUMBER,31:46:SL:HOTEL_NAME,59:65:SL:PERSONAL_NAME,71:73:SL:TIME",[IN:restaurant_reservation [SL:NUMBER 4] [SL:HOTEL_NAME hotel du peuple] [SL:PERSONAL_NAME kevine] [SL:TIME 7h] ],NUMBER: 4 $$ HOTEL_NAME: hotel du peuple $$ PERSONAL_NAME: kevine $$ TIME: 7h,lin
kitchen_and_dining,restaurant_reservation,book us a table for three at the grand hotel in Namdavido at 7:30,"26:32:SL:NUMBER,36:47:SL:HOTEL_NAME,60:66:SL:PERSONAL_NAME,72:77:SL:TIME",[IN:restaurant_reservation [SL:NUMBER misato] [SL:HOTEL_NAME grand hotel] [SL:PERSONAL_NAME Davido] [SL:TIME 19h30] ],NUMBER: misato $$ HOTEL_NAME: grand hotel $$ PERSONAL_NAME: Davido $$ TIME: 19h30,lin
kitchen_and_dining,restaurant_reservation,Book us a table for three at the grand hotel in the name of Joe PONA at 7pm,"26:32:SL:NUMBER,36:47:SL:HOTEL_NAME,60:63:SL:PERSONAL_NAME,69:72:SL:TIME",[IN:restaurant_reservation [SL:NUMBER misato] [SL:HOTEL_NAME grand hotel] [SL:PERSONAL_NAME Joe] [SL:TIME 19h] ],NUMBER: misato $$ HOTEL_NAME: grand hotel $$ PERSONAL_NAME: Joe $$ TIME: 19h,lin
kitchen_and_dining,restaurant_reservation,book us a table for five at the bar du peuple in the name of steve PONA 20h,"26:32:SL:NUMBER,36:49:SL:PLACE_NAME,62:67:SL:PERSONAL_NAME,73:76:SL:TIME",[IN:restaurant_reservation [SL:NUMBER mitano] [SL:PLACE_NAME bar du peuple] [SL:PERSONAL_NAME steve] [SL:TIME 20h] ],NUMBER: mitano $$ PLACE_NAME: bar du peuple $$ PERSONAL_NAME: steve $$ TIME: 20h,lin
kitchen_and_dining,restaurant_reservation,Lock us up today at 5pm PONT 2 people in the olive garden ,"19:23:SL:DATE,27:30:SL:TIME,41:42:SL:NUMBER,46:58:SL:RESTAURANT_NAME",[IN:restaurant_reservation [SL:DATE Lelo] [SL:TIME 17h] [SL:NUMBER 2] [SL:RESTAURANT_NAME olive garden] ],DATE: Lelo $$ TIME: 17h $$ NUMBER: 2 $$ RESTAURANT_NAME: olive garden,lin
kitchen_and_dining,restaurant_reservation,book us a seat at 8pm at the Hôtel du Peuple in the name of Kevin ,"22:25:SL:TIME,29:44:SL:HOTEL_NAME,57:63:SL:PERSONAL_NAME",[IN:restaurant_reservation [SL:TIME 20h] [SL:HOTEL_NAME hôtel du peuple] [SL:PERSONAL_NAME kevine] ],TIME: 20h $$ HOTEL_NAME: hôtel du peuple $$ PERSONAL_NAME: kevine,lin
kitchen_and_dining,restaurant_reservation,reserve a seat for us PONT two people outside the house in Steve's name,"29:35:SL:NUMBER,39:50:SL:HOTEL_NAME,63:68:SL:PERSONAL_NAME",[IN:restaurant_reservation [SL:NUMBER mibale] [SL:HOTEL_NAME njele house] [SL:PERSONAL_NAME steve] ],NUMBER: mibale $$ HOTEL_NAME: njele house $$ PERSONAL_NAME: steve,lin
kitchen_and_dining,restaurant_reservation,open a place for us PONT four people in the name of david,"29:35:SL:NUMBER,48:53:SL:PERSONAL_NAME",[IN:restaurant_reservation [SL:NUMBER mineyi] [SL:PERSONAL_NAME david] ],NUMBER: mineyi $$ PERSONAL_NAME: david,lin
kitchen_and_dining,restaurant_reservation,book us a place PONT three people at the global hotel in Steve's name,"39:51:SL:HOTEL_NAME,64:69:SL:PERSONAL_NAME",[IN:restaurant_reservation [SL:HOTEL_NAME hotel global] [SL:PERSONAL_NAME steve] ],HOTEL_NAME: hotel global $$ PERSONAL_NAME: steve,lin
kitchen_and_dining,restaurant_reservation,reserve a seat for us PHOTOS five people in the name of chris,"29:35:SL:NUMBER,48:53:SL:PERSONAL_NAME",[IN:restaurant_reservation [SL:NUMBER mitano] [SL:PERSONAL_NAME chris] ],NUMBER: mitano $$ PERSONAL_NAME: chris,lin
kitchen_and_dining,restaurant_reservation,book us a place PONT six people at the hotel Flora In the name of wisdom,"39:50:SL:HOTEL_NAME,63:69:SL:PERSONAL_NAME",[IN:restaurant_reservation [SL:HOTEL_NAME hôtel Flora] [SL:PERSONAL_NAME mayele] ],HOTEL_NAME: hôtel Flora $$ PERSONAL_NAME: mayele,lin
kitchen_and_dining,restaurant_reservation,book a table for 6 people at the Memling Hotel in the name of Janine PONA at 8:30,"27:28:SL:NUMBER,32:45:SL:HOTEL_NAME,58:64:SL:PERSONAL_NAME,70:75:SL:TIME",[IN:restaurant_reservation [SL:NUMBER 6] [SL:HOTEL_NAME hotel Memling] [SL:PERSONAL_NAME Janine] [SL:TIME 20h30] ],NUMBER: 6 $$ HOTEL_NAME: hotel Memling $$ PERSONAL_NAME: Janine $$ TIME: 20h30,lin
kitchen_and_dining,restaurant_reservation,book ME a place at 8pm PICK 3 people in the hotel ,"21:24:SL:TIME,35:36:SL:NUMBER",[IN:restaurant_reservation [SL:TIME 20h] [SL:NUMBER 3] ],TIME: 20h $$ NUMBER: 3,lin
kitchen_and_dining,restaurant_reservation,Hang me up in the pizza'in at 8 o'clock In the name of Mercury,"21:29:SL:RESTAURANT_NAME,33:35:SL:TIME,48:55:SL:PERSONAL_NAME",[IN:restaurant_reservation [SL:RESTAURANT_NAME pizza'in] [SL:TIME 8h] [SL:PERSONAL_NAME mercure] ],RESTAURANT_NAME: pizza'in $$ TIME: 8h $$ PERSONAL_NAME: mercure,lin
kitchen_and_dining,restaurant_reservation,I'll take a seat in the luxury hotel on the 3rd of March at 4 pm,"28:32:SL:NUMBER,36:54:SL:HOTEL_NAME,67:87:SL:DATE,92:95:SL:TIME",[IN:restaurant_reservation [SL:NUMBER Moko] [SL:HOTEL_NAME hôtel la fantaisie] [SL:DATE le 3 sanza ya misato] [SL:TIME 16h] ],NUMBER: Moko $$ HOTEL_NAME: hôtel la fantaisie $$ DATE: le 3 sanza ya misato $$ TIME: 16h,lin
kitchen_and_dining,restaurant_reservation,stay and reserve a place for us at 8pm at the Hôtel du Peuple in the name of Kevin,"30:33:SL:TIME,37:52:SL:HOTEL_NAME,65:70:SL:PERSONAL_NAME",[IN:restaurant_reservation [SL:TIME 20h] [SL:HOTEL_NAME hôtel du peuple] [SL:PERSONAL_NAME kevin] ],TIME: 20h $$ HOTEL_NAME: hôtel du peuple $$ PERSONAL_NAME: kevin,lin
kitchen_and_dining,restaurant_reservation,"Hello! reserve a seat for me POND three people At the Hotel La Fantasy, on the 30th of February at 6pm","45:63:SL:HOTEL_NAME,78:99:SL:DATE,103:106:SL:TIME",[IN:restaurant_reservation [SL:HOTEL_NAME hôtel la fantaisie] [SL:DATE le 30 sanza ya mibale] [SL:TIME 18h] ],HOTEL_NAME: hôtel la fantaisie $$ DATE: le 30 sanza ya mibale $$ TIME: 18h,lin
kitchen_and_dining,restaurant_reservation,hello! I would like to reserve a place for two people at the jail garden at 6pm today,"41:47:SL:NUMBER,51:63:SL:PLACE_NAME,67:70:SL:TIME,71:75:SL:DATE",[IN:restaurant_reservation [SL:NUMBER mibale] [SL:PLACE_NAME djele garden] [SL:TIME 18h] [SL:DATE lelo] ],NUMBER: mibale $$ PLACE_NAME: djele garden $$ TIME: 18h $$ DATE: lelo,lin
kitchen_and_dining,restaurant_reservation,I want you to book me a seat at 8pm at the people's hotel PICK 3 people,"40:43:SL:TIME,47:62:SL:HOTEL_NAME,73:74:SL:NUMBER",[IN:restaurant_reservation [SL:TIME 20h] [SL:HOTEL_NAME hôtel du peuple] [SL:NUMBER 3] ],TIME: 20h $$ HOTEL_NAME: hôtel du peuple $$ NUMBER: 3,lin
kitchen_and_dining,restaurant_reservation,Please close the door for me place PONA 2 people Na jele garden PONA 5h,"42:43:SL:NUMBER,47:59:SL:PLACE_NAME,65:68:SL:TIME",[IN:restaurant_reservation [SL:NUMBER 2] [SL:PLACE_NAME djele garden] [SL:TIME 17h] ],NUMBER: 2 $$ PLACE_NAME: djele garden $$ TIME: 17h,lin
kitchen_and_dining,restaurant_reservation,Please give ME a table PICK 3 people In the corner bar,"38:39:SL:NUMBER,43:54:SL:PLACE_NAME",[IN:restaurant_reservation [SL:NUMBER 3] [SL:PLACE_NAME bar du coin] ],NUMBER: 3 $$ PLACE_NAME: bar du coin,lin
kitchen_and_dining,restaurant_reservation,Please reserve a table for 4 at the Hotel du Peuple in the name of Kevin PONA at 7 o'clock,"41:42:SL:NUMBER,46:61:SL:HOTEL_NAME,74:80:SL:PERSONAL_NAME,86:88:SL:TIME",[IN:restaurant_reservation [SL:NUMBER 4] [SL:HOTEL_NAME hotel du peuple] [SL:PERSONAL_NAME kevine] [SL:TIME 7h] ],NUMBER: 4 $$ HOTEL_NAME: hotel du peuple $$ PERSONAL_NAME: kevine $$ TIME: 7h,lin
kitchen_and_dining,restaurant_reservation,Please reserve a seat for me at 8pm at the Hotel Le Ruisseau on behalf of Kevin,"36:39:SL:TIME,43:60:SL:HOTEL_NAME,73:79:SL:PERSONAL_NAME",[IN:restaurant_reservation [SL:TIME 20h] [SL:HOTEL_NAME hôtel le ruisseau] [SL:PERSONAL_NAME kevine] ],TIME: 20h $$ HOTEL_NAME: hôtel le ruisseau $$ PERSONAL_NAME: kevine,lin
kitchen_and_dining,restaurant_reservation,"Please reserve a seat for ME, please select one person, February 22 at 2 pm","43:47:SL:NUMBER,52:83:SL:DATE,87:90:SL:TIME",[IN:restaurant_reservation [SL:NUMBER Moko] [SL:DATE mokolo ya le 22 sanza ya mibale] [SL:TIME 14h] ],NUMBER: Moko $$ DATE: mokolo ya le 22 sanza ya mibale $$ TIME: 14h,lin
kitchen_and_dining,restaurant_reservation,Can I reserve a table for two people and come to the garden at 8pm?,"32:33:SL:NUMBER,37:49:SL:PLACE_NAME,56:59:SL:TIME",[IN:restaurant_reservation [SL:NUMBER 2] [SL:PLACE_NAME ndeje garden] [SL:TIME 20h] ],NUMBER: 2 $$ PLACE_NAME: ndeje garden $$ TIME: 20h,lin
kitchen_and_dining,restaurant_reservation,Can I make a reservation for 8pm at the hotel for 3 people?,"26:29:SL:TIME,49:50:SL:NUMBER",[IN:restaurant_reservation [SL:TIME 20h] [SL:NUMBER 3] ],TIME: 20h $$ NUMBER: 3,lin
kitchen_and_dining,restaurant_reservation,Can I get a table with Mrs. Johnson's beer at 5 p.m.?,"29:40:SL:RESTAURANT_NAME,46:53:SL:PERSONAL_NAME,57:60:SL:TIME",[IN:restaurant_reservation [SL:RESTAURANT_NAME mama malewa] [SL:PERSONAL_NAME Johnson] [SL:TIME 17h] ],RESTAURANT_NAME: mama malewa $$ PERSONAL_NAME: Johnson $$ TIME: 17h,lin
kitchen_and_dining,restaurant_reservation,I would like to reserve a table for 8 people on Long John Silver's behalf Freddy,"31:32:SL:NUMBER,42:58:SL:RESTAURANT_NAME,71:77:SL:PERSONAL_NAME",[IN:restaurant_reservation [SL:NUMBER 8] [SL:RESTAURANT_NAME long John silver] [SL:PERSONAL_NAME freddy] ],NUMBER: 8 $$ RESTAURANT_NAME: long John silver $$ PERSONAL_NAME: freddy,lin
kitchen_and_dining,restaurant_reservation,I would like to reserve a seat for Kim at 4 o'clock,"29:32:SL:PERSONAL_NAME,36:39:SL:TIME",[IN:restaurant_reservation [SL:PERSONAL_NAME Kim] [SL:TIME 16h] ],PERSONAL_NAME: Kim $$ TIME: 16h,lin
kitchen_and_dining,restaurant_reservation,I would like to get a table for 2 at the Venus Hotel at 6 o'clock,"29:30:SL:NUMBER,34:45:SL:HOTEL_NAME,49:52:SL:TIME",[IN:restaurant_reservation [SL:NUMBER 2] [SL:HOTEL_NAME hôtel venus] [SL:TIME 6 h] ],NUMBER: 2 $$ HOTEL_NAME: hôtel venus $$ TIME: 6 h,lin
kitchen_and_dining,restaurant_reservation,I would like you to book us a place for 4 people at the hotel du peuple in the name of Kevin PONA 7h,"37:38:SL:NUMBER,42:57:SL:HOTEL_NAME,70:76:SL:PERSONAL_NAME,82:84:SL:TIME",[IN:restaurant_reservation [SL:NUMBER 4] [SL:HOTEL_NAME hotel du peuple] [SL:PERSONAL_NAME kevine] [SL:TIME 7h] ],NUMBER: 4 $$ HOTEL_NAME: hotel du peuple $$ PERSONAL_NAME: kevine $$ TIME: 7h,lin
kitchen_and_dining,restaurant_reservation,I want you to book ME a place at 8pm at the people's hotel for 3 people,"31:34:SL:TIME,38:53:SL:HOTEL_NAME,64:65:SL:NUMBER",[IN:restaurant_reservation [SL:TIME 20h] [SL:HOTEL_NAME hôtel du peuple] [SL:NUMBER 3] ],TIME: 20h $$ HOTEL_NAME: hôtel du peuple $$ NUMBER: 3,lin
kitchen_and_dining,restaurant_reservation,I want you to book me a seat at 8pm at the Hotel Le Ruisseau in the name of Kevin,"31:34:SL:TIME,38:55:SL:HOTEL_NAME,68:74:SL:PERSONAL_NAME",[IN:restaurant_reservation [SL:TIME 20h] [SL:HOTEL_NAME hôtel le ruisseau] [SL:PERSONAL_NAME kevine] ],TIME: 20h $$ HOTEL_NAME: hôtel le ruisseau $$ PERSONAL_NAME: kevine,lin
kitchen_and_dining,restaurant_reservation,I'll be in the office at 8pm at the People's Hotel pick 3 people,"36:39:SL:TIME,43:58:SL:HOTEL_NAME,69:70:SL:NUMBER",[IN:restaurant_reservation [SL:TIME 20h] [SL:HOTEL_NAME hôtel du peuple] [SL:NUMBER 3] ],TIME: 20h $$ HOTEL_NAME: hôtel du peuple $$ NUMBER: 3,lin
kitchen_and_dining,restaurant_reservation,I want you to hold my seat PHOOSE 2 people at the olive garden today at 5pm,"42:43:SL:NUMBER,47:59:SL:RESTAURANT_NAME,60:64:SL:DATE,68:71:SL:TIME",[IN:restaurant_reservation [SL:NUMBER 2] [SL:RESTAURANT_NAME olive garden] [SL:DATE Lelo] [SL:TIME 17h] ],NUMBER: 2 $$ RESTAURANT_NAME: olive garden $$ DATE: Lelo $$ TIME: 17h,lin
kitchen_and_dining,restaurant_reservation,I need you to set a table for four at the Hotel du Peuple in the name of Kevin PONA at 7 o'clock,"41:42:SL:NUMBER,46:61:SL:HOTEL_NAME,74:80:SL:PERSONAL_NAME,86:88:SL:TIME",[IN:restaurant_reservation [SL:NUMBER 4] [SL:HOTEL_NAME hotel du peuple] [SL:PERSONAL_NAME kevine] [SL:TIME 7h] ],NUMBER: 4 $$ HOTEL_NAME: hotel du peuple $$ PERSONAL_NAME: kevine $$ TIME: 7h,lin
kitchen_and_dining,restaurant_reservation,can you arrange a table for three in the garden outside at 7pm?,"33:39:SL:NUMBER,43:55:SL:PLACE_NAME,61:64:SL:TIME",[IN:restaurant_reservation [SL:NUMBER misato] [SL:PLACE_NAME njele garden] [SL:TIME 19h] ],NUMBER: misato $$ PLACE_NAME: njele garden $$ TIME: 19h,lin
kitchen_and_dining,restaurant_reservation,can you reserve a seat for ME at the steakhouse on February 28 at 7 pm?,"30:40:SL:RESTAURANT_NAME,49:67:SL:DATE,71:74:SL:TIME",[IN:restaurant_reservation [SL:RESTAURANT_NAME steakhouse] [SL:DATE le 28 sanza mibale] [SL:TIME 19h] ],RESTAURANT_NAME: steakhouse $$ DATE: le 28 sanza mibale $$ TIME: 19h,lin
kitchen_and_dining,restaurant_reservation,can you tell us a table for three people in the bar at 14 o'clock?,"36:42:SL:NUMBER,46:54:SL:PLACE_NAME,60:67:SL:TIME",[IN:restaurant_reservation [SL:NUMBER misato] [SL:PLACE_NAME bar joli] [SL:TIME 14heure] ],NUMBER: misato $$ PLACE_NAME: bar joli $$ TIME: 14heure,lin
kitchen_and_dining,restaurant_reservation,can you set a table for 5 people at Macdonald's for 5pm?,"34:35:SL:NUMBER,39:48:SL:RESTAURANT_NAME,54:57:SL:TIME",[IN:restaurant_reservation [SL:NUMBER 5] [SL:RESTAURANT_NAME Macdonald] [SL:TIME 17h] ],NUMBER: 5 $$ RESTAURANT_NAME: Macdonald $$ TIME: 17h,lin
kitchen_and_dining,restaurant_reservation,can you get us a table for two at the bar mexico for 15 hours?,"34:40:SL:NUMBER,44:54:SL:PLACE_NAME,60:67:SL:TIME",[IN:restaurant_reservation [SL:NUMBER mibale] [SL:PLACE_NAME bar mexico] [SL:TIME 15heure] ],NUMBER: mibale $$ PLACE_NAME: bar mexico $$ TIME: 15heure,lin
kitchen_and_dining,restaurant_reservation,can you set the table for us?,"34:40:SL:NUMBER,44:50:SL:RESTAURANT_NAME",[IN:restaurant_reservation [SL:NUMBER mibale] [SL:RESTAURANT_NAME diablo] ],NUMBER: mibale $$ RESTAURANT_NAME: diablo,lin
kitchen_and_dining,restaurant_reservation,can you prepare a table for us after the four people are possessed by the devil?,"34:40:SL:NUMBER,44:50:SL:RESTAURANT_NAME",[IN:restaurant_reservation [SL:NUMBER mineyi] [SL:RESTAURANT_NAME diablo] ],NUMBER: mineyi $$ RESTAURANT_NAME: diablo,lin
kitchen_and_dining,restaurant_reservation,can you set a table for five at Baudoin bar at 7:30?,"34:40:SL:NUMBER,41:57:SL:PLACE_NAME,63:68:SL:TIME",[IN:restaurant_reservation [SL:NUMBER mitano] [SL:PLACE_NAME chez Baudoin bar] [SL:TIME 19h30] ],NUMBER: mitano $$ PLACE_NAME: chez Baudoin bar $$ TIME: 19h30,lin
kitchen_and_dining,restaurant_reservation,can you set a table for five at steve's bar?,"34:40:SL:NUMBER,51:56:SL:PERSONAL_NAME",[IN:restaurant_reservation [SL:NUMBER mitano] [SL:PERSONAL_NAME steve] ],NUMBER: mitano $$ PERSONAL_NAME: steve,lin
kitchen_and_dining,restaurant_reservation,can you set a table for five people at the PONA bar at 8 o'clock?,"34:40:SL:NUMBER,60:63:SL:TIME",[IN:restaurant_reservation [SL:NUMBER mitano] [SL:TIME 20h] ],NUMBER: mitano $$ TIME: 20h,lin
kitchen_and_dining,restaurant_reservation,can you set a table for five at the steakhouse at 6:30?,"34:40:SL:NUMBER,44:54:SL:RESTAURANT_NAME,60:65:SL:TIME",[IN:restaurant_reservation [SL:NUMBER mitano] [SL:RESTAURANT_NAME steakhouse] [SL:TIME 18h30] ],NUMBER: mitano $$ RESTAURANT_NAME: steakhouse $$ TIME: 18h30,lin
kitchen_and_dining,restaurant_reservation,can you set a table for us for six adults?,"34:40:SL:NUMBER,44:51:SL:PLACE_NAME",[IN:restaurant_reservation [SL:NUMBER motoba] [SL:PLACE_NAME kimbuta] ],NUMBER: motoba $$ PLACE_NAME: kimbuta,lin
kitchen_and_dining,restaurant_reservation,can you set a table for us for eight adults?,"34:40:SL:NUMBER,44:51:SL:PLACE_NAME",[IN:restaurant_reservation [SL:NUMBER mwambe] [SL:PLACE_NAME kimbuta] ],NUMBER: mwambe $$ PLACE_NAME: kimbuta,lin
kitchen_and_dining,restaurant_reservation,can you set a table for eight people at the maestro bar at 6:30?,"34:40:SL:NUMBER,44:55:SL:PLACE_NAME,61:66:SL:TIME",[IN:restaurant_reservation [SL:NUMBER mwambe] [SL:PLACE_NAME maestro bar] [SL:TIME 18h30] ],NUMBER: mwambe $$ PLACE_NAME: maestro bar $$ TIME: 18h30,lin
kitchen_and_dining,restaurant_reservation,can you reserve a seat for us for 2 people at the olive garden today at 5pm?,"36:37:SL:NUMBER,41:53:SL:RESTAURANT_NAME,54:58:SL:DATE,62:65:SL:TIME",[IN:restaurant_reservation [SL:NUMBER 2] [SL:RESTAURANT_NAME olive garden] [SL:DATE Lelo] [SL:TIME 17h] ],NUMBER: 2 $$ RESTAURANT_NAME: olive garden $$ DATE: Lelo $$ TIME: 17h,lin
kitchen_and_dining,restaurant_reservation,hang me up please pick 3 people in your bar by the name of Zebee,"28:29:SL:NUMBER,34:42:SL:PLACE_NAME,55:60:SL:PERSONAL_NAME",[IN:restaurant_reservation [SL:NUMBER 3] [SL:PLACE_NAME bar xeno] [SL:PERSONAL_NAME Zebee] ],NUMBER: 3 $$ PLACE_NAME: bar xeno $$ PERSONAL_NAME: Zebee,lin
kitchen_and_dining,restaurant_reservation,Please arrange a table for two at Lucy's by Sam PONA at 7:30,"50:51:SL:NUMBER,52:61:SL:RESTAURANT_NAME,74:77:SL:PERSONAL_NAME,83:88:SL:TIME",[IN:restaurant_reservation [SL:NUMBER 2] [SL:RESTAURANT_NAME chez Lucy] [SL:PERSONAL_NAME sam] [SL:TIME 19h30] ],NUMBER: 2 $$ RESTAURANT_NAME: chez Lucy $$ PERSONAL_NAME: sam $$ TIME: 19h30,lin
kitchen_and_dining,restaurant_reservation,Please reserve a table for 2 at Lucy's by Melissa PONA at 7pm,"41:42:SL:NUMBER,43:52:SL:PLACE_NAME,65:72:SL:PERSONAL_NAME,78:81:SL:TIME",[IN:restaurant_reservation [SL:NUMBER 2] [SL:PLACE_NAME chez lucy] [SL:PERSONAL_NAME Melissa] [SL:TIME 19h] ],NUMBER: 2 $$ PLACE_NAME: chez lucy $$ PERSONAL_NAME: Melissa $$ TIME: 19h,lin
kitchen_and_dining,restaurant_reservation,Please reserve a table for 6 people at Lucy's by Tom at 5pm,"41:42:SL:NUMBER,43:52:SL:RESTAURANT_NAME,65:68:SL:PERSONAL_NAME,74:77:SL:TIME",[IN:restaurant_reservation [SL:NUMBER 6] [SL:RESTAURANT_NAME chez lucy] [SL:PERSONAL_NAME tom] [SL:TIME 17h] ],NUMBER: 6 $$ RESTAURANT_NAME: chez lucy $$ PERSONAL_NAME: tom $$ TIME: 17h,lin
kitchen_and_dining,restaurant_reservation,I would like you to reserve a table for 2 persons for us at the Sam's by Jessica PONNA at 6:30 p.m.,"36:37:SL:NUMBER,38:46:SL:RESTAURANT_NAME,59:66:SL:PERSONAL_NAME,72:77:SL:TIME",[IN:restaurant_reservation [SL:NUMBER 2] [SL:RESTAURANT_NAME chez sam] [SL:PERSONAL_NAME Jessica] [SL:TIME 18h30] ],NUMBER: 2 $$ RESTAURANT_NAME: chez sam $$ PERSONAL_NAME: Jessica $$ TIME: 18h30,lin
kitchen_and_dining,restaurant_reservation,Is there a roadhouse at the 8 o'clock closing table?,"23:26:SL:TIME,34:43:SL:RESTAURANT_NAME",[IN:restaurant_reservation [SL:TIME 20h] [SL:RESTAURANT_NAME roadhouse] ],TIME: 20h $$ RESTAURANT_NAME: roadhouse,lin
kitchen_and_dining,restaurant_reservation,Is there a reservation at the Palace Hotel today?,"25:37:SL:HOTEL_NAME,38:42:SL:DATE",[IN:restaurant_reservation [SL:HOTEL_NAME hôtel Palace] [SL:DATE Lelo] ],HOTEL_NAME: hôtel Palace $$ DATE: Lelo,lin
kitchen_and_dining,restaurant_reservation,"If you want us, book us a table for 3 people at Lucy's by the name of Crystal at 8pm","38:39:SL:NUMBER,40:49:SL:RESTAURANT_NAME,62:70:SL:PERSONAL_NAME,76:79:SL:TIME",[IN:restaurant_reservation [SL:NUMBER 3] [SL:RESTAURANT_NAME chez Lucy] [SL:PERSONAL_NAME christal] [SL:TIME 20h] ],NUMBER: 3 $$ RESTAURANT_NAME: chez Lucy $$ PERSONAL_NAME: christal $$ TIME: 20h,lin
kitchen_and_dining,restaurant_reviews,Are the chairs in the ALITALIA restaurant popular?,25:33:SL:RESTAURANT_NAME,[IN:restaurant_reviews [SL:RESTAURANT_NAME ALITALIA] ],RESTAURANT_NAME: ALITALIA,lin
kitchen_and_dining,restaurant_reviews,are the bartenders at the FOOD-MARKET restaurant doing a good job?,,[IN:restaurant_reviews ],,lin
kitchen_and_dining,restaurant_reviews,people like to drink at MAMAN FALAY ?,"22:29:SL:DISH_OR_FOOD,35:46:SL:RESTAURANT_NAME",[IN:restaurant_reviews [SL:DISH_OR_FOOD masanga] [SL:RESTAURANT_NAME MAMAN FALAY] ],DISH_OR_FOOD: masanga $$ RESTAURANT_NAME: MAMAN FALAY,lin
kitchen_and_dining,restaurant_reviews,do people like to eat with their mother's milk in their hands?,25:46:SL:RESTAURANT_NAME,[IN:restaurant_reviews [SL:RESTAURANT_NAME malewa ya mama loboko] ],RESTAURANT_NAME: malewa ya mama loboko,lin
kitchen_and_dining,restaurant_reviews,do people like to drink beer in SUPER-LEMBA?,"23:30:SL:DISH_OR_FOOD,34:45:SL:PLACE_NAME",[IN:restaurant_reviews [SL:DISH_OR_FOOD masanga] [SL:PLACE_NAME SUPER-LEMBA] ],DISH_OR_FOOD: masanga $$ PLACE_NAME: SUPER-LEMBA,lin
kitchen_and_dining,restaurant_reviews,people like the location of PICCASSO?,25:33:SL:PLACE_NAME,[IN:restaurant_reviews [SL:PLACE_NAME PICCASSO] ],PLACE_NAME: PICCASSO,lin
kitchen_and_dining,restaurant_reviews,do people like to eat cake a day?,19:40:SL:DISH_OR_FOOD,[IN:restaurant_reviews [SL:DISH_OR_FOOD lipa ya kanga journée] ],DISH_OR_FOOD: lipa ya kanga journée,lin
kitchen_and_dining,restaurant_reviews,do people like goat meat at ACCROPOLIS ?,"19:34:SL:DISH_OR_FOOD,43:53:SL:RESTAURANT_NAME",[IN:restaurant_reviews [SL:DISH_OR_FOOD misuni ya ntaba] [SL:RESTAURANT_NAME ACCROPOLIS] ],DISH_OR_FOOD: misuni ya ntaba $$ RESTAURANT_NAME: ACCROPOLIS,lin
kitchen_and_dining,restaurant_reviews,do people like the Sulutani Hotel ?,19:33:SL:HOTEL_NAME,[IN:restaurant_reviews [SL:HOTEL_NAME Sulutani Hôtel] ],HOTEL_NAME: Sulutani Hôtel,lin
kitchen_and_dining,restaurant_reviews,how many people go to the EMERAUDE restaurant?,36:44:SL:RESTAURANT_NAME,[IN:restaurant_reviews [SL:RESTAURANT_NAME EMERAUDE] ],RESTAURANT_NAME: EMERAUDE,lin
kitchen_and_dining,restaurant_reviews,how many people eat pork in space?,"18:33:SL:DISH_OR_FOOD,37:50:SL:RESTAURANT_NAME",[IN:restaurant_reviews [SL:DISH_OR_FOOD misuni ya ngulu] [SL:RESTAURANT_NAME ESPACE NGINDU] ],DISH_OR_FOOD: misuni ya ngulu $$ RESTAURANT_NAME: ESPACE NGINDU,lin
kitchen_and_dining,restaurant_reviews,how many people like to eat pepper pudding?,27:45:SL:DISH_OR_FOOD,[IN:restaurant_reviews [SL:DISH_OR_FOOD boudin ya pilipili] ],DISH_OR_FOOD: boudin ya pilipili,lin
kitchen_and_dining,restaurant_reviews,How many people like to celebrate birthdays in Pullman?,"28:43:SL:CALENDAR_EVENT,47:54:SL:HOTEL_NAME",[IN:restaurant_reviews [SL:CALENDAR_EVENT fête ya mbotama] [SL:HOTEL_NAME Pullman] ],CALENDAR_EVENT: fête ya mbotama $$ HOTEL_NAME: Pullman,lin
kitchen_and_dining,restaurant_reviews,how many people are willing to buy a hard-boiled chicken?,29:44:SL:DISH_OR_FOOD,[IN:restaurant_reviews [SL:DISH_OR_FOOD nsoso ya makasi] ],DISH_OR_FOOD: nsoso ya makasi,lin
kitchen_and_dining,restaurant_reviews,do you know how good the food is in Italy?,3:11:SL:RESTAURANT_NAME,[IN:restaurant_reviews [SL:RESTAURANT_NAME ALITALIA] ],RESTAURANT_NAME: ALITALIA,lin
kitchen_and_dining,restaurant_reviews,daipn chicken is the most popular?,0:5:SL:DISH_OR_FOOD,[IN:restaurant_reviews [SL:DISH_OR_FOOD nsoso] ],DISH_OR_FOOD: nsoso,lin
kitchen_and_dining,restaurant_reviews,they buy good chicken from the FOOD-MARKET?,10:15:SL:DISH_OR_FOOD,[IN:restaurant_reviews [SL:DISH_OR_FOOD nsoso] ],DISH_OR_FOOD: nsoso,lin
kitchen_and_dining,restaurant_reviews,is it cooked well at CHEZ BIBI?,25:34:SL:RESTAURANT_NAME,[IN:restaurant_reviews [SL:RESTAURANT_NAME CHEZ BIBI] ],RESTAURANT_NAME: CHEZ BIBI,lin
kitchen_and_dining,restaurant_reviews,do people often go to the Béatrice Hotel?,24:38:SL:HOTEL_NAME,[IN:restaurant_reviews [SL:HOTEL_NAME Béatrice hôtel] ],HOTEL_NAME: Béatrice hôtel,lin
kitchen_and_dining,restaurant_reviews,do people often go to the PETIT PARADIS at night?,"24:28:SL:TIME,37:57:SL:RESTAURANT_NAME",[IN:restaurant_reviews [SL:TIME butu] [SL:RESTAURANT_NAME NGANDA PETIT PARADIS] ],TIME: butu $$ RESTAURANT_NAME: NGANDA PETIT PARADIS,lin
kitchen_and_dining,restaurant_reviews,do people like to eat at AICHA in Limette?,"29:34:SL:RESTAURANT_NAME,38:44:SL:PLACE_NAME",[IN:restaurant_reviews [SL:RESTAURANT_NAME AICHA] [SL:PLACE_NAME Limeté] ],RESTAURANT_NAME: AICHA $$ PLACE_NAME: Limeté,lin
kitchen_and_dining,restaurant_reviews,do people like to use a knife?,24:39:SL:SHOPPING_ITEM,[IN:restaurant_reviews [SL:SHOPPING_ITEM mbeli ya miyabi] ],SHOPPING_ITEM: mbeli ya miyabi,lin
kitchen_and_dining,restaurant_reviews,is SAFARI BEACH popular?,21:33:SL:HOTEL_NAME,[IN:restaurant_reviews [SL:HOTEL_NAME SAFARI BEACH] ],HOTEL_NAME: SAFARI BEACH,lin
kitchen_and_dining,restaurant_reviews,people like TAKE AWAY G.G ?,15:28:SL:RESTAURANT_NAME,[IN:restaurant_reviews [SL:RESTAURANT_NAME TAKE AWAY G.G] ],RESTAURANT_NAME: TAKE AWAY G.G,lin
kitchen_and_dining,restaurant_reviews,people like to farm?,,[IN:restaurant_reviews ],,lin
kitchen_and_dining,restaurant_reviews,people like the GRAND LIBULU?,19:31:SL:RESTAURANT_NAME,[IN:restaurant_reviews [SL:RESTAURANT_NAME GRAND LIBULU] ],RESTAURANT_NAME: GRAND LIBULU,lin
kitchen_and_dining,restaurant_reviews,do people like Gambela's drinks?,29:36:SL:PLACE_NAME,[IN:restaurant_reviews [SL:PLACE_NAME Gambela] ],PLACE_NAME: Gambela,lin
kitchen_and_dining,restaurant_reviews,Do people like the Virgin Mary?,19:32:SL:PLACE_NAME,[IN:restaurant_reviews [SL:PLACE_NAME MARIE ATANDJO] ],PLACE_NAME: MARIE ATANDJO,lin
kitchen_and_dining,restaurant_reviews,do people like pepper?,19:27:SL:DISH_OR_FOOD,[IN:restaurant_reviews [SL:DISH_OR_FOOD pilipili] ],DISH_OR_FOOD: pilipili,lin
kitchen_and_dining,restaurant_reviews,do people like memling restaurant?,33:40:SL:HOTEL_NAME,[IN:restaurant_reviews [SL:HOTEL_NAME memling] ],HOTEL_NAME: memling,lin
kitchen_and_dining,restaurant_reviews,do people like the market restaurant?,33:38:SL:PLACE_NAME,[IN:restaurant_reviews [SL:PLACE_NAME zando] ],PLACE_NAME: zando,lin
kitchen_and_dining,restaurant_reviews,do people leave beautiful letters in the Kin-Marché?,,[IN:restaurant_reviews ],,lin
kitchen_and_dining,restaurant_reviews,how many people go to BANA N'DJILI?,28:40:SL:RESTAURANT_NAME,[IN:restaurant_reviews [SL:RESTAURANT_NAME BANA N'DJILI] ],RESTAURANT_NAME: BANA N'DJILI,lin
kitchen_and_dining,restaurant_reviews,how many people go to MONIA?,23:28:SL:RESTAURANT_NAME,[IN:restaurant_reviews [SL:RESTAURANT_NAME MONIA] ],RESTAURANT_NAME: MONIA,lin
kitchen_and_dining,restaurant_reviews,how many people participate in Kin-Market?,,[IN:restaurant_reviews ],,lin
kitchen_and_dining,restaurant_reviews,how many people eat chili?,18:26:SL:DISH_OR_FOOD,[IN:restaurant_reviews [SL:DISH_OR_FOOD pilipili] ],DISH_OR_FOOD: pilipili,lin
kitchen_and_dining,restaurant_reviews,how many people like KIN FAST FOOD?,20:33:SL:RESTAURANT_NAME,[IN:restaurant_reviews [SL:RESTAURANT_NAME KIN FAST FOOD] ],RESTAURANT_NAME: KIN FAST FOOD,lin
kitchen_and_dining,restaurant_reviews,how many people would like to live in space?,31:44:SL:PLACE_NAME,[IN:restaurant_reviews [SL:PLACE_NAME ESPACE NGINDU] ],PLACE_NAME: ESPACE NGINDU,lin
kitchen_and_dining,restaurant_reviews,how many people like to eat at the Pullman Hotel?,29:42:SL:HOTEL_NAME,[IN:restaurant_reviews [SL:HOTEL_NAME Pullman hôtel] ],HOTEL_NAME: Pullman hôtel,lin
kitchen_and_dining,restaurant_reviews,how many people want to drink at KARIBU?,35:41:SL:RESTAURANT_NAME,[IN:restaurant_reviews [SL:RESTAURANT_NAME KARIBU] ],RESTAURANT_NAME: KARIBU,lin
kitchen_and_dining,restaurant_reviews,how many people like to drink beer in TCHE-TCHE?,"27:34:SL:DISH_OR_FOOD,38:47:SL:PLACE_NAME",[IN:restaurant_reviews [SL:DISH_OR_FOOD masanga] [SL:PLACE_NAME TCHE-TCHE] ],DISH_OR_FOOD: masanga $$ PLACE_NAME: TCHE-TCHE,lin
kitchen_and_dining,restaurant_reviews,how many people like the police?,,[IN:restaurant_reviews ],,lin
kitchen_and_dining,restaurant_reviews,How many people like restaurant mama hand?,31:42:SL:RESTAURANT_NAME,[IN:restaurant_reviews [SL:RESTAURANT_NAME mama loboko] ],RESTAURANT_NAME: mama loboko,lin
kitchen_and_dining,restaurant_reviews,how many people like SAFARI BEACH?,20:32:SL:HOTEL_NAME,[IN:restaurant_reviews [SL:HOTEL_NAME SAFARI BEACH] ],HOTEL_NAME: SAFARI BEACH,lin
kitchen_and_dining,restaurant_reviews,how many people like to eat at Inter Limite?,31:43:SL:HOTEL_NAME,[IN:restaurant_reviews [SL:HOTEL_NAME Inter Limeté] ],HOTEL_NAME: Inter Limeté,lin
kitchen_and_dining,restaurant_reviews,how many people like Inter MATONGE?,24:37:SL:HOTEL_NAME,[IN:restaurant_reviews [SL:HOTEL_NAME Inter MATONGE] ],HOTEL_NAME: Inter MATONGE,lin
kitchen_and_dining,restaurant_reviews,how many people like the PETIT PARADIS?,24:44:SL:RESTAURANT_NAME,[IN:restaurant_reviews [SL:RESTAURANT_NAME NGANDA PETIT PARADIS] ],RESTAURANT_NAME: NGANDA PETIT PARADIS,lin
kitchen_and_dining,restaurant_reviews,how many people like chicken mayo at MARIE ATANDJO?,"24:35:SL:DISH_OR_FOOD,44:57:SL:RESTAURANT_NAME",[IN:restaurant_reviews [SL:DISH_OR_FOOD poulet mayo] [SL:RESTAURANT_NAME MARIE ATANDJO] ],DISH_OR_FOOD: poulet mayo $$ RESTAURANT_NAME: MARIE ATANDJO,lin
kitchen_and_dining,restaurant_reviews,many people like Kin-Marché?,,[IN:restaurant_reviews ],,lin
kitchen_and_dining,restaurant_reviews,are the restaurants at RESTO-FRAIS good?,24:35:SL:RESTAURANT_NAME,[IN:restaurant_reviews [SL:RESTAURANT_NAME RESTO-FRAIS] ],RESTAURANT_NAME: RESTO-FRAIS,lin
kitchen_and_dining,restaurant_reviews,How many people like ACCROPOLIS?,24:34:SL:RESTAURANT_NAME,[IN:restaurant_reviews [SL:RESTAURANT_NAME ACCROPOLIS] ],RESTAURANT_NAME: ACCROPOLIS,lin
kitchen_and_dining,restaurant_reviews,what do people say about En VRAC?,32:39:SL:HOTEL_NAME,[IN:restaurant_reviews [SL:HOTEL_NAME En VRAC] ],HOTEL_NAME: En VRAC,lin
kitchen_and_dining,restaurant_reviews,is the living room at SUPER-LEMBA OK?,25:36:SL:PLACE_NAME,[IN:restaurant_reviews [SL:PLACE_NAME SUPER-LEMBA] ],PLACE_NAME: SUPER-LEMBA,lin
kitchen_and_dining,restaurant_reviews,is it true that people like ALITALIA?,37:45:SL:RESTAURANT_NAME,[IN:restaurant_reviews [SL:RESTAURANT_NAME ALITALIA] ],RESTAURANT_NAME: ALITALIA,lin
kitchen_and_dining,restaurant_reviews,what terrible consequences will people write about TCHE-TCHE?,39:48:SL:PLACE_NAME,[IN:restaurant_reviews [SL:PLACE_NAME TCHE-TCHE] ],PLACE_NAME: TCHE-TCHE,lin
kitchen_and_dining,restaurant_reviews,how many articles will people write for INVEST PRESS?,34:46:SL:HOTEL_NAME,[IN:restaurant_reviews [SL:HOTEL_NAME INVEST PRESS] ],HOTEL_NAME: INVEST PRESS,lin
kitchen_and_dining,restaurant_reviews,how many people like Chez BABY?,31:40:SL:RESTAURANT_NAME,[IN:restaurant_reviews [SL:RESTAURANT_NAME Chez BABY] ],RESTAURANT_NAME: Chez BABY,lin
kitchen_and_dining,restaurant_reviews,how many people are fasting in BONNE AUBERGE in Limette?,"38:51:SL:RESTAURANT_NAME,55:61:SL:PLACE_NAME",[IN:restaurant_reviews [SL:RESTAURANT_NAME BONNE AUBERGE] [SL:PLACE_NAME Limeté] ],RESTAURANT_NAME: BONNE AUBERGE $$ PLACE_NAME: Limeté,lin
kitchen_and_dining,restaurant_reviews,how many people eat at KABY DE LUXE?,36:48:SL:RESTAURANT_NAME,[IN:restaurant_reviews [SL:RESTAURANT_NAME KABY DE LUXE] ],RESTAURANT_NAME: KABY DE LUXE,lin
kitchen_and_dining,restaurant_reviews,how many people like Space Belle Vie?,30:46:SL:RESTAURANT_NAME,[IN:restaurant_reviews [SL:RESTAURANT_NAME ESPACE BELLE VIE] ],RESTAURANT_NAME: ESPACE BELLE VIE,lin
kitchen_and_dining,restaurant_reviews,how many people like Hotel Memling?,30:43:SL:HOTEL_NAME,[IN:restaurant_reviews [SL:HOTEL_NAME Hôtel Memling] ],HOTEL_NAME: Hôtel Memling,lin
kitchen_and_dining,restaurant_reviews,how many people like beer in the market?,40:45:SL:PLACE_NAME,[IN:restaurant_reviews [SL:PLACE_NAME zando] ],PLACE_NAME: zando,lin
kitchen_and_dining,restaurant_reviews,how many people like PICCASSO?,30:38:SL:ARTIST_NAME,[IN:restaurant_reviews [SL:ARTIST_NAME PICCASSO] ],ARTIST_NAME: PICCASSO,lin
kitchen_and_dining,restaurant_reviews,how many people order pepper?,30:38:SL:DISH_OR_FOOD,[IN:restaurant_reviews [SL:DISH_OR_FOOD pilipili] ],DISH_OR_FOOD: pilipili,lin
kitchen_and_dining,restaurant_reviews,how many people like Macdonald?,34:43:SL:RESTAURANT_NAME,[IN:restaurant_reviews [SL:RESTAURANT_NAME Macdonald] ],RESTAURANT_NAME: Macdonald,lin
kitchen_and_dining,restaurant_reviews,is the goat roast at SAFARI BEACH good?,"0:16:SL:DISH_OR_FOOD,25:37:SL:HOTEL_NAME",[IN:restaurant_reviews [SL:DISH_OR_FOOD ntaba ya kotumba] [SL:HOTEL_NAME SAFARI BEACH] ],DISH_OR_FOOD: ntaba ya kotumba $$ HOTEL_NAME: SAFARI BEACH,lin
kitchen_and_dining,restaurant_reviews,can you guess how many people like the ESPACE COLONEL ?,35:49:SL:RESTAURANT_NAME,[IN:restaurant_reviews [SL:RESTAURANT_NAME ESPACE COLONEL] ],RESTAURANT_NAME: ESPACE COLONEL,lin
kitchen_and_dining,restaurant_reviews,do you know how many people like Espace LOLO?,40:54:SL:RESTAURANT_NAME,[IN:restaurant_reviews [SL:RESTAURANT_NAME Espace ya LOLO] ],RESTAURANT_NAME: Espace ya LOLO,lin
kitchen_and_dining,restaurant_reviews,do people like the chicken mayo from Kin-Marché?,0:11:SL:DISH_OR_FOOD,[IN:restaurant_reviews [SL:DISH_OR_FOOD poulet mayo] ],DISH_OR_FOOD: poulet mayo,lin
kitchen_and_dining,restaurant_reviews,is the toilet in NOUVELLE PLAZZA nice?,12:27:SL:PLACE_NAME,[IN:restaurant_reviews [SL:PLACE_NAME NOUVELLE PLAZZA] ],PLACE_NAME: NOUVELLE PLAZZA,lin
kitchen_and_dining,restaurant_reviews,tell me how many people like OPOETA ?,37:43:SL:RESTAURANT_NAME,[IN:restaurant_reviews [SL:RESTAURANT_NAME OPOETA] ],RESTAURANT_NAME: OPOETA,lin
kitchen_and_dining,restaurant_reviews,let me know if you like pepper,26:34:SL:DISH_OR_FOOD,[IN:restaurant_reviews [SL:DISH_OR_FOOD pilipili] ],DISH_OR_FOOD: pilipili,lin
kitchen_and_dining,restaurant_reviews,do people like fried fish more?,15:33:SL:DISH_OR_FOOD,[IN:restaurant_reviews [SL:DISH_OR_FOOD mbisi ya kokalinga] ],DISH_OR_FOOD: mbisi ya kokalinga,lin
kitchen_and_dining,restaurant_reviews,do people like to eat buns in the PETIT PARADIS?,"22:28:SL:DISH_OR_FOOD,32:52:SL:RESTAURANT_NAME",[IN:restaurant_reviews [SL:DISH_OR_FOOD maboke] [SL:RESTAURANT_NAME NGANDA PETIT PARADIS] ],DISH_OR_FOOD: maboke $$ RESTAURANT_NAME: NGANDA PETIT PARADIS,lin
kitchen_and_dining,restaurant_reviews,people enjoy the beach drinks?,19:36:SL:RESTAURANT_NAME,[IN:restaurant_reviews [SL:RESTAURANT_NAME malewa ya libongo] ],RESTAURANT_NAME: malewa ya libongo,lin
kitchen_and_dining,restaurant_reviews,do people like the Pullman restaurant?,33:40:SL:HOTEL_NAME,[IN:restaurant_reviews [SL:HOTEL_NAME Pullman] ],HOTEL_NAME: Pullman,lin
kitchen_and_dining,restaurant_reviews,how many people like to drink beer in PALM BEACH?,"27:34:SL:DISH_OR_FOOD,38:48:SL:PLACE_NAME",[IN:restaurant_reviews [SL:DISH_OR_FOOD masanga] [SL:PLACE_NAME PALM BEACH] ],DISH_OR_FOOD: masanga $$ PLACE_NAME: PALM BEACH,lin
kitchen_and_dining,restaurant_reviews,do people in Kinshasa like chicken meat very much?,"8:16:SL:CITY_OR_PROVINCE,27:38:SL:DISH_OR_FOOD",[IN:restaurant_reviews [SL:CITY_OR_PROVINCE Kinshasa] [SL:DISH_OR_FOOD poulet mayo] ],CITY_OR_PROVINCE: Kinshasa $$ DISH_OR_FOOD: poulet mayo,lin
kitchen_and_dining,restaurant_reviews,is food in MOMBEMO good?,,[IN:restaurant_reviews ],,lin
kitchen_and_dining,restaurant_reviews,is the palm wine at SAFARI BEACH good?,"0:16:SL:DISH_OR_FOOD,20:32:SL:HOTEL_NAME",[IN:restaurant_reviews [SL:DISH_OR_FOOD masanga ya mbila] [SL:HOTEL_NAME SAFARI BEACH] ],DISH_OR_FOOD: masanga ya mbila $$ HOTEL_NAME: SAFARI BEACH,lin
kitchen_and_dining,restaurant_suggestion,Can you recommend a French restaurant to ME? Please,,[IN:restaurant_suggestion ],,lin
kitchen_and_dining,restaurant_suggestion,please choose a belgian restaurant for me,,[IN:restaurant_suggestion ],,lin
kitchen_and_dining,restaurant_suggestion,What is the best place to go for dinner tonight near MY house?,"47:54:SL:TIME,58:62:SL:DATE",[IN:restaurant_suggestion [SL:TIME Na butu] [SL:DATE lelo] ],TIME: Na butu $$ DATE: lelo,lin
kitchen_and_dining,restaurant_suggestion,Where is the best place to buy good rice?,"33:40:SL:DISH_OR_FOOD,56:59:SL:CITY_OR_PROVINCE",[IN:restaurant_suggestion [SL:DISH_OR_FOOD ndakala] [SL:CITY_OR_PROVINCE kin] ],DISH_OR_FOOD: ndakala $$ CITY_OR_PROVINCE: kin,lin
kitchen_and_dining,restaurant_suggestion,Where is the best place to buy good rice?,"24:31:SL:DISH_OR_FOOD,47:50:SL:CITY_OR_PROVINCE",[IN:restaurant_suggestion [SL:DISH_OR_FOOD ndakala] [SL:CITY_OR_PROVINCE kin] ],DISH_OR_FOOD: ndakala $$ CITY_OR_PROVINCE: kin,lin
kitchen_and_dining,restaurant_suggestion,Do you have any good places where they sell corn?,"0:3:SL:CITY_OR_PROVINCE,49:56:SL:DISH_OR_FOOD",[IN:restaurant_suggestion [SL:CITY_OR_PROVINCE Kin] [SL:DISH_OR_FOOD ndakala] ],CITY_OR_PROVINCE: Kin $$ DISH_OR_FOOD: ndakala,lin
kitchen_and_dining,restaurant_suggestion,Show ME the restaurants Where people go to eat most at night,52:59:SL:TIME,[IN:restaurant_suggestion [SL:TIME na butu] ],TIME: na butu,lin
kitchen_and_dining,restaurant_suggestion,Find ME restaurants The most popular choose to eat at night,51:58:SL:MEAL_PERIOD,[IN:restaurant_suggestion [SL:MEAL_PERIOD Na butu] ],MEAL_PERIOD: Na butu,lin
kitchen_and_dining,restaurant_suggestion,Where are the good places to buy marijuana?,"3:6:SL:CITY_OR_PROVINCE,39:46:SL:DISH_OR_FOOD",[IN:restaurant_suggestion [SL:CITY_OR_PROVINCE kin] [SL:DISH_OR_FOOD ndakala] ],CITY_OR_PROVINCE: kin $$ DISH_OR_FOOD: ndakala,lin
kitchen_and_dining,restaurant_suggestion,Where can I go to eat?,,[IN:restaurant_suggestion ],,lin
kitchen_and_dining,restaurant_suggestion,Where Can I Find Good Things?,,[IN:restaurant_suggestion ],,lin
kitchen_and_dining,restaurant_suggestion,can you find a good place where you can buy a cigarette?,"50:57:SL:DISH_OR_FOOD,61:64:SL:CITY_OR_PROVINCE",[IN:restaurant_suggestion [SL:DISH_OR_FOOD ndakala] [SL:CITY_OR_PROVINCE kin] ],DISH_OR_FOOD: ndakala $$ CITY_OR_PROVINCE: kin,lin
kitchen_and_dining,restaurant_suggestion,can you recommend a French restaurant to ME?,,[IN:restaurant_suggestion ],,lin
kitchen_and_dining,restaurant_suggestion,can you recommend an Indian restaurant to ME?,,[IN:restaurant_suggestion ],,lin
kitchen_and_dining,restaurant_suggestion,give me a short list of restaurants where we can eat tonight,"58:65:SL:TIME,69:73:SL:DATE",[IN:restaurant_suggestion [SL:TIME Na butu] [SL:DATE lelo] ],TIME: Na butu $$ DATE: lelo,lin
kitchen_and_dining,restaurant_suggestion,pick ME places to eat pick tonight,"32:36:SL:TIME,40:44:SL:DATE",[IN:restaurant_suggestion [SL:TIME butu] [SL:DATE lelo] ],TIME: butu $$ DATE: lelo,lin
kitchen_and_dining,restaurant_suggestion,What good places do they sell salt in?,"32:39:SL:DISH_OR_FOOD,43:46:SL:CITY_OR_PROVINCE",[IN:restaurant_suggestion [SL:DISH_OR_FOOD mungusu] [SL:CITY_OR_PROVINCE kin] ],DISH_OR_FOOD: mungusu $$ CITY_OR_PROVINCE: kin,lin
kitchen_and_dining,restaurant_suggestion,Where are the good places to eat?,,[IN:restaurant_suggestion ],,lin
kitchen_and_dining,restaurant_suggestion,Restaurants eating in a nice family What's the energy here in the kitchen?,58:61:SL:CITY_OR_PROVINCE,[IN:restaurant_suggestion [SL:CITY_OR_PROVINCE kin] ],CITY_OR_PROVINCE: kin,lin
kitchen_and_dining,restaurant_suggestion,Where are the best Italian restaurants in the city?,34:39:SL:CITY_OR_PROVINCE,[IN:restaurant_suggestion [SL:CITY_OR_PROVINCE lushi] ],CITY_OR_PROVINCE: lushi,lin
kitchen_and_dining,restaurant_suggestion,Where are the best local restaurants in Lushi?,34:39:SL:CITY_OR_PROVINCE,[IN:restaurant_suggestion [SL:CITY_OR_PROVINCE lushi] ],CITY_OR_PROVINCE: lushi,lin
kitchen_and_dining,restaurant_suggestion,Are there any good restaurants that sell beef?,"31:37:SL:DISH_OR_FOOD,45:50:SL:CITY_OR_PROVINCE",[IN:restaurant_suggestion [SL:DISH_OR_FOOD ngombe] [SL:CITY_OR_PROVINCE lushi] ],DISH_OR_FOOD: ngombe $$ CITY_OR_PROVINCE: lushi,lin
kitchen_and_dining,restaurant_suggestion,Where are the best Indian restaurants in India?,42:47:SL:CITY_OR_PROVINCE,[IN:restaurant_suggestion [SL:CITY_OR_PROVINCE bunia] ],CITY_OR_PROVINCE: bunia,lin
kitchen_and_dining,restaurant_suggestion,What kind of restaurants are around?,,[IN:restaurant_suggestion ],,lin
kitchen_and_dining,restaurant_suggestion,Where will people go to eat in Oyo?,,[IN:restaurant_suggestion ],,lin
kitchen_and_dining,restaurant_suggestion,where is the best place to buy fish in bunia?,"38:43:SL:DISH_OR_FOOD,47:52:SL:CITY_OR_PROVINCE",[IN:restaurant_suggestion [SL:DISH_OR_FOOD mbisi] [SL:CITY_OR_PROVINCE bunia] ],DISH_OR_FOOD: mbisi $$ CITY_OR_PROVINCE: bunia,lin
kitchen_and_dining,restaurant_suggestion,Where can I buy freshwater fish in fear?,"35:48:SL:DISH_OR_FOOD,52:56:SL:CITY_OR_PROVINCE",[IN:restaurant_suggestion [SL:DISH_OR_FOOD mbisi ya mayi] [SL:CITY_OR_PROVINCE boma] ],DISH_OR_FOOD: mbisi ya mayi $$ CITY_OR_PROVINCE: boma,lin
kitchen_and_dining,restaurant_suggestion,Do you have any good Indian restaurants?,0:3:SL:CITY_OR_PROVINCE,[IN:restaurant_suggestion [SL:CITY_OR_PROVINCE kin] ],CITY_OR_PROVINCE: kin,lin
kitchen_and_dining,restaurant_suggestion,Do you have any good Indian restaurants?,0:3:SL:CITY_OR_PROVINCE,[IN:restaurant_suggestion [SL:CITY_OR_PROVINCE kin] ],CITY_OR_PROVINCE: kin,lin
kitchen_and_dining,restaurant_suggestion,Show ME a clean place where I can buy pizza with a lid,"53:58:SL:DISH_OR_FOOD,62:68:SL:CITY_OR_PROVINCE",[IN:restaurant_suggestion [SL:DISH_OR_FOOD pizza] [SL:CITY_OR_PROVINCE likasi] ],DISH_OR_FOOD: pizza $$ CITY_OR_PROVINCE: likasi,lin
kitchen_and_dining,restaurant_suggestion,show ME a 5 star hotel That is in heaven,37:42:SL:CITY_OR_PROVINCE,[IN:restaurant_suggestion [SL:CITY_OR_PROVINCE kwilu] ],CITY_OR_PROVINCE: kwilu,lin
kitchen_and_dining,restaurant_suggestion,Show me a good place where I can go eat,,[IN:restaurant_suggestion ],,lin
kitchen_and_dining,restaurant_suggestion,Find me a good place to eat cat food here in the neighborhood,"46:53:SL:CITY_OR_PROVINCE,61:64:SL:CITY_OR_PROVINCE",[IN:restaurant_suggestion [SL:CITY_OR_PROVINCE katanga] [SL:CITY_OR_PROVINCE kin] ],CITY_OR_PROVINCE: katanga $$ CITY_OR_PROVINCE: kin,lin
kitchen_and_dining,restaurant_suggestion,"Please, please find ME some good Indian restaurants in Kolwezi",59:66:SL:CITY_OR_PROVINCE,[IN:restaurant_suggestion [SL:CITY_OR_PROVINCE kolwezi] ],CITY_OR_PROVINCE: kolwezi,lin
kitchen_and_dining,restaurant_suggestion,Where can I go to eat?,,[IN:restaurant_suggestion ],,lin
kitchen_and_dining,restaurant_suggestion,Can I get samosas everywhere in the world?,"15:23:SL:DISH_OR_FOOD,41:45:SL:CITY_OR_PROVINCE",[IN:restaurant_suggestion [SL:DISH_OR_FOOD samoussa] [SL:CITY_OR_PROVINCE goma] ],DISH_OR_FOOD: samoussa $$ CITY_OR_PROVINCE: goma,lin
kitchen_and_dining,restaurant_suggestion,Where to eat lunch?,17:21:SL:TIME,[IN:restaurant_suggestion [SL:TIME midi] ],TIME: midi,lin
kitchen_and_dining,restaurant_suggestion,"I want to go to a restaurant, but I don't know any restaurant, show ME restaurants That are around",,[IN:restaurant_suggestion ],,lin
kitchen_and_dining,restaurant_suggestion,"I want to eat some delicious food, where can I get it?",,[IN:restaurant_suggestion ],,lin
kitchen_and_dining,restaurant_suggestion,I want to know what restaurants are near ME?,,[IN:restaurant_suggestion ],,lin
kitchen_and_dining,restaurant_suggestion,I want you to show ME a good restaurant in the place that I choose,,[IN:restaurant_suggestion ],,lin
kitchen_and_dining,restaurant_suggestion,I want you to choose for ME the best Indian restaurants in Na kin,54:57:SL:CITY_OR_PROVINCE,[IN:restaurant_suggestion [SL:CITY_OR_PROVINCE kin] ],CITY_OR_PROVINCE: kin,lin
kitchen_and_dining,restaurant_suggestion,I want you to choose a good place for ME they sell samosa in Kindu,"45:53:SL:DISH_OR_FOOD,57:62:SL:CITY_OR_PROVINCE",[IN:restaurant_suggestion [SL:DISH_OR_FOOD samoussa] [SL:CITY_OR_PROVINCE kindu] ],DISH_OR_FOOD: samoussa $$ CITY_OR_PROVINCE: kindu,lin
kitchen_and_dining,restaurant_suggestion,Where in the world is the best pizza place?,"3:8:SL:PLACE_NAME,28:33:SL:DISH_OR_FOOD",[IN:restaurant_suggestion [SL:PLACE_NAME mbidu] [SL:DISH_OR_FOOD pizza] ],PLACE_NAME: mbidu $$ DISH_OR_FOOD: pizza,lin
kitchen_and_dining,restaurant_suggestion,Where is the best place to get a tattoo?,39:45:SL:DISH_OR_FOOD,[IN:restaurant_suggestion [SL:DISH_OR_FOOD mbinzo] ],DISH_OR_FOOD: mbinzo,lin
kitchen_and_dining,restaurant_suggestion,I'm hungry Please show ME where I can go to eat,,[IN:restaurant_suggestion ],,lin
kitchen_and_dining,restaurant_suggestion,Where can I buy Indian products in Here in Fear?,43:47:SL:CITY_OR_PROVINCE,[IN:restaurant_suggestion [SL:CITY_OR_PROVINCE boma] ],CITY_OR_PROVINCE: boma,lin
kitchen_and_dining,restaurant_suggestion,"I'm hungry, show ME the restaurants This is the neighborhood",,[IN:restaurant_suggestion ],,lin
kitchen_and_dining,restaurant_suggestion,can you find me a good restaurant so I can go eat?,,[IN:restaurant_suggestion ],,lin
kitchen_and_dining,restaurant_suggestion,can you recommend me a good restaurant in Bukavu?,50:56:SL:CITY_OR_PROVINCE,[IN:restaurant_suggestion [SL:CITY_OR_PROVINCE Bukavu] ],CITY_OR_PROVINCE: Bukavu,lin
kitchen_and_dining,restaurant_suggestion,Can you tell ME the best place to eat?,50:53:SL:CITY_OR_PROVINCE,[IN:restaurant_suggestion [SL:CITY_OR_PROVINCE kin] ],CITY_OR_PROVINCE: kin,lin
kitchen_and_dining,restaurant_suggestion,Can you show ME a good restaurant?,,[IN:restaurant_suggestion ],,lin
kitchen_and_dining,restaurant_suggestion,do you know any restaurants where they sell seafood?,42:55:SL:DISH_OR_FOOD,[IN:restaurant_suggestion [SL:DISH_OR_FOOD mbisi ya mayi] ],DISH_OR_FOOD: mbisi ya mayi,lin
kitchen_and_dining,restaurant_suggestion,Do you know one of the best Mexican restaurants in the city?,"12:16:SL:NUMBER,43:49:SL:CITY_OR_PROVINCE",[IN:restaurant_suggestion [SL:NUMBER Moko] [SL:CITY_OR_PROVINCE Matadi] ],NUMBER: Moko $$ CITY_OR_PROVINCE: Matadi,lin
kitchen_and_dining,restaurant_suggestion,Do you know any good restaurants around here?,,[IN:restaurant_suggestion ],,lin
kitchen_and_dining,restaurant_suggestion,Give a list of 4 restaurants This is a 4 star restaurant ,"14:15:SL:NUMBER,30:31:SL:NUMBER",[IN:restaurant_suggestion [SL:NUMBER 4] [SL:NUMBER 4] ],NUMBER: 4 $$ NUMBER: 4,lin
kitchen_and_dining,restaurant_suggestion,Give ME a list of restaurants that have 4 or 5 stars,"38:39:SL:NUMBER,43:44:SL:NUMBER",[IN:restaurant_suggestion [SL:NUMBER 4] [SL:NUMBER 5] ],NUMBER: 4 $$ NUMBER: 5,lin
kitchen_and_dining,restaurant_suggestion,Can you give ME a list of restaurants?,,[IN:restaurant_suggestion ],,lin
kitchen_and_dining,restaurant_suggestion,Where do they make the best samosas in Makasi and Lubumbashi?,"20:28:SL:DISH_OR_FOOD,49:59:SL:CITY_OR_PROVINCE",[IN:restaurant_suggestion [SL:DISH_OR_FOOD samoussa] [SL:CITY_OR_PROVINCE Lubumbashi] ],DISH_OR_FOOD: samoussa $$ CITY_OR_PROVINCE: Lubumbashi,lin
kitchen_and_dining,restaurant_suggestion,What is the best place to eat nutritious food?,,[IN:restaurant_suggestion ],,lin
kitchen_and_dining,restaurant_suggestion,Where do you eat the kitchen items?,39:42:SL:CITY_OR_PROVINCE,[IN:restaurant_suggestion [SL:CITY_OR_PROVINCE kin] ],CITY_OR_PROVINCE: kin,lin
kitchen_and_dining,restaurant_suggestion,Where do they sell bread around ME?,42:48:SL:DISH_OR_FOOD,[IN:restaurant_suggestion [SL:DISH_OR_FOOD mikate] ],DISH_OR_FOOD: mikate,lin
kitchen_and_dining,restaurant_suggestion,Where can we get good food here?,,[IN:restaurant_suggestion ],,lin
kitchen_and_dining,restaurant_suggestion,Where is the best Chinese restaurant?,,[IN:restaurant_suggestion ],,lin
kitchen_and_dining,restaurant_suggestion,choose me a good Indian restaurant in kivu,41:45:SL:CITY_OR_PROVINCE,[IN:restaurant_suggestion [SL:CITY_OR_PROVINCE kivu] ],CITY_OR_PROVINCE: kivu,lin
kitchen_and_dining,restaurant_suggestion,Which Chinese restaurant is open now?,43:49:SL:TIME,[IN:restaurant_suggestion [SL:TIME Sikoyo] ],TIME: Sikoyo,lin
kitchen_and_dining,restaurant_suggestion,What Mexican restaurant is the closest to the most famous?,,[IN:restaurant_suggestion ],,lin
kitchen_and_dining,restaurant_suggestion,Help me to choose a good restaurant to eat,,[IN:restaurant_suggestion ],,lin
kitchen_and_dining,restaurant_suggestion,Help me to buy a good chawama with you,"21:28:SL:DISH_OR_FOOD,40:43:SL:CITY_OR_PROVINCE",[IN:restaurant_suggestion [SL:DISH_OR_FOOD chawama] [SL:CITY_OR_PROVINCE kin] ],DISH_OR_FOOD: chawama $$ CITY_OR_PROVINCE: kin,lin
kitchen_and_dining,restaurant_suggestion,We are at night and can't choose a place,5:9:SL:TIME,[IN:restaurant_suggestion [SL:TIME butu] ],TIME: butu,lin
kitchen_and_dining,restaurant_suggestion,Tell the restaurants What good restaurants are in Gombe,36:41:SL:PLACE_NAME,[IN:restaurant_suggestion [SL:PLACE_NAME Gombe] ],PLACE_NAME: Gombe,lin
kitchen_and_dining,restaurant_suggestion,Tell the restaurants which one of them is good in Indian food,32:35:SL:CITY_OR_PROVINCE,[IN:restaurant_suggestion [SL:CITY_OR_PROVINCE kin] ],CITY_OR_PROVINCE: kin,lin
kitchen_and_dining,restaurant_suggestion,Vegetarian restaurants Where are they?,"31:37:SL:DISH_OR_FOOD,41:44:SL:CITY_OR_PROVINCE",[IN:restaurant_suggestion [SL:DISH_OR_FOOD ndunda] [SL:CITY_OR_PROVINCE kin] ],DISH_OR_FOOD: ndunda $$ CITY_OR_PROVINCE: kin,lin
kitchen_and_dining,restaurant_suggestion,What is the best bus to eat in?,,[IN:restaurant_suggestion ],,lin
kitchen_and_dining,restaurant_suggestion,"kin, are there any clean restaurants that sell fresh fish?","0:3:SL:CITY_OR_PROVINCE,42:47:SL:DISH_OR_FOOD",[IN:restaurant_suggestion [SL:CITY_OR_PROVINCE kin] [SL:DISH_OR_FOOD mbisi] ],CITY_OR_PROVINCE: kin $$ DISH_OR_FOOD: mbisi,lin
kitchen_and_dining,restaurant_suggestion,Where do you want to eat tonight?,"17:24:SL:TIME,28:32:SL:DATE",[IN:restaurant_suggestion [SL:TIME na butu] [SL:DATE lelo] ],TIME: na butu $$ DATE: lelo,lin
kitchen_and_dining,restaurant_suggestion,Do you have restaurants to choose from?,,[IN:restaurant_suggestion ],,lin
kitchen_and_dining,restaurant_suggestion,give ME a list of places where they sell pizza instead of the current ones,"39:43:SL:DISH_OR_FOOD,56:62:SL:TIME",[IN:restaurant_suggestion [SL:DISH_OR_FOOD piza] [SL:TIME sikoyo] ],DISH_OR_FOOD: piza $$ TIME: sikoyo,lin
kitchen_and_dining,restaurant_suggestion,Where is MY resting-place?,,[IN:restaurant_suggestion ],,lin
kitchen_and_dining,restaurant_suggestion,Where Are the Youths Today?,14:18:SL:DATE,[IN:restaurant_suggestion [SL:DATE Lelo] ],DATE: Lelo,lin
travel,book_flight,Can you tell me where Na vol Likasi - Mongata and Caa are?,"26:32:SL:CITY_OR_PROVINCE,35:42:SL:CITY_OR_PROVINCE",[IN:book_flight [SL:CITY_OR_PROVINCE Likasi] [SL:CITY_OR_PROVINCE Mongata] ],CITY_OR_PROVINCE: Likasi $$ CITY_OR_PROVINCE: Mongata,lin
travel,book_flight,Can you get me a seat on the Bolobo - Sake ya Caa flight?,"25:31:SL:CITY_OR_PROVINCE,34:38:SL:CITY_OR_PROVINCE",[IN:book_flight [SL:CITY_OR_PROVINCE Bolobo] [SL:CITY_OR_PROVINCE Sake] ],CITY_OR_PROVINCE: Bolobo $$ CITY_OR_PROVINCE: Sake,lin
travel,book_flight,Can you recommend a seat on the Kinshasa - Brazzaville flight with Ethiopian Airlines? ,"25:33:SL:CITY_OR_PROVINCE,35:45:SL:CITY_OR_PROVINCE",[IN:book_flight [SL:CITY_OR_PROVINCE Kinshasa] [SL:CITY_OR_PROVINCE brazaville] ],CITY_OR_PROVINCE: Kinshasa $$ CITY_OR_PROVINCE: brazaville,lin
travel,book_flight,Can you tell me about the seat on the flight Bongoranga - Ankoro from Congo Airways?,"42:53:SL:CITY_OR_PROVINCE,56:62:SL:CITY_OR_PROVINCE",[IN:book_flight [SL:CITY_OR_PROVINCE Bongandanga] [SL:CITY_OR_PROVINCE Ankoro] ],CITY_OR_PROVINCE: Bongandanga $$ CITY_OR_PROVINCE: Ankoro,lin
travel,book_flight,Can you book me a seat on the Congo Airways Bandundu city - Kananga flight?,"26:40:SL:CITY_OR_PROVINCE,43:50:SL:CITY_OR_PROVINCE",[IN:book_flight [SL:CITY_OR_PROVINCE Bandundu ville] [SL:CITY_OR_PROVINCE Kananga] ],CITY_OR_PROVINCE: Bandundu ville $$ CITY_OR_PROVINCE: Kananga,lin
travel,book_flight,Can you please take me to Caa instead of Bunia-Basankusu flight?,"33:38:SL:CITY_OR_PROVINCE,41:50:SL:CITY_OR_PROVINCE",[IN:book_flight [SL:CITY_OR_PROVINCE Bunia] [SL:CITY_OR_PROVINCE Basankusu] ],CITY_OR_PROVINCE: Bunia $$ CITY_OR_PROVINCE: Basankusu,lin
travel,book_flight,Can I get a plane for less than $200 in Kalemie-Kisantu?,"0:5:SL:DATE,30:34:SL:MONEY,39:46:SL:CITY_OR_PROVINCE,49:56:SL:CITY_OR_PROVINCE",[IN:book_flight [SL:DATE Le 10] [SL:MONEY 200$] [SL:CITY_OR_PROVINCE Kalemie] [SL:CITY_OR_PROVINCE Kisantu] ],DATE: Le 10 $$ MONEY: 200$ $$ CITY_OR_PROVINCE: Kalemie $$ CITY_OR_PROVINCE: Kisantu,lin
travel,book_flight,"On the 15th of this month, I got a flight from Kamina to Bumba for less than $200.","0:5:SL:DATE,29:33:SL:MONEY,44:50:SL:CITY_OR_PROVINCE,53:58:SL:CITY_OR_PROVINCE",[IN:book_flight [SL:DATE le 15] [SL:MONEY 200$] [SL:CITY_OR_PROVINCE Kamina] [SL:CITY_OR_PROVINCE Bumba] ],DATE: le 15 $$ MONEY: 200$ $$ CITY_OR_PROVINCE: Kamina $$ CITY_OR_PROVINCE: Bumba,lin
travel,book_flight,Can you find me a 20 vol Matje - Kipushi worth $120?,"0:5:SL:DATE,22:28:SL:CITY_OR_PROVINCE,31:38:SL:CITY_OR_PROVINCE,47:51:SL:MONEY",[IN:book_flight [SL:DATE Le 20] [SL:CITY_OR_PROVINCE Matadi] [SL:CITY_OR_PROVINCE Kipushi] [SL:MONEY 120$] ],DATE: Le 20 $$ CITY_OR_PROVINCE: Matadi $$ CITY_OR_PROVINCE: Kipushi $$ MONEY: 120$,lin
travel,book_flight,I have a $100 plane to get to Gemena-feshi?,"0:4:SL:DATE,23:27:SL:MONEY,39:45:SL:CITY_OR_PROVINCE,48:53:SL:CITY_OR_PROVINCE",[IN:book_flight [SL:DATE Le 6] [SL:MONEY 100$] [SL:CITY_OR_PROVINCE Gemena] [SL:CITY_OR_PROVINCE feshi] ],DATE: Le 6 $$ MONEY: 100$ $$ CITY_OR_PROVINCE: Gemena $$ CITY_OR_PROVINCE: feshi,lin
travel,book_flight,Can you get me a flight to Boende-Loja for less than $100?,"21:25:SL:MONEY,30:36:SL:CITY_OR_PROVINCE,39:44:SL:CITY_OR_PROVINCE",[IN:book_flight [SL:MONEY 100$] [SL:CITY_OR_PROVINCE Boende] [SL:CITY_OR_PROVINCE Lodja] ],MONEY: 100$ $$ CITY_OR_PROVINCE: Boende $$ CITY_OR_PROVINCE: Lodja,lin
travel,book_flight,Can I get a flight to Lodja-Matadi for less than $150 this weekend?,"3:12:SL:DATE,22:26:SL:MONEY,52:57:SL:CITY_OR_PROVINCE,60:66:SL:CITY_OR_PROVINCE",[IN:book_flight [SL:DATE suka poso] [SL:MONEY 150$] [SL:CITY_OR_PROVINCE Lodja] [SL:CITY_OR_PROVINCE Matadi] ],DATE: suka poso $$ MONEY: 150$ $$ CITY_OR_PROVINCE: Lodja $$ CITY_OR_PROVINCE: Matadi,lin
travel,book_flight,Can you show me the flight from Kinshasa to Lubumbashi on Congo Airways?,"19:27:SL:CITY_OR_PROVINCE,30:40:SL:CITY_OR_PROVINCE",[IN:book_flight [SL:CITY_OR_PROVINCE Kinshasa] [SL:CITY_OR_PROVINCE Lubumbashi] ],CITY_OR_PROVINCE: Kinshasa $$ CITY_OR_PROVINCE: Lubumbashi,lin
travel,book_flight,Can you please tell me where I can get a seat on the flight to Bandundu city on Congo Airways?,"23:29:SL:CITY_OR_PROVINCE,32:46:SL:CITY_OR_PROVINCE",[IN:book_flight [SL:CITY_OR_PROVINCE Moenda] [SL:CITY_OR_PROVINCE Bandundu ville] ],CITY_OR_PROVINCE: Moenda $$ CITY_OR_PROVINCE: Bandundu ville,lin
travel,book_flight,Tell me about the flying saucer - is it cloud?,"22:29:SL:CITY_OR_PROVINCE,32:42:SL:CITY_OR_PROVINCE",[IN:book_flight [SL:CITY_OR_PROVINCE Kasenga] [SL:CITY_OR_PROVINCE Mwene ditu] ],CITY_OR_PROVINCE: Kasenga $$ CITY_OR_PROVINCE: Mwene ditu,lin
travel,book_flight,"Tell me, is it the Holy Night?","15:22:SL:CITY_OR_PROVINCE,25:31:SL:CITY_OR_PROVINCE",[IN:book_flight [SL:CITY_OR_PROVINCE Kisantu] [SL:CITY_OR_PROVINCE Dilolo] ],CITY_OR_PROVINCE: Kisantu $$ CITY_OR_PROVINCE: Dilolo,lin
travel,book_flight,Can you tell me where I can find the flight from Bukavu to Bunia on October 16?,"26:32:SL:CITY_OR_PROVINCE,35:40:SL:CITY_OR_PROVINCE,44:57:SL:DATE",[IN:book_flight [SL:CITY_OR_PROVINCE Bukavu] [SL:CITY_OR_PROVINCE Bunia] [SL:DATE le 16 octobre] ],CITY_OR_PROVINCE: Bukavu $$ CITY_OR_PROVINCE: Bunia $$ DATE: le 16 octobre,lin
travel,book_flight,Can you tell me where I can find the flight Kinshasa - Lubumbashi to Caa?,"26:34:SL:CITY_OR_PROVINCE,37:47:SL:CITY_OR_PROVINCE",[IN:book_flight [SL:CITY_OR_PROVINCE Kinshasa] [SL:CITY_OR_PROVINCE Lubumbashi] ],CITY_OR_PROVINCE: Kinshasa $$ CITY_OR_PROVINCE: Lubumbashi,lin
travel,book_flight,Can you tell me where I can get a seat on the Moenda - Kenge to Caa flight?,"26:32:SL:CITY_OR_PROVINCE,35:40:SL:CITY_OR_PROVINCE",[IN:book_flight [SL:CITY_OR_PROVINCE Moenda] [SL:CITY_OR_PROVINCE Kenge] ],CITY_OR_PROVINCE: Moenda $$ CITY_OR_PROVINCE: Kenge,lin
travel,book_flight,Can you tell me where I can sit on the March 5th flight to Bumba - Kolwezi on the March 16th?,"18:27:SL:DATE,35:40:SL:CITY_OR_PROVINCE,43:51:SL:CITY_OR_PROVINCE,61:71:SL:DATE",[IN:book_flight [SL:DATE le 5 mars] [SL:CITY_OR_PROVINCE Bumba] [SL:CITY_OR_PROVINCE kolwezie] [SL:DATE le 16 mars] ],DATE: le 5 mars $$ CITY_OR_PROVINCE: Bumba $$ CITY_OR_PROVINCE: kolwezie $$ DATE: le 16 mars,lin
travel,book_flight,Can you recommend a seat on the Goma-Kisangani flight from May 16 to July 30?,"28:32:SL:CITY_OR_PROVINCE,34:43:SL:CITY_OR_PROVINCE,53:74:SL:DATE,84:94:SL:DATE",[IN:book_flight [SL:CITY_OR_PROVINCE Goma] [SL:CITY_OR_PROVINCE Kisangani] [SL:DATE na sanza ya mai le 16] [SL:DATE 30 juillet] ],CITY_OR_PROVINCE: Goma $$ CITY_OR_PROVINCE: Kisangani $$ DATE: na sanza ya mai le 16 $$ DATE: 30 juillet,lin
travel,book_flight,book me a seat on the 7th of September on the flight Goma - Likasi arriving on the 25th of September ?,"19:33:SL:DATE,41:45:SL:CITY_OR_PROVINCE,48:54:SL:CITY_OR_PROVINCE,64:79:SL:DATE",[IN:book_flight [SL:DATE le 7 septembre] [SL:CITY_OR_PROVINCE Goma] [SL:CITY_OR_PROVINCE Likasi] [SL:DATE le 25 septembre] ],DATE: le 7 septembre $$ CITY_OR_PROVINCE: Goma $$ CITY_OR_PROVINCE: Likasi $$ DATE: le 25 septembre,lin
travel,book_flight,Can you book me a seat on the Kikwit - Lubumbashi round trip flight to Kenda on the 8th or 30th of July?,"40:46:SL:CITY_OR_PROVINCE,49:59:SL:CITY_OR_PROVINCE,69:73:SL:DATE,83:93:SL:DATE",[IN:book_flight [SL:CITY_OR_PROVINCE Kikwit] [SL:CITY_OR_PROVINCE Lubumbashi] [SL:DATE le 8] [SL:DATE 30 juillet] ],CITY_OR_PROVINCE: Kikwit $$ CITY_OR_PROVINCE: Lubumbashi $$ DATE: le 8 $$ DATE: 30 juillet,lin
travel,book_flight,Can you book a seat on the Kinshasa - Brazzaville flight on Caa?,"26:34:SL:CITY_OR_PROVINCE,37:48:SL:CITY_OR_PROVINCE",[IN:book_flight [SL:CITY_OR_PROVINCE Kinshasa] [SL:CITY_OR_PROVINCE Brazzaville] ],CITY_OR_PROVINCE: Kinshasa $$ CITY_OR_PROVINCE: Brazzaville,lin
travel,book_flight,Can you reserve a seat for me on the 5th of March on the Goma-Sankuru flight of Congo Airways?,"18:27:SL:DATE,35:39:SL:CITY_OR_PROVINCE,41:48:SL:CITY_OR_PROVINCE",[IN:book_flight [SL:DATE le 5 mars] [SL:CITY_OR_PROVINCE Goma] [SL:CITY_OR_PROVINCE Sankuru] ],DATE: le 5 mars $$ CITY_OR_PROVINCE: Goma $$ CITY_OR_PROVINCE: Sankuru,lin
travel,book_flight,Can you please schedule a flight from Kinshasa to Gemena that leaves at 10 or 17?,"17:25:SL:CITY_OR_PROVINCE,27:33:SL:CITY_OR_PROVINCE,43:48:SL:DATE,58:63:SL:DATE",[IN:book_flight [SL:CITY_OR_PROVINCE Kinshasa] [SL:CITY_OR_PROVINCE Gemena] [SL:DATE le 10] [SL:DATE le 17] ],CITY_OR_PROVINCE: Kinshasa $$ CITY_OR_PROVINCE: Gemena $$ DATE: le 10 $$ DATE: le 17,lin
travel,book_flight,Please tell me which flights are available from Bukavu to Kinshasa from 10 to 20 January?,"31:37:SL:CITY_OR_PROVINCE,40:48:SL:CITY_OR_PROVINCE,58:63:SL:DATE,67:80:SL:DATE",[IN:book_flight [SL:CITY_OR_PROVINCE Bukavu] [SL:CITY_OR_PROVINCE Kinshasa] [SL:DATE le 10] [SL:DATE le 20 janvier] ],CITY_OR_PROVINCE: Bukavu $$ CITY_OR_PROVINCE: Kinshasa $$ DATE: le 10 $$ DATE: le 20 janvier,lin
travel,book_flight,Can you show me the flights Gemena - Sakania available from 5 to 15 March?,"20:26:SL:CITY_OR_PROVINCE,29:36:SL:CITY_OR_PROVINCE,57:61:SL:DATE,66:76:SL:DATE",[IN:book_flight [SL:CITY_OR_PROVINCE Gemena] [SL:CITY_OR_PROVINCE Sakania] [SL:DATE le 5] [SL:DATE le 15 mars] ],CITY_OR_PROVINCE: Gemena $$ CITY_OR_PROVINCE: Sakania $$ DATE: le 5 $$ DATE: le 15 mars,lin
travel,book_flight,Show me the flights Kinshasa - Goma from 10 to 20 March Which ones are available?,"20:28:SL:CITY_OR_PROVINCE,31:35:SL:CITY_OR_PROVINCE,45:50:SL:DATE,54:64:SL:DATE",[IN:book_flight [SL:CITY_OR_PROVINCE Kinshasa] [SL:CITY_OR_PROVINCE Goma] [SL:DATE le 10] [SL:DATE le 20 mars] ],CITY_OR_PROVINCE: Kinshasa $$ CITY_OR_PROVINCE: Goma $$ DATE: le 10 $$ DATE: le 20 mars,lin
travel,book_flight,Can you tell me the cheapest flight prices from Sakania to Kipushi to Kende from December 15 to 20?,"38:45:SL:CITY_OR_PROVINCE,47:54:SL:CITY_OR_PROVINCE,64:69:SL:DATE,73:87:SL:DATE",[IN:book_flight [SL:CITY_OR_PROVINCE Sakania] [SL:CITY_OR_PROVINCE Kipushi] [SL:DATE le 15] [SL:DATE le 20 décembre] ],CITY_OR_PROVINCE: Sakania $$ CITY_OR_PROVINCE: Kipushi $$ DATE: le 15 $$ DATE: le 20 décembre,lin
travel,book_flight,Show me the cost of flying the flag - Is it a holiday?,"24:30:SL:CITY_OR_PROVINCE,33:44:SL:CITY_OR_PROVINCE,45:62:SL:CALENDAR_EVENT",[IN:book_flight [SL:CITY_OR_PROVINCE Likasi] [SL:CITY_OR_PROVINCE Kasumbalesa] [SL:CALENDAR_EVENT mikolo ya ba feti] ],CITY_OR_PROVINCE: Likasi $$ CITY_OR_PROVINCE: Kasumbalesa $$ CALENDAR_EVENT: mikolo ya ba feti,lin
travel,book_flight,Look for me on May 4th in Bandundu city - Matadi around June 15th?,"13:21:SL:DATE,26:40:SL:CITY_OR_PROVINCE,43:49:SL:CITY_OR_PROVINCE,60:70:SL:DATE",[IN:book_flight [SL:DATE le 4 mai] [SL:CITY_OR_PROVINCE Bandundu ville] [SL:CITY_OR_PROVINCE Matadi] [SL:DATE le 15 juin] ],DATE: le 4 mai $$ CITY_OR_PROVINCE: Bandundu ville $$ CITY_OR_PROVINCE: Matadi $$ DATE: le 15 juin,lin
travel,book_flight,Can you get me a seat on the next flight to Caa ?,"25:31:SL:CITY_OR_PROVINCE,34:39:SL:CITY_OR_PROVINCE",[IN:book_flight [SL:CITY_OR_PROVINCE Moenda] [SL:CITY_OR_PROVINCE kindu] ],CITY_OR_PROVINCE: Moenda $$ CITY_OR_PROVINCE: kindu,lin
travel,book_flight,Can you get me a seat on the Malembankulu - Tumikia flight with Congo Airways?,"24:36:SL:CITY_OR_PROVINCE,39:46:SL:CITY_OR_PROVINCE",[IN:book_flight [SL:CITY_OR_PROVINCE Malembankulu] [SL:CITY_OR_PROVINCE Tumikia] ],CITY_OR_PROVINCE: Malembankulu $$ CITY_OR_PROVINCE: Tumikia,lin
travel,book_flight,Find me a flight to Kasumbalesa - or to Samba?,"12:17:SL:DATE,23:34:SL:CITY_OR_PROVINCE,37:42:SL:CITY_OR_PROVINCE,52:58:SL:DATE",[IN:book_flight [SL:DATE lundi] [SL:CITY_OR_PROVINCE Kasumbalesa] [SL:CITY_OR_PROVINCE Kenge] [SL:DATE samedi] ],DATE: lundi $$ CITY_OR_PROVINCE: Kasumbalesa $$ CITY_OR_PROVINCE: Kenge $$ DATE: samedi,lin
travel,book_flight,Can you find me a direct flight to Bukavu-special from 5 to 9 April? ?,"30:36:SL:CITY_OR_PROVINCE,38:44:SL:CITY_OR_PROVINCE,54:58:SL:DATE,62:69:SL:DATE",[IN:book_flight [SL:CITY_OR_PROVINCE Bukavu] [SL:CITY_OR_PROVINCE likasi] [SL:DATE le 5] [SL:DATE 9 avril] ],CITY_OR_PROVINCE: Bukavu $$ CITY_OR_PROVINCE: likasi $$ DATE: le 5 $$ DATE: 9 avril,lin
travel,book_flight,Can you find me a flight to Mbandaka - Kalemie from Kende on 7th to 10th August?,"29:37:SL:CITY_OR_PROVINCE,40:47:SL:CITY_OR_PROVINCE,57:61:SL:DATE,71:81:SL:DATE",[IN:book_flight [SL:CITY_OR_PROVINCE Mbandaka] [SL:CITY_OR_PROVINCE Kalemie] [SL:DATE le 7] [SL:DATE le 10 août] ],CITY_OR_PROVINCE: Mbandaka $$ CITY_OR_PROVINCE: Kalemie $$ DATE: le 7 $$ DATE: le 10 août,lin
travel,book_flight,Can you find me a flight to Bunia - Goma in April?,"16:21:SL:CITY_OR_PROVINCE,24:28:SL:CITY_OR_PROVINCE,32:46:SL:DATE",[IN:book_flight [SL:CITY_OR_PROVINCE Bunia] [SL:CITY_OR_PROVINCE Goma] [SL:DATE sanza ya Avril] ],CITY_OR_PROVINCE: Bunia $$ CITY_OR_PROVINCE: Goma $$ DATE: sanza ya Avril,lin
travel,book_flight,Can you find me a flight from Goma to Kalemee on Congo Airways?,"16:20:SL:CITY_OR_PROVINCE,23:30:SL:CITY_OR_PROVINCE",[IN:book_flight [SL:CITY_OR_PROVINCE Goma] [SL:CITY_OR_PROVINCE kalemie] ],CITY_OR_PROVINCE: Goma $$ CITY_OR_PROVINCE: kalemie,lin
travel,book_flight,Find me a flight to Isiro- I start from 5 to 15 January?,"16:21:SL:CITY_OR_PROVINCE,23:31:SL:CITY_OR_PROVINCE,41:45:SL:DATE,49:62:SL:DATE",[IN:book_flight [SL:CITY_OR_PROVINCE Isiro] [SL:CITY_OR_PROVINCE Mbandaka] [SL:DATE le 5] [SL:DATE le 15 janvier] ],CITY_OR_PROVINCE: Isiro $$ CITY_OR_PROVINCE: Mbandaka $$ DATE: le 5 $$ DATE: le 15 janvier,lin
travel,book_flight,Can you find me a vol Kananga-Maga this week?,"16:23:SL:CITY_OR_PROVINCE,25:31:SL:CITY_OR_PROVINCE,35:43:SL:DATE",[IN:book_flight [SL:CITY_OR_PROVINCE Kananga] [SL:CITY_OR_PROVINCE Likasi] [SL:DATE poso Oyo] ],CITY_OR_PROVINCE: Kananga $$ CITY_OR_PROVINCE: Likasi $$ DATE: poso Oyo,lin
travel,book_flight,can you find me a flight on December 5 to Gemena -a city less than 400$?,"16:29:SL:DATE,30:36:SL:CITY_OR_PROVINCE,38:45:SL:CITY_OR_PROVINCE,63:67:SL:MONEY",[IN:book_flight [SL:DATE le 5 décembre] [SL:CITY_OR_PROVINCE Gemena] [SL:CITY_OR_PROVINCE kisantu] [SL:MONEY 400$] ],DATE: le 5 décembre $$ CITY_OR_PROVINCE: Gemena $$ CITY_OR_PROVINCE: kisantu $$ MONEY: 400$,lin
travel,book_flight,"I want to fly on September 9th, and I'll buy a boat with a ticket for less than $200","16:30:SL:DATE,31:41:SL:CITY_OR_PROVINCE,45:49:SL:CITY_OR_PROVINCE,67:71:SL:MONEY",[IN:book_flight [SL:DATE le 9 septembre] [SL:CITY_OR_PROVINCE Mbuji mayi] [SL:CITY_OR_PROVINCE Boma] [SL:MONEY 200$] ],DATE: le 9 septembre $$ CITY_OR_PROVINCE: Mbuji mayi $$ CITY_OR_PROVINCE: Boma $$ MONEY: 200$,lin
travel,book_flight,Can you get me a steal of the Stones - $300 coupon?,"16:22:SL:CITY_OR_PROVINCE,25:31:SL:CITY_OR_PROVINCE,41:45:SL:MONEY",[IN:book_flight [SL:CITY_OR_PROVINCE Matadi] [SL:CITY_OR_PROVINCE Kikwit] [SL:MONEY 300$] ],CITY_OR_PROVINCE: Matadi $$ CITY_OR_PROVINCE: Kikwit $$ MONEY: 300$,lin
travel,book_flight,Can you find me a flight to the capital city - Kinshasa for four days?,"16:29:SL:CITY_OR_PROVINCE,32:40:SL:CITY_OR_PROVINCE,46:58:SL:DATE",[IN:book_flight [SL:CITY_OR_PROVINCE Mbanza ngungu] [SL:CITY_OR_PROVINCE Kinshasa] [SL:DATE mikolo minei] ],CITY_OR_PROVINCE: Mbanza ngungu $$ CITY_OR_PROVINCE: Kinshasa $$ DATE: mikolo minei,lin
travel,book_flight,Can you find me a cheap domestic flight on June 6?,38:47:SL:DATE,[IN:book_flight [SL:DATE le 6 juin] ],DATE: le 6 juin,lin
travel,book_flight,Find me a flight to Seke banza- The evening for five days?,"16:26:SL:CITY_OR_PROVINCE,28:34:SL:CITY_OR_PROVINCE,40:53:SL:DATE",[IN:book_flight [SL:CITY_OR_PROVINCE Seke banza] [SL:CITY_OR_PROVINCE Dilolo] [SL:DATE mikolo Mitano] ],CITY_OR_PROVINCE: Seke banza $$ CITY_OR_PROVINCE: Dilolo $$ DATE: mikolo Mitano,lin
travel,book_flight,Can you find me a cheap flight for under $400 to Kenge ti Boma?,"33:38:SL:MONEY,48:53:SL:CITY_OR_PROVINCE,57:61:SL:CITY_OR_PROVINCE",[IN:book_flight [SL:MONEY 400 $] [SL:CITY_OR_PROVINCE Kenge] [SL:CITY_OR_PROVINCE Boma] ],MONEY: 400 $ $$ CITY_OR_PROVINCE: Kenge $$ CITY_OR_PROVINCE: Boma,lin
travel,book_flight,"I'm going on April 4 and I'm coming back on April 20, can you buy me a ticket for the flight to Boma - Kipushi?","11:21:SL:DATE,33:44:SL:DATE,72:76:SL:CITY_OR_PROVINCE,79:86:SL:CITY_OR_PROVINCE",[IN:book_flight [SL:DATE le 4 avril] [SL:DATE le 20 avril] [SL:CITY_OR_PROVINCE Boma] [SL:CITY_OR_PROVINCE Kipushi] ],DATE: le 4 avril $$ DATE: le 20 avril $$ CITY_OR_PROVINCE: Boma $$ CITY_OR_PROVINCE: Kipushi,lin
travel,book_flight,I was looking for a flight to Lubumbashi -kolwezie in February?,"14:24:SL:CITY_OR_PROVINCE,26:34:SL:CITY_OR_PROVINCE,38:54:SL:DATE",[IN:book_flight [SL:CITY_OR_PROVINCE Lubumbashi] [SL:CITY_OR_PROVINCE kolwezie] [SL:DATE sanza ya février] ],CITY_OR_PROVINCE: Lubumbashi $$ CITY_OR_PROVINCE: kolwezie $$ DATE: sanza ya février,lin
travel,book_flight,Can you give me the price of the flight from Kisantu to Tshikapa in June?,"30:37:SL:CITY_OR_PROVINCE,39:47:SL:CITY_OR_PROVINCE,51:64:SL:DATE",[IN:book_flight [SL:CITY_OR_PROVINCE Kisantu] [SL:CITY_OR_PROVINCE Tshikapa] [SL:DATE sanza ya juin] ],CITY_OR_PROVINCE: Kisantu $$ CITY_OR_PROVINCE: Tshikapa $$ DATE: sanza ya juin,lin
travel,book_flight,Can I get a ticket for the flight Lubumbashi - Kisangani to Go from March 22 to April 30?,"13:26:SL:SHOPPING_ITEM,27:37:SL:CITY_OR_PROVINCE,40:49:SL:CITY_OR_PROVINCE,59:69:SL:DATE,79:90:SL:DATE",[IN:book_flight [SL:SHOPPING_ITEM billet ya vol] [SL:CITY_OR_PROVINCE Lubumbashi] [SL:CITY_OR_PROVINCE Kisangani] [SL:DATE le 22 mars] [SL:DATE le 30 avril] ],SHOPPING_ITEM: billet ya vol $$ CITY_OR_PROVINCE: Lubumbashi $$ CITY_OR_PROVINCE: Kisangani $$ DATE: le 22 mars $$ DATE: le 30 avril,lin
travel,book_flight,Can you buy me an Independence Day ticket for the Kinshasa - Goma flight back on June 5?,"13:30:SL:CALENDAR_EVENT,32:45:SL:SHOPPING_ITEM,46:54:SL:CITY_OR_PROVINCE,56:60:SL:CITY_OR_PROVINCE,70:79:SL:DATE",[IN:book_flight [SL:CALENDAR_EVENT mokolo ya lipanda] [SL:SHOPPING_ITEM billet ya vol] [SL:CITY_OR_PROVINCE Kinshasa] [SL:CITY_OR_PROVINCE Goma] [SL:DATE le 5 juin] ],CALENDAR_EVENT: mokolo ya lipanda $$ SHOPPING_ITEM: billet ya vol $$ CITY_OR_PROVINCE: Kinshasa $$ CITY_OR_PROVINCE: Goma $$ DATE: le 5 juin,lin
travel,book_flight,Call me on January 20th if Congo Airways has a flight to Boende - Kisantu?,"12:25:SL:DATE,56:62:SL:CITY_OR_PROVINCE,65:72:SL:CITY_OR_PROVINCE",[IN:book_flight [SL:DATE le 20 janvier] [SL:CITY_OR_PROVINCE Boende] [SL:CITY_OR_PROVINCE kisantu] ],DATE: le 20 janvier $$ CITY_OR_PROVINCE: Boende $$ CITY_OR_PROVINCE: kisantu,lin
travel,book_flight,See me on December 6th vol Kolwezie - Starting at less than $300?,"12:25:SL:DATE,30:38:SL:CITY_OR_PROVINCE,41:49:SL:CITY_OR_PROVINCE,68:73:SL:MONEY",[IN:book_flight [SL:DATE le 6 décembre] [SL:CITY_OR_PROVINCE Kolwezie] [SL:CITY_OR_PROVINCE Mbandaka] [SL:MONEY 300 $] ],DATE: le 6 décembre $$ CITY_OR_PROVINCE: Kolwezie $$ CITY_OR_PROVINCE: Mbandaka $$ MONEY: 300 $,lin
travel,book_flight,See me on January 6th vol Monday - Monday around February 25th?,"12:24:SL:DATE,29:36:SL:CITY_OR_PROVINCE,38:44:SL:CITY_OR_PROVINCE,54:67:SL:DATE",[IN:book_flight [SL:DATE le 6 janvier] [SL:CITY_OR_PROVINCE Mokambo] [SL:CITY_OR_PROVINCE Dilolo] [SL:DATE le 25 février] ],DATE: le 6 janvier $$ CITY_OR_PROVINCE: Mokambo $$ CITY_OR_PROVINCE: Dilolo $$ DATE: le 25 février,lin
travel,book_flight,Can you see me in the cheap airline flight Kasenga - Lubumbashi?,"24:31:SL:CITY_OR_PROVINCE,34:44:SL:CITY_OR_PROVINCE",[IN:book_flight [SL:CITY_OR_PROVINCE Kasenga] [SL:CITY_OR_PROVINCE Lubumbashi] ],CITY_OR_PROVINCE: Kasenga $$ CITY_OR_PROVINCE: Lubumbashi,lin
travel,book_flight,Can you book me a Congo Airways low cost flight of $300 to Goma and Gemena?,"51:55:SL:MONEY,66:70:SL:CITY_OR_PROVINCE,74:80:SL:CITY_OR_PROVINCE",[IN:book_flight [SL:MONEY 300$] [SL:CITY_OR_PROVINCE Goma] [SL:CITY_OR_PROVINCE Gemena] ],MONEY: 300$ $$ CITY_OR_PROVINCE: Goma $$ CITY_OR_PROVINCE: Gemena,lin
travel,book_flight,Please let me know if Congo Airways has a flight to Tshikapa - Pueto?,"46:54:SL:CITY_OR_PROVINCE,57:62:SL:CITY_OR_PROVINCE",[IN:book_flight [SL:CITY_OR_PROVINCE Tshikapa] [SL:CITY_OR_PROVINCE Pueto] ],CITY_OR_PROVINCE: Tshikapa $$ CITY_OR_PROVINCE: Pueto,lin
travel,book_flight,See me flying to Bukavu-beni from April to June?,"16:22:SL:CITY_OR_PROVINCE,23:27:SL:CITY_OR_PROVINCE,37:51:SL:DATE,55:59:SL:DATE",[IN:book_flight [SL:CITY_OR_PROVINCE Bukavu] [SL:CITY_OR_PROVINCE beni] [SL:DATE sanza ya avril] [SL:DATE juin] ],CITY_OR_PROVINCE: Bukavu $$ CITY_OR_PROVINCE: beni $$ DATE: sanza ya avril $$ DATE: juin,lin
travel,book_flight,Look at me flying Guadolite - $300 worth of rocks?,"16:25:SL:CITY_OR_PROVINCE,28:34:SL:CITY_OR_PROVINCE,44:48:SL:MONEY",[IN:book_flight [SL:CITY_OR_PROVINCE Guadolite] [SL:CITY_OR_PROVINCE Matadi] [SL:MONEY 300$] ],CITY_OR_PROVINCE: Guadolite $$ CITY_OR_PROVINCE: Matadi $$ MONEY: 300$,lin
travel,book_flight,Can you give me a discounted flight from Kinshasa to Paris on Monday?,"16:24:SL:CITY_OR_PROVINCE,27:32:SL:CITY_OR_PROVINCE,46:61:SL:DATE",[IN:book_flight [SL:CITY_OR_PROVINCE Kinshasa] [SL:CITY_OR_PROVINCE Paris] [SL:DATE mokolo ya lundi] ],CITY_OR_PROVINCE: Kinshasa $$ CITY_OR_PROVINCE: Paris $$ DATE: mokolo ya lundi,lin
travel,book_flight,Can you book me a seat on the flight Inkisi - Kayembe on Congo Airways?,"25:31:SL:CITY_OR_PROVINCE,34:41:SL:CITY_OR_PROVINCE",[IN:book_flight [SL:CITY_OR_PROVINCE Inkisi] [SL:CITY_OR_PROVINCE Kayembe] ],CITY_OR_PROVINCE: Inkisi $$ CITY_OR_PROVINCE: Kayembe,lin
travel,book_flight,Buy me a ticket on March 20 On the flight to Sakania - are you coming back on March 30?,"18:28:SL:DATE,36:43:SL:CITY_OR_PROVINCE,46:51:SL:CITY_OR_PROVINCE,61:71:SL:DATE",[IN:book_flight [SL:DATE le 20 mars] [SL:CITY_OR_PROVINCE Sakania] [SL:CITY_OR_PROVINCE kindu] [SL:DATE le 30 mars] ],DATE: le 20 mars $$ CITY_OR_PROVINCE: Sakania $$ CITY_OR_PROVINCE: kindu $$ DATE: le 30 mars,lin
travel,book_flight,Can you book me a seat on the flight to Singapore from Singapore to Singapore?,"24:33:SL:CITY_OR_PROVINCE,34:41:SL:CITY_OR_PROVINCE",[IN:book_flight [SL:CITY_OR_PROVINCE Kasangulu] [SL:CITY_OR_PROVINCE kambove] ],CITY_OR_PROVINCE: Kasangulu $$ CITY_OR_PROVINCE: kambove,lin
travel,book_flight,Tell me about the flight to Kisantu - Are you going to go on March 20 or September 9?,"27:34:SL:CITY_OR_PROVINCE,36:42:SL:CITY_OR_PROVINCE,52:62:SL:DATE,72:86:SL:DATE",[IN:book_flight [SL:CITY_OR_PROVINCE Kisantu] [SL:CITY_OR_PROVINCE Boende] [SL:DATE le 20 mars] [SL:DATE le 9 septembre] ],CITY_OR_PROVINCE: Kisantu $$ CITY_OR_PROVINCE: Boende $$ DATE: le 20 mars $$ DATE: le 9 septembre,lin
travel,book_flight,Can you give me a seat on the Tshikapa - Congo Airways flight?,"23:31:SL:CITY_OR_PROVINCE,34:40:SL:CITY_OR_PROVINCE",[IN:book_flight [SL:CITY_OR_PROVINCE Tshikapa] [SL:CITY_OR_PROVINCE Boende] ],CITY_OR_PROVINCE: Tshikapa $$ CITY_OR_PROVINCE: Boende,lin
travel,book_flight,Tell me Tuesday instead of Sunday - I'm going to start on Sunday?,"11:16:SL:DATE,30:34:SL:CITY_OR_PROVINCE,37:45:SL:CITY_OR_PROVINCE,55:63:SL:DATE",[IN:book_flight [SL:DATE mardi] [SL:CITY_OR_PROVINCE Boma] [SL:CITY_OR_PROVINCE Mbandaka] [SL:DATE dimanche] ],DATE: mardi $$ CITY_OR_PROVINCE: Boma $$ CITY_OR_PROVINCE: Mbandaka $$ DATE: dimanche,lin
travel,book_flight,Tell me for less than 100 $ flight Booma - Affiliated with Congo Airways ? ,"28:33:SL:MONEY,38:42:SL:CITY_OR_PROVINCE,44:53:SL:CITY_OR_PROVINCE",[IN:book_flight [SL:MONEY 100 $] [SL:CITY_OR_PROVINCE Boma] [SL:CITY_OR_PROVINCE Kisangani] ],MONEY: 100 $ $$ CITY_OR_PROVINCE: Boma $$ CITY_OR_PROVINCE: Kisangani,lin
travel,book_flight,Sell me for less than $200 a bottle of wine - What's the deal?,"28:33:SL:MONEY,39:45:SL:CITY_OR_PROVINCE,48:53:SL:CITY_OR_PROVINCE",[IN:book_flight [SL:MONEY 200 $] [SL:CITY_OR_PROVINCE bolobo] [SL:CITY_OR_PROVINCE Kenge] ],MONEY: 200 $ $$ CITY_OR_PROVINCE: bolobo $$ CITY_OR_PROVINCE: Kenge,lin
travel,book_flight,Tell me about Kalemie - Isiro is cheap and cheap ? ,"15:22:SL:CITY_OR_PROVINCE,25:30:SL:CITY_OR_PROVINCE",[IN:book_flight [SL:CITY_OR_PROVINCE Kalemie] [SL:CITY_OR_PROVINCE Isiro] ],CITY_OR_PROVINCE: Kalemie $$ CITY_OR_PROVINCE: Isiro,lin
travel,book_flight,Tell me about the flight in the cloud - Should it be between January 15 and March 30?,"15:25:SL:CITY_OR_PROVINCE,28:35:SL:CITY_OR_PROVINCE,45:58:SL:DATE,62:72:SL:DATE",[IN:book_flight [SL:CITY_OR_PROVINCE Muene ditu] [SL:CITY_OR_PROVINCE Kasenga] [SL:DATE le 15 janvier] [SL:DATE le 30 mars] ],CITY_OR_PROVINCE: Muene ditu $$ CITY_OR_PROVINCE: Kasenga $$ DATE: le 15 janvier $$ DATE: le 30 mars,lin
travel,book_flight,Can you tell me 5 volumes for less than $500?,"13:17:SL:DATE,22:27:SL:CITY_OR_PROVINCE,30:36:SL:CITY_OR_PROVINCE,46:50:SL:MONEY",[IN:book_flight [SL:DATE le 5] [SL:CITY_OR_PROVINCE kindu] [SL:CITY_OR_PROVINCE bukama] [SL:MONEY 500$] ],DATE: le 5 $$ CITY_OR_PROVINCE: kindu $$ CITY_OR_PROVINCE: bukama $$ MONEY: 500$,lin
travel,book_flight,Hang me up on the 7th floor of the Sakania - 15th floor apartment?,"13:17:SL:DATE,22:29:SL:CITY_OR_PROVINCE,32:38:SL:CITY_OR_PROVINCE,48:53:SL:DATE",[IN:book_flight [SL:DATE le 7] [SL:CITY_OR_PROVINCE Sakania] [SL:CITY_OR_PROVINCE Matadi] [SL:DATE le 15] ],DATE: le 7 $$ CITY_OR_PROVINCE: Sakania $$ CITY_OR_PROVINCE: Matadi $$ DATE: le 15,lin
travel,book_flight,Find me on the 16th of February Goma-Boma to arrive on the 24th of this month?,"12:17:SL:DATE,22:26:SL:CITY_OR_PROVINCE,28:32:SL:CITY_OR_PROVINCE,42:60:SL:DATE",[IN:book_flight [SL:DATE le 16] [SL:CITY_OR_PROVINCE Goma] [SL:CITY_OR_PROVINCE Boma] [SL:DATE le 24 ya sanza Oyo] ],DATE: le 16 $$ CITY_OR_PROVINCE: Goma $$ CITY_OR_PROVINCE: Boma $$ DATE: le 24 ya sanza Oyo,lin
travel,book_flight,Can you find me a seat on a Kayemba-Seke plane for under $400?,"12:17:SL:DATE,27:31:SL:MONEY,45:52:SL:CITY_OR_PROVINCE,54:64:SL:CITY_OR_PROVINCE",[IN:book_flight [SL:DATE le 18] [SL:MONEY 400$] [SL:CITY_OR_PROVINCE Kayemba] [SL:CITY_OR_PROVINCE Seke banza] ],DATE: le 18 $$ MONEY: 400$ $$ CITY_OR_PROVINCE: Kayemba $$ CITY_OR_PROVINCE: Seke banza,lin
travel,book_flight,See me on March 5th vol. Why is the Sake less than $400?,"12:21:SL:DATE,27:31:SL:CITY_OR_PROVINCE,33:37:SL:CITY_OR_PROVINCE,55:59:SL:MONEY",[IN:book_flight [SL:DATE le 5 mars] [SL:CITY_OR_PROVINCE Boma] [SL:CITY_OR_PROVINCE Sake] [SL:MONEY 400$] ],DATE: le 5 mars $$ CITY_OR_PROVINCE: Boma $$ CITY_OR_PROVINCE: Sake $$ MONEY: 400$,lin
travel,book_flight,Can you show me the flight Bunagana - Pure and simple for $200 and 8?,"16:24:SL:CITY_OR_PROVINCE,27:32:SL:CITY_OR_PROVINCE,43:47:SL:MONEY,48:52:SL:DATE",[IN:book_flight [SL:CITY_OR_PROVINCE Bunagana] [SL:CITY_OR_PROVINCE Pueto] [SL:MONEY 200$] [SL:DATE le 8] ],CITY_OR_PROVINCE: Bunagana $$ CITY_OR_PROVINCE: Pueto $$ MONEY: 200$ $$ DATE: le 8,lin
travel,book_flight,Can you tell me where I can get a seat on the Tshikapa flight - save 2 to 6?,"27:35:SL:CITY_OR_PROVINCE,38:43:SL:CITY_OR_PROVINCE,44:48:SL:DATE,58:62:SL:DATE",[IN:book_flight [SL:CITY_OR_PROVINCE Tshikapa] [SL:CITY_OR_PROVINCE Bumba] [SL:DATE le 2] [SL:DATE le 6] ],CITY_OR_PROVINCE: Tshikapa $$ CITY_OR_PROVINCE: Bumba $$ DATE: le 2 $$ DATE: le 6,lin
travel,book_flight,Tell me about the flight Bukama - beni 3 to 08?,"15:21:SL:CITY_OR_PROVINCE,24:28:SL:CITY_OR_PROVINCE,29:33:SL:DATE,43:48:SL:DATE",[IN:book_flight [SL:CITY_OR_PROVINCE Bukama] [SL:CITY_OR_PROVINCE beni] [SL:DATE le 3] [SL:DATE le 08] ],CITY_OR_PROVINCE: Bukama $$ CITY_OR_PROVINCE: beni $$ DATE: le 3 $$ DATE: le 08,lin
travel,book_hotel,book me a room in a hotel in Kungu this month from April to December,"30:34:SL:NUMBER,38:43:SL:CITY_OR_PROVINCE,47:56:SL:DATE,65:70:SL:DATE,74:79:SL:DATE",[IN:book_hotel [SL:NUMBER moko] [SL:CITY_OR_PROVINCE Kungu] [SL:DATE sanza oyo] [SL:DATE na 04] [SL:DATE na 12] ],NUMBER: moko $$ CITY_OR_PROVINCE: Kungu $$ DATE: sanza oyo $$ DATE: na 04 $$ DATE: na 12,lin
travel,book_hotel,tell me about a hotel by the river in Kinshasa in March from 13 to 24,"39:47:SL:CITY_OR_PROVINCE,51:66:SL:DATE,75:80:SL:DATE,84:89:SL:DATE",[IN:book_hotel [SL:CITY_OR_PROVINCE Kinshasa] [SL:DATE sanza ya misato] [SL:DATE na 13] [SL:DATE na 24] ],CITY_OR_PROVINCE: Kinshasa $$ DATE: sanza ya misato $$ DATE: na 13 $$ DATE: na 24,lin
travel,book_hotel,tell me about a nice apartment in Lubumbashi,44:54:SL:CITY_OR_PROVINCE,[IN:book_hotel [SL:CITY_OR_PROVINCE Lubumbashi] ],CITY_OR_PROVINCE: Lubumbashi,lin
travel,book_hotel,What is the best hotel in Gombe in Kinshasa?,"30:35:SL:PLACE_NAME,39:47:SL:CITY_OR_PROVINCE",[IN:book_hotel [SL:PLACE_NAME Gombe] [SL:CITY_OR_PROVINCE Kinshasa] ],PLACE_NAME: Gombe $$ CITY_OR_PROVINCE: Kinshasa,lin
travel,book_hotel,What is the best hotel in Matonge?,30:37:SL:PLACE_NAME,[IN:book_hotel [SL:PLACE_NAME Matonge] ],PLACE_NAME: Matonge,lin
travel,book_hotel,stay with us in Tshikapa this month from 09 to 18,"22:30:SL:CITY_OR_PROVINCE,31:43:SL:DATE,52:68:SL:DATE",[IN:book_hotel [SL:CITY_OR_PROVINCE Tshikapa] [SL:DATE na sanza oyo] [SL:DATE na 09 kino na 18] ],CITY_OR_PROVINCE: Tshikapa $$ DATE: na sanza oyo $$ DATE: na 09 kino na 18,lin
travel,book_hotel,book me a hotel for six days in Kisantu,43:50:SL:CITY_OR_PROVINCE,[IN:book_hotel [SL:CITY_OR_PROVINCE Kisantu] ],CITY_OR_PROVINCE: Kisantu,lin
travel,book_hotel,book me a hotel in Mbandaka in July from 13 to 24,"22:30:SL:CITY_OR_PROVINCE,34:49:SL:DATE,58:63:SL:DATE,67:72:SL:DATE",[IN:book_hotel [SL:CITY_OR_PROVINCE Mbandaka] [SL:DATE sanza ya nsambo] [SL:DATE na 13] [SL:DATE na 24] ],CITY_OR_PROVINCE: Mbandaka $$ DATE: sanza ya nsambo $$ DATE: na 13 $$ DATE: na 24,lin
travel,book_hotel,book me a hotel with a pool in Lubumbashi this month from 20 to 29,"43:53:SL:CITY_OR_PROVINCE,57:66:SL:DATE,75:80:SL:DATE,84:89:SL:DATE",[IN:book_hotel [SL:CITY_OR_PROVINCE Lubumbashi] [SL:DATE sanza oyo] [SL:DATE na 20] [SL:DATE na 29] ],CITY_OR_PROVINCE: Lubumbashi $$ DATE: sanza oyo $$ DATE: na 20 $$ DATE: na 29,lin
travel,book_hotel,book me a hotel near the lake in Goma from 23 to 29,"37:41:SL:CITY_OR_PROVINCE,53:63:SL:DATE",[IN:book_hotel [SL:CITY_OR_PROVINCE Goma] [SL:DATE 23 kino 29] ],CITY_OR_PROVINCE: Goma $$ DATE: 23 kino 29,lin
travel,book_hotel,book me a flat in Businga from 04 to 21 April,"34:41:SL:CITY_OR_PROVINCE,53:55:SL:DATE,62:82:SL:DATE",[IN:book_hotel [SL:CITY_OR_PROVINCE Businga] [SL:DATE 04] [SL:DATE 21 na sanza ya minei] ],CITY_OR_PROVINCE: Businga $$ DATE: 04 $$ DATE: 21 na sanza ya minei,lin
travel,book_hotel,rent me a large apartment for ten people in December from 03 to 30,"53:57:SL:NUMBER,58:84:SL:DATE,93:109:SL:DATE",[IN:book_hotel [SL:NUMBER zomi] [SL:DATE na sanza ya zomi na mibale] [SL:DATE na 03 kino na 30] ],NUMBER: zomi $$ DATE: na sanza ya zomi na mibale $$ DATE: na 03 kino na 30,lin
travel,book_hotel,book me a hotel room for August from 01 to 09,"20:24:SL:NUMBER,37:52:SL:DATE,61:77:SL:DATE",[IN:book_hotel [SL:NUMBER moko] [SL:DATE sanza ya mwambe] [SL:DATE na 01 kino na 09] ],NUMBER: moko $$ DATE: sanza ya mwambe $$ DATE: na 01 kino na 09,lin
travel,book_hotel,Find me a room in a hotel in Bumba in seven months ,"32:37:SL:CITY_OR_PROVINCE,41:53:SL:DATE",[IN:book_hotel [SL:CITY_OR_PROVINCE Bumba] [SL:DATE sanza nsambo] ],CITY_OR_PROVINCE: Bumba $$ DATE: sanza nsambo,lin
travel,book_hotel,Find me a nice hotel room in Gombe,41:46:SL:PLACE_NAME,[IN:book_hotel [SL:PLACE_NAME Gombe] ],PLACE_NAME: Gombe,lin
travel,book_hotel,find me a hotel near the hospital mother there in October from 8 to 13,"50:63:SL:DATE,72:85:SL:DATE",[IN:book_hotel [SL:DATE sanza ya zomi] [SL:DATE na 08 kino 13] ],DATE: sanza ya zomi $$ DATE: na 08 kino 13,lin
travel,book_hotel,You can book us at the hotel in Mbandaka for a week ,"24:32:SL:CITY_OR_PROVINCE,40:49:SL:DATE",[IN:book_hotel [SL:CITY_OR_PROVINCE Mbandaka] [SL:DATE poso moko] ],CITY_OR_PROVINCE: Mbandaka $$ DATE: poso moko,lin
travel,book_hotel,book a 4 person hotel from Tuesday to Thursday in Kindu ,"25:26:SL:NUMBER,35:40:SL:DATE,46:51:SL:DATE,55:60:SL:CITY_OR_PROVINCE",[IN:book_hotel [SL:NUMBER 4] [SL:DATE mardi] [SL:DATE jeudi] [SL:CITY_OR_PROVINCE Kindu] ],NUMBER: 4 $$ DATE: mardi $$ DATE: jeudi $$ CITY_OR_PROVINCE: Kindu,lin
travel,book_hotel,tell me two rooms for ten people in Kindu ,48:53:SL:CITY_OR_PROVINCE,[IN:book_hotel [SL:CITY_OR_PROVINCE Kindu] ],CITY_OR_PROVINCE: Kindu,lin
travel,book_hotel,tell me two rooms in a hotel in Bukavu,40:46:SL:CITY_OR_PROVINCE,[IN:book_hotel [SL:CITY_OR_PROVINCE Bukavu] ],CITY_OR_PROVINCE: Bukavu,lin
travel,book_hotel,book me a room at a hotel in Likasi for March from 07 to 15,"21:25:SL:NUMBER,38:44:SL:CITY_OR_PROVINCE,52:67:SL:DATE,76:89:SL:DATE",[IN:book_hotel [SL:NUMBER moko] [SL:CITY_OR_PROVINCE Likasi] [SL:DATE sanza ya misato] [SL:DATE 07 kino na 15] ],NUMBER: moko $$ CITY_OR_PROVINCE: Likasi $$ DATE: sanza ya misato $$ DATE: 07 kino na 15,lin
travel,book_hotel,tell me about a hotel room in Mbandaka for two days,"21:25:SL:NUMBER,38:46:SL:CITY_OR_PROVINCE,54:67:SL:DATE",[IN:book_hotel [SL:NUMBER moko] [SL:CITY_OR_PROVINCE Mbandaka] [SL:DATE mikolo mibale] ],NUMBER: moko $$ CITY_OR_PROVINCE: Mbandaka $$ DATE: mikolo mibale,lin
travel,book_hotel,tell me a hotel from Tuesday to Saturday in Bukavu ,"27:35:SL:DATE,39:48:SL:DATE,52:58:SL:CITY_OR_PROVINCE",[IN:book_hotel [SL:DATE na mardi] [SL:DATE na samedi] [SL:CITY_OR_PROVINCE Bukavu] ],DATE: na mardi $$ DATE: na samedi $$ CITY_OR_PROVINCE: Bukavu,lin
travel,book_hotel,tell me a hotel in Basankusu for six days,"19:23:SL:NUMBER,27:36:SL:CITY_OR_PROVINCE,41:57:SL:DATE",[IN:book_hotel [SL:NUMBER moko] [SL:CITY_OR_PROVINCE Basankusu] [SL:DATE na mikolo motoba] ],NUMBER: moko $$ CITY_OR_PROVINCE: Basankusu $$ DATE: na mikolo motoba,lin
travel,book_hotel,tell me about a hotel in Kananga for five days,27:34:SL:CITY_OR_PROVINCE,[IN:book_hotel [SL:CITY_OR_PROVINCE Kananga] ],CITY_OR_PROVINCE: Kananga,lin
travel,book_hotel,tell me the hotel on Monday in Tshikapa ,"32:37:SL:DATE,41:49:SL:CITY_OR_PROVINCE",[IN:book_hotel [SL:DATE lundi] [SL:CITY_OR_PROVINCE Tshikapa] ],DATE: lundi $$ CITY_OR_PROVINCE: Tshikapa,lin
travel,book_hotel,rent a hotel in Beni for three days ,"11:15:SL:NUMBER,19:23:SL:CITY_OR_PROVINCE,31:44:SL:DATE",[IN:book_hotel [SL:NUMBER moko] [SL:CITY_OR_PROVINCE Beni] [SL:DATE mikolo misato] ],NUMBER: moko $$ CITY_OR_PROVINCE: Beni $$ DATE: mikolo misato,lin
travel,book_hotel,book a hotel for 3 people in Kindu for four days ,"23:24:SL:NUMBER,28:33:SL:CITY_OR_PROVINCE",[IN:book_hotel [SL:NUMBER 3] [SL:CITY_OR_PROVINCE Kindu] ],NUMBER: 3 $$ CITY_OR_PROVINCE: Kindu,lin
travel,book_hotel,book a hotel in Muanda for 4 kids to go on vacation there ,"14:20:SL:CITY_OR_PROVINCE,33:34:SL:NUMBER,48:56:SL:CALENDAR_EVENT",[IN:book_hotel [SL:CITY_OR_PROVINCE Muanda] [SL:NUMBER 4] [SL:CALENDAR_EVENT vacances] ],CITY_OR_PROVINCE: Muanda $$ NUMBER: 4 $$ CALENDAR_EVENT: vacances,lin
travel,book_hotel,Rent them a room for five in Bunia ,48:53:SL:CITY_OR_PROVINCE,[IN:book_hotel [SL:CITY_OR_PROVINCE Bunia] ],CITY_OR_PROVINCE: Bunia,lin
travel,book_hotel,rent them in Goma from April 20 to April 29 ,"16:20:SL:CITY_OR_PROVINCE,32:40:SL:DATE,47:55:SL:DATE",[IN:book_hotel [SL:CITY_OR_PROVINCE Goma] [SL:DATE 20 avril] [SL:DATE 29 avril] ],CITY_OR_PROVINCE: Goma $$ DATE: 20 avril $$ DATE: 29 avril,lin
travel,book_hotel,Rent us a hotel for 5 people from Wednesday to Sunday in Boma ,"26:27:SL:NUMBER,39:47:SL:DATE,54:62:SL:DATE,66:70:SL:CITY_OR_PROVINCE",[IN:book_hotel [SL:NUMBER 5] [SL:DATE mercredi] [SL:DATE dimanche] [SL:CITY_OR_PROVINCE Boma] ],NUMBER: 5 $$ DATE: mercredi $$ DATE: dimanche $$ CITY_OR_PROVINCE: Boma,lin
travel,book_hotel,Rent me a cheap room in Kinshasa ,39:47:SL:CITY_OR_PROVINCE,[IN:book_hotel [SL:CITY_OR_PROVINCE Kinshasa] ],CITY_OR_PROVINCE: Kinshasa,lin
travel,book_hotel,rent me a hotel in Bandundu which is very busy,"18:22:SL:NUMBER,26:34:SL:CITY_OR_PROVINCE",[IN:book_hotel [SL:NUMBER moko] [SL:CITY_OR_PROVINCE Bandundu] ],NUMBER: moko $$ CITY_OR_PROVINCE: Bandundu,lin
travel,book_hotel,Rent me a hotel in Gemena from July 2 to July 12 ,"21:27:SL:CITY_OR_PROVINCE,39:48:SL:DATE,55:65:SL:DATE",[IN:book_hotel [SL:CITY_OR_PROVINCE Gemena] [SL:DATE 2 juillet] [SL:DATE 12 juillet] ],CITY_OR_PROVINCE: Gemena $$ DATE: 2 juillet $$ DATE: 12 juillet,lin
travel,book_hotel,rent me a room in Mbuji-Mayi for a month.,"31:41:SL:CITY_OR_PROVINCE,49:59:SL:DATE",[IN:book_hotel [SL:CITY_OR_PROVINCE Mbuji-Mayi] [SL:DATE sanza moko] ],CITY_OR_PROVINCE: Mbuji-Mayi $$ DATE: sanza moko,lin
travel,book_hotel,which hotel is the most popular in Kinshasa?,35:43:SL:CITY_OR_PROVINCE,[IN:book_hotel [SL:CITY_OR_PROVINCE Kinshasa] ],CITY_OR_PROVINCE: Kinshasa,lin
travel,book_hotel,Which hotel in Bukavu is the most frequented?,14:20:SL:CITY_OR_PROVINCE,[IN:book_hotel [SL:CITY_OR_PROVINCE Bukavu] ],CITY_OR_PROVINCE: Bukavu,lin
travel,book_hotel,Which hotel in Kolwezi is the most popular?,14:21:SL:CITY_OR_PROVINCE,[IN:book_hotel [SL:CITY_OR_PROVINCE Kolwezi] ],CITY_OR_PROVINCE: Kolwezi,lin
travel,book_hotel,What is the best hotel in Kinshasa?,30:38:SL:CITY_OR_PROVINCE,[IN:book_hotel [SL:CITY_OR_PROVINCE Kinshasa] ],CITY_OR_PROVINCE: Kinshasa,lin
travel,book_hotel,What is the best hotel in Kinshasa?,24:32:SL:CITY_OR_PROVINCE,[IN:book_hotel [SL:CITY_OR_PROVINCE Kinshasa] ],CITY_OR_PROVINCE: Kinshasa,lin
travel,book_hotel,What is the most expensive hotel in Kisangani?,30:39:SL:CITY_OR_PROVINCE,[IN:book_hotel [SL:CITY_OR_PROVINCE Kisangani] ],CITY_OR_PROVINCE: Kisangani,lin
travel,book_hotel,book two rooms in a hotel in Likasi in December,"14:20:SL:NUMBER,33:39:SL:CITY_OR_PROVINCE,43:60:SL:DATE",[IN:book_hotel [SL:NUMBER mibale] [SL:CITY_OR_PROVINCE Likasi] [SL:DATE sanza ya décembre] ],NUMBER: mibale $$ CITY_OR_PROVINCE: Likasi $$ DATE: sanza ya décembre,lin
travel,book_hotel,book a room in a hotel in Kindu ,31:36:SL:CITY_OR_PROVINCE,[IN:book_hotel [SL:CITY_OR_PROVINCE Kindu] ],CITY_OR_PROVINCE: Kindu,lin
travel,book_hotel,book a room at a Maluku riverside hotel in April from April 4 to 10,"23:27:SL:NUMBER,31:37:SL:PLACE_NAME,58:72:SL:DATE,81:97:SL:DATE",[IN:book_hotel [SL:NUMBER moko] [SL:PLACE_NAME Maluku] [SL:DATE sanza ya avril] [SL:DATE na 04 kino na 10] ],NUMBER: moko $$ PLACE_NAME: Maluku $$ DATE: sanza ya avril $$ DATE: na 04 kino na 10,lin
travel,book_hotel,book a hotel in Boende from Monday to Saturday ,"20:26:SL:CITY_OR_PROVINCE,35:40:SL:DATE,46:52:SL:DATE",[IN:book_hotel [SL:CITY_OR_PROVINCE Boende] [SL:DATE lundi] [SL:DATE samedi] ],CITY_OR_PROVINCE: Boende $$ DATE: lundi $$ DATE: samedi,lin
travel,book_hotel,book a nice hotel in Mbuji-Mayi ,30:40:SL:CITY_OR_PROVINCE,[IN:book_hotel [SL:CITY_OR_PROVINCE Mbuji-Mayi] ],CITY_OR_PROVINCE: Mbuji-Mayi,lin
travel,book_hotel,close the busy hotel ,,[IN:book_hotel ],,lin
travel,book_hotel,book two rooms for children in Muanda in May from 01 to 10,"21:27:SL:NUMBER,31:37:SL:CITY_OR_PROVINCE,41:56:SL:DATE,65:70:SL:DATE,74:79:SL:DATE",[IN:book_hotel [SL:NUMBER mibale] [SL:CITY_OR_PROVINCE Muanda] [SL:DATE sanza ya mitano] [SL:DATE na 01] [SL:DATE na 10] ],NUMBER: mibale $$ CITY_OR_PROVINCE: Muanda $$ DATE: sanza ya mitano $$ DATE: na 01 $$ DATE: na 10,lin
travel,book_hotel,book us a hotel for 5 people from Monday to Sunday in Butembo ,"36:37:SL:NUMBER,46:51:SL:DATE,57:65:SL:DATE,69:76:SL:CITY_OR_PROVINCE",[IN:book_hotel [SL:NUMBER 5] [SL:DATE lundi] [SL:DATE dimanche] [SL:CITY_OR_PROVINCE Butembo] ],NUMBER: 5 $$ DATE: lundi $$ DATE: dimanche $$ CITY_OR_PROVINCE: Butembo,lin
travel,book_hotel,book us a hotel in Moss Cher for three days ,"19:23:SL:NUMBER,44:57:SL:DATE",[IN:book_hotel [SL:NUMBER moko] [SL:DATE mikolo misato] ],NUMBER: moko $$ DATE: mikolo misato,lin
travel,book_hotel,book us a hotel in Likasi for four people ,22:28:SL:CITY_OR_PROVINCE,[IN:book_hotel [SL:CITY_OR_PROVINCE Likasi] ],CITY_OR_PROVINCE: Likasi,lin
travel,book_hotel,Stay at the hotel in Matadi by the water from May 5 to May 10,"8:13:SL:PERSONAL_NAME,23:29:SL:CITY_OR_PROVINCE,53:61:SL:DATE,67:73:SL:DATE",[IN:book_hotel [SL:PERSONAL_NAME Mbuyi] [SL:CITY_OR_PROVINCE Matadi] [SL:DATE na 5 mai] [SL:DATE 10 mai] ],PERSONAL_NAME: Mbuyi $$ CITY_OR_PROVINCE: Matadi $$ DATE: na 5 mai $$ DATE: 10 mai,lin
travel,book_hotel,book me a room in Kolwezi hotel from 12th to 20th March because I am on a mission there,"38:45:SL:CITY_OR_PROVINCE,57:64:SL:DATE,68:73:SL:DATE",[IN:book_hotel [SL:CITY_OR_PROVINCE Kolwezi] [SL:DATE 12 mars] [SL:DATE na 20] ],CITY_OR_PROVINCE: Kolwezi $$ DATE: 12 mars $$ DATE: na 20,lin
travel,book_hotel,book me a room in a nice hotel in Lubumbashi,48:58:SL:CITY_OR_PROVINCE,[IN:book_hotel [SL:CITY_OR_PROVINCE Lubumbashi] ],CITY_OR_PROVINCE: Lubumbashi,lin
travel,book_hotel,book me a room in a hotel for ten people from Tuesday to Sunday,"42:46:SL:NUMBER,55:60:SL:DATE,67:75:SL:DATE",[IN:book_hotel [SL:NUMBER zomi] [SL:DATE mardi] [SL:DATE dimanche] ],NUMBER: zomi $$ DATE: mardi $$ DATE: dimanche,lin
travel,book_hotel,book me a room in a hotel for 6 people in Lisala ,"42:43:SL:NUMBER,47:53:SL:CITY_OR_PROVINCE",[IN:book_hotel [SL:NUMBER 6] [SL:CITY_OR_PROVINCE Lisala] ],NUMBER: 6 $$ CITY_OR_PROVINCE: Lisala,lin
travel,book_hotel,Book a hotel in Goma and stay in the cave from August 23 to 29,"19:23:SL:NUMBER,27:31:SL:CITY_OR_PROVINCE,58:71:SL:DATE,80:85:SL:DATE,91:93:SL:DATE",[IN:book_hotel [SL:NUMBER moko] [SL:CITY_OR_PROVINCE Goma] [SL:DATE sanza ya août] [SL:DATE na 23] [SL:DATE 29] ],NUMBER: moko $$ CITY_OR_PROVINCE: Goma $$ DATE: sanza ya août $$ DATE: na 23 $$ DATE: 29,lin
travel,book_hotel,book me a hotel in Victoria on Saturday to attend the concert ,"19:23:SL:NUMBER,27:35:SL:PLACE_NAME,49:55:SL:DATE,71:78:SL:CALENDAR_EVENT",[IN:book_hotel [SL:NUMBER moko] [SL:PLACE_NAME victoire] [SL:DATE samedi] [SL:CALENDAR_EVENT concert] ],NUMBER: moko $$ PLACE_NAME: victoire $$ DATE: samedi $$ CALENDAR_EVENT: concert,lin
travel,book_hotel,book me a hotel near the stadium on Sunday,"19:23:SL:NUMBER,44:62:SL:DATE",[IN:book_hotel [SL:NUMBER moko] [SL:DATE mokolo ya dimanche] ],NUMBER: moko $$ DATE: mokolo ya dimanche,lin
travel,book_hotel,book me a cheap hotel in the city of Kinshasa ,43:51:SL:CITY_OR_PROVINCE,[IN:book_hotel [SL:CITY_OR_PROVINCE Kinshasa] ],CITY_OR_PROVINCE: Kinshasa,lin
travel,book_hotel,book me a hotel in Boma for I will be at the meeting on June 5th to June 15th,"22:26:SL:CITY_OR_PROVINCE,53:59:SL:DATE,66:73:SL:DATE",[IN:book_hotel [SL:CITY_OR_PROVINCE Boma] [SL:DATE 5 juin] [SL:DATE 15 juin] ],CITY_OR_PROVINCE: Boma $$ DATE: 5 juin $$ DATE: 15 juin,lin
travel,book_hotel,book me a hotel in Kananga for a week in December,"22:29:SL:CITY_OR_PROVINCE,37:46:SL:DATE,50:67:SL:DATE",[IN:book_hotel [SL:CITY_OR_PROVINCE Kananga] [SL:DATE poso moko] [SL:DATE sanza ya décembre] ],CITY_OR_PROVINCE: Kananga $$ DATE: poso moko $$ DATE: sanza ya décembre,lin
travel,book_hotel,book me a hotel with 3 people for 3 days ,"22:31:SL:CITY_OR_PROVINCE,40:41:SL:NUMBER,49:62:SL:DATE",[IN:book_hotel [SL:CITY_OR_PROVINCE Kisangani] [SL:NUMBER 3] [SL:DATE mikolo misato] ],CITY_OR_PROVINCE: Kisangani $$ NUMBER: 3 $$ DATE: mikolo misato,lin
travel,book_hotel,book me a hotel that is very busy in Gemena ,46:52:SL:CITY_OR_PROVINCE,[IN:book_hotel [SL:CITY_OR_PROVINCE Gemena] ],CITY_OR_PROVINCE: Gemena,lin
travel,book_hotel,book me a hotel by the ocean in Muanda in December from 13 to 20,"39:45:SL:CITY_OR_PROVINCE,49:66:SL:DATE,75:88:SL:DATE",[IN:book_hotel [SL:CITY_OR_PROVINCE Muanda] [SL:DATE sanza ya décembre] [SL:DATE na 13 kino 20] ],CITY_OR_PROVINCE: Muanda $$ DATE: sanza ya décembre $$ DATE: na 13 kino 20,lin
travel,book_hotel,book me a room in the hotel for 100 people for a meeting,45:48:SL:NUMBER,[IN:book_hotel [SL:NUMBER 100] ],NUMBER: 100,lin
travel,book_hotel,Find a good hotel in Kikwiti ,29:36:SL:CITY_OR_PROVINCE,[IN:book_hotel [SL:CITY_OR_PROVINCE Kikwiti] ],CITY_OR_PROVINCE: Kikwiti,lin
travel,book_hotel,find us a room in a nice hotel in Gbadolite,46:55:SL:CITY_OR_PROVINCE,[IN:book_hotel [SL:CITY_OR_PROVINCE Gbadolite] ],CITY_OR_PROVINCE: Gbadolite,lin
travel,book_hotel,find us a hotel in Lubumbashi for six days ,"17:21:SL:NUMBER,25:35:SL:CITY_OR_PROVINCE,43:56:SL:DATE",[IN:book_hotel [SL:NUMBER moko] [SL:CITY_OR_PROVINCE Lubumbashi] [SL:DATE mikolo motoba] ],NUMBER: moko $$ CITY_OR_PROVINCE: Lubumbashi $$ DATE: mikolo motoba,lin
travel,book_hotel,Find me a hotel in Ikela for a week.,"17:21:SL:NUMBER,25:30:SL:CITY_OR_PROVINCE,38:47:SL:DATE",[IN:book_hotel [SL:NUMBER moko] [SL:CITY_OR_PROVINCE Ikela] [SL:DATE poso moko] ],NUMBER: moko $$ CITY_OR_PROVINCE: Ikela $$ DATE: poso moko,lin
travel,book_hotel,Find me a nice hotel in Lubumbashi ,35:45:SL:CITY_OR_PROVINCE,[IN:book_hotel [SL:CITY_OR_PROVINCE Lubumbashi] ],CITY_OR_PROVINCE: Lubumbashi,lin
travel,book_hotel,recommend a hotel in Bokungu Ikela in October from 12 to 19,"19:23:SL:NUMBER,27:40:SL:CITY_OR_PROVINCE,44:57:SL:DATE,66:71:SL:DATE,77:79:SL:DATE",[IN:book_hotel [SL:NUMBER moko] [SL:CITY_OR_PROVINCE Bokungu Ikela] [SL:DATE sanza ya zomi] [SL:DATE na 12] [SL:DATE 19] ],NUMBER: moko $$ CITY_OR_PROVINCE: Bokungu Ikela $$ DATE: sanza ya zomi $$ DATE: na 12 $$ DATE: 19,lin
travel,book_hotel,recommend a hotel for 8 people in Gbadolite November 21 to 30,"31:32:SL:NUMBER,36:45:SL:CITY_OR_PROVINCE,46:67:SL:DATE,76:78:SL:DATE,84:86:SL:DATE",[IN:book_hotel [SL:NUMBER 8] [SL:CITY_OR_PROVINCE Gbadolite] [SL:DATE sanza ya zomi na moko] [SL:DATE 21] [SL:DATE 30] ],NUMBER: 8 $$ CITY_OR_PROVINCE: Gbadolite $$ DATE: sanza ya zomi na moko $$ DATE: 21 $$ DATE: 30,lin
travel,book_hotel,book me a hotel near Virunga Park ,"19:23:SL:NUMBER,35:50:SL:PLACE_NAME",[IN:book_hotel [SL:NUMBER moko] [SL:PLACE_NAME Parc ya Virunga] ],NUMBER: moko $$ PLACE_NAME: Parc ya Virunga,lin
travel,book_hotel,book me a rental apartment in Garamba Park in July from 5 to 13,"34:49:SL:PLACE_NAME,53:69:SL:DATE,78:88:SL:DATE",[IN:book_hotel [SL:PLACE_NAME Parc ya Garamba] [SL:DATE sanza ya juillet] [SL:DATE 05 kino 13] ],PLACE_NAME: Parc ya Garamba $$ DATE: sanza ya juillet $$ DATE: 05 kino 13,lin
travel,book_hotel,book me a room in the park in June from August to 15,"34:52:SL:PLACE_NAME,56:71:SL:DATE,80:93:SL:DATE",[IN:book_hotel [SL:PLACE_NAME Parc ya Kundelungu] [SL:DATE sanza ya motoba] [SL:DATE na 08 kino 15] ],PLACE_NAME: Parc ya Kundelungu $$ DATE: sanza ya motoba $$ DATE: na 08 kino 15,lin
travel,book_hotel,book me a room in Upemba Park in September from 10 to 20,"34:48:SL:PLACE_NAME,52:67:SL:DATE,76:89:SL:DATE",[IN:book_hotel [SL:PLACE_NAME Parc ya Upemba] [SL:DATE sanza ya libwua] [SL:DATE na 10 kino 20] ],PLACE_NAME: Parc ya Upemba $$ DATE: sanza ya libwua $$ DATE: na 10 kino 20,lin
travel,book_hotel,book me a room near the Nyaragongo volcano from 13 to 20,"42:59:SL:PLACE_NAME,68:81:SL:DATE",[IN:book_hotel [SL:PLACE_NAME volcan nyaragongo] [SL:DATE na 13 kino 20] ],PLACE_NAME: volcan nyaragongo $$ DATE: na 13 kino 20,lin
travel,book_hotel,find me a house in Kikwiti for adults and children ,25:32:SL:CITY_OR_PROVINCE,[IN:book_hotel [SL:CITY_OR_PROVINCE Kikwiti] ],CITY_OR_PROVINCE: Kikwiti,lin
travel,car_rental,"alexa, meet me at 2 o'clock is coming to Lubumbashi Location bus ","0:5:SL:PERSONAL_NAME,22:24:SL:TIME,39:49:SL:CITY_OR_PROVINCE",[IN:car_rental [SL:PERSONAL_NAME alexa] [SL:TIME 2h] [SL:CITY_OR_PROVINCE Lubumbashi] ],PERSONAL_NAME: alexa $$ TIME: 2h $$ CITY_OR_PROVINCE: Lubumbashi,lin
travel,car_rental,Where can I get a car hire in Lukala?,52:58:SL:CITY_OR_PROVINCE,[IN:car_rental [SL:CITY_OR_PROVINCE Lukala] ],CITY_OR_PROVINCE: Lukala,lin
travel,car_rental,Send me a location car to go to Kikwit today,"44:50:SL:CITY_OR_PROVINCE,51:55:SL:DATE",[IN:car_rental [SL:CITY_OR_PROVINCE Kikwit] [SL:DATE lelo] ],CITY_OR_PROVINCE: Kikwit $$ DATE: lelo,lin
travel,car_rental,Show me where I can rent a good jeep Here I start from the first week of July,"54:62:SL:CITY_OR_PROVINCE,72:97:SL:DATE",[IN:car_rental [SL:CITY_OR_PROVINCE Mbandaka] [SL:DATE poso ya liboso ya Juillet] ],CITY_OR_PROVINCE: Mbandaka $$ DATE: poso ya liboso ya Juillet,lin
travel,car_rental,Show me where I can rent a car in Bukavu,48:54:SL:CITY_OR_PROVINCE,[IN:car_rental [SL:CITY_OR_PROVINCE Bukavu] ],CITY_OR_PROVINCE: Bukavu,lin
travel,car_rental,show me the location of the car park in Kisangani,55:64:SL:CITY_OR_PROVINCE,[IN:car_rental [SL:CITY_OR_PROVINCE Kisangani] ],CITY_OR_PROVINCE: Kisangani,lin
travel,car_rental,Look for me here in Kasangulu to rent a car to go to BOMA this weekend,"19:28:SL:CITY_OR_PROVINCE,61:65:SL:CITY_OR_PROVINCE,70:82:SL:DATE",[IN:car_rental [SL:CITY_OR_PROVINCE Kasangulu] [SL:CITY_OR_PROVINCE BOMA] [SL:DATE suka ya poso] ],CITY_OR_PROVINCE: Kasangulu $$ CITY_OR_PROVINCE: BOMA $$ DATE: suka ya poso,lin
travel,car_rental,Find me someone who can rent my car here in Goma next month,"34:50:SL:DATE,73:77:SL:CITY_OR_PROVINCE",[IN:car_rental [SL:DATE sanza ezali koya] [SL:CITY_OR_PROVINCE Goma] ],DATE: sanza ezali koya $$ CITY_OR_PROVINCE: Goma,lin
travel,car_rental,Find me a car to rent here in Kinshasa ,37:45:SL:CITY_OR_PROVINCE,[IN:car_rental [SL:CITY_OR_PROVINCE Kinshasa] ],CITY_OR_PROVINCE: Kinshasa,lin
travel,car_rental,Find me a car to rent today here in Lubumbashi and Kamina ,"30:34:SL:DATE,42:52:SL:CITY_OR_PROVINCE,56:62:SL:CITY_OR_PROVINCE",[IN:car_rental [SL:DATE Lelo] [SL:CITY_OR_PROVINCE Lubumbashi] [SL:CITY_OR_PROVINCE Kamina] ],DATE: Lelo $$ CITY_OR_PROVINCE: Lubumbashi $$ CITY_OR_PROVINCE: Kamina,lin
travel,car_rental,Give me the number of the car rental company,,[IN:car_rental ],,lin
travel,car_rental,"Siri, tell me now the location car to go to Kenge today ","0:4:SL:PERSONAL_NAME,16:22:SL:TIME,54:59:SL:CITY_OR_PROVINCE,60:64:SL:DATE",[IN:car_rental [SL:PERSONAL_NAME siri] [SL:TIME Sikoyo] [SL:CITY_OR_PROVINCE Kenge] [SL:DATE Lelo] ],PERSONAL_NAME: siri $$ TIME: Sikoyo $$ CITY_OR_PROVINCE: Kenge $$ DATE: Lelo,lin
travel,car_rental,Look at me Where can I rent a car Here in Kalemie,54:61:SL:CITY_OR_PROVINCE,[IN:car_rental [SL:CITY_OR_PROVINCE Kalemie] ],CITY_OR_PROVINCE: Kalemie,lin
travel,car_rental,Show me a good car for the location at Luano airport,,[IN:car_rental ],,lin
travel,car_rental,Rent a car in Kinshasa for tomorrow,"32:40:SL:CITY_OR_PROVINCE,46:60:SL:DATE",[IN:car_rental [SL:CITY_OR_PROVINCE Kinshasa] [SL:DATE Mokolo ya lobi] ],CITY_OR_PROVINCE: Kinshasa $$ DATE: Mokolo ya lobi,lin
travel,car_rental,Show me a rental car here in Tshopo,37:43:SL:CITY_OR_PROVINCE,[IN:car_rental [SL:CITY_OR_PROVINCE Tshopo] ],CITY_OR_PROVINCE: Tshopo,lin
travel,car_rental,The best car rental agency is in what area of Lubumbashi?,61:71:SL:CITY_OR_PROVINCE,[IN:car_rental [SL:CITY_OR_PROVINCE Lubumbashi] ],CITY_OR_PROVINCE: Lubumbashi,lin
travel,car_rental,Please tell me the cheapest car to rent is Suzuki Ist in Kisangani ,63:72:SL:CITY_OR_PROVINCE,[IN:car_rental [SL:CITY_OR_PROVINCE Kisangani] ],CITY_OR_PROVINCE: Kisangani,lin
travel,car_rental,Please tell me the location car to fly from Luano Airport from 10 to 20 January.,"74:79:SL:DATE,83:96:SL:DATE",[IN:car_rental [SL:DATE le 10] [SL:DATE le 20 janvier] ],DATE: le 10 $$ DATE: le 20 janvier,lin
travel,car_rental,Where can I get a mark x for four days from January 4 to 8 Here in Goma,"38:50:SL:DATE,60:64:SL:DATE,68:80:SL:DATE,88:92:SL:CITY_OR_PROVINCE",[IN:car_rental [SL:DATE mikolo minei] [SL:DATE le 4] [SL:DATE le 8 janvier] [SL:CITY_OR_PROVINCE Goma] ],DATE: mikolo minei $$ DATE: le 4 $$ DATE: le 8 janvier $$ CITY_OR_PROVINCE: Goma,lin
travel,car_rental,Where can I get luxury cars in Kalemie?,48:55:SL:CITY_OR_PROVINCE,[IN:car_rental [SL:CITY_OR_PROVINCE Kalemie] ],CITY_OR_PROVINCE: Kalemie,lin
travel,car_rental,I need a Toyota vitz in Kasangulu Congo central to rent for three days from March 16 to 19,"28:37:SL:CITY_OR_PROVINCE,38:51:SL:CITY_OR_PROVINCE,68:81:SL:DATE,91:106:SL:DATE,110:120:SL:DATE",[IN:car_rental [SL:CITY_OR_PROVINCE Kasangulu] [SL:CITY_OR_PROVINCE Kongo central] [SL:DATE mikolo misato] [SL:DATE Mokolo ya le 16] [SL:DATE le 19 mars] ],CITY_OR_PROVINCE: Kasangulu $$ CITY_OR_PROVINCE: Kongo central $$ DATE: mikolo misato $$ DATE: Mokolo ya le 16 $$ DATE: le 19 mars,lin
travel,car_rental,Show me how to do the car rental here in Kisantu,60:67:SL:CITY_OR_PROVINCE,[IN:car_rental [SL:CITY_OR_PROVINCE Kisantu] ],CITY_OR_PROVINCE: Kisantu,lin
travel,car_rental,Show me where to rent a car.,,[IN:car_rental ],,lin
travel,car_rental,Show me where I can rent a car in Lubumbashi,48:58:SL:CITY_OR_PROVINCE,[IN:car_rental [SL:CITY_OR_PROVINCE Lubumbashi] ],CITY_OR_PROVINCE: Lubumbashi,lin
travel,car_rental,show me where I can rent a car,48:54:SL:CITY_OR_PROVINCE,[IN:car_rental [SL:CITY_OR_PROVINCE lukala] ],CITY_OR_PROVINCE: lukala,lin
travel,car_rental,Show me where I can rent a car in Bumba,44:49:SL:CITY_OR_PROVINCE,[IN:car_rental [SL:CITY_OR_PROVINCE Bumba] ],CITY_OR_PROVINCE: Bumba,lin
travel,car_rental,Show me where I can rent a car in Thsopo,51:57:SL:CITY_OR_PROVINCE,[IN:car_rental [SL:CITY_OR_PROVINCE Thsopo] ],CITY_OR_PROVINCE: Thsopo,lin
travel,car_rental,show me where to find a rental car in Pete Nionso in Kasumbalesa from June 5 to 8,"65:76:SL:CITY_OR_PROVINCE,86:90:SL:DATE,94:103:SL:DATE",[IN:car_rental [SL:CITY_OR_PROVINCE Kasumbalesa] [SL:DATE le 5] [SL:DATE le 8 juin] ],CITY_OR_PROVINCE: Kasumbalesa $$ DATE: le 5 $$ DATE: le 8 juin,lin
travel,car_rental,Find me a location for a car park here in Matadi ,48:54:SL:CITY_OR_PROVINCE,[IN:car_rental [SL:CITY_OR_PROVINCE Matadi] ],CITY_OR_PROVINCE: Matadi,lin
travel,car_rental,Find me a place to buy a Range Rover from the 3rd to the 7th here in Lubumbashi Haut Katanga ,"49:63:SL:DATE,67:71:SL:DATE,79:89:SL:CITY_OR_PROVINCE,90:102:SL:CITY_OR_PROVINCE",[IN:car_rental [SL:DATE Mokolo ya le 3] [SL:DATE le 7] [SL:CITY_OR_PROVINCE Lubumbashi] [SL:CITY_OR_PROVINCE Haut Katanga] ],DATE: Mokolo ya le 3 $$ DATE: le 7 $$ CITY_OR_PROVINCE: Lubumbashi $$ CITY_OR_PROVINCE: Haut Katanga,lin
travel,car_rental,Find me a car to rent here in Goma from March 5 to 11,"37:41:SL:CITY_OR_PROVINCE,51:65:SL:DATE,69:79:SL:DATE",[IN:car_rental [SL:CITY_OR_PROVINCE Goma] [SL:DATE Mokolo ya le 5] [SL:DATE le 11 mars] ],CITY_OR_PROVINCE: Goma $$ DATE: Mokolo ya le 5 $$ DATE: le 11 mars,lin
travel,car_rental,I need a car to rent in Mongala from February 16th to 18th,"33:40:SL:CITY_OR_PROVINCE,50:65:SL:DATE,69:82:SL:DATE",[IN:car_rental [SL:CITY_OR_PROVINCE Mongala] [SL:DATE Mokolo ya le 16] [SL:DATE le 18 février] ],CITY_OR_PROVINCE: Mongala $$ DATE: Mokolo ya le 16 $$ DATE: le 18 février,lin
travel,car_rental,Find me a rental car to go to Mbuji Mayi from the 2nd to the 11th of March,"43:53:SL:CITY_OR_PROVINCE,63:67:SL:DATE,72:79:SL:DATE",[IN:car_rental [SL:CITY_OR_PROVINCE Mbuji Mayi] [SL:DATE le 2] [SL:DATE 11 mars] ],CITY_OR_PROVINCE: Mbuji Mayi $$ DATE: le 2 $$ DATE: 11 mars,lin
travel,car_rental,Find me a car to rent so I can go to Kikwit,44:50:SL:CITY_OR_PROVINCE,[IN:car_rental [SL:CITY_OR_PROVINCE Kikwit] ],CITY_OR_PROVINCE: Kikwit,lin
travel,car_rental,Find me a rental car here in Kwilu from the 13th to the 16th of March,"38:43:SL:CITY_OR_PROVINCE,53:58:SL:DATE,62:72:SL:DATE",[IN:car_rental [SL:CITY_OR_PROVINCE Kwilu] [SL:DATE le 13] [SL:DATE le 16 mars] ],CITY_OR_PROVINCE: Kwilu $$ DATE: le 13 $$ DATE: le 16 mars,lin
travel,car_rental,Find me a car for a very special location in Murano from November 5th to 6th here in Sakania,"59:63:SL:DATE,67:80:SL:DATE,88:95:SL:CITY_OR_PROVINCE",[IN:car_rental [SL:DATE le 5] [SL:DATE le 6 novembre] [SL:CITY_OR_PROVINCE Sakania] ],DATE: le 5 $$ DATE: le 6 novembre $$ CITY_OR_PROVINCE: Sakania,lin
travel,car_rental,Find me a rental car in Kisantu from March 5 to April 15 ,"34:41:SL:CITY_OR_PROVINCE,51:60:SL:DATE,64:75:SL:DATE",[IN:car_rental [SL:CITY_OR_PROVINCE Kisantu] [SL:DATE le 5 mars] [SL:DATE le 15 Avril] ],CITY_OR_PROVINCE: Kisantu $$ DATE: le 5 mars $$ DATE: le 15 Avril,lin
travel,car_rental,Find me a location car to take me out of Kipushi on Wednesday and Saturday.,"44:51:SL:CITY_OR_PROVINCE,62:70:SL:DATE,74:80:SL:DATE",[IN:car_rental [SL:CITY_OR_PROVINCE Kipushi] [SL:DATE mercredi] [SL:DATE samedi] ],CITY_OR_PROVINCE: Kipushi $$ DATE: mercredi $$ DATE: samedi,lin
travel,car_rental,Find me a rental car to go to the city,45:59:SL:CITY_OR_PROVINCE,[IN:car_rental [SL:CITY_OR_PROVINCE Mbanza- ngungu] ],CITY_OR_PROVINCE: Mbanza- ngungu,lin
travel,car_rental,Look for me in Kinshasa where you can find the Prado for four days.,"15:23:SL:CITY_OR_PROVINCE,51:63:SL:DATE",[IN:car_rental [SL:CITY_OR_PROVINCE kinshasa] [SL:DATE mikolo minei] ],CITY_OR_PROVINCE: kinshasa $$ DATE: mikolo minei,lin
travel,car_rental,I need a car to rent on Monday from May 4 to May 6.,"15:22:SL:CITY_OR_PROVINCE,50:54:SL:DATE,58:66:SL:DATE",[IN:car_rental [SL:CITY_OR_PROVINCE Mokambo] [SL:DATE le 4] [SL:DATE le 6 mai] ],CITY_OR_PROVINCE: Mokambo $$ DATE: le 4 $$ DATE: le 6 mai,lin
travel,car_rental,Find me a Prado location in Kasenga from March 10 to 16 of this year,"37:44:SL:CITY_OR_PROVINCE,54:59:SL:DATE,63:73:SL:DATE,77:85:SL:DATE",[IN:car_rental [SL:CITY_OR_PROVINCE Kasenga] [SL:DATE le 10] [SL:DATE le 16 mars] [SL:DATE mobu eye] ],CITY_OR_PROVINCE: Kasenga $$ DATE: le 10 $$ DATE: le 16 mars $$ DATE: mobu eye,lin
travel,car_rental,Find me a Vanguard location here I have plans from the 2nd of this month till the last week of next month,"40:45:SL:CITY_OR_PROVINCE,55:72:SL:DATE,76:103:SL:DATE",[IN:car_rental [SL:CITY_OR_PROVINCE kindu] [SL:DATE le 2 ya sanza Oyo] [SL:DATE poso ya suka ya sanza ekoya] ],CITY_OR_PROVINCE: kindu $$ DATE: le 2 ya sanza Oyo $$ DATE: poso ya suka ya sanza ekoya,lin
travel,car_rental,I fear getting a rental car from September 4 to 6 will be easy.,"3:7:SL:CITY_OR_PROVINCE,42:46:SL:DATE,50:64:SL:DATE",[IN:car_rental [SL:CITY_OR_PROVINCE Boma] [SL:DATE le 4] [SL:DATE le 6 septembre] ],CITY_OR_PROVINCE: Boma $$ DATE: le 4 $$ DATE: le 6 septembre,lin
travel,car_rental,How long does it take to rent a car?,,[IN:car_rental ],,lin
travel,car_rental,How much do I have to pay to rent a car here in Bukavu,40:46:SL:CITY_OR_PROVINCE,[IN:car_rental [SL:CITY_OR_PROVINCE Bukavu] ],CITY_OR_PROVINCE: Bukavu,lin
travel,car_rental,I'm waiting for a rental car in Bukavu from January 10 to 20,"54:60:SL:CITY_OR_PROVINCE,70:75:SL:DATE,79:92:SL:DATE",[IN:car_rental [SL:CITY_OR_PROVINCE Bukavu] [SL:DATE le 10] [SL:DATE le 20 janvier] ],CITY_OR_PROVINCE: Bukavu $$ DATE: le 10 $$ DATE: le 20 janvier,lin
travel,car_rental,I'm in need of a location car in Mbandaka from the 4th to the 8th of May.,"43:51:SL:CITY_OR_PROVINCE,61:65:SL:DATE,69:77:SL:DATE",[IN:car_rental [SL:CITY_OR_PROVINCE Mbandaka] [SL:DATE le 4] [SL:DATE le 8 mai] ],CITY_OR_PROVINCE: Mbandaka $$ DATE: le 4 $$ DATE: le 8 mai,lin
travel,car_rental,I can get a rental car in any place from October 7 to 10 in Kolwezi.,"55:59:SL:DATE,63:76:SL:DATE,80:88:SL:CITY_OR_PROVINCE",[IN:car_rental [SL:DATE le 7] [SL:DATE le 10 octobre] [SL:CITY_OR_PROVINCE Kolwezie] ],DATE: le 7 $$ DATE: le 10 octobre $$ CITY_OR_PROVINCE: Kolwezie,lin
travel,car_rental,I'm looking for your Jeep for rent for 5 days from October 5th to 10th in Kolwezie Lualaba ,"30:43:SL:DATE,53:57:SL:DATE,61:74:SL:DATE,78:86:SL:CITY_OR_PROVINCE,87:94:SL:CITY_OR_PROVINCE",[IN:car_rental [SL:DATE mikolo Mitano] [SL:DATE le 5] [SL:DATE le 10 octobre] [SL:CITY_OR_PROVINCE Kolwezie] [SL:CITY_OR_PROVINCE Lualaba] ],DATE: mikolo Mitano $$ DATE: le 5 $$ DATE: le 10 octobre $$ CITY_OR_PROVINCE: Kolwezie $$ CITY_OR_PROVINCE: Lualaba,lin
travel,car_rental,I'll find a car to take you to what Kasenga ,39:46:SL:CITY_OR_PROVINCE,[IN:car_rental [SL:CITY_OR_PROVINCE Kasenga] ],CITY_OR_PROVINCE: Kasenga,lin
travel,car_rental,I've been looking for a rental car in Matadi since Tuesday and Wednesday.,"31:37:SL:CITY_OR_PROVINCE,47:55:SL:DATE,59:67:SL:DATE",[IN:car_rental [SL:CITY_OR_PROVINCE Matadi] [SL:DATE le mardi] [SL:DATE mercredi] ],CITY_OR_PROVINCE: Matadi $$ DATE: le mardi $$ DATE: mercredi,lin
travel,car_rental,I have found a location car here in Kananga ,36:43:SL:CITY_OR_PROVINCE,[IN:car_rental [SL:CITY_OR_PROVINCE Kananga] ],CITY_OR_PROVINCE: Kananga,lin
travel,car_rental,I'm looking for a rental car to take Lisala out from Monday to Friday.,"43:49:SL:CITY_OR_PROVINCE,59:64:SL:DATE,68:76:SL:DATE",[IN:car_rental [SL:CITY_OR_PROVINCE Lisala] [SL:DATE lundi] [SL:DATE vendredi] ],CITY_OR_PROVINCE: Lisala $$ DATE: lundi $$ DATE: vendredi,lin
travel,car_rental,I'm looking for a location car to leave Ndjili Airport from April 16 to April 21,"69:74:SL:DATE,78:89:SL:DATE",[IN:car_rental [SL:DATE le 16] [SL:DATE le 21 avril] ],DATE: le 16 $$ DATE: le 21 avril,lin
travel,car_rental,I'm looking for a location car to leave Bandundu city from Thursday to Saturday.,"42:56:SL:CITY_OR_PROVINCE,76:81:SL:DATE,85:91:SL:DATE",[IN:car_rental [SL:CITY_OR_PROVINCE Bandundu ville] [SL:DATE jeudi] [SL:DATE samedi] ],CITY_OR_PROVINCE: Bandundu ville $$ DATE: jeudi $$ DATE: samedi,lin
travel,car_rental,"I am looking for a Range Rover to rent in Kimpese from May 10, 2019 to May 13, 2019","36:43:SL:CITY_OR_PROVINCE,53:67:SL:DATE,71:85:SL:DATE",[IN:car_rental [SL:CITY_OR_PROVINCE Kimpese] [SL:DATE le 10 mai 2019] [SL:DATE le 13 mai 2019] ],CITY_OR_PROVINCE: Kimpese $$ DATE: le 10 mai 2019 $$ DATE: le 13 mai 2019,lin
travel,car_rental,Help me to find a car to rent here in Gemena,48:54:SL:CITY_OR_PROVINCE,[IN:car_rental [SL:CITY_OR_PROVINCE Gemena] ],CITY_OR_PROVINCE: Gemena,lin
travel,car_rental,Help me find a rental car for my trip to Kisangani.,65:74:SL:CITY_OR_PROVINCE,[IN:car_rental [SL:CITY_OR_PROVINCE Kisangani] ],CITY_OR_PROVINCE: Kisangani,lin
travel,car_rental,Help me with renting a car here in Goma ,34:38:SL:CITY_OR_PROVINCE,[IN:car_rental [SL:CITY_OR_PROVINCE Goma] ],CITY_OR_PROVINCE: Goma,lin
travel,car_rental,Help me to find a rental car here in Boende,46:52:SL:CITY_OR_PROVINCE,[IN:car_rental [SL:CITY_OR_PROVINCE Boende] ],CITY_OR_PROVINCE: Boende,lin
travel,car_rental,Help me find a car in Kinshasa,35:43:SL:CITY_OR_PROVINCE,[IN:car_rental [SL:CITY_OR_PROVINCE Kinshasa] ],CITY_OR_PROVINCE: Kinshasa,lin
travel,car_rental,Help me to find a rental car here in Mwene Ditu,44:54:SL:CITY_OR_PROVINCE,[IN:car_rental [SL:CITY_OR_PROVINCE Mwene Ditu] ],CITY_OR_PROVINCE: Mwene Ditu,lin
travel,car_rental,Help me find a rental car here in the beginning ,40:48:SL:CITY_OR_PROVINCE,[IN:car_rental [SL:CITY_OR_PROVINCE Mbandaka] ],CITY_OR_PROVINCE: Mbandaka,lin
travel,car_rental,Ask me if Emile has any rental cars,13:18:SL:PERSONAL_NAME,[IN:car_rental [SL:PERSONAL_NAME Émile] ],PERSONAL_NAME: Émile,lin
travel,car_rental,Please rent a car for me from Monday to Friday to get out of Isiro,"38:43:SL:DATE,47:55:SL:DATE,69:74:SL:CITY_OR_PROVINCE",[IN:car_rental [SL:DATE lundi] [SL:DATE vendredi] [SL:CITY_OR_PROVINCE Isiro] ],DATE: lundi $$ DATE: vendredi $$ CITY_OR_PROVINCE: Isiro,lin
travel,car_rental,Please give me a rental car in Cayenne for four days from March 4 to March 8,"60:72:SL:DATE,82:86:SL:DATE,90:99:SL:DATE",[IN:car_rental [SL:DATE mikolo minei] [SL:DATE le 4] [SL:DATE le 8 mars] ],DATE: mikolo minei $$ DATE: le 4 $$ DATE: le 8 mars,lin
travel,car_rental,Please rent a car for me to go out on Tuesday and Thursday,"42:48:SL:CITY_OR_PROVINCE,68:73:SL:DATE,77:82:SL:DATE",[IN:car_rental [SL:CITY_OR_PROVINCE Likasi] [SL:DATE mardi] [SL:DATE jeudi] ],CITY_OR_PROVINCE: Likasi $$ DATE: mardi $$ DATE: jeudi,lin
travel,car_rental,Rent a car for me from September 5th to 7th in Kamina,"39:43:SL:DATE,47:61:SL:DATE,65:71:SL:CITY_OR_PROVINCE",[IN:car_rental [SL:DATE le 5] [SL:DATE le 7 septembre] [SL:CITY_OR_PROVINCE Kamina] ],DATE: le 5 $$ DATE: le 7 septembre $$ CITY_OR_PROVINCE: Kamina,lin
travel,car_rental,Buy me a car in the most expensive location in the city of Tshikapa from 6 to 10,"69:77:SL:CITY_OR_PROVINCE,87:91:SL:DATE,95:100:SL:DATE",[IN:car_rental [SL:CITY_OR_PROVINCE Tshikapa] [SL:DATE le 6] [SL:DATE le 10] ],CITY_OR_PROVINCE: Tshikapa $$ DATE: le 6 $$ DATE: le 10,lin
travel,car_rental,Call me at the Highway Patrol Pajero for rent for three days from April 2 to 5.,"14:20:SL:CITY_OR_PROVINCE,21:33:SL:CITY_OR_PROVINCE,80:84:SL:DATE,88:98:SL:DATE",[IN:car_rental [SL:CITY_OR_PROVINCE Likasi] [SL:CITY_OR_PROVINCE Haut Katanga] [SL:DATE le 2] [SL:DATE le 5 Avril] ],CITY_OR_PROVINCE: Likasi $$ CITY_OR_PROVINCE: Haut Katanga $$ DATE: le 2 $$ DATE: le 5 Avril,lin
travel,car_rental,I need a Mark x to rent here in Kinshasa from 12 to 14 March.,"37:45:SL:CITY_OR_PROVINCE,55:60:SL:DATE,64:74:SL:DATE",[IN:car_rental [SL:CITY_OR_PROVINCE Kinshasa] [SL:DATE le 12] [SL:DATE le 14 mars] ],CITY_OR_PROVINCE: Kinshasa $$ DATE: le 12 $$ DATE: le 14 mars,lin
travel,car_rental,find me a location car,,[IN:car_rental ],,lin
travel,car_rental,"Find me a car with a lot of location, a lot of jeep from April 2 to 4 in Matadi ","57:61:SL:DATE,65:75:SL:DATE,79:85:SL:CITY_OR_PROVINCE",[IN:car_rental [SL:DATE le 2] [SL:DATE le 4 avril] [SL:CITY_OR_PROVINCE Matadi] ],DATE: le 2 $$ DATE: le 4 avril $$ CITY_OR_PROVINCE: Matadi,lin
travel,car_rental,This trip should be done by location car ,,[IN:car_rental ],,lin
travel,car_rental,I need a rental car this week,38:46:SL:DATE,[IN:car_rental [SL:DATE poso oyo] ],DATE: poso oyo,lin
travel,car_rental,Help me find a Pajero for location here in Likasi from April 5 to 10 ,"46:52:SL:CITY_OR_PROVINCE,62:66:SL:DATE,70:81:SL:DATE",[IN:car_rental [SL:CITY_OR_PROVINCE Likasi] [SL:DATE le 5] [SL:DATE le 10 avril] ],CITY_OR_PROVINCE: Likasi $$ DATE: le 5 $$ DATE: le 10 avril,lin
travel,car_rental,"Come to Tshikapa for a rental car from October 2 to 10, mostly Prado.","18:26:SL:CITY_OR_PROVINCE,55:59:SL:DATE,63:76:SL:DATE",[IN:car_rental [SL:CITY_OR_PROVINCE Tshikapa] [SL:DATE le 2] [SL:DATE le 10 octobre] ],CITY_OR_PROVINCE: Tshikapa $$ DATE: le 2 $$ DATE: le 10 octobre,lin
travel,car_rental,Show me a rental car here in Gemena ,37:43:SL:CITY_OR_PROVINCE,[IN:car_rental [SL:CITY_OR_PROVINCE Gemena] ],CITY_OR_PROVINCE: Gemena,lin
travel,exchange_rate,change currency to Congolese Franc ,"8:14:SL:CURRENCY,18:33:SL:CURRENCY",[IN:exchange_rate [SL:CURRENCY kwanza] [SL:CURRENCY Franc Congolais] ],CURRENCY: kwanza $$ CURRENCY: Franc Congolais,lin
travel,exchange_rate,convert Naira to Congolese Franc ,"8:13:SL:CURRENCY,17:32:SL:CURRENCY",[IN:exchange_rate [SL:CURRENCY Naira] [SL:CURRENCY Franc Congolais] ],CURRENCY: Naira $$ CURRENCY: Franc Congolais,lin
travel,exchange_rate,How much is 500 Japanese yen in Congolese Franc?,"0:7:SL:MONEY,11:16:SL:COUNTRY,31:46:SL:CURRENCY",[IN:exchange_rate [SL:MONEY 500 yen] [SL:COUNTRY Japon] [SL:CURRENCY Franc Congolais] ],MONEY: 500 yen $$ COUNTRY: Japon $$ CURRENCY: Franc Congolais,lin
travel,exchange_rate,How much will 6 euros be in advance?,"0:7:SL:MONEY,24:30:SL:CURRENCY",[IN:exchange_rate [SL:MONEY 6 euros] [SL:CURRENCY kwanza] ],MONEY: 6 euros $$ CURRENCY: kwanza,lin
travel,exchange_rate,change 1500 dollars to Congolese Franc ,"8:20:SL:MONEY,24:39:SL:CURRENCY",[IN:exchange_rate [SL:MONEY 1500 dollars] [SL:CURRENCY Franc Congolais] ],MONEY: 1500 dollars $$ CURRENCY: Franc Congolais,lin
travel,exchange_rate,change 500 pounds sterling to Congolese Franc ,"8:26:SL:MONEY,30:45:SL:CURRENCY",[IN:exchange_rate [SL:MONEY 500 livre sterling] [SL:CURRENCY Franc Congolais] ],MONEY: 500 livre sterling $$ CURRENCY: Franc Congolais,lin
travel,exchange_rate,exchange dollars for Japanese yen ,"8:15:SL:CURRENCY,19:22:SL:CURRENCY,26:31:SL:COUNTRY",[IN:exchange_rate [SL:CURRENCY dollars] [SL:CURRENCY yen] [SL:COUNTRY Japon] ],CURRENCY: dollars $$ CURRENCY: yen $$ COUNTRY: Japon,lin
travel,exchange_rate,converting euro to Congolese Franc ,"8:13:SL:CURRENCY,17:32:SL:CURRENCY",[IN:exchange_rate [SL:CURRENCY euros] [SL:CURRENCY Franc Congolais] ],CURRENCY: euros $$ CURRENCY: Franc Congolais,lin
travel,exchange_rate,change the first pound sterling,"8:14:SL:CURRENCY,18:32:SL:CURRENCY",[IN:exchange_rate [SL:CURRENCY kwanza] [SL:CURRENCY livre sterling] ],CURRENCY: kwanza $$ CURRENCY: livre sterling,lin
travel,exchange_rate,How much is a dollar to a naira?,"0:6:SL:CURRENCY,10:15:SL:CURRENCY",[IN:exchange_rate [SL:CURRENCY dollar] [SL:CURRENCY Naira] ],CURRENCY: dollar $$ CURRENCY: Naira,lin
travel,exchange_rate,How much is the euro exchange rate in Kisangani?,"11:16:SL:CURRENCY,34:43:SL:CITY_OR_PROVINCE",[IN:exchange_rate [SL:CURRENCY euros] [SL:CITY_OR_PROVINCE Kisangani] ],CURRENCY: euros $$ CITY_OR_PROVINCE: Kisangani,lin
travel,exchange_rate,what is the euro rate in Kindu today?,"0:4:SL:DATE,13:18:SL:CURRENCY,33:38:SL:CITY_OR_PROVINCE",[IN:exchange_rate [SL:DATE lelo] [SL:CURRENCY euros] [SL:CITY_OR_PROVINCE Kindu] ],DATE: lelo $$ CURRENCY: euros $$ CITY_OR_PROVINCE: Kindu,lin
travel,exchange_rate,What is the dollar rate of exchange?,"22:28:SL:CURRENCY,32:38:SL:CURRENCY",[IN:exchange_rate [SL:CURRENCY dollar] [SL:CURRENCY kwanza] ],CURRENCY: dollar $$ CURRENCY: kwanza,lin
travel,exchange_rate,What is the dollar rate in Matadi?,"8:15:SL:CURRENCY,33:39:SL:CITY_OR_PROVINCE",[IN:exchange_rate [SL:CURRENCY dollars] [SL:CITY_OR_PROVINCE Matadi] ],CURRENCY: dollars $$ CITY_OR_PROVINCE: Matadi,lin
travel,exchange_rate,what is the exchange rate of the euro?,19:24:SL:CURRENCY,[IN:exchange_rate [SL:CURRENCY euros] ],CURRENCY: euros,lin
travel,exchange_rate,What is the Japanese yen's exchange rate?,"0:3:SL:CURRENCY,7:12:SL:COUNTRY",[IN:exchange_rate [SL:CURRENCY yen] [SL:COUNTRY Japon] ],CURRENCY: yen $$ COUNTRY: Japon,lin
travel,exchange_rate,change dollars to euros ,"8:15:SL:CURRENCY,19:23:SL:CURRENCY",[IN:exchange_rate [SL:CURRENCY dollars] [SL:CURRENCY Euro] ],CURRENCY: dollars $$ CURRENCY: Euro,lin
travel,exchange_rate,change dollars to Congolese Franc ,"8:15:SL:CURRENCY,19:34:SL:CURRENCY",[IN:exchange_rate [SL:CURRENCY dollars] [SL:CURRENCY Franc Congolais] ],CURRENCY: dollars $$ CURRENCY: Franc Congolais,lin
travel,exchange_rate,change currency to CFA Franc ,"8:14:SL:CURRENCY,18:27:SL:CURRENCY",[IN:exchange_rate [SL:CURRENCY kwanza] [SL:CURRENCY Franc CFA] ],CURRENCY: kwanza $$ CURRENCY: Franc CFA,lin
travel,exchange_rate,change naira to dollars,"8:13:SL:CURRENCY,17:24:SL:CURRENCY",[IN:exchange_rate [SL:CURRENCY Naira] [SL:CURRENCY dollars] ],CURRENCY: Naira $$ CURRENCY: dollars,lin
travel,exchange_rate,How much is a pound sterling in the first place?,"0:19:SL:MONEY,34:40:SL:CURRENCY",[IN:exchange_rate [SL:MONEY livre sterling moko] [SL:CURRENCY kwanza] ],MONEY: livre sterling moko $$ CURRENCY: kwanza,lin
travel,exchange_rate,How much is one pound sterling in Congolese Franc?,"0:19:SL:MONEY,34:49:SL:CURRENCY",[IN:exchange_rate [SL:MONEY livre sterling moko] [SL:CURRENCY Franc Congolais] ],MONEY: livre sterling moko $$ CURRENCY: Franc Congolais,lin
travel,exchange_rate,how much will thirty dollars cost FCFA?,"1:24:SL:MONEY,41:45:SL:CURRENCY",[IN:exchange_rate [SL:MONEY ntuku misato ya dollars] [SL:CURRENCY FCFA] ],MONEY: ntuku misato ya dollars $$ CURRENCY: FCFA,lin
travel,exchange_rate,How much is 10 dollars in Congolese Franc?,"0:10:SL:MONEY,25:40:SL:CURRENCY",[IN:exchange_rate [SL:MONEY 10 dollars] [SL:CURRENCY Franc Congolais] ],MONEY: 10 dollars $$ CURRENCY: Franc Congolais,lin
travel,exchange_rate,10 How much will the Naira be worth to the Congolese Franc?,"0:8:SL:MONEY,25:40:SL:CURRENCY",[IN:exchange_rate [SL:MONEY 10 Naira] [SL:CURRENCY Franc Congolais] ],MONEY: 10 Naira $$ CURRENCY: Franc Congolais,lin
travel,exchange_rate,How much is 10 yen in FCFA?,"0:6:SL:MONEY,19:23:SL:CURRENCY",[IN:exchange_rate [SL:MONEY 10 yen] [SL:CURRENCY FCFA] ],MONEY: 10 yen $$ CURRENCY: FCFA,lin
travel,exchange_rate,"How much is 100,000 Congolese francs in dollars?","0:23:SL:MONEY,38:45:SL:CURRENCY",[IN:exchange_rate [SL:MONEY 100 000 Franc Congolais] [SL:CURRENCY dollars] ],MONEY: 100 000 Franc Congolais $$ CURRENCY: dollars,lin
travel,exchange_rate,How much will 100 dollars give to Naira?,"0:11:SL:MONEY,28:33:SL:CURRENCY",[IN:exchange_rate [SL:MONEY 100 dollars] [SL:CURRENCY Naira] ],MONEY: 100 dollars $$ CURRENCY: Naira,lin
travel,exchange_rate,How much is 100 FCFA worth in Congolese Franc?,"0:8:SL:MONEY,33:48:SL:CURRENCY",[IN:exchange_rate [SL:MONEY 100 FCFA] [SL:CURRENCY Franc Congolais] ],MONEY: 100 FCFA $$ CURRENCY: Franc Congolais,lin
travel,exchange_rate,How much will 100 kwanza be worth in Congolese Franc?,"0:10:SL:MONEY,27:42:SL:CURRENCY",[IN:exchange_rate [SL:MONEY 100 kwanza] [SL:CURRENCY Franc Congolais] ],MONEY: 100 kwanza $$ CURRENCY: Franc Congolais,lin
travel,exchange_rate,How much is 100 rubles in Congolese Franc?,"0:10:SL:MONEY,23:38:SL:CURRENCY",[IN:exchange_rate [SL:MONEY 100 rouble] [SL:CURRENCY Franc Congolais] ],MONEY: 100 rouble $$ CURRENCY: Franc Congolais,lin
travel,exchange_rate,"How much will 100,000 dollars be worth in Congolese Franc?","0:14:SL:MONEY,31:46:SL:CURRENCY",[IN:exchange_rate [SL:MONEY 100000 dollars] [SL:CURRENCY Franc Congolais] ],MONEY: 100000 dollars $$ CURRENCY: Franc Congolais,lin
travel,exchange_rate,How much will 1500 dollars give me in advance?,"0:12:SL:MONEY,29:35:SL:CURRENCY",[IN:exchange_rate [SL:MONEY 1500 dollars] [SL:CURRENCY kwanza] ],MONEY: 1500 dollars $$ CURRENCY: kwanza,lin
travel,exchange_rate,How much will 200 pounds sterling be worth to the Congolese Franc?,"0:18:SL:MONEY,35:50:SL:CURRENCY",[IN:exchange_rate [SL:MONEY 200 livre sterling] [SL:CURRENCY Franc Congolais] ],MONEY: 200 livre sterling $$ CURRENCY: Franc Congolais,lin
travel,exchange_rate,How much will 25 dollars give to the Congolese Franc?,"0:10:SL:MONEY,27:42:SL:CURRENCY",[IN:exchange_rate [SL:MONEY 25 dollars] [SL:CURRENCY Franc Congolais] ],MONEY: 25 dollars $$ CURRENCY: Franc Congolais,lin
travel,exchange_rate,How much will 5 Canadian dollars give me in advance?,"0:13:SL:MONEY,30:36:SL:CURRENCY",[IN:exchange_rate [SL:MONEY 5 $ ya canada] [SL:CURRENCY kwanza] ],MONEY: 5 $ ya canada $$ CURRENCY: kwanza,lin
travel,exchange_rate,How much will 50 Canadian dollars be worth to the Congolese Franc?,"0:4:SL:MONEY,8:14:SL:COUNTRY,31:46:SL:CURRENCY",[IN:exchange_rate [SL:MONEY 50 $] [SL:COUNTRY canada] [SL:CURRENCY Franc Congolais] ],MONEY: 50 $ $$ COUNTRY: canada $$ CURRENCY: Franc Congolais,lin
travel,exchange_rate,How much will 500 dollars cost in the first place?,"0:11:SL:MONEY,30:36:SL:CURRENCY",[IN:exchange_rate [SL:MONEY 500 dollars] [SL:CURRENCY kwanza] ],MONEY: 500 dollars $$ CURRENCY: kwanza,lin
travel,exchange_rate,How much is 500 dollars in Congolese Franc?,"0:11:SL:MONEY,26:41:SL:CURRENCY",[IN:exchange_rate [SL:MONEY 500 dollars] [SL:CURRENCY Franc Congolais] ],MONEY: 500 dollars $$ CURRENCY: Franc Congolais,lin
travel,exchange_rate,How much will 500 pesos be worth in Congolese Franc?,"0:8:SL:MONEY,25:40:SL:CURRENCY",[IN:exchange_rate [SL:MONEY 500 peso] [SL:CURRENCY Franc Congolais] ],MONEY: 500 peso $$ CURRENCY: Franc Congolais,lin
travel,exchange_rate,How much 600 kwanza will I get for the Congolese Franc?,"0:10:SL:MONEY,27:42:SL:CURRENCY",[IN:exchange_rate [SL:MONEY 600 kwanza] [SL:CURRENCY Franc Congolais] ],MONEY: 600 kwanza $$ CURRENCY: Franc Congolais,lin
travel,exchange_rate,How much do they exchange dollars for here?,19:26:SL:CURRENCY,[IN:exchange_rate [SL:CURRENCY dollars] ],CURRENCY: dollars,lin
travel,exchange_rate,How much do they exchange dollars for here?,12:19:SL:CURRENCY,[IN:exchange_rate [SL:CURRENCY dollars] ],CURRENCY: dollars,lin
travel,exchange_rate,How many euros did they exchange in Kindu?,"12:17:SL:CURRENCY,26:31:SL:CITY_OR_PROVINCE",[IN:exchange_rate [SL:CURRENCY euros] [SL:CITY_OR_PROVINCE Kindu] ],CURRENCY: euros $$ CITY_OR_PROVINCE: Kindu,lin
travel,exchange_rate,How much does the rouble exchange for the Congolese franc?,"12:18:SL:CURRENCY,40:55:SL:CURRENCY",[IN:exchange_rate [SL:CURRENCY rouble] [SL:CURRENCY Franc Congolais] ],CURRENCY: rouble $$ CURRENCY: Franc Congolais,lin
travel,exchange_rate,change 10 Euro to CFA ,"8:15:SL:MONEY,19:34:SL:CURRENCY",[IN:exchange_rate [SL:MONEY 10 Euro] [SL:CURRENCY Franc Congolais] ],MONEY: 10 Euro $$ CURRENCY: Franc Congolais,lin
travel,exchange_rate,change 100 rubles into Congolese Franc ,"8:18:SL:MONEY,22:37:SL:CURRENCY",[IN:exchange_rate [SL:MONEY 100 rouble] [SL:CURRENCY Franc Congolais] ],MONEY: 100 rouble $$ CURRENCY: Franc Congolais,lin
travel,exchange_rate,change 9 pounds sterling to Congolese Franc ,"8:24:SL:MONEY,28:43:SL:CURRENCY",[IN:exchange_rate [SL:MONEY 9 livre sterling] [SL:CURRENCY Franc Congolais] ],MONEY: 9 livre sterling $$ CURRENCY: Franc Congolais,lin
travel,exchange_rate,change the first to Naira ,"8:14:SL:CURRENCY,18:23:SL:CURRENCY",[IN:exchange_rate [SL:CURRENCY kwanza] [SL:CURRENCY Naira] ],CURRENCY: kwanza $$ CURRENCY: Naira,lin
travel,exchange_rate,converting pesos into dollars ,"8:12:SL:CURRENCY,16:23:SL:CURRENCY",[IN:exchange_rate [SL:CURRENCY peso] [SL:CURRENCY dollars] ],CURRENCY: peso $$ CURRENCY: dollars,lin
travel,exchange_rate,how much do you buy euros here?,15:19:SL:CURRENCY,[IN:exchange_rate [SL:CURRENCY euro] ],CURRENCY: euro,lin
travel,exchange_rate,I changed 1000 $ to FC ,"7:13:SL:MONEY,17:19:SL:CURRENCY",[IN:exchange_rate [SL:MONEY 1000 $] [SL:CURRENCY FC] ],MONEY: 1000 $ $$ CURRENCY: FC,lin
travel,exchange_rate,I changed 20 Euros to Congolese Franc ,"12:19:SL:MONEY,23:38:SL:CURRENCY",[IN:exchange_rate [SL:MONEY 20 Euro] [SL:CURRENCY Franc Congolais] ],MONEY: 20 Euro $$ CURRENCY: Franc Congolais,lin
travel,exchange_rate,Change the peso to the Congolese Franc ,"7:11:SL:CURRENCY,15:30:SL:CURRENCY",[IN:exchange_rate [SL:CURRENCY peso] [SL:CURRENCY Franc Congolais] ],CURRENCY: peso $$ CURRENCY: Franc Congolais,lin
travel,exchange_rate,How much is a dollar in a currency?,"0:11:SL:MONEY,26:32:SL:CURRENCY",[IN:exchange_rate [SL:MONEY dollar moko] [SL:CURRENCY kwanza] ],MONEY: dollar moko $$ CURRENCY: kwanza,lin
travel,exchange_rate,How much is a dollar in Naira?,"0:11:SL:MONEY,26:31:SL:CURRENCY",[IN:exchange_rate [SL:MONEY dollar moko] [SL:CURRENCY Naira] ],MONEY: dollar moko $$ CURRENCY: Naira,lin
travel,exchange_rate,How much will five dollars be worth in Congolese Franc?,"0:14:SL:MONEY,31:46:SL:CURRENCY",[IN:exchange_rate [SL:MONEY dollars mitano] [SL:CURRENCY Franc Congolais] ],MONEY: dollars mitano $$ CURRENCY: Franc Congolais,lin
travel,exchange_rate,How much will eight dollars be worth to the Congolese Franc?,"0:14:SL:MONEY,31:46:SL:CURRENCY",[IN:exchange_rate [SL:MONEY dollars mwambe] [SL:CURRENCY Franc Congolais] ],MONEY: dollars mwambe $$ CURRENCY: Franc Congolais,lin
travel,exchange_rate,How much will ten dollars be worth in Congolese Franc?,"0:12:SL:MONEY,29:44:SL:CURRENCY",[IN:exchange_rate [SL:MONEY dollars zomi] [SL:CURRENCY Franc Congolais] ],MONEY: dollars zomi $$ CURRENCY: Franc Congolais,lin
travel,exchange_rate,"how much money would you get for converting 10,000 FCFA into Congolese Franc ?","32:43:SL:MONEY,47:62:SL:CURRENCY",[IN:exchange_rate [SL:MONEY 10 000 FCFA] [SL:CURRENCY Franc Congolais] ],MONEY: 10 000 FCFA $$ CURRENCY: Franc Congolais,lin
travel,exchange_rate,how much would I get for converting 50 $ into FC?,"33:37:SL:MONEY,41:43:SL:CURRENCY",[IN:exchange_rate [SL:MONEY 50 $] [SL:CURRENCY FC] ],MONEY: 50 $ $$ CURRENCY: FC,lin
travel,exchange_rate,how much does it cost to convert FCFA to Congolese Franc?,"25:29:SL:CURRENCY,33:48:SL:CURRENCY",[IN:exchange_rate [SL:CURRENCY FCFA] [SL:CURRENCY Franc Congolais] ],CURRENCY: FCFA $$ CURRENCY: Franc Congolais,lin
travel,exchange_rate,How much would I get for 20 euros in Congolese Franc?,"26:33:SL:MONEY,37:52:SL:CURRENCY",[IN:exchange_rate [SL:MONEY 20 Euro] [SL:CURRENCY Franc Congolais] ],MONEY: 20 Euro $$ CURRENCY: Franc Congolais,lin
travel,exchange_rate,how much will five hundred FC give to $ ?,0:18:SL:MONEY,[IN:exchange_rate [SL:MONEY nkama mitano ya FC] ],MONEY: nkama mitano ya FC,lin
travel,exchange_rate,can you buy it for 100 dollars in Congolese Franc?,"19:30:SL:MONEY,34:49:SL:CURRENCY",[IN:exchange_rate [SL:MONEY 100 dollars] [SL:CURRENCY Franc Congolais] ],MONEY: 100 dollars $$ CURRENCY: Franc Congolais,lin
travel,exchange_rate,How much will ten rubles be worth to the Congolese Franc?,"0:11:SL:MONEY,28:43:SL:CURRENCY",[IN:exchange_rate [SL:MONEY rouble zomi] [SL:CURRENCY Franc Congolais] ],MONEY: rouble zomi $$ CURRENCY: Franc Congolais,lin
travel,exchange_rate,What is the dollar rate today?,"8:15:SL:CURRENCY,27:31:SL:DATE",[IN:exchange_rate [SL:CURRENCY dollars] [SL:DATE lelo] ],CURRENCY: dollars $$ DATE: lelo,lin
travel,exchange_rate,what is the euro rate today?,"8:13:SL:CURRENCY,25:29:SL:DATE",[IN:exchange_rate [SL:CURRENCY euros] [SL:DATE lelo] ],CURRENCY: euros $$ DATE: lelo,lin
travel,exchange_rate,what is the euro rate in Goma?,"8:13:SL:CURRENCY,28:32:SL:CITY_OR_PROVINCE",[IN:exchange_rate [SL:CURRENCY euros] [SL:CITY_OR_PROVINCE Goma] ],CURRENCY: euros $$ CITY_OR_PROVINCE: Goma,lin
travel,exchange_rate,How much is the yen worth in Congolese Franc?,"0:3:SL:CURRENCY,26:41:SL:CURRENCY",[IN:exchange_rate [SL:CURRENCY yen] [SL:CURRENCY Franc Congolais] ],CURRENCY: yen $$ CURRENCY: Franc Congolais,lin
travel,exchange_rate,How much is four yen in Congolese Franc?,"0:9:SL:MONEY,24:39:SL:CURRENCY",[IN:exchange_rate [SL:MONEY yen minei] [SL:CURRENCY Franc Congolais] ],MONEY: yen minei $$ CURRENCY: Franc Congolais,lin
travel,exchange_rate,How much is eight yen worth in Congolese Franc?,"0:10:SL:MONEY,27:42:SL:CURRENCY",[IN:exchange_rate [SL:MONEY yen mwambe] [SL:CURRENCY Franc Congolais] ],MONEY: yen mwambe $$ CURRENCY: Franc Congolais,lin
travel,exchange_rate,How much will 1 $ pay in advance?,"0:3:SL:MONEY,20:26:SL:CURRENCY",[IN:exchange_rate [SL:MONEY 1 $] [SL:CURRENCY kwanza] ],MONEY: 1 $ $$ CURRENCY: kwanza,lin
travel,exchange_rate,How much will 1 € be worth in Congolese Franc?,"0:3:SL:MONEY,20:35:SL:CURRENCY",[IN:exchange_rate [SL:MONEY 1 €] [SL:CURRENCY Franc Congolais] ],MONEY: 1 € $$ CURRENCY: Franc Congolais,lin
travel,exchange_rate,"How much is 50,000 Congolese francs in euros?","0:21:SL:MONEY,36:41:SL:CURRENCY",[IN:exchange_rate [SL:MONEY 50000 Franc Congolais] [SL:CURRENCY euros] ],MONEY: 50000 Franc Congolais $$ CURRENCY: euros,lin
travel,exchange_rate,How much does 1 dollar change to Congolese Franc?,"12:20:SL:MONEY,36:51:SL:CURRENCY",[IN:exchange_rate [SL:MONEY 1 dollar] [SL:CURRENCY Franc Congolais] ],MONEY: 1 dollar $$ CURRENCY: Franc Congolais,lin
travel,exchange_rate,I have to change 1000 dollars to FCFA ,"8:20:SL:MONEY,24:28:SL:CURRENCY",[IN:exchange_rate [SL:MONEY 1000 dollars] [SL:CURRENCY FCFA] ],MONEY: 1000 dollars $$ CURRENCY: FCFA,lin
travel,exchange_rate,convert 2 million Congolese francs into dollars ,"8:37:SL:MONEY,41:48:SL:CURRENCY",[IN:exchange_rate [SL:MONEY 2 millions ya Franc Congolais] [SL:CURRENCY dollars] ],MONEY: 2 millions ya Franc Congolais $$ CURRENCY: dollars,lin
travel,exchange_rate,how much do they exchange dollars for in Zambia?,"3:9:SL:COUNTRY,25:31:SL:CURRENCY",[IN:exchange_rate [SL:COUNTRY Zambie] [SL:CURRENCY dollar] ],COUNTRY: Zambie $$ CURRENCY: dollar,lin
travel,exchange_rate,buy 10 $ from FC ,"11:15:SL:MONEY,19:21:SL:CURRENCY",[IN:exchange_rate [SL:MONEY 10 $] [SL:CURRENCY FC] ],MONEY: 10 $ $$ CURRENCY: FC,lin
travel,international_visa,Do they require visas to enter Ethiopia?,26:34:SL:COUNTRY,[IN:international_visa [SL:COUNTRY Ethiopie] ],COUNTRY: Ethiopie,lin
travel,international_visa,Do they apply for visas in Kikwit?,26:32:SL:CITY_OR_PROVINCE,[IN:international_visa [SL:CITY_OR_PROVINCE Kikwit] ],CITY_OR_PROVINCE: Kikwit,lin
travel,international_visa,Do they apply for visas in Tshikapa?,26:34:SL:CITY_OR_PROVINCE,[IN:international_visa [SL:CITY_OR_PROVINCE Tshikapa] ],CITY_OR_PROVINCE: Tshikapa,lin
travel,international_visa,What is required for a visa to enter Australia?,33:42:SL:COUNTRY,[IN:international_visa [SL:COUNTRY Australie] ],COUNTRY: Australie,lin
travel,international_visa,What visa is required to enter Senegal?,38:45:SL:COUNTRY,[IN:international_visa [SL:COUNTRY Sénégal] ],COUNTRY: Sénégal,lin
travel,international_visa,Do I need a visa to visit Mali?,14:18:SL:COUNTRY,[IN:international_visa [SL:COUNTRY Mali] ],COUNTRY: Mali,lin
travel,international_visa,"In Benin, what kind of visa is required?",9:14:SL:COUNTRY,[IN:international_visa [SL:COUNTRY bénin] ],COUNTRY: bénin,lin
travel,international_visa,In Western countries what is the visa requirement?,,[IN:international_visa ],,lin
travel,international_visa,Can you show me the list of Liberian visas?,38:45:SL:COUNTRY,[IN:international_visa [SL:COUNTRY Liberia] ],COUNTRY: Liberia,lin
travel,international_visa,Please tell me if Congolese people need a visa to enter Zimbabwe?,58:66:SL:COUNTRY,[IN:international_visa [SL:COUNTRY Zimbabwe] ],COUNTRY: Zimbabwe,lin
travel,international_visa,Please tell me if I need a visa for Congo Brazzaville?,43:60:SL:COUNTRY,[IN:international_visa [SL:COUNTRY Congo Brazzaville] ],COUNTRY: Congo Brazzaville,lin
travel,international_visa,Look at me What should Gabon choose?,42:47:SL:COUNTRY,[IN:international_visa [SL:COUNTRY Gabon] ],COUNTRY: Gabon,lin
travel,international_visa,What visa is required to enter South Africa?,38:52:SL:COUNTRY,[IN:international_visa [SL:COUNTRY Afrique du sud] ],COUNTRY: Afrique du sud,lin
travel,international_visa,What visa is required to visit Malawi?,38:44:SL:COUNTRY,[IN:international_visa [SL:COUNTRY Malawi] ],COUNTRY: Malawi,lin
travel,international_visa,Tell me if they apply for a visa in Zambia?,41:47:SL:COUNTRY,[IN:international_visa [SL:COUNTRY Zambie] ],COUNTRY: Zambie,lin
travel,international_visa,Please tell me if I need a visa to enter Togo,50:54:SL:COUNTRY,[IN:international_visa [SL:COUNTRY Togo] ],COUNTRY: Togo,lin
travel,international_visa,Do foreigners need a visa?,,[IN:international_visa ],,lin
travel,international_visa,Do they apply for visas in the city?,27:40:SL:CITY_OR_PROVINCE,[IN:international_visa [SL:CITY_OR_PROVINCE mbanza ngungu] ],CITY_OR_PROVINCE: mbanza ngungu,lin
travel,international_visa,Do they require a visa in Burkina Faso?,25:37:SL:COUNTRY,[IN:international_visa [SL:COUNTRY Burkina faso] ],COUNTRY: Burkina faso,lin
travel,international_visa,Do they apply for visas in Israel?,28:34:SL:COUNTRY,[IN:international_visa [SL:COUNTRY Israël] ],COUNTRY: Israël,lin
travel,international_visa,Do I need a visa to enter New Zealand?,49:65:SL:COUNTRY,[IN:international_visa [SL:COUNTRY Nouvelle Zélande] ],COUNTRY: Nouvelle Zélande,lin
travel,international_visa,Do I need a visa to visit Egypt?,45:51:SL:COUNTRY,[IN:international_visa [SL:COUNTRY Égypte] ],COUNTRY: Égypte,lin
travel,international_visa,What is the visa for the city Mwene Cloud?,32:42:SL:CITY_OR_PROVINCE,[IN:international_visa [SL:CITY_OR_PROVINCE Mwene ditu] ],CITY_OR_PROVINCE: Mwene ditu,lin
travel,international_visa,What visa is required to travel to Congo?,39:44:SL:COUNTRY,[IN:international_visa [SL:COUNTRY Congo] ],COUNTRY: Congo,lin
travel,international_visa,What visa is required to enter the UK?,45:55:SL:COUNTRY,[IN:international_visa [SL:COUNTRY Angleterre] ],COUNTRY: Angleterre,lin
travel,international_visa,What visa is required to visit France?,42:48:SL:COUNTRY,[IN:international_visa [SL:COUNTRY France] ],COUNTRY: France,lin
travel,international_visa,Do I need a visa to enter Finland?,40:48:SL:COUNTRY,[IN:international_visa [SL:COUNTRY Finlande] ],COUNTRY: Finlande,lin
travel,international_visa,Do I need a visa to visit The Gambia?,33:39:SL:COUNTRY,[IN:international_visa [SL:COUNTRY Gambie] ],COUNTRY: Gambie,lin
travel,international_visa,Do I need a visa to enter Ghana?,14:19:SL:COUNTRY,[IN:international_visa [SL:COUNTRY Ghana] ],COUNTRY: Ghana,lin
travel,international_visa,Do I need a visa to enter Niger?,14:19:SL:COUNTRY,[IN:international_visa [SL:COUNTRY Niger] ],COUNTRY: Niger,lin
travel,international_visa,What visa is required to enter Sweden?,18:23:SL:COUNTRY,[IN:international_visa [SL:COUNTRY Suede] ],COUNTRY: Suede,lin
travel,international_visa,Do I need a visa to visit Tunisia?,15:22:SL:COUNTRY,[IN:international_visa [SL:COUNTRY Tunisie] ],COUNTRY: Tunisie,lin
travel,international_visa,Show me the map of the land of the dead?,,[IN:international_visa ],,lin
travel,international_visa,Show me a picture What do they ask for in the tropics?,,[IN:international_visa ],,lin
travel,international_visa,show me What kind of visa is used to visit Turkey?,53:60:SL:COUNTRY,[IN:international_visa [SL:COUNTRY Turquie] ],COUNTRY: Turquie,lin
travel,international_visa,Show me a picture What should the Congo be?,42:47:SL:COUNTRY,[IN:international_visa [SL:COUNTRY Congo] ],COUNTRY: Congo,lin
travel,international_visa,"In Mbandaka, do they require a visa?",11:19:SL:CITY_OR_PROVINCE,[IN:international_visa [SL:CITY_OR_PROVINCE Mbandaka] ],CITY_OR_PROVINCE: Mbandaka,lin
travel,international_visa,"In Cape Verde, do they require a visa?",9:17:SL:COUNTRY,[IN:international_visa [SL:COUNTRY Cap vert] ],COUNTRY: Cap vert,lin
travel,international_visa,What is the Visa Requirement in Côte d'Ivoire?,9:22:SL:COUNTRY,[IN:international_visa [SL:COUNTRY Cote d'ivoire] ],COUNTRY: Cote d'ivoire,lin
travel,international_visa,Do I need a visa to enter Ukraine?,9:16:SL:COUNTRY,[IN:international_visa [SL:COUNTRY Ukraine] ],COUNTRY: Ukraine,lin
travel,international_visa,"In the Argentine territories, does one need a visa to enter?",13:22:SL:COUNTRY,[IN:international_visa [SL:COUNTRY Argentine] ],COUNTRY: Argentine,lin
travel,international_visa,Do you need a visa to enter Cyprus?,13:19:SL:COUNTRY,[IN:international_visa [SL:COUNTRY chypre] ],COUNTRY: chypre,lin
travel,international_visa,Do they require a visa to enter Denmark?,13:21:SL:COUNTRY,[IN:international_visa [SL:COUNTRY Danemark] ],COUNTRY: Danemark,lin
travel,international_visa,Do I need a visa to enter Peru?,13:18:SL:COUNTRY,[IN:international_visa [SL:COUNTRY Pérou] ],COUNTRY: Pérou,lin
travel,international_visa,"In the West, do they require a visa?",,[IN:international_visa ],,lin
travel,international_visa,Will I need a visa to visit Norway?,47:54:SL:COUNTRY,[IN:international_visa [SL:COUNTRY Norvège] ],COUNTRY: Norvège,lin
travel,international_visa,"I want to visit Angola, do I need a visa to enter?",22:28:SL:COUNTRY,[IN:international_visa [SL:COUNTRY Angola] ],COUNTRY: Angola,lin
travel,international_visa,Can you give me a list of visas required in Burundi?,47:54:SL:COUNTRY,[IN:international_visa [SL:COUNTRY Burundi] ],COUNTRY: Burundi,lin
travel,international_visa,Can I have a list of visas for Madagascar?,36:46:SL:COUNTRY,[IN:international_visa [SL:COUNTRY Madagascar] ],COUNTRY: Madagascar,lin
travel,international_visa,Do you need a visa to enter Congo?,19:24:SL:COUNTRY,[IN:international_visa [SL:COUNTRY Congo] ],COUNTRY: Congo,lin
travel,international_visa,Do you need a visa to enter Mauritania?,19:29:SL:COUNTRY,[IN:international_visa [SL:COUNTRY Mauritanie] ],COUNTRY: Mauritanie,lin
travel,international_visa,"If I want to visit Morocco, do I need a visa?",32:37:SL:COUNTRY,[IN:international_visa [SL:COUNTRY Maroc] ],COUNTRY: Maroc,lin
travel,international_visa,Look at me What do they get in visas in the West?,,[IN:international_visa ],,lin
travel,international_visa,"Look at me in Rwanda, do they require a visa?",21:27:SL:COUNTRY,[IN:international_visa [SL:COUNTRY Rwanda] ],COUNTRY: Rwanda,lin
travel,international_visa,Check if they apply for a visa in Guinea?,42:48:SL:COUNTRY,[IN:international_visa [SL:COUNTRY Guinée] ],COUNTRY: Guinée,lin
travel,international_visa,Please tell me if they get visas in Libya?,39:44:SL:COUNTRY,[IN:international_visa [SL:COUNTRY Libye] ],COUNTRY: Libye,lin
travel,international_visa,Please tell me if I need a visa to see the West?,,[IN:international_visa ],,lin
travel,international_visa,Check if in Morocco they require a visa?,26:31:SL:COUNTRY,[IN:international_visa [SL:COUNTRY Maroc] ],COUNTRY: Maroc,lin
travel,international_visa,Please tell me What kind of visa is required in Armenia?,45:52:SL:COUNTRY,[IN:international_visa [SL:COUNTRY Arménie] ],COUNTRY: Arménie,lin
travel,international_visa,What visa is required in the United States?,44:55:SL:COUNTRY,[IN:international_visa [SL:COUNTRY États -unis] ],COUNTRY: États -unis,lin
travel,international_visa,Can I see a picture of that country?,,[IN:international_visa ],,lin
travel,international_visa,What visa is required to enter foreign countries?,,[IN:international_visa ],,lin
travel,international_visa,"Tell me, what should Nigeria be?",43:50:SL:COUNTRY,[IN:international_visa [SL:COUNTRY Nigeria] ],COUNTRY: Nigeria,lin
travel,international_visa,"Tell me this year, what is the visa for Spain?","15:23:SL:DATE,56:63:SL:COUNTRY",[IN:international_visa [SL:DATE mobu eye] [SL:COUNTRY Espagne] ],DATE: mobu eye $$ COUNTRY: Espagne,lin
travel,international_visa,Tell me if they require a visa in Italy?,46:52:SL:COUNTRY,[IN:international_visa [SL:COUNTRY italie] ],COUNTRY: italie,lin
travel,international_visa,Tell me if I need a visa to enter the city of Mbuyi Mayi?,52:62:SL:CITY_OR_PROVINCE,[IN:international_visa [SL:CITY_OR_PROVINCE Mbuyi Mayi] ],CITY_OR_PROVINCE: Mbuyi Mayi,lin
travel,international_visa,Tell me if I need a visa to leave the country?,,[IN:international_visa ],,lin
travel,international_visa,Tell me if in Congo they get a visa What kind of visa?,26:31:SL:COUNTRY,[IN:international_visa [SL:COUNTRY Congo] ],COUNTRY: Congo,lin
travel,international_visa,Tell me if I need a visa to enter Belgium?,51:59:SL:COUNTRY,[IN:international_visa [SL:COUNTRY Belgique] ],COUNTRY: Belgique,lin
travel,international_visa,Tell me What visa is required to visit Tanzania?,50:58:SL:COUNTRY,[IN:international_visa [SL:COUNTRY Tanzanie] ],COUNTRY: Tanzanie,lin
travel,international_visa,Tell me What visa is required for Uganda?,42:49:SL:COUNTRY,[IN:international_visa [SL:COUNTRY Ouganda] ],COUNTRY: Ouganda,lin
travel,international_visa,Tell me What visa should I get to go to Kenya?,39:44:SL:COUNTRY,[IN:international_visa [SL:COUNTRY kenya] ],COUNTRY: kenya,lin
travel,international_visa,Do they require visas?,,[IN:international_visa ],,lin
travel,international_visa,Should Zara take a picture in this country?,,[IN:international_visa ],,lin
travel,international_visa,Do I need a visa to enter this country?,,[IN:international_visa ],,lin
travel,international_visa,What is the vision for seeing the city of fear?,40:44:SL:CITY_OR_PROVINCE,[IN:international_visa [SL:CITY_OR_PROVINCE boma] ],CITY_OR_PROVINCE: boma,lin
travel,international_visa,show me which country should I choose for Cameroon?,46:54:SL:COUNTRY,[IN:international_visa [SL:COUNTRY Cameroun] ],COUNTRY: Cameroun,lin
travel,international_visa,Do they require a visa in that country?,,[IN:international_visa ],,lin
travel,international_visa,What do I need to see in the country?,,[IN:international_visa ],,lin
travel,international_visa,"Tell me, do I need a visa to see Lubumbashi?",47:57:SL:CITY_OR_PROVINCE,[IN:international_visa [SL:CITY_OR_PROVINCE Lubumbashi] ],CITY_OR_PROVINCE: Lubumbashi,lin
travel,plug_type,are Caribbean prizes expensive?,,[IN:plug_type ],,lin
travel,plug_type,Do Congolese prisons have enough electricity?,12:17:SL:COUNTRY,[IN:plug_type [SL:COUNTRY Congo] ],COUNTRY: Congo,lin
travel,plug_type,are French prizes more expensive than Guinea ones?,"12:18:SL:COUNTRY,45:51:SL:COUNTRY",[IN:plug_type [SL:COUNTRY France] [SL:COUNTRY Guinée] ],COUNTRY: France $$ COUNTRY: Guinée,lin
travel,plug_type,how do they exchange prizes in Namibia?,36:43:SL:COUNTRY,[IN:plug_type [SL:COUNTRY Namibie] ],COUNTRY: Namibie,lin
travel,plug_type,What kind of prizes do you use in Lisala?,39:45:SL:CITY_OR_PROVINCE,[IN:plug_type [SL:CITY_OR_PROVINCE Lisala] ],CITY_OR_PROVINCE: Lisala,lin
travel,plug_type,what kind of prizes are used in Pullman Hotel?,3:16:SL:HOTEL_NAME,[IN:plug_type [SL:HOTEL_NAME Pullman hôtel] ],HOTEL_NAME: Pullman hôtel,lin
travel,plug_type,can I trade my prize for Muanda?,37:43:SL:CITY_OR_PROVINCE,[IN:plug_type [SL:CITY_OR_PROVINCE Muanda] ],CITY_OR_PROVINCE: Muanda,lin
travel,plug_type,can I buy prizes in Switzerland?,32:38:SL:COUNTRY,[IN:plug_type [SL:COUNTRY Suisse] ],COUNTRY: Suisse,lin
travel,plug_type,will I be able to buy my prize if I go to Belgium?,44:52:SL:COUNTRY,[IN:plug_type [SL:COUNTRY Belgique] ],COUNTRY: Belgique,lin
travel,plug_type,is the price of England the same as that of Congo?,"9:19:SL:COUNTRY,38:43:SL:COUNTRY",[IN:plug_type [SL:COUNTRY Angleterre] [SL:COUNTRY Congo] ],COUNTRY: Angleterre $$ COUNTRY: Congo,lin
travel,plug_type,Should I trade the Chinese price for the Tanzanian price?,"9:14:SL:COUNTRY,39:47:SL:COUNTRY",[IN:plug_type [SL:COUNTRY Chine] [SL:COUNTRY Tanzanie] ],COUNTRY: Chine $$ COUNTRY: Tanzanie,lin
travel,plug_type,is the price of French is more expensive than that of Togo?,"9:15:SL:COUNTRY,49:53:SL:COUNTRY",[IN:plug_type [SL:COUNTRY France] [SL:COUNTRY Togo] ],COUNTRY: France $$ COUNTRY: Togo,lin
travel,plug_type,are Japanese and Chinese prices the same?,"9:14:SL:COUNTRY,25:30:SL:COUNTRY",[IN:plug_type [SL:COUNTRY Japon] [SL:COUNTRY Chine] ],COUNTRY: Japon $$ COUNTRY: Chine,lin
travel,plug_type,is the price in Kenya the same as in Burkina Faso?,"9:14:SL:COUNTRY,43:55:SL:COUNTRY",[IN:plug_type [SL:COUNTRY Kenya] [SL:COUNTRY Burkina Faso] ],COUNTRY: Kenya $$ COUNTRY: Burkina Faso,lin
travel,plug_type,What kind of prizes do you use in Mbandaka?,36:44:SL:CITY_OR_PROVINCE,[IN:plug_type [SL:CITY_OR_PROVINCE Mbandaka] ],CITY_OR_PROVINCE: Mbandaka,lin
travel,plug_type,is the price of Madrid the same as that of Gemena?,"9:15:SL:CITY_OR_PROVINCE,34:40:SL:CITY_OR_PROVINCE",[IN:plug_type [SL:CITY_OR_PROVINCE Madrid] [SL:CITY_OR_PROVINCE Gemena] ],CITY_OR_PROVINCE: Madrid $$ CITY_OR_PROVINCE: Gemena,lin
travel,plug_type,are the prizes for Fear the same as for Black?,"12:16:SL:CITY_OR_PROVINCE,35:43:SL:CITY_OR_PROVINCE",[IN:plug_type [SL:CITY_OR_PROVINCE Boma] [SL:CITY_OR_PROVINCE Bandundu] ],CITY_OR_PROVINCE: Boma $$ CITY_OR_PROVINCE: Bandundu,lin
travel,plug_type,are the Congolese prizes the same as your country's prizes?,12:17:SL:COUNTRY,[IN:plug_type [SL:COUNTRY Congo] ],COUNTRY: Congo,lin
travel,plug_type,are the prices in Cuba the same as in Congo?,"12:16:SL:COUNTRY,35:40:SL:COUNTRY",[IN:plug_type [SL:COUNTRY Cuba] [SL:COUNTRY Congo] ],COUNTRY: Cuba $$ COUNTRY: Congo,lin
travel,plug_type,what kind of prizes do you use?,,[IN:plug_type ],,lin
travel,plug_type,how do they exchange prizes in Egypt?,33:39:SL:COUNTRY,[IN:plug_type [SL:COUNTRY Egypte] ],COUNTRY: Egypte,lin
travel,plug_type,what price do the guards use?,,[IN:plug_type ],,lin
travel,plug_type,what kind of prizes are used?,,[IN:plug_type ],,lin
travel,plug_type,where will you buy the prizes?,,[IN:plug_type ],,lin
travel,plug_type,Do you use currency converters in Ghana?,40:45:SL:COUNTRY,[IN:plug_type [SL:COUNTRY Ghana] ],COUNTRY: Ghana,lin
travel,plug_type,show me the pricing model you use in Angola ,42:48:SL:COUNTRY,[IN:plug_type [SL:COUNTRY Angola] ],COUNTRY: Angola,lin
travel,plug_type,show me the model of the Nigerian prize ,31:38:SL:COUNTRY,[IN:plug_type [SL:COUNTRY Nigeria] ],COUNTRY: Nigeria,lin
travel,plug_type,show me the prizes you use in Gambia ,32:38:SL:COUNTRY,[IN:plug_type [SL:COUNTRY Gambie] ],COUNTRY: Gambie,lin
travel,plug_type,why is my battery not working?,,[IN:plug_type ],,lin
travel,plug_type,What kind of prizes do you use in Bangui?,3:9:SL:CITY_OR_PROVINCE,[IN:plug_type [SL:CITY_OR_PROVINCE Bangui] ],CITY_OR_PROVINCE: Bangui,lin
travel,plug_type,in Chile do they use the same prism as in Gabon?,"3:8:SL:COUNTRY,41:46:SL:COUNTRY",[IN:plug_type [SL:COUNTRY Chili] [SL:COUNTRY Gabon] ],COUNTRY: Chili $$ COUNTRY: Gabon,lin
travel,plug_type,what kind of prizes are used in Greece?,3:8:SL:COUNTRY,[IN:plug_type [SL:COUNTRY Grèce] ],COUNTRY: Grèce,lin
travel,plug_type,What kind of prizes do you use in Kisangani?,3:12:SL:CITY_OR_PROVINCE,[IN:plug_type [SL:CITY_OR_PROVINCE Kisangani] ],CITY_OR_PROVINCE: Kisangani,lin
travel,plug_type,what kind of prizes are used on a ship?,,[IN:plug_type ],,lin
travel,plug_type,what kind of prizes do you use in this country?,,[IN:plug_type ],,lin
travel,plug_type,what kind of prizes are used in Rwanda?,3:9:SL:COUNTRY,[IN:plug_type [SL:COUNTRY Rwanda] ],COUNTRY: Rwanda,lin
travel,plug_type,what kind of prizes are used in Sudan?,3:9:SL:COUNTRY,[IN:plug_type [SL:COUNTRY Soudan] ],COUNTRY: Soudan,lin
travel,plug_type,How can I get my prize in Mbandaka?,33:41:SL:CITY_OR_PROVINCE,[IN:plug_type [SL:CITY_OR_PROVINCE Mbandaka] ],CITY_OR_PROVINCE: Mbandaka,lin
travel,plug_type,What will the price be if I go to Goma?,37:41:SL:CITY_OR_PROVINCE,[IN:plug_type [SL:CITY_OR_PROVINCE Goma] ],CITY_OR_PROVINCE: Goma,lin
travel,plug_type,how can I change my price?,,[IN:plug_type ],,lin
travel,plug_type,will my price change if I go to Bukavu?,41:47:SL:CITY_OR_PROVINCE,[IN:plug_type [SL:CITY_OR_PROVINCE Bukavu] ],CITY_OR_PROVINCE: Bukavu,lin
travel,plug_type,can I charge my phone at all prices?,17:26:SL:SHOPPING_ITEM,[IN:plug_type [SL:SHOPPING_ITEM téléphone] ],SHOPPING_ITEM: téléphone,lin
travel,plug_type,will I get another prize if I go to Zambia?,37:43:SL:COUNTRY,[IN:plug_type [SL:COUNTRY Zambie] ],COUNTRY: Zambie,lin
travel,plug_type,will I use another ticket if I go to Brazzaville?,39:50:SL:CITY_OR_PROVINCE,[IN:plug_type [SL:CITY_OR_PROVINCE Brazzaville] ],CITY_OR_PROVINCE: Brazzaville,lin
travel,plug_type,What prize should I use in Mali?,25:29:SL:COUNTRY,[IN:plug_type [SL:COUNTRY Mali] ],COUNTRY: Mali,lin
travel,plug_type,where can I buy a new one?,,[IN:plug_type ],,lin
travel,plug_type,should I change the price in Congo?,29:34:SL:COUNTRY,[IN:plug_type [SL:COUNTRY Congo] ],COUNTRY: Congo,lin
travel,plug_type,should I change my price in Malawi?,37:43:SL:COUNTRY,[IN:plug_type [SL:COUNTRY Malawi] ],COUNTRY: Malawi,lin
travel,plug_type,should I buy more prizes?,,[IN:plug_type ],,lin
travel,plug_type,do I need to buy another ticket if I'm going on a trip?,,[IN:plug_type ],,lin
travel,plug_type,is the pricing used in Spain different from that in Sudan?,"20:27:SL:COUNTRY,46:52:SL:COUNTRY",[IN:plug_type [SL:COUNTRY Espagne] [SL:COUNTRY Soudan] ],COUNTRY: Espagne $$ COUNTRY: Soudan,lin
travel,plug_type,Will I change my Congolese visa if I go to France?,"17:22:SL:COUNTRY,50:56:SL:COUNTRY",[IN:plug_type [SL:COUNTRY Congo] [SL:COUNTRY France] ],COUNTRY: Congo $$ COUNTRY: France,lin
travel,plug_type,What prize should I use in Cameroon?,25:33:SL:COUNTRY,[IN:plug_type [SL:COUNTRY Cameroun] ],COUNTRY: Cameroun,lin
travel,plug_type,is the price in Belgium different from that in France?,"9:17:SL:COUNTRY,36:42:SL:COUNTRY",[IN:plug_type [SL:COUNTRY Belgique] [SL:COUNTRY France] ],COUNTRY: Belgique $$ COUNTRY: France,lin
travel,plug_type,is the price of China the same as that of Gabon?,"9:14:SL:COUNTRY,33:38:SL:COUNTRY",[IN:plug_type [SL:COUNTRY Chine] [SL:COUNTRY Gabon] ],COUNTRY: Chine $$ COUNTRY: Gabon,lin
travel,plug_type,is the Congolese price the same as the Cameroonian?,"9:14:SL:COUNTRY,43:51:SL:COUNTRY",[IN:plug_type [SL:COUNTRY Congo] [SL:COUNTRY Cameroun] ],COUNTRY: Congo $$ COUNTRY: Cameroun,lin
travel,plug_type,is the Doha Prize the same as the Bunia Prize?,"9:13:SL:CITY_OR_PROVINCE,32:37:SL:CITY_OR_PROVINCE",[IN:plug_type [SL:CITY_OR_PROVINCE Doha] [SL:CITY_OR_PROVINCE Bunia] ],CITY_OR_PROVINCE: Doha $$ CITY_OR_PROVINCE: Bunia,lin
travel,plug_type,is the price in Dubai the same as in Kinshasa?,"9:14:SL:CITY_OR_PROVINCE,33:41:SL:CITY_OR_PROVINCE",[IN:plug_type [SL:CITY_OR_PROVINCE Dubaï] [SL:CITY_OR_PROVINCE Kinshasa] ],CITY_OR_PROVINCE: Dubaï $$ CITY_OR_PROVINCE: Kinshasa,lin
travel,plug_type,is the price of Spain the same as that of Belgium?,"9:16:SL:COUNTRY,35:43:SL:COUNTRY",[IN:plug_type [SL:COUNTRY Espagne] [SL:COUNTRY Belgique] ],COUNTRY: Espagne $$ COUNTRY: Belgique,lin
travel,plug_type,is the price of Spain the same as that of Congo?,"9:16:SL:COUNTRY,35:40:SL:COUNTRY",[IN:plug_type [SL:COUNTRY Espagne] [SL:COUNTRY Congo] ],COUNTRY: Espagne $$ COUNTRY: Congo,lin
travel,plug_type,is the Ethiopian price the same as the German price?,"9:17:SL:COUNTRY,46:55:SL:COUNTRY",[IN:plug_type [SL:COUNTRY Ethiopie] [SL:COUNTRY Allemagne] ],COUNTRY: Ethiopie $$ COUNTRY: Allemagne,lin
travel,plug_type,is the price of France the same as that of Zimbabwe?,"9:15:SL:COUNTRY,34:42:SL:COUNTRY",[IN:plug_type [SL:COUNTRY France] [SL:COUNTRY Zimbabwe] ],COUNTRY: France $$ COUNTRY: Zimbabwe,lin
travel,plug_type,is the price of Havana the same as that of Kisangani?,"9:15:SL:CITY_OR_PROVINCE,34:43:SL:CITY_OR_PROVINCE",[IN:plug_type [SL:CITY_OR_PROVINCE havane] [SL:CITY_OR_PROVINCE Kisangani] ],CITY_OR_PROVINCE: havane $$ CITY_OR_PROVINCE: Kisangani,lin
travel,plug_type,is the price in Kenya the same as in Tanzania?,"9:14:SL:COUNTRY,43:51:SL:COUNTRY",[IN:plug_type [SL:COUNTRY Kenya] [SL:COUNTRY Tanzanie] ],COUNTRY: Kenya $$ COUNTRY: Tanzanie,lin
travel,plug_type,is the price of Kinshasa the same as that of Goma?,"9:17:SL:CITY_OR_PROVINCE,36:40:SL:CITY_OR_PROVINCE",[IN:plug_type [SL:CITY_OR_PROVINCE Kinshasa] [SL:CITY_OR_PROVINCE Goma] ],CITY_OR_PROVINCE: Kinshasa $$ CITY_OR_PROVINCE: Goma,lin
travel,plug_type,Is the price of Likasi different from that of Lubumbashi?,"9:15:SL:CITY_OR_PROVINCE,34:44:SL:CITY_OR_PROVINCE",[IN:plug_type [SL:CITY_OR_PROVINCE Likasi] [SL:CITY_OR_PROVINCE Lubumbashi] ],CITY_OR_PROVINCE: Likasi $$ CITY_OR_PROVINCE: Lubumbashi,lin
travel,plug_type,is the Lubumbashi price the same as the Kinshasa price?,"9:19:SL:CITY_OR_PROVINCE,48:56:SL:CITY_OR_PROVINCE",[IN:plug_type [SL:CITY_OR_PROVINCE Lubumbashi] [SL:CITY_OR_PROVINCE Kinshasa] ],CITY_OR_PROVINCE: Lubumbashi $$ CITY_OR_PROVINCE: Kinshasa,lin
travel,plug_type,is the price of Matadi and Kolwezi the same?,"9:15:SL:CITY_OR_PROVINCE,26:33:SL:CITY_OR_PROVINCE",[IN:plug_type [SL:CITY_OR_PROVINCE Matadi] [SL:CITY_OR_PROVINCE Kolwezi] ],CITY_OR_PROVINCE: Matadi $$ CITY_OR_PROVINCE: Kolwezi,lin
travel,plug_type,is the Russian price the same as the Japanese?,33:38:SL:COUNTRY,[IN:plug_type [SL:COUNTRY Japon] ],COUNTRY: Japon,lin
travel,plug_type,is the Russian price the same as the Congolese price?,43:48:SL:COUNTRY,[IN:plug_type [SL:COUNTRY Congo] ],COUNTRY: Congo,lin
travel,plug_type,is the price of Senegal different from that of Burundi?,"9:16:SL:COUNTRY,45:52:SL:COUNTRY",[IN:plug_type [SL:COUNTRY Sénégal] [SL:COUNTRY Burundi] ],COUNTRY: Sénégal $$ COUNTRY: Burundi,lin
travel,plug_type,what kind of prize should we use?,,[IN:plug_type ],,lin
travel,plug_type,what are the British prizes like?,12:22:SL:COUNTRY,[IN:plug_type [SL:COUNTRY Angleterre] ],COUNTRY: Angleterre,lin
travel,plug_type,are Australian prices the same as US prices?,"12:21:SL:COUNTRY,50:60:SL:COUNTRY",[IN:plug_type [SL:COUNTRY Australie] [SL:COUNTRY États-Unis] ],COUNTRY: Australie $$ COUNTRY: États-Unis,lin
travel,plug_type,are the prices in Denmark the same as in Kalemi?,"12:20:SL:COUNTRY,39:45:SL:CITY_OR_PROVINCE",[IN:plug_type [SL:COUNTRY Danemark] [SL:CITY_OR_PROVINCE Kalemi] ],COUNTRY: Danemark $$ CITY_OR_PROVINCE: Kalemi,lin
travel,plug_type,are the prices in Guinea different from those in Côte d'Ivoire?,"12:18:SL:COUNTRY,37:50:SL:COUNTRY",[IN:plug_type [SL:COUNTRY Guinée] [SL:COUNTRY Côte d'Ivoire] ],COUNTRY: Guinée $$ COUNTRY: Côte d'Ivoire,lin
travel,plug_type,what kind of beer is used in the brewery?,12:19:SL:DISH_OR_FOOD,[IN:plug_type [SL:DISH_OR_FOOD masanga] ],DISH_OR_FOOD: masanga,lin
travel,plug_type,can I trade my prize?,,[IN:plug_type ],,lin
travel,plug_type,do I need to change the charger to use the freezer?,,[IN:plug_type ],,lin
travel,plug_type,is the Paris Prize different from the Butembo Prize?,"9:14:SL:CITY_OR_PROVINCE,33:40:SL:CITY_OR_PROVINCE",[IN:plug_type [SL:CITY_OR_PROVINCE Paris] [SL:CITY_OR_PROVINCE Butembo] ],CITY_OR_PROVINCE: Paris $$ CITY_OR_PROVINCE: Butembo,lin
travel,timezone,Please time zone of L.A.,26:29:SL:CITY_OR_PROVINCE,[IN:timezone [SL:CITY_OR_PROVINCE L.A] ],CITY_OR_PROVINCE: L.A,lin
travel,timezone,Please time zone L.A.,27:30:SL:CITY_OR_PROVINCE,[IN:timezone [SL:CITY_OR_PROVINCE L.A] ],CITY_OR_PROVINCE: L.A,lin
travel,timezone,What time zone do the English have?,,[IN:timezone ],,lin
travel,timezone,Does Bukavu have a Mountain Zone time?,0:6:SL:CITY_OR_PROVINCE,[IN:timezone [SL:CITY_OR_PROVINCE Bukavu] ],CITY_OR_PROVINCE: Bukavu,lin
travel,timezone,What time zone are the British in?,,[IN:timezone ],,lin
travel,timezone,What is the time zone?,17:20:SL:CITY_OR_PROVINCE,[IN:timezone [SL:CITY_OR_PROVINCE kin] ],CITY_OR_PROVINCE: kin,lin
travel,timezone,What is the time zone of the Union?,17:26:SL:CITY_OR_PROVINCE,[IN:timezone [SL:CITY_OR_PROVINCE Kisangani] ],CITY_OR_PROVINCE: Kisangani,lin
travel,timezone,What is the time zone of the moon?,17:22:SL:CITY_OR_PROVINCE,[IN:timezone [SL:CITY_OR_PROVINCE lushi] ],CITY_OR_PROVINCE: lushi,lin
travel,timezone,What is the time zone of Maluku?,17:23:SL:PLACE_NAME,[IN:timezone [SL:PLACE_NAME Maluku] ],PLACE_NAME: Maluku,lin
travel,timezone,What time is the Stone Age?,17:23:SL:CITY_OR_PROVINCE,[IN:timezone [SL:CITY_OR_PROVINCE Matadi] ],CITY_OR_PROVINCE: Matadi,lin
travel,timezone,What time zone do they use in the United States?,3:8:SL:PLACE_NAME,[IN:timezone [SL:PLACE_NAME lemba] ],PLACE_NAME: lemba,lin
travel,timezone,By his will the hours of the British Zone ,,[IN:timezone ],,lin
travel,timezone,I want to know the time zone of the British ,,[IN:timezone ],,lin
travel,timezone,can you tell me the time of day in the Goma Zone?,37:41:SL:CITY_OR_PROVINCE,[IN:timezone [SL:CITY_OR_PROVINCE goma] ],CITY_OR_PROVINCE: goma,lin
travel,timezone,tell ME the time of the next zone,28:31:SL:CITY_OR_PROVINCE,[IN:timezone [SL:CITY_OR_PROVINCE kin] ],CITY_OR_PROVINCE: kin,lin
travel,timezone,tell ME the time of the lunar eclipse,28:33:SL:CITY_OR_PROVINCE,[IN:timezone [SL:CITY_OR_PROVINCE lushi] ],CITY_OR_PROVINCE: lushi,lin
travel,timezone,What time zone is England in?,0:10:SL:COUNTRY,[IN:timezone [SL:COUNTRY Angleterre] ],COUNTRY: Angleterre,lin
travel,timezone,What time zone is fear in?,0:4:SL:CITY_OR_PROVINCE,[IN:timezone [SL:CITY_OR_PROVINCE boma] ],CITY_OR_PROVINCE: boma,lin
travel,timezone,What time zone is Brazil in?,0:6:SL:COUNTRY,[IN:timezone [SL:COUNTRY Brazil] ],COUNTRY: Brazil,lin
travel,timezone,What time zone does Brazil have?,0:6:SL:COUNTRY,[IN:timezone [SL:COUNTRY Brésil] ],COUNTRY: Brésil,lin
travel,timezone,What time zone is Chicago in?,0:7:SL:CITY_OR_PROVINCE,[IN:timezone [SL:CITY_OR_PROVINCE Chicago] ],CITY_OR_PROVINCE: Chicago,lin
travel,timezone,What time zone is Detroit in?,0:7:SL:CITY_OR_PROVINCE,[IN:timezone [SL:CITY_OR_PROVINCE Detroit] ],CITY_OR_PROVINCE: Detroit,lin
travel,timezone,What time zone is Barça in now?,"19:24:SL:CITY_OR_PROVINCE,29:35:SL:TIME",[IN:timezone [SL:CITY_OR_PROVINCE Barça] [SL:TIME Sikoyo] ],CITY_OR_PROVINCE: Barça $$ TIME: Sikoyo,lin
travel,timezone,What time zone is Lisbon in?,19:27:SL:CITY_OR_PROVINCE,[IN:timezone [SL:CITY_OR_PROVINCE Lisbonne] ],CITY_OR_PROVINCE: Lisbonne,lin
travel,timezone,What time zone is Miami?,19:24:SL:CITY_OR_PROVINCE,[IN:timezone [SL:CITY_OR_PROVINCE Miami] ],CITY_OR_PROVINCE: Miami,lin
travel,timezone,What time zone is Nigeria in?,19:26:SL:COUNTRY,[IN:timezone [SL:COUNTRY Nigéria] ],COUNTRY: Nigéria,lin
travel,timezone,What is the time zone of the old town like?,17:22:SL:CITY_OR_PROVINCE,[IN:timezone [SL:CITY_OR_PROVINCE bunia] ],CITY_OR_PROVINCE: bunia,lin
travel,timezone,What is the London time zone?,17:24:SL:CITY_OR_PROVINCE,[IN:timezone [SL:CITY_OR_PROVINCE Londres] ],CITY_OR_PROVINCE: Londres,lin
travel,timezone,What city is the Miami time zone in?,17:22:SL:CITY_OR_PROVINCE,[IN:timezone [SL:CITY_OR_PROVINCE Miami] ],CITY_OR_PROVINCE: Miami,lin
travel,timezone,What is the time zone in Miami?,14:19:SL:CITY_OR_PROVINCE,[IN:timezone [SL:CITY_OR_PROVINCE Miami] ],CITY_OR_PROVINCE: Miami,lin
travel,timezone,What time zone is Ireland in?,0:7:SL:COUNTRY,[IN:timezone [SL:COUNTRY Irlande] ],COUNTRY: Irlande,lin
travel,timezone,What time zone is Jamaica in?,0:7:SL:COUNTRY,[IN:timezone [SL:COUNTRY Jamaica] ],COUNTRY: Jamaica,lin
travel,timezone,What time zone is the car in?,0:6:SL:CITY_OR_PROVINCE,[IN:timezone [SL:CITY_OR_PROVINCE kamina] ],CITY_OR_PROVINCE: kamina,lin
travel,timezone,What time zone is this?,0:3:SL:CITY_OR_PROVINCE,[IN:timezone [SL:CITY_OR_PROVINCE kin] ],CITY_OR_PROVINCE: kin,lin
travel,timezone,What time zone is Kolwezi in?,0:7:SL:CITY_OR_PROVINCE,[IN:timezone [SL:CITY_OR_PROVINCE Kolwezi] ],CITY_OR_PROVINCE: Kolwezi,lin
travel,timezone,L.A. is in what time zone?,0:3:SL:CITY_OR_PROVINCE,[IN:timezone [SL:CITY_OR_PROVINCE L.A] ],CITY_OR_PROVINCE: L.A,lin
travel,timezone,What time zone is the power station in?,0:6:SL:CITY_OR_PROVINCE,[IN:timezone [SL:CITY_OR_PROVINCE likasi] ],CITY_OR_PROVINCE: likasi,lin
travel,timezone,What time zone is London in?,0:7:SL:CITY_OR_PROVINCE,[IN:timezone [SL:CITY_OR_PROVINCE Londres] ],CITY_OR_PROVINCE: Londres,lin
travel,timezone,What time zone is Lubumbashi in?,0:10:SL:CITY_OR_PROVINCE,[IN:timezone [SL:CITY_OR_PROVINCE Lubumbashi] ],CITY_OR_PROVINCE: Lubumbashi,lin
travel,timezone,What time zone is the moon in?,0:5:SL:CITY_OR_PROVINCE,[IN:timezone [SL:CITY_OR_PROVINCE luiza] ],CITY_OR_PROVINCE: luiza,lin
travel,timezone,What time zone is the movie in?,0:7:SL:CITY_OR_PROVINCE,[IN:timezone [SL:CITY_OR_PROVINCE Maniema] ],CITY_OR_PROVINCE: Maniema,lin
travel,timezone,What time zone is Melbourne in?,0:9:SL:CITY_OR_PROVINCE,[IN:timezone [SL:CITY_OR_PROVINCE Melbourne] ],CITY_OR_PROVINCE: Melbourne,lin
travel,timezone,What time zone is Miami in?,0:5:SL:CITY_OR_PROVINCE,[IN:timezone [SL:CITY_OR_PROVINCE Miami] ],CITY_OR_PROVINCE: Miami,lin
travel,timezone,What Time Zone is Milan In?,0:5:SL:CITY_OR_PROVINCE,[IN:timezone [SL:CITY_OR_PROVINCE Milan] ],CITY_OR_PROVINCE: Milan,lin
travel,timezone,What time zone is the economy in?,22:28:SL:CITY_OR_PROVINCE,[IN:timezone [SL:CITY_OR_PROVINCE bukavu] ],CITY_OR_PROVINCE: bukavu,lin
travel,timezone,What time zone is Canada in?,22:28:SL:COUNTRY,[IN:timezone [SL:COUNTRY canada] ],COUNTRY: canada,lin
travel,timezone,What time zone is it?,22:26:SL:CITY_OR_PROVINCE,[IN:timezone [SL:CITY_OR_PROVINCE goma] ],CITY_OR_PROVINCE: goma,lin
travel,timezone,What time zone is the sanctuary?,22:29:SL:CITY_OR_PROVINCE,[IN:timezone [SL:CITY_OR_PROVINCE kisantu] ],CITY_OR_PROVINCE: kisantu,lin
travel,timezone,What time zone are the rocks in?,22:28:SL:CITY_OR_PROVINCE,[IN:timezone [SL:CITY_OR_PROVINCE matadi] ],CITY_OR_PROVINCE: matadi,lin
travel,timezone,What time zone is Russia in?,22:28:SL:COUNTRY,[IN:timezone [SL:COUNTRY Russie] ],COUNTRY: Russie,lin
travel,timezone,What if I have to go to the emergency room?,48:56:SL:CITY_OR_PROVINCE,[IN:timezone [SL:CITY_OR_PROVINCE tshikapa] ],CITY_OR_PROVINCE: tshikapa,lin
travel,timezone,I'm in the time zone What if I come to the clean,48:53:SL:CITY_OR_PROVINCE,[IN:timezone [SL:CITY_OR_PROVINCE pueto] ],CITY_OR_PROVINCE: pueto,lin
travel,timezone,Where are they? What time zone?,3:9:SL:CITY_OR_PROVINCE,[IN:timezone [SL:CITY_OR_PROVINCE kwango] ],CITY_OR_PROVINCE: kwango,lin
travel,timezone,What time zone is the fault in?,0:8:SL:PLACE_NAME,[IN:timezone [SL:PLACE_NAME ngaliema] ],PLACE_NAME: ngaliema,lin
travel,timezone,What time zone is Nigeria in?,0:7:SL:COUNTRY,[IN:timezone [SL:COUNTRY Nigéria] ],COUNTRY: Nigéria,lin
travel,timezone,can you tell ME the time zone of San Francisco?,37:45:SL:CITY_OR_PROVINCE,[IN:timezone [SL:CITY_OR_PROVINCE San Fran] ],CITY_OR_PROVINCE: San Fran,lin
travel,timezone,can you tell me what time zone is the cloud in?,19:28:SL:CITY_OR_PROVINCE,[IN:timezone [SL:CITY_OR_PROVINCE mbujimayi] ],CITY_OR_PROVINCE: mbujimayi,lin
travel,timezone,do you know what time zone is up?,32:37:SL:CITY_OR_PROVINCE,[IN:timezone [SL:CITY_OR_PROVINCE kwilu] ],CITY_OR_PROVINCE: kwilu,lin
travel,timezone,do you know what time zone tomorrow is?,25:30:SL:CITY_OR_PROVINCE,[IN:timezone [SL:CITY_OR_PROVINCE luilo] ],CITY_OR_PROVINCE: luilo,lin
travel,timezone,"Paris, what time is their time zone?",0:5:SL:CITY_OR_PROVINCE,[IN:timezone [SL:CITY_OR_PROVINCE Paris] ],CITY_OR_PROVINCE: Paris,lin
travel,timezone,does phoenix have a time zone?,0:7:SL:CITY_OR_PROVINCE,[IN:timezone [SL:CITY_OR_PROVINCE phoenix] ],CITY_OR_PROVINCE: phoenix,lin
travel,timezone,what time zone is the weather in,0:10:SL:CITY_OR_PROVINCE,[IN:timezone [SL:CITY_OR_PROVINCE popakabaka] ],CITY_OR_PROVINCE: popakabaka,lin
travel,timezone,What time zone is San Diego in?,0:9:SL:CITY_OR_PROVINCE,[IN:timezone [SL:CITY_OR_PROVINCE San Diego] ],CITY_OR_PROVINCE: San Diego,lin
travel,timezone,"If I were in the Congo, what time zone would I be in?",14:19:SL:COUNTRY,[IN:timezone [SL:COUNTRY Congo] ],COUNTRY: Congo,lin
travel,timezone,"if you were in KINZENZENGO, what time zone would you be in?",16:27:SL:CITY_OR_PROVINCE,[IN:timezone [SL:CITY_OR_PROVINCE KINZENZENGO] ],CITY_OR_PROVINCE: KINZENZENGO,lin
travel,timezone,What time zone is the shop in?,0:6:SL:CITY_OR_PROVINCE,[IN:timezone [SL:CITY_OR_PROVINCE tshope] ],CITY_OR_PROVINCE: tshope,lin
travel,timezone,What time zone is Vietnam in?,0:7:SL:COUNTRY,[IN:timezone [SL:COUNTRY Vietnam] ],COUNTRY: Vietnam,lin
travel,timezone,tell ME Cambodia has what time zone?,11:19:SL:COUNTRY,[IN:timezone [SL:COUNTRY Cambodge] ],COUNTRY: Cambodge,lin
travel,timezone,Tell ME the time of the Happy Zone,25:32:SL:CITY_OR_PROVINCE,[IN:timezone [SL:CITY_OR_PROVINCE kimpese] ],CITY_OR_PROVINCE: kimpese,lin
travel,timezone,Tell ME What time zone is Finland in?,33:41:SL:COUNTRY,[IN:timezone [SL:COUNTRY Finlande] ],COUNTRY: Finlande,lin
travel,timezone,What is the time zone in Portugal?,11:19:SL:COUNTRY,[IN:timezone [SL:COUNTRY Portugal] ],COUNTRY: Portugal,lin
travel,timezone,"tell ME, what time zone is Spain in?",34:41:SL:COUNTRY,[IN:timezone [SL:COUNTRY Espagne] ],COUNTRY: Espagne,lin
travel,timezone,What time zone is Germany in?,0:9:SL:COUNTRY,[IN:timezone [SL:COUNTRY Allemagne] ],COUNTRY: Allemagne,lin
travel,timezone,What time zone is Russia in?,29:35:SL:COUNTRY,[IN:timezone [SL:COUNTRY Russie] ],COUNTRY: Russie,lin
travel,timezone,What time zone do the villages use?,,[IN:timezone ],,lin
travel,timezone,Chi Minh City is based on what time zone?,0:8:SL:CITY_OR_PROVINCE,[IN:timezone [SL:CITY_OR_PROVINCE chi Minh] ],CITY_OR_PROVINCE: chi Minh,lin
travel,timezone,What time zone is Hanoi in?,0:5:SL:CITY_OR_PROVINCE,[IN:timezone [SL:CITY_OR_PROVINCE Hanoi] ],CITY_OR_PROVINCE: Hanoi,lin
travel,timezone,What time zone is Honolulu in?,0:8:SL:CITY_OR_PROVINCE,[IN:timezone [SL:CITY_OR_PROVINCE Honolulu] ],CITY_OR_PROVINCE: Honolulu,lin
travel,timezone,What time zone is kasongo lunda in?,0:13:SL:CITY_OR_PROVINCE,[IN:timezone [SL:CITY_OR_PROVINCE kasongo lunda] ],CITY_OR_PROVINCE: kasongo lunda,lin
travel,timezone,what time zone is paris in?,0:5:SL:CITY_OR_PROVINCE,[IN:timezone [SL:CITY_OR_PROVINCE paris] ],CITY_OR_PROVINCE: paris,lin
travel,translate,what do they call the rock in Zambia?,"11:17:SL:DISH_OR_FOOD,26:32:SL:COUNTRY",[IN:translate [SL:DISH_OR_FOOD mwamba] [SL:COUNTRY Zambia] ],DISH_OR_FOOD: mwamba $$ COUNTRY: Zambia,lin
travel,translate,What do they call shimboki in English?,"11:19:SL:SHOPPING_ITEM,28:35:SL:LANGUAGE_NAME",[IN:translate [SL:SHOPPING_ITEM shimboki] [SL:LANGUAGE_NAME lingala] ],SHOPPING_ITEM: shimboki $$ LANGUAGE_NAME: lingala,lin
travel,translate,"They ask each other, what kind of man's name is What?",,[IN:translate ],,lin
travel,translate,How do the elders show their gratitude?,,[IN:translate ],,lin
travel,translate,what are trees in English?,21:28:SL:LANGUAGE_NAME,[IN:translate [SL:LANGUAGE_NAME lingala] ],LANGUAGE_NAME: lingala,lin
travel,translate,what is grass in English?,19:26:SL:LANGUAGE_NAME,[IN:translate [SL:LANGUAGE_NAME lingala] ],LANGUAGE_NAME: lingala,lin
travel,translate,can someone tell me cruiser NDEnge What in English?,42:49:SL:LANGUAGE_NAME,[IN:translate [SL:LANGUAGE_NAME lingala] ],LANGUAGE_NAME: lingala,lin
travel,translate,how can one say beautiful in English?,41:48:SL:LANGUAGE_NAME,[IN:translate [SL:LANGUAGE_NAME lingala] ],LANGUAGE_NAME: lingala,lin
travel,translate,How to say sorry in English?,32:39:SL:LANGUAGE_NAME,[IN:translate [SL:LANGUAGE_NAME lingala] ],LANGUAGE_NAME: lingala,lin
travel,translate,What is forgiveness in English?,31:38:SL:LANGUAGE_NAME,[IN:translate [SL:LANGUAGE_NAME lingala] ],LANGUAGE_NAME: lingala,lin
travel,translate,how fast can you say What in English?,31:38:SL:LANGUAGE_NAME,[IN:translate [SL:LANGUAGE_NAME lingala] ],LANGUAGE_NAME: lingala,lin
travel,translate,how do you say sorry in English?,31:38:SL:LANGUAGE_NAME,[IN:translate [SL:LANGUAGE_NAME lingala] ],LANGUAGE_NAME: lingala,lin
travel,translate,How would you say jump?,,[IN:translate ],,lin
travel,translate,what is the use of times in English?,"7:12:SL:DISH_OR_FOOD,25:32:SL:LANGUAGE_NAME",[IN:translate [SL:DISH_OR_FOOD mbala] [SL:LANGUAGE_NAME lingala] ],DISH_OR_FOOD: mbala $$ LANGUAGE_NAME: lingala,lin
travel,translate,"if I'm angry, I'll say how happy I am to meet you",,[IN:translate ],,lin
travel,translate,spaghetti What is spaghetti in English?,"0:9:SL:DISH_OR_FOOD,22:29:SL:LANGUAGE_NAME",[IN:translate [SL:DISH_OR_FOOD spaghetti] [SL:LANGUAGE_NAME lingala] ],DISH_OR_FOOD: spaghetti $$ LANGUAGE_NAME: lingala,lin
travel,translate,What is the greeting on the cheek?,10:18:SL:LANGUAGE_NAME,[IN:translate [SL:LANGUAGE_NAME kitetela] ],LANGUAGE_NAME: kitetela,lin
travel,translate,say hello in Lingala,19:26:SL:LANGUAGE_NAME,[IN:translate [SL:LANGUAGE_NAME lingala] ],LANGUAGE_NAME: lingala,lin
travel,translate,greet me in English,13:20:SL:LANGUAGE_NAME,[IN:translate [SL:LANGUAGE_NAME lingala] ],LANGUAGE_NAME: lingala,lin
travel,translate,greet me in Swahili,14:21:SL:LANGUAGE_NAME,[IN:translate [SL:LANGUAGE_NAME Swahili] ],LANGUAGE_NAME: Swahili,lin
travel,translate,how to say hello in Lingala CHOOSE ME,19:26:SL:LANGUAGE_NAME,[IN:translate [SL:LANGUAGE_NAME lingala] ],LANGUAGE_NAME: lingala,lin
travel,translate,What is a greeting in English?,9:16:SL:LANGUAGE_NAME,[IN:translate [SL:LANGUAGE_NAME lingala] ],LANGUAGE_NAME: lingala,lin
travel,translate,What is a greeting in Kikongo?,9:16:SL:LANGUAGE_NAME,[IN:translate [SL:LANGUAGE_NAME kikongo] ],LANGUAGE_NAME: kikongo,lin
travel,translate,What is greeting in Swahili?,3:11:SL:LANGUAGE_NAME,[IN:translate [SL:LANGUAGE_NAME lswahili] ],LANGUAGE_NAME: lswahili,lin
travel,translate,In English What is greeting?,3:10:SL:LANGUAGE_NAME,[IN:translate [SL:LANGUAGE_NAME lingala] ],LANGUAGE_NAME: lingala,lin
travel,translate,how do Germans say good night?,,[IN:translate ],,lin
travel,translate,how do the Spanish call a cow?,20:26:SL:DISH_OR_FOOD,[IN:translate [SL:DISH_OR_FOOD ngombe] ],DISH_OR_FOOD: ngombe,lin
travel,translate,how do you say hello in English?,31:38:SL:LANGUAGE_NAME,[IN:translate [SL:LANGUAGE_NAME lingala] ],LANGUAGE_NAME: lingala,lin
travel,translate,who said hello WHEN WHAT?,,[IN:translate ],,lin
travel,translate,How do they call you?,,[IN:translate ],,lin
travel,translate,what do the old people say?,,[IN:translate ],,lin
travel,translate,they will tell you to say how they came What?,,[IN:translate ],,lin
travel,translate,what do they say NDEngi What in English?,28:35:SL:LANGUAGE_NAME,[IN:translate [SL:LANGUAGE_NAME lingala] ],LANGUAGE_NAME: lingala,lin
travel,translate,how do the Vietnamese greet?,8:15:SL:COUNTRY,[IN:translate [SL:COUNTRY Vietnam] ],COUNTRY: Vietnam,lin
travel,translate,how many words do you speak in English?,29:36:SL:LANGUAGE_NAME,[IN:translate [SL:LANGUAGE_NAME lingala] ],LANGUAGE_NAME: lingala,lin
travel,translate,how do you say what in English?,28:35:SL:LANGUAGE_NAME,[IN:translate [SL:LANGUAGE_NAME lingala] ],LANGUAGE_NAME: lingala,lin
travel,translate,Where is the bar in English PONGE ME,26:33:SL:LANGUAGE_NAME,[IN:translate [SL:LANGUAGE_NAME lingala] ],LANGUAGE_NAME: lingala,lin
travel,translate,please speak in English PONGE me,18:25:SL:LANGUAGE_NAME,[IN:translate [SL:LANGUAGE_NAME lingala] ],LANGUAGE_NAME: lingala,lin
travel,translate,translate hello from English to French ,"10:16:SL:LANGUAGE_NAME,29:37:SL:LANGUAGE_NAME",[IN:translate [SL:LANGUAGE_NAME engele] [SL:LANGUAGE_NAME français] ],LANGUAGE_NAME: engele $$ LANGUAGE_NAME: français,lin
travel,translate,translate French to English,"10:18:SL:LANGUAGE_NAME,22:28:SL:LANGUAGE_NAME",[IN:translate [SL:LANGUAGE_NAME français] [SL:LANGUAGE_NAME Engele] ],LANGUAGE_NAME: français $$ LANGUAGE_NAME: Engele,lin
travel,translate,say hello in French,19:27:SL:LANGUAGE_NAME,[IN:translate [SL:LANGUAGE_NAME français] ],LANGUAGE_NAME: français,lin
travel,translate,please speak to me in English please POND ME,30:37:SL:LANGUAGE_NAME,[IN:translate [SL:LANGUAGE_NAME lingala] ],LANGUAGE_NAME: lingala,lin
travel,translate,Please translate in English PONGA NAMI?,25:32:SL:LANGUAGE_NAME,[IN:translate [SL:LANGUAGE_NAME lingala] ],LANGUAGE_NAME: lingala,lin
travel,translate,What do you know about English? Where is the toilet?,27:34:SL:LANGUAGE_NAME,[IN:translate [SL:LANGUAGE_NAME lingala] ],LANGUAGE_NAME: lingala,lin
travel,translate,teach ME how to say hello in Lingala,27:34:SL:LANGUAGE_NAME,[IN:translate [SL:LANGUAGE_NAME lingala] ],LANGUAGE_NAME: lingala,lin
travel,translate,What is the origin of the word lingala?,19:26:SL:LANGUAGE_NAME,[IN:translate [SL:LANGUAGE_NAME lingala] ],LANGUAGE_NAME: lingala,lin
travel,translate,What is your favorite word?,0:7:SL:LANGUAGE_NAME,[IN:translate [SL:LANGUAGE_NAME lingala] ],LANGUAGE_NAME: lingala,lin
travel,translate,what is greeting in English?,18:25:SL:LANGUAGE_NAME,[IN:translate [SL:LANGUAGE_NAME lingala] ],LANGUAGE_NAME: lingala,lin
travel,translate,What is a greeting in French?,9:17:SL:LANGUAGE_NAME,[IN:translate [SL:LANGUAGE_NAME français] ],LANGUAGE_NAME: français,lin
travel,translate,In Congo they call the train What?,3:8:SL:COUNTRY,[IN:translate [SL:COUNTRY Congo] ],COUNTRY: Congo,lin
travel,translate,How do you say la like you in English?,37:44:SL:LANGUAGE_NAME,[IN:translate [SL:LANGUAGE_NAME lingala] ],LANGUAGE_NAME: lingala,lin
travel,translate,How to pronounce twins in English?,32:39:SL:LANGUAGE_NAME,[IN:translate [SL:LANGUAGE_NAME lingala] ],LANGUAGE_NAME: lingala,lin
travel,translate,How to say hello in English?,31:38:SL:LANGUAGE_NAME,[IN:translate [SL:LANGUAGE_NAME lingala] ],LANGUAGE_NAME: lingala,lin
travel,translate,What kind of train station is it?,3:10:SL:LANGUAGE_NAME,[IN:translate [SL:LANGUAGE_NAME lingala] ],LANGUAGE_NAME: lingala,lin
travel,translate,How do you say what in English?,30:37:SL:LANGUAGE_NAME,[IN:translate [SL:LANGUAGE_NAME lingala] ],LANGUAGE_NAME: lingala,lin
travel,translate,How do I say welcome in English?,27:34:SL:LANGUAGE_NAME,[IN:translate [SL:LANGUAGE_NAME lingala] ],LANGUAGE_NAME: lingala,lin
travel,translate,How can I borrow 5 francs? What is in English?,"21:29:SL:MONEY,45:52:SL:LANGUAGE_NAME",[IN:translate [SL:MONEY 5 francs] [SL:LANGUAGE_NAME lingala] ],MONEY: 5 francs $$ LANGUAGE_NAME: lingala,lin
travel,translate,How can I say how happy I am to see you?,45:52:SL:LANGUAGE_NAME,[IN:translate [SL:LANGUAGE_NAME lingala] ],LANGUAGE_NAME: lingala,lin
travel,translate,How do I say this How do I feel in English?,34:41:SL:LANGUAGE_NAME,[IN:translate [SL:LANGUAGE_NAME lingala] ],LANGUAGE_NAME: lingala,lin
travel,translate,How do you say hello in French?,19:27:SL:LANGUAGE_NAME,[IN:translate [SL:LANGUAGE_NAME français] ],LANGUAGE_NAME: français,lin
travel,translate,How to say hello to ME in English?,31:38:SL:LANGUAGE_NAME,[IN:translate [SL:LANGUAGE_NAME lingala] ],LANGUAGE_NAME: lingala,lin
travel,translate,how do I say love in English?,32:39:SL:LANGUAGE_NAME,[IN:translate [SL:LANGUAGE_NAME lingala] ],LANGUAGE_NAME: lingala,lin
travel,translate,how do I say thank you in English?,32:39:SL:LANGUAGE_NAME,[IN:translate [SL:LANGUAGE_NAME lingala] ],LANGUAGE_NAME: lingala,lin
travel,translate,I don't speak English now.,"9:15:SL:TIME,34:41:SL:LANGUAGE_NAME",[IN:translate [SL:TIME sikoyo] [SL:LANGUAGE_NAME lingala] ],TIME: sikoyo $$ LANGUAGE_NAME: lingala,lin
travel,translate,How can I say train What if I'm in a car?,,[IN:translate ],,lin
travel,translate,How do you say hello in Spanish?,30:38:SL:LANGUAGE_NAME,[IN:translate [SL:LANGUAGE_NAME Espagnol] ],LANGUAGE_NAME: Espagnol,lin
travel,translate,How can I say thank you in English?,39:46:SL:LANGUAGE_NAME,[IN:translate [SL:LANGUAGE_NAME lingala] ],LANGUAGE_NAME: lingala,lin
travel,translate,can you set up an ATM machine in Lingala?,28:35:SL:LANGUAGE_NAME,[IN:translate [SL:LANGUAGE_NAME lingala] ],LANGUAGE_NAME: lingala,lin
travel,translate,if he is a monkey you would call the train what?,,[IN:translate ],,lin
travel,translate,If in English we say subway NDE What?,,[IN:translate ],,lin
travel,translate,"stp, set the store in English PHOTOS?",18:25:SL:LANGUAGE_NAME,[IN:translate [SL:LANGUAGE_NAME lingala] ],LANGUAGE_NAME: lingala,lin
travel,translate,Tell me WHAT the Russians call a notebook,43:51:SL:SHOPPING_ITEM,[IN:translate [SL:SHOPPING_ITEM notebook] ],SHOPPING_ITEM: notebook,lin
travel,translate,"""How do I say """" kata demande"""" in English?""",32:39:SL:LANGUAGE_NAME,[IN:translate [SL:LANGUAGE_NAME lingala] ],LANGUAGE_NAME: lingala,lin
travel,translate,How to say thank you in English?,33:40:SL:LANGUAGE_NAME,[IN:translate [SL:LANGUAGE_NAME lingala] ],LANGUAGE_NAME: lingala,lin
travel,translate,How to Say Hello What Should I Do?,,[IN:translate ],,lin
travel,translate,By asking if it rains What's the weather like in English?,45:52:SL:LANGUAGE_NAME,[IN:translate [SL:LANGUAGE_NAME lingala] ],LANGUAGE_NAME: lingala,lin
travel,translate,"In English, they say how will we see each other tomorrow?",28:32:SL:DATE,[IN:translate [SL:DATE lobi] ],DATE: lobi,lin
travel,translate,"In English, I would say see you later How?",,[IN:translate ],,lin
travel,translate,what kind of lunch should I say in English?,"9:23:SL:MEAL_PERIOD,39:46:SL:LANGUAGE_NAME",[IN:translate [SL:MEAL_PERIOD biloko ya midi] [SL:LANGUAGE_NAME lingala] ],MEAL_PERIOD: biloko ya midi $$ LANGUAGE_NAME: lingala,lin
travel,translate,how do you say what in English?,29:36:SL:LANGUAGE_NAME,[IN:translate [SL:LANGUAGE_NAME lingala] ],LANGUAGE_NAME: lingala,lin
travel,travel_notification,call the bank to let them know that I am in Senegal ,38:45:SL:COUNTRY,[IN:travel_notification [SL:COUNTRY Sénégal] ],COUNTRY: Sénégal,lin
travel,travel_notification,call my bank to let them know I am in Kivu ,46:50:SL:CITY_OR_PROVINCE,[IN:travel_notification [SL:CITY_OR_PROVINCE Kivu] ],CITY_OR_PROVINCE: Kivu,lin
travel,travel_notification,call my bank because tomorrow I will go to Lubumbashi ,"25:29:SL:DATE,43:53:SL:CITY_OR_PROVINCE",[IN:travel_notification [SL:DATE lobi] [SL:CITY_OR_PROVINCE Lubumbashi] ],DATE: lobi $$ CITY_OR_PROVINCE: Lubumbashi,lin
travel,travel_notification,call my bank and tell them that from June 5th I will go to Bunia ,"45:51:SL:DATE,65:70:SL:CITY_OR_PROVINCE",[IN:travel_notification [SL:DATE 5 juin] [SL:CITY_OR_PROVINCE Bunia] ],DATE: 5 juin $$ CITY_OR_PROVINCE: Bunia,lin
travel,travel_notification,call my bank and tell them next week I will have a car,"34:47:SL:DATE,60:66:SL:CITY_OR_PROVINCE",[IN:travel_notification [SL:DATE poso ya nsima] [SL:CITY_OR_PROVINCE kamina] ],DATE: poso ya nsima $$ CITY_OR_PROVINCE: kamina,lin
travel,travel_notification,drink bank talk to them I am going to Kolwezi ,38:45:SL:CITY_OR_PROVINCE,[IN:travel_notification [SL:CITY_OR_PROVINCE Kolwezi] ],CITY_OR_PROVINCE: Kolwezi,lin
travel,travel_notification,I will be in Kisangani by 2025,"34:41:SL:DATE,54:63:SL:CITY_OR_PROVINCE",[IN:travel_notification [SL:DATE na 2025] [SL:CITY_OR_PROVINCE Kisangani] ],DATE: na 2025 $$ CITY_OR_PROVINCE: Kisangani,lin
travel,travel_notification,drinking my bank account so they know I'm going to Lisala ,47:53:SL:CITY_OR_PROVINCE,[IN:travel_notification [SL:CITY_OR_PROVINCE Lisala] ],CITY_OR_PROVINCE: Lisala,lin
travel,travel_notification,drinking my bank because I have to go to Matadi ,47:53:SL:CITY_OR_PROVINCE,[IN:travel_notification [SL:CITY_OR_PROVINCE Matadi] ],CITY_OR_PROVINCE: Matadi,lin
travel,travel_notification,I called my bank to tell them I'm going to Bandundu ,53:61:SL:CITY_OR_PROVINCE,[IN:travel_notification [SL:CITY_OR_PROVINCE Bandundu] ],CITY_OR_PROVINCE: Bandundu,lin
travel,travel_notification,I am writing to the bank to inform them that I am going to Likasi ,54:60:SL:CITY_OR_PROVINCE,[IN:travel_notification [SL:CITY_OR_PROVINCE Likasi] ],CITY_OR_PROVINCE: Likasi,lin
travel,travel_notification,I am writing to my bank because I am on a plane to Goma.,62:66:SL:CITY_OR_PROVINCE,[IN:travel_notification [SL:CITY_OR_PROVINCE Goma] ],CITY_OR_PROVINCE: Goma,lin
travel,travel_notification,I have to tell the bank that I am going to Boende.,47:53:SL:CITY_OR_PROVINCE,[IN:travel_notification [SL:CITY_OR_PROVINCE Boende] ],CITY_OR_PROVINCE: Boende,lin
travel,travel_notification,tell my bank I will go to Mozambique next month ,"35:45:SL:COUNTRY,49:60:SL:DATE",[IN:travel_notification [SL:COUNTRY Mozambique] [SL:DATE sanza ekoya] ],COUNTRY: Mozambique $$ DATE: sanza ekoya,lin
travel,travel_notification,tell my bank I will be absent for a week ,45:54:SL:DATE,[IN:travel_notification [SL:DATE poso moko] ],DATE: poso moko,lin
travel,travel_notification,tell my bank I will be in China from June 4 to 15,"34:39:SL:COUNTRY,48:53:SL:DATE,59:66:SL:DATE",[IN:travel_notification [SL:COUNTRY Chine] [SL:DATE na 04] [SL:DATE 15 juin] ],COUNTRY: Chine $$ DATE: na 04 $$ DATE: 15 juin,lin
travel,travel_notification,how do they write to the bank?,,[IN:travel_notification ],,lin
travel,travel_notification,call my bank and tell them I am going to Katanga,44:51:SL:CITY_OR_PROVINCE,[IN:travel_notification [SL:CITY_OR_PROVINCE Katanga] ],CITY_OR_PROVINCE: Katanga,lin
travel,travel_notification,call my bank and tell them I'm going to Togo for a week ,"44:48:SL:COUNTRY,56:65:SL:DATE",[IN:travel_notification [SL:COUNTRY Togo] [SL:DATE poso moko] ],COUNTRY: Togo $$ DATE: poso moko,lin
travel,travel_notification,is it necessary to inform the bank about the trip?,,[IN:travel_notification ],,lin
travel,travel_notification,drinking banknotes for my trip to Kalemi,40:46:SL:CITY_OR_PROVINCE,[IN:travel_notification [SL:CITY_OR_PROVINCE Kalemi] ],CITY_OR_PROVINCE: Kalemi,lin
travel,travel_notification,I'm going to drink my bank account so they know I'm going to Malawi,52:58:SL:COUNTRY,[IN:travel_notification [SL:COUNTRY Malawi] ],COUNTRY: Malawi,lin
travel,travel_notification,drink quickly tell my bank I'm going to Mbandaka ,55:63:SL:CITY_OR_PROVINCE,[IN:travel_notification [SL:CITY_OR_PROVINCE Mbandaka] ],CITY_OR_PROVINCE: Mbandaka,lin
travel,travel_notification,show me how to write to the bank during the trip ,,[IN:travel_notification ],,lin
travel,travel_notification,Do I have to inform my bank before I travel?,,[IN:travel_notification ],,lin
travel,travel_notification,talk to my bank I'm going to Brussels ,30:39:SL:CITY_OR_PROVINCE,[IN:travel_notification [SL:CITY_OR_PROVINCE Bruxelles] ],CITY_OR_PROVINCE: Bruxelles,lin
travel,travel_notification,why would I tell my bank that I am traveling?,,[IN:travel_notification ],,lin
travel,travel_notification,Why do I have to tell the bank if I'm going to Brazzaville?,50:61:SL:CITY_OR_PROVINCE,[IN:travel_notification [SL:CITY_OR_PROVINCE Brazzaville] ],CITY_OR_PROVINCE: Brazzaville,lin
travel,travel_notification,Why should I know about the bank if I go to Rome?,41:45:SL:CITY_OR_PROVINCE,[IN:travel_notification [SL:CITY_OR_PROVINCE Lome] ],CITY_OR_PROVINCE: Lome,lin
travel,travel_notification,why if I am abroad do I have to inform my bank?,,[IN:travel_notification ],,lin
travel,travel_notification,I called the bank to inform them that I will be absent for a week,51:60:SL:DATE,[IN:travel_notification [SL:DATE poso moko] ],DATE: poso moko,lin
travel,travel_notification,"I'm going to Morocco, should I inform my bank?",10:15:SL:COUNTRY,[IN:travel_notification [SL:COUNTRY Maroc] ],COUNTRY: Maroc,lin
travel,travel_notification,how can I contact the bank if I am in Senegal?,43:50:SL:COUNTRY,[IN:travel_notification [SL:COUNTRY Sénégal] ],COUNTRY: Sénégal,lin
travel,travel_notification,"I wrote to my bank, telling them I was going to Tunisia.",50:57:SL:COUNTRY,[IN:travel_notification [SL:COUNTRY Tunisie] ],COUNTRY: Tunisie,lin
travel,travel_notification,how do I tell the bank that I have a Bunia?,44:49:SL:CITY_OR_PROVINCE,[IN:travel_notification [SL:CITY_OR_PROVINCE Bunia] ],CITY_OR_PROVINCE: Bunia,lin
travel,travel_notification,"I've traveled to Kinshasa, so should I inform my bank?",18:26:SL:CITY_OR_PROVINCE,[IN:travel_notification [SL:CITY_OR_PROVINCE Kinshasa] ],CITY_OR_PROVINCE: Kinshasa,lin
travel,travel_notification,Should I inform the bank when I go to Burundi?,48:55:SL:COUNTRY,[IN:travel_notification [SL:COUNTRY Burundi] ],COUNTRY: Burundi,lin
travel,travel_notification,I need to inform the bank about my trip.,,[IN:travel_notification ],,lin
travel,travel_notification,Should I inform the bank about my trip ? if I use credit cards with strangers ?,,[IN:travel_notification ],,lin
travel,travel_notification,"I have to tell my bank, because I'm going to Tanzania.",49:57:SL:COUNTRY,[IN:travel_notification [SL:COUNTRY Tanzanie] ],COUNTRY: Tanzanie,lin
travel,travel_notification,Should I tell the bank if I'm traveling? if their bank is in Goma?,78:82:SL:CITY_OR_PROVINCE,[IN:travel_notification [SL:CITY_OR_PROVINCE Goma] ],CITY_OR_PROVINCE: Goma,lin
travel,travel_notification,I have to inform my bank about the trip to Uvira ,55:60:SL:CITY_OR_PROVINCE,[IN:travel_notification [SL:CITY_OR_PROVINCE uvira] ],CITY_OR_PROVINCE: uvira,lin
travel,travel_notification,Do I have to tell my bank if I'm going to Europe?,,[IN:travel_notification ],,lin
travel,travel_notification,should I tell my bank that I am going to Dubai?,48:53:SL:CITY_OR_PROVINCE,[IN:travel_notification [SL:CITY_OR_PROVINCE Dubaï] ],CITY_OR_PROVINCE: Dubaï,lin
travel,travel_notification,I told the bank that I had traveled to Zimbabwe.,38:46:SL:COUNTRY,[IN:travel_notification [SL:COUNTRY Zimbabwe] ],COUNTRY: Zimbabwe,lin
travel,travel_notification,I told the bank that I am in Bumba ,30:35:SL:CITY_OR_PROVINCE,[IN:travel_notification [SL:CITY_OR_PROVINCE Bumba] ],CITY_OR_PROVINCE: Bumba,lin
travel,travel_notification,I told the bank that I would be on vacation next week.,20:30:SL:DATE,[IN:travel_notification [SL:DATE poso ekoya] ],DATE: poso ekoya,lin
travel,travel_notification,I told my bank that in April I will be in Kindu.,"28:45:SL:DATE,58:63:SL:CITY_OR_PROVINCE",[IN:travel_notification [SL:DATE na sanza ya avril] [SL:CITY_OR_PROVINCE Kindu] ],DATE: na sanza ya avril $$ CITY_OR_PROVINCE: Kindu,lin
travel,travel_notification,I told my bank that I was traveling.,,[IN:travel_notification ],,lin
travel,travel_notification,I told my bank that next week I will be in Kigali.,"28:41:SL:DATE,54:60:SL:CITY_OR_PROVINCE",[IN:travel_notification [SL:DATE poso ya nsima] [SL:CITY_OR_PROVINCE Kigali] ],DATE: poso ya nsima $$ CITY_OR_PROVINCE: Kigali,lin
travel,travel_notification,I have informed my bank about the dates I will be in Dubai,"24:34:SL:DATE,47:52:SL:CITY_OR_PROVINCE",[IN:travel_notification [SL:DATE mikolo oyo] [SL:CITY_OR_PROVINCE Dubaï] ],DATE: mikolo oyo $$ CITY_OR_PROVINCE: Dubaï,lin
travel,travel_notification,I have informed my bank that I will be leaving soon.,48:58:SL:DATE,[IN:travel_notification [SL:DATE mikolo oyo] ],DATE: mikolo oyo,lin
travel,travel_notification,I have informed my bank about the trip to Kolwezi ,42:49:SL:CITY_OR_PROVINCE,[IN:travel_notification [SL:CITY_OR_PROVINCE Kolwezi] ],CITY_OR_PROVINCE: Kolwezi,lin
travel,travel_notification,I told my bank that in February I will go to Australia.,"27:42:SL:DATE,56:65:SL:COUNTRY",[IN:travel_notification [SL:DATE sanza ya mibale] [SL:COUNTRY Australie] ],DATE: sanza ya mibale $$ COUNTRY: Australie,lin
travel,travel_notification,how can I contact my bank while traveling?,,[IN:travel_notification ],,lin
travel,travel_notification,tell my bank that in July I will be in Cameroon ,"29:45:SL:DATE,58:66:SL:COUNTRY",[IN:travel_notification [SL:DATE sanza ya juillet] [SL:COUNTRY Cameroun] ],DATE: sanza ya juillet $$ COUNTRY: Cameroun,lin
travel,travel_notification,Tell my bank that I'm going on vacation.,,[IN:travel_notification ],,lin
travel,travel_notification,tell my bank that I am going to Gabon ,36:41:SL:COUNTRY,[IN:travel_notification [SL:COUNTRY Gabon] ],COUNTRY: Gabon,lin
travel,travel_notification,Tell my bank that I am going to Japan.,36:41:SL:COUNTRY,[IN:travel_notification [SL:COUNTRY Japon] ],COUNTRY: Japon,lin
travel,travel_notification,tell my bank that I am going to Rwanda ,33:39:SL:COUNTRY,[IN:travel_notification [SL:COUNTRY Rwanda] ],COUNTRY: Rwanda,lin
travel,travel_notification,tell my bank that I have been on a ten-day trip to Gambia ,"44:55:SL:DATE,59:65:SL:COUNTRY",[IN:travel_notification [SL:DATE mikolo zomi] [SL:COUNTRY Gambie] ],DATE: mikolo zomi $$ COUNTRY: Gambie,lin
travel,travel_notification,tell my bank that I am going on a trip ,,[IN:travel_notification ],,lin
travel,travel_notification,tell my bank I'm going to visit my children in France ,44:50:SL:COUNTRY,[IN:travel_notification [SL:COUNTRY France] ],COUNTRY: France,lin
travel,travel_notification,Tell my bank I'm going to visit a friend in Kananga ,47:54:SL:CITY_OR_PROVINCE,[IN:travel_notification [SL:CITY_OR_PROVINCE Kananga] ],CITY_OR_PROVINCE: Kananga,lin
travel,travel_notification,Tell my bank I'm going on a three-day trip.,40:53:SL:DATE,[IN:travel_notification [SL:DATE mikolo misato] ],DATE: mikolo misato,lin
travel,travel_notification,tell my bank I'm going to America ,,[IN:travel_notification ],,lin
travel,travel_notification,Tell my bank I'm going to Ghana for two weeks ,"32:37:SL:COUNTRY,45:56:SL:DATE",[IN:travel_notification [SL:COUNTRY Ghana] [SL:DATE poso mibale] ],COUNTRY: Ghana $$ DATE: poso mibale,lin
travel,travel_notification,tell my bank I am going to Pretoria ,29:37:SL:CITY_OR_PROVINCE,[IN:travel_notification [SL:CITY_OR_PROVINCE Pretoria] ],CITY_OR_PROVINCE: Pretoria,lin
travel,travel_notification,Tell my bank I will be out of the country ,,[IN:travel_notification ],,lin
travel,travel_notification,"tell my bank I'm on a trip, so I can use my cards ",,[IN:travel_notification ],,lin
travel,travel_notification,tell the bank I'm going to buy some things in Guangzhou ,39:48:SL:CITY_OR_PROVINCE,[IN:travel_notification [SL:CITY_OR_PROVINCE Guangzhou] ],CITY_OR_PROVINCE: Guangzhou,lin
travel,travel_notification,"Please inform my bank immediately, because I am on a trip to Uganda ",58:65:SL:COUNTRY,[IN:travel_notification [SL:COUNTRY Ouganda] ],COUNTRY: Ouganda,lin
travel,travel_notification,call the bank and tell them that I have traveled to Kalemi ,53:59:SL:CITY_OR_PROVINCE,[IN:travel_notification [SL:CITY_OR_PROVINCE Kalemi] ],CITY_OR_PROVINCE: Kalemi,lin
travel,travel_notification,drinking my bank so they know I'm on the move ,47:54:SL:CALENDAR_EVENT,[IN:travel_notification [SL:CALENDAR_EVENT mobembo] ],CALENDAR_EVENT: mobembo,lin
travel,travel_notification,"drink my bank, tell them I'm going to Kenya for two weeks ","46:51:SL:COUNTRY,59:70:SL:DATE",[IN:travel_notification [SL:COUNTRY Kenya] [SL:DATE poso mibale] ],COUNTRY: Kenya $$ DATE: poso mibale,lin
travel,travel_notification,should I inform the bank about my trip to Bumba?,52:57:SL:CITY_OR_PROVINCE,[IN:travel_notification [SL:CITY_OR_PROVINCE Bumba] ],CITY_OR_PROVINCE: Bumba,lin
travel,travel_notification,I have to tell my bank that I have made a trip to Egypt.,55:61:SL:COUNTRY,[IN:travel_notification [SL:COUNTRY Egypte] ],COUNTRY: Egypte,lin
travel,travel_notification,I sent a letter to the bank to inform them that I have made a trip to Canada.,60:66:SL:COUNTRY,[IN:travel_notification [SL:COUNTRY Canada] ],COUNTRY: Canada,lin
travel,travel_notification,I told the bank I will travel for two months to Zambia ,"40:52:SL:DATE,56:62:SL:COUNTRY",[IN:travel_notification [SL:DATE sanza mibale] [SL:COUNTRY Zambie] ],DATE: sanza mibale $$ COUNTRY: Zambie,lin
travel,travel_notification,tell my bank I have made a five-day trip ,"29:35:SL:CALENDAR_EVENT,39:52:SL:DATE",[IN:travel_notification [SL:CALENDAR_EVENT voyage] [SL:DATE mikolo mitano] ],CALENDAR_EVENT: voyage $$ DATE: mikolo mitano,lin
travel,travel_suggestion,what are the most popular things to do in Tshikapa?,38:46:SL:CITY_OR_PROVINCE,[IN:travel_suggestion [SL:CITY_OR_PROVINCE Tshikapa] ],CITY_OR_PROVINCE: Tshikapa,lin
travel,travel_suggestion,what do people in your country like to see?,,[IN:travel_suggestion ],,lin
travel,travel_suggestion,What can I watch in Matadi?,29:35:SL:CITY_OR_PROVINCE,[IN:travel_suggestion [SL:CITY_OR_PROVINCE Matadi] ],CITY_OR_PROVINCE: Matadi,lin
travel,travel_suggestion,What places can I visit in New York?,29:37:SL:CITY_OR_PROVINCE,[IN:travel_suggestion [SL:CITY_OR_PROVINCE New-York] ],CITY_OR_PROVINCE: New-York,lin
travel,travel_suggestion,Prepare the way for me to the Purgatory.,47:54:SL:CITY_OR_PROVINCE,[IN:travel_suggestion [SL:CITY_OR_PROVINCE Butembo] ],CITY_OR_PROVINCE: Butembo,lin
travel,travel_suggestion,What is the most popular attraction in Matadi?,48:54:SL:CITY_OR_PROVINCE,[IN:travel_suggestion [SL:CITY_OR_PROVINCE Matadi] ],CITY_OR_PROVINCE: Matadi,lin
travel,travel_suggestion,What can I see in Gemena?,28:34:SL:CITY_OR_PROVINCE,[IN:travel_suggestion [SL:CITY_OR_PROVINCE Gemena] ],CITY_OR_PROVINCE: Gemena,lin
travel,travel_suggestion,Where is the best place to travel?,,[IN:travel_suggestion ],,lin
travel,travel_suggestion,Show me the right place to travel.,,[IN:travel_suggestion ],,lin
travel,travel_suggestion,What games are afraid of?,21:25:SL:CITY_OR_PROVINCE,[IN:travel_suggestion [SL:CITY_OR_PROVINCE Boma] ],CITY_OR_PROVINCE: Boma,lin
travel,travel_suggestion,What crafts attract people to see in Kisangani?,53:62:SL:CITY_OR_PROVINCE,[IN:travel_suggestion [SL:CITY_OR_PROVINCE Kisangani] ],CITY_OR_PROVINCE: Kisangani,lin
travel,travel_suggestion,Where should I play in Paris?,19:24:SL:CITY_OR_PROVINCE,[IN:travel_suggestion [SL:CITY_OR_PROVINCE Paris] ],CITY_OR_PROVINCE: Paris,lin
travel,travel_suggestion,where will I travel?,,[IN:travel_suggestion ],,lin
travel,travel_suggestion,If I go with Ben what will I need?,15:19:SL:CITY_OR_PROVINCE,[IN:travel_suggestion [SL:CITY_OR_PROVINCE Beni] ],CITY_OR_PROVINCE: Beni,lin
travel,travel_suggestion,tell me what job I can do in Lisala ?,41:47:SL:CITY_OR_PROVINCE,[IN:travel_suggestion [SL:CITY_OR_PROVINCE Lisala] ],CITY_OR_PROVINCE: Lisala,lin
travel,travel_suggestion,Tell me what to do while I am in Lubumbashi ,44:54:SL:CITY_OR_PROVINCE,[IN:travel_suggestion [SL:CITY_OR_PROVINCE Lubumbashi] ],CITY_OR_PROVINCE: Lubumbashi,lin
travel,travel_suggestion,where are the best theaters in Likasi?,43:49:SL:CITY_OR_PROVINCE,[IN:travel_suggestion [SL:CITY_OR_PROVINCE Likasi] ],CITY_OR_PROVINCE: Likasi,lin
travel,travel_suggestion,Where do they like Kananga?,19:26:SL:CITY_OR_PROVINCE,[IN:travel_suggestion [SL:CITY_OR_PROVINCE Kananga] ],CITY_OR_PROVINCE: Kananga,lin
travel,travel_suggestion,things and people do in china,30:33:SL:CITY_OR_PROVINCE,[IN:travel_suggestion [SL:CITY_OR_PROVINCE kin] ],CITY_OR_PROVINCE: kin,lin
travel,travel_suggestion,What are the ingredients in Na kin?,32:35:SL:CITY_OR_PROVINCE,[IN:travel_suggestion [SL:CITY_OR_PROVINCE kin] ],CITY_OR_PROVINCE: kin,lin
travel,travel_suggestion,What are the sights in Matobo?,35:41:SL:CITY_OR_PROVINCE,[IN:travel_suggestion [SL:CITY_OR_PROVINCE Matadi] ],CITY_OR_PROVINCE: Matadi,lin
travel,travel_suggestion,What toys are afraid of?,33:37:SL:CITY_OR_PROVINCE,[IN:travel_suggestion [SL:CITY_OR_PROVINCE Boma] ],CITY_OR_PROVINCE: Boma,lin
travel,travel_suggestion,what is there to see in Kindu?,25:30:SL:CITY_OR_PROVINCE,[IN:travel_suggestion [SL:CITY_OR_PROVINCE Kindu] ],CITY_OR_PROVINCE: Kindu,lin
travel,travel_suggestion,where are the most popular places to go?,,[IN:travel_suggestion ],,lin
travel,travel_suggestion,What places can I look and work well in,46:49:SL:CITY_OR_PROVINCE,[IN:travel_suggestion [SL:CITY_OR_PROVINCE kin] ],CITY_OR_PROVINCE: kin,lin
travel,travel_suggestion,What are the best places I can visit if I go to China?,48:51:SL:CITY_OR_PROVINCE,[IN:travel_suggestion [SL:CITY_OR_PROVINCE kin] ],CITY_OR_PROVINCE: kin,lin
travel,travel_suggestion,What are the most dangerous places to go?,,[IN:travel_suggestion ],,lin
travel,travel_suggestion,What kind of playgrounds are there in Congo?,33:38:SL:COUNTRY,[IN:travel_suggestion [SL:COUNTRY Congo] ],COUNTRY: Congo,lin
travel,travel_suggestion,What are the places to see in Congo?,31:36:SL:COUNTRY,[IN:travel_suggestion [SL:COUNTRY Congo] ],COUNTRY: Congo,lin
travel,travel_suggestion,What places to visit in Congo?,35:40:SL:COUNTRY,[IN:travel_suggestion [SL:COUNTRY Congo] ],COUNTRY: Congo,lin
travel,travel_suggestion,What are the best places to visit in Congo?,35:40:SL:COUNTRY,[IN:travel_suggestion [SL:COUNTRY Congo] ],COUNTRY: Congo,lin
travel,travel_suggestion,What can I do to enjoy Bukavu?,41:47:SL:CITY_OR_PROVINCE,[IN:travel_suggestion [SL:CITY_OR_PROVINCE Bukavu] ],CITY_OR_PROVINCE: Bukavu,lin
travel,travel_suggestion,What should I do with the Stones?,23:29:SL:CITY_OR_PROVINCE,[IN:travel_suggestion [SL:CITY_OR_PROVINCE Matadi] ],CITY_OR_PROVINCE: Matadi,lin
travel,travel_suggestion,What will I do while I am in Lubumbashi?,42:52:SL:CITY_OR_PROVINCE,[IN:travel_suggestion [SL:CITY_OR_PROVINCE Lubumbashi] ],CITY_OR_PROVINCE: Lubumbashi,lin
travel,travel_suggestion,What's the good in this?,26:29:SL:CITY_OR_PROVINCE,[IN:travel_suggestion [SL:CITY_OR_PROVINCE kin] ],CITY_OR_PROVINCE: kin,lin
travel,travel_suggestion,What is the toy in Goma?,32:36:SL:CITY_OR_PROVINCE,[IN:travel_suggestion [SL:CITY_OR_PROVINCE Goma] ],CITY_OR_PROVINCE: Goma,lin
travel,travel_suggestion,What is there to be happy about in Bandundu?,32:40:SL:CITY_OR_PROVINCE,[IN:travel_suggestion [SL:CITY_OR_PROVINCE Bandundu] ],CITY_OR_PROVINCE: Bandundu,lin
travel,travel_suggestion,something good What can one do at the beginning ,41:49:SL:CITY_OR_PROVINCE,[IN:travel_suggestion [SL:CITY_OR_PROVINCE mbandaka] ],CITY_OR_PROVINCE: mbandaka,lin
travel,travel_suggestion,Where will I travel this month?,30:39:SL:DATE,[IN:travel_suggestion [SL:DATE sanza oyo] ],DATE: sanza oyo,lin
travel,travel_suggestion,Where Can They Go Again?,,[IN:travel_suggestion ],,lin
travel,travel_suggestion,Where is the best place to look at this time?,40:49:SL:TIME,[IN:travel_suggestion [SL:TIME tango Oyo] ],TIME: tango Oyo,lin
travel,travel_suggestion,Where is the most visited place?,35:38:SL:CITY_OR_PROVINCE,[IN:travel_suggestion [SL:CITY_OR_PROVINCE kin] ],CITY_OR_PROVINCE: kin,lin
travel,travel_suggestion,Where should I make a reservation for the trip?,,[IN:travel_suggestion ],,lin
travel,travel_suggestion,Where is the best place to go to show off?,,[IN:travel_suggestion ],,lin
travel,travel_suggestion,What Should I Go?,,[IN:travel_suggestion ],,lin
travel,travel_suggestion,show ME something I can do in Kinshasa ,41:49:SL:CITY_OR_PROVINCE,[IN:travel_suggestion [SL:CITY_OR_PROVINCE Kinshasa] ],CITY_OR_PROVINCE: Kinshasa,lin
travel,travel_suggestion,Show me where to travel.,,[IN:travel_suggestion ],,lin
travel,travel_suggestion,Show me what to do in Kivu province ,42:46:SL:CITY_OR_PROVINCE,[IN:travel_suggestion [SL:CITY_OR_PROVINCE Kivu] ],CITY_OR_PROVINCE: Kivu,lin
travel,travel_suggestion,Show me what to do in Kolwezi in the Arab region,"33:40:SL:CITY_OR_PROVINCE,53:60:SL:CITY_OR_PROVINCE",[IN:travel_suggestion [SL:CITY_OR_PROVINCE Kolwezi] [SL:CITY_OR_PROVINCE Lualaba] ],CITY_OR_PROVINCE: Kolwezi $$ CITY_OR_PROVINCE: Lualaba,lin
travel,travel_suggestion,Teach me the tasks to do in the beginning,32:40:SL:CITY_OR_PROVINCE,[IN:travel_suggestion [SL:CITY_OR_PROVINCE Mbandaka] ],CITY_OR_PROVINCE: Mbandaka,lin
travel,travel_suggestion,What is the best idea to play in Kinshasa?,43:51:SL:CITY_OR_PROVINCE,[IN:travel_suggestion [SL:CITY_OR_PROVINCE Kinshasa] ],CITY_OR_PROVINCE: Kinshasa,lin
travel,travel_suggestion,What are the entertainment options in Bukavu?,34:40:SL:CITY_OR_PROVINCE,[IN:travel_suggestion [SL:CITY_OR_PROVINCE Bukavu] ],CITY_OR_PROVINCE: Bukavu,lin
travel,travel_suggestion,What experience can the stones give?,0:6:SL:CITY_OR_PROVINCE,[IN:travel_suggestion [SL:CITY_OR_PROVINCE matadi] ],CITY_OR_PROVINCE: matadi,lin
travel,travel_suggestion,What are the functions of the kin,19:22:SL:CITY_OR_PROVINCE,[IN:travel_suggestion [SL:CITY_OR_PROVINCE kin] ],CITY_OR_PROVINCE: kin,lin
travel,travel_suggestion,What is the best paying job I will do in Kinshasa?,40:48:SL:CITY_OR_PROVINCE,[IN:travel_suggestion [SL:CITY_OR_PROVINCE Kinshasa] ],CITY_OR_PROVINCE: Kinshasa,lin
travel,travel_suggestion,How much time?,,[IN:travel_suggestion ],,lin
travel,travel_suggestion,In which village can I live on a beautiful beach?,,[IN:travel_suggestion ],,lin
travel,travel_suggestion,where will I go to rest this year?,3:12:SL:DATE,[IN:travel_suggestion [SL:DATE mbula oyo] ],DATE: mbula oyo,lin
travel,travel_suggestion,What will I find when I arrive in Goma?,33:37:SL:CITY_OR_PROVINCE,[IN:travel_suggestion [SL:CITY_OR_PROVINCE Goma] ],CITY_OR_PROVINCE: Goma,lin
travel,travel_suggestion,How can I make money in Kinshasa?,32:40:SL:CITY_OR_PROVINCE,[IN:travel_suggestion [SL:CITY_OR_PROVINCE Kinshasa] ],CITY_OR_PROVINCE: Kinshasa,lin
travel,travel_suggestion,Do you know a game people play in Kisangani?,37:46:SL:CITY_OR_PROVINCE,[IN:travel_suggestion [SL:CITY_OR_PROVINCE Kisangani] ],CITY_OR_PROVINCE: Kisangani,lin
travel,travel_suggestion,What is the best time to have fun?,32:35:SL:CITY_OR_PROVINCE,[IN:travel_suggestion [SL:CITY_OR_PROVINCE kin] ],CITY_OR_PROVINCE: kin,lin
travel,travel_suggestion,Name the things my dad made with kim,,[IN:travel_suggestion ],,lin
travel,travel_suggestion,Give ME the names of the four places people go to the fort.,18:24:SL:NUMBER,[IN:travel_suggestion [SL:NUMBER mineyi] ],NUMBER: mineyi,lin
travel,travel_suggestion,give ME good places to travel,,[IN:travel_suggestion ],,lin
travel,travel_suggestion,What good restaurants are there in Kinshasa?,26:34:SL:CITY_OR_PROVINCE,[IN:travel_suggestion [SL:CITY_OR_PROVINCE Kinshasa] ],CITY_OR_PROVINCE: Kinshasa,lin
travel,travel_suggestion,What's new and exciting to watch in China?,37:40:SL:CITY_OR_PROVINCE,[IN:travel_suggestion [SL:CITY_OR_PROVINCE kin] ],CITY_OR_PROVINCE: kin,lin
travel,travel_suggestion,"If I come here, what good thing am I supposed to do?",13:16:SL:CITY_OR_PROVINCE,[IN:travel_suggestion [SL:CITY_OR_PROVINCE kin] ],CITY_OR_PROVINCE: kin,lin
travel,travel_suggestion,Tell ME what are the best places to go here in Kinshasa?,53:61:SL:CITY_OR_PROVINCE,[IN:travel_suggestion [SL:CITY_OR_PROVINCE Kinshasa] ],CITY_OR_PROVINCE: Kinshasa,lin
travel,travel_suggestion,Tell me the activities to do to visit the Holy,43:49:SL:CITY_OR_PROVINCE,[IN:travel_suggestion [SL:CITY_OR_PROVINCE Moanda] ],CITY_OR_PROVINCE: Moanda,lin
travel,travel_suggestion,Tell me jobs to do to earn money in Likasi,52:58:SL:CITY_OR_PROVINCE,[IN:travel_suggestion [SL:CITY_OR_PROVINCE Likasi] ],CITY_OR_PROVINCE: Likasi,lin
travel,travel_suggestion,Tell me about the work in Kananga,32:39:SL:CITY_OR_PROVINCE,[IN:travel_suggestion [SL:CITY_OR_PROVINCE Kananga] ],CITY_OR_PROVINCE: Kananga,lin
travel,travel_suggestion,which countries are the most frequently visited?,,[IN:travel_suggestion ],,lin
travel,travel_suggestion,what mountains are there in the Congo?,24:33:SL:CITY_OR_PROVINCE,[IN:travel_suggestion [SL:CITY_OR_PROVINCE Bas-Congo] ],CITY_OR_PROVINCE: Bas-Congo,lin
travel,travel_suggestion,What are the best restaurants in Kinshasa?,38:46:SL:CITY_OR_PROVINCE,[IN:travel_suggestion [SL:CITY_OR_PROVINCE Kinshasa] ],CITY_OR_PROVINCE: Kinshasa,lin
travel,travel_suggestion,where do they park bicycles in Gombe?,27:32:SL:PLACE_NAME,[IN:travel_suggestion [SL:PLACE_NAME Gombe] ],PLACE_NAME: Gombe,lin
travel,travel_suggestion,What is the country doing in Tanganyika?,24:34:SL:CITY_OR_PROVINCE,[IN:travel_suggestion [SL:CITY_OR_PROVINCE Tanganyika] ],CITY_OR_PROVINCE: Tanganyika,lin
travel,travel_suggestion,What is the best place to visit in Mbandaka?,24:32:SL:CITY_OR_PROVINCE,[IN:travel_suggestion [SL:CITY_OR_PROVINCE Mbandaka] ],CITY_OR_PROVINCE: Mbandaka,lin
travel,travel_suggestion,Show me where to see in Goma ,31:35:SL:CITY_OR_PROVINCE,[IN:travel_suggestion [SL:CITY_OR_PROVINCE Goma] ],CITY_OR_PROVINCE: Goma,lin
travel,travel_suggestion,Where would you like to go on vacation?,,[IN:travel_suggestion ],,lin
utility,alarm,set off the midday alarm,15:19:SL:TIME,[IN:alarm [SL:TIME midi] ],TIME: midi,lin
utility,alarm,fire alarm in the evening ,15:21:SL:TIME,[IN:alarm [SL:TIME mpokwa] ],TIME: mpokwa,lin
utility,alarm,set the alarm for the morning ,15:21:SL:TIME,[IN:alarm [SL:TIME ntongo] ],TIME: ntongo,lin
utility,alarm,set the alarm for me,,[IN:alarm ],,lin
utility,alarm,set my alarm for 4 o'clock.,22:25:SL:TIME,[IN:alarm [SL:TIME 04h] ],TIME: 04h,lin
utility,alarm,set my alarm,,[IN:alarm ],,lin
utility,alarm,set the alarm for me.,,[IN:alarm ],,lin
utility,alarm,set off the alarm for Ebengo ,19:25:SL:PERSONAL_NAME,[IN:alarm [SL:PERSONAL_NAME Ebengo] ],PERSONAL_NAME: Ebengo,lin
utility,alarm,set off the alarm for Selenga to go to the zingida market,"19:26:SL:PERSONAL_NAME,47:54:SL:PLACE_NAME",[IN:alarm [SL:PERSONAL_NAME Selenga] [SL:PLACE_NAME zingida] ],PERSONAL_NAME: Selenga $$ PLACE_NAME: zingida,lin
utility,alarm,set the alarm to wake me up on time ,,[IN:alarm ],,lin
utility,alarm,set off the night alarm,15:19:SL:TIME,[IN:alarm [SL:TIME butu] ],TIME: butu,lin
utility,alarm,set off the alarm in the afternoon ,,[IN:alarm ],,lin
utility,alarm,tell Ambito to go to school with the alarm.,7:13:SL:PERSONAL_NAME,[IN:alarm [SL:PERSONAL_NAME Ambito] ],PERSONAL_NAME: Ambito,lin
utility,alarm,set the alarm for us ,,[IN:alarm ],,lin
utility,alarm,don't give me an alarm for the bus fare,,[IN:alarm ],,lin
utility,alarm,we should set our alarm for 4am.,"34:37:SL:TIME,41:47:SL:TIME",[IN:alarm [SL:TIME 04h] [SL:TIME ntongo] ],TIME: 04h $$ TIME: ntongo,lin
utility,alarm,set off the solar alarm ,,[IN:alarm ],,lin
utility,alarm,please leave the alarm on.,7:12:SL:PERSONAL_NAME,[IN:alarm [SL:PERSONAL_NAME Mbuyi] ],PERSONAL_NAME: Mbuyi,lin
utility,alarm,set the alarm for the Goat ,7:16:SL:PERSONAL_NAME,[IN:alarm [SL:PERSONAL_NAME Tshimanga] ],PERSONAL_NAME: Tshimanga,lin
utility,alarm,set the Mbombo alarm for 4 o'clock ,"7:13:SL:PERSONAL_NAME,24:27:SL:TIME",[IN:alarm [SL:PERSONAL_NAME Mbombo] [SL:TIME 04h] ],PERSONAL_NAME: Mbombo $$ TIME: 04h,lin
utility,alarm,Listen to the alarm,7:12:SL:PERSONAL_NAME,[IN:alarm [SL:PERSONAL_NAME Mbiye] ],PERSONAL_NAME: Mbiye,lin
utility,alarm,listen to the Selenga alarm ,7:14:SL:PERSONAL_NAME,[IN:alarm [SL:PERSONAL_NAME Selenga] ],PERSONAL_NAME: Selenga,lin
utility,alarm,set the alarm for him,,[IN:alarm ],,lin
utility,alarm,my alarm goes off on time ,24:30:SL:TIME,[IN:alarm [SL:TIME ntango] ],TIME: ntango,lin
utility,alarm,set my alarm at night ,25:29:SL:TIME,[IN:alarm [SL:TIME butu] ],TIME: butu,lin
utility,alarm,set my alarm in the morning ,22:31:SL:TIME,[IN:alarm [SL:TIME na ntongo] ],TIME: na ntongo,lin
utility,alarm,set an alarm to wake you up on time,,[IN:alarm ],,lin
utility,alarm,set my alarm to go off.,,[IN:alarm ],,lin
utility,alarm,set my alarm to go off in the evening ,33:42:SL:TIME,[IN:alarm [SL:TIME na mpokwa] ],TIME: na mpokwa,lin
utility,alarm,set my alarm for 12 o'clock.,35:38:SL:TIME,[IN:alarm [SL:TIME 12h] ],TIME: 12h,lin
utility,alarm,set my alarm for tomorrow,29:33:SL:DATE,[IN:alarm [SL:DATE lobi] ],DATE: lobi,lin
utility,alarm,set her alarm for the morning.,33:39:SL:TIME,[IN:alarm [SL:TIME ntongo] ],TIME: ntongo,lin
utility,alarm,set up an alarm for me,,[IN:alarm ],,lin
utility,alarm,set my alarm for tomorrow,31:35:SL:DATE,[IN:alarm [SL:DATE lobi] ],DATE: lobi,lin
utility,alarm,set me an alarm for our meeting ,,[IN:alarm ],,lin
utility,alarm,I should have my alarm set for 4am.,33:36:SL:TIME,[IN:alarm [SL:TIME 04h] ],TIME: 04h,lin
utility,alarm,set my alarm,,[IN:alarm ],,lin
utility,alarm,turn on the Engbongo alarm,18:26:SL:PERSONAL_NAME,[IN:alarm [SL:PERSONAL_NAME Engbongo] ],PERSONAL_NAME: Engbongo,lin
utility,alarm,I want my alarm to go off between 00:00 and 01:00 ,"32:35:SL:TIME,41:44:SL:TIME",[IN:alarm [SL:TIME 00h] [SL:TIME 01h] ],TIME: 00h $$ TIME: 01h,lin
utility,alarm,should I set your alarm?,,[IN:alarm ],,lin
utility,alarm,I set the alarm to go off at 4 o'clock.,27:30:SL:TIME,[IN:alarm [SL:TIME 16h] ],TIME: 16h,lin
utility,alarm,I set the alarm for 5am.,17:20:SL:TIME,[IN:alarm [SL:TIME 05h] ],TIME: 05h,lin
utility,alarm,can you set my alarm?,,[IN:alarm ],,lin
utility,alarm,can you set the alarm for me?,,[IN:alarm ],,lin
utility,alarm,can you set my alarm for tomorrow morning?,"37:41:SL:DATE,42:51:SL:TIME",[IN:alarm [SL:DATE lobi] [SL:TIME na ntongo] ],DATE: lobi $$ TIME: na ntongo,lin
utility,alarm,activate the false alarm ,17:23:SL:PERSONAL_NAME,[IN:alarm [SL:PERSONAL_NAME Lukusa] ],PERSONAL_NAME: Lukusa,lin
utility,alarm,activate the alarm for Tshibola ,17:25:SL:PERSONAL_NAME,[IN:alarm [SL:PERSONAL_NAME Tshibola] ],PERSONAL_NAME: Tshibola,lin
utility,alarm,programmed his alarm to work properly,,[IN:alarm ],,lin
utility,alarm,Set the alarm to go off.,,[IN:alarm ],,lin
utility,alarm,set the alarm to go off during the day and evening ,"25:31:SL:TIME,42:48:SL:TIME",[IN:alarm [SL:TIME ntango] [SL:TIME mpokwa] ],TIME: ntango $$ TIME: mpokwa,lin
utility,alarm,set off the alarm so that the cabin crew can no longer miss the plane,16:23:SL:PERSONAL_NAME,[IN:alarm [SL:PERSONAL_NAME kabongo] ],PERSONAL_NAME: kabongo,lin
utility,alarm,set the alarm for the evening ,19:25:SL:TIME,[IN:alarm [SL:TIME mpokwa] ],TIME: mpokwa,lin
utility,alarm,set the alarm to wake us up early.,,[IN:alarm ],,lin
utility,alarm,set the alarm for me at 2am.,15:18:SL:TIME,[IN:alarm [SL:TIME 02h] ],TIME: 02h,lin
utility,alarm,set off the alarm at 3am at 5am,"25:28:SL:TIME,42:45:SL:TIME",[IN:alarm [SL:TIME 03h] [SL:TIME 05h] ],TIME: 03h $$ TIME: 05h,lin
utility,alarm,set the alarm for 5am on my phone ,"15:18:SL:TIME,22:31:SL:SHOPPING_ITEM",[IN:alarm [SL:TIME 05h] [SL:SHOPPING_ITEM téléphone] ],TIME: 05h $$ SHOPPING_ITEM: téléphone,lin
utility,alarm,set the Mandjo alarm to go off in the morning ,"15:21:SL:PERSONAL_NAME,35:41:SL:TIME",[IN:alarm [SL:PERSONAL_NAME Mandjo] [SL:TIME ntongo] ],PERSONAL_NAME: Mandjo $$ TIME: ntongo,lin
utility,alarm,set the alarm for them.,,[IN:alarm ],,lin
utility,alarm,set an alarm so that they can stay awake,,[IN:alarm ],,lin
utility,alarm,set the alarm for the evening,"7:13:SL:PERSONAL_NAME,34:40:SL:TIME",[IN:alarm [SL:PERSONAL_NAME Dawili] [SL:TIME mpokwa] ],PERSONAL_NAME: Dawili $$ TIME: mpokwa,lin
utility,alarm,set the alarm for Kabangu to travel,7:14:SL:PERSONAL_NAME,[IN:alarm [SL:PERSONAL_NAME Kabangu] ],PERSONAL_NAME: Kabangu,lin
utility,alarm,set the alarm for Mbombo to wake him up in the morning ,"7:13:SL:PERSONAL_NAME,39:45:SL:TIME",[IN:alarm [SL:PERSONAL_NAME Mbombo] [SL:TIME ntongo] ],PERSONAL_NAME: Mbombo $$ TIME: ntongo,lin
utility,alarm,set the alarm for me before he leaves.,,[IN:alarm ],,lin
utility,alarm,set me an alarm for tomorrow ,26:30:SL:DATE,[IN:alarm [SL:DATE lobi] ],DATE: lobi,lin
utility,alarm,set me an alarm for Saturday,26:32:SL:DATE,[IN:alarm [SL:DATE samedi] ],DATE: samedi,lin
utility,alarm,set my alarm for me because I'm going to travel tomorrow morning,"35:39:SL:DATE,43:49:SL:TIME",[IN:alarm [SL:DATE lobi] [SL:TIME ntongo] ],DATE: lobi $$ TIME: ntongo,lin
utility,alarm,set my alarm for 5 o'clock.,22:25:SL:TIME,[IN:alarm [SL:TIME 05h] ],TIME: 05h,lin
utility,alarm,set my alarm for 8 o'clock.,22:25:SL:TIME,[IN:alarm [SL:TIME 08h] ],TIME: 08h,lin
utility,alarm,set her alarm for 3 o'clock so she can read at night,"20:23:SL:TIME,35:42:SL:TIME",[IN:alarm [SL:TIME 03h] [SL:TIME na butu] ],TIME: 03h $$ TIME: na butu,lin
utility,alarm,set two alarms for him ,,[IN:alarm ],,lin
utility,alarm,set the Zondo alarm to go off in the morning ,"7:12:SL:PERSONAL_NAME,30:39:SL:TIME",[IN:alarm [SL:PERSONAL_NAME Zondo] [SL:TIME na ntongo] ],PERSONAL_NAME: Zondo $$ TIME: na ntongo,lin
utility,alarm,we need an alarm at 3am to get a car to travel ,23:26:SL:TIME,[IN:alarm [SL:TIME 03h] ],TIME: 03h,lin
utility,alarm,Set the alarm for 3am to study,17:20:SL:TIME,[IN:alarm [SL:TIME 03h] ],TIME: 03h,lin
utility,alarm,set the alarm for Mosengo because he wants to sleep more.,9:16:SL:PERSONAL_NAME,[IN:alarm [SL:PERSONAL_NAME Mosengo] ],PERSONAL_NAME: Mosengo,lin
utility,alarm,set my alarm for 8am,"24:27:SL:TIME,31:37:SL:TIME",[IN:alarm [SL:TIME 08h] [SL:TIME ntongo] ],TIME: 08h $$ TIME: ntongo,lin
utility,alarm,wake them up with an alarm ,,[IN:alarm ],,lin
utility,alarm,set off the alarm to prevent them from being late for worship.,,[IN:alarm ],,lin
utility,alarm,Set an alarm to wake you up at night,28:32:SL:TIME,[IN:alarm [SL:TIME butu] ],TIME: butu,lin
utility,alarm,set the alarm for 5am.,"15:18:SL:TIME,22:28:SL:TIME",[IN:alarm [SL:TIME 05h] [SL:TIME ntongo] ],TIME: 05h $$ TIME: ntongo,lin
utility,alarm,we should set an alarm for ourselves ,,[IN:alarm ],,lin
utility,make_call,Boengela is a mechanic.,6:14:SL:PERSONAL_NAME,[IN:make_call [SL:PERSONAL_NAME Boengela] ],PERSONAL_NAME: Boengela,lin
utility,make_call,call Elende to see if they are well,6:12:SL:PERSONAL_NAME,[IN:make_call [SL:PERSONAL_NAME Elende] ],PERSONAL_NAME: Elende,lin
utility,make_call,call the doctor because I am sick.,,[IN:make_call ],,lin
utility,make_call,Call Joy to come to my house.,6:13:SL:PERSONAL_NAME,[IN:make_call [SL:PERSONAL_NAME Mosengo] ],PERSONAL_NAME: Mosengo,lin
utility,make_call,Call the baker.,13:17:SL:DISH_OR_FOOD,[IN:make_call [SL:DISH_OR_FOOD mapa] ],DISH_OR_FOOD: mapa,lin
utility,make_call,call the hospital number ,,[IN:make_call ],,lin
utility,make_call,call father Mbumba out right now ,"11:17:SL:PERSONAL_NAME,29:35:SL:TIME",[IN:make_call [SL:PERSONAL_NAME Mbumba] [SL:TIME sikoyo] ],PERSONAL_NAME: Mbumba $$ TIME: sikoyo,lin
utility,make_call,call me the security guard of the Sulutani Hotel ,26:40:SL:HOTEL_NAME,[IN:make_call [SL:HOTEL_NAME hôtel Sulutani] ],HOTEL_NAME: hôtel Sulutani,lin
utility,make_call,Call me my classmates ,,[IN:make_call ],,lin
utility,make_call,Call me Father Zanga who sells on the street corner ,18:23:SL:PERSONAL_NAME,[IN:make_call [SL:PERSONAL_NAME Zanga] ],PERSONAL_NAME: Zanga,lin
utility,make_call,Call for help immediately to the brothers.,,[IN:make_call ],,lin
utility,make_call,call me now if you need any help.,13:19:SL:TIME,[IN:make_call [SL:TIME sikoyo] ],TIME: sikoyo,lin
utility,make_call,call me Andulu teacher of my son ,15:21:SL:PERSONAL_NAME,[IN:make_call [SL:PERSONAL_NAME Andulu] ],PERSONAL_NAME: Andulu,lin
utility,make_call,what time should I call the United States?,26:36:SL:COUNTRY,[IN:make_call [SL:COUNTRY États-Unis] ],COUNTRY: États-Unis,lin
utility,make_call,I have sent for you to call Mongbende now,"17:26:SL:PERSONAL_NAME,27:33:SL:TIME",[IN:make_call [SL:PERSONAL_NAME Mongbende] [SL:TIME sikoyo] ],PERSONAL_NAME: Mongbende $$ TIME: sikoyo,lin
utility,make_call,I have to call my father who sells chicken to buy chicken.,"17:22:SL:DISH_OR_FOOD,56:61:SL:DISH_OR_FOOD",[IN:make_call [SL:DISH_OR_FOOD nsoso] [SL:DISH_OR_FOOD nsoso] ],DISH_OR_FOOD: nsoso $$ DISH_OR_FOOD: nsoso,lin
utility,make_call,strangers need your attention,,[IN:make_call ],,lin
utility,make_call,Call Akonda and let's go out together ,6:12:SL:PERSONAL_NAME,[IN:make_call [SL:PERSONAL_NAME Akonda] ],PERSONAL_NAME: Akonda,lin
utility,make_call,call my classmates ,,[IN:make_call ],,lin
utility,make_call,Call our staff ,,[IN:make_call ],,lin
utility,make_call,call the museum now ,"6:15:SL:PERSONAL_NAME,16:22:SL:TIME",[IN:make_call [SL:PERSONAL_NAME Bokumusio] [SL:TIME sikoyo] ],PERSONAL_NAME: Bokumusio $$ TIME: sikoyo,lin
utility,make_call,call the priest immediately before the car leaves.,6:14:SL:PERSONAL_NAME,[IN:make_call [SL:PERSONAL_NAME Bonganga] ],PERSONAL_NAME: Bonganga,lin
utility,make_call,Call Bwangi is the wife of Mombolo ,"6:12:SL:PERSONAL_NAME,26:33:SL:PERSONAL_NAME",[IN:make_call [SL:PERSONAL_NAME Bwangi] [SL:PERSONAL_NAME Mombolo] ],PERSONAL_NAME: Bwangi $$ PERSONAL_NAME: Mombolo,lin
utility,make_call,Call Ebenya and tell her I need her,6:12:SL:PERSONAL_NAME,[IN:make_call [SL:PERSONAL_NAME Ebenya] ],PERSONAL_NAME: Ebenya,lin
utility,make_call,Call Esau to come home now.,"6:11:SL:PERSONAL_NAME,25:31:SL:TIME",[IN:make_call [SL:PERSONAL_NAME Ezabu] [SL:TIME sikoyo] ],PERSONAL_NAME: Ezabu $$ TIME: sikoyo,lin
utility,make_call,call Kalondji to stop the violence,6:14:SL:PERSONAL_NAME,[IN:make_call [SL:PERSONAL_NAME Kalondji] ],PERSONAL_NAME: Kalondji,lin
utility,make_call,call the Chief,6:13:SL:PERSONAL_NAME,[IN:make_call [SL:PERSONAL_NAME Kasongo] ],PERSONAL_NAME: Kasongo,lin
utility,make_call,Call my mother.,11:16:SL:PERSONAL_NAME,[IN:make_call [SL:PERSONAL_NAME Mbuyi] ],PERSONAL_NAME: Mbuyi,lin
utility,make_call,Call my mother Nyambuya ,11:19:SL:PERSONAL_NAME,[IN:make_call [SL:PERSONAL_NAME Nyambuya] ],PERSONAL_NAME: Nyambuya,lin
utility,make_call,Call Mambweni to travel with us.,6:14:SL:PERSONAL_NAME,[IN:make_call [SL:PERSONAL_NAME Mambweni] ],PERSONAL_NAME: Mambweni,lin
utility,make_call,call mango quickly we are sitting here waiting for him,6:11:SL:PERSONAL_NAME,[IN:make_call [SL:PERSONAL_NAME Mango] ],PERSONAL_NAME: Mango,lin
utility,make_call,Call Mbombo to follow me to work ,6:12:SL:PERSONAL_NAME,[IN:make_call [SL:PERSONAL_NAME Mbombo] ],PERSONAL_NAME: Mbombo,lin
utility,make_call,Call Miako to pick up the children from school.,6:11:SL:PERSONAL_NAME,[IN:make_call [SL:PERSONAL_NAME Miako] ],PERSONAL_NAME: Miako,lin
utility,make_call,Call the poor man.,16:24:SL:PERSONAL_NAME,[IN:make_call [SL:PERSONAL_NAME Tshibola] ],PERSONAL_NAME: Tshibola,lin
utility,make_call,Call Master on his wife's phone.,"6:13:SL:PERSONAL_NAME,17:26:SL:SHOPPING_ITEM",[IN:make_call [SL:PERSONAL_NAME Molongi] [SL:SHOPPING_ITEM téléphone] ],PERSONAL_NAME: Molongi $$ SHOPPING_ITEM: téléphone,lin
utility,make_call,call his friend Mazula ,20:26:SL:PERSONAL_NAME,[IN:make_call [SL:PERSONAL_NAME Mazula] ],PERSONAL_NAME: Mazula,lin
utility,make_call,call the police immediately,6:11:SL:PERSONAL_NAME,[IN:make_call [SL:PERSONAL_NAME Ndilu] ],PERSONAL_NAME: Ndilu,lin
utility,make_call,Call the Englishman to come quickly,6:13:SL:PERSONAL_NAME,[IN:make_call [SL:PERSONAL_NAME Ngeleka] ],PERSONAL_NAME: Ngeleka,lin
utility,make_call,Call the number of the ring,16:22:SL:PERSONAL_NAME,[IN:make_call [SL:PERSONAL_NAME Nsongo] ],PERSONAL_NAME: Nsongo,lin
utility,make_call,call a restaurant to get me something to eat.,,[IN:make_call ],,lin
utility,make_call,call Samba and tell him that I am angry with what he has done,6:11:SL:PERSONAL_NAME,[IN:make_call [SL:PERSONAL_NAME Samba] ],PERSONAL_NAME: Samba,lin
utility,make_call,Call your dad to tell him how your day was.,,[IN:make_call ],,lin
utility,make_call,Call Tembo on the pay phone.,6:11:SL:PERSONAL_NAME,[IN:make_call [SL:PERSONAL_NAME Tembo] ],PERSONAL_NAME: Tembo,lin
utility,make_call,They can go to the market.,"6:14:SL:PERSONAL_NAME,25:30:SL:PLACE_NAME",[IN:make_call [SL:PERSONAL_NAME Tshibola] [SL:PLACE_NAME zando] ],PERSONAL_NAME: Tshibola $$ PLACE_NAME: zando,lin
utility,make_call,call Moembu his fellow marketers ,"8:14:SL:PERSONAL_NAME,32:37:SL:PLACE_NAME",[IN:make_call [SL:PERSONAL_NAME Moembu] [SL:PLACE_NAME zando] ],PERSONAL_NAME: Moembu $$ PLACE_NAME: zando,lin
utility,make_call,Call me Kamanga to leave me a bag,"13:20:SL:PERSONAL_NAME,39:42:SL:SHOPPING_ITEM",[IN:make_call [SL:PERSONAL_NAME Kamanga] [SL:SHOPPING_ITEM sac] ],PERSONAL_NAME: Kamanga $$ SHOPPING_ITEM: sac,lin
utility,make_call,call me Libuna I need him ,13:19:SL:PERSONAL_NAME,[IN:make_call [SL:PERSONAL_NAME Libuna] ],PERSONAL_NAME: Libuna,lin
utility,make_call,call me the number of Sukani ,23:29:SL:PERSONAL_NAME,[IN:make_call [SL:PERSONAL_NAME Sukani] ],PERSONAL_NAME: Sukani,lin
utility,make_call,call me the number of Tshilenge now ,"23:32:SL:PERSONAL_NAME,33:39:SL:TIME",[IN:make_call [SL:PERSONAL_NAME Tshilenge] [SL:TIME sikoyo] ],PERSONAL_NAME: Tshilenge $$ TIME: sikoyo,lin
utility,make_call,call me rebecca ,13:20:SL:PERSONAL_NAME,[IN:make_call [SL:PERSONAL_NAME Rebecca] ],PERSONAL_NAME: Rebecca,lin
utility,make_call,Calling for a Judge,11:16:SL:PERSONAL_NAME,[IN:make_call [SL:PERSONAL_NAME Nzuzi] ],PERSONAL_NAME: Nzuzi,lin
utility,make_call,we all here should call Ntedika ,33:40:SL:PERSONAL_NAME,[IN:make_call [SL:PERSONAL_NAME Ntedika] ],PERSONAL_NAME: Ntedika,lin
utility,make_call,call me Molangi to buy some milk ,"15:22:SL:PERSONAL_NAME,34:41:SL:SHOPPING_ITEM",[IN:make_call [SL:PERSONAL_NAME Molangi] [SL:SHOPPING_ITEM bilanba] ],PERSONAL_NAME: Molangi $$ SHOPPING_ITEM: bilanba,lin
utility,make_call,I'm sorry call Nyamboko and bring me the money,16:24:SL:PERSONAL_NAME,[IN:make_call [SL:PERSONAL_NAME Nyamboko] ],PERSONAL_NAME: Nyamboko,lin
utility,make_call,you should call Monengabi ,18:27:SL:PERSONAL_NAME,[IN:make_call [SL:PERSONAL_NAME Monengabi] ],PERSONAL_NAME: Monengabi,lin
utility,make_call,you should call Nzemawa to talk to his wife ,18:25:SL:PERSONAL_NAME,[IN:make_call [SL:PERSONAL_NAME Nzemawa] ],PERSONAL_NAME: Nzemawa,lin
utility,make_call,it is better to call Bangala ,21:28:SL:PERSONAL_NAME,[IN:make_call [SL:PERSONAL_NAME Bangala] ],PERSONAL_NAME: Bangala,lin
utility,make_call,Write down Damido's number so I can call him.,15:21:SL:PERSONAL_NAME,[IN:make_call [SL:PERSONAL_NAME Damido] ],PERSONAL_NAME: Damido,lin
utility,make_call,The Monkey is the solution ,7:13:SL:PERSONAL_NAME,[IN:make_call [SL:PERSONAL_NAME Mukoko] ],PERSONAL_NAME: Mukoko,lin
utility,make_call,I called Maboso today ,"8:14:SL:PERSONAL_NAME,15:19:SL:DATE",[IN:make_call [SL:PERSONAL_NAME Maboso] [SL:DATE lelo] ],PERSONAL_NAME: Maboso $$ DATE: lelo,lin
utility,make_call,I called Mangongo to say hello to him.,8:16:SL:PERSONAL_NAME,[IN:make_call [SL:PERSONAL_NAME Mangongo] ],PERSONAL_NAME: Mangongo,lin
utility,make_call,what should I call my company?,,[IN:make_call ],,lin
utility,make_call,I have to call Mabiala.,18:25:SL:PERSONAL_NAME,[IN:make_call [SL:PERSONAL_NAME Mabiala] ],PERSONAL_NAME: Mabiala,lin
utility,make_call,when will you call Makuma?,9:15:SL:PERSONAL_NAME,[IN:make_call [SL:PERSONAL_NAME Makuma] ],PERSONAL_NAME: Makuma,lin
utility,make_call,can you call Ebenga ?,14:20:SL:PERSONAL_NAME,[IN:make_call [SL:PERSONAL_NAME Ebenga] ],PERSONAL_NAME: Ebenga,lin
utility,make_call,can you call it a lie?,14:20:SL:PERSONAL_NAME,[IN:make_call [SL:PERSONAL_NAME Kokusa] ],PERSONAL_NAME: Kokusa,lin
utility,make_call,can you call Mavinga?,14:21:SL:PERSONAL_NAME,[IN:make_call [SL:PERSONAL_NAME Mavinga] ],PERSONAL_NAME: Mavinga,lin
utility,make_call,can you call me Limbomba?,21:29:SL:PERSONAL_NAME,[IN:make_call [SL:PERSONAL_NAME Limbomba] ],PERSONAL_NAME: Limbomba,lin
utility,make_call,"You should call me ""Sweetie"".",24:31:SL:PERSONAL_NAME,[IN:make_call [SL:PERSONAL_NAME Kabamba] ],PERSONAL_NAME: Kabamba,lin
utility,make_call,hurry and call Lukusa.,19:25:SL:PERSONAL_NAME,[IN:make_call [SL:PERSONAL_NAME Lukusa] ],PERSONAL_NAME: Lukusa,lin
utility,make_call,The alcoholic father wants to call him,8:15:SL:PERSONAL_NAME,[IN:make_call [SL:PERSONAL_NAME molangi] ],PERSONAL_NAME: molangi,lin
utility,make_call,tell Mboyo to call Ndongo because they need him at work ,"7:12:SL:PERSONAL_NAME,20:26:SL:PERSONAL_NAME",[IN:make_call [SL:PERSONAL_NAME Mboyo] [SL:PERSONAL_NAME Ndongo] ],PERSONAL_NAME: Mboyo $$ PERSONAL_NAME: Ndongo,lin
utility,make_call,Call Mbali in the evening ,"6:11:SL:PERSONAL_NAME,15:21:SL:TIME",[IN:make_call [SL:PERSONAL_NAME Mbali] [SL:TIME mpokwa] ],PERSONAL_NAME: Mbali $$ TIME: mpokwa,lin
utility,make_call,The guest may have arrived at home.,6:14:SL:PERSONAL_NAME,[IN:make_call [SL:PERSONAL_NAME Tshianyi] ],PERSONAL_NAME: Tshianyi,lin
utility,make_call,Call him Bonkofo ,11:18:SL:PERSONAL_NAME,[IN:make_call [SL:PERSONAL_NAME Bonkofo] ],PERSONAL_NAME: Bonkofo,lin
utility,make_call,You should call my mother Bali ,23:27:SL:PERSONAL_NAME,[IN:make_call [SL:PERSONAL_NAME Bali] ],PERSONAL_NAME: Bali,lin
utility,make_call,before writing we should call the Editor,35:41:SL:PERSONAL_NAME,[IN:make_call [SL:PERSONAL_NAME Monama] ],PERSONAL_NAME: Monama,lin
utility,make_call,before entering the hospital you should call Fambio ,45:51:SL:PERSONAL_NAME,[IN:make_call [SL:PERSONAL_NAME Fambio] ],PERSONAL_NAME: Fambio,lin
utility,make_call,to do the work one must call the Twins,38:46:SL:PERSONAL_NAME,[IN:make_call [SL:PERSONAL_NAME Mbilongo] ],PERSONAL_NAME: Mbilongo,lin
utility,make_call,I have to call Samato.,18:24:SL:PERSONAL_NAME,[IN:make_call [SL:PERSONAL_NAME Samato] ],PERSONAL_NAME: Samato,lin
utility,share_location,Show the dress to Masamba my position ,"7:14:SL:PERSONAL_NAME,18:25:SL:PERSONAL_NAME",[IN:share_location [SL:PERSONAL_NAME mulamba] [SL:PERSONAL_NAME Masamba] ],PERSONAL_NAME: mulamba $$ PERSONAL_NAME: Masamba,lin
utility,share_location,Show Julie and Adele where I am now ,"7:12:SL:PERSONAL_NAME,16:21:SL:PERSONAL_NAME,37:43:SL:TIME",[IN:share_location [SL:PERSONAL_NAME Julie] [SL:PERSONAL_NAME Adèle] [SL:TIME sikoyo] ],PERSONAL_NAME: Julie $$ PERSONAL_NAME: Adèle $$ TIME: sikoyo,lin
utility,share_location,Show me the trouble with the weight where I am now ,"7:13:SL:PERSONAL_NAME,17:23:SL:PERSONAL_NAME,35:41:SL:TIME",[IN:share_location [SL:PERSONAL_NAME Matata] [SL:PERSONAL_NAME muzito] [SL:TIME Sikoyo] ],PERSONAL_NAME: Matata $$ PERSONAL_NAME: muzito $$ TIME: Sikoyo,lin
utility,share_location,show the lines in the Musangu where I am now ,"7:14:SL:PERSONAL_NAME,18:25:SL:PERSONAL_NAME,39:45:SL:TIME",[IN:share_location [SL:PERSONAL_NAME milonga] [SL:PERSONAL_NAME Musangu] [SL:TIME sikoyo] ],PERSONAL_NAME: milonga $$ PERSONAL_NAME: Musangu $$ TIME: sikoyo,lin
utility,share_location,Show Nguari where I am,7:13:SL:PERSONAL_NAME,[IN:share_location [SL:PERSONAL_NAME Nguari] ],PERSONAL_NAME: Nguari,lin
utility,share_location,How can I tell Ley where I am now?,"28:31:SL:PERSONAL_NAME,43:49:SL:TIME",[IN:share_location [SL:PERSONAL_NAME Ley] [SL:TIME Sikoyo] ],PERSONAL_NAME: Ley $$ TIME: Sikoyo,lin
utility,share_location,Give my masters my position ,,[IN:share_location ],,lin
utility,share_location,Give them my position.,,[IN:share_location ],,lin
utility,share_location,Give my position to Kalambayi in Ngalu Ngalu ,"31:40:SL:PERSONAL_NAME,44:55:SL:PERSONAL_NAME",[IN:share_location [SL:PERSONAL_NAME Kalambayi] [SL:PERSONAL_NAME Ngalu Ngalu] ],PERSONAL_NAME: Kalambayi $$ PERSONAL_NAME: Ngalu Ngalu,lin
utility,share_location,Give my position to sandy and sandra ,"31:37:SL:PERSONAL_NAME,41:46:SL:PERSONAL_NAME",[IN:share_location [SL:PERSONAL_NAME Sandra] [SL:PERSONAL_NAME sandy] ],PERSONAL_NAME: Sandra $$ PERSONAL_NAME: sandy,lin
utility,share_location,Take him to the standing position now ,26:32:SL:TIME,[IN:share_location [SL:TIME sikoyo] ],TIME: sikoyo,lin
utility,share_location,Send me my position first now ,"8:16:SL:PERSONAL_NAME,34:40:SL:TIME",[IN:share_location [SL:PERSONAL_NAME Kiabanza] [SL:TIME Sikoyo] ],PERSONAL_NAME: Kiabanza $$ TIME: Sikoyo,lin
utility,share_location,Tell Malau and Emomo where I am now ,"7:12:SL:PERSONAL_NAME,16:21:SL:PERSONAL_NAME,35:41:SL:TIME",[IN:share_location [SL:PERSONAL_NAME Malau] [SL:PERSONAL_NAME Emomo] [SL:TIME sikoyo] ],PERSONAL_NAME: Malau $$ PERSONAL_NAME: Emomo $$ TIME: sikoyo,lin
utility,share_location,Tell the tree in Ilunga where I am now ,"7:11:SL:PERSONAL_NAME,15:21:SL:PERSONAL_NAME,33:39:SL:TIME",[IN:share_location [SL:PERSONAL_NAME Mbau] [SL:PERSONAL_NAME Ilunga] [SL:TIME Sikoyo] ],PERSONAL_NAME: Mbau $$ PERSONAL_NAME: Ilunga $$ TIME: Sikoyo,lin
utility,share_location,Tell me where I stand now ,28:34:SL:TIME,[IN:share_location [SL:TIME sikoyo] ],TIME: sikoyo,lin
utility,share_location,Tell him where I am now.,21:27:SL:TIME,[IN:share_location [SL:TIME Sikoyo] ],TIME: Sikoyo,lin
utility,share_location,Give my position to the clothmaker in Masamba ,"31:38:SL:PERSONAL_NAME,42:49:SL:PERSONAL_NAME",[IN:share_location [SL:PERSONAL_NAME mulamba] [SL:PERSONAL_NAME Masamba] ],PERSONAL_NAME: mulamba $$ PERSONAL_NAME: Masamba,lin
utility,share_location,Tell the chief and the judge where I am now.,37:43:SL:TIME,[IN:share_location [SL:TIME sikoyo] ],TIME: sikoyo,lin
utility,share_location,Show the masters where I stand now,33:39:SL:TIME,[IN:share_location [SL:TIME sikoyo] ],TIME: sikoyo,lin
utility,share_location,Show the brothers where you stand Now ,32:38:SL:TIME,[IN:share_location [SL:TIME Sikoyo] ],TIME: Sikoyo,lin
utility,share_location,Show the authorities where you are now,30:36:SL:TIME,[IN:share_location [SL:TIME Sikoyo] ],TIME: Sikoyo,lin
utility,share_location,Show the authorities where they are now,29:35:SL:TIME,[IN:share_location [SL:TIME sikoyo] ],TIME: sikoyo,lin
utility,share_location,Show David where I am now.,"7:12:SL:PERSONAL_NAME,27:33:SL:TIME",[IN:share_location [SL:PERSONAL_NAME David] [SL:TIME sikoyo] ],PERSONAL_NAME: David $$ TIME: sikoyo,lin
utility,share_location,Show gyresse where I stand Now ,"7:14:SL:PERSONAL_NAME,31:37:SL:TIME",[IN:share_location [SL:PERSONAL_NAME gyresse] [SL:TIME Sikoyo] ],PERSONAL_NAME: gyresse $$ TIME: Sikoyo,lin
utility,share_location,Show Henry where I am now,"7:12:SL:PERSONAL_NAME,26:32:SL:TIME",[IN:share_location [SL:PERSONAL_NAME Henry] [SL:TIME sikoyo] ],PERSONAL_NAME: Henry $$ TIME: sikoyo,lin
utility,share_location,Show Jeff where I am now.,"7:11:SL:PERSONAL_NAME,25:31:SL:TIME",[IN:share_location [SL:PERSONAL_NAME Jeff] [SL:TIME sikoyo] ],PERSONAL_NAME: Jeff $$ TIME: sikoyo,lin
utility,share_location,Show Laurent where I am now.,"7:14:SL:PERSONAL_NAME,26:32:SL:TIME",[IN:share_location [SL:PERSONAL_NAME Laurent] [SL:TIME Sikoyo] ],PERSONAL_NAME: Laurent $$ TIME: Sikoyo,lin
utility,share_location,Show Mommy where I am now.,26:32:SL:TIME,[IN:share_location [SL:TIME sikoyo] ],TIME: sikoyo,lin
utility,share_location,Show me where the vandi is now ,"7:12:SL:PERSONAL_NAME,28:34:SL:TIME",[IN:share_location [SL:PERSONAL_NAME mbuku] [SL:TIME sikoyo] ],PERSONAL_NAME: mbuku $$ TIME: sikoyo,lin
utility,share_location,Show my spouse my place in the family now.,40:46:SL:TIME,[IN:share_location [SL:TIME sikoyo] ],TIME: sikoyo,lin
utility,share_location,Show Omari and Samba where I am standing now ,"7:12:SL:PERSONAL_NAME,16:21:SL:PERSONAL_NAME,38:44:SL:TIME",[IN:share_location [SL:PERSONAL_NAME Omari] [SL:PERSONAL_NAME Samba] [SL:TIME sikoyo] ],PERSONAL_NAME: Omari $$ PERSONAL_NAME: Samba $$ TIME: sikoyo,lin
utility,share_location,Show my position on Facebook to the masters,,[IN:share_location ],,lin
utility,share_location,Show Sandra and Joel where I am now,"7:13:SL:PERSONAL_NAME,17:21:SL:PERSONAL_NAME,37:43:SL:TIME",[IN:share_location [SL:PERSONAL_NAME Sandra] [SL:PERSONAL_NAME Joël] [SL:TIME sikoyo] ],PERSONAL_NAME: Sandra $$ PERSONAL_NAME: Joël $$ TIME: sikoyo,lin
utility,share_location,Show my father where I am now.,31:37:SL:TIME,[IN:share_location [SL:TIME sikoyo] ],TIME: sikoyo,lin
utility,share_location,How can I show Louis where I am now?,"26:31:SL:PERSONAL_NAME,48:54:SL:TIME",[IN:share_location [SL:PERSONAL_NAME Louis] [SL:TIME sikoyo] ],PERSONAL_NAME: Louis $$ TIME: sikoyo,lin
utility,share_location,How did I do to tell Malau where I am now?,"25:30:SL:PERSONAL_NAME,45:51:SL:TIME",[IN:share_location [SL:PERSONAL_NAME Malau] [SL:TIME sikoyo] ],PERSONAL_NAME: Malau $$ TIME: sikoyo,lin
utility,share_location,How did I choose to show my current location,41:47:SL:TIME,[IN:share_location [SL:TIME sikoyo] ],TIME: sikoyo,lin
utility,share_location,Give the roulages my position,,[IN:share_location ],,lin
utility,share_location,Give Leonard my position now ,"5:12:SL:PERSONAL_NAME,13:19:SL:TIME",[IN:share_location [SL:PERSONAL_NAME Leonard] [SL:TIME Sikoyo] ],PERSONAL_NAME: Leonard $$ TIME: Sikoyo,lin
utility,share_location,Give me my position,5:11:SL:PERSONAL_NAME,[IN:share_location [SL:PERSONAL_NAME Nadège] ],PERSONAL_NAME: Nadège,lin
utility,share_location,Give my position to my masters,,[IN:share_location ],,lin
utility,share_location,Give my position to the authorities,,[IN:share_location ],,lin
utility,share_location,Give my position to Francis now ,"31:38:SL:PERSONAL_NAME,39:45:SL:TIME",[IN:share_location [SL:PERSONAL_NAME Francis] [SL:TIME Sikoyo] ],PERSONAL_NAME: Francis $$ TIME: Sikoyo,lin
utility,share_location,Give my position to Julie ,31:36:SL:PERSONAL_NAME,[IN:share_location [SL:PERSONAL_NAME Julie] ],PERSONAL_NAME: Julie,lin
utility,share_location,Give my position to a woman's coconut pie,,[IN:share_location ],,lin
utility,share_location,Give my position to the wonderful Adele.,"31:40:SL:PERSONAL_NAME,44:49:SL:PERSONAL_NAME",[IN:share_location [SL:PERSONAL_NAME merveille] [SL:PERSONAL_NAME Adèle] ],PERSONAL_NAME: merveille $$ PERSONAL_NAME: Adèle,lin
utility,share_location,Give my position to the reviewer ,31:38:SL:PERSONAL_NAME,[IN:share_location [SL:PERSONAL_NAME mumvudi] ],PERSONAL_NAME: mumvudi,lin
utility,share_location,Give my position a weighty role in the conflict,"31:37:SL:PERSONAL_NAME,41:47:SL:PERSONAL_NAME",[IN:share_location [SL:PERSONAL_NAME muzito] [SL:PERSONAL_NAME matata] ],PERSONAL_NAME: muzito $$ PERSONAL_NAME: matata,lin
utility,share_location,Give my position to Tabitha ,31:38:SL:PERSONAL_NAME,[IN:share_location [SL:PERSONAL_NAME Tabitha] ],PERSONAL_NAME: Tabitha,lin
utility,share_location,Give me a position on the coal,28:34:SL:PERSONAL_NAME,[IN:share_location [SL:PERSONAL_NAME makaba] ],PERSONAL_NAME: makaba,lin
utility,share_location,Look at me if Martha knows where I am now.,"17:23:SL:PERSONAL_NAME,44:50:SL:TIME",[IN:share_location [SL:PERSONAL_NAME marthe] [SL:TIME sikoyo] ],PERSONAL_NAME: marthe $$ TIME: sikoyo,lin
utility,share_location,Send my father my position now ,30:36:SL:TIME,[IN:share_location [SL:TIME Sikoyo] ],TIME: Sikoyo,lin
utility,share_location,Tell my boots where I am now.,36:42:SL:TIME,[IN:share_location [SL:TIME sikoyo] ],TIME: sikoyo,lin
utility,share_location,Tell the cops where I am now.,30:36:SL:TIME,[IN:share_location [SL:TIME sikoyo] ],TIME: sikoyo,lin
utility,share_location,Tell them where they are.,,[IN:share_location ],,lin
utility,share_location,Tell Benedict where I am standing now.,"7:16:SL:PERSONAL_NAME,33:39:SL:TIME",[IN:share_location [SL:PERSONAL_NAME Bénédicte] [SL:TIME sikoyo] ],PERSONAL_NAME: Bénédicte $$ TIME: sikoyo,lin
utility,share_location,Tell Christelle where I am now.,"7:17:SL:PERSONAL_NAME,29:35:SL:TIME",[IN:share_location [SL:PERSONAL_NAME Christelle] [SL:TIME Sikoyo] ],PERSONAL_NAME: Christelle $$ TIME: Sikoyo,lin
utility,share_location,Tell Dorcas and Miriam where I am now.,"7:13:SL:PERSONAL_NAME,17:23:SL:PERSONAL_NAME,39:45:SL:TIME",[IN:share_location [SL:PERSONAL_NAME dorcas] [SL:PERSONAL_NAME Miriam] [SL:TIME Sikoyo] ],PERSONAL_NAME: dorcas $$ PERSONAL_NAME: Miriam $$ TIME: Sikoyo,lin
utility,share_location,Tell Eric where I am now.,"7:11:SL:PERSONAL_NAME,25:31:SL:TIME",[IN:share_location [SL:PERSONAL_NAME Éric] [SL:TIME sikoyo] ],PERSONAL_NAME: Éric $$ TIME: sikoyo,lin
utility,share_location,Please tell Esther where I am now.,"7:13:SL:PERSONAL_NAME,17:22:SL:PERSONAL_NAME,36:42:SL:TIME",[IN:share_location [SL:PERSONAL_NAME Esther] [SL:PERSONAL_NAME grâce] [SL:TIME sikoyo] ],PERSONAL_NAME: Esther $$ PERSONAL_NAME: grâce $$ TIME: sikoyo,lin
utility,share_location,Tell Francis and Kevin where I am now.,"7:14:SL:PERSONAL_NAME,18:23:SL:PERSONAL_NAME,40:46:SL:TIME",[IN:share_location [SL:PERSONAL_NAME Francis] [SL:PERSONAL_NAME Kevin] [SL:TIME sikoyo] ],PERSONAL_NAME: Francis $$ PERSONAL_NAME: Kevin $$ TIME: sikoyo,lin
utility,share_location,Tell Judith where I am now.,"7:13:SL:PERSONAL_NAME,25:31:SL:TIME",[IN:share_location [SL:PERSONAL_NAME Judith] [SL:TIME Sikoyo] ],PERSONAL_NAME: Judith $$ TIME: Sikoyo,lin
utility,share_location,Tell Julie where I am,7:12:SL:PERSONAL_NAME,[IN:share_location [SL:PERSONAL_NAME Julie] ],PERSONAL_NAME: Julie,lin
utility,share_location,Tell the family where you are now.,29:35:SL:TIME,[IN:share_location [SL:TIME sikoyo] ],TIME: sikoyo,lin
utility,share_location,Tell my mother where I am now.,26:32:SL:TIME,[IN:share_location [SL:TIME sikoyo] ],TIME: sikoyo,lin
utility,share_location,Tell Martha where I am now.,"7:13:SL:PERSONAL_NAME,25:31:SL:TIME",[IN:share_location [SL:PERSONAL_NAME Marthe] [SL:TIME Sikoyo] ],PERSONAL_NAME: Marthe $$ TIME: Sikoyo,lin
utility,share_location,Tell me where I am now.,"7:12:SL:PERSONAL_NAME,27:33:SL:TIME",[IN:share_location [SL:PERSONAL_NAME Mbala] [SL:TIME sikoyo] ],PERSONAL_NAME: Mbala $$ TIME: sikoyo,lin
utility,share_location,Tell the wonder where I am now ,"7:16:SL:PERSONAL_NAME,30:36:SL:TIME",[IN:share_location [SL:PERSONAL_NAME merveille] [SL:TIME sikoyo] ],PERSONAL_NAME: merveille $$ TIME: sikoyo,lin
utility,share_location,Tell the king where you stand,7:14:SL:PERSONAL_NAME,[IN:share_location [SL:PERSONAL_NAME mokonzi] ],PERSONAL_NAME: mokonzi,lin
utility,share_location,Tell Me Where I am at home now ,29:35:SL:TIME,[IN:share_location [SL:TIME sikoyo] ],TIME: sikoyo,lin
utility,share_location,Tell my dad where I am now.,26:32:SL:TIME,[IN:share_location [SL:TIME sikoyo] ],TIME: sikoyo,lin
utility,share_location,Tell Patrice where I am standing now ,"7:14:SL:PERSONAL_NAME,31:37:SL:TIME",[IN:share_location [SL:PERSONAL_NAME Patrice] [SL:TIME sikoyo] ],PERSONAL_NAME: Patrice $$ TIME: sikoyo,lin
utility,share_location,Show Marthe where I am now.,"7:13:SL:PERSONAL_NAME,27:33:SL:TIME",[IN:share_location [SL:PERSONAL_NAME Marthe] [SL:TIME sikoyo] ],PERSONAL_NAME: Marthe $$ TIME: sikoyo,lin
utility,share_location,Show Moshengo where I am standing now ,"7:15:SL:PERSONAL_NAME,32:38:SL:TIME",[IN:share_location [SL:PERSONAL_NAME Moshengo] [SL:TIME sikoyo] ],PERSONAL_NAME: Moshengo $$ TIME: sikoyo,lin
utility,share_location,Give me my position now,"5:10:SL:PERSONAL_NAME,28:34:SL:TIME",[IN:share_location [SL:PERSONAL_NAME Mpezo] [SL:TIME Sikoyo] ],PERSONAL_NAME: Mpezo $$ TIME: Sikoyo,lin
utility,share_location,Give my position to Asumani,31:38:SL:PERSONAL_NAME,[IN:share_location [SL:PERSONAL_NAME Asumani] ],PERSONAL_NAME: Asumani,lin
utility,share_location,Send my mother my position now.,31:37:SL:TIME,[IN:share_location [SL:TIME Sikoyo] ],TIME: Sikoyo,lin
utility,share_location,Tell Bralima where I am now.,"7:14:SL:PAYMENT_COMPANY,28:34:SL:TIME",[IN:share_location [SL:PAYMENT_COMPANY Bralima] [SL:TIME sikoyo] ],PAYMENT_COMPANY: Bralima $$ TIME: sikoyo,lin
utility,share_location,Tell Doras where I am now.,"7:12:SL:PERSONAL_NAME,26:32:SL:TIME",[IN:share_location [SL:PERSONAL_NAME Doras] [SL:TIME sikoyo] ],PERSONAL_NAME: Doras $$ TIME: sikoyo,lin
utility,share_location,Tell Jean where I am now.,"7:11:SL:PERSONAL_NAME,23:29:SL:TIME",[IN:share_location [SL:PERSONAL_NAME jean] [SL:TIME Sikoyo] ],PERSONAL_NAME: jean $$ TIME: Sikoyo,lin
utility,text,I'm going to take a few hundred texts and come home,7:13:SL:PERSONAL_NAME,[IN:text [SL:PERSONAL_NAME Bakama] ],PERSONAL_NAME: Bakama,lin
utility,text,Drinking the life,7:14:SL:PERSONAL_NAME,[IN:text [SL:PERSONAL_NAME luzingu] ],PERSONAL_NAME: luzingu,lin
utility,text,Please send text messages for the evening program,"7:13:SL:PERSONAL_NAME,36:41:SL:TIME",[IN:text [SL:PERSONAL_NAME Mawete] [SL:TIME pokwa] ],PERSONAL_NAME: Mawete $$ TIME: pokwa,lin
utility,text,Help me to send a text to my dad.,,[IN:text ],,lin
utility,text,Help me with the time to drink Yedidia texto,23:30:SL:PERSONAL_NAME,[IN:text [SL:PERSONAL_NAME Yedidia] ],PERSONAL_NAME: Yedidia,lin
utility,text,Send a text to the potato pie,21:28:SL:PERSONAL_NAME,[IN:text [SL:PERSONAL_NAME malongo] ],PERSONAL_NAME: malongo,lin
utility,text,Send a text to the interpreter to come back later,21:28:SL:PERSONAL_NAME,[IN:text [SL:PERSONAL_NAME mumvudi] ],PERSONAL_NAME: mumvudi,lin
utility,text,Send a text to the Congolese embassy and I'll be on my way,21:29:SL:PERSONAL_NAME,[IN:text [SL:PERSONAL_NAME Nkongola] ],PERSONAL_NAME: Nkongola,lin
utility,text,Send your mother a good evening text.,,[IN:text ],,lin
utility,text,Send a text to the wood and the wood,8:12:SL:PERSONAL_NAME,[IN:text [SL:PERSONAL_NAME Mbau] ],PERSONAL_NAME: Mbau,lin
utility,text,Send Mushangalusa a text that I know about these things ,8:20:SL:PERSONAL_NAME,[IN:text [SL:PERSONAL_NAME Mushangalusa] ],PERSONAL_NAME: Mushangalusa,lin
utility,text,Send a text to my dad to come to the store.,,[IN:text ],,lin
utility,text,Tell them that I can hold the text.,,[IN:text ],,lin
utility,text,Tell Ginette by text that Mass is coming today.,"7:14:SL:PERSONAL_NAME,24:28:SL:DATE,29:33:SL:CALENDAR_EVENT",[IN:text [SL:PERSONAL_NAME Ginette] [SL:DATE Lelo] [SL:CALENDAR_EVENT Misa] ],PERSONAL_NAME: Ginette $$ DATE: Lelo $$ CALENDAR_EVENT: Misa,lin
utility,text,Tell mom by text Toko stay on the way,,[IN:text ],,lin
utility,text,Tell the rain in the text I'm on my way,7:16:SL:PERSONAL_NAME,[IN:text [SL:PERSONAL_NAME mvulazana] ],PERSONAL_NAME: mvulazana,lin
utility,text,Send them a text.,,[IN:text ],,lin
utility,text,Texting them,,[IN:text ],,lin
utility,text,Start a new text,,[IN:text ],,lin
utility,text,Write another text.,,[IN:text ],,lin
utility,text,Send them a text message and ask them to leave a comment.,,[IN:text ],,lin
utility,text,Thank them by text,,[IN:text ],,lin
utility,text,Drinking the people of Lubumbashi with their local texts,15:25:SL:CITY_OR_PROVINCE,[IN:text [SL:CITY_OR_PROVINCE Lubumbashi] ],CITY_OR_PROVINCE: Lubumbashi,lin
utility,text,Drinking Diavovoka text we will talk about it later,7:16:SL:PERSONAL_NAME,[IN:text [SL:PERSONAL_NAME Diavovoka] ],PERSONAL_NAME: Diavovoka,lin
utility,text,The End of the World,7:14:SL:PERSONAL_NAME,[IN:text [SL:PERSONAL_NAME Kalunga] ],PERSONAL_NAME: Kalunga,lin
utility,text,Drink some coffee we'll talk later by text,7:12:SL:PERSONAL_NAME,[IN:text [SL:PERSONAL_NAME Kiala] ],PERSONAL_NAME: Kiala,lin
utility,text,I'll be 15 minutes late by texting.,"7:13:SL:PERSONAL_NAME,40:50:SL:TIME",[IN:text [SL:PERSONAL_NAME Maboso] [SL:TIME 15 minutes] ],PERSONAL_NAME: Maboso $$ TIME: 15 minutes,lin
utility,text,Drinking vegetable text I am at home now,"7:14:SL:PERSONAL_NAME,35:41:SL:TIME",[IN:text [SL:PERSONAL_NAME masamba] [SL:TIME sikoyo] ],PERSONAL_NAME: masamba $$ TIME: sikoyo,lin
utility,text,Drinking vegetables or meet,7:14:SL:PERSONAL_NAME,[IN:text [SL:PERSONAL_NAME masamba] ],PERSONAL_NAME: masamba,lin
utility,text,I'm going to send you a text to be there soon.,7:12:SL:PERSONAL_NAME,[IN:text [SL:PERSONAL_NAME Mbuta] ],PERSONAL_NAME: Mbuta,lin
utility,text,Please text him to call me,7:12:SL:PERSONAL_NAME,[IN:text [SL:PERSONAL_NAME Mbuyi] ],PERSONAL_NAME: Mbuyi,lin
utility,text,I'm going to send you a text message.,7:14:SL:PERSONAL_NAME,[IN:text [SL:PERSONAL_NAME milonga] ],PERSONAL_NAME: milonga,lin
utility,text,I'll be there in 15 minutes.,"7:13:SL:PERSONAL_NAME,30:40:SL:TIME",[IN:text [SL:PERSONAL_NAME Nkanku] [SL:TIME 15 minutes] ],PERSONAL_NAME: Nkanku $$ TIME: 15 minutes,lin
utility,text,I'm going to go to the hospital.,7:13:SL:PERSONAL_NAME,[IN:text [SL:PERSONAL_NAME Nsimba] ],PERSONAL_NAME: Nsimba,lin
utility,text,Drinking with my dad now,22:28:SL:TIME,[IN:text [SL:TIME sikoyo] ],TIME: sikoyo,lin
utility,text,drinking Samira text from the phone,7:13:SL:PERSONAL_NAME,[IN:text [SL:PERSONAL_NAME Samira] ],PERSONAL_NAME: Samira,lin
utility,text,Drinking from your father's place in the text,,[IN:text ],,lin
utility,text,Drinking the phone to find her man,7:17:SL:PERSONAL_NAME,[IN:text [SL:PERSONAL_NAME Tshiangala] ],PERSONAL_NAME: Tshiangala,lin
utility,text,Help me to drink the kalambayi texto,24:33:SL:PERSONAL_NAME,[IN:text [SL:PERSONAL_NAME kalambayi] ],PERSONAL_NAME: kalambayi,lin
utility,text,Help me write a text,,[IN:text ],,lin
utility,text,Help me with the text.,,[IN:text ],,lin
utility,text,Help me with another text.,,[IN:text ],,lin
utility,text,Please help me send me a text,,[IN:text ],,lin
utility,text,Check me if I have any texts,,[IN:text ],,lin
utility,text,Check me if I have any texts.,,[IN:text ],,lin
utility,text,Check me if the text is gone,,[IN:text ],,lin
utility,text,Send a text to the mobile phone.,21:28:SL:PERSONAL_NAME,[IN:text [SL:PERSONAL_NAME mulumba] ],PERSONAL_NAME: mulumba,lin
utility,text,Send a text to the Ngwuizani page,21:30:SL:PERSONAL_NAME,[IN:text [SL:PERSONAL_NAME Ngwuizani] ],PERSONAL_NAME: Ngwuizani,lin
utility,text,Send Julie a text I'm on the road,9:14:SL:PERSONAL_NAME,[IN:text [SL:PERSONAL_NAME Julie] ],PERSONAL_NAME: Julie,lin
utility,text,Send them a text,,[IN:text ],,lin
utility,text,Send them some texts.,,[IN:text ],,lin
utility,text,Send them a text,,[IN:text ],,lin
utility,text,Send them greetings by text.,,[IN:text ],,lin
utility,text,Send us a text and we'll talk later,8:14:SL:PERSONAL_NAME,[IN:text [SL:PERSONAL_NAME betofe] ],PERSONAL_NAME: betofe,lin
utility,text,Send caa texto coop support,,[IN:text ],,lin
utility,text,Send a text to Kidingu,8:15:SL:PERSONAL_NAME,[IN:text [SL:PERSONAL_NAME Kidingu] ],PERSONAL_NAME: Kidingu,lin
utility,text,Send the text to Ley,8:11:SL:PERSONAL_NAME,[IN:text [SL:PERSONAL_NAME Ley] ],PERSONAL_NAME: Ley,lin
utility,text,Send me a text and I will follow you now ,"8:13:SL:PERSONAL_NAME,34:40:SL:TIME",[IN:text [SL:PERSONAL_NAME Mbala] [SL:TIME Sikoyo] ],PERSONAL_NAME: Mbala $$ TIME: Sikoyo,lin
utility,text,Send the author a text message of the invitation for the Thursday party,"8:15:SL:PERSONAL_NAME,39:43:SL:CALENDAR_EVENT,47:52:SL:DATE",[IN:text [SL:PERSONAL_NAME mukendi] [SL:CALENDAR_EVENT feti] [SL:DATE jeudi] ],PERSONAL_NAME: mukendi $$ CALENDAR_EVENT: feti $$ DATE: jeudi,lin
utility,text,Send a text to the teacher We'll talk later,8:14:SL:PERSONAL_NAME,[IN:text [SL:PERSONAL_NAME Nsenga] ],PERSONAL_NAME: Nsenga,lin
utility,text,Ask Adele by text what to buy at the market,5:10:SL:PERSONAL_NAME,[IN:text [SL:PERSONAL_NAME Adèle] ],PERSONAL_NAME: Adèle,lin
utility,text,Ask Jules by text if he will hit the iron tomorrow,"12:17:SL:PERSONAL_NAME,36:48:SL:CALENDAR_EVENT,49:53:SL:DATE",[IN:text [SL:PERSONAL_NAME Jules] [SL:CALENDAR_EVENT beta libende] [SL:DATE lobi] ],PERSONAL_NAME: Jules $$ CALENDAR_EVENT: beta libende $$ DATE: lobi,lin
utility,text,Ask me where Makwuiza is in the text,12:20:SL:PERSONAL_NAME,[IN:text [SL:PERSONAL_NAME Makwuiza] ],PERSONAL_NAME: Makwuiza,lin
utility,text,Tell me where the error in the text is?,12:20:SL:PERSONAL_NAME,[IN:text [SL:PERSONAL_NAME mayitila] ],PERSONAL_NAME: mayitila,lin
utility,text,Tell them by text I'm coming.,,[IN:text ],,lin
utility,text,Talk to them or text them,,[IN:text ],,lin
utility,text,Tell Ilunga by text that I am coming.,7:13:SL:PERSONAL_NAME,[IN:text [SL:PERSONAL_NAME Ilunga] ],PERSONAL_NAME: Ilunga,lin
utility,text,Tell Ivan by text or call later.,7:11:SL:PERSONAL_NAME,[IN:text [SL:PERSONAL_NAME Iwan] ],PERSONAL_NAME: Iwan,lin
utility,text,Tell the boss by text I'll be there in 20' ,"7:12:SL:PERSONAL_NAME,32:35:SL:TIME",[IN:text [SL:PERSONAL_NAME Mbuta] [SL:TIME 20'] ],PERSONAL_NAME: Mbuta $$ TIME: 20',lin
utility,text,Tell Muamba by text that it's starting to rain,7:13:SL:PERSONAL_NAME,[IN:text [SL:PERSONAL_NAME Muamba] ],PERSONAL_NAME: Muamba,lin
utility,text,Tell the pastor in the text again.,,[IN:text ],,lin
utility,text,Tell me Have a good night by text ,7:11:SL:PERSONAL_NAME,[IN:text [SL:PERSONAL_NAME Sala] ],PERSONAL_NAME: Sala,lin
utility,text,Drinking is a form of texting.,7:15:SL:PERSONAL_NAME,[IN:text [SL:PERSONAL_NAME kiabanza] ],PERSONAL_NAME: kiabanza,lin
utility,text,Drinking the river I'm coming,7:12:SL:PERSONAL_NAME,[IN:text [SL:PERSONAL_NAME Nzuzi] ],PERSONAL_NAME: Nzuzi,lin
utility,text,Please help me to send a text to Musangu,38:45:SL:PERSONAL_NAME,[IN:text [SL:PERSONAL_NAME Musangu] ],PERSONAL_NAME: Musangu,lin
utility,text,Help me to drink It's a good birth,23:28:SL:PERSONAL_NAME,[IN:text [SL:PERSONAL_NAME Emomo] ],PERSONAL_NAME: Emomo,lin
utility,text,Send a text to the clothing store,21:28:SL:PERSONAL_NAME,[IN:text [SL:PERSONAL_NAME mulamba] ],PERSONAL_NAME: mulamba,lin
utility,text,Send a greeting to Kalambote,8:17:SL:PERSONAL_NAME,[IN:text [SL:PERSONAL_NAME Kalambote] ],PERSONAL_NAME: Kalambote,lin
utility,text,Ask Amuri where he is in the text.,5:10:SL:PERSONAL_NAME,[IN:text [SL:PERSONAL_NAME Amuri] ],PERSONAL_NAME: Amuri,lin
utility,text,Tell the doctor by text I'll be back in an hour.,,[IN:text ],,lin
utility,time,"According to the Central Time Zone, what time is it?",,[IN:time ],,lin
utility,time,"According to the Eastern Time Zone, what time is it?",,[IN:time ],,lin
utility,time,"According to the Greenwich Mean Time, what time is it?",,[IN:time ],,lin
utility,time,"According to the Mountain Time Zone, what time is it?",,[IN:time ],,lin
utility,time,Please tell me in San Francisco what time is it now?,"24:37:SL:CITY_OR_PROVINCE,54:60:SL:TIME",[IN:time [SL:CITY_OR_PROVINCE san Francisco] [SL:TIME sikoyo] ],CITY_OR_PROVINCE: san Francisco $$ TIME: sikoyo,lin
utility,time,What time is it in Dallas?,3:9:SL:CITY_OR_PROVINCE,[IN:time [SL:CITY_OR_PROVINCE Dallas] ],CITY_OR_PROVINCE: Dallas,lin
utility,time,"In Goma, Congo what time is it now?","3:7:SL:CITY_OR_PROVINCE,9:14:SL:COUNTRY,31:37:SL:TIME",[IN:time [SL:CITY_OR_PROVINCE goma] [SL:COUNTRY Congo] [SL:TIME Sikoyo] ],CITY_OR_PROVINCE: goma $$ COUNTRY: Congo $$ TIME: Sikoyo,lin
utility,time,"In Matadi, Congo what time is it now?","3:9:SL:CITY_OR_PROVINCE,11:16:SL:COUNTRY,33:39:SL:TIME",[IN:time [SL:CITY_OR_PROVINCE Matadi] [SL:COUNTRY congo] [SL:TIME sikoyo] ],CITY_OR_PROVINCE: Matadi $$ COUNTRY: congo $$ TIME: sikoyo,lin
utility,time,We're only 6 hours away,10:18:SL:TIME,[IN:time [SL:TIME 6 heures] ],TIME: 6 heures,lin
utility,time,toast at noon,5:9:SL:TIME,[IN:time [SL:TIME midi] ],TIME: midi,lin
utility,time,"Tell ME, in Jamaica what time is it now","16:23:SL:COUNTRY,40:46:SL:TIME",[IN:time [SL:COUNTRY Jamaica] [SL:TIME sikoyo] ],COUNTRY: Jamaica $$ TIME: sikoyo,lin
utility,time,"Tell ME, in Tanzania what time is it now","16:24:SL:COUNTRY,41:47:SL:TIME",[IN:time [SL:COUNTRY Tanzanie] [SL:TIME sikoyo] ],COUNTRY: Tanzanie $$ TIME: sikoyo,lin
utility,time,tell ME What time is it in New York now,"30:36:SL:TIME,40:48:SL:CITY_OR_PROVINCE",[IN:time [SL:TIME Sikoyo] [SL:CITY_OR_PROVINCE new york] ],TIME: Sikoyo $$ CITY_OR_PROVINCE: new york,lin
utility,time,Tell ME in your prayers in Dallas What time is it?,28:34:SL:CITY_OR_PROVINCE,[IN:time [SL:CITY_OR_PROVINCE Dallas] ],CITY_OR_PROVINCE: Dallas,lin
utility,time,Tell ME in Dallas What time is it now?,"14:20:SL:CITY_OR_PROVINCE,37:43:SL:TIME",[IN:time [SL:CITY_OR_PROVINCE Dallas] [SL:TIME sikoyo] ],CITY_OR_PROVINCE: Dallas $$ TIME: sikoyo,lin
utility,time,Tell me about Dallas What time is it?,14:20:SL:CITY_OR_PROVINCE,[IN:time [SL:CITY_OR_PROVINCE Dallas] ],CITY_OR_PROVINCE: Dallas,lin
utility,time,What time is it?,,[IN:time ],,lin
utility,time,What time is it?,,[IN:time ],,lin
utility,time,What time is it?,,[IN:time ],,lin
utility,time,what time do we have,,[IN:time ],,lin
utility,time,what time is it now?,16:22:SL:TIME,[IN:time [SL:TIME sikoyo] ],TIME: sikoyo,lin
utility,time,When did they come to California?,0:10:SL:CITY_OR_PROVINCE,[IN:time [SL:CITY_OR_PROVINCE California] ],CITY_OR_PROVINCE: California,lin
utility,time,What time is it now?,"14:17:SL:CITY_OR_PROVINCE,18:24:SL:TIME",[IN:time [SL:CITY_OR_PROVINCE kin] [SL:TIME sikoyo] ],CITY_OR_PROVINCE: kin $$ TIME: sikoyo,lin
utility,time,What time is it on your watch?,14:20:SL:SHOPPING_ITEM,[IN:time [SL:SHOPPING_ITEM montre] ],SHOPPING_ITEM: montre,lin
utility,time,What time is it in Paris now?,"14:19:SL:CITY_OR_PROVINCE,20:26:SL:TIME",[IN:time [SL:CITY_OR_PROVINCE paris] [SL:TIME sikoyo] ],CITY_OR_PROVINCE: paris $$ TIME: sikoyo,lin
utility,time,What time is it in Penza now?,17:23:SL:TIME,[IN:time [SL:TIME sikoyo] ],TIME: sikoyo,lin
utility,time,What time is it in Florida now?,"11:17:SL:TIME,21:28:SL:CITY_OR_PROVINCE",[IN:time [SL:TIME sikoyo] [SL:CITY_OR_PROVINCE Floride] ],TIME: sikoyo $$ CITY_OR_PROVINCE: Floride,lin
utility,time,What time is it now?,11:17:SL:TIME,[IN:time [SL:TIME sikoyo] ],TIME: sikoyo,lin
utility,time,What time is it?,,[IN:time ],,lin
utility,time,What time is it in Kinshasa?,"6:12:SL:TIME,16:24:SL:CITY_OR_PROVINCE",[IN:time [SL:TIME sikoyo] [SL:CITY_OR_PROVINCE Kinshasa] ],TIME: sikoyo $$ CITY_OR_PROVINCE: Kinshasa,lin
utility,time,What time did you arrive?,0:3:SL:CITY_OR_PROVINCE,[IN:time [SL:CITY_OR_PROVINCE kin] ],CITY_OR_PROVINCE: kin,lin
utility,time,"according to MY time, in Kinshasa what time is it?",25:33:SL:CITY_OR_PROVINCE,[IN:time [SL:CITY_OR_PROVINCE Kinshasa] ],CITY_OR_PROVINCE: Kinshasa,lin
utility,time,"According to Alaska time zone, what time is it?",,[IN:time ],,lin
utility,time,"According to the Central Time Zone, what time is it?",,[IN:time ],,lin
utility,time,"According to Eastern Time Zone, what time is it now?",,[IN:time ],,lin
utility,time,"According to Mountain Time Zone, what time is it?",,[IN:time ],,lin
utility,time,"According to the Pacific Time Zone, what time is it?",,[IN:time ],,lin
utility,time,What time is it in London?,0:7:SL:CITY_OR_PROVINCE,[IN:time [SL:CITY_OR_PROVINCE Londres] ],CITY_OR_PROVINCE: Londres,lin
utility,time,Please tell us what time?,,[IN:time ],,lin
utility,time,"In Buenos aires, what time is it now?","3:15:SL:CITY_OR_PROVINCE,32:38:SL:TIME",[IN:time [SL:CITY_OR_PROVINCE Buenos aires] [SL:TIME Sikoyo] ],CITY_OR_PROVINCE: Buenos aires $$ TIME: Sikoyo,lin
utility,time,What time is it in China now?,"3:8:SL:COUNTRY,25:31:SL:TIME",[IN:time [SL:COUNTRY chine] [SL:TIME Sikoyo] ],COUNTRY: chine $$ TIME: Sikoyo,lin
utility,time,"In Congo, Kinshasa is what time?","3:8:SL:COUNTRY,10:18:SL:CITY_OR_PROVINCE",[IN:time [SL:COUNTRY Congo] [SL:CITY_OR_PROVINCE Kinshasa] ],COUNTRY: Congo $$ CITY_OR_PROVINCE: Kinshasa,lin
utility,time,"Eastern time, what time is it?",,[IN:time ],,lin
utility,time,"Eastern time, what time is it now?",32:38:SL:TIME,[IN:time [SL:TIME sikoyo] ],TIME: sikoyo,lin
utility,time,What time is it in Hawaii?,12:17:SL:CITY_OR_PROVINCE,[IN:time [SL:CITY_OR_PROVINCE Hawaï] ],CITY_OR_PROVINCE: Hawaï,lin
utility,time,What time is it in Peru?,12:16:SL:COUNTRY,[IN:time [SL:COUNTRY Peru] ],COUNTRY: Peru,lin
utility,time,What time will they arrive in Honolulu?,3:11:SL:CITY_OR_PROVINCE,[IN:time [SL:CITY_OR_PROVINCE Honolulu] ],CITY_OR_PROVINCE: Honolulu,lin
utility,time,What time is it in Istanbul now?,"3:11:SL:CITY_OR_PROVINCE,28:34:SL:TIME",[IN:time [SL:CITY_OR_PROVINCE Istanbul] [SL:TIME Sikoyo] ],CITY_OR_PROVINCE: Istanbul $$ TIME: Sikoyo,lin
utility,time,"In Kin, what time is it now?","3:6:SL:CITY_OR_PROVINCE,25:31:SL:TIME",[IN:time [SL:CITY_OR_PROVINCE Kin] [SL:TIME sikoyo] ],CITY_OR_PROVINCE: Kin $$ TIME: sikoyo,lin
utility,time,"When, what time?",3:6:SL:CITY_OR_PROVINCE,[IN:time [SL:CITY_OR_PROVINCE kin] ],CITY_OR_PROVINCE: kin,lin
utility,time,What time is it in North Korea now?,"3:15:SL:COUNTRY,32:38:SL:TIME",[IN:time [SL:COUNTRY Kore du nord] [SL:TIME Sikoyo] ],COUNTRY: Kore du nord $$ TIME: Sikoyo,lin
utility,time,I want to know the time,,[IN:time ],,lin
utility,time,What time is it in Mexico City?,"3:14:SL:CITY_OR_PROVINCE,31:37:SL:TIME",[IN:time [SL:CITY_OR_PROVINCE Mexico city] [SL:TIME Sikoyo] ],CITY_OR_PROVINCE: Mexico city $$ TIME: Sikoyo,lin
utility,time,In New York they say What time is it now?,"3:11:SL:CITY_OR_PROVINCE,28:34:SL:TIME",[IN:time [SL:CITY_OR_PROVINCE new york] [SL:TIME Sikoyo] ],CITY_OR_PROVINCE: new york $$ TIME: Sikoyo,lin
utility,time,What time is it now?,36:42:SL:TIME,[IN:time [SL:TIME sikoyo] ],TIME: sikoyo,lin
utility,time,"At this hour, what time are we?",3:13:SL:TIME,[IN:time [SL:TIME ngonga Oyo] ],TIME: ngonga Oyo,lin
utility,time,What time is it in New Zealand?,3:19:SL:COUNTRY,[IN:time [SL:COUNTRY nouvelle Zélande] ],COUNTRY: nouvelle Zélande,lin
utility,time,What Time Is It In Russia?,3:9:SL:COUNTRY,[IN:time [SL:COUNTRY Russie] ],COUNTRY: Russie,lin
utility,time,"In Universal Time, what time is it?",,[IN:time ],,lin
utility,time,Do you know what time Kinshasa south is now?,"15:23:SL:CITY_OR_PROVINCE,28:34:SL:TIME",[IN:time [SL:CITY_OR_PROVINCE Kinshasa] [SL:TIME sikoyo] ],CITY_OR_PROVINCE: Kinshasa $$ TIME: sikoyo,lin
utility,time,do you have a watch?,7:13:SL:SHOPPING_ITEM,[IN:time [SL:SHOPPING_ITEM montre] ],SHOPPING_ITEM: montre,lin
utility,time,Give me an hour and a minute to come,,[IN:time ],,lin
utility,time,"Now, what time is it?",0:6:SL:TIME,[IN:time [SL:TIME sikoyo] ],TIME: sikoyo,lin
utility,time,What time is it on your watch?,14:20:SL:SHOPPING_ITEM,[IN:time [SL:SHOPPING_ITEM montre] ],SHOPPING_ITEM: montre,lin
utility,time,What time is it now?,16:22:SL:TIME,[IN:time [SL:TIME sikoyo] ],TIME: sikoyo,lin
utility,time,What time are we in Penza?,,[IN:time ],,lin
utility,time,When are we?,,[IN:time ],,lin
utility,time,What time do we go?,,[IN:time ],,lin
utility,time,Tell me what time?,,[IN:time ],,lin
utility,time,tell ME in prayer when or where?,47:50:SL:CITY_OR_PROVINCE,[IN:time [SL:CITY_OR_PROVINCE kin] ],CITY_OR_PROVINCE: kin,lin
utility,time,Tell ME in prayer when we come,,[IN:time ],,lin
utility,time,What time is it?,,[IN:time ],,lin
utility,time,What Time Is It In London?,"11:17:SL:TIME,21:28:SL:CITY_OR_PROVINCE",[IN:time [SL:TIME Sikoyo] [SL:CITY_OR_PROVINCE Londres] ],TIME: Sikoyo $$ CITY_OR_PROVINCE: Londres,lin
utility,time,Is London in the morning or in the evening?,"0:7:SL:CITY_OR_PROVINCE,16:21:SL:TIME,25:30:SL:TIME",[IN:time [SL:CITY_OR_PROVINCE Londres] [SL:TIME tongo] [SL:TIME pokwa] ],CITY_OR_PROVINCE: Londres $$ TIME: tongo $$ TIME: pokwa,lin
utility,time,What time is it in France now?,"3:9:SL:COUNTRY,26:32:SL:TIME",[IN:time [SL:COUNTRY France] [SL:TIME Sikoyo] ],COUNTRY: France $$ TIME: Sikoyo,lin
utility,time,What time is it in London now?,"3:10:SL:CITY_OR_PROVINCE,27:33:SL:TIME",[IN:time [SL:CITY_OR_PROVINCE londres] [SL:TIME Sikoyo] ],CITY_OR_PROVINCE: londres $$ TIME: Sikoyo,lin
utility,time,What time is it in London?,3:10:SL:CITY_OR_PROVINCE,[IN:time [SL:CITY_OR_PROVINCE Londres] ],CITY_OR_PROVINCE: Londres,lin
utility,time,What time is it?,,[IN:time ],,lin
utility,time,Tell me the time,,[IN:time ],,lin
utility,time,Tell ME when we will be there,,[IN:time ],,lin
utility,weather,Will there be fog tomorrow at the Holy?,"17:21:SL:DATE,25:32:SL:CITY_OR_PROVINCE",[IN:weather [SL:DATE lobi] [SL:CITY_OR_PROVINCE Kisantu] ],DATE: lobi $$ CITY_OR_PROVINCE: Kisantu,lin
utility,weather,is it going to rain in Kinshasa?,17:25:SL:CITY_OR_PROVINCE,[IN:weather [SL:CITY_OR_PROVINCE Kinshasa] ],CITY_OR_PROVINCE: Kinshasa,lin
utility,weather,will it rain in the future in Gbadolite?,"17:29:SL:DATE,33:42:SL:CITY_OR_PROVINCE",[IN:weather [SL:DATE mikolo ekoya] [SL:CITY_OR_PROVINCE Gbadolite] ],DATE: mikolo ekoya $$ CITY_OR_PROVINCE: Gbadolite,lin
utility,weather,will it snow in Sankuru?,28:35:SL:CITY_OR_PROVINCE,[IN:weather [SL:CITY_OR_PROVINCE Sankuru] ],CITY_OR_PROVINCE: Sankuru,lin
utility,weather,What's the weather like today in Rutshuru?,"9:13:SL:DATE,17:25:SL:CITY_OR_PROVINCE",[IN:weather [SL:DATE lelo] [SL:CITY_OR_PROVINCE Rutshuru] ],DATE: lelo $$ CITY_OR_PROVINCE: Rutshuru,lin
utility,weather,What's the weather forecast for this week?,9:17:SL:DATE,[IN:weather [SL:DATE poso oyo] ],DATE: poso oyo,lin
utility,weather,will the wind be in the Basankusu?,18:27:SL:CITY_OR_PROVINCE,[IN:weather [SL:CITY_OR_PROVINCE Basankusu] ],CITY_OR_PROVINCE: Basankusu,lin
utility,weather,will the sun be strong today?,13:17:SL:DATE,[IN:weather [SL:DATE lelo] ],DATE: lelo,lin
utility,weather,will the sun be strong today in Bandundu?,"20:24:SL:DATE,28:36:SL:CITY_OR_PROVINCE",[IN:weather [SL:DATE lelo] [SL:CITY_OR_PROVINCE Bandundu] ],DATE: lelo $$ CITY_OR_PROVINCE: Bandundu,lin
utility,weather,give them the temperature of Lubumbashi ,26:36:SL:CITY_OR_PROVINCE,[IN:weather [SL:CITY_OR_PROVINCE Lubumbashi] ],CITY_OR_PROVINCE: Lubumbashi,lin
utility,weather,give us the degree of the sun of Mbandaka ,27:35:SL:CITY_OR_PROVINCE,[IN:weather [SL:CITY_OR_PROVINCE Mbandaka] ],CITY_OR_PROVINCE: Mbandaka,lin
utility,weather,give me the warmth that is in Moab ,31:35:SL:CITY_OR_PROVINCE,[IN:weather [SL:CITY_OR_PROVINCE Moba] ],CITY_OR_PROVINCE: Moba,lin
utility,weather,give me the temperature today,25:29:SL:DATE,[IN:weather [SL:DATE lelo] ],DATE: lelo,lin
utility,weather,Give me the temperature of the future.,25:37:SL:DATE,[IN:weather [SL:DATE mikolo ekoya] ],DATE: mikolo ekoya,lin
utility,weather,tell me the temperature there.,,[IN:weather ],,lin
utility,weather,tell me the current temperature,27:33:SL:TIME,[IN:weather [SL:TIME sikoyo] ],TIME: sikoyo,lin
utility,weather,How is journée today?,26:30:SL:DATE,[IN:weather [SL:DATE lelo] ],DATE: lelo,lin
utility,weather,how is the sky today in Kindu?,"0:4:SL:DATE,26:31:SL:CITY_OR_PROVINCE",[IN:weather [SL:DATE lelo] [SL:CITY_OR_PROVINCE Kindu] ],DATE: lelo $$ CITY_OR_PROVINCE: Kindu,lin
utility,weather,What will the sky be like in the future?,30:36:SL:CITY_OR_PROVINCE,[IN:weather [SL:CITY_OR_PROVINCE Likasi] ],CITY_OR_PROVINCE: Likasi,lin
utility,weather,What is the weather like in Kisangani today?,"28:37:SL:CITY_OR_PROVINCE,38:42:SL:DATE",[IN:weather [SL:CITY_OR_PROVINCE Kisangani] [SL:DATE lelo] ],CITY_OR_PROVINCE: Kisangani $$ DATE: lelo,lin
utility,weather,What is the weather like in Tshikapa?,28:36:SL:CITY_OR_PROVINCE,[IN:weather [SL:CITY_OR_PROVINCE Tshikapa] ],CITY_OR_PROVINCE: Tshikapa,lin
utility,weather,will the sun be strong tomorrow?,0:4:SL:DATE,[IN:weather [SL:DATE lobi] ],DATE: lobi,lin
utility,weather,how cold will it be tomorrow?,20:24:SL:DATE,[IN:weather [SL:DATE lobi] ],DATE: lobi,lin
utility,weather,how cold will it be on Thursday morning?,"23:29:SL:TIME,33:40:SL:CITY_OR_PROVINCE",[IN:weather [SL:TIME ntongo] [SL:CITY_OR_PROVINCE Kikwiti] ],TIME: ntongo $$ CITY_OR_PROVINCE: Kikwiti,lin
utility,weather,How cold is it there?,,[IN:weather ],,lin
utility,weather,how cold is it in Kananga?,21:28:SL:CITY_OR_PROVINCE,[IN:weather [SL:CITY_OR_PROVINCE Kananga] ],CITY_OR_PROVINCE: Kananga,lin
utility,weather,What will the weather be like tomorrow in Goma?,"27:31:SL:DATE,35:39:SL:CITY_OR_PROVINCE",[IN:weather [SL:DATE lobi] [SL:CITY_OR_PROVINCE Goma] ],DATE: lobi $$ CITY_OR_PROVINCE: Goma,lin
utility,weather,How many clouds are there in Kikwit?,21:28:SL:CITY_OR_PROVINCE,[IN:weather [SL:CITY_OR_PROVINCE Kikwiti] ],CITY_OR_PROVINCE: Kikwiti,lin
utility,weather,what are the clouds like in Lisala?,28:34:SL:CITY_OR_PROVINCE,[IN:weather [SL:CITY_OR_PROVINCE Lisala] ],CITY_OR_PROVINCE: Lisala,lin
utility,weather,What are the clouds like in the Pacific Ocean?,28:38:SL:CITY_OR_PROVINCE,[IN:weather [SL:CITY_OR_PROVINCE Mbuji-Mayi] ],CITY_OR_PROVINCE: Mbuji-Mayi,lin
utility,weather,Did it rain yesterday in Matwe?,"14:18:SL:DATE,22:28:SL:CITY_OR_PROVINCE",[IN:weather [SL:DATE lobi] [SL:CITY_OR_PROVINCE Matadi] ],DATE: lobi $$ CITY_OR_PROVINCE: Matadi,lin
utility,weather,is it going to rain?,,[IN:weather ],,lin
utility,weather,will it rain today in Kananga?,"14:18:SL:DATE,22:29:SL:CITY_OR_PROVINCE",[IN:weather [SL:DATE lelo] [SL:CITY_OR_PROVINCE Kananga] ],DATE: lelo $$ CITY_OR_PROVINCE: Kananga,lin
utility,weather,will it rain tomorrow?,14:18:SL:DATE,[IN:weather [SL:DATE lobi] ],DATE: lobi,lin
utility,weather,will it rain tomorrow in Matobo?,"14:18:SL:DATE,22:28:SL:CITY_OR_PROVINCE",[IN:weather [SL:DATE lobi] [SL:CITY_OR_PROVINCE Matadi] ],DATE: lobi $$ CITY_OR_PROVINCE: Matadi,lin
utility,weather,will it rain tomorrow in Mobayi?,"14:26:SL:DATE,30:36:SL:CITY_OR_PROVINCE",[IN:weather [SL:DATE mikolo ekoya] [SL:CITY_OR_PROVINCE Mobayi] ],DATE: mikolo ekoya $$ CITY_OR_PROVINCE: Mobayi,lin
utility,weather,when will it rain in Matwe?,29:35:SL:CITY_OR_PROVINCE,[IN:weather [SL:CITY_OR_PROVINCE Matadi] ],CITY_OR_PROVINCE: Matadi,lin
utility,weather,will it rain in Basankusu?,17:26:SL:CITY_OR_PROVINCE,[IN:weather [SL:CITY_OR_PROVINCE Basankusu] ],CITY_OR_PROVINCE: Basankusu,lin
utility,weather,will it rain in Gemena?,17:23:SL:CITY_OR_PROVINCE,[IN:weather [SL:CITY_OR_PROVINCE Gemena] ],CITY_OR_PROVINCE: Gemena,lin
utility,weather,will it rain in the future?,17:29:SL:DATE,[IN:weather [SL:DATE mikolo ekoya] ],DATE: mikolo ekoya,lin
utility,weather,will it rain next week?,14:30:SL:DATE,[IN:weather [SL:DATE na poso ya nsima] ],DATE: na poso ya nsima,lin
utility,weather,what does the weather say about Mbuji-Mayi?,19:29:SL:CITY_OR_PROVINCE,[IN:weather [SL:CITY_OR_PROVINCE Mbuji-Mayi] ],CITY_OR_PROVINCE: Mbuji-Mayi,lin
utility,weather,What will the future hold for Lubumbashi?,"0:12:SL:DATE,43:53:SL:CITY_OR_PROVINCE",[IN:weather [SL:DATE mikolo ekoya] [SL:CITY_OR_PROVINCE Lubumbashi] ],DATE: mikolo ekoya $$ CITY_OR_PROVINCE: Lubumbashi,lin
utility,weather,What will the future hold for Bunia?,"0:12:SL:DATE,41:46:SL:CITY_OR_PROVINCE",[IN:weather [SL:DATE mikolo ekoya] [SL:CITY_OR_PROVINCE Bunia] ],DATE: mikolo ekoya $$ CITY_OR_PROVINCE: Bunia,lin
utility,weather,What will the weather be like today in Kasangulu?,"20:24:SL:DATE,28:37:SL:CITY_OR_PROVINCE",[IN:weather [SL:DATE lelo] [SL:CITY_OR_PROVINCE Kasangulu] ],DATE: lelo $$ CITY_OR_PROVINCE: Kasangulu,lin
utility,weather,How is the weather in Kisangani?,26:35:SL:CITY_OR_PROVINCE,[IN:weather [SL:CITY_OR_PROVINCE Kisangani] ],CITY_OR_PROVINCE: Kisangani,lin
utility,weather,what will tomorrow bring?,0:14:SL:DATE,[IN:weather [SL:DATE mokolo ya lobi] ],DATE: mokolo ya lobi,lin
utility,weather,What will tomorrow be like in Lubumbashi?,"0:14:SL:DATE,38:48:SL:CITY_OR_PROVINCE",[IN:weather [SL:DATE mokolo ya lobi] [SL:CITY_OR_PROVINCE Lubumbashi] ],DATE: mokolo ya lobi $$ CITY_OR_PROVINCE: Lubumbashi,lin
utility,weather,how hot will it be in the evening?,21:30:SL:TIME,[IN:weather [SL:TIME na mpokwa] ],TIME: na mpokwa,lin
utility,weather,will it be warm tomorrow on Tuesday?,"16:20:SL:DATE,24:29:SL:CITY_OR_PROVINCE",[IN:weather [SL:DATE lobi] [SL:CITY_OR_PROVINCE Kindu] ],DATE: lobi $$ CITY_OR_PROVINCE: Kindu,lin
utility,weather,will the temperature increase in the future?,26:38:SL:DATE,[IN:weather [SL:DATE mikolo ekoya] ],DATE: mikolo ekoya,lin
utility,weather,how much will the temperature be in Mbandaka?,31:39:SL:CITY_OR_PROVINCE,[IN:weather [SL:CITY_OR_PROVINCE Mbandaka] ],CITY_OR_PROVINCE: Mbandaka,lin
utility,weather,what is the temperature today?,26:30:SL:DATE,[IN:weather [SL:DATE lelo] ],DATE: lelo,lin
utility,weather,will the wind blow in Bumba?,18:23:SL:CITY_OR_PROVINCE,[IN:weather [SL:CITY_OR_PROVINCE Bumba] ],CITY_OR_PROVINCE: Bumba,lin
utility,weather,will the wind blow on Saturday?,18:32:SL:DATE,[IN:weather [SL:DATE mokolo ya poso] ],DATE: mokolo ya poso,lin
utility,weather,what will the weather be like in Muanda?,30:36:SL:CITY_OR_PROVINCE,[IN:weather [SL:CITY_OR_PROVINCE Muanda] ],CITY_OR_PROVINCE: Muanda,lin
utility,weather,is the wind blowing in Rutshuru?,23:31:SL:CITY_OR_PROVINCE,[IN:weather [SL:CITY_OR_PROVINCE Rutshuru] ],CITY_OR_PROVINCE: Rutshuru,lin
utility,weather,how is the air in Banana?,10:16:SL:CITY_OR_PROVINCE,[IN:weather [SL:CITY_OR_PROVINCE Banana] ],CITY_OR_PROVINCE: Banana,lin
utility,weather,is there a strong wind blowing in Banana?,33:39:SL:CITY_OR_PROVINCE,[IN:weather [SL:CITY_OR_PROVINCE Banana] ],CITY_OR_PROVINCE: Banana,lin
utility,weather,is the sun strong in Mbandaka?,21:29:SL:CITY_OR_PROVINCE,[IN:weather [SL:CITY_OR_PROVINCE Mbandaka] ],CITY_OR_PROVINCE: Mbandaka,lin
utility,weather,What will the future of Gbadolite be like?,"8:17:SL:CITY_OR_PROVINCE,21:25:SL:DATE",[IN:weather [SL:CITY_OR_PROVINCE Gbadolite] [SL:DATE lobi] ],CITY_OR_PROVINCE: Gbadolite $$ DATE: lobi,lin
utility,weather,how much solar power will be this week?,"8:14:SL:CITY_OR_PROVINCE,26:34:SL:DATE",[IN:weather [SL:CITY_OR_PROVINCE Likasi] [SL:DATE poso oyo] ],CITY_OR_PROVINCE: Likasi $$ DATE: poso oyo,lin
utility,weather,How many rocks are there?,3:9:SL:CITY_OR_PROVINCE,[IN:weather [SL:CITY_OR_PROVINCE Matadi] ],CITY_OR_PROVINCE: Matadi,lin
utility,weather,give me the weather in Kinshasa for today ,"19:27:SL:CITY_OR_PROVINCE,35:39:SL:DATE",[IN:weather [SL:CITY_OR_PROVINCE Kinshasa] [SL:DATE lelo] ],CITY_OR_PROVINCE: Kinshasa $$ DATE: lelo,lin
utility,weather,what will the temperature be in Gemena?,28:34:SL:CITY_OR_PROVINCE,[IN:weather [SL:CITY_OR_PROVINCE Gemena] ],CITY_OR_PROVINCE: Gemena,lin
utility,weather,What is the temperature in Bukavu?,26:32:SL:CITY_OR_PROVINCE,[IN:weather [SL:CITY_OR_PROVINCE Bukavu] ],CITY_OR_PROVINCE: Bukavu,lin
utility,weather,What is the temperature in Kinshasa?,26:34:SL:CITY_OR_PROVINCE,[IN:weather [SL:CITY_OR_PROVINCE Kinshasa] ],CITY_OR_PROVINCE: Kinshasa,lin
utility,weather,what is the temperature in Kolwezi?,33:40:SL:CITY_OR_PROVINCE,[IN:weather [SL:CITY_OR_PROVINCE Kolwezi] ],CITY_OR_PROVINCE: Kolwezi,lin
utility,weather,What is the temperature today in Kinshasa?,"15:19:SL:DATE,23:31:SL:CITY_OR_PROVINCE",[IN:weather [SL:DATE lelo] [SL:CITY_OR_PROVINCE Kinshasa] ],DATE: lelo $$ CITY_OR_PROVINCE: Kinshasa,lin
utility,weather,tell me the sky is clear with the Force ?,35:41:SL:CITY_OR_PROVINCE,[IN:weather [SL:CITY_OR_PROVINCE Likasi] ],CITY_OR_PROVINCE: Likasi,lin
utility,weather,tell me what the weather says for tomorrow?,36:40:SL:DATE,[IN:weather [SL:DATE lobi] ],DATE: lobi,lin
utility,weather,tell me what is the temperature in Kindu?,45:50:SL:CITY_OR_PROVINCE,[IN:weather [SL:CITY_OR_PROVINCE Kindu] ],CITY_OR_PROVINCE: Kindu,lin
utility,weather,how cold will it be in Boma?,23:27:SL:CITY_OR_PROVINCE,[IN:weather [SL:CITY_OR_PROVINCE Boma] ],CITY_OR_PROVINCE: Boma,lin
utility,weather,will there be a cold weather in the future?,25:37:SL:DATE,[IN:weather [SL:DATE mikolo ekoya] ],DATE: mikolo ekoya,lin
utility,weather,how cold will it be in the future?,0:12:SL:DATE,[IN:weather [SL:DATE mikolo ekoya] ],DATE: mikolo ekoya,lin
utility,weather,what will the future hold for the wind?,0:12:SL:DATE,[IN:weather [SL:DATE mikolo ekoya] ],DATE: mikolo ekoya,lin
utility,weather,what will tomorrow be like?,27:31:SL:DATE,[IN:weather [SL:DATE lobi] ],DATE: lobi,lin
utility,weather,How is the sun in Kisangani?,26:35:SL:CITY_OR_PROVINCE,[IN:weather [SL:CITY_OR_PROVINCE Kisangani] ],CITY_OR_PROVINCE: Kisangani,lin
utility,weather,what will the temperature be in Kindu?,28:33:SL:CITY_OR_PROVINCE,[IN:weather [SL:CITY_OR_PROVINCE Kindu] ],CITY_OR_PROVINCE: Kindu,lin
utility,weather,tell me the temperature of Lisala ,27:33:SL:CITY_OR_PROVINCE,[IN:weather [SL:CITY_OR_PROVINCE Lisala] ],CITY_OR_PROVINCE: Lisala,lin
