domain,intent,text,spans,logical_form,xtreme-up,source_language
banking,balance,How much money is left in my pockets at Cabs?,20:24:SL:BANK_NAME,[IN:balance [SL:BANK_NAME Cabs] ],BANK_NAME: Cabs,sna
banking,balance,My Nedbank wallets all together held how much money?,21:28:SL:BANK_NAME,[IN:balance [SL:BANK_NAME Nedbank] ],BANK_NAME: Nedbank,sna
banking,balance,Until yesterday all my pockets in Ecobank had money,"10:16:SL:DATE,35:42:SL:BANK_NAME",[IN:balance [SL:DATE nezuro] [SL:BANK_NAME Ecobank] ],DATE: nezuro $$ BANK_NAME: Ecobank,sna
banking,balance,In my Women's Bank wallet there is money,24:36:SL:BANK_NAME,[IN:balance [SL:BANK_NAME Women's Bank] ],BANK_NAME: Women's Bank,sna
banking,balance,How much money is left in my wallet?,,[IN:balance ],,sna
banking,balance,How much money is left in my Agribank account at present?,44:52:SL:BANK_NAME,[IN:balance [SL:BANK_NAME Agribank] ],BANK_NAME: Agribank,sna
banking,balance,Do you have enough money in my FBC pocket to buy a rabbit leather belt?,"28:31:SL:BANK_NAME,49:71:SL:SHOPPING_ITEM",[IN:balance [SL:BANK_NAME FBC] [SL:SHOPPING_ITEM bhandi reganda regarwe] ],BANK_NAME: FBC $$ SHOPPING_ITEM: bhandi reganda regarwe,sna
banking,balance,Do I have enough money in my Steward Bank account to buy my wife this grandma?,"29:41:SL:BANK_NAME,77:81:SL:SHOPPING_ITEM",[IN:balance [SL:BANK_NAME Steward Bank] [SL:SHOPPING_ITEM gogo] ],BANK_NAME: Steward Bank $$ SHOPPING_ITEM: gogo,sna
banking,balance,Do I have enough money to buy a Grorgette dress from my Agribank account?,"28:45:SL:SHOPPING_ITEM,62:70:SL:BANK_NAME",[IN:balance [SL:SHOPPING_ITEM rokwe reGrorgette] [SL:BANK_NAME Agribank] ],SHOPPING_ITEM: rokwe reGrorgette $$ BANK_NAME: Agribank,sna
banking,balance,"I want to buy this Louis Vuitton suit, check my Royal Kingdom purse if it has enough money","19:42:SL:SHOPPING_ITEM,72:85:SL:PAYMENT_COMPANY",[IN:balance [SL:SHOPPING_ITEM sutu iyi yeLuis Vuitton] [SL:PAYMENT_COMPANY Royal Kingdom] ],SHOPPING_ITEM: sutu iyi yeLuis Vuitton $$ PAYMENT_COMPANY: Royal Kingdom,sna
banking,balance,Look in my Ecobank wallet and see if you have enough money to buy five loaves of bread.,"21:28:SL:BANK_NAME,69:76:SL:DISH_OR_FOOD,77:85:SL:NUMBER",[IN:balance [SL:BANK_NAME Ecobank] [SL:DISH_OR_FOOD zvingwa] [SL:NUMBER zvishanu] ],BANK_NAME: Ecobank $$ DISH_OR_FOOD: zvingwa $$ NUMBER: zvishanu,sna
banking,balance,Can you tell me how much money my Mastercard has in it?,39:49:SL:PAYMENT_COMPANY,[IN:balance [SL:PAYMENT_COMPANY Mastercard] ],PAYMENT_COMPANY: Mastercard,sna
banking,balance,Tell me how my InnBucks wallet is doing,37:45:SL:PAYMENT_COMPANY,[IN:balance [SL:PAYMENT_COMPANY InnBucks] ],PAYMENT_COMPANY: InnBucks,sna
banking,balance,Can you tell me how much money I have left in my FBC bank account?,75:78:SL:BANK_NAME,[IN:balance [SL:BANK_NAME FBC] ],BANK_NAME: FBC,sna
banking,balance,Tell me how much money you have in my bank account,,[IN:balance ],,sna
banking,balance,How much money do I have in my CBZ bank wallets?,43:46:SL:BANK_NAME,[IN:balance [SL:BANK_NAME CBZ] ],BANK_NAME: CBZ,sna
banking,balance,How much money is in my bank account?,,[IN:balance ],,sna
banking,balance,How much money and jewelry do I have in my wallet?,,[IN:balance ],,sna
banking,balance,My wallets are all filled with money,,[IN:balance ],,sna
banking,balance,How much money do I have in my bank accounts?,,[IN:balance ],,sna
banking,balance,How much money is in my checking account?,,[IN:balance ],,sna
banking,balance,How much money do I have in my purse and wallet?,14:53:SL:ACCOUNT_TYPE,[IN:balance [SL:ACCOUNT_TYPE chikwama changu chekubhadhara nekutenga] ],ACCOUNT_TYPE: chikwama changu chekubhadhara nekutenga,sna
banking,balance,How much money is in my purse?,2:22:SL:ACCOUNT_TYPE,[IN:balance [SL:ACCOUNT_TYPE homwe yangu yepfimbi] ],ACCOUNT_TYPE: homwe yangu yepfimbi,sna
banking,balance,How much money is in the funeral bag?,2:16:SL:ACCOUNT_TYPE,[IN:balance [SL:ACCOUNT_TYPE gwama repfimbi] ],ACCOUNT_TYPE: gwama repfimbi,sna
banking,balance,What money is in my Stanbic shopping bag?,41:48:SL:BANK_NAME,[IN:balance [SL:BANK_NAME Stanbic] ],BANK_NAME: Stanbic,sna
banking,balance,All in my phone bags is calculated in money.,,[IN:balance ],,sna
banking,balance,How much is my Ecocash wallet holding now?,"11:31:SL:ACCOUNT_TYPE,34:41:SL:PAYMENT_COMPANY",[IN:balance [SL:ACCOUNT_TYPE homwe yangu yepfimbi] [SL:PAYMENT_COMPANY Ecocash] ],ACCOUNT_TYPE: homwe yangu yepfimbi $$ PAYMENT_COMPANY: Ecocash,sna
banking,balance,How much is all the money in the bank?,,[IN:balance ],,sna
banking,balance,How is my CBZ checking account,39:42:SL:BANK_NAME,[IN:balance [SL:BANK_NAME CBZ] ],BANK_NAME: CBZ,sna
banking,balance,Can you tell me how much money is in my savings account?,,[IN:balance ],,sna
banking,balance,What is the total amount of money in a bank account?,,[IN:balance ],,sna
banking,balance,How much money is in my pocket for the loan I was given for using my house as a clothing store.,13:37:SL:ACCOUNT_TYPE,[IN:balance [SL:ACCOUNT_TYPE homwe yangu yechikwereti] ],ACCOUNT_TYPE: homwe yangu yechikwereti,sna
banking,balance,Please check my wallet my bank card,38:48:SL:PAYMENT_COMPANY,[IN:balance [SL:PAYMENT_COMPANY mastercard] ],PAYMENT_COMPANY: mastercard,sna
banking,balance,"Tell me, how much money is in my purse?",,[IN:balance ],,sna
banking,balance,Also find out how much my CBZ bottle is currently worth.,"19:41:SL:ACCOUNT_TYPE,46:49:SL:BANK_NAME",[IN:balance [SL:ACCOUNT_TYPE hombodo yangu yepfimbi] [SL:BANK_NAME CBZ] ],ACCOUNT_TYPE: hombodo yangu yepfimbi $$ BANK_NAME: CBZ,sna
banking,balance,How much money is in my Agribank account now?,18:26:SL:BANK_NAME,[IN:balance [SL:BANK_NAME Agribank] ],BANK_NAME: Agribank,sna
banking,balance,My shopping bag is empty,0:34:SL:ACCOUNT_TYPE,[IN:balance [SL:ACCOUNT_TYPE Homwe yangu yekutenga nekubhadhara] ],ACCOUNT_TYPE: Homwe yangu yekutenga nekubhadhara,sna
banking,balance,How much money is left in my purse,0:22:SL:ACCOUNT_TYPE,[IN:balance [SL:ACCOUNT_TYPE Mugwama rangu repfimbi] ],ACCOUNT_TYPE: Mugwama rangu repfimbi,sna
banking,balance,"Tell me, what is the value of my purse?",13:46:SL:ACCOUNT_TYPE,[IN:balance [SL:ACCOUNT_TYPE homwe yangu yekutenga nekutengesa] ],ACCOUNT_TYPE: homwe yangu yekutenga nekutengesa,sna
banking,balance,How much money do I have in my Wise pocket.,41:45:SL:PAYMENT_COMPANY,[IN:balance [SL:PAYMENT_COMPANY Wise] ],PAYMENT_COMPANY: Wise,sna
banking,balance,What money is left on my Visa card,,[IN:balance ],,sna
banking,balance,How much money is in my Smart Save wallet?,37:47:SL:ACCOUNT_TYPE,[IN:balance [SL:ACCOUNT_TYPE Smart Save] ],ACCOUNT_TYPE: Smart Save,sna
banking,balance,My Wise wallet is left with Euro coins.,"0:18:SL:ACCOUNT_TYPE,31:35:SL:CURRENCY",[IN:balance [SL:ACCOUNT_TYPE Homwe yangu yeWise] [SL:CURRENCY Euro] ],ACCOUNT_TYPE: Homwe yangu yeWise $$ CURRENCY: Euro,sna
banking,balance,How much money do I have in my Ecobank account to buy a new Apple phone?,"30:49:SL:SHOPPING_ITEM,71:78:SL:BANK_NAME",[IN:balance [SL:SHOPPING_ITEM nharembozva yeApple] [SL:BANK_NAME Ecobank] ],SHOPPING_ITEM: nharembozva yeApple $$ BANK_NAME: Ecobank,sna
banking,balance,Do I have enough money left to buy the keeper's football boots?,"33:48:SL:SHOPPING_ITEM,52:62:SL:PERSONAL_NAME",[IN:balance [SL:SHOPPING_ITEM shangu dzebhora] [SL:PERSONAL_NAME Muchengeti] ],SHOPPING_ITEM: shangu dzebhora $$ PERSONAL_NAME: Muchengeti,sna
banking,balance,I also want to know how many ZiG's my bank wallet has.,51:54:SL:CURRENCY,[IN:balance [SL:CURRENCY ZiG] ],CURRENCY: ZiG,sna
banking,balance,How much money is left in my Stanbic bank account,48:55:SL:BANK_NAME,[IN:balance [SL:BANK_NAME Stanbic] ],BANK_NAME: Stanbic,sna
banking,balance,Is there enough money in my Cabs pocket to buy a lawnmower?,"27:31:SL:BANK_NAME,49:72:SL:SHOPPING_ITEM",[IN:balance [SL:BANK_NAME Cabs] [SL:SHOPPING_ITEM muchina wekucheka huswa] ],BANK_NAME: Cabs $$ SHOPPING_ITEM: muchina wekucheka huswa,sna
banking,balance,Would you like to know how much money my CBZ bank wallet has?,51:54:SL:BANK_NAME,[IN:balance [SL:BANK_NAME CBZ] ],BANK_NAME: CBZ,sna
banking,balance,That the money in my Barclays wallet would be enough to buy a shaving machine?,"30:38:SL:BANK_NAME,57:83:SL:SHOPPING_ITEM",[IN:balance [SL:BANK_NAME Barclays] [SL:SHOPPING_ITEM muchina wekugubvisa ndebvu] ],BANK_NAME: Barclays $$ SHOPPING_ITEM: muchina wekugubvisa ndebvu,sna
banking,balance,Is my Zimbank account enough to buy the mouthpiece I need?,"27:34:SL:BANK_NAME,57:70:SL:SHOPPING_ITEM",[IN:balance [SL:BANK_NAME Zimbank] [SL:SHOPPING_ITEM muromo wegejo] ],BANK_NAME: Zimbank $$ SHOPPING_ITEM: muromo wegejo,sna
banking,balance,How much foreign currency do I have in my bank account,,[IN:balance ],,sna
banking,balance,My wallet is full of U.S. dollars.,30:48:SL:CURRENCY,[IN:balance [SL:CURRENCY madhora ekuAmerica] ],CURRENCY: madhora ekuAmerica,sna
banking,balance,How much money is in my bank account?,,[IN:balance ],,sna
banking,balance,Do you have any more ZiGs in my Barclays bag?,"7:10:SL:CURRENCY,40:48:SL:BANK_NAME",[IN:balance [SL:CURRENCY ZiG] [SL:BANK_NAME Barclays] ],CURRENCY: ZiG $$ BANK_NAME: Barclays,sna
banking,balance,Do I have any USD left?,8:11:SL:CURRENCY,[IN:balance [SL:CURRENCY USD] ],CURRENCY: USD,sna
banking,balance,Can you also tell me that I have a Pula root of money,40:44:SL:CURRENCY,[IN:balance [SL:CURRENCY Pula] ],CURRENCY: Pula,sna
banking,balance,Do I have enough money left in Stanbic Bank?,"20:24:SL:SHOPPING_ITEM,27:33:SL:SHOPPING_ITEM,48:60:SL:BANK_NAME",[IN:balance [SL:SHOPPING_ITEM duri] [SL:SHOPPING_ITEM mutswi] [SL:BANK_NAME Stanbic Bank] ],SHOPPING_ITEM: duri $$ SHOPPING_ITEM: mutswi $$ BANK_NAME: Stanbic Bank,sna
banking,balance,Is the money in Ecobank enough to buy two bicycle wheels?,"11:18:SL:BANK_NAME,41:66:SL:SHOPPING_ITEM",[IN:balance [SL:BANK_NAME Ecobank] [SL:SHOPPING_ITEM mavhiri maviri ebhasikoro] ],BANK_NAME: Ecobank $$ SHOPPING_ITEM: mavhiri maviri ebhasikoro,sna
banking,balance,Is my money in Steward Bank enough to buy tickets for the Dynamos-Highlanders football game on Sunday?,"17:29:SL:BANK_NAME,52:60:SL:SHOPPING_ITEM,62:108:SL:CALENDAR_EVENT,116:122:SL:DATE",[IN:balance [SL:BANK_NAME Steward Bank] [SL:SHOPPING_ITEM matikiti] [SL:CALENDAR_EVENT mutambo webhora pakati peDynamos neHighlanders] [SL:DATE Svondo] ],BANK_NAME: Steward Bank $$ SHOPPING_ITEM: matikiti $$ CALENDAR_EVENT: mutambo webhora pakati peDynamos neHighlanders $$ DATE: Svondo,sna
banking,balance,Do I have enough money in my Agribank wallet to buy a garbage hat?,"28:44:SL:SHOPPING_ITEM,71:79:SL:BANK_NAME",[IN:balance [SL:SHOPPING_ITEM nguwani yemurara] [SL:BANK_NAME Agribank] ],SHOPPING_ITEM: nguwani yemurara $$ BANK_NAME: Agribank,sna
banking,balance,Do I have enough money in Nedbank to buy food for this month?,"13:20:SL:BANK_NAME,64:74:SL:DATE",[IN:balance [SL:BANK_NAME Nedbank] [SL:DATE mwedzi uno] ],BANK_NAME: Nedbank $$ DATE: mwedzi uno,sna
banking,balance,Do you know how much money I have in my purse?,32:64:SL:ACCOUNT_TYPE,[IN:balance [SL:ACCOUNT_TYPE homwe yangu yekutenga nebhadhara] ],ACCOUNT_TYPE: homwe yangu yekutenga nebhadhara,sna
banking,balance,How much money is in my purse?,13:33:SL:ACCOUNT_TYPE,[IN:balance [SL:ACCOUNT_TYPE homwe yangu yepfimbi] ],ACCOUNT_TYPE: homwe yangu yepfimbi,sna
banking,balance,How much money is left in my shopping bag?,,[IN:balance ],,sna
banking,balance,How much money do I have in my purse?,14:34:SL:ACCOUNT_TYPE,[IN:balance [SL:ACCOUNT_TYPE gwama rangu repfimbi] ],ACCOUNT_TYPE: gwama rangu repfimbi,sna
banking,balance,Tell me how much money I have left in my purse,,[IN:balance ],,sna
banking,balance,All my money in my pockets is accounted for,,[IN:balance ],,sna
banking,balance,What money is left in my Standard Bank account,40:53:SL:BANK_NAME,[IN:balance [SL:BANK_NAME Standard Bank] ],BANK_NAME: Standard Bank,sna
banking,balance,I want to know how much money my pocket has in Cabs.,38:42:SL:BANK_NAME,[IN:balance [SL:BANK_NAME Cabs] ],BANK_NAME: Cabs,sna
banking,balance,Tell me how much money is left in my Nedbank wallet?,31:38:SL:BANK_NAME,[IN:balance [SL:BANK_NAME Nedbank] ],BANK_NAME: Nedbank,sna
banking,balance,I have all the money mixed up in all my CBZ and AFZ bank accounts,"69:72:SL:BANK_NAME,76:79:SL:BANK_NAME",[IN:balance [SL:BANK_NAME CBZ] [SL:BANK_NAME AFZ] ],BANK_NAME: CBZ $$ BANK_NAME: AFZ,sna
banking,balance,Can I put more than three hundred and fifty dollars in my Ecobank account?,"25:48:SL:MONEY,75:82:SL:BANK_NAME",[IN:balance [SL:MONEY mazana matatu nemashanu] [SL:BANK_NAME Ecobank] ],MONEY: mazana matatu nemashanu $$ BANK_NAME: Ecobank,sna
banking,balance,How much money is in my Cabs purse?,14:18:SL:BANK_NAME,[IN:balance [SL:BANK_NAME Cabs] ],BANK_NAME: Cabs,sna
banking,balance,How much money is in my Women's Bank wallet?,29:41:SL:BANK_NAME,[IN:balance [SL:BANK_NAME Women's Bank] ],BANK_NAME: Women's Bank,sna
banking,balance,A little money in my CBZ bag,38:41:SL:BANK_NAME,[IN:balance [SL:BANK_NAME CBZ] ],BANK_NAME: CBZ,sna
banking,balance,How much is left in my Steward Bank account?,31:43:SL:BANK_NAME,[IN:balance [SL:BANK_NAME Steward Bank] ],BANK_NAME: Steward Bank,sna
banking,balance,Can I buy owls with my Ecobank wallet?,"18:24:SL:SHOPPING_ITEM,57:64:SL:BANK_NAME",[IN:balance [SL:SHOPPING_ITEM mahewu] [SL:BANK_NAME Ecobank] ],SHOPPING_ITEM: mahewu $$ BANK_NAME: Ecobank,sna
banking,balance,How much money do you have to buy this month's gadgets in Ecocash,"28:36:SL:SHOPPING_ITEM,38:48:SL:DATE,51:58:SL:PAYMENT_COMPANY",[IN:balance [SL:SHOPPING_ITEM magetsti] [SL:DATE mwedzi uno] [SL:PAYMENT_COMPANY Ecocash] ],SHOPPING_ITEM: magetsti $$ DATE: mwedzi uno $$ PAYMENT_COMPANY: Ecocash,sna
banking,balance,Can you have enough money for me to burn Rera with five people tomorrow,"47:51:SL:PLACE_NAME,60:67:SL:NUMBER,68:76:SL:DATE",[IN:balance [SL:PLACE_NAME Rera] [SL:NUMBER vashanu] [SL:DATE mangwana] ],PLACE_NAME: Rera $$ NUMBER: vashanu $$ DATE: mangwana,sna
banking,bill_balance,Check if I am in debt to Promécs Consulting Engineers and the bill is how much?,,[IN:bill_balance ],,sna
banking,bill_balance,How much do I have left to complete the Webdev bill?,,[IN:bill_balance ],,sna
banking,bill_balance,How are my YouTube and Amazon Web Services bills?,0:45:SL:BILL_TYPE,[IN:bill_balance [SL:BILL_TYPE MaBhiri angu ekuYoutube neAmazon Web Services] ],BILL_TYPE: MaBhiri angu ekuYoutube neAmazon Web Services,sna
banking,bill_balance,How much money am I expected to withdraw from my Mastercard this month?,"34:44:SL:PAYMENT_COMPANY,51:61:SL:DATE",[IN:bill_balance [SL:PAYMENT_COMPANY Mastercard] [SL:DATE mwedzi uno] ],PAYMENT_COMPANY: Mastercard $$ DATE: mwedzi uno,sna
banking,bill_balance,Is it true that I have $800 left on the balance of my Harare store?,"33:54:SL:MONEY,64:92:SL:BILL_TYPE,107:113:SL:CITY_OR_PROVINCE",[IN:bill_balance [SL:MONEY madhora mazana masere] [SL:BILL_TYPE chikwereti chechitoro changu] [SL:CITY_OR_PROVINCE Harare] ],MONEY: madhora mazana masere $$ BILL_TYPE: chikwereti chechitoro changu $$ CITY_OR_PROVINCE: Harare,sna
banking,bill_balance,How much is charged to my Charamba eye doctor?,47:57:SL:PERSONAL_NAME,[IN:bill_balance [SL:PERSONAL_NAME vaCharamba] ],PERSONAL_NAME: vaCharamba,sna
banking,bill_balance,"My total church enrollment, how much is required in the month of March?",62:68:SL:DATE,[IN:bill_balance [SL:DATE Kurume] ],DATE: Kurume,sna
banking,bill_balance,How much is the bill for my tractor and the shovel I took from Sinotruck to pay off?,0:29:SL:BILL_TYPE,[IN:bill_balance [SL:BILL_TYPE Bhiri rangu retirakita negejo] ],BILL_TYPE: Bhiri rangu retirakita negejo,sna
banking,bill_balance,How much is my dentist's bill this month?,53:63:SL:DATE,[IN:bill_balance [SL:DATE mwedzi uno] ],DATE: mwedzi uno,sna
banking,bill_balance,My bill with the Harare council has to be completed so can you expect me to be too?,"0:21:SL:BILL_TYPE,26:32:SL:CITY_OR_PROVINCE",[IN:bill_balance [SL:BILL_TYPE Bhiri rangu nekanzuru] [SL:CITY_OR_PROVINCE Harare] ],BILL_TYPE: Bhiri rangu nekanzuru $$ CITY_OR_PROVINCE: Harare,sna
banking,bill_balance,How much is the rent and water and electricity bill?,"7:23:SL:BILL_TYPE,28:35:SL:BILL_TYPE,38:45:SL:BILL_TYPE",[IN:bill_balance [SL:BILL_TYPE mutengo wekuroja] [SL:BILL_TYPE yemvura] [SL:BILL_TYPE magetsi] ],BILL_TYPE: mutengo wekuroja $$ BILL_TYPE: yemvura $$ BILL_TYPE: magetsi,sna
banking,bill_balance,Mark all the monthly payments that have been fully paid on the same monthly bill.,23:28:SL:DATE,[IN:bill_balance [SL:DATE ndira] ],DATE: ndira,sna
banking,bill_balance,How much is left on my child's school bill at Shekinah Kindergarten? ,"19:36:SL:BILL_TYPE,54:75:SL:PLACE_NAME",[IN:bill_balance [SL:BILL_TYPE bhiri rekuchikoro] [SL:PLACE_NAME Shekinah Kindergarten] ],BILL_TYPE: bhiri rekuchikoro $$ PLACE_NAME: Shekinah Kindergarten,sna
banking,bill_balance,How much is my Toll Gates maintenance bill for this month?,"0:37:SL:BILL_TYPE,40:50:SL:DATE",[IN:bill_balance [SL:BILL_TYPE Bhiri rangu rekuZinara remaToll Gates] [SL:DATE mwedzi uno] ],BILL_TYPE: Bhiri rangu rekuZinara remaToll Gates $$ DATE: mwedzi uno,sna
banking,bill_balance,How much did all the clothes I took from Gentleman's Closet last month cost to pay the bill?,49:66:SL:DATE,[IN:bill_balance [SL:DATE mwedzi wakadarika] ],DATE: mwedzi wakadarika,sna
banking,bill_balance,ZBC says the bill for listening to the radio in my Subaru B4 is how much?,15:39:SL:BILL_TYPE,[IN:bill_balance [SL:BILL_TYPE bhiri rekuterera wairesi] ],BILL_TYPE: bhiri rekuterera wairesi,sna
banking,bill_balance,How much water do I have to take this month to the council?,"0:14:SL:BILL_TYPE,40:50:SL:DATE",[IN:bill_balance [SL:BILL_TYPE Imarii yemvura] [SL:DATE mwedzi uno] ],BILL_TYPE: Imarii yemvura $$ DATE: mwedzi uno,sna
banking,bill_balance,How much do I pay Zesa each month?,35:51:SL:DATE,[IN:bill_balance [SL:DATE mwedzi woga woga] ],DATE: mwedzi woga woga,sna
banking,bill_balance,"Also, know how much money I need to pay all my bills.",,[IN:bill_balance ],,sna
banking,bill_balance,Tell me how much all my expenses amount to per month?,,[IN:bill_balance ],,sna
banking,bill_balance,"Also, let me know how much my bills for all my expenses, including school expenses, are.",17:86:SL:BILL_TYPE,[IN:bill_balance [SL:BILL_TYPE zvikwereti zvangu zvezvose zvandinoshandisa kusanganisira nekuchikoro] ],BILL_TYPE: zvikwereti zvangu zvezvose zvandinoshandisa kusanganisira nekuchikoro,sna
banking,bill_balance,How much do I need to earn each month to pay all my household bills?,25:33:SL:DATE,[IN:bill_balance [SL:DATE pamwedzi] ],DATE: pamwedzi,sna
banking,bill_balance,How much does Liquid say I owe them for this month?,52:62:SL:DATE,[IN:bill_balance [SL:DATE mwedzi uno] ],DATE: mwedzi uno,sna
banking,bill_balance,How much should I pay if you combine the electricity bill for Zesa with the water bill for Z Drink?,"50:81:SL:BILL_TYPE,84:116:SL:BILL_TYPE",[IN:bill_balance [SL:BILL_TYPE mari irikudiwa kuZesa yemagetsi] [SL:BILL_TYPE mari irikudiwa neveZinwa yemvura] ],BILL_TYPE: mari irikudiwa kuZesa yemagetsi $$ BILL_TYPE: mari irikudiwa neveZinwa yemvura,sna
banking,bill_balance,"So if I can manage $450, can I afford all the expenses I have to cover?",25:62:SL:MONEY,[IN:bill_balance [SL:MONEY mazana mana nemakumi mashanu amadhora] ],MONEY: mazana mana nemakumi mashanu amadhora,sna
banking,bill_balance,How much does DSTV cost this month to keep watching the show?,19:29:SL:DATE,[IN:bill_balance [SL:DATE mwedzi uno] ],DATE: mwedzi uno,sna
banking,bill_balance,"Tell me, if I want to watch Netflix until the end of this year, how much do I have to pay?",51:67:SL:DATE,[IN:bill_balance [SL:DATE gore rino rapera] ],DATE: gore rino rapera,sna
banking,bill_balance,How much is my Telone account charging to complete this month of April?,"69:79:SL:DATE,82:90:SL:DATE",[IN:bill_balance [SL:DATE mwedzi uno] [SL:DATE Kubvumbi] ],DATE: mwedzi uno $$ DATE: Kubvumbi,sna
banking,bill_balance,"Tell me, if you add up all my bills, is there enough money in Steward's bank account?",66:73:SL:BANK_NAME,[IN:bill_balance [SL:BANK_NAME Steward] ],BANK_NAME: Steward,sna
banking,bill_balance,The Edgars have sent a phone message saying how much is my bill this month?,60:70:SL:DATE,[IN:bill_balance [SL:DATE mwedzi uno] ],DATE: mwedzi uno,sna
banking,bill_balance,Africom charges me a lot for my phone bill.,36:49:SL:BILL_TYPE,[IN:bill_balance [SL:BILL_TYPE bhiri renhare] ],BILL_TYPE: bhiri renhare,sna
banking,bill_balance,How much is the remaining bill for the bricks I need from Beta Bricks?,0:24:SL:BILL_TYPE,[IN:bill_balance [SL:BILL_TYPE Bhiri rasara rezvidhinha] ],BILL_TYPE: Bhiri rasara rezvidhinha,sna
banking,bill_balance,How much is the total amount of the tax I am being charged for this part of the car?,47:60:SL:BILL_TYPE,[IN:bill_balance [SL:BILL_TYPE mutero wemota] ],BILL_TYPE: mutero wemota,sna
banking,bill_balance,How much do I owe this month to Enviro Gas?,29:39:SL:DATE,[IN:bill_balance [SL:DATE mwedzi uno] ],DATE: mwedzi uno,sna
banking,bill_balance,Tell me how much I still owe Pinnacle Properties?,,[IN:bill_balance ],,sna
banking,bill_balance,Show me the remaining bill to pay the mortgage to the NBS bank.,"35:52:SL:BILL_TYPE,64:67:SL:BANK_NAME",[IN:bill_balance [SL:BILL_TYPE chikwereti chemba] [SL:BANK_NAME NBS] ],BILL_TYPE: chikwereti chemba $$ BANK_NAME: NBS,sna
banking,bill_balance,What is the Consolation Bill?,0:16:SL:BILL_TYPE,[IN:bill_balance [SL:BILL_TYPE Bhiri reNyaradzo] ],BILL_TYPE: Bhiri reNyaradzo,sna
banking,bill_balance,I want to know the total amount I have to pay for all my expenses for this month of April.,"82:92:SL:DATE,95:103:SL:DATE",[IN:bill_balance [SL:DATE mwedzi uno] [SL:DATE Kubvumbi] ],DATE: mwedzi uno $$ DATE: Kubvumbi,sna
banking,bill_balance,"To become a full-service CIMAS member, how much does my monthly bill start at?",,[IN:bill_balance ],,sna
banking,bill_balance,How much was my gas bill a month ago?,"0:17:SL:DATE,18:38:SL:BILL_TYPE",[IN:bill_balance [SL:DATE Mwedzi wakadarika] [SL:BILL_TYPE bhiri rangu repeturu] ],DATE: Mwedzi wakadarika $$ BILL_TYPE: bhiri rangu repeturu,sna
banking,bill_balance,The amount of money that I have been paid by the council for this and last month's bill.,54:64:SL:DATE,[IN:bill_balance [SL:DATE mwedzi uno] ],DATE: mwedzi uno,sna
banking,bill_balance,How much is the golfing bill next month?,"0:24:SL:BILL_TYPE,25:38:SL:DATE",[IN:bill_balance [SL:BILL_TYPE Bhiri rekunotamba gorofu] [SL:DATE mwedzi unouya] ],BILL_TYPE: Bhiri rekunotamba gorofu $$ DATE: mwedzi unouya,sna
banking,bill_balance,Tomorrow afternoon let me remember all the money I owe Teacherz Furniture's.,"0:8:SL:DATE,9:17:SL:TIME",[IN:bill_balance [SL:DATE Mangwana] [SL:TIME masikati] ],DATE: Mangwana $$ TIME: masikati,sna
banking,bill_balance,Check out what Starlink is charging me.,,[IN:bill_balance ],,sna
banking,bill_balance,"In full, give me the information of the amount of money I am to pay to the supporters of Mwanga Lodge for our stay of five days.","73:85:SL:HOTEL_NAME,116:123:SL:NUMBER",[IN:bill_balance [SL:HOTEL_NAME Mwanga Lodge] [SL:NUMBER mashanu] ],HOTEL_NAME: Mwanga Lodge $$ NUMBER: mashanu,sna
banking,bill_balance,How much money am I currently required to withdraw from Econet?,,[IN:bill_balance ],,sna
banking,bill_balance,I have decided to leave the Board and so how much do I owe them?,,[IN:bill_balance ],,sna
banking,bill_balance,How much do I have to pay for my lawyer's services?,,[IN:bill_balance ],,sna
banking,bill_balance,I need the money that is left in ZiG to pay for my son's school for the first semester of this year.,"22:25:SL:CURRENCY,99:108:SL:DATE",[IN:bill_balance [SL:CURRENCY ZiG] [SL:DATE gore rino] ],CURRENCY: ZiG $$ DATE: gore rino,sna
banking,bill_balance,Remind me of the fixed balance for the construction of my house in Greystone Park.,70:84:SL:PLACE_NAME,[IN:bill_balance [SL:PLACE_NAME Greystone Park] ],PLACE_NAME: Greystone Park,sna
banking,bill_balance,How much is Fidelity Life charging me this month?,40:50:SL:DATE,[IN:bill_balance [SL:DATE mwedzi uno] ],DATE: mwedzi uno,sna
banking,bill_balance,I'll take care of the balance on the bill at Ball Hardware.,,[IN:bill_balance ],,sna
banking,bill_balance,How much do I have left to pay off my Jet subscription?,33:69:SL:BILL_TYPE,[IN:bill_balance [SL:BILL_TYPE chikwereti chekunyoresa kwangu kuJet] ],BILL_TYPE: chikwereti chekunyoresa kwangu kuJet,sna
banking,bill_balance,How much is this month's Telecel phone bill?,"0:14:SL:BILL_TYPE,17:27:SL:DATE",[IN:bill_balance [SL:BILL_TYPE Bhiri rekufona] [SL:DATE mwedzi uno] ],BILL_TYPE: Bhiri rekufona $$ DATE: mwedzi uno,sna
banking,bill_balance,How is my bill for the next four months?,14:38:SL:DATE,[IN:bill_balance [SL:DATE mwedzi mina iri kutevera] ],DATE: mwedzi mina iri kutevera,sna
banking,bill_balance,Please let me know how much I have to pay for food at my home next month.,54:67:SL:DATE,[IN:bill_balance [SL:DATE mwedzi unouya] ],DATE: mwedzi unouya,sna
banking,bill_balance,How much money is left on my bill for the Avenue Clinic?,"14:39:SL:BILL_TYPE,43:57:SL:PLACE_NAME",[IN:bill_balance [SL:BILL_TYPE bhiri rangu rekuchipatara] [SL:PLACE_NAME Avenues Clinic] ],BILL_TYPE: bhiri rangu rekuchipatara $$ PLACE_NAME: Avenues Clinic,sna
banking,bill_balance,I have to pay my bill to CABS.,46:50:SL:BANK_NAME,[IN:bill_balance [SL:BANK_NAME CABS] ],BANK_NAME: CABS,sna
banking,bill_balance,How much debt is left in my Topics account?,,[IN:bill_balance ],,sna
banking,bill_balance,How much is my monthly utility bill?,12:22:SL:DATE,[IN:bill_balance [SL:DATE rwedzi uno] ],DATE: rwedzi uno,sna
banking,bill_balance,"If I add up my subscription to Ecosure and my Fidelity life account, how much is my monthly bill?",91:111:SL:BILL_TYPE,[IN:bill_balance [SL:BILL_TYPE bhiri rangu pamwedzi] ],BILL_TYPE: bhiri rangu pamwedzi,sna
banking,bill_balance,Please also let me know how my health and family health bill on Cooperate24 is doing in the next six months?,17:67:SL:BILL_TYPE,[IN:bill_balance [SL:BILL_TYPE bhiri rangu maringe nezvehutano nekurapwa kwemhuri] ],BILL_TYPE: bhiri rangu maringe nezvehutano nekurapwa kwemhuri,sna
banking,bill_balance,Tell me how much is my Life Lighter subscription bill?,13:51:SL:BILL_TYPE,[IN:bill_balance [SL:BILL_TYPE bhiri rangu rekunyoresa kuLife Lighter] ],BILL_TYPE: bhiri rangu rekunyoresa kuLife Lighter,sna
banking,bill_balance,How much is the bill for Securico?,7:25:SL:BILL_TYPE,[IN:bill_balance [SL:BILL_TYPE bhiri rekuSecurico] ],BILL_TYPE: bhiri rekuSecurico,sna
banking,bill_balance,"Tell me which one of the following services can make my phone bill lower every month between Telone, Africom and Liquid Home?","15:31:SL:DATE,64:93:SL:BILL_TYPE",[IN:bill_balance [SL:DATE mwedzi woga woga] [SL:BILL_TYPE bhiri rangu rekutaura panhare] ],DATE: mwedzi woga woga $$ BILL_TYPE: bhiri rangu rekutaura panhare,sna
banking,bill_balance,"If I use an Air Conditioner, how much do you think my electricity bill will be?",61:82:SL:BILL_TYPE,[IN:bill_balance [SL:BILL_TYPE bhiri rangu remagetsi] ],BILL_TYPE: bhiri rangu remagetsi,sna
banking,bill_balance,You may know that I owe money to Drip Tech for checking my equipment at the farm.,,[IN:bill_balance ],,sna
banking,bill_balance,"Of the money I took out on a farmer's loan last year, I have a little left over to pay my bill to Agribank.","43:56:SL:DATE,107:115:SL:BANK_NAME",[IN:bill_balance [SL:DATE gore rakapera] [SL:BANK_NAME Agribank] ],DATE: gore rakapera $$ BANK_NAME: Agribank,sna
banking,bill_balance,I owe money to Mint Mechanics who repaired my mill.,,[IN:bill_balance ],,sna
banking,bill_balance,"When I add up all my rental properties, how much do I get paid for all the bills the council requires?",,[IN:bill_balance ],,sna
banking,bill_balance,How much is my Daily News bill this month?,"0:26:SL:BILL_TYPE,29:39:SL:DATE",[IN:bill_balance [SL:BILL_TYPE Bhiri rangu rekuDaily News] [SL:DATE mwedzi uno] ],BILL_TYPE: Bhiri rangu rekuDaily News $$ DATE: mwedzi uno,sna
banking,bill_balance,Can I see how much my weekly electricity bill is?,14:35:SL:BILL_TYPE,[IN:bill_balance [SL:BILL_TYPE bhiri rangu remagetsi] ],BILL_TYPE: bhiri rangu remagetsi,sna
banking,bill_balance,I would like to know the total amount of my bill for the treatment of my wife at the Baines Clinic.,90:103:SL:PLACE_NAME,[IN:bill_balance [SL:PLACE_NAME Baines Clinic] ],PLACE_NAME: Baines Clinic,sna
banking,bill_balance,How much money does Sterms Microfinance say I have left in my pocket this month?,31:41:SL:DATE,[IN:bill_balance [SL:DATE mwedzi uno] ],DATE: mwedzi uno,sna
banking,bill_balance,How much is this month's Enviro Gas bill?,"0:20:SL:BILL_TYPE,23:33:SL:DATE",[IN:bill_balance [SL:BILL_TYPE Bhiri rekuEnviro Gas] [SL:DATE mwedzi uno] ],BILL_TYPE: Bhiri rekuEnviro Gas $$ DATE: mwedzi uno,sna
banking,bill_balance,Check out how much money is left to pay off the debt at Turnnal Tiles.,42:74:SL:BILL_TYPE,[IN:bill_balance [SL:BILL_TYPE chikwereti chiri kuTurnnal Tiles] ],BILL_TYPE: chikwereti chiri kuTurnnal Tiles,sna
banking,bill_balance,Do I have any unpaid bills this month and how much is it?,38:48:SL:DATE,[IN:bill_balance [SL:DATE mwedzi uno] ],DATE: mwedzi uno,sna
banking,bill_balance,What is the most expensive item on my bill?,,[IN:bill_balance ],,sna
banking,bill_balance,"If I planned a week-long trip to Kariba with my family and with the help of the organizers, how much would my bill be?","25:31:SL:CITY_OR_PROVINCE,46:54:SL:DATE",[IN:bill_balance [SL:CITY_OR_PROVINCE Kariba] [SL:DATE kwevhiki] ],CITY_OR_PROVINCE: Kariba $$ DATE: kwevhiki,sna
banking,bill_balance,"I saw a Honda Fit worth $4,000 at Befoward so to get it to my home in Harare in Mandala how much would my bill be?","42:62:SL:MONEY,108:114:SL:CITY_OR_PROVINCE,130:137:SL:PLACE_NAME",[IN:bill_balance [SL:MONEY madhora zviuru zvina] [SL:CITY_OR_PROVINCE Harare] [SL:PLACE_NAME Mandara] ],MONEY: madhora zviuru zvina $$ CITY_OR_PROVINCE: Harare $$ PLACE_NAME: Mandara,sna
banking,freeze_account,Would you please stop my wallet?,,[IN:freeze_account ],,sna
banking,freeze_account,I want to suspend my savings account,,[IN:freeze_account ],,sna
banking,freeze_account,I want my wallet not to be searched or taken and withdrawn,,[IN:freeze_account ],,sna
banking,freeze_account,Mass viewing of money entering and leaving my pocket,,[IN:freeze_account ],,sna
banking,freeze_account,I want my wallet to stop working,,[IN:freeze_account ],,sna
banking,freeze_account,I'm about to stop my purse from working,,[IN:freeze_account ],,sna
banking,freeze_account,Please tell my bag to stop working,,[IN:freeze_account ],,sna
banking,freeze_account,Please hold my purse,,[IN:freeze_account ],,sna
banking,freeze_account,Please let my bag stop working,,[IN:freeze_account ],,sna
banking,freeze_account,Please suspend my wallet.,,[IN:freeze_account ],,sna
banking,freeze_account,Stop my bank account now,,[IN:freeze_account ],,sna
banking,freeze_account,Please stop working on my CBZ wallet.,57:60:SL:BANK_NAME,[IN:freeze_account [SL:BANK_NAME CBZ] ],BANK_NAME: CBZ,sna
banking,freeze_account,My bank account is suspended.,,[IN:freeze_account ],,sna
banking,freeze_account,Please stop the operation of my Nedbank wallet immediately,65:72:SL:BANK_NAME,[IN:freeze_account [SL:BANK_NAME Nedbank] ],BANK_NAME: Nedbank,sna
banking,freeze_account,Please stop my CBZ fund now.,41:44:SL:BANK_NAME,[IN:freeze_account [SL:BANK_NAME CBZ] ],BANK_NAME: CBZ,sna
banking,freeze_account,Stop my Agribank account now,31:39:SL:BANK_NAME,[IN:freeze_account [SL:BANK_NAME Agribank] ],BANK_NAME: Agribank,sna
banking,freeze_account,Make my bag stop working,,[IN:freeze_account ],,sna
banking,freeze_account,Please stop my purse from working.,,[IN:freeze_account ],,sna
banking,freeze_account,Can you stop my bank account from working?,,[IN:freeze_account ],,sna
banking,freeze_account,Can you stop my bag from working,,[IN:freeze_account ],,sna
banking,freeze_account,Stop the work of my purse.,,[IN:freeze_account ],,sna
banking,freeze_account,Will you please stop my purse from working,,[IN:freeze_account ],,sna
banking,freeze_account,Can you stop money from going into and out of my bank account?,,[IN:freeze_account ],,sna
banking,freeze_account,Would you like to suspend my bank account?,,[IN:freeze_account ],,sna
banking,freeze_account,I want you to suspend my bank account.,,[IN:freeze_account ],,sna
banking,freeze_account,Please put my bag in the wrong place,,[IN:freeze_account ],,sna
banking,freeze_account,Please make my bag a non-functional trash can,,[IN:freeze_account ],,sna
banking,freeze_account,Please note that my bag has been suspended,,[IN:freeze_account ],,sna
banking,freeze_account,Is it a problem to suspend my bank account,,[IN:freeze_account ],,sna
banking,freeze_account,I would be very happy if you would stop putting money into and out of my bank account.,,[IN:freeze_account ],,sna
banking,freeze_account,I would appreciate it if you would just stop my bank account.,,[IN:freeze_account ],,sna
banking,freeze_account,Please put my bag in the unemployment,,[IN:freeze_account ],,sna
banking,freeze_account,Please hold my purse for a while,,[IN:freeze_account ],,sna
banking,freeze_account,I need my wallet to be suspended,,[IN:freeze_account ],,sna
banking,freeze_account,I also want my bag to stop working,,[IN:freeze_account ],,sna
banking,freeze_account,I also wanted my wallet suspended,,[IN:freeze_account ],,sna
banking,freeze_account,I want my bag to be retired,,[IN:freeze_account ],,sna
banking,freeze_account,I really want my wallet to stop working,,[IN:freeze_account ],,sna
banking,freeze_account,I don't want things that will be paid out of my own pocket,,[IN:freeze_account ],,sna
banking,freeze_account,Disable my wallet,,[IN:freeze_account ],,sna
banking,freeze_account,Stop all payments made from my own bank account,,[IN:freeze_account ],,sna
banking,freeze_account,Close my purse completely,,[IN:freeze_account ],,sna
banking,freeze_account,Cover my pocket,,[IN:freeze_account ],,sna
banking,freeze_account,Just clean my purse,,[IN:freeze_account ],,sna
banking,freeze_account,I need to stop working for my wallet,,[IN:freeze_account ],,sna
banking,freeze_account,Stop my wallet for now,,[IN:freeze_account ],,sna
banking,freeze_account,Cover my pocket completely,,[IN:freeze_account ],,sna
banking,freeze_account,I'd like to have my Stewart bag suspended now,30:37:SL:BANK_NAME,[IN:freeze_account [SL:BANK_NAME Steward] ],BANK_NAME: Steward,sna
banking,freeze_account,Can you also stop the money coming and going from my CBZ wallet,60:63:SL:BANK_NAME,[IN:freeze_account [SL:BANK_NAME CBZ] ],BANK_NAME: CBZ,sna
banking,freeze_account,I want to stop the flow of money into and out of my Women's Bank account.,66:78:SL:BANK_NAME,[IN:freeze_account [SL:BANK_NAME Women's Bank] ],BANK_NAME: Women's Bank,sna
banking,freeze_account,Stop the rush of money into and out of my Nedbank wallet,67:74:SL:BANK_NAME,[IN:freeze_account [SL:BANK_NAME Nedbank] ],BANK_NAME: Nedbank,sna
banking,freeze_account,Please stop the flow of money in my Agribank account immediately.,56:64:SL:BANK_NAME,[IN:freeze_account [SL:BANK_NAME Agribank] ],BANK_NAME: Agribank,sna
banking,freeze_account,I want to stop my wallet,,[IN:freeze_account ],,sna
banking,freeze_account,Stop my wallet.,,[IN:freeze_account ],,sna
banking,freeze_account,Just suspend my bank account.,,[IN:freeze_account ],,sna
banking,freeze_account,Can I suspend my salary?,,[IN:freeze_account ],,sna
banking,freeze_account,I want you to stop the flow of money into my Barclays account right now.,63:71:SL:BANK_NAME,[IN:freeze_account [SL:BANK_NAME Barclays] ],BANK_NAME: Barclays,sna
banking,freeze_account,Stop working my Agribank fund now.,33:41:SL:BANK_NAME,[IN:freeze_account [SL:BANK_NAME Agribank] ],BANK_NAME: Agribank,sna
banking,freeze_account,I'm closing my Nedbank account to stop working,26:33:SL:BANK_NAME,[IN:freeze_account [SL:BANK_NAME Nedbank] ],BANK_NAME: Nedbank,sna
banking,freeze_account,Please suspend my Standard Chartered bank account.,54:72:SL:BANK_NAME,[IN:freeze_account [SL:BANK_NAME Standard Chartered] ],BANK_NAME: Standard Chartered,sna
banking,freeze_account,Stop the money from going in and out of my Stanbic pocket,52:59:SL:BANK_NAME,[IN:freeze_account [SL:BANK_NAME Stanbic] ],BANK_NAME: Stanbic,sna
banking,freeze_account,Please suspend my bank account,,[IN:freeze_account ],,sna
banking,freeze_account,Please suspend my FBC fund,46:49:SL:BANK_NAME,[IN:freeze_account [SL:BANK_NAME FBC] ],BANK_NAME: FBC,sna
banking,freeze_account,I would like to have my bank account suspended,,[IN:freeze_account ],,sna
banking,freeze_account,Stop working my Agribank account now.,35:43:SL:BANK_NAME,[IN:freeze_account [SL:BANK_NAME Agribank] ],BANK_NAME: Agribank,sna
banking,freeze_account,I also want to suspend my Ecobank wallet now.,53:60:SL:BANK_NAME,[IN:freeze_account [SL:BANK_NAME Ecobank] ],BANK_NAME: Ecobank,sna
banking,freeze_account,I would like you to suspend my bank account please.,,[IN:freeze_account ],,sna
banking,freeze_account,Make my bag stop working,,[IN:freeze_account ],,sna
banking,freeze_account,I have to stop my Stanbic bag,47:54:SL:BANK_NAME,[IN:freeze_account [SL:BANK_NAME Stanbic] ],BANK_NAME: Stanbic,sna
banking,freeze_account,I want you to suspend my Cabs account now,42:46:SL:BANK_NAME,[IN:freeze_account [SL:BANK_NAME Cabs] ],BANK_NAME: Cabs,sna
banking,freeze_account,"Help me stop my bank account, please",,[IN:freeze_account ],,sna
banking,freeze_account,I want to suspend my bank account,,[IN:freeze_account ],,sna
banking,freeze_account,Hold my purse so that I don't have to pay OK,,[IN:freeze_account ],,sna
banking,freeze_account,How do we suspend the operation of my Ecocash wallet,42:49:SL:PAYMENT_COMPANY,[IN:freeze_account [SL:PAYMENT_COMPANY Ecocash] ],PAYMENT_COMPANY: Ecocash,sna
banking,freeze_account,Can you hold my purse for a while?,,[IN:freeze_account ],,sna
banking,freeze_account,Can we ever stop our bank account?,,[IN:freeze_account ],,sna
banking,freeze_account,Please suspend my Barclays account for now.,45:53:SL:BANK_NAME,[IN:freeze_account [SL:BANK_NAME Barclays] ],BANK_NAME: Barclays,sna
banking,freeze_account,Please close our Steward Bank wallet now,53:65:SL:BANK_NAME,[IN:freeze_account [SL:BANK_NAME Steward Bank] ],BANK_NAME: Steward Bank,sna
banking,freeze_account,Just close my Nedbank wallet,43:50:SL:BANK_NAME,[IN:freeze_account [SL:BANK_NAME Nedbank] ],BANK_NAME: Nedbank,sna
banking,freeze_account,Just cover the entry and exit of money into my Women's Bank account,51:63:SL:BANK_NAME,[IN:freeze_account [SL:BANK_NAME Women's Bank] ],BANK_NAME: Women's Bank,sna
banking,interest_rate,Why am I not getting a transfer on top of my money in the Steward Bank?,74:86:SL:BANK_NAME,[IN:interest_rate [SL:BANK_NAME Steward Bank] ],BANK_NAME: Steward Bank,sna
banking,interest_rate,Why is the profit this month lower than the last month I was a NBS supporter?,"22:32:SL:DATE,90:93:SL:BANK_NAME",[IN:interest_rate [SL:DATE mwedzi uno] [SL:BANK_NAME NBS] ],DATE: mwedzi uno $$ BANK_NAME: NBS,sna
banking,interest_rate,How can I get money transferred on my Teachers Furniture's loan?,,[IN:interest_rate ],,sna
banking,interest_rate,"If I decide not to pay the money to First Capital that was transferred to my account last month, will they increase their interest?","33:46:SL:BANK_NAME,82:99:SL:DATE",[IN:interest_rate [SL:BANK_NAME First Capital] [SL:DATE mwedzi wakadarika] ],BANK_NAME: First Capital $$ DATE: mwedzi wakadarika,sna
banking,interest_rate,What is the interest rate that Agribank is giving me over the money I deposited in their bank this month?,"2:10:SL:BANK_NAME,80:90:SL:DATE",[IN:interest_rate [SL:BANK_NAME Agribank] [SL:DATE mwedzi uno] ],BANK_NAME: Agribank $$ DATE: mwedzi uno,sna
banking,interest_rate,What interest rate did CBZ bank offer me on my deposits?,17:20:SL:BANK_NAME,[IN:interest_rate [SL:BANK_NAME CBZ] ],BANK_NAME: CBZ,sna
banking,interest_rate,I would like to know the percentage of my income if I deposit my money in the National Building Society bank account?,79:104:SL:BANK_NAME,[IN:interest_rate [SL:BANK_NAME National Building Society] ],BANK_NAME: National Building Society,sna
banking,interest_rate,Is my Binance account growing by the amount of money that is deposited each week?,"17:24:SL:BANK_NAME,71:85:SL:DATE",[IN:interest_rate [SL:BANK_NAME Binance] [SL:DATE vhikiroga roga] ],BANK_NAME: Binance $$ DATE: vhikiroga roga,sna
banking,interest_rate,"Quattro Bitcoin promises that if you deposit your money with them, at the end of the month how much will it have yielded?","2:17:SL:BANK_NAME,61:76:SL:DATE",[IN:interest_rate [SL:BANK_NAME Quattro Bitcoin] [SL:DATE panopera mwedzi] ],BANK_NAME: Quattro Bitcoin $$ DATE: panopera mwedzi,sna
banking,interest_rate,Give me all the Zimbabweans who send money over my savings to them by more than five percent.,"20:28:SL:COUNTRY,106:130:SL:NUMBER",[IN:interest_rate [SL:COUNTRY Zimbabwe] [SL:NUMBER zvikamu zvishanu pazana.] ],COUNTRY: Zimbabwe $$ NUMBER: zvikamu zvishanu pazana.,sna
banking,interest_rate,"This year so far, how much interest have I got on my money in the Stanbic bank?","0:9:SL:DATE,84:91:SL:BANK_NAME",[IN:interest_rate [SL:DATE Gore rino] [SL:BANK_NAME Stanbic] ],DATE: Gore rino $$ BANK_NAME: Stanbic,sna
banking,interest_rate,Is my Old Mutual money going into overdrive?,17:27:SL:BANK_NAME,[IN:interest_rate [SL:BANK_NAME Old Mutual] ],BANK_NAME: Old Mutual,sna
banking,interest_rate,"Please let me know how much is the amount of money transferred in addition to the money I deposit with FBC, which I will receive monthly if I buy shares from them?","73:76:SL:BANK_NAME,90:98:SL:DATE",[IN:interest_rate [SL:BANK_NAME FBC] [SL:DATE pamwedzi] ],BANK_NAME: FBC $$ DATE: pamwedzi,sna
banking,interest_rate,"What is the interest rate on my money in the month of January this year in the CBZ bank, amounting to?","51:56:SL:DATE,57:66:SL:DATE,78:81:SL:BANK_NAME",[IN:interest_rate [SL:DATE Ndira] [SL:DATE gore rino] [SL:BANK_NAME CBZ] ],DATE: Ndira $$ DATE: gore rino $$ BANK_NAME: CBZ,sna
banking,interest_rate,"If I deposit $20,000 in a CABS bank, how much do I expect to receive next year in addition to that amount?","30:59:SL:MONEY,71:75:SL:BANK_NAME,77:89:SL:DATE",[IN:interest_rate [SL:MONEY zviuru makumi maviri amadhora] [SL:BANK_NAME CABS] [SL:DATE gore rinouya] ],MONEY: zviuru makumi maviri amadhora $$ BANK_NAME: CABS $$ DATE: gore rinouya,sna
banking,interest_rate,Are there any companies in Zimbabwe that offer a deposit bonus?,2:10:SL:COUNTRY,[IN:interest_rate [SL:COUNTRY zimbabwe] ],COUNTRY: zimbabwe,sna
banking,interest_rate,How much do I get above if I deposit $5000 in CABS bank for six months?,"57:62:SL:MONEY,74:78:SL:BANK_NAME,82:98:SL:DATE",[IN:interest_rate [SL:MONEY $5000] [SL:BANK_NAME CABS] [SL:DATE mwedzi mitamhatu] ],MONEY: $5000 $$ BANK_NAME: CABS $$ DATE: mwedzi mitamhatu,sna
banking,interest_rate,Show me the amount of capital I would receive each month if I wanted to buy a share in Old Mutual or FBC.,"49:65:SL:DATE,96:106:SL:BANK_NAME,119:122:SL:BANK_NAME",[IN:interest_rate [SL:DATE mwedzi woga woga] [SL:BANK_NAME Old Mutual] [SL:BANK_NAME FBC] ],DATE: mwedzi woga woga $$ BANK_NAME: Old Mutual $$ BANK_NAME: FBC,sna
banking,interest_rate,How much is the interest on the March deposits in Ecobank?,"44:50:SL:DATE,73:80:SL:BANK_NAME",[IN:interest_rate [SL:DATE Kurume] [SL:BANK_NAME Ecobank] ],DATE: Kurume $$ BANK_NAME: Ecobank,sna
banking,interest_rate,This year First Capital is offering a percentage on the interest on my savings account.,"0:9:SL:DATE,12:24:SL:BANK_NAME,115:130:SL:ACCOUNT_TYPE",[IN:interest_rate [SL:DATE Gore rino] [SL:BANK_NAME FirstCapital] [SL:ACCOUNT_TYPE Savings Account] ],DATE: Gore rino $$ BANK_NAME: FirstCapital $$ ACCOUNT_TYPE: Savings Account,sna
banking,interest_rate,I would also like to know what interest rate the mortgage lenders in Harare are demanding on the money they are lending you?,25:31:SL:CITY_OR_PROVINCE,[IN:interest_rate [SL:CITY_OR_PROVINCE Harare] ],CITY_OR_PROVINCE: Harare,sna
banking,interest_rate,How much is the current amount of money transferred to my loan to Kings Micro Finance?,"0:5:SL:DATE,63:82:SL:BANK_NAME",[IN:interest_rate [SL:DATE Nhasi] [SL:BANK_NAME Kings Micro Finance] ],DATE: Nhasi $$ BANK_NAME: Kings Micro Finance,sna
banking,interest_rate,How much interest and for how long has the Pomona mortgage been repaid?,"0:20:SL:BILL_TYPE,26:32:SL:PLACE_NAME",[IN:interest_rate [SL:BILL_TYPE Chikwereti chedzimba] [SL:PLACE_NAME Pomona] ],BILL_TYPE: Chikwereti chedzimba $$ PLACE_NAME: Pomona,sna
banking,interest_rate,"I would like to know how much money the CBZ bank branch of Westgate has charged me, interest on the money I deposited with them since last January.","60:63:SL:BANK_NAME,68:76:SL:PLACE_NAME,124:137:SL:DATE,143:148:SL:DATE",[IN:interest_rate [SL:BANK_NAME CBZ] [SL:PLACE_NAME Westgate] [SL:DATE gore rakapera] [SL:DATE ndira] ],BANK_NAME: CBZ $$ PLACE_NAME: Westgate $$ DATE: gore rakapera $$ DATE: ndira,sna
banking,interest_rate,If I want to know the amount of money transferred over my loan to Ecosure where do I look?,,[IN:interest_rate ],,sna
banking,interest_rate,I would like to know how much of the money will be returned on the money I deposited in the NMB bank from my wife.,"92:95:SL:BANK_NAME,107:114:SL:DATE",[IN:interest_rate [SL:BANK_NAME NMB] [SL:DATE kukadzi] ],BANK_NAME: NMB $$ DATE: kukadzi,sna
banking,interest_rate,Explain to me exactly how the money that will be transferred on top of the loan I took from First Mutual will be in the form of higher prices in Zimbabwe.,"84:96:SL:BANK_NAME,146:154:SL:COUNTRY",[IN:interest_rate [SL:BANK_NAME First Mutual] [SL:COUNTRY Zimbabwe] ],BANK_NAME: First Mutual $$ COUNTRY: Zimbabwe,sna
banking,interest_rate,What percentage of the money will be generated on top of the money in the Agribank?,63:71:SL:BANK_NAME,[IN:interest_rate [SL:BANK_NAME Agribank] ],BANK_NAME: Agribank,sna
banking,interest_rate,How much will be transferred on my money in Ecobank bank that I should get from the beginning of this year?,"56:63:SL:BANK_NAME,98:107:SL:DATE",[IN:interest_rate [SL:BANK_NAME Ecobank] [SL:DATE gore rino] ],BANK_NAME: Ecobank $$ DATE: gore rino,sna
banking,interest_rate,"How much is transferred over my money, which is in the POSB bank?",57:61:SL:BANK_NAME,[IN:interest_rate [SL:BANK_NAME POSB] ],BANK_NAME: POSB,sna
banking,interest_rate,Please help me to find out what is the transfer fee on top of the money I borrowed from RBZ.,76:79:SL:BANK_NAME,[IN:interest_rate [SL:BANK_NAME RBZ] ],BANK_NAME: RBZ,sna
banking,interest_rate,"Do financial analysts in Zimbabwe say that in the next six months, the major banks such as FBC, CBZ and NMB will increase the share of money transferred to their deposits?","30:38:SL:COUNTRY,48:75:SL:DATE,102:105:SL:BANK_NAME,107:110:SL:BANK_NAME,114:117:SL:BANK_NAME",[IN:interest_rate [SL:COUNTRY Zimbabwe] [SL:DATE mwedzi mitanhatu ichatevera] [SL:BANK_NAME FBC] [SL:BANK_NAME CBZ] [SL:BANK_NAME NMB] ],COUNTRY: Zimbabwe $$ DATE: mwedzi mitanhatu ichatevera $$ BANK_NAME: FBC $$ BANK_NAME: CBZ $$ BANK_NAME: NMB,sna
banking,interest_rate,"If I decide to buy a share in Delta Beverages today, how much equity would I have by January 2025?","49:54:SL:DATE,95:105:SL:DATE",[IN:interest_rate [SL:DATE nhasi] [SL:DATE Ndira 2025] ],DATE: nhasi $$ DATE: Ndira 2025,sna
banking,interest_rate,How much can I expect to receive in interest on my Old Mutual deposit?,75:85:SL:BANK_NAME,[IN:interest_rate [SL:BANK_NAME Old Mutual] ],BANK_NAME: Old Mutual,sna
banking,interest_rate,Does Ecocash also allow its supporters to buy shares and how much will you receive in return?,2:9:SL:PAYMENT_COMPANY,[IN:interest_rate [SL:PAYMENT_COMPANY Ecocash] ],PAYMENT_COMPANY: Ecocash,sna
banking,interest_rate,Which company in zimbabwe offers the highest interest rate on money transfers to investors in these companies?,25:33:SL:COUNTRY,[IN:interest_rate [SL:COUNTRY zimbabwe] ],COUNTRY: zimbabwe,sna
banking,interest_rate,Would you recommend me to take out a loan from a bank that gives me time and a fraction of the interest on the loan?,,[IN:interest_rate ],,sna
banking,interest_rate,What do I need to be approved to deposit money with interest after a certain period of time?,114:121:SL:BANK_NAME,[IN:interest_rate [SL:BANK_NAME Nedbank] ],BANK_NAME: Nedbank,sna
banking,interest_rate,"I was invited by the Harare branch of Standard Chartered bank to deposit my money with them because they will give me ten percent on the transfer fee on their savings, so what does it profit me as a dirty business?","29:35:SL:CITY_OR_PROVINCE,38:56:SL:BANK_NAME,132:136:SL:NUMBER,139:143:SL:NUMBER",[IN:interest_rate [SL:CITY_OR_PROVINCE Harare] [SL:BANK_NAME Standard Chartered] [SL:NUMBER gumi] [SL:NUMBER zana] ],CITY_OR_PROVINCE: Harare $$ BANK_NAME: Standard Chartered $$ NUMBER: gumi $$ NUMBER: zana,sna
banking,interest_rate,My Mastercard from Stanbic bank is also deducting me from the amount of money I saved in the last month of April?,"0:10:SL:PAYMENT_COMPANY,32:39:SL:BANK_NAME,120:135:SL:DATE,138:146:SL:DATE",[IN:interest_rate [SL:PAYMENT_COMPANY Mastercard] [SL:BANK_NAME Stanbic] [SL:DATE mwedzi wapfuura] [SL:DATE Kubvumbi] ],PAYMENT_COMPANY: Mastercard $$ BANK_NAME: Stanbic $$ DATE: mwedzi wapfuura $$ DATE: Kubvumbi,sna
banking,interest_rate,How much is Paypal charging me in addition to using their voucher for every purchase I make on Ebay and Amazon? ,0:6:SL:PAYMENT_COMPANY,[IN:interest_rate [SL:PAYMENT_COMPANY Paypal] ],PAYMENT_COMPANY: Paypal,sna
banking,interest_rate,How much interest is the amount I deposit with BancABC?,57:64:SL:BANK_NAME,[IN:interest_rate [SL:BANK_NAME BancABC] ],BANK_NAME: BancABC,sna
banking,interest_rate,How do I get my money transferred to my account with Metbank Zimbabwe?,75:91:SL:BANK_NAME,[IN:interest_rate [SL:BANK_NAME Metbank Zimbabwe] ],BANK_NAME: Metbank Zimbabwe,sna
banking,interest_rate,Can I check the interest rate on my deposit online at Trust Bank Zimbabwe?,88:107:SL:BANK_NAME,[IN:interest_rate [SL:BANK_NAME Trust Bank Zimbabwe] ],BANK_NAME: Trust Bank Zimbabwe,sna
banking,interest_rate,"In Zimbabwe, how do farmers get into schemes where banks like Agribank transfer money on top of their GMB crops?","2:10:SL:COUNTRY,88:96:SL:BANK_NAME",[IN:interest_rate [SL:COUNTRY Zimbabwe] [SL:BANK_NAME Agribank] ],COUNTRY: Zimbabwe $$ BANK_NAME: Agribank,sna
banking,interest_rate,Why is the interest on my ZB Microfinance bank account lower this month?,"58:73:SL:BANK_NAME,85:95:SL:DATE",[IN:interest_rate [SL:BANK_NAME ZB Microfinance] [SL:DATE mwedzi uno] ],BANK_NAME: ZB Microfinance $$ DATE: mwedzi uno,sna
banking,interest_rate,"Look for a bank that can give me a lot of money for the transfer of money to those who have deposited their money with it, which is near me in Harare here.",118:124:SL:CITY_OR_PROVINCE,[IN:interest_rate [SL:CITY_OR_PROVINCE Harare] ],CITY_OR_PROVINCE: Harare,sna
banking,interest_rate,Is the amount of money I borrowed from Tetrad Investment too high?,51:68:SL:BANK_NAME,[IN:interest_rate [SL:BANK_NAME Tetrad Investment] ],BANK_NAME: Tetrad Investment,sna
banking,interest_rate,What percentage of the income will I receive after I give CBZ Limited my money to keep for a year?,"24:28:SL:MONEY,79:90:SL:BANK_NAME,118:125:SL:DATE",[IN:interest_rate [SL:MONEY zana] [SL:BANK_NAME CBZ Limited] [SL:DATE kwegore] ],MONEY: zana $$ BANK_NAME: CBZ Limited $$ DATE: kwegore,sna
banking,interest_rate,Can you tell me how much money will be transferred in addition to my money in the National Building Society bank account?,78:102:SL:BANK_NAME,[IN:interest_rate [SL:BANK_NAME National Building Societ] ],BANK_NAME: National Building Societ,sna
banking,interest_rate,How much is my monthly interest in ABC Holdings Limited in the year 2024?,"2:18:SL:DATE,21:30:SL:DATE,33:37:SL:DATE,101:121:SL:BANK_NAME",[IN:interest_rate [SL:DATE mwedzi woga woga] [SL:DATE gore rino] [SL:DATE 2024] [SL:BANK_NAME ABC Holdings Limited] ],DATE: mwedzi woga woga $$ DATE: gore rino $$ DATE: 2024 $$ BANK_NAME: ABC Holdings Limited,sna
banking,interest_rate,Give me the interest income statement of Barclays Bank from 1 January 2022 to 1 January 2024.,"65:73:SL:BANK_NAME,84:99:SL:DATE,112:127:SL:DATE",[IN:interest_rate [SL:BANK_NAME Barclays] [SL:DATE wa 1 Ndira 2022] [SL:DATE wa 1 Ndira 2024] ],BANK_NAME: Barclays $$ DATE: wa 1 Ndira 2022 $$ DATE: wa 1 Ndira 2024,sna
banking,interest_rate,"If I wanted to work with Barclays bank from today, what percentage of the money I would get each month?","29:37:SL:BANK_NAME,44:49:SL:DATE,85:89:SL:NUMBER,118:134:SL:DATE",[IN:interest_rate [SL:BANK_NAME Barclays] [SL:DATE nhasi] [SL:NUMBER zana] [SL:DATE mwedzi woga woga] ],BANK_NAME: Barclays $$ DATE: nhasi $$ NUMBER: zana $$ DATE: mwedzi woga woga,sna
banking,interest_rate,What is the maximum amount of money that I can earn in Zimbabwe in addition to my savings?,36:44:SL:COUNTRY,[IN:interest_rate [SL:COUNTRY zimbabwe] ],COUNTRY: zimbabwe,sna
banking,interest_rate,"I plan to deposit all my earnings with Nedbank from your retirement on January 1st next year, so who else can I get that will be making a profit there?","29:36:SL:BANK_NAME,82:102:SL:DATE",[IN:interest_rate [SL:BANK_NAME Nedbank] [SL:DATE 1 Ndira gore rinouya] ],BANK_NAME: Nedbank $$ DATE: 1 Ndira gore rinouya,sna
banking,interest_rate,"How do I combine the calculations to know the amount I am being offered above, this month of March from the Metbank bank?","73:83:SL:DATE,86:92:SL:DATE,110:117:SL:BANK_NAME",[IN:interest_rate [SL:DATE mwedzi uno] [SL:DATE Kurume] [SL:BANK_NAME Metbank] ],DATE: mwedzi uno $$ DATE: Kurume $$ BANK_NAME: Metbank,sna
banking,interest_rate,Please provide me with full details regarding the transfer of funds in connection with your deposits with the Central Africa Building Bank.,101:124:SL:BANK_NAME,[IN:interest_rate [SL:BANK_NAME Central Africa Building] ],BANK_NAME: Central Africa Building,sna
banking,interest_rate,I have heard that Lion Micro-finance Limited gives the best percentages of their deposits and therefore where in Harare can I visit on Friday afternoons.,"15:41:SL:BANK_NAME,77:81:SL:NUMBER,172:178:SL:CITY_OR_PROVINCE,205:213:SL:DATE,214:222:SL:TIME",[IN:interest_rate [SL:BANK_NAME Lion Micro-finance Limited] [SL:NUMBER zana] [SL:CITY_OR_PROVINCE Harare] [SL:DATE Chishanu] [SL:TIME masikati] ],BANK_NAME: Lion Micro-finance Limited $$ NUMBER: zana $$ CITY_OR_PROVINCE: Harare $$ DATE: Chishanu $$ TIME: masikati,sna
banking,interest_rate,"In the area of Harare, Marondera and Bindura, is there any who can provide education on how to make money and financial information profitable for the money we deposit in Zimbabwean banks?","12:18:SL:CITY_OR_PROVINCE,19:28:SL:CITY_OR_PROVINCE,33:40:SL:CITY_OR_PROVINCE,145:153:SL:COUNTRY",[IN:interest_rate [SL:CITY_OR_PROVINCE Harare] [SL:CITY_OR_PROVINCE Marondera] [SL:CITY_OR_PROVINCE Bindura] [SL:COUNTRY Zimbabwe] ],CITY_OR_PROVINCE: Harare $$ CITY_OR_PROVINCE: Marondera $$ CITY_OR_PROVINCE: Bindura $$ COUNTRY: Zimbabwe,sna
banking,interest_rate,Is my Old Mutual income going up on top of the money I'm saving for my children to go to college overseas?,38:48:SL:BANK_NAME,[IN:interest_rate [SL:BANK_NAME Old Mutual] ],BANK_NAME: Old Mutual,sna
banking,interest_rate,"If I enroll in the NSSA program, how much of my monthly withdrawal will I be able to receive in addition to this pension when I retire?",,[IN:interest_rate ],,sna
banking,interest_rate,What about the returns on our NBS investments?,57:60:SL:BANK_NAME,[IN:interest_rate [SL:BANK_NAME NBS] ],BANK_NAME: NBS,sna
banking,interest_rate,"Between Nedbank, Metbank and FBC, show me a bank that gives me more than a hundred percent interest on my money if I put it in that bank.","9:16:SL:BANK_NAME,18:25:SL:BANK_NAME,28:31:SL:BANK_NAME,90:94:SL:NUMBER",[IN:interest_rate [SL:BANK_NAME Nedbank] [SL:BANK_NAME Metbank] [SL:BANK_NAME FBC] [SL:NUMBER zana] ],BANK_NAME: Nedbank $$ BANK_NAME: Metbank $$ BANK_NAME: FBC $$ NUMBER: zana,sna
banking,interest_rate,Just how much was the profit in the month of November last year on the POSB's head?,"40:46:SL:DATE,47:58:SL:DATE,76:80:SL:BANK_NAME",[IN:interest_rate [SL:DATE Mbudzi] [SL:DATE gore rapera] [SL:BANK_NAME POSB] ],DATE: Mbudzi $$ DATE: gore rapera $$ BANK_NAME: POSB,sna
banking,interest_rate,"Comparing the information available for the past five years from 2019 to the end of 2023, is CABS Bank showing growth in terms of the percentage of revenue generated on the funds transferred to our reserves?","31:53:SL:DATE,67:73:SL:DATE,99:105:SL:DATE,116:120:SL:BANK_NAME",[IN:interest_rate [SL:DATE makore mashanu adarika] [SL:DATE ra2019] [SL:DATE ra2023] [SL:BANK_NAME CABS] ],DATE: makore mashanu adarika $$ DATE: ra2019 $$ DATE: ra2023 $$ BANK_NAME: CABS,sna
banking,interest_rate,In what ways does microfinance require a lower interest rate on the loan and give you a longer time to be able to pay it off?,2:8:SL:CITY_OR_PROVINCE,[IN:interest_rate [SL:CITY_OR_PROVINCE harare] ],CITY_OR_PROVINCE: harare,sna
banking,interest_rate,What does First Mutual Microfinance (Private) Limited say they will require in addition to the loan amount?,2:45:SL:BANK_NAME,[IN:interest_rate [SL:BANK_NAME First Mutual Microfinance (Private) Limited] ],BANK_NAME: First Mutual Microfinance (Private) Limited,sna
banking,interest_rate,Does FBC Holdings Limited still offer to buy shares from them and how much money will they invest in this share?,10:30:SL:BANK_NAME,[IN:interest_rate [SL:BANK_NAME FBC Holdings Limited] ],BANK_NAME: FBC Holdings Limited,sna
banking,interest_rate,I am told that the Agricultural Development Bank of Zimbabwe will give me a percentage increase on the interest rate that I have deposited with them since the beginning of this year so can I also announce how much this amount is?,"10:51:SL:BANK_NAME,121:130:SL:DATE",[IN:interest_rate [SL:BANK_NAME Agricultural Development Bank of Zimbabwe] [SL:DATE gore rino] ],BANK_NAME: Agricultural Development Bank of Zimbabwe $$ DATE: gore rino,sna
banking,interest_rate,I want to know the amount of money transferred over the money I borrowed from Getbucks Microfinance.,68:89:SL:BANK_NAME,[IN:interest_rate [SL:BANK_NAME Getbucks Microfinance] ],BANK_NAME: Getbucks Microfinance,sna
banking,interest_rate,"If you can, can you also tell me how much interest my First Capital account will have?",83:96:SL:BANK_NAME,[IN:interest_rate [SL:BANK_NAME First Capital] ],BANK_NAME: First Capital,sna
banking,interest_rate,Explain to me also how much will be transferred over the loan I took from Old Mutual for the house I am building?,80:90:SL:BANK_NAME,[IN:interest_rate [SL:BANK_NAME Old Mutual] ],BANK_NAME: Old Mutual,sna
banking,interest_rate,"Peace told me this morning that First Mutual gives a fair monthly amount if you deposit with them, is that true?","0:9:SL:PERSONAL_NAME,19:24:SL:DATE,25:35:SL:TIME,43:55:SL:BANK_NAME",[IN:interest_rate [SL:PERSONAL_NAME Runyararo] [SL:DATE nhasi] [SL:TIME mangwanani] [SL:BANK_NAME First Mutual] ],PERSONAL_NAME: Runyararo $$ DATE: nhasi $$ TIME: mangwanani $$ BANK_NAME: First Mutual,sna
banking,interest_rate,"If I deposit my money in CBZ Limited, how much will be transferred on top of my monthly income?","22:33:SL:BANK_NAME,92:108:SL:DATE",[IN:interest_rate [SL:BANK_NAME CBZ Limited] [SL:DATE mwedzi wega wega] ],BANK_NAME: CBZ Limited $$ DATE: mwedzi wega wega,sna
banking,interest_rate,What is the interest rate on my money in Tetrad Investment Bank Limited?,56:86:SL:BANK_NAME,[IN:interest_rate [SL:BANK_NAME Tetrad Investment Bank Limited] ],BANK_NAME: Tetrad Investment Bank Limited,sna
banking,interest_rate,"Is it true that NBS gives Zimbabwean government employees more than 100 percent, than those who do manual work, cash transfers on top of the money they are depositing in the bank?","22:25:SL:BANK_NAME,58:66:SL:COUNTRY,92:96:SL:NUMBER",[IN:interest_rate [SL:BANK_NAME NBS] [SL:COUNTRY Zimbabwe] [SL:NUMBER zana] ],BANK_NAME: NBS $$ COUNTRY: Zimbabwe $$ NUMBER: zana,sna
banking,interest_rate,"If I plan to buy a share from Old Mutual or Econet today, would I consider what I would have at the end of the year to hold the reserve fund?","28:38:SL:BANK_NAME,51:56:SL:DATE,78:91:SL:DATE",[IN:interest_rate [SL:BANK_NAME Old Mutual] [SL:DATE nhasi] [SL:DATE panopera gore] ],BANK_NAME: Old Mutual $$ DATE: nhasi $$ DATE: panopera gore,sna
banking,interest_rate,What is the transfer fee that Ecobank has promised to pay me over my savings with them this year?,"2:9:SL:BANK_NAME,110:119:SL:DATE",[IN:interest_rate [SL:BANK_NAME Ecobank] [SL:DATE gore rino] ],BANK_NAME: Ecobank $$ DATE: gore rino,sna
banking,interest_rate,How can I get a bank in Harare that gives people a monthly interest rate from today?,"24:30:SL:CITY_OR_PROVINCE,61:77:SL:DATE,86:91:SL:DATE",[IN:interest_rate [SL:CITY_OR_PROVINCE Harare] [SL:DATE mwedzi woga woga] [SL:DATE nhasi] ],CITY_OR_PROVINCE: Harare $$ DATE: mwedzi woga woga $$ DATE: nhasi,sna
banking,interest_rate,What makes me deserve to be bribed with money that is transferred over one of my very own to a bank like NMB?,114:117:SL:BANK_NAME,[IN:interest_rate [SL:BANK_NAME NMB] ],BANK_NAME: NMB,sna
banking,min_payment,How much should I pay Webdev to maintain my website this year?,75:84:SL:DATE,[IN:min_payment [SL:DATE gore rino] ],DATE: gore rino,sna
banking,min_payment,Tell me the minimum amount that can be withdrawn each month if I deposit $500 in the FBC bank.,"40:56:SL:DATE,71:82:SL:MONEY,94:97:SL:BANK_NAME",[IN:min_payment [SL:DATE mwedzi woga woga] [SL:MONEY madhora 500] [SL:BANK_NAME FBC] ],DATE: mwedzi woga woga $$ MONEY: madhora 500 $$ BANK_NAME: FBC,sna
banking,min_payment,"Between Champions Insurance, Mota and Nicoz Insurance, where can I pay the least amount of tax on my car?",,[IN:min_payment ],,sna
banking,min_payment,What is the minimum amount I have to pay to keep my Edgars account active?,53:67:SL:ACCOUNT_TYPE,[IN:min_payment [SL:ACCOUNT_TYPE Edgars account] ],ACCOUNT_TYPE: Edgars account,sna
banking,min_payment,What is the minimum amount allowed to buy on Amazon and Steward Bank Globetrotter visa starting from?,47:78:SL:PAYMENT_COMPANY,[IN:min_payment [SL:PAYMENT_COMPANY Steward Bank Globetrotter vhiza] ],PAYMENT_COMPANY: Steward Bank Globetrotter vhiza,sna
banking,min_payment,What is the minimum amount I can afford to pay for electricity and running water this year?,"55:63:SL:DATE,64:73:SL:DATE",[IN:min_payment [SL:DATE kubvumbi] [SL:DATE gore rino] ],DATE: kubvumbi $$ DATE: gore rino,sna
banking,min_payment,What is the minimum fee for enrollment at the Avenues Clinic?,53:67:SL:PLACE_NAME,[IN:min_payment [SL:PLACE_NAME Avenues Clinic] ],PLACE_NAME: Avenues Clinic,sna
banking,min_payment,What is the minimum amount InnBucks allows for electricity bills?,25:33:SL:PAYMENT_COMPANY,[IN:min_payment [SL:PAYMENT_COMPANY InnBucks] ],PAYMENT_COMPANY: InnBucks,sna
banking,min_payment,Minimum amount allowed to pay fees for a student studying at UZ,"37:49:SL:BILL_TYPE,62:64:SL:PLACE_NAME",[IN:min_payment [SL:BILL_TYPE fees yemwana] [SL:PLACE_NAME UZ] ],BILL_TYPE: fees yemwana $$ PLACE_NAME: UZ,sna
banking,min_payment,This month I can afford to pay a little for my medical expenses,0:10:SL:DATE,[IN:min_payment [SL:DATE Mwedzi uno] ],DATE: Mwedzi uno,sna
banking,min_payment,"At the Boarder if I am coming from South Africa to Zimbabwe, how much minimum fare would I be allowed to pay as a food tax amounting to Rands?","27:39:SL:COUNTRY,52:60:SL:COUNTRY,141:146:SL:CURRENCY",[IN:min_payment [SL:COUNTRY South Africa] [SL:COUNTRY Zimbabwe] [SL:CURRENCY Rands] ],COUNTRY: South Africa $$ COUNTRY: Zimbabwe $$ CURRENCY: Rands,sna
banking,min_payment,"If I want to buy at Chicken Inn with One Money, how much less can I pay for food","23:34:SL:RESTAURANT_NAME,37:46:SL:PAYMENT_COMPANY",[IN:min_payment [SL:RESTAURANT_NAME Chicken Inn] [SL:PAYMENT_COMPANY One Money] ],RESTAURANT_NAME: Chicken Inn $$ PAYMENT_COMPANY: One Money,sna
banking,min_payment,"Payment when using Ecocash, what is the minimum amount you are allowed to pay?",29:36:SL:PAYMENT_COMPANY,[IN:min_payment [SL:PAYMENT_COMPANY Ecocash] ],PAYMENT_COMPANY: Ecocash,sna
banking,min_payment,How low can I pay my Telone bill with my Mastercard,"45:59:SL:BILL_TYPE,63:73:SL:PAYMENT_COMPANY",[IN:min_payment [SL:BILL_TYPE bhiri reTelone] [SL:PAYMENT_COMPANY Mastercard] ],BILL_TYPE: bhiri reTelone $$ PAYMENT_COMPANY: Mastercard,sna
banking,min_payment,"If my money is in the Elder, what do they recommend I pay the minimum amount from my account?",22:28:SL:PAYMENT_COMPANY,[IN:min_payment [SL:PAYMENT_COMPANY Mukuru] ],PAYMENT_COMPANY: Mukuru,sna
banking,min_payment,"What method can I use to pay for a mortgage, using the lowest interest rate",,[IN:min_payment ],,sna
banking,min_payment,"Tell me, how much is the minimum amount I should pay on my mortgage?",,[IN:min_payment ],,sna
banking,min_payment,What is the minimum amount I should pay on my Steward loan?,70:77:SL:BANK_NAME,[IN:min_payment [SL:BANK_NAME Steward] ],BANK_NAME: Steward,sna
banking,min_payment,How much less can I pay on my Pick and Pay credit?,,[IN:min_payment ],,sna
banking,min_payment,What is the minimum amount I can pay to the council to avoid waterlogging?,,[IN:min_payment ],,sna
banking,min_payment,What is the minimum amount I can pay to ZESA to avoid a power outage?,,[IN:min_payment ],,sna
banking,min_payment,How much does my Bradllows mortgage cost?,,[IN:min_payment ],,sna
banking,min_payment,I would like to know how much is the minimum amount I can pay on my loan to the CBZ bank?,79:82:SL:BANK_NAME,[IN:min_payment [SL:BANK_NAME CBZ] ],BANK_NAME: CBZ,sna
banking,min_payment,Please state the minimum amount of the lodging fee I should pay.,41:58:SL:BILL_TYPE,[IN:min_payment [SL:BILL_TYPE muripo wepekugara] ],BILL_TYPE: muripo wepekugara,sna
banking,min_payment,Tell me how much is the minimum amount that needs to be paid on my electricity bill?,46:74:SL:BILL_TYPE,[IN:min_payment [SL:BILL_TYPE chikwereti changu chemagetsi] ],BILL_TYPE: chikwereti changu chemagetsi,sna
banking,min_payment,What is the minimum amount I can pay for my Truworths loan for the clothes I bought there?,,[IN:min_payment ],,sna
banking,min_payment,How much less can I borrow from Bata Shoe Company for the shoes I bought there?,58:78:SL:BILL_TYPE,[IN:min_payment [SL:BILL_TYPE chikwereti chebhutsu] ],BILL_TYPE: chikwereti chebhutsu,sna
banking,min_payment,How much can I charge for my mobile phone with Econet?,36:94:SL:BILL_TYPE,[IN:min_payment [SL:BILL_TYPE chikwereti changu chekushandisa nharembozha yangu kuEconet] ],BILL_TYPE: chikwereti changu chekushandisa nharembozha yangu kuEconet,sna
banking,min_payment,Please state the minimum amount that the Post Office charges for sending my luggage from Harare to Gwanda.,"84:90:SL:CITY_OR_PROVINCE,101:107:SL:CITY_OR_PROVINCE",[IN:min_payment [SL:CITY_OR_PROVINCE Harare] [SL:CITY_OR_PROVINCE Gwanda] ],CITY_OR_PROVINCE: Harare $$ CITY_OR_PROVINCE: Gwanda,sna
banking,min_payment,How much do I have to pay to ZOL to keep the signal in my home?,,[IN:min_payment ],,sna
banking,min_payment,How much is the minimum amount required on my Truworths account for repayment of my loan?,,[IN:min_payment ],,sna
banking,min_payment,I would like to know how much is the minimum amount required for my AIMRA loan.,39:67:SL:BILL_TYPE,[IN:min_payment [SL:BILL_TYPE chikwereti changu chekuZIMRA] ],BILL_TYPE: chikwereti changu chekuZIMRA,sna
banking,min_payment,What is the minimum tax for my business?,19:37:SL:BILL_TYPE,[IN:min_payment [SL:BILL_TYPE mutero webhizimisi] ],BILL_TYPE: mutero webhizimisi,sna
banking,min_payment,Write down how much my loan is needed for the minimum amount of CBZ.,65:68:SL:BANK_NAME,[IN:min_payment [SL:BANK_NAME CBZ] ],BANK_NAME: CBZ,sna
banking,min_payment,Name the small amount I owe to the Bulawayo city council this month.,"68:76:SL:CITY_OR_PROVINCE,77:87:SL:DATE",[IN:min_payment [SL:CITY_OR_PROVINCE Bulawayo] [SL:DATE mwedzi uno] ],CITY_OR_PROVINCE: Bulawayo $$ DATE: mwedzi uno,sna
banking,min_payment,I would like to know the minimum amount of my FBC Bank loan.,64:72:SL:BANK_NAME,[IN:min_payment [SL:BANK_NAME FBC Bank] ],BANK_NAME: FBC Bank,sna
banking,min_payment,I would like to know how much money is needed to pay for the hotel I plan to stay in for my trip in December.,102:107:SL:DATE,[IN:min_payment [SL:DATE Zvita] ],DATE: Zvita,sna
banking,min_payment,Write down the minimum amount required for my farm loan taken from Seedco.,32:64:SL:BILL_TYPE,[IN:min_payment [SL:BILL_TYPE chikwereti changu chezvekurimisa] ],BILL_TYPE: chikwereti changu chezvekurimisa,sna
banking,min_payment,Put a small amount of money in my DSTV account.,,[IN:min_payment ],,sna
banking,min_payment,Tell me the minimum amount needed for my home loan I bought with HomeLink.,"31:48:SL:BILL_TYPE,70:78:SL:BANK_NAME",[IN:min_payment [SL:BILL_TYPE chikwereti chemba] [SL:BANK_NAME Homelink] ],BILL_TYPE: chikwereti chemba $$ BANK_NAME: Homelink,sna
banking,min_payment,List the minimum amount of money needed to start a child's schooling.,,[IN:min_payment ],,sna
banking,min_payment,Please indicate the minimum amount required on my Impala Car Rental loan.,29:53:SL:BILL_TYPE,[IN:min_payment [SL:BILL_TYPE chikwereti chemota yangu] ],BILL_TYPE: chikwereti chemota yangu,sna
banking,min_payment,Tell me the minimum amount required to pay the FULL amount this month.,"38:44:SL:BILL_TYPE,45:55:SL:DATE",[IN:min_payment [SL:BILL_TYPE kuZESA] [SL:DATE mwedzi uno] ],BILL_TYPE: kuZESA $$ DATE: mwedzi uno,sna
banking,min_payment,Write down the amount of the credit card debt.,25:28:SL:BANK_NAME,[IN:min_payment [SL:BANK_NAME CBZ] ],BANK_NAME: CBZ,sna
banking,min_payment,Write down the small amount that is required by the church to pay for the meeting.,,[IN:min_payment ],,sna
banking,min_payment,Tell me the minimum amount required to be paid this month for paying my company tax.,"39:49:SL:DATE,63:85:SL:BILL_TYPE",[IN:min_payment [SL:DATE mwedzi uno] [SL:BILL_TYPE mutero wekambani yangu] ],DATE: mwedzi uno $$ BILL_TYPE: mutero wekambani yangu,sna
banking,min_payment,I would like to know how much money is needed as compensation for the work done.,,[IN:min_payment ],,sna
banking,min_payment,Please tell me the minimum amount that Zimra needs for the items I bought from Russia.,78:84:SL:COUNTRY,[IN:min_payment [SL:COUNTRY Russia] ],COUNTRY: Russia,sna
banking,min_payment,What is the minimum cost of a house project?,,[IN:min_payment ],,sna
banking,min_payment,How much less is required as compensation for the work done by the mechanic on my car?,,[IN:min_payment ],,sna
banking,min_payment,How much less am I paying Zimra for the goods I brought in from China?,80:85:SL:COUNTRY,[IN:min_payment [SL:COUNTRY China] ],COUNTRY: China,sna
banking,min_payment,How much of the minimum tax requirement for my business can I pay?,28:45:SL:BILL_TYPE,[IN:min_payment [SL:BILL_TYPE paTax pabhizimusi] ],BILL_TYPE: paTax pabhizimusi,sna
banking,min_payment,What is the minimum amount I can pay on my HomeLink mortgage?,"30:55:SL:BILL_TYPE,64:72:SL:BANK_NAME",[IN:min_payment [SL:BILL_TYPE chikwereti changu cheimba] [SL:BANK_NAME Homelink] ],BILL_TYPE: chikwereti changu cheimba $$ BANK_NAME: Homelink,sna
banking,min_payment,How much can I withdraw from the city council of Marondera on my water bill?,"43:52:SL:CITY_OR_PROVINCE,55:81:SL:BILL_TYPE",[IN:min_payment [SL:CITY_OR_PROVINCE Marondera] [SL:BILL_TYPE chikwereti changu chemvura] ],CITY_OR_PROVINCE: Marondera $$ BILL_TYPE: chikwereti changu chemvura,sna
banking,min_payment,How much minimum amount am I expected to pay for my child's schooling?,,[IN:min_payment ],,sna
banking,min_payment,How much less money could I give them to pay my debt when I got sick at Karanda Hospital?,75:91:SL:PLACE_NAME,[IN:min_payment [SL:PLACE_NAME Karanda Hospital] ],PLACE_NAME: Karanda Hospital,sna
banking,min_payment,How much can I pay off my car loan?,35:53:SL:BILL_TYPE,[IN:min_payment [SL:BILL_TYPE chikwereti chemota] ],BILL_TYPE: chikwereti chemota,sna
banking,min_payment,How much is the minimum amount required on my Mpilo Hospital medical loan?,"25:57:SL:BILL_TYPE,61:75:SL:PLACE_NAME",[IN:min_payment [SL:BILL_TYPE chikwereti changu chekuchipatara] [SL:PLACE_NAME Mpilo Hospital] ],BILL_TYPE: chikwereti changu chekuchipatara $$ PLACE_NAME: Mpilo Hospital,sna
banking,min_payment,Please write down the minimum amount required for the mortgage of my house to the Gweru city council.,"39:52:SL:BILL_TYPE,78:83:SL:CITY_OR_PROVINCE",[IN:min_payment [SL:BILL_TYPE kuterera imba] [SL:CITY_OR_PROVINCE Gweru] ],BILL_TYPE: kuterera imba $$ CITY_OR_PROVINCE: Gweru,sna
banking,min_payment,How much is the minimum amount required on my mobile phone bill this month at Neton?,"26:53:SL:BILL_TYPE,54:64:SL:DATE",[IN:min_payment [SL:BILL_TYPE chikwereti chepanhare yangu] [SL:DATE mwedzi uno] ],BILL_TYPE: chikwereti chepanhare yangu $$ DATE: mwedzi uno,sna
banking,min_payment,How much do I have to pay each month on my loan for my Croco Motors car?,61:113:SL:BILL_TYPE,[IN:min_payment [SL:BILL_TYPE chikwereti chemota yangu yandakatenga kuCroco Motors] ],BILL_TYPE: chikwereti chemota yangu yandakatenga kuCroco Motors,sna
banking,min_payment,Write down the minimum amount required to pay for my child's school fees to be allowed to write the exam.,46:77:SL:BILL_TYPE,[IN:min_payment [SL:BILL_TYPE mari yekuchikoro kwemwana wangu] ],BILL_TYPE: mari yekuchikoro kwemwana wangu,sna
banking,min_payment,What is the minimum amount required to pay on the loan for the furniture I borrowed from Teachers Furnishers?,34:55:SL:BILL_TYPE,[IN:min_payment [SL:BILL_TYPE chikwereti chemudziyo] ],BILL_TYPE: chikwereti chemudziyo,sna
banking,min_payment,I might also find out how much I owe Edgar's for the clothes I took.,67:72:SL:SHOPPING_ITEM,[IN:min_payment [SL:SHOPPING_ITEM hembe] ],SHOPPING_ITEM: hembe,sna
banking,min_payment,Write down the minimum amount needed to pay off my mortgage.,42:67:SL:BILL_TYPE,[IN:min_payment [SL:BILL_TYPE chikwereti changu cheimba] ],BILL_TYPE: chikwereti changu cheimba,sna
banking,min_payment,I would like to know how much I have to pay for my FBC loan.,55:58:SL:BANK_NAME,[IN:min_payment [SL:BANK_NAME FBC] ],BANK_NAME: FBC,sna
banking,min_payment,Tell me the minimum amount I should pay on my NBS mortgage for my house.,69:72:SL:BANK_NAME,[IN:min_payment [SL:BANK_NAME NBS] ],BANK_NAME: NBS,sna
banking,min_payment,What is the minimum amount I should pay on my Croco Motors loan?,,[IN:min_payment ],,sna
banking,min_payment,I would like to know how much I have to pay on my TV Sales and Home account for my stove bill.,91:112:SL:BILL_TYPE,[IN:min_payment [SL:BILL_TYPE chikwereti chechitofu] ],BILL_TYPE: chikwereti chechitofu,sna
banking,min_payment,Write down the small amount of money that the Zesa family needs to pay me to keep the lights on in my home.,,[IN:min_payment ],,sna
banking,min_payment,What would be the minimum amount I would need to pay for the duty of my UD80 truck if it is from Tanzania?,"38:49:SL:BILL_TYPE,79:87:SL:COUNTRY",[IN:min_payment [SL:BILL_TYPE duty yerori] [SL:COUNTRY Tanzania] ],BILL_TYPE: duty yerori $$ COUNTRY: Tanzania,sna
banking,min_payment,What is the minimum amount I can withdraw with my Steward Bank card?,57:69:SL:BANK_NAME,[IN:min_payment [SL:BANK_NAME Steward Bank] ],BANK_NAME: Steward Bank,sna
banking,min_payment,"If I want to pay for airtime with my CABS account, what do they allow to start with?",50:54:SL:BANK_NAME,[IN:min_payment [SL:BANK_NAME CABS] ],BANK_NAME: CABS,sna
banking,min_payment,How much should I pay this month for my Econet contract phone?,0:10:SL:DATE,[IN:min_payment [SL:DATE Mwedzi uno] ],DATE: Mwedzi uno,sna
banking,min_payment,What minimum amount of money do banks currently allow you to withdraw from your account?,,[IN:min_payment ],,sna
banking,min_payment,What is the minimum amount allowed to pay using any bank in Zimbabwe to get Comfort?,72:80:SL:COUNTRY,[IN:min_payment [SL:COUNTRY Zimbabwe] ],COUNTRY: Zimbabwe,sna
banking,min_payment,What minimum amount of money am I allowed to pay if I want to make a deposit?,,[IN:min_payment ],,sna
banking,min_payment,How much does my TV Sales account earn on a monthly basis?,59:67:SL:DATE,[IN:min_payment [SL:DATE pamwedzi] ],DATE: pamwedzi,sna
banking,min_payment,How much can I afford to pay a small fee to Liquid Home to have fiber-optic Internet at my home in Mandara?,114:121:SL:PLACE_NAME,[IN:min_payment [SL:PLACE_NAME Mandara] ],PLACE_NAME: Mandara,sna
banking,min_payment,What minimum amount could I pay to the council to become a vendor in the city of Harare at the Charge Office market?,"31:49:SL:BILL_TYPE,80:86:SL:CITY_OR_PROVINCE,87:112:SL:PLACE_NAME",[IN:min_payment [SL:BILL_TYPE bhadhara kukanzuru] [SL:CITY_OR_PROVINCE Harare] [SL:PLACE_NAME pamusika we Charge Office] ],BILL_TYPE: bhadhara kukanzuru $$ CITY_OR_PROVINCE: Harare $$ PLACE_NAME: pamusika we Charge Office,sna
banking,pay_bill,Pay the mill fee for yesterday,"9:25:SL:BILL_TYPE,28:34:SL:DATE",[IN:pay_bill [SL:BILL_TYPE mari yekuchigayo] [SL:DATE nezuro] ],BILL_TYPE: mari yekuchigayo $$ DATE: nezuro,sna
banking,pay_bill,I want to send some money to pay the debt of my night watchman,"46:88:SL:BILL_TYPE,89:96:SL:TIME",[IN:pay_bill [SL:BILL_TYPE chikwereti chemutariri anorinda imba yangu] [SL:TIME manheru] ],BILL_TYPE: chikwereti chemutariri anorinda imba yangu $$ TIME: manheru,sna
banking,pay_bill,Help me to pay my gas bill,23:59:SL:BILL_TYPE,[IN:pay_bill [SL:BILL_TYPE chikwereti changu chegasi rekubikisa] ],BILL_TYPE: chikwereti changu chegasi rekubikisa,sna
banking,pay_bill,I want to pay off my milling debt,19:49:SL:BILL_TYPE,[IN:pay_bill [SL:BILL_TYPE chikwereti changu chekuchigayo] ],BILL_TYPE: chikwereti changu chekuchigayo,sna
banking,pay_bill,Use my Agribank account to pay off the loan for the new mobile phone I took out from Econet.,"25:33:SL:BANK_NAME,45:76:SL:BILL_TYPE",[IN:pay_bill [SL:BANK_NAME Agribank] [SL:BILL_TYPE chikwereti chenharembozva itsva] ],BANK_NAME: Agribank $$ BILL_TYPE: chikwereti chenharembozva itsva,sna
banking,pay_bill,Please pay my Agrifoods loan using my Steward Bank checking account.,"65:99:SL:ACCOUNT_TYPE,104:116:SL:BANK_NAME",[IN:pay_bill [SL:ACCOUNT_TYPE homwe yangu yekutenga nekubhadhara] [SL:BANK_NAME Steward Bank] ],ACCOUNT_TYPE: homwe yangu yekutenga nekubhadhara $$ BANK_NAME: Steward Bank,sna
banking,pay_bill,I ask for help to pay my mortgage and water bill,30:71:SL:BILL_TYPE,[IN:pay_bill [SL:BILL_TYPE chikwereti changu chemutero wemba nemvura] ],BILL_TYPE: chikwereti changu chemutero wemba nemvura,sna
banking,pay_bill,I need someone to help me pay for my cooking gas bill.,38:65:SL:BILL_TYPE,[IN:pay_bill [SL:BILL_TYPE chikwereti chegasi rekubika] ],BILL_TYPE: chikwereti chegasi rekubika,sna
banking,pay_bill,Help me to pay my water tax debt,32:46:SL:BILL_TYPE,[IN:pay_bill [SL:BILL_TYPE mutero wemvura] ],BILL_TYPE: mutero wemvura,sna
banking,pay_bill,I have to pay my bicycle tax with a dog but I found out I need someone to help me,20:51:SL:BILL_TYPE,[IN:pay_bill [SL:BILL_TYPE mutero wangu webhasikoro nembwa] ],BILL_TYPE: mutero wangu webhasikoro nembwa,sna
banking,pay_bill,I have a car loan to pay off,6:28:SL:BILL_TYPE,[IN:pay_bill [SL:BILL_TYPE chikwereti chemotokari] ],BILL_TYPE: chikwereti chemotokari,sna
banking,pay_bill,Pay my FBC loan using my CBZ wallet,"55:58:SL:BANK_NAME,93:96:SL:BANK_NAME",[IN:pay_bill [SL:BANK_NAME FBC] [SL:BANK_NAME CBZ] ],BANK_NAME: FBC $$ BANK_NAME: CBZ,sna
banking,pay_bill,Pay the Toyota Hilux tax bill,20:29:SL:BILL_TYPE,[IN:pay_bill [SL:BILL_TYPE chemutero] ],BILL_TYPE: chemutero,sna
banking,pay_bill,I want to pay my debt using the App,,[IN:pay_bill ],,sna
banking,pay_bill,Pay me my water bill.,12:38:SL:BILL_TYPE,[IN:pay_bill [SL:BILL_TYPE chikwereti changu chemvura] ],BILL_TYPE: chikwereti changu chemvura,sna
banking,pay_bill,Show me my water bill and I'll pay it right here,11:37:SL:BILL_TYPE,[IN:pay_bill [SL:BILL_TYPE chikwereti changu chemvura] ],BILL_TYPE: chikwereti changu chemvura,sna
banking,pay_bill,I need a surgeon to pay for this month's TelOne surgeon,54:64:SL:DATE,[IN:pay_bill [SL:DATE mwedzi uno] ],DATE: mwedzi uno,sna
banking,pay_bill,I want to pay the car loan with Ecocash,"26:48:SL:BILL_TYPE,51:58:SL:PAYMENT_COMPANY",[IN:pay_bill [SL:BILL_TYPE chikwereti chemotokari] [SL:PAYMENT_COMPANY Ecocash] ],BILL_TYPE: chikwereti chemotokari $$ PAYMENT_COMPANY: Ecocash,sna
banking,pay_bill,Pay my electricity bill with my Nedbank wallet,"9:37:SL:BILL_TYPE,51:71:SL:ACCOUNT_TYPE,76:83:SL:BANK_NAME",[IN:pay_bill [SL:BILL_TYPE chikwereti changu chemagetsi] [SL:ACCOUNT_TYPE homwe yangu yepfimbi] [SL:BANK_NAME Nedbank] ],BILL_TYPE: chikwereti changu chemagetsi $$ ACCOUNT_TYPE: homwe yangu yepfimbi $$ BANK_NAME: Nedbank,sna
banking,pay_bill,Pay part of my car loan using my Ecobank savings account,"16:45:SL:BILL_TYPE,59:79:SL:ACCOUNT_TYPE,84:91:SL:BANK_NAME",[IN:pay_bill [SL:BILL_TYPE chikwereti changu chemotokari] [SL:ACCOUNT_TYPE homwe yangu yepfimbi] [SL:BANK_NAME Ecobank] ],BILL_TYPE: chikwereti changu chemotokari $$ ACCOUNT_TYPE: homwe yangu yepfimbi $$ BANK_NAME: Ecobank,sna
banking,pay_bill,Pay my tuition fee for University of Zimbabwe.,"9:37:SL:BILL_TYPE,43:65:SL:PLACE_NAME",[IN:pay_bill [SL:BILL_TYPE chikwereti changu chechikoro] [SL:PLACE_NAME University of Zimbabwe] ],BILL_TYPE: chikwereti changu chechikoro $$ PLACE_NAME: University of Zimbabwe,sna
banking,pay_bill,I want to pay my car tax bill now.,15:46:SL:BILL_TYPE,[IN:pay_bill [SL:BILL_TYPE ngava yangu yemutero wemotokari] ],BILL_TYPE: ngava yangu yemutero wemotokari,sna
banking,pay_bill,Can you help me pay my water bill?,33:59:SL:BILL_TYPE,[IN:pay_bill [SL:BILL_TYPE chikwereti changu chemvura] ],BILL_TYPE: chikwereti changu chemvura,sna
banking,pay_bill,I want to pay electricity bills for the next three months,"19:26:SL:BILL_TYPE,28:51:SL:DATE",[IN:pay_bill [SL:BILL_TYPE magetsi] [SL:DATE mwedzi mitatu inotevera] ],BILL_TYPE: magetsi $$ DATE: mwedzi mitatu inotevera,sna
banking,pay_bill,Help me pay my Netone mobile phone bill,22:64:SL:BILL_TYPE,[IN:pay_bill [SL:BILL_TYPE chikwereti changu chenharembozha cheNetone] ],BILL_TYPE: chikwereti changu chenharembozha cheNetone,sna
banking,pay_bill,Please pay the loan for my education at Kwekwe Polytechnic.,"35:55:SL:BILL_TYPE,66:84:SL:PLACE_NAME",[IN:pay_bill [SL:BILL_TYPE chikwereti chedzidzo] [SL:PLACE_NAME Kwekwe Polytechnic] ],BILL_TYPE: chikwereti chedzidzo $$ PLACE_NAME: Kwekwe Polytechnic,sna
banking,pay_bill,Use my pocket money to pay the tax for my shop,"9:29:SL:ACCOUNT_TYPE,48:71:SL:BILL_TYPE",[IN:pay_bill [SL:ACCOUNT_TYPE homwe yangu yepfimbi] [SL:BILL_TYPE mutero wechitoro changu] ],ACCOUNT_TYPE: homwe yangu yepfimbi $$ BILL_TYPE: mutero wechitoro changu,sna
banking,pay_bill,"I'll still need help with my house taxes, garbage disposal and electricity","38:56:SL:BILL_TYPE,58:75:SL:BILL_TYPE,78:85:SL:BILL_TYPE",[IN:pay_bill [SL:BILL_TYPE mitero yangu yemba] [SL:BILL_TYPE vanotakura marara] [SL:BILL_TYPE magetsi] ],BILL_TYPE: mitero yangu yemba $$ BILL_TYPE: vanotakura marara $$ BILL_TYPE: magetsi,sna
banking,pay_bill,I need someone to help me pay my bills.,43:79:SL:BILL_TYPE,[IN:pay_bill [SL:BILL_TYPE zvikwereti zvangu zvemvura nemagetsi] ],BILL_TYPE: zvikwereti zvangu zvemvura nemagetsi,sna
banking,pay_bill,I have to pay off my mortgage from ABC bank,"31:48:SL:BILL_TYPE,74:77:SL:BANK_NAME",[IN:pay_bill [SL:BILL_TYPE chikwereti chemba] [SL:BANK_NAME ABC] ],BILL_TYPE: chikwereti chemba $$ BANK_NAME: ABC,sna
banking,pay_bill,Can you help me pay my mortgage?,43:67:SL:BILL_TYPE,[IN:pay_bill [SL:BILL_TYPE chikwereti changu chemba] ],BILL_TYPE: chikwereti changu chemba,sna
banking,pay_bill,"When my water bill is due, pay it now",13:39:SL:BILL_TYPE,[IN:pay_bill [SL:BILL_TYPE chikwereti changu chemvura] ],BILL_TYPE: chikwereti changu chemvura,sna
banking,pay_bill,I have to pay a monthly fee that allows me to watch many TV channels,37:43:SL:DATE,[IN:pay_bill [SL:DATE mwedzi] ],DATE: mwedzi,sna
banking,pay_bill,Can you help me pay for my equipment to be returned or repaired after an accident?,,[IN:pay_bill ],,sna
banking,pay_bill,Pay the bribe using my Zimbank exchange wallet,"9:15:SL:BILL_TYPE,29:63:SL:ACCOUNT_TYPE,67:74:SL:BANK_NAME",[IN:pay_bill [SL:BILL_TYPE fufuro] [SL:ACCOUNT_TYPE chikwama changu chekumisika yemaro] [SL:BANK_NAME Zimbank] ],BILL_TYPE: fufuro $$ ACCOUNT_TYPE: chikwama changu chekumisika yemaro $$ BANK_NAME: Zimbank,sna
banking,pay_bill,Can you help me pay my water bill?,30:56:SL:BILL_TYPE,[IN:pay_bill [SL:BILL_TYPE chikwereti changu chemvura] ],BILL_TYPE: chikwereti changu chemvura,sna
banking,pay_bill,Pay electricity bills using my FBC account,"9:16:SL:BILL_TYPE,46:49:SL:BANK_NAME",[IN:pay_bill [SL:BILL_TYPE magetsi] [SL:BANK_NAME FBC] ],BILL_TYPE: magetsi $$ BANK_NAME: FBC,sna
banking,pay_bill,I am trying to pay off my electricity bill,44:65:SL:BILL_TYPE,[IN:pay_bill [SL:BILL_TYPE chikwereti chemagetsi] ],BILL_TYPE: chikwereti chemagetsi,sna
banking,pay_bill,Pay my mortgage with my Steward Bank checking account.,"9:33:SL:BILL_TYPE,47:81:SL:ACCOUNT_TYPE,86:98:SL:BANK_NAME",[IN:pay_bill [SL:BILL_TYPE chikwereti changu chemba] [SL:ACCOUNT_TYPE homwe yangu yekutenga nekubhadhara] [SL:BANK_NAME Steward Bank] ],BILL_TYPE: chikwereti changu chemba $$ ACCOUNT_TYPE: homwe yangu yekutenga nekubhadhara $$ BANK_NAME: Steward Bank,sna
banking,pay_bill,I want to pay off my credit card and bank account,15:40:SL:BILL_TYPE,[IN:pay_bill [SL:BILL_TYPE chikwereti changu chemati] ],BILL_TYPE: chikwereti changu chemati,sna
banking,pay_bill,I want to pay my mobile phone bill,19:46:SL:BILL_TYPE,[IN:pay_bill [SL:BILL_TYPE ngava yangu yepanharembozha] ],BILL_TYPE: ngava yangu yepanharembozha,sna
banking,pay_bill,Please help me pay my subscription to watch DSTV's private shows,36:99:SL:BILL_TYPE,[IN:pay_bill [SL:BILL_TYPE chikweteti changu chekuona zvirongwa zvepachivhitivhiti zveDSTV] ],BILL_TYPE: chikweteti changu chekuona zvirongwa zvepachivhitivhiti zveDSTV,sna
banking,pay_bill,Please help me how to pay for the gas in the kitchen,,[IN:pay_bill ],,sna
banking,pay_bill,I need help with my electrical bill,26:47:SL:BILL_TYPE,[IN:pay_bill [SL:BILL_TYPE ngava yangu yemagetsi] ],BILL_TYPE: ngava yangu yemagetsi,sna
banking,pay_bill,I need help to pay off my Starlink subscription,33:72:SL:BILL_TYPE,[IN:pay_bill [SL:BILL_TYPE chikwereti changu chemasaisai eStarlink] ],BILL_TYPE: chikwereti changu chemasaisai eStarlink,sna
banking,pay_bill,Can you help me pay my phone bill?,31:59:SL:BILL_TYPE,[IN:pay_bill [SL:BILL_TYPE chikwereti changu cherunhare] ],BILL_TYPE: chikwereti changu cherunhare,sna
banking,pay_bill,Can you pay my debt?,,[IN:pay_bill ],,sna
banking,pay_bill,Is it possible to pay my debt?,,[IN:pay_bill ],,sna
banking,pay_bill,How do I pay the Doves,,[IN:pay_bill ],,sna
banking,pay_bill,Should I pay for a newspaper?,20:36:SL:BILL_TYPE,[IN:pay_bill [SL:BILL_TYPE mari yebepa nhau] ],BILL_TYPE: mari yebepa nhau,sna
banking,pay_bill,Use my Ecobank purse to pay my electricity bill,"25:32:SL:BANK_NAME,40:61:SL:BILL_TYPE",[IN:pay_bill [SL:BANK_NAME Ecobank] [SL:BILL_TYPE ngava yangu yemagetsi] ],BANK_NAME: Ecobank $$ BILL_TYPE: ngava yangu yemagetsi,sna
banking,pay_bill,Pay for my water jacket using my CABS purse.,"9:35:SL:BILL_TYPE,70:74:SL:BANK_NAME",[IN:pay_bill [SL:BILL_TYPE chikweteti changu chemvura] [SL:BANK_NAME CABS] ],BILL_TYPE: chikweteti changu chemvura $$ BANK_NAME: CABS,sna
banking,pay_bill,Pay the beef bill for Mwendaz,16:29:SL:DISH_OR_FOOD,[IN:pay_bill [SL:DISH_OR_FOOD nyama yemombe] ],DISH_OR_FOOD: nyama yemombe,sna
banking,pay_bill,"My water, electricity, and mortgage bills are coming up soon, so I need to borrow to pay them",0:42:SL:BILL_TYPE,[IN:pay_bill [SL:BILL_TYPE Ngava yangu yemvura magetsi nemutero wemba] ],BILL_TYPE: Ngava yangu yemvura magetsi nemutero wemba,sna
banking,pay_bill,Pay my cell phone bill from my pocket that goes into my FBC account *,"9:43:SL:BILL_TYPE,89:92:SL:BANK_NAME",[IN:pay_bill [SL:BILL_TYPE chikwereti changu chepanharembozha] [SL:BANK_NAME FBC] ],BILL_TYPE: chikwereti changu chepanharembozha $$ BANK_NAME: FBC,sna
banking,pay_bill,Pay my car tax bill with my Telecash wallet,"5:36:SL:BILL_TYPE,69:77:SL:PAYMENT_COMPANY",[IN:pay_bill [SL:BILL_TYPE ngava yangu yemutero wemotokari] [SL:PAYMENT_COMPANY Telecash] ],BILL_TYPE: ngava yangu yemutero wemotokari $$ PAYMENT_COMPANY: Telecash,sna
banking,pay_bill,I also collect money for rent and water,36:56:SL:BILL_TYPE,[IN:pay_bill [SL:BILL_TYPE mutero wemba nemvura] ],BILL_TYPE: mutero wemba nemvura,sna
banking,pay_bill,I want to pay the rent,22:34:SL:BILL_TYPE,[IN:pay_bill [SL:BILL_TYPE mutero wemba] ],BILL_TYPE: mutero wemba,sna
banking,pay_bill,Schedule to pay your electricity bill next week,"11:25:SL:DATE,36:57:SL:BILL_TYPE",[IN:pay_bill [SL:DATE svondo rinouya] [SL:BILL_TYPE chikwereti chemagetsi] ],DATE: svondo rinouya $$ BILL_TYPE: chikwereti chemagetsi,sna
banking,pay_bill,Help me pay my electric bill,17:38:SL:BILL_TYPE,[IN:pay_bill [SL:BILL_TYPE ngava yangu yemagetsi] ],BILL_TYPE: ngava yangu yemagetsi,sna
banking,pay_bill,Pay my monthly contribution to the Red Cross,9:59:SL:BILL_TYPE,[IN:pay_bill [SL:BILL_TYPE mari yechipo changu chemwedzi nemwedzi kuRed Cross] ],BILL_TYPE: mari yechipo changu chemwedzi nemwedzi kuRed Cross,sna
banking,pay_bill,I want to pay off my credit card debt,20:73:SL:BILL_TYPE,[IN:pay_bill [SL:BILL_TYPE chikwereti changu chekushandisa masaisai emapotonjere] ],BILL_TYPE: chikwereti changu chekushandisa masaisai emapotonjere,sna
banking,pay_bill,I want to pay my electricity bill,19:47:SL:BILL_TYPE,[IN:pay_bill [SL:BILL_TYPE chikwereti changu chemagetsi] ],BILL_TYPE: chikwereti changu chemagetsi,sna
banking,pay_bill,I want to pay off my electricity bill,20:48:SL:BILL_TYPE,[IN:pay_bill [SL:BILL_TYPE chikwereti changu chemagetsi] ],BILL_TYPE: chikwereti changu chemagetsi,sna
banking,pay_bill,Pay my phone bill with my CBZ credit card,"9:28:SL:BILL_TYPE,82:85:SL:BANK_NAME",[IN:pay_bill [SL:BILL_TYPE ngava yangu yenhare] [SL:BANK_NAME CBZ] ],BILL_TYPE: ngava yangu yenhare $$ BANK_NAME: CBZ,sna
banking,pay_bill,I want to pay my water bill,19:48:SL:BILL_TYPE,[IN:pay_bill [SL:BILL_TYPE chikwereti ti changu chemvura] ],BILL_TYPE: chikwereti ti changu chemvura,sna
banking,pay_bill,Put some money into your electricity bill.,16:37:SL:BILL_TYPE,[IN:pay_bill [SL:BILL_TYPE chikwereti chemagetsi] ],BILL_TYPE: chikwereti chemagetsi,sna
banking,pay_bill,Pay for DSTV with my Visa card,9:22:SL:BILL_TYPE,[IN:pay_bill [SL:BILL_TYPE mari yekuDSTV] ],BILL_TYPE: mari yekuDSTV,sna
banking,pay_bill,Pay the school fee for this month,"9:23:SL:BILL_TYPE,27:35:SL:PERSONAL_NAME,38:48:SL:DATE",[IN:pay_bill [SL:BILL_TYPE mari yechikoro] [SL:PERSONAL_NAME Tafadzwa] [SL:DATE mwedzi uno] ],BILL_TYPE: mari yechikoro $$ PERSONAL_NAME: Tafadzwa $$ DATE: mwedzi uno,sna
banking,pay_bill,Would you mind helping me pay the Norton toll gate?,47:53:SL:CITY_OR_PROVINCE,[IN:pay_bill [SL:CITY_OR_PROVINCE Norton] ],CITY_OR_PROVINCE: Norton,sna
banking,pay_bill,"Please, pay the coal debt",25:46:SL:BILL_TYPE,[IN:pay_bill [SL:BILL_TYPE chikwereti chemarasha] ],BILL_TYPE: chikwereti chemarasha,sna
banking,pay_bill,I have to pay the fee for watching DSTV,31:50:SL:BILL_TYPE,[IN:pay_bill [SL:BILL_TYPE mutero wekuona DSTV] ],BILL_TYPE: mutero wekuona DSTV,sna
banking,pay_bill,Can you help me by paying my water and electricity bill?,43:79:SL:BILL_TYPE,[IN:pay_bill [SL:BILL_TYPE chikwereti changu chemvura nemagetsi] ],BILL_TYPE: chikwereti changu chemvura nemagetsi,sna
banking,pay_bill,Use my Ecocash wallet to pay for Netflix,23:30:SL:PAYMENT_COMPANY,[IN:pay_bill [SL:PAYMENT_COMPANY Ecocash] ],PAYMENT_COMPANY: Ecocash,sna
banking,pay_bill,Pay for a meal at the Chicken Inn with InnBucks,"22:33:SL:RESTAURANT_NAME,47:55:SL:PAYMENT_COMPANY",[IN:pay_bill [SL:RESTAURANT_NAME Chicken Inn] [SL:PAYMENT_COMPANY InnBucks] ],RESTAURANT_NAME: Chicken Inn $$ PAYMENT_COMPANY: InnBucks,sna
banking,pay_bill,I want to finish paying off my university loan,,[IN:pay_bill ],,sna
banking,pay_bill,I need help with my rent,29:47:SL:BILL_TYPE,[IN:pay_bill [SL:BILL_TYPE mutero wangu wemba] ],BILL_TYPE: mutero wangu wemba,sna
banking,pay_bill,Pay the electricity bill,9:16:SL:BILL_TYPE,[IN:pay_bill [SL:BILL_TYPE magetsi] ],BILL_TYPE: magetsi,sna
banking,pay_bill,You can also help me pay the car radio bill.,28:51:SL:BILL_TYPE,[IN:pay_bill [SL:BILL_TYPE mutero weradio yemumota] ],BILL_TYPE: mutero weradio yemumota,sna
banking,pay_bill,I want to pay the land tax,19:33:SL:BILL_TYPE,[IN:pay_bill [SL:BILL_TYPE mutero wemunda] ],BILL_TYPE: mutero wemunda,sna
banking,pin_change,I am having trouble remembering my CBZ account pin number.,68:71:SL:BANK_NAME,[IN:pin_change [SL:BANK_NAME CBZ] ],BANK_NAME: CBZ,sna
banking,pin_change,I'm having trouble remembering my Ecocash pin.,45:52:SL:PAYMENT_COMPANY,[IN:pin_change [SL:PAYMENT_COMPANY Ecocash] ],PAYMENT_COMPANY: Ecocash,sna
banking,pin_change,"If I have lost my FBC card PIN number, how do I get it back?",54:57:SL:BANK_NAME,[IN:pin_change [SL:BANK_NAME FBC] ],BANK_NAME: FBC,sna
banking,pin_change,What if I forget my credit card number?,,[IN:pin_change ],,sna
banking,pin_change,How do I get my Ecocash account number if I forget it?,43:50:SL:PAYMENT_COMPANY,[IN:pin_change [SL:PAYMENT_COMPANY Ecocash] ],PAYMENT_COMPANY: Ecocash,sna
banking,pin_change,I want to change the name on my CBZ card.,45:48:SL:BANK_NAME,[IN:pin_change [SL:BANK_NAME CBZ] ],BANK_NAME: CBZ,sna
banking,pin_change,How do I change the name on my Steward Bank account?,50:62:SL:BANK_NAME,[IN:pin_change [SL:BANK_NAME Steward Bank] ],BANK_NAME: Steward Bank,sna
banking,pin_change,I would like to change the name on my CBZ account.,45:48:SL:BANK_NAME,[IN:pin_change [SL:BANK_NAME CBZ] ],BANK_NAME: CBZ,sna
banking,pin_change,How do I change the name on my FBC card?,48:51:SL:BANK_NAME,[IN:pin_change [SL:BANK_NAME FBC] ],BANK_NAME: FBC,sna
banking,pin_change,How do I change the name that appears on my Ecocash?,32:39:SL:PAYMENT_COMPANY,[IN:pin_change [SL:PAYMENT_COMPANY Ecocash] ],PAYMENT_COMPANY: Ecocash,sna
banking,pin_change,Change my One Money pin to the number 2684.,"20:29:SL:PAYMENT_COMPANY,51:55:SL:NUMBER",[IN:pin_change [SL:PAYMENT_COMPANY One Money] [SL:NUMBER 2684] ],PAYMENT_COMPANY: One Money $$ NUMBER: 2684,sna
banking,pin_change,I want 9080 to be my pin number on my Ecocash.,"8:12:SL:NUMBER,43:50:SL:PAYMENT_COMPANY",[IN:pin_change [SL:NUMBER 9080] [SL:PAYMENT_COMPANY Ecocash] ],NUMBER: 9080 $$ PAYMENT_COMPANY: Ecocash,sna
banking,pin_change,Put 1890 as my pin number on my Steward credit card.,"4:8:SL:NUMBER,64:71:SL:BANK_NAME",[IN:pin_change [SL:NUMBER 1890] [SL:BANK_NAME Steward] ],NUMBER: 1890 $$ BANK_NAME: Steward,sna
banking,pin_change,Put 2345 as my pin number on my PIN card.,"4:8:SL:NUMBER,55:58:SL:BANK_NAME",[IN:pin_change [SL:NUMBER 2345] [SL:BANK_NAME NMB] ],NUMBER: 2345 $$ BANK_NAME: NMB,sna
banking,pin_change,Make my pin numbers 3345.,32:36:SL:NUMBER,[IN:pin_change [SL:NUMBER 3345] ],NUMBER: 3345,sna
banking,pin_change,Change my Ecocash PIN number to 8567,"30:37:SL:PAYMENT_COMPANY,59:63:SL:NUMBER",[IN:pin_change [SL:PAYMENT_COMPANY Ecocash] [SL:NUMBER 8567] ],PAYMENT_COMPANY: Ecocash $$ NUMBER: 8567,sna
banking,pin_change,How can I get my Steward bank account PIN if I forget it?,53:65:SL:BANK_NAME,[IN:pin_change [SL:BANK_NAME Steward bank] ],BANK_NAME: Steward bank,sna
banking,pin_change,Help me change my pin number for my FBC Bank card.,56:64:SL:BANK_NAME,[IN:pin_change [SL:BANK_NAME FBC Bank] ],BANK_NAME: FBC Bank,sna
banking,pin_change,Is there any way to retrieve my PIN number if I have been deleted from my CBZ Bank card?,84:92:SL:BANK_NAME,[IN:pin_change [SL:BANK_NAME CBZ Bank] ],BANK_NAME: CBZ Bank,sna
banking,pin_change,Tell me how to change my Steward Bank account pin number.,66:78:SL:BANK_NAME,[IN:pin_change [SL:BANK_NAME Steward Bank] ],BANK_NAME: Steward Bank,sna
banking,pin_change,Give me my pin number I put on my One Money card.,53:62:SL:PAYMENT_COMPANY,[IN:pin_change [SL:PAYMENT_COMPANY One Money] ],PAYMENT_COMPANY: One Money,sna
banking,pin_change,How do I find my cell phone's PIN number if I forget it?,,[IN:pin_change ],,sna
banking,pin_change,Show me the steps to take if I want to change my PIN on my credit card.,,[IN:pin_change ],,sna
banking,pin_change,What steps do I need to take to get a new PIN for my ZB Bank card?,50:57:SL:BANK_NAME,[IN:pin_change [SL:BANK_NAME ZB Bank] ],BANK_NAME: ZB Bank,sna
banking,pin_change,Tell me how to get a new pin number to use on my Ecocash account.,70:77:SL:PAYMENT_COMPANY,[IN:pin_change [SL:PAYMENT_COMPANY Ecocash] ],PAYMENT_COMPANY: Ecocash,sna
banking,pin_change,Tell me how to find my Ecocash PIN number if I forget it.,56:63:SL:PAYMENT_COMPANY,[IN:pin_change [SL:PAYMENT_COMPANY Ecocash] ],PAYMENT_COMPANY: Ecocash,sna
banking,pin_change,I need help on how to find my One Money pin if I forget.,51:60:SL:PAYMENT_COMPANY,[IN:pin_change [SL:PAYMENT_COMPANY One Money] ],PAYMENT_COMPANY: One Money,sna
banking,pin_change,Write down steps to take if I forget my cell phone number.,,[IN:pin_change ],,sna
banking,pin_change,How do I change the PIN numbers of my DSTV account?,,[IN:pin_change ],,sna
banking,pin_change,Change the pin on my cell phone.,,[IN:pin_change ],,sna
banking,pin_change,Adjust my DSTV pin to 0897.,35:39:SL:NUMBER,[IN:pin_change [SL:NUMBER 0897] ],NUMBER: 0897,sna
banking,pin_change,Change my pin numbers on my CBZ card to 1445.,"46:49:SL:BANK_NAME,56:60:SL:NUMBER",[IN:pin_change [SL:BANK_NAME CBZ] [SL:NUMBER 1445] ],BANK_NAME: CBZ $$ NUMBER: 1445,sna
banking,pin_change,Make my One Wallet PIN number to 2334.,"28:38:SL:PAYMENT_COMPANY,45:49:SL:NUMBER",[IN:pin_change [SL:PAYMENT_COMPANY One Wallet] [SL:NUMBER 2334] ],PAYMENT_COMPANY: One Wallet $$ NUMBER: 2334,sna
banking,pin_change,Swipe and place 3214 on the pin number on my CBZ card.,"16:20:SL:NUMBER,54:57:SL:BANK_NAME",[IN:pin_change [SL:NUMBER 3214] [SL:BANK_NAME CBZ] ],NUMBER: 3214 $$ BANK_NAME: CBZ,sna
banking,pin_change,Put 4367 as my new pin number on my First Capital credit card.,"4:8:SL:NUMBER,70:83:SL:BANK_NAME",[IN:pin_change [SL:NUMBER 4367] [SL:BANK_NAME First Capital] ],NUMBER: 4367 $$ BANK_NAME: First Capital,sna
banking,pin_change,You must change the numbers on my Ecocash PIN to 5098.,"39:46:SL:PAYMENT_COMPANY,59:63:SL:NUMBER",[IN:pin_change [SL:PAYMENT_COMPANY Ecocash] [SL:NUMBER 5098] ],PAYMENT_COMPANY: Ecocash $$ NUMBER: 5098,sna
banking,pin_change,I would like you to change my pin number on my CBZ card to 3456.,"60:63:SL:BANK_NAME,70:74:SL:NUMBER",[IN:pin_change [SL:BANK_NAME CBZ] [SL:NUMBER 3456] ],BANK_NAME: CBZ $$ NUMBER: 3456,sna
banking,pin_change,I want to change my Steward's card PIN number.,57:64:SL:BANK_NAME,[IN:pin_change [SL:BANK_NAME Steward] ],BANK_NAME: Steward,sna
banking,pin_change,"I need to change my pin numbers for my CBZ card, how do I do it?",60:63:SL:BANK_NAME,[IN:pin_change [SL:BANK_NAME CBZ] ],BANK_NAME: CBZ,sna
banking,pin_change,"If I forget my One Money account PIN number, how do I get it back?",58:67:SL:PAYMENT_COMPANY,[IN:pin_change [SL:PAYMENT_COMPANY One Money] ],PAYMENT_COMPANY: One Money,sna
banking,pin_change,How do I change my PIN numbers for my FBC account?,69:72:SL:BANK_NAME,[IN:pin_change [SL:BANK_NAME FBC] ],BANK_NAME: FBC,sna
banking,pin_change,"I no longer remember the pin numbers on my Ecocash, what steps should I take?",38:45:SL:PAYMENT_COMPANY,[IN:pin_change [SL:PAYMENT_COMPANY Ecocash] ],PAYMENT_COMPANY: Ecocash,sna
banking,pin_change,Write down how I need to change my PIN numbers on my One Money account.,88:97:SL:PAYMENT_COMPANY,[IN:pin_change [SL:PAYMENT_COMPANY One Money] ],PAYMENT_COMPANY: One Money,sna
banking,pin_change,I would like to change the PIN numbers of my First Capital account.,54:67:SL:BANK_NAME,[IN:pin_change [SL:BANK_NAME First Capital] ],BANK_NAME: First Capital,sna
banking,pin_change,Please change the pin numbers on my Ecocash account to 1004.,"52:59:SL:PAYMENT_COMPANY,66:70:SL:NUMBER",[IN:pin_change [SL:PAYMENT_COMPANY Ecocash] [SL:NUMBER 1004] ],PAYMENT_COMPANY: Ecocash $$ NUMBER: 1004,sna
banking,pin_change,"I would like to change my ZB Bank account number, write down how to do it.",58:65:SL:BANK_NAME,[IN:pin_change [SL:BANK_NAME ZB Bank] ],BANK_NAME: ZB Bank,sna
banking,pin_change,Go ahead and change my ZB Bank account number to 3187.,"59:66:SL:BANK_NAME,76:80:SL:NUMBER",[IN:pin_change [SL:BANK_NAME ZB Bank] [SL:NUMBER 3187] ],BANK_NAME: ZB Bank $$ NUMBER: 3187,sna
banking,pin_change,Help me by changing my Steward Bank card PIN numbers.,63:75:SL:BANK_NAME,[IN:pin_change [SL:BANK_NAME Steward Bank] ],BANK_NAME: Steward Bank,sna
banking,pin_change,I would like to change my PIN number on my ZB Bank account.,50:57:SL:BANK_NAME,[IN:pin_change [SL:BANK_NAME ZB Bank] ],BANK_NAME: ZB Bank,sna
banking,pin_change,How can I change the PIN numbers on my Telecash account?,66:74:SL:PAYMENT_COMPANY,[IN:pin_change [SL:PAYMENT_COMPANY Telecash] ],PAYMENT_COMPANY: Telecash,sna
banking,pin_change,Change my Telecash number to 7364.,"34:42:SL:PAYMENT_COMPANY,49:53:SL:NUMBER",[IN:pin_change [SL:PAYMENT_COMPANY Telecash] [SL:NUMBER 7364] ],PAYMENT_COMPANY: Telecash $$ NUMBER: 7364,sna
banking,pin_change,"If I have lost my Ecocash PIN number, how do I get it back?",33:40:SL:PAYMENT_COMPANY,[IN:pin_change [SL:PAYMENT_COMPANY Ecocash] ],PAYMENT_COMPANY: Ecocash,sna
banking,pin_change,I would like the pin numbers on my InnBucks changed.,30:38:SL:PAYMENT_COMPANY,[IN:pin_change [SL:PAYMENT_COMPANY InnBucks] ],PAYMENT_COMPANY: InnBucks,sna
banking,pin_change,"I have lost my Telecash PIN number, how can I get it?",31:39:SL:PAYMENT_COMPANY,[IN:pin_change [SL:PAYMENT_COMPANY Telecash] ],PAYMENT_COMPANY: Telecash,sna
banking,pin_change,What should I do if I miss the PIN numbers on my Telecash?,33:41:SL:PAYMENT_COMPANY,[IN:pin_change [SL:PAYMENT_COMPANY Telecash] ],PAYMENT_COMPANY: Telecash,sna
banking,pin_change,How do I change my Telecash account number?,47:55:SL:PAYMENT_COMPANY,[IN:pin_change [SL:PAYMENT_COMPANY Telecash] ],PAYMENT_COMPANY: Telecash,sna
banking,pin_change,How do I add additional PIN numbers to my ZB Bank card account?,67:74:SL:BANK_NAME,[IN:pin_change [SL:BANK_NAME ZB Bank] ],BANK_NAME: ZB Bank,sna
banking,pin_change,"I want to change the PIN numbers on my First Capital Bank account, how do I do it?",54:72:SL:BANK_NAME,[IN:pin_change [SL:BANK_NAME First Capital Bank] ],BANK_NAME: First Capital Bank,sna
banking,pin_change,Please help me convert the PIN numbers on my Ecocash account.,62:69:SL:PAYMENT_COMPANY,[IN:pin_change [SL:PAYMENT_COMPANY Ecocash] ],PAYMENT_COMPANY: Ecocash,sna
banking,pin_change,Make 4189 my new pin number on my Telecash account.,"4:8:SL:NUMBER,61:69:SL:PAYMENT_COMPANY",[IN:pin_change [SL:NUMBER 4189] [SL:PAYMENT_COMPANY Telecash] ],NUMBER: 4189 $$ PAYMENT_COMPANY: Telecash,sna
banking,pin_change,Put 3490 as a new PIN on my Steward Bank card.,"4:8:SL:NUMBER,40:52:SL:BANK_NAME",[IN:pin_change [SL:NUMBER 3490] [SL:BANK_NAME Steward Bank] ],NUMBER: 3490 $$ BANK_NAME: Steward Bank,sna
banking,pin_change,9876 be the new pin numbers on my Nedbank account.,"0:4:SL:NUMBER,53:60:SL:BANK_NAME",[IN:pin_change [SL:NUMBER 9876] [SL:BANK_NAME Nedbank] ],NUMBER: 9876 $$ BANK_NAME: Nedbank,sna
banking,pin_change,How do I change the One Money pin numbers to the new ones?,42:51:SL:PAYMENT_COMPANY,[IN:pin_change [SL:PAYMENT_COMPANY One Money] ],PAYMENT_COMPANY: One Money,sna
banking,pin_change,I also want to change my Telecash PIN number to a new one.,45:53:SL:PAYMENT_COMPANY,[IN:pin_change [SL:PAYMENT_COMPANY Telecash] ],PAYMENT_COMPANY: Telecash,sna
banking,pin_change,Please change my CBZ account pin number to 1334.,"48:51:SL:BANK_NAME,63:67:SL:NUMBER",[IN:pin_change [SL:BANK_NAME CBZ] [SL:NUMBER 1334] ],BANK_NAME: CBZ $$ NUMBER: 1334,sna
banking,pin_change,Change my Telecash number to 2294.,"31:39:SL:PAYMENT_COMPANY,46:50:SL:NUMBER",[IN:pin_change [SL:PAYMENT_COMPANY Telecash] [SL:NUMBER 2294] ],PAYMENT_COMPANY: Telecash $$ NUMBER: 2294,sna
banking,pin_change,I would also like to change the PIN numbers on my ZB account to the new ones.,54:56:SL:BANK_NAME,[IN:pin_change [SL:BANK_NAME ZB] ],BANK_NAME: ZB,sna
banking,pin_change,Tell me how to change my One Money account pin.,40:49:SL:PAYMENT_COMPANY,[IN:pin_change [SL:PAYMENT_COMPANY One Money] ],PAYMENT_COMPANY: One Money,sna
banking,pin_change,How do I restart my Nedbank account with a PIN number?,72:79:SL:BANK_NAME,[IN:pin_change [SL:BANK_NAME Nedbank] ],BANK_NAME: Nedbank,sna
banking,pin_change,Change the pin numbers to 1675 on my InnBucks account ending in 5543.,"28:32:SL:NUMBER,51:59:SL:PAYMENT_COMPANY,71:75:SL:NUMBER",[IN:pin_change [SL:NUMBER 1675] [SL:PAYMENT_COMPANY InnBucks] [SL:NUMBER 5543] ],NUMBER: 1675 $$ PAYMENT_COMPANY: InnBucks $$ NUMBER: 5543,sna
banking,pin_change,"On my Ecocash account with numbers ending in 0089, change my PIN to 2234.","18:25:SL:PAYMENT_COMPANY,49:53:SL:NUMBER,79:83:SL:NUMBER",[IN:pin_change [SL:PAYMENT_COMPANY Ecocash] [SL:NUMBER 0089] [SL:NUMBER 2234] ],PAYMENT_COMPANY: Ecocash $$ NUMBER: 0089 $$ NUMBER: 2234,sna
banking,pin_change,Change the pin numbers on my FBC card ending in 4994 to 3324.,"42:45:SL:BANK_NAME,70:74:SL:NUMBER,90:94:SL:NUMBER",[IN:pin_change [SL:BANK_NAME FBC] [SL:NUMBER 4994] [SL:NUMBER 3324] ],BANK_NAME: FBC $$ NUMBER: 4994 $$ NUMBER: 3324,sna
banking,pin_change,I was stripped of my Ecocash card PIN number.,45:52:SL:PAYMENT_COMPANY,[IN:pin_change [SL:PAYMENT_COMPANY Ecocash] ],PAYMENT_COMPANY: Ecocash,sna
banking,pin_change,I want to change my Nedbank account pin numbers.,55:62:SL:BANK_NAME,[IN:pin_change [SL:BANK_NAME Nedbank] ],BANK_NAME: Nedbank,sna
banking,pin_change,"I want to change my Steward Bank account PIN numbers, how do I do it?",53:65:SL:BANK_NAME,[IN:pin_change [SL:BANK_NAME Steward Bank] ],BANK_NAME: Steward Bank,sna
banking,pin_change,Help me remember my CBZ account pin numbers.,65:68:SL:BANK_NAME,[IN:pin_change [SL:BANK_NAME CBZ] ],BANK_NAME: CBZ,sna
banking,pin_change,How do I keep my PIN number on my Nedbank account?,62:69:SL:BANK_NAME,[IN:pin_change [SL:BANK_NAME Nedbank] ],BANK_NAME: Nedbank,sna
banking,pin_change,What steps do I take if I want to change the PIN number of my Mastercard credit card?,"71:81:SL:PAYMENT_COMPANY,93:100:SL:BANK_NAME",[IN:pin_change [SL:PAYMENT_COMPANY Mastercard] [SL:BANK_NAME Stanbic] ],PAYMENT_COMPANY: Mastercard $$ BANK_NAME: Stanbic,sna
banking,pin_change,"I need you to remind me of my InnBucks pin numbers, I was missing.",40:48:SL:PAYMENT_COMPANY,[IN:pin_change [SL:PAYMENT_COMPANY InnBucks] ],PAYMENT_COMPANY: InnBucks,sna
banking,pin_change,What if I forget my One Money account PIN number?,53:62:SL:PAYMENT_COMPANY,[IN:pin_change [SL:PAYMENT_COMPANY One Money] ],PAYMENT_COMPANY: One Money,sna
banking,spending_history,This is all the money I spent on candy this month,"40:49:SL:SHOPPING_ITEM,50:60:SL:DATE",[IN:spending_history [SL:SHOPPING_ITEM zvihwitsi] [SL:DATE mwedzi uno] ],SHOPPING_ITEM: zvihwitsi $$ DATE: mwedzi uno,sna
banking,spending_history,How much did I spend this month to buy a stable,"0:10:SL:DATE,39:51:SL:SHOPPING_ITEM",[IN:spending_history [SL:DATE Mwedzi uno] [SL:SHOPPING_ITEM svutugadzike] ],DATE: Mwedzi uno $$ SHOPPING_ITEM: svutugadzike,sna
banking,spending_history,how much did it cost to go to work this trip,,[IN:spending_history ],,sna
banking,spending_history,How much did I spend on bread this month,"28:35:SL:DISH_OR_FOOD,36:46:SL:DATE",[IN:spending_history [SL:DISH_OR_FOOD chingwa] [SL:DATE mwedzi uno] ],DISH_OR_FOOD: chingwa $$ DATE: mwedzi uno,sna
banking,spending_history,How much money I saved this month for the bananas and the buns,"0:10:SL:DATE,33:41:SL:DISH_OR_FOOD,44:52:SL:DISH_OR_FOOD",[IN:spending_history [SL:DATE Mwedzi uno] [SL:DISH_OR_FOOD mabhanzi] [SL:DISH_OR_FOOD mabanana] ],DATE: Mwedzi uno $$ DISH_OR_FOOD: mabhanzi $$ DISH_OR_FOOD: mabanana,sna
banking,spending_history,How much money have I spent on dog food lately?,46:61:SL:SHOPPING_ITEM,[IN:spending_history [SL:SHOPPING_ITEM chikafu chembwa] ],SHOPPING_ITEM: chikafu chembwa,sna
banking,spending_history,Have I been spending a lot of money on shoes in the last few months?,"39:45:SL:SHOPPING_ITEM,51:81:SL:DATE",[IN:spending_history [SL:SHOPPING_ITEM shangu] [SL:DATE mumwedzi mishoma ichangodarika] ],SHOPPING_ITEM: shangu $$ DATE: mumwedzi mishoma ichangodarika,sna
banking,spending_history,How many soft drinks have I bought recently,11:33:SL:DISH_OR_FOOD,[IN:spending_history [SL:DISH_OR_FOOD zvinwiwa zvisingadhake] ],DISH_OR_FOOD: zvinwiwa zvisingadhake,sna
banking,spending_history,Look at how much I spent on bread this week.,"29:40:SL:DATE,43:50:SL:DISH_OR_FOOD",[IN:spending_history [SL:DATE svondo rino] [SL:DISH_OR_FOOD chingwa] ],DATE: svondo rino $$ DISH_OR_FOOD: chingwa,sna
banking,spending_history,How much money I recently spent on drinks at OK Mart,51:59:SL:SHOPPING_ITEM,[IN:spending_history [SL:SHOPPING_ITEM zvinwiwa] ],SHOPPING_ITEM: zvinwiwa,sna
banking,spending_history,How much money have I spent in the last three weeks,22:51:SL:DATE,[IN:spending_history [SL:DATE masvondo matatu achangopfuura] ],DATE: masvondo matatu achangopfuura,sna
banking,spending_history,How much did I spend last weekend in Nyanga,"15:46:SL:DATE,54:60:SL:CITY_OR_PROVINCE",[IN:spending_history [SL:DATE pakupera kwevhiki ichangodarika] [SL:CITY_OR_PROVINCE Nyanga] ],DATE: pakupera kwevhiki ichangodarika $$ CITY_OR_PROVINCE: Nyanga,sna
banking,spending_history,Last week tell me how much money I spent on fruit,0:17:SL:DATE,[IN:spending_history [SL:DATE Musvondo radarika] ],DATE: Musvondo radarika,sna
banking,spending_history,Total I spent money on car fuel this month,54:64:SL:DATE,[IN:spending_history [SL:DATE mwedzi uno] ],DATE: mwedzi uno,sna
banking,spending_history,How much did I spend going to restaurants this week?,0:11:SL:DATE,[IN:spending_history [SL:DATE Svondo rino] ],DATE: Svondo rino,sna
banking,spending_history,Have I exceeded my allowance for alcohol this month?,"60:64:SL:DISH_OR_FOOD,65:75:SL:DATE",[IN:spending_history [SL:DISH_OR_FOOD doro] [SL:DATE mwedzi uno] ],DISH_OR_FOOD: doro $$ DATE: mwedzi uno,sna
banking,spending_history,How much car tax money did I hit this year,"7:24:SL:BILL_TYPE,45:54:SL:DATE",[IN:spending_history [SL:BILL_TYPE mutero wemotokari] [SL:DATE gore rino] ],BILL_TYPE: mutero wemotokari $$ DATE: gore rino,sna
banking,spending_history,How much money did I spend on pig feed last month?,"22:40:SL:SHOPPING_ITEM,41:56:SL:DATE",[IN:spending_history [SL:SHOPPING_ITEM chikafu chenguruve] [SL:DATE mwedzi wapfuura] ],SHOPPING_ITEM: chikafu chenguruve $$ DATE: mwedzi wapfuura,sna
banking,spending_history,All collected I spent on buying beef and pork at my workplace,44:57:SL:DISH_OR_FOOD,[IN:spending_history [SL:DISH_OR_FOOD sadza nenyama] ],DISH_OR_FOOD: sadza nenyama,sna
banking,spending_history,Have I spent a lot of money on food in the last few days?,,[IN:spending_history ],,sna
banking,spending_history,How much money I spent in the last three weeks betting on MWOS,41:64:SL:DATE,[IN:spending_history [SL:DATE masvondo matatu apfuura] ],DATE: masvondo matatu apfuura,sna
banking,spending_history,Can you tell me how much I spent in the last three weeks,39:60:SL:DATE,[IN:spending_history [SL:DATE vhiki nhatu dzapfuura] ],DATE: vhiki nhatu dzapfuura,sna
banking,spending_history,How much money did I spend on coats in the last three months?,"10:18:SL:SHOPPING_ITEM,41:63:SL:DATE",[IN:spending_history [SL:SHOPPING_ITEM mabhachi] [SL:DATE mwedzi mitatu yadarika] ],SHOPPING_ITEM: mabhachi $$ DATE: mwedzi mitatu yadarika,sna
banking,spending_history,Did I spend a lot of money on shoes?,41:47:SL:SHOPPING_ITEM,[IN:spending_history [SL:SHOPPING_ITEM shangu] ],SHOPPING_ITEM: shangu,sna
banking,spending_history,How much money I gave to the band in the last time we were together,23:31:SL:SHOPPING_ITEM,[IN:spending_history [SL:SHOPPING_ITEM mabhanzi] ],SHOPPING_ITEM: mabhanzi,sna
banking,spending_history,How much money did I spend on books three months ago?,"31:38:SL:SHOPPING_ITEM,39:61:SL:DATE",[IN:spending_history [SL:SHOPPING_ITEM mabhuku] [SL:DATE mwedzi mitatu yadarika] ],SHOPPING_ITEM: mabhuku $$ DATE: mwedzi mitatu yadarika,sna
banking,spending_history,How much money did I spend on men's underwear?,34:59:SL:SHOPPING_ITEM,[IN:spending_history [SL:SHOPPING_ITEM hanzu dzemukati dzevarume] ],SHOPPING_ITEM: hanzu dzemukati dzevarume,sna
banking,spending_history,How much money I spent on household items in the past month,2:17:SL:DATE,[IN:spending_history [SL:DATE mwedzi wadarika] ],DATE: mwedzi wadarika,sna
banking,spending_history,I spent money in the last few days,,[IN:spending_history ],,sna
banking,spending_history,I won money in the last three days,17:38:SL:DATE,[IN:spending_history [SL:DATE mazuva matatu adarika] ],DATE: mazuva matatu adarika,sna
banking,spending_history,How much money I spent this month?,0:10:SL:DATE,[IN:spending_history [SL:DATE Mwedzi uno] ],DATE: Mwedzi uno,sna
banking,spending_history,"During the year, how much of my rent was deducted from my income?","0:11:SL:DATE,17:41:SL:BILL_TYPE",[IN:spending_history [SL:DATE Mugore rino] [SL:BILL_TYPE chikwereti changu chemba] ],DATE: Mugore rino $$ BILL_TYPE: chikwereti changu chemba,sna
banking,spending_history,Have I been spending a lot of money going to parties?,,[IN:spending_history ],,sna
banking,spending_history,How much money have I spent on work clothes in recent months,54:74:SL:DATE,[IN:spending_history [SL:DATE mwedzi ichangodarika] ],DATE: mwedzi ichangodarika,sna
banking,spending_history,How much was it costing me to buy a bag of cat food a day?,48:72:SL:SHOPPING_ITEM,[IN:spending_history [SL:SHOPPING_ITEM tsapo yechikafu chekatsi] ],SHOPPING_ITEM: tsapo yechikafu chekatsi,sna
banking,spending_history,Let me know how much I spent in the last short period,,[IN:spending_history ],,sna
banking,spending_history,I would like to know all the money I spent on buying items at Take A lot in the two months of March and February in the year 2022,"75:88:SL:DATE,91:97:SL:DATE,100:107:SL:DATE,117:121:SL:DATE",[IN:spending_history [SL:DATE mwedzi miviri] [SL:DATE Kurume] [SL:DATE Kukadzi] [SL:DATE 2022] ],DATE: mwedzi miviri $$ DATE: Kurume $$ DATE: Kukadzi $$ DATE: 2022,sna
banking,spending_history,Tell me the story of my financial situation in the last three weeks.,45:67:SL:DATE,[IN:spending_history [SL:DATE mavhiki matatu adarika] ],DATE: mavhiki matatu adarika,sna
banking,spending_history,I want to know how much I spent last month.,40:55:SL:DATE,[IN:spending_history [SL:DATE mwedzi wapfuura] ],DATE: mwedzi wapfuura,sna
banking,spending_history,I want to know how my money has been spent recently,,[IN:spending_history ],,sna
banking,spending_history,I want to know how much money I spent on shopping in the last few days.,61:83:SL:DATE,[IN:spending_history [SL:DATE mazuva mashoma adarika] ],DATE: mazuva mashoma adarika,sna
banking,spending_history,How much money have I spent on cigarettes in the last few days?,20:25:SL:SHOPPING_ITEM,[IN:spending_history [SL:SHOPPING_ITEM fodya] ],SHOPPING_ITEM: fodya,sna
banking,spending_history,How much money I spent on children's clothes last week,"37:53:SL:SHOPPING_ITEM,54:69:SL:DATE",[IN:spending_history [SL:SHOPPING_ITEM zvipfeko zvevana] [SL:DATE svondo rapfuura] ],SHOPPING_ITEM: zvipfeko zvevana $$ DATE: svondo rapfuura,sna
banking,spending_history,How much did I spend on car fuel this month,"28:34:SL:SHOPPING_ITEM,46:56:SL:DATE",[IN:spending_history [SL:SHOPPING_ITEM peturu] [SL:DATE mwedzi uno] ],SHOPPING_ITEM: peturu $$ DATE: mwedzi uno,sna
banking,spending_history,How much did I spend yesterday on Three Monkeys?,"29:35:SL:DATE,41:54:SL:RESTAURANT_NAME",[IN:spending_history [SL:DATE nezuro] [SL:RESTAURANT_NAME Three Monkeys] ],DATE: nezuro $$ RESTAURANT_NAME: Three Monkeys,sna
banking,spending_history,I want to know how much I spent last week,20:32:SL:DATE,[IN:spending_history [SL:DATE vhiki yapera] ],DATE: vhiki yapera,sna
banking,spending_history,Please list the household expenses for the last three months,75:99:SL:DATE,[IN:spending_history [SL:DATE mumwedzi mitatu yadarika] ],DATE: mumwedzi mitatu yadarika,sna
banking,spending_history,How much I spent on beer this month,"27:33:SL:SHOPPING_ITEM,34:44:SL:DATE",[IN:spending_history [SL:SHOPPING_ITEM hwahwa] [SL:DATE mwedzi uno] ],SHOPPING_ITEM: hwahwa $$ DATE: mwedzi uno,sna
banking,spending_history,Tell me how much I spent in the last five months,33:56:SL:DATE,[IN:spending_history [SL:DATE mwedzi mishanu yapfuura] ],DATE: mwedzi mishanu yapfuura,sna
banking,spending_history,How much bread have I sent in the last two months,"2:9:SL:DISH_OR_FOOD,30:52:SL:DATE",[IN:spending_history [SL:DISH_OR_FOOD chingwa] [SL:DATE mwedzi miviri yapfuura] ],DISH_OR_FOOD: chingwa $$ DATE: mwedzi miviri yapfuura,sna
banking,spending_history,Have I been investing a lot of money in Dubai's laundry?,"34:41:SL:SHOPPING_ITEM,45:50:SL:CITY_OR_PROVINCE",[IN:spending_history [SL:SHOPPING_ITEM marokwe] [SL:CITY_OR_PROVINCE Dubai] ],SHOPPING_ITEM: marokwe $$ CITY_OR_PROVINCE: Dubai,sna
banking,spending_history,How much did I spend on a hat?,30:37:SL:SHOPPING_ITEM,[IN:spending_history [SL:SHOPPING_ITEM nguwani] ],SHOPPING_ITEM: nguwani,sna
banking,spending_history,How much money I spent paying off my debts recently,,[IN:spending_history ],,sna
banking,spending_history,How much money I spent this week,21:32:SL:DATE,[IN:spending_history [SL:DATE svondo rino] ],DATE: svondo rino,sna
banking,spending_history,How much money did I spend last week,36:50:SL:DATE,[IN:spending_history [SL:DATE vhiki rapfuura] ],DATE: vhiki rapfuura,sna
banking,spending_history,How much did my car maintenance cost me this month,0:10:SL:DATE,[IN:spending_history [SL:DATE Mwedzi uno] ],DATE: Mwedzi uno,sna
banking,spending_history,Invest in Nandos from early 2020 to present,"18:24:SL:RESTAURANT_NAME,42:46:SL:DATE,57:66:SL:DATE",[IN:spending_history [SL:RESTAURANT_NAME Nandos] [SL:DATE 2020] [SL:DATE parinhasi] ],RESTAURANT_NAME: Nandos $$ DATE: 2020 $$ DATE: parinhasi,sna
banking,spending_history,How much money I spent in January and February combined,"11:16:SL:DATE,21:28:SL:DATE",[IN:spending_history [SL:DATE Ndira] [SL:DATE Kukadzi] ],DATE: Ndira $$ DATE: Kukadzi,sna
banking,spending_history,How much money did I spend on InnBucks last week?,"45:53:SL:PAYMENT_COMPANY,54:69:SL:DATE",[IN:spending_history [SL:PAYMENT_COMPANY InnBucks] [SL:DATE svondo rapfuura] ],PAYMENT_COMPANY: InnBucks $$ DATE: svondo rapfuura,sna
banking,spending_history,Have I spent a lot of money on newspapers in the last few days?,54:62:SL:SHOPPING_ITEM,[IN:spending_history [SL:SHOPPING_ITEM bepanhau] ],SHOPPING_ITEM: bepanhau,sna
banking,spending_history,I want to know how much I have spent on travel in the last few days,,[IN:spending_history ],,sna
banking,spending_history,How much money have I spent on medication in the last ten days?,36:55:SL:DATE,[IN:spending_history [SL:DATE mazuva gumi adarika] ],DATE: mazuva gumi adarika,sna
banking,spending_history,How much money did I spend on travel last week,52:78:SL:DATE,[IN:spending_history [SL:DATE svondo rakapfuura rakapera] ],DATE: svondo rakapfuura rakapera,sna
banking,spending_history,How much did I spend last month to visit my parents in Masvingo?,"0:15:SL:DATE,62:70:SL:CITY_OR_PROVINCE",[IN:spending_history [SL:DATE Mumwedzi wapera] [SL:CITY_OR_PROVINCE Masvingo] ],DATE: Mumwedzi wapera $$ CITY_OR_PROVINCE: Masvingo,sna
banking,spending_history,How much money did I spend on cow medicine last month,"2:17:SL:DATE,40:56:SL:SHOPPING_ITEM",[IN:spending_history [SL:DATE mwedzi wapfuura] [SL:SHOPPING_ITEM mishonga yemombe] ],DATE: mwedzi wapfuura $$ SHOPPING_ITEM: mishonga yemombe,sna
banking,spending_history,Have I been betting too much money on the lottery?,,[IN:spending_history ],,sna
banking,spending_history,How much did my trip to Bulawayo cost me?,19:27:SL:CITY_OR_PROVINCE,[IN:spending_history [SL:CITY_OR_PROVINCE Bulawayo] ],CITY_OR_PROVINCE: Bulawayo,sna
banking,spending_history,How much money I spent on school expenses in the month we left,0:23:SL:DATE,[IN:spending_history [SL:DATE Mumwedzi mumwe watisiya] ],DATE: Mumwedzi mumwe watisiya,sna
banking,spending_history,How much did I pay for an Isuzu KB300 diesel this week,50:61:SL:DATE,[IN:spending_history [SL:DATE svondo rino] ],DATE: svondo rino,sna
banking,spending_history,Tell me how much I spent on bread in the last three weeks,"41:48:SL:DISH_OR_FOOD,51:73:SL:DATE",[IN:spending_history [SL:DISH_OR_FOOD chingwa] [SL:DATE mavhiki matatu adarika] ],DISH_OR_FOOD: chingwa $$ DATE: mavhiki matatu adarika,sna
banking,spending_history,This Sunday I had a very expensive lunch,"0:11:SL:DATE,21:40:SL:MEAL_PERIOD",[IN:spending_history [SL:DATE Svondo rino] [SL:MEAL_PERIOD chikafu chemasikati] ],DATE: Svondo rino $$ MEAL_PERIOD: chikafu chemasikati,sna
banking,spending_history,"I want to know how much I spent on electricity, water and rent last year.","20:33:SL:DATE,68:97:SL:BILL_TYPE","[IN:spending_history [SL:DATE gore rakapera] [SL:BILL_TYPE magetsi, mvura nemutero wemba] ]","DATE: gore rakapera $$ BILL_TYPE: magetsi, mvura nemutero wemba",sna
banking,spending_history,Tell me how much money I spent in the last two weeks,35:56:SL:DATE,[IN:spending_history [SL:DATE masvondo maviri apera] ],DATE: masvondo maviri apera,sna
banking,spending_history,How much money I spent on candy in the last few days,"40:48:SL:SHOPPING_ITEM,51:69:SL:DATE",[IN:spending_history [SL:SHOPPING_ITEM zviwitsi] [SL:DATE mazuva achangopera] ],SHOPPING_ITEM: zviwitsi $$ DATE: mazuva achangopera,sna
banking,spending_history,How much money I have spent in a short time recently on newspaper,62:71:SL:SHOPPING_ITEM,[IN:spending_history [SL:SHOPPING_ITEM bepa nhau] ],SHOPPING_ITEM: bepa nhau,sna
banking,spending_history,How much I spent on small things,,[IN:spending_history ],,sna
banking,spending_history,How much did I pay for the order?,,[IN:spending_history ],,sna
banking,spending_history,How much did I spend on bills last month,38:53:SL:DATE,[IN:spending_history [SL:DATE mwedzi wadarika] ],DATE: mwedzi wadarika,sna
banking,spending_history,Have I been buying as many snails as I did last week?,"19:31:SL:SHOPPING_ITEM,57:74:SL:DATE",[IN:spending_history [SL:SHOPPING_ITEM zvipondamoyo] [SL:DATE svondo rakapfuura] ],SHOPPING_ITEM: zvipondamoyo $$ DATE: svondo rakapfuura,sna
banking,spending_history,Did I spend too much money on airtime this week?,52:63:SL:DATE,[IN:spending_history [SL:DATE svondo rino] ],DATE: svondo rino,sna
banking,transactions,I want to know how much I spent on all my purchases and payments,,[IN:transactions ],,sna
banking,transactions,When was the last time I bought fruit,29:36:SL:SHOPPING_ITEM,[IN:transactions [SL:SHOPPING_ITEM michero] ],SHOPPING_ITEM: michero,sna
banking,transactions,I spent money on the last gasoline bill,,[IN:transactions ],,sna
banking,transactions,Show me how I spent my money in my Ecocash wallet.,61:68:SL:PAYMENT_COMPANY,[IN:transactions [SL:PAYMENT_COMPANY Ecocash] ],PAYMENT_COMPANY: Ecocash,sna
banking,transactions,I want to see how much money I spent in the last month in my private pockets of the Nedbank,"44:64:SL:DATE,100:107:SL:BANK_NAME",[IN:transactions [SL:DATE mwedzi uchangopfuura] [SL:BANK_NAME Nedbank] ],DATE: mwedzi uchangopfuura $$ BANK_NAME: Nedbank,sna
banking,transactions,Show me how I ended up spending my pocket money from Ecobank,69:76:SL:BANK_NAME,[IN:transactions [SL:BANK_NAME Ecobank] ],BANK_NAME: Ecobank,sna
banking,transactions,Open the Agribank app on my mobile phone and show me the tree I last spent money on,12:20:SL:BANK_NAME,[IN:transactions [SL:BANK_NAME Agribank] ],BANK_NAME: Agribank,sna
banking,transactions,Can you get me what I have finished in the last few days,57:85:SL:DATE,[IN:transactions [SL:DATE mazuva mashoma achangodarika] ],DATE: mazuva mashoma achangodarika,sna
banking,transactions,Some recent payments,,[IN:transactions ],,sna
banking,transactions,What did I pay a few days ago,24:46:SL:DATE,[IN:transactions [SL:DATE mazuva mashoma adarika] ],DATE: mazuva mashoma adarika,sna
banking,transactions,What did I end up buying with InnBucks?,33:41:SL:PAYMENT_COMPANY,[IN:transactions [SL:PAYMENT_COMPANY InnBucks] ],PAYMENT_COMPANY: InnBucks,sna
banking,transactions,I want to know what I ended up paying for,,[IN:transactions ],,sna
banking,transactions,I want to know my last payment with my Mastercard,51:61:SL:PAYMENT_COMPANY,[IN:transactions [SL:PAYMENT_COMPANY Mastercard] ],PAYMENT_COMPANY: Mastercard,sna
banking,transactions,Did my CBZ card spend more than the limit this month?,"37:40:SL:BANK_NAME,65:75:SL:DATE",[IN:transactions [SL:BANK_NAME CBZ] [SL:DATE mwedzi uno] ],BANK_NAME: CBZ $$ DATE: mwedzi uno,sna
banking,transactions,I spent money on today's purchase,39:44:SL:DATE,[IN:transactions [SL:DATE nhasi] ],DATE: nhasi,sna
banking,transactions,Show me how I got the money from the treasury.,,[IN:transactions ],,sna
banking,transactions,I want my pocket money to be checked,,[IN:transactions ],,sna
banking,transactions,Can you tell me how my money has been going in my pocket?,,[IN:transactions ],,sna
banking,transactions,What was my last purchase on Sunday?,49:55:SL:DATE,[IN:transactions [SL:DATE Svondo] ],DATE: Svondo,sna
banking,transactions,What did I end up buying on the CBZ card?,41:44:SL:BANK_NAME,[IN:transactions [SL:BANK_NAME CBZ] ],BANK_NAME: CBZ,sna
banking,transactions,How much was my last payment?,,[IN:transactions ],,sna
banking,transactions,How much did my last purchase cost?,,[IN:transactions ],,sna
banking,transactions,When was the most expensive thing I bought?,,[IN:transactions ],,sna
banking,transactions,Show me the amount of money on my credit card in the last four months,83:105:SL:DATE,[IN:transactions [SL:DATE mwedzi mina yakapfuura] ],DATE: mwedzi mina yakapfuura,sna
banking,transactions,I would also like to know all the food items purchased in the month of March,62:68:SL:DATE,[IN:transactions [SL:DATE Kurume] ],DATE: Kurume,sna
banking,transactions,Show me all the stuff that was paid for last night at the Miekles Hotel.,"41:47:SL:DATE,48:55:SL:TIME,58:71:SL:HOTEL_NAME",[IN:transactions [SL:DATE nezuro] [SL:TIME manheru] [SL:HOTEL_NAME Miekles Hotel] ],DATE: nezuro $$ TIME: manheru $$ HOTEL_NAME: Miekles Hotel,sna
banking,transactions,What did I pay yesterday for the bells of the Mpuzhapa in Mbare?,"24:30:SL:DATE,44:56:SL:PLACE_NAME,59:64:SL:PLACE_NAME",[IN:transactions [SL:DATE nezuro] [SL:PLACE_NAME Mupedzanhamo] [SL:PLACE_NAME Mbare] ],DATE: nezuro $$ PLACE_NAME: Mupedzanhamo $$ PLACE_NAME: Mbare,sna
banking,transactions,Please tell me what I paid for the fifth day of this month.,49:77:SL:DATE,[IN:transactions [SL:DATE zuva rechishanu remwedzi uno] ],DATE: zuva rechishanu remwedzi uno,sna
banking,transactions,Please tell me all the personal expenses I have paid in the last five days using my credit card.,79:101:SL:DATE,[IN:transactions [SL:DATE mazuva mashanu adarika] ],DATE: mazuva mashanu adarika,sna
banking,transactions,Tell me what are the ten things I paid for with my credit card e I use to pay for things,25:29:SL:NUMBER,[IN:transactions [SL:NUMBER gumi] ],NUMBER: gumi,sna
banking,transactions,What are the five things I paid for last with my Visa card?,"16:24:SL:NUMBER,82:86:SL:PAYMENT_COMPANY",[IN:transactions [SL:NUMBER zvishanu] [SL:PAYMENT_COMPANY Visa] ],NUMBER: zvishanu $$ PAYMENT_COMPANY: Visa,sna
banking,transactions,I want to know all the payments I made with my Nedbank wallet in the last two weeks,"88:95:SL:BANK_NAME,98:120:SL:DATE",[IN:transactions [SL:BANK_NAME Nedbank] [SL:DATE masvondo mairi apfuura] ],BANK_NAME: Nedbank $$ DATE: masvondo mairi apfuura,sna
banking,transactions,Keep a record of all my online and mobile phone bills for the month of March,59:65:SL:DATE,[IN:transactions [SL:DATE Kurume] ],DATE: Kurume,sna
banking,transactions,Show me where I paid for household items,,[IN:transactions ],,sna
banking,transactions,Show me all the money I paid for Fried Bream Restaurant,38:60:SL:RESTAURANT_NAME,[IN:transactions [SL:RESTAURANT_NAME Fried Bream Restaurant] ],RESTAURANT_NAME: Fried Bream Restaurant,sna
banking,transactions,Show me how much I paid for Father Barber's haircut and beard.,69:85:SL:PLACE_NAME,[IN:transactions [SL:PLACE_NAME Madzibaba Barber] ],PLACE_NAME: Madzibaba Barber,sna
banking,transactions,I want to see all the money I paid for the Chichen Inn,41:52:SL:RESTAURANT_NAME,[IN:transactions [SL:RESTAURANT_NAME Chichen Inn] ],RESTAURANT_NAME: Chichen Inn,sna
banking,transactions,Show me all the money I spent buying clothes at Topics,48:53:SL:SHOPPING_ITEM,[IN:transactions [SL:SHOPPING_ITEM hembe] ],SHOPPING_ITEM: hembe,sna
banking,transactions,Let me see how much I paid with my Barclays Bank card,70:83:SL:BANK_NAME,[IN:transactions [SL:BANK_NAME Barclays Bank] ],BANK_NAME: Barclays Bank,sna
banking,transactions,Please indicate all payments made using my Stanbic bank account,71:78:SL:BANK_NAME,[IN:transactions [SL:BANK_NAME Stanbic] ],BANK_NAME: Stanbic,sna
banking,transactions,I want to see all the items I paid for with my Cabs card,75:79:SL:BANK_NAME,[IN:transactions [SL:BANK_NAME Cabs] ],BANK_NAME: Cabs,sna
banking,transactions,Write down all the bills I've been pretending to pay,,[IN:transactions ],,sna
banking,transactions,What did I end up paying for,,[IN:transactions ],,sna
banking,transactions,Please show me what I pretended to pay.,,[IN:transactions ],,sna
banking,transactions,I want to know what I paid in the shortest time recently,,[IN:transactions ],,sna
banking,transactions,Let me see what my Women's Bank card has paid for,34:46:SL:BANK_NAME,[IN:transactions [SL:BANK_NAME Women's Bank] ],BANK_NAME: Women's Bank,sna
banking,transactions,Let me see what I paid with my FBC card,58:61:SL:BANK_NAME,[IN:transactions [SL:BANK_NAME FBC] ],BANK_NAME: FBC,sna
banking,transactions,Show me what I've already paid for.,,[IN:transactions ],,sna
banking,transactions,What did I pay with my credit card?,,[IN:transactions ],,sna
banking,transactions,Disclosure of all payments made with my Mastercard.,52:62:SL:PAYMENT_COMPANY,[IN:transactions [SL:PAYMENT_COMPANY Mastercard] ],PAYMENT_COMPANY: Mastercard,sna
banking,transactions,Show me on the card when I finished paying for things,,[IN:transactions ],,sna
banking,transactions,What did I just pay on my card?,,[IN:transactions ],,sna
banking,transactions,Does my credit card show the last time I paid for something?,,[IN:transactions ],,sna
banking,transactions,Show me the list of items I paid for.,,[IN:transactions ],,sna
banking,transactions,Provide proof of recent payments,,[IN:transactions ],,sna
banking,transactions,See what I paid for the last two weeks,35:58:SL:DATE,[IN:transactions [SL:DATE masvondo maviri adarika] ],DATE: masvondo maviri adarika,sna
banking,transactions,A summary of my expenses,,[IN:transactions ],,sna
banking,transactions,My recent three-pound bill,21:48:SL:DATE,[IN:transactions [SL:DATE maziva matatu achangopfuura] ],DATE: maziva matatu achangopfuura,sna
banking,transactions,What did I end up paying for?,,[IN:transactions ],,sna
banking,transactions,Show me the latest payments.,,[IN:transactions ],,sna
banking,transactions,What items were paid for last week,29:44:SL:DATE,[IN:transactions [SL:DATE svondo rakapera] ],DATE: svondo rakapera,sna
banking,transactions,Show me the last month of payments,11:17:SL:DATE,[IN:transactions [SL:DATE mwedzi] ],DATE: mwedzi,sna
banking,transactions,Show me what I finished at the bar yesterday,43:49:SL:DATE,[IN:transactions [SL:DATE nezuro] ],DATE: nezuro,sna
banking,transactions,What did I finish buying yesterday with my Steward's card?,"31:37:SL:DATE,54:61:SL:BANK_NAME",[IN:transactions [SL:DATE nezuro] [SL:BANK_NAME Steward] ],DATE: nezuro $$ BANK_NAME: Steward,sna
banking,transactions,Show me where the last item was paid for yesterday,47:53:SL:DATE,[IN:transactions [SL:DATE nezuro] ],DATE: nezuro,sna
banking,transactions,Open on the item that was paid off yesterday,44:50:SL:DATE,[IN:transactions [SL:DATE nezuro] ],DATE: nezuro,sna
banking,transactions,Show me the final payment.,,[IN:transactions ],,sna
banking,transactions,Show me the money that was paid for the food.,,[IN:transactions ],,sna
banking,transactions,Help me find the balance sheet of my previous month's payments,52:67:SL:DATE,[IN:transactions [SL:DATE mwedzi wapfuura] ],DATE: mwedzi wapfuura,sna
banking,transactions,I want to see how much I paid when I bought a bar,,[IN:transactions ],,sna
banking,transactions,Please let me see the list of things I paid for in Bulawayo the other day,"64:72:SL:CITY_OR_PROVINCE,73:85:SL:DATE",[IN:transactions [SL:CITY_OR_PROVINCE Bulawayo] [SL:DATE marimwe zuro] ],CITY_OR_PROVINCE: Bulawayo $$ DATE: marimwe zuro,sna
banking,transactions,I want to see the TM shopping cart today,46:51:SL:DATE,[IN:transactions [SL:DATE nhasi] ],DATE: nhasi,sna
banking,transactions,Show me where all the bets were paid at Sport Bet,,[IN:transactions ],,sna
banking,transactions,Show me where I bought music on Apple Music,,[IN:transactions ],,sna
banking,transactions,Write down wherever I bought cigarettes,29:34:SL:SHOPPING_ITEM,[IN:transactions [SL:SHOPPING_ITEM fodya] ],SHOPPING_ITEM: fodya,sna
banking,transactions,Show me where I paid the toll gate,,[IN:transactions ],,sna
banking,transactions,What have I paid in one month,21:42:SL:DATE,[IN:transactions [SL:DATE mwedzi mumwe wapfuura] ],DATE: mwedzi mumwe wapfuura,sna
banking,transactions,I spent money on food at restaurants,,[IN:transactions ],,sna
banking,transactions,What did I bring with my Visa card last month,"48:52:SL:PAYMENT_COMPANY,53:68:SL:DATE",[IN:transactions [SL:PAYMENT_COMPANY Visa] [SL:DATE mwedzi wadarika] ],PAYMENT_COMPANY: Visa $$ DATE: mwedzi wadarika,sna
banking,transactions,How much money I spent on fish food,31:46:SL:SHOPPING_ITEM,[IN:transactions [SL:SHOPPING_ITEM chikafu chehove] ],SHOPPING_ITEM: chikafu chehove,sna
banking,transfer,Can you also help me with my money from this pocket to another pocket in the ABC bank,99:102:SL:BANK_NAME,[IN:transfer [SL:BANK_NAME ABC] ],BANK_NAME: ABC,sna
banking,transfer,I also seek help in moving my money from one pocket to another in this Steward bank.,111:118:SL:BANK_NAME,[IN:transfer [SL:BANK_NAME Steward] ],BANK_NAME: Steward,sna
banking,transfer,Can you also help me move my money from my pocket to another pocket in this FBC bank?,104:107:SL:BANK_NAME,[IN:transfer [SL:BANK_NAME FBC] ],BANK_NAME: FBC,sna
banking,transfer,I also want help to transfer my money from one pocket to another in Agribank,113:121:SL:BANK_NAME,[IN:transfer [SL:BANK_NAME Agribank] ],BANK_NAME: Agribank,sna
banking,transfer,I also need help moving my money in and out of the various wallets of the Steward's bank.,103:110:SL:BANK_NAME,[IN:transfer [SL:BANK_NAME Steward] ],BANK_NAME: Steward,sna
banking,transfer,Can I move my money in and out of different purses?,,[IN:transfer ],,sna
banking,transfer,Can I transfer my money from another wallet to another wallet?,,[IN:transfer ],,sna
banking,transfer,I have to withdraw $100 from my Nedbank account to the Agrifoods account.,"26:40:SL:MONEY,63:70:SL:BANK_NAME",[IN:transfer [SL:MONEY zana remadhora] [SL:BANK_NAME Nedbank] ],MONEY: zana remadhora $$ BANK_NAME: Nedbank,sna
banking,transfer,Can I move my money in and out of the different pockets of this Nedbank?,93:100:SL:BANK_NAME,[IN:transfer [SL:BANK_NAME Nedbank] ],BANK_NAME: Nedbank,sna
banking,transfer,I also want to distribute my money among my pockets in the Agribank,80:88:SL:BANK_NAME,[IN:transfer [SL:BANK_NAME Agribank] ],BANK_NAME: Agribank,sna
banking,transfer,I also want to transfer $300 from my pocket where I take out my daily allowance to my pocketbook.,"22:44:SL:MONEY,121:141:SL:ACCOUNT_TYPE",[IN:transfer [SL:MONEY mazana matatu emadhora] [SL:ACCOUNT_TYPE homwe yangu yepfimbi] ],MONEY: mazana matatu emadhora $$ ACCOUNT_TYPE: homwe yangu yepfimbi,sna
banking,transfer,Please help me transfer my £720 from my personal account to my wallet,"41:69:SL:MONEY,155:175:SL:ACCOUNT_TYPE",[IN:transfer [SL:MONEY mazana manomwe nepondo mbiri] [SL:ACCOUNT_TYPE gwama rangu repfimbi] ],MONEY: mazana manomwe nepondo mbiri $$ ACCOUNT_TYPE: gwama rangu repfimbi,sna
banking,transfer,Take fifty dollars out of my purse and put it in my purse to make it grow.,"6:29:SL:MONEY,120:154:SL:ACCOUNT_TYPE",[IN:transfer [SL:MONEY makumi mashanu emadhora] [SL:ACCOUNT_TYPE hombodo yangu yandinopfimbika mari] ],MONEY: makumi mashanu emadhora $$ ACCOUNT_TYPE: hombodo yangu yandinopfimbika mari,sna
banking,transfer,Help me withdraw the $10 from my Women's Bank account into my Agribank wallet.,"20:32:SL:MONEY,53:65:SL:BANK_NAME,99:107:SL:BANK_NAME",[IN:transfer [SL:MONEY madhora gumi] [SL:BANK_NAME Women's Bank] [SL:BANK_NAME Agribank] ],MONEY: madhora gumi $$ BANK_NAME: Women's Bank $$ BANK_NAME: Agribank,sna
banking,transfer,I would also like to transfer my $100 from my checking account to my wallet.,"31:45:SL:MONEY,61:100:SL:ACCOUNT_TYPE,113:133:SL:ACCOUNT_TYPE",[IN:transfer [SL:MONEY zana remadhora] [SL:ACCOUNT_TYPE chikwama chekubhadhara nekutenga zvinhu] [SL:ACCOUNT_TYPE homwe yangu yepfimbi] ],MONEY: zana remadhora $$ ACCOUNT_TYPE: chikwama chekubhadhara nekutenga zvinhu $$ ACCOUNT_TYPE: homwe yangu yepfimbi,sna
banking,transfer,I also request that you withdraw $29 from my FBC account and deposit it in my Ecobank account.,"28:62:SL:MONEY,87:90:SL:BANK_NAME,125:132:SL:BANK_NAME",[IN:transfer [SL:MONEY madhora makumi mairi nemapfumbamwe] [SL:BANK_NAME FBC] [SL:BANK_NAME Ecobank] ],MONEY: madhora makumi mairi nemapfumbamwe $$ BANK_NAME: FBC $$ BANK_NAME: Ecobank,sna
banking,transfer,I want to transfer my money from my Econet mobile bank account to OneMoney,84:92:SL:PAYMENT_COMPANY,[IN:transfer [SL:PAYMENT_COMPANY OneMoney] ],PAYMENT_COMPANY: OneMoney,sna
banking,transfer,I also want to transfer my money from my Agribank account in Zimbabwe to my US account.,"19:27:SL:BANK_NAME,85:93:SL:COUNTRY,127:134:SL:COUNTRY",[IN:transfer [SL:BANK_NAME Agribank] [SL:COUNTRY Zimbabwe] [SL:COUNTRY America] ],BANK_NAME: Agribank $$ COUNTRY: Zimbabwe $$ COUNTRY: America,sna
banking,transfer,I would like to withdraw my money from my account at First Banking Corporation in Bindura to my account at First Banking Corporation in Marondera.,"51:76:SL:BANK_NAME,81:88:SL:CITY_OR_PROVINCE,119:144:SL:BANK_NAME,149:158:SL:CITY_OR_PROVINCE",[IN:transfer [SL:BANK_NAME First Banking Corporation] [SL:CITY_OR_PROVINCE Bindura] [SL:BANK_NAME First Banking Corporation] [SL:CITY_OR_PROVINCE Marondera] ],BANK_NAME: First Banking Corporation $$ CITY_OR_PROVINCE: Bindura $$ BANK_NAME: First Banking Corporation $$ CITY_OR_PROVINCE: Marondera,sna
banking,transfer,I have to withdraw my money from my account up to my pension to my Ecocash mobile account.,136:143:SL:PAYMENT_COMPANY,[IN:transfer [SL:PAYMENT_COMPANY Ecocash] ],PAYMENT_COMPANY: Ecocash,sna
banking,transfer,"Send a donation of $700,000 to Zimbabwe using my OneMoney mobile account.","7:19:SL:PERSONAL_NAME,32:77:SL:MONEY,123:131:SL:PAYMENT_COMPANY",[IN:transfer [SL:PERSONAL_NAME Chido Mutupo] [SL:MONEY mazana manomwe ezviuru zvemadhora emuZimbabwe] [SL:PAYMENT_COMPANY OneMoney] ],PERSONAL_NAME: Chido Mutupo $$ MONEY: mazana manomwe ezviuru zvemadhora emuZimbabwe $$ PAYMENT_COMPANY: OneMoney,sna
banking,transfer,"Send my father $3,000 from my bank account, which receives most of my money from the sale of my gold mine.",18:53:SL:MONEY,[IN:transfer [SL:MONEY zviuru zvitatu remadhora ekuAmerica] ],MONEY: zviuru zvitatu remadhora ekuAmerica,sna
banking,transfer,Transfer $30 from my daily savings account to my savings account to pay off the loan I got from Stanbic Bank to buy a house.,"7:28:SL:MONEY,178:185:SL:BANK_NAME",[IN:transfer [SL:MONEY madhora makumi matatu] [SL:BANK_NAME Stanbic] ],MONEY: madhora makumi matatu $$ BANK_NAME: Stanbic,sna
banking,transfer,Transfer $200 with $45 from my account where my salary money goes to Ecobank.,"7:60:SL:MONEY,117:124:SL:BANK_NAME",[IN:transfer [SL:MONEY madhora mazana mairi anemadhora makumi mana nemashanu] [SL:BANK_NAME Ecobank] ],MONEY: madhora mazana mairi anemadhora makumi mana nemashanu $$ BANK_NAME: Ecobank,sna
banking,transfer,Take the 600 US dollars in Ecobank from my pocket that holds my money for my various printing presses and put it in a pocket that holds my money from my buying and selling on the stock market on the basis of masses of potatoes and sweets.,"5:41:SL:MONEY,48:55:SL:BANK_NAME",[IN:transfer [SL:MONEY mazana matanhatu emadhora ekuAmerica] [SL:BANK_NAME Ecobank] ],MONEY: mazana matanhatu emadhora ekuAmerica $$ BANK_NAME: Ecobank,sna
banking,transfer,I would like to withdraw $12 from my Metropolitan Bank account to my account at Steward Bank.,"16:36:SL:MONEY,61:78:SL:BANK_NAME,108:120:SL:BANK_NAME",[IN:transfer [SL:MONEY madhora gumi nemairi] [SL:BANK_NAME Metropolitan Bank] [SL:BANK_NAME Steward Bank] ],MONEY: madhora gumi nemairi $$ BANK_NAME: Metropolitan Bank $$ BANK_NAME: Steward Bank,sna
banking,transfer,Then transfer $875 from my Ecocash phone to my BucksInn account.,"16:64:SL:MONEY,97:104:SL:PAYMENT_COMPANY,132:140:SL:PAYMENT_COMPANY",[IN:transfer [SL:MONEY madhora mazana masere nemakumi mashanu nemashanu] [SL:PAYMENT_COMPANY Ecocash] [SL:PAYMENT_COMPANY BucksInn] ],MONEY: madhora mazana masere nemakumi mashanu nemashanu $$ PAYMENT_COMPANY: Ecocash $$ PAYMENT_COMPANY: BucksInn,sna
banking,transfer,I need to transfer $29 from my Nedbank wallet to my wallet in CBZ bank.,"22:56:SL:MONEY,88:95:SL:BANK_NAME,134:137:SL:BANK_NAME",[IN:transfer [SL:MONEY madhora makumi mairi nemapfumbamwe] [SL:BANK_NAME Nedbank] [SL:BANK_NAME CBZ] ],MONEY: madhora makumi mairi nemapfumbamwe $$ BANK_NAME: Nedbank $$ BANK_NAME: CBZ,sna
banking,transfer,I have to withdraw $12 and 2 pounds from my Metbank account to my Ecobank account.,"29:55:SL:MONEY,85:92:SL:BANK_NAME,127:134:SL:BANK_NAME",[IN:transfer [SL:MONEY madhora gumi nepondo mbiri] [SL:BANK_NAME Metbank] [SL:BANK_NAME Ecobank] ],MONEY: madhora gumi nepondo mbiri $$ BANK_NAME: Metbank $$ BANK_NAME: Ecobank,sna
banking,transfer,I want you to send $51 from the Cabs bank to the Agribank bank.,"21:51:SL:MONEY,69:73:SL:BANK_NAME,94:102:SL:BANK_NAME",[IN:transfer [SL:MONEY madhora makumi mashanu nerimwe] [SL:BANK_NAME Cabs] [SL:BANK_NAME Agribank] ],MONEY: madhora makumi mashanu nerimwe $$ BANK_NAME: Cabs $$ BANK_NAME: Agribank,sna
banking,transfer,I want you to wire $98 from the Standard Bank to the First Banking Corporation.,"21:56:SL:MONEY,74:87:SL:BANK_NAME,108:133:SL:BANK_NAME",[IN:transfer [SL:MONEY madhora makumi mapfumbamwe nemasere] [SL:BANK_NAME Standard Bank] [SL:BANK_NAME First Banking Corporation] ],MONEY: madhora makumi mapfumbamwe nemasere $$ BANK_NAME: Standard Bank $$ BANK_NAME: First Banking Corporation,sna
banking,transfer,I need to transfer $9 from the Cabs bank to the Barclays bank.,"22:41:SL:MONEY,59:63:SL:BANK_NAME,84:92:SL:BANK_NAME",[IN:transfer [SL:MONEY madhora mapfumbamwe] [SL:BANK_NAME Cabs] [SL:BANK_NAME Barclays] ],MONEY: madhora mapfumbamwe $$ BANK_NAME: Cabs $$ BANK_NAME: Barclays,sna
banking,transfer,Send $20.00 from Agribank to Standard Chartered Bank.,"7:27:SL:MONEY,45:53:SL:BANK_NAME,74:97:SL:BANK_NAME",[IN:transfer [SL:MONEY madhora makumi mairi] [SL:BANK_NAME Agribank] [SL:BANK_NAME Standard Chartered Bank] ],MONEY: madhora makumi mairi $$ BANK_NAME: Agribank $$ BANK_NAME: Standard Chartered Bank,sna
banking,transfer,Please send $10 from Nedbank to Agribank.,"21:35:SL:MONEY,53:60:SL:BANK_NAME,81:89:SL:BANK_NAME",[IN:transfer [SL:MONEY gumi remadhora] [SL:BANK_NAME Nedbank] [SL:BANK_NAME Agribank] ],MONEY: gumi remadhora $$ BANK_NAME: Nedbank $$ BANK_NAME: Agribank,sna
banking,transfer,Take $500 from my savings account to my credit card.,"6:29:SL:MONEY,38:66:SL:ACCOUNT_TYPE",[IN:transfer [SL:MONEY mazana mashanu emadhora] [SL:ACCOUNT_TYPE homwe yangu inochengeta mari] ],MONEY: mazana mashanu emadhora $$ ACCOUNT_TYPE: homwe yangu inochengeta mari,sna
banking,transfer,I would also like you to withdraw $700 from my Ecocash account and put it in my Telecash wallet.,"27:49:SL:MONEY,72:79:SL:PAYMENT_COMPANY,111:119:SL:PAYMENT_COMPANY",[IN:transfer [SL:MONEY madhora mazana manomwe] [SL:PAYMENT_COMPANY Ecocash] [SL:PAYMENT_COMPANY Telecash] ],MONEY: madhora mazana manomwe $$ PAYMENT_COMPANY: Ecocash $$ PAYMENT_COMPANY: Telecash,sna
banking,transfer,Take a hundred dollars out of my OneMoney wallet and suck it into my First Banking Corporation purse.,"6:20:SL:MONEY,48:56:SL:PAYMENT_COMPANY,86:111:SL:BANK_NAME",[IN:transfer [SL:MONEY zana remadhora] [SL:PAYMENT_COMPANY OneMoney] [SL:BANK_NAME First Banking Corporation] ],MONEY: zana remadhora $$ PAYMENT_COMPANY: OneMoney $$ BANK_NAME: First Banking Corporation,sna
banking,transfer,"Please take the $1,000 from my Cabs bank account and put it in my Nedbank account.","18:35:SL:MONEY,67:71:SL:BANK_NAME,107:114:SL:BANK_NAME",[IN:transfer [SL:MONEY chiuru chemadhora] [SL:BANK_NAME Cabs] [SL:BANK_NAME Nedbank] ],MONEY: chiuru chemadhora $$ BANK_NAME: Cabs $$ BANK_NAME: Nedbank,sna
banking,transfer,Take another $186 from my pocket in Ecobank trustworthy money I earn on the stock market and put it in my wallet that saved me money I spend every day in the same bank.,"10:52:SL:MONEY,79:86:SL:BANK_NAME",[IN:transfer [SL:MONEY madhora mazana nemakumi masere nematanhatu] [SL:BANK_NAME Ecobank] ],MONEY: madhora mazana nemakumi masere nematanhatu $$ BANK_NAME: Ecobank,sna
banking,transfer,Send money from this wallet and put it in another wallet.,,[IN:transfer ],,sna
banking,transfer,Withdraw $400 from the Telecash wallet and put it in an Ecocash wallet.,"6:25:SL:MONEY,46:54:SL:PAYMENT_COMPANY,75:82:SL:PAYMENT_COMPANY",[IN:transfer [SL:MONEY madhora mazana mana] [SL:PAYMENT_COMPANY Telecash] [SL:PAYMENT_COMPANY Ecocash] ],MONEY: madhora mazana mana $$ PAYMENT_COMPANY: Telecash $$ PAYMENT_COMPANY: Ecocash,sna
banking,transfer,Take five dollars out of my purse and put it in my pocket so I can take it out.,"6:21:SL:MONEY,30:57:SL:ACCOUNT_TYPE",[IN:transfer [SL:MONEY madhora mashanu] [SL:ACCOUNT_TYPE chikwama chinopfimbika mari] ],MONEY: madhora mashanu $$ ACCOUNT_TYPE: chikwama chinopfimbika mari,sna
banking,transfer,Send a thousand dollars from the Elder directly to my Telecash mobile wallet.,"7:24:SL:MONEY,33:39:SL:PAYMENT_COMPANY,90:98:SL:PAYMENT_COMPANY",[IN:transfer [SL:MONEY chiuru chemadhora] [SL:PAYMENT_COMPANY Mukuru] [SL:PAYMENT_COMPANY Telecash] ],MONEY: chiuru chemadhora $$ PAYMENT_COMPANY: Mukuru $$ PAYMENT_COMPANY: Telecash,sna
banking,transfer,Take the $100 from my FBC pocket and give it to my Cabs account.,"5:17:SL:MONEY,38:41:SL:BANK_NAME,53:67:SL:ACCOUNT_TYPE,72:76:SL:BANK_NAME",[IN:transfer [SL:MONEY madhora zana] [SL:BANK_NAME FBC] [SL:ACCOUNT_TYPE kupfimbi yangu] [SL:BANK_NAME Cabs] ],MONEY: madhora zana $$ BANK_NAME: FBC $$ ACCOUNT_TYPE: kupfimbi yangu $$ BANK_NAME: Cabs,sna
banking,transfer,I also want to transfer money from another pocket to another pocket.,,[IN:transfer ],,sna
banking,transfer,I want to move money from one wallet to another.,,[IN:transfer ],,sna
banking,transfer,Send 100 coins by translation from my various pockets that match to my pockets that do not match,7:23:SL:MONEY,[IN:transfer [SL:MONEY mari inoita zana] ],MONEY: mari inoita zana,sna
banking,transfer,What is the fastest way to transfer money from one bank account to another?,,[IN:transfer ],,sna
banking,transfer,Do I have to drive myself if I want to withdraw money from a pocket in Ecobank to Cabs?,"61:68:SL:BANK_NAME,86:90:SL:BANK_NAME",[IN:transfer [SL:BANK_NAME Ecobank] [SL:BANK_NAME Cabs] ],BANK_NAME: Ecobank $$ BANK_NAME: Cabs,sna
banking,transfer,Am I going to transfer $600 from my trusty wallet with a lot of money to my trusty wallet with a little more money?,"20:45:SL:MONEY,56:93:SL:ACCOUNT_TYPE",[IN:transfer [SL:MONEY mazana matanhatu emadhora] [SL:ACCOUNT_TYPE chikwama changu chandinopfimbika mari] ],MONEY: mazana matanhatu emadhora $$ ACCOUNT_TYPE: chikwama changu chandinopfimbika mari,sna
banking,transfer,Can you withdraw my money from CBZ and put it in my Barclays wallet?,"38:41:SL:BANK_NAME,78:86:SL:BANK_NAME",[IN:transfer [SL:BANK_NAME CBZ] [SL:BANK_NAME Barclays] ],BANK_NAME: CBZ $$ BANK_NAME: Barclays,sna
banking,transfer,Transfer my money from my wallet to my other wallet,,[IN:transfer ],,sna
banking,transfer,How do I transfer money from one wallet to another?,,[IN:transfer ],,sna
banking,transfer,I want to withdraw my money from my Women's Bank account to my BucksInn account.,"50:62:SL:BANK_NAME,88:96:SL:PAYMENT_COMPANY",[IN:transfer [SL:BANK_NAME Women's Bank] [SL:PAYMENT_COMPANY BucksInn] ],BANK_NAME: Women's Bank $$ PAYMENT_COMPANY: BucksInn,sna
banking,transfer,Send $80 to Tirivanhu but write it off as a credit to my wallet.,"7:28:SL:MONEY,34:43:SL:PERSONAL_NAME",[IN:transfer [SL:MONEY madhora makumi masere] [SL:PERSONAL_NAME Tirivanhu] ],MONEY: madhora makumi masere $$ PERSONAL_NAME: Tirivanhu,sna
banking,transfer,Send money from a savings account to a cheque account,"22:45:SL:ACCOUNT_TYPE,57:116:SL:ACCOUNT_TYPE",[IN:transfer [SL:ACCOUNT_TYPE homwe yekuchengeta mari] [SL:ACCOUNT_TYPE homwe inonditendera kuti ndibhadhare ndichishandisa macheki] ],ACCOUNT_TYPE: homwe yekuchengeta mari $$ ACCOUNT_TYPE: homwe inonditendera kuti ndibhadhare ndichishandisa macheki,sna
banking,transfer,I would like you to withdraw my money from my Econet account to Steward Bank,73:85:SL:BANK_NAME,[IN:transfer [SL:BANK_NAME Steward Bank] ],BANK_NAME: Steward Bank,sna
banking,transfer,I would like you to transfer 33 from my bank account to my checking account.,"25:47:SL:MONEY,120:141:SL:ACCOUNT_TYPE",[IN:transfer [SL:MONEY makumi matatu nematatu] [SL:ACCOUNT_TYPE homwe yangu yemacheki] ],MONEY: makumi matatu nematatu $$ ACCOUNT_TYPE: homwe yangu yemacheki,sna
banking,transfer,"Then withdraw $3,000 from my Telecash mobile phone account to my wallet at the CBZ bank.","15:37:SL:MONEY,76:84:SL:PAYMENT_COMPANY,125:128:SL:BANK_NAME",[IN:transfer [SL:MONEY madhora zviuru zvitatu] [SL:PAYMENT_COMPANY Telecash] [SL:BANK_NAME CBZ] ],MONEY: madhora zviuru zvitatu $$ PAYMENT_COMPANY: Telecash $$ BANK_NAME: CBZ,sna
banking,transfer,Help me get my money out of the bank.,,[IN:transfer ],,sna
banking,transfer,I also want my CBZ bank account withdrawn from my account,43:46:SL:BANK_NAME,[IN:transfer [SL:BANK_NAME CBZ] ],BANK_NAME: CBZ,sna
banking,transfer,Please help me to put my money in the bank where I tell you,,[IN:transfer ],,sna
banking,transfer,I have to get my money out of this purse and into another.,,[IN:transfer ],,sna
banking,transfer,Please get my money out of it.,,[IN:transfer ],,sna
banking,transfer,I also want to take my ten dollars out of my pocket and put it in a purse where I can take it out when I need it.,18:30:SL:MONEY,[IN:transfer [SL:MONEY madhora gumi] ],MONEY: madhora gumi,sna
banking,transfer,Take $10 from my Agribank wallet and put it in my Nedbank wallet.,"6:18:SL:MONEY,46:54:SL:BANK_NAME,86:93:SL:BANK_NAME",[IN:transfer [SL:MONEY madhora gumi] [SL:BANK_NAME Agribank] [SL:BANK_NAME Nedbank] ],MONEY: madhora gumi $$ BANK_NAME: Agribank $$ BANK_NAME: Nedbank,sna
banking,transfer,Can you transfer $100 from my wallet to my checking account?,"21:33:SL:MONEY,42:70:SL:ACCOUNT_TYPE,88:95:SL:BANK_NAME,107:128:SL:ACCOUNT_TYPE",[IN:transfer [SL:MONEY madhora zana] [SL:ACCOUNT_TYPE homwe yangu inopfimbika mari] [SL:BANK_NAME Ecobank] [SL:ACCOUNT_TYPE homwe yangu yemacheki] ],MONEY: madhora zana $$ ACCOUNT_TYPE: homwe yangu inopfimbika mari $$ BANK_NAME: Ecobank $$ ACCOUNT_TYPE: homwe yangu yemacheki,sna
banking,transfer,"Send $1,000 from my wallet my money in the Nedbank to my checkbook.","7:21:SL:MONEY,30:58:SL:ACCOUNT_TYPE,76:83:SL:BANK_NAME,95:116:SL:ACCOUNT_TYPE",[IN:transfer [SL:MONEY madhora chiuru] [SL:ACCOUNT_TYPE homwe yangu inopfimbika mari] [SL:BANK_NAME Nedbank] [SL:ACCOUNT_TYPE homwe yangu yemacheki] ],MONEY: madhora chiuru $$ ACCOUNT_TYPE: homwe yangu inopfimbika mari $$ BANK_NAME: Nedbank $$ ACCOUNT_TYPE: homwe yangu yemacheki,sna
banking,transfer,"Take $3,000 out of my Stanbic account and put it in my Standard Chartered account.","6:28:SL:MONEY,53:60:SL:BANK_NAME,91:109:SL:BANK_NAME",[IN:transfer [SL:MONEY madhora zviuru zvitatu] [SL:BANK_NAME Stanbic] [SL:BANK_NAME Standard Chartered] ],MONEY: madhora zviuru zvitatu $$ BANK_NAME: Stanbic $$ BANK_NAME: Standard Chartered,sna
banking,transfer,Please take $40 from my pocketbook and put it in my checkbook.,"22:40:SL:MONEY,48:68:SL:ACCOUNT_TYPE,81:102:SL:ACCOUNT_TYPE",[IN:transfer [SL:MONEY madora makumi mana] [SL:ACCOUNT_TYPE homwe yangu yepfimbi] [SL:ACCOUNT_TYPE homwe yangu yemacheki] ],MONEY: madora makumi mana $$ ACCOUNT_TYPE: homwe yangu yepfimbi $$ ACCOUNT_TYPE: homwe yangu yemacheki,sna
banking,transfer,Take ten dollars out of my pocket and put it in my checkbook.,"6:20:SL:MONEY,31:51:SL:ACCOUNT_TYPE,65:86:SL:ACCOUNT_TYPE",[IN:transfer [SL:MONEY gumi remadhora] [SL:ACCOUNT_TYPE homwe yangu yepfimbi] [SL:ACCOUNT_TYPE homwe yangu yemacheki] ],MONEY: gumi remadhora $$ ACCOUNT_TYPE: homwe yangu yepfimbi $$ ACCOUNT_TYPE: homwe yangu yemacheki,sna
banking,transfer,Can you transfer $100 from my pocketbook to my checkbook?,"21:35:SL:MONEY,44:64:SL:ACCOUNT_TYPE,76:97:SL:ACCOUNT_TYPE",[IN:transfer [SL:MONEY zana remadhora] [SL:ACCOUNT_TYPE homwe yangu yepfimbi] [SL:ACCOUNT_TYPE homwe yangu yemacheki] ],MONEY: zana remadhora $$ ACCOUNT_TYPE: homwe yangu yepfimbi $$ ACCOUNT_TYPE: homwe yangu yemacheki,sna
banking,transfer,Take $19 from my Cabs bank account and put it in my Standard Chartered bank account.,"6:30:SL:MONEY,62:66:SL:BANK_NAME,102:120:SL:BANK_NAME",[IN:transfer [SL:MONEY madhora gumi nepfumbamwe] [SL:BANK_NAME Cabs] [SL:BANK_NAME Standard Chartered] ],MONEY: madhora gumi nepfumbamwe $$ BANK_NAME: Cabs $$ BANK_NAME: Standard Chartered,sna
banking,transfer,Take $325 from my Ecobank checking account and put it in my cheque account at the same bank.,"5:51:SL:MONEY,60:80:SL:ACCOUNT_TYPE,83:90:SL:BANK_NAME,104:125:SL:ACCOUNT_TYPE",[IN:transfer [SL:MONEY madhora mazana matatu nemakumi mairi nemashanu] [SL:ACCOUNT_TYPE homwe yangu yepfimbi] [SL:BANK_NAME Ecobank] [SL:ACCOUNT_TYPE homwe yangu yemacheki] ],MONEY: madhora mazana matatu nemakumi mairi nemashanu $$ ACCOUNT_TYPE: homwe yangu yepfimbi $$ BANK_NAME: Ecobank $$ ACCOUNT_TYPE: homwe yangu yemacheki,sna
banking,transfer,Put $900 in my pocketbook in the Cabs bank from my checkbook in the Standard Chartered bank.,"4:30:SL:MONEY,31:51:SL:ACCOUNT_TYPE,67:71:SL:BANK_NAME,80:101:SL:ACCOUNT_TYPE,117:135:SL:BANK_NAME",[IN:transfer [SL:MONEY madhora mazana mapfumbamwe] [SL:ACCOUNT_TYPE homwe yangu yepfimbi] [SL:BANK_NAME Cabs] [SL:ACCOUNT_TYPE homwe yangu yemacheki] [SL:BANK_NAME Standard Chartered] ],MONEY: madhora mazana mapfumbamwe $$ ACCOUNT_TYPE: homwe yangu yepfimbi $$ BANK_NAME: Cabs $$ ACCOUNT_TYPE: homwe yangu yemacheki $$ BANK_NAME: Standard Chartered,sna
banking,transfer,Transfer $800 to my pocket in the Women's Bank from my checkbook in the CBZ Bank.,"7:28:SL:MONEY,31:51:SL:ACCOUNT_TYPE,67:79:SL:BANK_NAME,88:109:SL:ACCOUNT_TYPE,125:128:SL:BANK_NAME",[IN:transfer [SL:MONEY madhora mazana masere] [SL:ACCOUNT_TYPE homwe yangu yepfimbi] [SL:BANK_NAME Women's Bank] [SL:ACCOUNT_TYPE homwe yangu yemacheki] [SL:BANK_NAME CBZ] ],MONEY: madhora mazana masere $$ ACCOUNT_TYPE: homwe yangu yepfimbi $$ BANK_NAME: Women's Bank $$ ACCOUNT_TYPE: homwe yangu yemacheki $$ BANK_NAME: CBZ,sna
banking,transfer,Transfer $60 from my Ecobank wallet to my other wallet at Agribank.,"8:32:SL:MONEY,41:61:SL:ACCOUNT_TYPE,64:71:SL:BANK_NAME,93:113:SL:ACCOUNT_TYPE,129:137:SL:BANK_NAME",[IN:transfer [SL:MONEY madhora makumi matanhatu] [SL:ACCOUNT_TYPE homwe yangu yepfimbi] [SL:BANK_NAME Ecobank] [SL:ACCOUNT_TYPE homwe yangu yepfimbi] [SL:BANK_NAME Agribank] ],MONEY: madhora makumi matanhatu $$ ACCOUNT_TYPE: homwe yangu yepfimbi $$ BANK_NAME: Ecobank $$ ACCOUNT_TYPE: homwe yangu yepfimbi $$ BANK_NAME: Agribank,sna
banking,transfer,Transfer $3 from my ABC bank checkbook to my other pocketbook in the Steward bank.,"8:22:SL:MONEY,31:52:SL:ACCOUNT_TYPE,64:67:SL:BANK_NAME,87:107:SL:ACCOUNT_TYPE,123:130:SL:BANK_NAME",[IN:transfer [SL:MONEY madhora matatu] [SL:ACCOUNT_TYPE homwe yangu yemacheki] [SL:BANK_NAME ABC] [SL:ACCOUNT_TYPE homwe yangu yepfimbi] [SL:BANK_NAME Steward] ],MONEY: madhora matatu $$ ACCOUNT_TYPE: homwe yangu yemacheki $$ BANK_NAME: ABC $$ ACCOUNT_TYPE: homwe yangu yepfimbi $$ BANK_NAME: Steward,sna
banking,transfer,Transfer my money from my pocket in the CABS bank to my other pocket in the Steward bank.,"54:58:SL:BANK_NAME,80:100:SL:ACCOUNT_TYPE,120:127:SL:BANK_NAME",[IN:transfer [SL:BANK_NAME CABS] [SL:ACCOUNT_TYPE homwe yangu yepfimbi] [SL:BANK_NAME Steward] ],BANK_NAME: CABS $$ ACCOUNT_TYPE: homwe yangu yepfimbi $$ BANK_NAME: Steward,sna
banking,transfer,Take my money out of my Agribank account and put it in my other pocketbook at ABC Bank.,"40:48:SL:BANK_NAME,69:89:SL:ACCOUNT_TYPE,105:108:SL:BANK_NAME",[IN:transfer [SL:BANK_NAME Agribank] [SL:ACCOUNT_TYPE homwe yangu yepfimbi] [SL:BANK_NAME ABC] ],BANK_NAME: Agribank $$ ACCOUNT_TYPE: homwe yangu yepfimbi $$ BANK_NAME: ABC,sna
home,calendar_update,Please do not have any event or trip on my schedule on July 5.,25:40:SL:DATE,[IN:calendar_update [SL:DATE wa 5 Chikunguru] ],DATE: wa 5 Chikunguru,sna
home,calendar_update,Please remove everything from my schedule from the 6th to the 10th of this month.,"51:55:SL:DATE,68:73:SL:DATE,74:84:SL:DATE",[IN:calendar_update [SL:DATE wa 6] [SL:DATE wa 10] [SL:DATE mwedzi uno] ],DATE: wa 6 $$ DATE: wa 10 $$ DATE: mwedzi uno,sna
home,calendar_update,Delete everything from my schedule for June 4.,44:56:SL:DATE,[IN:calendar_update [SL:DATE wa 4 Chikumi] ],DATE: wa 4 Chikumi,sna
home,calendar_update,Cancel my lunch schedule for July 12.,"33:50:SL:MEAL_PERIOD,59:75:SL:DATE",[IN:calendar_update [SL:MEAL_PERIOD kudya kwamasikati] [SL:DATE wa 12 chikunguru] ],MEAL_PERIOD: kudya kwamasikati $$ DATE: wa 12 chikunguru,sna
home,calendar_update,My plans for a social gathering at Mojos and Melisa's for dinner are cancelled the next day.,"31:36:SL:RESTAURANT_NAME,39:45:SL:PERSONAL_NAME,55:73:SL:MEAL_PERIOD",[IN:calendar_update [SL:RESTAURANT_NAME Mojos] [SL:PERSONAL_NAME Melisa] [SL:MEAL_PERIOD chikafu chemanheru] ],RESTAURANT_NAME: Mojos $$ PERSONAL_NAME: Melisa $$ MEAL_PERIOD: chikafu chemanheru,sna
home,calendar_update,Please cancel my visit to Chantelle on Saturday.,"24:33:SL:PERSONAL_NAME,50:58:SL:DATE",[IN:calendar_update [SL:PERSONAL_NAME Chantelle] [SL:DATE Mugovera] ],PERSONAL_NAME: Chantelle $$ DATE: Mugovera,sna
home,calendar_update,Catch anytime of my visit with Rumbie to the National Art Gallery on July 6.,"19:41:SL:CALENDAR_EVENT,44:65:SL:PLACE_NAME,71:86:SL:DATE",[IN:calendar_update [SL:CALENDAR_EVENT rwendo rwangu naRumbie] [SL:PLACE_NAME National Arts Gallery] [SL:DATE wa 6 Chikunguru] ],CALENDAR_EVENT: rwendo rwangu naRumbie $$ PLACE_NAME: National Arts Gallery $$ DATE: wa 6 Chikunguru,sna
home,calendar_update,Keep my date of May 5 with no other plans than to meet with missionary Kumwenda.,"27:40:SL:DATE,94:102:SL:PERSONAL_NAME",[IN:calendar_update [SL:DATE wa 5 Chivabvu] [SL:PERSONAL_NAME Kumwenda] ],DATE: wa 5 Chivabvu $$ PERSONAL_NAME: Kumwenda,sna
home,calendar_update,I will be busy on April 4th so I will save this for a day off.,38:51:SL:DATE,[IN:calendar_update [SL:DATE wa 4 Kubvumbi] ],DATE: wa 4 Kubvumbi,sna
home,calendar_update,You can cancel the on-the-job training trip on 12 September 2024.,63:78:SL:DATE,[IN:calendar_update [SL:DATE 12 Gunyana 2024] ],DATE: 12 Gunyana 2024,sna
home,calendar_update,Cancel the plan to attend the Tanatswa bath party that was on September 11 this year.,"35:54:SL:CALENDAR_EVENT,73:86:SL:DATE,87:96:SL:DATE",[IN:calendar_update [SL:CALENDAR_EVENT bhavhade raTanatswa] [SL:DATE wa 11 Gunyana] [SL:DATE gore rino] ],CALENDAR_EVENT: bhavhade raTanatswa $$ DATE: wa 11 Gunyana $$ DATE: gore rino,sna
home,calendar_update,I would like you to cancel my visit to the ABC Auction from 11 am to 1 pm today.,"60:75:SL:TIME,91:105:SL:TIME,106:111:SL:DATE",[IN:calendar_update [SL:TIME dza 11 makuseni] [SL:TIME dza 1 masikati] [SL:DATE nhasi] ],TIME: dza 11 makuseni $$ TIME: dza 1 masikati $$ DATE: nhasi,sna
home,calendar_update,I would like to extend the working meeting for Webdev staff on May 15 at 2 pm.,"78:89:SL:DATE,98:111:SL:TIME",[IN:calendar_update [SL:DATE 15 Chivabvu] [SL:TIME dza2 masikati] ],DATE: 15 Chivabvu $$ TIME: dza2 masikati,sna
home,calendar_update,I want you to clear all the things you've been on this year's schedule.,53:62:SL:DATE,[IN:calendar_update [SL:DATE gore rino] ],DATE: gore rino,sna
home,calendar_update,Add a trip to Plumtree next weekend to my schedule.,"25:33:SL:CITY_OR_PROVINCE,34:56:SL:DATE",[IN:calendar_update [SL:CITY_OR_PROVINCE Plumtree] [SL:DATE panopera vhiki rinouya] ],CITY_OR_PROVINCE: Plumtree $$ DATE: panopera vhiki rinouya,sna
home,calendar_update,Clear all the events that were on every Sunday from my schedule.,45:61:SL:DATE,[IN:calendar_update [SL:DATE Svondo woga woga] ],DATE: Svondo woga woga,sna
home,calendar_update,I have a trip to Bulawayo in early October so add this event to my schedule.,"26:34:SL:CITY_OR_PROVINCE,54:62:SL:DATE",[IN:calendar_update [SL:CITY_OR_PROVINCE Bulawayo] [SL:DATE gumiguru] ],CITY_OR_PROVINCE: Bulawayo $$ DATE: gumiguru,sna
home,calendar_update,Remove the Mumu bath party convention from my schedule for April 15,"24:40:SL:CALENDAR_EVENT,67:81:SL:DATE",[IN:calendar_update [SL:CALENDAR_EVENT bhavhadhe raMumu] [SL:DATE wa 15 Kubvumbi] ],CALENDAR_EVENT: bhavhadhe raMumu $$ DATE: wa 15 Kubvumbi,sna
home,calendar_update,Put my mother's bathrobe on my schedule on May 18.,"4:25:SL:CALENDAR_EVENT,54:65:SL:DATE",[IN:calendar_update [SL:CALENDAR_EVENT bhavadhe raamai vangu] [SL:DATE 18 Chivabvu] ],CALENDAR_EVENT: bhavadhe raamai vangu $$ DATE: 18 Chivabvu,sna
home,calendar_update,Add to that my meeting with the minister at 8 a.m. on Monday next week.,"44:56:SL:TIME,66:73:SL:DATE,74:88:SL:DATE",[IN:calendar_update [SL:TIME dza 8 kuseni] [SL:DATE Muvhuro] [SL:DATE svondo rinouya] ],TIME: dza 8 kuseni $$ DATE: Muvhuro $$ DATE: svondo rinouya,sna
home,calendar_update,Add the Biology exam to my schedule on October 12 at 10:00 a.m.,"55:68:SL:DATE,77:89:SL:TIME",[IN:calendar_update [SL:DATE wa12 Gumiguru] [SL:TIME dza10 kuseni] ],DATE: wa12 Gumiguru $$ TIME: dza10 kuseni,sna
home,calendar_update,Clear everything off my schedule for the entire month of August.,52:63:SL:DATE,[IN:calendar_update [SL:DATE Nyamavhuvhu] ],DATE: Nyamavhuvhu,sna
home,calendar_update,Change the date of my Eastgate dentist appointment from April 22 to April 29.,"53:61:SL:PLACE_NAME,69:83:SL:DATE,97:111:SL:DATE",[IN:calendar_update [SL:PLACE_NAME Eastgate] [SL:DATE wa 22 Kubvumbi] [SL:DATE wa 29 Kubvumbi] ],PLACE_NAME: Eastgate $$ DATE: wa 22 Kubvumbi $$ DATE: wa 29 Kubvumbi,sna
home,calendar_update,Add to my schedule a Church wedding reception that will be held on the last Saturday of the month.,"27:61:SL:CALENDAR_EVENT,85:93:SL:DATE,110:120:SL:DATE",[IN:calendar_update [SL:CALENDAR_EVENT gungano rekuKereke revari muwanano] [SL:DATE mugovera] [SL:DATE mwedzi uno] ],CALENDAR_EVENT: gungano rekuKereke revari muwanano $$ DATE: mugovera $$ DATE: mwedzi uno,sna
home,calendar_update,Remove the incident of the 2nd of July lunch I had with Tsitsi.,"26:38:SL:DATE,42:59:SL:MEAL_PERIOD,81:87:SL:PERSONAL_NAME",[IN:calendar_update [SL:DATE 2 chikunguru] [SL:MEAL_PERIOD kudya kwamasikati] [SL:PERSONAL_NAME Tsitsi] ],DATE: 2 chikunguru $$ MEAL_PERIOD: kudya kwamasikati $$ PERSONAL_NAME: Tsitsi,sna
home,calendar_update,Does my diary have an appointment on the 28th of this month to visit Lizzy again?,"49:65:SL:DATE,86:91:SL:PERSONAL_NAME",[IN:calendar_update [SL:DATE wa 28 mwedzi uno] [SL:PERSONAL_NAME Lizzy] ],DATE: wa 28 mwedzi uno $$ PERSONAL_NAME: Lizzy,sna
home,calendar_update,Cancel all my scheduled activities on my schedule for October 4.,70:80:SL:DATE,[IN:calendar_update [SL:DATE 4 Gumiguru] ],DATE: 4 Gumiguru,sna
home,calendar_update,I want you to cancel my wedding tour that my wife and I planned on the 17th.,123:128:SL:DATE,[IN:calendar_update [SL:DATE wa 17] ],DATE: wa 17,sna
home,calendar_update,I would like you to cancel my call for a photo shoot in Breaside on May 4 at 2 p.m.,"49:57:SL:PLACE_NAME,82:95:SL:DATE,104:118:SL:TIME",[IN:calendar_update [SL:PLACE_NAME Breaside] [SL:DATE wa 4 chivabvu] [SL:TIME dza 2 masikati] ],PLACE_NAME: Breaside $$ DATE: wa 4 chivabvu $$ TIME: dza 2 masikati,sna
home,calendar_update,Change my meeting with the minister from 1 p.m. to 3 p.m.,"61:66:SL:TIME,86:100:SL:TIME",[IN:calendar_update [SL:TIME dza 1] [SL:TIME dza 3 masikati] ],TIME: dza 1 $$ TIME: dza 3 masikati,sna
home,calendar_update,I want you to write that I want to stop by the soap shop in Harare at 6 o'clock in the evening after work.,"49:54:SL:SHOPPING_ITEM,68:74:SL:CITY_OR_PROVINCE,83:96:SL:TIME",[IN:calendar_update [SL:SHOPPING_ITEM masau] [SL:CITY_OR_PROVINCE Harare] [SL:TIME dza 6 manheru] ],SHOPPING_ITEM: masau $$ CITY_OR_PROVINCE: Harare $$ TIME: dza 6 manheru,sna
home,calendar_update,Remove the event called Natalie's Wedding from my schedule altogether.,24:41:SL:CALENDAR_EVENT,[IN:calendar_update [SL:CALENDAR_EVENT Muchato waNatalie] ],CALENDAR_EVENT: Muchato waNatalie,sna
home,calendar_update,Cancel all my plans for next Saturday and take a trip to the Mbizi Gamepark with my family.,"35:53:SL:DATE,91:105:SL:PLACE_NAME",[IN:calendar_update [SL:DATE mugovera unotevera] [SL:PLACE_NAME Mbizi Gamepark] ],DATE: mugovera unotevera $$ PLACE_NAME: Mbizi Gamepark,sna
home,calendar_update,Make my whole day on April 15th completely unplanned.,32:46:SL:DATE,[IN:calendar_update [SL:DATE wa 15 Kubvumbi] ],DATE: wa 15 Kubvumbi,sna
home,calendar_update,Put Mamie's Baby Shower on my schedule for August 27 at 2 p.m.,"4:24:SL:CALENDAR_EVENT,51:68:SL:DATE,72:81:SL:TIME",[IN:calendar_update [SL:CALENDAR_EVENT Baby Shower yaMammie] [SL:DATE wa 27 Nyamavhuvhu] [SL:TIME 2 maskati] ],CALENDAR_EVENT: Baby Shower yaMammie $$ DATE: wa 27 Nyamavhuvhu $$ TIME: 2 maskati,sna
home,calendar_update,Remove the dinner to commemorate our recent wedding on March 29.,"44:50:SL:TIME,64:75:SL:DATE",[IN:calendar_update [SL:TIME madeko] [SL:DATE wa29 Kurume] ],TIME: madeko $$ DATE: wa29 Kurume,sna
home,calendar_update,Cancel my appointment with Mercy tomorrow.,"25:30:SL:PERSONAL_NAME,31:39:SL:DATE",[IN:calendar_update [SL:PERSONAL_NAME Mercy] [SL:DATE mangwana] ],PERSONAL_NAME: Mercy $$ DATE: mangwana,sna
home,calendar_update,Change my meeting from tomorrow to next Sunday on the same day.,"35:43:SL:DATE,51:65:SL:DATE",[IN:calendar_update [SL:DATE mangwana] [SL:DATE svondo rinouya] ],DATE: mangwana $$ DATE: svondo rinouya,sna
home,calendar_update,Please cancel all my scheduled for today and postpone it until tomorrow.,"51:56:SL:DATE,74:82:SL:DATE",[IN:calendar_update [SL:DATE nhasi] [SL:DATE mangwana] ],DATE: nhasi $$ DATE: mangwana,sna
home,calendar_update,Put a mark on my schedule that I have to wash my car on Sunday morning before I leave for Chichimba.,"73:79:SL:TIME,89:95:SL:DATE,114:125:SL:CITY_OR_PROVINCE",[IN:calendar_update [SL:TIME kuseni] [SL:DATE svondo] [SL:CITY_OR_PROVINCE Chitungwiza] ],TIME: kuseni $$ DATE: svondo $$ CITY_OR_PROVINCE: Chitungwiza,sna
home,calendar_update,I would like to have all my scheduled activities moved from the 16th to the 17th.,"49:53:SL:DATE,82:86:SL:DATE",[IN:calendar_update [SL:DATE wa16] [SL:DATE wa17] ],DATE: wa16 $$ DATE: wa17,sna
home,calendar_update,Add the occasion of a visit to Dr. Mushamba's on the 15th at 9:15 a.m.,"40:50:SL:PERSONAL_NAME,58:63:SL:DATE,67:78:SL:TIME",[IN:calendar_update [SL:PERSONAL_NAME vaMushonga] [SL:DATE wa 15] [SL:TIME 9:15 kuseni] ],PERSONAL_NAME: vaMushonga $$ DATE: wa 15 $$ TIME: 9:15 kuseni,sna
home,calendar_update,I would like to add a Saturday field trip to my schedule.,"17:33:SL:CALENDAR_EVENT,43:51:SL:DATE",[IN:calendar_update [SL:CALENDAR_EVENT kushanya kumunda] [SL:DATE mugovera] ],CALENDAR_EVENT: kushanya kumunda $$ DATE: mugovera,sna
home,calendar_update,Unplug from all the plans that were put in place a month ago.,49:54:SL:DATE,[IN:calendar_update [SL:DATE zvita] ],DATE: zvita,sna
home,calendar_update,Change everything scheduled for this Friday to next Monday.,"34:48:SL:DATE,66:83:SL:DATE",[IN:calendar_update [SL:DATE Chishanu chino] [SL:DATE Muvhuro unotevera] ],DATE: Chishanu chino $$ DATE: Muvhuro unotevera,sna
home,calendar_update,I would like to visit the Harare Polytechnic campus on October 29 for the graduation ceremony so mark it on my schedule for that day.,"31:49:SL:PLACE_NAME,57:70:SL:DATE,73:104:SL:CALENDAR_EVENT",[IN:calendar_update [SL:PLACE_NAME Harare Polytechnic] [SL:DATE wa 29 October] [SL:CALENDAR_EVENT gungano remhemberero yevakapasa] ],PLACE_NAME: Harare Polytechnic $$ DATE: wa 29 October $$ CALENDAR_EVENT: gungano remhemberero yevakapasa,sna
home,calendar_update,Leave my day tomorrow unscheduled.,18:34:SL:DATE,[IN:calendar_update [SL:DATE kuswera mangwana] ],DATE: kuswera mangwana,sna
home,calendar_update,Delete all events with Joyleen's name from my entire schedule.,34:41:SL:PERSONAL_NAME,[IN:calendar_update [SL:PERSONAL_NAME Joyleen] ],PERSONAL_NAME: Joyleen,sna
home,calendar_update,Please cancel my appointment with the doctor scheduled for next Friday.,74:97:SL:DATE,[IN:calendar_update [SL:DATE Chishanu chiri kutevera] ],DATE: Chishanu chiri kutevera,sna
home,calendar_update,Add the occasion of the Father Saturday celebration on July 12.,"20:44:SL:CALENDAR_EVENT,59:75:SL:DATE",[IN:calendar_update [SL:CALENDAR_EVENT bhavhadhe raBaba Chitusa] [SL:DATE wa 12 Chikunguru] ],CALENDAR_EVENT: bhavhadhe raBaba Chitusa $$ DATE: wa 12 Chikunguru,sna
home,calendar_update,Cancel your plans to watch soccer with Mildred at Joy's on Saturday.,"41:47:SL:PLACE_NAME,50:57:SL:PERSONAL_NAME,67:75:SL:DATE",[IN:calendar_update [SL:PLACE_NAME Rufaro] [SL:PERSONAL_NAME Mildred] [SL:DATE Mugovera] ],PLACE_NAME: Rufaro $$ PERSONAL_NAME: Mildred $$ DATE: Mugovera,sna
home,calendar_update,Put the wedding of my wife's parents on my annual schedule by September 14.,"4:52:SL:CALENDAR_EVENT,74:86:SL:DATE,96:106:SL:DATE",[IN:calendar_update [SL:CALENDAR_EVENT mhemberero yemuchato wevabereki vomudzimai wangu] [SL:DATE gore ne gore] [SL:DATE 14 Gunyana] ],CALENDAR_EVENT: mhemberero yemuchato wevabereki vomudzimai wangu $$ DATE: gore ne gore $$ DATE: 14 Gunyana,sna
home,calendar_update,Remind me to buy flowers every year on February 14.,"22:28:SL:SHOPPING_ITEM,29:41:SL:DATE,49:62:SL:DATE",[IN:calendar_update [SL:SHOPPING_ITEM maruva] [SL:DATE gore ne gore] [SL:DATE wa 14 Kukadzi] ],SHOPPING_ITEM: maruva $$ DATE: gore ne gore $$ DATE: wa 14 Kukadzi,sna
home,calendar_update,Change my vacation date from the 28th to the 29th of this month.,"38:43:SL:DATE,54:69:SL:DATE",[IN:calendar_update [SL:DATE wa 28] [SL:DATE wa29 mwedzi uno] ],DATE: wa 28 $$ DATE: wa29 mwedzi uno,sna
home,calendar_update,Cut out of my schedule all the weekly morning jogs.,"50:56:SL:TIME,74:89:SL:DATE",[IN:calendar_update [SL:TIME kuseni] [SL:DATE vhiki roga roga] ],TIME: kuseni $$ DATE: vhiki roga roga,sna
home,calendar_update,Put a reminder on my schedule to pass through the Rhodesville shops picking up my package for Raines Africa tomorrow.,"61:72:SL:PLACE_NAME,113:121:SL:DATE",[IN:calendar_update [SL:PLACE_NAME Rhodesville] [SL:DATE mangwana] ],PLACE_NAME: Rhodesville $$ DATE: mangwana,sna
home,calendar_update,I want you to write that I will visit Seke's village next month at the end of the first week.,"44:51:SL:PLACE_NAME,52:65:SL:DATE",[IN:calendar_update [SL:PLACE_NAME kwaSeke] [SL:DATE mwedzi unouya] ],PLACE_NAME: kwaSeke $$ DATE: mwedzi unouya,sna
home,calendar_update,I would like to add a trip to visit the Victoria Falls on the Defence forces Holiday this year to my schedule.,"47:61:SL:PLACE_NAME,73:87:SL:CALENDAR_EVENT,88:97:SL:DATE",[IN:calendar_update [SL:PLACE_NAME Victoria Falls] [SL:CALENDAR_EVENT Defence forces] [SL:DATE gore rino] ],PLACE_NAME: Victoria Falls $$ CALENDAR_EVENT: Defence forces $$ DATE: gore rino,sna
home,calendar_update,Add the trip to the farm to my Friday schedule.,56:64:SL:DATE,[IN:calendar_update [SL:DATE Chishanu] ],DATE: Chishanu,sna
home,calendar_update,Please add lunch with Lisa at Paula's Palace on Saturday to my schedule.,"16:33:SL:MEAL_PERIOD,36:40:SL:PERSONAL_NAME,43:57:SL:RESTAURANT_NAME,67:75:SL:DATE",[IN:calendar_update [SL:MEAL_PERIOD kudya kwemasikati] [SL:PERSONAL_NAME Lisa] [SL:RESTAURANT_NAME Paula's Palace] [SL:DATE Mugovera] ],MEAL_PERIOD: kudya kwemasikati $$ PERSONAL_NAME: Lisa $$ RESTAURANT_NAME: Paula's Palace $$ DATE: Mugovera,sna
home,calendar_update,Cancel my trip to Success where Tsungai is from my schedule for March 1.,"32:40:SL:PLACE_NAME,46:53:SL:PERSONAL_NAME,85:95:SL:DATE",[IN:calendar_update [SL:PLACE_NAME Budiriro] [SL:PERSONAL_NAME Tsungai] [SL:DATE wa1 Kurume] ],PLACE_NAME: Budiriro $$ PERSONAL_NAME: Tsungai $$ DATE: wa1 Kurume,sna
home,calendar_update,Cancel my meeting with Jeff from my entire schedule.,24:28:SL:PERSONAL_NAME,[IN:calendar_update [SL:PERSONAL_NAME Jeff] ],PERSONAL_NAME: Jeff,sna
home,calendar_update,"Add to my plans, a trip to the Nyhorn Mountains for Christmas vacation with Rumbidzai and Ariel.","53:59:SL:PLACE_NAME,71:79:SL:CALENDAR_EVENT,82:91:SL:PERSONAL_NAME,94:99:SL:PERSONAL_NAME",[IN:calendar_update [SL:PLACE_NAME Nyanga] [SL:CALENDAR_EVENT Kisimusi] [SL:PERSONAL_NAME Rumbidzai] [SL:PERSONAL_NAME Ariel] ],PLACE_NAME: Nyanga $$ CALENDAR_EVENT: Kisimusi $$ PERSONAL_NAME: Rumbidzai $$ PERSONAL_NAME: Ariel,sna
home,calendar_update,I would like to change the day of the soccer game to a day of visiting parents in Chigwindi and Waterfalls on my schedule for next month.,"74:85:SL:CITY_OR_PROVINCE,90:100:SL:PLACE_NAME,122:135:SL:DATE",[IN:calendar_update [SL:CITY_OR_PROVINCE Chitungwiza] [SL:PLACE_NAME Waterfalls] [SL:DATE mwedzi unouya] ],CITY_OR_PROVINCE: Chitungwiza $$ PLACE_NAME: Waterfalls $$ DATE: mwedzi unouya,sna
home,calendar_update,Change my meeting with Jonah for tomorrow evening and put the Chelsea-Liverpool football.,"25:30:SL:PERSONAL_NAME,34:40:SL:TIME,41:49:SL:DATE,56:83:SL:CALENDAR_EVENT",[IN:calendar_update [SL:PERSONAL_NAME Jonah] [SL:TIME madeko] [SL:DATE mangwana] [SL:CALENDAR_EVENT bhora reChelsea neLiverpool] ],PERSONAL_NAME: Jonah $$ TIME: madeko $$ DATE: mangwana $$ CALENDAR_EVENT: bhora reChelsea neLiverpool,sna
home,calendar_update,Please cancel the Munei photography project in the future.,"51:56:SL:PERSONAL_NAME,66:74:SL:DATE",[IN:calendar_update [SL:PERSONAL_NAME Munei] [SL:DATE mangwana] ],PERSONAL_NAME: Munei $$ DATE: mangwana,sna
home,calendar_update,I want to board a FastJet flight at 3 pm to Bulawayo so add to the day's events.,"38:48:SL:TIME,62:70:SL:CITY_OR_PROVINCE",[IN:calendar_update [SL:TIME 3 masikati] [SL:CITY_OR_PROVINCE Bulawayo] ],TIME: 3 masikati $$ CITY_OR_PROVINCE: Bulawayo,sna
home,calendar_update,Change my 6pm prayer because I will be making guests and lusting for 12pm.,"22:33:SL:TIME,67:79:SL:TIME",[IN:calendar_update [SL:TIME wa6 manheru] [SL:TIME wa 12 husiku] ],TIME: wa6 manheru $$ TIME: wa 12 husiku,sna
home,calendar_update,Add a trip to the car dealers in Harare on Thursday to my schedule.,"57:63:SL:CITY_OR_PROVINCE,73:78:SL:DATE",[IN:calendar_update [SL:CITY_OR_PROVINCE Harare] [SL:DATE China] ],CITY_OR_PROVINCE: Harare $$ DATE: China,sna
home,calendar_update,I have scheduled August 29 as the day for my car to be repaired at Croco Motors.,10:26:SL:DATE,[IN:calendar_update [SL:DATE wa29 nyamavhuvhu] ],DATE: wa29 nyamavhuvhu,sna
home,calendar_update,I'd like to add a meeting with my lawyer later this month to my schedule.,"18:35:SL:CALENDAR_EVENT,42:61:SL:DATE",[IN:calendar_update [SL:CALENDAR_EVENT musangano negweta] [SL:DATE panopera mwedzi uno] ],CALENDAR_EVENT: musangano negweta $$ DATE: panopera mwedzi uno,sna
home,calendar_update,I am about to cancel my meeting with Lewis that I had scheduled for April 13.,"37:42:SL:PERSONAL_NAME,72:86:SL:DATE",[IN:calendar_update [SL:PERSONAL_NAME Lewis] [SL:DATE wa 13 Kubvumbi] ],PERSONAL_NAME: Lewis $$ DATE: wa 13 Kubvumbi,sna
home,calendar_update,I would like to add to my schedule the business convention to be held at Rainbow Towers on May 23.,"56:70:SL:HOTEL_NAME,78:92:SL:DATE",[IN:calendar_update [SL:HOTEL_NAME Rainbow Towers] [SL:DATE wa 23 Chivabvu] ],HOTEL_NAME: Rainbow Towers $$ DATE: wa 23 Chivabvu,sna
home,calendar_update,"If my next day is not an event I would like you to extend the trip to collect money from the Elder, but if it is an event put it on the next day.","18:26:SL:DATE,60:92:SL:CALENDAR_EVENT,124:139:SL:DATE",[IN:calendar_update [SL:DATE mangwana] [SL:CALENDAR_EVENT rwendo rwekunotora mari paMukuru] [SL:DATE zuva rinotevera] ],DATE: mangwana $$ CALENDAR_EVENT: rwendo rwekunotora mari paMukuru $$ DATE: zuva rinotevera,sna
home,calendar_update,Schedule my eye exam for the 17th.,58:63:SL:DATE,[IN:calendar_update [SL:DATE wa 17] ],DATE: wa 17,sna
home,calendar_update,I want you to write on my calendar for the 20th to remember to buy electricity before the end of the day.,"41:46:SL:DATE,73:80:SL:BILL_TYPE",[IN:calendar_update [SL:DATE wa 20] [SL:BILL_TYPE magetsi] ],DATE: wa 20 $$ BILL_TYPE: magetsi,sna
home,calendar_update,Please increase my speed by stretching my muscles on Fridays after I leave work at 6.,"64:72:SL:DATE,87:90:SL:TIME",[IN:calendar_update [SL:DATE Chishanu] [SL:TIME na6] ],DATE: Chishanu $$ TIME: na6,sna
home,calendar_update,Please cancel my meeting for July 1 from my schedule.,48:63:SL:DATE,[IN:calendar_update [SL:DATE wa 1 Chikunguru] ],DATE: wa 1 Chikunguru,sna
home,calendar_update,March 2nd is the day I want to cancel all events of my schedule.,5:16:SL:DATE,[IN:calendar_update [SL:DATE wa 2 Kurume] ],DATE: wa 2 Kurume,sna
home,calendar_update,Keep the 3rd of March day completely unplanned.,16:27:SL:DATE,[IN:calendar_update [SL:DATE wa 3 Kurume] ],DATE: wa 3 Kurume,sna
home,play_music,Play the Cocomelon music,17:26:SL:ARTIST_NAME,[IN:play_music [SL:ARTIST_NAME Cocomelon] ],ARTIST_NAME: Cocomelon,sna
home,play_music,Play me the heavy tooth of Takura.,"25:35:SL:SONG_NAME,48:54:SL:ARTIST_NAME",[IN:play_music [SL:SONG_NAME zino irema] [SL:ARTIST_NAME Takura] ],SONG_NAME: zino irema $$ ARTIST_NAME: Takura,sna
home,play_music,Give Takura a taste of the Hip Hop music.,"21:27:SL:ARTIST_NAME,31:38:SL:MUSIC_GENRE",[IN:play_music [SL:ARTIST_NAME Takura] [SL:MUSIC_GENRE Hip Hop] ],ARTIST_NAME: Takura $$ MUSIC_GENRE: Hip Hop,sna
home,play_music,He has blessed me with a little something called holy.,33:48:SL:SONG_NAME,[IN:play_music [SL:SONG_NAME anonzi mutsvene] ],SONG_NAME: anonzi mutsvene,sna
home,play_music,Start playing rock music from my phone.,25:29:SL:MUSIC_GENRE,[IN:play_music [SL:MUSIC_GENRE rock] ],MUSIC_GENRE: rock,sna
home,play_music,"""Play the little song, """"thinking of this God who gives us blessings always"""".""",,[IN:play_music ],,sna
home,play_music,Play the young drums that are making the most noise on Trace Africa.,,[IN:play_music ],,sna
home,play_music,"Start playing from where you left off, a medley of my favorite gospel songs.",72:80:SL:MUSIC_GENRE,[IN:play_music [SL:MUSIC_GENRE vhangeri] ],MUSIC_GENRE: vhangeri,sna
home,play_music,Finish the beat with my favorite combination of Sungura music.,41:48:SL:MUSIC_GENRE,[IN:play_music [SL:MUSIC_GENRE Sungura] ],MUSIC_GENRE: Sungura,sna
home,play_music,Start playing all my favorite House music.,44:49:SL:MUSIC_GENRE,[IN:play_music [SL:MUSIC_GENRE House] ],MUSIC_GENRE: House,sna
home,play_music,Start playing the Dire straits music.,25:37:SL:ARTIST_NAME,[IN:play_music [SL:ARTIST_NAME Dire straits] ],ARTIST_NAME: Dire straits,sna
home,play_music,Please play Gemma Griffins' orchestra for me.,47:61:SL:ARTIST_NAME,[IN:play_music [SL:ARTIST_NAME Gemma Griffins] ],ARTIST_NAME: Gemma Griffins,sna
home,play_music,"""Sing me a song called, """"paper money"""" by the group Bongo Muffin"".","30:41:SL:SONG_NAME,69:81:SL:ARTIST_NAME",[IN:play_music [SL:SONG_NAME mari yebepa] [SL:ARTIST_NAME Bongo Muffin] ],SONG_NAME: mari yebepa $$ ARTIST_NAME: Bongo Muffin,sna
home,play_music,"""I would like to have a piece of music called """"Yeshua Hamashiach"""""".",,[IN:play_music ],,sna
home,play_music,Play Sean Paul's most challenging music from 2001 to 2006.,"21:30:SL:ARTIST_NAME,56:60:SL:DATE,76:80:SL:DATE",[IN:play_music [SL:ARTIST_NAME Sean Paul] [SL:DATE 2001] [SL:DATE 2006] ],ARTIST_NAME: Sean Paul $$ DATE: 2001 $$ DATE: 2006,sna
home,play_music,"""Find a song called, """"my heart"""", by Mapfumo and play it"".","26:36:SL:SONG_NAME,43:50:SL:ARTIST_NAME",[IN:play_music [SL:SONG_NAME moyo wangu] [SL:ARTIST_NAME Mapfumo] ],SONG_NAME: moyo wangu $$ ARTIST_NAME: Mapfumo,sna
home,play_music,Play me a hot song on Star FM.,,[IN:play_music ],,sna
home,play_music,I need to listen to some relaxed music.,,[IN:play_music ],,sna
home,play_music,Play the melodies sung by Zhakata.,39:46:SL:ARTIST_NAME,[IN:play_music [SL:ARTIST_NAME Zhakata] ],ARTIST_NAME: Zhakata,sna
home,play_music,Play the hot Reggea dance in the year 2020.,"16:22:SL:MUSIC_GENRE,41:45:SL:DATE",[IN:play_music [SL:MUSIC_GENRE Reggea] [SL:DATE 2020] ],MUSIC_GENRE: Reggea $$ DATE: 2020,sna
home,play_music,I want to hear some of Minister Mahendere's music on my phone.,31:49:SL:ARTIST_NAME,[IN:play_music [SL:ARTIST_NAME Minister Mahendere] ],ARTIST_NAME: Minister Mahendere,sna
home,play_music,Play the music.,,[IN:play_music ],,sna
home,play_music,I want to run from Mandara to Greendale so play me some music that encourages me not to tire.,"30:37:SL:PLACE_NAME,48:57:SL:PLACE_NAME",[IN:play_music [SL:PLACE_NAME Mandara] [SL:PLACE_NAME Greendale] ],PLACE_NAME: Mandara $$ PLACE_NAME: Greendale,sna
home,play_music,"""Play the little melody that says, 'grace and mercy, follow me.'""",,[IN:play_music ],,sna
home,play_music,I want to be played all the gospel music in my cell.,37:45:SL:MUSIC_GENRE,[IN:play_music [SL:MUSIC_GENRE vhangeri] ],MUSIC_GENRE: vhangeri,sna
home,play_music,Play the nawanadem of Master H.,"14:22:SL:ARTIST_NAME,36:45:SL:SONG_NAME",[IN:play_music [SL:ARTIST_NAME Master H] [SL:SONG_NAME nawanadem] ],ARTIST_NAME: Master H $$ SONG_NAME: nawanadem,sna
home,play_music,"Play any hot recordings between the years 1978 and 1993, which Mapfumo can find.","49:53:SL:DATE,64:68:SL:DATE,72:79:SL:ARTIST_NAME",[IN:play_music [SL:DATE 1978] [SL:DATE 1993] [SL:ARTIST_NAME Mapfumo] ],DATE: 1978 $$ DATE: 1993 $$ ARTIST_NAME: Mapfumo,sna
home,play_music,Play the newly released song by Minister GUC.,15:27:SL:ARTIST_NAME,[IN:play_music [SL:ARTIST_NAME Minister GUC] ],ARTIST_NAME: Minister GUC,sna
home,play_music,Play the current music trends in Harare,43:49:SL:CITY_OR_PROVINCE,[IN:play_music [SL:CITY_OR_PROVINCE Harare] ],CITY_OR_PROVINCE: Harare,sna
home,play_music,"""Send me the album that had the song, """"Destiny"""", by Leonard Zhakata"".","56:62:SL:SONG_NAME,79:94:SL:ARTIST_NAME",[IN:play_music [SL:SONG_NAME Mugove] [SL:ARTIST_NAME Leonard Zhakata] ],SONG_NAME: Mugove $$ ARTIST_NAME: Leonard Zhakata,sna
home,play_music,Play to me the melodious drums of Zion.,,[IN:play_music ],,sna
home,play_music,"Play me gospel music from Ghana, which became popular last year.","22:30:SL:MUSIC_GENRE,47:52:SL:COUNTRY,74:87:SL:DATE",[IN:play_music [SL:MUSIC_GENRE vhangeri] [SL:COUNTRY Ghana] [SL:DATE gore rakapera] ],MUSIC_GENRE: vhangeri $$ COUNTRY: Ghana $$ DATE: gore rakapera,sna
home,play_music,"Play my favorite jazz fusion on my phone, especially the one from 2012 going backwards.","46:50:SL:MUSIC_GENRE,102:108:SL:DATE",[IN:play_music [SL:MUSIC_GENRE Jazz] [SL:DATE ra2012] ],MUSIC_GENRE: Jazz $$ DATE: ra2012,sna
home,play_music,"""I would like to hear a little, """"Hear Me Lord"""", by the Venerable"".","24:36:SL:SONG_NAME,42:50:SL:ARTIST_NAME",[IN:play_music [SL:SONG_NAME Hear Me Lord] [SL:ARTIST_NAME Mtukudzi] ],SONG_NAME: Hear Me Lord $$ ARTIST_NAME: Mtukudzi,sna
home,play_music,"""Repeat the song, """"One Love"""", by Bob Marley""","32:40:SL:SONG_NAME,46:56:SL:ARTIST_NAME",[IN:play_music [SL:SONG_NAME One Love] [SL:ARTIST_NAME Bob Marley] ],SONG_NAME: One Love $$ ARTIST_NAME: Bob Marley,sna
home,play_music,Entertain me with the Amapiano dance that is currently on fire.,31:39:SL:MUSIC_GENRE,[IN:play_music [SL:MUSIC_GENRE Amapiano] ],MUSIC_GENRE: Amapiano,sna
home,play_music,Play Phil Collins' album of his best-selling recordings from 1995 to 2002.,"24:36:SL:ARTIST_NAME,109:113:SL:DATE,132:136:SL:DATE",[IN:play_music [SL:ARTIST_NAME Phil Collins] [SL:DATE 1995] [SL:DATE 2002] ],ARTIST_NAME: Phil Collins $$ DATE: 1995 $$ DATE: 2002,sna
home,play_music,"""Play the song, """"Listen"""", by Macheso"".","33:40:SL:SONG_NAME,47:54:SL:ARTIST_NAME",[IN:play_music [SL:SONG_NAME Tererai] [SL:ARTIST_NAME Macheso] ],SONG_NAME: Tererai $$ ARTIST_NAME: Macheso,sna
home,play_music,"I feel like playing the drum, so I'm going to play the famous Yondo Sister album.","28:34:SL:MUSIC_GENRE,63:75:SL:ARTIST_NAME",[IN:play_music [SL:MUSIC_GENRE rhumba] [SL:ARTIST_NAME Yondo Sister] ],MUSIC_GENRE: rhumba $$ ARTIST_NAME: Yondo Sister,sna
home,play_music,"""Play the song, """"if I had four legs I'd run to my mother"""""".",,[IN:play_music ],,sna
home,play_music,Play a song called Tuku's corolla.,"23:32:SL:SONG_NAME,35:39:SL:ARTIST_NAME",[IN:play_music [SL:SONG_NAME ngoromera] [SL:ARTIST_NAME Tuku] ],SONG_NAME: ngoromera $$ ARTIST_NAME: Tuku,sna
home,play_music,"Take the little girl Rita, the daughter of Mr. and Mrs. Titi Harare.","16:27:SL:ARTIST_NAME,30:38:SL:ARTIST_NAME,47:51:SL:SONG_NAME",[IN:play_music [SL:ARTIST_NAME Baba Harare] [SL:ARTIST_NAME Mai Titi] [SL:SONG_NAME Rita] ],ARTIST_NAME: Baba Harare $$ ARTIST_NAME: Mai Titi $$ SONG_NAME: Rita,sna
home,play_music,"""Play a little tune that says, """"whoever planned this, is a good God""""""",,[IN:play_music ],,sna
home,play_music,I feel like dancing with Thomas Mapfumo's cow so sing for me.,"29:47:SL:SONG_NAME,50:64:SL:ARTIST_NAME",[IN:play_music [SL:SONG_NAME nyamutamba nemombe] [SL:ARTIST_NAME Thomas Mapfumo] ],SONG_NAME: nyamutamba nemombe $$ ARTIST_NAME: Thomas Mapfumo,sna
home,play_music,"""Let me hear the song that was playing in the KFC, 'cause you want to take my dignity away""",35:38:SL:RESTAURANT_NAME,[IN:play_music [SL:RESTAURANT_NAME KFC] ],RESTAURANT_NAME: KFC,sna
home,play_music,Play me a popular song on National FM right now.,,[IN:play_music ],,sna
home,play_music,Find the music of Jah Prayzah and teach me.,18:29:SL:ARTIST_NAME,[IN:play_music [SL:ARTIST_NAME Jah Prayzah] ],ARTIST_NAME: Jah Prayzah,sna
home,play_music,"Play the Winky D song ""Ibots"" over and over again.","29:36:SL:ARTIST_NAME,46:52:SL:SONG_NAME",[IN:play_music [SL:ARTIST_NAME Winky D] [SL:SONG_NAME ibotso] ],ARTIST_NAME: Winky D $$ SONG_NAME: ibotso,sna
home,play_music,"""Play the Zimbabwean song, """"before"""", but I forgot who your singer is"".","17:25:SL:COUNTRY,37:43:SL:SONG_NAME",[IN:play_music [SL:COUNTRY zimbabwe] [SL:SONG_NAME before] ],COUNTRY: zimbabwe $$ SONG_NAME: before,sna
home,play_music,I want to play the songs of Zim Dancehall that were released between 2010 and 2012.,"28:41:SL:MUSIC_GENRE,68:72:SL:DATE,88:92:SL:DATE",[IN:play_music [SL:MUSIC_GENRE Zim Dancehall] [SL:DATE 2010] [SL:DATE 2012] ],MUSIC_GENRE: Zim Dancehall $$ DATE: 2010 $$ DATE: 2012,sna
home,play_music,Gather all my favorite songs on my phone and teach me.,,[IN:play_music ],,sna
home,play_music,You can play me any song by Voltz JT.,52:60:SL:ARTIST_NAME,[IN:play_music [SL:ARTIST_NAME Voltz JT] ],ARTIST_NAME: Voltz JT,sna
home,play_music,I want you to play the songs of Tanto Wavie from his album Arrowhead and I'll enjoy the guitar.,"35:46:SL:ARTIST_NAME,78:92:SL:MUSIC_GENRE",[IN:play_music [SL:ARTIST_NAME Tanto Wavie] [SL:MUSIC_GENRE Sungura museve] ],ARTIST_NAME: Tanto Wavie $$ MUSIC_GENRE: Sungura museve,sna
home,play_music,I want to hear Bryan K.'s Heavy Machine.,"21:34:SL:SONG_NAME,37:44:SL:ARTIST_NAME",[IN:play_music [SL:SONG_NAME Heavy Machine] [SL:ARTIST_NAME Bryan K] ],SONG_NAME: Heavy Machine $$ ARTIST_NAME: Bryan K,sna
home,play_music,Sing me love songs from all the SADC countries.,15:28:SL:MUSIC_GENRE,[IN:play_music [SL:MUSIC_GENRE nziyo dzerudo] ],MUSIC_GENRE: nziyo dzerudo,sna
home,play_music,Today my heart is lighter so find all the soothing music and practice it for me.,"0:5:SL:DATE,45:72:SL:MUSIC_GENRE",[IN:play_music [SL:DATE Nhasi] [SL:MUSIC_GENRE mimhanzi yose yakadzikamira] ],DATE: Nhasi $$ MUSIC_GENRE: mimhanzi yose yakadzikamira,sna
home,play_music,Play the most exciting music out there and the newest one I've ever listened to.,,[IN:play_music ],,sna
home,play_music,Play the songs that were troubling during my parents' growing up from 1975 to 1990.,"75:81:SL:DATE,97:103:SL:DATE",[IN:play_music [SL:DATE ra1975] [SL:DATE ra1990] ],DATE: ra1975 $$ DATE: ra1990,sna
home,play_music,Play me the songs of Sulumani Chimbetu who passed away this year.,"20:37:SL:ARTIST_NAME,51:60:SL:DATE",[IN:play_music [SL:ARTIST_NAME Sulumani Chimbetu] [SL:DATE gore rino] ],ARTIST_NAME: Sulumani Chimbetu $$ DATE: gore rino,sna
home,play_music,Play me the music that is driving people crazy in the Bulawayo area right now.,51:59:SL:CITY_OR_PROVINCE,[IN:play_music [SL:CITY_OR_PROVINCE Bulawayo] ],CITY_OR_PROVINCE: Bulawayo,sna
home,play_music,Play Soulja Love's double-A side of the song he recorded with Passion Java Records.,14:25:SL:ARTIST_NAME,[IN:play_music [SL:ARTIST_NAME Soulja Love] ],ARTIST_NAME: Soulja Love,sna
home,play_music,Please play the song with the title about the fig tree.,46:53:SL:SONG_NAME,[IN:play_music [SL:SONG_NAME pukunyu] ],SONG_NAME: pukunyu,sna
home,play_music,Play music that is recommended for long-distance driving.,,[IN:play_music ],,sna
home,play_music,Play the answer to the UFIC Choir question.,"6:26:SL:SONG_NAME,29:39:SL:ARTIST_NAME",[IN:play_music [SL:SONG_NAME mupinduri wemubvunzo] [SL:ARTIST_NAME UFIC Choir] ],SONG_NAME: mupinduri wemubvunzo $$ ARTIST_NAME: UFIC Choir,sna
home,play_music,Just give me a call.,14:23:SL:SONG_NAME,[IN:play_music [SL:SONG_NAME chitekete] ],SONG_NAME: chitekete,sna
home,play_music,"""Play a popular teenage song that had the words, """"At this time, my dear, I think of you, always crying and crying for you"""".""",,[IN:play_music ],,sna
home,play_music,Play the Honda Fit by Winky D.,"6:15:SL:SONG_NAME,18:25:SL:ARTIST_NAME",[IN:play_music [SL:SONG_NAME Honda Fit] [SL:ARTIST_NAME Winky D] ],SONG_NAME: Honda Fit $$ ARTIST_NAME: Winky D,sna
home,play_music,Play all the songs performed by ExQ from 2015 till now.,"36:39:SL:ARTIST_NAME,55:59:SL:DATE",[IN:play_music [SL:ARTIST_NAME ExQ] [SL:DATE 2015] ],ARTIST_NAME: ExQ $$ DATE: 2015,sna
home,play_music,Start playing a mix of all the songs of the archery team that has won an award at NAMA.,"45:59:SL:MUSIC_GENRE,82:86:SL:CALENDAR_EVENT",[IN:play_music [SL:MUSIC_GENRE sungura museve] [SL:CALENDAR_EVENT NAMA] ],MUSIC_GENRE: sungura museve $$ CALENDAR_EVENT: NAMA,sna
home,play_music,You can play the song of DJ Stavo sung by Jah Prayzah.,"30:38:SL:ARTIST_NAME,51:62:SL:ARTIST_NAME",[IN:play_music [SL:ARTIST_NAME DJ Stavo] [SL:ARTIST_NAME Jah Prayzah] ],ARTIST_NAME: DJ Stavo $$ ARTIST_NAME: Jah Prayzah,sna
home,play_music,"""Play a little song called, 'shake shake shake wine'""",,[IN:play_music ],,sna
home,play_music,Keep playing the Ammara Brown songs.,33:45:SL:ARTIST_NAME,[IN:play_music [SL:ARTIST_NAME Ammara Brown] ],ARTIST_NAME: Ammara Brown,sna
home,play_music,I feel like listening to music that makes me happy.,,[IN:play_music ],,sna
home,play_music,Play the MasterH melody at the same time as the melody.,14:21:SL:ARTIST_NAME,[IN:play_music [SL:ARTIST_NAME MasterH] ],ARTIST_NAME: MasterH,sna
home,play_music,Start playing music,,[IN:play_music ],,sna
home,play_music,Just play the drums.,,[IN:play_music ],,sna
home,play_music,Play the saint of the UFIC Choir.,"6:14:SL:SONG_NAME,17:27:SL:ARTIST_NAME",[IN:play_music [SL:SONG_NAME mutsvene] [SL:ARTIST_NAME UFIC Choir] ],SONG_NAME: mutsvene $$ ARTIST_NAME: UFIC Choir,sna
home,play_music,Hug your married Enzo doll,"15:35:SL:SONG_NAME,38:42:SL:ARTIST_NAME",[IN:play_music [SL:SONG_NAME bhebhi rako raroorwa] [SL:ARTIST_NAME Enzo] ],SONG_NAME: bhebhi rako raroorwa $$ ARTIST_NAME: Enzo,sna
home,play_music,Just start playing the mixed music.,,[IN:play_music ],,sna
home,play_music,"Play me Nicholas Zakaria's Best of Khiama album, and start with the knee and elbow movement.","23:39:SL:ARTIST_NAME,88:104:SL:SONG_NAME",[IN:play_music [SL:ARTIST_NAME Nicholas Zakaria] [SL:SONG_NAME mabvi namagokora] ],ARTIST_NAME: Nicholas Zakaria $$ SONG_NAME: mabvi namagokora,sna
home,shopping_list_update,Throw three cans of cow's milk on the shopping list.,6:46:SL:SHOPPING_ITEM,[IN:shopping_list_update [SL:SHOPPING_ITEM magaba matatu eruwomba rwemukaka wemombe] ],SHOPPING_ITEM: magaba matatu eruwomba rwemukaka wemombe,sna
home,shopping_list_update,Add Tanganda leaves to the list of items being purchased.,9:26:SL:SHOPPING_ITEM,[IN:shopping_list_update [SL:SHOPPING_ITEM masamba eTanganda] ],SHOPPING_ITEM: masamba eTanganda,sna
home,shopping_list_update,Be sure to include turkey eggs in the shopping list.,23:41:SL:SHOPPING_ITEM,[IN:shopping_list_update [SL:SHOPPING_ITEM mazayi emagarikuni] ],SHOPPING_ITEM: mazayi emagarikuni,sna
home,shopping_list_update,Have a small amount of grain flour on the purchase list.,22:36:SL:SHOPPING_ITEM,[IN:shopping_list_update [SL:SHOPPING_ITEM hupfu hwezviyo] ],SHOPPING_ITEM: hupfu hwezviyo,sna
home,shopping_list_update,Add a little vegetable to the shopping list.,9:36:SL:SHOPPING_ITEM,[IN:shopping_list_update [SL:SHOPPING_ITEM muriwo wechemberedzagumhana] ],SHOPPING_ITEM: muriwo wechemberedzagumhana,sna
home,shopping_list_update,Remove the powdered milk and put it in a fresh container.,"6:41:SL:SHOPPING_ITEM,48:63:SL:SHOPPING_ITEM",[IN:shopping_list_update [SL:SHOPPING_ITEM mukaka wakaitwa hupfu hwakatsetseka] [SL:SHOPPING_ITEM mukaka mumbishi] ],SHOPPING_ITEM: mukaka wakaitwa hupfu hwakatsetseka $$ SHOPPING_ITEM: mukaka mumbishi,sna
home,shopping_list_update,Match the items that are being purchased.,4:11:SL:SHOPPING_ITEM,[IN:shopping_list_update [SL:SHOPPING_ITEM machisi] ],SHOPPING_ITEM: machisi,sna
home,shopping_list_update,I like to add a check mark to the purchase unless someone has already written it.,16:28:SL:SHOPPING_ITEM,[IN:shopping_list_update [SL:SHOPPING_ITEM chikendikeke] ],SHOPPING_ITEM: chikendikeke,sna
home,shopping_list_update,"If the breaker is not on the purchase list, then replace it.",5:12:SL:SHOPPING_ITEM,[IN:shopping_list_update [SL:SHOPPING_ITEM mutyora] ],SHOPPING_ITEM: mutyora,sna
home,shopping_list_update,Increase the amount of money you spend on groceries.,8:16:SL:DISH_OR_FOOD,[IN:shopping_list_update [SL:DISH_OR_FOOD tsvigiri] ],DISH_OR_FOOD: tsvigiri,sna
home,shopping_list_update,Remove from the shopping list the soap used in the bathroom.,32:68:SL:SHOPPING_ITEM,[IN:shopping_list_update [SL:SHOPPING_ITEM sipo yemvura inoshandiswa muchimbuzi] ],SHOPPING_ITEM: sipo yemvura inoshandiswa muchimbuzi,sna
home,shopping_list_update,I would like you to add a grain elevator to the list of items being purchased if it has not already been installed.,22:36:SL:SHOPPING_ITEM,[IN:shopping_list_update [SL:SHOPPING_ITEM mumera wezviyo] ],SHOPPING_ITEM: mumera wezviyo,sna
home,shopping_list_update,Replace the Lux jealousy soap with a water soap from the Bubble Bath,"6:25:SL:SHOPPING_ITEM,37:63:SL:SHOPPING_ITEM",[IN:shopping_list_update [SL:SHOPPING_ITEM sipo yemagodo yeLux] [SL:SHOPPING_ITEM sipo yemvura yeBubble Bath] ],SHOPPING_ITEM: sipo yemagodo yeLux $$ SHOPPING_ITEM: sipo yemvura yeBubble Bath,sna
home,shopping_list_update,I also like meat pie with chicken meat on the menu.,10:34:SL:SHOPPING_ITEM,[IN:shopping_list_update [SL:SHOPPING_ITEM meat pie inenyama yehuku] ],SHOPPING_ITEM: meat pie inenyama yehuku,sna
home,shopping_list_update,Put peace in the shopping cart,4:19:SL:SHOPPING_ITEM,[IN:shopping_list_update [SL:SHOPPING_ITEM muriwo werugare] ],SHOPPING_ITEM: muriwo werugare,sna
home,shopping_list_update,That the roasted corn not on the list of products purchased may also be used.,5:24:SL:SHOPPING_ITEM,[IN:shopping_list_update [SL:SHOPPING_ITEM chibage chakagochwa] ],SHOPPING_ITEM: chibage chakagochwa,sna
home,shopping_list_update,Don't forget to add pepper and Royco sauce Don't be on the list of household items that we have to buy.,"22:31:SL:SHOPPING_ITEM,34:52:SL:SHOPPING_ITEM",[IN:shopping_list_update [SL:SHOPPING_ITEM mhiripiri] [SL:SHOPPING_ITEM muto weRoyco Usavi] ],SHOPPING_ITEM: mhiripiri $$ SHOPPING_ITEM: muto weRoyco Usavi,sna
home,shopping_list_update,Are there any bugs in my list?,0:7:SL:SHOPPING_ITEM,[IN:shopping_list_update [SL:SHOPPING_ITEM Mazondo] ],SHOPPING_ITEM: Mazondo,sna
home,shopping_list_update,"Instead of the Sunlight soap in the bathtub on the list of things we should buy, write down the Surf's Poison soap.","16:44:SL:SHOPPING_ITEM,83:102:SL:SHOPPING_ITEM",[IN:shopping_list_update [SL:SHOPPING_ITEM sipo yemukwizigwa yeSunlight] [SL:SHOPPING_ITEM sipo yehupfu yeSurf] ],SHOPPING_ITEM: sipo yemukwizigwa yeSunlight $$ SHOPPING_ITEM: sipo yehupfu yeSurf,sna
home,shopping_list_update,"If you have not listed Lacto-dead milk on the list of products to buy, add it",25:46:SL:SHOPPING_ITEM,[IN:shopping_list_update [SL:SHOPPING_ITEM mukaka wakafa weLacto] ],SHOPPING_ITEM: mukaka wakafa weLacto,sna
home,shopping_list_update,Write the brochures if they were not on the shopping list at the Mkoba market in Gweru,"6:17:SL:SHOPPING_ITEM,65:70:SL:PLACE_NAME,73:78:SL:CITY_OR_PROVINCE",[IN:shopping_list_update [SL:SHOPPING_ITEM mabratifuru] [SL:PLACE_NAME Mkoba] [SL:CITY_OR_PROVINCE Gweru] ],SHOPPING_ITEM: mabratifuru $$ PLACE_NAME: Mkoba $$ CITY_OR_PROVINCE: Gweru,sna
home,shopping_list_update,Have you put oranges on the fruit list? Write down if they are not there.,0:9:SL:SHOPPING_ITEM,[IN:shopping_list_update [SL:SHOPPING_ITEM Maranjisi] ],SHOPPING_ITEM: Maranjisi,sna
home,shopping_list_update,Are there any dolphins on the list of things to buy? If they have been forgotten then write it down.,0:11:SL:SHOPPING_ITEM,[IN:shopping_list_update [SL:SHOPPING_ITEM Madhorofiya] ],SHOPPING_ITEM: Madhorofiya,sna
home,shopping_list_update,"Are there any fees on the list of items I should buy? If not, add them?",3:11:SL:SHOPPING_ITEM,[IN:shopping_list_update [SL:SHOPPING_ITEM mazhanje] ],SHOPPING_ITEM: mazhanje,sna
home,shopping_list_update,"Do I have a receipt for my purchase? If not, please write again.",6:16:SL:SHOPPING_ITEM,[IN:shopping_list_update [SL:SHOPPING_ITEM makotapeya] ],SHOPPING_ITEM: makotapeya,sna
home,shopping_list_update,Add bread to my shopping list,8:15:SL:SHOPPING_ITEM,[IN:shopping_list_update [SL:SHOPPING_ITEM chingwa] ],SHOPPING_ITEM: chingwa,sna
home,shopping_list_update,Put a check mark on the items I want to buy.,4:11:SL:SHOPPING_ITEM,[IN:shopping_list_update [SL:SHOPPING_ITEM masamba] ],SHOPPING_ITEM: masamba,sna
home,shopping_list_update,List raw milk on my list of things I want to buy for TM.,6:21:SL:SHOPPING_ITEM,[IN:shopping_list_update [SL:SHOPPING_ITEM mukaka mumbishi] ],SHOPPING_ITEM: mukaka mumbishi,sna
home,shopping_list_update,Make sure the cans are poured on the things I have to buy in town.,23:31:SL:SHOPPING_ITEM,[IN:shopping_list_update [SL:SHOPPING_ITEM mabhanzi] ],SHOPPING_ITEM: mabhanzi,sna
home,shopping_list_update,It reminded me not to forget to buy the cookies when I go back to the Moyomutsva Bakeries bakery,"46:58:SL:SHOPPING_ITEM,100:107:SL:DISH_OR_FOOD",[IN:shopping_list_update [SL:SHOPPING_ITEM zvipondamoyo] [SL:DISH_OR_FOOD chingwa] ],SHOPPING_ITEM: zvipondamoyo $$ DISH_OR_FOOD: chingwa,sna
home,shopping_list_update,Please also add Seaweed soap to the items I need to pick up sticks at the Stores of the Storm on Saturday.,"29:43:SL:SHOPPING_ITEM,95:102:SL:CITY_OR_PROVINCE,105:113:SL:DATE",[IN:shopping_list_update [SL:SHOPPING_ITEM sipo yeSeaweed] [SL:CITY_OR_PROVINCE Chegutu] [SL:DATE Mugovera] ],SHOPPING_ITEM: sipo yeSeaweed $$ CITY_OR_PROVINCE: Chegutu $$ DATE: Mugovera,sna
home,shopping_list_update,Don't forget to include cassava nuts in your shopping list at the Lusaka farmers' market in Highfield.,"16:37:SL:SHOPPING_ITEM,90:96:SL:PLACE_NAME,99:108:SL:PLACE_NAME",[IN:shopping_list_update [SL:SHOPPING_ITEM nzungu dzemutetenerwa] [SL:PLACE_NAME Lusaka] [SL:PLACE_NAME Highfield] ],SHOPPING_ITEM: nzungu dzemutetenerwa $$ PLACE_NAME: Lusaka $$ PLACE_NAME: Highfield,sna
home,shopping_list_update,Add to my shopping list the children's games.,8:38:SL:SHOPPING_ITEM,[IN:shopping_list_update [SL:SHOPPING_ITEM mitambo yevana yepamapotonjere] ],SHOPPING_ITEM: mitambo yevana yepamapotonjere,sna
home,shopping_list_update,Put the Mazoe drink on the list of things I want to buy.,16:21:SL:SHOPPING_ITEM,[IN:shopping_list_update [SL:SHOPPING_ITEM Mazoe] ],SHOPPING_ITEM: Mazoe,sna
home,shopping_list_update,You write the codes on the things I want to buy from Amato.,9:15:SL:SHOPPING_ITEM,[IN:shopping_list_update [SL:SHOPPING_ITEM mapopo] ],SHOPPING_ITEM: mapopo,sna
home,shopping_list_update,Add grapes to the things I must buy.,7:19:SL:SHOPPING_ITEM,[IN:shopping_list_update [SL:SHOPPING_ITEM mizambiringa] ],SHOPPING_ITEM: mizambiringa,sna
home,shopping_list_update,Pour Fanta on the things I have to buy.,9:26:SL:SHOPPING_ITEM,[IN:shopping_list_update [SL:SHOPPING_ITEM chinwiwa cheFanta] ],SHOPPING_ITEM: chinwiwa cheFanta,sna
home,shopping_list_update,List the pigs on my shopping list.,6:22:SL:SHOPPING_ITEM,[IN:shopping_list_update [SL:SHOPPING_ITEM mazondo enguruve] ],SHOPPING_ITEM: mazondo enguruve,sna
home,shopping_list_update,I'm not sure what I want to buy.,10:13:SL:SHOPPING_ITEM,[IN:shopping_list_update [SL:SHOPPING_ITEM nyi] ],SHOPPING_ITEM: nyi,sna
home,shopping_list_update,Add five bottles of Aquaclear drinking water to my list of items I'm about to purchase.,"19:26:SL:NUMBER,28:53:SL:SHOPPING_ITEM",[IN:shopping_list_update [SL:NUMBER mashanu] [SL:SHOPPING_ITEM mvura yekunwa yeAquaclear] ],NUMBER: mashanu $$ SHOPPING_ITEM: mvura yekunwa yeAquaclear,sna
home,shopping_list_update,"When the baby's bottle is finished, put it on the shopping list.",0:4:SL:SHOPPING_ITEM,[IN:shopping_list_update [SL:SHOPPING_ITEM Bota] ],SHOPPING_ITEM: Bota,sna
home,shopping_list_update,"When I need to buy something, remove the salt and put Tanganda leaves","35:40:SL:SHOPPING_ITEM,47:64:SL:SHOPPING_ITEM",[IN:shopping_list_update [SL:SHOPPING_ITEM munyu] [SL:SHOPPING_ITEM masamba eTanganda] ],SHOPPING_ITEM: munyu $$ SHOPPING_ITEM: masamba eTanganda,sna
home,shopping_list_update,"On my shopping list, remove the eggs and put the pork in the can.","35:40:SL:SHOPPING_ITEM,53:79:SL:SHOPPING_ITEM",[IN:shopping_list_update [SL:SHOPPING_ITEM mazai] [SL:SHOPPING_ITEM nyama yenguruve iri mugaba] ],SHOPPING_ITEM: mazai $$ SHOPPING_ITEM: nyama yenguruve iri mugaba,sna
home,shopping_list_update,I'm out of dolls so I want you to list the things I need to buy,13:24:SL:SHOPPING_ITEM,[IN:shopping_list_update [SL:SHOPPING_ITEM madhorofiya] ],SHOPPING_ITEM: madhorofiya,sna
home,shopping_list_update,"I'm out of oranges, can you add them to my list?",0:9:SL:SHOPPING_ITEM,[IN:shopping_list_update [SL:SHOPPING_ITEM Maranjisi] ],SHOPPING_ITEM: Maranjisi,sna
home,shopping_list_update,"The food is gone, so write down what I need to buy.",,[IN:shopping_list_update ],,sna
home,shopping_list_update,"Please make sure that bread and chicken are removed from my list, but then add pork.","23:30:SL:SHOPPING_ITEM,33:45:SL:SHOPPING_ITEM,105:120:SL:SHOPPING_ITEM",[IN:shopping_list_update [SL:SHOPPING_ITEM chingwa] [SL:SHOPPING_ITEM nyama yehuku] [SL:SHOPPING_ITEM nyama yenguruve] ],SHOPPING_ITEM: chingwa $$ SHOPPING_ITEM: nyama yehuku $$ SHOPPING_ITEM: nyama yenguruve,sna
home,shopping_list_update,Can you also remove the potatoes and replace them with a potato on my shopping list?,"17:26:SL:SHOPPING_ITEM,46:55:SL:SHOPPING_ITEM",[IN:shopping_list_update [SL:SHOPPING_ITEM mbatatisi] [SL:SHOPPING_ITEM mbambaira] ],SHOPPING_ITEM: mbatatisi $$ SHOPPING_ITEM: mbambaira,sna
home,shopping_list_update,I like to remove the salt from my shopping list and then add salt,"16:24:SL:SHOPPING_ITEM,77:82:SL:SHOPPING_ITEM",[IN:shopping_list_update [SL:SHOPPING_ITEM tsvigiri] [SL:SHOPPING_ITEM munyu] ],SHOPPING_ITEM: tsvigiri $$ SHOPPING_ITEM: munyu,sna
home,shopping_list_update,"I am running out of bags to store my harvest, so I need more bags.","29:36:SL:DISH_OR_FOOD,67:73:SL:SHOPPING_ITEM",[IN:shopping_list_update [SL:DISH_OR_FOOD chibage] [SL:SHOPPING_ITEM masaga] ],DISH_OR_FOOD: chibage $$ SHOPPING_ITEM: masaga,sna
home,shopping_list_update,"If salt has not been added to my list of things I should buy, please write it down.",5:10:SL:SHOPPING_ITEM,[IN:shopping_list_update [SL:SHOPPING_ITEM munyu] ],SHOPPING_ITEM: munyu,sna
home,shopping_list_update,Is there a snail in the list of items I want to buy? Please write it down if it is not available.,33:41:SL:SHOPPING_ITEM,[IN:shopping_list_update [SL:SHOPPING_ITEM tsvigiri] ],SHOPPING_ITEM: tsvigiri,sna
home,shopping_list_update,"Except that the meat of the turkey was already put in, I want you to put it on my shopping list.",14:27:SL:SHOPPING_ITEM,[IN:shopping_list_update [SL:SHOPPING_ITEM nyama yegarwe] ],SHOPPING_ITEM: nyama yegarwe,sna
home,shopping_list_update,I want you to add goat's milk to my groceries if it hasn't been added,22:37:SL:SHOPPING_ITEM,[IN:shopping_list_update [SL:SHOPPING_ITEM mukaka wembudzi] ],SHOPPING_ITEM: mukaka wembudzi,sna
home,shopping_list_update,"Is flour on the list of things I need to buy, if it is not there I ask you to add it.",0:5:SL:SHOPPING_ITEM,[IN:shopping_list_update [SL:SHOPPING_ITEM Hupfu] ],SHOPPING_ITEM: Hupfu,sna
home,shopping_list_update,Please also put three knives on my shopping bag,"27:34:SL:SHOPPING_ITEM,35:41:SL:NUMBER",[IN:shopping_list_update [SL:SHOPPING_ITEM mapanga] [SL:NUMBER matatu] ],SHOPPING_ITEM: mapanga $$ NUMBER: matatu,sna
home,shopping_list_update,And put a gold chain on my goods.,5:34:SL:SHOPPING_ITEM,[IN:shopping_list_update [SL:SHOPPING_ITEM rusero rakagadzirwa nendarama] ],SHOPPING_ITEM: rusero rakagadzirwa nendarama,sna
home,shopping_list_update,I also ask for toilet paper with my purchases.,20:38:SL:SHOPPING_ITEM,[IN:shopping_list_update [SL:SHOPPING_ITEM mapepa emuchimbuzi] ],SHOPPING_ITEM: mapepa emuchimbuzi,sna
home,shopping_list_update,I wish we could put pepper on my shopping list.,20:29:SL:SHOPPING_ITEM,[IN:shopping_list_update [SL:SHOPPING_ITEM mhiripiri] ],SHOPPING_ITEM: mhiripiri,sna
home,shopping_list_update,Can we put Camphor Cream on our groceries?,30:43:SL:SHOPPING_ITEM,[IN:shopping_list_update [SL:SHOPPING_ITEM Camphor Cream] ],SHOPPING_ITEM: Camphor Cream,sna
home,shopping_list_update,Don't forget to include a spare soap in the purchase.,23:38:SL:SHOPPING_ITEM,[IN:shopping_list_update [SL:SHOPPING_ITEM sipo yekugesesa] ],SHOPPING_ITEM: sipo yekugesesa,sna
home,shopping_list_update,Please include the pigs' feet in the purchase order.,8:24:SL:SHOPPING_ITEM,[IN:shopping_list_update [SL:SHOPPING_ITEM mazondo enguruve] ],SHOPPING_ITEM: mazondo enguruve,sna
home,shopping_list_update,Add some peace to the shopping list.,4:19:SL:SHOPPING_ITEM,[IN:shopping_list_update [SL:SHOPPING_ITEM muriwo werugare] ],SHOPPING_ITEM: muriwo werugare,sna
home,shopping_list_update,I like to be very selective about what I buy.,14:20:SL:SHOPPING_ITEM,[IN:shopping_list_update [SL:SHOPPING_ITEM tsunga] ],SHOPPING_ITEM: tsunga,sna
home,shopping_list_update,Cut out the clutter.,6:15:SL:SHOPPING_ITEM,[IN:shopping_list_update [SL:SHOPPING_ITEM mbambaira] ],SHOPPING_ITEM: mbambaira,sna
home,shopping_list_update,Put a list of items that I need to buy.,48:59:SL:SHOPPING_ITEM,[IN:shopping_list_update [SL:SHOPPING_ITEM nyimo nyoro] ],SHOPPING_ITEM: nyimo nyoro,sna
home,shopping_list_update,Remove the potatoes from the shopping cart.,6:15:SL:SHOPPING_ITEM,[IN:shopping_list_update [SL:SHOPPING_ITEM mbatatisi] ],SHOPPING_ITEM: mbatatisi,sna
home,shopping_list_update,Remove meat and vegetables from the grocery store.,"6:11:SL:SHOPPING_ITEM,14:20:SL:SHOPPING_ITEM",[IN:shopping_list_update [SL:SHOPPING_ITEM nyama] [SL:SHOPPING_ITEM miriwo] ],SHOPPING_ITEM: nyama $$ SHOPPING_ITEM: miriwo,sna
home,shopping_list_update,"Add onions to the list of items, but then remove the onions.","8:17:SL:SHOPPING_ITEM,60:66:SL:SHOPPING_ITEM",[IN:shopping_list_update [SL:SHOPPING_ITEM hanyanisi] [SL:SHOPPING_ITEM mapuno] ],SHOPPING_ITEM: hanyanisi $$ SHOPPING_ITEM: mapuno,sna
home,shopping_list_update,I like mangoes to be on the shopping list.,8:13:SL:SHOPPING_ITEM,[IN:shopping_list_update [SL:SHOPPING_ITEM mango] ],SHOPPING_ITEM: mango,sna
home,shopping_list_update,Remove onions from my shopping list,6:15:SL:SHOPPING_ITEM,[IN:shopping_list_update [SL:SHOPPING_ITEM hanyanisi] ],SHOPPING_ITEM: hanyanisi,sna
home,shopping_list_update,The items purchased should include peanut leaves.,43:61:SL:SHOPPING_ITEM,[IN:shopping_list_update [SL:SHOPPING_ITEM mashizha emunyemba] ],SHOPPING_ITEM: mashizha emunyemba,sna
home,shopping_list_update,I don't know if you've set a goal for the items you're buying.,27:33:SL:SHOPPING_ITEM,[IN:shopping_list_update [SL:SHOPPING_ITEM tsunga] ],SHOPPING_ITEM: tsunga,sna
home,shopping_list_update,Is it possible to add pumpkins to the shopping list if they are not already included?,29:37:SL:SHOPPING_ITEM,[IN:shopping_list_update [SL:SHOPPING_ITEM manhanga] ],SHOPPING_ITEM: manhanga,sna
home,shopping_list_update,"Please put gloves on the purchases, if I have not already done so.",23:31:SL:SHOPPING_ITEM,[IN:shopping_list_update [SL:SHOPPING_ITEM magwavha] ],SHOPPING_ITEM: magwavha,sna
home,shopping_list_update,Can you put a mango on a shopping list if it hasn't been put on yet?,14:19:SL:SHOPPING_ITEM,[IN:shopping_list_update [SL:SHOPPING_ITEM mango] ],SHOPPING_ITEM: mango,sna
home,shopping_list_update,Would you like to put envelopes on the shopping list if I haven't already?,18:26:SL:SHOPPING_ITEM,[IN:shopping_list_update [SL:SHOPPING_ITEM mabhanzi] ],SHOPPING_ITEM: mabhanzi,sna
home,shopping_list_update,"Also, please write down the amount of toilet and bathroom cleaning products that are out of stock.",13:58:SL:SHOPPING_ITEM,[IN:shopping_list_update [SL:SHOPPING_ITEM mishonga yekugezesa chimbuzi nemba yekugezera] ],SHOPPING_ITEM: mishonga yekugezesa chimbuzi nemba yekugezera,sna
home,shopping_list_update,"When the beef is finished, please place the lungs, liver and liver on the purchased items.","0:13:SL:DISH_OR_FOOD,53:59:SL:SHOPPING_ITEM,61:68:SL:SHOPPING_ITEM,71:78:SL:SHOPPING_ITEM",[IN:shopping_list_update [SL:DISH_OR_FOOD Nyama yemombe] [SL:SHOPPING_ITEM mapapu] [SL:SHOPPING_ITEM rwatata] [SL:SHOPPING_ITEM chiropa] ],DISH_OR_FOOD: Nyama yemombe $$ SHOPPING_ITEM: mapapu $$ SHOPPING_ITEM: rwatata $$ SHOPPING_ITEM: chiropa,sna
home,shopping_list_update,"Grandma's notebooks are out, so she has to write down the items on the shopping list.",0:13:SL:SHOPPING_ITEM,[IN:shopping_list_update [SL:SHOPPING_ITEM Mabhuratifuru] ],SHOPPING_ITEM: Mabhuratifuru,sna
home,update_playlist,Add to that the music I listen to when I'm cleaning the house.,31:46:SL:ARTIST_NAME,[IN:update_playlist [SL:ARTIST_NAME Mambo dhuterere] ],ARTIST_NAME: Mambo dhuterere,sna
home,update_playlist,Put the Ampiano I'm listening to to my favorite music or read it.,12:20:SL:MUSIC_GENRE,[IN:update_playlist [SL:MUSIC_GENRE Amapiano] ],MUSIC_GENRE: Amapiano,sna
home,update_playlist,"""Put Lovemore Majaivana's little song, """"the woods"""" on my favourite local songs"".","13:31:SL:ARTIST_NAME,43:51:SL:SONG_NAME",[IN:update_playlist [SL:ARTIST_NAME Lovemore Majaivana] [SL:SONG_NAME amasango] ],ARTIST_NAME: Lovemore Majaivana $$ SONG_NAME: amasango,sna
home,update_playlist,"""Add, """"It's called love"""" sung by Pachihera to the national anthem of Zimbabwe"".","12:25:SL:SONG_NAME,40:49:SL:ARTIST_NAME,79:87:SL:COUNTRY",[IN:update_playlist [SL:SONG_NAME Rwunonzi rudo] [SL:ARTIST_NAME Pachihera] [SL:COUNTRY Zimbabwe] ],SONG_NAME: Rwunonzi rudo $$ ARTIST_NAME: Pachihera $$ COUNTRY: Zimbabwe,sna
home,update_playlist,"""Put Father Harare's little song, """"Rita"""" to the rhythm of my favorite love songs"".","13:24:SL:ARTIST_NAME,36:40:SL:SONG_NAME",[IN:update_playlist [SL:ARTIST_NAME Baba Harare] [SL:SONG_NAME Rita] ],ARTIST_NAME: Baba Harare $$ SONG_NAME: Rita,sna
home,update_playlist,"""Add Winky D's little song, """"The Beat"""" to my favourite Reggae song of all time"".","17:24:SL:ARTIST_NAME,36:45:SL:SONG_NAME,60:66:SL:MUSIC_GENRE",[IN:update_playlist [SL:ARTIST_NAME Winky D] [SL:SONG_NAME Chitekete] [SL:MUSIC_GENRE Reggae] ],ARTIST_NAME: Winky D $$ SONG_NAME: Chitekete $$ MUSIC_GENRE: Reggae,sna
home,update_playlist,Tozeza's father Oliver Mutukudzi may be added to my mix of music I listen to at home.,"0:11:SL:SONG_NAME,14:30:SL:ARTIST_NAME",[IN:update_playlist [SL:SONG_NAME Tozeza baba] [SL:ARTIST_NAME Oliver Mutukudzi] ],SONG_NAME: Tozeza baba $$ ARTIST_NAME: Oliver Mutukudzi,sna
home,update_playlist,"""I would like the song that I am hearing called, """"Court"""" to be added to the prayer service when I run"".","25:31:SL:ARTIST_NAME,60:66:SL:SONG_NAME",[IN:update_playlist [SL:ARTIST_NAME Shasha] [SL:SONG_NAME Mutare] ],ARTIST_NAME: Shasha $$ SONG_NAME: Mutare,sna
home,update_playlist,"""The song of Mapfumo is called, """"Tongosi"""" in the classical music band"".","15:22:SL:ARTIST_NAME,34:45:SL:SONG_NAME",[IN:update_playlist [SL:ARTIST_NAME Mapfumo] [SL:SONG_NAME Tongosienda] ],ARTIST_NAME: Mapfumo $$ SONG_NAME: Tongosienda,sna
home,update_playlist,"""Remove Baba Harare's song called, """"sweet melody from above"""" from my favorite band here"".",16:27:SL:ARTIST_NAME,[IN:update_playlist [SL:ARTIST_NAME Baba Harare] ],ARTIST_NAME: Baba Harare,sna
home,update_playlist,"""Add Father Manyeruke's hymn, """"This good land, pleasing to the faithful"""" to my list of gospel songs"".","18:32:SL:ARTIST_NAME,123:131:SL:MUSIC_GENRE",[IN:update_playlist [SL:ARTIST_NAME Baba Manyeruke] [SL:MUSIC_GENRE vhangeri] ],ARTIST_NAME: Baba Manyeruke $$ MUSIC_GENRE: vhangeri,sna
home,update_playlist,Take the song Kikky out of the hip-hop girl group.,"15:20:SL:ARTIST_NAME,70:77:SL:MUSIC_GENRE",[IN:update_playlist [SL:ARTIST_NAME Kikky] [SL:MUSIC_GENRE hip hop] ],ARTIST_NAME: Kikky $$ MUSIC_GENRE: hip hop,sna
home,update_playlist,Remove the song I'm listening to by Suliman Chimbetu from my favorite music list.,31:48:SL:ARTIST_NAME,[IN:update_playlist [SL:ARTIST_NAME Sulumani Chimbetu] ],ARTIST_NAME: Sulumani Chimbetu,sna
home,update_playlist,Please remove the song of Mpenzi I am listening to from the Zimbabwean music band.,"17:23:SL:ARTIST_NAME,86:94:SL:COUNTRY",[IN:update_playlist [SL:ARTIST_NAME Mudiwa] [SL:COUNTRY Zimbabwe] ],ARTIST_NAME: Mudiwa $$ COUNTRY: Zimbabwe,sna
home,update_playlist,Please add the song of Africa by Mai Charamba to my gospel music selection.,"31:43:SL:ARTIST_NAME,52:58:SL:SONG_NAME,88:96:SL:MUSIC_GENRE",[IN:update_playlist [SL:ARTIST_NAME Mai Charamba] [SL:SONG_NAME Africa] [SL:MUSIC_GENRE vhangeri] ],ARTIST_NAME: Mai Charamba $$ SONG_NAME: Africa $$ MUSIC_GENRE: vhangeri,sna
home,update_playlist,"""Add the Leonard Mapfumo track, """"Seiko"""" to my favourite of the Urban grooves"".","17:31:SL:ARTIST_NAME,43:48:SL:SONG_NAME,84:97:SL:MUSIC_GENRE",[IN:update_playlist [SL:ARTIST_NAME Leoard Mapfumo] [SL:SONG_NAME Seiko] [SL:MUSIC_GENRE Urban grooves] ],ARTIST_NAME: Leoard Mapfumo $$ SONG_NAME: Seiko $$ MUSIC_GENRE: Urban grooves,sna
home,update_playlist,Remove Holy Ten's songs from my collection of local Hip Hop music in Zimbabwe.,"15:23:SL:ARTIST_NAME,58:65:SL:MUSIC_GENRE,81:89:SL:COUNTRY",[IN:update_playlist [SL:ARTIST_NAME Holy Ten] [SL:MUSIC_GENRE Hip Hop] [SL:COUNTRY Zimbabwe] ],ARTIST_NAME: Holy Ten $$ MUSIC_GENRE: Hip Hop $$ COUNTRY: Zimbabwe,sna
home,update_playlist,Add the song I'm listening to to my dancehall music.,51:64:SL:MUSIC_GENRE,[IN:update_playlist [SL:MUSIC_GENRE Zim Dancehall] ],MUSIC_GENRE: Zim Dancehall,sna
home,update_playlist,Remove the song Ronika by Jah Prayzah that I just listened to from the AfroPop music group on my phone.,"21:27:SL:SONG_NAME,31:42:SL:ARTIST_NAME,93:100:SL:MUSIC_GENRE",[IN:update_playlist [SL:SONG_NAME Ronika] [SL:ARTIST_NAME Jah Prayzah] [SL:MUSIC_GENRE AfroPop] ],SONG_NAME: Ronika $$ ARTIST_NAME: Jah Prayzah $$ MUSIC_GENRE: AfroPop,sna
home,update_playlist,"""Add the song, """"well"""" by Simba Tagz to my list of favorite jazz songs"".","27:36:SL:SONG_NAME,42:52:SL:ARTIST_NAME,78:82:SL:MUSIC_GENRE",[IN:update_playlist [SL:SONG_NAME zvakanaka] [SL:ARTIST_NAME Simba Tagz] [SL:MUSIC_GENRE jazz] ],SONG_NAME: zvakanaka $$ ARTIST_NAME: Simba Tagz $$ MUSIC_GENRE: jazz,sna
home,update_playlist,Take Oliver's music out of the jazz repertoire.,"14:20:SL:ARTIST_NAME,54:58:SL:MUSIC_GENRE",[IN:update_playlist [SL:ARTIST_NAME Oliver] [SL:MUSIC_GENRE Jazz] ],ARTIST_NAME: Oliver $$ MUSIC_GENRE: Jazz,sna
home,update_playlist,add the song I'm listening to Tammy to my list of favorite songs,33:37:SL:ARTIST_NAME,[IN:update_playlist [SL:ARTIST_NAME Tamy] ],ARTIST_NAME: Tamy,sna
home,update_playlist,Put the song I'm listening to on the set of the dancehall band Zim.,"17:27:SL:ARTIST_NAME,77:90:SL:MUSIC_GENRE",[IN:update_playlist [SL:ARTIST_NAME Jah Signal] [SL:MUSIC_GENRE Zim Dancehall] ],ARTIST_NAME: Jah Signal $$ MUSIC_GENRE: Zim Dancehall,sna
home,update_playlist,please put Toto's song Africa in my rock music selection,"28:32:SL:ARTIST_NAME,41:47:SL:SONG_NAME,77:81:SL:MUSIC_GENRE",[IN:update_playlist [SL:ARTIST_NAME Toto] [SL:SONG_NAME Africa] [SL:MUSIC_GENRE rock] ],ARTIST_NAME: Toto $$ SONG_NAME: Africa $$ MUSIC_GENRE: rock,sna
home,update_playlist,Add a little Masque called whole body to my customized Urban grooves.,"16:23:SL:ARTIST_NAME,32:43:SL:SONG_NAME,79:92:SL:MUSIC_GENRE",[IN:update_playlist [SL:ARTIST_NAME Maskiri] [SL:SONG_NAME muviri wese] [SL:MUSIC_GENRE Urban grooves] ],ARTIST_NAME: Maskiri $$ SONG_NAME: muviri wese $$ MUSIC_GENRE: Urban grooves,sna
home,update_playlist,The music I'm listening to adds to my favorite mix of music.,,[IN:update_playlist ],,sna
home,update_playlist,Put the Lovemore Majaivana melody I'm listening to to my favourite music,14:32:SL:ARTIST_NAME,[IN:update_playlist [SL:ARTIST_NAME Lovemore Majaivana] ],ARTIST_NAME: Lovemore Majaivana,sna
home,update_playlist,"""I would like to add Jnr Brown's song called, """"waiziya"""" to my local music in Zimbabwe"".","28:37:SL:ARTIST_NAME,50:57:SL:SONG_NAME,86:94:SL:COUNTRY",[IN:update_playlist [SL:ARTIST_NAME Jnr Brown] [SL:SONG_NAME waiziya] [SL:COUNTRY Zimbabwe] ],ARTIST_NAME: Jnr Brown $$ SONG_NAME: waiziya $$ COUNTRY: Zimbabwe,sna
home,update_playlist,"""Please include the song, """"1940"""" by Alick Macheso in my collection of Macheso's favorite songs"".","38:42:SL:SONG_NAME,47:60:SL:ARTIST_NAME,94:101:SL:ARTIST_NAME",[IN:update_playlist [SL:SONG_NAME 1940] [SL:ARTIST_NAME Alick Macheso] [SL:ARTIST_NAME Macheso] ],SONG_NAME: 1940 $$ ARTIST_NAME: Alick Macheso $$ ARTIST_NAME: Macheso,sna
home,update_playlist,Let's add Sandra Ndebele's song Ntombazana to my newly recorded songs.,"19:33:SL:ARTIST_NAME,43:53:SL:SONG_NAME",[IN:update_playlist [SL:ARTIST_NAME Sandra Ndebele] [SL:SONG_NAME Ntombazana] ],ARTIST_NAME: Sandra Ndebele $$ SONG_NAME: Ntombazana,sna
home,update_playlist,"""Let's add the song, """"you're mine"""", by Voltz JT to my list of favorite songs"".","33:42:SL:SONG_NAME,49:57:SL:ARTIST_NAME",[IN:update_playlist [SL:SONG_NAME uri wangu] [SL:ARTIST_NAME Voltz JT] ],SONG_NAME: uri wangu $$ ARTIST_NAME: Voltz JT,sna
home,update_playlist,"""I want you to put Enzo's """"Ehee"""" on the songs of Jim Dancelhall"".","22:26:SL:SONG_NAME,31:35:SL:ARTIST_NAME,47:61:SL:MUSIC_GENRE",[IN:update_playlist [SL:SONG_NAME Ehee] [SL:ARTIST_NAME Enzo] [SL:MUSIC_GENRE Zim Dancelhall] ],SONG_NAME: Ehee $$ ARTIST_NAME: Enzo $$ MUSIC_GENRE: Zim Dancelhall,sna
home,update_playlist,"""I am the one who is the one"" to my favorite Zimbabwean musicians.","8:21:SL:SONG_NAME,62:70:SL:COUNTRY",[IN:update_playlist [SL:SONG_NAME ndini uya uya] [SL:COUNTRY Zimbabwe] ],SONG_NAME: ndini uya uya $$ COUNTRY: Zimbabwe,sna
home,update_playlist,"""Add to my favorite dance music the song, """"shaker"""" by Winky D"".","62:68:SL:SONG_NAME,74:81:SL:ARTIST_NAME",[IN:update_playlist [SL:SONG_NAME shaker] [SL:ARTIST_NAME Winky D] ],SONG_NAME: shaker $$ ARTIST_NAME: Winky D,sna
home,update_playlist,"""I think I'll just add, O-25's """"Money"""" to my list of favorite songs"".","28:32:SL:SONG_NAME,38:42:SL:ARTIST_NAME",[IN:update_playlist [SL:SONG_NAME Mari] [SL:ARTIST_NAME O-25] ],SONG_NAME: Mari $$ ARTIST_NAME: O-25,sna
home,update_playlist,I would like to add the King's melody to my favorite music.,21:36:SL:ARTIST_NAME,[IN:update_playlist [SL:ARTIST_NAME Mambo dhuterere] ],ARTIST_NAME: Mambo dhuterere,sna
home,update_playlist,"""Throw that song that is sung, """"marujata my wife"""" into the mix of the dirty music I listen to"".",78:96:SL:MUSIC_GENRE,[IN:update_playlist [SL:MUSIC_GENRE yenziyo dzakudhara] ],MUSIC_GENRE: yenziyo dzakudhara,sna
home,update_playlist,"""Just add that Minister Mahendere's, """"I've seen him"""" to my list of soft-core music favorites"".","22:40:SL:ARTIST_NAME,53:61:SL:SONG_NAME",[IN:update_playlist [SL:ARTIST_NAME Minister Mahendere] [SL:SONG_NAME ndamuona] ],ARTIST_NAME: Minister Mahendere $$ SONG_NAME: ndamuona,sna
home,update_playlist,Remove all Don Williams songs from my favorite old-time music group.,21:33:SL:ARTIST_NAME,[IN:update_playlist [SL:ARTIST_NAME Don Williams] ],ARTIST_NAME: Don Williams,sna
home,update_playlist,Take Prince Kaybee's Gugulethu and add it to the piano melody.,"20:33:SL:ARTIST_NAME,41:50:SL:SONG_NAME,75:83:SL:MUSIC_GENRE",[IN:update_playlist [SL:ARTIST_NAME Prince Kaybee] [SL:SONG_NAME Gugulethu] [SL:MUSIC_GENRE amapiano] ],ARTIST_NAME: Prince Kaybee $$ SONG_NAME: Gugulethu $$ MUSIC_GENRE: amapiano,sna
home,update_playlist,"""That song that says, """"if I miss a word, hold on for tomorrow"""" adds to the song that I love"".",107:114:SL:MUSIC_GENRE,[IN:update_playlist [SL:MUSIC_GENRE sungura] ],MUSIC_GENRE: sungura,sna
home,update_playlist,"""Include the love song by Vimbai Zimuto, """"You're not going anywhere"""" in my collection of love songs"".","31:44:SL:ARTIST_NAME,61:78:SL:SONG_NAME",[IN:update_playlist [SL:ARTIST_NAME Vimbai Zimuto] [SL:SONG_NAME Hapana kwaunoenda] ],ARTIST_NAME: Vimbai Zimuto $$ SONG_NAME: Hapana kwaunoenda,sna
home,update_playlist,"""Add the song, """"love"""" by Kae Chaps to my love songs"".","28:34:SL:SONG_NAME,40:49:SL:ARTIST_NAME",[IN:update_playlist [SL:SONG_NAME madiro] [SL:ARTIST_NAME Kae Chaps] ],SONG_NAME: madiro $$ ARTIST_NAME: Kae Chaps,sna
home,update_playlist,Please remove Chief Hwenje's songs from my favorite soungura songs.,"23:35:SL:ARTIST_NAME,54:61:SL:MUSIC_GENRE",[IN:update_playlist [SL:ARTIST_NAME Chief Hwenje] [SL:MUSIC_GENRE sungura] ],ARTIST_NAME: Chief Hwenje $$ MUSIC_GENRE: sungura,sna
home,update_playlist,"""Throw a little piece of Tanto Wavie's, """"007"""" into my favorite local hip hop group"".","15:26:SL:ARTIST_NAME,38:41:SL:SONG_NAME,69:76:SL:MUSIC_GENRE",[IN:update_playlist [SL:ARTIST_NAME Tanto Wavie] [SL:SONG_NAME 007] [SL:MUSIC_GENRE hip hop] ],ARTIST_NAME: Tanto Wavie $$ SONG_NAME: 007 $$ MUSIC_GENRE: hip hop,sna
home,update_playlist,"""Put that Andy Muridzo song, """"Dhelila"""" to the local music in Zimbabwe"".","14:26:SL:ARTIST_NAME,39:46:SL:SONG_NAME,68:76:SL:COUNTRY",[IN:update_playlist [SL:ARTIST_NAME Andy Muridzo] [SL:SONG_NAME Dherira] [SL:COUNTRY Zimbabwe] ],ARTIST_NAME: Andy Muridzo $$ SONG_NAME: Dherira $$ COUNTRY: Zimbabwe,sna
home,update_playlist,Add to the gospel music a song by Simba Tagz called tamirira.,"21:29:SL:MUSIC_GENRE,38:48:SL:ARTIST_NAME,57:65:SL:SONG_NAME",[IN:update_playlist [SL:MUSIC_GENRE vhangeri] [SL:ARTIST_NAME Simba Tagz] [SL:SONG_NAME tamirira] ],MUSIC_GENRE: vhangeri $$ ARTIST_NAME: Simba Tagz $$ SONG_NAME: tamirira,sna
home,update_playlist,I also added Boohle's song Ngixolele to my list of favorite songs.,"19:25:SL:ARTIST_NAME,34:43:SL:SONG_NAME",[IN:update_playlist [SL:ARTIST_NAME Boohle] [SL:SONG_NAME Ngixolele] ],ARTIST_NAME: Boohle $$ SONG_NAME: Ngixolele,sna
home,update_playlist,I'd like you to add Tuku's song called destiny to my driving song.,"26:30:SL:ARTIST_NAME,39:59:SL:SONG_NAME",[IN:update_playlist [SL:ARTIST_NAME Tuku] [SL:SONG_NAME ramangwana rirongere] ],ARTIST_NAME: Tuku $$ SONG_NAME: ramangwana rirongere,sna
home,update_playlist,"""My new band will debut a song by Tulk Munny called, """"dakutsika jaivhi"""""".","65:75:SL:ARTIST_NAME,88:104:SL:SONG_NAME",[IN:update_playlist [SL:ARTIST_NAME Tulk Munny] [SL:SONG_NAME dakutsika jaivhi] ],ARTIST_NAME: Tulk Munny $$ SONG_NAME: dakutsika jaivhi,sna
home,update_playlist,"""Add the Killer T's 'if it were possible' to the dancehall music scene"".","26:39:SL:SONG_NAME,44:52:SL:ARTIST_NAME,76:89:SL:MUSIC_GENRE",[IN:update_playlist [SL:SONG_NAME dai zvaibvira] [SL:ARTIST_NAME Killer T] [SL:MUSIC_GENRE Zim Dancehall] ],SONG_NAME: dai zvaibvira $$ ARTIST_NAME: Killer T $$ MUSIC_GENRE: Zim Dancehall,sna
home,update_playlist,Let the gospel music collection be supplemented by the Charamba instrument called Masimba belongs to you.,"34:42:SL:MUSIC_GENRE,67:75:SL:ARTIST_NAME,85:100:SL:SONG_NAME",[IN:update_playlist [SL:MUSIC_GENRE vhangeri] [SL:ARTIST_NAME Charamba] [SL:SONG_NAME Masimba ndeenyu] ],MUSIC_GENRE: vhangeri $$ ARTIST_NAME: Charamba $$ SONG_NAME: Masimba ndeenyu,sna
home,update_playlist,You are the lover of Patience Muza Let's add to the love songs.,"0:13:SL:SONG_NAME,16:29:SL:ARTIST_NAME",[IN:update_playlist [SL:SONG_NAME Ndiwe wandoda] [SL:ARTIST_NAME Patience Muza] ],SONG_NAME: Ndiwe wandoda $$ ARTIST_NAME: Patience Muza,sna
home,update_playlist,"""Let's put, """"I'm not against"""" by Paul Matavire to the sad songs"".","14:24:SL:SONG_NAME,29:42:SL:ARTIST_NAME",[IN:update_playlist [SL:SONG_NAME Handirambi] [SL:ARTIST_NAME Paul Matavire] ],SONG_NAME: Handirambi $$ ARTIST_NAME: Paul Matavire,sna
home,update_playlist,Find the bearded Seh Calaz and put it on a concert of my favorite local musicians.,15:24:SL:ARTIST_NAME,[IN:update_playlist [SL:ARTIST_NAME Seh Calaz] ],ARTIST_NAME: Seh Calaz,sna
home,update_playlist,"""Isa, Crooger's """"Don't Scare Him"""" is on my favorite song list"".","8:19:SL:SONG_NAME,24:31:SL:ARTIST_NAME",[IN:update_playlist [SL:SONG_NAME Hamutityise] [SL:ARTIST_NAME Crooger] ],SONG_NAME: Hamutityise $$ ARTIST_NAME: Crooger,sna
home,update_playlist,Let my favorite album choice be added to all the famous songs of Marko Sibanda.,"25:32:SL:MUSIC_GENRE,72:85:SL:ARTIST_NAME",[IN:update_playlist [SL:MUSIC_GENRE sungura] [SL:ARTIST_NAME Marko Sibanda] ],MUSIC_GENRE: sungura $$ ARTIST_NAME: Marko Sibanda,sna
home,update_playlist,"""Isa, """"Chekeche"""" features Jah Prayzah, ExQ, Andy Muridzo and other artists in my selection of music"".","8:16:SL:SONG_NAME,23:34:SL:ARTIST_NAME,36:39:SL:ARTIST_NAME,41:53:SL:ARTIST_NAME",[IN:update_playlist [SL:SONG_NAME Chekeche] [SL:ARTIST_NAME Jah Prayzah] [SL:ARTIST_NAME ExQ] [SL:ARTIST_NAME Andy Muridzo] ],SONG_NAME: Chekeche $$ ARTIST_NAME: Jah Prayzah $$ ARTIST_NAME: ExQ $$ ARTIST_NAME: Andy Muridzo,sna
home,update_playlist,"""Take Winky D's """"Angel"""" from gospel music and put it on my dancehall songs"".","10:17:SL:SONG_NAME,22:29:SL:ARTIST_NAME,47:55:SL:MUSIC_GENRE,79:92:SL:MUSIC_GENRE",[IN:update_playlist [SL:SONG_NAME Ngirozi] [SL:ARTIST_NAME Winky D] [SL:MUSIC_GENRE vhangeri] [SL:MUSIC_GENRE Zim Dancehall] ],SONG_NAME: Ngirozi $$ ARTIST_NAME: Winky D $$ MUSIC_GENRE: vhangeri $$ MUSIC_GENRE: Zim Dancehall,sna
home,update_playlist,"""Please add Janet Manyowa's song, """"What Are We Thankful For?"""" to my song list"".","27:40:SL:ARTIST_NAME,52:67:SL:SONG_NAME",[IN:update_playlist [SL:ARTIST_NAME Janet Manyowa] [SL:SONG_NAME Tinomutenda nei] ],ARTIST_NAME: Janet Manyowa $$ SONG_NAME: Tinomutenda nei,sna
home,update_playlist,"""Just throw in a little song called, """"Shura"""" by Chimbetu to a new band called, """"Dendera"""""".""","28:33:SL:SONG_NAME,38:46:SL:ARTIST_NAME,90:97:SL:MUSIC_GENRE",[IN:update_playlist [SL:SONG_NAME Shura] [SL:ARTIST_NAME Chimbetu] [SL:MUSIC_GENRE Dendera] ],SONG_NAME: Shura $$ ARTIST_NAME: Chimbetu $$ MUSIC_GENRE: Dendera,sna
home,update_playlist,"""Remove Knox's song, """"I'm ashamed"""" from my list of favorite songs"".","15:18:SL:ARTIST_NAME,29:39:SL:SONG_NAME",[IN:update_playlist [SL:ARTIST_NAME Nox] [SL:SONG_NAME Ndinonyara] ],ARTIST_NAME: Nox $$ SONG_NAME: Ndinonyara,sna
home,update_playlist,"""Please put the song, """"Listen"""" by Tamy Moyo on my all time favorite band list"".","32:39:SL:SONG_NAME,45:54:SL:ARTIST_NAME",[IN:update_playlist [SL:SONG_NAME Kuteera] [SL:ARTIST_NAME Tamy Moyo] ],SONG_NAME: Kuteera $$ ARTIST_NAME: Tamy Moyo,sna
home,update_playlist,"""Except, Poptain's """"pleasing the customer"""" on my dance music"".","10:25:SL:SONG_NAME,30:37:SL:ARTIST_NAME",[IN:update_playlist [SL:SONG_NAME kufadza mutengi] [SL:ARTIST_NAME Poptain] ],SONG_NAME: kufadza mutengi $$ ARTIST_NAME: Poptain,sna
home,update_playlist,"""Let's put a song by Freeman called, """"signature"""" on my favorite song"".","20:27:SL:ARTIST_NAME,40:46:SL:SONG_NAME",[IN:update_playlist [SL:ARTIST_NAME Freeman] [SL:SONG_NAME shaina] ],ARTIST_NAME: Freeman $$ SONG_NAME: shaina,sna
home,update_playlist,"""Place, """"Let's Not Break Up"""" by Plaxedes of the World to the chorus of my favorite rock songs"".","8:21:SL:SONG_NAME,26:42:SL:ARTIST_NAME",[IN:update_playlist [SL:SONG_NAME Tisaparadzane] [SL:ARTIST_NAME Plaxedes Wenyika] ],SONG_NAME: Tisaparadzane $$ ARTIST_NAME: Plaxedes Wenyika,sna
home,update_playlist,"""Let Mr. Camera's little ""dollar"" be in my favorite band"".","18:27:SL:ARTIST_NAME,39:44:SL:SONG_NAME",[IN:update_playlist [SL:ARTIST_NAME Mr Kamera] [SL:SONG_NAME dhora] ],ARTIST_NAME: Mr Kamera $$ SONG_NAME: dhora,sna
home,update_playlist,Remove all the songs sung by Kina from my favorite Zimbabwean folk songs.,"31:35:SL:ARTIST_NAME,70:78:SL:COUNTRY",[IN:update_playlist [SL:ARTIST_NAME Kina] [SL:COUNTRY Zimbabwe] ],ARTIST_NAME: Kina $$ COUNTRY: Zimbabwe,sna
home,update_playlist,Let the drumming performed by Bashupi be classified as Hip Hop music.,"0:7:SL:SONG_NAME,20:27:SL:ARTIST_NAME,61:68:SL:MUSIC_GENRE",[IN:update_playlist [SL:SONG_NAME Muridzo] [SL:ARTIST_NAME BaShupi] [SL:MUSIC_GENRE Hip Hop] ],SONG_NAME: Muridzo $$ ARTIST_NAME: BaShupi $$ MUSIC_GENRE: Hip Hop,sna
home,update_playlist,Put all Baba Harare songs sung from the year 2016 to the year 2021 in the guitar music.,"19:30:SL:ARTIST_NAME,57:61:SL:DATE,79:83:SL:DATE,96:100:SL:MUSIC_GENRE",[IN:update_playlist [SL:ARTIST_NAME Baba Harare] [SL:DATE 2016] [SL:DATE 2021] [SL:MUSIC_GENRE jiti] ],ARTIST_NAME: Baba Harare $$ DATE: 2016 $$ DATE: 2021 $$ MUSIC_GENRE: jiti,sna
home,update_playlist,"""Let me play Gary and Tuku's little song, """"Jehovah Jair open me, Shama open me"""" to the gospel mix now"".","21:25:SL:ARTIST_NAME,28:32:SL:ARTIST_NAME,128:136:SL:MUSIC_GENRE",[IN:update_playlist [SL:ARTIST_NAME Gary] [SL:ARTIST_NAME Tuku] [SL:MUSIC_GENRE vhangeri] ],ARTIST_NAME: Gary $$ ARTIST_NAME: Tuku $$ MUSIC_GENRE: vhangeri,sna
home,update_playlist,"""Add a little something called, """"last year"""" to my favorite gospel song.","31:42:SL:SONG_NAME,47:55:SL:ARTIST_NAME,68:76:SL:MUSIC_GENRE",[IN:update_playlist [SL:SONG_NAME gore rapera] [SL:ARTIST_NAME Fungisai] [SL:MUSIC_GENRE vhangeri] ],SONG_NAME: gore rapera $$ ARTIST_NAME: Fungisai $$ MUSIC_GENRE: vhangeri,sna
home,update_playlist,"""Add to the sadness of the music by lamenting Albert Nyathi's first song, """"Senzeni na"""""".","61:74:SL:ARTIST_NAME,91:101:SL:SONG_NAME",[IN:update_playlist [SL:ARTIST_NAME Albert Nyathi] [SL:SONG_NAME Senzeni na] ],ARTIST_NAME: Albert Nyathi $$ SONG_NAME: Senzeni na,sna
home,update_playlist,"""Let's add the Shinso tune, """"Wire Wire"""" to the mix of the once-difficult old songs"".","18:24:SL:ARTIST_NAME,36:47:SL:SONG_NAME",[IN:update_playlist [SL:ARTIST_NAME Shinso] [SL:SONG_NAME Mawaya waya] ],ARTIST_NAME: Shinso $$ SONG_NAME: Mawaya waya,sna
home,update_playlist,"""Put Trevor Dongo's song, """"I'm not stopping"""" to my list of inspirational songs"".","14:26:SL:ARTIST_NAME,38:52:SL:SONG_NAME",[IN:update_playlist [SL:ARTIST_NAME Trevor Dongo] [SL:SONG_NAME Handisi kumira] ],ARTIST_NAME: Trevor Dongo $$ SONG_NAME: Handisi kumira,sna
home,update_playlist,"""Remove, """"Return"""" by Roki from the musical I love"".","10:18:SL:SONG_NAME,33:37:SL:ARTIST_NAME",[IN:update_playlist [SL:SONG_NAME Chidzoka] [SL:ARTIST_NAME Roki] ],SONG_NAME: Chidzoka $$ ARTIST_NAME: Roki,sna
home,update_playlist,Stunner's cholera-ridden throat was simply removed from my favorite band's past.,"0:12:SL:SONG_NAME,15:22:SL:ARTIST_NAME",[IN:update_playlist [SL:SONG_NAME Dhafu korera] [SL:ARTIST_NAME Stunner] ],SONG_NAME: Dhafu korera $$ ARTIST_NAME: Stunner,sna
home,update_playlist,"""Put Prudence Katomeni's little song, """"My blood pressure is high"""", in the line of my ladies' songs"".","13:30:SL:ARTIST_NAME,42:58:SL:SONG_NAME",[IN:update_playlist [SL:ARTIST_NAME Prudence Katomeni] [SL:SONG_NAME BP yangu yakwira] ],ARTIST_NAME: Prudence Katomeni $$ SONG_NAME: BP yangu yakwira,sna
home,update_playlist,"For a moment, let the Vision be placed in the category of my most emotional songs.","1:10:SL:SONG_NAME,14:23:SL:ARTIST_NAME",[IN:update_playlist [SL:SONG_NAME Chaminuka] [SL:ARTIST_NAME Chiwoniso] ],SONG_NAME: Chaminuka $$ ARTIST_NAME: Chiwoniso,sna
home,update_playlist,"""Add the late Andy Brown's song, """"Police"""" to the repertoire of old Zimbabwean folk songs"".","28:38:SL:ARTIST_NAME,50:58:SL:SONG_NAME,97:105:SL:COUNTRY",[IN:update_playlist [SL:ARTIST_NAME Andy Brown] [SL:SONG_NAME Mapurisa] [SL:COUNTRY Zimbabwe] ],ARTIST_NAME: Andy Brown $$ SONG_NAME: Mapurisa $$ COUNTRY: Zimbabwe,sna
kitchen_and_dining,cancel_reservation,The Holiday Inn rooms I had been assigned to were no longer needed.,16:27:SL:HOTEL_NAME,[IN:cancel_reservation [SL:HOTEL_NAME Holiday Inn] ],HOTEL_NAME: Holiday Inn,sna
kitchen_and_dining,cancel_reservation,"Casa Mia is expensive too, so let them save me a table for tomorrow's lunch.","0:8:SL:RESTAURANT_NAME,79:96:SL:MEAL_PERIOD,100:108:SL:DATE",[IN:cancel_reservation [SL:RESTAURANT_NAME Casa Mia] [SL:MEAL_PERIOD kudya kwamasikati] [SL:DATE mangwana] ],RESTAURANT_NAME: Casa Mia $$ MEAL_PERIOD: kudya kwamasikati $$ DATE: mangwana,sna
kitchen_and_dining,cancel_reservation,"Since it has been raining, inform the Old Georgians that we will not be able to come to the football game today so let them keep the ball field for us.","29:42:SL:PLACE_NAME,88:93:SL:DATE",[IN:cancel_reservation [SL:PLACE_NAME Old Georgians] [SL:DATE nhasi] ],PLACE_NAME: Old Georgians $$ DATE: nhasi,sna
kitchen_and_dining,cancel_reservation,I booked the dining room at the Queen of Hearts as a BE Digital company that I no longer want to use.,36:51:SL:RESTAURANT_NAME,[IN:cancel_reservation [SL:RESTAURANT_NAME Queen of Hearts] ],RESTAURANT_NAME: Queen of Hearts,sna
kitchen_and_dining,cancel_reservation,I no longer need the table of three I set at Barcelos on the 4th.,"20:26:SL:NUMBER,43:51:SL:RESTAURANT_NAME,57:61:SL:DATE",[IN:cancel_reservation [SL:NUMBER vatatu] [SL:RESTAURANT_NAME Barcelos] [SL:DATE wa 4] ],NUMBER: vatatu $$ RESTAURANT_NAME: Barcelos $$ DATE: wa 4,sna
kitchen_and_dining,cancel_reservation,A table has been reserved at the Maize and Mingle Cafe in my name and Sandy's that we no longer need.,"32:53:SL:RESTAURANT_NAME,69:74:SL:PERSONAL_NAME",[IN:cancel_reservation [SL:RESTAURANT_NAME Maize and Mingle Cafe] [SL:PERSONAL_NAME Sandy] ],RESTAURANT_NAME: Maize and Mingle Cafe $$ PERSONAL_NAME: Sandy,sna
kitchen_and_dining,cancel_reservation,There's a spot at the Pizza Hut that they've reserved for Caroline that I want to clear.,"19:28:SL:RESTAURANT_NAME,46:54:SL:PERSONAL_NAME",[IN:cancel_reservation [SL:RESTAURANT_NAME Pizza Hut] [SL:PERSONAL_NAME Caroline] ],RESTAURANT_NAME: Pizza Hut $$ PERSONAL_NAME: Caroline,sna
kitchen_and_dining,cancel_reservation,We're not going to my birthday party at Beach House on the 3rd of June so let them save me a spot of interest,"26:41:SL:CALENDAR_EVENT,44:55:SL:RESTAURANT_NAME,63:73:SL:DATE",[IN:cancel_reservation [SL:CALENDAR_EVENT bhavhadhe rangu] [SL:RESTAURANT_NAME Beach House] [SL:DATE wa3 mbudzi] ],CALENDAR_EVENT: bhavhadhe rangu $$ RESTAURANT_NAME: Beach House $$ DATE: wa3 mbudzi,sna
kitchen_and_dining,cancel_reservation,I'm about to cancel my reservation for Confidence at Hometown Restaurant.,"55:62:SL:PERSONAL_NAME,65:85:SL:RESTAURANT_NAME",[IN:cancel_reservation [SL:PERSONAL_NAME Ruvimbo] [SL:RESTAURANT_NAME Hometown Restaurant.] ],PERSONAL_NAME: Ruvimbo $$ RESTAURANT_NAME: Hometown Restaurant.,sna
kitchen_and_dining,cancel_reservation,Notify the Village Greek to stop reserving my dining room table at 7:30,"9:22:SL:RESTAURANT_NAME,71:77:SL:TIME",[IN:cancel_reservation [SL:RESTAURANT_NAME Village Greek] [SL:TIME na7:30] ],RESTAURANT_NAME: Village Greek $$ TIME: na7:30,sna
kitchen_and_dining,cancel_reservation,The SushiBox would like to reserve a table for two that I had served at 8:00 p.m. tomorrow.,"2:10:SL:RESTAURANT_NAME,51:57:SL:NUMBER,79:87:SL:TIME,96:108:SL:TIME",[IN:cancel_reservation [SL:RESTAURANT_NAME SushiBox] [SL:NUMBER vaviri] [SL:TIME mangwana] [SL:TIME dza8 manheru] ],RESTAURANT_NAME: SushiBox $$ NUMBER: vaviri $$ TIME: mangwana $$ TIME: dza8 manheru,sna
kitchen_and_dining,cancel_reservation,I no longer need the room I reserved at the Holiday Inn for a bed and breakfast on July 7.,"28:39:SL:HOTEL_NAME,65:77:SL:DATE",[IN:cancel_reservation [SL:HOTEL_NAME Holiday Inn] [SL:DATE 7 Chikunguru] ],HOTEL_NAME: Holiday Inn $$ DATE: 7 Chikunguru,sna
kitchen_and_dining,cancel_reservation,It's not like I'm going to the Mbizi Gamepark where we wanted to go for a ride and see the animals.,34:48:SL:PLACE_NAME,[IN:cancel_reservation [SL:PLACE_NAME Mbizi Gamepark] ],PLACE_NAME: Mbizi Gamepark,sna
kitchen_and_dining,cancel_reservation,Please also clear my reservation for XXXX at 4:30.,"59:64:SL:RESTAURANT_NAME,68:72:SL:TIME",[IN:cancel_reservation [SL:RESTAURANT_NAME Xxxxx] [SL:TIME 4:30] ],RESTAURANT_NAME: Xxxxx $$ TIME: 4:30,sna
kitchen_and_dining,cancel_reservation,Let's cancel our appointment to visit the Zimbabwe Museum of Human Sciences on Wednesday next week.,"75:108:SL:PLACE_NAME,118:125:SL:DATE,126:140:SL:DATE",[IN:cancel_reservation [SL:PLACE_NAME Zimbabwe Museum of Human Sciences] [SL:DATE Chitatu] [SL:DATE svondo rinouya] ],PLACE_NAME: Zimbabwe Museum of Human Sciences $$ DATE: Chitatu $$ DATE: svondo rinouya,sna
kitchen_and_dining,cancel_reservation,Cancel my Trip Trans reservation because I have found another bus that is faster from Roadport.,102:110:SL:PLACE_NAME,[IN:cancel_reservation [SL:PLACE_NAME Roadport] ],PLACE_NAME: Roadport,sna
kitchen_and_dining,cancel_reservation,Cancel the seat I held on the Fly Emirates flight to Dubai on Africa Day.,"69:74:SL:CITY_OR_PROVINCE,77:87:SL:CALENDAR_EVENT",[IN:cancel_reservation [SL:CITY_OR_PROVINCE Dubai] [SL:CALENDAR_EVENT Africa Day] ],CITY_OR_PROVINCE: Dubai $$ CALENDAR_EVENT: Africa Day,sna
kitchen_and_dining,cancel_reservation,Send a phone call to the Holiday Inn and tell them not to expect me because I can't go there for dinner tonight.,"26:37:SL:HOTEL_NAME,115:120:SL:DATE,121:128:SL:TIME",[IN:cancel_reservation [SL:HOTEL_NAME Holiday Inn] [SL:DATE nhasi] [SL:TIME manheru] ],HOTEL_NAME: Holiday Inn $$ DATE: nhasi $$ TIME: manheru,sna
kitchen_and_dining,cancel_reservation,cancel the dinner arrangement with Vimbai today.,"20:37:SL:MEAL_PERIOD,39:44:SL:DATE,47:53:SL:PERSONAL_NAME",[IN:cancel_reservation [SL:MEAL_PERIOD kudya  kwamanheru] [SL:DATE nhasi] [SL:PERSONAL_NAME Vimbai] ],MEAL_PERIOD: kudya  kwamanheru $$ DATE: nhasi $$ PERSONAL_NAME: Vimbai,sna
kitchen_and_dining,cancel_reservation,I had a room reserved at the Mwanga Lodge but now I am about to have it vacated.,47:59:SL:HOTEL_NAME,[IN:cancel_reservation [SL:HOTEL_NAME Mwanga Lodge] ],HOTEL_NAME: Mwanga Lodge,sna
kitchen_and_dining,cancel_reservation,Inform the Art Gallery that I am about to cancel my appointment for May 6 at 3:00 p.m.,"11:23:SL:PLACE_NAME,110:123:SL:DATE,132:146:SL:TIME",[IN:cancel_reservation [SL:PLACE_NAME Arts Gallery] [SL:DATE wa 6 chivabvu] [SL:TIME dza 3 masikati] ],PLACE_NAME: Arts Gallery $$ DATE: wa 6 chivabvu $$ TIME: dza 3 masikati,sna
kitchen_and_dining,cancel_reservation,Call the Kenya Airways and tell them that I do not want to visit South Africa on the Friday I booked.,"63:75:SL:COUNTRY,85:93:SL:DATE",[IN:cancel_reservation [SL:COUNTRY South Africa] [SL:DATE Chishanu] ],COUNTRY: South Africa $$ DATE: Chishanu,sna
kitchen_and_dining,cancel_reservation,Please clear my reservation at Paula's Palace at 2 p.m.,"45:59:SL:RESTAURANT_NAME,68:82:SL:TIME",[IN:cancel_reservation [SL:RESTAURANT_NAME Paula's Palace] [SL:TIME dza 2 masikati] ],RESTAURANT_NAME: Paula's Palace $$ TIME: dza 2 masikati,sna
kitchen_and_dining,cancel_reservation,Cancel the lunch I had planned with Candice at Crown Plaza.,"25:42:SL:MEAL_PERIOD,62:69:SL:PERSONAL_NAME,72:83:SL:HOTEL_NAME",[IN:cancel_reservation [SL:MEAL_PERIOD kudya kwemasikati] [SL:PERSONAL_NAME Candice] [SL:HOTEL_NAME Crown Plaza] ],MEAL_PERIOD: kudya kwemasikati $$ PERSONAL_NAME: Candice $$ HOTEL_NAME: Crown Plaza,sna
kitchen_and_dining,cancel_reservation,Cancel my appointment at 8 p.m. at Mambos.,"44:56:SL:TIME,59:65:SL:RESTAURANT_NAME",[IN:cancel_reservation [SL:TIME dza8 manheru] [SL:RESTAURANT_NAME Mambos] ],TIME: dza8 manheru $$ RESTAURANT_NAME: Mambos,sna
kitchen_and_dining,cancel_reservation,Cancel dinner scheduled for 8 pm at the Chicken Inn,"20:36:SL:MEAL_PERIOD,39:43:SL:TIME,46:57:SL:RESTAURANT_NAME",[IN:cancel_reservation [SL:MEAL_PERIOD kudya kwamanheru] [SL:TIME 8 pm] [SL:RESTAURANT_NAME Chicken Inn] ],MEAL_PERIOD: kudya kwamanheru $$ TIME: 8 pm $$ RESTAURANT_NAME: Chicken Inn,sna
kitchen_and_dining,cancel_reservation,Cancel my lunch schedule at Mojos and Mandy's.,"27:44:SL:MEAL_PERIOD,47:52:SL:RESTAURANT_NAME,55:60:SL:PERSONAL_NAME",[IN:cancel_reservation [SL:MEAL_PERIOD kudya kwemasikati] [SL:RESTAURANT_NAME Mojos] [SL:PERSONAL_NAME Mandy] ],MEAL_PERIOD: kudya kwemasikati $$ RESTAURANT_NAME: Mojos $$ PERSONAL_NAME: Mandy,sna
kitchen_and_dining,cancel_reservation,Cancel our plans for a trip to Hwange National Park next month.,"45:65:SL:PLACE_NAME,66:79:SL:DATE",[IN:cancel_reservation [SL:PLACE_NAME Hwange National Park] [SL:DATE mwedzi unouya] ],PLACE_NAME: Hwange National Park $$ DATE: mwedzi unouya,sna
kitchen_and_dining,cancel_reservation,Please clear my work area at Sterkinekor cinema tonight at 6 p.m.,"77:84:SL:DATE,85:96:SL:TIME",[IN:cancel_reservation [SL:DATE ranhasi] [SL:TIME manheru na6] ],DATE: ranhasi $$ TIME: manheru na6,sna
kitchen_and_dining,cancel_reservation,Cancel my appointment with the dentist that I had made for Saturday at 9:00 a.m.,"80:88:SL:DATE,91:99:SL:TIME",[IN:cancel_reservation [SL:DATE mugovera] [SL:TIME 9 kuseni] ],DATE: mugovera $$ TIME: 9 kuseni,sna
kitchen_and_dining,cancel_reservation,Tell Tendai that we canceled the meeting with his lawyer this afternoon.,"7:13:SL:PERSONAL_NAME,82:87:SL:DATE,88:96:SL:TIME",[IN:cancel_reservation [SL:PERSONAL_NAME Tendai] [SL:DATE nhasi] [SL:TIME masikati] ],PERSONAL_NAME: Tendai $$ DATE: nhasi $$ TIME: masikati,sna
kitchen_and_dining,cancel_reservation,Please clear my post in Greyhound for Johannesburg this evening.,"61:73:SL:CITY_OR_PROVINCE,74:79:SL:DATE,80:86:SL:TIME",[IN:cancel_reservation [SL:CITY_OR_PROVINCE Johannesburg] [SL:DATE nhasi] [SL:TIME madeko] ],CITY_OR_PROVINCE: Johannesburg $$ DATE: nhasi $$ TIME: madeko,sna
kitchen_and_dining,cancel_reservation,Cancel the place that the Barcelos had reserved for me in Joina City for the celebration of Nomsa's birthday.,"49:57:SL:RESTAURANT_NAME,65:75:SL:PLACE_NAME,98:109:SL:CALENDAR_EVENT,112:117:SL:PERSONAL_NAME",[IN:cancel_reservation [SL:RESTAURANT_NAME Barcelos] [SL:PLACE_NAME Joina City] [SL:CALENDAR_EVENT yebhavhadhe] [SL:PERSONAL_NAME Nomsa] ],RESTAURANT_NAME: Barcelos $$ PLACE_NAME: Joina City $$ CALENDAR_EVENT: yebhavhadhe $$ PERSONAL_NAME: Nomsa,sna
kitchen_and_dining,cancel_reservation,I would like you to inform the Trust Academy that I am leaving the teaching position I have held for the year 2025 at their school.,89:100:SL:DATE,[IN:cancel_reservation [SL:DATE gore ra2025] ],DATE: gore ra2025,sna
kitchen_and_dining,cancel_reservation,I want you to open the barber shop that my barber Charles had for me at 6 p.m. in the city of Harare.,"70:77:SL:PERSONAL_NAME,86:98:SL:TIME,112:118:SL:CITY_OR_PROVINCE",[IN:cancel_reservation [SL:PERSONAL_NAME Charles] [SL:TIME dza6 manheru] [SL:CITY_OR_PROVINCE Harare] ],PERSONAL_NAME: Charles $$ TIME: dza6 manheru $$ CITY_OR_PROVINCE: Harare,sna
kitchen_and_dining,cancel_reservation,I no longer need my reserved place at The Great Wall tonight.,"45:59:SL:RESTAURANT_NAME,60:71:SL:TIME",[IN:cancel_reservation [SL:RESTAURANT_NAME The Great Wall] [SL:TIME manheru ano] ],RESTAURANT_NAME: The Great Wall $$ TIME: manheru ano,sna
kitchen_and_dining,cancel_reservation,Cancel my appointment with my fitness instructor at Alliance Gym to meet me at Belvedere tomorrow at 3:00 p.m.,"78:90:SL:PLACE_NAME,106:114:SL:DATE,115:127:SL:TIME,130:139:SL:PLACE_NAME",[IN:cancel_reservation [SL:PLACE_NAME Alliance Gym] [SL:DATE mangwana] [SL:TIME na3 masikati] [SL:PLACE_NAME Belvedere] ],PLACE_NAME: Alliance Gym $$ DATE: mangwana $$ TIME: na3 masikati $$ PLACE_NAME: Belvedere,sna
kitchen_and_dining,cancel_reservation,I am about to miss the Harare Botanical Gardens where I have promised to visit this weekend at 10 a.m.,"27:51:SL:PLACE_NAME,88:107:SL:DATE,110:122:SL:TIME",[IN:cancel_reservation [SL:PLACE_NAME Harare Botanical Gardens] [SL:DATE panopera vhiki rino] [SL:TIME 10 dzokuseni] ],PLACE_NAME: Harare Botanical Gardens $$ DATE: panopera vhiki rino $$ TIME: 10 dzokuseni,sna
kitchen_and_dining,cancel_reservation,Please inform Alo Alo that I do not want to be served at their table for dinner today.,"18:25:SL:RESTAURANT_NAME,83:99:SL:MEAL_PERIOD,100:108:SL:DATE",[IN:cancel_reservation [SL:RESTAURANT_NAME Alo Alo] [SL:MEAL_PERIOD kudya kwemanheru] [SL:DATE kwanhasi] ],RESTAURANT_NAME: Alo Alo $$ MEAL_PERIOD: kudya kwemanheru $$ DATE: kwanhasi,sna
kitchen_and_dining,cancel_reservation,I no longer need the seat I was reserved for tomorrow at the Theater In The Park where Slick Pastor will be so cancel it.,"43:51:SL:DATE,54:73:SL:PLACE_NAME,93:105:SL:ARTIST_NAME",[IN:cancel_reservation [SL:DATE mangwana] [SL:PLACE_NAME Theater In The Park] [SL:ARTIST_NAME Slick Pastor] ],DATE: mangwana $$ PLACE_NAME: Theater In The Park $$ ARTIST_NAME: Slick Pastor,sna
kitchen_and_dining,cancel_reservation,I emptied the lunchroom that Maidei had prepared for me.,"23:40:SL:MEAL_PERIOD,69:75:SL:PERSONAL_NAME",[IN:cancel_reservation [SL:MEAL_PERIOD kudya kwamasikati] [SL:PERSONAL_NAME Maidei] ],MEAL_PERIOD: kudya kwamasikati $$ PERSONAL_NAME: Maidei,sna
kitchen_and_dining,cancel_reservation,Tell the Chipanga Lodge to vacate the dormitory reserved for my wife Rumbidzai from the 4th to the 6th of this month.,"10:24:SL:HOTEL_NAME,93:102:SL:PERSONAL_NAME,113:117:SL:DATE,126:138:SL:DATE",[IN:cancel_reservation [SL:HOTEL_NAME Chipanga Lodge] [SL:PERSONAL_NAME Rumbidzai] [SL:DATE wa 4] [SL:DATE 6 mwedzi uno] ],HOTEL_NAME: Chipanga Lodge $$ PERSONAL_NAME: Rumbidzai $$ DATE: wa 4 $$ DATE: 6 mwedzi uno,sna
kitchen_and_dining,cancel_reservation,Inform the Trip Trans that I am canceling my reservation on the bus leaving for Gwanda tomorrow at 1 p.m.,"109:115:SL:CITY_OR_PROVINCE,116:124:SL:DATE,125:138:SL:TIME",[IN:cancel_reservation [SL:CITY_OR_PROVINCE Gwanda] [SL:DATE mangwana] [SL:TIME masikati na 1] ],CITY_OR_PROVINCE: Gwanda $$ DATE: mangwana $$ TIME: masikati na 1,sna
kitchen_and_dining,cancel_reservation,I would also like you to visit my booked exhibition space at ZITF in Bulawayo this year.,"87:91:SL:PLACE_NAME,94:102:SL:CITY_OR_PROVINCE,103:112:SL:DATE",[IN:cancel_reservation [SL:PLACE_NAME ZITF] [SL:CITY_OR_PROVINCE Bulawayo] [SL:DATE gore rino] ],PLACE_NAME: ZITF $$ CITY_OR_PROVINCE: Bulawayo $$ DATE: gore rino,sna
kitchen_and_dining,cancel_reservation,I also want you to take down the dining room I was booked into at Spurs.,68:73:SL:RESTAURANT_NAME,[IN:cancel_reservation [SL:RESTAURANT_NAME Spurs] ],RESTAURANT_NAME: Spurs,sna
kitchen_and_dining,cancel_reservation,I want you to check out the place I booked Tsitsi for dinner at the Miekles Hotel.,"44:50:SL:PERSONAL_NAME,53:69:SL:MEAL_PERIOD,72:85:SL:HOTEL_NAME",[IN:cancel_reservation [SL:PERSONAL_NAME Tsitsi] [SL:MEAL_PERIOD kudya kwemanheru] [SL:HOTEL_NAME Miekles Hotel] ],PERSONAL_NAME: Tsitsi $$ MEAL_PERIOD: kudya kwemanheru $$ HOTEL_NAME: Miekles Hotel,sna
kitchen_and_dining,cancel_reservation,I no longer need the Vanilla Moon restaurant I was hired to run so cancel it.,23:35:SL:RESTAURANT_NAME,[IN:cancel_reservation [SL:RESTAURANT_NAME Vanilla Moon] ],RESTAURANT_NAME: Vanilla Moon,sna
kitchen_and_dining,cancel_reservation,Have Mary's dining table that I had worked for at Crown Plaza cleared out on Wednesday.,"32:36:SL:PERSONAL_NAME,60:71:SL:HOTEL_NAME,81:88:SL:DATE",[IN:cancel_reservation [SL:PERSONAL_NAME Mary] [SL:HOTEL_NAME Crown Plaza] [SL:DATE Chitatu] ],PERSONAL_NAME: Mary $$ HOTEL_NAME: Crown Plaza $$ DATE: Chitatu,sna
kitchen_and_dining,cancel_reservation,Cancel my reservation for the night at the Bronte Hotel.,"50:55:SL:PERSONAL_NAME,58:70:SL:HOTEL_NAME,71:76:SL:DATE,77:84:SL:TIME",[IN:cancel_reservation [SL:PERSONAL_NAME Nomsa] [SL:HOTEL_NAME Bronte Hotel] [SL:DATE nhasi] [SL:TIME manheru] ],PERSONAL_NAME: Nomsa $$ HOTEL_NAME: Bronte Hotel $$ DATE: nhasi $$ TIME: manheru,sna
kitchen_and_dining,cancel_reservation,Please do not miss the opportunity to meet Dr Chigaru at his Chihitungwiza hospital.,"50:60:SL:PERSONAL_NAME,84:95:SL:CITY_OR_PROVINCE",[IN:cancel_reservation [SL:PERSONAL_NAME Dr Chigaru] [SL:CITY_OR_PROVINCE Chitungwiza] ],PERSONAL_NAME: Dr Chigaru $$ CITY_OR_PROVINCE: Chitungwiza,sna
kitchen_and_dining,cancel_reservation,Inform the Red Rose saloon that they are no longer maintaining the hair salon I had hired for Rumbidzai on weekends.,"64:73:SL:PERSONAL_NAME,112:126:SL:DATE",[IN:cancel_reservation [SL:PERSONAL_NAME Rumbidzai] [SL:DATE panopera vhiki] ],PERSONAL_NAME: Rumbidzai $$ DATE: panopera vhiki,sna
kitchen_and_dining,cancel_reservation,Have Jolly Chicken set a table for four.,"2:15:SL:RESTAURANT_NAME,60:64:SL:NUMBER",[IN:cancel_reservation [SL:RESTAURANT_NAME Jolly Chicken] [SL:NUMBER vana] ],RESTAURANT_NAME: Jolly Chicken $$ NUMBER: vana,sna
kitchen_and_dining,cancel_reservation,Let's not do the Ocean Basket where my wife and I had a table set up for me tonight.,"22:34:SL:RESTAURANT_NAME,89:94:SL:DATE,95:102:SL:TIME",[IN:cancel_reservation [SL:RESTAURANT_NAME Ocean Basket] [SL:DATE nhasi] [SL:TIME manheru] ],RESTAURANT_NAME: Ocean Basket $$ DATE: nhasi $$ TIME: manheru,sna
kitchen_and_dining,cancel_reservation,It would not approve of the maintenance of the bedroom I had at Grandview Lodge.,66:81:SL:HOTEL_NAME,[IN:cancel_reservation [SL:HOTEL_NAME Grandview Lodge] ],HOTEL_NAME: Grandview Lodge,sna
kitchen_and_dining,cancel_reservation,Cancel my reservation on the Bolt Cutter bus to Zambia.,73:79:SL:COUNTRY,[IN:cancel_reservation [SL:COUNTRY Zambia] ],COUNTRY: Zambia,sna
kitchen_and_dining,cancel_reservation,Cancel the planned overnight stay at Rainbow Towers.,32:46:SL:HOTEL_NAME,[IN:cancel_reservation [SL:HOTEL_NAME Rainbow Towers] ],HOTEL_NAME: Rainbow Towers,sna
kitchen_and_dining,cancel_reservation,The dining room that Mrs. Sithole had prepared for me in Nandos is no longer my favorite.,"31:42:SL:PERSONAL_NAME,45:61:SL:MEAL_PERIOD,64:70:SL:RESTAURANT_NAME",[IN:cancel_reservation [SL:PERSONAL_NAME Mai Sithole] [SL:MEAL_PERIOD kudya kwemanheru] [SL:RESTAURANT_NAME Nandos] ],PERSONAL_NAME: Mai Sithole $$ MEAL_PERIOD: kudya kwemanheru $$ RESTAURANT_NAME: Nandos,sna
kitchen_and_dining,cancel_reservation,Let the Nandos know they're not serving Ashley a table for her birthday party tonight.,"9:15:SL:RESTAURANT_NAME,35:41:SL:PERSONAL_NAME,63:77:SL:CALENDAR_EVENT,78:83:SL:DATE,84:91:SL:TIME",[IN:cancel_reservation [SL:RESTAURANT_NAME Nandos] [SL:PERSONAL_NAME Ashley] [SL:CALENDAR_EVENT bhavhadhe rake] [SL:DATE nhasi] [SL:TIME manheru] ],RESTAURANT_NAME: Nandos $$ PERSONAL_NAME: Ashley $$ CALENDAR_EVENT: bhavhadhe rake $$ DATE: nhasi $$ TIME: manheru,sna
kitchen_and_dining,cancel_reservation,Tell Tamba Tamba to let me have a playground in their neighborhood today.,"7:18:SL:PLACE_NAME,98:103:SL:DATE",[IN:cancel_reservation [SL:PLACE_NAME Tamba Tamba] [SL:DATE nhasi] ],PLACE_NAME: Tamba Tamba $$ DATE: nhasi,sna
kitchen_and_dining,cancel_reservation,The place I was reserved for tomorrow in Mochacos is no longer needed.,"35:43:SL:DATE,46:55:SL:RESTAURANT_NAME",[IN:cancel_reservation [SL:DATE mangwana] [SL:RESTAURANT_NAME Mochachos] ],DATE: mangwana $$ RESTAURANT_NAME: Mochachos,sna
kitchen_and_dining,cancel_reservation,Cancel the breakfast program where I had set up the table at Laroche Gardens.,"25:42:SL:MEAL_PERIOD,72:87:SL:RESTAURANT_NAME",[IN:cancel_reservation [SL:MEAL_PERIOD kudya kwamakuseni] [SL:RESTAURANT_NAME Laroche Gardens] ],MEAL_PERIOD: kudya kwamakuseni $$ RESTAURANT_NAME: Laroche Gardens,sna
kitchen_and_dining,cancel_reservation,Make sure The Farmhouse doesn't become the drinking and social club that I've been with Comforter.,"19:32:SL:RESTAURANT_NAME,109:119:SL:PERSONAL_NAME",[IN:cancel_reservation [SL:RESTAURANT_NAME The Farmhouse] [SL:PERSONAL_NAME Munyaradzi] ],RESTAURANT_NAME: The Farmhouse $$ PERSONAL_NAME: Munyaradzi,sna
kitchen_and_dining,cancel_reservation,I'm about to cancel all my reservations for the rest of the year especially the tables in Mama's Kitchen.,"65:74:SL:DATE,104:118:SL:RESTAURANT_NAME",[IN:cancel_reservation [SL:DATE gore rino] [SL:RESTAURANT_NAME Mama's Kitchen] ],DATE: gore rino $$ RESTAURANT_NAME: Mama's Kitchen,sna
kitchen_and_dining,cancel_reservation,"Also, let the Military Medical Officer know that they will not keep me on the 2:30 p.m. appointment.","14:30:SL:PERSONAL_NAME,82:98:SL:TIME",[IN:cancel_reservation [SL:PERSONAL_NAME Chiremba Masocha] [SL:TIME dza2:30 masikati] ],PERSONAL_NAME: Chiremba Masocha $$ TIME: dza2:30 masikati,sna
kitchen_and_dining,cancel_reservation,You can tell the Victoria Falls Hotel to stop holding my room for me.,29:49:SL:HOTEL_NAME,[IN:cancel_reservation [SL:HOTEL_NAME Victoria Falls Hotel] ],HOTEL_NAME: Victoria Falls Hotel,sna
kitchen_and_dining,cancel_reservation,I want you to pick up the place that Tsitsi booked for me at Gava's Restaurant at 7:30 p.m.,"47:53:SL:PERSONAL_NAME,56:73:SL:RESTAURANT_NAME,77:89:SL:TIME",[IN:cancel_reservation [SL:PERSONAL_NAME Tsitsi] [SL:RESTAURANT_NAME Gava's Restaurant] [SL:TIME 7:30 manheru] ],PERSONAL_NAME: Tsitsi $$ RESTAURANT_NAME: Gava's Restaurant $$ TIME: 7:30 manheru,sna
kitchen_and_dining,cancel_reservation,I would like the St Elnos reservation that I have been given to be removed because I have no plans for it.,25:33:SL:RESTAURANT_NAME,[IN:cancel_reservation [SL:RESTAURANT_NAME St Elnos] ],RESTAURANT_NAME: St Elnos,sna
kitchen_and_dining,cancel_reservation,Go ahead and cancel the Grand Tour movie at 8 p.m. today.,"50:61:SL:TIME,62:67:SL:DATE",[IN:cancel_reservation [SL:TIME na8 manheru] [SL:DATE nhasi] ],TIME: na8 manheru $$ DATE: nhasi,sna
kitchen_and_dining,cancel_reservation,Please don't work for me at 5:45 p.m. on the day I have a meeting with Susan.,"44:58:SL:TIME,90:95:SL:PERSONAL_NAME",[IN:cancel_reservation [SL:TIME dza5:45 madeko] [SL:PERSONAL_NAME Susan] ],TIME: dza5:45 madeko $$ PERSONAL_NAME: Susan,sna
kitchen_and_dining,cancel_reservation,Please contact 7Arts for reserving seats for two winners of the NAMA Awards.,"16:21:SL:PLACE_NAME,60:66:SL:NUMBER,114:125:SL:CALENDAR_EVENT",[IN:cancel_reservation [SL:PLACE_NAME 7Arts] [SL:NUMBER vaviri] [SL:CALENDAR_EVENT NAMA Awards] ],PLACE_NAME: 7Arts $$ NUMBER: vaviri $$ CALENDAR_EVENT: NAMA Awards,sna
kitchen_and_dining,cancel_reservation,Tell Francis and Hope that I have been overseas so that they will not book a place for me when they get married on April 4.,"5:12:SL:PERSONAL_NAME,15:20:SL:PERSONAL_NAME",[IN:cancel_reservation [SL:PERSONAL_NAME Francis] [SL:PERSONAL_NAME Chido] ],PERSONAL_NAME: Francis $$ PERSONAL_NAME: Chido,sna
kitchen_and_dining,cancel_reservation,Is it still possible to cancel my table at the Slice Center tomorrow at 2:30 p.m.?,"62:74:SL:RESTAURANT_NAME,75:83:SL:DATE,86:99:SL:TIME",[IN:cancel_reservation [SL:RESTAURANT_NAME Slice Centre] [SL:DATE mangwana] [SL:TIME 2:30 masikati] ],RESTAURANT_NAME: Slice Centre $$ DATE: mangwana $$ TIME: 2:30 masikati,sna
kitchen_and_dining,cancel_reservation,Let the Jam Tree reserve a place for me to celebrate the Peace bath festival on the last Saturday of April.,"2:10:SL:RESTAURANT_NAME,75:96:SL:CALENDAR_EVENT,104:112:SL:DATE,115:142:SL:DATE",[IN:cancel_reservation [SL:RESTAURANT_NAME Jam Tree] [SL:CALENDAR_EVENT bhavhadhe raRunyararo] [SL:DATE Mugovera] [SL:DATE kupera kwemwedzi waKubvumbi] ],RESTAURANT_NAME: Jam Tree $$ CALENDAR_EVENT: bhavhadhe raRunyararo $$ DATE: Mugovera $$ DATE: kupera kwemwedzi waKubvumbi,sna
kitchen_and_dining,cancel_reservation,"I wanted to drive to Donnybrook Park, but I told them to let me have a seat because I was too old to drive.",36:51:SL:PLACE_NAME,[IN:cancel_reservation [SL:PLACE_NAME Donnybrook Park] ],PLACE_NAME: Donnybrook Park,sna
kitchen_and_dining,cancel_reservation,Cancel my reservation at the Heavenly Villa because I have other plans.,50:64:SL:HOTEL_NAME,[IN:cancel_reservation [SL:HOTEL_NAME Ezulwini Villa] ],HOTEL_NAME: Ezulwini Villa,sna
kitchen_and_dining,cancel_reservation,Please let Royal Guest House cancel all reservations for me during the months of April and August because I will be visiting.,"0:17:SL:HOTEL_NAME,76:84:SL:DATE,87:98:SL:DATE",[IN:cancel_reservation [SL:HOTEL_NAME Royal Guest House] [SL:DATE Kubvumbi] [SL:DATE Nyamavhuvhu] ],HOTEL_NAME: Royal Guest House $$ DATE: Kubvumbi $$ DATE: Nyamavhuvhu,sna
kitchen_and_dining,cancel_reservation,Inform the Three Monkeys Restaurant that they will no longer book Mike's place for September 4th.,"10:34:SL:RESTAURANT_NAME,64:68:SL:PERSONAL_NAME,84:95:SL:DATE",[IN:cancel_reservation [SL:RESTAURANT_NAME Three Monkeys Restaurant] [SL:PERSONAL_NAME Mike] [SL:DATE wa4 Gunyana] ],RESTAURANT_NAME: Three Monkeys Restaurant $$ PERSONAL_NAME: Mike $$ DATE: wa4 Gunyana,sna
kitchen_and_dining,cancel_reservation,"If I have a reservation at the Cresta Lodge, cancel it now.",40:52:SL:HOTEL_NAME,[IN:cancel_reservation [SL:HOTEL_NAME Cresta Lodge] ],HOTEL_NAME: Cresta Lodge,sna
kitchen_and_dining,cancel_reservation,Cancel my reservation on Air Zimbabwe from Harare to Dubai tomorrow because I found a cheaper one.,"58:64:SL:CITY_OR_PROVINCE,75:80:SL:CITY_OR_PROVINCE,81:89:SL:DATE",[IN:cancel_reservation [SL:CITY_OR_PROVINCE Harare] [SL:CITY_OR_PROVINCE Dubai] [SL:DATE mangwana] ],CITY_OR_PROVINCE: Harare $$ CITY_OR_PROVINCE: Dubai $$ DATE: mangwana,sna
kitchen_and_dining,cancel_reservation,"I was eager to get to the Haka Game Park, but they had not told me the time I was supposed to arrive.",35:48:SL:PLACE_NAME,[IN:cancel_reservation [SL:PLACE_NAME Haka Gamepark] ],PLACE_NAME: Haka Gamepark,sna
kitchen_and_dining,confirm_reservation,Confirm my address for January 2 at 5:00 p.m.,"45:54:SL:DATE,63:79:SL:TIME",[IN:confirm_reservation [SL:DATE wa2 Ndira] [SL:TIME dza5 zuva rovira] ],DATE: wa2 Ndira $$ TIME: dza5 zuva rovira,sna
kitchen_and_dining,confirm_reservation,Please confirm that my reservation is available for November 28 at 8:00 a.m.,"78:89:SL:DATE,98:113:SL:TIME",[IN:confirm_reservation [SL:DATE wa28 Mbudzi] [SL:TIME dza8 mangwanani] ],DATE: wa28 Mbudzi $$ TIME: dza8 mangwanani,sna
kitchen_and_dining,confirm_reservation,Can you confirm that I have a reservation for May 18th?,60:73:SL:DATE,[IN:confirm_reservation [SL:DATE wa18 Chivabvu] ],DATE: wa18 Chivabvu,sna
kitchen_and_dining,confirm_reservation,Check that I have my place at Dakar at 12 noon,"44:54:SL:RESTAURANT_NAME,63:77:SL:TIME",[IN:confirm_reservation [SL:RESTAURANT_NAME paDakarayi] [SL:TIME dza12 masikati] ],RESTAURANT_NAME: paDakarayi $$ TIME: dza12 masikati,sna
kitchen_and_dining,confirm_reservation,Please confirm that I have a reservation at Gallery Meals for 2 hours.,"74:87:SL:RESTAURANT_NAME,102:106:SL:TIME",[IN:confirm_reservation [SL:RESTAURANT_NAME Gallery Meals] [SL:TIME dza2] ],RESTAURANT_NAME: Gallery Meals $$ TIME: dza2,sna
kitchen_and_dining,confirm_reservation,I want to know if I have a reservation Want it or not at Gramsci Roast,"52:58:SL:PERSONAL_NAME,82:95:SL:RESTAURANT_NAME",[IN:confirm_reservation [SL:PERSONAL_NAME Tinoda] [SL:RESTAURANT_NAME Gramsci Roast] ],PERSONAL_NAME: Tinoda $$ RESTAURANT_NAME: Gramsci Roast,sna
kitchen_and_dining,confirm_reservation,Tell me if I have a place or not I registered Timon at 4 pm.,"65:70:SL:PERSONAL_NAME,79:92:SL:TIME",[IN:confirm_reservation [SL:PERSONAL_NAME Timon] [SL:TIME dza4 masikati] ],PERSONAL_NAME: Timon $$ TIME: dza4 masikati,sna
kitchen_and_dining,confirm_reservation,Tell me if I still have my domain registered to Pamela on,56:62:SL:PERSONAL_NAME,[IN:confirm_reservation [SL:PERSONAL_NAME Pamela] ],PERSONAL_NAME: Pamela,sna
kitchen_and_dining,confirm_reservation,Please confirm that my reservation for Rumbi at the Bronte Hotel is still available.,"53:58:SL:PERSONAL_NAME,61:73:SL:HOTEL_NAME",[IN:confirm_reservation [SL:PERSONAL_NAME Rumbi] [SL:HOTEL_NAME Bronte Hotel] ],PERSONAL_NAME: Rumbi $$ HOTEL_NAME: Bronte Hotel,sna
kitchen_and_dining,confirm_reservation,Get a stamp that my reservation for Uncle Sam's 2 p.m. is still available,"50:66:SL:PERSONAL_NAME,81:94:SL:TIME",[IN:confirm_reservation [SL:PERSONAL_NAME Sekuru Sinziweni] [SL:TIME dza2 masikati] ],PERSONAL_NAME: Sekuru Sinziweni $$ TIME: dza2 masikati,sna
kitchen_and_dining,confirm_reservation,Please confirm that I have a table for ten people for 10:00 on Saturday morning,"61:65:SL:NUMBER,80:96:SL:TIME,106:114:SL:DATE",[IN:confirm_reservation [SL:NUMBER gumi] [SL:TIME dza10 mangwanani] [SL:DATE Mugovera] ],NUMBER: gumi $$ TIME: dza10 mangwanani $$ DATE: Mugovera,sna
kitchen_and_dining,confirm_reservation,Get confirmation that there are reserved places for Uncle Tom at Hwange Tree Lodge.,"50:63:SL:PERSONAL_NAME,66:83:SL:HOTEL_NAME",[IN:confirm_reservation [SL:PERSONAL_NAME Sekuru Kuruku] [SL:HOTEL_NAME Hwange Tree Lodge] ],PERSONAL_NAME: Sekuru Kuruku $$ HOTEL_NAME: Hwange Tree Lodge,sna
kitchen_and_dining,confirm_reservation,Can you get confirmation that Auntie Rongina has a place reserved at Holiday Inn Mutare?,"35:47:SL:PERSONAL_NAME,74:92:SL:HOTEL_NAME",[IN:confirm_reservation [SL:PERSONAL_NAME Tete Rongina] [SL:HOTEL_NAME Holiday Inn Mutare] ],PERSONAL_NAME: Tete Rongina $$ HOTEL_NAME: Holiday Inn Mutare,sna
kitchen_and_dining,confirm_reservation,Can you comment that Matida has her place reserved at the Court Holiday Inn,"29:35:SL:PERSONAL_NAME,69:87:SL:HOTEL_NAME",[IN:confirm_reservation [SL:PERSONAL_NAME Matida] [SL:HOTEL_NAME Mutare Holiday Inn] ],PERSONAL_NAME: Matida $$ HOTEL_NAME: Mutare Holiday Inn,sna
kitchen_and_dining,confirm_reservation,Are there reserved seats for Solo and Mutsai at Gava Restaurant?,"30:34:SL:PERSONAL_NAME,37:43:SL:PERSONAL_NAME,51:66:SL:RESTAURANT_NAME",[IN:confirm_reservation [SL:PERSONAL_NAME Solo] [SL:PERSONAL_NAME Mutsai] [SL:RESTAURANT_NAME Gava Restaurant] ],PERSONAL_NAME: Solo $$ PERSONAL_NAME: Mutsai $$ RESTAURANT_NAME: Gava Restaurant,sna
kitchen_and_dining,confirm_reservation,Can you call to find out if the room I reserved for Uncle Phil is still available at the Mother Village Lodge?,"68:83:SL:PERSONAL_NAME,98:116:SL:HOTEL_NAME",[IN:confirm_reservation [SL:PERSONAL_NAME Sekuru Firimoni] [SL:HOTEL_NAME Amai Village Lodge] ],PERSONAL_NAME: Sekuru Firimoni $$ HOTEL_NAME: Amai Village Lodge,sna
kitchen_and_dining,confirm_reservation,I would like to confirm that I have a reservation at the Elephant Hills Hotel for January 23 this year.,"71:91:SL:HOTEL_NAME,105:115:SL:DATE,116:125:SL:DATE",[IN:confirm_reservation [SL:HOTEL_NAME Elephant Hills Hotel] [SL:DATE wa23 Ndira] [SL:DATE gore rino] ],HOTEL_NAME: Elephant Hills Hotel $$ DATE: wa23 Ndira $$ DATE: gore rino,sna
kitchen_and_dining,confirm_reservation,"Do I have a reservation for July 1, 2024?",53:72:SL:DATE,[IN:confirm_reservation [SL:DATE wa1 Chikunguru 2024] ],DATE: wa1 Chikunguru 2024,sna
kitchen_and_dining,confirm_reservation,Can you confirm that I have a reservation at Hotel Machesu?,57:70:SL:HOTEL_NAME,[IN:confirm_reservation [SL:HOTEL_NAME Hotel Machesu] ],HOTEL_NAME: Hotel Machesu,sna
kitchen_and_dining,confirm_reservation,Can you give me a ticket that I have a table reserved at Grandma's Tears for 3:00 p.m.?,"64:77:SL:RESTAURANT_NAME,92:105:SL:TIME",[IN:confirm_reservation [SL:RESTAURANT_NAME Mbuya Musodzi] [SL:TIME dza3 masikati] ],RESTAURANT_NAME: Mbuya Musodzi $$ TIME: dza3 masikati,sna
kitchen_and_dining,confirm_reservation,A seal still in effect that my deposit was kept at the Village Inn for 630 hours tomorrow morning.,"60:71:SL:RESTAURANT_NAME,86:103:SL:TIME,104:112:SL:DATE",[IN:confirm_reservation [SL:RESTAURANT_NAME Village Inn] [SL:TIME dza630 mangwanani] [SL:DATE mangwana] ],RESTAURANT_NAME: Village Inn $$ TIME: dza630 mangwanani $$ DATE: mangwana,sna
kitchen_and_dining,confirm_reservation,Please confirm security for my place at the Old Paye Restaurant for 1245 hours in the afternoon.,"56:78:SL:RESTAURANT_NAME,93:109:SL:TIME",[IN:confirm_reservation [SL:RESTAURANT_NAME Pakare Paye Restaurant] [SL:TIME dza1245 masikati] ],RESTAURANT_NAME: Pakare Paye Restaurant $$ TIME: dza1245 masikati,sna
kitchen_and_dining,confirm_reservation,Do I have confirmation that my seats are reserved at 99 Manica Inn,58:71:SL:HOTEL_NAME,[IN:confirm_reservation [SL:HOTEL_NAME 99 Manica Inn] ],HOTEL_NAME: 99 Manica Inn,sna
kitchen_and_dining,confirm_reservation,Is there any confirmation that my seat has been reserved at the Heart Gate for 10:30 AM,"55:68:SL:RESTAURANT_NAME,83:101:SL:TIME",[IN:confirm_reservation [SL:RESTAURANT_NAME Gapu RaMaMoyo] [SL:TIME dza1030 mangwanani] ],RESTAURANT_NAME: Gapu RaMaMoyo $$ TIME: dza1030 mangwanani,sna
kitchen_and_dining,confirm_reservation,Get confirmation if my place is reserved at Fried Bream for the 2 p.m. race.,"55:66:SL:RESTAURANT_NAME,81:94:SL:TIME",[IN:confirm_reservation [SL:RESTAURANT_NAME Fried Bream] [SL:TIME dza2 masikati] ],RESTAURANT_NAME: Fried Bream $$ TIME: dza2 masikati,sna
kitchen_and_dining,confirm_reservation,I want to know if any money is saved on my Kadovi for 8 times euros.,"55:67:SL:RESTAURANT_NAME,82:92:SL:TIME",[IN:confirm_reservation [SL:RESTAURANT_NAME Kadovi Kangu] [SL:TIME dza8 mauro] ],RESTAURANT_NAME: Kadovi Kangu $$ TIME: dza8 mauro,sna
kitchen_and_dining,confirm_reservation,Check if my place is reserved on Tigre Open Braai,47:64:SL:RESTAURANT_NAME,[IN:confirm_reservation [SL:RESTAURANT_NAME Tigere Open Braai] ],RESTAURANT_NAME: Tigere Open Braai,sna
kitchen_and_dining,confirm_reservation,Tell me if my place is reserved at the Holiday Inn tomorrow,"48:59:SL:HOTEL_NAME,60:68:SL:DATE",[IN:confirm_reservation [SL:HOTEL_NAME Holiday Inn] [SL:DATE mangwana] ],HOTEL_NAME: Holiday Inn $$ DATE: mangwana,sna
kitchen_and_dining,confirm_reservation,Would you also know if Tina's table reservation has been made at the Holiday Inn for 12 noon tomorrow?,"43:49:SL:PERSONAL_NAME,61:72:SL:HOTEL_NAME,87:101:SL:TIME,102:110:SL:DATE",[IN:confirm_reservation [SL:PERSONAL_NAME Tinaye] [SL:HOTEL_NAME Holiday Inn] [SL:TIME dza12 masikati] [SL:DATE mangwana] ],PERSONAL_NAME: Tinaye $$ HOTEL_NAME: Holiday Inn $$ TIME: dza12 masikati $$ DATE: mangwana,sna
kitchen_and_dining,confirm_reservation,Is my place reserved at Home Villa for 8pm drop off?,"38:48:SL:HOTEL_NAME,63:75:SL:TIME",[IN:confirm_reservation [SL:HOTEL_NAME Home Villa] [SL:TIME dza8 manheru] ],HOTEL_NAME: Home Villa $$ TIME: dza8 manheru,sna
kitchen_and_dining,confirm_reservation,I want to know that my place is secure,,[IN:confirm_reservation ],,sna
kitchen_and_dining,confirm_reservation,I'd like you to confirm the location of my stash of Toys on Sunnyside Mews.,"59:64:SL:PERSONAL_NAME,67:81:SL:RESTAURANT_NAME",[IN:confirm_reservation [SL:PERSONAL_NAME Chido] [SL:RESTAURANT_NAME Sunnyside Mews] ],PERSONAL_NAME: Chido $$ RESTAURANT_NAME: Sunnyside Mews,sna
kitchen_and_dining,confirm_reservation,Can you also emphasize the place I kept Happiness on Miekles?,"47:53:SL:PERSONAL_NAME,56:63:SL:HOTEL_NAME",[IN:confirm_reservation [SL:PERSONAL_NAME Mufaro] [SL:HOTEL_NAME Miekles] ],PERSONAL_NAME: Mufaro $$ HOTEL_NAME: Miekles,sna
kitchen_and_dining,confirm_reservation,I would like to confirm the table for five that I reserved for 6 o'clock tomorrow morning on April 20th.,"27:34:SL:NUMBER,67:86:SL:TIME,92:106:SL:DATE",[IN:confirm_reservation [SL:NUMBER vashanu] [SL:TIME dza6 rungwanangwana] [SL:DATE was20 Kubvumbi] ],NUMBER: vashanu $$ TIME: dza6 rungwanangwana $$ DATE: was20 Kubvumbi,sna
kitchen_and_dining,confirm_reservation,I would like to confirm that I am using the table of three that I reserved for 830 hours on the evening of March 12th.,"49:55:SL:NUMBER,88:102:SL:TIME,108:121:SL:DATE",[IN:confirm_reservation [SL:NUMBER vatatu] [SL:TIME dza830 manheru] [SL:DATE was 12 Kurume] ],NUMBER: vatatu $$ TIME: dza830 manheru $$ DATE: was 12 Kurume,sna
kitchen_and_dining,confirm_reservation,I want you to confirm that I have my place at Chinhoyi Caves Inn for the 12 o'clock lunch,"49:67:SL:RESTAURANT_NAME,82:96:SL:TIME",[IN:confirm_reservation [SL:RESTAURANT_NAME Chinhoyi Caves Inn] [SL:TIME dza12 madikati] ],RESTAURANT_NAME: Chinhoyi Caves Inn $$ TIME: dza12 madikati,sna
kitchen_and_dining,confirm_reservation,I have to make sure that my reservation for three is available at Holiday Towers for 9:00 p.m.,"61:67:SL:NUMBER,76:90:SL:HOTEL_NAME,105:117:SL:TIME",[IN:confirm_reservation [SL:NUMBER vatatu] [SL:HOTEL_NAME Holiday Towers] [SL:TIME dza9 manheru] ],NUMBER: vatatu $$ HOTEL_NAME: Holiday Towers $$ TIME: dza9 manheru,sna
kitchen_and_dining,confirm_reservation,I am very interested to know if the domain I registered for Simbai at Enkeldorn Roots is still available.,"57:64:SL:PERSONAL_NAME,67:82:SL:RESTAURANT_NAME",[IN:confirm_reservation [SL:PERSONAL_NAME Simbayi] [SL:RESTAURANT_NAME Enkeldorn Roots] ],PERSONAL_NAME: Simbayi $$ RESTAURANT_NAME: Enkeldorn Roots,sna
kitchen_and_dining,confirm_reservation,Do I need to confirm that my reservation for the Lovelace Coffee Bar is still valid?,"52:59:SL:PERSONAL_NAME,62:81:SL:RESTAURANT_NAME",[IN:confirm_reservation [SL:PERSONAL_NAME Tatenda] [SL:RESTAURANT_NAME Lovelace Coffee Bar] ],PERSONAL_NAME: Tatenda $$ RESTAURANT_NAME: Lovelace Coffee Bar,sna
kitchen_and_dining,confirm_reservation,Can you confirm my reservation at Hatfield Manor for 430 hours?,"56:70:SL:RESTAURANT_NAME,85:100:SL:TIME",[IN:confirm_reservation [SL:RESTAURANT_NAME Hatfield Manor] [SL:TIME dza430 masikati] ],RESTAURANT_NAME: Hatfield Manor $$ TIME: dza430 masikati,sna
kitchen_and_dining,confirm_reservation,I'm trying to confirm if the property I registered for Uncle Kuruku at Chitapitapi Gardens is still available.,"53:66:SL:PERSONAL_NAME,69:88:SL:HOTEL_NAME",[IN:confirm_reservation [SL:PERSONAL_NAME Sekuru Kuruku] [SL:HOTEL_NAME Chitapitapi Gardens] ],PERSONAL_NAME: Sekuru Kuruku $$ HOTEL_NAME: Chitapitapi Gardens,sna
kitchen_and_dining,confirm_reservation,I want the satisfaction of having a place reserved for Honor at Mazowe Dam Restaurant.,"64:71:SL:PERSONAL_NAME,74:95:SL:RESTAURANT_NAME",[IN:confirm_reservation [SL:PERSONAL_NAME Rukudzo] [SL:RESTAURANT_NAME Mazowe Dam Restaurant] ],PERSONAL_NAME: Rukudzo $$ RESTAURANT_NAME: Mazowe Dam Restaurant,sna
kitchen_and_dining,confirm_reservation,Please confirm that I have a reservation at the Lord's Luncheon at 11 a.m.,"62:75:SL:RESTAURANT_NAME,84:100:SL:TIME",[IN:confirm_reservation [SL:RESTAURANT_NAME Ushe Luncheon] [SL:TIME dza11 mangwanani] ],RESTAURANT_NAME: Ushe Luncheon $$ TIME: dza11 mangwanani,sna
kitchen_and_dining,confirm_reservation,I also want to have a seal that my registration for the Jameson Hotel Trademark is valid,"61:71:SL:PERSONAL_NAME,74:87:SL:HOTEL_NAME",[IN:confirm_reservation [SL:PERSONAL_NAME Chiratidzo] [SL:HOTEL_NAME Jameson Hotel] ],PERSONAL_NAME: Chiratidzo $$ HOTEL_NAME: Jameson Hotel,sna
kitchen_and_dining,confirm_reservation,I want to make sure that the reservation I made for three people at the Bird Lodge for the 6:00 p.m. drop-off is still in place,"64:70:SL:NUMBER,73:84:SL:PLACE_NAME,99:111:SL:TIME",[IN:confirm_reservation [SL:NUMBER vatatu] [SL:PLACE_NAME Shiri Lodge] [SL:TIME dza6 manheru] ],NUMBER: vatatu $$ PLACE_NAME: Shiri Lodge $$ TIME: dza6 manheru,sna
kitchen_and_dining,confirm_reservation,Tell Monomotapa Crowne Plaza to hold Musa at the place I booked for him at 8:00 p.m.,"9:32:SL:HOTEL_NAME,51:55:SL:PERSONAL_NAME,97:109:SL:TIME",[IN:confirm_reservation [SL:HOTEL_NAME Monomotapa Crowne Plaza] [SL:PERSONAL_NAME Musa] [SL:TIME dza8 manheru] ],HOTEL_NAME: Monomotapa Crowne Plaza $$ PERSONAL_NAME: Musa $$ TIME: dza8 manheru,sna
kitchen_and_dining,confirm_reservation,Please confirm my reservation for five persons at Kokorigo Jongwe for 2 pm.,"56:63:SL:NUMBER,66:81:SL:RESTAURANT_NAME,100:110:SL:TIME",[IN:confirm_reservation [SL:NUMBER vashanu] [SL:RESTAURANT_NAME Kokorigo Jongwe] [SL:TIME 2 masikati] ],NUMBER: vashanu $$ RESTAURANT_NAME: Kokorigo Jongwe $$ TIME: 2 masikati,sna
kitchen_and_dining,confirm_reservation,Confirm my reservation at the Hozi Delicatessen for the 11 p.m.,"36:53:SL:RESTAURANT_NAME,68:81:SL:TIME",[IN:confirm_reservation [SL:RESTAURANT_NAME Hozi Delicatessen] [SL:TIME dza11 manheru] ],RESTAURANT_NAME: Hozi Delicatessen $$ TIME: dza11 manheru,sna
kitchen_and_dining,confirm_reservation,I am satisfied that my property registration at Mandalay Resorts is valid,61:77:SL:HOTEL_NAME,[IN:confirm_reservation [SL:HOTEL_NAME Mandalay Resorts] ],HOTEL_NAME: Mandalay Resorts,sna
kitchen_and_dining,confirm_reservation,Please confirm my registration number for Shadi at the Pottery Barn,"48:54:SL:PERSONAL_NAME,57:68:SL:RESTAURANT_NAME",[IN:confirm_reservation [SL:PERSONAL_NAME Shadhi] [SL:RESTAURANT_NAME Hari YaTete] ],PERSONAL_NAME: Shadhi $$ RESTAURANT_NAME: Hari YaTete,sna
kitchen_and_dining,confirm_reservation,I want to confirm the place where I kept Rulamai at Gapu Rambuya,"46:53:SL:PERSONAL_NAME,56:68:SL:HOTEL_NAME",[IN:confirm_reservation [SL:PERSONAL_NAME Ruramai] [SL:HOTEL_NAME Gapu Rambuya] ],PERSONAL_NAME: Ruramai $$ HOTEL_NAME: Gapu Rambuya,sna
kitchen_and_dining,confirm_reservation,Be sure that Susipenzi has a reservation at African Sunset,"23:32:SL:PERSONAL_NAME,58:72:SL:RESTAURANT_NAME",[IN:confirm_reservation [SL:PERSONAL_NAME Susipenzi] [SL:RESTAURANT_NAME African Sunset] ],PERSONAL_NAME: Susipenzi $$ RESTAURANT_NAME: African Sunset,sna
kitchen_and_dining,confirm_reservation,Is there still a reservation for me at the Mlibizi River Resort on October 20?,44:64:SL:HOTEL_NAME,[IN:confirm_reservation [SL:HOTEL_NAME Mlibizi River Resort] ],HOTEL_NAME: Mlibizi River Resort,sna
kitchen_and_dining,confirm_reservation,Note that there is a reservation for Toropito at the Cheesy Inn,"41:49:SL:PERSONAL_NAME,52:62:SL:RESTAURANT_NAME",[IN:confirm_reservation [SL:PERSONAL_NAME Toropito] [SL:RESTAURANT_NAME Cheesy Inn] ],PERSONAL_NAME: Toropito $$ RESTAURANT_NAME: Cheesy Inn,sna
kitchen_and_dining,confirm_reservation,Would you look at the Suzanna reserve at Timon&Pumbaa,"47:54:SL:PERSONAL_NAME,57:69:SL:RESTAURANT_NAME",[IN:confirm_reservation [SL:PERSONAL_NAME Suzanna] [SL:RESTAURANT_NAME Timon&Pumbaa] ],PERSONAL_NAME: Suzanna $$ RESTAURANT_NAME: Timon&Pumbaa,sna
kitchen_and_dining,confirm_reservation,I want to make sure there's a place reserved for Stanley at Braai Spot.,"64:71:SL:PERSONAL_NAME,74:84:SL:RESTAURANT_NAME",[IN:confirm_reservation [SL:PERSONAL_NAME Stanley] [SL:RESTAURANT_NAME Braai Spot] ],PERSONAL_NAME: Stanley $$ RESTAURANT_NAME: Braai Spot,sna
kitchen_and_dining,confirm_reservation,Can you confirm my reservation for 7:00 p.m. on August 19th?,"57:69:SL:TIME,75:91:SL:DATE",[IN:confirm_reservation [SL:TIME dza7 manheru] [SL:DATE wa19 Nyamavhuvhu] ],TIME: dza7 manheru $$ DATE: wa19 Nyamavhuvhu,sna
kitchen_and_dining,confirm_reservation,Can you confirm that I have a reservation for January 12th at 1130 hours?,"66:76:SL:DATE,85:103:SL:TIME",[IN:confirm_reservation [SL:DATE wa12 Ndira] [SL:TIME dza1130 mangwanani] ],DATE: wa12 Ndira $$ TIME: dza1130 mangwanani,sna
kitchen_and_dining,confirm_reservation,Confirm my reservation for 5:00 p.m. on February 10,"48:60:SL:TIME,68:78:SL:DATE",[IN:confirm_reservation [SL:TIME dza5 manheru] [SL:DATE 10 Kukadzi] ],TIME: dza5 manheru $$ DATE: 10 Kukadzi,sna
kitchen_and_dining,confirm_reservation,Please confirm that I have a reservation for my December 19th delivery.,73:83:SL:DATE,[IN:confirm_reservation [SL:DATE wa19 Zvita] ],DATE: wa19 Zvita,sna
kitchen_and_dining,confirm_reservation,Get confirmation that Tafara has his reservation at Black Coffee for 12 noon.,"20:26:SL:PERSONAL_NAME,63:75:SL:RESTAURANT_NAME,90:104:SL:TIME",[IN:confirm_reservation [SL:PERSONAL_NAME Tafara] [SL:RESTAURANT_NAME Black Coffee] [SL:TIME dza12 masikati] ],PERSONAL_NAME: Tafara $$ RESTAURANT_NAME: Black Coffee $$ TIME: dza12 masikati,sna
kitchen_and_dining,confirm_reservation,I want to confirm my reservation for 4 p.m. on November 1,"64:77:SL:TIME,83:93:SL:DATE",[IN:confirm_reservation [SL:TIME dza4 masikati] [SL:DATE wa1 Mbudzi] ],TIME: dza4 masikati $$ DATE: wa1 Mbudzi,sna
kitchen_and_dining,confirm_reservation,Can you confirm my reservation for February 12 at 9 am?,"58:70:SL:DATE,79:89:SL:TIME",[IN:confirm_reservation [SL:DATE wa12 Kukadzi] [SL:TIME dza9 mauro] ],DATE: wa12 Kukadzi $$ TIME: dza9 mauro,sna
kitchen_and_dining,confirm_reservation,I would like to confirm my reservation for Friday evening at 6 pm.,"63:71:SL:DATE,72:79:SL:TIME,88:92:SL:TIME",[IN:confirm_reservation [SL:DATE Chishanu] [SL:TIME manheru] [SL:TIME dza6] ],DATE: Chishanu $$ TIME: manheru $$ TIME: dza6,sna
kitchen_and_dining,confirm_reservation,I would like to confirm my reservation for 9:00 a.m. tomorrow,"58:73:SL:TIME,74:90:SL:DATE",[IN:confirm_reservation [SL:TIME dza9 mangwanani] [SL:DATE kuswera mangwana] ],TIME: dza9 mangwanani $$ DATE: kuswera mangwana,sna
kitchen_and_dining,confirm_reservation,Check and confirm my registration for May 11th.,58:71:SL:DATE,[IN:confirm_reservation [SL:DATE wa11 Chivabvu] ],DATE: wa11 Chivabvu,sna
kitchen_and_dining,confirm_reservation,Trying to consolidate my Simpson warehouse at Harare Heights,"50:57:SL:PERSONAL_NAME,60:74:SL:HOTEL_NAME",[IN:confirm_reservation [SL:PERSONAL_NAME Simpson] [SL:HOTEL_NAME Harare Heights] ],PERSONAL_NAME: Simpson $$ HOTEL_NAME: Harare Heights,sna
kitchen_and_dining,confirm_reservation,Trying to confirm my Takupa registration for the 345 sessions at Lupane Mopani Worms,"47:53:SL:PERSONAL_NAME,69:75:SL:TIME,78:97:SL:HOTEL_NAME",[IN:confirm_reservation [SL:PERSONAL_NAME Takupa] [SL:TIME dza345] [SL:HOTEL_NAME Lupane Mopani Worms] ],PERSONAL_NAME: Takupa $$ TIME: dza345 $$ HOTEL_NAME: Lupane Mopani Worms,sna
kitchen_and_dining,confirm_reservation,I want to make sure that I have strengthened my position on Chinese Tea.,"58:64:SL:PERSONAL_NAME,67:78:SL:RESTAURANT_NAME",[IN:confirm_reservation [SL:PERSONAL_NAME Tariro] [SL:RESTAURANT_NAME Chinese Tea] ],PERSONAL_NAME: Tariro $$ RESTAURANT_NAME: Chinese Tea,sna
kitchen_and_dining,confirm_reservation,I'm trying to confirm the validity of the land I registered Chinamhora at Domboshava Caves,"76:86:SL:PERSONAL_NAME,89:105:SL:PLACE_NAME",[IN:confirm_reservation [SL:PERSONAL_NAME Chinamhora] [SL:PLACE_NAME Domboshava Caves] ],PERSONAL_NAME: Chinamhora $$ PLACE_NAME: Domboshava Caves,sna
kitchen_and_dining,confirm_reservation,I want to confirm that the place I reserved for Loice at Lovebites Corner is still available,"54:59:SL:PERSONAL_NAME,62:78:SL:RESTAURANT_NAME",[IN:confirm_reservation [SL:PERSONAL_NAME Loice] [SL:RESTAURANT_NAME Lovebites Corner] ],PERSONAL_NAME: Loice $$ RESTAURANT_NAME: Lovebites Corner,sna
kitchen_and_dining,confirm_reservation,I would like to see if I have a reservation for Tawanangoni at Christmas Pass Hotel,"52:63:SL:PERSONAL_NAME,66:86:SL:HOTEL_NAME",[IN:confirm_reservation [SL:PERSONAL_NAME Tawanangoni] [SL:HOTEL_NAME Christmas Pass Hotel] ],PERSONAL_NAME: Tawanangoni $$ HOTEL_NAME: Christmas Pass Hotel,sna
kitchen_and_dining,confirm_reservation,Please check and confirm that my reservation for three people at Chele Chele Eats is valid.,"83:89:SL:NUMBER,92:108:SL:RESTAURANT_NAME",[IN:confirm_reservation [SL:NUMBER vatatu] [SL:RESTAURANT_NAME Chele Chele Eats] ],NUMBER: vatatu $$ RESTAURANT_NAME: Chele Chele Eats,sna
kitchen_and_dining,confirm_reservation,Confirm that my registration at Old Miltonians is for tonight at 645,"44:58:SL:PLACE_NAME,65:70:SL:DATE,71:78:SL:TIME,87:93:SL:TIME",[IN:confirm_reservation [SL:PLACE_NAME Old Miltonians] [SL:DATE nhasi] [SL:TIME manheru] [SL:TIME dza645] ],PLACE_NAME: Old Miltonians $$ DATE: nhasi $$ TIME: manheru $$ TIME: dza645,sna
kitchen_and_dining,confirm_reservation,Confirm the position of eight people on Mamonya.,"24:30:SL:NUMBER,33:40:SL:RESTAURANT_NAME",[IN:confirm_reservation [SL:NUMBER vasere] [SL:RESTAURANT_NAME Mamonya] ],NUMBER: vasere $$ RESTAURANT_NAME: Mamonya,sna
kitchen_and_dining,confirm_reservation,Make sure that my domain name is registered on Spring,"46:53:SL:PLACE_NAME,59:67:SL:DATE",[IN:confirm_reservation [SL:PLACE_NAME Chitubu] [SL:DATE mangwana] ],PLACE_NAME: Chitubu $$ DATE: mangwana,sna
kitchen_and_dining,confirm_reservation,Please check and confirm that I have my seat at Soccer Nights and Drinks at 3:00 p.m. to watch the football match between the Hoang and the Powerball,"77:101:SL:RESTAURANT_NAME,110:123:SL:TIME,136:172:SL:CALENDAR_EVENT",[IN:confirm_reservation [SL:RESTAURANT_NAME Soccer Nights and Drinks] [SL:TIME dza3 masikati] [SL:CALENDAR_EVENT nhabvu pakati peHwange neSimba Bhora] ],RESTAURANT_NAME: Soccer Nights and Drinks $$ TIME: dza3 masikati $$ CALENDAR_EVENT: nhabvu pakati peHwange neSimba Bhora,sna
kitchen_and_dining,confirm_reservation,I want to see if there's a place I've booked as a guest at the Miekles High Table,"57:66:SL:PERSONAL_NAME,69:87:SL:HOTEL_NAME",[IN:confirm_reservation [SL:PERSONAL_NAME Tirivanhu] [SL:HOTEL_NAME Miekles High Table] ],PERSONAL_NAME: Tirivanhu $$ HOTEL_NAME: Miekles High Table,sna
kitchen_and_dining,confirm_reservation,I'm trying to see if I have room for Noah,56:60:SL:PERSONAL_NAME,[IN:confirm_reservation [SL:PERSONAL_NAME Noah] ],PERSONAL_NAME: Noah,sna
kitchen_and_dining,confirm_reservation,I would like to try to see if I have a reservation at the Manyame Resort for February 14 at 10:30 a.m.,"66:80:SL:PLACE_NAME,94:106:SL:DATE,115:133:SL:TIME",[IN:confirm_reservation [SL:PLACE_NAME Manyame Resort] [SL:DATE wa14 Kukadzi] [SL:TIME dza1030 mangwanani] ],PLACE_NAME: Manyame Resort $$ DATE: wa14 Kukadzi $$ TIME: dza1030 mangwanani,sna
kitchen_and_dining,cook_time,How long does it take to cook a potato pan?,35:41:SL:DISH_OR_FOOD,[IN:cook_time [SL:DISH_OR_FOOD derere] ],DISH_OR_FOOD: derere,sna
kitchen_and_dining,cook_time,How long does the beef head need to be on the fire?,0:22:SL:DISH_OR_FOOD,[IN:cook_time [SL:DISH_OR_FOOD Nyama yemusoro wemombe] ],DISH_OR_FOOD: Nyama yemusoro wemombe,sna
kitchen_and_dining,cook_time,How long does it take to cook a stew?,0:5:SL:DISH_OR_FOOD,[IN:cook_time [SL:DISH_OR_FOOD Sadza] ],DISH_OR_FOOD: Sadza,sna
kitchen_and_dining,cook_time,Keep a record of how long it takes to bake wheat bread.,27:44:SL:DISH_OR_FOOD,[IN:cook_time [SL:DISH_OR_FOOD chingwa chegorosi] ],DISH_OR_FOOD: chingwa chegorosi,sna
kitchen_and_dining,cook_time,How many minutes does it take to boil a deer meat sauce to make it?,0:22:SL:DISH_OR_FOOD,[IN:cook_time [SL:DISH_OR_FOOD Muto wenyama yemazondo] ],DISH_OR_FOOD: Muto wenyama yemazondo,sna
kitchen_and_dining,cook_time,Keep a record of the time it takes to cook the beef.,27:48:SL:DISH_OR_FOOD,[IN:cook_time [SL:DISH_OR_FOOD nyama yezondo remombe] ],DISH_OR_FOOD: nyama yezondo remombe,sna
kitchen_and_dining,cook_time,How long is the specified cooking time?,25:32:SL:DISH_OR_FOOD,[IN:cook_time [SL:DISH_OR_FOOD mapudzi] ],DISH_OR_FOOD: mapudzi,sna
kitchen_and_dining,cook_time,Explain how long it takes to cook chicken.,44:56:SL:DISH_OR_FOOD,[IN:cook_time [SL:DISH_OR_FOOD nyama yehuku] ],DISH_OR_FOOD: nyama yehuku,sna
kitchen_and_dining,cook_time,Calculate the time needed to cook the chicken and the duck.,28:43:SL:DISH_OR_FOOD,[IN:cook_time [SL:DISH_OR_FOOD sadza nemazondo] ],DISH_OR_FOOD: sadza nemazondo,sna
kitchen_and_dining,cook_time,How long would I expect it to take to cook a beef stew?,"67:72:SL:TIME,76:89:SL:DISH_OR_FOOD",[IN:cook_time [SL:TIME mauro] [SL:DISH_OR_FOOD nyama yemombe] ],TIME: mauro $$ DISH_OR_FOOD: nyama yemombe,sna
kitchen_and_dining,cook_time,How many minutes would it take to incubate two eggs?,"37:42:SL:DISH_OR_FOOD,43:49:SL:NUMBER",[IN:cook_time [SL:DISH_OR_FOOD mazai] [SL:NUMBER maviri] ],DISH_OR_FOOD: mazai $$ NUMBER: maviri,sna
kitchen_and_dining,cook_time,How many minutes do I have to bake the bread in the oven?,38:45:SL:DISH_OR_FOOD,[IN:cook_time [SL:DISH_OR_FOOD chingwa] ],DISH_OR_FOOD: chingwa,sna
kitchen_and_dining,cook_time,When can I expect my potatoes to ripen with the oil?,"20:28:SL:DISH_OR_FOOD,46:52:SL:DISH_OR_FOOD",[IN:cook_time [SL:DISH_OR_FOOD matapiri] [SL:DISH_OR_FOOD mafuta] ],DISH_OR_FOOD: matapiri $$ DISH_OR_FOOD: mafuta,sna
kitchen_and_dining,cook_time,How long does it take to cook beef ribs?,31:54:SL:DISH_OR_FOOD,[IN:cook_time [SL:DISH_OR_FOOD nyama yemabhonzo emombe] ],DISH_OR_FOOD: nyama yemabhonzo emombe,sna
kitchen_and_dining,cook_time,Tell me how long it takes to cook the sage and the cauldron.,29:44:SL:DISH_OR_FOOD,[IN:cook_time [SL:DISH_OR_FOOD sadza nemuboora] ],DISH_OR_FOOD: sadza nemuboora,sna
kitchen_and_dining,cook_time,I want to cook a salad. Tell me how long it will take?,13:18:SL:DISH_OR_FOOD,[IN:cook_time [SL:DISH_OR_FOOD sadza] ],DISH_OR_FOOD: sadza,sna
kitchen_and_dining,cook_time,How long does the bread need to be baked in the oven?,0:7:SL:DISH_OR_FOOD,[IN:cook_time [SL:DISH_OR_FOOD Chingwa] ],DISH_OR_FOOD: Chingwa,sna
kitchen_and_dining,cook_time,"If I bake bread in a coal-fired oven, how long will it take in the summer?",10:17:SL:DISH_OR_FOOD,[IN:cook_time [SL:DISH_OR_FOOD chingwa] ],DISH_OR_FOOD: chingwa,sna
kitchen_and_dining,cook_time,How long does it take to cook the soup?,0:4:SL:DISH_OR_FOOD,[IN:cook_time [SL:DISH_OR_FOOD Muto] ],DISH_OR_FOOD: Muto,sna
kitchen_and_dining,cook_time,How long should the sauce that has been mixed with the chicken be left in the oven?,0:31:SL:DISH_OR_FOOD,[IN:cook_time [SL:DISH_OR_FOOD Muto wakasangana nenyama yehuku] ],DISH_OR_FOOD: Muto wakasangana nenyama yehuku,sna
kitchen_and_dining,cook_time,Tell me how long the lamb should be cooked.,13:25:SL:DISH_OR_FOOD,[IN:cook_time [SL:DISH_OR_FOOD nyama yehwai] ],DISH_OR_FOOD: nyama yehwai,sna
kitchen_and_dining,cook_time,How many minutes should I cook the rice?,19:24:SL:DISH_OR_FOOD,[IN:cook_time [SL:DISH_OR_FOOD sadza] ],DISH_OR_FOOD: sadza,sna
kitchen_and_dining,cook_time,How long does pork take to cook?,0:15:SL:DISH_OR_FOOD,[IN:cook_time [SL:DISH_OR_FOOD Nyama yenguruve] ],DISH_OR_FOOD: Nyama yenguruve,sna
kitchen_and_dining,cook_time,I want to know how long it takes to cook a beef bone by grinding it piece by piece.,27:50:SL:DISH_OR_FOOD,[IN:cook_time [SL:DISH_OR_FOOD nyama yemabhonzo emombe] ],DISH_OR_FOOD: nyama yemabhonzo emombe,sna
kitchen_and_dining,cook_time,How long does it take to cook chicken in the oven?,8:20:SL:DISH_OR_FOOD,[IN:cook_time [SL:DISH_OR_FOOD nyama yehuku] ],DISH_OR_FOOD: nyama yehuku,sna
kitchen_and_dining,cook_time,What is the time allowed to catch the mushrooms until they hatch?,33:38:SL:DISH_OR_FOOD,[IN:cook_time [SL:DISH_OR_FOOD hohwa] ],DISH_OR_FOOD: hohwa,sna
kitchen_and_dining,cook_time,How long before I have to take the cake out of the oven?,0:4:SL:DISH_OR_FOOD,[IN:cook_time [SL:DISH_OR_FOOD Keke] ],DISH_OR_FOOD: Keke,sna
kitchen_and_dining,cook_time,How long does it take to cook the goat's head?,0:23:SL:DISH_OR_FOOD,[IN:cook_time [SL:DISH_OR_FOOD Nyama yemusoro wembudzi] ],DISH_OR_FOOD: Nyama yemusoro wembudzi,sna
kitchen_and_dining,cook_time,How many minutes does it take to boil a dollar over a fire until it is gone?,0:6:SL:DISH_OR_FOOD,[IN:cook_time [SL:DISH_OR_FOOD Madora] ],DISH_OR_FOOD: Madora,sna
kitchen_and_dining,cook_time,How long should my cake stay in the oven before it is fully cooked?,23:38:SL:DISH_OR_FOOD,[IN:cook_time [SL:DISH_OR_FOOD chingwa chekeke] ],DISH_OR_FOOD: chingwa chekeke,sna
kitchen_and_dining,cook_time,How long does it take to cook rice?,0:7:SL:DISH_OR_FOOD,[IN:cook_time [SL:DISH_OR_FOOD Mupunga] ],DISH_OR_FOOD: Mupunga,sna
kitchen_and_dining,cook_time,How long would it take to cook five chicken dishes?,"7:12:SL:NUMBER,13:20:SL:DISH_OR_FOOD",[IN:cook_time [SL:NUMBER shanu] [SL:DISH_OR_FOOD dzehuku] ],NUMBER: shanu $$ DISH_OR_FOOD: dzehuku,sna
kitchen_and_dining,cook_time,How long would it take to melt two gallons of water?,50:56:SL:NUMBER,[IN:cook_time [SL:NUMBER maviri] ],NUMBER: maviri,sna
kitchen_and_dining,cook_time,How long does it take to heat the rice?,0:7:SL:DISH_OR_FOOD,[IN:cook_time [SL:DISH_OR_FOOD Mupunga] ],DISH_OR_FOOD: Mupunga,sna
kitchen_and_dining,cook_time,How long does the lard cook on a gas stove?,0:5:SL:DISH_OR_FOOD,[IN:cook_time [SL:DISH_OR_FOOD Sadza] ],DISH_OR_FOOD: Sadza,sna
kitchen_and_dining,cook_time,How long does it take to cook six pieces of beef on the fire?,"7:15:SL:NUMBER,19:32:SL:DISH_OR_FOOD",[IN:cook_time [SL:NUMBER nhanhatu] [SL:DISH_OR_FOOD nyama yemombe] ],NUMBER: nhanhatu $$ DISH_OR_FOOD: nyama yemombe,sna
kitchen_and_dining,cook_time,How long does it take to cook chicken meat?,35:47:SL:DISH_OR_FOOD,[IN:cook_time [SL:DISH_OR_FOOD nyama yehuku] ],DISH_OR_FOOD: nyama yehuku,sna
kitchen_and_dining,cook_time,How long does it take a microwave to melt frozen bread?,64:71:SL:DISH_OR_FOOD,[IN:cook_time [SL:DISH_OR_FOOD chingwa] ],DISH_OR_FOOD: chingwa,sna
kitchen_and_dining,cook_time,How long should the lamb be cooked?,30:42:SL:DISH_OR_FOOD,[IN:cook_time [SL:DISH_OR_FOOD nyama yehwai] ],DISH_OR_FOOD: nyama yehwai,sna
kitchen_and_dining,cook_time,How long do you cook the pork?,25:40:SL:DISH_OR_FOOD,[IN:cook_time [SL:DISH_OR_FOOD nyama yenguruve] ],DISH_OR_FOOD: nyama yenguruve,sna
kitchen_and_dining,cook_time,How long does it take to cook a pumpkin?,0:8:SL:DISH_OR_FOOD,[IN:cook_time [SL:DISH_OR_FOOD Manhanga] ],DISH_OR_FOOD: Manhanga,sna
kitchen_and_dining,cook_time,How long would it take to bake a stew in an oven?,0:8:SL:DISH_OR_FOOD,[IN:cook_time [SL:DISH_OR_FOOD Chimodho] ],DISH_OR_FOOD: Chimodho,sna
kitchen_and_dining,cook_time,How long would I need to cook my stew on a charcoal stove?,35:43:SL:DISH_OR_FOOD,[IN:cook_time [SL:DISH_OR_FOOD chimodho] ],DISH_OR_FOOD: chimodho,sna
kitchen_and_dining,cook_time,How long would it take to cook the pies in a gas oven?,30:36:SL:DISH_OR_FOOD,[IN:cook_time [SL:DISH_OR_FOOD maPies] ],DISH_OR_FOOD: maPies,sna
kitchen_and_dining,cook_time,How long do scones have to be in the oven before they come out?,0:8:SL:DISH_OR_FOOD,[IN:cook_time [SL:DISH_OR_FOOD MaScones] ],DISH_OR_FOOD: MaScones,sna
kitchen_and_dining,cook_time,How long does a plate of chicken need in the oven to cook?,10:22:SL:DISH_OR_FOOD,[IN:cook_time [SL:DISH_OR_FOOD nyama yehuku] ],DISH_OR_FOOD: nyama yehuku,sna
kitchen_and_dining,cook_time,How long does it take to cook this vegetable?,,[IN:cook_time ],,sna
kitchen_and_dining,cook_time,How many minutes should I put the oven on if I want to cook pork?,57:72:SL:DISH_OR_FOOD,[IN:cook_time [SL:DISH_OR_FOOD nyama yenguruve] ],DISH_OR_FOOD: nyama yenguruve,sna
kitchen_and_dining,cook_time,How many minutes do I have to warm my potatoes in the oven?,45:50:SL:DISH_OR_FOOD,[IN:cook_time [SL:DISH_OR_FOOD sadza] ],DISH_OR_FOOD: sadza,sna
kitchen_and_dining,cook_time,How many minutes would it take to cook the spaghetti until it was perfectly cooked?,35:43:SL:DISH_OR_FOOD,[IN:cook_time [SL:DISH_OR_FOOD spagetti] ],DISH_OR_FOOD: spagetti,sna
kitchen_and_dining,cook_time,How many minutes should I bake my cookies in the charcoal oven?,10:17:SL:DISH_OR_FOOD,[IN:cook_time [SL:DISH_OR_FOOD Cookies] ],DISH_OR_FOOD: Cookies,sna
kitchen_and_dining,cook_time,How many minutes does it take to heat a lunch on an electric stove?,9:26:SL:MEAL_PERIOD,[IN:cook_time [SL:MEAL_PERIOD kudya kwemasikati] ],MEAL_PERIOD: kudya kwemasikati,sna
kitchen_and_dining,cook_time,How long does it take to cook a boora vegetable?,0:16:SL:DISH_OR_FOOD,[IN:cook_time [SL:DISH_OR_FOOD Muriwo wemuboora] ],DISH_OR_FOOD: Muriwo wemuboora,sna
kitchen_and_dining,cook_time,How long does my vegetable casserole need to be on the electric stove?,0:15:SL:DISH_OR_FOOD,[IN:cook_time [SL:DISH_OR_FOOD Muriwo wetsunga] ],DISH_OR_FOOD: Muriwo wetsunga,sna
kitchen_and_dining,cook_time,How long does it take to heat a mango in a microwave oven if it is frozen?,30:36:SL:DISH_OR_FOOD,[IN:cook_time [SL:DISH_OR_FOOD mangai] ],DISH_OR_FOOD: mangai,sna
kitchen_and_dining,cook_time,"If I wanted to cook rice, how long would it take?",16:23:SL:DISH_OR_FOOD,[IN:cook_time [SL:DISH_OR_FOOD mupunga] ],DISH_OR_FOOD: mupunga,sna
kitchen_and_dining,cook_time,How long would it take to prepare a loaf of wheat for three people?,"30:43:SL:DISH_OR_FOOD,60:66:SL:NUMBER",[IN:cook_time [SL:DISH_OR_FOOD sadza rezviyo] [SL:NUMBER vatatu] ],DISH_OR_FOOD: sadza rezviyo $$ NUMBER: vatatu,sna
kitchen_and_dining,cook_time,How long does it take to cook the cabbage and put it in the soup?,34:41:SL:DISH_OR_FOOD,[IN:cook_time [SL:DISH_OR_FOOD matemba] ],DISH_OR_FOOD: matemba,sna
kitchen_and_dining,cook_time,How long should the lamb be cooked?,8:20:SL:DISH_OR_FOOD,[IN:cook_time [SL:DISH_OR_FOOD nyama yehwai] ],DISH_OR_FOOD: nyama yehwai,sna
kitchen_and_dining,cook_time,How long can I expect the beef mixed with sauce to cook using an electric stove?,15:47:SL:DISH_OR_FOOD,[IN:cook_time [SL:DISH_OR_FOOD nyama yemombe yakasangana nemuto] ],DISH_OR_FOOD: nyama yemombe yakasangana nemuto,sna
kitchen_and_dining,cook_time,How long would I expect to cook the rice and chicken?,36:58:SL:DISH_OR_FOOD,[IN:cook_time [SL:DISH_OR_FOOD mupunga nenyama yehuku] ],DISH_OR_FOOD: mupunga nenyama yehuku,sna
kitchen_and_dining,cook_time,How long does it take to cook goat meat?,0:14:SL:DISH_OR_FOOD,[IN:cook_time [SL:DISH_OR_FOOD Nyama yembudzi] ],DISH_OR_FOOD: Nyama yembudzi,sna
kitchen_and_dining,cook_time,How many minutes would it take to cook pork?,36:51:SL:DISH_OR_FOOD,[IN:cook_time [SL:DISH_OR_FOOD nyama yenguruve] ],DISH_OR_FOOD: nyama yenguruve,sna
kitchen_and_dining,cook_time,How long does it take to cook goat meat?,37:51:SL:DISH_OR_FOOD,[IN:cook_time [SL:DISH_OR_FOOD nyama yembudzi] ],DISH_OR_FOOD: nyama yembudzi,sna
kitchen_and_dining,cook_time,How long should I cook beef?,32:45:SL:DISH_OR_FOOD,[IN:cook_time [SL:DISH_OR_FOOD nyama yemombe] ],DISH_OR_FOOD: nyama yemombe,sna
kitchen_and_dining,cook_time,How long does it take to cook a porridge?,0:7:SL:DISH_OR_FOOD,[IN:cook_time [SL:DISH_OR_FOOD Muboora] ],DISH_OR_FOOD: Muboora,sna
kitchen_and_dining,cook_time,How long would it take to beat the pumpkins until they were gone?,33:41:SL:DISH_OR_FOOD,[IN:cook_time [SL:DISH_OR_FOOD manhanga] ],DISH_OR_FOOD: manhanga,sna
kitchen_and_dining,cook_time,How long would it take to cook the dumplings?,0:9:SL:DISH_OR_FOOD,[IN:cook_time [SL:DISH_OR_FOOD Mbambaira] ],DISH_OR_FOOD: Mbambaira,sna
kitchen_and_dining,cook_time,How long should I cook the potatoes?,8:17:SL:DISH_OR_FOOD,[IN:cook_time [SL:DISH_OR_FOOD mbatatisi] ],DISH_OR_FOOD: mbatatisi,sna
kitchen_and_dining,cook_time,How long do I need to make my cake and then put it in the oven?,30:34:SL:DISH_OR_FOOD,[IN:cook_time [SL:DISH_OR_FOOD keke] ],DISH_OR_FOOD: keke,sna
kitchen_and_dining,cook_time,How long would it take to cook the meat?,35:48:SL:DISH_OR_FOOD,[IN:cook_time [SL:DISH_OR_FOOD nyama yenhoro] ],DISH_OR_FOOD: nyama yenhoro,sna
kitchen_and_dining,cook_time,How long may it take to cook the potatoes?,29:35:SL:DISH_OR_FOOD,[IN:cook_time [SL:DISH_OR_FOOD maguru] ],DISH_OR_FOOD: maguru,sna
kitchen_and_dining,cook_time,How long should I cook the beef?,20:33:SL:DISH_OR_FOOD,[IN:cook_time [SL:DISH_OR_FOOD nyama yemombe] ],DISH_OR_FOOD: nyama yemombe,sna
kitchen_and_dining,cook_time,How much time would I need to cook a deer meat with a boiling broth?,30:62:SL:DISH_OR_FOOD,[IN:cook_time [SL:DISH_OR_FOOD nyama yezondo ine muto unovavira] ],DISH_OR_FOOD: nyama yezondo ine muto unovavira,sna
kitchen_and_dining,cook_time,How long would it take me to cook a goat's head?,30:45:SL:DISH_OR_FOOD,[IN:cook_time [SL:DISH_OR_FOOD musoro wembudzi] ],DISH_OR_FOOD: musoro wembudzi,sna
kitchen_and_dining,cook_time,How long do I need to cook Bream?,34:56:SL:DISH_OR_FOOD,[IN:cook_time [SL:DISH_OR_FOOD hove yemhando rweBream] ],DISH_OR_FOOD: hove yemhando rweBream,sna
kitchen_and_dining,cook_time,How long should I cook pork?,19:34:SL:DISH_OR_FOOD,[IN:cook_time [SL:DISH_OR_FOOD nyama yenguruve] ],DISH_OR_FOOD: nyama yenguruve,sna
kitchen_and_dining,cook_time,How long should I cook the beans?,8:14:SL:DISH_OR_FOOD,[IN:cook_time [SL:DISH_OR_FOOD mabura] ],DISH_OR_FOOD: mabura,sna
kitchen_and_dining,cook_time,How long should I cook the rice?,8:15:SL:DISH_OR_FOOD,[IN:cook_time [SL:DISH_OR_FOOD mupunga] ],DISH_OR_FOOD: mupunga,sna
kitchen_and_dining,cook_time,How long does it take to cook the meat of a raccoon?,29:45:SL:DISH_OR_FOOD,[IN:cook_time [SL:DISH_OR_FOOD nyama yegarakuni] ],DISH_OR_FOOD: nyama yegarakuni,sna
kitchen_and_dining,food_last,How long does milk take to spoil?,0:6:SL:DISH_OR_FOOD,[IN:food_last [SL:DISH_OR_FOOD Mukaka] ],DISH_OR_FOOD: Mukaka,sna
kitchen_and_dining,food_last,When does chicken become bad?,0:12:SL:DISH_OR_FOOD,[IN:food_last [SL:DISH_OR_FOOD Nyama yehuku] ],DISH_OR_FOOD: Nyama yehuku,sna
kitchen_and_dining,food_last,How many months would the honey be stored?,0:5:SL:DISH_OR_FOOD,[IN:food_last [SL:DISH_OR_FOOD Huchi] ],DISH_OR_FOOD: Huchi,sna
kitchen_and_dining,food_last,When are eggs marked as bad?,0:5:SL:DISH_OR_FOOD,[IN:food_last [SL:DISH_OR_FOOD Mazai] ],DISH_OR_FOOD: Mazai,sna
kitchen_and_dining,food_last,What date was the Pie that we were supposed to cook and eat before?,0:5:SL:DISH_OR_FOOD,[IN:food_last [SL:DISH_OR_FOOD MaPie] ],DISH_OR_FOOD: MaPie,sna
kitchen_and_dining,food_last,When does the pig serve it?,0:15:SL:DISH_OR_FOOD,[IN:food_last [SL:DISH_OR_FOOD Nyama yenguruve] ],DISH_OR_FOOD: Nyama yenguruve,sna
kitchen_and_dining,food_last,When was the rice supposed to be served on the packet?,0:7:SL:DISH_OR_FOOD,[IN:food_last [SL:DISH_OR_FOOD Mupunga] ],DISH_OR_FOOD: Mupunga,sna
kitchen_and_dining,food_last,When was honey labeled as bad on the bottle?,0:5:SL:DISH_OR_FOOD,[IN:food_last [SL:DISH_OR_FOOD Huchi] ],DISH_OR_FOOD: Huchi,sna
kitchen_and_dining,food_last,When does the bread go bad on the package?,0:7:SL:DISH_OR_FOOD,[IN:food_last [SL:DISH_OR_FOOD Chingwa] ],DISH_OR_FOOD: Chingwa,sna
kitchen_and_dining,food_last,On whose day was the egg laid?,0:5:SL:DISH_OR_FOOD,[IN:food_last [SL:DISH_OR_FOOD Mazai] ],DISH_OR_FOOD: Mazai,sna
kitchen_and_dining,food_last,How long should I refrigerate the container before it is served?,32:40:SL:DISH_OR_FOOD,[IN:food_last [SL:DISH_OR_FOOD mutakura] ],DISH_OR_FOOD: mutakura,sna
kitchen_and_dining,food_last,How long do beans need to be refrigerated before they spoil?,0:6:SL:DISH_OR_FOOD,[IN:food_last [SL:DISH_OR_FOOD Nyemba] ],DISH_OR_FOOD: Nyemba,sna
kitchen_and_dining,food_last,When will the bread spoil if I put it in the fridge?,0:7:SL:DISH_OR_FOOD,[IN:food_last [SL:DISH_OR_FOOD Chingwa] ],DISH_OR_FOOD: Chingwa,sna
kitchen_and_dining,food_last,How long can milk be stored in the refrigerator before it spoils?,0:6:SL:DISH_OR_FOOD,[IN:food_last [SL:DISH_OR_FOOD Mukaka] ],DISH_OR_FOOD: Mukaka,sna
kitchen_and_dining,food_last,Can beef bones be stored in the freezer long enough to survive the winter?,0:15:SL:DISH_OR_FOOD,[IN:food_last [SL:DISH_OR_FOOD Mabhonzo emombe] ],DISH_OR_FOOD: Mabhonzo emombe,sna
kitchen_and_dining,food_last,How many days can I wait before eating rice that has been in the refrigerator?,40:47:SL:DISH_OR_FOOD,[IN:food_last [SL:DISH_OR_FOOD mupunga] ],DISH_OR_FOOD: mupunga,sna
kitchen_and_dining,food_last,How many days can a lump of sugar remain frozen before it spoils?,0:5:SL:DISH_OR_FOOD,[IN:food_last [SL:DISH_OR_FOOD Sadza] ],DISH_OR_FOOD: Sadza,sna
kitchen_and_dining,food_last,Is the fish left over on Friday good to eat two days later?,"0:4:SL:DISH_OR_FOOD,21:29:SL:DATE,69:82:SL:DATE",[IN:food_last [SL:DISH_OR_FOOD Hove] [SL:DATE Chishanu] [SL:DATE mazuva maviri] ],DISH_OR_FOOD: Hove $$ DATE: Chishanu $$ DATE: mazuva maviri,sna
kitchen_and_dining,food_last,How long will my leftover food last in the refrigerator before it spoils?,,[IN:food_last ],,sna
kitchen_and_dining,food_last,How long does it take to keep bread in the fridge?,0:7:SL:DISH_OR_FOOD,[IN:food_last [SL:DISH_OR_FOOD Chingwa] ],DISH_OR_FOOD: Chingwa,sna
kitchen_and_dining,food_last,Is the chicken left over on Thursday still good to eat on Monday?,"0:12:SL:DISH_OR_FOOD,29:34:SL:DATE,67:74:SL:DATE",[IN:food_last [SL:DISH_OR_FOOD Nyama yehuku] [SL:DATE China] [SL:DATE Muvhuro] ],DISH_OR_FOOD: Nyama yehuku $$ DATE: China $$ DATE: Muvhuro,sna
kitchen_and_dining,food_last,Can I eat leftover vegetables on Sunday and not get sick?,"19:25:SL:DISH_OR_FOOD,37:43:SL:DATE",[IN:food_last [SL:DISH_OR_FOOD muriwo] [SL:DATE Svondo] ],DISH_OR_FOOD: muriwo $$ DATE: Svondo,sna
kitchen_and_dining,food_last,Is beef that has been refrigerated for five days still safe to eat?,"0:13:SL:DISH_OR_FOOD,33:47:SL:DATE",[IN:food_last [SL:DISH_OR_FOOD Nyama yemombe] [SL:DATE mazuva mashanu] ],DISH_OR_FOOD: Nyama yemombe $$ DATE: mazuva mashanu,sna
kitchen_and_dining,food_last,Is it possible to eat lamb that has been in the fridge since Wednesday?,"20:32:SL:DISH_OR_FOOD,62:69:SL:DATE",[IN:food_last [SL:DISH_OR_FOOD nyama yehwai] [SL:DATE Chitatu] ],DISH_OR_FOOD: nyama yehwai $$ DATE: Chitatu,sna
kitchen_and_dining,food_last,Is the cake bad if it has been in the fridge since Sunday?,"0:4:SL:DISH_OR_FOOD,64:70:SL:DATE",[IN:food_last [SL:DISH_OR_FOOD Keke] [SL:DATE Svondo] ],DISH_OR_FOOD: Keke $$ DATE: Svondo,sna
kitchen_and_dining,food_last,Would it be a problem to eat fish that has been in the fridge since Tuesday?,"32:44:SL:DISH_OR_FOOD,74:81:SL:DATE",[IN:food_last [SL:DISH_OR_FOOD nyama yehove] [SL:DATE Chipiri] ],DISH_OR_FOOD: nyama yehove $$ DATE: Chipiri,sna
kitchen_and_dining,food_last,How many days does a cooked macaroni take to spoil?,0:9:SL:DISH_OR_FOOD,[IN:food_last [SL:DISH_OR_FOOD Macaronni] ],DISH_OR_FOOD: Macaronni,sna
kitchen_and_dining,food_last,When does the bread on the package become unfit?,0:7:SL:DISH_OR_FOOD,[IN:food_last [SL:DISH_OR_FOOD Chingwa] ],DISH_OR_FOOD: Chingwa,sna
kitchen_and_dining,food_last,Tell me what date a bottle of vodka is marked as bad.,13:28:SL:DISH_OR_FOOD,[IN:food_last [SL:DISH_OR_FOOD bhodhoro redovi] ],DISH_OR_FOOD: bhodhoro redovi,sna
kitchen_and_dining,food_last,What is the expiration date on the bread?,14:21:SL:DISH_OR_FOOD,[IN:food_last [SL:DISH_OR_FOOD chingwa] ],DISH_OR_FOOD: chingwa,sna
kitchen_and_dining,food_last,Will the oranges I put in the fridge on Wednesday still be good to eat?,"0:9:SL:DISH_OR_FOOD,36:43:SL:DATE",[IN:food_last [SL:DISH_OR_FOOD Maranjisi] [SL:DATE Chitatu] ],DISH_OR_FOOD: Maranjisi $$ DATE: Chitatu,sna
kitchen_and_dining,food_last,How long does pork stay in the fridge?,0:15:SL:DISH_OR_FOOD,[IN:food_last [SL:DISH_OR_FOOD Nyama yenguruve] ],DISH_OR_FOOD: Nyama yenguruve,sna
kitchen_and_dining,food_last,Would a piece of meat that has been in the refrigerator since March 23 be safe to keep warm and eat?,"0:5:SL:DISH_OR_FOOD,33:39:SL:DATE",[IN:food_last [SL:DISH_OR_FOOD Sadza] [SL:DATE wa3/23] ],DISH_OR_FOOD: Sadza $$ DATE: wa3/23,sna
kitchen_and_dining,food_last,How many days can I keep a cake in the fridge in the winter?,15:19:SL:DISH_OR_FOOD,[IN:food_last [SL:DISH_OR_FOOD keke] ],DISH_OR_FOOD: keke,sna
kitchen_and_dining,food_last,How long can beef be refrigerated?,0:13:SL:DISH_OR_FOOD,[IN:food_last [SL:DISH_OR_FOOD Nyama yemombe] ],DISH_OR_FOOD: Nyama yemombe,sna
kitchen_and_dining,food_last,Can I eat spaghetti that's been in the fridge since Thursday?,"20:29:SL:DISH_OR_FOOD,59:64:SL:DATE",[IN:food_last [SL:DISH_OR_FOOD spaghetti] [SL:DATE China] ],DISH_OR_FOOD: spaghetti $$ DATE: China,sna
kitchen_and_dining,food_last,How many days can milk be kept in the freezer?,0:6:SL:DISH_OR_FOOD,[IN:food_last [SL:DISH_OR_FOOD Mukaka] ],DISH_OR_FOOD: Mukaka,sna
kitchen_and_dining,food_last,How long do the berries stay in the refrigerator before they spoil?,0:8:SL:DISH_OR_FOOD,[IN:food_last [SL:DISH_OR_FOOD Mahapuru] ],DISH_OR_FOOD: Mahapuru,sna
kitchen_and_dining,food_last,How long do oranges last in the refrigerator?,0:9:SL:DISH_OR_FOOD,[IN:food_last [SL:DISH_OR_FOOD Maranjisi] ],DISH_OR_FOOD: Maranjisi,sna
kitchen_and_dining,food_last,Is it possible to eat my leftover Chinese noodles in the refrigerator?,"20:25:SL:DISH_OR_FOOD,47:52:SL:DATE",[IN:food_last [SL:DISH_OR_FOOD sadza] [SL:DATE China] ],DISH_OR_FOOD: sadza $$ DATE: China,sna
kitchen_and_dining,food_last,How long can I keep fish in the freezer before they spoil?,15:19:SL:DISH_OR_FOOD,[IN:food_last [SL:DISH_OR_FOOD hove] ],DISH_OR_FOOD: hove,sna
kitchen_and_dining,food_last,How long does cooked rice last in the refrigerator?,0:7:SL:DISH_OR_FOOD,[IN:food_last [SL:DISH_OR_FOOD Mupunga] ],DISH_OR_FOOD: Mupunga,sna
kitchen_and_dining,food_last,How long do the beans last in the refrigerator?,0:6:SL:DISH_OR_FOOD,[IN:food_last [SL:DISH_OR_FOOD Mapuno] ],DISH_OR_FOOD: Mapuno,sna
kitchen_and_dining,food_last,Are my shoulders that have been in the fridge since Sunday still good to eat?,"0:7:SL:DISH_OR_FOOD,41:47:SL:DATE",[IN:food_last [SL:DISH_OR_FOOD Mapudzi] [SL:DATE Svondo] ],DISH_OR_FOOD: Mapudzi $$ DATE: Svondo,sna
kitchen_and_dining,food_last,Will my boiled eggs be safe to eat if they have been in the fridge since Friday?,"0:5:SL:DISH_OR_FOOD,70:78:SL:DATE",[IN:food_last [SL:DISH_OR_FOOD Mazai] [SL:DATE Chishanu] ],DISH_OR_FOOD: Mazai $$ DATE: Chishanu,sna
kitchen_and_dining,food_last,How long do oranges take to rot?,0:9:SL:DISH_OR_FOOD,[IN:food_last [SL:DISH_OR_FOOD Maranjisi] ],DISH_OR_FOOD: Maranjisi,sna
kitchen_and_dining,food_last,How long do cut berries last in the refrigerator before they spoil?,0:8:SL:DISH_OR_FOOD,[IN:food_last [SL:DISH_OR_FOOD Mahapuru] ],DISH_OR_FOOD: Mahapuru,sna
kitchen_and_dining,food_last,How long can goat meat be kept in the refrigerator before it spoils?,0:14:SL:DISH_OR_FOOD,[IN:food_last [SL:DISH_OR_FOOD Nyama yembudzi] ],DISH_OR_FOOD: Nyama yembudzi,sna
kitchen_and_dining,food_last,When does milk go bad?,0:6:SL:DISH_OR_FOOD,[IN:food_last [SL:DISH_OR_FOOD Mukaka] ],DISH_OR_FOOD: Mukaka,sna
kitchen_and_dining,food_last,How long does it take for the buds to go bad?,0:6:SL:DISH_OR_FOOD,[IN:food_last [SL:DISH_OR_FOOD Mabuno] ],DISH_OR_FOOD: Mabuno,sna
kitchen_and_dining,food_last,How long does it take for the spores to hatch?,0:9:SL:DISH_OR_FOOD,[IN:food_last [SL:DISH_OR_FOOD Mbambaira] ],DISH_OR_FOOD: Mbambaira,sna
kitchen_and_dining,food_last,How long can mangoes be kept in the refrigerator before they go bad?,0:5:SL:DISH_OR_FOOD,[IN:food_last [SL:DISH_OR_FOOD Mango] ],DISH_OR_FOOD: Mango,sna
kitchen_and_dining,food_last,How long can I keep rice in the refrigerator before it spoils?,15:22:SL:DISH_OR_FOOD,[IN:food_last [SL:DISH_OR_FOOD mupunga] ],DISH_OR_FOOD: mupunga,sna
kitchen_and_dining,food_last,How long does it take for potatoes to go bad?,0:9:SL:DISH_OR_FOOD,[IN:food_last [SL:DISH_OR_FOOD Mbatatisi] ],DISH_OR_FOOD: Mbatatisi,sna
kitchen_and_dining,food_last,How long can a sliced tomato remain in the refrigerator before it spoils?,0:17:SL:DISH_OR_FOOD,[IN:food_last [SL:DISH_OR_FOOD Domasi rakachekwa] ],DISH_OR_FOOD: Domasi rakachekwa,sna
kitchen_and_dining,food_last,"Tell me, how many days does a pack of socks last in the freezer before the socks go bad?","20:31:SL:DISH_OR_FOOD,81:90:SL:DISH_OR_FOOD",[IN:food_last [SL:DISH_OR_FOOD remasochisi] [SL:DISH_OR_FOOD masochisi] ],DISH_OR_FOOD: remasochisi $$ DISH_OR_FOOD: masochisi,sna
kitchen_and_dining,food_last,How long can meat be kept in the freezer before it spoils?,0:5:SL:DISH_OR_FOOD,[IN:food_last [SL:DISH_OR_FOOD Nyama] ],DISH_OR_FOOD: Nyama,sna
kitchen_and_dining,food_last,"I have a loaf of bread in the fridge from Sunday, is it still good to eat?","8:15:SL:DISH_OR_FOOD,44:50:SL:DATE",[IN:food_last [SL:DISH_OR_FOOD chingwa] [SL:DATE Svondo] ],DISH_OR_FOOD: chingwa $$ DATE: Svondo,sna
kitchen_and_dining,food_last,How long does honey stay in the refrigerator before it is ready to be used?,0:5:SL:DISH_OR_FOOD,[IN:food_last [SL:DISH_OR_FOOD Huchi] ],DISH_OR_FOOD: Huchi,sna
kitchen_and_dining,food_last,How many days would milk be stored in the refrigerator before being served?,0:6:SL:DISH_OR_FOOD,[IN:food_last [SL:DISH_OR_FOOD Mukaka] ],DISH_OR_FOOD: Mukaka,sna
kitchen_and_dining,food_last,Is meat in the fridge from Friday still safe to eat?,"0:5:SL:DISH_OR_FOOD,32:40:SL:DATE",[IN:food_last [SL:DISH_OR_FOOD Nyama] [SL:DATE Chishanu] ],DISH_OR_FOOD: Nyama $$ DATE: Chishanu,sna
kitchen_and_dining,food_last,I'd like to know how many days does the shrimp stay in the freezer before it gets rotten?,20:25:SL:DISH_OR_FOOD,[IN:food_last [SL:DISH_OR_FOOD sadza] ],DISH_OR_FOOD: sadza,sna
kitchen_and_dining,food_last,Will the rice in the refrigerator from Saturday be safe to eat?,"0:7:SL:DISH_OR_FOOD,34:42:SL:DATE",[IN:food_last [SL:DISH_OR_FOOD Mupunga] [SL:DATE Mugovera] ],DISH_OR_FOOD: Mupunga $$ DATE: Mugovera,sna
kitchen_and_dining,food_last,How long can I keep it in the refrigerator?,0:5:SL:DISH_OR_FOOD,[IN:food_last [SL:DISH_OR_FOOD Sadza] ],DISH_OR_FOOD: Sadza,sna
kitchen_and_dining,food_last,How long can I keep vegetables in the refrigerator before they spoil?,26:32:SL:DISH_OR_FOOD,[IN:food_last [SL:DISH_OR_FOOD muriwo] ],DISH_OR_FOOD: muriwo,sna
kitchen_and_dining,food_last,How long can fried chicken be kept in the refrigerator?,0:23:SL:DISH_OR_FOOD,[IN:food_last [SL:DISH_OR_FOOD Nyama yehuku yakagochwa] ],DISH_OR_FOOD: Nyama yehuku yakagochwa,sna
kitchen_and_dining,food_last,Is the milk I put in the fridge on Thursday safe to drink?,"0:6:SL:DISH_OR_FOOD,34:39:SL:DATE",[IN:food_last [SL:DISH_OR_FOOD Mukaka] [SL:DATE China] ],DISH_OR_FOOD: Mukaka $$ DATE: China,sna
kitchen_and_dining,food_last,"I put the package in the fridge on Monday, will it be okay to keep it warm and eat?","9:17:SL:DISH_OR_FOOD,34:41:SL:DATE",[IN:food_last [SL:DISH_OR_FOOD mutakura] [SL:DATE Muvhuro] ],DISH_OR_FOOD: mutakura $$ DATE: Muvhuro,sna
kitchen_and_dining,food_last,I would like to know how long I can keep bread in the fridge before it spoils?,30:37:SL:DISH_OR_FOOD,[IN:food_last [SL:DISH_OR_FOOD chingwa] ],DISH_OR_FOOD: chingwa,sna
kitchen_and_dining,food_last,How long can I keep the drill in the refrigerator before I give it away?,0:7:SL:DISH_OR_FOOD,[IN:food_last [SL:DISH_OR_FOOD Muboora] ],DISH_OR_FOOD: Muboora,sna
kitchen_and_dining,food_last,How long should I keep rice in the refrigerator?,0:7:SL:DISH_OR_FOOD,[IN:food_last [SL:DISH_OR_FOOD Mupunga] ],DISH_OR_FOOD: Mupunga,sna
kitchen_and_dining,food_last,How long do eggs usually remain in the refrigerator?,0:5:SL:DISH_OR_FOOD,[IN:food_last [SL:DISH_OR_FOOD Mazai] ],DISH_OR_FOOD: Mazai,sna
kitchen_and_dining,food_last,Is a week-old frozen squash still safe to drink?,"0:12:SL:DISH_OR_FOOD,20:25:SL:DATE",[IN:food_last [SL:DISH_OR_FOOD Svutugadzike] [SL:DATE vhiki] ],DISH_OR_FOOD: Svutugadzike $$ DATE: vhiki,sna
kitchen_and_dining,food_last,Is my coke that has been in the refrigerator for three months safe to drink?,"0:6:SL:DISH_OR_FOOD,31:44:SL:DATE",[IN:food_last [SL:DISH_OR_FOOD Kokora] [SL:DATE mwedzi mitatu] ],DISH_OR_FOOD: Kokora $$ DATE: mwedzi mitatu,sna
kitchen_and_dining,food_last,Is food that has been in the refrigerator for two years safe to eat?,16:29:SL:DATE,[IN:food_last [SL:DATE makore maviri] ],DATE: makore maviri,sna
kitchen_and_dining,food_last,Would beef that has been refrigerated be safe to eat three weeks later?,"0:13:SL:DISH_OR_FOOD,82:97:SL:DATE",[IN:food_last [SL:DISH_OR_FOOD Nyama yemombe] [SL:DATE masvondo matatu] ],DISH_OR_FOOD: Nyama yemombe $$ DATE: masvondo matatu,sna
kitchen_and_dining,food_last,"After five months of refrigeration, is the honey still safe to eat?","8:13:SL:DISH_OR_FOOD,31:45:SL:DATE",[IN:food_last [SL:DISH_OR_FOOD huchi] [SL:DATE mwedzi mishanu] ],DISH_OR_FOOD: huchi $$ DATE: mwedzi mishanu,sna
kitchen_and_dining,food_last,How long before the bread spoils?,15:22:SL:DISH_OR_FOOD,[IN:food_last [SL:DISH_OR_FOOD chingwa] ],DISH_OR_FOOD: chingwa,sna
kitchen_and_dining,food_last,Can I eat a freshly-frozen porridge three days later?,"0:5:SL:DISH_OR_FOOD,70:83:SL:DATE",[IN:food_last [SL:DISH_OR_FOOD Sadza] [SL:DATE mazuva matatu] ],DISH_OR_FOOD: Sadza $$ DATE: mazuva matatu,sna
kitchen_and_dining,food_last,Would a cooked porridge that has been refrigerated for three days be safe to eat?,"0:9:SL:DISH_OR_FOOD,34:47:SL:DATE",[IN:food_last [SL:DISH_OR_FOOD Mbambaira] [SL:DATE mazuva matatu] ],DISH_OR_FOOD: Mbambaira $$ DATE: mazuva matatu,sna
kitchen_and_dining,ingredients_list,What are the biscuits made with before I put them in the oven?,0:10:SL:DISH_OR_FOOD,[IN:ingredients_list [SL:DISH_OR_FOOD MaBiscuits] ],DISH_OR_FOOD: MaBiscuits,sna
kitchen_and_dining,ingredients_list,What ingredients are used to flavor the bread?,0:20:SL:DISH_OR_FOOD,[IN:ingredients_list [SL:DISH_OR_FOOD Chingwa chemuhovhoni] ],DISH_OR_FOOD: Chingwa chemuhovhoni,sna
kitchen_and_dining,ingredients_list,"If I make a Bakers Inn sandwich and bread, what should I put in the middle of the bread?","19:27:SL:DISH_OR_FOOD,30:51:SL:DISH_OR_FOOD,79:86:SL:DISH_OR_FOOD",[IN:ingredients_list [SL:DISH_OR_FOOD sandwich] [SL:DISH_OR_FOOD chingwa cheBakers Inn] [SL:DISH_OR_FOOD chingwa] ],DISH_OR_FOOD: sandwich $$ DISH_OR_FOOD: chingwa cheBakers Inn $$ DISH_OR_FOOD: chingwa,sna
kitchen_and_dining,ingredients_list,What ingredients are used to make the spicy Samoan dish?,2:19:SL:DISH_OR_FOOD,[IN:ingredients_list [SL:DISH_OR_FOOD Samoosa anovavira] ],DISH_OR_FOOD: Samoosa anovavira,sna
kitchen_and_dining,ingredients_list,"How are Meat Pie baked, and what ingredients are used?",2:10:SL:DISH_OR_FOOD,[IN:ingredients_list [SL:DISH_OR_FOOD Meat Pie] ],DISH_OR_FOOD: Meat Pie,sna
kitchen_and_dining,ingredients_list,"How are macaroni and cheese made, and what ingredients are used?",0:20:SL:DISH_OR_FOOD,[IN:ingredients_list [SL:DISH_OR_FOOD Macaronni ane cheese] ],DISH_OR_FOOD: Macaronni ane cheese,sna
kitchen_and_dining,ingredients_list,"If I'm cooking pasta with a sauce, what ingredients should I use?",16:30:SL:DISH_OR_FOOD,[IN:ingredients_list [SL:DISH_OR_FOOD pasta ine muto] ],DISH_OR_FOOD: pasta ine muto,sna
kitchen_and_dining,ingredients_list,Describe the process of cooking a roasted barley.,11:27:SL:DISH_OR_FOOD,[IN:ingredients_list [SL:DISH_OR_FOOD mabura akakangwa] ],DISH_OR_FOOD: mabura akakangwa,sna
kitchen_and_dining,ingredients_list,Write down the recipe and ingredients.,11:17:SL:DISH_OR_FOOD,[IN:ingredients_list [SL:DISH_OR_FOOD derere] ],DISH_OR_FOOD: derere,sna
kitchen_and_dining,ingredients_list,What is the meat of the chicken sold in Steers cooked with?,"0:12:SL:DISH_OR_FOOD,27:33:SL:RESTAURANT_NAME",[IN:ingredients_list [SL:DISH_OR_FOOD Nyama yehuku] [SL:RESTAURANT_NAME Steers] ],DISH_OR_FOOD: Nyama yehuku $$ RESTAURANT_NAME: Steers,sna
kitchen_and_dining,ingredients_list,What ingredients are used to make ice cream?,25:34:SL:DISH_OR_FOOD,[IN:ingredients_list [SL:DISH_OR_FOOD Ice Cream] ],DISH_OR_FOOD: Ice Cream,sna
kitchen_and_dining,ingredients_list,How do I prepare the evening meal using goat meat?,"9:16:SL:TIME,48:62:SL:DISH_OR_FOOD",[IN:ingredients_list [SL:TIME manheru] [SL:DISH_OR_FOOD nyama yembudzi] ],TIME: manheru $$ DISH_OR_FOOD: nyama yembudzi,sna
kitchen_and_dining,ingredients_list,What are the ingredients used in making scones?,2:8:SL:DISH_OR_FOOD,[IN:ingredients_list [SL:DISH_OR_FOOD Scones] ],DISH_OR_FOOD: Scones,sna
kitchen_and_dining,ingredients_list,"If I want to cook a stew, what kind of ingredients will I use?",21:27:SL:DISH_OR_FOOD,[IN:ingredients_list [SL:DISH_OR_FOOD mahewu] ],DISH_OR_FOOD: mahewu,sna
kitchen_and_dining,ingredients_list,Write down how much flour is needed to make a three-course meal.,"20:25:SL:DISH_OR_FOOD,50:55:SL:DISH_OR_FOOD,74:80:SL:NUMBER",[IN:ingredients_list [SL:DISH_OR_FOOD hupfu] [SL:DISH_OR_FOOD sadza] [SL:NUMBER vatatu] ],DISH_OR_FOOD: hupfu $$ DISH_OR_FOOD: sadza $$ NUMBER: vatatu,sna
kitchen_and_dining,ingredients_list,Tell me what is needed to cook the sage.,27:32:SL:DISH_OR_FOOD,[IN:ingredients_list [SL:DISH_OR_FOOD sadza] ],DISH_OR_FOOD: sadza,sna
kitchen_and_dining,ingredients_list,List the ingredients used in baking a loaf of bread.,39:59:SL:DISH_OR_FOOD,[IN:ingredients_list [SL:DISH_OR_FOOD chingwa chemuhovhoni] ],DISH_OR_FOOD: chingwa chemuhovhoni,sna
kitchen_and_dining,ingredients_list,List the ingredients that can be used in baking bread.,53:60:SL:DISH_OR_FOOD,[IN:ingredients_list [SL:DISH_OR_FOOD chingwa] ],DISH_OR_FOOD: chingwa,sna
kitchen_and_dining,ingredients_list,What is the pizza recipe at the Pizza Inn?,"0:5:SL:DISH_OR_FOOD,10:19:SL:RESTAURANT_NAME",[IN:ingredients_list [SL:DISH_OR_FOOD Pizza] [SL:RESTAURANT_NAME Pizza Inn] ],DISH_OR_FOOD: Pizza $$ RESTAURANT_NAME: Pizza Inn,sna
kitchen_and_dining,ingredients_list,What ingredients are used in the hot sauce?,0:4:SL:DISH_OR_FOOD,[IN:ingredients_list [SL:DISH_OR_FOOD Muto] ],DISH_OR_FOOD: Muto,sna
kitchen_and_dining,ingredients_list,"If I cook a stew, what do I use?",16:28:SL:DISH_OR_FOOD,[IN:ingredients_list [SL:DISH_OR_FOOD svutugadzike] ],DISH_OR_FOOD: svutugadzike,sna
kitchen_and_dining,ingredients_list,"If I cook without beef, what other ingredients can I use?",16:38:SL:DISH_OR_FOOD,[IN:ingredients_list [SL:DISH_OR_FOOD husavi nenyama yemombe] ],DISH_OR_FOOD: husavi nenyama yemombe,sna
kitchen_and_dining,ingredients_list,What is added to the rice to make it taste better?,0:7:SL:DISH_OR_FOOD,[IN:ingredients_list [SL:DISH_OR_FOOD Mupunga] ],DISH_OR_FOOD: Mupunga,sna
kitchen_and_dining,ingredients_list,What ingredients are used to make the honey bread?,0:19:SL:DISH_OR_FOOD,[IN:ingredients_list [SL:DISH_OR_FOOD Chingwa chechimodho] ],DISH_OR_FOOD: Chingwa chechimodho,sna
kitchen_and_dining,ingredients_list,What should I put in the chicken to make it taste better?,"0:12:SL:DISH_OR_FOOD,46:52:SL:DISH_OR_FOOD",[IN:ingredients_list [SL:DISH_OR_FOOD Nyama yehuku] [SL:DISH_OR_FOOD nemuto] ],DISH_OR_FOOD: Nyama yehuku $$ DISH_OR_FOOD: nemuto,sna
kitchen_and_dining,ingredients_list,What do you use to cook the soup?,14:29:SL:DISH_OR_FOOD,[IN:ingredients_list [SL:DISH_OR_FOOD mabura ane muto] ],DISH_OR_FOOD: mabura ane muto,sna
kitchen_and_dining,ingredients_list,"If I bake bread in an oven, what should I put in it while I bake it?",16:23:SL:DISH_OR_FOOD,[IN:ingredients_list [SL:DISH_OR_FOOD chingwa] ],DISH_OR_FOOD: chingwa,sna
kitchen_and_dining,ingredients_list,What ingredients do I use if I want to prepare a meat-and-vegetable mixture?,66:95:SL:DISH_OR_FOOD,[IN:ingredients_list [SL:DISH_OR_FOOD nyama yakasanganiswa nemuriwo] ],DISH_OR_FOOD: nyama yakasanganiswa nemuriwo,sna
kitchen_and_dining,ingredients_list,What ingredients are used to bake a cake?,0:6:SL:DISH_OR_FOOD,[IN:ingredients_list [SL:DISH_OR_FOOD Makeke] ],DISH_OR_FOOD: Makeke,sna
kitchen_and_dining,ingredients_list,What should I use to prepare dinner if I have beef?,"47:63:SL:MEAL_PERIOD,76:89:SL:DISH_OR_FOOD",[IN:ingredients_list [SL:MEAL_PERIOD kudya kwemanheru] [SL:DISH_OR_FOOD nyama yemombe] ],MEAL_PERIOD: kudya kwemanheru $$ DISH_OR_FOOD: nyama yemombe,sna
kitchen_and_dining,ingredients_list,"How is Samoan food prepared, and with what ingredients?",2:9:SL:DISH_OR_FOOD,[IN:ingredients_list [SL:DISH_OR_FOOD Samoosa] ],DISH_OR_FOOD: Samoosa,sna
kitchen_and_dining,ingredients_list,"If I cooked beef ribs, what would I add to the broth to make it taste better?","13:27:SL:DISH_OR_FOOD,55:59:SL:DISH_OR_FOOD",[IN:ingredients_list [SL:DISH_OR_FOOD mazondo emombe] [SL:DISH_OR_FOOD muto] ],DISH_OR_FOOD: mazondo emombe $$ DISH_OR_FOOD: muto,sna
kitchen_and_dining,ingredients_list,What is the process of cooking beans to make a thick soup?,0:6:SL:DISH_OR_FOOD,[IN:ingredients_list [SL:DISH_OR_FOOD Bhinzi] ],DISH_OR_FOOD: Bhinzi,sna
kitchen_and_dining,ingredients_list,What ingredients are used to enhance the flavor of Covo vegetables?,0:22:SL:DISH_OR_FOOD,[IN:ingredients_list [SL:DISH_OR_FOOD Muriwo wemhando yeCovo] ],DISH_OR_FOOD: Muriwo wemhando yeCovo,sna
kitchen_and_dining,ingredients_list,What ingredients are used to make the bacon that we use on our bread?,"0:5:SL:DISH_OR_FOOD,18:25:SL:DISH_OR_FOOD",[IN:ingredients_list [SL:DISH_OR_FOOD Bacon] [SL:DISH_OR_FOOD chingwa] ],DISH_OR_FOOD: Bacon $$ DISH_OR_FOOD: chingwa,sna
kitchen_and_dining,ingredients_list,What ingredients are used to make the food?,41:49:SL:DISH_OR_FOOD,[IN:ingredients_list [SL:DISH_OR_FOOD mutakura] ],DISH_OR_FOOD: mutakura,sna
kitchen_and_dining,ingredients_list,What are the ingredients used in the human diet?,51:57:SL:DISH_OR_FOOD,[IN:ingredients_list [SL:DISH_OR_FOOD mahewu] ],DISH_OR_FOOD: mahewu,sna
kitchen_and_dining,ingredients_list,"If I cook breakfast, what do I use?",16:33:SL:MEAL_PERIOD,[IN:ingredients_list [SL:MEAL_PERIOD kudya kwemakuseni] ],MEAL_PERIOD: kudya kwemakuseni,sna
kitchen_and_dining,ingredients_list,What ingredients should I use when cooking a burger?,62:68:SL:DISH_OR_FOOD,[IN:ingredients_list [SL:DISH_OR_FOOD mabura] ],DISH_OR_FOOD: mabura,sna
kitchen_and_dining,ingredients_list,What are some of the ingredients used in the preparation of the fish?,0:24:SL:DISH_OR_FOOD,[IN:ingredients_list [SL:DISH_OR_FOOD Hove yemhando rwemuramba] ],DISH_OR_FOOD: Hove yemhando rwemuramba,sna
kitchen_and_dining,ingredients_list,What other ingredients are used in chicken soup?,"0:21:SL:DISH_OR_FOOD,46:58:SL:DISH_OR_FOOD",[IN:ingredients_list [SL:DISH_OR_FOOD Nyama yehuku ine muto] [SL:DISH_OR_FOOD nyama yehuku] ],DISH_OR_FOOD: Nyama yehuku ine muto $$ DISH_OR_FOOD: nyama yehuku,sna
kitchen_and_dining,ingredients_list,What is the ingredient of spaghetti sauce?,0:18:SL:DISH_OR_FOOD,[IN:ingredients_list [SL:DISH_OR_FOOD Spaghetti ine muto] ],DISH_OR_FOOD: Spaghetti ine muto,sna
kitchen_and_dining,ingredients_list,"If I cook minced beef, what other ingredients should I include?",16:49:SL:DISH_OR_FOOD,[IN:ingredients_list [SL:DISH_OR_FOOD nyama yemombe yakagaiwa nemuchina] ],DISH_OR_FOOD: nyama yemombe yakagaiwa nemuchina,sna
kitchen_and_dining,ingredients_list,What other ingredients can I use to make the eggs taste better?,0:5:SL:DISH_OR_FOOD,[IN:ingredients_list [SL:DISH_OR_FOOD Mazai] ],DISH_OR_FOOD: Mazai,sna
kitchen_and_dining,ingredients_list,What other ingredients besides flour are used to make a potato?,"0:4:SL:DISH_OR_FOOD,52:57:SL:DISH_OR_FOOD",[IN:ingredients_list [SL:DISH_OR_FOOD Bota] [SL:DISH_OR_FOOD hupfu] ],DISH_OR_FOOD: Bota $$ DISH_OR_FOOD: hupfu,sna
kitchen_and_dining,ingredients_list,"I want to make a vanilla cake, what ingredients should I use?",15:38:SL:DISH_OR_FOOD,[IN:ingredients_list [SL:DISH_OR_FOOD keke remhando yeVanilla] ],DISH_OR_FOOD: keke remhando yeVanilla,sna
kitchen_and_dining,ingredients_list,What ingredients are needed to cook rice?,39:46:SL:DISH_OR_FOOD,[IN:ingredients_list [SL:DISH_OR_FOOD mupunga] ],DISH_OR_FOOD: mupunga,sna
kitchen_and_dining,ingredients_list,What kind of food is needed if I want to cook a turnip?,52:58:SL:DISH_OR_FOOD,[IN:ingredients_list [SL:DISH_OR_FOOD maguru] ],DISH_OR_FOOD: maguru,sna
kitchen_and_dining,ingredients_list,What foods are needed when cooking beef?,43:56:SL:DISH_OR_FOOD,[IN:ingredients_list [SL:DISH_OR_FOOD nyama yemombe] ],DISH_OR_FOOD: nyama yemombe,sna
kitchen_and_dining,ingredients_list,What kind of food should I buy to cook the apples?,"65:71:SL:DISH_OR_FOOD,72:79:SL:MEAL_PERIOD",[IN:ingredients_list [SL:DISH_OR_FOOD muriwo] [SL:MEAL_PERIOD wemauro] ],DISH_OR_FOOD: muriwo $$ MEAL_PERIOD: wemauro,sna
kitchen_and_dining,ingredients_list,What ingredients are used in chicken pies?,0:19:SL:DISH_OR_FOOD,[IN:ingredients_list [SL:DISH_OR_FOOD Mapie enyama yehuku] ],DISH_OR_FOOD: Mapie enyama yehuku,sna
kitchen_and_dining,ingredients_list,How do you cook eggs if I want to put them in salad?,"0:5:SL:DISH_OR_FOOD,43:48:SL:DISH_OR_FOOD",[IN:ingredients_list [SL:DISH_OR_FOOD Mazai] [SL:DISH_OR_FOOD Salad] ],DISH_OR_FOOD: Mazai $$ DISH_OR_FOOD: Salad,sna
kitchen_and_dining,ingredients_list,What do I buy if I want to cook spaghetti?,35:44:SL:DISH_OR_FOOD,[IN:ingredients_list [SL:DISH_OR_FOOD spaghetti] ],DISH_OR_FOOD: spaghetti,sna
kitchen_and_dining,ingredients_list,What tools should I buy to make and bake bread in the oven?,59:79:SL:DISH_OR_FOOD,[IN:ingredients_list [SL:DISH_OR_FOOD chingwa chemuhovhoni] ],DISH_OR_FOOD: chingwa chemuhovhoni,sna
kitchen_and_dining,ingredients_list,What do you need to use when cooking eggs?,10:15:SL:DISH_OR_FOOD,[IN:ingredients_list [SL:DISH_OR_FOOD mazai] ],DISH_OR_FOOD: mazai,sna
kitchen_and_dining,ingredients_list,"How is cheese made, and what would I use if I wanted to mix it with spaghetti?","0:6:SL:DISH_OR_FOOD,75:84:SL:DISH_OR_FOOD",[IN:ingredients_list [SL:DISH_OR_FOOD Cheese] [SL:DISH_OR_FOOD Spaghetti] ],DISH_OR_FOOD: Cheese $$ DISH_OR_FOOD: Spaghetti,sna
kitchen_and_dining,ingredients_list,What are the ingredients of yogurt?,0:7:SL:DISH_OR_FOOD,[IN:ingredients_list [SL:DISH_OR_FOOD Yoghurt] ],DISH_OR_FOOD: Yoghurt,sna
kitchen_and_dining,ingredients_list,What ingredients are used to make the beverage?,46:64:SL:DISH_OR_FOOD,[IN:ingredients_list [SL:DISH_OR_FOOD chinwiwa chehwahwa] ],DISH_OR_FOOD: chinwiwa chehwahwa,sna
kitchen_and_dining,ingredients_list,"If I make chocolate, what food ingredients should I include?",19:28:SL:DISH_OR_FOOD,[IN:ingredients_list [SL:DISH_OR_FOOD Chocolate] ],DISH_OR_FOOD: Chocolate,sna
kitchen_and_dining,ingredients_list,What kind of rice do I mix with other foods?,0:7:SL:DISH_OR_FOOD,[IN:ingredients_list [SL:DISH_OR_FOOD Mupunga] ],DISH_OR_FOOD: Mupunga,sna
kitchen_and_dining,ingredients_list,"How are pancakes made, and what kind of food is used?",0:10:SL:DISH_OR_FOOD,[IN:ingredients_list [SL:DISH_OR_FOOD MaPancakes] ],DISH_OR_FOOD: MaPancakes,sna
kitchen_and_dining,ingredients_list,What other ingredients are used in making omelettes?,"0:7:SL:DISH_OR_FOOD,33:38:SL:DISH_OR_FOOD",[IN:ingredients_list [SL:DISH_OR_FOOD Omlette] [SL:DISH_OR_FOOD mazai] ],DISH_OR_FOOD: Omlette $$ DISH_OR_FOOD: mazai,sna
kitchen_and_dining,ingredients_list,What other ingredients are used in salad cabbage?,"0:5:SL:DISH_OR_FOOD,18:27:SL:DISH_OR_FOOD",[IN:ingredients_list [SL:DISH_OR_FOOD Salad] [SL:DISH_OR_FOOD makabichi] ],DISH_OR_FOOD: Salad $$ DISH_OR_FOOD: makabichi,sna
kitchen_and_dining,ingredients_list,What kind of food should I buy if I want to bake bread in an oven?,59:66:SL:DISH_OR_FOOD,[IN:ingredients_list [SL:DISH_OR_FOOD chingwa] ],DISH_OR_FOOD: chingwa,sna
kitchen_and_dining,ingredients_list,What other ingredients are used in mango-based drinks?,34:39:SL:DISH_OR_FOOD,[IN:ingredients_list [SL:DISH_OR_FOOD mango] ],DISH_OR_FOOD: mango,sna
kitchen_and_dining,ingredients_list,"How is vanilla cake made, and what ingredients are used?",0:14:SL:DISH_OR_FOOD,[IN:ingredients_list [SL:DISH_OR_FOOD Keke reVanilla] ],DISH_OR_FOOD: Keke reVanilla,sna
kitchen_and_dining,ingredients_list,What is the ingredient of ice cream?,0:9:SL:DISH_OR_FOOD,[IN:ingredients_list [SL:DISH_OR_FOOD Ice cream] ],DISH_OR_FOOD: Ice cream,sna
kitchen_and_dining,ingredients_list,List the ingredients used in Macaroni.,38:47:SL:DISH_OR_FOOD,[IN:ingredients_list [SL:DISH_OR_FOOD Macaronni] ],DISH_OR_FOOD: Macaronni,sna
kitchen_and_dining,ingredients_list,Describe the process of making fruit juice from fruits.,11:25:SL:DISH_OR_FOOD,[IN:ingredients_list [SL:DISH_OR_FOOD jamu remichero] ],DISH_OR_FOOD: jamu remichero,sna
kitchen_and_dining,ingredients_list,What are the ingredients of the pies and what kind of meat is used?,"0:6:SL:DISH_OR_FOOD,40:45:SL:DISH_OR_FOOD",[IN:ingredients_list [SL:DISH_OR_FOOD MaPies] [SL:DISH_OR_FOOD nyama] ],DISH_OR_FOOD: MaPies $$ DISH_OR_FOOD: nyama,sna
kitchen_and_dining,ingredients_list,"If I want to make Pancakes, what ingredients do I use?",26:34:SL:DISH_OR_FOOD,[IN:ingredients_list [SL:DISH_OR_FOOD Pancakes] ],DISH_OR_FOOD: Pancakes,sna
kitchen_and_dining,ingredients_list,What cooking ingredients would I need to make a Stir Fry?,46:54:SL:DISH_OR_FOOD,[IN:ingredients_list [SL:DISH_OR_FOOD Stir Fry] ],DISH_OR_FOOD: Stir Fry,sna
kitchen_and_dining,ingredients_list,Make a list of the ingredients and the cooking methods used in preparing the lamb.,11:23:SL:DISH_OR_FOOD,[IN:ingredients_list [SL:DISH_OR_FOOD nyama yehwai] ],DISH_OR_FOOD: nyama yehwai,sna
kitchen_and_dining,ingredients_list,What ingredients are used in Bolognese Pasta?,0:15:SL:DISH_OR_FOOD,[IN:ingredients_list [SL:DISH_OR_FOOD Bolognese Pasta] ],DISH_OR_FOOD: Bolognese Pasta,sna
kitchen_and_dining,ingredients_list,Describe the ingredients of a stew.,11:23:SL:DISH_OR_FOOD,[IN:ingredients_list [SL:DISH_OR_FOOD svutugadzike] ],DISH_OR_FOOD: svutugadzike,sna
kitchen_and_dining,ingredients_list,"Tell me, what ingredients are used to make spaghetti sauce?","13:17:SL:DISH_OR_FOOD,28:37:SL:DISH_OR_FOOD",[IN:ingredients_list [SL:DISH_OR_FOOD muto] [SL:DISH_OR_FOOD Spaghetti] ],DISH_OR_FOOD: muto $$ DISH_OR_FOOD: Spaghetti,sna
kitchen_and_dining,ingredients_list,"How are the buras prepared, and what are some of the ingredients used?",0:6:SL:DISH_OR_FOOD,[IN:ingredients_list [SL:DISH_OR_FOOD Mabura] ],DISH_OR_FOOD: Mabura,sna
kitchen_and_dining,ingredients_list,What ingredients do you use in the meat of a fish?,0:12:SL:DISH_OR_FOOD,[IN:ingredients_list [SL:DISH_OR_FOOD Nyama yehove] ],DISH_OR_FOOD: Nyama yehove,sna
kitchen_and_dining,ingredients_list,"How is the Toast set, and what is put on the bread?","0:16:SL:DISH_OR_FOOD,56:63:SL:DISH_OR_FOOD",[IN:ingredients_list [SL:DISH_OR_FOOD Chingwa cheToast] [SL:DISH_OR_FOOD chingwa] ],DISH_OR_FOOD: Chingwa cheToast $$ DISH_OR_FOOD: chingwa,sna
kitchen_and_dining,ingredients_list,What kind of curry is used to cook rice?,"0:18:SL:DISH_OR_FOOD,41:46:SL:DISH_OR_FOOD",[IN:ingredients_list [SL:DISH_OR_FOOD Mupunga unovavrira] [SL:DISH_OR_FOOD Curry] ],DISH_OR_FOOD: Mupunga unovavrira $$ DISH_OR_FOOD: Curry,sna
kitchen_and_dining,meal_suggestion,Just give me some ideas of what lunch I can cook that is especially popular in the Midlands.,"29:46:SL:MEAL_PERIOD,87:95:SL:CITY_OR_PROVINCE",[IN:meal_suggestion [SL:MEAL_PERIOD kudya kwamasikati] [SL:CITY_OR_PROVINCE Midlands] ],MEAL_PERIOD: kudya kwamasikati $$ CITY_OR_PROVINCE: Midlands,sna
kitchen_and_dining,meal_suggestion,What can I make in a short time?,19:26:SL:TIME,[IN:meal_suggestion [SL:TIME maskati] ],TIME: maskati,sna
kitchen_and_dining,meal_suggestion,Also help me with tips on choosing a Chicken Slice meal.,59:72:SL:RESTAURANT_NAME,[IN:meal_suggestion [SL:RESTAURANT_NAME Chicken Slice] ],RESTAURANT_NAME: Chicken Slice,sna
kitchen_and_dining,meal_suggestion,What glorious meal of Toku's would I try to cook today?,"28:34:SL:CITY_OR_PROVINCE,59:64:SL:DATE",[IN:meal_suggestion [SL:CITY_OR_PROVINCE Mutoko] [SL:DATE nhasi] ],CITY_OR_PROVINCE: Mutoko $$ DATE: nhasi,sna
kitchen_and_dining,meal_suggestion,Give me some tips on what lunch I can buy from RocoMamas.,"16:33:SL:MEAL_PERIOD,62:71:SL:RESTAURANT_NAME",[IN:meal_suggestion [SL:MEAL_PERIOD kudya kwamasikati] [SL:RESTAURANT_NAME RocoMamas] ],MEAL_PERIOD: kudya kwamasikati $$ RESTAURANT_NAME: RocoMamas,sna
kitchen_and_dining,meal_suggestion,I miss the food in Kow Lee so what should I buy?,30:37:SL:RESTAURANT_NAME,[IN:meal_suggestion [SL:RESTAURANT_NAME Kow Lee] ],RESTAURANT_NAME: Kow Lee,sna
kitchen_and_dining,meal_suggestion,Tell me what kind of food in Nyamapanda I can try to make these maskates.,"21:31:SL:PLACE_NAME,57:68:SL:TIME",[IN:meal_suggestion [SL:PLACE_NAME Nyamapanda] [SL:TIME maskati ano] ],PLACE_NAME: Nyamapanda $$ TIME: maskati ano,sna
kitchen_and_dining,meal_suggestion,"If I were to visit Shamva, what local food would you like me to try?",14:20:SL:PLACE_NAME,[IN:meal_suggestion [SL:PLACE_NAME Shamva] ],PLACE_NAME: Shamva,sna
kitchen_and_dining,meal_suggestion,Which of these glorious things will you bring me to taste?,0:5:SL:CITY_OR_PROVINCE,[IN:meal_suggestion [SL:CITY_OR_PROVINCE Kotwa] ],CITY_OR_PROVINCE: Kotwa,sna
kitchen_and_dining,meal_suggestion,Give me some tips on what to cook when I have a cold in the house.,48:54:SL:DISH_OR_FOOD,[IN:meal_suggestion [SL:DISH_OR_FOOD mhunga] ],DISH_OR_FOOD: mhunga,sna
kitchen_and_dining,meal_suggestion,Today I have cut my fish at the Quarry so you would advise me to eat it why would it be good for me?,"0:5:SL:DATE,15:19:SL:DISH_OR_FOOD,29:36:SL:PLACE_NAME",[IN:meal_suggestion [SL:DATE Nhasi] [SL:DISH_OR_FOOD hove] [SL:PLACE_NAME Chivero] ],DATE: Nhasi $$ DISH_OR_FOOD: hove $$ PLACE_NAME: Chivero,sna
kitchen_and_dining,meal_suggestion,What Chinese food can I eat today?,"20:27:SL:LANGUAGE_NAME,41:46:SL:DATE",[IN:meal_suggestion [SL:LANGUAGE_NAME Chindau] [SL:DATE nhasi] ],LANGUAGE_NAME: Chindau $$ DATE: nhasi,sna
kitchen_and_dining,meal_suggestion,Please give me some suggestions for Kalanga food that I am going to cook for myself today.,"25:35:SL:LANGUAGE_NAME,63:68:SL:DATE",[IN:meal_suggestion [SL:LANGUAGE_NAME chiKalanga] [SL:DATE nhasi] ],LANGUAGE_NAME: chiKalanga $$ DATE: nhasi,sna
kitchen_and_dining,meal_suggestion,I am in Gutu area so give me some suggestions of what food I can get today.,"23:27:SL:PLACE_NAME,72:77:SL:DATE",[IN:meal_suggestion [SL:PLACE_NAME Gutu] [SL:DATE nhasi] ],PLACE_NAME: Gutu $$ DATE: nhasi,sna
kitchen_and_dining,meal_suggestion,I'm tired of eating porridge and spinach so give me some tips.,"16:21:SL:DISH_OR_FOOD,24:30:SL:DISH_OR_FOOD",[IN:meal_suggestion [SL:DISH_OR_FOOD sadza] [SL:DISH_OR_FOOD mupuga] ],DISH_OR_FOOD: sadza $$ DISH_OR_FOOD: mupuga,sna
kitchen_and_dining,meal_suggestion,Tell me what Xhosa food I should eat today,"24:29:SL:LANGUAGE_NAME,43:48:SL:DATE",[IN:meal_suggestion [SL:LANGUAGE_NAME Xhosa] [SL:DATE nhasi] ],LANGUAGE_NAME: Xhosa $$ DATE: nhasi,sna
kitchen_and_dining,meal_suggestion,You would advise me to eat when I feel the stomach ache how much the local food in Zimbabwe hurts.,87:95:SL:COUNTRY,[IN:meal_suggestion [SL:COUNTRY Zimbabwe] ],COUNTRY: Zimbabwe,sna
kitchen_and_dining,meal_suggestion,Tell me about the food in the Binga region.,44:49:SL:PLACE_NAME,[IN:meal_suggestion [SL:PLACE_NAME Binga] ],PLACE_NAME: Binga,sna
kitchen_and_dining,meal_suggestion,"You would encourage it to eat whatever food the residents of Harare like, especially the young ones.",62:68:SL:CITY_OR_PROVINCE,[IN:meal_suggestion [SL:CITY_OR_PROVINCE Harare] ],CITY_OR_PROVINCE: Harare,sna
kitchen_and_dining,meal_suggestion,What food would you recommend me to eat as a bachura living in Bulawayo.,65:73:SL:CITY_OR_PROVINCE,[IN:meal_suggestion [SL:CITY_OR_PROVINCE Bulawayo] ],CITY_OR_PROVINCE: Bulawayo,sna
kitchen_and_dining,meal_suggestion,I am in the city of Plumtree so you would encourage me to try any local delicacy.,15:23:SL:CITY_OR_PROVINCE,[IN:meal_suggestion [SL:CITY_OR_PROVINCE Plumtree] ],CITY_OR_PROVINCE: Plumtree,sna
kitchen_and_dining,meal_suggestion,You may also know the famous local delicacy.,53:65:SL:CITY_OR_PROVINCE,[IN:meal_suggestion [SL:CITY_OR_PROVINCE Chitungwiza.] ],CITY_OR_PROVINCE: Chitungwiza.,sna
kitchen_and_dining,meal_suggestion,What will I cook for you tonight?,"9:16:SL:TIME,18:23:SL:DATE",[IN:meal_suggestion [SL:TIME manheru] [SL:DATE nhasi] ],TIME: manheru $$ DATE: nhasi,sna
kitchen_and_dining,meal_suggestion,Help me with the choice of food of Nandos.,36:42:SL:RESTAURANT_NAME,[IN:meal_suggestion [SL:RESTAURANT_NAME Nandos] ],RESTAURANT_NAME: Nandos,sna
kitchen_and_dining,meal_suggestion,What can I cook with my fish that I bought in Mazowe?,"21:25:SL:DISH_OR_FOOD,49:55:SL:PLACE_NAME",[IN:meal_suggestion [SL:DISH_OR_FOOD hove] [SL:PLACE_NAME Mazowe] ],DISH_OR_FOOD: hove $$ PLACE_NAME: Mazowe,sna
kitchen_and_dining,meal_suggestion,Tell me what I would like to eat this afternoon.,"19:27:SL:LANGUAGE_NAME,44:56:SL:TIME",[IN:meal_suggestion [SL:LANGUAGE_NAME chichewa] [SL:TIME masikati ano] ],LANGUAGE_NAME: chichewa $$ TIME: masikati ano,sna
kitchen_and_dining,meal_suggestion,You would encourage me to cook any traditional dish if I had a guest from Sadza.,86:94:SL:PLACE_NAME,[IN:meal_suggestion [SL:PLACE_NAME kwaSadza] ],PLACE_NAME: kwaSadza,sna
kitchen_and_dining,meal_suggestion,Give me some tips for dinner I can get today from Gava's Restaurant.,"16:32:SL:MEAL_PERIOD,47:52:SL:DATE,61:78:SL:RESTAURANT_NAME",[IN:meal_suggestion [SL:MEAL_PERIOD kudya kwemanheru] [SL:DATE nhasi] [SL:RESTAURANT_NAME Gava's Restaurant] ],MEAL_PERIOD: kudya kwemanheru $$ DATE: nhasi $$ RESTAURANT_NAME: Gava's Restaurant,sna
kitchen_and_dining,meal_suggestion,Should I buy a sweet treat from Bakers Inn?,,[IN:meal_suggestion ],,sna
kitchen_and_dining,meal_suggestion,What would you recommend I cook if I had cornmeal in the house?,41:55:SL:DISH_OR_FOOD,[IN:meal_suggestion [SL:DISH_OR_FOOD hupfu hwezviyo] ],DISH_OR_FOOD: hupfu hwezviyo,sna
kitchen_and_dining,meal_suggestion,I bought pork from Texas Meats so what would you recommend I cook for lunch today?,"9:24:SL:DISH_OR_FOOD,71:97:SL:MEAL_PERIOD",[IN:meal_suggestion [SL:DISH_OR_FOOD nyama yenguruve] [SL:MEAL_PERIOD kudya kwanhasi kwemasikati] ],DISH_OR_FOOD: nyama yenguruve $$ MEAL_PERIOD: kudya kwanhasi kwemasikati,sna
kitchen_and_dining,meal_suggestion,Please also give me some ideas on what I can prepare for dinner the next day after work.,"22:38:SL:MEAL_PERIOD,61:69:SL:DATE",[IN:meal_suggestion [SL:MEAL_PERIOD kudya kwamanheru] [SL:DATE mangwana] ],MEAL_PERIOD: kudya kwamanheru $$ DATE: mangwana,sna
kitchen_and_dining,meal_suggestion,What should I pack for my bus trip to Musina tomorrow?,"51:57:SL:PLACE_NAME,58:66:SL:DATE",[IN:meal_suggestion [SL:PLACE_NAME Musina] [SL:DATE mangwana] ],PLACE_NAME: Musina $$ DATE: mangwana,sna
kitchen_and_dining,meal_suggestion,You may also know a local Xhosa lunch that you can encourage them to cook.,"20:28:SL:LANGUAGE_NAME,32:40:SL:TIME",[IN:meal_suggestion [SL:LANGUAGE_NAME chiXhosa] [SL:TIME masikati] ],LANGUAGE_NAME: chiXhosa $$ TIME: masikati,sna
kitchen_and_dining,meal_suggestion,What would you recommend me to eat if I visit the Zvishavane area.,63:73:SL:CITY_OR_PROVINCE,[IN:meal_suggestion [SL:CITY_OR_PROVINCE Zvishavane] ],CITY_OR_PROVINCE: Zvishavane,sna
kitchen_and_dining,meal_suggestion,What shall we eat when we go to live in the forest in Nyanga during Christmas holidays.,"44:50:SL:PLACE_NAME,62:70:SL:CALENDAR_EVENT",[IN:meal_suggestion [SL:PLACE_NAME Nyanga] [SL:CALENDAR_EVENT Kisimusi] ],PLACE_NAME: Nyanga $$ CALENDAR_EVENT: Kisimusi,sna
kitchen_and_dining,meal_suggestion,Why did my Ndebele friends have to eat delicious Shona food?,"28:38:SL:LANGUAGE_NAME,56:64:SL:LANGUAGE_NAME",[IN:meal_suggestion [SL:LANGUAGE_NAME chiNdebele] [SL:LANGUAGE_NAME Chishona] ],LANGUAGE_NAME: chiNdebele $$ LANGUAGE_NAME: Chishona,sna
kitchen_and_dining,meal_suggestion,Give me some tips on what to eat for our picnics in Pariah State.,56:68:SL:RESTAURANT_NAME,[IN:meal_suggestion [SL:RESTAURANT_NAME Pariah State] ],RESTAURANT_NAME: Pariah State,sna
kitchen_and_dining,meal_suggestion,Find me a meal of wild game that I may enjoy myself with today.,"12:31:SL:DISH_OR_FOOD,55:60:SL:DATE",[IN:meal_suggestion [SL:DISH_OR_FOOD kudya kwechikaranga] [SL:DATE nhasi] ],DISH_OR_FOOD: kudya kwechikaranga $$ DATE: nhasi,sna
kitchen_and_dining,meal_suggestion,Can you also give me some suggestions of Zulu food I can cook this week?,"31:38:SL:LANGUAGE_NAME,58:68:SL:DATE",[IN:meal_suggestion [SL:LANGUAGE_NAME chiZulu] [SL:DATE vhiki rino] ],LANGUAGE_NAME: chiZulu $$ DATE: vhiki rino,sna
kitchen_and_dining,meal_suggestion,I need some ideas for a Chinese breakfast that you might encourage me to try this month.,"18:37:SL:MEAL_PERIOD,41:48:SL:LANGUAGE_NAME,79:89:SL:DATE",[IN:meal_suggestion [SL:MEAL_PERIOD kudya kwamangwanani] [SL:LANGUAGE_NAME Chindau] [SL:DATE mwedzi uno] ],MEAL_PERIOD: kudya kwamangwanani $$ LANGUAGE_NAME: Chindau $$ DATE: mwedzi uno,sna
kitchen_and_dining,meal_suggestion,Which Pizza Hut would you recommend I buy today?,"7:12:SL:DISH_OR_FOOD,17:26:SL:RESTAURANT_NAME,57:62:SL:DATE",[IN:meal_suggestion [SL:DISH_OR_FOOD pizza] [SL:RESTAURANT_NAME Pizza Hut] [SL:DATE nhasi] ],DISH_OR_FOOD: pizza $$ RESTAURANT_NAME: Pizza Hut $$ DATE: nhasi,sna
kitchen_and_dining,meal_suggestion,"I'm going to buy Steers' food, what would you recommend for lunch today?","34:40:SL:RESTAURANT_NAME,72:89:SL:MEAL_PERIOD,91:96:SL:DATE",[IN:meal_suggestion [SL:RESTAURANT_NAME Steers] [SL:MEAL_PERIOD kudya kwamasikati] [SL:DATE nhasi] ],RESTAURANT_NAME: Steers $$ MEAL_PERIOD: kudya kwamasikati $$ DATE: nhasi,sna
kitchen_and_dining,meal_suggestion,I've never bought a Mambos food before so what would you recommend I start with?,35:41:SL:RESTAURANT_NAME,[IN:meal_suggestion [SL:RESTAURANT_NAME Mambos] ],RESTAURANT_NAME: Mambos,sna
kitchen_and_dining,meal_suggestion,What should I cook for tomorrow morning?,"12:20:SL:DATE,21:27:SL:TIME",[IN:meal_suggestion [SL:DATE mangwana] [SL:TIME kuseni] ],DATE: mangwana $$ TIME: kuseni,sna
kitchen_and_dining,meal_suggestion,Give me some ideas of a good Christmas dinner I can cook for myself.,56:64:SL:CALENDAR_EVENT,[IN:meal_suggestion [SL:CALENDAR_EVENT Kisimusi] ],CALENDAR_EVENT: Kisimusi,sna
kitchen_and_dining,meal_suggestion,What can I make with these delicious doughnuts today?,"0:5:SL:DATE,27:33:SL:DISH_OR_FOOD",[IN:meal_suggestion [SL:DATE Nhasi] [SL:DISH_OR_FOOD madora] ],DATE: Nhasi $$ DISH_OR_FOOD: madora,sna
kitchen_and_dining,meal_suggestion,Help me decide which seafood I will cook for myself today.,"35:44:SL:LANGUAGE_NAME,63:68:SL:DATE",[IN:meal_suggestion [SL:LANGUAGE_NAME chiNyanja] [SL:DATE nhasi] ],LANGUAGE_NAME: chiNyanja $$ DATE: nhasi,sna
kitchen_and_dining,meal_suggestion,What glorious food in the M'Kumbura can I eat today?,"31:40:SL:PLACE_NAME,54:59:SL:DATE",[IN:meal_suggestion [SL:PLACE_NAME Mukumbura] [SL:DATE nhasi] ],PLACE_NAME: Mukumbura $$ DATE: nhasi,sna
kitchen_and_dining,meal_suggestion,Give me some suggestions on how to prepare a meal for a pregnant woman.,,[IN:meal_suggestion ],,sna
kitchen_and_dining,meal_suggestion,What glorious food could I ever taste from the city of Keroim?,57:62:SL:CITY_OR_PROVINCE,[IN:meal_suggestion [SL:CITY_OR_PROVINCE Karoi] ],CITY_OR_PROVINCE: Karoi,sna
kitchen_and_dining,meal_suggestion,"I'm going to have a steak, so what would you recommend I cook?",21:26:SL:DISH_OR_FOOD,[IN:meal_suggestion [SL:DISH_OR_FOOD nyama] ],DISH_OR_FOOD: nyama,sna
kitchen_and_dining,meal_suggestion,I have been offered goat meat from the Gonarzhou National Park but I cannot decide what to eat?,"9:22:SL:DISH_OR_FOOD,27:51:SL:PLACE_NAME",[IN:meal_suggestion [SL:DISH_OR_FOOD nyama yembizi] [SL:PLACE_NAME Gonarezhou National Park] ],DISH_OR_FOOD: nyama yembizi $$ PLACE_NAME: Gonarezhou National Park,sna
kitchen_and_dining,meal_suggestion,"I'm having trouble choosing which foods to cook, so give me some advice.",,[IN:meal_suggestion ],,sna
kitchen_and_dining,meal_suggestion,Tell me about good food from the Gwanda area.,44:50:SL:CITY_OR_PROVINCE,[IN:meal_suggestion [SL:CITY_OR_PROVINCE Gwanda] ],CITY_OR_PROVINCE: Gwanda,sna
kitchen_and_dining,meal_suggestion,Can you recommend a food that helps increase blood pressure from Manicaland area?,90:100:SL:CITY_OR_PROVINCE,[IN:meal_suggestion [SL:CITY_OR_PROVINCE Manicaland] ],CITY_OR_PROVINCE: Manicaland,sna
kitchen_and_dining,meal_suggestion,Tell me what delicious food I should try from the Matebeleland area.,61:73:SL:CITY_OR_PROVINCE,[IN:meal_suggestion [SL:CITY_OR_PROVINCE Matebeleland] ],CITY_OR_PROVINCE: Matebeleland,sna
kitchen_and_dining,meal_suggestion,Please advise me of a good food and what I would like to get from a place in Zimbabwe that is not very famous.,70:78:SL:COUNTRY,[IN:meal_suggestion [SL:COUNTRY Zimbabwe] ],COUNTRY: Zimbabwe,sna
kitchen_and_dining,meal_suggestion,What Zimbabwean food do you think I have never tasted?,22:30:SL:COUNTRY,[IN:meal_suggestion [SL:COUNTRY Zimbabwe] ],COUNTRY: Zimbabwe,sna
kitchen_and_dining,meal_suggestion,Can you recommend a local dish that I might try?,41:48:SL:PLACE_NAME,[IN:meal_suggestion [SL:PLACE_NAME Sanyati] ],PLACE_NAME: Sanyati,sna
kitchen_and_dining,meal_suggestion,I would like you to help me with some tips on traditional food.,45:55:SL:PLACE_NAME,[IN:meal_suggestion [SL:PLACE_NAME Tsholotsho] ],PLACE_NAME: Tsholotsho,sna
kitchen_and_dining,meal_suggestion,Is there a glorious meal in Esztergom that you think I would enjoy?,24:33:SL:PLACE_NAME,[IN:meal_suggestion [SL:PLACE_NAME Esigodini] ],PLACE_NAME: Esigodini,sna
kitchen_and_dining,meal_suggestion,What good food can I find in the city of the Lord?,50:57:SL:PLACE_NAME,[IN:meal_suggestion [SL:PLACE_NAME Mwenezi] ],PLACE_NAME: Mwenezi,sna
kitchen_and_dining,meal_suggestion,What satisfying meal could I get for five dollars in the city of Harare?,"44:59:SL:MONEY,69:75:SL:CITY_OR_PROVINCE",[IN:meal_suggestion [SL:MONEY madhora mashanu] [SL:CITY_OR_PROVINCE Harare] ],MONEY: madhora mashanu $$ CITY_OR_PROVINCE: Harare,sna
kitchen_and_dining,meal_suggestion,What satisfying dish could I prepare for my relative from Muzarabani that he has customized in his area?,21:31:SL:PLACE_NAME,[IN:meal_suggestion [SL:PLACE_NAME Muzarabani] ],PLACE_NAME: Muzarabani,sna
kitchen_and_dining,meal_suggestion,So are the recommendations for healthy eating from the Marijuana community.,52:63:SL:PLACE_NAME,[IN:meal_suggestion [SL:PLACE_NAME Chisumbanje] ],PLACE_NAME: Chisumbanje,sna
kitchen_and_dining,meal_suggestion,"I'm hungry, what shall I eat today?",23:28:SL:DATE,[IN:meal_suggestion [SL:DATE nhasi] ],DATE: nhasi,sna
kitchen_and_dining,meal_suggestion,I don't know what to cook today so give me some tips.,20:25:SL:DATE,[IN:meal_suggestion [SL:DATE nhasi] ],DATE: nhasi,sna
kitchen_and_dining,meal_suggestion,What can I cook to make myself feel at home?,43:54:SL:PLACE_NAME,[IN:meal_suggestion [SL:PLACE_NAME Chimanimani] ],PLACE_NAME: Chimanimani,sna
kitchen_and_dining,meal_suggestion,I want to go to Tinkabell in Ballantyne so what can I eat there?,"19:28:SL:RESTAURANT_NAME,35:45:SL:CITY_OR_PROVINCE",[IN:meal_suggestion [SL:RESTAURANT_NAME Tinkabell] [SL:CITY_OR_PROVINCE Ballantyne] ],RESTAURANT_NAME: Tinkabell $$ CITY_OR_PROVINCE: Ballantyne,sna
kitchen_and_dining,meal_suggestion,Please give me some suggestions of what food would be best for me in Moo Ka Thai.,42:53:SL:RESTAURANT_NAME,[IN:meal_suggestion [SL:RESTAURANT_NAME Moo Ka Thai] ],RESTAURANT_NAME: Moo Ka Thai,sna
kitchen_and_dining,meal_suggestion,My friend Tsitsi is going to take me to St. Elmos so what would you recommend I eat there?,"15:21:SL:PERSONAL_NAME,45:53:SL:RESTAURANT_NAME",[IN:meal_suggestion [SL:PERSONAL_NAME Tsitsi] [SL:RESTAURANT_NAME St Elmos] ],PERSONAL_NAME: Tsitsi $$ RESTAURANT_NAME: St Elmos,sna
kitchen_and_dining,meal_suggestion,My daughter Ariel got a cold yesterday when we went to the city of Harare so what food would you recommend I give her that would help her recover?,"12:17:SL:PERSONAL_NAME,37:43:SL:DATE,68:74:SL:CITY_OR_PROVINCE",[IN:meal_suggestion [SL:PERSONAL_NAME Ariel] [SL:DATE nezuro] [SL:CITY_OR_PROVINCE Harare] ],PERSONAL_NAME: Ariel $$ DATE: nezuro $$ CITY_OR_PROVINCE: Harare,sna
kitchen_and_dining,meal_suggestion,I just started going to Eat n Lick today so what should I try there?,"19:29:SL:RESTAURANT_NAME,30:35:SL:DATE",[IN:meal_suggestion [SL:RESTAURANT_NAME Eat n Lick] [SL:DATE nhasi] ],RESTAURANT_NAME: Eat n Lick $$ DATE: nhasi,sna
kitchen_and_dining,meal_suggestion,Just give me some tips on a healthy meal I might try today.,62:67:SL:DATE,[IN:meal_suggestion [SL:DATE nhasi] ],DATE: nhasi,sna
kitchen_and_dining,meal_suggestion,I heard that Pamugoti Restaurant sells traditional food so what would you recommend I buy from them?,13:32:SL:RESTAURANT_NAME,[IN:meal_suggestion [SL:RESTAURANT_NAME Pamugoti Restaurant] ],RESTAURANT_NAME: Pamugoti Restaurant,sna
kitchen_and_dining,meal_suggestion,Just give me some tips on what I can try.,29:39:SL:PLACE_NAME,[IN:meal_suggestion [SL:PLACE_NAME Dangamvura] ],PLACE_NAME: Dangamvura,sna
kitchen_and_dining,meal_suggestion,What is the most popular dish in the Rusape area today?,"21:26:SL:DATE,57:63:SL:CITY_OR_PROVINCE",[IN:meal_suggestion [SL:DATE nhasi] [SL:CITY_OR_PROVINCE Rusape] ],DATE: nhasi $$ CITY_OR_PROVINCE: Rusape,sna
kitchen_and_dining,meal_suggestion,What food from the Nyazura region would be good for me?,34:41:SL:PLACE_NAME,[IN:meal_suggestion [SL:PLACE_NAME Nyazura] ],PLACE_NAME: Nyazura,sna
kitchen_and_dining,meal_suggestion,What is served at Chop Chop today?,"0:5:SL:DATE,27:36:SL:RESTAURANT_NAME",[IN:meal_suggestion [SL:DATE Nhasi] [SL:RESTAURANT_NAME Chop Chop] ],DATE: Nhasi $$ RESTAURANT_NAME: Chop Chop,sna
kitchen_and_dining,recipe,How can I cook pork in a delicious way?,0:15:SL:DISH_OR_FOOD,[IN:recipe [SL:DISH_OR_FOOD Nyama yenguruve] ],DISH_OR_FOOD: Nyama yenguruve,sna
kitchen_and_dining,recipe,Help me cook the mushrooms.,18:23:SL:DISH_OR_FOOD,[IN:recipe [SL:DISH_OR_FOOD hohwa] ],DISH_OR_FOOD: hohwa,sna
kitchen_and_dining,recipe,I need help finding a way to cook my own porridge with my own hands.,55:71:SL:DISH_OR_FOOD,[IN:recipe [SL:DISH_OR_FOOD sadza nenzondora] ],DISH_OR_FOOD: sadza nenzondora,sna
kitchen_and_dining,recipe,How can I cook chicken dishes like the Bronte Hotel recipe.,"0:14:SL:DISH_OR_FOOD,61:73:SL:HOTEL_NAME",[IN:recipe [SL:DISH_OR_FOOD Zvidya zvehuku] [SL:HOTEL_NAME Bronte Hotel] ],DISH_OR_FOOD: Zvidya zvehuku $$ HOTEL_NAME: Bronte Hotel,sna
kitchen_and_dining,recipe,Teach me how to cook my lungs.,34:40:SL:DISH_OR_FOOD,[IN:recipe [SL:DISH_OR_FOOD mapapu] ],DISH_OR_FOOD: mapapu,sna
kitchen_and_dining,recipe,What sauce would I cook with the best pork?,28:43:SL:DISH_OR_FOOD,[IN:recipe [SL:DISH_OR_FOOD nyama yenguruve] ],DISH_OR_FOOD: nyama yenguruve,sna
kitchen_and_dining,recipe,Can you become an expert sushi cook?,25:30:SL:DISH_OR_FOOD,[IN:recipe [SL:DISH_OR_FOOD sushi] ],DISH_OR_FOOD: sushi,sna
kitchen_and_dining,recipe,"Also, give me some experience in cooking chicken throats.",35:47:SL:DISH_OR_FOOD,[IN:recipe [SL:DISH_OR_FOOD huro dzehuku] ],DISH_OR_FOOD: huro dzehuku,sna
kitchen_and_dining,recipe,What kind of cooking is needed for the bones to be in perfect condition?,0:8:SL:DISH_OR_FOOD,[IN:recipe [SL:DISH_OR_FOOD Mabhonzo] ],DISH_OR_FOOD: Mabhonzo,sna
kitchen_and_dining,recipe,Teach me how to cook rabbit meat.,31:44:SL:DISH_OR_FOOD,[IN:recipe [SL:DISH_OR_FOOD nyama yetsuro] ],DISH_OR_FOOD: nyama yetsuro,sna
kitchen_and_dining,recipe,What is the best type of meat and vegetable?,35:49:SL:DISH_OR_FOOD,[IN:recipe [SL:DISH_OR_FOOD nyama nemuriwo] ],DISH_OR_FOOD: nyama nemuriwo,sna
kitchen_and_dining,recipe,Find out how I can cook a dish that is right for me.,31:37:SL:DISH_OR_FOOD,[IN:recipe [SL:DISH_OR_FOOD nyevhe] ],DISH_OR_FOOD: nyevhe,sna
kitchen_and_dining,recipe,What source of knowledge could you show me that would help me cook mushrooms?,63:68:SL:DISH_OR_FOOD,[IN:recipe [SL:DISH_OR_FOOD hohwa] ],DISH_OR_FOOD: hohwa,sna
kitchen_and_dining,recipe,I cook the dumplings very well.,10:18:SL:DISH_OR_FOOD,[IN:recipe [SL:DISH_OR_FOOD madhumbe] ],DISH_OR_FOOD: madhumbe,sna
kitchen_and_dining,recipe,How are steamed vegetables prepared?,14:29:SL:DISH_OR_FOOD,[IN:recipe [SL:DISH_OR_FOOD muriwo wetsunga] ],DISH_OR_FOOD: muriwo wetsunga,sna
kitchen_and_dining,recipe,"If I want to cook toki, how do I cook it?",21:25:SL:DISH_OR_FOOD,[IN:recipe [SL:DISH_OR_FOOD toki] ],DISH_OR_FOOD: toki,sna
kitchen_and_dining,recipe,Tell me everything that is needed to cook the mushroom.,37:45:SL:DISH_OR_FOOD,[IN:recipe [SL:DISH_OR_FOOD chimodho] ],DISH_OR_FOOD: chimodho,sna
kitchen_and_dining,recipe,What is needed to prepare lasagna?,22:29:SL:DISH_OR_FOOD,[IN:recipe [SL:DISH_OR_FOOD lasagna] ],DISH_OR_FOOD: lasagna,sna
kitchen_and_dining,recipe,"If I want to cook a Melchizedek pot, how do I cook it?","21:26:SL:DISH_OR_FOOD,37:46:SL:PLACE_NAME",[IN:recipe [SL:DISH_OR_FOOD gango] [SL:PLACE_NAME kwaMereki] ],DISH_OR_FOOD: gango $$ PLACE_NAME: kwaMereki,sna
kitchen_and_dining,recipe,"If I want to bake a wedding cake, what do I use?",21:37:SL:DISH_OR_FOOD,[IN:recipe [SL:DISH_OR_FOOD keke repamuchato] ],DISH_OR_FOOD: keke repamuchato,sna
kitchen_and_dining,recipe,What is needed to cook the sausage?,24:29:SL:DISH_OR_FOOD,[IN:recipe [SL:DISH_OR_FOOD sadza] ],DISH_OR_FOOD: sadza,sna
kitchen_and_dining,recipe,What ingredients do I use to make my bread?,50:57:SL:DISH_OR_FOOD,[IN:recipe [SL:DISH_OR_FOOD chingwa] ],DISH_OR_FOOD: chingwa,sna
kitchen_and_dining,recipe,"If I need to make a transport, how do I move it?",24:32:SL:DISH_OR_FOOD,[IN:recipe [SL:DISH_OR_FOOD mutakura] ],DISH_OR_FOOD: mutakura,sna
kitchen_and_dining,recipe,Tell me how to cook a turnip?,23:29:SL:DISH_OR_FOOD,[IN:recipe [SL:DISH_OR_FOOD maguru] ],DISH_OR_FOOD: maguru,sna
kitchen_and_dining,recipe,What ingredients are used in making the tiramisu?,0:8:SL:DISH_OR_FOOD,[IN:recipe [SL:DISH_OR_FOOD Tiramisu] ],DISH_OR_FOOD: Tiramisu,sna
kitchen_and_dining,recipe,Teach me how to make a hot dog.,34:39:SL:DISH_OR_FOOD,[IN:recipe [SL:DISH_OR_FOOD nhopi] ],DISH_OR_FOOD: nhopi,sna
kitchen_and_dining,recipe,Tell me how to cook a porridge with a peanut?,25:41:SL:DISH_OR_FOOD,[IN:recipe [SL:DISH_OR_FOOD muboora une dovi] ],DISH_OR_FOOD: muboora une dovi,sna
kitchen_and_dining,recipe,How exactly is taco prepared?,17:21:SL:DISH_OR_FOOD,[IN:recipe [SL:DISH_OR_FOOD taco] ],DISH_OR_FOOD: taco,sna
kitchen_and_dining,recipe,Make a list of all the things I need to do when I make a pizza like the one at the Pizza Inn.,"41:46:SL:DISH_OR_FOOD,64:73:SL:RESTAURANT_NAME",[IN:recipe [SL:DISH_OR_FOOD pizza] [SL:RESTAURANT_NAME Pizza Inn] ],DISH_OR_FOOD: pizza $$ RESTAURANT_NAME: Pizza Inn,sna
kitchen_and_dining,recipe,Give me a list of everything I need to be able to cook a pot like Fatso's.,"54:59:SL:DISH_OR_FOOD,77:85:SL:RESTAURANT_NAME",[IN:recipe [SL:DISH_OR_FOOD gango] [SL:RESTAURANT_NAME kwaFatso] ],DISH_OR_FOOD: gango $$ RESTAURANT_NAME: kwaFatso,sna
kitchen_and_dining,recipe,Find me a sauce I can cook with a delicious pepper.,34:43:SL:DISH_OR_FOOD,[IN:recipe [SL:DISH_OR_FOOD mhiripiri] ],DISH_OR_FOOD: mhiripiri,sna
kitchen_and_dining,recipe,How do I prepare the cucumber?,14:30:SL:DISH_OR_FOOD,[IN:recipe [SL:DISH_OR_FOOD muriwo wemutsine] ],DISH_OR_FOOD: muriwo wemutsine,sna
kitchen_and_dining,recipe,What kind of eggs are capable of producing the best fertilized eggs?,0:5:SL:DISH_OR_FOOD,[IN:recipe [SL:DISH_OR_FOOD Mazai] ],DISH_OR_FOOD: Mazai,sna
kitchen_and_dining,recipe,How exactly is the honey made?,0:5:SL:DISH_OR_FOOD,[IN:recipe [SL:DISH_OR_FOOD Zondo] ],DISH_OR_FOOD: Zondo,sna
kitchen_and_dining,recipe,"If I want to cook a lobster, how do I cook it?",21:28:SL:DISH_OR_FOOD,[IN:recipe [SL:DISH_OR_FOOD harurwa] ],DISH_OR_FOOD: harurwa,sna
kitchen_and_dining,recipe,Show me how to cook lasagna properly?,16:23:SL:DISH_OR_FOOD,[IN:recipe [SL:DISH_OR_FOOD lasagna] ],DISH_OR_FOOD: lasagna,sna
kitchen_and_dining,recipe,What does my fitness require to reach my full potential?,0:8:SL:DISH_OR_FOOD,[IN:recipe [SL:DISH_OR_FOOD Magwinya] ],DISH_OR_FOOD: Magwinya,sna
kitchen_and_dining,recipe,How do I prepare chicken as it is cooked in a KFC?,"17:21:SL:DISH_OR_FOOD,48:51:SL:RESTAURANT_NAME",[IN:recipe [SL:DISH_OR_FOOD huku] [SL:RESTAURANT_NAME KFC] ],DISH_OR_FOOD: huku $$ RESTAURANT_NAME: KFC,sna
kitchen_and_dining,recipe,How are the roasted peanuts prepared?,0:18:SL:DISH_OR_FOOD,[IN:recipe [SL:DISH_OR_FOOD Nzungu dzakakangwa] ],DISH_OR_FOOD: Nzungu dzakakangwa,sna
kitchen_and_dining,recipe,Show me what it takes to make a dollar like the one sold at Gava's Restaurant.,"34:40:SL:DISH_OR_FOOD,67:84:SL:RESTAURANT_NAME",[IN:recipe [SL:DISH_OR_FOOD madora] [SL:RESTAURANT_NAME Gava's Restaurant] ],DISH_OR_FOOD: madora $$ RESTAURANT_NAME: Gava's Restaurant,sna
kitchen_and_dining,recipe,Teach me to cook the potatoes thoroughly.,21:27:SL:DISH_OR_FOOD,[IN:recipe [SL:DISH_OR_FOOD tsunga] ],DISH_OR_FOOD: tsunga,sna
kitchen_and_dining,recipe,"I've decided to cook a little rice, so how do I cook it?",24:32:SL:DISH_OR_FOOD,[IN:recipe [SL:DISH_OR_FOOD mutakura] ],DISH_OR_FOOD: mutakura,sna
kitchen_and_dining,recipe,Let me write down everything I need and how I prepare for it.,80:89:SL:DISH_OR_FOOD,[IN:recipe [SL:DISH_OR_FOOD chakalaka] ],DISH_OR_FOOD: chakalaka,sna
kitchen_and_dining,recipe,How do I cook the rice?,17:23:SL:DISH_OR_FOOD,[IN:recipe [SL:DISH_OR_FOOD rupiza] ],DISH_OR_FOOD: rupiza,sna
kitchen_and_dining,recipe,What do I make my own corn bread with?,0:12:SL:DISH_OR_FOOD,[IN:recipe [SL:DISH_OR_FOOD Bota rezviyo] ],DISH_OR_FOOD: Bota rezviyo,sna
kitchen_and_dining,recipe,Find me a fish fry at the Fish Inn.,"33:37:SL:DISH_OR_FOOD,43:51:SL:RESTAURANT_NAME",[IN:recipe [SL:DISH_OR_FOOD hove] [SL:RESTAURANT_NAME Fish Inn] ],DISH_OR_FOOD: hove $$ RESTAURANT_NAME: Fish Inn,sna
kitchen_and_dining,recipe,Please give me a new recipe for making potatoes that I have never seen in Zimbabwe.,"42:51:SL:DISH_OR_FOOD,74:82:SL:COUNTRY",[IN:recipe [SL:DISH_OR_FOOD mbatatisi] [SL:COUNTRY Zimbabwe] ],DISH_OR_FOOD: mbatatisi $$ COUNTRY: Zimbabwe,sna
kitchen_and_dining,recipe,Give me instructions on how to make gymnastics?,28:36:SL:DISH_OR_FOOD,[IN:recipe [SL:DISH_OR_FOOD magwinya] ],DISH_OR_FOOD: magwinya,sna
kitchen_and_dining,recipe,Also help me with the instructions I use when I want to cook pasta.,60:65:SL:DISH_OR_FOOD,[IN:recipe [SL:DISH_OR_FOOD pasta] ],DISH_OR_FOOD: pasta,sna
kitchen_and_dining,recipe,What steps do I follow if I want to bake bread as a baker in TM Pick n Pay?,49:56:SL:DISH_OR_FOOD,[IN:recipe [SL:DISH_OR_FOOD chingwa] ],DISH_OR_FOOD: chingwa,sna
kitchen_and_dining,recipe,What is the most appropriate way to cook oats?,43:49:SL:DISH_OR_FOOD,[IN:recipe [SL:DISH_OR_FOOD mahewu] ],DISH_OR_FOOD: mahewu,sna
kitchen_and_dining,recipe,How do I prepare a tuna-vegetable mixture?,17:45:SL:DISH_OR_FOOD,[IN:recipe [SL:DISH_OR_FOOD musanganiswa wemuriwo wetuna] ],DISH_OR_FOOD: musanganiswa wemuriwo wetuna,sna
kitchen_and_dining,recipe,Give me the instructions for making a cake.,30:34:SL:DISH_OR_FOOD,[IN:recipe [SL:DISH_OR_FOOD keke] ],DISH_OR_FOOD: keke,sna
kitchen_and_dining,recipe,Give me also suggestions of instructions which I should follow in preparing a roast.,52:68:SL:DISH_OR_FOOD,[IN:recipe [SL:DISH_OR_FOOD nyama yakakangwa] ],DISH_OR_FOOD: nyama yakakangwa,sna
kitchen_and_dining,recipe,I need a detailed instruction manual to help me make biscuits like the ones Proton sells.,54:65:SL:DISH_OR_FOOD,[IN:recipe [SL:DISH_OR_FOOD mabhisikiti] ],DISH_OR_FOOD: mabhisikiti,sna
kitchen_and_dining,recipe,Find out how to cook the chicken.,12:20:SL:DISH_OR_FOOD,[IN:recipe [SL:DISH_OR_FOOD mapfunde] ],DISH_OR_FOOD: mapfunde,sna
kitchen_and_dining,recipe,Also direct me to make a flour cake.,27:43:SL:DISH_OR_FOOD,[IN:recipe [SL:DISH_OR_FOOD chingwa chehupfu] ],DISH_OR_FOOD: chingwa chehupfu,sna
kitchen_and_dining,recipe,Find me a recipe for a copper pot and I'll copy it.,"40:46:SL:DISH_OR_FOOD,49:57:SL:PLACE_NAME",[IN:recipe [SL:DISH_OR_FOOD tsunga] [SL:PLACE_NAME Mhangura] ],DISH_OR_FOOD: tsunga $$ PLACE_NAME: Mhangura,sna
kitchen_and_dining,recipe,Teach me also to cook a matte pot roast from the Matebeleland region.,"21:26:SL:DISH_OR_FOOD,49:61:SL:CITY_OR_PROVINCE",[IN:recipe [SL:DISH_OR_FOOD gango] [SL:CITY_OR_PROVINCE Matebeleland] ],DISH_OR_FOOD: gango $$ CITY_OR_PROVINCE: Matebeleland,sna
kitchen_and_dining,recipe,Find me simple to follow instructions for cooking lungs.,51:57:SL:DISH_OR_FOOD,[IN:recipe [SL:DISH_OR_FOOD mapapu] ],DISH_OR_FOOD: mapapu,sna
kitchen_and_dining,recipe,I like the above recipe for potatoes.,43:52:SL:DISH_OR_FOOD,[IN:recipe [SL:DISH_OR_FOOD mbatatisi] ],DISH_OR_FOOD: mbatatisi,sna
kitchen_and_dining,recipe,How are the onions cooked?,19:26:SL:DISH_OR_FOOD,[IN:recipe [SL:DISH_OR_FOOD harurwa] ],DISH_OR_FOOD: harurwa,sna
kitchen_and_dining,recipe,I also wonder how the glorious elephant soup in the Murehwa region is prepared?,"19:33:SL:DISH_OR_FOOD,56:63:SL:PLACE_NAME",[IN:recipe [SL:DISH_OR_FOOD muto wemazondo] [SL:PLACE_NAME Murehwa] ],DISH_OR_FOOD: muto wemazondo $$ PLACE_NAME: Murehwa,sna
kitchen_and_dining,recipe,Find a simple way to cook in the sauce.,34:42:SL:DISH_OR_FOOD,[IN:recipe [SL:DISH_OR_FOOD munyevhe] ],DISH_OR_FOOD: munyevhe,sna
kitchen_and_dining,recipe,Write down instructions for cooking the intestines of a cow.,30:44:SL:DISH_OR_FOOD,[IN:recipe [SL:DISH_OR_FOOD matumbu emombe] ],DISH_OR_FOOD: matumbu emombe,sna
kitchen_and_dining,recipe,Find me a way to cook the potato.,32:38:SL:DISH_OR_FOOD,[IN:recipe [SL:DISH_OR_FOOD tsunga] ],DISH_OR_FOOD: tsunga,sna
kitchen_and_dining,recipe,The dish is cooked with a special sauce.,0:5:SL:DISH_OR_FOOD,[IN:recipe [SL:DISH_OR_FOOD Kovho] ],DISH_OR_FOOD: Kovho,sna
kitchen_and_dining,recipe,What steps are followed to prepare grain beer?,45:57:SL:DISH_OR_FOOD,[IN:recipe [SL:DISH_OR_FOOD doro rezviyo] ],DISH_OR_FOOD: doro rezviyo,sna
kitchen_and_dining,recipe,How is the leek cooked to its fullest flavor?,0:6:SL:DISH_OR_FOOD,[IN:recipe [SL:DISH_OR_FOOD Dhadha] ],DISH_OR_FOOD: Dhadha,sna
kitchen_and_dining,recipe,Give me instructions on how to cook the turkey meat.,28:41:SL:DISH_OR_FOOD,[IN:recipe [SL:DISH_OR_FOOD nyama yegarwe] ],DISH_OR_FOOD: nyama yegarwe,sna
kitchen_and_dining,recipe,How is the head of a cow prepared for a tasty meal?,0:14:SL:DISH_OR_FOOD,[IN:recipe [SL:DISH_OR_FOOD Musoro wemombe] ],DISH_OR_FOOD: Musoro wemombe,sna
kitchen_and_dining,recipe,I write down everything I need to make a dessert.,46:54:SL:DISH_OR_FOOD,[IN:recipe [SL:DISH_OR_FOOD chimodho] ],DISH_OR_FOOD: chimodho,sna
kitchen_and_dining,recipe,"How is hot, fried rice prepared?",0:34:SL:DISH_OR_FOOD,[IN:recipe [SL:DISH_OR_FOOD Mupunga unovavirira uye wakakangwa] ],DISH_OR_FOOD: Mupunga unovavirira uye wakakangwa,sna
kitchen_and_dining,recipe,"If I want to cook a delicious eggplant, what do I use?",15:23:SL:DISH_OR_FOOD,[IN:recipe [SL:DISH_OR_FOOD nzondora] ],DISH_OR_FOOD: nzondora,sna
kitchen_and_dining,recipe,Find me a good bean stew made from the Walls area.,"25:31:SL:DISH_OR_FOOD,68:76:SL:CITY_OR_PROVINCE",[IN:recipe [SL:DISH_OR_FOOD bhinzi] [SL:CITY_OR_PROVINCE Masvingo] ],DISH_OR_FOOD: bhinzi $$ CITY_OR_PROVINCE: Masvingo,sna
kitchen_and_dining,recipe,I want to learn how to make dumplings.,27:35:SL:DISH_OR_FOOD,[IN:recipe [SL:DISH_OR_FOOD madhumbe] ],DISH_OR_FOOD: madhumbe,sna
kitchen_and_dining,recipe,Give me some ideas of what I can make for vegetarians.,70:75:SL:DISH_OR_FOOD,[IN:recipe [SL:DISH_OR_FOOD nyama] ],DISH_OR_FOOD: nyama,sna
kitchen_and_dining,recipe,How do I cook a stew with vegetables without meat.,14:40:SL:DISH_OR_FOOD,[IN:recipe [SL:DISH_OR_FOOD sadza nemuriwo usina nyama] ],DISH_OR_FOOD: sadza nemuriwo usina nyama,sna
kitchen_and_dining,recipe,Show me how to cook rice mixed with noodles?,18:48:SL:DISH_OR_FOOD,[IN:recipe [SL:DISH_OR_FOOD mupunga wakasangana nemanoodle] ],DISH_OR_FOOD: mupunga wakasangana nemanoodle,sna
kitchen_and_dining,recipe,"Also, help me find some traditional recipes I can make on my beans.",56:62:SL:DISH_OR_FOOD,[IN:recipe [SL:DISH_OR_FOOD bhinzi] ],DISH_OR_FOOD: bhinzi,sna
kitchen_and_dining,restaurant_reservation,Can you reserve a table for me at the Sunday School at 4 o'clock?,"40:52:SL:RESTAURANT_NAME,61:79:SL:TIME",[IN:restaurant_reservation [SL:RESTAURANT_NAME Muto Wezondo] [SL:TIME dza4 zuva rorereka] ],RESTAURANT_NAME: Muto Wezondo $$ TIME: dza4 zuva rorereka,sna
kitchen_and_dining,restaurant_reservation,Reserve a table for lunch at 12 noon at Mastondido Foods.,"36:50:SL:TIME,53:69:SL:RESTAURANT_NAME",[IN:restaurant_reservation [SL:TIME dza12 masikati] [SL:RESTAURANT_NAME Mastondido Foods] ],TIME: dza12 masikati $$ RESTAURANT_NAME: Mastondido Foods,sna
kitchen_and_dining,restaurant_reservation,Arrange a table for three at 4 p.m. at Tigre Eats.,"15:21:SL:NUMBER,30:46:SL:TIME,49:60:SL:RESTAURANT_NAME",[IN:restaurant_reservation [SL:NUMBER vatatu] [SL:TIME dza4 zuva rovira] [SL:RESTAURANT_NAME Tigere Eats] ],NUMBER: vatatu $$ TIME: dza4 zuva rovira $$ RESTAURANT_NAME: Tigere Eats,sna
kitchen_and_dining,restaurant_reservation,Why not arrange a table for nine at the Ruzawi Riverside Cafe at 7 p.m.,"30:39:SL:NUMBER,42:63:SL:RESTAURANT_NAME,72:84:SL:TIME",[IN:restaurant_reservation [SL:NUMBER pfumbamwe] [SL:RESTAURANT_NAME Ruzawi Riverside Cafe] [SL:TIME dza7 manheru] ],NUMBER: pfumbamwe $$ RESTAURANT_NAME: Ruzawi Riverside Cafe $$ TIME: dza7 manheru,sna
kitchen_and_dining,restaurant_reservation,At 12 o'clock I want a table for five at the Meikles Hotel.,"9:14:SL:TIME,32:39:SL:NUMBER,42:55:SL:HOTEL_NAME",[IN:restaurant_reservation [SL:TIME dza12] [SL:NUMBER vashanu] [SL:HOTEL_NAME Meikles Hotel] ],TIME: dza12 $$ NUMBER: vashanu $$ HOTEL_NAME: Meikles Hotel,sna
kitchen_and_dining,restaurant_reservation,I need a five-seater table at Holly's Fresh Bream at 1145 a.m.,"29:36:SL:NUMBER,39:58:SL:RESTAURANT_NAME,67:86:SL:TIME",[IN:restaurant_reservation [SL:NUMBER vashanu] [SL:RESTAURANT_NAME Holly's Fresh Bream] [SL:TIME dza 1145 mangwanani] ],NUMBER: vashanu $$ RESTAURANT_NAME: Holly's Fresh Bream $$ TIME: dza 1145 mangwanani,sna
kitchen_and_dining,restaurant_reservation,Set a table for seven at the King's Table for four o'clock in the afternoon.,"18:27:SL:NUMBER,30:44:SL:RESTAURANT_NAME,59:72:SL:TIME",[IN:restaurant_reservation [SL:NUMBER yevanomwe] [SL:RESTAURANT_NAME Tafura Yamambo] [SL:TIME dza4 masikati] ],NUMBER: yevanomwe $$ RESTAURANT_NAME: Tafura Yamambo $$ TIME: dza4 masikati,sna
kitchen_and_dining,restaurant_reservation,Cancel the five-person table-waving program on Sunday morning at 11am in the Evernice car.,"40:47:SL:NUMBER,50:61:SL:RESTAURANT_NAME,70:86:SL:TIME,105:113:SL:PERSONAL_NAME",[IN:restaurant_reservation [SL:NUMBER vashanu] [SL:RESTAURANT_NAME Zondo Gango] [SL:TIME dza11 mangwanani] [SL:PERSONAL_NAME Evernice] ],NUMBER: vashanu $$ RESTAURANT_NAME: Zondo Gango $$ TIME: dza11 mangwanani $$ PERSONAL_NAME: Evernice,sna
kitchen_and_dining,restaurant_reservation,Cancel the reservation for nine people at Princess Makoti at 10am in the name of Love.,"46:57:SL:NUMBER,60:75:SL:RESTAURANT_NAME,84:100:SL:TIME,126:130:SL:PERSONAL_NAME",[IN:restaurant_reservation [SL:NUMBER vapfumbamwe] [SL:RESTAURANT_NAME Princess Makoti] [SL:TIME dza10 mangwanani] [SL:PERSONAL_NAME Rudo] ],NUMBER: vapfumbamwe $$ RESTAURANT_NAME: Princess Makoti $$ TIME: dza10 mangwanani $$ PERSONAL_NAME: Rudo,sna
kitchen_and_dining,restaurant_reservation,Also set a table for seven at the Red Lovers Union for 9:00 a.m. in the name of Dauya.,"20:29:SL:NUMBER,32:50:SL:RESTAURANT_NAME,65:80:SL:TIME,99:104:SL:PERSONAL_NAME",[IN:restaurant_reservation [SL:NUMBER yevanomwe] [SL:RESTAURANT_NAME Sungano Red Lovers] [SL:TIME nga9 mangwanani] [SL:PERSONAL_NAME Dauya] ],NUMBER: yevanomwe $$ RESTAURANT_NAME: Sungano Red Lovers $$ TIME: nga9 mangwanani $$ PERSONAL_NAME: Dauya,sna
kitchen_and_dining,restaurant_reservation,Can you also reserve a table for eight people under the name of The Little One at the Bob Mug Coffee House at 3:00 p.m.?,"42:48:SL:NUMBER,67:78:SL:PERSONAL_NAME,81:101:SL:RESTAURANT_NAME",[IN:restaurant_reservation [SL:NUMBER vasere] [SL:PERSONAL_NAME Mutetenerwa] [SL:RESTAURANT_NAME Bob Mug Coffee House] ],NUMBER: vasere $$ PERSONAL_NAME: Mutetenerwa $$ RESTAURANT_NAME: Bob Mug Coffee House,sna
kitchen_and_dining,restaurant_reservation,I would like to reserve a table for ten people at the Red Meat registered in the name of Chinamhora.,"41:45:SL:NUMBER,48:64:SL:RESTAURANT_NAME,92:102:SL:PERSONAL_NAME",[IN:restaurant_reservation [SL:NUMBER gumi] [SL:RESTAURANT_NAME Kanyama Katsvuku] [SL:PERSONAL_NAME Chinamhora] ],NUMBER: gumi $$ RESTAURANT_NAME: Kanyama Katsvuku $$ PERSONAL_NAME: Chinamhora,sna
kitchen_and_dining,restaurant_reservation,I would like a table for four at 1230 noon at the Gallery Food Court.,"29:33:SL:NUMBER,42:58:SL:TIME,61:79:SL:RESTAURANT_NAME",[IN:restaurant_reservation [SL:NUMBER vana] [SL:TIME dza1230 masikati] [SL:RESTAURANT_NAME Gallery Food Court] ],NUMBER: vana $$ TIME: dza1230 masikati $$ RESTAURANT_NAME: Gallery Food Court,sna
kitchen_and_dining,restaurant_reservation,Find me a table for two at the Waterfall Edge Eatery for 8:00 p.m.,"27:33:SL:NUMBER,36:57:SL:RESTAURANT_NAME,72:84:SL:TIME",[IN:restaurant_reservation [SL:NUMBER vaviri] [SL:RESTAURANT_NAME Waterfall Edge Eatery] [SL:TIME dza8 manheru] ],NUMBER: vaviri $$ RESTAURANT_NAME: Waterfall Edge Eatery $$ TIME: dza8 manheru,sna
kitchen_and_dining,restaurant_reservation,I need a double table to be set aside in the Flame Lily Kitchen for 5 p.m. dogs.,"26:32:SL:NUMBER,59:77:SL:RESTAURANT_NAME,91:96:SL:TIME,97:108:SL:TIME",[IN:restaurant_reservation [SL:NUMBER vaviri] [SL:RESTAURANT_NAME Flame Lily Kitchen] [SL:TIME dza 5] [SL:TIME zuva rovira] ],NUMBER: vaviri $$ RESTAURANT_NAME: Flame Lily Kitchen $$ TIME: dza 5 $$ TIME: zuva rovira,sna
kitchen_and_dining,restaurant_reservation,I request a double table to be set aside at the Smoking Gun for the 2 p.m. sessions.,"28:34:SL:NUMBER,57:68:SL:RESTAURANT_NAME,84:97:SL:TIME",[IN:restaurant_reservation [SL:NUMBER vaviri] [SL:RESTAURANT_NAME Smoking Gun] [SL:TIME dza2 masikati] ],NUMBER: vaviri $$ RESTAURANT_NAME: Smoking Gun $$ TIME: dza2 masikati,sna
kitchen_and_dining,restaurant_reservation,Also reserve a table for two at Chachito Hot Wings at 6 o'clock.,"39:45:SL:NUMBER,48:66:SL:RESTAURANT_NAME,75:85:SL:TIME",[IN:restaurant_reservation [SL:NUMBER vaviri] [SL:RESTAURANT_NAME Chachito Hot Wings] [SL:TIME dza6 mauro] ],NUMBER: vaviri $$ RESTAURANT_NAME: Chachito Hot Wings $$ TIME: dza6 mauro,sna
kitchen_and_dining,restaurant_reservation,"Also, set a table for three at 1 p.m. at the Gochi Gochi Restaurant.","28:34:SL:NUMBER,43:56:SL:TIME,59:81:SL:RESTAURANT_NAME",[IN:restaurant_reservation [SL:NUMBER vatatu] [SL:TIME dza1 masikati] [SL:RESTAURANT_NAME Gochi Gochi Restaurant] ],NUMBER: vatatu $$ TIME: dza1 masikati $$ RESTAURANT_NAME: Gochi Gochi Restaurant,sna
kitchen_and_dining,restaurant_reservation,Also find me a table for two under the tree at 4 o'clock at the Family Hideout.,"20:28:SL:NUMBER,49:53:SL:TIME,56:70:SL:RESTAURANT_NAME",[IN:restaurant_reservation [SL:NUMBER yevaviri] [SL:TIME dza4] [SL:RESTAURANT_NAME Family Hideout] ],NUMBER: yevaviri $$ TIME: dza4 $$ RESTAURANT_NAME: Family Hideout,sna
kitchen_and_dining,restaurant_reservation,Can you get me a table for four at Pats Chat'n'Eat?,"41:45:SL:NUMBER,48:63:SL:RESTAURANT_NAME",[IN:restaurant_reservation [SL:NUMBER vana] [SL:RESTAURANT_NAME Pats Chat'n'Eat] ],NUMBER: vana $$ RESTAURANT_NAME: Pats Chat'n'Eat,sna
kitchen_and_dining,restaurant_reservation,Set me a table for six persons for the Swallow and the Beef.,"34:43:SL:NUMBER,47:66:SL:RESTAURANT_NAME",[IN:restaurant_reservation [SL:NUMBER natanhatu] [SL:RESTAURANT_NAME Mhofu Sadza Nonyama] ],NUMBER: natanhatu $$ RESTAURANT_NAME: Mhofu Sadza Nonyama,sna
kitchen_and_dining,restaurant_reservation,And set a table for eight people at the Muangaz,"29:35:SL:NUMBER,39:47:SL:PLACE_NAME",[IN:restaurant_reservation [SL:NUMBER vasere] [SL:PLACE_NAME Mutangaz] ],NUMBER: vasere $$ PLACE_NAME: Mutangaz,sna
kitchen_and_dining,restaurant_reservation,Also set a table for five at the Gochi Gochi Restaurant.,"28:35:SL:NUMBER,38:60:SL:RESTAURANT_NAME",[IN:restaurant_reservation [SL:NUMBER vashanu] [SL:RESTAURANT_NAME Gochi Gochi Restaurant] ],NUMBER: vashanu $$ RESTAURANT_NAME: Gochi Gochi Restaurant,sna
kitchen_and_dining,restaurant_reservation,Book a table for two using the name Benhura at Chachito Hot Wings at 6 euros.,"30:36:SL:NUMBER,62:69:SL:PERSONAL_NAME,72:90:SL:RESTAURANT_NAME,99:109:SL:TIME",[IN:restaurant_reservation [SL:NUMBER vaviri] [SL:PERSONAL_NAME Benhura] [SL:RESTAURANT_NAME Chachito Hot Wings] [SL:TIME dza6 mauro] ],NUMBER: vaviri $$ PERSONAL_NAME: Benhura $$ RESTAURANT_NAME: Chachito Hot Wings $$ TIME: dza6 mauro,sna
kitchen_and_dining,restaurant_reservation,"Set up a table under the name ""Given"" for five at Red Rooster at 8 o'clock.","32:40:SL:PERSONAL_NAME,53:60:SL:NUMBER,63:74:SL:RESTAURANT_NAME,83:94:SL:TIME",[IN:restaurant_reservation [SL:PERSONAL_NAME Wakapiwa] [SL:NUMBER vashanu] [SL:RESTAURANT_NAME Red Rooster] [SL:TIME dza8 maheru] ],PERSONAL_NAME: Wakapiwa $$ NUMBER: vashanu $$ RESTAURANT_NAME: Red Rooster $$ TIME: dza8 maheru,sna
kitchen_and_dining,restaurant_reservation,Arrange for a table for three to be kept under the name of the Beads on Grandma's Dish.,"33:39:SL:NUMBER,76:87:SL:PERSONAL_NAME,90:103:SL:RESTAURANT_NAME",[IN:restaurant_reservation [SL:NUMBER vatatu] [SL:PERSONAL_NAME Hwereshenga] [SL:RESTAURANT_NAME Mbiya Yambuya] ],NUMBER: vatatu $$ PERSONAL_NAME: Hwereshenga $$ RESTAURANT_NAME: Mbiya Yambuya,sna
kitchen_and_dining,restaurant_reservation,Can you get me a table for one person at 9:00 a.m. at Hangasa Cookout?,"36:41:SL:NUMBER,55:70:SL:TIME,73:88:SL:RESTAURANT_NAME",[IN:restaurant_reservation [SL:NUMBER mumwe] [SL:TIME dza9 mangwanani] [SL:RESTAURANT_NAME Hangasa Cookout] ],NUMBER: mumwe $$ TIME: dza9 mangwanani $$ RESTAURANT_NAME: Hangasa Cookout,sna
kitchen_and_dining,restaurant_reservation,I've arranged a table for three set aside under the name Fuzzy Goo for 630 hours in the evening at the Sadza Detedete.,"20:26:SL:NUMBER,74:83:SL:PERSONAL_NAME,98:112:SL:TIME,115:129:SL:RESTAURANT_NAME",[IN:restaurant_reservation [SL:NUMBER vatatu] [SL:PERSONAL_NAME Fuzzy Goo] [SL:TIME dza630 manheru] [SL:RESTAURANT_NAME Sadza Detedete] ],NUMBER: vatatu $$ PERSONAL_NAME: Fuzzy Goo $$ TIME: dza630 manheru $$ RESTAURANT_NAME: Sadza Detedete,sna
kitchen_and_dining,restaurant_reservation,Using the name Shing Ling secure a table for five at the Mubvinzi River Lodge at 10 a.m.,"25:35:SL:PERSONAL_NAME,63:70:SL:NUMBER,73:93:SL:HOTEL_NAME,102:118:SL:TIME",[IN:restaurant_reservation [SL:PERSONAL_NAME Shing Ling] [SL:NUMBER vashanu] [SL:HOTEL_NAME Mubvinzi River Lodge] [SL:TIME dza10 mangwanani] ],PERSONAL_NAME: Shing Ling $$ NUMBER: vashanu $$ HOTEL_NAME: Mubvinzi River Lodge $$ TIME: dza10 mangwanani,sna
kitchen_and_dining,restaurant_reservation,Booking a table for three at The Great Cape Inn under the name Tekeshe,"22:28:SL:NUMBER,31:49:SL:RESTAURANT_NAME,75:82:SL:PERSONAL_NAME",[IN:restaurant_reservation [SL:NUMBER vatatu] [SL:RESTAURANT_NAME The Great Cape Inn] [SL:PERSONAL_NAME Tekeshe] ],NUMBER: vatatu $$ RESTAURANT_NAME: The Great Cape Inn $$ PERSONAL_NAME: Tekeshe,sna
kitchen_and_dining,restaurant_reservation,Set aside a table for two at the Gap of the Great River at 6 o'clock using the name Kokorigo,"34:40:SL:NUMBER,43:62:SL:RESTAURANT_NAME,71:81:SL:TIME,107:115:SL:PERSONAL_NAME",[IN:restaurant_reservation [SL:NUMBER vaviri] [SL:RESTAURANT_NAME Gapu RaTete Chihera] [SL:TIME dza6 mauro] [SL:PERSONAL_NAME Kokorigo] ],NUMBER: vaviri $$ RESTAURANT_NAME: Gapu RaTete Chihera $$ TIME: dza6 mauro $$ PERSONAL_NAME: Kokorigo,sna
kitchen_and_dining,restaurant_reservation,Reserve a table for five at Chivero Sundowners and put it in Knigga's name.,"35:42:SL:NUMBER,45:63:SL:RESTAURANT_NAME,87:93:SL:PERSONAL_NAME",[IN:restaurant_reservation [SL:NUMBER vashanu] [SL:RESTAURANT_NAME Chivero Sundowners] [SL:PERSONAL_NAME Knigga] ],NUMBER: vashanu $$ RESTAURANT_NAME: Chivero Sundowners $$ PERSONAL_NAME: Knigga,sna
kitchen_and_dining,restaurant_reservation,Can you arrange a table for six at the Lobster Kitchen for 430 hours of lunch?,"34:43:SL:NUMBER,46:61:SL:RESTAURANT_NAME,76:91:SL:TIME",[IN:restaurant_reservation [SL:NUMBER vatanhatu] [SL:RESTAURANT_NAME Lobster Kitchen] [SL:TIME dza430 masikati] ],NUMBER: vatanhatu $$ RESTAURANT_NAME: Lobster Kitchen $$ TIME: dza430 masikati,sna
kitchen_and_dining,restaurant_reservation,I'm booking a table reserved for two at Karimi Kerudo Steaks using the name Tigere for 5:00 p.m.,"37:43:SL:NUMBER,46:66:SL:RESTAURANT_NAME,92:98:SL:PERSONAL_NAME,113:129:SL:TIME",[IN:restaurant_reservation [SL:NUMBER vaviri] [SL:RESTAURANT_NAME Karimi Kerudo Steaks] [SL:PERSONAL_NAME Tigere] [SL:TIME dza5 zuva rovira] ],NUMBER: vaviri $$ RESTAURANT_NAME: Karimi Kerudo Steaks $$ PERSONAL_NAME: Tigere $$ TIME: dza5 zuva rovira,sna
kitchen_and_dining,restaurant_reservation,Reserve a table for three at Glenfield Restaurant at 12 noon tomorrow under the name of Grandpa Pondo.,"32:38:SL:NUMBER,41:61:SL:RESTAURANT_NAME,70:85:SL:TIME,86:94:SL:DATE,118:130:SL:PERSONAL_NAME",[IN:restaurant_reservation [SL:NUMBER vatatu] [SL:RESTAURANT_NAME Glenfield Restaurant] [SL:TIME dza 12 masikati] [SL:DATE mangwana] [SL:PERSONAL_NAME Sekuru Pondo] ],NUMBER: vatatu $$ RESTAURANT_NAME: Glenfield Restaurant $$ TIME: dza 12 masikati $$ DATE: mangwana $$ PERSONAL_NAME: Sekuru Pondo,sna
kitchen_and_dining,restaurant_reservation,Could you set a table for six at Grandma Mudovi at 10 a.m.?,"37:44:SL:NUMBER,47:59:SL:RESTAURANT_NAME,68:84:SL:TIME",[IN:restaurant_reservation [SL:NUMBER vatanhu] [SL:RESTAURANT_NAME Mbuya Mudovi] [SL:TIME dza10 mangwanani] ],NUMBER: vatanhu $$ RESTAURANT_NAME: Mbuya Mudovi $$ TIME: dza10 mangwanani,sna
kitchen_and_dining,restaurant_reservation,Can I get a table for three at the Second Street Lounge?,"29:35:SL:NUMBER,38:58:SL:RESTAURANT_NAME",[IN:restaurant_reservation [SL:NUMBER vatatu] [SL:RESTAURANT_NAME Second Street Lounge] ],NUMBER: vatatu $$ RESTAURANT_NAME: Second Street Lounge,sna
kitchen_and_dining,restaurant_reservation,Can you get me a table for three at Bob's Big Mug at 6:30 in the morning?,"47:53:SL:NUMBER,56:69:SL:RESTAURANT_NAME,78:96:SL:TIME",[IN:restaurant_reservation [SL:NUMBER vatatu] [SL:RESTAURANT_NAME Bob's Big Mug] [SL:TIME dza6:30 rungwanani] ],NUMBER: vatatu $$ RESTAURANT_NAME: Bob's Big Mug $$ TIME: dza6:30 rungwanani,sna
kitchen_and_dining,restaurant_reservation,Can a table for five be found at the Village Kitchen for the 9:00 p.m. meal?,"22:29:SL:NUMBER,49:64:SL:RESTAURANT_NAME,79:91:SL:TIME",[IN:restaurant_reservation [SL:NUMBER vashanu] [SL:RESTAURANT_NAME Village Kitchen] [SL:TIME dza9 manheru] ],NUMBER: vashanu $$ RESTAURANT_NAME: Village Kitchen $$ TIME: dza9 manheru,sna
kitchen_and_dining,restaurant_reservation,"Also, reserve a table for one person at 3 p.m. at Hotwings.","35:40:SL:NUMBER,55:68:SL:TIME,71:79:SL:RESTAURANT_NAME",[IN:restaurant_reservation [SL:NUMBER mumwe] [SL:TIME dza3 masikati] [SL:RESTAURANT_NAME Hotwings] ],NUMBER: mumwe $$ TIME: dza3 masikati $$ RESTAURANT_NAME: Hotwings,sna
kitchen_and_dining,restaurant_reservation,Also reserve a table for three at the Nehanda Roast at 8:00 p.m.,"26:32:SL:NUMBER,35:48:SL:RESTAURANT_NAME,57:69:SL:TIME",[IN:restaurant_reservation [SL:NUMBER vatatu] [SL:RESTAURANT_NAME Nehanda Roast] [SL:TIME dza8 manheru] ],NUMBER: vatatu $$ RESTAURANT_NAME: Nehanda Roast $$ TIME: dza8 manheru,sna
kitchen_and_dining,restaurant_reservation,I would also like a table for Uncle Standuru at the Meikles Hotel at lunchtime at 1 p.m.,"33:48:SL:PERSONAL_NAME,51:64:SL:HOTEL_NAME,67:84:SL:MEAL_PERIOD,85:98:SL:TIME",[IN:restaurant_reservation [SL:PERSONAL_NAME Sekuru Standuru] [SL:HOTEL_NAME Meikles Hotel] [SL:MEAL_PERIOD nguva dzesvusvuro] [SL:TIME dza1 masikati] ],PERSONAL_NAME: Sekuru Standuru $$ HOTEL_NAME: Meikles Hotel $$ MEAL_PERIOD: nguva dzesvusvuro $$ TIME: dza1 masikati,sna
kitchen_and_dining,restaurant_reservation,Is it possible to book a room at EKhaya 2.6.3 for five people,"34:46:SL:RESTAURANT_NAME,55:62:SL:NUMBER",[IN:restaurant_reservation [SL:RESTAURANT_NAME EKhaya 2.6.3] [SL:NUMBER vashanu] ],RESTAURANT_NAME: EKhaya 2.6.3 $$ NUMBER: vashanu,sna
kitchen_and_dining,restaurant_reservation,I would like to reserve a dining table at the Kanye West for 7:00 a.m.,"40:54:SL:RESTAURANT_NAME,69:84:SL:TIME",[IN:restaurant_reservation [SL:RESTAURANT_NAME Kanyame Karipi] [SL:TIME dza7 mangwanani] ],RESTAURANT_NAME: Kanyame Karipi $$ TIME: dza7 mangwanani,sna
kitchen_and_dining,restaurant_reservation,Can I also reserve a table for two at the Campanile in Hangasa for 8:00 p.m.?,"43:49:SL:NUMBER,52:73:SL:RESTAURANT_NAME,88:100:SL:TIME",[IN:restaurant_reservation [SL:NUMBER vaviri] [SL:RESTAURANT_NAME Kamhiripiri Muhangasa] [SL:TIME dza8 manheru] ],NUMBER: vaviri $$ RESTAURANT_NAME: Kamhiripiri Muhangasa $$ TIME: dza8 manheru,sna
kitchen_and_dining,restaurant_reservation,I'd like to reserve a table for 12 noon at Hot Wings in the name of Hazel.,"46:60:SL:TIME,63:72:SL:RESTAURANT_NAME,91:96:SL:PERSONAL_NAME",[IN:restaurant_reservation [SL:TIME dza12 masikati] [SL:RESTAURANT_NAME Hot Wings] [SL:PERSONAL_NAME Hazel] ],TIME: dza12 masikati $$ RESTAURANT_NAME: Hot Wings $$ PERSONAL_NAME: Hazel,sna
kitchen_and_dining,restaurant_reservation,I'd also like a table for three at the Chicken Inn at 6 p.m.,"19:25:SL:NUMBER,28:39:SL:RESTAURANT_NAME,48:60:SL:TIME",[IN:restaurant_reservation [SL:NUMBER vatatu] [SL:RESTAURANT_NAME Chicken Inn] [SL:TIME dza6 manheru] ],NUMBER: vatatu $$ RESTAURANT_NAME: Chicken Inn $$ TIME: dza6 manheru,sna
kitchen_and_dining,restaurant_reservation,I would like to reserve a table at the Hot Plate Grill using the Patigere zit.,"34:49:SL:RESTAURANT_NAME,74:82:SL:PERSONAL_NAME",[IN:restaurant_reservation [SL:RESTAURANT_NAME Hot Plate Grill] [SL:PERSONAL_NAME Patigere] ],RESTAURANT_NAME: Hot Plate Grill $$ PERSONAL_NAME: Patigere,sna
kitchen_and_dining,restaurant_reservation,"Which is, I'd like to reserve a table for three at the Working Together Hotel tonight at 8pm.","40:46:SL:NUMBER,49:71:SL:HOTEL_NAME,72:79:SL:TIME,80:86:SL:DATE,95:99:SL:TIME",[IN:restaurant_reservation [SL:NUMBER vatatu] [SL:HOTEL_NAME Mushandira Pamwe Hotel] [SL:TIME manheru] [SL:DATE anhasi] [SL:TIME dza8] ],NUMBER: vatatu $$ HOTEL_NAME: Mushandira Pamwe Hotel $$ TIME: manheru $$ DATE: anhasi $$ TIME: dza8,sna
kitchen_and_dining,restaurant_reservation,"In the meantime, I would like to reserve a table for five at the Liz Garden Motel for 9:00 a.m. tomorrow morning.","48:55:SL:NUMBER,58:74:SL:HOTEL_NAME,89:93:SL:TIME,94:102:SL:DATE,103:113:SL:TIME",[IN:restaurant_reservation [SL:NUMBER vashanu] [SL:HOTEL_NAME Liz Garden Motel] [SL:TIME dza9] [SL:DATE mangwana] [SL:TIME mangwanani] ],NUMBER: vashanu $$ HOTEL_NAME: Liz Garden Motel $$ TIME: dza9 $$ DATE: mangwana $$ TIME: mangwanani,sna
kitchen_and_dining,restaurant_reservation,Can you also reserve a table for four at the Spare Rib Inn at 2:00 p.m. on April 28?,"51:55:SL:NUMBER,58:71:SL:RESTAURANT_NAME,80:93:SL:TIME,99:112:SL:DATE",[IN:restaurant_reservation [SL:NUMBER vana] [SL:RESTAURANT_NAME Spare Rib Inn] [SL:TIME dza2 masikati] [SL:DATE wa28 Kubvumbi] ],NUMBER: vana $$ RESTAURANT_NAME: Spare Rib Inn $$ TIME: dza2 masikati $$ DATE: wa28 Kubvumbi,sna
kitchen_and_dining,restaurant_reservation,I would like to reserve a table for one person at Pachedu for 6:00 p.m. on Saturday for next Sunday.,"36:41:SL:NUMBER,44:51:SL:RESTAURANT_NAME,66:78:SL:TIME,80:88:SL:DATE,96:110:SL:DATE",[IN:restaurant_reservation [SL:NUMBER mumwe] [SL:RESTAURANT_NAME Pachedu] [SL:TIME dza6 manheru] [SL:DATE mugovera] [SL:DATE svondo rinouya] ],NUMBER: mumwe $$ RESTAURANT_NAME: Pachedu $$ TIME: dza6 manheru $$ DATE: mugovera $$ DATE: svondo rinouya,sna
kitchen_and_dining,restaurant_reservation,"Please reserve a table for three on Saturday, May 12 at Kapadza Keserima at 2 p.m.","41:47:SL:NUMBER,50:58:SL:DATE,64:77:SL:DATE,80:96:SL:RESTAURANT_NAME,105:118:SL:TIME",[IN:restaurant_reservation [SL:NUMBER vatatu] [SL:DATE Mugovera] [SL:DATE wa12 Chivabvu] [SL:RESTAURANT_NAME Kapadza Keserima] [SL:TIME dza2 masikati] ],NUMBER: vatatu $$ DATE: Mugovera $$ DATE: wa12 Chivabvu $$ RESTAURANT_NAME: Kapadza Keserima $$ TIME: dza2 masikati,sna
kitchen_and_dining,restaurant_reservation,I have to reserve a five-seater dining table at Sadza Noguru for 7 p.m. tonight.,"51:58:SL:NUMBER,61:73:SL:RESTAURANT_NAME,88:100:SL:TIME,102:107:SL:DATE",[IN:restaurant_reservation [SL:NUMBER vashanu] [SL:RESTAURANT_NAME Sadza Noguru] [SL:TIME dza7 manheru] [SL:DATE nhasi] ],NUMBER: vashanu $$ RESTAURANT_NAME: Sadza Noguru $$ TIME: dza7 manheru $$ DATE: nhasi,sna
kitchen_and_dining,restaurant_reservation,Can I reserve a table for two at the Campanile in Hangasa for 6:30 tomorrow evening?,"38:44:SL:NUMBER,47:68:SL:RESTAURANT_NAME,83:98:SL:TIME,100:108:SL:DATE",[IN:restaurant_reservation [SL:NUMBER vaviri] [SL:RESTAURANT_NAME Kamhiripiri Muhangasa] [SL:TIME dza6:30 manheru] [SL:DATE mangwana] ],NUMBER: vaviri $$ RESTAURANT_NAME: Kamhiripiri Muhangasa $$ TIME: dza6:30 manheru $$ DATE: mangwana,sna
kitchen_and_dining,restaurant_reservation,Please reserve a table for five at 8 a.m. on Wednesday at the Bon Appétit.,"47:54:SL:NUMBER,63:78:SL:TIME,80:87:SL:DATE,90:101:SL:RESTAURANT_NAME",[IN:restaurant_reservation [SL:NUMBER vashanu] [SL:TIME dza8 mangwanani] [SL:DATE Chitatu] [SL:RESTAURANT_NAME Bon Appétit] ],NUMBER: vashanu $$ TIME: dza8 mangwanani $$ DATE: Chitatu $$ RESTAURANT_NAME: Bon Appétit,sna
kitchen_and_dining,restaurant_reservation,"I would like you to reserve a table for eight at 2 pm at Hadyana YaMomoyoyo in the non-smoking area, using the name Chenge. ","36:42:SL:NUMBER,51:65:SL:TIME,68:84:SL:RESTAURANT_NAME,149:155:SL:PERSONAL_NAME",[IN:restaurant_reservation [SL:NUMBER vasere] [SL:TIME dza 2 masikati] [SL:RESTAURANT_NAME Hadyana YaMomoyo] [SL:PERSONAL_NAME Chenge] ],NUMBER: vasere $$ TIME: dza 2 masikati $$ RESTAURANT_NAME: Hadyana YaMomoyo $$ PERSONAL_NAME: Chenge,sna
kitchen_and_dining,restaurant_reservation,You must reserve a table for three at the Meikles Hotel under the name Lolo for 1230 hours on Friday afternoon of next week. ,"45:51:SL:NUMBER,54:67:SL:HOTEL_NAME,87:91:SL:PERSONAL_NAME,106:122:SL:TIME,124:132:SL:DATE,136:150:SL:DATE",[IN:restaurant_reservation [SL:NUMBER vatatu] [SL:HOTEL_NAME Meikles Hotel] [SL:PERSONAL_NAME Lolo] [SL:TIME dza1230 masikati] [SL:DATE Chishanu] [SL:DATE svondo rinouya] ],NUMBER: vatatu $$ HOTEL_NAME: Meikles Hotel $$ PERSONAL_NAME: Lolo $$ TIME: dza1230 masikati $$ DATE: Chishanu $$ DATE: svondo rinouya,sna
kitchen_and_dining,restaurant_reservation,Please arrange a table for four with a three-year-old child using the name Rumbi.,"37:41:SL:NUMBER,70:76:SL:NUMBER,102:107:SL:PERSONAL_NAME",[IN:restaurant_reservation [SL:NUMBER vana] [SL:NUMBER matatu] [SL:PERSONAL_NAME Rumbi] ],NUMBER: vana $$ NUMBER: matatu $$ PERSONAL_NAME: Rumbi,sna
kitchen_and_dining,restaurant_reservation,I would like you to reserve a table for two adults and a table for an eight-month-old baby at Jongwe Mudovi at 9:30 tomorrow morning using the name Kashiri.,"47:53:SL:NUMBER,87:100:SL:DATE,103:116:SL:RESTAURANT_NAME,125:141:SL:TIME,143:148:SL:DATE,174:181:SL:PERSONAL_NAME",[IN:restaurant_reservation [SL:NUMBER vaviri] [SL:DATE mwedzi misere] [SL:RESTAURANT_NAME Jongwe Mudovi] [SL:TIME dza9:30 mangwana] [SL:DATE nhasi] [SL:PERSONAL_NAME Kashiri] ],NUMBER: vaviri $$ DATE: mwedzi misere $$ RESTAURANT_NAME: Jongwe Mudovi $$ TIME: dza9:30 mangwana $$ DATE: nhasi $$ PERSONAL_NAME: Kashiri,sna
kitchen_and_dining,restaurant_reservation,Reserve a table for two at Waterfall Edge under the name Grandpa Pondo for the 0830 hours tomorrow night.,"26:32:SL:NUMBER,35:49:SL:HOTEL_NAME,69:81:SL:PERSONAL_NAME,96:111:SL:TIME,113:121:SL:DATE",[IN:restaurant_reservation [SL:NUMBER vaviri] [SL:HOTEL_NAME Waterfall Edge] [SL:PERSONAL_NAME Sekuru Pondo] [SL:TIME dza0830 manheru] [SL:DATE mangwana] ],NUMBER: vaviri $$ HOTEL_NAME: Waterfall Edge $$ PERSONAL_NAME: Sekuru Pondo $$ TIME: dza0830 manheru $$ DATE: mangwana,sna
kitchen_and_dining,restaurant_reservation,I would like a reservation for seven at Three Legged Pot at 4 p.m.,"31:38:SL:NUMBER,41:57:SL:RESTAURANT_NAME,66:79:SL:TIME",[IN:restaurant_reservation [SL:NUMBER vanomwe] [SL:RESTAURANT_NAME Three Legged Pot] [SL:TIME dza4 masikati] ],NUMBER: vanomwe $$ RESTAURANT_NAME: Three Legged Pot $$ TIME: dza4 masikati,sna
kitchen_and_dining,restaurant_reservation,You must reserve a table for nine at A Zambezi River Lodge in Victoria Falls at 2 p.m. on July 12,"44:53:SL:NUMBER,59:78:SL:HOTEL_NAME,81:95:SL:CITY_OR_PROVINCE,104:117:SL:TIME,123:138:SL:DATE",[IN:restaurant_reservation [SL:NUMBER pfumbamwe] [SL:HOTEL_NAME Zambezi River Lodge] [SL:CITY_OR_PROVINCE Victoria Falls] [SL:TIME dza2 masikati] [SL:DATE wa12 Chikunguru] ],NUMBER: pfumbamwe $$ HOTEL_NAME: Zambezi River Lodge $$ CITY_OR_PROVINCE: Victoria Falls $$ TIME: dza2 masikati $$ DATE: wa12 Chikunguru,sna
kitchen_and_dining,restaurant_reservation,I think I would like to reserve a table for three at the Muchakata Inn at noon today.,"47:53:SL:NUMBER,56:69:SL:HOTEL_NAME,78:83:SL:TIME,84:89:SL:DATE",[IN:restaurant_reservation [SL:NUMBER vatatu] [SL:HOTEL_NAME Muchakata Inn] [SL:TIME dza12] [SL:DATE nhasi] ],NUMBER: vatatu $$ HOTEL_NAME: Muchakata Inn $$ TIME: dza12 $$ DATE: nhasi,sna
kitchen_and_dining,restaurant_reservation,I have to reserve a dining table at 630 euros at Fried Bream under the name BaKundi. ,"51:64:SL:TIME,67:78:SL:RESTAURANT_NAME,98:105:SL:PERSONAL_NAME",[IN:restaurant_reservation [SL:TIME dza 630 mauro] [SL:RESTAURANT_NAME Fried Bream] [SL:PERSONAL_NAME BaKundi] ],TIME: dza 630 mauro $$ RESTAURANT_NAME: Fried Bream $$ PERSONAL_NAME: BaKundi,sna
kitchen_and_dining,restaurant_reservation,Set the table for 12 noon tomorrow at Chimukuyu Chenhoro using the name of Anyemba.,"27:41:SL:TIME,43:51:SL:DATE,54:72:SL:RESTAURANT_NAME,98:105:SL:PERSONAL_NAME",[IN:restaurant_reservation [SL:TIME dza12 masikati] [SL:DATE mangwana] [SL:RESTAURANT_NAME Chimukuyu Chenhoro] [SL:PERSONAL_NAME Anyemba] ],TIME: dza12 masikati $$ DATE: mangwana $$ RESTAURANT_NAME: Chimukuyu Chenhoro $$ PERSONAL_NAME: Anyemba,sna
kitchen_and_dining,restaurant_reservation,I have to reserve a table for three for 9:00 p.m. at the Millennium Festival.,"48:54:SL:NUMBER,69:81:SL:TIME,84:99:SL:RESTAURANT_NAME",[IN:restaurant_reservation [SL:NUMBER vatatu] [SL:TIME dza9 manheru] [SL:RESTAURANT_NAME Harurwa DzeZaka] ],NUMBER: vatatu $$ TIME: dza9 manheru $$ RESTAURANT_NAME: Harurwa DzeZaka,sna
kitchen_and_dining,restaurant_reservation,Reserve a table for 6pm tonight at Chigwaya Mumuso under the name of Thandiswa.,"32:45:SL:TIME,47:52:SL:DATE,55:70:SL:RESTAURANT_NAME,90:99:SL:PERSONAL_NAME",[IN:restaurant_reservation [SL:TIME dza 6 manheru] [SL:DATE nhasi] [SL:RESTAURANT_NAME Chigwaya Mumuto] [SL:PERSONAL_NAME Thandiswa] ],TIME: dza 6 manheru $$ DATE: nhasi $$ RESTAURANT_NAME: Chigwaya Mumuto $$ PERSONAL_NAME: Thandiswa,sna
kitchen_and_dining,restaurant_reservation,Could you also arrange a table for two at Amawoso KaMaMkhwebu for 3:00 p.m. tomorrow afternoon?,"43:49:SL:NUMBER,52:71:SL:RESTAURANT_NAME,86:99:SL:TIME,101:109:SL:DATE",[IN:restaurant_reservation [SL:NUMBER vaviri] [SL:RESTAURANT_NAME Amawoso KaMaMkhwebu] [SL:TIME dza3 masikati] [SL:DATE mangwana] ],NUMBER: vaviri $$ RESTAURANT_NAME: Amawoso KaMaMkhwebu $$ TIME: dza3 masikati $$ DATE: mangwana,sna
kitchen_and_dining,restaurant_reservation,I would also like to reserve a table for three at Family 24 for 7:30 tonight.,"35:41:SL:NUMBER,44:53:SL:RESTAURANT_NAME,68:83:SL:TIME,85:90:SL:DATE",[IN:restaurant_reservation [SL:NUMBER vatatu] [SL:RESTAURANT_NAME Family 24] [SL:TIME dza7:30 manheru] [SL:DATE nhasi] ],NUMBER: vatatu $$ RESTAURANT_NAME: Family 24 $$ TIME: dza7:30 manheru $$ DATE: nhasi,sna
kitchen_and_dining,restaurant_reservation,Reserve a table for three today at 8:45 p.m. at the White House Inn.,"20:26:SL:NUMBER,27:32:SL:DATE,41:56:SL:TIME,59:74:SL:HOTEL_NAME",[IN:restaurant_reservation [SL:NUMBER vatatu] [SL:DATE nhasi] [SL:TIME dza8:45 manheru] [SL:HOTEL_NAME White House Inn] ],NUMBER: vatatu $$ DATE: nhasi $$ TIME: dza8:45 manheru $$ HOTEL_NAME: White House Inn,sna
kitchen_and_dining,restaurant_reservation,Reserve a table for seven today at 4:30 p.m. at the Cape to Cairo Inn.,"20:27:SL:NUMBER,28:33:SL:DATE,42:57:SL:TIME,60:77:SL:HOTEL_NAME",[IN:restaurant_reservation [SL:NUMBER vanomwe] [SL:DATE nhasi] [SL:TIME dza430 masikati] [SL:HOTEL_NAME Cape to Cairo Inn] ],NUMBER: vanomwe $$ DATE: nhasi $$ TIME: dza430 masikati $$ HOTEL_NAME: Cape to Cairo Inn,sna
kitchen_and_dining,restaurant_reservation,Please reserve a double table at 850pm at the Melissa Hot Wings under the name Dube.,"43:49:SL:NUMBER,58:72:SL:TIME,75:92:SL:RESTAURANT_NAME,112:116:SL:PERSONAL_NAME",[IN:restaurant_reservation [SL:NUMBER vaviri] [SL:TIME dza850 manheru] [SL:RESTAURANT_NAME Melissa Hot Wings] [SL:PERSONAL_NAME Dube] ],NUMBER: vaviri $$ TIME: dza850 manheru $$ RESTAURANT_NAME: Melissa Hot Wings $$ PERSONAL_NAME: Dube,sna
kitchen_and_dining,restaurant_reservation,I would like to reserve a table for three at Gomba Gochi at 7:30 p.m. in the name of Chamunorwa,"30:36:SL:NUMBER,39:50:SL:RESTAURANT_NAME,59:73:SL:TIME,92:102:SL:PERSONAL_NAME",[IN:restaurant_reservation [SL:NUMBER vatatu] [SL:RESTAURANT_NAME Gomba Gochi] [SL:TIME dza730 manheru] [SL:PERSONAL_NAME Chamunorwa] ],NUMBER: vatatu $$ RESTAURANT_NAME: Gomba Gochi $$ TIME: dza730 manheru $$ PERSONAL_NAME: Chamunorwa,sna
kitchen_and_dining,restaurant_reservation,Also help me reserve a table for seven at the Gapu Rava Chihera at 7 o'clock using the name Mandi.,"36:43:SL:NUMBER,46:62:SL:RESTAURANT_NAME,71:81:SL:TIME,107:112:SL:PERSONAL_NAME",[IN:restaurant_reservation [SL:NUMBER vanomwe] [SL:RESTAURANT_NAME Gapu RavaChihera] [SL:TIME dza7 mauro] [SL:PERSONAL_NAME Mandi] ],NUMBER: vanomwe $$ RESTAURANT_NAME: Gapu RavaChihera $$ TIME: dza7 mauro $$ PERSONAL_NAME: Mandi,sna
kitchen_and_dining,restaurant_reservation,"Also write down a table reserved for two at Kiri's Kitchen at 10 a.m. on Wednesday, April 15 next week.","47:53:SL:NUMBER,56:70:SL:RESTAURANT_NAME,79:95:SL:TIME,105:112:SL:DATE,118:131:SL:DATE,132:146:SL:DATE",[IN:restaurant_reservation [SL:NUMBER vaviri] [SL:RESTAURANT_NAME Kiri's Kitchen] [SL:TIME dza10 mangwanani] [SL:DATE Chitatu] [SL:DATE wa15 Kubvumbi] [SL:DATE svondo rinouya] ],NUMBER: vaviri $$ RESTAURANT_NAME: Kiri's Kitchen $$ TIME: dza10 mangwanani $$ DATE: Chitatu $$ DATE: wa15 Kubvumbi $$ DATE: svondo rinouya,sna
kitchen_and_dining,restaurant_reservation,Would you reserve a table for five at Grandma's Kitchen for 7:00 a.m. under the name Sign?,"35:42:SL:NUMBER,45:66:SL:RESTAURANT_NAME,81:96:SL:TIME,115:125:SL:PERSONAL_NAME",[IN:restaurant_reservation [SL:NUMBER vashanu] [SL:RESTAURANT_NAME Mbuya Kachaka Kitchen] [SL:TIME dza7 mangwanani] [SL:PERSONAL_NAME Chiratidzo] ],NUMBER: vashanu $$ RESTAURANT_NAME: Mbuya Kachaka Kitchen $$ TIME: dza7 mangwanani $$ PERSONAL_NAME: Chiratidzo,sna
kitchen_and_dining,restaurant_reservation,Is there room for me to reserve today at the RoadRunner Grill?,"42:47:SL:DATE,50:66:SL:RESTAURANT_NAME",[IN:restaurant_reservation [SL:DATE nhasi] [SL:RESTAURANT_NAME RoadRunner Grill] ],DATE: nhasi $$ RESTAURANT_NAME: RoadRunner Grill,sna
kitchen_and_dining,restaurant_reservation,Are there any tables not reserved for the public at noon at the Chicken House?,"53:67:SL:TIME,70:85:SL:RESTAURANT_NAME",[IN:restaurant_reservation [SL:TIME dza12 masikati] [SL:RESTAURANT_NAME Huku Yechibhoyi] ],TIME: dza12 masikati $$ RESTAURANT_NAME: Huku Yechibhoyi,sna
kitchen_and_dining,restaurant_reservation,Book a table for eight at the Lakeview Canteen at 630 a.m. in the name Nakayi,"39:55:SL:RESTAURANT_NAME,64:81:SL:TIME,100:106:SL:PERSONAL_NAME",[IN:restaurant_reservation [SL:RESTAURANT_NAME Lakeview Canteen] [SL:TIME dza630 rungwanani] [SL:PERSONAL_NAME Nakayi] ],RESTAURANT_NAME: Lakeview Canteen $$ TIME: dza630 rungwanani $$ PERSONAL_NAME: Nakayi,sna
kitchen_and_dining,restaurant_reviews,What is the general opinion of the Rera Pub and Grill regarding the food they serve?,10:28:SL:RESTAURANT_NAME,[IN:restaurant_reviews [SL:RESTAURANT_NAME Rera Pub and Grill] ],RESTAURANT_NAME: Rera Pub and Grill,sna
kitchen_and_dining,restaurant_reviews,Does Eat n Lick have a delicious food in the human language?,0:10:SL:RESTAURANT_NAME,[IN:restaurant_reviews [SL:RESTAURANT_NAME Eat n Lick] ],RESTAURANT_NAME: Eat n Lick,sna
kitchen_and_dining,restaurant_reviews,What is the name of Steers' Masasa dish to the many who have eaten there?,"11:17:SL:RESTAURANT_NAME,22:28:SL:PLACE_NAME",[IN:restaurant_reviews [SL:RESTAURANT_NAME Steers] [SL:PLACE_NAME Masasa] ],RESTAURANT_NAME: Steers $$ PLACE_NAME: Masasa,sna
kitchen_and_dining,restaurant_reviews,What do the public say about Steers' food in Masai?,"40:46:SL:RESTAURANT_NAME,51:57:SL:PLACE_NAME",[IN:restaurant_reviews [SL:RESTAURANT_NAME Steers] [SL:PLACE_NAME Masasa] ],RESTAURANT_NAME: Steers $$ PLACE_NAME: Masasa,sna
kitchen_and_dining,restaurant_reviews,Is the public's opinion of Steers' Massage Diet good or bad?,"41:47:SL:RESTAURANT_NAME,52:58:SL:PLACE_NAME",[IN:restaurant_reviews [SL:RESTAURANT_NAME Steers] [SL:PLACE_NAME Masasa] ],RESTAURANT_NAME: Steers $$ PLACE_NAME: Masasa,sna
kitchen_and_dining,restaurant_reviews,What do people write about the Bakers Inn Pie in the city of Kwewe?,"32:35:SL:DISH_OR_FOOD,39:49:SL:RESTAURANT_NAME,61:67:SL:CITY_OR_PROVINCE",[IN:restaurant_reviews [SL:DISH_OR_FOOD Pie] [SL:RESTAURANT_NAME Bakers Inn] [SL:CITY_OR_PROVINCE Kwekwe] ],DISH_OR_FOOD: Pie $$ RESTAURANT_NAME: Bakers Inn $$ CITY_OR_PROVINCE: Kwekwe,sna
kitchen_and_dining,restaurant_reviews,Are the fried potatoes in the Chicken Inn's oil-fired oven considered delicious?,"0:27:SL:DISH_OR_FOOD,39:50:SL:RESTAURANT_NAME",[IN:restaurant_reviews [SL:DISH_OR_FOOD Matapiri akakangwa nemafuta] [SL:RESTAURANT_NAME Chicken Inn] ],DISH_OR_FOOD: Matapiri akakangwa nemafuta $$ RESTAURANT_NAME: Chicken Inn,sna
kitchen_and_dining,restaurant_reviews,Does the chicken meat of Melek taste as good as the majority?,"0:12:SL:DISH_OR_FOOD,15:23:SL:PLACE_NAME",[IN:restaurant_reviews [SL:DISH_OR_FOOD Nyama yehuku] [SL:PLACE_NAME paMereki] ],DISH_OR_FOOD: Nyama yehuku $$ PLACE_NAME: paMereki,sna
kitchen_and_dining,restaurant_reviews,"The roasted beef is bought whole and finished at the Melek, that is, whether the people say it is delicious.","0:24:SL:DISH_OR_FOOD,49:55:SL:PLACE_NAME",[IN:restaurant_reviews [SL:DISH_OR_FOOD Nyama yemombe yakagochwa] [SL:PLACE_NAME Mereki] ],DISH_OR_FOOD: Nyama yemombe yakagochwa $$ PLACE_NAME: Mereki,sna
kitchen_and_dining,restaurant_reviews,Is the bone and beef from Rabbit Hole being called delicious by the public?,"0:24:SL:DISH_OR_FOOD,29:40:SL:RESTAURANT_NAME",[IN:restaurant_reviews [SL:DISH_OR_FOOD Nyama yemabhonzo nesadza] [SL:RESTAURANT_NAME Rabbit Hole] ],DISH_OR_FOOD: Nyama yemabhonzo nesadza $$ RESTAURANT_NAME: Rabbit Hole,sna
kitchen_and_dining,restaurant_reviews,"What do people think about the new restaurant in Luveve, Bulawayo?","52:58:SL:PLACE_NAME,61:69:SL:CITY_OR_PROVINCE",[IN:restaurant_reviews [SL:PLACE_NAME Luveve] [SL:CITY_OR_PROVINCE Bulawayo] ],PLACE_NAME: Luveve $$ CITY_OR_PROVINCE: Bulawayo,sna
kitchen_and_dining,restaurant_reviews,What is the public's reaction to the pizza cooked at the Pizza inn in the city of Masvingo?,"32:37:SL:DISH_OR_FOOD,49:58:SL:RESTAURANT_NAME,74:82:SL:CITY_OR_PROVINCE",[IN:restaurant_reviews [SL:DISH_OR_FOOD Pizza] [SL:RESTAURANT_NAME Pizza inn] [SL:CITY_OR_PROVINCE Masvingo] ],DISH_OR_FOOD: Pizza $$ RESTAURANT_NAME: Pizza inn $$ CITY_OR_PROVINCE: Masvingo,sna
kitchen_and_dining,restaurant_reviews,What are people writing in the cauldrons of the Homeground in Harare?,"39:45:SL:DISH_OR_FOOD,67:77:SL:RESTAURANT_NAME,91:97:SL:CITY_OR_PROVINCE",[IN:restaurant_reviews [SL:DISH_OR_FOOD mabura] [SL:RESTAURANT_NAME Homeground] [SL:CITY_OR_PROVINCE Harare] ],DISH_OR_FOOD: mabura $$ RESTAURANT_NAME: Homeground $$ CITY_OR_PROVINCE: Harare,sna
kitchen_and_dining,restaurant_reviews,Write down popular comments about chicken roasted on Melek.,"42:54:SL:DISH_OR_FOOD,67:73:SL:PLACE_NAME",[IN:restaurant_reviews [SL:DISH_OR_FOOD nyama yehuku] [SL:PLACE_NAME Mereki] ],DISH_OR_FOOD: nyama yehuku $$ PLACE_NAME: Mereki,sna
kitchen_and_dining,restaurant_reviews,Tell me what the public thinks about Swedish food.,55:63:SL:RESTAURANT_NAME,[IN:restaurant_reviews [SL:RESTAURANT_NAME Mashwede] ],RESTAURANT_NAME: Mashwede,sna
kitchen_and_dining,restaurant_reviews,What do public artists also say about the location of Melchek?,10:16:SL:PLACE_NAME,[IN:restaurant_reviews [SL:PLACE_NAME Mereki] ],PLACE_NAME: Mereki,sna
kitchen_and_dining,restaurant_reviews,Tell me if the Chicken Slice dish is considered delicious by the general public.,26:39:SL:RESTAURANT_NAME,[IN:restaurant_reviews [SL:RESTAURANT_NAME Chicken Slice] ],RESTAURANT_NAME: Chicken Slice,sna
kitchen_and_dining,restaurant_reviews,What do people generally say about the Three Monkeys' food?,48:61:SL:RESTAURANT_NAME,[IN:restaurant_reviews [SL:RESTAURANT_NAME Three Monkeys] ],RESTAURANT_NAME: Three Monkeys,sna
kitchen_and_dining,restaurant_reviews,Write down what people think about the Gava restaurant.,57:61:SL:RESTAURANT_NAME,[IN:restaurant_reviews [SL:RESTAURANT_NAME Gava] ],RESTAURANT_NAME: Gava,sna
kitchen_and_dining,restaurant_reviews,What did people say about the Nandos restaurant in Avondale?,"45:51:SL:RESTAURANT_NAME,58:66:SL:PLACE_NAME",[IN:restaurant_reviews [SL:RESTAURANT_NAME Nandos] [SL:PLACE_NAME Avondale] ],RESTAURANT_NAME: Nandos $$ PLACE_NAME: Avondale,sna
kitchen_and_dining,restaurant_reviews,Is the feedback about the Chicken Slice restaurant good?,51:64:SL:RESTAURANT_NAME,[IN:restaurant_reviews [SL:RESTAURANT_NAME Chicken slice] ],RESTAURANT_NAME: Chicken slice,sna
kitchen_and_dining,restaurant_reviews,Does the public speak well of the Queen of Hearts restaurant and lounge?,81:96:SL:RESTAURANT_NAME,[IN:restaurant_reviews [SL:RESTAURANT_NAME Queen of Hearts] ],RESTAURANT_NAME: Queen of Hearts,sna
kitchen_and_dining,restaurant_reviews,Is the public's opinion of the Mambos Chicken factory in the city of Harare good?,"61:75:SL:RESTAURANT_NAME,93:99:SL:CITY_OR_PROVINCE",[IN:restaurant_reviews [SL:RESTAURANT_NAME Mambos Chicken] [SL:CITY_OR_PROVINCE Harare] ],RESTAURANT_NAME: Mambos Chicken $$ CITY_OR_PROVINCE: Harare,sna
kitchen_and_dining,restaurant_reviews,Does Grill Steakhouse have a good reputation for the food they serve?,0:16:SL:RESTAURANT_NAME,[IN:restaurant_reviews [SL:RESTAURANT_NAME Grill Steakhouse] ],RESTAURANT_NAME: Grill Steakhouse,sna
kitchen_and_dining,restaurant_reviews,How well-received is Eat n Lick as a food store?,36:46:SL:RESTAURANT_NAME,[IN:restaurant_reviews [SL:RESTAURANT_NAME Eat n Lick] ],RESTAURANT_NAME: Eat n Lick,sna
kitchen_and_dining,restaurant_reviews,Is the public's opinion of Bakers Inn Food good?,64:74:SL:RESTAURANT_NAME,[IN:restaurant_reviews [SL:RESTAURANT_NAME Bakers Inn] ],RESTAURANT_NAME: Bakers Inn,sna
kitchen_and_dining,restaurant_reviews,Do Shang Ri LA's are considered to be a delicious food by the general public?,2:13:SL:RESTAURANT_NAME,[IN:restaurant_reviews [SL:RESTAURANT_NAME Shang Ri LA] ],RESTAURANT_NAME: Shang Ri LA,sna
kitchen_and_dining,restaurant_reviews,Does the KFC in Harare town have a reputation for good food?,"0:3:SL:RESTAURANT_NAME,26:32:SL:CITY_OR_PROVINCE",[IN:restaurant_reviews [SL:RESTAURANT_NAME KFC] [SL:CITY_OR_PROVINCE Harare] ],RESTAURANT_NAME: KFC $$ CITY_OR_PROVINCE: Harare,sna
kitchen_and_dining,restaurant_reviews,Is the Nandos of Borrowdale Brooke a household name for a delicious dish?,"0:6:SL:RESTAURANT_NAME,11:28:SL:PLACE_NAME",[IN:restaurant_reviews [SL:RESTAURANT_NAME Nandos] [SL:PLACE_NAME Borrowdale Brooke] ],RESTAURANT_NAME: Nandos $$ PLACE_NAME: Borrowdale Brooke,sna
kitchen_and_dining,restaurant_reviews,Is the food at Rera Bar and Grill considered especially tasty by the public?,14:32:SL:RESTAURANT_NAME,[IN:restaurant_reviews [SL:RESTAURANT_NAME Rera Bar and Grill] ],RESTAURANT_NAME: Rera Bar and Grill,sna
kitchen_and_dining,restaurant_reviews,Does the Food Basket also have a good public reputation for its food?,0:11:SL:RESTAURANT_NAME,[IN:restaurant_reviews [SL:RESTAURANT_NAME Food Basket] ],RESTAURANT_NAME: Food Basket,sna
kitchen_and_dining,restaurant_reviews,What are some of the reactions to the Food Basket?,37:48:SL:RESTAURANT_NAME,[IN:restaurant_reviews [SL:RESTAURANT_NAME Food Basket] ],RESTAURANT_NAME: Food Basket,sna
kitchen_and_dining,restaurant_reviews,Is the food of Nando's good in the human speech?,13:19:SL:RESTAURANT_NAME,[IN:restaurant_reviews [SL:RESTAURANT_NAME Nandos] ],RESTAURANT_NAME: Nandos,sna
kitchen_and_dining,restaurant_reviews,"Tell me, are the Bakers Inn cakes considered delicious by the general public?","13:19:SL:DISH_OR_FOOD,23:33:SL:RESTAURANT_NAME",[IN:restaurant_reviews [SL:DISH_OR_FOOD makeke] [SL:RESTAURANT_NAME Bakers Inn] ],DISH_OR_FOOD: makeke $$ RESTAURANT_NAME: Bakers Inn,sna
kitchen_and_dining,restaurant_reviews,List up to 10 ratings people give to KFC food.,"26:30:SL:NUMBER,68:71:SL:RESTAURANT_NAME",[IN:restaurant_reviews [SL:NUMBER gumi] [SL:RESTAURANT_NAME KFC] ],NUMBER: gumi $$ RESTAURANT_NAME: KFC,sna
kitchen_and_dining,restaurant_reviews,What is the general opinion of Nandos regarding their chickens?,"11:17:SL:RESTAURANT_NAME,54:59:SL:DISH_OR_FOOD",[IN:restaurant_reviews [SL:RESTAURANT_NAME Nandos] [SL:DISH_OR_FOOD hukku] ],RESTAURANT_NAME: Nandos $$ DISH_OR_FOOD: hukku,sna
kitchen_and_dining,restaurant_reviews,What is the name of the food at Eat n Lick to the many people who have eaten there?,13:23:SL:RESTAURANT_NAME,[IN:restaurant_reviews [SL:RESTAURANT_NAME Eat n Lick] ],RESTAURANT_NAME: Eat n Lick,sna
kitchen_and_dining,restaurant_reviews,How many points out of 10 do people give to the Mambos Chicken dish?,"42:46:SL:NUMBER,62:76:SL:RESTAURANT_NAME",[IN:restaurant_reviews [SL:NUMBER gumi] [SL:RESTAURANT_NAME Mambos Chicken] ],NUMBER: gumi $$ RESTAURANT_NAME: Mambos Chicken,sna
kitchen_and_dining,restaurant_reviews,Is the fish that is cooked at the Fish Inn in Harare a popular delicacy?,"0:4:SL:DISH_OR_FOOD,16:24:SL:RESTAURANT_NAME,36:42:SL:CITY_OR_PROVINCE",[IN:restaurant_reviews [SL:DISH_OR_FOOD Hove] [SL:RESTAURANT_NAME Fish Inn] [SL:CITY_OR_PROVINCE Harare] ],DISH_OR_FOOD: Hove $$ RESTAURANT_NAME: Fish Inn $$ CITY_OR_PROVINCE: Harare,sna
kitchen_and_dining,restaurant_reviews,How good is the Fish Inn's fish on a scale of one to ten?,"19:23:SL:DISH_OR_FOOD,28:36:SL:RESTAURANT_NAME,76:80:SL:NUMBER",[IN:restaurant_reviews [SL:DISH_OR_FOOD hove] [SL:RESTAURANT_NAME Fish Inn] [SL:NUMBER gumi] ],DISH_OR_FOOD: hove $$ RESTAURANT_NAME: Fish Inn $$ NUMBER: gumi,sna
kitchen_and_dining,restaurant_reviews,What do surf writers say about the fish cooked at the Fish Inn in Kwewe?,"40:44:SL:DISH_OR_FOOD,56:64:SL:RESTAURANT_NAME,74:80:SL:CITY_OR_PROVINCE",[IN:restaurant_reviews [SL:DISH_OR_FOOD hove] [SL:RESTAURANT_NAME Fish Inn] [SL:CITY_OR_PROVINCE Kwekwe] ],DISH_OR_FOOD: hove $$ RESTAURANT_NAME: Fish Inn $$ CITY_OR_PROVINCE: Kwekwe,sna
kitchen_and_dining,restaurant_reviews,Does Mambos Chicken have customers who speak positively or negatively about their food?,2:16:SL:RESTAURANT_NAME,[IN:restaurant_reviews [SL:RESTAURANT_NAME Mambos Chicken] ],RESTAURANT_NAME: Mambos Chicken,sna
kitchen_and_dining,restaurant_reviews,Tell me if buying Mambos Chicken food is as sensible as their promoters claim.,34:48:SL:RESTAURANT_NAME,[IN:restaurant_reviews [SL:RESTAURANT_NAME Mambos Chicken] ],RESTAURANT_NAME: Mambos Chicken,sna
kitchen_and_dining,restaurant_reviews,What have people said about the Swede and his food?,24:32:SL:RESTAURANT_NAME,[IN:restaurant_reviews [SL:RESTAURANT_NAME Mashwede] ],RESTAURANT_NAME: Mashwede,sna
kitchen_and_dining,restaurant_reviews,Does the Pizza Inn have a good reputation among its customers?,"0:5:SL:DISH_OR_FOOD,10:19:SL:RESTAURANT_NAME",[IN:restaurant_reviews [SL:DISH_OR_FOOD Pizza] [SL:RESTAURANT_NAME Pizza Inn] ],DISH_OR_FOOD: Pizza $$ RESTAURANT_NAME: Pizza Inn,sna
kitchen_and_dining,restaurant_reviews,How many points out of ten do the Steers public food give it?,11:17:SL:RESTAURANT_NAME,[IN:restaurant_reviews [SL:RESTAURANT_NAME Steers] ],RESTAURANT_NAME: Steers,sna
kitchen_and_dining,restaurant_reviews,Is McAdams' rice as aggressive or as aggressive as its promoters claim?,"0:7:SL:DISH_OR_FOOD,19:26:SL:RESTAURANT_NAME",[IN:restaurant_reviews [SL:DISH_OR_FOOD Mupunga] [SL:RESTAURANT_NAME McAdams] ],DISH_OR_FOOD: Mupunga $$ RESTAURANT_NAME: McAdams,sna
kitchen_and_dining,restaurant_reviews,How popular is the sausage roast at Mereki in Warren Park?,"0:15:SL:DISH_OR_FOOD,26:34:SL:PLACE_NAME,37:48:SL:PLACE_NAME",[IN:restaurant_reviews [SL:DISH_OR_FOOD Nyama yesochisi] [SL:PLACE_NAME paMereki] [SL:PLACE_NAME Warren Park] ],DISH_OR_FOOD: Nyama yesochisi $$ PLACE_NAME: paMereki $$ PLACE_NAME: Warren Park,sna
kitchen_and_dining,restaurant_reviews,What do most people write about Eat n Lick food on their food lists?,13:23:SL:RESTAURANT_NAME,[IN:restaurant_reviews [SL:RESTAURANT_NAME Eat n Lick] ],RESTAURANT_NAME: Eat n Lick,sna
kitchen_and_dining,restaurant_reviews,Does Burger King have a reputation for good food or bad?,0:11:SL:RESTAURANT_NAME,[IN:restaurant_reviews [SL:RESTAURANT_NAME Burger King] ],RESTAURANT_NAME: Burger King,sna
kitchen_and_dining,restaurant_reviews,What do they think of the taste of Burger King?,"11:17:SL:DISH_OR_FOOD,21:32:SL:RESTAURANT_NAME",[IN:restaurant_reviews [SL:DISH_OR_FOOD mabura] [SL:RESTAURANT_NAME Burger King] ],DISH_OR_FOOD: mabura $$ RESTAURANT_NAME: Burger King,sna
kitchen_and_dining,restaurant_reviews,How do those who have tasted the delicious food of Nando's describe it?,25:31:SL:RESTAURANT_NAME,[IN:restaurant_reviews [SL:RESTAURANT_NAME Nandos] ],RESTAURANT_NAME: Nandos,sna
kitchen_and_dining,restaurant_reviews,Does Burger House have fried egg rolls with flavored oil or not?,"0:12:SL:RESTAURANT_NAME,17:42:SL:DISH_OR_FOOD",[IN:restaurant_reviews [SL:RESTAURANT_NAME Burger House] [SL:DISH_OR_FOOD mabura akakangwa nemafuta] ],RESTAURANT_NAME: Burger House $$ DISH_OR_FOOD: mabura akakangwa nemafuta,sna
kitchen_and_dining,restaurant_reviews,I want to know what people say about the food of Nando's.,54:60:SL:RESTAURANT_NAME,[IN:restaurant_reviews [SL:RESTAURANT_NAME Nandos] ],RESTAURANT_NAME: Nandos,sna
kitchen_and_dining,restaurant_reviews,Tell me what the public is writing about Mc Adams' food.,48:56:SL:RESTAURANT_NAME,[IN:restaurant_reviews [SL:RESTAURANT_NAME Mc Adams] ],RESTAURANT_NAME: Mc Adams,sna
kitchen_and_dining,restaurant_reviews,Explain whether raw meat is considered tasty by the public or not.,11:16:SL:DISH_OR_FOOD,[IN:restaurant_reviews [SL:DISH_OR_FOOD nyama] ],DISH_OR_FOOD: nyama,sna
kitchen_and_dining,restaurant_reviews,How many points does Fish Inn get out of 10 for their fish and shellfish?,"0:8:SL:RESTAURANT_NAME,45:49:SL:NUMBER,52:65:SL:DISH_OR_FOOD",[IN:restaurant_reviews [SL:RESTAURANT_NAME Fish Inn] [SL:NUMBER gumi] [SL:DISH_OR_FOOD hove nemabura] ],RESTAURANT_NAME: Fish Inn $$ NUMBER: gumi $$ DISH_OR_FOOD: hove nemabura,sna
kitchen_and_dining,restaurant_reviews,How many points out of 10 do people who have bought their food give to Steers?,"0:6:SL:RESTAURANT_NAME,43:47:SL:NUMBER",[IN:restaurant_reviews [SL:RESTAURANT_NAME Steers] [SL:NUMBER gumi] ],RESTAURANT_NAME: Steers $$ NUMBER: gumi,sna
kitchen_and_dining,restaurant_reviews,Does McAdams cook the rice as deliciously or not as people say?,"0:7:SL:RESTAURANT_NAME,16:23:SL:DISH_OR_FOOD",[IN:restaurant_reviews [SL:RESTAURANT_NAME McAdams] [SL:DISH_OR_FOOD mupunga] ],RESTAURANT_NAME: McAdams $$ DISH_OR_FOOD: mupunga,sna
kitchen_and_dining,restaurant_reviews,Is the Bakers Inn in Harare a well-known cake?,"0:4:SL:DISH_OR_FOOD,9:19:SL:RESTAURANT_NAME,33:39:SL:CITY_OR_PROVINCE",[IN:restaurant_reviews [SL:DISH_OR_FOOD Keke] [SL:RESTAURANT_NAME Bakers Inn] [SL:CITY_OR_PROVINCE Harare] ],DISH_OR_FOOD: Keke $$ RESTAURANT_NAME: Bakers Inn $$ CITY_OR_PROVINCE: Harare,sna
kitchen_and_dining,restaurant_reviews,Does the Nando's cuisine have a good reputation among surf writers?,13:19:SL:RESTAURANT_NAME,[IN:restaurant_reviews [SL:RESTAURANT_NAME Nandos] ],RESTAURANT_NAME: Nandos,sna
kitchen_and_dining,restaurant_reviews,"How do the pies at Bakers Inn fare with the locals, good or bad?","0:5:SL:DISH_OR_FOOD,17:27:SL:RESTAURANT_NAME",[IN:restaurant_reviews [SL:DISH_OR_FOOD MaPie] [SL:RESTAURANT_NAME Bakers Inn] ],DISH_OR_FOOD: MaPie $$ RESTAURANT_NAME: Bakers Inn,sna
kitchen_and_dining,restaurant_reviews,"What do people say about the food at Rabbit Hole, and how many points out of ten do they give it?","45:56:SL:RESTAURANT_NAME,97:101:SL:NUMBER",[IN:restaurant_reviews [SL:RESTAURANT_NAME Rabbit Hole] [SL:NUMBER gumi] ],RESTAURANT_NAME: Rabbit Hole $$ NUMBER: gumi,sna
kitchen_and_dining,restaurant_reviews,What is the Nando's cuisine called and is it delicious?,13:19:SL:RESTAURANT_NAME,[IN:restaurant_reviews [SL:RESTAURANT_NAME Nandos] ],RESTAURANT_NAME: Nandos,sna
kitchen_and_dining,restaurant_reviews,Is the food in Sweden as delicious as many say it is?,13:21:SL:PLACE_NAME,[IN:restaurant_reviews [SL:PLACE_NAME Mashwede] ],PLACE_NAME: Mashwede,sna
kitchen_and_dining,restaurant_reviews,Is the Mambos Whale receiving much attention and positive press?,"25:29:SL:DISH_OR_FOOD,34:40:SL:RESTAURANT_NAME",[IN:restaurant_reviews [SL:DISH_OR_FOOD Hove] [SL:RESTAURANT_NAME Mambos] ],DISH_OR_FOOD: Hove $$ RESTAURANT_NAME: Mambos,sna
kitchen_and_dining,restaurant_reviews,What have people written about the Ocean Basket Fish?,"27:31:SL:DISH_OR_FOOD,36:48:SL:RESTAURANT_NAME",[IN:restaurant_reviews [SL:DISH_OR_FOOD Hove] [SL:RESTAURANT_NAME Ocean Basket] ],DISH_OR_FOOD: Hove $$ RESTAURANT_NAME: Ocean Basket,sna
kitchen_and_dining,restaurant_reviews,Is the meat at the Gava Inn popular with the public?,"0:5:SL:DISH_OR_FOOD,10:18:SL:RESTAURANT_NAME",[IN:restaurant_reviews [SL:DISH_OR_FOOD Nyama] [SL:RESTAURANT_NAME Gava Inn] ],DISH_OR_FOOD: Nyama $$ RESTAURANT_NAME: Gava Inn,sna
kitchen_and_dining,restaurant_reviews,"How good is the Hot Plate Grill Inn's rice, as people say?","0:7:SL:DISH_OR_FOOD,12:31:SL:RESTAURANT_NAME",[IN:restaurant_reviews [SL:DISH_OR_FOOD Mupunga] [SL:RESTAURANT_NAME Hot Plate Grill Inn] ],DISH_OR_FOOD: Mupunga $$ RESTAURANT_NAME: Hot Plate Grill Inn,sna
kitchen_and_dining,restaurant_reviews,"How does the fish cooked in a restaurant in the Caribbean taste, and what do many locals say about it?","0:4:SL:DISH_OR_FOOD,36:42:SL:PLACE_NAME",[IN:restaurant_reviews [SL:DISH_OR_FOOD Hove] [SL:PLACE_NAME Kariba] ],DISH_OR_FOOD: Hove $$ PLACE_NAME: Kariba,sna
kitchen_and_dining,restaurant_reviews,How many points out of 10 do people give to the food at the Chicken Inn?,"42:46:SL:NUMBER,65:76:SL:RESTAURANT_NAME",[IN:restaurant_reviews [SL:NUMBER gumi] [SL:RESTAURANT_NAME Chicken Inn] ],NUMBER: gumi $$ RESTAURANT_NAME: Chicken Inn,sna
kitchen_and_dining,restaurant_reviews,Does Chicken Inn also have people writing about the quality of their food?,0:11:SL:RESTAURANT_NAME,[IN:restaurant_reviews [SL:RESTAURANT_NAME Chicken Inn] ],RESTAURANT_NAME: Chicken Inn,sna
kitchen_and_dining,restaurant_reviews,Does Barcellos have people who also speak well of their food?,0:9:SL:RESTAURANT_NAME,[IN:restaurant_reviews [SL:RESTAURANT_NAME Barcellos] ],RESTAURANT_NAME: Barcellos,sna
kitchen_and_dining,restaurant_reviews,Do the writers of the Nando's diet have a good or bad taste?,26:32:SL:RESTAURANT_NAME,[IN:restaurant_reviews [SL:RESTAURANT_NAME Nandos] ],RESTAURANT_NAME: Nandos,sna
kitchen_and_dining,restaurant_reviews,Does the popular opinion determine whether or not Chicken Slice is a good food?,56:69:SL:RESTAURANT_NAME,[IN:restaurant_reviews [SL:RESTAURANT_NAME Chicken Slice] ],RESTAURANT_NAME: Chicken Slice,sna
kitchen_and_dining,restaurant_reviews,Does the food in Rela have a good reputation?,26:30:SL:PLACE_NAME,[IN:restaurant_reviews [SL:PLACE_NAME Rera] ],PLACE_NAME: Rera,sna
kitchen_and_dining,restaurant_reviews,Do most of the people polled say that the food at Family 24 is delicious?,43:52:SL:PLACE_NAME,[IN:restaurant_reviews [SL:PLACE_NAME Family 24] ],PLACE_NAME: Family 24,sna
kitchen_and_dining,restaurant_reviews,"What do the public say about the food at the Chicken Inn, giving it a score of 1 out of 10?","42:53:SL:RESTAURANT_NAME,72:84:SL:NUMBER,95:99:SL:NUMBER",[IN:restaurant_reviews [SL:RESTAURANT_NAME Chicken Inn] [SL:NUMBER chimwe chete] [SL:NUMBER gumi] ],RESTAURANT_NAME: Chicken Inn $$ NUMBER: chimwe chete $$ NUMBER: gumi,sna
kitchen_and_dining,restaurant_reviews,Do you know what the public says about the food at the Chicken Inn?,64:75:SL:RESTAURANT_NAME,[IN:restaurant_reviews [SL:RESTAURANT_NAME Chicken Inn] ],RESTAURANT_NAME: Chicken Inn,sna
kitchen_and_dining,restaurant_reviews,Does Family 24 cook a delicious meal in public speaking?,0:9:SL:PLACE_NAME,[IN:restaurant_reviews [SL:PLACE_NAME Family 24] ],PLACE_NAME: Family 24,sna
kitchen_and_dining,restaurant_suggestion,Please list some places where I can feed lamb in Harare,"65:77:SL:DISH_OR_FOOD,80:86:SL:CITY_OR_PROVINCE",[IN:restaurant_suggestion [SL:DISH_OR_FOOD nyama yehwai] [SL:CITY_OR_PROVINCE Harare] ],DISH_OR_FOOD: nyama yehwai $$ CITY_OR_PROVINCE: Harare,sna
kitchen_and_dining,restaurant_suggestion,Tell me where you would recommend me to have lunch with the children,53:61:SL:TIME,[IN:restaurant_suggestion [SL:TIME masikati] ],TIME: masikati,sna
kitchen_and_dining,restaurant_suggestion,Where can I go to a good restaurant here in Glen Norah,49:59:SL:PLACE_NAME,[IN:restaurant_suggestion [SL:PLACE_NAME Glen Norah] ],PLACE_NAME: Glen Norah,sna
kitchen_and_dining,restaurant_suggestion,Name me the restaurants in Kadoma that are highly respected by chefs.,37:43:SL:CITY_OR_PROVINCE,[IN:restaurant_suggestion [SL:CITY_OR_PROVINCE Kadoma] ],CITY_OR_PROVINCE: Kadoma,sna
kitchen_and_dining,restaurant_suggestion,Find me a decent but not expensive restaurant to eat tonight in Stellenbosch,"76:81:SL:DATE,82:89:SL:TIME,92:104:SL:CITY_OR_PROVINCE",[IN:restaurant_suggestion [SL:DATE nhasi] [SL:TIME manheru] [SL:CITY_OR_PROVINCE Stellenbosch] ],DATE: nhasi $$ TIME: manheru $$ CITY_OR_PROVINCE: Stellenbosch,sna
kitchen_and_dining,restaurant_suggestion,Where can I fish in the Walls?,"19:23:SL:DISH_OR_FOOD,26:34:SL:CITY_OR_PROVINCE",[IN:restaurant_suggestion [SL:DISH_OR_FOOD hove] [SL:CITY_OR_PROVINCE Masvingo] ],DISH_OR_FOOD: hove $$ CITY_OR_PROVINCE: Masvingo,sna
kitchen_and_dining,restaurant_suggestion,Where can I find good food here in Harare?,38:44:SL:CITY_OR_PROVINCE,[IN:restaurant_suggestion [SL:CITY_OR_PROVINCE Harare] ],CITY_OR_PROVINCE: Harare,sna
kitchen_and_dining,restaurant_suggestion,Is there a suitable place in Golomonzi to cook chicken intestines with cornstarch?,"2:11:SL:PLACE_NAME,51:80:SL:DISH_OR_FOOD",[IN:restaurant_suggestion [SL:PLACE_NAME Goromonzi] [SL:DISH_OR_FOOD matumbu ehuku nesadza rezviyo] ],PLACE_NAME: Goromonzi $$ DISH_OR_FOOD: matumbu ehuku nesadza rezviyo,sna
kitchen_and_dining,restaurant_suggestion,Does the cooking pot have a stable place where the pig's head is cooked?,"0:6:SL:CITY_OR_PROVINCE,36:52:SL:DISH_OR_FOOD",[IN:restaurant_suggestion [SL:CITY_OR_PROVINCE Mutoko] [SL:DISH_OR_FOOD musoro wenguruve] ],CITY_OR_PROVINCE: Mutoko $$ DISH_OR_FOOD: musoro wenguruve,sna
kitchen_and_dining,restaurant_suggestion,Find me a good place to sell rice and chicken,"43:50:SL:DISH_OR_FOOD,53:75:SL:DISH_OR_FOOD",[IN:restaurant_suggestion [SL:DISH_OR_FOOD mupunga] [SL:DISH_OR_FOOD hohwa hwedzvuke tsvuke] ],DISH_OR_FOOD: mupunga $$ DISH_OR_FOOD: hohwa hwedzvuke tsvuke,sna
kitchen_and_dining,restaurant_suggestion,Are there stable places in Bulawayo where the grain and the buffalo are sold?,"31:39:SL:CITY_OR_PROVINCE,53:76:SL:DISH_OR_FOOD",[IN:restaurant_suggestion [SL:CITY_OR_PROVINCE Bulawayo] [SL:DISH_OR_FOOD sadza rezviyo nemazondo] ],CITY_OR_PROVINCE: Bulawayo $$ DISH_OR_FOOD: sadza rezviyo nemazondo,sna
kitchen_and_dining,restaurant_suggestion,Is there a place in the courthouse where cooked goya is sold?,"27:33:SL:CITY_OR_PROVINCE,47:55:SL:DISH_OR_FOOD",[IN:restaurant_suggestion [SL:CITY_OR_PROVINCE Mutare] [SL:DISH_OR_FOOD magogoya] ],CITY_OR_PROVINCE: Mutare $$ DISH_OR_FOOD: magogoya,sna
kitchen_and_dining,restaurant_suggestion,Tell me the name of the Nigerian geolof rice cooker.,"27:34:SL:DISH_OR_FOOD,39:46:SL:COUNTRY,49:54:SL:DISH_OR_FOOD",[IN:restaurant_suggestion [SL:DISH_OR_FOOD mupunga] [SL:COUNTRY Nigeria] [SL:DISH_OR_FOOD jolof] ],DISH_OR_FOOD: mupunga $$ COUNTRY: Nigeria $$ DISH_OR_FOOD: jolof,sna
kitchen_and_dining,restaurant_suggestion,Tell me where the Tonga food is made,34:39:SL:LANGUAGE_NAME,[IN:restaurant_suggestion [SL:LANGUAGE_NAME Tonga] ],LANGUAGE_NAME: Tonga,sna
kitchen_and_dining,restaurant_suggestion,Tell me where you can buy a Portuguese-style chicken.,"23:37:SL:DISH_OR_FOOD,48:59:SL:LANGUAGE_NAME",[IN:restaurant_suggestion [SL:DISH_OR_FOOD huku yakabikwa] [SL:LANGUAGE_NAME chiPutukezi] ],DISH_OR_FOOD: huku yakabikwa $$ LANGUAGE_NAME: chiPutukezi,sna
kitchen_and_dining,restaurant_suggestion,Can you tell me where to buy Malawian food in Harare?,"57:63:SL:COUNTRY,66:72:SL:CITY_OR_PROVINCE",[IN:restaurant_suggestion [SL:COUNTRY Malawi] [SL:CITY_OR_PROVINCE Harare] ],COUNTRY: Malawi $$ CITY_OR_PROVINCE: Harare,sna
kitchen_and_dining,restaurant_suggestion,Where to eat breakfast,13:35:SL:MEAL_PERIOD,[IN:restaurant_suggestion [SL:MEAL_PERIOD kusvusvura kwamasikati] ],MEAL_PERIOD: kusvusvura kwamasikati,sna
kitchen_and_dining,restaurant_suggestion,"Help us too, because today is the day I planned to meet Senzen for dinner and drinks but we don't know where to go","20:25:SL:DATE,71:78:SL:PERSONAL_NAME",[IN:restaurant_suggestion [SL:DATE nhasi] [SL:PERSONAL_NAME Senzeni] ],DATE: nhasi $$ PERSONAL_NAME: Senzeni,sna
kitchen_and_dining,restaurant_suggestion,Where do people eat in Norton?,33:41:SL:CITY_OR_PROVINCE,[IN:restaurant_suggestion [SL:CITY_OR_PROVINCE reNorton] ],CITY_OR_PROVINCE: reNorton,sna
kitchen_and_dining,restaurant_suggestion,I want the name of the restaurant near me,,[IN:restaurant_suggestion ],,sna
kitchen_and_dining,restaurant_suggestion,Tell me where the delicious duck is cooked here in Courts,"24:29:SL:DISH_OR_FOOD,53:59:SL:CITY_OR_PROVINCE",[IN:restaurant_suggestion [SL:DISH_OR_FOOD zondo] [SL:CITY_OR_PROVINCE Mutare] ],DISH_OR_FOOD: zondo $$ CITY_OR_PROVINCE: Mutare,sna
kitchen_and_dining,restaurant_suggestion,Where is the best place to cook golf rice,32:48:SL:DISH_OR_FOOD,[IN:restaurant_suggestion [SL:DISH_OR_FOOD mupunga wejollof] ],DISH_OR_FOOD: mupunga wejollof,sna
kitchen_and_dining,restaurant_suggestion,Where is the famous boiled intestines of the Walls,"34:50:SL:DISH_OR_FOOD,53:61:SL:CITY_OR_PROVINCE",[IN:restaurant_suggestion [SL:DISH_OR_FOOD matumbu akamonwa] [SL:CITY_OR_PROVINCE Masvingo] ],DISH_OR_FOOD: matumbu akamonwa $$ CITY_OR_PROVINCE: Masvingo,sna
kitchen_and_dining,restaurant_suggestion,"Where can I buy loads of nuts, peanuts, and beans?",28:61:SL:DISH_OR_FOOD,"[IN:restaurant_suggestion [SL:DISH_OR_FOOD mitakura wenzungu, nyimo nenyemba] ]","DISH_OR_FOOD: mitakura wenzungu, nyimo nenyemba",sna
kitchen_and_dining,restaurant_suggestion,Where can I eat while here in Kwekwe,48:54:SL:CITY_OR_PROVINCE,[IN:restaurant_suggestion [SL:CITY_OR_PROVINCE Kwekwe] ],CITY_OR_PROVINCE: Kwekwe,sna
kitchen_and_dining,restaurant_suggestion,Are there quiet places where bakaya are also cooked here in Binga?,"41:51:SL:DISH_OR_FOOD,59:64:SL:PLACE_NAME",[IN:restaurant_suggestion [SL:DISH_OR_FOOD mabakayawo] [SL:PLACE_NAME Binga] ],DISH_OR_FOOD: mabakayawo $$ PLACE_NAME: Binga,sna
kitchen_and_dining,restaurant_suggestion,What is the most dangerous place in Chiping,"30:37:SL:DISH_OR_FOOD,45:53:SL:CITY_OR_PROVINCE",[IN:restaurant_suggestion [SL:DISH_OR_FOOD hangasa] [SL:CITY_OR_PROVINCE Chipinge] ],DISH_OR_FOOD: hangasa $$ CITY_OR_PROVINCE: Chipinge,sna
kitchen_and_dining,restaurant_suggestion,Tell me where I can go to eat and taste their food,,[IN:restaurant_suggestion ],,sna
kitchen_and_dining,restaurant_suggestion,Could you recommend places where I can eat chicken meat,68:91:SL:DISH_OR_FOOD,[IN:restaurant_suggestion [SL:DISH_OR_FOOD nyama yehuku yechibhoyi] ],DISH_OR_FOOD: nyama yehuku yechibhoyi,sna
kitchen_and_dining,restaurant_suggestion,Which restaurants do you recommend that I go to that serve traditional food?,,[IN:restaurant_suggestion ],,sna
kitchen_and_dining,restaurant_suggestion,"I'm feeling like buffalo meat, is there a place that cooks it here",18:31:SL:DISH_OR_FOOD,[IN:restaurant_suggestion [SL:DISH_OR_FOOD nyama yenyati] ],DISH_OR_FOOD: nyama yenyati,sna
kitchen_and_dining,restaurant_suggestion,Name me a place that is known to produce the highest quality food.,,[IN:restaurant_suggestion ],,sna
kitchen_and_dining,restaurant_suggestion,Where is the local grocery store?,,[IN:restaurant_suggestion ],,sna
kitchen_and_dining,restaurant_suggestion,Where to eat chicken cooked in Portuguese in Beira,"17:45:SL:DISH_OR_FOOD,48:53:SL:CITY_OR_PROVINCE",[IN:restaurant_suggestion [SL:DISH_OR_FOOD huku yakabikwa paChiputukezi] [SL:CITY_OR_PROVINCE Beira] ],DISH_OR_FOOD: huku yakabikwa paChiputukezi $$ CITY_OR_PROVINCE: Beira,sna
kitchen_and_dining,restaurant_suggestion,Can I get some grilled pork and beef here in Gweru?,"17:51:SL:DISH_OR_FOOD,64:69:SL:CITY_OR_PROVINCE",[IN:restaurant_suggestion [SL:DISH_OR_FOOD sadza nenyama yenguruve yakagochwa] [SL:CITY_OR_PROVINCE Gweru] ],DISH_OR_FOOD: sadza nenyama yenguruve yakagochwa $$ CITY_OR_PROVINCE: Gweru,sna
kitchen_and_dining,restaurant_suggestion,Where can I find a home-made fried chicken here in Chegutu?,"13:44:SL:DISH_OR_FOOD,52:59:SL:CITY_OR_PROVINCE",[IN:restaurant_suggestion [SL:DISH_OR_FOOD huku yekumusha yakanyatsokangwa] [SL:CITY_OR_PROVINCE Chegutu] ],DISH_OR_FOOD: huku yekumusha yakanyatsokangwa $$ CITY_OR_PROVINCE: Chegutu,sna
kitchen_and_dining,restaurant_suggestion,Where are the best beef stew places in Maun?,"27:40:SL:DISH_OR_FOOD,55:59:SL:CITY_OR_PROVINCE",[IN:restaurant_suggestion [SL:DISH_OR_FOOD maguru emombe] [SL:CITY_OR_PROVINCE Maun] ],DISH_OR_FOOD: maguru emombe $$ CITY_OR_PROVINCE: Maun,sna
kitchen_and_dining,restaurant_suggestion,Where can I go to eat fast food?,,[IN:restaurant_suggestion ],,sna
kitchen_and_dining,restaurant_suggestion,Where would you recommend me to buy a grilled cheese with rice in a saucepan and a porridge in Livingstone?,"30:46:SL:DISH_OR_FOOD,49:67:SL:DISH_OR_FOOD,70:87:SL:DISH_OR_FOOD,98:109:SL:CITY_OR_PROVINCE",[IN:restaurant_suggestion [SL:DISH_OR_FOOD gwaya rakakangwa] [SL:DISH_OR_FOOD mupunga uri mudovi] [SL:DISH_OR_FOOD mufushwa wenyevhe] [SL:CITY_OR_PROVINCE Livingstone] ],DISH_OR_FOOD: gwaya rakakangwa $$ DISH_OR_FOOD: mupunga uri mudovi $$ DISH_OR_FOOD: mufushwa wenyevhe $$ CITY_OR_PROVINCE: Livingstone,sna
kitchen_and_dining,restaurant_suggestion,Can you name any places where food is prepared in a neat and professional manner?,,[IN:restaurant_suggestion ],,sna
kitchen_and_dining,restaurant_suggestion,Help me find a place where cow's tail and goat's milk are cooked in Maputo,"28:60:SL:DISH_OR_FOOD,63:69:SL:CITY_OR_PROVINCE",[IN:restaurant_suggestion [SL:DISH_OR_FOOD muswe wemombe nesadza remugayiwa] [SL:CITY_OR_PROVINCE Maputo] ],DISH_OR_FOOD: muswe wemombe nesadza remugayiwa $$ CITY_OR_PROVINCE: Maputo,sna
kitchen_and_dining,restaurant_suggestion,Tell me where I can go to lunch this afternoon.,"50:55:SL:DATE,56:64:SL:TIME",[IN:restaurant_suggestion [SL:DATE nhasi] [SL:TIME masikati] ],DATE: nhasi $$ TIME: masikati,sna
kitchen_and_dining,restaurant_suggestion,I want to know the name of a restaurant here in Norton that I can go to.,53:59:SL:CITY_OR_PROVINCE,[IN:restaurant_suggestion [SL:CITY_OR_PROVINCE Norton] ],CITY_OR_PROVINCE: Norton,sna
kitchen_and_dining,restaurant_suggestion,Name some of the best restaurants in Dar es Salaam,41:54:SL:CITY_OR_PROVINCE,[IN:restaurant_suggestion [SL:CITY_OR_PROVINCE Dar es Salaam] ],CITY_OR_PROVINCE: Dar es Salaam,sna
kitchen_and_dining,restaurant_suggestion,Is there a restaurant in Maseru where seafood is cooked?,"2:8:SL:CITY_OR_PROVINCE,34:38:SL:DISH_OR_FOOD",[IN:restaurant_suggestion [SL:CITY_OR_PROVINCE Maseru] [SL:DISH_OR_FOOD hove] ],CITY_OR_PROVINCE: Maseru $$ DISH_OR_FOOD: hove,sna
kitchen_and_dining,restaurant_suggestion,I wish you would find me some quiet restaurants in Mbabane,63:70:SL:CITY_OR_PROVINCE,[IN:restaurant_suggestion [SL:CITY_OR_PROVINCE Mbabane] ],CITY_OR_PROVINCE: Mbabane,sna
kitchen_and_dining,restaurant_suggestion,Please find me a Venda restaurant in Johannesburg,"52:61:SL:LANGUAGE_NAME,64:76:SL:CITY_OR_PROVINCE",[IN:restaurant_suggestion [SL:LANGUAGE_NAME chiVhenda] [SL:CITY_OR_PROVINCE Johannesburg] ],LANGUAGE_NAME: chiVhenda $$ CITY_OR_PROVINCE: Johannesburg,sna
kitchen_and_dining,restaurant_suggestion,Is there a place in Marondera where they roast meat dipped in pepper?,"26:35:SL:CITY_OR_PROVINCE,47:75:SL:DISH_OR_FOOD",[IN:restaurant_suggestion [SL:CITY_OR_PROVINCE Marondera] [SL:DISH_OR_FOOD nyama yakanyikwa mumhiripiri] ],CITY_OR_PROVINCE: Marondera $$ DISH_OR_FOOD: nyama yakanyikwa mumhiripiri,sna
kitchen_and_dining,restaurant_suggestion,Which restaurants are stable enough for families to eat comfortably?,,[IN:restaurant_suggestion ],,sna
kitchen_and_dining,restaurant_suggestion,I love the beautiful names on the North East's snow- and- dew-sand display,"42:68:SL:DISH_OR_FOOD,71:87:SL:CITY_OR_PROVINCE",[IN:restaurant_suggestion [SL:DISH_OR_FOOD sadza remudzvurwa nederere] [SL:CITY_OR_PROVINCE Mashonaland East] ],DISH_OR_FOOD: sadza remudzvurwa nederere $$ CITY_OR_PROVINCE: Mashonaland East,sna
kitchen_and_dining,restaurant_suggestion,Is there a Zambian food in Kariba?,"2:8:SL:PLACE_NAME,37:43:SL:COUNTRY",[IN:restaurant_suggestion [SL:PLACE_NAME Kariba] [SL:COUNTRY Zambia] ],PLACE_NAME: Kariba $$ COUNTRY: Zambia,sna
kitchen_and_dining,restaurant_suggestion,Does the tiger have a nice place to cook Pakistani food,"0:11:SL:PLACE_NAME,53:61:SL:COUNTRY",[IN:restaurant_suggestion [SL:PLACE_NAME Chitungwiza] [SL:COUNTRY Pakistan] ],PLACE_NAME: Chitungwiza $$ COUNTRY: Pakistan,sna
kitchen_and_dining,restaurant_suggestion,Do you know any restaurants that serve Ghanaian food in Bindura that you can tell me about?,"50:55:SL:COUNTRY,64:71:SL:CITY_OR_PROVINCE",[IN:restaurant_suggestion [SL:COUNTRY Ghana] [SL:CITY_OR_PROVINCE Bindura] ],COUNTRY: Ghana $$ CITY_OR_PROVINCE: Bindura,sna
kitchen_and_dining,restaurant_suggestion,Help me choose a good restaurant in this walled city,62:70:SL:CITY_OR_PROVINCE,[IN:restaurant_suggestion [SL:CITY_OR_PROVINCE Masvingo] ],CITY_OR_PROVINCE: Masvingo,sna
kitchen_and_dining,restaurant_suggestion,Which restaurant cooks goats is admired by the public?,33:39:SL:DISH_OR_FOOD,[IN:restaurant_suggestion [SL:DISH_OR_FOOD mbudzi] ],DISH_OR_FOOD: mbudzi,sna
kitchen_and_dining,restaurant_suggestion,Show me the best restaurants in Beetbridge,68:78:SL:CITY_OR_PROVINCE,[IN:restaurant_suggestion [SL:CITY_OR_PROVINCE Beitbridge] ],CITY_OR_PROVINCE: Beitbridge,sna
kitchen_and_dining,restaurant_suggestion,Show me the most expensive restaurant in Kadoma,69:75:SL:CITY_OR_PROVINCE,[IN:restaurant_suggestion [SL:CITY_OR_PROVINCE Kadoma] ],CITY_OR_PROVINCE: Kadoma,sna
kitchen_and_dining,restaurant_suggestion,"Today I feel like going to eat at a food store but I don't know where to eat, could you give me some advice?",0:5:SL:DATE,[IN:restaurant_suggestion [SL:DATE Nhasi] ],DATE: Nhasi,sna
kitchen_and_dining,restaurant_suggestion,"In Windhoek, what are the famous places to brew the best beer in the world?",2:10:SL:CITY_OR_PROVINCE,[IN:restaurant_suggestion [SL:CITY_OR_PROVINCE Windhoek] ],CITY_OR_PROVINCE: Windhoek,sna
kitchen_and_dining,restaurant_suggestion,Are there any good places in Freetown that sell Indian food?,"30:38:SL:CITY_OR_PROVINCE,61:66:SL:COUNTRY",[IN:restaurant_suggestion [SL:CITY_OR_PROVINCE Freetown] [SL:COUNTRY India] ],CITY_OR_PROVINCE: Freetown $$ COUNTRY: India,sna
kitchen_and_dining,restaurant_suggestion,What are the top restaurants selling Singaporean food,67:76:SL:COUNTRY,[IN:restaurant_suggestion [SL:COUNTRY Singapore] ],COUNTRY: Singapore,sna
kitchen_and_dining,restaurant_suggestion,Where are the places that cook Indian food in Harare,"39:44:SL:COUNTRY,47:53:SL:CITY_OR_PROVINCE",[IN:restaurant_suggestion [SL:COUNTRY India] [SL:CITY_OR_PROVINCE Harare] ],COUNTRY: India $$ CITY_OR_PROVINCE: Harare,sna
kitchen_and_dining,restaurant_suggestion,Restaurants you would encourage me to visit in Lusaka,52:58:SL:CITY_OR_PROVINCE,[IN:restaurant_suggestion [SL:CITY_OR_PROVINCE Lusaka] ],CITY_OR_PROVINCE: Lusaka,sna
kitchen_and_dining,restaurant_suggestion,Where is the best fried garlic in the Walls?,"27:35:SL:DISH_OR_FOOD,38:46:SL:CITY_OR_PROVINCE",[IN:restaurant_suggestion [SL:DISH_OR_FOOD garikuni] [SL:CITY_OR_PROVINCE Masvingo] ],DISH_OR_FOOD: garikuni $$ CITY_OR_PROVINCE: Masvingo,sna
kitchen_and_dining,restaurant_suggestion,I love places that serve Chinese food,,[IN:restaurant_suggestion ],,sna
kitchen_and_dining,restaurant_suggestion,Where are the places that cook chicken in the Bhun style?,27:39:SL:DISH_OR_FOOD,[IN:restaurant_suggestion [SL:DISH_OR_FOOD nyama yehuku] ],DISH_OR_FOOD: nyama yehuku,sna
kitchen_and_dining,restaurant_suggestion,Tell me where in Lilongwe you can buy a goat in a pot with a pile of goats,"15:23:SL:CITY_OR_PROVINCE,45:81:SL:DISH_OR_FOOD",[IN:restaurant_suggestion [SL:CITY_OR_PROVINCE Lilongwe] [SL:DISH_OR_FOOD nyevhe iri mudovi nesadza remapfunde] ],CITY_OR_PROVINCE: Lilongwe $$ DISH_OR_FOOD: nyevhe iri mudovi nesadza remapfunde,sna
kitchen_and_dining,restaurant_suggestion,Write down the names of the highest places in Kaliba.,60:66:SL:CITY_OR_PROVINCE,[IN:restaurant_suggestion [SL:CITY_OR_PROVINCE Kariba] ],CITY_OR_PROVINCE: Kariba,sna
kitchen_and_dining,restaurant_suggestion,What types of dining rooms are at the Court,45:51:SL:CITY_OR_PROVINCE,[IN:restaurant_suggestion [SL:CITY_OR_PROVINCE Mutare] ],CITY_OR_PROVINCE: Mutare,sna
kitchen_and_dining,restaurant_suggestion,I want to know which restaurants are late at night,52:59:SL:TIME,[IN:restaurant_suggestion [SL:TIME manheru] ],TIME: manheru,sna
kitchen_and_dining,restaurant_suggestion,List of Asian restaurants,,[IN:restaurant_suggestion ],,sna
kitchen_and_dining,restaurant_suggestion,Which restaurants have playgrounds for children?,,[IN:restaurant_suggestion ],,sna
kitchen_and_dining,restaurant_suggestion,Where can I go for dinner on Thursday nights,"28:33:SL:DATE,34:41:SL:TIME",[IN:restaurant_suggestion [SL:DATE China] [SL:TIME manheru] ],DATE: China $$ TIME: manheru,sna
kitchen_and_dining,restaurant_suggestion,Where would I like to eat in Kariba?,40:46:SL:CITY_OR_PROVINCE,[IN:restaurant_suggestion [SL:CITY_OR_PROVINCE Kariba] ],CITY_OR_PROVINCE: Kariba,sna
kitchen_and_dining,restaurant_suggestion,Do you have any places you can recommend me to eat delicious rice,61:68:SL:DISH_OR_FOOD,[IN:restaurant_suggestion [SL:DISH_OR_FOOD mupunga] ],DISH_OR_FOOD: mupunga,sna
kitchen_and_dining,restaurant_suggestion,Where can we eat on Valentine's Day?,25:36:SL:CALENDAR_EVENT,[IN:restaurant_suggestion [SL:CALENDAR_EVENT Valentine's] ],CALENDAR_EVENT: Valentine's,sna
kitchen_and_dining,restaurant_suggestion,Where are the best places to eat?,,[IN:restaurant_suggestion ],,sna
kitchen_and_dining,restaurant_suggestion,Here in Chitungwiza are found the stalls selling fat milk,"7:18:SL:CITY_OR_PROVINCE,52:67:SL:DISH_OR_FOOD",[IN:restaurant_suggestion [SL:CITY_OR_PROVINCE Chitungwiza] [SL:DISH_OR_FOOD mukaka wakakora] ],CITY_OR_PROVINCE: Chitungwiza $$ DISH_OR_FOOD: mukaka wakakora,sna
kitchen_and_dining,restaurant_suggestion,"Here in Chinhoyi, where is the best pizza","7:15:SL:CITY_OR_PROVINCE,37:42:SL:DISH_OR_FOOD",[IN:restaurant_suggestion [SL:CITY_OR_PROVINCE Chinhoyi] [SL:DISH_OR_FOOD pizza] ],CITY_OR_PROVINCE: Chinhoyi $$ DISH_OR_FOOD: pizza,sna
kitchen_and_dining,restaurant_suggestion,Is there a place here in Lupane where they cook the guavas?,"7:13:SL:PLACE_NAME,48:55:SL:DISH_OR_FOOD",[IN:restaurant_suggestion [SL:PLACE_NAME Lupane] [SL:DISH_OR_FOOD magwaya] ],PLACE_NAME: Lupane $$ DISH_OR_FOOD: magwaya,sna
travel,book_flight,Book me a seat on an Airlink flight to Tanzania next week.,"29:37:SL:COUNTRY,38:51:SL:DATE",[IN:book_flight [SL:COUNTRY Tanzania] [SL:DATE vhiki rinouya] ],COUNTRY: Tanzania $$ DATE: vhiki rinouya,sna
travel,book_flight,Please book a seat on a British Airways flight to Scotland from Robert Mugabe International Airport.,59:67:SL:COUNTRY,[IN:book_flight [SL:COUNTRY Scotland] ],COUNTRY: Scotland,sna
travel,book_flight,Look for a flight to Cyprus from Harare in March.,"23:29:SL:COUNTRY,42:48:SL:CITY_OR_PROVINCE,60:66:SL:DATE",[IN:book_flight [SL:COUNTRY Cyprus] [SL:CITY_OR_PROVINCE Harare] [SL:DATE Kurume] ],COUNTRY: Cyprus $$ CITY_OR_PROVINCE: Harare $$ DATE: Kurume,sna
travel,book_flight,"Book a seat on the Fly Emirates flight from Vic Falls to Kasane, Botswana.","60:69:SL:CITY_OR_PROVINCE,82:88:SL:CITY_OR_PROVINCE,91:99:SL:COUNTRY",[IN:book_flight [SL:CITY_OR_PROVINCE Vic Falls] [SL:CITY_OR_PROVINCE Kasane] [SL:COUNTRY Botswana] ],CITY_OR_PROVINCE: Vic Falls $$ CITY_OR_PROVINCE: Kasane $$ COUNTRY: Botswana,sna
travel,book_flight,Book a seat on a Kenyan Airways flight from Harare to Lagos at the end of the week.,"52:58:SL:CITY_OR_PROVINCE,71:76:SL:CITY_OR_PROVINCE,77:91:SL:DATE",[IN:book_flight [SL:CITY_OR_PROVINCE Harare] [SL:CITY_OR_PROVINCE Lagos] [SL:DATE panopera vhiki] ],CITY_OR_PROVINCE: Harare $$ CITY_OR_PROVINCE: Lagos $$ DATE: panopera vhiki,sna
travel,book_flight,I need you to book a seat on a Qatar Airways flight from Harare to Ethiopia.,"67:73:SL:CITY_OR_PROVINCE,86:94:SL:COUNTRY",[IN:book_flight [SL:CITY_OR_PROVINCE Harare] [SL:COUNTRY Ethiopia] ],CITY_OR_PROVINCE: Harare $$ COUNTRY: Ethiopia,sna
travel,book_flight,Can you get a seat on the first flight next week from Robert Mugabe International Airport to Ivory Coast?,"58:74:SL:DATE,133:144:SL:COUNTRY",[IN:book_flight [SL:DATE vhiki rinotevera] [SL:COUNTRY Ivory Coast] ],DATE: vhiki rinotevera $$ COUNTRY: Ivory Coast,sna
travel,book_flight,Give me the names of all the flights I can find a seat on from Harare to Durban this weekend.,"76:82:SL:CITY_OR_PROVINCE,93:99:SL:CITY_OR_PROVINCE,100:119:SL:DATE",[IN:book_flight [SL:CITY_OR_PROVINCE Harare] [SL:CITY_OR_PROVINCE Durban] [SL:DATE panopera vhiki rino] ],CITY_OR_PROVINCE: Harare $$ CITY_OR_PROVINCE: Durban $$ DATE: panopera vhiki rino,sna
travel,book_flight,Also tell me which flight I can book from Harare to China for less than 800 dollars.,"73:79:SL:CITY_OR_PROVINCE,93:98:SL:COUNTRY,124:137:SL:NUMBER",[IN:book_flight [SL:CITY_OR_PROVINCE Harare] [SL:COUNTRY China] [SL:NUMBER mazana masere] ],CITY_OR_PROVINCE: Harare $$ COUNTRY: China $$ NUMBER: mazana masere,sna
travel,book_flight,If I decide to visit the UK from Harare can you also find me a cheap flight for up to $500?,"24:26:SL:COUNTRY,39:45:SL:CITY_OR_PROVINCE,100:131:SL:MONEY",[IN:book_flight [SL:COUNTRY UK] [SL:CITY_OR_PROVINCE Harare] [SL:MONEY madhora anokwana mazana mashanu] ],COUNTRY: UK $$ CITY_OR_PROVINCE: Harare $$ MONEY: madhora anokwana mazana mashanu,sna
travel,book_flight,How much would it cost to buy a ticket on Ethiopian Airways to fly from Harare to Ethiopia?,"87:93:SL:CITY_OR_PROVINCE,107:115:SL:COUNTRY",[IN:book_flight [SL:CITY_OR_PROVINCE Harare] [SL:COUNTRY Ethiopia] ],CITY_OR_PROVINCE: Harare $$ COUNTRY: Ethiopia,sna
travel,book_flight,Can you buy my wife Rumbidzai Chitakunye a seat on the South African Airways flight that will depart from Harare to Johannesburg early next month?,"43:63:SL:PERSONAL_NAME,124:130:SL:CITY_OR_PROVINCE,143:155:SL:CITY_OR_PROVINCE,169:182:SL:DATE",[IN:book_flight [SL:PERSONAL_NAME Rumbidzai Chitakunye] [SL:CITY_OR_PROVINCE Harare] [SL:CITY_OR_PROVINCE Johannesburg] [SL:DATE mwedzi unouya] ],PERSONAL_NAME: Rumbidzai Chitakunye $$ CITY_OR_PROVINCE: Harare $$ CITY_OR_PROVINCE: Johannesburg $$ DATE: mwedzi unouya,sna
travel,book_flight,I need a flight from Bulawayo to Gaborone for $111 on the 14th.,"25:33:SL:CITY_OR_PROVINCE,46:54:SL:CITY_OR_PROVINCE,66:91:SL:MONEY,97:102:SL:DATE",[IN:book_flight [SL:CITY_OR_PROVINCE Bulawayo] [SL:CITY_OR_PROVINCE Gaborone] [SL:MONEY madhora zana negumi rimwe] [SL:DATE wa 14] ],CITY_OR_PROVINCE: Bulawayo $$ CITY_OR_PROVINCE: Gaborone $$ MONEY: madhora zana negumi rimwe $$ DATE: wa 14,sna
travel,book_flight,"I'm going to have to leave the country next week for a short trip to Zanzibar, so find a plane for $200.","27:40:SL:DATE,68:76:SL:CITY_OR_PROVINCE,126:147:SL:MONEY",[IN:book_flight [SL:DATE vhiki rinouya] [SL:CITY_OR_PROVINCE Zanzibar] [SL:MONEY mazana maviri madhora] ],DATE: vhiki rinouya $$ CITY_OR_PROVINCE: Zanzibar $$ MONEY: mazana maviri madhora,sna
travel,book_flight,Find me a flight that is cheaper than $300 that will get me to Dubai tomorrow morning like me.,"37:58:SL:MONEY,75:80:SL:CITY_OR_PROVINCE,81:89:SL:DATE,90:101:SL:TIME",[IN:book_flight [SL:MONEY madhora mazana matatu] [SL:CITY_OR_PROVINCE Dubai] [SL:DATE mangwana] [SL:TIME kuseni seni] ],MONEY: madhora mazana matatu $$ CITY_OR_PROVINCE: Dubai $$ DATE: mangwana $$ TIME: kuseni seni,sna
travel,book_flight,Book a seat on the 26th July Ethiopian Airways flight from Harare to Birmingham.,"48:64:SL:DATE,83:89:SL:CITY_OR_PROVINCE,102:112:SL:CITY_OR_PROVINCE",[IN:book_flight [SL:DATE wa 26 chikunguru] [SL:CITY_OR_PROVINCE Harare] [SL:CITY_OR_PROVINCE Birmingham] ],DATE: wa 26 chikunguru $$ CITY_OR_PROVINCE: Harare $$ CITY_OR_PROVINCE: Birmingham,sna
travel,book_flight,Book a seat on the Fly Emirates flight which will depart from Harare in the morning for Dubai on Monday next week.,"60:66:SL:CITY_OR_PROVINCE,67:73:SL:TIME,85:90:SL:CITY_OR_PROVINCE,100:107:SL:DATE,108:125:SL:DATE",[IN:book_flight [SL:CITY_OR_PROVINCE Harare] [SL:TIME kuseni] [SL:CITY_OR_PROVINCE Dubai] [SL:DATE muvhuro] [SL:DATE svondo rinotevera] ],CITY_OR_PROVINCE: Harare $$ TIME: kuseni $$ CITY_OR_PROVINCE: Dubai $$ DATE: muvhuro $$ DATE: svondo rinotevera,sna
travel,book_flight,"I am planning to go on vacation in November with my wife, so I will find a cheap flight to Zanzibar for at least $500.","36:42:SL:DATE,113:135:SL:MONEY,151:159:SL:PLACE_NAME",[IN:book_flight [SL:DATE Mbudzi] [SL:MONEY madhora mazana mashanu] [SL:PLACE_NAME Zanzibar] ],DATE: Mbudzi $$ MONEY: madhora mazana mashanu $$ PLACE_NAME: Zanzibar,sna
travel,book_flight,I need a flight tonight from Harare to Durban.,"28:33:SL:DATE,34:41:SL:TIME,50:56:SL:CITY_OR_PROVINCE,68:74:SL:CITY_OR_PROVINCE",[IN:book_flight [SL:DATE nhasi] [SL:TIME manheru] [SL:CITY_OR_PROVINCE Harare] [SL:CITY_OR_PROVINCE Durban] ],DATE: nhasi $$ TIME: manheru $$ CITY_OR_PROVINCE: Harare $$ CITY_OR_PROVINCE: Durban,sna
travel,book_flight,"Can you book me a seat on a plane on Thursday, April 3 at 3 p.m.?","51:58:SL:DATE,60:70:SL:DATE,79:93:SL:TIME",[IN:book_flight [SL:DATE wechina] [SL:DATE 3 Kubvumbi] [SL:TIME dza 3 masikati] ],DATE: wechina $$ DATE: 3 Kubvumbi $$ TIME: dza 3 masikati,sna
travel,book_flight,I want a flight that will go from Harare to Dubai from May 8 to July 10.,"44:50:SL:CITY_OR_PROVINCE,60:65:SL:CITY_OR_PROVINCE,77:90:SL:DATE,103:119:SL:DATE",[IN:book_flight [SL:CITY_OR_PROVINCE Harare] [SL:CITY_OR_PROVINCE Dubai] [SL:DATE wa 8 chivabvu] [SL:DATE wa 10 Chikunguru] ],CITY_OR_PROVINCE: Harare $$ CITY_OR_PROVINCE: Dubai $$ DATE: wa 8 chivabvu $$ DATE: wa 10 Chikunguru,sna
travel,book_flight,"Using Airlink or South African Airways, find me a flight that will be departing from Victoria Falls to Cape town on the first Monday in the winter months.","94:108:SL:CITY_OR_PROVINCE,120:129:SL:CITY_OR_PROVINCE,139:156:SL:DATE,159:174:SL:DATE",[IN:book_flight [SL:CITY_OR_PROVINCE Victoria Falls] [SL:CITY_OR_PROVINCE Cape town] [SL:DATE muvhuro wokutanga] [SL:DATE mwedzi wechando] ],CITY_OR_PROVINCE: Victoria Falls $$ CITY_OR_PROVINCE: Cape town $$ DATE: muvhuro wokutanga $$ DATE: mwedzi wechando,sna
travel,book_flight,I'm looking for a flight that will depart from Harare to Victoria Falls on the 3rd and 5th of July and return on the 5th of July,"48:54:SL:CITY_OR_PROVINCE,66:80:SL:CITY_OR_PROVINCE,88:92:SL:DATE,104:112:SL:DATE,124:134:SL:DATE,155:175:SL:DATE",[IN:book_flight [SL:CITY_OR_PROVINCE Harare] [SL:CITY_OR_PROVINCE Victoria Falls] [SL:DATE wa 3] [SL:DATE chishanu] [SL:DATE chikunguru] [SL:DATE muvhuro 5 chikunguru] ],CITY_OR_PROVINCE: Harare $$ CITY_OR_PROVINCE: Victoria Falls $$ DATE: wa 3 $$ DATE: chishanu $$ DATE: chikunguru $$ DATE: muvhuro 5 chikunguru,sna
travel,book_flight,"Check that between Qatar Airways and Fly Emirates, which is the cheapest flight to book for Saudi Arabia from Harare on 5th October?","107:119:SL:COUNTRY,132:138:SL:CITY_OR_PROVINCE,149:159:SL:DATE",[IN:book_flight [SL:COUNTRY Saudi Arabia] [SL:CITY_OR_PROVINCE Harare] [SL:DATE 5 Gumiguru] ],COUNTRY: Saudi Arabia $$ CITY_OR_PROVINCE: Harare $$ DATE: 5 Gumiguru,sna
travel,book_flight,Also book a seat on the South African Airways flight that will depart Saturday morning from Victoria Falls for Johannesburg.,"72:80:SL:DATE,81:87:SL:TIME,98:112:SL:CITY_OR_PROVINCE,125:136:SL:CITY_OR_PROVINCE",[IN:book_flight [SL:DATE Mugovera] [SL:TIME kuseni] [SL:CITY_OR_PROVINCE Victoria Falls] [SL:CITY_OR_PROVINCE Johanesburg] ],DATE: Mugovera $$ TIME: kuseni $$ CITY_OR_PROVINCE: Victoria Falls $$ CITY_OR_PROVINCE: Johanesburg,sna
travel,book_flight,How much is the cheapest flight I can book for Saturday to go from Harare to Botswana right now?,"67:75:SL:DATE,92:100:SL:COUNTRY,113:119:SL:CITY_OR_PROVINCE",[IN:book_flight [SL:DATE mugovera] [SL:COUNTRY Botswana] [SL:CITY_OR_PROVINCE Harare] ],DATE: mugovera $$ COUNTRY: Botswana $$ CITY_OR_PROVINCE: Harare,sna
travel,book_flight,When can I book my first flight to Swaziland from Harare?,"67:76:SL:COUNTRY,85:91:SL:CITY_OR_PROVINCE",[IN:book_flight [SL:COUNTRY Swaziland] [SL:CITY_OR_PROVINCE Harare] ],COUNTRY: Swaziland $$ CITY_OR_PROVINCE: Harare,sna
travel,book_flight,I am planning to visit Namibia in July so what would you recommend for a warm seat on Air Namibia and AirLink and on what date?,"35:42:SL:COUNTRY,52:62:SL:DATE",[IN:book_flight [SL:COUNTRY Namibia] [SL:DATE chikunguru] ],COUNTRY: Namibia $$ DATE: chikunguru,sna
travel,book_flight,Get me a flight to Cape town this week for less than $300 (U.S.).,"33:42:SL:CITY_OR_PROVINCE,43:53:SL:DATE,67:88:SL:MONEY",[IN:book_flight [SL:CITY_OR_PROVINCE Cape town] [SL:DATE vhiki rino] [SL:MONEY madhora mazana matatu] ],CITY_OR_PROVINCE: Cape town $$ DATE: vhiki rino $$ MONEY: madhora mazana matatu,sna
travel,book_flight,Show me all the return flights that will depart from Harare to Dubai on October 6 and return on November 10 this year.,"66:72:SL:CITY_OR_PROVINCE,83:88:SL:CITY_OR_PROVINCE,98:108:SL:DATE,129:138:SL:DATE,139:148:SL:DATE",[IN:book_flight [SL:CITY_OR_PROVINCE Harare] [SL:CITY_OR_PROVINCE Dubai] [SL:DATE 6 Gumiguru] [SL:DATE 10 Mbudzi] [SL:DATE gore rino] ],CITY_OR_PROVINCE: Harare $$ CITY_OR_PROVINCE: Dubai $$ DATE: 6 Gumiguru $$ DATE: 10 Mbudzi $$ DATE: gore rino,sna
travel,book_flight,Book me a seat on the Air Zimbabwe flight that will be departing anytime from Robert Mugabe International to Dubai on the 3rd of next week.,"118:123:SL:CITY_OR_PROVINCE,134:141:SL:DATE,142:156:SL:DATE",[IN:book_flight [SL:CITY_OR_PROVINCE Dubai] [SL:DATE chitatu] [SL:DATE svondo rinouya] ],CITY_OR_PROVINCE: Dubai $$ DATE: chitatu $$ DATE: svondo rinouya,sna
travel,book_flight,Use Fly Emirates to book me a seat on a flight to Madagascar from Harare.,"61:71:SL:COUNTRY,82:88:SL:CITY_OR_PROVINCE",[IN:book_flight [SL:COUNTRY Madagascar] [SL:CITY_OR_PROVINCE Harare] ],COUNTRY: Madagascar $$ CITY_OR_PROVINCE: Harare,sna
travel,book_flight,Help me find a flight that will be going from Harare to Cyprus from July 5th and returning on October 7th.,"61:67:SL:CITY_OR_PROVINCE,79:85:SL:COUNTRY,96:110:SL:DATE,130:142:SL:DATE",[IN:book_flight [SL:CITY_OR_PROVINCE Harare] [SL:COUNTRY Cyprus] [SL:DATE wa 5Chikunguru] [SL:DATE wa7 Gumiguru] ],CITY_OR_PROVINCE: Harare $$ COUNTRY: Cyprus $$ DATE: wa 5Chikunguru $$ DATE: wa7 Gumiguru,sna
travel,book_flight,"Book me a seat on a Qatar Airways flight next month that will be from Harare to Mauritius, for under $300 USD.","44:60:SL:DATE,79:85:SL:CITY_OR_PROVINCE,96:105:SL:COUNTRY,118:139:SL:MONEY",[IN:book_flight [SL:DATE mwedzi unotevera] [SL:CITY_OR_PROVINCE Harare] [SL:COUNTRY Mauritius] [SL:MONEY madhora mazana matatu] ],DATE: mwedzi unotevera $$ CITY_OR_PROVINCE: Harare $$ COUNTRY: Mauritius $$ MONEY: madhora mazana matatu,sna
travel,book_flight,"On a Fastjet flight, there is also a place available for less than $200 to get to Johannesburg from Harare.","52:73:SL:MONEY,90:102:SL:CITY_OR_PROVINCE,115:121:SL:CITY_OR_PROVINCE",[IN:book_flight [SL:MONEY madhora mazana maviri] [SL:CITY_OR_PROVINCE Johannesburg] [SL:CITY_OR_PROVINCE Harare] ],MONEY: madhora mazana maviri $$ CITY_OR_PROVINCE: Johannesburg $$ CITY_OR_PROVINCE: Harare,sna
travel,book_flight,Always book me a seat for three adults in the last week of November on the Fly Emirates flight that will be leaving from Harare to London.,"33:39:SL:NUMBER,47:77:SL:DATE,130:136:SL:CITY_OR_PROVINCE,149:155:SL:CITY_OR_PROVINCE",[IN:book_flight [SL:NUMBER vatatu] [SL:DATE muvhiki rekupedzisira raMbudzi] [SL:CITY_OR_PROVINCE Harare] [SL:CITY_OR_PROVINCE London] ],NUMBER: vatatu $$ DATE: muvhiki rekupedzisira raMbudzi $$ CITY_OR_PROVINCE: Harare $$ CITY_OR_PROVINCE: London,sna
travel,book_flight,How much does it cost to book a seat on a Fastjet flight that will be from Harare to Lusaka?,"64:70:SL:CITY_OR_PROVINCE,82:88:SL:CITY_OR_PROVINCE",[IN:book_flight [SL:CITY_OR_PROVINCE Harare] [SL:CITY_OR_PROVINCE Lusaka] ],CITY_OR_PROVINCE: Harare $$ CITY_OR_PROVINCE: Lusaka,sna
travel,book_flight,Please contact the airline that I booked on the South African Airways flight that will take me from Harare to Gaborone.,"101:107:SL:CITY_OR_PROVINCE,118:126:SL:CITY_OR_PROVINCE",[IN:book_flight [SL:CITY_OR_PROVINCE Harare] [SL:CITY_OR_PROVINCE Gaborone] ],CITY_OR_PROVINCE: Harare $$ CITY_OR_PROVINCE: Gaborone,sna
travel,book_flight,I want to get to Tanzania as soon as possible so I'll book a seat on the first flight out of Harare.,"18:26:SL:COUNTRY,103:109:SL:CITY_OR_PROVINCE",[IN:book_flight [SL:COUNTRY Tanzania] [SL:CITY_OR_PROVINCE Harare] ],COUNTRY: Tanzania $$ CITY_OR_PROVINCE: Harare,sna
travel,book_flight,Use my Ecocash to pay for a seat on the Qatar Airways flight that will depart from Harare on the second day to OR Tambo International.,"9:16:SL:PAYMENT_COMPANY,85:91:SL:CITY_OR_PROVINCE,101:108:SL:DATE",[IN:book_flight [SL:PAYMENT_COMPANY Ecocash] [SL:CITY_OR_PROVINCE Harare] [SL:DATE chipiri] ],PAYMENT_COMPANY: Ecocash $$ CITY_OR_PROVINCE: Harare $$ DATE: chipiri,sna
travel,book_flight,Find me a flight leaving the airport for Hong Kong on September 13.,"30:36:SL:CITY_OR_PROVINCE,49:58:SL:CITY_OR_PROVINCE,64:76:SL:DATE",[IN:book_flight [SL:CITY_OR_PROVINCE harare] [SL:CITY_OR_PROVINCE Hong Kong] [SL:DATE wa13 Gunyana] ],CITY_OR_PROVINCE: harare $$ CITY_OR_PROVINCE: Hong Kong $$ DATE: wa13 Gunyana,sna
travel,book_flight,Buy two adult tickets using my CABS bank on the Fly emirates flight which will be departing from Harare to Maputo on Monday morning.,"15:21:SL:NUMBER,64:68:SL:BANK_NAME,119:125:SL:CITY_OR_PROVINCE,138:144:SL:CITY_OR_PROVINCE,154:161:SL:DATE,162:170:SL:TIME",[IN:book_flight [SL:NUMBER maviri] [SL:BANK_NAME CABS] [SL:CITY_OR_PROVINCE Harare] [SL:CITY_OR_PROVINCE Maputo] [SL:DATE Muvhuro] [SL:TIME makuseni] ],NUMBER: maviri $$ BANK_NAME: CABS $$ CITY_OR_PROVINCE: Harare $$ CITY_OR_PROVINCE: Maputo $$ DATE: Muvhuro $$ TIME: makuseni,sna
travel,book_flight,"I have $150 in cash, so can I book a seat on a Fastjet to fly from Harare to Victoria Falls?","20:49:SL:MONEY,128:134:SL:CITY_OR_PROVINCE,145:159:SL:CITY_OR_PROVINCE",[IN:book_flight [SL:MONEY madhora zana nemakumi mashanu] [SL:CITY_OR_PROVINCE Harare] [SL:CITY_OR_PROVINCE Victoria Falls] ],MONEY: madhora zana nemakumi mashanu $$ CITY_OR_PROVINCE: Harare $$ CITY_OR_PROVINCE: Victoria Falls,sna
travel,book_flight,"Book me a seat on a Qatar Airways business class flight, which will be flying from Robert Mugabe International in Harare to King Shaka International Airport.",118:124:SL:CITY_OR_PROVINCE,[IN:book_flight [SL:CITY_OR_PROVINCE Harare] ],CITY_OR_PROVINCE: Harare,sna
travel,book_flight,Find me a flight between South African Airways and Kenyan Airways that is only $300 that will be leaving Harare on July 3rd for Congo.,"76:97:SL:MONEY,121:127:SL:CITY_OR_PROVINCE,133:148:SL:DATE,161:166:SL:COUNTRY",[IN:book_flight [SL:MONEY madhora mazana matatu] [SL:CITY_OR_PROVINCE Harare] [SL:DATE wa 3 Chikunguru] [SL:COUNTRY Congo] ],MONEY: madhora mazana matatu $$ CITY_OR_PROVINCE: Harare $$ DATE: wa 3 Chikunguru $$ COUNTRY: Congo,sna
travel,book_flight,Book a seat on the plane that will be flying from Harare to Walvis Bay Airport in Walvis Bay.,"46:52:SL:CITY_OR_PROVINCE,91:101:SL:CITY_OR_PROVINCE",[IN:book_flight [SL:CITY_OR_PROVINCE Harare] [SL:CITY_OR_PROVINCE Walvis Bay] ],CITY_OR_PROVINCE: Harare $$ CITY_OR_PROVINCE: Walvis Bay,sna
travel,book_flight,Book me a seat for the 3rd to 7th March on a South African Airways flight that will depart from Robert Mugabe International to King Shaka International Airport.,"50:54:SL:DATE,68:79:SL:DATE",[IN:book_flight [SL:DATE wa 3] [SL:DATE wa 7 Kurume] ],DATE: wa 3 $$ DATE: wa 7 Kurume,sna
travel,book_flight,Find a flight that will depart from Lilongwe and return to Harare in the first week of next month and it will be less than $200.,"32:40:SL:CITY_OR_PROVINCE,64:70:SL:CITY_OR_PROVINCE,73:104:SL:DATE,120:141:SL:MONEY",[IN:book_flight [SL:CITY_OR_PROVINCE Lilongwe] [SL:CITY_OR_PROVINCE Harare] [SL:DATE vhiki rekutanga remwedzi unouya] [SL:MONEY madhora mazana maviri] ],CITY_OR_PROVINCE: Lilongwe $$ CITY_OR_PROVINCE: Harare $$ DATE: vhiki rekutanga remwedzi unouya $$ MONEY: madhora mazana maviri,sna
travel,book_flight,Find me a seat on the plane that will leave from Joshua Mqabuko Nkomo International Airport for Harare tomorrow afternoon.,"102:108:SL:CITY_OR_PROVINCE,109:117:SL:DATE,118:126:SL:TIME",[IN:book_flight [SL:CITY_OR_PROVINCE Harare] [SL:DATE mangwana] [SL:TIME masikati] ],CITY_OR_PROVINCE: Harare $$ DATE: mangwana $$ TIME: masikati,sna
travel,book_flight,"Book a seat on the flight from Harare to Dallas Texas on Friday afternoon, October 28.","45:51:SL:CITY_OR_PROVINCE,65:71:SL:CITY_OR_PROVINCE,72:77:SL:CITY_OR_PROVINCE,85:105:SL:DATE",[IN:book_flight [SL:CITY_OR_PROVINCE Harare] [SL:CITY_OR_PROVINCE Dallas] [SL:CITY_OR_PROVINCE Texas] [SL:DATE chishanu 28 Gumiguru] ],CITY_OR_PROVINCE: Harare $$ CITY_OR_PROVINCE: Dallas $$ CITY_OR_PROVINCE: Texas $$ DATE: chishanu 28 Gumiguru,sna
travel,book_flight,I would like to book a place on the FastJet flight from Harare to Masvingo Airport on Friday to Tuesday.,"75:81:SL:CITY_OR_PROVINCE,120:128:SL:DATE,137:144:SL:DATE",[IN:book_flight [SL:CITY_OR_PROVINCE Harare] [SL:DATE chishanu] [SL:DATE chipiri] ],CITY_OR_PROVINCE: Harare $$ DATE: chishanu $$ DATE: chipiri,sna
travel,book_flight,Are there any flights I can get for less than $300 to fly from Harare to Beira?,"58:79:SL:MONEY,102:108:SL:CITY_OR_PROVINCE,119:124:SL:CITY_OR_PROVINCE",[IN:book_flight [SL:MONEY madhora mazana matatu] [SL:CITY_OR_PROVINCE Harare] [SL:CITY_OR_PROVINCE Beira] ],MONEY: madhora mazana matatu $$ CITY_OR_PROVINCE: Harare $$ CITY_OR_PROVINCE: Beira,sna
travel,book_flight,Find the flight that will be departing from Robert Mugabe International Airport to arrive at Stansted Airport in London on July 6.,"109:115:SL:CITY_OR_PROVINCE,123:137:SL:DATE",[IN:book_flight [SL:CITY_OR_PROVINCE London] [SL:DATE wa6 Chikunguru] ],CITY_OR_PROVINCE: London $$ DATE: wa6 Chikunguru,sna
travel,book_flight,All the available flights will be flying to and from Harare to Beijing from October 8 to November 30.,"66:72:SL:CITY_OR_PROVINCE,87:94:SL:CITY_OR_PROVINCE,106:119:SL:DATE,133:144:SL:DATE",[IN:book_flight [SL:CITY_OR_PROVINCE Harare] [SL:CITY_OR_PROVINCE Beijing] [SL:DATE wa 8 Gumiguru] [SL:DATE wa30 Mbudzi] ],CITY_OR_PROVINCE: Harare $$ CITY_OR_PROVINCE: Beijing $$ DATE: wa 8 Gumiguru $$ DATE: wa30 Mbudzi,sna
travel,book_flight,On Wednesday I can get a seat on the Fastjet flight going back and forth from Harare to Bulawayo?,"7:14:SL:DATE,87:93:SL:CITY_OR_PROVINCE,104:112:SL:CITY_OR_PROVINCE",[IN:book_flight [SL:DATE chitatu] [SL:CITY_OR_PROVINCE Harare] [SL:CITY_OR_PROVINCE Bulawayo] ],DATE: chitatu $$ CITY_OR_PROVINCE: Harare $$ CITY_OR_PROVINCE: Bulawayo,sna
travel,book_flight,Find all the flights that will be departing on March 3 from Harare to Maun.,"46:56:SL:DATE,65:71:SL:CITY_OR_PROVINCE,86:90:SL:CITY_OR_PROVINCE",[IN:book_flight [SL:DATE wa3 kurume] [SL:CITY_OR_PROVINCE Harare] [SL:CITY_OR_PROVINCE Maun] ],DATE: wa3 kurume $$ CITY_OR_PROVINCE: Harare $$ CITY_OR_PROVINCE: Maun,sna
travel,book_flight,Buy a seat on a British Airways flight that will be departing from Harare to Birmingham on 12 September.,"69:75:SL:CITY_OR_PROVINCE,89:99:SL:CITY_OR_PROVINCE",[IN:book_flight [SL:CITY_OR_PROVINCE Harare] [SL:CITY_OR_PROVINCE Birmingham] ],CITY_OR_PROVINCE: Harare $$ CITY_OR_PROVINCE: Birmingham,sna
travel,book_flight,Also show me all the return flights I can book from Victoria Falls International Airport to Port Elizabeth International Airport from the first of March until the end of the month.,"186:211:SL:DATE,223:238:SL:DATE",[IN:book_flight [SL:DATE kutanga wemwedzi waKurume] [SL:DATE panopera mwedzi] ],DATE: kutanga wemwedzi waKurume $$ DATE: panopera mwedzi,sna
travel,book_flight,I would like to book a flight from Robert Mugabe International to Edinburgh Airport next week.,101:114:SL:DATE,[IN:book_flight [SL:DATE vhiki rinouya] ],DATE: vhiki rinouya,sna
travel,book_flight,Book a seat on the flight that will fly from Zimbabwe to Australia to Sydney on April 4 and return on December 4.,"50:58:SL:COUNTRY,71:80:SL:COUNTRY,83:89:SL:CITY_OR_PROVINCE,95:107:SL:DATE,125:134:SL:DATE",[IN:book_flight [SL:COUNTRY Zimbabwe] [SL:COUNTRY Australia] [SL:CITY_OR_PROVINCE Sydney] [SL:DATE wa4 Kubvumbi] [SL:DATE wa4 Zvita] ],COUNTRY: Zimbabwe $$ COUNTRY: Australia $$ CITY_OR_PROVINCE: Sydney $$ DATE: wa4 Kubvumbi $$ DATE: wa4 Zvita,sna
travel,book_flight,Find me a seat on airlines like Kenyan Airways or Fly Emirates that fly from Harare to Kenya on the Africa Day holiday for under $300 USD.,"91:97:SL:CITY_OR_PROVINCE,111:116:SL:COUNTRY,128:138:SL:CALENDAR_EVENT,152:173:SL:MONEY",[IN:book_flight [SL:CITY_OR_PROVINCE Harare] [SL:COUNTRY Kenya] [SL:CALENDAR_EVENT Africa Day] [SL:MONEY madhora mazana matatu] ],CITY_OR_PROVINCE: Harare $$ COUNTRY: Kenya $$ CALENDAR_EVENT: Africa Day $$ MONEY: madhora mazana matatu,sna
travel,book_flight,On what days are seats available on flights from Harare to Victoria falls?,"80:86:SL:CITY_OR_PROVINCE,97:111:SL:CITY_OR_PROVINCE",[IN:book_flight [SL:CITY_OR_PROVINCE Harare] [SL:CITY_OR_PROVINCE Victoria falls] ],CITY_OR_PROVINCE: Harare $$ CITY_OR_PROVINCE: Victoria falls,sna
travel,book_flight,I would like to buy a seat on a Fly Emirates flight to visit Lilongwe from Harare on October 4 and return on October 18.,"64:72:SL:CITY_OR_PROVINCE,85:91:SL:CITY_OR_PROVINCE",[IN:book_flight [SL:CITY_OR_PROVINCE Lilongwe] [SL:CITY_OR_PROVINCE Harare] ],CITY_OR_PROVINCE: Lilongwe $$ CITY_OR_PROVINCE: Harare,sna
travel,book_flight,I want to catch a flight from Harare to Sydney next Friday and return two weeks later.,"32:38:SL:CITY_OR_PROVINCE,51:57:SL:CITY_OR_PROVINCE,65:73:SL:DATE,74:88:SL:DATE,111:133:SL:DATE",[IN:book_flight [SL:CITY_OR_PROVINCE Harare] [SL:CITY_OR_PROVINCE Sydney] [SL:DATE Chishanu] [SL:DATE svondo rinouya] [SL:DATE kwapera mavhiki maviri] ],CITY_OR_PROVINCE: Harare $$ CITY_OR_PROVINCE: Sydney $$ DATE: Chishanu $$ DATE: svondo rinouya $$ DATE: kwapera mavhiki maviri,sna
travel,book_flight,Book a seat on Air Rwanda that leaves Harare on August 23 for Rwanda and returns on August 29.,"51:57:SL:CITY_OR_PROVINCE,65:82:SL:DATE,95:101:SL:COUNTRY,121:137:SL:DATE",[IN:book_flight [SL:CITY_OR_PROVINCE Harare] [SL:DATE wa 23 Nyamavhuvhu] [SL:COUNTRY Rwanda] [SL:DATE wa29 Nyamavhuvhu] ],CITY_OR_PROVINCE: Harare $$ DATE: wa 23 Nyamavhuvhu $$ COUNTRY: Rwanda $$ DATE: wa29 Nyamavhuvhu,sna
travel,book_flight,I have decided to visit the country of Mozambique and therefore book a seat on the Fastjet flight from Harare to Nampula on April 16.,"28:38:SL:COUNTRY,105:111:SL:CITY_OR_PROVINCE,121:128:SL:CITY_OR_PROVINCE,137:148:SL:DATE",[IN:book_flight [SL:COUNTRY Mozambique] [SL:CITY_OR_PROVINCE Harare] [SL:CITY_OR_PROVINCE Nampula] [SL:DATE 16 Kubvumbi] ],COUNTRY: Mozambique $$ CITY_OR_PROVINCE: Harare $$ CITY_OR_PROVINCE: Nampula $$ DATE: 16 Kubvumbi,sna
travel,book_flight,"I would like to book a seat on a flight from Harare to Maputo on March 11, returning on the 24th of the same month.","42:48:SL:CITY_OR_PROVINCE,61:67:SL:CITY_OR_PROVINCE,75:84:SL:DATE,108:123:SL:DATE",[IN:book_flight [SL:CITY_OR_PROVINCE Harare] [SL:CITY_OR_PROVINCE Maputo] [SL:DATE 11 Kurume] [SL:DATE 24 mwedzi iwowo] ],CITY_OR_PROVINCE: Harare $$ CITY_OR_PROVINCE: Maputo $$ DATE: 11 Kurume $$ DATE: 24 mwedzi iwowo,sna
travel,book_flight,Book a seat on the flight that will leave Harare for Cape Town for Christmas vacation and return on 1 January.,"32:38:SL:CITY_OR_PROVINCE,51:60:SL:CITY_OR_PROVINCE,72:80:SL:CALENDAR_EVENT,98:107:SL:DATE",[IN:book_flight [SL:CITY_OR_PROVINCE Harare] [SL:CITY_OR_PROVINCE Cape Town] [SL:CALENDAR_EVENT kisimusi] [SL:DATE wa1 Ndira] ],CITY_OR_PROVINCE: Harare $$ CITY_OR_PROVINCE: Cape Town $$ CALENDAR_EVENT: kisimusi $$ DATE: wa1 Ndira,sna
travel,book_flight,Please also book a seat on the plane that will be flying from Victoria Falls to Lusaka on Thursday and back on Saturday.,"69:83:SL:CITY_OR_PROVINCE,94:100:SL:CITY_OR_PROVINCE,108:113:SL:DATE,135:143:SL:DATE",[IN:book_flight [SL:CITY_OR_PROVINCE Victoria Falls] [SL:CITY_OR_PROVINCE Lusaka] [SL:DATE china] [SL:DATE Mugovera] ],CITY_OR_PROVINCE: Victoria Falls $$ CITY_OR_PROVINCE: Lusaka $$ DATE: china $$ DATE: Mugovera,sna
travel,book_flight,Buy a ticket on Fly Emirates for the flight from Harare to Dubai on 1 November and return on 1 December.,"38:44:SL:CITY_OR_PROVINCE,54:59:SL:CITY_OR_PROVINCE,68:76:SL:DATE,96:103:SL:DATE",[IN:book_flight [SL:CITY_OR_PROVINCE Harare] [SL:CITY_OR_PROVINCE Dubai] [SL:DATE 1 Mbudzi] [SL:DATE 1 Zvita] ],CITY_OR_PROVINCE: Harare $$ CITY_OR_PROVINCE: Dubai $$ DATE: 1 Mbudzi $$ DATE: 1 Zvita,sna
travel,book_flight,"Please also book a seat for me urgently, on the Air Link flight which will leave from Harare to Gaborone on Friday and return on Wednesday.","73:79:SL:CITY_OR_PROVINCE,92:100:SL:CITY_OR_PROVINCE,106:116:SL:DATE,134:143:SL:DATE",[IN:book_flight [SL:CITY_OR_PROVINCE Harare] [SL:CITY_OR_PROVINCE Gaborone] [SL:DATE wechishanu] [SL:DATE wechitatu] ],CITY_OR_PROVINCE: Harare $$ CITY_OR_PROVINCE: Gaborone $$ DATE: wechishanu $$ DATE: wechitatu,sna
travel,book_flight,You can also book me a return flight from Robert Mugabe International arriving at Gatwick Airport on the 4th to the 24th of this month.,"118:122:SL:DATE,136:141:SL:DATE,142:152:SL:DATE",[IN:book_flight [SL:DATE wa 4] [SL:DATE wa 24] [SL:DATE mwedzi uno] ],DATE: wa 4 $$ DATE: wa 24 $$ DATE: mwedzi uno,sna
travel,book_flight,Find me a flight from the 21st to the 28th of February that will be going back and forth from Robert Mugabe International Airport to Sir Seretse Khama International Airport,"29:33:SL:DATE,46:51:SL:DATE,63:70:SL:DATE",[IN:book_flight [SL:DATE wa21] [SL:DATE wa 28] [SL:DATE Kukadzi] ],DATE: wa21 $$ DATE: wa 28 $$ DATE: Kukadzi,sna
travel,book_flight,You can also book me a seat on a flight from Robert Mugabe International Airport to Francistown Airport on the 4th of this month and it's under $500 in the business class of airlines.,"122:136:SL:DATE,152:174:SL:MONEY",[IN:book_flight [SL:DATE wa4 mwedzi uno] [SL:MONEY madhora mazana mashanu] ],DATE: wa4 mwedzi uno $$ MONEY: madhora mazana mashanu,sna
travel,book_flight,"For less than $850, can I get a seat on a flight that will leave in August of this year from Harare to Miami?","19:57:SL:MONEY,121:132:SL:DATE,133:142:SL:DATE,153:159:SL:CITY_OR_PROVINCE,172:177:SL:CITY_OR_PROVINCE",[IN:book_flight [SL:MONEY madhora mazana masere namakumi mashanu] [SL:DATE Nyamavhuvhu] [SL:DATE gore rino] [SL:CITY_OR_PROVINCE Harare] [SL:CITY_OR_PROVINCE Miami] ],MONEY: madhora mazana masere namakumi mashanu $$ DATE: Nyamavhuvhu $$ DATE: gore rino $$ CITY_OR_PROVINCE: Harare $$ CITY_OR_PROVINCE: Miami,sna
travel,book_flight,I would like to book a seat on a South African Airways flight that will depart on October 7 from Harare to Cairo.,"76:89:SL:DATE,98:104:SL:CITY_OR_PROVINCE,117:122:SL:CITY_OR_PROVINCE",[IN:book_flight [SL:DATE wa 7 gumiguru] [SL:CITY_OR_PROVINCE Harare] [SL:CITY_OR_PROVINCE Cairo] ],DATE: wa 7 gumiguru $$ CITY_OR_PROVINCE: Harare $$ CITY_OR_PROVINCE: Cairo,sna
travel,book_flight,"I am looking for a flight to and from Victoria Falls International Airport on February 3rd to arrive in Livingstone at Harry Mwanga Nkumbula International Airport, departing on the 10th of the same month to return to Victoria Falls.","89:101:SL:DATE,118:129:SL:CITY_OR_PROVINCE,194:217:SL:DATE,230:244:SL:CITY_OR_PROVINCE",[IN:book_flight [SL:DATE wa 3 Kukadzi] [SL:CITY_OR_PROVINCE Livingstone] [SL:DATE wa 10 mwedzi mumwechete] [SL:CITY_OR_PROVINCE Victoria Falls] ],DATE: wa 3 Kukadzi $$ CITY_OR_PROVINCE: Livingstone $$ DATE: wa 10 mwedzi mumwechete $$ CITY_OR_PROVINCE: Victoria Falls,sna
travel,book_flight,Book me a seat on a flight from Hafare to Addis Ababa for not more than six hundred dollars on the 19th of this month.,"38:44:SL:CITY_OR_PROVINCE,57:68:SL:CITY_OR_PROVINCE,82:106:SL:MONEY,114:119:SL:DATE,120:130:SL:DATE",[IN:book_flight [SL:CITY_OR_PROVINCE Hafare] [SL:CITY_OR_PROVINCE Addis Ababa] [SL:MONEY mazana nhanhatu amadhora] [SL:DATE wa 19] [SL:DATE mwedzi uno] ],CITY_OR_PROVINCE: Hafare $$ CITY_OR_PROVINCE: Addis Ababa $$ MONEY: mazana nhanhatu amadhora $$ DATE: wa 19 $$ DATE: mwedzi uno,sna
travel,book_flight,"If I decide to book a seat on a flight from Harare to Cape Town on a Defence Forces Holiday and it's under 200 pounds, would I get it?","51:57:SL:CITY_OR_PROVINCE,70:78:SL:CITY_OR_PROVINCE,81:104:SL:CALENDAR_EVENT,133:146:SL:NUMBER",[IN:book_flight [SL:CITY_OR_PROVINCE Harare] [SL:CITY_OR_PROVINCE Capetown] [SL:CALENDAR_EVENT Zororo reDefence Forces] [SL:NUMBER mazana maviri] ],CITY_OR_PROVINCE: Harare $$ CITY_OR_PROVINCE: Capetown $$ CALENDAR_EVENT: Zororo reDefence Forces $$ NUMBER: mazana maviri,sna
travel,book_flight,Book a seat on a flight from Bulawayo to Maputo with South African Airways.,"36:44:SL:CITY_OR_PROVINCE,55:61:SL:CITY_OR_PROVINCE",[IN:book_flight [SL:CITY_OR_PROVINCE Bulawayo] [SL:CITY_OR_PROVINCE Maputo] ],CITY_OR_PROVINCE: Bulawayo $$ CITY_OR_PROVINCE: Maputo,sna
travel,book_hotel,I want you to find a hotel in Kwewe that has a good reputation with former residents.,61:67:SL:CITY_OR_PROVINCE,[IN:book_hotel [SL:CITY_OR_PROVINCE Kwekwe] ],CITY_OR_PROVINCE: Kwekwe,sna
travel,book_hotel,I would like to book accommodation in Kadoma from 3rd to 6th April.,"26:32:SL:CITY_OR_PROVINCE,44:47:SL:DATE,56:66:SL:DATE",[IN:book_hotel [SL:CITY_OR_PROVINCE Kadoma] [SL:DATE wa3] [SL:DATE 6 Kubvumbi] ],CITY_OR_PROVINCE: Kadoma $$ DATE: wa3 $$ DATE: 6 Kubvumbi,sna
travel,book_hotel,"I like a hotel in Chipping, which has a good reputation among the people who have stayed there.",17:25:SL:CITY_OR_PROVINCE,[IN:book_hotel [SL:CITY_OR_PROVINCE Chipinge] ],CITY_OR_PROVINCE: Chipinge,sna
travel,book_hotel,I would like a hotel in Harare near Warren Park on January 14 to 20.,"17:23:SL:CITY_OR_PROVINCE,32:43:SL:PLACE_NAME,49:54:SL:DATE,66:70:SL:DATE,79:81:SL:DATE",[IN:book_hotel [SL:CITY_OR_PROVINCE Harare] [SL:PLACE_NAME Warren Park] [SL:DATE Ndira] [SL:DATE wa14] [SL:DATE 20] ],CITY_OR_PROVINCE: Harare $$ PLACE_NAME: Warren Park $$ DATE: Ndira $$ DATE: wa14 $$ DATE: 20,sna
travel,book_hotel,I would like to be accommodated and lodged in Chipingé from September 12 to 15.,"38:46:SL:CITY_OR_PROVINCE,58:62:SL:DATE,71:81:SL:DATE",[IN:book_hotel [SL:CITY_OR_PROVINCE Chipinge] [SL:DATE wa12] [SL:DATE 15 Gunyana] ],CITY_OR_PROVINCE: Chipinge $$ DATE: wa12 $$ DATE: 15 Gunyana,sna
travel,book_hotel,I would like to stay in a hotel in Bulawayo near Luveve from 11 to 22 February.,"26:34:SL:CITY_OR_PROVINCE,43:49:SL:PLACE_NAME,61:65:SL:DATE,74:84:SL:DATE",[IN:book_hotel [SL:CITY_OR_PROVINCE Bulawayo] [SL:PLACE_NAME Luveve] [SL:DATE wa11] [SL:DATE 22 Kukadzi] ],CITY_OR_PROVINCE: Bulawayo $$ PLACE_NAME: Luveve $$ DATE: wa11 $$ DATE: 22 Kukadzi,sna
travel,book_hotel,I need a hotel for five people from September 13 to 28 in the Mount Darwin area.,"33:40:SL:NUMBER,52:56:SL:DATE,65:75:SL:DATE,88:100:SL:CITY_OR_PROVINCE",[IN:book_hotel [SL:NUMBER vashanu] [SL:DATE wa13] [SL:DATE 28 Gunyana] [SL:CITY_OR_PROVINCE Mount Darwin] ],NUMBER: vashanu $$ DATE: wa13 $$ DATE: 28 Gunyana $$ CITY_OR_PROVINCE: Mount Darwin,sna
travel,book_hotel,I need to find a hotel to stay in the Masvingo area near Rimuza from January 5 to 16.,"47:55:SL:CITY_OR_PROVINCE,66:72:SL:PLACE_NAME,84:87:SL:DATE,96:104:SL:DATE",[IN:book_hotel [SL:CITY_OR_PROVINCE Masvingo] [SL:PLACE_NAME Rimuka] [SL:DATE wa5] [SL:DATE 16 Ndira] ],CITY_OR_PROVINCE: Masvingo $$ PLACE_NAME: Rimuka $$ DATE: wa5 $$ DATE: 16 Ndira,sna
travel,book_hotel,Continue to look for me a hotel in Masvingo with a good reputation among people who have lived there.,49:57:SL:CITY_OR_PROVINCE,[IN:book_hotel [SL:CITY_OR_PROVINCE Masvingo] ],CITY_OR_PROVINCE: Masvingo,sna
travel,book_hotel,Find me a hotel with a good reputation in the area of Murehwa.,65:72:SL:PLACE_NAME,[IN:book_hotel [SL:PLACE_NAME Murehwa] ],PLACE_NAME: Murehwa,sna
travel,book_hotel,"Find me a hotel to stay in Bindura, a place that is well-known on the waves by former residents.",41:48:SL:CITY_OR_PROVINCE,[IN:book_hotel [SL:CITY_OR_PROVINCE Bindura] ],CITY_OR_PROVINCE: Bindura,sna
travel,book_hotel,Book me a room in a hotel in Gweru near the Mkoba 11 station from 3rd to 11th January.,"30:35:SL:CITY_OR_PROVINCE,57:65:SL:PLACE_NAME,77:80:SL:DATE,89:97:SL:DATE",[IN:book_hotel [SL:CITY_OR_PROVINCE Gweru] [SL:PLACE_NAME Mkoba 11] [SL:DATE wa3] [SL:DATE 11 Ndira] ],CITY_OR_PROVINCE: Gweru $$ PLACE_NAME: Mkoba 11 $$ DATE: wa3 $$ DATE: 11 Ndira,sna
travel,book_hotel,I would like to stay in the Harare area near Belvedere from December 5 to 8.,"29:35:SL:CITY_OR_PROVINCE,44:53:SL:PLACE_NAME,65:68:SL:DATE,77:84:SL:DATE",[IN:book_hotel [SL:CITY_OR_PROVINCE Harare] [SL:PLACE_NAME Belvedere] [SL:DATE wa5] [SL:DATE 8 Zvita] ],CITY_OR_PROVINCE: Harare $$ PLACE_NAME: Belvedere $$ DATE: wa5 $$ DATE: 8 Zvita,sna
travel,book_hotel,Search and book accommodation in the area of Kwekwe in a hotel from 2 to 3 March.,"37:43:SL:CITY_OR_PROVINCE,64:67:SL:DATE,76:84:SL:DATE",[IN:book_hotel [SL:CITY_OR_PROVINCE Kwekwe] [SL:DATE wa2] [SL:DATE 3 Kurume] ],CITY_OR_PROVINCE: Kwekwe $$ DATE: wa2 $$ DATE: 3 Kurume,sna
travel,book_hotel,"I need a place to stay in Gweru area from 3rd to 18th February, find me.","32:37:SL:CITY_OR_PROVINCE,49:52:SL:DATE,61:71:SL:DATE",[IN:book_hotel [SL:CITY_OR_PROVINCE Gweru] [SL:DATE wa3] [SL:DATE 18 Kukadzi] ],CITY_OR_PROVINCE: Gweru $$ DATE: wa3 $$ DATE: 18 Kukadzi,sna
travel,book_hotel,Book a place to stay in Lodge in the Marondera area from 4 to 12 May.,"42:51:SL:CITY_OR_PROVINCE,63:66:SL:DATE,75:86:SL:DATE",[IN:book_hotel [SL:CITY_OR_PROVINCE Marondera] [SL:DATE wa4] [SL:DATE 12 Chivabvu] ],CITY_OR_PROVINCE: Marondera $$ DATE: wa4 $$ DATE: 12 Chivabvu,sna
travel,book_hotel,Book me a room in a hotel in the Masvingo area for four people from October 1 to 3.,"40:48:SL:CITY_OR_PROVINCE,65:69:SL:NUMBER,81:84:SL:DATE,93:103:SL:DATE",[IN:book_hotel [SL:CITY_OR_PROVINCE Masvingo] [SL:NUMBER vana] [SL:DATE wa1] [SL:DATE 3 Gumiguru] ],CITY_OR_PROVINCE: Masvingo $$ NUMBER: vana $$ DATE: wa1 $$ DATE: 3 Gumiguru,sna
travel,book_hotel,Search for a hotel in Harare with accommodation for two from 4 to 14 January.,"16:22:SL:CITY_OR_PROVINCE,42:48:SL:NUMBER,60:63:SL:DATE,72:80:SL:DATE",[IN:book_hotel [SL:CITY_OR_PROVINCE Harare] [SL:NUMBER vaviri] [SL:DATE wa4] [SL:DATE 14 Ndira] ],CITY_OR_PROVINCE: Harare $$ NUMBER: vaviri $$ DATE: wa4 $$ DATE: 14 Ndira,sna
travel,book_hotel,Can you also book me a room at a hotel near the National Sports Stadium in Harare from July 1 to 4?,"51:74:SL:PLACE_NAME,77:83:SL:CITY_OR_PROVINCE,95:98:SL:DATE,107:119:SL:DATE",[IN:book_hotel [SL:PLACE_NAME National Sports Stadium] [SL:CITY_OR_PROVINCE Harare] [SL:DATE wa1] [SL:DATE 4 Chikunguru] ],PLACE_NAME: National Sports Stadium $$ CITY_OR_PROVINCE: Harare $$ DATE: wa1 $$ DATE: 4 Chikunguru,sna
travel,book_hotel,Book me a room at the hotel in Belvedere near OK Supermarket from May 4 to 7.,"30:39:SL:PLACE_NAME,74:77:SL:DATE,86:96:SL:DATE",[IN:book_hotel [SL:PLACE_NAME Belvedere] [SL:DATE wa4] [SL:DATE 7 Chivabvu] ],PLACE_NAME: Belvedere $$ DATE: wa4 $$ DATE: 7 Chivabvu,sna
travel,book_hotel,Also book me one room for rent in Bulawayo from 8th to 23rd September.,"55:63:SL:CITY_OR_PROVINCE,75:78:SL:DATE,87:97:SL:DATE",[IN:book_hotel [SL:CITY_OR_PROVINCE Bulawayo] [SL:DATE wa8] [SL:DATE 23 Gunyana] ],CITY_OR_PROVINCE: Bulawayo $$ DATE: wa8 $$ DATE: 23 Gunyana,sna
travel,book_hotel,Is there any accommodation available in Luveve from 3 to 27 January?,"34:40:SL:PLACE_NAME,52:55:SL:DATE,64:72:SL:DATE",[IN:book_hotel [SL:PLACE_NAME Luveve] [SL:DATE wa3] [SL:DATE 27 Ndira] ],PLACE_NAME: Luveve $$ DATE: wa3 $$ DATE: 27 Ndira,sna
travel,book_hotel,Are there any places to stay in Bulawayo from 9 to 20 October?,"43:51:SL:CITY_OR_PROVINCE,63:66:SL:DATE,75:86:SL:DATE",[IN:book_hotel [SL:CITY_OR_PROVINCE Bulawayo] [SL:DATE wa9] [SL:DATE 20 Gumiguru] ],CITY_OR_PROVINCE: Bulawayo $$ DATE: wa9 $$ DATE: 20 Gumiguru,sna
travel,book_hotel,Did anyone book a paid stay in the Walls from 12 to 16 December?,"43:51:SL:CITY_OR_PROVINCE,63:67:SL:DATE,76:84:SL:DATE",[IN:book_hotel [SL:CITY_OR_PROVINCE Masvingo] [SL:DATE wa12] [SL:DATE 16 Zvita] ],CITY_OR_PROVINCE: Masvingo $$ DATE: wa12 $$ DATE: 16 Zvita,sna
travel,book_hotel,Are there any accommodation available for rent in Gweru from 4 to 14 March?,"41:46:SL:CITY_OR_PROVINCE,58:61:SL:DATE,70:79:SL:DATE",[IN:book_hotel [SL:CITY_OR_PROVINCE Gweru] [SL:DATE wa4] [SL:DATE 14 Kurume] ],CITY_OR_PROVINCE: Gweru $$ DATE: wa4 $$ DATE: 14 Kurume,sna
travel,book_hotel,Contact me for a paid accommodation in Mbemba from 3rd to 8th December.,"37:43:SL:DATE,50:51:SL:DATE,59:66:SL:DATE",[IN:book_hotel [SL:DATE Mbudzi] [SL:DATE 3] [SL:DATE 8 Zvita] ],DATE: Mbudzi $$ DATE: 3 $$ DATE: 8 Zvita,sna
travel,book_hotel,Hold seats with pay from 2 to 12 November in the Court,"36:42:SL:DATE,49:50:SL:DATE,59:61:SL:DATE,66:72:SL:CITY_OR_PROVINCE",[IN:book_hotel [SL:DATE Mbudzi] [SL:DATE 2] [SL:DATE 12] [SL:CITY_OR_PROVINCE Mutare] ],DATE: Mbudzi $$ DATE: 2 $$ DATE: 12 $$ CITY_OR_PROVINCE: Mutare,sna
travel,book_hotel,List all hotels in Gweru that are well-reviewed by the public.,22:27:SL:CITY_OR_PROVINCE,[IN:book_hotel [SL:CITY_OR_PROVINCE Gweru] ],CITY_OR_PROVINCE: Gweru,sna
travel,book_hotel,Which hotel in Gweru has a good reputation?,18:23:SL:CITY_OR_PROVINCE,[IN:book_hotel [SL:CITY_OR_PROVINCE Gweru] ],CITY_OR_PROVINCE: Gweru,sna
travel,book_hotel,Hire me a single paid sitting room in the Court from 11 to 18 January.,"17:28:SL:NUMBER,53:59:SL:CITY_OR_PROVINCE,66:68:SL:DATE,77:85:SL:DATE",[IN:book_hotel [SL:NUMBER rimwe chete] [SL:CITY_OR_PROVINCE Mutare] [SL:DATE 11] [SL:DATE 18 Ndira] ],NUMBER: rimwe chete $$ CITY_OR_PROVINCE: Mutare $$ DATE: 11 $$ DATE: 18 Ndira,sna
travel,book_hotel,Name me one hotel in Greendale that has a good reputation.,"18:28:SL:NUMBER,59:68:SL:PLACE_NAME",[IN:book_hotel [SL:NUMBER imwe chete] [SL:PLACE_NAME Greendale] ],NUMBER: imwe chete $$ PLACE_NAME: Greendale,sna
travel,book_hotel,Which hotel gets the highest score out of ten by the number of people who have stayed there?,52:56:SL:NUMBER,[IN:book_hotel [SL:NUMBER gumi] ],NUMBER: gumi,sna
travel,book_hotel,Look for affordable accommodation in Hwange from 11 to 20 December.,"31:37:SL:PLACE_NAME,44:46:SL:DATE,55:63:SL:DATE",[IN:book_hotel [SL:PLACE_NAME Hwange] [SL:DATE 11] [SL:DATE 20 Zvita] ],PLACE_NAME: Hwange $$ DATE: 11 $$ DATE: 20 Zvita,sna
travel,book_hotel,Contact me for a paid accommodation in Gweru from 12 to 19 December.,"35:40:SL:CITY_OR_PROVINCE,46:51:SL:DATE,58:60:SL:DATE,69:71:SL:DATE",[IN:book_hotel [SL:CITY_OR_PROVINCE Gweru] [SL:DATE Zvita] [SL:DATE 12] [SL:DATE 19] ],CITY_OR_PROVINCE: Gweru $$ DATE: Zvita $$ DATE: 12 $$ DATE: 19,sna
travel,book_hotel,Is it possible to work for me in a rented accommodation in Hwange from 1 to 8?,"49:55:SL:CITY_OR_PROVINCE,62:63:SL:DATE,72:73:SL:DATE",[IN:book_hotel [SL:CITY_OR_PROVINCE Hwange] [SL:DATE 1] [SL:DATE 8] ],CITY_OR_PROVINCE: Hwange $$ DATE: 1 $$ DATE: 8,sna
travel,book_hotel,Please book me a cheap accommodation in Hwange near the National Park from 11 December to 19 December.,"39:45:SL:PLACE_NAME,54:67:SL:PLACE_NAME,74:82:SL:DATE,91:99:SL:DATE",[IN:book_hotel [SL:PLACE_NAME Hwange] [SL:PLACE_NAME National Park] [SL:DATE 11 Zvita] [SL:DATE 19 Zvita] ],PLACE_NAME: Hwange $$ PLACE_NAME: National Park $$ DATE: 11 Zvita $$ DATE: 19 Zvita,sna
travel,book_hotel,I would like you to book me a rented accommodation in Chinhoyi near Chinhoyi Caves from 11 January to 12 February.,"43:51:SL:CITY_OR_PROVINCE,60:74:SL:PLACE_NAME,81:89:SL:DATE,98:108:SL:DATE",[IN:book_hotel [SL:CITY_OR_PROVINCE Chinhoyi] [SL:PLACE_NAME Chinhoyi Caves] [SL:DATE 11 Ndira] [SL:DATE 12 Kukadzi] ],CITY_OR_PROVINCE: Chinhoyi $$ PLACE_NAME: Chinhoyi Caves $$ DATE: 11 Ndira $$ DATE: 12 Kukadzi,sna
travel,book_hotel,Please reserve a room for me at the Walls from tomorrow till the 22nd.,"42:50:SL:CITY_OR_PROVINCE,57:65:SL:DATE,79:83:SL:DATE",[IN:book_hotel [SL:CITY_OR_PROVINCE Masvingo] [SL:DATE mangwana] [SL:DATE wa22] ],CITY_OR_PROVINCE: Masvingo $$ DATE: mangwana $$ DATE: wa22,sna
travel,book_hotel,I would like a single room at the hotel for March 14-24.,"57:61:SL:DATE,70:79:SL:DATE",[IN:book_hotel [SL:DATE wa14] [SL:DATE 24 Kurume] ],DATE: wa14 $$ DATE: 24 Kurume,sna
travel,book_hotel,Also find me a hotel room in Marondera.,38:47:SL:CITY_OR_PROVINCE,[IN:book_hotel [SL:CITY_OR_PROVINCE Marondera] ],CITY_OR_PROVINCE: Marondera,sna
travel,book_hotel,"I would like to book my hotel room for January 20, 2024 to March 3, 2024.","49:64:SL:DATE,78:93:SL:DATE",[IN:book_hotel [SL:DATE wa20 Ndira 2024] [SL:DATE wa3 Kurume 2024] ],DATE: wa20 Ndira 2024 $$ DATE: wa3 Kurume 2024,sna
travel,book_hotel,Are there any hotels in Gweru?,29:34:SL:CITY_OR_PROVINCE,[IN:book_hotel [SL:CITY_OR_PROVINCE Gweru] ],CITY_OR_PROVINCE: Gweru,sna
travel,book_hotel,Where is the hotel for the summer in Kadoma?,32:38:SL:CITY_OR_PROVINCE,[IN:book_hotel [SL:CITY_OR_PROVINCE Kadoma] ],CITY_OR_PROVINCE: Kadoma,sna
travel,book_hotel,Look for me in a rented accommodation in Prospect from March 4 to 19.,"36:44:SL:PLACE_NAME,50:56:SL:DATE,68:71:SL:DATE,80:82:SL:DATE",[IN:book_hotel [SL:PLACE_NAME Prospect] [SL:DATE Kurume] [SL:DATE wa4] [SL:DATE 19] ],PLACE_NAME: Prospect $$ DATE: Kurume $$ DATE: wa4 $$ DATE: 19,sna
travel,book_hotel,Check if there is only one hotel room for ten people in Bulawayo from China for a week?,"25:35:SL:NUMBER,62:66:SL:NUMBER,69:77:SL:CITY_OR_PROVINCE,84:89:SL:DATE,98:103:SL:DATE",[IN:book_hotel [SL:NUMBER imwe chete] [SL:NUMBER gumi] [SL:CITY_OR_PROVINCE Bulawayo] [SL:DATE China] [SL:DATE vhiki] ],NUMBER: imwe chete $$ NUMBER: gumi $$ CITY_OR_PROVINCE: Bulawayo $$ DATE: China $$ DATE: vhiki,sna
travel,book_hotel,Can I get a room in a 50 person hotel in Marondera from 1 January 2024 to 18 April 2024?,"47:61:SL:NUMBER,64:73:SL:CITY_OR_PROVINCE,85:99:SL:DATE,113:131:SL:DATE",[IN:book_hotel [SL:NUMBER makumi mashanu] [SL:CITY_OR_PROVINCE Marondera] [SL:DATE wa1 Ndira 2024] [SL:DATE wa18 Kubvumbi 2024] ],NUMBER: makumi mashanu $$ CITY_OR_PROVINCE: Marondera $$ DATE: wa1 Ndira 2024 $$ DATE: wa18 Kubvumbi 2024,sna
travel,book_hotel,I would like to be served accommodation in Hwange near the shops from Sunday to Wednesday.,"29:35:SL:CITY_OR_PROVINCE,58:64:SL:DATE,73:80:SL:DATE",[IN:book_hotel [SL:CITY_OR_PROVINCE Hwange] [SL:DATE Svondo] [SL:DATE Chitatu] ],CITY_OR_PROVINCE: Hwange $$ DATE: Svondo $$ DATE: Chitatu,sna
travel,book_hotel,I would like to be booked into a hotel in the city of Harare near Joina City from 1 to 3.,"47:53:SL:CITY_OR_PROVINCE,62:72:SL:PLACE_NAME,84:87:SL:DATE,96:97:SL:DATE",[IN:book_hotel [SL:CITY_OR_PROVINCE Harare] [SL:PLACE_NAME Joina City] [SL:DATE wa1] [SL:DATE 3] ],CITY_OR_PROVINCE: Harare $$ PLACE_NAME: Joina City $$ DATE: wa1 $$ DATE: 3,sna
travel,book_hotel,I need a room in a hotel for 20 people from May 3 to May 8 in the Victoria Falls area.,"42:55:SL:NUMBER,67:79:SL:DATE,93:105:SL:DATE,118:132:SL:CITY_OR_PROVINCE",[IN:book_hotel [SL:NUMBER makumi maviri] [SL:DATE wa3 Chivabvu] [SL:DATE wa8 Chivabvu] [SL:CITY_OR_PROVINCE Victoria Falls] ],NUMBER: makumi maviri $$ DATE: wa3 Chivabvu $$ DATE: wa8 Chivabvu $$ CITY_OR_PROVINCE: Victoria Falls,sna
travel,book_hotel,What hotels have received favorable reviews from surfers in Victoria Falls?,69:83:SL:CITY_OR_PROVINCE,[IN:book_hotel [SL:CITY_OR_PROVINCE Victoria Falls] ],CITY_OR_PROVINCE: Victoria Falls,sna
travel,book_hotel,Is it possible to be booked for paid accommodation in Harare near Heroes Acre from 1 July 2024 to 19 July 2024?,"49:55:SL:CITY_OR_PROVINCE,64:75:SL:PLACE_NAME,87:106:SL:DATE,120:140:SL:DATE",[IN:book_hotel [SL:CITY_OR_PROVINCE Harare] [SL:PLACE_NAME Heroes Acre] [SL:DATE wa1 Chikunguru 2024] [SL:DATE wa19 Chikunguru 2024] ],CITY_OR_PROVINCE: Harare $$ PLACE_NAME: Heroes Acre $$ DATE: wa1 Chikunguru 2024 $$ DATE: wa19 Chikunguru 2024,sna
travel,book_hotel,I would like to find a hotel in Plumtree that is loved by former residents and well-regarded by the public.,24:32:SL:CITY_OR_PROVINCE,[IN:book_hotel [SL:CITY_OR_PROVINCE Plumtree] ],CITY_OR_PROVINCE: Plumtree,sna
travel,book_hotel,"Also, find me a place in Bulawayo to rent from Thursday to Sunday.","23:31:SL:CITY_OR_PROVINCE,47:52:SL:DATE,61:67:SL:DATE",[IN:book_hotel [SL:CITY_OR_PROVINCE Bulawayo] [SL:DATE China] [SL:DATE Svondo] ],CITY_OR_PROVINCE: Bulawayo $$ DATE: China $$ DATE: Svondo,sna
travel,book_hotel,I would like a hotel room for four people from Monday to Thursday in Hwange.,"41:45:SL:NUMBER,52:59:SL:DATE,68:73:SL:DATE,76:82:SL:CITY_OR_PROVINCE",[IN:book_hotel [SL:NUMBER vana] [SL:DATE Muvhuro] [SL:DATE China] [SL:CITY_OR_PROVINCE Hwange] ],NUMBER: vana $$ DATE: Muvhuro $$ DATE: China $$ CITY_OR_PROVINCE: Hwange,sna
travel,book_hotel,Find me a hotel for eight people from Sunday to Friday in Plumtree.,"34:40:SL:NUMBER,47:53:SL:DATE,62:70:SL:DATE,73:81:SL:PLACE_NAME",[IN:book_hotel [SL:NUMBER vasere] [SL:DATE Svondo] [SL:DATE Chishanu] [SL:PLACE_NAME Plumtree] ],NUMBER: vasere $$ DATE: Svondo $$ DATE: Chishanu $$ PLACE_NAME: Plumtree,sna
travel,book_hotel,I would like a hotel room for seven people from Sunday to Thursday in Gwanda.,"30:37:SL:NUMBER,55:61:SL:DATE,70:75:SL:DATE,78:84:SL:CITY_OR_PROVINCE",[IN:book_hotel [SL:NUMBER vanomwe] [SL:DATE Svondo] [SL:DATE China] [SL:CITY_OR_PROVINCE Gwanda] ],NUMBER: vanomwe $$ DATE: Svondo $$ DATE: China $$ CITY_OR_PROVINCE: Gwanda,sna
travel,book_hotel,I need a hotel for three people in Chipping from Thursday to Saturday.,"30:36:SL:NUMBER,39:47:SL:PLACE_NAME,54:59:SL:DATE,68:76:SL:DATE",[IN:book_hotel [SL:NUMBER vatatu] [SL:PLACE_NAME Chipinge] [SL:DATE China] [SL:DATE Mugovera] ],NUMBER: vatatu $$ PLACE_NAME: Chipinge $$ DATE: China $$ DATE: Mugovera,sna
travel,book_hotel,Which hotel in Marondera can you recommend for five people from Monday to Sunday?,"30:39:SL:CITY_OR_PROVINCE,55:62:SL:NUMBER,69:76:SL:DATE,85:91:SL:DATE",[IN:book_hotel [SL:CITY_OR_PROVINCE Marondera] [SL:NUMBER vashanu] [SL:DATE Muvhuro] [SL:DATE Svondo] ],CITY_OR_PROVINCE: Marondera $$ NUMBER: vashanu $$ DATE: Muvhuro $$ DATE: Svondo,sna
travel,book_hotel,I will be in Bulawayo from Wednesday to Saturday so I need a room for four people.,"18:26:SL:CITY_OR_PROVINCE,33:40:SL:DATE,49:57:SL:DATE,105:109:SL:NUMBER",[IN:book_hotel [SL:CITY_OR_PROVINCE Bulawayo] [SL:DATE Chitatu] [SL:DATE Mugovera] [SL:NUMBER vana] ],CITY_OR_PROVINCE: Bulawayo $$ DATE: Chitatu $$ DATE: Mugovera $$ NUMBER: vana,sna
travel,book_hotel,Please reserve a seat for me in the Courtroom from Tuesday to Thursday.,"41:47:SL:CITY_OR_PROVINCE,54:61:SL:DATE,70:75:SL:DATE",[IN:book_hotel [SL:CITY_OR_PROVINCE Mutare] [SL:DATE Chipiri] [SL:DATE China] ],CITY_OR_PROVINCE: Mutare $$ DATE: Chipiri $$ DATE: China,sna
travel,book_hotel,"I need a paid seating in the Court from Monday to Friday, please help me.","40:46:SL:CITY_OR_PROVINCE,53:60:SL:DATE,69:77:SL:DATE",[IN:book_hotel [SL:CITY_OR_PROVINCE Mutare] [SL:DATE Muvhuro] [SL:DATE Chishanu] ],CITY_OR_PROVINCE: Mutare $$ DATE: Muvhuro $$ DATE: Chishanu,sna
travel,book_hotel,Help me find a hotel in Hwange that is not well-known by its public supporters on the airwaves.,31:37:SL:CITY_OR_PROVINCE,[IN:book_hotel [SL:CITY_OR_PROVINCE Hwange] ],CITY_OR_PROVINCE: Hwange,sna
travel,book_hotel,Can you also find me a hotel in the well-known area of Bulawayo?,44:52:SL:CITY_OR_PROVINCE,[IN:book_hotel [SL:CITY_OR_PROVINCE Bulawayo] ],CITY_OR_PROVINCE: Bulawayo,sna
travel,book_hotel,"Please find a hotel in Chipadze, Bindura that has been well reviewed by previous guests.","24:32:SL:PLACE_NAME,34:41:SL:CITY_OR_PROVINCE",[IN:book_hotel [SL:PLACE_NAME Chipadze] [SL:CITY_OR_PROVINCE Bindura] ],PLACE_NAME: Chipadze $$ CITY_OR_PROVINCE: Bindura,sna
travel,book_hotel,Please help me find a place to stay from Tuesday to Friday in the area of Chichimbawiza.,"37:44:SL:DATE,53:61:SL:DATE,74:85:SL:CITY_OR_PROVINCE",[IN:book_hotel [SL:DATE Chipiri] [SL:DATE Chishanu] [SL:CITY_OR_PROVINCE Chitungwiza] ],DATE: Chipiri $$ DATE: Chishanu $$ CITY_OR_PROVINCE: Chitungwiza,sna
travel,book_hotel,Can you also book a room for me in the Shurugwi area from Sunday to Wednesday?,"46:54:SL:CITY_OR_PROVINCE,61:67:SL:DATE,76:83:SL:DATE",[IN:book_hotel [SL:CITY_OR_PROVINCE Shurugwi] [SL:DATE Svondo] [SL:DATE Chitatu] ],CITY_OR_PROVINCE: Shurugwi $$ DATE: Svondo $$ DATE: Chitatu,sna
travel,book_hotel,Please book a room for me in the Bulawayo area from Monday to Thursday.,"41:49:SL:CITY_OR_PROVINCE,56:63:SL:DATE,72:77:SL:DATE",[IN:book_hotel [SL:CITY_OR_PROVINCE Bulawayo] [SL:DATE Muvhuro] [SL:DATE China] ],CITY_OR_PROVINCE: Bulawayo $$ DATE: Muvhuro $$ DATE: China,sna
travel,book_hotel,"Search in Mbizo, where the hotel has a good reputation.","9:14:SL:PLACE_NAME,16:22:SL:CITY_OR_PROVINCE",[IN:book_hotel [SL:PLACE_NAME Mbizo] [SL:CITY_OR_PROVINCE Kwekwe] ],PLACE_NAME: Mbizo $$ CITY_OR_PROVINCE: Kwekwe,sna
travel,book_hotel,Help me find a hotel with a good reputation in Chegutu.,60:67:SL:CITY_OR_PROVINCE,[IN:book_hotel [SL:CITY_OR_PROVINCE Chegutu] ],CITY_OR_PROVINCE: Chegutu,sna
travel,book_hotel,Name me the hotels that are recommended by most people in Marondera.,57:66:SL:CITY_OR_PROVINCE,[IN:book_hotel [SL:CITY_OR_PROVINCE Marondera] ],CITY_OR_PROVINCE: Marondera,sna
travel,book_hotel,Help me find a hotel with a good reputation in Masvingo.,69:77:SL:CITY_OR_PROVINCE,[IN:book_hotel [SL:CITY_OR_PROVINCE Masvingo] ],CITY_OR_PROVINCE: Masvingo,sna
travel,book_hotel,Book me a room in a well-reputed hotel in Gweru.,38:43:SL:CITY_OR_PROVINCE,[IN:book_hotel [SL:CITY_OR_PROVINCE Gweru] ],CITY_OR_PROVINCE: Gweru,sna
travel,book_hotel,Could I also have a room reserved in a hotel in Angola near the resort from the 6th to the 8th?,"57:63:SL:COUNTRY,105:108:SL:DATE,117:118:SL:DATE",[IN:book_hotel [SL:COUNTRY Angola] [SL:DATE wa6] [SL:DATE 8] ],COUNTRY: Angola $$ DATE: wa6 $$ DATE: 8,sna
travel,book_hotel,Is it possible to book a room in a hotel in Botswana near a food court from the 7th to the 11th?,"50:58:SL:COUNTRY,99:102:SL:DATE,111:113:SL:DATE",[IN:book_hotel [SL:COUNTRY Botswana] [SL:DATE wa7] [SL:DATE 11] ],COUNTRY: Botswana $$ DATE: wa7 $$ DATE: 11,sna
travel,book_hotel,Also book me a hotel room in Tanzania in a hotel near a bar from the 3rd to the 7th.,"33:41:SL:COUNTRY,81:84:SL:DATE,93:94:SL:DATE",[IN:book_hotel [SL:COUNTRY Tanzania] [SL:DATE wa3] [SL:DATE 7] ],COUNTRY: Tanzania $$ DATE: wa3 $$ DATE: 7,sna
travel,book_hotel,Can I be booked a room at a hotel in South Africa near shopping malls from 10 to 19?,"48:60:SL:COUNTRY,113:117:SL:DATE,126:128:SL:DATE",[IN:book_hotel [SL:COUNTRY South Africa] [SL:DATE wa10] [SL:DATE 19] ],COUNTRY: South Africa $$ DATE: wa10 $$ DATE: 19,sna
travel,book_hotel,You can also book me a room in a hotel in Zambia near a zoo from the 10th to the 18th.,"45:51:SL:COUNTRY,91:95:SL:DATE,104:106:SL:DATE",[IN:book_hotel [SL:COUNTRY Zambia] [SL:DATE wa10] [SL:DATE 18] ],COUNTRY: Zambia $$ DATE: wa10 $$ DATE: 18,sna
travel,book_hotel,"Do I want to be served accommodation, one large room or several small rooms for four couples from December 15 to 18 in the city of Harare.","49:53:SL:NUMBER,114:118:SL:NUMBER,124:129:SL:DATE,141:145:SL:DATE,154:156:SL:DATE,166:172:SL:CITY_OR_PROVINCE",[IN:book_hotel [SL:NUMBER imwe] [SL:NUMBER vana] [SL:DATE Zvita] [SL:DATE wa15] [SL:DATE 18] [SL:CITY_OR_PROVINCE Harare] ],NUMBER: imwe $$ NUMBER: vana $$ DATE: Zvita $$ DATE: wa15 $$ DATE: 18 $$ CITY_OR_PROVINCE: Harare,sna
travel,book_hotel,I would like to be booked for accommodation and sleep in a hotel or a room with bathrooms for three children and two adults from January 7 to 12.,"88:94:SL:NUMBER,110:116:SL:NUMBER,122:127:SL:DATE,134:135:SL:DATE,144:146:SL:DATE",[IN:book_hotel [SL:NUMBER vatatu] [SL:NUMBER vaviri] [SL:DATE Ndira] [SL:DATE 7] [SL:DATE 12] ],NUMBER: vatatu $$ NUMBER: vaviri $$ DATE: Ndira $$ DATE: 7 $$ DATE: 12,sna
travel,book_hotel,I need a hotel for two people in Beetbridge from December 3 to 12.,"40:46:SL:NUMBER,49:59:SL:CITY_OR_PROVINCE,65:70:SL:DATE,82:85:SL:DATE,94:96:SL:DATE",[IN:book_hotel [SL:NUMBER vaviri] [SL:CITY_OR_PROVINCE Beitbridge] [SL:DATE Zvita] [SL:DATE wa3] [SL:DATE 12] ],NUMBER: vaviri $$ CITY_OR_PROVINCE: Beitbridge $$ DATE: Zvita $$ DATE: wa3 $$ DATE: 12,sna
travel,car_rental,Help me find a Dodge Charger to rent in Harare.,45:51:SL:CITY_OR_PROVINCE,[IN:car_rental [SL:CITY_OR_PROVINCE Harare] ],CITY_OR_PROVINCE: Harare,sna
travel,car_rental,I need a rental car this week from Harare to Chiredzi.,"25:35:SL:DATE,44:50:SL:CITY_OR_PROVINCE,60:68:SL:CITY_OR_PROVINCE",[IN:car_rental [SL:DATE vhiki rino] [SL:CITY_OR_PROVINCE Harare] [SL:CITY_OR_PROVINCE Chiredzi] ],DATE: vhiki rino $$ CITY_OR_PROVINCE: Harare $$ CITY_OR_PROVINCE: Chiredzi,sna
travel,car_rental,Catch Susan's Jeep rental at Robert Mugabe International Airport on the 22nd of this month at 5am when she arrives from overseas.,"7:12:SL:PERSONAL_NAME,86:101:SL:DATE,110:114:SL:TIME",[IN:car_rental [SL:PERSONAL_NAME Susan] [SL:DATE wa22 mwedzi uno] [SL:TIME dza5] ],PERSONAL_NAME: Susan $$ DATE: wa22 mwedzi uno $$ TIME: dza5,sna
travel,car_rental,I'm about to go on vacation so I'll look for a rental car.,,[IN:car_rental ],,sna
travel,car_rental,Find me a car for rent in Harare on 2 to 9 March and have it run on electricity only.,"28:34:SL:CITY_OR_PROVINCE,40:43:SL:DATE,52:60:SL:DATE",[IN:car_rental [SL:CITY_OR_PROVINCE Harare] [SL:DATE wa2] [SL:DATE 9 Kurume] ],CITY_OR_PROVINCE: Harare $$ DATE: wa2 $$ DATE: 9 Kurume,sna
travel,car_rental,Help me find a white SUV to rent from Friday to Sunday in Karachi.,"52:60:SL:DATE,69:75:SL:DATE,78:83:SL:CITY_OR_PROVINCE",[IN:car_rental [SL:DATE Chishanu] [SL:DATE Svondo] [SL:CITY_OR_PROVINCE Karoi] ],DATE: Chishanu $$ DATE: Svondo $$ CITY_OR_PROVINCE: Karoi,sna
travel,car_rental,I am looking for a car for rent from 12 to 15 September in Harare if possible like this Mazda CX-5.,"39:43:SL:DATE,52:62:SL:DATE,65:71:SL:CITY_OR_PROVINCE",[IN:car_rental [SL:DATE wa12] [SL:DATE 15 Gunyana] [SL:CITY_OR_PROVINCE Harare] ],DATE: wa12 $$ DATE: 15 Gunyana $$ CITY_OR_PROVINCE: Harare,sna
travel,car_rental,Help me pre-book a Range Rover for rent from Exquisite Cars on Thursday of next week.,"82:87:SL:DATE,91:104:SL:DATE",[IN:car_rental [SL:DATE China] [SL:DATE vhiki rinouya] ],DATE: China $$ DATE: vhiki rinouya,sna
travel,car_rental,I would like to reserve a rental car for Brilliant Tours on 1st June for use on a five-day Court trip.,"104:110:SL:CITY_OR_PROVINCE,114:128:SL:DATE",[IN:car_rental [SL:CITY_OR_PROVINCE Mutare] [SL:DATE mazuva mashanu] ],CITY_OR_PROVINCE: Mutare $$ DATE: mazuva mashanu,sna
travel,car_rental,Tell me who can help me with a rental car in Kariba when I go there on vacation in December.,"44:50:SL:CITY_OR_PROVINCE,84:89:SL:DATE",[IN:car_rental [SL:CITY_OR_PROVINCE Kariba] [SL:DATE Zvita] ],CITY_OR_PROVINCE: Kariba $$ DATE: Zvita,sna
travel,car_rental,Give me the names of people who can help me with the Range Rover Velar for rent in Harare next week.,"61:67:SL:CITY_OR_PROVINCE,68:81:SL:DATE",[IN:car_rental [SL:CITY_OR_PROVINCE Harare] [SL:DATE vhiki rinouya] ],CITY_OR_PROVINCE: Harare $$ DATE: vhiki rinouya,sna
travel,car_rental,Find me a cheap car rental company at Bulawayo airport.,62:70:SL:CITY_OR_PROVINCE,[IN:car_rental [SL:CITY_OR_PROVINCE Bulawayo] ],CITY_OR_PROVINCE: Bulawayo,sna
travel,car_rental,Who can I rent his car from next month when it starts in the Walls?,"41:54:SL:DATE,68:76:SL:CITY_OR_PROVINCE",[IN:car_rental [SL:DATE mwedzi unouya] [SL:CITY_OR_PROVINCE Masvingo] ],DATE: mwedzi unouya $$ CITY_OR_PROVINCE: Masvingo,sna
travel,car_rental,I will be in Johannesburg on Monday so who can help me with a reliable rental car there?,"18:28:SL:CITY_OR_PROVINCE,38:45:SL:DATE",[IN:car_rental [SL:CITY_OR_PROVINCE Zvishavane] [SL:DATE Muvhuro] ],CITY_OR_PROVINCE: Zvishavane $$ DATE: Muvhuro,sna
travel,car_rental,I need to rent a cheap car so that I can use it for the rest of the weekend in Gwanda.,"62:87:SL:DATE,96:102:SL:CITY_OR_PROVINCE",[IN:car_rental [SL:DATE kupera kwevhiki rino rese] [SL:CITY_OR_PROVINCE Gwanda] ],DATE: kupera kwevhiki rino rese $$ CITY_OR_PROVINCE: Gwanda,sna
travel,car_rental,Where exactly can Elite Rides car rental services be found in Harare?,56:62:SL:CITY_OR_PROVINCE,[IN:car_rental [SL:CITY_OR_PROVINCE Harare] ],CITY_OR_PROVINCE: Harare,sna
travel,car_rental,I am looking for a small car to use for a week when I arrive in Johannesburg tomorrow.,"38:46:SL:DATE,63:75:SL:CITY_OR_PROVINCE,76:84:SL:DATE",[IN:car_rental [SL:DATE kwevhiki] [SL:CITY_OR_PROVINCE Johannesburg] [SL:DATE mangwana] ],DATE: kwevhiki $$ CITY_OR_PROVINCE: Johannesburg $$ DATE: mangwana,sna
travel,car_rental,I want to buy a large Toyota Landcruiser for two days to Gonarzhou National Park and back.,"76:89:SL:DATE,99:123:SL:PLACE_NAME",[IN:car_rental [SL:DATE mazuva maviri] [SL:PLACE_NAME Gonarezhou National Park] ],DATE: mazuva maviri $$ PLACE_NAME: Gonarezhou National Park,sna
travel,car_rental,What kind of rental cars are available in the Court area?,12:18:SL:CITY_OR_PROVINCE,[IN:car_rental [SL:CITY_OR_PROVINCE Mutare] ],CITY_OR_PROVINCE: Mutare,sna
travel,car_rental,"In most cases in Harare, how much do the cars for day use usually start at?",18:24:SL:CITY_OR_PROVINCE,[IN:car_rental [SL:CITY_OR_PROVINCE Harare] ],CITY_OR_PROVINCE: Harare,sna
travel,car_rental,I need a 2022 BMW model car and it is a black rental to attend the five-day business conference being held in Rusape.,"43:47:SL:DATE,80:101:SL:CALENDAR_EVENT,118:124:SL:CITY_OR_PROVINCE,128:142:SL:DATE",[IN:car_rental [SL:DATE 2022] [SL:CALENDAR_EVENT musangano webhizimusi] [SL:CITY_OR_PROVINCE Rusape] [SL:DATE mazuva mashanu] ],DATE: 2022 $$ CALENDAR_EVENT: musangano webhizimusi $$ CITY_OR_PROVINCE: Rusape $$ DATE: mazuva mashanu,sna
travel,car_rental,Help me find a car to rent for three days from February 4th and let it be a Mercedes Benz.,37:50:SL:DATE,[IN:car_rental [SL:DATE mazuva matatu] ],DATE: mazuva matatu,sna
travel,car_rental,A rental car would take me to Westgate now.,26:34:SL:PLACE_NAME,[IN:car_rental [SL:PLACE_NAME Westgate] ],PLACE_NAME: Westgate,sna
travel,car_rental,I have a Landcruiser for rent from the 21st to the 28th of this month.,"62:66:SL:DATE,80:90:SL:DATE,91:100:SL:DATE",[IN:car_rental [SL:DATE wa21] [SL:DATE wa28 zvita] [SL:DATE gore rino] ],DATE: wa21 $$ DATE: wa28 zvita $$ DATE: gore rino,sna
travel,car_rental,I need a Rage Rover for rent for Saturday while I'm attending the wedding of Tinashe and Priscilla in Glen Lorne.,"37:45:SL:DATE,65:94:SL:CALENDAR_EVENT,97:107:SL:PLACE_NAME",[IN:car_rental [SL:DATE Mugovera] [SL:CALENDAR_EVENT muchato waTinashe naPriscilla] [SL:PLACE_NAME Glen Lorne] ],DATE: Mugovera $$ CALENDAR_EVENT: muchato waTinashe naPriscilla $$ PLACE_NAME: Glen Lorne,sna
travel,car_rental,I would like to rent any fuel-efficient vehicle that we can use as a family of three to go to Vic Falls from September 18 to 30.,"82:88:SL:NUMBER,98:107:SL:CITY_OR_PROVINCE,119:124:SL:DATE,138:152:SL:DATE",[IN:car_rental [SL:NUMBER vatatu] [SL:CITY_OR_PROVINCE Vic Falls] [SL:DATE wa 18] [SL:DATE wa 30 Gunyana.] ],NUMBER: vatatu $$ CITY_OR_PROVINCE: Vic Falls $$ DATE: wa 18 $$ DATE: wa 30 Gunyana.,sna
travel,car_rental,I want this Golf GTI on Africa Day for the whole day.,33:43:SL:CALENDAR_EVENT,[IN:car_rental [SL:CALENDAR_EVENT Africa Day] ],CALENDAR_EVENT: Africa Day,sna
travel,car_rental,Reserve a rental car for me that can travel through the forests of the Bikita region for a month in April.,"68:74:SL:PLACE_NAME,75:84:SL:DATE,90:98:SL:DATE",[IN:car_rental [SL:PLACE_NAME Bikita] [SL:DATE kwemwedzi] [SL:DATE Kubvumbi] ],PLACE_NAME: Bikita $$ DATE: kwemwedzi $$ DATE: Kubvumbi,sna
travel,car_rental,I would like a car for a few days use from 4 to 7 July in Harare.,"56:59:SL:DATE,73:88:SL:DATE,91:97:SL:CITY_OR_PROVINCE",[IN:car_rental [SL:DATE wa4] [SL:DATE wa 7 Chikunguru] [SL:CITY_OR_PROVINCE Harare] ],DATE: wa4 $$ DATE: wa 7 Chikunguru $$ CITY_OR_PROVINCE: Harare,sna
travel,car_rental,I have decided to look for a Toyota model car for my trip to Bulawayo tomorrow afternoon.,"88:96:SL:CITY_OR_PROVINCE,97:113:SL:DATE",[IN:car_rental [SL:CITY_OR_PROVINCE Bulawayo] [SL:DATE kuswera mangwana] ],CITY_OR_PROVINCE: Bulawayo $$ DATE: kuswera mangwana,sna
travel,car_rental,Also help me find a rental car for less than $50 a day.,"47:57:SL:MONEY,58:64:SL:DATE",[IN:car_rental [SL:MONEY madhora 50] [SL:DATE pazuva] ],MONEY: madhora 50 $$ DATE: pazuva,sna
travel,car_rental,I am about to walk to Chinhoyi and therefore need a rental car.,29:37:SL:CITY_OR_PROVINCE,[IN:car_rental [SL:CITY_OR_PROVINCE Chinhoyi] ],CITY_OR_PROVINCE: Chinhoyi,sna
travel,car_rental,I would like to visit the Hwange National Park and would like to rent a modern car.,32:52:SL:PLACE_NAME,[IN:car_rental [SL:PLACE_NAME Hwange National Park] ],PLACE_NAME: Hwange National Park,sna
travel,car_rental,If I want to rent a car from Showman Tours how do I drive myself.,,[IN:car_rental ],,sna
travel,car_rental,I want to rent a car in Bandura for use on the 3rd of this month.,"24:31:SL:CITY_OR_PROVINCE,49:53:SL:DATE,54:64:SL:DATE",[IN:car_rental [SL:CITY_OR_PROVINCE Bindura] [SL:DATE wa 3] [SL:DATE mwedzi uno] ],CITY_OR_PROVINCE: Bindura $$ DATE: wa 3 $$ DATE: mwedzi uno,sna
travel,car_rental,I need a rental car when I arrive at Victoria Falls International Airport next Sunday.,77:91:SL:DATE,[IN:car_rental [SL:DATE svondo rinouya] ],DATE: svondo rinouya,sna
travel,car_rental,I will be in Kariba on a Defence Forces holiday so can I get a rental car?,"18:24:SL:CITY_OR_PROVINCE,27:50:SL:CALENDAR_EVENT",[IN:car_rental [SL:CITY_OR_PROVINCE Kariba] [SL:CALENDAR_EVENT zororo reDefense Forces] ],CITY_OR_PROVINCE: Kariba $$ CALENDAR_EVENT: zororo reDefense Forces,sna
travel,car_rental,Does Image Car Rental have a Ford model that I can rent this weekend?,77:87:SL:DATE,[IN:car_rental [SL:DATE vhiki rino] ],DATE: vhiki rino,sna
travel,car_rental,Can I rent a car in Chiredzi on the 22nd of April?,"27:35:SL:CITY_OR_PROVINCE,48:62:SL:DATE",[IN:car_rental [SL:CITY_OR_PROVINCE Chiredzi] [SL:DATE wa 22 Kubvumbi] ],CITY_OR_PROVINCE: Chiredzi $$ DATE: wa 22 Kubvumbi,sna
travel,car_rental,I need a rental car that can get to Gweru as soon as possible.,46:51:SL:CITY_OR_PROVINCE,[IN:car_rental [SL:CITY_OR_PROVINCE Gweru] ],CITY_OR_PROVINCE: Gweru,sna
travel,car_rental,I am also looking for a car from Elite Cars for rent for five days from July 4th.,"44:58:SL:DATE,73:85:SL:DATE",[IN:car_rental [SL:DATE mazuva mashanu] [SL:DATE 4 Chikunguru] ],DATE: mazuva mashanu $$ DATE: 4 Chikunguru,sna
travel,car_rental,I also wonder if Avis has a Nissan NP200 for rent for Saturday.,68:76:SL:DATE,[IN:car_rental [SL:DATE Mugovera] ],DATE: Mugovera,sna
travel,car_rental,Find me a rental car here in Harare right now.,"33:39:SL:CITY_OR_PROVINCE,40:48:SL:TIME",[IN:car_rental [SL:CITY_OR_PROVINCE Harare] [SL:TIME ikozvino] ],CITY_OR_PROVINCE: Harare $$ TIME: ikozvino,sna
travel,car_rental,I need a Toyota Hillux model car for rent in Bulawayo for use to go to ZITF.,"49:57:SL:CITY_OR_PROVINCE,80:84:SL:CALENDAR_EVENT",[IN:car_rental [SL:CITY_OR_PROVINCE Bulawayo] [SL:CALENDAR_EVENT ZITF] ],CITY_OR_PROVINCE: Bulawayo $$ CALENDAR_EVENT: ZITF,sna
travel,car_rental,I need a Hummer Limousine to rent for my sister's wedding next month.,"39:65:SL:CALENDAR_EVENT,66:79:SL:DATE",[IN:car_rental [SL:CALENDAR_EVENT muchato we hanzvadzi yangu] [SL:DATE mwedzi unouya] ],CALENDAR_EVENT: muchato we hanzvadzi yangu $$ DATE: mwedzi unouya,sna
travel,car_rental,Find me a decent car at Atlas Car Rental for rent on Wednesday next week.,"73:80:SL:DATE,81:95:SL:DATE",[IN:car_rental [SL:DATE Chitatu] [SL:DATE svondo rinouya] ],DATE: Chitatu $$ DATE: svondo rinouya,sna
travel,car_rental,Are there any car rental services in Gwanda?,12:18:SL:CITY_OR_PROVINCE,[IN:car_rental [SL:CITY_OR_PROVINCE Gwanda] ],CITY_OR_PROVINCE: Gwanda,sna
travel,car_rental,Can I get a Jeep Cherokee for rent from 6 to 10 August?,"53:57:SL:DATE,71:88:SL:DATE",[IN:car_rental [SL:DATE wa 6] [SL:DATE wa 10 Nyamavhuvhu] ],DATE: wa 6 $$ DATE: wa 10 Nyamavhuvhu,sna
travel,car_rental,I am looking for a car hire company in Harare.,69:75:SL:CITY_OR_PROVINCE,[IN:car_rental [SL:CITY_OR_PROVINCE Harare] ],CITY_OR_PROVINCE: Harare,sna
travel,car_rental,I can get a $100 car for rent at Robert Mugabe International Airport,33:44:SL:MONEY,[IN:car_rental [SL:MONEY madhora 100] ],MONEY: madhora 100,sna
travel,car_rental,Can I rent a Ferrari in Harare this month?,"28:34:SL:CITY_OR_PROVINCE,40:50:SL:DATE",[IN:car_rental [SL:CITY_OR_PROVINCE Harare] [SL:DATE mwedzi uno] ],CITY_OR_PROVINCE: Harare $$ DATE: mwedzi uno,sna
travel,car_rental,Find me a Porsche to rent today from noon until sundown.,"29:34:SL:DATE,35:42:SL:TIME,51:62:SL:TIME",[IN:car_rental [SL:DATE nhasi] [SL:TIME maskati] [SL:TIME zuva rovira] ],DATE: nhasi $$ TIME: maskati $$ TIME: zuva rovira,sna
travel,car_rental,Ask Bon Voyage if they have any rental cars at the moment.,,[IN:car_rental ],,sna
travel,car_rental,I am also looking for a Rolls Royce to rent on February 14th.,,[IN:car_rental ],,sna
travel,car_rental,Find me a cheap car to rent on Sunday when I go to church in the afternoons.,"43:49:SL:DATE,76:87:SL:PLACE_NAME",[IN:car_rental [SL:DATE svondo] [SL:PLACE_NAME chitungwiza] ],DATE: svondo $$ PLACE_NAME: chitungwiza,sna
travel,car_rental,Can you help me find a rental car in Gokwe?,46:51:SL:PLACE_NAME,[IN:car_rental [SL:PLACE_NAME Gokwe] ],PLACE_NAME: Gokwe,sna
travel,car_rental,I want to rent a car to go to Muzarabani and back so how much will I need?,33:43:SL:PLACE_NAME,[IN:car_rental [SL:PLACE_NAME Muzarabani] ],PLACE_NAME: Muzarabani,sna
travel,car_rental,Is there a car I can rent on April 3 in Kadoma?,"45:55:SL:DATE,58:64:SL:CITY_OR_PROVINCE",[IN:car_rental [SL:DATE 3 Kubvumbi] [SL:CITY_OR_PROVINCE Kadoma] ],DATE: 3 Kubvumbi $$ CITY_OR_PROVINCE: Kadoma,sna
travel,car_rental,I could get help finding a small rental car in Plumtree.,54:62:SL:CITY_OR_PROVINCE,[IN:car_rental [SL:CITY_OR_PROVINCE Plumtree] ],CITY_OR_PROVINCE: Plumtree,sna
travel,car_rental,Can I rent a Toyota Vitz in Harare from 8 to 16 February?,"34:40:SL:CITY_OR_PROVINCE,52:56:SL:DATE,70:83:SL:DATE",[IN:car_rental [SL:CITY_OR_PROVINCE Harare] [SL:DATE wa 8] [SL:DATE wa 16 Kukadzi] ],CITY_OR_PROVINCE: Harare $$ DATE: wa 8 $$ DATE: wa 16 Kukadzi,sna
travel,car_rental,Where to find a car for rent in Greystone Park?,36:50:SL:PLACE_NAME,[IN:car_rental [SL:PLACE_NAME Greystone Park] ],PLACE_NAME: Greystone Park,sna
travel,car_rental,Help me find a car for six days for $300,"37:45:SL:DATE,63:74:SL:MONEY",[IN:car_rental [SL:DATE mazuva 6] [SL:MONEY madhora 300] ],DATE: mazuva 6 $$ MONEY: madhora 300,sna
travel,car_rental,Book a rental car for me on Wednesday in Chinhoyi.,"31:38:SL:DATE,41:49:SL:CITY_OR_PROVINCE",[IN:car_rental [SL:DATE Chitatu] [SL:CITY_OR_PROVINCE Chinhoyi] ],DATE: Chitatu $$ CITY_OR_PROVINCE: Chinhoyi,sna
travel,car_rental,Help me with the names of people who rent small cars in Harare.,52:58:SL:CITY_OR_PROVINCE,[IN:car_rental [SL:CITY_OR_PROVINCE Harare] ],CITY_OR_PROVINCE: Harare,sna
travel,car_rental,I am about to rent a car for three days while I visit Bhola.,"39:52:SL:DATE,73:78:SL:PLACE_NAME",[IN:car_rental [SL:DATE mazuva matatu] [SL:PLACE_NAME Bhora] ],DATE: mazuva matatu $$ PLACE_NAME: Bhora,sna
travel,car_rental,I would like to rent a small and grey car in Bulawayo from 2nd to 14th February.,"44:52:SL:CITY_OR_PROVINCE,63:67:SL:DATE,81:94:SL:DATE",[IN:car_rental [SL:CITY_OR_PROVINCE Bulawayo] [SL:DATE wa 2] [SL:DATE wa 14 Kukadzi] ],CITY_OR_PROVINCE: Bulawayo $$ DATE: wa 2 $$ DATE: wa 14 Kukadzi,sna
travel,car_rental,"I have to land at Victoria Falls International Airport tomorrow afternoon, so I need to rent a car for the week.","18:26:SL:DATE,27:35:SL:TIME,120:128:SL:DATE",[IN:car_rental [SL:DATE mangwana] [SL:TIME masikati] [SL:DATE kwevhiki] ],DATE: mangwana $$ TIME: masikati $$ DATE: kwevhiki,sna
travel,car_rental,Someone can get me a truck before 3:30 p.m.,45:62:SL:TIME,[IN:car_rental [SL:TIME dza 3:30 masikati] ],TIME: dza 3:30 masikati,sna
travel,car_rental,I plan to rent a very expensive car but I don't know how to drive it.,,[IN:car_rental ],,sna
travel,car_rental,I am looking for a Porsche for rent so help me with the information I can get in Harare.,86:92:SL:CITY_OR_PROVINCE,[IN:car_rental [SL:CITY_OR_PROVINCE Harare] ],CITY_OR_PROVINCE: Harare,sna
travel,car_rental,Save a Ford model car for me to rent when I go on holiday with my family to Hwange in November this year.,"84:90:SL:CITY_OR_PROVINCE,96:112:SL:DATE",[IN:car_rental [SL:CITY_OR_PROVINCE Hwange] [SL:DATE Mbudzi gore rino] ],CITY_OR_PROVINCE: Hwange $$ DATE: Mbudzi gore rino,sna
travel,car_rental,See if there is a G Wagon model available for me to rent on June 20 at Marondera.,"14:23:SL:CITY_OR_PROVINCE,79:89:SL:DATE",[IN:car_rental [SL:CITY_OR_PROVINCE Marondera] [SL:DATE 20 Chikumi] ],CITY_OR_PROVINCE: Marondera $$ DATE: 20 Chikumi,sna
travel,car_rental,I wonder if Avis has a car for rent under $80 a day from 8 to 17 March.,"54:64:SL:MONEY,88:91:SL:DATE,105:117:SL:DATE",[IN:car_rental [SL:MONEY madhora 80] [SL:DATE wa8] [SL:DATE wa 17 Kurume] ],MONEY: madhora 80 $$ DATE: wa8 $$ DATE: wa 17 Kurume,sna
travel,car_rental,I rented a car in Kwekwe for the Hillux brand today.,"17:23:SL:CITY_OR_PROVINCE,42:47:SL:DATE",[IN:car_rental [SL:CITY_OR_PROVINCE Kwekwe] [SL:DATE nhasi] ],CITY_OR_PROVINCE: Kwekwe $$ DATE: nhasi,sna
travel,car_rental,I booked a rental car in Masvingo for two weeks starting on October 4.,"30:38:SL:CITY_OR_PROVINCE,42:56:SL:DATE,70:83:SL:DATE",[IN:car_rental [SL:CITY_OR_PROVINCE Masvingo] [SL:DATE mavhiki maviri] [SL:DATE wa 4 Gumiguru] ],CITY_OR_PROVINCE: Masvingo $$ DATE: mavhiki maviri $$ DATE: wa 4 Gumiguru,sna
travel,car_rental,"Can I get a small, brown car for rent in Beatbridge?",60:70:SL:CITY_OR_PROVINCE,[IN:car_rental [SL:CITY_OR_PROVINCE Beitbridge] ],CITY_OR_PROVINCE: Beitbridge,sna
travel,car_rental,Where in the city of Harare can you find car hire services?,30:36:SL:CITY_OR_PROVINCE,[IN:car_rental [SL:CITY_OR_PROVINCE Harare] ],CITY_OR_PROVINCE: Harare,sna
travel,car_rental,What do wedding car renters usually look for?,,[IN:car_rental ],,sna
travel,car_rental,What do I need to have in order to be allowed to rent a car in Zimbabwe?,69:77:SL:COUNTRY,[IN:car_rental [SL:COUNTRY Zimbabwe] ],COUNTRY: Zimbabwe,sna
travel,car_rental,If I want to rent a car from Elite Car Rentals how do I get there?,,[IN:car_rental ],,sna
travel,exchange_rate,Convert one thousand Zimbabwean ZIGs to US dollars.,"7:21:SL:MONEY,25:33:SL:COUNTRY,42:60:SL:CURRENCY",[IN:exchange_rate [SL:MONEY churu chemaZIG] [SL:COUNTRY Zimbabwe] [SL:CURRENCY madhora ekuAmerica] ],MONEY: churu chemaZIG $$ COUNTRY: Zimbabwe $$ CURRENCY: madhora ekuAmerica,sna
travel,exchange_rate,For a thousand South African Rand how many Nigerian Naira can I get?,"2:18:SL:MONEY,22:34:SL:COUNTRY,48:53:SL:CURRENCY,65:72:SL:COUNTRY",[IN:exchange_rate [SL:MONEY churu chemaRands] [SL:COUNTRY South Africa] [SL:CURRENCY Naira] [SL:COUNTRY Nigeria] ],MONEY: churu chemaRands $$ COUNTRY: South Africa $$ CURRENCY: Naira $$ COUNTRY: Nigeria,sna
travel,exchange_rate,How much is five dollars equal to a pound?,"0:26:SL:MONEY,41:46:SL:CURRENCY,58:65:SL:COUNTRY",[IN:exchange_rate [SL:MONEY Madhora mashanu ekuAmerica] [SL:CURRENCY Pound] [SL:COUNTRY Britain] ],MONEY: Madhora mashanu ekuAmerica $$ CURRENCY: Pound $$ COUNTRY: Britain,sna
travel,exchange_rate,"Find the value of the Zimbabwean ZIG equal to 1,000 Japanese Yen.","13:16:SL:CURRENCY,28:36:SL:COUNTRY,49:64:SL:MONEY,68:73:SL:COUNTRY",[IN:exchange_rate [SL:CURRENCY ZIG] [SL:COUNTRY Zimbabwe] [SL:MONEY churu chema Yen] [SL:COUNTRY Japan] ],CURRENCY: ZIG $$ COUNTRY: Zimbabwe $$ MONEY: churu chema Yen $$ COUNTRY: Japan,sna
travel,exchange_rate,How many Chinese Yen can I get for one Kenyan shilling?,"2:22:SL:MONEY,27:32:SL:COUNTRY,46:49:SL:CURRENCY,61:66:SL:COUNTRY",[IN:exchange_rate [SL:MONEY Shilling rimwe chete] [SL:COUNTRY Kenya] [SL:CURRENCY Yen] [SL:COUNTRY China] ],MONEY: Shilling rimwe chete $$ COUNTRY: Kenya $$ CURRENCY: Yen $$ COUNTRY: China,sna
travel,exchange_rate,How much can I get for one South African rand today?,"0:5:SL:DATE,17:43:SL:CURRENCY,46:62:SL:MONEY,67:79:SL:COUNTRY",[IN:exchange_rate [SL:DATE Nhasi] [SL:CURRENCY madhora mangani ekuAmerica] [SL:MONEY Rand rimwe chete] [SL:COUNTRY South Africa] ],DATE: Nhasi $$ CURRENCY: madhora mangani ekuAmerica $$ MONEY: Rand rimwe chete $$ COUNTRY: South Africa,sna
travel,exchange_rate,How much is one Chinese yen worth to me in Nigerian naira?,"0:15:SL:MONEY,20:25:SL:COUNTRY,38:43:SL:CURRENCY,55:62:SL:COUNTRY",[IN:exchange_rate [SL:MONEY Yen rimwe chete] [SL:COUNTRY China] [SL:CURRENCY Naira] [SL:COUNTRY Nigeria] ],MONEY: Yen rimwe chete $$ COUNTRY: China $$ CURRENCY: Naira $$ COUNTRY: Nigeria,sna
travel,exchange_rate,How many Botswana Pula are there now for one South African Rand?,"11:27:SL:MONEY,32:44:SL:COUNTRY,60:64:SL:CURRENCY,76:84:SL:COUNTRY",[IN:exchange_rate [SL:MONEY Rand rimwe chete] [SL:COUNTRY South Africa] [SL:CURRENCY Pula] [SL:COUNTRY Botswana] ],MONEY: Rand rimwe chete $$ COUNTRY: South Africa $$ CURRENCY: Pula $$ COUNTRY: Botswana,sna
travel,exchange_rate,How much Chinese Yen can I get for one U.S. dollar?,"0:29:SL:MONEY,42:54:SL:CURRENCY",[IN:exchange_rate [SL:MONEY Dhora rimwe chete rekuAmerica] [SL:CURRENCY Yen ekuChina] ],MONEY: Dhora rimwe chete rekuAmerica $$ CURRENCY: Yen ekuChina,sna
travel,exchange_rate,How many Pula are one Nigerian naira?,"0:17:SL:MONEY,22:29:SL:COUNTRY,45:49:SL:CURRENCY",[IN:exchange_rate [SL:MONEY Naira rimwe chete] [SL:COUNTRY Nigeria] [SL:CURRENCY Pula] ],MONEY: Naira rimwe chete $$ COUNTRY: Nigeria $$ CURRENCY: Pula,sna
travel,exchange_rate,How many South African Rands will Zimbabwean ZIG give me if I change with FBC bank?,"0:14:SL:MONEY,18:26:SL:COUNTRY,40:45:SL:CURRENCY,57:69:SL:COUNTRY,98:101:SL:BANK_NAME",[IN:exchange_rate [SL:MONEY Churu chemaZIG] [SL:COUNTRY Zimbabwe] [SL:CURRENCY Rands] [SL:COUNTRY South Africa] [SL:BANK_NAME FBC] ],MONEY: Churu chemaZIG $$ COUNTRY: Zimbabwe $$ CURRENCY: Rands $$ COUNTRY: South Africa $$ BANK_NAME: FBC,sna
travel,exchange_rate,How much do I get for exchanging one Zimbabwean ZIG for Pula?,"27:42:SL:MONEY,47:55:SL:COUNTRY,69:73:SL:CURRENCY",[IN:exchange_rate [SL:MONEY ZIG rimwe chete] [SL:COUNTRY Zimbabwe] [SL:CURRENCY Pula] ],MONEY: ZIG rimwe chete $$ COUNTRY: Zimbabwe $$ CURRENCY: Pula,sna
travel,exchange_rate,How much British Pounds would I get for one American dollar?,"9:38:SL:MONEY,52:58:SL:CURRENCY,70:77:SL:COUNTRY",[IN:exchange_rate [SL:MONEY dhora rimwe chete rekuAmerica] [SL:CURRENCY Pounds] [SL:COUNTRY Britain] ],MONEY: dhora rimwe chete rekuAmerica $$ CURRENCY: Pounds $$ COUNTRY: Britain,sna
travel,exchange_rate,How many Nigerian naira is one pula?,"0:16:SL:MONEY,34:39:SL:CURRENCY,43:50:SL:COUNTRY",[IN:exchange_rate [SL:MONEY Pula rimwe chete] [SL:CURRENCY Naira] [SL:COUNTRY Nigeria] ],MONEY: Pula rimwe chete $$ CURRENCY: Naira $$ COUNTRY: Nigeria,sna
travel,exchange_rate,How much can I get for one U.S. dollar?,"0:31:SL:MONEY,45:50:SL:CURRENCY",[IN:exchange_rate [SL:MONEY Padhora rimwe chete rekuAmerica] [SL:CURRENCY Rands] ],MONEY: Padhora rimwe chete rekuAmerica $$ CURRENCY: Rands,sna
travel,exchange_rate,Tell me how many Polas are equal to one American dollar.,"13:41:SL:MONEY,57:61:SL:CURRENCY",[IN:exchange_rate [SL:MONEY dhora rimwechete rekuAmerica] [SL:CURRENCY Pula] ],MONEY: dhora rimwechete rekuAmerica $$ CURRENCY: Pula,sna
travel,exchange_rate,How much can I exchange 10 US dollars for Zimbabwean ZIG currency?,"0:23:SL:MONEY,63:66:SL:CURRENCY,71:79:SL:COUNTRY",[IN:exchange_rate [SL:MONEY Madhora gumi ekuAmerica] [SL:CURRENCY ZIG] [SL:COUNTRY Zimbabwe] ],MONEY: Madhora gumi ekuAmerica $$ CURRENCY: ZIG $$ COUNTRY: Zimbabwe,sna
travel,exchange_rate,How many South African Rand is one US dollar?,"0:28:SL:MONEY,44:49:SL:CURRENCY,61:73:SL:COUNTRY",[IN:exchange_rate [SL:MONEY Dhora rimwechete rekuAmerica] [SL:CURRENCY Rands] [SL:COUNTRY South Africa] ],MONEY: Dhora rimwechete rekuAmerica $$ CURRENCY: Rands $$ COUNTRY: South Africa,sna
travel,exchange_rate,How much can I earn on the Ten Places?,"2:13:SL:MONEY,25:32:SL:CURRENCY,44:51:SL:COUNTRY",[IN:exchange_rate [SL:MONEY maPula Gumi] [SL:CURRENCY madhora] [SL:COUNTRY America] ],MONEY: maPula Gumi $$ CURRENCY: madhora $$ COUNTRY: America,sna
travel,exchange_rate,How much is one U.S. dollar equal to one Mozambican Meticash?,"0:28:SL:MONEY,44:52:SL:CURRENCY,64:74:SL:COUNTRY",[IN:exchange_rate [SL:MONEY Dhora rimwechete rekuAmerica] [SL:CURRENCY Meticash] [SL:COUNTRY Mozambique] ],MONEY: Dhora rimwechete rekuAmerica $$ CURRENCY: Meticash $$ COUNTRY: Mozambique,sna
travel,exchange_rate,How much U.S. dollars can I get for a thousand South African Rand?,"11:18:SL:CURRENCY,30:37:SL:COUNTRY,40:69:SL:MONEY,73:85:SL:COUNTRY",[IN:exchange_rate [SL:CURRENCY madhora] [SL:COUNTRY America] [SL:MONEY churu chimwe chete chemaRands] [SL:COUNTRY South Africa] ],CURRENCY: madhora $$ COUNTRY: America $$ MONEY: churu chimwe chete chemaRands $$ COUNTRY: South Africa,sna
travel,exchange_rate,How much is five U.S. dollars equal to one Mexican peso?,"0:26:SL:MONEY,41:45:SL:CURRENCY,57:63:SL:COUNTRY",[IN:exchange_rate [SL:MONEY Madhora mashanu ekuAmerica] [SL:CURRENCY Peso] [SL:COUNTRY Mexico] ],MONEY: Madhora mashanu ekuAmerica $$ CURRENCY: Peso $$ COUNTRY: Mexico,sna
travel,exchange_rate,How many Zimbabwean ZIGs would there be in a thousand Botswana Pula?,"12:15:SL:CURRENCY,27:35:SL:COUNTRY,38:53:SL:MONEY,57:65:SL:COUNTRY",[IN:exchange_rate [SL:CURRENCY ZIG] [SL:COUNTRY Zimbabwe] [SL:MONEY churu chemaPula] [SL:COUNTRY Botswana] ],CURRENCY: ZIG $$ COUNTRY: Zimbabwe $$ MONEY: churu chemaPula $$ COUNTRY: Botswana,sna
travel,exchange_rate,How much is five Japanese yen equal to five Chinese yen?,"0:22:SL:MONEY,37:40:SL:CURRENCY,52:57:SL:COUNTRY",[IN:exchange_rate [SL:MONEY MaYen mashanu ekuJapan] [SL:CURRENCY Yen] [SL:COUNTRY China] ],MONEY: MaYen mashanu ekuJapan $$ CURRENCY: Yen $$ COUNTRY: China,sna
travel,exchange_rate,How much would I get for a thousand Mozambican Meticash on the black market?,"12:19:SL:CURRENCY,31:38:SL:COUNTRY,51:70:SL:MONEY,74:84:SL:COUNTRY",[IN:exchange_rate [SL:CURRENCY madhora] [SL:COUNTRY America] [SL:MONEY churu chemaMeticash] [SL:COUNTRY Mozambique] ],CURRENCY: madhora $$ COUNTRY: America $$ MONEY: churu chemaMeticash $$ COUNTRY: Mozambique,sna
travel,exchange_rate,Tell me how many Pula are equal to one Meticash.,"13:33:SL:MONEY,49:53:SL:CURRENCY",[IN:exchange_rate [SL:MONEY Meticash rimwe chete] [SL:CURRENCY Pula] ],MONEY: Meticash rimwe chete $$ CURRENCY: Pula,sna
travel,exchange_rate,How much are USD and Euro worth if I exchange USD on the black market?,"2:5:SL:CURRENCY,11:15:SL:CURRENCY,55:58:SL:CURRENCY",[IN:exchange_rate [SL:CURRENCY USD] [SL:CURRENCY Euro] [SL:CURRENCY USD] ],CURRENCY: USD $$ CURRENCY: Euro $$ CURRENCY: USD,sna
travel,exchange_rate,How many Indian rupees are equal to one U.S. dollar?,"0:29:SL:MONEY,45:51:SL:CURRENCY,63:68:SL:COUNTRY",[IN:exchange_rate [SL:MONEY Dhora rimwe chete rekuAmerica] [SL:CURRENCY Rupees] [SL:COUNTRY India] ],MONEY: Dhora rimwe chete rekuAmerica $$ CURRENCY: Rupees $$ COUNTRY: India,sna
travel,exchange_rate,How much Meticash can I get for one change?,"9:25:SL:MONEY,39:47:SL:CURRENCY",[IN:exchange_rate [SL:MONEY Pula rimwe chete] [SL:CURRENCY Meticash] ],MONEY: Pula rimwe chete $$ CURRENCY: Meticash,sna
travel,exchange_rate,I would also like to know how much ZIGs Zimbabwean is worth to me per Rand.,"23:39:SL:MONEY,52:55:SL:CURRENCY,67:75:SL:COUNTRY",[IN:exchange_rate [SL:MONEY Rand rimwe chete] [SL:CURRENCY ZIG] [SL:COUNTRY Zimbabwe] ],MONEY: Rand rimwe chete $$ CURRENCY: ZIG $$ COUNTRY: Zimbabwe,sna
travel,exchange_rate,Write down how many yen five Meticash gives me.,"13:29:SL:MONEY,41:44:SL:CURRENCY",[IN:exchange_rate [SL:MONEY Meticash mashanu] [SL:CURRENCY Yen] ],MONEY: Meticash mashanu $$ CURRENCY: Yen,sna
travel,exchange_rate,I want to know how many thousand pounds equals Meticash.,"18:34:SL:MONEY,51:59:SL:CURRENCY",[IN:exchange_rate [SL:MONEY churu chemaPound] [SL:CURRENCY Meticash] ],MONEY: churu chemaPound $$ CURRENCY: Meticash,sna
travel,exchange_rate,Write down how much one U.S. dollar is equal to one U.S. dollar.,"11:40:SL:MONEY,56:60:SL:CURRENCY",[IN:exchange_rate [SL:MONEY dhora rimwe chete rekuAmerica] [SL:CURRENCY Rand] ],MONEY: dhora rimwe chete rekuAmerica $$ CURRENCY: Rand,sna
travel,exchange_rate,How many ZIGs in Zimbabwe will give me in Mozambique?,"2:5:SL:CURRENCY,9:17:SL:COUNTRY,29:37:SL:CURRENCY,49:59:SL:COUNTRY",[IN:exchange_rate [SL:CURRENCY ZIG] [SL:COUNTRY Zimbabwe] [SL:CURRENCY Meticash] [SL:COUNTRY Mozambique] ],CURRENCY: ZIG $$ COUNTRY: Zimbabwe $$ CURRENCY: Meticash $$ COUNTRY: Mozambique,sna
travel,exchange_rate,How much are Pula and Pound worth on the black market?,"2:6:SL:CURRENCY,22:27:SL:CURRENCY",[IN:exchange_rate [SL:CURRENCY Pula] [SL:CURRENCY Pound] ],CURRENCY: Pula $$ CURRENCY: Pound,sna
travel,exchange_rate,What is the value of one pound?,"11:28:SL:MONEY,44:48:SL:CURRENCY",[IN:exchange_rate [SL:MONEY Pound rimwe chete] [SL:CURRENCY Rand] ],MONEY: Pound rimwe chete $$ CURRENCY: Rand,sna
travel,exchange_rate,Today how many U.S. dollars can I get for a thousand Meticash?,"0:5:SL:DATE,17:36:SL:MONEY,48:66:SL:CURRENCY",[IN:exchange_rate [SL:DATE Nhasi] [SL:MONEY churu chemaMeticash] [SL:CURRENCY madhora ekuAmerica] ],DATE: Nhasi $$ MONEY: churu chemaMeticash $$ CURRENCY: madhora ekuAmerica,sna
travel,exchange_rate,How many ZIGs is one naira?,"0:17:SL:MONEY,33:36:SL:CURRENCY",[IN:exchange_rate [SL:MONEY Naira rimwe chete] [SL:CURRENCY ZIG] ],MONEY: Naira rimwe chete $$ CURRENCY: ZIG,sna
travel,exchange_rate,How much Pula is today worth to Meticash on the market?,"0:5:SL:DATE,6:10:SL:CURRENCY,32:40:SL:CURRENCY",[IN:exchange_rate [SL:DATE Nhasi] [SL:CURRENCY Pula] [SL:CURRENCY Meticash] ],DATE: Nhasi $$ CURRENCY: Pula $$ CURRENCY: Meticash,sna
travel,exchange_rate,How much is one U.S. dollar worth in the market?,"0:29:SL:MONEY,45:49:SL:CURRENCY",[IN:exchange_rate [SL:MONEY Dhora rekuAmerica rimwe chete] [SL:CURRENCY Rand] ],MONEY: Dhora rekuAmerica rimwe chete $$ CURRENCY: Rand,sna
travel,exchange_rate,How many yuan would I earn if I invested my money in the stock market for three years?,"13:17:SL:CURRENCY,63:76:SL:DATE",[IN:exchange_rate [SL:CURRENCY Yuen] [SL:DATE makore matatu] ],CURRENCY: Yuen $$ DATE: makore matatu,sna
travel,exchange_rate,How many Canadian dollars would the market give me after investing my money for eight years?,"17:34:SL:CURRENCY,82:95:SL:DATE",[IN:exchange_rate [SL:CURRENCY madhora ekuCanada] [SL:DATE makore masere] ],CURRENCY: madhora ekuCanada $$ DATE: makore masere,sna
travel,exchange_rate,How many dollars would I be able to make if I invested my money in the stock market for four years?,"0:7:SL:CURRENCY,36:43:SL:COUNTRY,93:104:SL:DATE",[IN:exchange_rate [SL:CURRENCY Madhora] [SL:COUNTRY America] [SL:DATE makore mana] ],CURRENCY: Madhora $$ COUNTRY: America $$ DATE: makore mana,sna
travel,exchange_rate,How much Canadian dollars would I earn after three years if I invested my money in the stock market?,"0:17:SL:CURRENCY,47:60:SL:DATE",[IN:exchange_rate [SL:CURRENCY Madhora ekuCanada] [SL:DATE makore matatu] ],CURRENCY: Madhora ekuCanada $$ DATE: makore matatu,sna
travel,exchange_rate,How much would I make if I put my money on the stock market in five years?,"11:29:SL:CURRENCY,81:95:SL:DATE",[IN:exchange_rate [SL:CURRENCY madhora ekuAmerica] [SL:DATE makore mashanu] ],CURRENCY: madhora ekuAmerica $$ DATE: makore mashanu,sna
travel,exchange_rate,How many washes are in one U.S. dollar?,"2:8:SL:CURRENCY,23:52:SL:MONEY",[IN:exchange_rate [SL:CURRENCY Kwacha] [SL:MONEY dhora rimwe chete rekuAmerica] ],CURRENCY: Kwacha $$ MONEY: dhora rimwe chete rekuAmerica,sna
travel,exchange_rate,How many Canadian dollars does 15 Kwacha make me?,"0:23:SL:MONEY,33:50:SL:CURRENCY",[IN:exchange_rate [SL:MONEY MaKwacha gumi nemashanu] [SL:CURRENCY madhora ekuCanada] ],MONEY: MaKwacha gumi nemashanu $$ CURRENCY: madhora ekuCanada,sna
travel,exchange_rate,How do Kwachas compare in the marketplace with Meticash?,"2:8:SL:CURRENCY,44:52:SL:CURRENCY",[IN:exchange_rate [SL:CURRENCY Kwacha] [SL:CURRENCY Meticash] ],CURRENCY: Kwacha $$ CURRENCY: Meticash,sna
travel,exchange_rate,Tell me how many Kwachas there are in Zambia compared to one Pula.,"13:29:SL:MONEY,48:54:SL:CURRENCY,58:64:SL:COUNTRY",[IN:exchange_rate [SL:MONEY Pula rimwe chete] [SL:CURRENCY Kwacha] [SL:COUNTRY Zambia] ],MONEY: Pula rimwe chete $$ CURRENCY: Kwacha $$ COUNTRY: Zambia,sna
travel,exchange_rate,How many Pula are there in one K'aw?,"0:18:SL:MONEY,37:41:SL:CURRENCY",[IN:exchange_rate [SL:MONEY Kwacha rimwe chete] [SL:CURRENCY Pula] ],MONEY: Kwacha rimwe chete $$ CURRENCY: Pula,sna
travel,exchange_rate,How many Mexican pesos can I get for a thousand Canadian dollars?,"0:26:SL:MONEY,40:44:SL:CURRENCY,56:62:SL:COUNTRY",[IN:exchange_rate [SL:MONEY Churu chemadhora ekuCanada] [SL:CURRENCY Peso] [SL:COUNTRY Mexico] ],MONEY: Churu chemadhora ekuCanada $$ CURRENCY: Peso $$ COUNTRY: Mexico,sna
travel,exchange_rate,Write down how many yen are equal to eight Pula.,"13:16:SL:CURRENCY,37:50:SL:MONEY",[IN:exchange_rate [SL:CURRENCY Yen] [SL:MONEY maPula masere] ],CURRENCY: Yen $$ MONEY: maPula masere,sna
travel,exchange_rate,How much is 10 Canadian dollars compared to the U.S. dollar?,"0:22:SL:MONEY,38:45:SL:CURRENCY,57:64:SL:COUNTRY",[IN:exchange_rate [SL:MONEY Madhora gumi ekuCanada] [SL:CURRENCY madhora] [SL:COUNTRY America] ],MONEY: Madhora gumi ekuCanada $$ CURRENCY: madhora $$ COUNTRY: America,sna
travel,exchange_rate,How many Meticash can I get for a thousand dollars?,"2:10:SL:CURRENCY,33:49:SL:MONEY",[IN:exchange_rate [SL:CURRENCY Meticash] [SL:MONEY churu chemaRands] ],CURRENCY: Meticash $$ MONEY: churu chemaRands,sna
travel,exchange_rate,"How many dollars is $5,000 worth of dollars in the market?","0:36:SL:MONEY,53:58:SL:CURRENCY",[IN:exchange_rate [SL:MONEY Zvuru zvishanu zvemadhora ekuAmerica] [SL:CURRENCY Rands] ],MONEY: Zvuru zvishanu zvemadhora ekuAmerica $$ CURRENCY: Rands,sna
travel,exchange_rate,How much is the Canadian dollar compared to the Japanese yen?,"0:17:SL:CURRENCY,44:56:SL:CURRENCY",[IN:exchange_rate [SL:CURRENCY Madhora ekuCanada] [SL:CURRENCY Yen ekuJapan] ],CURRENCY: Madhora ekuCanada $$ CURRENCY: Yen ekuJapan,sna
travel,exchange_rate,How much Canadian dollars can I get for $4?,"0:7:SL:CURRENCY,19:25:SL:COUNTRY,40:63:SL:MONEY",[IN:exchange_rate [SL:CURRENCY Madhora] [SL:COUNTRY Canada] [SL:MONEY madhora mana ekuAmerica] ],CURRENCY: Madhora $$ COUNTRY: Canada $$ MONEY: madhora mana ekuAmerica,sna
travel,exchange_rate,How many Pula's do I get for eight Japanese Yen?,"13:17:SL:CURRENCY,28:49:SL:MONEY",[IN:exchange_rate [SL:CURRENCY Pula] [SL:MONEY maYen ekuJapan masere] ],CURRENCY: Pula $$ MONEY: maYen ekuJapan masere,sna
travel,exchange_rate,How much American dollars would I get for changing 100 Meticash in the Steward's bank?,"11:18:SL:CURRENCY,30:37:SL:COUNTRY,50:67:SL:MONEY,79:86:SL:BANK_NAME",[IN:exchange_rate [SL:CURRENCY madhora] [SL:COUNTRY America] [SL:MONEY zana remaMeticash] [SL:BANK_NAME Steward] ],CURRENCY: madhora $$ COUNTRY: America $$ MONEY: zana remaMeticash $$ BANK_NAME: Steward,sna
travel,exchange_rate,How many pesos do I get for a thousand yuan?,"12:16:SL:CURRENCY,27:42:SL:MONEY",[IN:exchange_rate [SL:CURRENCY Peso] [SL:MONEY churu chemaYuan] ],CURRENCY: Peso $$ MONEY: churu chemaYuan,sna
travel,exchange_rate,What is the current market situation when comparing Pula with Meticash?,"0:5:SL:DATE,25:29:SL:CURRENCY,32:40:SL:CURRENCY",[IN:exchange_rate [SL:DATE Nhasi] [SL:CURRENCY Pula] [SL:CURRENCY Meticash] ],DATE: Nhasi $$ CURRENCY: Pula $$ CURRENCY: Meticash,sna
travel,exchange_rate,How many dollars can I get for a single Pula?,"13:18:SL:CURRENCY,31:47:SL:MONEY",[IN:exchange_rate [SL:CURRENCY Rands] [SL:MONEY Pula rimwe chete] ],CURRENCY: Rands $$ MONEY: Pula rimwe chete,sna
travel,exchange_rate,How much is the British pound worth today in the market against the Japanese yen?,"0:17:SL:CURRENCY,46:51:SL:DATE,69:72:SL:CURRENCY,77:82:SL:COUNTRY",[IN:exchange_rate [SL:CURRENCY Pound rekuBritain] [SL:DATE nhasi] [SL:CURRENCY Yen] [SL:COUNTRY Japan] ],CURRENCY: Pound rekuBritain $$ DATE: nhasi $$ CURRENCY: Yen $$ COUNTRY: Japan,sna
travel,exchange_rate,Write down the value of one Mexican peso in U.S. dollars.,"11:38:SL:MONEY,55:62:SL:CURRENCY,74:81:SL:COUNTRY",[IN:exchange_rate [SL:MONEY Peso rimwe chete rekuMexico] [SL:CURRENCY madhora] [SL:COUNTRY America] ],MONEY: Peso rimwe chete rekuMexico $$ CURRENCY: madhora $$ COUNTRY: America,sna
travel,exchange_rate,How much Chinese yuan does one U.S. dollar buy?,"0:29:SL:MONEY,42:46:SL:CURRENCY,50:55:SL:COUNTRY",[IN:exchange_rate [SL:MONEY Dhora rimwe chete rekuAmerica] [SL:CURRENCY Yuen] [SL:COUNTRY China] ],MONEY: Dhora rimwe chete rekuAmerica $$ CURRENCY: Yuen $$ COUNTRY: China,sna
travel,exchange_rate,I would like to know how much one Pula is worth in Rands.,"20:36:SL:MONEY,55:60:SL:CURRENCY",[IN:exchange_rate [SL:MONEY Pula rimwe chete] [SL:CURRENCY Rands] ],MONEY: Pula rimwe chete $$ CURRENCY: Rands,sna
travel,exchange_rate,Change five Euros to American currency.,"9:21:SL:MONEY,41:48:SL:COUNTRY",[IN:exchange_rate [SL:MONEY Euro mashanu] [SL:COUNTRY America] ],MONEY: Euro mashanu $$ COUNTRY: America,sna
travel,exchange_rate,Tell me how much one Rand is compared to Meticash.,"13:29:SL:MONEY,55:63:SL:CURRENCY",[IN:exchange_rate [SL:MONEY Rand rimwe chete] [SL:CURRENCY Meticash] ],MONEY: Rand rimwe chete $$ CURRENCY: Meticash,sna
travel,exchange_rate,Tell me how many dollars a Pula buys on the black market.,"13:29:SL:MONEY,42:47:SL:CURRENCY",[IN:exchange_rate [SL:MONEY Pula rimwe chete] [SL:CURRENCY Rands] ],MONEY: Pula rimwe chete $$ CURRENCY: Rands,sna
travel,exchange_rate,Change the Zambian currency to Portuguese and tell me how much it is.,"16:22:SL:COUNTRY,41:49:SL:COUNTRY",[IN:exchange_rate [SL:COUNTRY Zambia] [SL:COUNTRY Portugal] ],COUNTRY: Zambia $$ COUNTRY: Portugal,sna
travel,exchange_rate,How much does Zimbabwe's currency weigh against China's?,"15:23:SL:COUNTRY,57:62:SL:COUNTRY",[IN:exchange_rate [SL:COUNTRY Zimbabwe] [SL:COUNTRY China] ],COUNTRY: Zimbabwe $$ COUNTRY: China,sna
travel,exchange_rate,How many dollars are in a thousand pounds?,0:7:SL:CURRENCY,[IN:exchange_rate [SL:CURRENCY Madhora] ],CURRENCY: Madhora,sna
travel,exchange_rate,"How much are 1,000 pesos equal to 1,000 yen?","0:15:SL:MONEY,32:35:SL:CURRENCY",[IN:exchange_rate [SL:MONEY Churu chemaPeso] [SL:CURRENCY Yen] ],MONEY: Churu chemaPeso $$ CURRENCY: Yen,sna
travel,exchange_rate,How many Euros are exchanged for Yen at a bank?,"2:6:SL:CURRENCY,26:29:SL:CURRENCY",[IN:exchange_rate [SL:CURRENCY Euro] [SL:CURRENCY Yen] ],CURRENCY: Euro $$ CURRENCY: Yen,sna
travel,exchange_rate,Write down how much the Mexican peso is worth to the U.S. dollar.,"11:40:SL:MONEY,56:60:SL:CURRENCY,72:78:SL:COUNTRY",[IN:exchange_rate [SL:MONEY dhora rimwe chete rekuAmerica] [SL:CURRENCY Peso] [SL:COUNTRY Mexico] ],MONEY: dhora rimwe chete rekuAmerica $$ CURRENCY: Peso $$ COUNTRY: Mexico,sna
travel,exchange_rate,How many Botswana Pula are equal to one Zimbabwean ZIG?,"0:15:SL:MONEY,20:28:SL:COUNTRY,44:48:SL:CURRENCY,60:68:SL:COUNTRY",[IN:exchange_rate [SL:MONEY ZIG rimwe chete] [SL:COUNTRY Zimbabwe] [SL:CURRENCY Pula] [SL:COUNTRY Botswana] ],MONEY: ZIG rimwe chete $$ COUNTRY: Zimbabwe $$ CURRENCY: Pula $$ COUNTRY: Botswana,sna
travel,exchange_rate,Zimbabwe to exchange South African Rand for what?,"8:16:SL:COUNTRY,29:34:SL:CURRENCY,38:50:SL:COUNTRY",[IN:exchange_rate [SL:COUNTRY Zimbabwe] [SL:CURRENCY Rands] [SL:COUNTRY South Africa] ],COUNTRY: Zimbabwe $$ CURRENCY: Rands $$ COUNTRY: South Africa,sna
travel,exchange_rate,How much Meticash will 10 Pula give me if I change to CBZ bank?,"0:11:SL:MONEY,26:34:SL:CURRENCY,69:72:SL:BANK_NAME",[IN:exchange_rate [SL:MONEY MaPula gumi] [SL:CURRENCY Meticash] [SL:BANK_NAME CBZ] ],MONEY: MaPula gumi $$ CURRENCY: Meticash $$ BANK_NAME: CBZ,sna
travel,exchange_rate,How much is 10 U.S. dollars equal to the Nigerian naira?,"0:23:SL:MONEY,38:43:SL:CURRENCY,55:62:SL:COUNTRY",[IN:exchange_rate [SL:MONEY Madhora gumi ekuAmerica] [SL:CURRENCY Naira] [SL:COUNTRY Nigeria] ],MONEY: Madhora gumi ekuAmerica $$ CURRENCY: Naira $$ COUNTRY: Nigeria,sna
travel,exchange_rate,How many Mozambique Meticash can I get for 100 South African Rands?,"13:21:SL:CURRENCY,33:43:SL:COUNTRY,46:60:SL:MONEY,64:76:SL:COUNTRY",[IN:exchange_rate [SL:CURRENCY Meticash] [SL:COUNTRY Mozambique] [SL:MONEY zana remaRands] [SL:COUNTRY South Africa] ],CURRENCY: Meticash $$ COUNTRY: Mozambique $$ MONEY: zana remaRands $$ COUNTRY: South Africa,sna
travel,international_visa,"If I want to go to Tokyo, what kind of visa is required?",23:28:SL:CITY_OR_PROVINCE,[IN:international_visa [SL:CITY_OR_PROVINCE Tokyo] ],CITY_OR_PROVINCE: Tokyo,sna
travel,international_visa,What kind of visa do those who wish to see the Pyramids of Giza need to visit this site in Egypt? ,"20:35:SL:PLACE_NAME,95:100:SL:COUNTRY",[IN:international_visa [SL:PLACE_NAME Pyramid of Giza] [SL:COUNTRY Egypt] ],PLACE_NAME: Pyramid of Giza $$ COUNTRY: Egypt,sna
travel,international_visa,Do I need a tourist visa to travel to Algeria?,53:60:SL:COUNTRY,[IN:international_visa [SL:COUNTRY Algeria] ],COUNTRY: Algeria,sna
travel,international_visa,Will a trip by boat from Cape Town to Ethiopia require a visa?,"33:42:SL:CITY_OR_PROVINCE,55:63:SL:COUNTRY",[IN:international_visa [SL:CITY_OR_PROVINCE Cape Town] [SL:COUNTRY Ethiopia] ],CITY_OR_PROVINCE: Cape Town $$ COUNTRY: Ethiopia,sna
travel,international_visa,Would Rwanda require me to have a tourist visa if I want to go there?,0:6:SL:COUNTRY,[IN:international_visa [SL:COUNTRY Rwanda] ],COUNTRY: Rwanda,sna
travel,international_visa,I am thinking of planning a trip to the Bahamas so what kind of visa is required for my visit?,41:48:SL:COUNTRY,[IN:international_visa [SL:COUNTRY Bahamas] ],COUNTRY: Bahamas,sna
travel,international_visa,"As a citizen of Zimbabwe, under what circumstances do I need a visa?",13:21:SL:COUNTRY,[IN:international_visa [SL:COUNTRY Zimbabwe] ],COUNTRY: Zimbabwe,sna
travel,international_visa,"Since Zambia is in the Commonwealth, do Zambian students need a travel visa to travel to Germany?","0:6:SL:COUNTRY,89:96:SL:COUNTRY",[IN:international_visa [SL:COUNTRY Zambia] [SL:COUNTRY Germany] ],COUNTRY: Zambia $$ COUNTRY: Germany,sna
travel,international_visa,"If I plan to live in France, do I need a visa to enter there?",22:28:SL:COUNTRY,[IN:international_visa [SL:COUNTRY France] ],COUNTRY: France,sna
travel,international_visa,Write down all the legal requirements that I must meet in order to apply to the Croatian Embassy in order to be able to go to Croatia as a worker. ,141:148:SL:COUNTRY,[IN:international_visa [SL:COUNTRY Croatia] ],COUNTRY: Croatia,sna
travel,international_visa,Tell me what I need to do to get a visa to enter Greece as a tourist?,60:66:SL:COUNTRY,[IN:international_visa [SL:COUNTRY Greece] ],COUNTRY: Greece,sna
travel,international_visa,"If I want to travel to Mumbai, am I allowed to book a seat on the Emirates flight before I get a visa?",23:29:SL:CITY_OR_PROVINCE,[IN:international_visa [SL:CITY_OR_PROVINCE Mumbai] ],CITY_OR_PROVINCE: Mumbai,sna
travel,international_visa,Does Portugal allow for travel visas?,0:8:SL:COUNTRY,[IN:international_visa [SL:COUNTRY Portugal] ],COUNTRY: Portugal,sna
travel,international_visa,Tell me what I need to have to get a tourist visa to Colombia as a Zimbabwean citizen.,"66:74:SL:COUNTRY,88:96:SL:COUNTRY",[IN:international_visa [SL:COUNTRY Colombia] [SL:COUNTRY Zimbabwe] ],COUNTRY: Colombia $$ COUNTRY: Zimbabwe,sna
travel,international_visa,Am I ever thinking of going to the Vatican and therefore needing a visa?,26:33:SL:COUNTRY,[IN:international_visa [SL:COUNTRY Vatican] ],COUNTRY: Vatican,sna
travel,international_visa,Is an overseas visa required if I want to travel to the Russian city of Moscow?,"80:86:SL:CITY_OR_PROVINCE,94:100:SL:COUNTRY",[IN:international_visa [SL:CITY_OR_PROVINCE Moscow] [SL:COUNTRY Russia] ],CITY_OR_PROVINCE: Moscow $$ COUNTRY: Russia,sna
travel,international_visa,"If I want to visit Madagascar, will I need a visa?",27:37:SL:COUNTRY,[IN:international_visa [SL:COUNTRY Madagascar] ],COUNTRY: Madagascar,sna
travel,international_visa,Do I need a visa to enter South American countries such as Brazil?,74:80:SL:COUNTRY,[IN:international_visa [SL:COUNTRY Brazil] ],COUNTRY: Brazil,sna
travel,international_visa,"Also, name five countries in Africa that I can visit without a visa.",18:23:SL:NUMBER,[IN:international_visa [SL:NUMBER shanu] ],NUMBER: shanu,sna
travel,international_visa,Do I need a visa to go to South Korea?,0:11:SL:COUNTRY,[IN:international_visa [SL:COUNTRY South Korea] ],COUNTRY: South Korea,sna
travel,international_visa,How long is a visa valid for visiting relatives and friends in Germany?,17:24:SL:COUNTRY,[IN:international_visa [SL:COUNTRY Germany] ],COUNTRY: Germany,sna
travel,international_visa,Do I need a visa to enter Mexico?,0:6:SL:COUNTRY,[IN:international_visa [SL:COUNTRY Mexico] ],COUNTRY: Mexico,sna
travel,international_visa,Do I plan to buy goods in Dubai where a transit visa is required?,"21:27:SL:SHOPPING_ITEM,30:35:SL:CITY_OR_PROVINCE",[IN:international_visa [SL:SHOPPING_ITEM nhumbi] [SL:CITY_OR_PROVINCE Dubai] ],SHOPPING_ITEM: nhumbi $$ CITY_OR_PROVINCE: Dubai,sna
travel,international_visa,"If I get a job in South Africa, what kind of visa do I need to work there?",22:34:SL:COUNTRY,[IN:international_visa [SL:COUNTRY South Africa] ],COUNTRY: South Africa,sna
travel,international_visa,Are visitors to Mount Kilimanjaro even allowed to visit without a visa?,15:33:SL:PLACE_NAME,[IN:international_visa [SL:PLACE_NAME gomo reKilimanjaro] ],PLACE_NAME: gomo reKilimanjaro,sna
travel,international_visa,"Worldwide, if I want to visit any country, how many earth days on earth do I have?",,[IN:international_visa ],,sna
travel,international_visa,Give me the names of all the countries in Europe that allow me to travel without a visa.,,[IN:international_visa ],,sna
travel,international_visa,What are the requirements for a visa to work in Australia as a trainer?,38:47:SL:COUNTRY,[IN:international_visa [SL:COUNTRY Australia] ],COUNTRY: Australia,sna
travel,international_visa,What does Spain require and how much do I have to pay for a visa?,0:5:SL:COUNTRY,[IN:international_visa [SL:COUNTRY Spain] ],COUNTRY: Spain,sna
travel,international_visa,I am planning to go to the Caribbean Islands for a vacation so what kind of visa would be required?,29:46:SL:PLACE_NAME,[IN:international_visa [SL:PLACE_NAME Carribean Islands] ],PLACE_NAME: Carribean Islands,sna
travel,international_visa,Do British citizens need a tourist visa to enter Cyprus?,"11:18:SL:COUNTRY,63:69:SL:COUNTRY",[IN:international_visa [SL:COUNTRY England] [SL:COUNTRY Cyprus] ],COUNTRY: England $$ COUNTRY: Cyprus,sna
travel,international_visa,"If I am deprived of a month on a tourist visa to Colombia, will I be allowed to return after two weeks with the same visa?","16:22:SL:DATE,45:53:SL:COUNTRY,73:87:SL:DATE",[IN:international_visa [SL:DATE mwedzi] [SL:COUNTRY Colombia] [SL:DATE mavhiki maviri] ],DATE: mwedzi $$ COUNTRY: Colombia $$ DATE: mavhiki maviri,sna
travel,international_visa,Do I need a visa to travel to the United States of America if I want to visit there this summer?,"41:65:SL:COUNTRY,96:102:SL:DATE,103:112:SL:DATE",[IN:international_visa [SL:COUNTRY United States of America] [SL:DATE zhizha] [SL:DATE gore rino] ],COUNTRY: United States of America $$ DATE: zhizha $$ DATE: gore rino,sna
travel,international_visa,Do I need a visa to enter Poland?,50:56:SL:COUNTRY,[IN:international_visa [SL:COUNTRY Poland] ],COUNTRY: Poland,sna
travel,international_visa,"If I get a job in the UK, in Bristol as a stonemason, will I need a visa to travel there?","17:19:SL:COUNTRY,23:30:SL:CITY_OR_PROVINCE",[IN:international_visa [SL:COUNTRY UK] [SL:CITY_OR_PROVINCE Bristol] ],COUNTRY: UK $$ CITY_OR_PROVINCE: Bristol,sna
travel,international_visa,"I was invited to a wedding in August in Texas, U.S.A., so what kind of visa is needed to visit my relatives?","23:34:SL:DATE,37:42:SL:CITY_OR_PROVINCE,45:48:SL:COUNTRY",[IN:international_visa [SL:DATE Nyamavhuvhu] [SL:CITY_OR_PROVINCE Texas] [SL:COUNTRY USA] ],DATE: Nyamavhuvhu $$ CITY_OR_PROVINCE: Texas $$ COUNTRY: USA,sna
travel,international_visa,Are young children under two years old allowed to visit the Hampshire town without a travel visa?,"31:37:SL:NUMBER,69:78:SL:CITY_OR_PROVINCE",[IN:international_visa [SL:NUMBER maviri] [SL:CITY_OR_PROVINCE Hampshire] ],NUMBER: maviri $$ CITY_OR_PROVINCE: Hampshire,sna
travel,international_visa,What kind of visa does Saudi Arabia accept for Zimbabwean citizens?,"10:22:SL:COUNTRY,46:54:SL:COUNTRY",[IN:international_visa [SL:COUNTRY Saudi Arabia] [SL:COUNTRY Zimbabwe] ],COUNTRY: Saudi Arabia $$ COUNTRY: Zimbabwe,sna
travel,international_visa,I am thinking of reaching Canada and therefore requesting a visa that would allow me to visit for four months.,"24:30:SL:COUNTRY,93:104:SL:DATE",[IN:international_visa [SL:COUNTRY Canada] [SL:DATE mwedzi wese] ],COUNTRY: Canada $$ DATE: mwedzi wese,sna
travel,international_visa,Do I need a visa to travel to Thailand?,28:36:SL:COUNTRY,[IN:international_visa [SL:COUNTRY Thailand] ],COUNTRY: Thailand,sna
travel,international_visa,Do I need a visa to travel to Italy to buy a car?,40:45:SL:COUNTRY,[IN:international_visa [SL:COUNTRY Italy] ],COUNTRY: Italy,sna
travel,international_visa,Do I need a visa just to leave the country by air?,,[IN:international_visa ],,sna
travel,international_visa,"If I drive my car from this country to Tanzania, do I need a visa to cross the border?",71:79:SL:COUNTRY,[IN:international_visa [SL:COUNTRY Tanzania] ],COUNTRY: Tanzania,sna
travel,international_visa,"If I find a job in Scotland, will my family need a travel visa to visit me for the Christmas holiday?","22:30:SL:COUNTRY,111:119:SL:CALENDAR_EVENT",[IN:international_visa [SL:COUNTRY Scotland] [SL:CALENDAR_EVENT Kisimusi] ],COUNTRY: Scotland $$ CALENDAR_EVENT: Kisimusi,sna
travel,international_visa,"I plan to visit the Grand Canyon next year during Easter vacation, how long will it take to get a visa?","24:36:SL:PLACE_NAME,37:49:SL:DATE,61:67:SL:CALENDAR_EVENT",[IN:international_visa [SL:PLACE_NAME Grand Canyon] [SL:DATE gore rinouya] [SL:CALENDAR_EVENT Paseka] ],PLACE_NAME: Grand Canyon $$ DATE: gore rinouya $$ CALENDAR_EVENT: Paseka,sna
travel,international_visa,Do I need to write to the British Embassy if I want to obtain a visa to Wales? ,97:102:SL:COUNTRY,[IN:international_visa [SL:COUNTRY Wales] ],COUNTRY: Wales,sna
travel,international_visa,Who should I contact if I need a visa to New Zealand?,55:66:SL:COUNTRY,[IN:international_visa [SL:COUNTRY New Zealand] ],COUNTRY: New Zealand,sna
travel,international_visa,Who do I contact if I need a visa to enter China?,48:53:SL:COUNTRY,[IN:international_visa [SL:COUNTRY China] ],COUNTRY: China,sna
travel,international_visa,"If I want to enter the United States as a refugee, do I need a visa?",23:30:SL:COUNTRY,[IN:international_visa [SL:COUNTRY America] ],COUNTRY: America,sna
travel,international_visa,"If I become a Zambian citizen, do I need a visa to travel to Canada?","34:40:SL:COUNTRY,84:90:SL:COUNTRY",[IN:international_visa [SL:COUNTRY Zambia] [SL:COUNTRY Canada] ],COUNTRY: Zambia $$ COUNTRY: Canada,sna
travel,international_visa,Would I be traveling abroad without a valid visa?,,[IN:international_visa ],,sna
travel,international_visa,Are there any countries in Africa that require a visa to enter?,,[IN:international_visa ],,sna
travel,international_visa,I am planning to visit Australia but I have heard that a visa is required to travel overseas. Please explain what a visa is and what I need? ,27:36:SL:COUNTRY,[IN:international_visa [SL:COUNTRY Australia] ],COUNTRY: Australia,sna
travel,international_visa,Do I need a visa to travel to the Congo?,40:45:SL:COUNTRY,[IN:international_visa [SL:COUNTRY Congo] ],COUNTRY: Congo,sna
travel,international_visa,Do I need a visa to enter Kenya?,16:21:SL:COUNTRY,[IN:international_visa [SL:COUNTRY Kenya] ],COUNTRY: Kenya,sna
travel,international_visa,Do they need a visa to travel to Dar es Salaam to pick up Japanese cars?,"11:24:SL:CITY_OR_PROVINCE,54:59:SL:COUNTRY",[IN:international_visa [SL:CITY_OR_PROVINCE Dar es Salaam] [SL:COUNTRY Japan] ],CITY_OR_PROVINCE: Dar es Salaam $$ COUNTRY: Japan,sna
travel,international_visa,Do I need a visa for overseas if I plan to go on holiday to Monaco?,29:35:SL:CITY_OR_PROVINCE,[IN:international_visa [SL:CITY_OR_PROVINCE Monaco] ],CITY_OR_PROVINCE: Monaco,sna
travel,international_visa,Will Cuba allow me to visit without a tourist visa? ,0:4:SL:COUNTRY,[IN:international_visa [SL:COUNTRY Cuba] ],COUNTRY: Cuba,sna
travel,international_visa,How much will it cost to apply for a visa to Sydney?,89:95:SL:CITY_OR_PROVINCE,[IN:international_visa [SL:CITY_OR_PROVINCE Sydney] ],CITY_OR_PROVINCE: Sydney,sna
travel,international_visa,"If I decide to visit India during the festival, will I need a travel visa?","22:27:SL:COUNTRY,38:44:SL:CALENDAR_EVENT",[IN:international_visa [SL:COUNTRY India] [SL:CALENDAR_EVENT dewali] ],COUNTRY: India $$ CALENDAR_EVENT: dewali,sna
travel,international_visa,"Please advise me on how to apply for a visa to visit the United States of America, especially if I want to go to New York.","69:93:SL:COUNTRY,128:136:SL:CITY_OR_PROVINCE",[IN:international_visa [SL:COUNTRY United States of America] [SL:CITY_OR_PROVINCE New York] ],COUNTRY: United States of America $$ CITY_OR_PROVINCE: New York,sna
travel,international_visa,Do SADC countries require a tourist visa for their citizens to visit each other in person?,,[IN:international_visa ],,sna
travel,international_visa,Do I need a visa to visit Namibia?,31:38:SL:COUNTRY,[IN:international_visa [SL:COUNTRY Namibia] ],COUNTRY: Namibia,sna
travel,international_visa,What do I need to qualify for a visa to travel overseas?,,[IN:international_visa ],,sna
travel,international_visa,What kind of visa is required to visit Taiwan?,2:8:SL:COUNTRY,[IN:international_visa [SL:COUNTRY Taiwan] ],COUNTRY: Taiwan,sna
travel,international_visa,"If I plan to travel to Sweden, what do they require for a visa to visit their country?",37:43:SL:COUNTRY,[IN:international_visa [SL:COUNTRY Sweden] ],COUNTRY: Sweden,sna
travel,international_visa,"If I plan to attend church in Ghana next Sunday, would I need a visa to travel?","30:35:SL:COUNTRY,36:49:SL:DATE,59:65:SL:DATE",[IN:international_visa [SL:COUNTRY Ghana] [SL:DATE vhiki rinouya] [SL:DATE svondo] ],COUNTRY: Ghana $$ DATE: vhiki rinouya $$ DATE: svondo,sna
travel,international_visa,Are South Africans allowed to visit Nigeria with a travel visa?,"11:23:SL:COUNTRY,48:55:SL:COUNTRY",[IN:international_visa [SL:COUNTRY South Africa] [SL:COUNTRY Nigeria] ],COUNTRY: South Africa $$ COUNTRY: Nigeria,sna
travel,international_visa,Do I need a visa to travel overseas to Iceland?,48:55:SL:COUNTRY,[IN:international_visa [SL:COUNTRY Iceland] ],COUNTRY: Iceland,sna
travel,international_visa,Please also help me with the information needed to be able to apply to the German Embassy for a travel visa to reach their country.,69:83:SL:PLACE_NAME,[IN:international_visa [SL:PLACE_NAME German Embassy] ],PLACE_NAME: German Embassy,sna
travel,international_visa,Do you need a visa to visit Kenya?,19:24:SL:COUNTRY,[IN:international_visa [SL:COUNTRY Kenya] ],COUNTRY: Kenya,sna
travel,international_visa,Make a list of all the requirements for a tourist visa.,,[IN:international_visa ],,sna
travel,international_visa,Do I need a visa to enter Malawi?,29:35:SL:COUNTRY,[IN:international_visa [SL:COUNTRY Malawi] ],COUNTRY: Malawi,sna
travel,international_visa,Do Mozambican citizens need a visa to travel to Mozambique?,"11:21:SL:COUNTRY,67:77:SL:COUNTRY",[IN:international_visa [SL:COUNTRY Mozambique] [SL:COUNTRY Mozambique] ],COUNTRY: Mozambique $$ COUNTRY: Mozambique,sna
travel,international_visa,Would I need a visa to travel overseas to pollute Niagara Falls?,69:81:SL:PLACE_NAME,[IN:international_visa [SL:PLACE_NAME Niagra Falls] ],PLACE_NAME: Niagra Falls,sna
travel,international_visa,Give me all the documents necessary to obtain a visa to visit the United States.,,[IN:international_visa ],,sna
travel,international_visa,Does Malaysia also require a visa?,0:8:SL:COUNTRY,[IN:international_visa [SL:COUNTRY Malaysia] ],COUNTRY: Malaysia,sna
travel,international_visa,Is Mauritius a country that allows me to visit without a visa to travel overseas?,0:9:SL:COUNTRY,[IN:international_visa [SL:COUNTRY Mauritius] ],COUNTRY: Mauritius,sna
travel,international_visa,Do I need a visa to order goods and food at Musina?,"43:49:SL:SHOPPING_ITEM,52:59:SL:SHOPPING_ITEM,62:68:SL:PLACE_NAME",[IN:international_visa [SL:SHOPPING_ITEM nhumbi] [SL:SHOPPING_ITEM chikafu] [SL:PLACE_NAME Musina] ],SHOPPING_ITEM: nhumbi $$ SHOPPING_ITEM: chikafu $$ PLACE_NAME: Musina,sna
travel,international_visa,"Find me countries I can visit enjoying the beautiful landscape overseas, where the travel visa is allowed.",,[IN:international_visa ],,sna
travel,plug_type,Would I need a device that fits through wall holes when entering Zimbabwe?,80:88:SL:COUNTRY,[IN:plug_type [SL:COUNTRY Zimbabwe] ],COUNTRY: Zimbabwe,sna
travel,plug_type,Do they have electrical holes in the walls in Angola?,10:16:SL:COUNTRY,[IN:plug_type [SL:COUNTRY Angola] ],COUNTRY: Angola,sna
travel,plug_type,Would I need a device that fits into wall sockets when I visit Mozambique?,81:91:SL:COUNTRY,[IN:plug_type [SL:COUNTRY Mozambique] ],COUNTRY: Mozambique,sna
travel,plug_type,Will Namibia allow me to use my equipment purchased in Angola if I use an electrical appliance that fits through holes in the wall there?,"8:15:SL:COUNTRY,78:84:SL:COUNTRY",[IN:plug_type [SL:COUNTRY Namibia] [SL:COUNTRY Angola] ],COUNTRY: Namibia $$ COUNTRY: Angola,sna
travel,plug_type,Are the electrical holes in Kenya similar to those found in Uganda?,"37:42:SL:COUNTRY,81:87:SL:COUNTRY",[IN:plug_type [SL:COUNTRY Kenya] [SL:COUNTRY Uganda] ],COUNTRY: Kenya $$ COUNTRY: Uganda,sna
travel,plug_type,Would a wall-mounted electrical appliance in Lesotho be needed to use my equipment purchased in Namibia?,"70:77:SL:COUNTRY,138:145:SL:COUNTRY",[IN:plug_type [SL:COUNTRY Lesotho] [SL:COUNTRY Namibia] ],COUNTRY: Lesotho $$ COUNTRY: Namibia,sna
travel,plug_type,Will I need a plug-in when I visit Namibia to use my equipment purchased in Zimbabwe?,"91:98:SL:COUNTRY,145:153:SL:COUNTRY",[IN:plug_type [SL:COUNTRY Namibia] [SL:COUNTRY Zimbabwe] ],COUNTRY: Namibia $$ COUNTRY: Zimbabwe,sna
travel,plug_type,Do I need a plug-in in South Africa to use my equipment purchased in Zimbabwe?,"83:95:SL:COUNTRY,142:150:SL:COUNTRY",[IN:plug_type [SL:COUNTRY South Africa] [SL:COUNTRY Zimbabwe] ],COUNTRY: South Africa $$ COUNTRY: Zimbabwe,sna
travel,plug_type,Would I need a wall plug when visiting Malawi so that I can use my electrical appliances purchased in Botswana?,"99:105:SL:COUNTRY,172:180:SL:COUNTRY",[IN:plug_type [SL:COUNTRY Malawi] [SL:COUNTRY Botswana] ],COUNTRY: Malawi $$ COUNTRY: Botswana,sna
travel,plug_type,Will I need a wall-mounted adapter in Zambia that allows me to use my equipment from Zimbabwe?,"84:90:SL:COUNTRY,158:166:SL:COUNTRY",[IN:plug_type [SL:COUNTRY Zambia] [SL:COUNTRY Zimbabwe] ],COUNTRY: Zambia $$ COUNTRY: Zimbabwe,sna
travel,plug_type,Show me the type of electrical wire used in Botswana.,58:66:SL:COUNTRY,[IN:plug_type [SL:COUNTRY Botswana] ],COUNTRY: Botswana,sna
travel,plug_type,What kind of electronic cloak is used in Lesotho?,2:9:SL:COUNTRY,[IN:plug_type [SL:COUNTRY Lesotho] ],COUNTRY: Lesotho,sna
travel,plug_type,What is the South African electronic clothing industry like?,30:42:SL:COUNTRY,[IN:plug_type [SL:COUNTRY South Africa] ],COUNTRY: South Africa,sna
travel,plug_type,Show me an example of the electrical wire used by Nigerians.,75:82:SL:COUNTRY,[IN:plug_type [SL:COUNTRY Nigeria] ],COUNTRY: Nigeria,sna
travel,plug_type,What kind of electrical wire do they use in Mozambique for their electrical appliances?,2:12:SL:COUNTRY,[IN:plug_type [SL:COUNTRY Mozambique] ],COUNTRY: Mozambique,sna
travel,plug_type,In Malawi what kind of electronic clothing would I need?,2:8:SL:COUNTRY,[IN:plug_type [SL:COUNTRY Malawi] ],COUNTRY: Malawi,sna
travel,plug_type,Tell me how much electrical equipment uses electrical appliances?,,[IN:plug_type ],,sna
travel,plug_type,How can I determine the size of the holes in the electrical outlet?,,[IN:plug_type ],,sna
travel,plug_type,"If I want to visit South Africa, how can I know what their electrical equipment uses for wall cladding?",24:36:SL:COUNTRY,[IN:plug_type [SL:COUNTRY South Africa] ],COUNTRY: South Africa,sna
travel,plug_type,What if I buy a device with a different electrical socket than the socket in my home?,,[IN:plug_type ],,sna
travel,plug_type,"If I'm visiting Zambia, what kind of electronic gear would I want on my electronics?",22:28:SL:COUNTRY,[IN:plug_type [SL:COUNTRY Zambia] ],COUNTRY: Zambia,sna
travel,plug_type,"In Nigeria, would I need a plug that fits into the local wall socket to use my electrical appliances that I bought in Zimbabwe?","2:9:SL:COUNTRY,148:156:SL:COUNTRY",[IN:plug_type [SL:COUNTRY Nigeria] [SL:COUNTRY Zimbabwe] ],COUNTRY: Nigeria $$ COUNTRY: Zimbabwe,sna
travel,plug_type,Would I need a wall plug so that I can use my electrical appliances when visiting Algeria?,132:139:SL:COUNTRY,[IN:plug_type [SL:COUNTRY Algeria] ],COUNTRY: Algeria,sna
travel,plug_type,What are the electronic clothing used in Lilongwe?,40:48:SL:CITY_OR_PROVINCE,[IN:plug_type [SL:CITY_OR_PROVINCE Lilongwe] ],CITY_OR_PROVINCE: Lilongwe,sna
travel,plug_type,What kind of electronic clothing is used in Angola?,2:8:SL:COUNTRY,[IN:plug_type [SL:COUNTRY Angola] ],COUNTRY: Angola,sna
travel,plug_type,What kind of electronic clothing is used in Lesotho?,2:9:SL:COUNTRY,[IN:plug_type [SL:COUNTRY Lesotho] ],COUNTRY: Lesotho,sna
travel,plug_type,"If I visit Nigeria, would I need a plug-in to use my electrical appliances?",14:21:SL:COUNTRY,[IN:plug_type [SL:COUNTRY Nigeria] ],COUNTRY: Nigeria,sna
travel,plug_type,"To use my computer in South Africa, would I need a plug that fits through a hole in the wall there to connect my computer to the power supply?",45:57:SL:COUNTRY,[IN:plug_type [SL:COUNTRY South Africa] ],COUNTRY: South Africa,sna
travel,plug_type,What kind of electronic gear will I need when I arrive in Zambia?,61:67:SL:COUNTRY,[IN:plug_type [SL:COUNTRY Zambia] ],COUNTRY: Zambia,sna
travel,plug_type,Would I need a wall-mounted electrical appliance so that I can use my electrical appliances when I arrive in Lesotho?,132:139:SL:COUNTRY,[IN:plug_type [SL:COUNTRY Lesotho] ],COUNTRY: Lesotho,sna
travel,plug_type,What kind of electronic equipment is used in Namibia?,2:9:SL:COUNTRY,[IN:plug_type [SL:COUNTRY Namibia] ],COUNTRY: Namibia,sna
travel,plug_type,What kind of electrical appliances does Zimbabwe use?,8:16:SL:COUNTRY,[IN:plug_type [SL:COUNTRY Zimbabwe] ],COUNTRY: Zimbabwe,sna
travel,plug_type,Give me a picture of the electrical equipment used in Zimbabwe.,68:76:SL:COUNTRY,[IN:plug_type [SL:COUNTRY Zimbabwe] ],COUNTRY: Zimbabwe,sna
travel,plug_type,What kind of electronic clothing is used in Zimbabwe?,2:10:SL:COUNTRY,[IN:plug_type [SL:COUNTRY Zimbabwe] ],COUNTRY: Zimbabwe,sna
travel,plug_type,Describe the type of electronic clothing used in Zimbabwe.,55:63:SL:COUNTRY,[IN:plug_type [SL:COUNTRY Zimbabwe] ],COUNTRY: Zimbabwe,sna
travel,plug_type,Tell me what kind of electronic devices are working in this country.,,[IN:plug_type ],,sna
travel,plug_type,What kind of electrical equipment is in use in Angola?,2:8:SL:COUNTRY,[IN:plug_type [SL:COUNTRY Angola] ],COUNTRY: Angola,sna
travel,plug_type,Would a portable electrical appliance fit through wall holes be necessary if I were to visit the country of Algeria?,90:97:SL:COUNTRY,[IN:plug_type [SL:COUNTRY Algeria] ],COUNTRY: Algeria,sna
travel,plug_type,Will I need a wall-mounted adapter to use my electrical appliances when visiting Namibia?,123:130:SL:COUNTRY,[IN:plug_type [SL:COUNTRY Namibia] ],COUNTRY: Namibia,sna
travel,plug_type,Would a wall-mounted electrical appliance be necessary if I went to South Africa?,75:87:SL:COUNTRY,[IN:plug_type [SL:COUNTRY South Africa] ],COUNTRY: South Africa,sna
travel,plug_type,What kind of radio equipment will I need if I travel to Lesotho?,71:78:SL:COUNTRY,[IN:plug_type [SL:COUNTRY Lesotho] ],COUNTRY: Lesotho,sna
travel,plug_type,"If I were to travel to Zimbabwe, would I need an electrical appliance that fits through the holes in the wall there to use my appliances?",17:25:SL:COUNTRY,[IN:plug_type [SL:COUNTRY Zimbabwe] ],COUNTRY: Zimbabwe,sna
travel,plug_type,What is the type of electronic clothing used in Botswana?,47:55:SL:COUNTRY,[IN:plug_type [SL:COUNTRY Botswana] ],COUNTRY: Botswana,sna
travel,plug_type,What kind of electrical appliance did I need in South Africa to use my wheelchair?,44:56:SL:COUNTRY,[IN:plug_type [SL:COUNTRY South Africa] ],COUNTRY: South Africa,sna
travel,plug_type,"If I move to Germany, would I need a wall-mounted electrical appliance to use my appliances?",15:22:SL:COUNTRY,[IN:plug_type [SL:COUNTRY Germany] ],COUNTRY: Germany,sna
travel,plug_type,"If I go to the UK, what kind of electronic clothing would I need?",15:17:SL:COUNTRY,[IN:plug_type [SL:COUNTRY UK] ],COUNTRY: UK,sna
travel,plug_type,"In Namibia, what kind of electrical connector is needed to plug holes in the wall so that I can use my electrical device?",2:9:SL:COUNTRY,[IN:plug_type [SL:COUNTRY Namibia] ],COUNTRY: Namibia,sna
travel,plug_type,What are the electrical wall holes in South Africa?,2:14:SL:COUNTRY,[IN:plug_type [SL:COUNTRY South Africa] ],COUNTRY: South Africa,sna
travel,plug_type,Would I need a device that fits in wall sockets if I visit Botswana?,81:89:SL:COUNTRY,[IN:plug_type [SL:COUNTRY Botswana] ],COUNTRY: Botswana,sna
travel,plug_type,Will I need a wall-mounted electrical adapter when I arrive in Botswana?,88:96:SL:COUNTRY,[IN:plug_type [SL:COUNTRY Botswana] ],COUNTRY: Botswana,sna
travel,plug_type,Will I need a wall plug adapter when I am in Zambia?,77:83:SL:COUNTRY,[IN:plug_type [SL:COUNTRY Zambia] ],COUNTRY: Zambia,sna
travel,plug_type,Would I need a device that fits through wall holes if I am traveling to Nigeria?,84:91:SL:COUNTRY,[IN:plug_type [SL:COUNTRY Nigeria] ],COUNTRY: Nigeria,sna
travel,plug_type,Will the wall-mounted adapter work if I travel to Botswana?,80:88:SL:COUNTRY,[IN:plug_type [SL:COUNTRY Botswana] ],COUNTRY: Botswana,sna
travel,plug_type,Would I need a wall-mounted electrical adapter if I were in Swaziland?,90:99:SL:COUNTRY,[IN:plug_type [SL:COUNTRY Swaziland] ],COUNTRY: Swaziland,sna
travel,plug_type,Do I need a device that fits through the wall holes when I am in Harare?,84:90:SL:CITY_OR_PROVINCE,[IN:plug_type [SL:CITY_OR_PROVINCE Harare] ],CITY_OR_PROVINCE: Harare,sna
travel,plug_type,Will I need a wall-mounted adapter when traveling to Zambia?,87:93:SL:COUNTRY,[IN:plug_type [SL:COUNTRY Zambia] ],COUNTRY: Zambia,sna
travel,plug_type,What kind of electronic clothing does Kenya use?,0:5:SL:COUNTRY,[IN:plug_type [SL:COUNTRY Kenya] ],COUNTRY: Kenya,sna
travel,plug_type,What kind of electronics does Ghana use for its electrical appliances?,0:5:SL:COUNTRY,[IN:plug_type [SL:COUNTRY Ghana] ],COUNTRY: Ghana,sna
travel,plug_type,Do I need a device that fits through the electrical holes in the wall when I enter Pretoria?,79:87:SL:CITY_OR_PROVINCE,[IN:plug_type [SL:CITY_OR_PROVINCE Pretoria] ],CITY_OR_PROVINCE: Pretoria,sna
travel,plug_type,What kind of electronic clothing is used in Johannesburg?,47:59:SL:CITY_OR_PROVINCE,[IN:plug_type [SL:CITY_OR_PROVINCE Johannesburg] ],CITY_OR_PROVINCE: Johannesburg,sna
travel,plug_type,What kind of electronic equipment does Johannesburg use?,0:12:SL:CITY_OR_PROVINCE,[IN:plug_type [SL:CITY_OR_PROVINCE Johannesburg] ],CITY_OR_PROVINCE: Johannesburg,sna
travel,plug_type,Will I need a device that fits into wall holes when I am in Lilongwe?,77:85:SL:CITY_OR_PROVINCE,[IN:plug_type [SL:CITY_OR_PROVINCE Lilongwe] ],CITY_OR_PROVINCE: Lilongwe,sna
travel,plug_type,What kind of electronic clothing does Botswana use?,0:8:SL:COUNTRY,[IN:plug_type [SL:COUNTRY Botswana] ],COUNTRY: Botswana,sna
travel,plug_type,Should I bring a device that fits through the electrical holes in the wall or go to Botswana?,80:88:SL:COUNTRY,[IN:plug_type [SL:COUNTRY Botswana] ],COUNTRY: Botswana,sna
travel,plug_type,"Is a wall-mounted electrical adapter needed in Bulawayo, Zimbabwe?","66:74:SL:CITY_OR_PROVINCE,85:93:SL:COUNTRY",[IN:plug_type [SL:CITY_OR_PROVINCE Bulawayo] [SL:COUNTRY Zimbabwe] ],CITY_OR_PROVINCE: Bulawayo $$ COUNTRY: Zimbabwe,sna
travel,plug_type,Are the electronic clothing used in Lilongwe compatible with those used in Pretoria?,"40:48:SL:CITY_OR_PROVINCE,88:96:SL:CITY_OR_PROVINCE",[IN:plug_type [SL:CITY_OR_PROVINCE Lilongwe] [SL:CITY_OR_PROVINCE Pretoria] ],CITY_OR_PROVINCE: Lilongwe $$ CITY_OR_PROVINCE: Pretoria,sna
travel,plug_type,Will the electronic covers on my equipment work when I am in Malawi?,75:81:SL:COUNTRY,[IN:plug_type [SL:COUNTRY Malawi] ],COUNTRY: Malawi,sna
travel,plug_type,Are the electronic clothing different from Zimbabwe if I'm in Zambia?,"47:55:SL:COUNTRY,69:75:SL:COUNTRY",[IN:plug_type [SL:COUNTRY Zimbabwe] [SL:COUNTRY Zambia] ],COUNTRY: Zimbabwe $$ COUNTRY: Zambia,sna
travel,plug_type,What kind of electrical wall holes does Angola use?,8:14:SL:COUNTRY,[IN:plug_type [SL:COUNTRY Angola] ],COUNTRY: Angola,sna
travel,plug_type,What kind of electrical wall holes are used in Malawi?,51:57:SL:COUNTRY,[IN:plug_type [SL:COUNTRY Malawi] ],COUNTRY: Malawi,sna
travel,plug_type,What kind of electronic clothing is used in Kinshasa?,2:10:SL:CITY_OR_PROVINCE,[IN:plug_type [SL:CITY_OR_PROVINCE Kinshasa] ],CITY_OR_PROVINCE: Kinshasa,sna
travel,plug_type,"What are the shafts in the walls of the power grid in Lesotho, and how much electricity do they produce?",40:47:SL:COUNTRY,[IN:plug_type [SL:COUNTRY Lesotho] ],COUNTRY: Lesotho,sna
travel,plug_type,What kind of electrical holes are used in Harare?,44:50:SL:CITY_OR_PROVINCE,[IN:plug_type [SL:CITY_OR_PROVINCE Harare] ],CITY_OR_PROVINCE: Harare,sna
travel,plug_type,Would my radio need a wall-mounted adapter for use when I am in Nigeria?,107:114:SL:COUNTRY,[IN:plug_type [SL:COUNTRY Nigeria] ],COUNTRY: Nigeria,sna
travel,plug_type,Does Namibia use a different type of electrical wall holes than Zimbabwe?,"8:15:SL:COUNTRY,76:84:SL:COUNTRY",[IN:plug_type [SL:COUNTRY Namibia] [SL:COUNTRY Zimbabwe] ],COUNTRY: Namibia $$ COUNTRY: Zimbabwe,sna
travel,plug_type,Does South Africa need a plug that fits through wall holes to use my Kenyan-built equipment?,"2:14:SL:COUNTRY,123:128:SL:COUNTRY",[IN:plug_type [SL:COUNTRY South Africa] [SL:COUNTRY Kenya] ],COUNTRY: South Africa $$ COUNTRY: Kenya,sna
travel,plug_type,What kind of wall-mounted electrical connector would I need if I visit Botswana?,89:97:SL:COUNTRY,[IN:plug_type [SL:COUNTRY Botswana] ],COUNTRY: Botswana,sna
travel,plug_type,"If I am going to Lesotho, what kind of electronic clothing would I need?",20:27:SL:COUNTRY,[IN:plug_type [SL:COUNTRY Lesotho] ],COUNTRY: Lesotho,sna
travel,plug_type,What is the shape of the electrical connector used in Pretoria?,65:73:SL:CITY_OR_PROVINCE,[IN:plug_type [SL:CITY_OR_PROVINCE Pretoria] ],CITY_OR_PROVINCE: Pretoria,sna
travel,plug_type,What are the electrical holes in Botswana?,2:10:SL:COUNTRY,[IN:plug_type [SL:COUNTRY Botswana] ],COUNTRY: Botswana,sna
travel,timezone,What time zone is Spain in?,57:62:SL:COUNTRY,[IN:timezone [SL:COUNTRY Spain] ],COUNTRY: Spain,sna
travel,timezone,I like the type of sundial used in Brazzaville,47:57:SL:CITY_OR_PROVINCE,[IN:timezone [SL:CITY_OR_PROVINCE Brazaville] ],CITY_OR_PROVINCE: Brazaville,sna
travel,timezone,I like the Irish sunflower section,49:56:SL:COUNTRY,[IN:timezone [SL:COUNTRY Ireland] ],COUNTRY: Ireland,sna
travel,timezone,I would like to know the part of the sundial used in Chad,56:60:SL:COUNTRY,[IN:timezone [SL:COUNTRY Chad] ],COUNTRY: Chad,sna
travel,timezone,I would like to know the type of sundial used in France,54:60:SL:COUNTRY,[IN:timezone [SL:COUNTRY France] ],COUNTRY: France,sna
travel,timezone,Britain is under what kind of solar system?,0:7:SL:COUNTRY,[IN:timezone [SL:COUNTRY Britain] ],COUNTRY: Britain,sna
travel,timezone,Tell me what kind of sundial is used in Brussels,52:60:SL:CITY_OR_PROVINCE,[IN:timezone [SL:CITY_OR_PROVINCE Brussels] ],CITY_OR_PROVINCE: Brussels,sna
travel,timezone,What is the unit of time used in Kiev?,41:45:SL:CITY_OR_PROVINCE,[IN:timezone [SL:CITY_OR_PROVINCE Kiev] ],CITY_OR_PROVINCE: Kiev,sna
travel,timezone,Can you tell me the part of the sundial used in Cairo,58:63:SL:CITY_OR_PROVINCE,[IN:timezone [SL:CITY_OR_PROVINCE Cairo] ],CITY_OR_PROVINCE: Cairo,sna
travel,timezone,The Earth is under what kind of sundial?,0:6:SL:CITY_OR_PROVINCE,[IN:timezone [SL:CITY_OR_PROVINCE Kumasi] ],CITY_OR_PROVINCE: Kumasi,sna
travel,timezone,Tell me what part of the sun is Dubai on?,15:20:SL:CITY_OR_PROVINCE,[IN:timezone [SL:CITY_OR_PROVINCE Dubai] ],CITY_OR_PROVINCE: Dubai,sna
travel,timezone,Under what kind of regime Addis Ababa would be,5:16:SL:CITY_OR_PROVINCE,[IN:timezone [SL:CITY_OR_PROVINCE Addis Ababa] ],CITY_OR_PROVINCE: Addis Ababa,sna
travel,timezone,What part of the sun do they use in Dubai,45:50:SL:CITY_OR_PROVINCE,[IN:timezone [SL:CITY_OR_PROVINCE Dubai] ],CITY_OR_PROVINCE: Dubai,sna
travel,timezone,Lake Victoria is in what part of the solar system?,0:13:SL:PLACE_NAME,[IN:timezone [SL:PLACE_NAME Lake Victoria] ],PLACE_NAME: Lake Victoria,sna
travel,timezone,Lilongwe is in what part of the solar system,0:8:SL:CITY_OR_PROVINCE,[IN:timezone [SL:CITY_OR_PROVINCE Lilongwe] ],CITY_OR_PROVINCE: Lilongwe,sna
travel,timezone,Mogadishu is in which part of the solar system,0:9:SL:CITY_OR_PROVINCE,[IN:timezone [SL:CITY_OR_PROVINCE Mogadishu] ],CITY_OR_PROVINCE: Mogadishu,sna
travel,timezone,Germany is in what group of time zones,0:7:SL:COUNTRY,[IN:timezone [SL:COUNTRY Germany] ],COUNTRY: Germany,sna
travel,timezone,Norway is in which group of time zones?,0:6:SL:COUNTRY,[IN:timezone [SL:COUNTRY Norway] ],COUNTRY: Norway,sna
travel,timezone,In what time zone is the Western Cape located?,58:70:SL:CITY_OR_PROVINCE,[IN:timezone [SL:CITY_OR_PROVINCE Western Cape] ],CITY_OR_PROVINCE: Western Cape,sna
travel,timezone,What time zone is Tripoli located in?,65:72:SL:CITY_OR_PROVINCE,[IN:timezone [SL:CITY_OR_PROVINCE Tripoli] ],CITY_OR_PROVINCE: Tripoli,sna
travel,timezone,Tell me in which of the equinox groups Sri Lanka is in,13:22:SL:COUNTRY,[IN:timezone [SL:COUNTRY Sri Lanka] ],COUNTRY: Sri Lanka,sna
travel,timezone,Montreal uses which group of circuits to read the sunsets by one tone?,0:8:SL:CITY_OR_PROVINCE,[IN:timezone [SL:CITY_OR_PROVINCE Montréal] ],CITY_OR_PROVINCE: Montréal,sna
travel,timezone,Tell me which group of equinoxes Morocco is in,14:21:SL:COUNTRY,[IN:timezone [SL:COUNTRY Morocco] ],COUNTRY: Morocco,sna
travel,timezone,Leeds is located in what cluster of one-horizons?,72:77:SL:CITY_OR_PROVINCE,[IN:timezone [SL:CITY_OR_PROVINCE Leeds] ],CITY_OR_PROVINCE: Leeds,sna
travel,timezone,Where in what state is Arkansas in the time zone division,0:8:SL:CITY_OR_PROVINCE,[IN:timezone [SL:CITY_OR_PROVINCE Arkansas] ],CITY_OR_PROVINCE: Arkansas,sna
travel,timezone,Russia is in which time zone,0:6:SL:COUNTRY,[IN:timezone [SL:COUNTRY Russia] ],COUNTRY: Russia,sna
travel,timezone,What group of time zones is Durban in?,70:76:SL:CITY_OR_PROVINCE,[IN:timezone [SL:CITY_OR_PROVINCE Durban] ],CITY_OR_PROVINCE: Durban,sna
travel,timezone,How did Miami stand out on the circuit teams using the same sun visors and speakers?,2:7:SL:CITY_OR_PROVINCE,[IN:timezone [SL:CITY_OR_PROVINCE Miami] ],CITY_OR_PROVINCE: Miami,sna
travel,timezone,What is the situation in Mombasa regarding the solar-powered part of the circuit?,16:23:SL:CITY_OR_PROVINCE,[IN:timezone [SL:CITY_OR_PROVINCE Mombasa] ],CITY_OR_PROVINCE: Mombasa,sna
travel,timezone,Luanda is located in which group of one-dimensional zones?,1:7:SL:CITY_OR_PROVINCE,[IN:timezone [SL:CITY_OR_PROVINCE Luanda] ],CITY_OR_PROVINCE: Luanda,sna
travel,timezone,Now Barcelona is in which group of districts that count time with the same rhythm?,8:17:SL:CITY_OR_PROVINCE,[IN:timezone [SL:CITY_OR_PROVINCE Barcelona] ],CITY_OR_PROVINCE: Barcelona,sna
travel,timezone,Can you tell me the group of solar panels in the same way that you find in Beira,96:101:SL:CITY_OR_PROVINCE,[IN:timezone [SL:CITY_OR_PROVINCE Beira] ],CITY_OR_PROVINCE: Beira,sna
travel,timezone,In Livingstone they use what set of time zones equally ,2:13:SL:CITY_OR_PROVINCE,[IN:timezone [SL:CITY_OR_PROVINCE Livingstone] ],CITY_OR_PROVINCE: Livingstone,sna
travel,timezone,Southampton uses which group of districts counts the sunsets in the same way?,0:11:SL:CITY_OR_PROVINCE,[IN:timezone [SL:CITY_OR_PROVINCE Southampton] ],CITY_OR_PROVINCE: Southampton,sna
travel,timezone,Tanzania has what group of time zones that are synchronous,0:8:SL:COUNTRY,[IN:timezone [SL:COUNTRY Tanzania] ],COUNTRY: Tanzania,sna
travel,timezone,Gabon is in what part of the equinox,0:5:SL:COUNTRY,[IN:timezone [SL:COUNTRY Gabon] ],COUNTRY: Gabon,sna
travel,timezone,St. Lucia is located in what region that follows the same time system?,0:8:SL:COUNTRY,[IN:timezone [SL:COUNTRY St Lucia] ],COUNTRY: St Lucia,sna
travel,timezone,Scotland is divided into which county has the same time.,0:8:SL:COUNTRY,[IN:timezone [SL:COUNTRY Scotland] ],COUNTRY: Scotland,sna
travel,timezone,The Bahamas is in what group of time zones?,0:11:SL:COUNTRY,[IN:timezone [SL:COUNTRY The Bahamas] ],COUNTRY: The Bahamas,sna
travel,timezone,Kasane is in which group of districts that use the same system of reading the sun,0:6:SL:CITY_OR_PROVINCE,[IN:timezone [SL:CITY_OR_PROVINCE Kasane] ],CITY_OR_PROVINCE: Kasane,sna
travel,timezone,What time zone is the Isle of Man located in?,72:83:SL:PLACE_NAME,[IN:timezone [SL:PLACE_NAME Isle of Man] ],PLACE_NAME: Isle of Man,sna
travel,timezone,What time zone is found in Cuba,63:67:SL:COUNTRY,[IN:timezone [SL:COUNTRY Cuba] ],COUNTRY: Cuba,sna
travel,timezone,Trinidad and Tobago fits into which group of time-series countries?,0:19:SL:COUNTRY,[IN:timezone [SL:COUNTRY Trinidad and Tobago] ],COUNTRY: Trinidad and Tobago,sna
travel,timezone,Which county has the same time zone as St Kitts?,69:77:SL:COUNTRY,[IN:timezone [SL:COUNTRY St Kitts] ],COUNTRY: St Kitts,sna
travel,timezone,What time zone is found on the South Pole?,65:71:SL:CITY_OR_PROVINCE,[IN:timezone [SL:CITY_OR_PROVINCE Kumasi] ],CITY_OR_PROVINCE: Kumasi,sna
travel,timezone,What group of time zones is the city of Lusaka in?,70:76:SL:CITY_OR_PROVINCE,[IN:timezone [SL:CITY_OR_PROVINCE Lusaka] ],CITY_OR_PROVINCE: Lusaka,sna
travel,timezone,Victoria Falls is in what time zone group?,0:14:SL:CITY_OR_PROVINCE,[IN:timezone [SL:CITY_OR_PROVINCE Victoria Falls] ],CITY_OR_PROVINCE: Victoria Falls,sna
travel,timezone,Sierra Leone is in which time zone group?,0:11:SL:COUNTRY,[IN:timezone [SL:COUNTRY Sierra Leon] ],COUNTRY: Sierra Leon,sna
travel,timezone,What part of the time zone is Lebanon in?,60:67:SL:COUNTRY,[IN:timezone [SL:COUNTRY Lebabon] ],COUNTRY: Lebabon,sna
travel,timezone,Which time zone is the city of Jerusalem in?,65:74:SL:CITY_OR_PROVINCE,[IN:timezone [SL:CITY_OR_PROVINCE Jerusalem] ],CITY_OR_PROVINCE: Jerusalem,sna
travel,timezone,What are the common time zones in the United States?,"0:6:SL:CITY_OR_PROVINCE,58:64:SL:CITY_OR_PROVINCE",[IN:timezone [SL:CITY_OR_PROVINCE Odu hu] [SL:CITY_OR_PROVINCE Maseru] ],CITY_OR_PROVINCE: Odu hu $$ CITY_OR_PROVINCE: Maseru,sna
travel,timezone,"If I am in Djibouti, which time zone group do I belong to?",13:21:SL:COUNTRY,[IN:timezone [SL:COUNTRY Djibouti] ],COUNTRY: Djibouti,sna
travel,timezone,Which time zone group the West Indies belong to,15:26:SL:PLACE_NAME,[IN:timezone [SL:PLACE_NAME West Indies] ],PLACE_NAME: West Indies,sna
travel,timezone,Congo Brazzaville fits into any group of time zones with a single time zone,0:17:SL:COUNTRY,[IN:timezone [SL:COUNTRY Congo Brazzaville] ],COUNTRY: Congo Brazzaville,sna
travel,timezone,What group of time zones is Malaysia in?,67:75:SL:COUNTRY,[IN:timezone [SL:COUNTRY Malaysia] ],COUNTRY: Malaysia,sna
travel,timezone,Scotland is classified in which group of time zones,0:8:SL:COUNTRY,[IN:timezone [SL:COUNTRY Scotland] ],COUNTRY: Scotland,sna
travel,timezone,Mount Kenya is located in which group of time zones,0:11:SL:PLACE_NAME,[IN:timezone [SL:PLACE_NAME Mount Kenya] ],PLACE_NAME: Mount Kenya,sna
travel,timezone,Can you identify the group of time zones that Windhoek shares?,78:86:SL:CITY_OR_PROVINCE,[IN:timezone [SL:CITY_OR_PROVINCE Windhoek] ],CITY_OR_PROVINCE: Windhoek,sna
travel,timezone,What group of time zones is found in Detroit?,79:86:SL:CITY_OR_PROVINCE,[IN:timezone [SL:CITY_OR_PROVINCE Detroit] ],CITY_OR_PROVINCE: Detroit,sna
travel,timezone,In groups of the same time zone Liverpool is found donor,53:62:SL:CITY_OR_PROVINCE,[IN:timezone [SL:CITY_OR_PROVINCE Liverpool] ],CITY_OR_PROVINCE: Liverpool,sna
travel,timezone,Darwin fits into what category of time zones,0:6:SL:CITY_OR_PROVINCE,[IN:timezone [SL:CITY_OR_PROVINCE Darwin] ],CITY_OR_PROVINCE: Darwin,sna
travel,timezone,Berlin may be in any group of time zones that have the same time,0:6:SL:CITY_OR_PROVINCE,[IN:timezone [SL:CITY_OR_PROVINCE Berlin] ],CITY_OR_PROVINCE: Berlin,sna
travel,timezone,Kinshasa uses the same time zone,2:10:SL:CITY_OR_PROVINCE,[IN:timezone [SL:CITY_OR_PROVINCE Kinshasa] ],CITY_OR_PROVINCE: Kinshasa,sna
travel,timezone,Can you tell me which group of time-zone-equivalent areas also occupies Pretoria?,95:103:SL:CITY_OR_PROVINCE,[IN:timezone [SL:CITY_OR_PROVINCE Pretoria] ],CITY_OR_PROVINCE: Pretoria,sna
travel,timezone,Seoul is associated with which time zones,0:5:SL:CITY_OR_PROVINCE,[IN:timezone [SL:CITY_OR_PROVINCE Seoul] ],CITY_OR_PROVINCE: Seoul,sna
travel,timezone,Is Kigali in a different group in the same time zones,0:6:SL:CITY_OR_PROVINCE,[IN:timezone [SL:CITY_OR_PROVINCE Kigali] ],CITY_OR_PROVINCE: Kigali,sna
travel,timezone,Do you know of any group of places that have the same time zone as Mombasa?,72:79:SL:CITY_OR_PROVINCE,[IN:timezone [SL:CITY_OR_PROVINCE Mombasa] ],CITY_OR_PROVINCE: Mombasa,sna
travel,timezone,"In Freetown, I am being asked what time zone I would be in",19:27:SL:CITY_OR_PROVINCE,[IN:timezone [SL:CITY_OR_PROVINCE Freetown] ],CITY_OR_PROVINCE: Freetown,sna
travel,timezone,Manchester is in which time zone group,0:10:SL:CITY_OR_PROVINCE,[IN:timezone [SL:CITY_OR_PROVINCE Manchester] ],CITY_OR_PROVINCE: Manchester,sna
travel,timezone,Zanzibar is in which group of time zones,0:8:SL:PLACE_NAME,[IN:timezone [SL:PLACE_NAME Zanzibar] ],PLACE_NAME: Zanzibar,sna
travel,timezone,Tell me which group of time zones Biafra is in,13:19:SL:CITY_OR_PROVINCE,[IN:timezone [SL:CITY_OR_PROVINCE Biafra] ],CITY_OR_PROVINCE: Biafra,sna
travel,timezone,Can you tell which time zone group Niger is in?,19:24:SL:COUNTRY,[IN:timezone [SL:COUNTRY Niger] ],COUNTRY: Niger,sna
travel,timezone,In what time zone group is Trinidad & Tobago located?,53:70:SL:COUNTRY,[IN:timezone [SL:COUNTRY Trinidad & Tobago] ],COUNTRY: Trinidad & Tobago,sna
travel,timezone,What cluster of time zones is Sydney located in?,69:75:SL:CITY_OR_PROVINCE,[IN:timezone [SL:CITY_OR_PROVINCE Sydney] ],CITY_OR_PROVINCE: Sydney,sna
travel,timezone,Cape Town is located in what time zone group?,0:9:SL:CITY_OR_PROVINCE,[IN:timezone [SL:CITY_OR_PROVINCE Cape Town] ],CITY_OR_PROVINCE: Cape Town,sna
travel,timezone,Seychelles is found in which group of time zones together,0:10:SL:COUNTRY,[IN:timezone [SL:COUNTRY Seychelles] ],COUNTRY: Seychelles,sna
travel,timezone,Lake Malawi is in which time zone group?,0:11:SL:PLACE_NAME,[IN:timezone [SL:PLACE_NAME Lake Malawi] ],PLACE_NAME: Lake Malawi,sna
travel,timezone,Eritrea is in what time zone group?,0:7:SL:COUNTRY,[IN:timezone [SL:COUNTRY Eritrea] ],COUNTRY: Eritrea,sna
travel,timezone,What types of sundials are used in Russia to tell time,2:8:SL:COUNTRY,[IN:timezone [SL:COUNTRY Russia] ],COUNTRY: Russia,sna
travel,timezone,Countries in southern Africa use a different time zone,,[IN:timezone ],,sna
travel,translate,How do I say fly in Swiss? ,39:44:SL:LANGUAGE_NAME,[IN:translate [SL:LANGUAGE_NAME Swiss] ],LANGUAGE_NAME: Swiss,sna
travel,translate,What Venda word means a basket of grain?,"16:25:SL:LANGUAGE_NAME,40:53:SL:DISH_OR_FOOD",[IN:translate [SL:LANGUAGE_NAME chiVhenda] [SL:DISH_OR_FOOD sadza rezviyo] ],LANGUAGE_NAME: chiVhenda $$ DISH_OR_FOOD: sadza rezviyo,sna
travel,translate,How do you say jarina in Zulu?,"18:26:SL:DISH_OR_FOOD,29:36:SL:LANGUAGE_NAME",[IN:translate [SL:DISH_OR_FOOD majarina] [SL:LANGUAGE_NAME chiZulu] ],DISH_OR_FOOD: majarina $$ LANGUAGE_NAME: chiZulu,sna
travel,translate,What do you say in Hindi for kasira?,13:21:SL:LANGUAGE_NAME,[IN:translate [SL:LANGUAGE_NAME chiHindi] ],LANGUAGE_NAME: chiHindi,sna
travel,translate,What is the Norwegian word for tree?,2:14:SL:LANGUAGE_NAME,[IN:translate [SL:LANGUAGE_NAME chiNorwegian] ],LANGUAGE_NAME: chiNorwegian,sna
travel,translate,What do I say in Thai if I want to make this better?,5:9:SL:LANGUAGE_NAME,[IN:translate [SL:LANGUAGE_NAME Ndau] ],LANGUAGE_NAME: Ndau,sna
travel,translate,What is the name of chicken and fried potatoes in Zulu?,"0:46:SL:DISH_OR_FOOD,66:70:SL:LANGUAGE_NAME",[IN:translate [SL:DISH_OR_FOOD Nyama yehuku nematapiri akavenzengwa venzengwa] [SL:LANGUAGE_NAME Zulu] ],DISH_OR_FOOD: Nyama yehuku nematapiri akavenzengwa venzengwa $$ LANGUAGE_NAME: Zulu,sna
travel,translate,What is the name of a fishing boat in the sea?,"33:37:SL:DISH_OR_FOOD,61:69:SL:LANGUAGE_NAME",[IN:translate [SL:DISH_OR_FOOD hove] [SL:LANGUAGE_NAME chiChewa] ],DISH_OR_FOOD: hove $$ LANGUAGE_NAME: chiChewa,sna
travel,translate,What is the name of the dovi in Venda?,"0:4:SL:DISH_OR_FOOD,20:29:SL:LANGUAGE_NAME",[IN:translate [SL:DISH_OR_FOOD Dovi] [SL:LANGUAGE_NAME chiVhenda] ],DISH_OR_FOOD: Dovi $$ LANGUAGE_NAME: chiVhenda,sna
travel,translate,What word means tree in Lingala?,31:38:SL:LANGUAGE_NAME,[IN:translate [SL:LANGUAGE_NAME Lingala] ],LANGUAGE_NAME: Lingala,sna
travel,translate,How do I say I'm tired in Yoruba?,17:26:SL:LANGUAGE_NAME,[IN:translate [SL:LANGUAGE_NAME chiYoruba] ],LANGUAGE_NAME: chiYoruba,sna
travel,translate,How does an Ethiopian say I am thirsty?,10:18:SL:COUNTRY,[IN:translate [SL:COUNTRY Ethiopia] ],COUNTRY: Ethiopia,sna
travel,translate,How do I say in Oromo that we have spoken down?,20:25:SL:LANGUAGE_NAME,[IN:translate [SL:LANGUAGE_NAME Oromo] ],LANGUAGE_NAME: Oromo,sna
travel,translate,What do I say if I want to tell a girl I love you in Tigrinya?,60:71:SL:LANGUAGE_NAME,[IN:translate [SL:LANGUAGE_NAME chiTigrinya] ],LANGUAGE_NAME: chiTigrinya,sna
travel,translate,"How would I say thank you, if I were a Seychellois speaker? ","52:62:SL:LANGUAGE_NAME,68:78:SL:COUNTRY",[IN:translate [SL:LANGUAGE_NAME chiSeselwa] [SL:COUNTRY Seychelles] ],LANGUAGE_NAME: chiSeselwa $$ COUNTRY: Seychelles,sna
travel,translate,How do I ask in Tumbuka what is your name? ,"21:28:SL:LANGUAGE_NAME,34:40:SL:COUNTRY",[IN:translate [SL:LANGUAGE_NAME Tumbuka] [SL:COUNTRY Malawi] ],LANGUAGE_NAME: Tumbuka $$ COUNTRY: Malawi,sna
travel,translate,The Lozi people of Zambia call the railway what in their language.,"2:6:SL:LANGUAGE_NAME,11:17:SL:COUNTRY",[IN:translate [SL:LANGUAGE_NAME Lozi] [SL:COUNTRY Zambia] ],LANGUAGE_NAME: Lozi $$ COUNTRY: Zambia,sna
travel,translate,What do they call the street in the Walls?,2:10:SL:CITY_OR_PROVINCE,[IN:translate [SL:CITY_OR_PROVINCE Masvingo] ],CITY_OR_PROVINCE: Masvingo,sna
travel,translate,What do the Xhosa say when they want to say hello?,2:7:SL:LANGUAGE_NAME,[IN:translate [SL:LANGUAGE_NAME Xhosa] ],LANGUAGE_NAME: Xhosa,sna
travel,translate,How do you greet people in Lesotho?,"2:9:SL:COUNTRY,41:46:SL:LANGUAGE_NAME",[IN:translate [SL:COUNTRY Lesotho] [SL:LANGUAGE_NAME Sotho] ],COUNTRY: Lesotho $$ LANGUAGE_NAME: Sotho,sna
travel,translate,What if I want to greet someone in the Chinese language?,"48:52:SL:LANGUAGE_NAME,58:66:SL:CITY_OR_PROVINCE",[IN:translate [SL:LANGUAGE_NAME Ndau] [SL:CITY_OR_PROVINCE Chipinge] ],LANGUAGE_NAME: Ndau $$ CITY_OR_PROVINCE: Chipinge,sna
travel,translate,How do I say hello in Korean?,33:44:SL:LANGUAGE_NAME,[IN:translate [SL:LANGUAGE_NAME chiKorekore] ],LANGUAGE_NAME: chiKorekore,sna
travel,translate,"If your language were Karanga, what would you call a bridge?",26:33:SL:LANGUAGE_NAME,[IN:translate [SL:LANGUAGE_NAME Karanga] ],LANGUAGE_NAME: Karanga,sna
travel,translate,What is the name of a road in the Namib language?,50:56:SL:LANGUAGE_NAME,[IN:translate [SL:LANGUAGE_NAME Nambya] ],LANGUAGE_NAME: Nambya,sna
travel,translate,"To ask someone for happiness in Namibian Helu, what do I say? ","43:49:SL:LANGUAGE_NAME,55:62:SL:COUNTRY",[IN:translate [SL:LANGUAGE_NAME Herero] [SL:COUNTRY Namibia] ],LANGUAGE_NAME: Herero $$ COUNTRY: Namibia,sna
travel,translate,What is the name of the firstborn in the Book of Genesis?,"22:29:SL:LANGUAGE_NAME,35:45:SL:PLACE_NAME",[IN:translate [SL:LANGUAGE_NAME chiToko] [SL:PLACE_NAME Nyamapanda] ],LANGUAGE_NAME: chiToko $$ PLACE_NAME: Nyamapanda,sna
travel,translate,How do I speak in Tsholotsho to avoid that?,"20:30:SL:LANGUAGE_NAME,36:46:SL:PLACE_NAME",[IN:translate [SL:LANGUAGE_NAME chiKalanga] [SL:PLACE_NAME Tsholotsho] ],LANGUAGE_NAME: chiKalanga $$ PLACE_NAME: Tsholotsho,sna
travel,translate,What is the donkey called in the Chichewa language of Malawi?,"46:51:SL:LANGUAGE_NAME,57:63:SL:COUNTRY",[IN:translate [SL:LANGUAGE_NAME chewa] [SL:COUNTRY Malawi] ],LANGUAGE_NAME: chewa $$ COUNTRY: Malawi,sna
travel,translate,"Explain the meaning of the word ""kaziwayi"" in Mozambican Portuguese","45:53:SL:LANGUAGE_NAME,59:69:SL:COUNTRY",[IN:translate [SL:LANGUAGE_NAME Putikezi] [SL:COUNTRY Mozambique] ],LANGUAGE_NAME: Putikezi $$ COUNTRY: Mozambique,sna
travel,translate,How do I say goodbye in Zambian Bemba?,"40:48:SL:LANGUAGE_NAME,54:60:SL:COUNTRY",[IN:translate [SL:LANGUAGE_NAME chiBemba] [SL:COUNTRY Zambia] ],LANGUAGE_NAME: chiBemba $$ COUNTRY: Zambia,sna
travel,translate,What do I say if I want to be respected in the Bingo Court? ,"45:50:SL:LANGUAGE_NAME,56:61:SL:PLACE_NAME",[IN:translate [SL:LANGUAGE_NAME Tonga] [SL:PLACE_NAME Binga] ],LANGUAGE_NAME: Tonga $$ PLACE_NAME: Binga,sna
travel,translate,What is the German word for a camera?,51:59:SL:LANGUAGE_NAME,[IN:translate [SL:LANGUAGE_NAME Jerimani] ],LANGUAGE_NAME: Jerimani,sna
travel,translate,Can you tell me the word for clothing in Swahili?,55:62:SL:LANGUAGE_NAME,[IN:translate [SL:LANGUAGE_NAME Swahili] ],LANGUAGE_NAME: Swahili,sna
travel,translate,What do the Twi people in Ghana say to say good night?,"5:8:SL:LANGUAGE_NAME,14:19:SL:COUNTRY",[IN:translate [SL:LANGUAGE_NAME Twi] [SL:COUNTRY Ghana] ],LANGUAGE_NAME: Twi $$ COUNTRY: Ghana,sna
travel,translate,What is the Tswana name for the Mahalapye pen in Botswana?,"27:36:SL:LANGUAGE_NAME,42:51:SL:CITY_OR_PROVINCE,54:62:SL:COUNTRY",[IN:translate [SL:LANGUAGE_NAME chiTswana] [SL:CITY_OR_PROVINCE Mahalapye] [SL:COUNTRY Botswana] ],LANGUAGE_NAME: chiTswana $$ CITY_OR_PROVINCE: Mahalapye $$ COUNTRY: Botswana,sna
travel,translate,How do the Maasai in Kenya greet one another?,12:17:SL:COUNTRY,[IN:translate [SL:COUNTRY Kenya] ],COUNTRY: Kenya,sna
travel,translate,How do you say thank you in French?,16:22:SL:LANGUAGE_NAME,[IN:translate [SL:LANGUAGE_NAME French] ],LANGUAGE_NAME: French,sna
travel,translate,What do I say when I want to say that I am hungry in Venda?,46:55:SL:LANGUAGE_NAME,[IN:translate [SL:LANGUAGE_NAME chiVhenda] ],LANGUAGE_NAME: chiVhenda,sna
travel,translate,"How do I say hello in Mandarin, the language spoken in Xinjiang, China?","41:49:SL:LANGUAGE_NAME,55:63:SL:CITY_OR_PROVINCE,66:71:SL:COUNTRY",[IN:translate [SL:LANGUAGE_NAME Mandarin] [SL:CITY_OR_PROVINCE Xinjiang] [SL:COUNTRY China] ],LANGUAGE_NAME: Mandarin $$ CITY_OR_PROVINCE: Xinjiang $$ COUNTRY: China,sna
travel,translate,How do I speak Hong Kong Cantonese when I receive a guest? ,"17:29:SL:LANGUAGE_NAME,35:44:SL:CITY_OR_PROVINCE",[IN:translate [SL:LANGUAGE_NAME chiCantonese] [SL:CITY_OR_PROVINCE Hong Kong] ],LANGUAGE_NAME: chiCantonese $$ CITY_OR_PROVINCE: Hong Kong,sna
travel,translate,Translate the word makadiiko from the South African Zulu into the Dombe language spoken on the Zambezi near the city of Victoria Falls.,"42:46:SL:LANGUAGE_NAME,52:64:SL:COUNTRY,78:83:SL:LANGUAGE_NAME,98:105:SL:PLACE_NAME,125:139:SL:CITY_OR_PROVINCE",[IN:translate [SL:LANGUAGE_NAME Zulu] [SL:COUNTRY South Africa] [SL:LANGUAGE_NAME Dombe] [SL:PLACE_NAME Zambezi] [SL:CITY_OR_PROVINCE Victoria Falls] ],LANGUAGE_NAME: Zulu $$ COUNTRY: South Africa $$ LANGUAGE_NAME: Dombe $$ PLACE_NAME: Zambezi $$ CITY_OR_PROVINCE: Victoria Falls,sna
travel,translate,How do you say hello in Trinidad and Tobago Creole?,"25:31:SL:LANGUAGE_NAME,37:56:SL:COUNTRY",[IN:translate [SL:LANGUAGE_NAME Creole] [SL:COUNTRY Trinidad and Tobago] ],LANGUAGE_NAME: Creole $$ COUNTRY: Trinidad and Tobago,sna
travel,translate,What words mean goodbye in Russian?,57:63:SL:COUNTRY,[IN:translate [SL:COUNTRY Russia] ],COUNTRY: Russia,sna
travel,translate,"What do the Pedi of Limpopo, South Africa, say when they want to say ""coffee""?","5:9:SL:LANGUAGE_NAME,15:22:SL:CITY_OR_PROVINCE,25:37:SL:COUNTRY",[IN:translate [SL:LANGUAGE_NAME Pedi] [SL:CITY_OR_PROVINCE Limpopo] [SL:COUNTRY South Africa] ],LANGUAGE_NAME: Pedi $$ CITY_OR_PROVINCE: Limpopo $$ COUNTRY: South Africa,sna
travel,translate,Say hello in English.,35:43:SL:LANGUAGE_NAME,[IN:translate [SL:LANGUAGE_NAME Chirungu] ],LANGUAGE_NAME: Chirungu,sna
travel,translate,Translate the word hello from the Lozi language of Botswana into the Kirundi language spoken by the Hutu and Tutsi people of Burundi and Rwanda. ,"38:45:SL:LANGUAGE_NAME,51:59:SL:COUNTRY,70:80:SL:LANGUAGE_NAME,115:122:SL:COUNTRY,127:133:SL:COUNTRY",[IN:translate [SL:LANGUAGE_NAME chiLozi] [SL:COUNTRY Botswana] [SL:LANGUAGE_NAME chiKirundi] [SL:COUNTRY Burundi] [SL:COUNTRY Rwanda] ],LANGUAGE_NAME: chiLozi $$ COUNTRY: Botswana $$ LANGUAGE_NAME: chiKirundi $$ COUNTRY: Burundi $$ COUNTRY: Rwanda,sna
travel,translate,What are the Kalanga words for hello in Kalanga?,"13:23:SL:LANGUAGE_NAME,47:57:SL:LANGUAGE_NAME",[IN:translate [SL:LANGUAGE_NAME chiKalanga] [SL:LANGUAGE_NAME chiKaranga] ],LANGUAGE_NAME: chiKalanga $$ LANGUAGE_NAME: chiKaranga,sna
travel,translate,How do the Mauritians say hello?,10:19:SL:COUNTRY,[IN:translate [SL:COUNTRY Mauritius] ],COUNTRY: Mauritius,sna
travel,translate,How do I say in Ndebele for what game?,18:28:SL:LANGUAGE_NAME,[IN:translate [SL:LANGUAGE_NAME chiNdevere] ],LANGUAGE_NAME: chiNdevere,sna
travel,translate,How do you say hello in Hindi?,30:38:SL:LANGUAGE_NAME,[IN:translate [SL:LANGUAGE_NAME chiHindi] ],LANGUAGE_NAME: chiHindi,sna
travel,translate,Tell me how do I say hello in Tsonga?,"15:24:SL:LANGUAGE_NAME,28:40:SL:COUNTRY",[IN:translate [SL:LANGUAGE_NAME chiTsonga] [SL:COUNTRY South Africa] ],LANGUAGE_NAME: chiTsonga $$ COUNTRY: South Africa,sna
travel,translate,How do I say goodbye to my friend?,"39:46:SL:LANGUAGE_NAME,53:59:SL:PLACE_NAME",[IN:translate [SL:LANGUAGE_NAME chiBuja] [SL:PLACE_NAME Mutoko] ],LANGUAGE_NAME: chiBuja $$ PLACE_NAME: Mutoko,sna
travel,translate,Translate the message of how are you in Xhosa.,48:53:SL:LANGUAGE_NAME,[IN:translate [SL:LANGUAGE_NAME Xhosa] ],LANGUAGE_NAME: Xhosa,sna
travel,translate,How do I say hello in Malay?,"37:46:SL:LANGUAGE_NAME,52:58:SL:COUNTRY",[IN:translate [SL:LANGUAGE_NAME chiNyanja] [SL:COUNTRY Malawi] ],LANGUAGE_NAME: chiNyanja $$ COUNTRY: Malawi,sna
travel,translate,Translate the word hello into Pakistani.,39:51:SL:LANGUAGE_NAME,[IN:translate [SL:LANGUAGE_NAME chiPakistani] ],LANGUAGE_NAME: chiPakistani,sna
travel,translate,What do you say when you see Burundi?,29:36:SL:COUNTRY,[IN:translate [SL:COUNTRY Burundi] ],COUNTRY: Burundi,sna
travel,translate,What is the Dutch word for hello?,16:24:SL:LANGUAGE_NAME,[IN:translate [SL:LANGUAGE_NAME chiDutch] ],LANGUAGE_NAME: chiDutch,sna
travel,translate,How do I say hello in German?,34:40:SL:LANGUAGE_NAME,[IN:translate [SL:LANGUAGE_NAME German] ],LANGUAGE_NAME: German,sna
travel,translate,How do I say I love you in Rwanda?,8:14:SL:COUNTRY,[IN:translate [SL:COUNTRY Rwanda] ],COUNTRY: Rwanda,sna
travel,translate,How do you say hello in Twi?,36:39:SL:LANGUAGE_NAME,[IN:translate [SL:LANGUAGE_NAME Twi] ],LANGUAGE_NAME: Twi,sna
travel,translate,How do you say it is raining in Lingala?,32:42:SL:LANGUAGE_NAME,[IN:translate [SL:LANGUAGE_NAME chiLingala] ],LANGUAGE_NAME: chiLingala,sna
travel,translate,How do you say in Sotho that I can also borrow ten thousand Malawian Kwacha in Chichewa?,"15:23:SL:LANGUAGE_NAME,44:67:SL:MONEY,71:77:SL:COUNTRY,83:91:SL:LANGUAGE_NAME",[IN:translate [SL:LANGUAGE_NAME chiSotho] [SL:MONEY zviuru gumi zvemaKwacha] [SL:COUNTRY Malawi] [SL:LANGUAGE_NAME Chichewa] ],LANGUAGE_NAME: chiSotho $$ MONEY: zviuru gumi zvemaKwacha $$ COUNTRY: Malawi $$ LANGUAGE_NAME: Chichewa,sna
travel,translate,How do I speak Ndebele to show what I have to say to the toilet?,20:27:SL:LANGUAGE_NAME,[IN:translate [SL:LANGUAGE_NAME Ndebele] ],LANGUAGE_NAME: Ndebele,sna
travel,translate,"If you want to say that I'm glad to meet you in Swedish, what would you say?",40:50:SL:LANGUAGE_NAME,[IN:translate [SL:LANGUAGE_NAME chiSwedish] ],LANGUAGE_NAME: chiSwedish,sna
travel,translate,"Please translate the greeting into Igbo, a language of Nigeria. ","50:54:SL:LANGUAGE_NAME,60:67:SL:COUNTRY",[IN:translate [SL:LANGUAGE_NAME Igbo] [SL:COUNTRY Nigeria] ],LANGUAGE_NAME: Igbo $$ COUNTRY: Nigeria,sna
travel,translate,Translate the words I love you into the ocean.,49:58:SL:LANGUAGE_NAME,[IN:translate [SL:LANGUAGE_NAME chiNyanja] ],LANGUAGE_NAME: chiNyanja,sna
travel,translate,Translate the words for where is the bar in Venda.,14:20:SL:LANGUAGE_NAME,[IN:translate [SL:LANGUAGE_NAME Vhenda] ],LANGUAGE_NAME: Vhenda,sna
travel,translate,How would I say goodbye to my fellow Kalanga in Botswana?,"12:19:SL:LANGUAGE_NAME,25:33:SL:COUNTRY",[IN:translate [SL:LANGUAGE_NAME Kalanga] [SL:COUNTRY Botswana] ],LANGUAGE_NAME: Kalanga $$ COUNTRY: Botswana,sna
travel,translate,How could I say I love you if I were in Tonga? ,49:54:SL:LANGUAGE_NAME,[IN:translate [SL:LANGUAGE_NAME Tonga] ],LANGUAGE_NAME: Tonga,sna
travel,translate,What would I say if I were in Los Angeles?,41:45:SL:LANGUAGE_NAME,[IN:translate [SL:LANGUAGE_NAME Lozi] ],LANGUAGE_NAME: Lozi,sna
travel,translate,Translate the farewell words into English.,55:62:SL:LANGUAGE_NAME,[IN:translate [SL:LANGUAGE_NAME chiNdau] ],LANGUAGE_NAME: chiNdau,sna
travel,translate,What do I say in English when I ask for a drink of water?,"15:24:SL:LANGUAGE_NAME,44:57:SL:DISH_OR_FOOD",[IN:translate [SL:LANGUAGE_NAME chiNyanja] [SL:DISH_OR_FOOD mvura yekunwa] ],LANGUAGE_NAME: chiNyanja $$ DISH_OR_FOOD: mvura yekunwa,sna
travel,translate,What do you say in English if you want to meet tomorrow?,"26:33:SL:LANGUAGE_NAME,59:67:SL:DATE",[IN:translate [SL:LANGUAGE_NAME Karanga] [SL:DATE mangwana] ],LANGUAGE_NAME: Karanga $$ DATE: mangwana,sna
travel,translate,What do I say in English if I want to see you later?,2:10:SL:LANGUAGE_NAME,[IN:translate [SL:LANGUAGE_NAME chiChewa] ],LANGUAGE_NAME: chiChewa,sna
travel,translate,How do you say hello in Spanish?,26:36:SL:LANGUAGE_NAME,[IN:translate [SL:LANGUAGE_NAME chiSpanish] ],LANGUAGE_NAME: chiSpanish,sna
travel,translate,How do we ask what the weather is like in Afrikaans?,49:61:SL:LANGUAGE_NAME,[IN:translate [SL:LANGUAGE_NAME chiAfrikaans] ],LANGUAGE_NAME: chiAfrikaans,sna
travel,translate,"How do I say in Pedi, 'Please don't hold back on my purchases'?",17:24:SL:LANGUAGE_NAME,[IN:translate [SL:LANGUAGE_NAME chiPedi] ],LANGUAGE_NAME: chiPedi,sna
travel,translate,How do I say breakfast in the Nambu language?,"21:40:SL:MEAL_PERIOD,43:52:SL:LANGUAGE_NAME,58:64:SL:CITY_OR_PROVINCE,69:77:SL:CITY_OR_PROVINCE",[IN:translate [SL:MEAL_PERIOD kudya kwemangwanani] [SL:LANGUAGE_NAME chiNambya] [SL:CITY_OR_PROVINCE Hwange] [SL:CITY_OR_PROVINCE Kamativi] ],MEAL_PERIOD: kudya kwemangwanani $$ LANGUAGE_NAME: chiNambya $$ CITY_OR_PROVINCE: Hwange $$ CITY_OR_PROVINCE: Kamativi,sna
travel,translate,How do you say good-bye in Angolan Portuguese?,"41:49:SL:LANGUAGE_NAME,55:61:SL:COUNTRY",[IN:translate [SL:LANGUAGE_NAME Putikezi] [SL:COUNTRY Angola] ],LANGUAGE_NAME: Putikezi $$ COUNTRY: Angola,sna
travel,translate,How Do I Say Thank You in English? ,35:41:SL:LANGUAGE_NAME,[IN:translate [SL:LANGUAGE_NAME Nyanja] ],LANGUAGE_NAME: Nyanja,sna
travel,travel_notification,"I will go to the Bocha Court, inform my bank.","13:18:SL:PLACE_NAME,22:28:SL:CITY_OR_PROVINCE",[IN:travel_notification [SL:PLACE_NAME Bocha] [SL:CITY_OR_PROVINCE Mutare] ],PLACE_NAME: Bocha $$ CITY_OR_PROVINCE: Mutare,sna
travel,travel_notification,Contact my First Capital bank and assure them that I will definitely go to Copper.,"22:35:SL:BANK_NAME,75:83:SL:PLACE_NAME",[IN:travel_notification [SL:BANK_NAME First Capital] [SL:PLACE_NAME Mhangura] ],BANK_NAME: First Capital $$ PLACE_NAME: Mhangura,sna
travel,travel_notification,Inform my bank that I will be going to Lake City starting Thursday for one week.,"36:43:SL:PLACE_NAME,59:64:SL:DATE,68:85:SL:DATE",[IN:travel_notification [SL:PLACE_NAME Madziva] [SL:DATE China] [SL:DATE vhiki rimwe chete] ],PLACE_NAME: Madziva $$ DATE: China $$ DATE: vhiki rimwe chete,sna
travel,travel_notification,Inform my bank that I will be on vacation at the Mazvikadei lake for the next few days.,61:71:SL:PLACE_NAME,[IN:travel_notification [SL:PLACE_NAME Mazvikadei] ],PLACE_NAME: Mazvikadei,sna
travel,travel_notification,"I will be in the Walls from Sunday to Wednesday, inform my CBZ bank.","13:21:SL:CITY_OR_PROVINCE,35:41:SL:DATE,57:64:SL:DATE,88:91:SL:BANK_NAME",[IN:travel_notification [SL:CITY_OR_PROVINCE Masvingo] [SL:DATE Svondo] [SL:DATE Chitatu] [SL:BANK_NAME CBZ] ],CITY_OR_PROVINCE: Masvingo $$ DATE: Svondo $$ DATE: Chitatu $$ BANK_NAME: CBZ,sna
travel,travel_notification,Inform my Cabs bank that I will be in Zambia beginning next week and for the next two weeks.,"22:26:SL:BANK_NAME,45:51:SL:COUNTRY,60:73:SL:DATE",[IN:travel_notification [SL:BANK_NAME Cabs] [SL:COUNTRY Zambia] [SL:DATE vhiki rinouya] ],BANK_NAME: Cabs $$ COUNTRY: Zambia $$ DATE: vhiki rinouya,sna
travel,travel_notification,Inform Steward Bank that I will be at Murehwa from 8th December 2023 to 12th January 2024.,"7:19:SL:BANK_NAME,37:44:SL:PLACE_NAME,56:70:SL:DATE,84:99:SL:DATE",[IN:travel_notification [SL:BANK_NAME Steward Bank] [SL:PLACE_NAME Murehwa] [SL:DATE wa8 Zvita 2023] [SL:DATE wa12 Ndira 2024] ],BANK_NAME: Steward Bank $$ PLACE_NAME: Murehwa $$ DATE: wa8 Zvita 2023 $$ DATE: wa12 Ndira 2024,sna
travel,travel_notification,Contact my CBZ bank and tell them that I will be in the Mutoko area all next month.,"20:23:SL:BANK_NAME,64:70:SL:CITY_OR_PROVINCE,71:84:SL:DATE",[IN:travel_notification [SL:BANK_NAME CBZ] [SL:CITY_OR_PROVINCE Mutoko] [SL:DATE mwedzi unouya] ],BANK_NAME: CBZ $$ CITY_OR_PROVINCE: Mutoko $$ DATE: mwedzi unouya,sna
travel,travel_notification,"I'll go to Hwange right now, tell my bank.",13:19:SL:CITY_OR_PROVINCE,[IN:travel_notification [SL:CITY_OR_PROVINCE Hwange] ],CITY_OR_PROVINCE: Hwange,sna
travel,travel_notification,"Tomorrow morning I will go to the Bocha Court, tell my bank FBC.","0:8:SL:DATE,9:15:SL:TIME,29:34:SL:PLACE_NAME,38:44:SL:CITY_OR_PROVINCE,66:69:SL:BANK_NAME",[IN:travel_notification [SL:DATE Mangwana] [SL:TIME kuseni] [SL:PLACE_NAME Bocha] [SL:CITY_OR_PROVINCE Mutare] [SL:BANK_NAME FBC] ],DATE: Mangwana $$ TIME: kuseni $$ PLACE_NAME: Bocha $$ CITY_OR_PROVINCE: Mutare $$ BANK_NAME: FBC,sna
travel,travel_notification,Inform the bank that I will be going to Bulawayo from July 3 to July 6.,33:41:SL:CITY_OR_PROVINCE,[IN:travel_notification [SL:CITY_OR_PROVINCE Bulawayo] ],CITY_OR_PROVINCE: Bulawayo,sna
travel,travel_notification,Inform my FBC bank that I will be in Juju this week.,"20:23:SL:BANK_NAME,47:53:SL:PLACE_NAME,54:64:SL:DATE",[IN:travel_notification [SL:BANK_NAME FBC] [SL:PLACE_NAME Chivhu] [SL:DATE vhiki rino] ],BANK_NAME: FBC $$ PLACE_NAME: Chivhu $$ DATE: vhiki rino,sna
travel,travel_notification,I would like to inform my CBZ bank that I will be in the city of Harare for a few hours.,"32:35:SL:BANK_NAME,77:83:SL:CITY_OR_PROVINCE,87:104:SL:TIME",[IN:travel_notification [SL:BANK_NAME CBZ] [SL:CITY_OR_PROVINCE Harare] [SL:TIME maawa mashomanini] ],BANK_NAME: CBZ $$ CITY_OR_PROVINCE: Harare $$ TIME: maawa mashomanini,sna
travel,travel_notification,Inform my bank that I will be going to Chinhoyi Caves from July 2 to July 27.,"38:52:SL:PLACE_NAME,64:78:SL:DATE,92:107:SL:DATE",[IN:travel_notification [SL:PLACE_NAME Chinhoyi Caves] [SL:DATE wa2 Chikunguru] [SL:DATE wa27 Chikunguru] ],PLACE_NAME: Chinhoyi Caves $$ DATE: wa2 Chikunguru $$ DATE: wa27 Chikunguru,sna
travel,travel_notification,Inform my bank that I will be visiting the country of Saudi Arabia.,46:58:SL:COUNTRY,[IN:travel_notification [SL:COUNTRY Saudi Arabia] ],COUNTRY: Saudi Arabia,sna
travel,travel_notification,"I will be traveling to Angola from January 1 to January 22, so inform my Steward bank.","21:27:SL:COUNTRY,39:48:SL:DATE,62:72:SL:DATE,100:107:SL:BANK_NAME",[IN:travel_notification [SL:COUNTRY Angola] [SL:DATE wa1 Ndira] [SL:DATE wa22 Ndira] [SL:BANK_NAME Steward] ],COUNTRY: Angola $$ DATE: wa1 Ndira $$ DATE: wa22 Ndira $$ BANK_NAME: Steward,sna
travel,travel_notification,Inform my Steward Bank that I am going to Matopos for Christmas break.,"20:32:SL:BANK_NAME,53:60:SL:PLACE_NAME,72:80:SL:CALENDAR_EVENT",[IN:travel_notification [SL:BANK_NAME Steward Bank] [SL:PLACE_NAME Matopos] [SL:CALENDAR_EVENT Kisimusi] ],BANK_NAME: Steward Bank $$ PLACE_NAME: Matopos $$ CALENDAR_EVENT: Kisimusi,sna
travel,travel_notification,Inform my CBZ bank that I will be out of the office for the next two days.,"23:26:SL:BANK_NAME,60:82:SL:DATE",[IN:travel_notification [SL:BANK_NAME CBZ] [SL:DATE mazuva maviri anoteera] ],BANK_NAME: CBZ $$ DATE: mazuva maviri anoteera,sna
travel,travel_notification,Inform the NMB that I will be going to Bulawayo for work for two weeks only.,"11:14:SL:BANK_NAME,33:41:SL:CITY_OR_PROVINCE,52:66:SL:DATE",[IN:travel_notification [SL:BANK_NAME NMB] [SL:CITY_OR_PROVINCE Bulawayo] [SL:DATE mavhiki maviri] ],BANK_NAME: NMB $$ CITY_OR_PROVINCE: Bulawayo $$ DATE: mavhiki maviri,sna
travel,travel_notification,Inform the FBC bank that I will be in Victoria Falls from December 3 to January 10.,"16:19:SL:BANK_NAME,38:52:SL:CITY_OR_PROVINCE",[IN:travel_notification [SL:BANK_NAME FBC] [SL:CITY_OR_PROVINCE Victoria Falls] ],BANK_NAME: FBC $$ CITY_OR_PROVINCE: Victoria Falls,sna
travel,travel_notification,Inform my CBZ bank that I will be working at Masvingo for a week from February 1 to February 7.,"22:25:SL:BANK_NAME,56:64:SL:CITY_OR_PROVINCE,65:75:SL:DATE,87:98:SL:DATE,112:123:SL:DATE",[IN:travel_notification [SL:BANK_NAME CBZ] [SL:CITY_OR_PROVINCE Masvingo] [SL:DATE vhiki rose] [SL:DATE wa1 Kukadzi] [SL:DATE wa7 Kukadzi] ],BANK_NAME: CBZ $$ CITY_OR_PROVINCE: Masvingo $$ DATE: vhiki rose $$ DATE: wa1 Kukadzi $$ DATE: wa7 Kukadzi,sna
travel,travel_notification,Inform my Cabs bank that I will be in Court from May 5 to June 25.,"24:28:SL:BANK_NAME,53:59:SL:CITY_OR_PROVINCE,71:83:SL:DATE,97:109:SL:DATE",[IN:travel_notification [SL:BANK_NAME Cabs] [SL:CITY_OR_PROVINCE Mutare] [SL:DATE wa5 Chivabvu] [SL:DATE wa25 Chikumi] ],BANK_NAME: Cabs $$ CITY_OR_PROVINCE: Mutare $$ DATE: wa5 Chivabvu $$ DATE: wa25 Chikumi,sna
travel,travel_notification,Please inform my Steward bank that I will be in Marondera from October 9 to October 19.,"25:32:SL:BANK_NAME,56:65:SL:CITY_OR_PROVINCE,77:89:SL:DATE,103:116:SL:DATE",[IN:travel_notification [SL:BANK_NAME Steward] [SL:CITY_OR_PROVINCE Marondera] [SL:DATE wa9 Gumiguru] [SL:DATE wa19 Gumiguru] ],BANK_NAME: Steward $$ CITY_OR_PROVINCE: Marondera $$ DATE: wa9 Gumiguru $$ DATE: wa19 Gumiguru,sna
travel,travel_notification,Tell the NMB that I will be going to Zambia from March 6 to March 28.,"11:14:SL:BANK_NAME,33:39:SL:COUNTRY,51:61:SL:DATE,75:86:SL:DATE",[IN:travel_notification [SL:BANK_NAME NMB] [SL:COUNTRY Zambia] [SL:DATE wa6 Kurume] [SL:DATE wa28 Kurume] ],BANK_NAME: NMB $$ COUNTRY: Zambia $$ DATE: wa6 Kurume $$ DATE: wa28 Kurume,sna
travel,travel_notification,Inform my Steward Bank that I will be leaving Zimbabwe.,"22:34:SL:BANK_NAME,61:69:SL:COUNTRY",[IN:travel_notification [SL:BANK_NAME Steward Bank] [SL:COUNTRY Zimbabwe] ],BANK_NAME: Steward Bank $$ COUNTRY: Zimbabwe,sna
travel,travel_notification,Inform my NMB bank that I will be leaving Zimbabwe in the next few days.,"22:25:SL:BANK_NAME,52:60:SL:COUNTRY",[IN:travel_notification [SL:BANK_NAME NMB] [SL:COUNTRY Zimbabwe] ],BANK_NAME: NMB $$ COUNTRY: Zimbabwe,sna
travel,travel_notification,"I want to leave the country of Zimbabwe nearby, tell my bank FBC.","25:33:SL:COUNTRY,67:70:SL:BANK_NAME",[IN:travel_notification [SL:COUNTRY Zimbabwe] [SL:BANK_NAME FBC] ],COUNTRY: Zimbabwe $$ BANK_NAME: FBC,sna
travel,travel_notification,"I'm going out of the country in the next few days, tell my Cabs bank.","19:42:SL:DATE,69:73:SL:BANK_NAME",[IN:travel_notification [SL:DATE mazuva mashoma anoteera] [SL:BANK_NAME Cabs] ],DATE: mazuva mashoma anoteera $$ BANK_NAME: Cabs,sna
travel,travel_notification,"I'm leaving the country now, tell my steward.",59:66:SL:BANK_NAME,[IN:travel_notification [SL:BANK_NAME Steward] ],BANK_NAME: Steward,sna
travel,travel_notification,Inform my bank that I am going to Zambia.,"20:23:SL:BANK_NAME,44:50:SL:COUNTRY",[IN:travel_notification [SL:BANK_NAME NMB] [SL:COUNTRY Zambia] ],BANK_NAME: NMB $$ COUNTRY: Zambia,sna
travel,travel_notification,Inform the Stanbic bank that I will be in Matopos this weekend.,"17:24:SL:BANK_NAME,48:55:SL:PLACE_NAME",[IN:travel_notification [SL:BANK_NAME Stanbic] [SL:PLACE_NAME Matopos] ],BANK_NAME: Stanbic $$ PLACE_NAME: Matopos,sna
travel,travel_notification,Inform the NMB bank that I will be going to Chimanimani.,"16:19:SL:BANK_NAME,38:49:SL:PLACE_NAME",[IN:travel_notification [SL:BANK_NAME NMB] [SL:PLACE_NAME Chimanimani] ],BANK_NAME: NMB $$ PLACE_NAME: Chimanimani,sna
travel,travel_notification,"Inform my bank that I will be in Pretoria, South Africa.","44:52:SL:CITY_OR_PROVINCE,54:66:SL:COUNTRY",[IN:travel_notification [SL:CITY_OR_PROVINCE Pretoria] [SL:COUNTRY South Africa] ],CITY_OR_PROVINCE: Pretoria $$ COUNTRY: South Africa,sna
travel,travel_notification,Inform my CBZ bank that I will be going to Ghana.,"22:25:SL:BANK_NAME,44:49:SL:COUNTRY",[IN:travel_notification [SL:BANK_NAME CBZ] [SL:COUNTRY Ghana] ],BANK_NAME: CBZ $$ COUNTRY: Ghana,sna
travel,travel_notification,"I'm about to go to the Walls, tell my Cabs bank.","20:28:SL:CITY_OR_PROVINCE,50:54:SL:BANK_NAME",[IN:travel_notification [SL:CITY_OR_PROVINCE Masvingo] [SL:BANK_NAME Cabs] ],CITY_OR_PROVINCE: Masvingo $$ BANK_NAME: Cabs,sna
travel,travel_notification,"I will go to Murehwa in the next few days, inform my CBZ bank.","14:21:SL:PLACE_NAME,62:65:SL:BANK_NAME",[IN:travel_notification [SL:PLACE_NAME Murehwa] [SL:BANK_NAME CBZ] ],PLACE_NAME: Murehwa $$ BANK_NAME: CBZ,sna
travel,travel_notification,"I'm going to Buhera in the next few days, tell my bank.",15:21:SL:PLACE_NAME,[IN:travel_notification [SL:PLACE_NAME Buhera] ],PLACE_NAME: Buhera,sna
travel,travel_notification,I want to go to the bank now and tell my bank.,"15:20:SL:PLACE_NAME,21:32:SL:TIME",[IN:travel_notification [SL:PLACE_NAME Mbare] [SL:TIME manje manje] ],PLACE_NAME: Mbare $$ TIME: manje manje,sna
travel,travel_notification,I'll need to go to town right now and tell my bank.,,[IN:travel_notification ],,sna
travel,travel_notification,Inform my bank that I am traveling to South Africa from January 4 to February 5.,"38:50:SL:COUNTRY,62:71:SL:DATE,85:96:SL:DATE",[IN:travel_notification [SL:COUNTRY South Africa] [SL:DATE wa4 Ndira] [SL:DATE wa5 Kukadzi] ],COUNTRY: South Africa $$ DATE: wa4 Ndira $$ DATE: wa5 Kukadzi,sna
travel,travel_notification,Inform my NMB bank that I will be in Masvingo city from May 3 to May 14.,"22:25:SL:BANK_NAME,46:54:SL:CITY_OR_PROVINCE,66:78:SL:DATE,92:105:SL:DATE",[IN:travel_notification [SL:BANK_NAME NMB] [SL:CITY_OR_PROVINCE Masvingo] [SL:DATE wa3 Chivabvu] [SL:DATE wa14 Chivabvu] ],BANK_NAME: NMB $$ CITY_OR_PROVINCE: Masvingo $$ DATE: wa3 Chivabvu $$ DATE: wa14 Chivabvu,sna
travel,travel_notification,Inform my bank that I will be traveling to Kadoma from November to December.,"54:60:SL:CITY_OR_PROVINCE,72:78:SL:DATE,92:97:SL:DATE",[IN:travel_notification [SL:CITY_OR_PROVINCE Kadoma] [SL:DATE Mbudzi] [SL:DATE Zvita] ],CITY_OR_PROVINCE: Kadoma $$ DATE: Mbudzi $$ DATE: Zvita,sna
travel,travel_notification,Inform my bank that I will be in Malawi from December 12 to February 13.,"43:49:SL:COUNTRY,61:71:SL:DATE,85:97:SL:DATE",[IN:travel_notification [SL:COUNTRY Malawi] [SL:DATE wa12 Zvita] [SL:DATE wa13 Kukadzi] ],COUNTRY: Malawi $$ DATE: wa12 Zvita $$ DATE: wa13 Kukadzi,sna
travel,travel_notification,Call my Steward's bank and inform them that I will be in Swaziland from May 18 to June 29.,"22:29:SL:BANK_NAME,61:70:SL:COUNTRY,82:95:SL:DATE,110:122:SL:DATE",[IN:travel_notification [SL:BANK_NAME Steward] [SL:COUNTRY Swaziland] [SL:DATE wa18 Chivabvu] [SL:DATE wa29 Chikumi] ],BANK_NAME: Steward $$ COUNTRY: Swaziland $$ DATE: wa18 Chivabvu $$ DATE: wa29 Chikumi,sna
travel,travel_notification,Inform my bank that I will be in Chitungwiza from March 1 to 7.,"41:52:SL:CITY_OR_PROVINCE,65:68:SL:DATE,82:92:SL:DATE",[IN:travel_notification [SL:CITY_OR_PROVINCE Chitungwiza] [SL:DATE wa1] [SL:DATE wa7 Kurume] ],CITY_OR_PROVINCE: Chitungwiza $$ DATE: wa1 $$ DATE: wa7 Kurume,sna
travel,travel_notification,Inform my Steward bank that I am in Chinhoyi from 8 to 28 April.,"23:30:SL:BANK_NAME,44:52:SL:CITY_OR_PROVINCE,64:67:SL:DATE,81:94:SL:DATE",[IN:travel_notification [SL:BANK_NAME Steward] [SL:CITY_OR_PROVINCE Chinhoyi] [SL:DATE wa8] [SL:DATE wa28 Kubvumbi] ],BANK_NAME: Steward $$ CITY_OR_PROVINCE: Chinhoyi $$ DATE: wa8 $$ DATE: wa28 Kubvumbi,sna
travel,travel_notification,Please inform my bank that I will be in the village of Murehwa from the 12th to the 15th.,"66:73:SL:PLACE_NAME,85:89:SL:DATE,103:107:SL:DATE",[IN:travel_notification [SL:PLACE_NAME Murehwa] [SL:DATE wa12] [SL:DATE wa15] ],PLACE_NAME: Murehwa $$ DATE: wa12 $$ DATE: wa15,sna
travel,travel_notification,Tell the NMB Bank that I will be visiting Chiredzi from the 17th to the 30th.,"11:19:SL:BANK_NAME,42:50:SL:PLACE_NAME,62:66:SL:DATE,80:84:SL:DATE",[IN:travel_notification [SL:BANK_NAME NMB Bank] [SL:PLACE_NAME Chiredzi] [SL:DATE wa17] [SL:DATE wa30] ],BANK_NAME: NMB Bank $$ PLACE_NAME: Chiredzi $$ DATE: wa17 $$ DATE: wa30,sna
travel,travel_notification,I'll walk to the nearest Chipinge and tell my bank steward.,"21:29:SL:CITY_OR_PROVINCE,64:71:SL:BANK_NAME",[IN:travel_notification [SL:CITY_OR_PROVINCE Chipinge] [SL:BANK_NAME Steward] ],CITY_OR_PROVINCE: Chipinge $$ BANK_NAME: Steward,sna
travel,travel_notification,Inform my First Capital bank that I will be traveling to Karoi.,"22:35:SL:BANK_NAME,62:67:SL:CITY_OR_PROVINCE",[IN:travel_notification [SL:BANK_NAME First Capital] [SL:CITY_OR_PROVINCE Karoi] ],BANK_NAME: First Capital $$ CITY_OR_PROVINCE: Karoi,sna
travel,travel_notification,Inform my bank that I will be traveling to Nigeria.,49:56:SL:COUNTRY,[IN:travel_notification [SL:COUNTRY Nigeria] ],COUNTRY: Nigeria,sna
travel,travel_notification,"I will be traveling to Bulawayo in the next few days, inform my Stanbic bank.","21:29:SL:CITY_OR_PROVINCE,82:89:SL:BANK_NAME",[IN:travel_notification [SL:CITY_OR_PROVINCE Bulawayo] [SL:BANK_NAME Stanbic] ],CITY_OR_PROVINCE: Bulawayo $$ BANK_NAME: Stanbic,sna
travel,travel_notification,I want to go to Victoria Falls now and now tell my bank.,20:34:SL:CITY_OR_PROVINCE,[IN:travel_notification [SL:CITY_OR_PROVINCE Victoria Falls] ],CITY_OR_PROVINCE: Victoria Falls,sna
travel,travel_notification,I'm going to the Lake now and tell my steward.,"13:20:SL:PLACE_NAME,57:64:SL:BANK_NAME",[IN:travel_notification [SL:PLACE_NAME Madziva] [SL:BANK_NAME Steward] ],PLACE_NAME: Madziva $$ BANK_NAME: Steward,sna
travel,travel_notification,Contact my NMB bank and inform them that I am going to Germany.,"22:25:SL:BANK_NAME,52:59:SL:COUNTRY",[IN:travel_notification [SL:BANK_NAME NMB] [SL:COUNTRY Germany] ],BANK_NAME: NMB $$ COUNTRY: Germany,sna
travel,travel_notification,Inform my bank in Stanbic that I will be going to Malawi.,"24:31:SL:BANK_NAME,50:56:SL:COUNTRY",[IN:travel_notification [SL:BANK_NAME Stanbic] [SL:COUNTRY Malawi] ],BANK_NAME: Stanbic $$ COUNTRY: Malawi,sna
travel,travel_notification,Contact my CBZ bank and tell them that I will be going to Karoi.,"20:23:SL:BANK_NAME,50:55:SL:CITY_OR_PROVINCE",[IN:travel_notification [SL:BANK_NAME CBZ] [SL:CITY_OR_PROVINCE Karoi] ],BANK_NAME: CBZ $$ CITY_OR_PROVINCE: Karoi,sna
travel,travel_notification,I will go to Gondoro now and report my bank.,13:21:SL:PLACE_NAME,[IN:travel_notification [SL:PLACE_NAME Mhondoro] ],PLACE_NAME: Mhondoro,sna
travel,travel_notification,How can I inform my NMB bank that I want to move to Masvingo?,"34:37:SL:BANK_NAME,60:68:SL:CITY_OR_PROVINCE",[IN:travel_notification [SL:BANK_NAME NMB] [SL:CITY_OR_PROVINCE Masvingo] ],BANK_NAME: NMB $$ CITY_OR_PROVINCE: Masvingo,sna
travel,travel_notification,How do I tell my FBC bank that I want to go to Chiredzi?,"30:33:SL:BANK_NAME,54:62:SL:CITY_OR_PROVINCE",[IN:travel_notification [SL:BANK_NAME FBC] [SL:CITY_OR_PROVINCE Chiredzi] ],BANK_NAME: FBC $$ CITY_OR_PROVINCE: Chiredzi,sna
travel,travel_notification,"I will need to go to Plumtree in the next few days, how will my CBZ bank inform me?","18:26:SL:CITY_OR_PROVINCE,29:52:SL:DATE,69:72:SL:BANK_NAME",[IN:travel_notification [SL:CITY_OR_PROVINCE Plumtree] [SL:DATE mazuva mashoma anoteera] [SL:BANK_NAME CBZ] ],CITY_OR_PROVINCE: Plumtree $$ DATE: mazuva mashoma anoteera $$ BANK_NAME: CBZ,sna
travel,travel_notification,How do I notify my Steward Bank that I want to go to Marondera?,"44:56:SL:BANK_NAME,77:86:SL:CITY_OR_PROVINCE",[IN:travel_notification [SL:BANK_NAME Steward Bank] [SL:CITY_OR_PROVINCE Marondera] ],BANK_NAME: Steward Bank $$ CITY_OR_PROVINCE: Marondera,sna
travel,travel_notification,How do I inform my Steward Bank that I want to go to Chinhoyi?,"47:59:SL:BANK_NAME,80:88:SL:CITY_OR_PROVINCE",[IN:travel_notification [SL:BANK_NAME Steward Bank] [SL:CITY_OR_PROVINCE Chinhoyi] ],BANK_NAME: Steward Bank $$ CITY_OR_PROVINCE: Chinhoyi,sna
travel,travel_notification,"From December to January I will be in the village of Murehwa, contact my FBC bank.","11:16:SL:DATE,30:35:SL:DATE,63:70:SL:PLACE_NAME,92:95:SL:BANK_NAME",[IN:travel_notification [SL:DATE Zvita] [SL:DATE Ndira] [SL:PLACE_NAME Murehwa] [SL:BANK_NAME FBC] ],DATE: Zvita $$ DATE: Ndira $$ PLACE_NAME: Murehwa $$ BANK_NAME: FBC,sna
travel,travel_notification,Inform my bank that I will be in Gondoro from January to February.,"34:42:SL:PLACE_NAME,49:54:SL:DATE,63:70:SL:DATE",[IN:travel_notification [SL:PLACE_NAME Mhondoro] [SL:DATE Ndira] [SL:DATE Kukadzi] ],PLACE_NAME: Mhondoro $$ DATE: Ndira $$ DATE: Kukadzi,sna
travel,travel_notification,"I will be in Lilongwe from February to March, so inform my FBC bank.","18:26:SL:CITY_OR_PROVINCE,38:45:SL:DATE,59:65:SL:DATE,94:97:SL:BANK_NAME",[IN:travel_notification [SL:CITY_OR_PROVINCE Lilongwe] [SL:DATE Kukadzi] [SL:DATE Kurume] [SL:BANK_NAME FBC] ],CITY_OR_PROVINCE: Lilongwe $$ DATE: Kukadzi $$ DATE: Kurume $$ BANK_NAME: FBC,sna
travel,travel_notification,Inform my bank that I will be in Masvingo from January to March.,"43:51:SL:CITY_OR_PROVINCE,58:63:SL:DATE,77:83:SL:DATE",[IN:travel_notification [SL:CITY_OR_PROVINCE Masvingo] [SL:DATE Ndira] [SL:DATE Kurume] ],CITY_OR_PROVINCE: Masvingo $$ DATE: Ndira $$ DATE: Kurume,sna
travel,travel_notification,Please inform my bank that I will be in the United States from November to December.,"58:65:SL:CITY_OR_PROVINCE,77:83:SL:DATE,97:102:SL:DATE",[IN:travel_notification [SL:CITY_OR_PROVINCE Murehwa] [SL:DATE Mbudzi] [SL:DATE Zvita] ],CITY_OR_PROVINCE: Murehwa $$ DATE: Mbudzi $$ DATE: Zvita,sna
travel,travel_notification,Inform my bank that I will be traveling to Zaka from May 6 to June 6.,"48:52:SL:PLACE_NAME,64:76:SL:DATE,90:101:SL:DATE",[IN:travel_notification [SL:PLACE_NAME Zaka] [SL:DATE wa6 Chivabvu] [SL:DATE wa6 Chikumi] ],PLACE_NAME: Zaka $$ DATE: wa6 Chivabvu $$ DATE: wa6 Chikumi,sna
travel,travel_notification,Inform my bank that I will be traveling to Mazowe from January 1 to 18.,"47:53:SL:CITY_OR_PROVINCE,65:74:SL:DATE,83:91:SL:DATE",[IN:travel_notification [SL:CITY_OR_PROVINCE Mazowe] [SL:DATE wa1 Ndira] [SL:DATE 18 Ndira] ],CITY_OR_PROVINCE: Mazowe $$ DATE: wa1 Ndira $$ DATE: 18 Ndira,sna
travel,travel_notification,Inform my FBC bank about my trip to the Lakes from 13 July to 27 November.,"22:25:SL:BANK_NAME,58:65:SL:PLACE_NAME",[IN:travel_notification [SL:BANK_NAME FBC] [SL:PLACE_NAME Madziva] ],BANK_NAME: FBC $$ PLACE_NAME: Madziva,sna
travel,travel_notification,Inform the bank that I will be in Musina from June 1 to July 1.,"30:36:SL:PLACE_NAME,52:61:SL:DATE,77:89:SL:DATE",[IN:travel_notification [SL:PLACE_NAME Musina] [SL:DATE 1 Chikumi] [SL:DATE 1 Chikunguru] ],PLACE_NAME: Musina $$ DATE: 1 Chikumi $$ DATE: 1 Chikunguru,sna
travel,travel_notification,I am going to Malawi from 26 February to 6 April so inform my CBZ bank.,"15:21:SL:COUNTRY,33:45:SL:DATE,59:71:SL:DATE,99:102:SL:BANK_NAME",[IN:travel_notification [SL:COUNTRY Malawi] [SL:DATE wa26 Kukadzi] [SL:DATE wa6 Kubvumbi] [SL:BANK_NAME CBZ] ],COUNTRY: Malawi $$ DATE: wa26 Kukadzi $$ DATE: wa6 Kubvumbi $$ BANK_NAME: CBZ,sna
travel,travel_notification,Let my bank know that I will be going to Rwanda for a month.,"42:48:SL:COUNTRY,52:70:SL:DATE",[IN:travel_notification [SL:COUNTRY Rwanda] [SL:DATE mwedzi mumwe chete] ],COUNTRY: Rwanda $$ DATE: mwedzi mumwe chete,sna
travel,travel_notification,Write to my FBC bank informing them that starting on the 3rd I will be in South Sudan.,"30:33:SL:BANK_NAME,65:68:SL:DATE,87:98:SL:COUNTRY",[IN:travel_notification [SL:BANK_NAME FBC] [SL:DATE wa3] [SL:COUNTRY South Sudan] ],BANK_NAME: FBC $$ DATE: wa3 $$ COUNTRY: South Sudan,sna
travel,travel_notification,Contact my bank and tell them that I will be going to the Walls in the next two days.,"44:52:SL:CITY_OR_PROVINCE,55:77:SL:DATE",[IN:travel_notification [SL:CITY_OR_PROVINCE Masvingo] [SL:DATE mazuva maviri anoteera] ],CITY_OR_PROVINCE: Masvingo $$ DATE: mazuva maviri anoteera,sna
travel,travel_notification,Inform my steward that I will be in Mondoro starting on the 6th.,"22:29:SL:BANK_NAME,53:61:SL:PLACE_NAME,75:78:SL:DATE",[IN:travel_notification [SL:BANK_NAME Steward] [SL:PLACE_NAME Mhondoro] [SL:DATE wa6] ],BANK_NAME: Steward $$ PLACE_NAME: Mhondoro $$ DATE: wa6,sna
travel,travel_notification,Inform FBC bank that I will be going to Soweto in South Africa from May 3 to May 18.,"19:22:SL:BANK_NAME,41:47:SL:CITY_OR_PROVINCE,50:62:SL:COUNTRY,74:86:SL:DATE,100:113:SL:DATE",[IN:travel_notification [SL:BANK_NAME FBC] [SL:CITY_OR_PROVINCE Soweto] [SL:COUNTRY South Africa] [SL:DATE wa3 Chivabvu] [SL:DATE wa18 Chivabvu] ],BANK_NAME: FBC $$ CITY_OR_PROVINCE: Soweto $$ COUNTRY: South Africa $$ DATE: wa3 Chivabvu $$ DATE: wa18 Chivabvu,sna
travel,travel_notification,"On Friday I will go to Chipping and return on June 26, informing my bank of this arrangement.","7:15:SL:DATE,29:37:SL:CITY_OR_PROVINCE,57:69:SL:DATE",[IN:travel_notification [SL:DATE Chishanu] [SL:CITY_OR_PROVINCE Chipinge] [SL:DATE wa26 Chikumi] ],DATE: Chishanu $$ CITY_OR_PROVINCE: Chipinge $$ DATE: wa26 Chikumi,sna
travel,travel_notification,My bank should be informed that I am going to Angola.,61:67:SL:COUNTRY,[IN:travel_notification [SL:COUNTRY Angola] ],COUNTRY: Angola,sna
travel,travel_suggestion,What are some fun activities in the jungle?,38:49:SL:PLACE_NAME,[IN:travel_suggestion [SL:PLACE_NAME Chitungwiza] ],PLACE_NAME: Chitungwiza,sna
travel,travel_suggestion,Write down eight things to do when visiting Gondoro.,"13:20:SL:NUMBER,47:55:SL:PLACE_NAME",[IN:travel_suggestion [SL:NUMBER zvisere] [SL:PLACE_NAME Mhondoro] ],NUMBER: zvisere $$ PLACE_NAME: Mhondoro,sna
travel,travel_suggestion,Name ten places to see when I arrive in South Africa.,"14:18:SL:NUMBER,52:64:SL:COUNTRY",[IN:travel_suggestion [SL:NUMBER gumi] [SL:COUNTRY South Africa] ],NUMBER: gumi $$ COUNTRY: South Africa,sna
travel,travel_suggestion,List five tourist destinations in the western country of Lesotho.,"25:30:SL:NUMBER,58:65:SL:COUNTRY",[IN:travel_suggestion [SL:NUMBER shanu] [SL:COUNTRY Lesotho] ],NUMBER: shanu $$ COUNTRY: Lesotho,sna
travel,travel_suggestion,Tell me in detail about the beautiful tourist places in the city of Mutare.,60:66:SL:CITY_OR_PROVINCE,[IN:travel_suggestion [SL:CITY_OR_PROVINCE Mutare] ],CITY_OR_PROVINCE: Mutare,sna
travel,travel_suggestion,What pleasant activities can a couple in love enjoy in Kadoma?,"18:24:SL:CITY_OR_PROVINCE,38:44:SL:NUMBER",[IN:travel_suggestion [SL:CITY_OR_PROVINCE Kadoma] [SL:NUMBER vaviri] ],CITY_OR_PROVINCE: Kadoma $$ NUMBER: vaviri,sna
travel,travel_suggestion,List five popular tourist attractions in Hwange.,"14:19:SL:NUMBER,34:40:SL:CITY_OR_PROVINCE",[IN:travel_suggestion [SL:NUMBER shanu] [SL:CITY_OR_PROVINCE Hwange] ],NUMBER: shanu $$ CITY_OR_PROVINCE: Hwange,sna
travel,travel_suggestion,Tell me where I can go on a visit during the Easter holidays.,50:58:SL:CALENDAR_EVENT,[IN:travel_suggestion [SL:CALENDAR_EVENT reEaster] ],CALENDAR_EVENT: reEaster,sna
travel,travel_suggestion,Make a list of five places to visit when I arrive in Kariba.,"14:19:SL:NUMBER,50:56:SL:CITY_OR_PROVINCE",[IN:travel_suggestion [SL:NUMBER shanu] [SL:CITY_OR_PROVINCE Kariba] ],NUMBER: shanu $$ CITY_OR_PROVINCE: Kariba,sna
travel,travel_suggestion,What attracts visitors to the Beatbridge area?,39:49:SL:PLACE_NAME,[IN:travel_suggestion [SL:PLACE_NAME Beitbridge] ],PLACE_NAME: Beitbridge,sna
travel,travel_suggestion,Write what I will do if I arrive in Zambia on my trip.,35:41:SL:COUNTRY,[IN:travel_suggestion [SL:COUNTRY Zambia] ],COUNTRY: Zambia,sna
travel,travel_suggestion,Tell me about tourist attractions in Zambia that you would like to see.,40:46:SL:COUNTRY,[IN:travel_suggestion [SL:COUNTRY Zambia] ],COUNTRY: Zambia,sna
travel,travel_suggestion,Where do visitors to Karoi go for recreation and entertainment?,11:16:SL:CITY_OR_PROVINCE,[IN:travel_suggestion [SL:CITY_OR_PROVINCE Karoi] ],CITY_OR_PROVINCE: Karoi,sna
travel,travel_suggestion,List of places to see on the way from Harare to Bulawayo.,"45:51:SL:CITY_OR_PROVINCE,60:68:SL:CITY_OR_PROVINCE",[IN:travel_suggestion [SL:CITY_OR_PROVINCE Harare] [SL:CITY_OR_PROVINCE Bulawayo] ],CITY_OR_PROVINCE: Harare $$ CITY_OR_PROVINCE: Bulawayo,sna
travel,travel_suggestion,Name the beautiful places to see after entering the Mashonaland Province.,52:72:SL:CITY_OR_PROVINCE,[IN:travel_suggestion [SL:CITY_OR_PROVINCE Mashonaland Province] ],CITY_OR_PROVINCE: Mashonaland Province,sna
travel,travel_suggestion,"What are some of the interesting things that visitors to Lilongwe, Malawi, see?","19:27:SL:CITY_OR_PROVINCE,30:36:SL:COUNTRY",[IN:travel_suggestion [SL:CITY_OR_PROVINCE Lilongwe] [SL:COUNTRY Malawi] ],CITY_OR_PROVINCE: Lilongwe $$ COUNTRY: Malawi,sna
travel,travel_suggestion,What recreation can we do in Niger,33:38:SL:COUNTRY,[IN:travel_suggestion [SL:COUNTRY Niger] ],COUNTRY: Niger,sna
travel,travel_suggestion,Where should I register a visit to the supermarket,,[IN:travel_suggestion ],,sna
travel,travel_suggestion,What are the most fun places to visit with children's games?,,[IN:travel_suggestion ],,sna
travel,travel_suggestion,Which city is a good place to visit in Namibia?,35:42:SL:COUNTRY,[IN:travel_suggestion [SL:COUNTRY Namibia] ],COUNTRY: Namibia,sna
travel,travel_suggestion,Where else can you recommend me to go to see the wildlife in Zimbabwe,60:68:SL:COUNTRY,[IN:travel_suggestion [SL:COUNTRY Zimbabwe] ],COUNTRY: Zimbabwe,sna
travel,travel_suggestion,What is the best place to visit this time of year?,41:59:SL:DATE,[IN:travel_suggestion [SL:DATE pakati pano pegore] ],DATE: pakati pano pegore,sna
travel,travel_suggestion,What can I do when I visit Zanzibar?,40:48:SL:PLACE_NAME,[IN:travel_suggestion [SL:PLACE_NAME Zanzibar] ],PLACE_NAME: Zanzibar,sna
travel,travel_suggestion,What are the best restaurants in Pretoria,40:48:SL:CITY_OR_PROVINCE,[IN:travel_suggestion [SL:CITY_OR_PROVINCE Pretoria] ],CITY_OR_PROVINCE: Pretoria,sna
travel,travel_suggestion,What can we do if we are in Moscow,35:41:SL:CITY_OR_PROVINCE,[IN:travel_suggestion [SL:CITY_OR_PROVINCE Moscow] ],CITY_OR_PROVINCE: Moscow,sna
travel,travel_suggestion,When I visit Maseru what attractions should I see?,17:23:SL:CITY_OR_PROVINCE,[IN:travel_suggestion [SL:CITY_OR_PROVINCE Maseru] ],CITY_OR_PROVINCE: Maseru,sna
travel,travel_suggestion,What entertainment is available in Maputo,38:44:SL:CITY_OR_PROVINCE,[IN:travel_suggestion [SL:CITY_OR_PROVINCE Maputo] ],CITY_OR_PROVINCE: Maputo,sna
travel,travel_suggestion,Show me fun things to do in Zvishavane,42:52:SL:CITY_OR_PROVINCE,[IN:travel_suggestion [SL:CITY_OR_PROVINCE Zvishavane] ],CITY_OR_PROVINCE: Zvishavane,sna
travel,travel_suggestion,What are the famous attractions in Limpopo Province?,32:48:SL:CITY_OR_PROVINCE,[IN:travel_suggestion [SL:CITY_OR_PROVINCE Limpopo Province] ],CITY_OR_PROVINCE: Limpopo Province,sna
travel,travel_suggestion,Visit the top attractions in Bulawayo,34:42:SL:CITY_OR_PROVINCE,[IN:travel_suggestion [SL:CITY_OR_PROVINCE Bulawayo] ],CITY_OR_PROVINCE: Bulawayo,sna
travel,travel_suggestion,What are some of the attractions of the Court,40:46:SL:CITY_OR_PROVINCE,[IN:travel_suggestion [SL:CITY_OR_PROVINCE Mutare] ],CITY_OR_PROVINCE: Mutare,sna
travel,travel_suggestion,What attractions are most popular in the Zambezi Valley?,63:77:SL:PLACE_NAME,[IN:travel_suggestion [SL:PLACE_NAME Zambezi Valley] ],PLACE_NAME: Zambezi Valley,sna
travel,travel_suggestion,Where can I relax in this city?,,[IN:travel_suggestion ],,sna
travel,travel_suggestion,Tell me interesting tourist places like Kale in Kenya,55:60:SL:COUNTRY,[IN:travel_suggestion [SL:COUNTRY Kenya] ],COUNTRY: Kenya,sna
travel,travel_suggestion,Where can one go for a change of scenery?,,[IN:travel_suggestion ],,sna
travel,travel_suggestion,Cape Town places to visit ,2:11:SL:CITY_OR_PROVINCE,[IN:travel_suggestion [SL:CITY_OR_PROVINCE Cape Town] ],CITY_OR_PROVINCE: Cape Town,sna
travel,travel_suggestion,What are some things to do in Victoria Falls?,32:46:SL:CITY_OR_PROVINCE,[IN:travel_suggestion [SL:CITY_OR_PROVINCE Victoria Falls] ],CITY_OR_PROVINCE: Victoria Falls,sna
travel,travel_suggestion,What interesting things can visitors do in Kumasi?,2:8:SL:CITY_OR_PROVINCE,[IN:travel_suggestion [SL:CITY_OR_PROVINCE Kumasi] ],CITY_OR_PROVINCE: Kumasi,sna
travel,travel_suggestion,Tell me about interesting things that visitors can do in the Kruger National Park,58:79:SL:PLACE_NAME,[IN:travel_suggestion [SL:PLACE_NAME Krugers National Park] ],PLACE_NAME: Krugers National Park,sna
travel,travel_suggestion,What are the tourist attractions in Beira,44:49:SL:CITY_OR_PROVINCE,[IN:travel_suggestion [SL:CITY_OR_PROVINCE Beira] ],CITY_OR_PROVINCE: Beira,sna
travel,travel_suggestion,What exciting experiences can I expect to experience in Kampala?,54:61:SL:CITY_OR_PROVINCE,[IN:travel_suggestion [SL:CITY_OR_PROVINCE Kampala] ],CITY_OR_PROVINCE: Kampala,sna
travel,travel_suggestion,What can we enjoy in Durban?,23:29:SL:CITY_OR_PROVINCE,[IN:travel_suggestion [SL:CITY_OR_PROVINCE Durban] ],CITY_OR_PROVINCE: Durban,sna
travel,travel_suggestion,Where can we go for a fun Christmas vacation?,32:40:SL:CALENDAR_EVENT,[IN:travel_suggestion [SL:CALENDAR_EVENT Kisimusi] ],CALENDAR_EVENT: Kisimusi,sna
travel,travel_suggestion,Where in the Walls can we find a good place to go for a relaxing visit?,2:10:SL:CITY_OR_PROVINCE,[IN:travel_suggestion [SL:CITY_OR_PROVINCE Masvingo] ],CITY_OR_PROVINCE: Masvingo,sna
travel,travel_suggestion,What should we do when we arrive in the city of Harare?,47:53:SL:CITY_OR_PROVINCE,[IN:travel_suggestion [SL:CITY_OR_PROVINCE Harare] ],CITY_OR_PROVINCE: Harare,sna
travel,travel_suggestion,Name the major tourist attractions in the country of South Africa.,50:62:SL:COUNTRY,[IN:travel_suggestion [SL:COUNTRY South Africa] ],COUNTRY: South Africa,sna
travel,travel_suggestion,What exciting things can we do in the country of Zambia?,40:46:SL:COUNTRY,[IN:travel_suggestion [SL:COUNTRY Zambia] ],COUNTRY: Zambia,sna
travel,travel_suggestion,Name five popular tourist destinations in Canada.,"14:19:SL:NUMBER,34:40:SL:COUNTRY",[IN:travel_suggestion [SL:NUMBER shanu] [SL:COUNTRY Canada] ],NUMBER: shanu $$ COUNTRY: Canada,sna
travel,travel_suggestion,List some of the best places to visit in Portugal.,32:40:SL:COUNTRY,[IN:travel_suggestion [SL:COUNTRY Portugal] ],COUNTRY: Portugal,sna
travel,travel_suggestion,What should I do when I arrive in Chinhoyi?,34:42:SL:CITY_OR_PROVINCE,[IN:travel_suggestion [SL:CITY_OR_PROVINCE Chinhoyi] ],CITY_OR_PROVINCE: Chinhoyi,sna
travel,travel_suggestion,Write down the pleasant things I can do when I get to Gweru.,48:53:SL:CITY_OR_PROVINCE,[IN:travel_suggestion [SL:CITY_OR_PROVINCE Gweru] ],CITY_OR_PROVINCE: Gweru,sna
travel,travel_suggestion,Is there much to do in Victoria Falls?,32:46:SL:CITY_OR_PROVINCE,[IN:travel_suggestion [SL:CITY_OR_PROVINCE Victoria Falls] ],CITY_OR_PROVINCE: Victoria Falls,sna
travel,travel_suggestion,Make a list of things I should do when I get to Marondera.,39:48:SL:CITY_OR_PROVINCE,[IN:travel_suggestion [SL:CITY_OR_PROVINCE Marondera] ],CITY_OR_PROVINCE: Marondera,sna
travel,travel_suggestion,Is there anything for tourists to do in Kariba?,28:34:SL:CITY_OR_PROVINCE,[IN:travel_suggestion [SL:CITY_OR_PROVINCE Kariba] ],CITY_OR_PROVINCE: Kariba,sna
travel,travel_suggestion,Are there any tourist attractions and tasty food in Kadoma?,2:8:SL:CITY_OR_PROVINCE,[IN:travel_suggestion [SL:CITY_OR_PROVINCE Kadoma] ],CITY_OR_PROVINCE: Kadoma,sna
travel,travel_suggestion,What exciting things can we do when we arrive in Hwange,43:49:SL:CITY_OR_PROVINCE,[IN:travel_suggestion [SL:CITY_OR_PROVINCE Hwange] ],CITY_OR_PROVINCE: Hwange,sna
travel,travel_suggestion,Is there anything interesting to do in Beatbridge after visiting?,34:44:SL:CITY_OR_PROVINCE,[IN:travel_suggestion [SL:CITY_OR_PROVINCE Beitbridge] ],CITY_OR_PROVINCE: Beitbridge,sna
travel,travel_suggestion,What can visitors do to enjoy the Lake?,42:48:SL:PLACE_NAME,[IN:travel_suggestion [SL:PLACE_NAME Hwedza] ],PLACE_NAME: Hwedza,sna
travel,travel_suggestion,Is there anything fun to do when visiting Victoria Falls?,49:63:SL:CITY_OR_PROVINCE,[IN:travel_suggestion [SL:CITY_OR_PROVINCE Victoria Falls] ],CITY_OR_PROVINCE: Victoria Falls,sna
travel,travel_suggestion,Is there anything we can do to make Malawi fun once we get there?,50:56:SL:COUNTRY,[IN:travel_suggestion [SL:COUNTRY Malawi] ],COUNTRY: Malawi,sna
travel,travel_suggestion,List things to do when I arrive in Zambia with my friend.,38:44:SL:COUNTRY,[IN:travel_suggestion [SL:COUNTRY Zambia] ],COUNTRY: Zambia,sna
travel,travel_suggestion,Give me tips on what to do as a tourist in Hwange National Park.,43:63:SL:PLACE_NAME,[IN:travel_suggestion [SL:PLACE_NAME Hwange National Park] ],PLACE_NAME: Hwange National Park,sna
travel,travel_suggestion,Make a list of things to do in Matopos when I visit.,35:42:SL:PLACE_NAME,[IN:travel_suggestion [SL:PLACE_NAME Matopos] ],PLACE_NAME: Matopos,sna
travel,travel_suggestion,Where can I go to visit wildlife in Zimbabwe?,35:43:SL:COUNTRY,[IN:travel_suggestion [SL:COUNTRY Zimbabwe] ],COUNTRY: Zimbabwe,sna
travel,travel_suggestion,List five places in South Africa that I would like to visit for Easter this year.,"14:19:SL:NUMBER,28:40:SL:COUNTRY,68:74:SL:CALENDAR_EVENT,75:84:SL:DATE",[IN:travel_suggestion [SL:NUMBER shanu] [SL:COUNTRY South Africa] [SL:CALENDAR_EVENT Easter] [SL:DATE gore rino] ],NUMBER: shanu $$ COUNTRY: South Africa $$ CALENDAR_EVENT: Easter $$ DATE: gore rino,sna
travel,travel_suggestion,Is there a pleasant park in the Harlem neighborhood of Warren Park?,"2:8:SL:CITY_OR_PROVINCE,11:22:SL:PLACE_NAME",[IN:travel_suggestion [SL:CITY_OR_PROVINCE Harare] [SL:PLACE_NAME Warren Park] ],CITY_OR_PROVINCE: Harare $$ PLACE_NAME: Warren Park,sna
travel,travel_suggestion,Is there anything interesting to do in Kwawe in Mbizo when you visit?,"2:7:SL:CITY_OR_PROVINCE,10:15:SL:PLACE_NAME",[IN:travel_suggestion [SL:CITY_OR_PROVINCE Kwewe] [SL:PLACE_NAME Mbizo] ],CITY_OR_PROVINCE: Kwewe $$ PLACE_NAME: Mbizo,sna
travel,travel_suggestion,Are there any places here in Zimbabwe that I could visit this year?,"24:32:SL:COUNTRY,58:67:SL:DATE",[IN:travel_suggestion [SL:COUNTRY Zimbabwe] [SL:DATE gore rino] ],COUNTRY: Zimbabwe $$ DATE: gore rino,sna
travel,travel_suggestion,Where is the sand-and-water resort in South Africa?,61:73:SL:COUNTRY,[IN:travel_suggestion [SL:COUNTRY South Africa] ],COUNTRY: South Africa,sna
travel,travel_suggestion,List more interesting things to do in the Walled City during my visit.,35:43:SL:CITY_OR_PROVINCE,[IN:travel_suggestion [SL:CITY_OR_PROVINCE Masvingo] ],CITY_OR_PROVINCE: Masvingo,sna
travel,travel_suggestion,What can I do if I get into Luveve in Bulawayo?,"27:33:SL:PLACE_NAME,36:44:SL:CITY_OR_PROVINCE",[IN:travel_suggestion [SL:PLACE_NAME Luveve] [SL:CITY_OR_PROVINCE Bulawayo] ],PLACE_NAME: Luveve $$ CITY_OR_PROVINCE: Bulawayo,sna
travel,travel_suggestion,What fun could I have in the Courthouse Square when I get there?,"33:43:SL:PLACE_NAME,47:53:SL:CITY_OR_PROVINCE",[IN:travel_suggestion [SL:PLACE_NAME Dangamvura] [SL:CITY_OR_PROVINCE Mutare] ],PLACE_NAME: Dangamvura $$ CITY_OR_PROVINCE: Mutare,sna
travel,travel_suggestion,In ChiPinge which place should I visit that is as interesting as the fairy tale?,2:10:SL:CITY_OR_PROVINCE,[IN:travel_suggestion [SL:CITY_OR_PROVINCE Chipinge] ],CITY_OR_PROVINCE: Chipinge,sna
travel,travel_suggestion,Where in the Walled City can I find a tasty roast?,"17:25:SL:CITY_OR_PROVINCE,39:55:SL:DISH_OR_FOOD",[IN:travel_suggestion [SL:CITY_OR_PROVINCE Masvingo] [SL:DISH_OR_FOOD nyama yakagochwa] ],CITY_OR_PROVINCE: Masvingo $$ DISH_OR_FOOD: nyama yakagochwa,sna
travel,travel_suggestion,"Besides the Matopos, what other mountainous tourist area is there?",9:16:SL:PLACE_NAME,[IN:travel_suggestion [SL:PLACE_NAME Matopos] ],PLACE_NAME: Matopos,sna
travel,travel_suggestion,"In the Lion Park, can I walk to see the animals on foot?",2:11:SL:PLACE_NAME,[IN:travel_suggestion [SL:PLACE_NAME Lion Park] ],PLACE_NAME: Lion Park,sna
travel,travel_suggestion,What is Tanzania's tourist attraction this year?,"42:50:SL:COUNTRY,51:60:SL:DATE",[IN:travel_suggestion [SL:COUNTRY Tanzania] [SL:DATE gore rino] ],COUNTRY: Tanzania $$ DATE: gore rino,sna
travel,travel_suggestion,List the tourist place in Bulawayo that I would like to visit while playing golf.,20:28:SL:CITY_OR_PROVINCE,[IN:travel_suggestion [SL:CITY_OR_PROVINCE Bulawayo] ],CITY_OR_PROVINCE: Bulawayo,sna
travel,travel_suggestion,What can a visitor do in Mozambique?,2:11:SL:COUNTRY,[IN:travel_suggestion [SL:COUNTRY Mozabique] ],COUNTRY: Mozabique,sna
travel,travel_suggestion,Please tell me where I can find the Chinhoyi Caves in Zimbabwe.,"31:45:SL:PLACE_NAME,48:56:SL:COUNTRY",[IN:travel_suggestion [SL:PLACE_NAME Chinhoyi Caves] [SL:COUNTRY Zimbabwe] ],PLACE_NAME: Chinhoyi Caves $$ COUNTRY: Zimbabwe,sna
utility,alarm,I like to have time on my phone's sundial.,,[IN:alarm ],,sna
utility,alarm,Set my cell phone's alarm for 7:00 p.m. tomorrow and my phone to ring when those times arrive.,"57:68:SL:TIME,69:77:SL:DATE",[IN:alarm [SL:TIME dza7 madeko] [SL:DATE mangwana] ],TIME: dza7 madeko $$ DATE: mangwana,sna
utility,alarm,"Also, set my alarm for 5:00 a.m. tomorrow morning and my cell phone will ring when those times arrive.","18:22:SL:TIME,23:31:SL:DATE,32:38:SL:TIME",[IN:alarm [SL:TIME dza5] [SL:DATE mangwana] [SL:TIME kuseni] ],TIME: dza5 $$ DATE: mangwana $$ TIME: kuseni,sna
utility,alarm,I also request an appointment on my phone's day-to-day schedule.,,[IN:alarm ],,sna
utility,alarm,I want to have a timer on my sundial to tell me when the time is up.,,[IN:alarm ],,sna
utility,alarm,I want my sundial to wake me up when the time is right.,,[IN:alarm ],,sna
utility,alarm,I want to be woken up by the sound of my alarm clock on my cell phone.,,[IN:alarm ],,sna
utility,alarm,I like to have time on my cell phone and my phone ring when the time is right.,,[IN:alarm ],,sna
utility,alarm,Set my sundial for 11 o'clock tomorrow and let it ring when these times arrive.,"14:19:SL:TIME,20:28:SL:DATE",[IN:alarm [SL:TIME dza11] [SL:DATE mangwana] ],TIME: dza11 $$ DATE: mangwana,sna
utility,alarm,"Set the 9 a.m. time on my phone's daylight-saving display, and I'll be alerted by an audible when these times are reached.","10:14:SL:TIME,15:23:SL:DATE",[IN:alarm [SL:TIME dza9] [SL:DATE mangwana] ],TIME: dza9 $$ DATE: mangwana,sna
utility,alarm,I like to be awakened by the ringing of my cell phone at 8 o'clock in the morning.,66:77:SL:TIME,[IN:alarm [SL:TIME dza8 husiku] ],TIME: dza8 husiku,sna
utility,alarm,Make my alarm clock ring to wake me up when it's time.,,[IN:alarm ],,sna
utility,alarm,I like to have times when I wake up from my nap and rest when the times are right.,,[IN:alarm ],,sna
utility,alarm,I want my phone's alarm to ring and wake me up when the time is right.,,[IN:alarm ],,sna
utility,alarm,Set the 10 o'clock clock on my sundial tomorrow morning and let it ring to remind me when the times are right.,"11:16:SL:TIME,17:25:SL:DATE,26:32:SL:TIME",[IN:alarm [SL:TIME dza10] [SL:DATE mangwana] [SL:TIME kuseni] ],TIME: dza10 $$ DATE: mangwana $$ TIME: kuseni,sna
utility,alarm,"Set my phone's alarm for 9:00 a.m. and my phone will ring when it's right, don't miss it.",48:59:SL:TIME,[IN:alarm [SL:TIME dza9 kuseni] ],TIME: dza9 kuseni,sna
utility,alarm,"Also, have my cell phone wake me up at 6:00 a.m. tomorrow.","58:62:SL:TIME,63:71:SL:DATE,72:82:SL:TIME",[IN:alarm [SL:TIME dze6] [SL:DATE mangwana] [SL:TIME mangwanani] ],TIME: dze6 $$ DATE: mangwana $$ TIME: mangwanani,sna
utility,alarm,Make the alarm for my phone ring and wake me up.,,[IN:alarm ],,sna
utility,alarm,Make my fortress sound to wake me up.,,[IN:alarm ],,sna
utility,alarm,Set a new sundial for my panel so that it will ring when the times are right.,,[IN:alarm ],,sna
utility,alarm,I want my sundial to stop ringing when the time is right.,,[IN:alarm ],,sna
utility,alarm,Let my sunshine cry out when the appointed times of mine are fulfilled.,,[IN:alarm ],,sna
utility,alarm,Set my watch to ring to let me know when my appointed times are up.,,[IN:alarm ],,sna
utility,alarm,I like to have set times on my calendar so that my phone rings when the time is right.,,[IN:alarm ],,sna
utility,alarm,Set my cell phone's alarm to ring at 8:00 a.m. and again at 8:30 a.m.,"75:86:SL:TIME,99:112:SL:TIME",[IN:alarm [SL:TIME dza8 kuseni] [SL:TIME dza830 kuseni] ],TIME: dza8 kuseni $$ TIME: dza830 kuseni,sna
utility,alarm,I want the sundial to ring at 7:30 tomorrow morning.,"42:49:SL:TIME,50:58:SL:DATE,59:69:SL:TIME",[IN:alarm [SL:TIME dza0730] [SL:DATE mangwana] [SL:TIME mangwanani] ],TIME: dza0730 $$ DATE: mangwana $$ TIME: mangwanani,sna
utility,alarm,Can you make a sundial for me to work 845 hours tomorrow morning and make a noise when it is done?,"49:55:SL:TIME,56:64:SL:DATE,65:73:SL:TIME",[IN:alarm [SL:TIME dza845] [SL:DATE mangwana] [SL:TIME makuseni] ],TIME: dza845 $$ DATE: mangwana $$ TIME: makuseni,sna
utility,alarm,Set my cell phone's alarm clock to 4:00 and 5:00 a.m. and let me know when it's time.,"52:56:SL:TIME,65:82:SL:TIME",[IN:alarm [SL:TIME dza4] [SL:TIME dza5 madeuka zuva] ],TIME: dza4 $$ TIME: dza5 madeuka zuva,sna
utility,alarm,Hold the 7 and 815 o'clock hands on the sundial and make a noise when they are full.,"11:15:SL:TIME,24:41:SL:TIME",[IN:alarm [SL:TIME dza7] [SL:TIME dza815 mangwanani] ],TIME: dza7 $$ TIME: dza815 mangwanani,sna
utility,alarm,"Hold the alarm between 6 and 8 p.m. on the sun, and make a noise when it is time.","11:15:SL:TIME,24:36:SL:TIME",[IN:alarm [SL:TIME dza6] [SL:TIME dza8 manheru] ],TIME: dza6 $$ TIME: dza8 manheru,sna
utility,alarm,Set the sundial to 7 p.m. tomorrow night.,"35:39:SL:TIME,40:48:SL:DATE,49:55:SL:TIME",[IN:alarm [SL:TIME dza7] [SL:DATE mangwana] [SL:TIME madeko] ],TIME: dza7 $$ DATE: mangwana $$ TIME: madeko,sna
utility,alarm,Set up a sundial to make a noise at sunrise in the early morning.,"57:67:SL:DATE,68:78:SL:TIME",[IN:alarm [SL:DATE mangwanana] [SL:TIME mangwanani] ],DATE: mangwanana $$ TIME: mangwanani,sna
utility,alarm,"Hold two clocks, 3 p.m. and 4 p.m., and ring the bell when these times arrive.","25:26:SL:TIME,31:41:SL:TIME",[IN:alarm [SL:TIME 3] [SL:TIME 4 masikati] ],TIME: 3 $$ TIME: 4 masikati,sna
utility,alarm,Set up a sunglass to make a noise at sunset tomorrow.,"50:64:SL:TIME,65:73:SL:DATE",[IN:alarm [SL:TIME kudoka kwezuva] [SL:DATE mangwana] ],TIME: kudoka kwezuva $$ DATE: mangwana,sna
utility,alarm,Hold the 6 o'clock Saturday and the 9 o'clock Sunday sun and make a noise when these times are reached.,"11:15:SL:TIME,18:26:SL:DATE,36:40:SL:TIME,43:49:SL:DATE",[IN:alarm [SL:TIME dza6] [SL:DATE Mugovera] [SL:TIME dza9] [SL:DATE Svondo] ],TIME: dza6 $$ DATE: Mugovera $$ TIME: dza9 $$ DATE: Svondo,sna
utility,alarm,Should I turn on the sun visor to make a noise at busy times when it is time?,,[IN:alarm ],,sna
utility,alarm,How do I set the sundial to keep time and then to sound when the scheduled times are up?,,[IN:alarm ],,sna
utility,alarm,Please turn on the alarm and make it sound at busy times.,,[IN:alarm ],,sna
utility,alarm,Wait until 3 a.m. on the sunny side and then do the dishes.,11:26:SL:TIME,[IN:alarm [SL:TIME dza3 mangwanani] ],TIME: dza3 mangwanani,sna
utility,alarm,Hold the alarm for seven o'clock and make a loud noise when it is enough.,11:22:SL:TIME,[IN:alarm [SL:TIME dza7 madeko] ],TIME: dza7 madeko,sna
utility,alarm,Ring the bell when the 9 o'clock clock strikes.,23:34:SL:TIME,[IN:alarm [SL:TIME dza9 madeko] ],TIME: dza9 madeko,sna
utility,alarm,Be at 8 p.m. on the sunny side.,11:22:SL:TIME,[IN:alarm [SL:TIME dza8 madeko] ],TIME: dza8 madeko,sna
utility,alarm,Check my sundial at 10 a.m. and let me know when it's time.,11:23:SL:TIME,[IN:alarm [SL:TIME dza10 kuseni] ],TIME: dza10 kuseni,sna
utility,alarm,"Set up a seven o'clock morning catch on my sundial, and make a noise when they are enough.",25:40:SL:TIME,[IN:alarm [SL:TIME dza7 mangwanani] ],TIME: dza7 mangwanani,sna
utility,alarm,Set my sundial to 12 o'clock in the afternoon and turn it off when these times arrive.,42:56:SL:TIME,[IN:alarm [SL:TIME dza12 masikati] ],TIME: dza12 masikati,sna
utility,alarm,Set the alarm for 8 p.m. and make a noise when it is time.,10:21:SL:TIME,[IN:alarm [SL:TIME dza8 madeko] ],TIME: dza8 madeko,sna
utility,alarm,I like to be served at 3 p.m. in my restaurant and make a noise when these times are over.,18:28:SL:TIME,[IN:alarm [SL:TIME 3 masikati] ],TIME: 3 masikati,sna
utility,alarm,I'm on my cell phone at 3:00 a.m.,11:35:SL:TIME,[IN:alarm [SL:TIME dza3 rungwanani ngwanani] ],TIME: dza3 rungwanani ngwanani,sna
utility,alarm,Prepare by keeping a time in the sun.,,[IN:alarm ],,sna
utility,alarm,Set aside time to catch up on the day.,,[IN:alarm ],,sna
utility,alarm,Keep time on a daily basis.,,[IN:alarm ],,sna
utility,alarm,I like to be woken up by the sunrise on my cell phone when it's 5 a.m. with a loud blast.,66:77:SL:TIME,[IN:alarm [SL:TIME dza5 kuseni] ],TIME: dza5 kuseni,sna
utility,alarm,I want you to meet me at my place at 10:00 a.m. tomorrow morning and let me know when those times are up.,"25:41:SL:TIME,42:50:SL:DATE",[IN:alarm [SL:TIME dza10 mangwanani] [SL:DATE mangwana] ],TIME: dza10 mangwanani $$ DATE: mangwana,sna
utility,alarm,Please set the time for 11:00 p.m. on my cell phone.,19:27:SL:TIME,[IN:alarm [SL:TIME 11 usiku] ],TIME: 11 usiku,sna
utility,alarm,Please call me at 8 p.m. on my telephone dial.,19:31:SL:TIME,[IN:alarm [SL:TIME dza8  madeko] ],TIME: dza8  madeko,sna
utility,alarm,I need to be served at 5:00 a.m. on my day.,27:42:SL:TIME,[IN:alarm [SL:TIME dza5 mangwanani] ],TIME: dza5 mangwanani,sna
utility,alarm,I want to be served at 10 a.m. and 3 p.m. on my telephone panel and have my phone ring to let me know when these times are up.,"24:36:SL:TIME,45:58:SL:TIME",[IN:alarm [SL:TIME dza10 kuseni] [SL:TIME dza3 masikati] ],TIME: dza10 kuseni $$ TIME: dza3 masikati,sna
utility,alarm,I have a 8 a.m. and 5 p.m. time slot on my cell phone.,"11:26:SL:TIME,35:46:SL:TIME",[IN:alarm [SL:TIME dza8 mangwanani] [SL:TIME dza5 madeko] ],TIME: dza8 mangwanani $$ TIME: dza5 madeko,sna
utility,alarm,Could you work for me from 9 a.m. to 4 p.m. on my schedule?,"30:45:SL:TIME,54:68:SL:TIME",[IN:alarm [SL:TIME dza9 mangwanani] [SL:TIME dza 4 masikati] ],TIME: dza9 mangwanani $$ TIME: dza 4 masikati,sna
utility,alarm,Please also work for me at 3:00 and 4:00 tomorrow afternoon on my schedule.,"26:30:SL:TIME,39:43:SL:TIME,44:52:SL:DATE,53:61:SL:TIME",[IN:alarm [SL:TIME dza3] [SL:TIME dza4] [SL:DATE mangwana] [SL:TIME masikati] ],TIME: dza3 $$ TIME: dza4 $$ DATE: mangwana $$ TIME: masikati,sna
utility,alarm,Also help me by setting the 7 and 9 hours on my calendar and then ringing my phone.,"28:32:SL:TIME,41:45:SL:TIME",[IN:alarm [SL:TIME dza7] [SL:TIME dza9] ],TIME: dza7 $$ TIME: dza9,sna
utility,alarm,Tomorrow night at ten o'clock I want to be informed by my sundial.,"0:6:SL:TIME,7:15:SL:DATE,24:29:SL:TIME",[IN:alarm [SL:TIME Madeko] [SL:DATE mangwana] [SL:TIME dza10] ],TIME: Madeko $$ DATE: mangwana $$ TIME: dza10,sna
utility,alarm,"At 11 a.m., ring my phone to let me know that these hours have arrived.","8:13:SL:TIME,14:22:SL:DATE",[IN:alarm [SL:TIME dza11] [SL:DATE mangwana] ],TIME: dza11 $$ DATE: mangwana,sna
utility,alarm,I also want to be served at 7 o'clock on my calendar tomorrow and to cry when these hours are up.,"26:30:SL:TIME,53:61:SL:DATE",[IN:alarm [SL:TIME dza7] [SL:DATE mangwana] ],TIME: dza7 $$ DATE: mangwana,sna
utility,alarm,I want my sundial to ring at 4 a.m. tomorrow morning like I do.,"44:48:SL:TIME,49:57:SL:DATE,58:69:SL:TIME",[IN:alarm [SL:TIME dza4] [SL:DATE mangwana] [SL:TIME kuseni seni] ],TIME: dza4 $$ DATE: mangwana $$ TIME: kuseni seni,sna
utility,alarm,Ring my phone loudly at 8 a.m. tomorrow.,"38:42:SL:TIME,43:51:SL:DATE,52:62:SL:TIME",[IN:alarm [SL:TIME dza8] [SL:DATE mangwana] [SL:TIME mangwanani] ],TIME: dza8 $$ DATE: mangwana $$ TIME: mangwanani,sna
utility,alarm,Set a reminder of my schedule at 1 p.m. on my cell phone and have my phone ring when these times are reached.,47:60:SL:TIME,[IN:alarm [SL:TIME dza1 masikati] ],TIME: dza1 masikati,sna
utility,alarm,Set the alarm on my phone at 7:00 a.m. and wake me up when it is.,11:22:SL:TIME,[IN:alarm [SL:TIME dza7 kuseni] ],TIME: dza7 kuseni,sna
utility,alarm,Have my cell phone ring to alert me when it's 6:00 a.m.,51:62:SL:TIME,[IN:alarm [SL:TIME dza6 kuseni] ],TIME: dza6 kuseni,sna
utility,alarm,Touch the 910 times on my sundial and let me know when these times arrive.,5:17:SL:TIME,[IN:alarm [SL:TIME nguva dza910] ],TIME: nguva dza910,sna
utility,alarm,Hold me also four times a day on my watch and make a noise to let me know when it is enough.,12:33:SL:TIME,[IN:alarm [SL:TIME nguva dza4 mavirazuva] ],TIME: nguva dza4 mavirazuva,sna
utility,alarm,Tune my sundial at 9:00 p.m. and ring the bell when these times are reached.,11:22:SL:TIME,[IN:alarm [SL:TIME dza9 husiku] ],TIME: dza9 husiku,sna
utility,alarm,I want to have 1015 a.m. and 245 p.m. service on my cell phone and have it ring when those times arrive.,"24:38:SL:TIME,41:57:SL:TIME",[IN:alarm [SL:TIME dza1015 kuseni] [SL:TIME dza 245 masikati] ],TIME: dza1015 kuseni $$ TIME: dza 245 masikati,sna
utility,alarm,Set my alarm for 7 or 8 p.m. and then make a noise when those times arrive.,"16:20:SL:TIME,23:34:SL:TIME",[IN:alarm [SL:TIME dza7] [SL:TIME dza8 madeko] ],TIME: dza7 $$ TIME: dza8 madeko,sna
utility,alarm,I like to be served at 3 and 8 a.m. on the sunny side of my cell phone.,"24:28:SL:TIME,31:46:SL:TIME",[IN:alarm [SL:TIME dza3] [SL:TIME dza8 mangwanani] ],TIME: dza3 $$ TIME: dza8 mangwanani,sna
utility,alarm,"Touch the 550 p.m. and the hour after that times on my daylight-saving device, and ring my phone to let me know when these times are reached.",11:24:SL:TIME,[IN:alarm [SL:TIME dza550 madeko] ],TIME: dza550 madeko,sna
utility,alarm,"On my dial, dial 4.30 and 6.15 and have my phone ring when they arrive.","34:41:SL:TIME,44:52:SL:TIME",[IN:alarm [SL:TIME dza4.30] [SL:TIME dza 6.15] ],TIME: dza4.30 $$ TIME: dza 6.15,sna
utility,alarm,Ring 330 hours tomorrow afternoon on my dial and let my phone let me know when these times are reached.,"11:17:SL:TIME,18:26:SL:DATE,27:35:SL:TIME",[IN:alarm [SL:TIME dza330] [SL:DATE mangwana] [SL:TIME masikati] ],TIME: dza330 $$ DATE: mangwana $$ TIME: masikati,sna
utility,alarm,I would also like to have my cell phone dial 3 p.m. tomorrow and ring the bell to let me know when these times are reached.,"58:71:SL:TIME,72:80:SL:DATE",[IN:alarm [SL:TIME 3 dzemasikati] [SL:DATE mangwana] ],TIME: 3 dzemasikati $$ DATE: mangwana,sna
utility,alarm,Set my sundial to work for me at 2:00 p.m. tomorrow and then turn it off.,"43:47:SL:TIME,48:56:SL:DATE,57:65:SL:TIME",[IN:alarm [SL:TIME dza2] [SL:DATE mangwana] [SL:TIME masikati] ],TIME: dza2 $$ DATE: mangwana $$ TIME: masikati,sna
utility,make_call,I will make a call to my in-laws on their Telecel number.,,[IN:make_call ],,sna
utility,make_call,A phone call to my boss Anesu.,31:36:SL:PERSONAL_NAME,[IN:make_call [SL:PERSONAL_NAME Anesu] ],PERSONAL_NAME: Anesu,sna
utility,make_call,Call the numbers of my farm manager.,,[IN:make_call ],,sna
utility,make_call,Get my mother on her Telecel phones.,,[IN:make_call ],,sna
utility,make_call,I'll make a phone call to my sister.,,[IN:make_call ],,sna
utility,make_call,Call my work number.,,[IN:make_call ],,sna
utility,make_call,Call the Beta Bricks company.,,[IN:make_call ],,sna
utility,make_call,Call the Bakers Inn.,,[IN:make_call ],,sna
utility,make_call,Contact the midwife at Harare Hospital.,19:34:SL:PLACE_NAME,[IN:make_call [SL:PLACE_NAME Harare Hospital] ],PLACE_NAME: Harare Hospital,sna
utility,make_call,Call the father on his Econet phone.,,[IN:make_call ],,sna
utility,make_call,Could you please call Brian?,30:35:SL:PERSONAL_NAME,[IN:make_call [SL:PERSONAL_NAME Brian] ],PERSONAL_NAME: Brian,sna
utility,make_call,Use the telephone to contact Beatrice.,22:30:SL:PERSONAL_NAME,[IN:make_call [SL:PERSONAL_NAME Beatrice] ],PERSONAL_NAME: Beatrice,sna
utility,make_call,Get Ishmael on the phone.,5:12:SL:PERSONAL_NAME,[IN:make_call [SL:PERSONAL_NAME Ishmael] ],PERSONAL_NAME: Ishmael,sna
utility,make_call,Call Alex at the Telecel number.,5:9:SL:PERSONAL_NAME,[IN:make_call [SL:PERSONAL_NAME Alex] ],PERSONAL_NAME: Alex,sna
utility,make_call,Call the TV Sales in the town of Kwekwe.,36:42:SL:CITY_OR_PROVINCE,[IN:make_call [SL:CITY_OR_PROVINCE Kwekwe] ],CITY_OR_PROVINCE: Kwekwe,sna
utility,make_call,These are the numbers of Bata's store in the city of Bulawayo.,47:55:SL:CITY_OR_PROVINCE,[IN:make_call [SL:CITY_OR_PROVINCE Bulawayo] ],CITY_OR_PROVINCE: Bulawayo,sna
utility,make_call,Call upon the Lord.,7:14:SL:PERSONAL_NAME,[IN:make_call [SL:PERSONAL_NAME Tinashe] ],PERSONAL_NAME: Tinashe,sna
utility,make_call,Call the numbers of the Lord.,15:22:SL:PERSONAL_NAME,[IN:make_call [SL:PERSONAL_NAME Munashe] ],PERSONAL_NAME: Munashe,sna
utility,make_call,Please call the office for this.,19:26:SL:PERSONAL_NAME,[IN:make_call [SL:PERSONAL_NAME Tatenda] ],PERSONAL_NAME: Tatenda,sna
utility,make_call,I want you to call Itati at home.,16:21:SL:PERSONAL_NAME,[IN:make_call [SL:PERSONAL_NAME Itati] ],PERSONAL_NAME: Itati,sna
utility,make_call,Call me with her.,12:18:SL:PERSONAL_NAME,[IN:make_call [SL:PERSONAL_NAME Tinaye] ],PERSONAL_NAME: Tinaye,sna
utility,make_call,Please call Brian.,19:24:SL:PERSONAL_NAME,[IN:make_call [SL:PERSONAL_NAME Brian] ],PERSONAL_NAME: Brian,sna
utility,make_call,Please note Shyline's numbers.,30:37:SL:PERSONAL_NAME,[IN:make_call [SL:PERSONAL_NAME Shyline] ],PERSONAL_NAME: Shyline,sna
utility,make_call,Here are Shyline's numbers.,16:23:SL:PERSONAL_NAME,[IN:make_call [SL:PERSONAL_NAME Shyline] ],PERSONAL_NAME: Shyline,sna
utility,make_call,Please call Aunt.,15:22:SL:PERSONAL_NAME,[IN:make_call [SL:PERSONAL_NAME Tatenda] ],PERSONAL_NAME: Tatenda,sna
utility,make_call,Call Mavis on the phone.,7:12:SL:PERSONAL_NAME,[IN:make_call [SL:PERSONAL_NAME Mavis] ],PERSONAL_NAME: Mavis,sna
utility,make_call,Get on the phone with my best friend Toby.,29:33:SL:PERSONAL_NAME,[IN:make_call [SL:PERSONAL_NAME Toby] ],PERSONAL_NAME: Toby,sna
utility,make_call,I'll also order a phone for Tom.,23:26:SL:PERSONAL_NAME,[IN:make_call [SL:PERSONAL_NAME Tom] ],PERSONAL_NAME: Tom,sna
utility,make_call,Get my dad on the phone.,,[IN:make_call ],,sna
utility,make_call,Hold on to the Lord.,5:12:SL:PERSONAL_NAME,[IN:make_call [SL:PERSONAL_NAME Tinashe] ],PERSONAL_NAME: Tinashe,sna
utility,make_call,Call my best friend.,,[IN:make_call ],,sna
utility,make_call,Can you call the Pizza Inn?,22:31:SL:RESTAURANT_NAME,[IN:make_call [SL:RESTAURANT_NAME Pizza Inn] ],RESTAURANT_NAME: Pizza Inn,sna
utility,make_call,I also make phone calls to Maidei using my Buddy number.,23:29:SL:PERSONAL_NAME,[IN:make_call [SL:PERSONAL_NAME Maidei] ],PERSONAL_NAME: Maidei,sna
utility,make_call,Touch Tatia on his Neton numbers.,5:12:SL:PERSONAL_NAME,[IN:make_call [SL:PERSONAL_NAME Tatenda] ],PERSONAL_NAME: Tatenda,sna
utility,make_call,Call my father.,,[IN:make_call ],,sna
utility,make_call,Call the Lord.,7:14:SL:PERSONAL_NAME,[IN:make_call [SL:PERSONAL_NAME Munashe] ],PERSONAL_NAME: Munashe,sna
utility,make_call,Can you reach Trust on his cell phone?,18:23:SL:PERSONAL_NAME,[IN:make_call [SL:PERSONAL_NAME Trust] ],PERSONAL_NAME: Trust,sna
utility,make_call,I also caught Gamu on his Telecel phone.,12:16:SL:PERSONAL_NAME,[IN:make_call [SL:PERSONAL_NAME Gamu] ],PERSONAL_NAME: Gamu,sna
utility,make_call,Touch my father.,,[IN:make_call ],,sna
utility,make_call,Can you call the Lord?,20:27:SL:PERSONAL_NAME,[IN:make_call [SL:PERSONAL_NAME Tinashe] ],PERSONAL_NAME: Tinashe,sna
utility,make_call,Help the householder to do this.,0:8:SL:PERSONAL_NAME,[IN:make_call [SL:PERSONAL_NAME Batsirai] ],PERSONAL_NAME: Batsirai,sna
utility,make_call,Get Cathrine on her phone.,5:13:SL:PERSONAL_NAME,[IN:make_call [SL:PERSONAL_NAME Cathrine] ],PERSONAL_NAME: Cathrine,sna
utility,make_call,Call John's number.,15:19:SL:PERSONAL_NAME,[IN:make_call [SL:PERSONAL_NAME John] ],PERSONAL_NAME: John,sna
utility,make_call,Call the Help number.,22:30:SL:PERSONAL_NAME,[IN:make_call [SL:PERSONAL_NAME Batsirai] ],PERSONAL_NAME: Batsirai,sna
utility,make_call,Call the CBZ director's office.,27:30:SL:BANK_NAME,[IN:make_call [SL:BANK_NAME CBZ] ],BANK_NAME: CBZ,sna
utility,make_call,Get Susan on her phone.,5:10:SL:PERSONAL_NAME,[IN:make_call [SL:PERSONAL_NAME Susan] ],PERSONAL_NAME: Susan,sna
utility,make_call,"Call three people at once - Tawanda, Brian, and Grace.","13:19:SL:NUMBER,39:46:SL:PERSONAL_NAME,48:53:SL:PERSONAL_NAME,56:61:SL:PERSONAL_NAME",[IN:make_call [SL:NUMBER vatatu] [SL:PERSONAL_NAME Tawanda] [SL:PERSONAL_NAME Brian] [SL:PERSONAL_NAME Grace] ],NUMBER: vatatu $$ PERSONAL_NAME: Tawanda $$ PERSONAL_NAME: Brian $$ PERSONAL_NAME: Grace,sna
utility,make_call,Call Grace on the phone.,7:12:SL:PERSONAL_NAME,[IN:make_call [SL:PERSONAL_NAME Grace] ],PERSONAL_NAME: Grace,sna
utility,make_call,Dial the numbers for Tom.,15:18:SL:PERSONAL_NAME,[IN:make_call [SL:PERSONAL_NAME Tom] ],PERSONAL_NAME: Tom,sna
utility,make_call,This is Angela's Telecel number.,16:23:SL:PERSONAL_NAME,[IN:make_call [SL:PERSONAL_NAME Angella] ],PERSONAL_NAME: Angella,sna
utility,make_call,Here are the numbers for Tawanda's work.,16:23:SL:PERSONAL_NAME,[IN:make_call [SL:PERSONAL_NAME Tawanda] ],PERSONAL_NAME: Tawanda,sna
utility,make_call,Take the number.,5:12:SL:PERSONAL_NAME,[IN:make_call [SL:PERSONAL_NAME Tawanda] ],PERSONAL_NAME: Tawanda,sna
utility,make_call,Call the police.,7:14:SL:PERSONAL_NAME,[IN:make_call [SL:PERSONAL_NAME Tawanda] ],PERSONAL_NAME: Tawanda,sna
utility,make_call,Please also get Brian on his Neton numbers.,20:25:SL:PERSONAL_NAME,[IN:make_call [SL:PERSONAL_NAME Brian] ],PERSONAL_NAME: Brian,sna
utility,make_call,Get Agness on her Telecel as well.,12:18:SL:PERSONAL_NAME,[IN:make_call [SL:PERSONAL_NAME Agness] ],PERSONAL_NAME: Agness,sna
utility,make_call,I'll order the Agness numbers.,20:26:SL:PERSONAL_NAME,[IN:make_call [SL:PERSONAL_NAME Agness] ],PERSONAL_NAME: Agness,sna
utility,make_call,These are Agness's numbers.,16:22:SL:PERSONAL_NAME,[IN:make_call [SL:PERSONAL_NAME Agness] ],PERSONAL_NAME: Agness,sna
utility,make_call,I would like to have a phone number for my friend.,25:32:SL:PERSONAL_NAME,[IN:make_call [SL:PERSONAL_NAME Tatenda] ],PERSONAL_NAME: Tatenda,sna
utility,make_call,Call Irvine on the phone.,7:13:SL:PERSONAL_NAME,[IN:make_call [SL:PERSONAL_NAME Irvine] ],PERSONAL_NAME: Irvine,sna
utility,make_call,"Call the Lord about this, I want to tell him something important.",7:14:SL:PERSONAL_NAME,[IN:make_call [SL:PERSONAL_NAME Tinashe] ],PERSONAL_NAME: Tinashe,sna
utility,make_call,"Call upon the Lord, for the times I have waited for are over",7:14:SL:PERSONAL_NAME,[IN:make_call [SL:PERSONAL_NAME Munashe] ],PERSONAL_NAME: Munashe,sna
utility,make_call,I need to get the Lord on his phone urgently.,15:22:SL:PERSONAL_NAME,[IN:make_call [SL:PERSONAL_NAME Munashe] ],PERSONAL_NAME: Munashe,sna
utility,make_call,Chaya Talent's phone has even stopped me from calling about this.,14:20:SL:PERSONAL_NAME,[IN:make_call [SL:PERSONAL_NAME Talent] ],PERSONAL_NAME: Talent,sna
utility,make_call,Call the following numbers.,17:24:SL:PERSONAL_NAME,[IN:make_call [SL:PERSONAL_NAME Tarisai] ],PERSONAL_NAME: Tarisai,sna
utility,make_call,Hold the Power on his Buddy here.,5:10:SL:PERSONAL_NAME,[IN:make_call [SL:PERSONAL_NAME Simba] ],PERSONAL_NAME: Simba,sna
utility,make_call,I want to call Mavis.,29:34:SL:PERSONAL_NAME,[IN:make_call [SL:PERSONAL_NAME Mavis] ],PERSONAL_NAME: Mavis,sna
utility,make_call,I want to call Tawanda.,17:24:SL:PERSONAL_NAME,[IN:make_call [SL:PERSONAL_NAME Tawanda] ],PERSONAL_NAME: Tawanda,sna
utility,make_call,Can you get Tinashe on his numbers?,18:25:SL:PERSONAL_NAME,[IN:make_call [SL:PERSONAL_NAME Tinashe] ],PERSONAL_NAME: Tinashe,sna
utility,make_call,Call Talent on his Africom numbers.,12:18:SL:PERSONAL_NAME,[IN:make_call [SL:PERSONAL_NAME Talent] ],PERSONAL_NAME: Talent,sna
utility,make_call,This is Tanatswa's Telecel number.,16:24:SL:PERSONAL_NAME,[IN:make_call [SL:PERSONAL_NAME Tanatswa] ],PERSONAL_NAME: Tanatswa,sna
utility,make_call,Call after cleaning.,7:15:SL:PERSONAL_NAME,[IN:make_call [SL:PERSONAL_NAME Tanatswa] ],PERSONAL_NAME: Tanatswa,sna
utility,make_call,Call Tinashe at his Buddy.,7:14:SL:PERSONAL_NAME,[IN:make_call [SL:PERSONAL_NAME Tinashe] ],PERSONAL_NAME: Tinashe,sna
utility,make_call,Take Mark with you.,5:9:SL:PERSONAL_NAME,[IN:make_call [SL:PERSONAL_NAME Mark] ],PERSONAL_NAME: Mark,sna
utility,make_call,Let me call Grace.,12:17:SL:PERSONAL_NAME,[IN:make_call [SL:PERSONAL_NAME Grace] ],PERSONAL_NAME: Grace,sna
utility,make_call,I would like to contact Isheunesu on his Telecel number.,15:24:SL:PERSONAL_NAME,[IN:make_call [SL:PERSONAL_NAME Isheunesu] ],PERSONAL_NAME: Isheunesu,sna
utility,make_call,Let me get Mike on the phone.,13:17:SL:PERSONAL_NAME,[IN:make_call [SL:PERSONAL_NAME Mike] ],PERSONAL_NAME: Mike,sna
utility,make_call,Let us take Nathan as an example.,11:17:SL:PERSONAL_NAME,[IN:make_call [SL:PERSONAL_NAME Nathan] ],PERSONAL_NAME: Nathan,sna
utility,make_call,Here are the numbers for the OK store.,,[IN:make_call ],,sna
utility,make_call,Here are Tawanda's numbers now.,16:23:SL:PERSONAL_NAME,[IN:make_call [SL:PERSONAL_NAME Tawanda] ],PERSONAL_NAME: Tawanda,sna
utility,make_call,Call the number on the Thank You.,17:24:SL:PERSONAL_NAME,[IN:make_call [SL:PERSONAL_NAME Tatenda] ],PERSONAL_NAME: Tatenda,sna
utility,share_location,Send a GPS to the location of the Bronte Hotel.,"7:13:SL:PERSONAL_NAME,41:47:SL:HOTEL_NAME",[IN:share_location [SL:PERSONAL_NAME Tsitsi] [SL:HOTEL_NAME Bronte] ],PERSONAL_NAME: Tsitsi $$ HOTEL_NAME: Bronte,sna
utility,share_location,Jimmy is lost in Harare so send him a GPS to Market Square.,"0:5:SL:PERSONAL_NAME,23:29:SL:CITY_OR_PROVINCE,62:87:SL:PLACE_NAME",[IN:share_location [SL:PERSONAL_NAME Jimmy] [SL:CITY_OR_PROVINCE Harare] [SL:PLACE_NAME chiteshi cheMarket Square] ],PERSONAL_NAME: Jimmy $$ CITY_OR_PROVINCE: Harare $$ PLACE_NAME: chiteshi cheMarket Square,sna
utility,share_location,How do I send my location to my son-in-law.,,[IN:share_location ],,sna
utility,share_location,Give my secretary a GPS handshake.,,[IN:share_location ],,sna
utility,share_location,Send Susan the address of Nando's I can reach here.,"7:12:SL:PERSONAL_NAME,23:29:SL:RESTAURANT_NAME",[IN:share_location [SL:PERSONAL_NAME Susan] [SL:RESTAURANT_NAME Nandos] ],PERSONAL_NAME: Susan $$ RESTAURANT_NAME: Nandos,sna
utility,share_location,Send my location to a customer who contacts me on the phone.,,[IN:share_location ],,sna
utility,share_location,Throw my Highlands Park lounge to Misha and see where I am.,"33:47:SL:PLACE_NAME,53:58:SL:PERSONAL_NAME",[IN:share_location [SL:PLACE_NAME Highlands Park] [SL:PERSONAL_NAME Misha] ],PLACE_NAME: Highlands Park $$ PERSONAL_NAME: Misha,sna
utility,share_location,Send my location and my car on E.D. Street. You can call Sarah.,"40:68:SL:PLACE_NAME,74:79:SL:PERSONAL_NAME",[IN:share_location [SL:PLACE_NAME mumugwagwa waE.D. Munangagwa] [SL:PERSONAL_NAME Sarah] ],PLACE_NAME: mumugwagwa waE.D. Munangagwa $$ PERSONAL_NAME: Sarah,sna
utility,share_location,"Brenda said she wanted to see me, so send me a number.",0:6:SL:PERSONAL_NAME,[IN:share_location [SL:PERSONAL_NAME Brenda] ],PERSONAL_NAME: Brenda,sna
utility,share_location,I want to meet Mike in the city of Harare so send him to the address of the Jameson Hotel on Samora Machael Road and meet me there.,"22:26:SL:PERSONAL_NAME,40:46:SL:CITY_OR_PROVINCE,87:94:SL:HOTEL_NAME,112:126:SL:PLACE_NAME",[IN:share_location [SL:PERSONAL_NAME Mike] [SL:CITY_OR_PROVINCE Harare] [SL:HOTEL_NAME Jameson] [SL:PLACE_NAME Samora Machael] ],PERSONAL_NAME: Mike $$ CITY_OR_PROVINCE: Harare $$ HOTEL_NAME: Jameson $$ PLACE_NAME: Samora Machael,sna
utility,share_location,I want to let Praise know where I am.,15:23:SL:PERSONAL_NAME,[IN:share_location [SL:PERSONAL_NAME Rumbidzo] ],PERSONAL_NAME: Rumbidzo,sna
utility,share_location,Send the Mshangwe to the Kamfinsa shopping area.,"7:18:SL:PERSONAL_NAME,54:62:SL:PLACE_NAME",[IN:share_location [SL:PERSONAL_NAME vaMushangwe] [SL:PLACE_NAME Kamfinsa] ],PERSONAL_NAME: vaMushangwe $$ PLACE_NAME: Kamfinsa,sna
utility,share_location,Send it right to me to Grace.,34:40:SL:PERSONAL_NAME,[IN:share_location [SL:PERSONAL_NAME Nyasha] ],PERSONAL_NAME: Nyasha,sna
utility,share_location,Send the Mars Ambulance to where I'm standing now,,[IN:share_location ],,sna
utility,share_location,I want Tanaka to know where I am now.,15:21:SL:PERSONAL_NAME,[IN:share_location [SL:PERSONAL_NAME Tanaka] ],PERSONAL_NAME: Tanaka,sna
utility,share_location,Tsitsi wants to know where I am so send her to me now.,0:6:SL:PERSONAL_NAME,[IN:share_location [SL:PERSONAL_NAME Tsitsi] ],PERSONAL_NAME: Tsitsi,sna
utility,share_location,Send my current location to Makanaka.,37:45:SL:PERSONAL_NAME,[IN:share_location [SL:PERSONAL_NAME Makanaka] ],PERSONAL_NAME: Makanaka,sna
utility,share_location,Give the headquarters GPS of my location.,,[IN:share_location ],,sna
utility,share_location,Let my supervisor know where I am at the moment.,,[IN:share_location ],,sna
utility,share_location,Tell my wife where I am now.,,[IN:share_location ],,sna
utility,share_location,Tell my mechanic where I am.,,[IN:share_location ],,sna
utility,share_location,Send my friends my current location.,,[IN:share_location ],,sna
utility,share_location,"Patricia asked to be reached, so I sent a GPS to the cop.",0:8:SL:PERSONAL_NAME,[IN:share_location [SL:PERSONAL_NAME Patricia] ],PERSONAL_NAME: Patricia,sna
utility,share_location,Trish said she lost her way home so send the address to our home.,0:5:SL:PERSONAL_NAME,[IN:share_location [SL:PERSONAL_NAME Trish] ],PERSONAL_NAME: Trish,sna
utility,share_location,Let my cousin Brian be sent to me now.,14:19:SL:PERSONAL_NAME,[IN:share_location [SL:PERSONAL_NAME Brian] ],PERSONAL_NAME: Brian,sna
utility,share_location,Please tell my parents where I am.,,[IN:share_location ],,sna
utility,share_location,Tell my BE Digital team about me.,,[IN:share_location ],,sna
utility,share_location,Tell me where Lesley is.,13:19:SL:PERSONAL_NAME,[IN:share_location [SL:PERSONAL_NAME Lesley] ],PERSONAL_NAME: Lesley,sna
utility,share_location,Where is the elephant?,0:12:SL:PLACE_NAME,[IN:share_location [SL:PLACE_NAME Mashambanzou] ],PLACE_NAME: Mashambanzou,sna
utility,share_location,Give Sharon the GPS of the gun now and urgently.,4:10:SL:PERSONAL_NAME,[IN:share_location [SL:PERSONAL_NAME Sharon] ],PERSONAL_NAME: Sharon,sna
utility,share_location,Share my current position with my superiors at work.,,[IN:share_location ],,sna
utility,share_location,Have Calvin get a GPS for the cop.,9:15:SL:PERSONAL_NAME,[IN:share_location [SL:PERSONAL_NAME Calvin] ],PERSONAL_NAME: Calvin,sna
utility,share_location,Tell Dr. Street where I am now.,14:24:SL:PERSONAL_NAME,[IN:share_location [SL:PERSONAL_NAME vaMugwagwa] ],PERSONAL_NAME: vaMugwagwa,sna
utility,share_location,I want you to send my position to Marshal and John.,"46:53:SL:PERSONAL_NAME,56:60:SL:PERSONAL_NAME",[IN:share_location [SL:PERSONAL_NAME Marshal] [SL:PERSONAL_NAME John] ],PERSONAL_NAME: Marshal $$ PERSONAL_NAME: John,sna
utility,share_location,Give Millicent and Takudzwa where I am now.,"4:13:SL:PERSONAL_NAME,16:24:SL:PERSONAL_NAME",[IN:share_location [SL:PERSONAL_NAME Millicent] [SL:PERSONAL_NAME Takudzwa] ],PERSONAL_NAME: Millicent $$ PERSONAL_NAME: Takudzwa,sna
utility,share_location,"I'm lost, so give me a GPS.",,[IN:share_location ],,sna
utility,share_location,Send my mother the address of the OK Mart in Breaside.,51:59:SL:PLACE_NAME,[IN:share_location [SL:PLACE_NAME Breaside] ],PLACE_NAME: Breaside,sna
utility,share_location,Send my wife the nearest Chicken Inn.,33:44:SL:RESTAURANT_NAME,[IN:share_location [SL:RESTAURANT_NAME Chicken Inn] ],RESTAURANT_NAME: Chicken Inn,sna
utility,share_location,Tell Mrs. Lions where I am.,5:17:SL:PERSONAL_NAME,[IN:share_location [SL:PERSONAL_NAME Mai Mashumba] ],PERSONAL_NAME: Mai Mashumba,sna
utility,share_location,Tell Mike to me now?,5:9:SL:PERSONAL_NAME,[IN:share_location [SL:PERSONAL_NAME Mike] ],PERSONAL_NAME: Mike,sna
utility,share_location,Show me how to send my address to Tino.,52:56:SL:PERSONAL_NAME,[IN:share_location [SL:PERSONAL_NAME Tino] ],PERSONAL_NAME: Tino,sna
utility,share_location,How do I send my Dyse Unlimited work site to my father?,,[IN:share_location ],,sna
utility,share_location,I want to send my address to Misha.,32:37:SL:PERSONAL_NAME,[IN:share_location [SL:PERSONAL_NAME Misha] ],PERSONAL_NAME: Misha,sna
utility,share_location,How can I show Ashleigh where I am now?,23:31:SL:PERSONAL_NAME,[IN:share_location [SL:PERSONAL_NAME Ashleigh] ],PERSONAL_NAME: Ashleigh,sna
utility,share_location,Send Eden to where I now stand.,7:11:SL:PERSONAL_NAME,[IN:share_location [SL:PERSONAL_NAME Eden] ],PERSONAL_NAME: Eden,sna
utility,share_location,Send Ryan a GPS of the location of Tiger Wheels and Tires.,60:64:SL:PERSONAL_NAME,[IN:share_location [SL:PERSONAL_NAME Ryan] ],PERSONAL_NAME: Ryan,sna
utility,share_location,I would like to send my present address to my sister.,,[IN:share_location ],,sna
utility,share_location,Send my teacher my location.,,[IN:share_location ],,sna
utility,share_location,Please send me to Grace.,27:33:SL:PERSONAL_NAME,[IN:share_location [SL:PERSONAL_NAME Nyasha] ],PERSONAL_NAME: Nyasha,sna
utility,share_location,Let Kiku know where I am.,7:13:SL:PERSONAL_NAME,[IN:share_location [SL:PERSONAL_NAME Kudzai] ],PERSONAL_NAME: Kudzai,sna
utility,share_location,Love wants to know where I am right now.,0:4:SL:PERSONAL_NAME,[IN:share_location [SL:PERSONAL_NAME Kuda] ],PERSONAL_NAME: Kuda,sna
utility,share_location,Send Mrs. Flowers to the Redan oil field in Avondale.,"7:23:SL:PERSONAL_NAME,36:50:SL:SHOPPING_ITEM,53:61:SL:PLACE_NAME",[IN:share_location [SL:PERSONAL_NAME mai Mashingaidze] [SL:SHOPPING_ITEM peturu yeRedan] [SL:PLACE_NAME Avondale] ],PERSONAL_NAME: mai Mashingaidze $$ SHOPPING_ITEM: peturu yeRedan $$ PLACE_NAME: Avondale,sna
utility,share_location,Let the Zenda know about me.,7:14:SL:PERSONAL_NAME,[IN:share_location [SL:PERSONAL_NAME vaZenda] ],PERSONAL_NAME: vaZenda,sna
utility,share_location,I want Mr. and Mrs. Janet sent to me right away.,"16:31:SL:PERSONAL_NAME,34:39:SL:PERSONAL_NAME,58:66:SL:TIME",[IN:share_location [SL:PERSONAL_NAME vaMutumburanzou] [SL:PERSONAL_NAME Janet] [SL:TIME iyezvino] ],PERSONAL_NAME: vaMutumburanzou $$ PERSONAL_NAME: Janet $$ TIME: iyezvino,sna
utility,share_location,Let Samson know where I am.,9:15:SL:PERSONAL_NAME,[IN:share_location [SL:PERSONAL_NAME Samson] ],PERSONAL_NAME: Samson,sna
utility,share_location,Send the Securico to me now.,,[IN:share_location ],,sna
utility,share_location,Tell the police where I am and let them come immediately.,,[IN:share_location ],,sna
utility,share_location,Contact Road Angels and send them my GPS and tell them I need help to reach Harare.,91:97:SL:CITY_OR_PROVINCE,[IN:share_location [SL:CITY_OR_PROVINCE Harare] ],CITY_OR_PROVINCE: Harare,sna
utility,share_location,Tell Look where I'm getting so far.,8:15:SL:PERSONAL_NAME,[IN:share_location [SL:PERSONAL_NAME Tarisai] ],PERSONAL_NAME: Tarisai,sna
utility,share_location,I want you to send my address to my lawyer.,,[IN:share_location ],,sna
utility,share_location,Send my wife my GPS location again.,,[IN:share_location ],,sna
utility,share_location,Also show me the GPS of the building I want to send a WhatsApp message to the builder.,,[IN:share_location ],,sna
utility,share_location,Send the address of CID Headquarters to my nephew who wants to seek help there.,26:42:SL:PLACE_NAME,[IN:share_location [SL:PLACE_NAME CID Headquarters] ],PLACE_NAME: CID Headquarters,sna
utility,share_location,Make my position visible so that those who want to capture me can reach me.,,[IN:share_location ],,sna
utility,share_location,Send my address to John who works at Imba Zimbabwe.,"28:32:SL:PERSONAL_NAME,45:58:SL:PLACE_NAME",[IN:share_location [SL:PERSONAL_NAME John] [SL:PLACE_NAME Imba Zimbabwe] ],PERSONAL_NAME: John $$ PLACE_NAME: Imba Zimbabwe,sna
utility,share_location,Fulfill Love's desire by sending her to me now.,24:28:SL:PERSONAL_NAME,[IN:share_location [SL:PERSONAL_NAME Rudo] ],PERSONAL_NAME: Rudo,sna
utility,share_location,Help my grandmother with the GPS for my home in Mandara.,44:51:SL:PLACE_NAME,[IN:share_location [SL:PLACE_NAME Mandara] ],PLACE_NAME: Mandara,sna
utility,share_location,Throw an ad on Facebook telling my friends where I am right now.,,[IN:share_location ],,sna
utility,share_location,Send the information about the pandora to Chris's mother and father.,44:49:SL:PERSONAL_NAME,[IN:share_location [SL:PERSONAL_NAME Chris] ],PERSONAL_NAME: Chris,sna
utility,share_location,Let Monica know where I am right now.,4:10:SL:PERSONAL_NAME,[IN:share_location [SL:PERSONAL_NAME Monica] ],PERSONAL_NAME: Monica,sna
utility,share_location,I would like to have Selmig Cranes sent to my location to unload my broken-down car.,,[IN:share_location ],,sna
utility,share_location,Send my location to my family immediately.,,[IN:share_location ],,sna
utility,share_location,Let Promise know where I am now.,0:7:SL:PERSONAL_NAME,[IN:share_location [SL:PERSONAL_NAME Promise] ],PERSONAL_NAME: Promise,sna
utility,share_location,Give Brother Frank the GPS from Fidelity Life Towers.,"11:16:SL:PERSONAL_NAME,25:45:SL:PLACE_NAME",[IN:share_location [SL:PERSONAL_NAME Frank] [SL:PLACE_NAME Fidelity Life Towers] ],PERSONAL_NAME: Frank $$ PLACE_NAME: Fidelity Life Towers,sna
utility,share_location,I need you to send a Rapid Response team to my location.,,[IN:share_location ],,sna
utility,share_location,Send a message instead of me to Takunda.,30:37:SL:PERSONAL_NAME,[IN:share_location [SL:PERSONAL_NAME Takunda] ],PERSONAL_NAME: Takunda,sna
utility,share_location,Send my GPS to the folks back home in Stoneridge.,35:45:SL:PLACE_NAME,[IN:share_location [SL:PLACE_NAME Stoneridge] ],PLACE_NAME: Stoneridge,sna
utility,share_location,Get in touch with Aunt Idah and show them to me now.,9:18:SL:PERSONAL_NAME,[IN:share_location [SL:PERSONAL_NAME Tete Idah] ],PERSONAL_NAME: Tete Idah,sna
utility,share_location,Send the police a GPS of my location.,,[IN:share_location ],,sna
utility,share_location,My uncle is always sent to me now.,,[IN:share_location ],,sna
utility,text,Write a thank-you note to Mrs. Zenda for her prayers.,27:36:SL:PERSONAL_NAME,[IN:text [SL:PERSONAL_NAME Mai Zenda] ],PERSONAL_NAME: Mai Zenda,sna
utility,text,Write a phone call to my sister Lessy saying how much I miss her.,24:29:SL:PERSONAL_NAME,[IN:text [SL:PERSONAL_NAME Lessy] ],PERSONAL_NAME: Lessy,sna
utility,text,Answer the CBZ's phone call and tell them that I will not cancel their $15 loan.,"47:50:SL:BANK_NAME,106:137:SL:MONEY",[IN:text [SL:BANK_NAME CBZ] [SL:MONEY madhora anokwana gumi nemashanu] ],BANK_NAME: CBZ $$ MONEY: madhora anokwana gumi nemashanu,sna
utility,text,Send a phone call to my mother to let her know I'm here.,,[IN:text ],,sna
utility,text,Let Chenai know by phone that I will arrive within the next hour.,"7:13:SL:PERSONAL_NAME,28:47:SL:TIME",[IN:text [SL:PERSONAL_NAME Chenai] [SL:TIME muawa riri kutevera] ],PERSONAL_NAME: Chenai $$ TIME: muawa riri kutevera,sna
utility,text,"Send Lisa a text message that as of today, April 5, Zimbabwe is now using ZIG instead of RTGS.","7:11:SL:PERSONAL_NAME,44:49:SL:DATE,56:68:SL:DATE,70:78:SL:COUNTRY,95:98:SL:CURRENCY,105:109:SL:CURRENCY",[IN:text [SL:PERSONAL_NAME Lisa] [SL:DATE nhasi] [SL:DATE wa5 Kubvumbi] [SL:COUNTRY Zimbabwe] [SL:CURRENCY ZIG] [SL:CURRENCY RTGS] ],PERSONAL_NAME: Lisa $$ DATE: nhasi $$ DATE: wa5 Kubvumbi $$ COUNTRY: Zimbabwe $$ CURRENCY: ZIG $$ CURRENCY: RTGS,sna
utility,text,Ask the Craftsman by phone if you have seen any superstitions happening in Zimbabwe?,"7:15:SL:PERSONAL_NAME,82:90:SL:COUNTRY",[IN:text [SL:PERSONAL_NAME vaMhizha] [SL:COUNTRY Zimbabwe] ],PERSONAL_NAME: vaMhizha $$ COUNTRY: Zimbabwe,sna
utility,text,Send my teacher a phone letter asking her to allow me to miss class today because I want to take a long trip to Plumtree.,"94:99:SL:DATE,146:154:SL:CITY_OR_PROVINCE",[IN:text [SL:DATE nhasi] [SL:CITY_OR_PROVINCE Plumtree] ],DATE: nhasi $$ CITY_OR_PROVINCE: Plumtree,sna
utility,text,Use a telephone message to tell Tino that I will visit him in Chibulwiza on Sunday when I go to church.,"33:37:SL:PERSONAL_NAME,62:73:SL:CITY_OR_PROVINCE,83:89:SL:DATE",[IN:text [SL:PERSONAL_NAME Tino] [SL:CITY_OR_PROVINCE Chitungwiza] [SL:DATE svondo] ],PERSONAL_NAME: Tino $$ CITY_OR_PROVINCE: Chitungwiza $$ DATE: svondo,sna
utility,text,I want to tell Mary by telephone that our meeting is canceled.,20:24:SL:PERSONAL_NAME,[IN:text [SL:PERSONAL_NAME Mary] ],PERSONAL_NAME: Mary,sna
utility,text,"Remind Jerry by telephone that it is late, so let him sleep at Sunningdale.","11:20:SL:PERSONAL_NAME,83:94:SL:PLACE_NAME",[IN:text [SL:PERSONAL_NAME Rumbidzai] [SL:PLACE_NAME Sunningdale] ],PERSONAL_NAME: Rumbidzai $$ PLACE_NAME: Sunningdale,sna
utility,text,Tell Mr. Mashingaidze by phone that I did not see the phone letter he sent me last week.,"5:19:SL:PERSONAL_NAME,91:106:SL:DATE",[IN:text [SL:PERSONAL_NAME vaMashingaidze] [SL:DATE svondo rakapera] ],PERSONAL_NAME: vaMashingaidze $$ DATE: svondo rakapera,sna
utility,text,Send a big-letter love note to Yolanda,46:53:SL:PERSONAL_NAME,[IN:text [SL:PERSONAL_NAME Yolanda] ],PERSONAL_NAME: Yolanda,sna
utility,text,"Answer the phone call from the minister and tell them that the place they are asking about is here in Harare in Umwingsdale, and it is called Raintree Garden.","92:98:SL:CITY_OR_PROVINCE,101:112:SL:PLACE_NAME,128:143:SL:PLACE_NAME",[IN:text [SL:CITY_OR_PROVINCE Harare] [SL:PLACE_NAME Umwingsdale] [SL:PLACE_NAME Raintree Garden] ],CITY_OR_PROVINCE: Harare $$ PLACE_NAME: Umwingsdale $$ PLACE_NAME: Raintree Garden,sna
utility,text,Tell my brother by telephone that I will be buying tiles at a reduced price from Halsted Builders.,70:81:SL:SHOPPING_ITEM,[IN:text [SL:SHOPPING_ITEM marata emba] ],SHOPPING_ITEM: marata emba,sna
utility,text,I also woke up Uncle Frank with a phone call.,13:29:SL:PERSONAL_NAME,[IN:text [SL:PERSONAL_NAME Babamukuru Frank] ],PERSONAL_NAME: Babamukuru Frank,sna
utility,text,Send a phone call to the Craftsmen saying I'm sorry to meet you now and then in 1st Street in downtown Harare.,"29:37:SL:PERSONAL_NAME,77:87:SL:PLACE_NAME,101:107:SL:CITY_OR_PROVINCE",[IN:text [SL:PERSONAL_NAME vaMhizha] [SL:PLACE_NAME 1st Street] [SL:CITY_OR_PROVINCE Harare] ],PERSONAL_NAME: vaMhizha $$ PLACE_NAME: 1st Street $$ CITY_OR_PROVINCE: Harare,sna
utility,text,Send a cell phone letter to Takudzwa greeting him as a brother.,35:43:SL:PERSONAL_NAME,[IN:text [SL:PERSONAL_NAME Takudzwa] ],PERSONAL_NAME: Takudzwa,sna
utility,text,Write to Rumbidzai on the phone to ask if I am coming home from work and if she would like anything while I am passing through the city of Harare.,"8:17:SL:PERSONAL_NAME,135:141:SL:CITY_OR_PROVINCE",[IN:text [SL:PERSONAL_NAME Rumbidzai] [SL:CITY_OR_PROVINCE Harare] ],PERSONAL_NAME: Rumbidzai $$ CITY_OR_PROVINCE: Harare,sna
utility,text,Please send a phone letter to all my business supporters who call me and tell them that I am not at work because I am on vacation today and tomorrow.,"133:138:SL:DATE,141:149:SL:DATE",[IN:text [SL:DATE nhasi] [SL:DATE mangwana] ],DATE: nhasi $$ DATE: mangwana,sna
utility,text,I would write to Blessing and tell her that I would meet her at the Eastgate Mall in an hour.,"8:16:SL:PERSONAL_NAME,54:69:SL:TIME,86:99:SL:PLACE_NAME",[IN:text [SL:PERSONAL_NAME Blessing] [SL:TIME awa rimwe chete] [SL:PLACE_NAME Eastgate Mall] ],PERSONAL_NAME: Blessing $$ TIME: awa rimwe chete $$ PLACE_NAME: Eastgate Mall,sna
utility,text,Send a thank you email to the Chief's supporters at Machipisa saying that I am very happy with their work.,"47:53:SL:PAYMENT_COMPANY,60:69:SL:PLACE_NAME",[IN:text [SL:PAYMENT_COMPANY Mukuru] [SL:PLACE_NAME Machipisa] ],PAYMENT_COMPANY: Mukuru $$ PLACE_NAME: Machipisa,sna
utility,text,"Send Nakai a phone call telling him that if he doesn't give me my full amount by 10 o'clock, I will contact my lawyer and go to ZRP to file a lawsuit against him.","7:12:SL:PERSONAL_NAME,86:91:SL:DATE",[IN:text [SL:PERSONAL_NAME Nakai] [SL:DATE wa 10] ],PERSONAL_NAME: Nakai $$ DATE: wa 10,sna
utility,text,Tell Tarisai that I have reached Mbuya by the way with Robert Mugabe.,"5:12:SL:PERSONAL_NAME,32:61:SL:PLACE_NAME",[IN:text [SL:PERSONAL_NAME Tarisai] [SL:PLACE_NAME Mbuya nehanda naRobert Mugabe] ],PERSONAL_NAME: Tarisai $$ PLACE_NAME: Mbuya nehanda naRobert Mugabe,sna
utility,text,Send a quick phone call to Chantelle and tell her to stay off the streets of Harare because of traffic jams.,"42:51:SL:PERSONAL_NAME,99:105:SL:CITY_OR_PROVINCE",[IN:text [SL:PERSONAL_NAME Chantelle] [SL:CITY_OR_PROVINCE Harare] ],PERSONAL_NAME: Chantelle $$ CITY_OR_PROVINCE: Harare,sna
utility,text,Send a cheerful phone call to my dad congratulating him on his birthday.,,[IN:text ],,sna
utility,text,"Invite my pastor Kumwenda via WhatsApp, to my wife's fourth wedding anniversary party.","21:31:SL:PERSONAL_NAME,86:98:SL:DATE",[IN:text [SL:PERSONAL_NAME vaKumwenda] [SL:DATE gore rechina] ],PERSONAL_NAME: vaKumwenda $$ DATE: gore rechina,sna
utility,text,"Send a phone call to my brother, and tell him to call me when I get home.",14:19:SL:PERSONAL_NAME,[IN:text [SL:PERSONAL_NAME Ngoni] ],PERSONAL_NAME: Ngoni,sna
utility,text,Inform my wife by telephone that I arrived at the Court at 6:00 a.m.,"55:61:SL:CITY_OR_PROVINCE,70:81:SL:TIME",[IN:text [SL:CITY_OR_PROVINCE Mutare] [SL:TIME dza6 kuseni] ],CITY_OR_PROVINCE: Mutare $$ TIME: dza6 kuseni,sna
utility,text,I would like to send a telegram to all my students that the date of the study has been changed to Tuesday.,108:115:SL:DATE,[IN:text [SL:DATE chipiri] ],DATE: chipiri,sna
utility,text,I want you to tell my daughter Ariel that I found a letter from her cell phone,31:36:SL:PERSONAL_NAME,[IN:text [SL:PERSONAL_NAME Ariel] ],PERSONAL_NAME: Ariel,sna
utility,text,Send Ashley a thank-you note,32:38:SL:PERSONAL_NAME,[IN:text [SL:PERSONAL_NAME Ashley] ],PERSONAL_NAME: Ashley,sna
utility,text,Inform the secretary by telephone that he should postpone the delivery of the spatula until I arrive.,,[IN:text ],,sna
utility,text,Throw a phone call to the mechanic saying that my Mazda Premacy is in need of a service.,,[IN:text ],,sna
utility,text,Let the owners of the Raintree Garden wedding venue know by telephone that we are interested in their property and will therefore call them next week.,"37:52:SL:PLACE_NAME,133:147:SL:DATE",[IN:text [SL:PLACE_NAME Raintree Garden] [SL:DATE svondo rinouya] ],PLACE_NAME: Raintree Garden $$ DATE: svondo rinouya,sna
utility,text,Inform the minister by telephone that I will be attending a men's conference this year.,"60:88:SL:CALENDAR_EVENT,89:98:SL:DATE",[IN:text [SL:CALENDAR_EVENT musangano wesangano revarume] [SL:DATE gore rino] ],CALENDAR_EVENT: musangano wesangano revarume $$ DATE: gore rino,sna
utility,text,"""Reply to Mrs. Martina's letter with the words, 'Thank you for all you've done.'""",28:39:SL:PERSONAL_NAME,[IN:text [SL:PERSONAL_NAME Mai Martina] ],PERSONAL_NAME: Mai Martina,sna
utility,text,Can I send a phone call to Chrissy and say hello?,36:43:SL:PERSONAL_NAME,[IN:text [SL:PERSONAL_NAME Chrissy] ],PERSONAL_NAME: Chrissy,sna
utility,text,I want my mother to receive a letter telling her that we arrived in Gokwe and left safely.,66:71:SL:PLACE_NAME,[IN:text [SL:PLACE_NAME Gokwe] ],PLACE_NAME: Gokwe,sna
utility,text,Inform the Stanbic bank supporters by phone that I will be arriving at their office in 20 minutes.,21:33:SL:BANK_NAME,[IN:text [SL:BANK_NAME Stanbic bank] ],BANK_NAME: Stanbic bank,sna
utility,text,Please also send a telephone message to Phillip asking if he still wants to go to the Caps United-Dynamos game at the Rufaro Stadium on Saturday afternoon.,"28:35:SL:PERSONAL_NAME,95:128:SL:CALENDAR_EVENT,136:153:SL:PLACE_NAME,161:169:SL:DATE",[IN:text [SL:PERSONAL_NAME Phillip] [SL:CALENDAR_EVENT mutambo we Caps United ne Dynamos] [SL:PLACE_NAME nhandare yeRufaro] [SL:DATE mugovera] ],PERSONAL_NAME: Phillip $$ CALENDAR_EVENT: mutambo we Caps United ne Dynamos $$ PLACE_NAME: nhandare yeRufaro $$ DATE: mugovera,sna
utility,text,Send a WhatsApp message to the person you are contacting to thank him for the money he sent to me on Ecocash.,"7:15:SL:PERSONAL_NAME,84:91:SL:PAYMENT_COMPANY",[IN:text [SL:PERSONAL_NAME Takudzwa] [SL:PAYMENT_COMPANY Ecocash] ],PERSONAL_NAME: Takudzwa $$ PAYMENT_COMPANY: Ecocash,sna
utility,text,Send a text message to Lesley and ask her where we're having lunch today between Mojos and The Palace.,"27:33:SL:PERSONAL_NAME,49:66:SL:MEAL_PERIOD,85:90:SL:DATE,100:105:SL:RESTAURANT_NAME,108:118:SL:RESTAURANT_NAME",[IN:text [SL:PERSONAL_NAME Lesley] [SL:MEAL_PERIOD kudya kwemasikati] [SL:DATE nhasi] [SL:RESTAURANT_NAME Mojos] [SL:RESTAURANT_NAME The Palace] ],PERSONAL_NAME: Lesley $$ MEAL_PERIOD: kudya kwemasikati $$ DATE: nhasi $$ RESTAURANT_NAME: Mojos $$ RESTAURANT_NAME: The Palace,sna
utility,text,Inform the driver by telephone that our meeting is over and that you can come and pick us up back in Malborough.,109:119:SL:PLACE_NAME,[IN:text [SL:PLACE_NAME Malborough] ],PLACE_NAME: Malborough,sna
utility,text,Send a telegram to the Dial A Delivery that I want to buy two pizzas and a large bottle of soda so that they can bring them home to Mandara.,"67:72:SL:DISH_OR_FOOD,73:78:SL:NUMBER,81:103:SL:DISH_OR_FOOD,137:144:SL:PLACE_NAME",[IN:text [SL:DISH_OR_FOOD pizza] [SL:NUMBER mbiri] [SL:DISH_OR_FOOD bhodhoro hombe refanta] [SL:PLACE_NAME Mandara] ],DISH_OR_FOOD: pizza $$ NUMBER: mbiri $$ DISH_OR_FOOD: bhodhoro hombe refanta $$ PLACE_NAME: Mandara,sna
utility,text,E-mail Wadzanai to see if she is at home in Eastlea and visit her today,"7:15:SL:PERSONAL_NAME,69:76:SL:PLACE_NAME,91:96:SL:DATE",[IN:text [SL:PERSONAL_NAME Wadzanai] [SL:PLACE_NAME Eastlea] [SL:DATE nhasi] ],PERSONAL_NAME: Wadzanai $$ PLACE_NAME: Eastlea $$ DATE: nhasi,sna
utility,text,I would like to send a letter of congratulations to all the friends on my phone.,,[IN:text ],,sna
utility,text,Telephone the company manager and inform him that I am not feeling well and that I will first see a doctor at Michael Galfand Hospital before I arrive at work.,127:155:SL:PLACE_NAME,[IN:text [SL:PLACE_NAME chipatara cheMichael Galfand] ],PLACE_NAME: chipatara cheMichael Galfand,sna
utility,text,I would like to contact the foreman of Chishawasha by telephone and ask him how much the work in Chiweshe is worth.,"31:44:SL:PERSONAL_NAME,111:119:SL:PLACE_NAME",[IN:text [SL:PERSONAL_NAME vaChishawasha] [SL:PLACE_NAME Chiweshe] ],PERSONAL_NAME: vaChishawasha $$ PLACE_NAME: Chiweshe,sna
utility,text,Send a phone call to Nicky telling him I'm married.,29:34:SL:PERSONAL_NAME,[IN:text [SL:PERSONAL_NAME Nicky] ],PERSONAL_NAME: Nicky,sna
utility,text,Send a phone letter to Nyasha to let her know that I am back in Harare in the morning so that she can come and meet me at Sam Levy Village.,"33:39:SL:PERSONAL_NAME,66:72:SL:CITY_OR_PROVINCE,73:79:SL:TIME,108:124:SL:PLACE_NAME",[IN:text [SL:PERSONAL_NAME Nyasha] [SL:CITY_OR_PROVINCE Harare] [SL:TIME kuseni] [SL:PLACE_NAME Sam Levy Village] ],PERSONAL_NAME: Nyasha $$ CITY_OR_PROVINCE: Harare $$ TIME: kuseni $$ PLACE_NAME: Sam Levy Village,sna
utility,text,Send a telegram to the landlord to inform him that his March payment has been received.,"65:75:SL:DATE,78:84:SL:DATE",[IN:text [SL:DATE mwedzi uno] [SL:DATE Kurume] ],DATE: mwedzi uno $$ DATE: Kurume,sna
utility,text,Send a letter to Millicent that the CBZ bank is closed.,"19:28:SL:PERSONAL_NAME,43:46:SL:BANK_NAME",[IN:text [SL:PERSONAL_NAME Millicent] [SL:BANK_NAME CBZ] ],PERSONAL_NAME: Millicent $$ BANK_NAME: CBZ,sna
utility,text,Ask my mother by phone where you were?,,[IN:text ],,sna
utility,text,Let Rebecca know in a letter that I'll talk to her right away.,7:14:SL:PERSONAL_NAME,[IN:text [SL:PERSONAL_NAME Rebecca] ],PERSONAL_NAME: Rebecca,sna
utility,text,Send my wife a phone call saying it's 4 a.m.,45:46:SL:TIME,[IN:text [SL:TIME 4] ],TIME: 4,sna
utility,text,Send a phone call to the teacher to apologize I'm already on Pringle street to pick up the child,74:92:SL:PLACE_NAME,[IN:text [SL:PLACE_NAME mugwagwa waPringle] ],PLACE_NAME: mugwagwa waPringle,sna
utility,text,Contact my attorney by phone and tell him his people at the Acturus Calendar are on the move.,78:85:SL:PLACE_NAME,[IN:text [SL:PLACE_NAME Acturus] ],PLACE_NAME: Acturus,sna
utility,text,Tell my neighbor by telephone note that I left his door unlocked.,,[IN:text ],,sna
utility,text,Let the people know that I will be arriving in Harare city now I am currently GMB at the intersection of ED Munangagwa and Samora Machel road.,"7:17:SL:PERSONAL_NAME,47:53:SL:CITY_OR_PROVINCE,82:141:SL:PLACE_NAME",[IN:text [SL:PERSONAL_NAME vaTichaona] [SL:CITY_OR_PROVINCE Harare] [SL:PLACE_NAME GMB panosangana mugwagwa waED Munangagwa newa Samora Machel] ],PERSONAL_NAME: vaTichaona $$ CITY_OR_PROVINCE: Harare $$ PLACE_NAME: GMB panosangana mugwagwa waED Munangagwa newa Samora Machel,sna
utility,text,Tell Newton by phone to stop calling me because I can't answer the phone.,5:11:SL:PERSONAL_NAME,[IN:text [SL:PERSONAL_NAME Newton] ],PERSONAL_NAME: Newton,sna
utility,text,Send Robson a phone message that his paperwork is complete.,29:35:SL:PERSONAL_NAME,[IN:text [SL:PERSONAL_NAME Robson] ],PERSONAL_NAME: Robson,sna
utility,text,Send a phone call to the Star FM radio numbers and tell them I vote Winky D with five votes.,"80:87:SL:ARTIST_NAME,98:105:SL:NUMBER",[IN:text [SL:ARTIST_NAME Winky D] [SL:NUMBER mashanu] ],ARTIST_NAME: Winky D $$ NUMBER: mashanu,sna
utility,text,"Tell Susan by telephone that she will take the bus to Westgate at the Copacabana station in the city, and get off at the Greencroft department store.","8:13:SL:PERSONAL_NAME,75:83:SL:PLACE_NAME,98:108:SL:PLACE_NAME,143:153:SL:PLACE_NAME",[IN:text [SL:PERSONAL_NAME Susan] [SL:PLACE_NAME Westgate] [SL:PLACE_NAME Copacabana] [SL:PLACE_NAME Greencroft] ],PERSONAL_NAME: Susan $$ PLACE_NAME: Westgate $$ PLACE_NAME: Copacabana $$ PLACE_NAME: Greencroft,sna
utility,text,Send a greeting card to my mother,,[IN:text ],,sna
utility,text,Send a phone call to Linah to be in Chegutu,"27:32:SL:PERSONAL_NAME,46:53:SL:CITY_OR_PROVINCE",[IN:text [SL:PERSONAL_NAME Linah] [SL:CITY_OR_PROVINCE Chegutu] ],PERSONAL_NAME: Linah $$ CITY_OR_PROVINCE: Chegutu,sna
utility,text,Tell Nicky that his Mercedes Benz has arrived with a phone message.,5:10:SL:PERSONAL_NAME,[IN:text [SL:PERSONAL_NAME Nicky] ],PERSONAL_NAME: Nicky,sna
utility,text,At 3 p.m. send a phone message to the driver to remind him to pick up the children from their school.,5:18:SL:TIME,[IN:text [SL:TIME 3 dzamasikati] ],TIME: 3 dzamasikati,sna
utility,text,Write a phone letter to Peace congratulating her on her birthday.,27:36:SL:PERSONAL_NAME,[IN:text [SL:PERSONAL_NAME Runyararo] ],PERSONAL_NAME: Runyararo,sna
utility,text,Telephone the doctor and tell him that my leg hurts,,[IN:text ],,sna
utility,text,Inform all the elders of the UFIC Northen church by telephone that we have a meeting on Saturday from 3 p.m. to 6 p.m.,"92:100:SL:DATE,109:123:SL:TIME,135:143:SL:TIME",[IN:text [SL:DATE mugovera] [SL:TIME dza 3 masikati] [SL:TIME 6 madeko] ],DATE: mugovera $$ TIME: dza 3 masikati $$ TIME: 6 madeko,sna
utility,text,Tell Mother Melody by telephone that I have reached one of her shops on Angwa Street but found it closed.,"10:16:SL:PERSONAL_NAME,83:99:SL:PLACE_NAME",[IN:text [SL:PERSONAL_NAME Melody] [SL:PLACE_NAME mugwagwa waAngwa] ],PERSONAL_NAME: Melody $$ PLACE_NAME: mugwagwa waAngwa,sna
utility,text,Inform my wife by telephone that there is a reception at the Celebration Centre for the newlyweds on July 4th and I would like her to take our place there as well.,"51:94:SL:CALENDAR_EVENT,100:114:SL:DATE",[IN:text [SL:CALENDAR_EVENT mabiko kuCelebration Centre yevari muwanano] [SL:DATE wa4 Chikunguru] ],CALENDAR_EVENT: mabiko kuCelebration Centre yevari muwanano $$ DATE: wa4 Chikunguru,sna
utility,text,Send a phone message to Mary announcing that summer is over.,"38:47:SL:PERSONAL_NAME,55:61:SL:DATE",[IN:text [SL:PERSONAL_NAME Rumbidzai] [SL:DATE zhizha] ],PERSONAL_NAME: Rumbidzai $$ DATE: zhizha,sna
utility,text,"Send a telephone message to Mrs. Mumu to let her know that her artwork is ready and can be picked up at our office at 25 Dudley Edwards in Mandala any day, but no later than 9:00 p.m.","29:37:SL:PERSONAL_NAME,141:168:SL:PLACE_NAME,215:228:SL:TIME",[IN:text [SL:PERSONAL_NAME Mai Mumu] [SL:PLACE_NAME 25 Dudley Edwards muMandara] [SL:TIME dza 9 manheru] ],PERSONAL_NAME: Mai Mumu $$ PLACE_NAME: 25 Dudley Edwards muMandara $$ TIME: dza 9 manheru,sna
utility,text,"Inform Ashley by telephone that if she wants to get to the Mazowe Resort Centre, she can take a bus to Bindura, or the Concession, or Mt Darwin at the station in Ruzende.","5:11:SL:PERSONAL_NAME,88:108:SL:PLACE_NAME,144:151:SL:CITY_OR_PROVINCE,158:168:SL:PLACE_NAME,175:184:SL:CITY_OR_PROVINCE,207:214:SL:PLACE_NAME",[IN:text [SL:PERSONAL_NAME Ashley] [SL:PLACE_NAME Mazowe Resort Centre] [SL:CITY_OR_PROVINCE Bindura] [SL:PLACE_NAME Concession] [SL:CITY_OR_PROVINCE Mt Darwin] [SL:PLACE_NAME Ruzende] ],PERSONAL_NAME: Ashley $$ PLACE_NAME: Mazowe Resort Centre $$ CITY_OR_PROVINCE: Bindura $$ PLACE_NAME: Concession $$ CITY_OR_PROVINCE: Mt Darwin $$ PLACE_NAME: Ruzende,sna
utility,text,Sorry I'm late for work so don't wait for me at Girls High but meet me at my workplace in Malborough.,"29:41:SL:PERSONAL_NAME,96:106:SL:PLACE_NAME,141:151:SL:PLACE_NAME",[IN:text [SL:PERSONAL_NAME Mai Tafadzwa] [SL:PLACE_NAME Girls High] [SL:PLACE_NAME Malborough] ],PERSONAL_NAME: Mai Tafadzwa $$ PLACE_NAME: Girls High $$ PLACE_NAME: Malborough,sna
utility,text,Send a text message to Blessing and tell her that her Samsung S24 is now the world's best-selling phone.,29:37:SL:PERSONAL_NAME,[IN:text [SL:PERSONAL_NAME Blessing] ],PERSONAL_NAME: Blessing,sna
utility,text,Throw a phone message to Ashy and tell her to shut up.,27:31:SL:PERSONAL_NAME,[IN:text [SL:PERSONAL_NAME Ashy] ],PERSONAL_NAME: Ashy,sna
utility,text,Send a phone call to Rachael saying I love her with all my heart.,29:38:SL:PERSONAL_NAME,[IN:text [SL:PERSONAL_NAME Rumbidzai] ],PERSONAL_NAME: Rumbidzai,sna
utility,time,"Tell me what time it is in Brussels, Belgium","32:40:SL:CITY_OR_PROVINCE,43:50:SL:COUNTRY",[IN:time [SL:CITY_OR_PROVINCE Brussels] [SL:COUNTRY Belgium] ],CITY_OR_PROVINCE: Brussels $$ COUNTRY: Belgium,sna
utility,time,in Zanzibar today,2:10:SL:PLACE_NAME,[IN:time [SL:PLACE_NAME Zanzibar] ],PLACE_NAME: Zanzibar,sna
utility,time,Is it already noon?,6:14:SL:TIME,[IN:time [SL:TIME masikati] ],TIME: masikati,sna
utility,time,Is it 6 o'clock yet?,14:15:SL:TIME,[IN:time [SL:TIME 6] ],TIME: 6,sna
utility,time,"Please tell me what it is like in Morogoro, Tanzania","36:44:SL:CITY_OR_PROVINCE,47:55:SL:COUNTRY",[IN:time [SL:CITY_OR_PROVINCE Morogoro] [SL:COUNTRY Tanzania] ],CITY_OR_PROVINCE: Morogoro $$ COUNTRY: Tanzania,sna
utility,time,"What time is it in Kingston, Jamaica?","18:26:SL:CITY_OR_PROVINCE,29:36:SL:COUNTRY",[IN:time [SL:CITY_OR_PROVINCE Kingston] [SL:COUNTRY Jamaica] ],CITY_OR_PROVINCE: Kingston $$ COUNTRY: Jamaica,sna
utility,time,Tell me about the Egyptian city of Alexandria.,"19:28:SL:CITY_OR_PROVINCE,31:36:SL:COUNTRY",[IN:time [SL:CITY_OR_PROVINCE Alezandra] [SL:COUNTRY Egypt] ],CITY_OR_PROVINCE: Alezandra $$ COUNTRY: Egypt,sna
utility,time,"They are now in exile in Tripoli, Libya","25:32:SL:CITY_OR_PROVINCE,35:40:SL:COUNTRY",[IN:time [SL:CITY_OR_PROVINCE Tripoli] [SL:COUNTRY Libya] ],CITY_OR_PROVINCE: Tripoli $$ COUNTRY: Libya,sna
utility,time,What time is it in the West Indies?,29:40:SL:PLACE_NAME,[IN:time [SL:PLACE_NAME West Indies] ],PLACE_NAME: West Indies,sna
utility,time,What about the countries of Western Europe?,,[IN:time ],,sna
utility,time,What has happened to the South American continent?,,[IN:time ],,sna
utility,time,What is the weather in Alabama?,12:19:SL:CITY_OR_PROVINCE,[IN:time [SL:CITY_OR_PROVINCE Alabama] ],CITY_OR_PROVINCE: Alabama,sna
utility,time,I want to know what it's like in Greenland,29:38:SL:COUNTRY,[IN:time [SL:COUNTRY Greenland] ],COUNTRY: Greenland,sna
utility,time,I am currently in Liverpool,19:28:SL:CITY_OR_PROVINCE,[IN:time [SL:CITY_OR_PROVINCE Liverpool] ],CITY_OR_PROVINCE: Liverpool,sna
utility,time,Tell me what's been going on in Cape Town,29:38:SL:CITY_OR_PROVINCE,[IN:time [SL:CITY_OR_PROVINCE Cape Town] ],CITY_OR_PROVINCE: Cape Town,sna
utility,time,Blantyre is a city,2:10:SL:CITY_OR_PROVINCE,[IN:time [SL:CITY_OR_PROVINCE Blantyre] ],CITY_OR_PROVINCE: Blantyre,sna
utility,time,What is the timing now?,,[IN:time ],,sna
utility,time,Can you tell me what is currently the island of Seychelles,64:74:SL:COUNTRY,[IN:time [SL:COUNTRY Seychelles] ],COUNTRY: Seychelles,sna
utility,time,"See how they are now in Cairo, Egypt.","28:33:SL:CITY_OR_PROVINCE,37:42:SL:COUNTRY",[IN:time [SL:CITY_OR_PROVINCE Cairo] [SL:COUNTRY Egypt] ],CITY_OR_PROVINCE: Cairo $$ COUNTRY: Egypt,sna
utility,time,"They now roam the Atlantic coast and the west African countries of Guinea, Ghana, Nigeria, and Gabon","48:62:SL:PLACE_NAME,96:102:SL:COUNTRY,104:109:SL:COUNTRY,111:118:SL:COUNTRY,121:126:SL:COUNTRY",[IN:time [SL:PLACE_NAME Atlantic Ocean] [SL:COUNTRY Guinea] [SL:COUNTRY Ghana] [SL:COUNTRY Nigeria] [SL:COUNTRY Gabon] ],PLACE_NAME: Atlantic Ocean $$ COUNTRY: Guinea $$ COUNTRY: Ghana $$ COUNTRY: Nigeria $$ COUNTRY: Gabon,sna
utility,time,Please tell me what they are,,[IN:time ],,sna
utility,time,Now they're almost there,,[IN:time ],,sna
utility,time,Your sunscreen is becoming a garbage can,,[IN:time ],,sna
utility,time,"They may now be in Eldoret, Kenya","26:33:SL:CITY_OR_PROVINCE,37:42:SL:COUNTRY",[IN:time [SL:CITY_OR_PROVINCE Eldoret] [SL:COUNTRY Kenya] ],CITY_OR_PROVINCE: Eldoret $$ COUNTRY: Kenya,sna
utility,time,Timbuktu in Mali is now a ruin,"2:10:SL:CITY_OR_PROVINCE,13:17:SL:COUNTRY",[IN:time [SL:CITY_OR_PROVINCE Timbkutu] [SL:COUNTRY Mali] ],CITY_OR_PROVINCE: Timbkutu $$ COUNTRY: Mali,sna
utility,time,"What is the time in Takoradi, Ghana?","22:30:SL:CITY_OR_PROVINCE,33:38:SL:COUNTRY",[IN:time [SL:CITY_OR_PROVINCE Takoradi] [SL:COUNTRY Ghana] ],CITY_OR_PROVINCE: Takoradi $$ COUNTRY: Ghana,sna
utility,time,"What is the weather like in Santa Maria, Cape Verde?","25:36:SL:CITY_OR_PROVINCE,51:61:SL:COUNTRY",[IN:time [SL:CITY_OR_PROVINCE Santa Maria] [SL:COUNTRY Cape Verde] ],CITY_OR_PROVINCE: Santa Maria $$ COUNTRY: Cape Verde,sna
utility,time,"What is the current weather in Kismayu, Somalia?","27:34:SL:CITY_OR_PROVINCE,37:44:SL:COUNTRY",[IN:time [SL:CITY_OR_PROVINCE Kismayo] [SL:COUNTRY Somalia] ],CITY_OR_PROVINCE: Kismayo $$ COUNTRY: Somalia,sna
utility,time,They have become modern dishes,,[IN:time ],,sna
utility,time,"Please, just leave it.",,[IN:time ],,sna
utility,time,Is it already 8 o'clock in the evening?,20:32:SL:TIME,[IN:time [SL:TIME 8 dzemanheru] ],TIME: 8 dzemanheru,sna
utility,time,What time is it?,,[IN:time ],,sna
utility,time,Please let me know when they arrive,,[IN:time ],,sna
utility,time,How far have they now reached the Comoros?,37:44:SL:COUNTRY,[IN:time [SL:COUNTRY Comoros] ],COUNTRY: Comoros,sna
utility,time,The pottery,,[IN:time ],,sna
utility,time,"The time zone of the North American continent is the present time in Buenos Aires, Argentina","99:111:SL:CITY_OR_PROVINCE,114:123:SL:COUNTRY",[IN:time [SL:CITY_OR_PROVINCE Buenos Aires] [SL:COUNTRY Argentina] ],CITY_OR_PROVINCE: Buenos Aires $$ COUNTRY: Argentina,sna
utility,time,Whose times are they?,,[IN:time ],,sna
utility,time,On the New Zealand time zone,47:58:SL:COUNTRY,[IN:time [SL:COUNTRY New Zealand] ],COUNTRY: New Zealand,sna
utility,time,Delhi is now India's Indian Standard Time,"9:14:SL:CITY_OR_PROVINCE,68:73:SL:COUNTRY",[IN:time [SL:CITY_OR_PROVINCE Dehli] [SL:COUNTRY India] ],CITY_OR_PROVINCE: Dehli $$ COUNTRY: India,sna
utility,time,The time zone is UTC,,[IN:time ],,sna
utility,time,They're really a mess now,,[IN:time ],,sna
utility,time,Where are the times now,,[IN:time ],,sna
utility,time,It's time for Russia,23:29:SL:COUNTRY,[IN:time [SL:COUNTRY Russia] ],COUNTRY: Russia,sna
utility,time,It's time,,[IN:time ],,sna
utility,time,"This is Wollongon, Australia","12:21:SL:CITY_OR_PROVINCE,24:33:SL:COUNTRY",[IN:time [SL:CITY_OR_PROVINCE Wollongon] [SL:COUNTRY Australia] ],CITY_OR_PROVINCE: Wollongon $$ COUNTRY: Australia,sna
utility,time,It is time in Honolulu,2:10:SL:CITY_OR_PROVINCE,[IN:time [SL:CITY_OR_PROVINCE Honolulu] ],CITY_OR_PROVINCE: Honolulu,sna
utility,time,"Greenwich, London, now a museum","2:11:SL:PLACE_NAME,15:21:SL:CITY_OR_PROVINCE",[IN:time [SL:PLACE_NAME Greenwich] [SL:CITY_OR_PROVINCE London] ],PLACE_NAME: Greenwich $$ CITY_OR_PROVINCE: London,sna
utility,time,It is the same time for countries using EST to calculate time in the Caribbean islands and countries in North and Central America.,"67:88:SL:PLACE_NAME,107:120:SL:PLACE_NAME,125:140:SL:PLACE_NAME",[IN:time [SL:PLACE_NAME zvitsuwa zveCaribbean] [SL:PLACE_NAME North America] [SL:PLACE_NAME Central America] ],PLACE_NAME: zvitsuwa zveCaribbean $$ PLACE_NAME: North America $$ PLACE_NAME: Central America,sna
utility,time,How far along the East African coast are the seasons now?,60:71:SL:PLACE_NAME,[IN:time [SL:PLACE_NAME East Africa] ],PLACE_NAME: East Africa,sna
utility,time,"Using the MST time system, I am now here",,[IN:time ],,sna
utility,time,Can you do the same?,,[IN:time ],,sna
utility,time,The present,,[IN:time ],,sna
utility,time,Times are tough on who's who now,,[IN:time ],,sna
utility,time,Current weather in Mexico City using CST,20:31:SL:CITY_OR_PROVINCE,[IN:time [SL:CITY_OR_PROVINCE Mexico City] ],CITY_OR_PROVINCE: Mexico City,sna
utility,time,What is the current time in the Sahara Desert region using the Central African Time Zone?,28:41:SL:PLACE_NAME,[IN:time [SL:PLACE_NAME Sahara Desert] ],PLACE_NAME: Sahara Desert,sna
utility,time,What time is it in Abu Dhabi?,26:35:SL:CITY_OR_PROVINCE,[IN:time [SL:CITY_OR_PROVINCE Abu Dhabi] ],CITY_OR_PROVINCE: Abu Dhabi,sna
utility,time,What is the current weather in Mexico City?,20:31:SL:CITY_OR_PROVINCE,[IN:time [SL:CITY_OR_PROVINCE Mexico City] ],CITY_OR_PROVINCE: Mexico City,sna
utility,time,What time is it in Costa Rica?,2:12:SL:COUNTRY,[IN:time [SL:COUNTRY Costa Rica] ],COUNTRY: Costa Rica,sna
utility,time,Inguia to Colorado,10:18:SL:CITY_OR_PROVINCE,[IN:time [SL:CITY_OR_PROVINCE Colorado] ],CITY_OR_PROVINCE: Colorado,sna
utility,time,Now they are the goats,,[IN:time ],,sna
utility,time,Now is the time,,[IN:time ],,sna
utility,time,I want to know the time,,[IN:time ],,sna
utility,time,Take some time now,,[IN:time ],,sna
utility,time,Would you know how the Serengeti National Park in Tanzania is doing?,"44:67:SL:PLACE_NAME,70:78:SL:COUNTRY",[IN:time [SL:PLACE_NAME Serengeti National Park] [SL:COUNTRY Tanzania] ],PLACE_NAME: Serengeti National Park $$ COUNTRY: Tanzania,sna
utility,time,What time is it now in Guatemala?,21:30:SL:COUNTRY,[IN:time [SL:COUNTRY Guatemala] ],COUNTRY: Guatemala,sna
utility,time,"What is this in Sao Paulo, Brazil?","19:30:SL:CITY_OR_PROVINCE,33:39:SL:COUNTRY",[IN:time [SL:CITY_OR_PROVINCE Saulo Paulo] [SL:COUNTRY Brazil] ],CITY_OR_PROVINCE: Saulo Paulo $$ COUNTRY: Brazil,sna
utility,time,Here we are in the Los Angeles area,28:39:SL:CITY_OR_PROVINCE,[IN:time [SL:CITY_OR_PROVINCE Los Angeles] ],CITY_OR_PROVINCE: Los Angeles,sna
utility,time,What time is it on the Fire Train in Zambia?,"2:15:SL:CITY_OR_PROVINCE,18:24:SL:COUNTRY",[IN:time [SL:CITY_OR_PROVINCE Katima Mulilo] [SL:COUNTRY Zambia] ],CITY_OR_PROVINCE: Katima Mulilo $$ COUNTRY: Zambia,sna
utility,time,"What time is it now in Kampala, Uganda?","32:39:SL:CITY_OR_PROVINCE,42:48:SL:COUNTRY",[IN:time [SL:CITY_OR_PROVINCE Kampala] [SL:COUNTRY Uganda] ],CITY_OR_PROVINCE: Kampala $$ COUNTRY: Uganda,sna
utility,time,"What is it like in Freetown, Liberia?","11:19:SL:CITY_OR_PROVINCE,22:29:SL:COUNTRY",[IN:time [SL:CITY_OR_PROVINCE Freetown] [SL:COUNTRY Liberia] ],CITY_OR_PROVINCE: Freetown $$ COUNTRY: Liberia,sna
utility,time,What time is the sundial on the wall of the president's office?,,[IN:time ],,sna
utility,time,"What is the weather in Pietermatitzburg, South Africa?","11:27:SL:CITY_OR_PROVINCE,30:42:SL:COUNTRY",[IN:time [SL:CITY_OR_PROVINCE Pietermatitzburg] [SL:COUNTRY South Africa] ],CITY_OR_PROVINCE: Pietermatitzburg $$ COUNTRY: South Africa,sna
utility,time,What about Luxembourg?,11:21:SL:COUNTRY,[IN:time [SL:COUNTRY Luxembourg] ],COUNTRY: Luxembourg,sna
utility,time,What time is it in London now?,22:28:SL:CITY_OR_PROVINCE,[IN:time [SL:CITY_OR_PROVINCE London] ],CITY_OR_PROVINCE: London,sna
utility,time,What time is it in Lesotho?,19:26:SL:COUNTRY,[IN:time [SL:COUNTRY Lesotho] ],COUNTRY: Lesotho,sna
utility,time,The Witch,,[IN:time ],,sna
utility,time,"What is the current situation in Cardiff, Wales?","16:23:SL:CITY_OR_PROVINCE,26:31:SL:COUNTRY",[IN:time [SL:CITY_OR_PROVINCE Cardiff] [SL:COUNTRY Wales] ],CITY_OR_PROVINCE: Cardiff $$ COUNTRY: Wales,sna
utility,time,I wonder which one?,,[IN:time ],,sna
utility,time,The ruins of Islamabad,16:25:SL:CITY_OR_PROVINCE,[IN:time [SL:CITY_OR_PROVINCE Islamabad] ],CITY_OR_PROVINCE: Islamabad,sna
utility,time,What is the time of the moth,,[IN:time ],,sna
utility,weather,What is the weather like in Harare?,25:31:SL:CITY_OR_PROVINCE,[IN:weather [SL:CITY_OR_PROVINCE Harare] ],CITY_OR_PROVINCE: Harare,sna
utility,weather,Record the current weather in Cape Town,38:46:SL:CITY_OR_PROVINCE,[IN:weather [SL:CITY_OR_PROVINCE Capetown] ],CITY_OR_PROVINCE: Capetown,sna
utility,weather,Tell me about the weather.,,[IN:weather ],,sna
utility,weather,What is the climate like for millions today?,26:31:SL:DATE,[IN:weather [SL:DATE nhasi] ],DATE: nhasi,sna
utility,weather,What is the weather like?,,[IN:weather ],,sna
utility,weather,Show me the weather today.,44:58:SL:DATE,[IN:weather [SL:DATE muzuva ranhasi] ],DATE: muzuva ranhasi,sna
utility,weather,What is the current weather?,,[IN:weather ],,sna
utility,weather,What is the climate?,2:7:SL:PLACE_NAME,[IN:weather [SL:PLACE_NAME Vumba] ],PLACE_NAME: Vumba,sna
utility,weather,What is the climate like in Bulawayo?,19:27:SL:CITY_OR_PROVINCE,[IN:weather [SL:CITY_OR_PROVINCE Bulawayo] ],CITY_OR_PROVINCE: Bulawayo,sna
utility,weather,What is the weather like in Rusape?,2:8:SL:CITY_OR_PROVINCE,[IN:weather [SL:CITY_OR_PROVINCE Rusape] ],CITY_OR_PROVINCE: Rusape,sna
utility,weather,What will the weather be like in Harare?,33:39:SL:CITY_OR_PROVINCE,[IN:weather [SL:CITY_OR_PROVINCE Harare] ],CITY_OR_PROVINCE: Harare,sna
utility,weather,What is the atmosphere in the Court?,25:31:SL:CITY_OR_PROVINCE,[IN:weather [SL:CITY_OR_PROVINCE Mutare] ],CITY_OR_PROVINCE: Mutare,sna
utility,weather,What is the weather forecast for next week?,27:44:SL:DATE,[IN:weather [SL:DATE svondo rinotevera] ],DATE: svondo rinotevera,sna
utility,weather,What kind of weather can I expect tomorrow?,42:50:SL:DATE,[IN:weather [SL:DATE mangwana] ],DATE: mangwana,sna
utility,weather,Make a note of the outside temperature.,,[IN:weather ],,sna
utility,weather,What is the climate in terms of temperature?,,[IN:weather ],,sna
utility,weather,What is the weather like outside?,,[IN:weather ],,sna
utility,weather,What is the weather like on Rusape?,27:33:SL:CITY_OR_PROVINCE,[IN:weather [SL:CITY_OR_PROVINCE Rusape] ],CITY_OR_PROVINCE: Rusape,sna
utility,weather,What will the weather be like tomorrow?,29:37:SL:DATE,[IN:weather [SL:DATE mangwana] ],DATE: mangwana,sna
utility,weather,How hot was it some nights?,29:41:SL:DATE,[IN:weather [SL:DATE marimwe zuro] ],DATE: marimwe zuro,sna
utility,weather,What is the weather forecast?,,[IN:weather ],,sna
utility,weather,What will the weather be like tomorrow?,27:35:SL:DATE,[IN:weather [SL:DATE mangwana] ],DATE: mangwana,sna
utility,weather,What is the forecast for the next two days?,40:63:SL:DATE,[IN:weather [SL:DATE mazuva maviri anotevera] ],DATE: mazuva maviri anotevera,sna
utility,weather,What will the weather be like next week?,31:48:SL:DATE,[IN:weather [SL:DATE svondo rinotevera] ],DATE: svondo rinotevera,sna
utility,weather,Tell me about the weather this week.,30:40:SL:DATE,[IN:weather [SL:DATE vhiki rino] ],DATE: vhiki rino,sna
utility,weather,Will it be hotter today than yesterday?,"0:5:SL:DATE,28:34:SL:DATE",[IN:weather [SL:DATE Nhasi] [SL:DATE nezuro] ],DATE: Nhasi $$ DATE: nezuro,sna
utility,weather,How hot is it outside?,,[IN:weather ],,sna
utility,weather,Tell me what it's like outside?,,[IN:weather ],,sna
utility,weather,The weather.,,[IN:weather ],,sna
utility,weather,What is the outside situation at Warren Park?,22:33:SL:PLACE_NAME,[IN:weather [SL:PLACE_NAME Warren Park] ],PLACE_NAME: Warren Park,sna
utility,weather,Is it raining stones outside?,,[IN:weather ],,sna
utility,weather,Will it be hot outside tomorrow?,21:30:SL:DATE,[IN:weather [SL:DATE mangwanai] ],DATE: mangwanai,sna
utility,weather,How cold will it be tomorrow?,22:30:SL:DATE,[IN:weather [SL:DATE mangwana] ],DATE: mangwana,sna
utility,weather,What will tomorrow's weather be like in Bindura?,"0:8:SL:DATE,11:18:SL:CITY_OR_PROVINCE",[IN:weather [SL:DATE Mangwana] [SL:CITY_OR_PROVINCE Bindura] ],DATE: Mangwana $$ CITY_OR_PROVINCE: Bindura,sna
utility,weather,What will the weather be like for the next two weeks?,29:54:SL:DATE,[IN:weather [SL:DATE masvondo maviri anotevera] ],DATE: masvondo maviri anotevera,sna
utility,weather,Will it be raining rocks outside this weekend?,45:55:SL:DATE,[IN:weather [SL:DATE vhiki rino] ],DATE: vhiki rino,sna
utility,weather,Is cold weather expected outside in the next few days?,40:63:SL:DATE,[IN:weather [SL:DATE mazuva mashoma anoteera] ],DATE: mazuva mashoma anoteera,sna
utility,weather,Tell me what the weather will be like in the next few days.,36:52:SL:DATE,[IN:weather [SL:DATE mazuva anotevera] ],DATE: mazuva anotevera,sna
utility,weather,What is the situation outside today?,29:34:SL:DATE,[IN:weather [SL:DATE nhasi] ],DATE: nhasi,sna
utility,weather,What is the atmosphere like outside?,,[IN:weather ],,sna
utility,weather,What can I expect to find outside?,,[IN:weather ],,sna
utility,weather,The weather in Hwange is frigid.,"19:25:SL:CITY_OR_PROVINCE,26:33:SL:TIME",[IN:weather [SL:CITY_OR_PROVINCE Hwange] [SL:TIME izvevzi] ],CITY_OR_PROVINCE: Hwange $$ TIME: izvevzi,sna
utility,weather,How hot or cold is the Sun?,2:8:SL:PLACE_NAME,[IN:weather [SL:PLACE_NAME Luveve] ],PLACE_NAME: Luveve,sna
utility,weather,What is the weather like in Rusape?,2:8:SL:CITY_OR_PROVINCE,[IN:weather [SL:CITY_OR_PROVINCE Rusape] ],CITY_OR_PROVINCE: Rusape,sna
utility,weather,The weather in Gweru.,18:23:SL:CITY_OR_PROVINCE,[IN:weather [SL:CITY_OR_PROVINCE Gweru] ],CITY_OR_PROVINCE: Gweru,sna
utility,weather,The weather in Gwanda.,19:26:SL:CITY_OR_PROVINCE,[IN:weather [SL:CITY_OR_PROVINCE Gwanda.] ],CITY_OR_PROVINCE: Gwanda.,sna
utility,weather,I like the weather in Bulawayo.,27:35:SL:CITY_OR_PROVINCE,[IN:weather [SL:CITY_OR_PROVINCE Bulawayo] ],CITY_OR_PROVINCE: Bulawayo,sna
utility,weather,What is the weather like outside in Marondera?,22:31:SL:CITY_OR_PROVINCE,[IN:weather [SL:CITY_OR_PROVINCE Marondera] ],CITY_OR_PROVINCE: Marondera,sna
utility,weather,Write the weather in the following area.,31:38:SL:PLACE_NAME,[IN:weather [SL:PLACE_NAME Nyazura] ],PLACE_NAME: Nyazura,sna
utility,weather,What will the weather be like in England?,44:49:SL:PLACE_NAME,[IN:weather [SL:PLACE_NAME Ngezi] ],PLACE_NAME: Ngezi,sna
utility,weather,What is the weather like outside in the Valley?,22:30:SL:CITY_OR_PROVINCE,[IN:weather [SL:CITY_OR_PROVINCE Chiredzi] ],CITY_OR_PROVINCE: Chiredzi,sna
utility,weather,What is the weather forecast for this week?,0:10:SL:DATE,[IN:weather [SL:DATE Vhiki rino] ],DATE: Vhiki rino,sna
utility,weather,How cold is it forecast to be tonight?,0:10:SL:TIME,[IN:weather [SL:TIME Madeko ano] ],TIME: Madeko ano,sna
utility,weather,Is it going to be hot today?,0:5:SL:DATE,[IN:weather [SL:DATE Nhasi] ],DATE: Nhasi,sna
utility,weather,Is today the most anticipated day of cold weather?,0:5:SL:DATE,[IN:weather [SL:DATE Nhasi] ],DATE: Nhasi,sna
utility,weather,How hot will it be outside today?,0:5:SL:DATE,[IN:weather [SL:DATE Nhasi] ],DATE: Nhasi,sna
utility,weather,What is the weather reported for Mutoko?,3:9:SL:CITY_OR_PROVINCE,[IN:weather [SL:CITY_OR_PROVINCE Mutoko] ],CITY_OR_PROVINCE: Mutoko,sna
utility,weather,What weather is predicted for Rusape?,3:9:SL:PLACE_NAME,[IN:weather [SL:PLACE_NAME Rusape] ],PLACE_NAME: Rusape,sna
utility,weather,What is the weather like in Kadoma?,2:8:SL:CITY_OR_PROVINCE,[IN:weather [SL:CITY_OR_PROVINCE Kadoma] ],CITY_OR_PROVINCE: Kadoma,sna
utility,weather,What is the weather like in Hwange?,2:8:SL:CITY_OR_PROVINCE,[IN:weather [SL:CITY_OR_PROVINCE Hwange] ],CITY_OR_PROVINCE: Hwange,sna
utility,weather,What is recorded about the weather in Bulawayo?,50:58:SL:CITY_OR_PROVINCE,[IN:weather [SL:CITY_OR_PROVINCE Bulawayo] ],CITY_OR_PROVINCE: Bulawayo,sna
utility,weather,Tell me all about the weather in Harare.,44:50:SL:CITY_OR_PROVINCE,[IN:weather [SL:CITY_OR_PROVINCE Harare] ],CITY_OR_PROVINCE: Harare,sna
utility,weather,What is the climate like in the court?,0:6:SL:CITY_OR_PROVINCE,[IN:weather [SL:CITY_OR_PROVINCE Mutare] ],CITY_OR_PROVINCE: Mutare,sna
utility,weather,What can you tell me about the weather in the Walls?,47:55:SL:CITY_OR_PROVINCE,[IN:weather [SL:CITY_OR_PROVINCE Masvingo] ],CITY_OR_PROVINCE: Masvingo,sna
utility,weather,What is the climate like in Nyasaland?,2:9:SL:PLACE_NAME,[IN:weather [SL:PLACE_NAME Nyazura] ],PLACE_NAME: Nyazura,sna
utility,weather,What is the weather like in Bulawayo?,26:34:SL:CITY_OR_PROVINCE,[IN:weather [SL:CITY_OR_PROVINCE Bulawayo] ],CITY_OR_PROVINCE: Bulawayo,sna
utility,weather,How is the outside now?,,[IN:weather ],,sna
utility,weather,Just briefly describe the situation outside the next two weeks.,53:78:SL:DATE,[IN:weather [SL:DATE masvondo maviri anotevera] ],DATE: masvondo maviri anotevera,sna
utility,weather,What will be the outside?,,[IN:weather ],,sna
utility,weather,Tell me what the weather is like tomorrow.,33:41:SL:DATE,[IN:weather [SL:DATE mangwana] ],DATE: mangwana,sna
utility,weather,When is the weather forecast for the next two weeks?,53:78:SL:DATE,[IN:weather [SL:DATE masvondo maviri anotevera] ],DATE: masvondo maviri anotevera,sna
utility,weather,How cold is the forecast for tomorrow?,0:8:SL:DATE,[IN:weather [SL:DATE Mangwana] ],DATE: Mangwana,sna
utility,weather,What will the weather be like on Sunday in Chegutu town?,"38:44:SL:DATE,47:54:SL:CITY_OR_PROVINCE",[IN:weather [SL:DATE Svondo] [SL:CITY_OR_PROVINCE Chegutu] ],DATE: Svondo $$ CITY_OR_PROVINCE: Chegutu,sna
utility,weather,What is the situation on the outside?,,[IN:weather ],,sna
utility,weather,Describe the outside.,,[IN:weather ],,sna
utility,weather,What is the current weather pattern?,17:29:SL:DATE,[IN:weather [SL:DATE zuva ranhasi] ],DATE: zuva ranhasi,sna
utility,weather,I like to know the weather.,,[IN:weather ],,sna
utility,weather,Please tell me the weather outside.,,[IN:weather ],,sna
utility,weather,What's tomorrow like?,0:8:SL:DATE,[IN:weather [SL:DATE Mangwana] ],DATE: Mangwana,sna
utility,weather,I want to know what the weather will be like tomorrow.,49:65:SL:DATE,[IN:weather [SL:DATE kuswera mangwana] ],DATE: kuswera mangwana,sna
