domain,intent,text,spans,logical_form,xtreme-up,source_language
banking,balance,How much money do I have in my Discovery account,32:41:SL:BANK_NAME,[IN:balance [SL:BANK_NAME Discovery] ],BANK_NAME: Discovery,sot
banking,balance,how much money do you have in your account?,,[IN:balance ],,sot
banking,balance,Is the money in your account enough for your needs?,,[IN:balance ],,sot
banking,balance,how much money is left in the account?,,[IN:balance ],,sot
banking,balance,Do you have money set aside for emergencies?,,[IN:balance ],,sot
banking,balance,How much money do you deposit into Capitec bank each month,35:42:SL:BANK_NAME,[IN:balance [SL:BANK_NAME Capitec] ],BANK_NAME: Capitec,sot
banking,balance,How much did he buy the milk?,9:15:SL:DISH_OR_FOOD,[IN:balance [SL:DISH_OR_FOOD lebese] ],DISH_OR_FOOD: lebese,sot
banking,balance,How much money do you withdraw from your ABSA account each week?,43:47:SL:BANK_NAME,[IN:balance [SL:BANK_NAME ABSA] ],BANK_NAME: ABSA,sot
banking,balance,Do you have money to buy stamps and sugar in your ABSA account?,"31:38:SL:SHOPPING_ITEM,42:50:SL:SHOPPING_ITEM,68:72:SL:BANK_NAME",[IN:balance [SL:SHOPPING_ITEM setampo] [SL:SHOPPING_ITEM tswekere] [SL:BANK_NAME ABSA] ],SHOPPING_ITEM: setampo $$ SHOPPING_ITEM: tswekere $$ BANK_NAME: ABSA,sot
banking,balance,Is there enough money in the bank to buy socks,61:68:SL:SHOPPING_ITEM,[IN:balance [SL:SHOPPING_ITEM dikausu] ],SHOPPING_ITEM: dikausu,sot
banking,balance,"What bank accounts do you have between FNB, Capitec and Nedbank?","46:49:SL:BANK_NAME,51:58:SL:BANK_NAME,62:69:SL:BANK_NAME",[IN:balance [SL:BANK_NAME FNB] [SL:BANK_NAME Capitec] [SL:BANK_NAME Nedbank] ],BANK_NAME: FNB $$ BANK_NAME: Capitec $$ BANK_NAME: Nedbank,sot
banking,balance,"your FNB, Capitec and Nedbank accounts?","21:24:SL:BANK_NAME,26:33:SL:BANK_NAME,37:44:SL:BANK_NAME",[IN:balance [SL:BANK_NAME FNB] [SL:BANK_NAME Capitec] [SL:BANK_NAME Nedbank] ],BANK_NAME: FNB $$ BANK_NAME: Capitec $$ BANK_NAME: Nedbank,sot
banking,balance,Do you check the money in the Nedbank before you buy?,23:30:SL:BANK_NAME,[IN:balance [SL:BANK_NAME Nedbank] ],BANK_NAME: Nedbank,sot
banking,balance,What are the ways to prevent fraud in FNB accounts?,42:45:SL:BANK_NAME,[IN:balance [SL:BANK_NAME FNB] ],BANK_NAME: FNB,sot
banking,balance,How much money can you borrow per day for Nedbank?,62:69:SL:BANK_NAME,[IN:balance [SL:BANK_NAME Nedbank] ],BANK_NAME: Nedbank,sot
banking,balance,Can you increase the amount of money you can withdraw per day from your Capitec mobile phone bank?,83:90:SL:BANK_NAME,[IN:balance [SL:BANK_NAME Capitec] ],BANK_NAME: Capitec,sot
banking,balance,How much is in the Capitec?,21:28:SL:BANK_NAME,[IN:balance [SL:BANK_NAME Capitec] ],BANK_NAME: Capitec,sot
banking,balance,"When you put $500 into an FNB account, how much is left?","11:15:SL:MONEY,33:36:SL:BANK_NAME",[IN:balance [SL:MONEY R500] [SL:BANK_NAME FNB] ],MONEY: R500 $$ BANK_NAME: FNB,sot
banking,balance,Check if the money has been deposited in the Discovery bank and how much is in it,36:45:SL:BANK_NAME,[IN:balance [SL:BANK_NAME Discovery] ],BANK_NAME: Discovery,sot
banking,balance,How much is in the Tyme Bank account?,32:41:SL:BANK_NAME,[IN:balance [SL:BANK_NAME Tyme Bank] ],BANK_NAME: Tyme Bank,sot
banking,balance,How much does a Capitec card cost?,10:17:SL:BANK_NAME,[IN:balance [SL:BANK_NAME Capitec] ],BANK_NAME: Capitec,sot
banking,balance,"If I withdraw $1,000 from the bank, how much is left?",12:17:SL:MONEY,[IN:balance [SL:MONEY R1000] ],MONEY: R1000,sot
banking,balance,"When you send $50 by cell phone, how much is left in your Standard Bank account?","12:15:SL:MONEY,61:74:SL:BANK_NAME",[IN:balance [SL:MONEY R50] [SL:BANK_NAME Standard Bank] ],MONEY: R50 $$ BANK_NAME: Standard Bank,sot
banking,balance,How much money is in the savings account?,,[IN:balance ],,sot
banking,balance,Can the money left in Nedbank buy rice and meat?,"25:32:SL:BANK_NAME,52:65:SL:DISH_OR_FOOD",[IN:balance [SL:BANK_NAME Nedbank] [SL:DISH_OR_FOOD raese le nama] ],BANK_NAME: Nedbank $$ DISH_OR_FOOD: raese le nama,sot
banking,balance,How much is on the FNB card?,30:33:SL:BANK_NAME,[IN:balance [SL:BANK_NAME FNB] ],BANK_NAME: FNB,sot
banking,balance,How much is the Game store owed?,,[IN:balance ],,sot
banking,balance,How much do I have on my ABSA card?,30:34:SL:BANK_NAME,[IN:balance [SL:BANK_NAME ABSA] ],BANK_NAME: ABSA,sot
banking,balance,How much is in the Nedbank and ABSA accounts,"32:39:SL:BANK_NAME,46:50:SL:BANK_NAME",[IN:balance [SL:BANK_NAME Nedbank] [SL:BANK_NAME ABSA] ],BANK_NAME: Nedbank $$ BANK_NAME: ABSA,sot
banking,balance,Can the money left in the Tyme Bank account buy a bed?,36:45:SL:BANK_NAME,[IN:balance [SL:BANK_NAME Tyme Bank] ],BANK_NAME: Tyme Bank,sot
banking,balance,How much money is in ABSA bank ,22:26:SL:BANK_NAME,[IN:balance [SL:BANK_NAME ABSA] ],BANK_NAME: ABSA,sot
banking,balance,How much is left in the FNB bank ,26:29:SL:BANK_NAME,[IN:balance [SL:BANK_NAME FNB] ],BANK_NAME: FNB,sot
banking,balance,How much money is left in the Standard Bank account?,28:41:SL:BANK_NAME,[IN:balance [SL:BANK_NAME Standard Bank] ],BANK_NAME: Standard Bank,sot
banking,balance,How much money is left in the FNB bank?,33:36:SL:BANK_NAME,[IN:balance [SL:BANK_NAME FNB] ],BANK_NAME: FNB,sot
banking,balance,Remove the remaining amount from Capitec and put it into ABSA,"29:36:SL:BANK_NAME,53:57:SL:BANK_NAME",[IN:balance [SL:BANK_NAME Capitec] [SL:BANK_NAME ABSA] ],BANK_NAME: Capitec $$ BANK_NAME: ABSA,sot
banking,balance,How long would it take to send money to America from South Africa to get to him?,"19:26:SL:COUNTRY,35:47:SL:COUNTRY",[IN:balance [SL:COUNTRY Amerika] [SL:COUNTRY Afrika Borwa] ],COUNTRY: Amerika $$ COUNTRY: Afrika Borwa,sot
banking,balance,Do you need an ID to check the balance in your Discovery account?,77:86:SL:BANK_NAME,[IN:balance [SL:BANK_NAME Discovery] ],BANK_NAME: Discovery,sot
banking,balance,How much money do I have in my Investec account?,47:55:SL:BANK_NAME,[IN:balance [SL:BANK_NAME Investec] ],BANK_NAME: Investec,sot
banking,balance,The bank saves you money.,,[IN:balance ],,sot
banking,balance,How much is in the FNB account,32:35:SL:BANK_NAME,[IN:balance [SL:BANK_NAME FNB] ],BANK_NAME: FNB,sot
banking,balance,How much is in the ABSA bank?,11:15:SL:BANK_NAME,[IN:balance [SL:BANK_NAME ABSA] ],BANK_NAME: ABSA,sot
banking,balance,"I want to buy tomatoes, will my money be enough?",17:23:SL:DISH_OR_FOOD,[IN:balance [SL:DISH_OR_FOOD tamati] ],DISH_OR_FOOD: tamati,sot
banking,balance,How much is left in FNB,21:24:SL:BANK_NAME,[IN:balance [SL:BANK_NAME FNB] ],BANK_NAME: FNB,sot
banking,balance,if I want to buy a car with money in the bank is that enough?,,[IN:balance ],,sot
banking,balance,Can the bank help me with a loan?,,[IN:balance ],,sot
banking,balance,"look at the money that went into the bank, how much",,[IN:balance ],,sot
banking,balance,Can the bank give you all your money back,,[IN:balance ],,sot
banking,balance,Bank loans must be paid on time.,,[IN:balance ],,sot
banking,balance,How much money do I have left in the bank?,,[IN:balance ],,sot
banking,balance,What is required to borrow money from a bank,,[IN:balance ],,sot
banking,balance,"I want to buy a suit, will the money in the FNB bank be enough?",51:54:SL:BANK_NAME,[IN:balance [SL:BANK_NAME FNB] ],BANK_NAME: FNB,sot
banking,balance,paying debts on time saves money.,,[IN:balance ],,sot
banking,balance,How much do I owe for school?,,[IN:balance ],,sot
banking,balance,How much do I owe on my house?,,[IN:balance ],,sot
banking,balance,How much money is left,,[IN:balance ],,sot
banking,balance,How much money do I have in my Nedbank account?,32:39:SL:BANK_NAME,[IN:balance [SL:BANK_NAME Nedbank] ],BANK_NAME: Nedbank,sot
banking,balance,what do I need to open a bank account?,,[IN:balance ],,sot
banking,balance,how do I use mobile banking?,,[IN:balance ],,sot
banking,balance,what if I lose my credit card?,,[IN:balance ],,sot
banking,balance,how do I get a credit card?,,[IN:balance ],,sot
banking,balance,how can I update my bank details?,,[IN:balance ],,sot
banking,balance,Do I have enough money to buy a car?,,[IN:balance ],,sot
banking,balance,How much money can I withdraw from the machine per day?,,[IN:balance ],,sot
banking,balance,can I change my credit card number?,,[IN:balance ],,sot
banking,balance,"if I want to close an account, what do I do?",,[IN:balance ],,sot
banking,balance,"if I want to borrow money, what do I do?",,[IN:balance ],,sot
banking,balance,can I combine my accounts?,,[IN:balance ],,sot
banking,balance,can I withdraw money from a foreign bank's ATM?,,[IN:balance ],,sot
banking,balance,if I withdraw money from the ATM how much does the tiger charge?,,[IN:balance ],,sot
banking,balance,How much are FNB banking services,27:30:SL:BANK_NAME,[IN:balance [SL:BANK_NAME FNB] ],BANK_NAME: FNB,sot
banking,balance,can you see the money in your bank account?,,[IN:balance ],,sot
banking,balance,How much is in Capitec's account?,32:39:SL:BANK_NAME,[IN:balance [SL:BANK_NAME Capitec] ],BANK_NAME: Capitec,sot
banking,balance,Do I have $500 in my FNB account?,"12:16:SL:MONEY,34:37:SL:BANK_NAME",[IN:balance [SL:MONEY R500] [SL:BANK_NAME FNB] ],MONEY: R500 $$ BANK_NAME: FNB,sot
banking,balance,How much is left in the Nedbank account,32:39:SL:BANK_NAME,[IN:balance [SL:BANK_NAME Nedbank] ],BANK_NAME: Nedbank,sot
banking,balance,How much money is in the Discovery bank?,30:44:SL:BANK_NAME,[IN:balance [SL:BANK_NAME Discovery bank] ],BANK_NAME: Discovery bank,sot
banking,balance,Why didn't you put your money in the bank?,,[IN:balance ],,sot
banking,balance,how much money is left in the bag,,[IN:balance ],,sot
banking,balance,How much is ABSA banking services,27:31:SL:BANK_NAME,[IN:balance [SL:BANK_NAME ABSA] ],BANK_NAME: ABSA,sot
banking,balance,Is there enough money in the FNB bank?,46:49:SL:BANK_NAME,[IN:balance [SL:BANK_NAME FNB] ],BANK_NAME: FNB,sot
banking,balance,How much is left in the wallet,,[IN:balance ],,sot
banking,bill_balance,How much money do I have left to pay for college?,,[IN:bill_balance ],,sot
banking,bill_balance,How much do I have left to pay for my children's schooling?,28:46:SL:BILL_TYPE,[IN:bill_balance [SL:BILL_TYPE sekoloto sa sekolo] ],BILL_TYPE: sekoloto sa sekolo,sot
banking,bill_balance,How much do I have left to pay off the iPhone 14 bill?,43:52:SL:SHOPPING_ITEM,[IN:bill_balance [SL:SHOPPING_ITEM iPhone 14] ],SHOPPING_ITEM: iPhone 14,sot
banking,bill_balance,What if I lose my job and run up a bank debt?,38:55:SL:BILL_TYPE,[IN:bill_balance [SL:BILL_TYPE sekoloto sa banka] ],BILL_TYPE: sekoloto sa banka,sot
banking,bill_balance,How much is my electricity bill,,[IN:bill_balance ],,sot
banking,bill_balance,How much is my water bill?,12:17:SL:BILL_TYPE,[IN:bill_balance [SL:BILL_TYPE metsi] ],BILL_TYPE: metsi,sot
banking,bill_balance,How much do I owe for my child's schooling?,,[IN:bill_balance ],,sot
banking,bill_balance,How much is the rent?,,[IN:bill_balance ],,sot
banking,bill_balance,How much does it cost to pay for the Edgars card,,[IN:bill_balance ],,sot
banking,bill_balance,How much is the household electricity,0:9:SL:BILL_TYPE,[IN:bill_balance [SL:BILL_TYPE Motlakase] ],BILL_TYPE: Motlakase,sot
banking,bill_balance,How much is my wifi,0:4:SL:BILL_TYPE,[IN:bill_balance [SL:BILL_TYPE Wifi] ],BILL_TYPE: Wifi,sot
banking,bill_balance,How much to pay the municipality,,[IN:bill_balance ],,sot
banking,bill_balance,How much does a housekeeper earn,,[IN:bill_balance ],,sot
banking,bill_balance,How much are my debts in total,,[IN:bill_balance ],,sot
banking,bill_balance,How much do I owe Woolworths,,[IN:bill_balance ],,sot
banking,bill_balance,How many times do I have to go to the bathroom every month,,[IN:bill_balance ],,sot
banking,bill_balance,How much do I owe the DSTV?,10:14:SL:BILL_TYPE,[IN:bill_balance [SL:BILL_TYPE DSTV] ],BILL_TYPE: DSTV,sot
banking,bill_balance,How much is my bill for bread and meat?,,[IN:bill_balance ],,sot
banking,bill_balance,How much is electricity,0:9:SL:BILL_TYPE,[IN:bill_balance [SL:BILL_TYPE Motlakase] ],BILL_TYPE: Motlakase,sot
banking,bill_balance,How much I paid for the store,,[IN:bill_balance ],,sot
banking,bill_balance,How much do I earn per month on a contract phone,,[IN:bill_balance ],,sot
banking,bill_balance,How much do I pay for sneakers?,,[IN:bill_balance ],,sot
banking,bill_balance,How much is the car debt now?,0:17:SL:BILL_TYPE,[IN:bill_balance [SL:BILL_TYPE Sekoloto sa koloi] ],BILL_TYPE: Sekoloto sa koloi,sot
banking,bill_balance,How much is my gasoline,0:7:SL:BILL_TYPE,[IN:bill_balance [SL:BILL_TYPE Petrole] ],BILL_TYPE: Petrole,sot
banking,bill_balance,How much is diesel,0:6:SL:BILL_TYPE,[IN:bill_balance [SL:BILL_TYPE Diesel] ],BILL_TYPE: Diesel,sot
banking,bill_balance,How much do I owe the restaurant?,,[IN:bill_balance ],,sot
banking,bill_balance,How much do I owe the municipality?,,[IN:bill_balance ],,sot
banking,bill_balance,How much do I owe the library?,,[IN:bill_balance ],,sot
banking,bill_balance,Can I pay my mortgage using a banking app?,,[IN:bill_balance ],,sot
banking,bill_balance,Where can I get my bank account,,[IN:bill_balance ],,sot
banking,bill_balance,How long will it take to pay off a bank loan?,29:46:SL:BILL_TYPE,[IN:bill_balance [SL:BILL_TYPE sekoloto sa banka] ],BILL_TYPE: sekoloto sa banka,sot
banking,bill_balance,How much can I pay for electricity per month,37:46:SL:BILL_TYPE,[IN:bill_balance [SL:BILL_TYPE motlakase] ],BILL_TYPE: motlakase,sot
banking,bill_balance,How much water can I pay per month,37:42:SL:BILL_TYPE,[IN:bill_balance [SL:BILL_TYPE metsi] ],BILL_TYPE: metsi,sot
banking,bill_balance,How much can i pay for wifi per month,37:41:SL:BILL_TYPE,[IN:bill_balance [SL:BILL_TYPE wifi] ],BILL_TYPE: wifi,sot
banking,bill_balance,How much can I pay for gas per month,37:42:SL:BILL_TYPE,[IN:bill_balance [SL:BILL_TYPE kgase] ],BILL_TYPE: kgase,sot
banking,bill_balance,How much can I pay for Spur meals a month,46:50:SL:RESTAURANT_NAME,[IN:bill_balance [SL:RESTAURANT_NAME Spur] ],RESTAURANT_NAME: Spur,sot
banking,bill_balance,Give me my water bill,22:27:SL:BILL_TYPE,[IN:bill_balance [SL:BILL_TYPE metsi] ],BILL_TYPE: metsi,sot
banking,bill_balance,Give me my electricity bill,22:31:SL:BILL_TYPE,[IN:bill_balance [SL:BILL_TYPE motlakase] ],BILL_TYPE: motlakase,sot
banking,bill_balance,I can pay the hotel bill with a reasonable amount of money,20:38:SL:BILL_TYPE,[IN:bill_balance [SL:BILL_TYPE sekoloto sa hotele] ],BILL_TYPE: sekoloto sa hotele,sot
banking,bill_balance,I can pay the hotel bill with a credit card,,[IN:bill_balance ],,sot
banking,bill_balance,Will I be able to pay my car bill in full?,,[IN:bill_balance ],,sot
banking,bill_balance,Will I be able to pay my mortgage in full?,,[IN:bill_balance ],,sot
banking,bill_balance,How much is my clothing bill,,[IN:bill_balance ],,sot
banking,bill_balance,I need to know how much my car is owed,,[IN:bill_balance ],,sot
banking,bill_balance,How much can I borrow to buy a telephone,,[IN:bill_balance ],,sot
banking,bill_balance,How much is the mortgage,,[IN:bill_balance ],,sot
banking,bill_balance,How much is the telephone bill?,0:29:SL:BILL_TYPE,[IN:bill_balance [SL:BILL_TYPE Sekoloto sa kontraka ya founu] ],BILL_TYPE: Sekoloto sa kontraka ya founu,sot
banking,bill_balance,How much is the laptop contract fee,24:30:SL:SHOPPING_ITEM,[IN:bill_balance [SL:SHOPPING_ITEM laptop] ],SHOPPING_ITEM: laptop,sot
banking,bill_balance,How much is the medical aidi contract fee,,[IN:bill_balance ],,sot
banking,bill_balance,How much is the car lease debt,,[IN:bill_balance ],,sot
banking,bill_balance,Do I have a debt that shows up on my credit score?,,[IN:bill_balance ],,sot
banking,bill_balance,I can see my credit score,,[IN:bill_balance ],,sot
banking,bill_balance,How much do I owe for Woolworths shoes?,,[IN:bill_balance ],,sot
banking,bill_balance,How much do I owe for my Nike shoes?,,[IN:bill_balance ],,sot
banking,bill_balance,How much ADT do I owe?,10:13:SL:BILL_TYPE,[IN:bill_balance [SL:BILL_TYPE ADT] ],BILL_TYPE: ADT,sot
banking,bill_balance,How much do I have to pay for Sixty 60?,,[IN:bill_balance ],,sot
banking,bill_balance,How much should I pay for Nandos?,29:35:SL:RESTAURANT_NAME,[IN:bill_balance [SL:RESTAURANT_NAME Nandos] ],RESTAURANT_NAME: Nandos,sot
banking,bill_balance,How much should I pay for the TV bill?,29:55:SL:BILL_TYPE,[IN:bill_balance [SL:BILL_TYPE akhaontong ya thelevishene] ],BILL_TYPE: akhaontong ya thelevishene,sot
banking,bill_balance,How much do I owe on the refrigerator bill?,,[IN:bill_balance ],,sot
banking,bill_balance,How much should I pay for the Macro?,,[IN:bill_balance ],,sot
banking,bill_balance,How much do I have to pay for the News Cafe?,29:38:SL:RESTAURANT_NAME,[IN:bill_balance [SL:RESTAURANT_NAME News Cafe] ],RESTAURANT_NAME: News Cafe,sot
banking,bill_balance,How long does it take to pay off a thousand dollars in debt?,,[IN:bill_balance ],,sot
banking,bill_balance,How long does it take to pay off a million dollar debt,39:47:SL:NUMBER,[IN:bill_balance [SL:NUMBER miliyone] ],NUMBER: miliyone,sot
banking,bill_balance,How long does it take to pay off a debt of five thousand,39:55:SL:MONEY,[IN:bill_balance [SL:MONEY dikete tse hlano] ],MONEY: dikete tse hlano,sot
banking,bill_balance,How long does it take to pay off a ten thousand dollar debt,39:57:SL:MONEY,[IN:bill_balance [SL:MONEY dikete tse leshome] ],MONEY: dikete tse leshome,sot
banking,bill_balance,How long does it take to pay off a debt of two thousand,,[IN:bill_balance ],,sot
banking,bill_balance,How much does it take to pay off a mortgage,,[IN:bill_balance ],,sot
banking,bill_balance,How long does it take to pay off a bank loan,25:42:SL:BILL_TYPE,[IN:bill_balance [SL:BILL_TYPE sekoloto sa banka] ],BILL_TYPE: sekoloto sa banka,sot
banking,bill_balance,How long does it take to pay off a mortgage,,[IN:bill_balance ],,sot
banking,bill_balance,What items can I borrow?,,[IN:bill_balance ],,sot
banking,bill_balance,What was the total amount of bills paid last month?,,[IN:bill_balance ],,sot
banking,bill_balance,What was the total amount of debt incurred last year?,,[IN:bill_balance ],,sot
banking,bill_balance,How much of Ackermas's beehive is left?,,[IN:bill_balance ],,sot
banking,bill_balance,How much of the Truworths debt do I have left to pay off?,0:21:SL:BILL_TYPE,[IN:bill_balance [SL:BILL_TYPE Sekoloto sa Truworths] ],BILL_TYPE: Sekoloto sa Truworths,sot
banking,bill_balance,How much is Foschini's debt?,0:20:SL:BILL_TYPE,[IN:bill_balance [SL:BILL_TYPE Sekoloto sa Foschini] ],BILL_TYPE: Sekoloto sa Foschini,sot
banking,bill_balance,How much did I owe Mr. Price today?,,[IN:bill_balance ],,sot
banking,bill_balance,How much did I save when I bought potatoes at Shoprite today?,28:36:SL:DISH_OR_FOOD,[IN:bill_balance [SL:DISH_OR_FOOD ditapole] ],DISH_OR_FOOD: ditapole,sot
banking,bill_balance,How much did I save on the Telkom when I went and bought a tablet for a kid today?,50:56:SL:SHOPPING_ITEM,[IN:bill_balance [SL:SHOPPING_ITEM tablet] ],SHOPPING_ITEM: tablet,sot
banking,bill_balance,How much do I have left to pay for my iPad?,0:4:SL:SHOPPING_ITEM,[IN:bill_balance [SL:SHOPPING_ITEM iPad] ],SHOPPING_ITEM: iPad,sot
banking,bill_balance,How much do I owe Adidas?,0:24:SL:BILL_TYPE,[IN:bill_balance [SL:BILL_TYPE Sekoloto sa ka sa Adidas] ],BILL_TYPE: Sekoloto sa ka sa Adidas,sot
banking,freeze_account,Help me to open a Tym Bank account,,[IN:freeze_account ],,sot
banking,freeze_account,I want to close my Nedbank account immediately,29:36:SL:BANK_NAME,[IN:freeze_account [SL:BANK_NAME Nedbank] ],BANK_NAME: Nedbank,sot
banking,freeze_account,What factors can cause an account to be closed?,,[IN:freeze_account ],,sot
banking,freeze_account,Give me the rules for closing accounts,,[IN:freeze_account ],,sot
banking,freeze_account,Open an account for ABSA,19:23:SL:BANK_NAME,[IN:freeze_account [SL:BANK_NAME ABSA] ],BANK_NAME: ABSA,sot
banking,freeze_account,how long does it take to open a closed account?,,[IN:freeze_account ],,sot
banking,freeze_account,What are the reasons why a bank might close an account?,,[IN:freeze_account ],,sot
banking,freeze_account,what happens to the bank account?,,[IN:freeze_account ],,sot
banking,freeze_account,"""Then what should I do with my money, when I am in trouble?",,[IN:freeze_account ],,sot
banking,freeze_account,What would have happened if you had taken the money to the bank?,,[IN:freeze_account ],,sot
banking,freeze_account,"When I opened an account and had a deposit, what did I do?",,[IN:freeze_account ],,sot
banking,freeze_account,can my bank help me open a bank account that is being held by another bank?,,[IN:freeze_account ],,sot
banking,freeze_account,Where can I get help if my account is closed?,,[IN:freeze_account ],,sot
banking,freeze_account,Will the bank refund the stolen money to my account?,,[IN:freeze_account ],,sot
banking,freeze_account,What are the reasons for closing the account?,,[IN:freeze_account ],,sot
banking,freeze_account,How long would it take a bank to open an account for an innocent person?,,[IN:freeze_account ],,sot
banking,freeze_account,Open an account with NSFAS,20:25:SL:PAYMENT_COMPANY,[IN:freeze_account [SL:PAYMENT_COMPANY NSFAS] ],PAYMENT_COMPANY: NSFAS,sot
banking,freeze_account,Help me to close all my accounts,,[IN:freeze_account ],,sot
banking,freeze_account,Has my Capitec account been suspended?,21:28:SL:BANK_NAME,[IN:freeze_account [SL:BANK_NAME Capitec] ],BANK_NAME: Capitec,sot
banking,freeze_account,I have to close the ABSA account for children,39:43:SL:BANK_NAME,[IN:freeze_account [SL:BANK_NAME ABSA] ],BANK_NAME: ABSA,sot
banking,freeze_account,"The bank has closed my Nedbank account, how can I help?",27:34:SL:BANK_NAME,[IN:freeze_account [SL:BANK_NAME Nedbank] ],BANK_NAME: Nedbank,sot
banking,freeze_account,Please sign my account,,[IN:freeze_account ],,sot
banking,freeze_account,Stop depositing money into a closed account,,[IN:freeze_account ],,sot
banking,freeze_account,Please close my bank account,,[IN:freeze_account ],,sot
banking,freeze_account,Sign up for a Discovery account,18:27:SL:BANK_NAME,[IN:freeze_account [SL:BANK_NAME Discovery] ],BANK_NAME: Discovery,sot
banking,freeze_account,Close the account immediately,,[IN:freeze_account ],,sot
banking,freeze_account,Close the account now,,[IN:freeze_account ],,sot
banking,freeze_account,Suspend my bank account,,[IN:freeze_account ],,sot
banking,freeze_account,please close my FNB account,33:36:SL:BANK_NAME,[IN:freeze_account [SL:BANK_NAME FNB] ],BANK_NAME: FNB,sot
banking,freeze_account,Please close my Nedbank account,34:41:SL:BANK_NAME,[IN:freeze_account [SL:BANK_NAME Nedbank] ],BANK_NAME: Nedbank,sot
banking,freeze_account,Suspend my Nedbank bank account,51:58:SL:BANK_NAME,[IN:freeze_account [SL:BANK_NAME Nedbank] ],BANK_NAME: Nedbank,sot
banking,freeze_account,Suspend services for the Capitec account,36:43:SL:BANK_NAME,[IN:freeze_account [SL:BANK_NAME Capitec] ],BANK_NAME: Capitec,sot
banking,freeze_account,Open an ABSA account now,18:22:SL:BANK_NAME,[IN:freeze_account [SL:BANK_NAME ABSA] ],BANK_NAME: ABSA,sot
banking,freeze_account,can you pay your bills if the bank closes your accounts?,,[IN:freeze_account ],,sot
banking,freeze_account,Please block the Discovery account.,28:37:SL:BANK_NAME,[IN:freeze_account [SL:BANK_NAME Discovery] ],BANK_NAME: Discovery,sot
banking,freeze_account,Call Discovery and ask for an account,9:18:SL:BANK_NAME,[IN:freeze_account [SL:BANK_NAME Discovery] ],BANK_NAME: Discovery,sot
banking,freeze_account,Please open a Tyme Bank account,18:27:SL:BANK_NAME,[IN:freeze_account [SL:BANK_NAME Tyme Bank] ],BANK_NAME: Tyme Bank,sot
banking,freeze_account,What happens when an account is closed,,[IN:freeze_account ],,sot
banking,freeze_account,Use a Tyme Bank credit card,25:34:SL:BANK_NAME,[IN:freeze_account [SL:BANK_NAME Tyme Bank] ],BANK_NAME: Tyme Bank,sot
banking,freeze_account,Please sign my account,,[IN:freeze_account ],,sot
banking,freeze_account,please close all ABSA accounts,39:43:SL:BANK_NAME,[IN:freeze_account [SL:BANK_NAME ABSA] ],BANK_NAME: ABSA,sot
banking,freeze_account,i want my account closed now,,[IN:freeze_account ],,sot
banking,freeze_account,Fill out my account immediately,,[IN:freeze_account ],,sot
banking,freeze_account,How much is in the FNB account?,32:35:SL:BANK_NAME,[IN:freeze_account [SL:BANK_NAME FNB] ],BANK_NAME: FNB,sot
banking,freeze_account,Block money in the FNB account,34:37:SL:BANK_NAME,[IN:freeze_account [SL:BANK_NAME FNB] ],BANK_NAME: FNB,sot
banking,freeze_account,List all services in the Capitec account,48:55:SL:BANK_NAME,[IN:freeze_account [SL:BANK_NAME Capitec] ],BANK_NAME: Capitec,sot
banking,freeze_account,Block services for withdrawals from FNB accounts,62:65:SL:BANK_NAME,[IN:freeze_account [SL:BANK_NAME FNB] ],BANK_NAME: FNB,sot
banking,freeze_account,Open an account with Nedbank,17:24:SL:BANK_NAME,[IN:freeze_account [SL:BANK_NAME Nedbank] ],BANK_NAME: Nedbank,sot
banking,freeze_account,Block services for depositing money into FNB accounts,62:65:SL:BANK_NAME,[IN:freeze_account [SL:BANK_NAME FNB] ],BANK_NAME: FNB,sot
banking,freeze_account,Close the Nedbank account,17:24:SL:BANK_NAME,[IN:freeze_account [SL:BANK_NAME Nedbank] ],BANK_NAME: Nedbank,sot
banking,freeze_account,Suspend the FNB account for a while,17:20:SL:BANK_NAME,[IN:freeze_account [SL:BANK_NAME FNB] ],BANK_NAME: FNB,sot
banking,freeze_account,"I don't want a FNB bank account anymore, close it immediately",36:39:SL:BANK_NAME,[IN:freeze_account [SL:BANK_NAME FNB] ],BANK_NAME: FNB,sot
banking,freeze_account,I need the Capitec account closed immediately,25:32:SL:BANK_NAME,[IN:freeze_account [SL:BANK_NAME Capitec] ],BANK_NAME: Capitec,sot
banking,freeze_account,Open an account with ABSA,18:22:SL:BANK_NAME,[IN:freeze_account [SL:BANK_NAME ABSA] ],BANK_NAME: ABSA,sot
banking,freeze_account,Check if the FNB account is closed,23:26:SL:BANK_NAME,[IN:freeze_account [SL:BANK_NAME FNB] ],BANK_NAME: FNB,sot
banking,freeze_account,"Open an account with Nedbank, ABSA and Capitec","18:25:SL:BANK_NAME,27:31:SL:BANK_NAME,35:42:SL:BANK_NAME",[IN:freeze_account [SL:BANK_NAME Nedbank] [SL:BANK_NAME ABSA] [SL:BANK_NAME Capitec] ],BANK_NAME: Nedbank $$ BANK_NAME: ABSA $$ BANK_NAME: Capitec,sot
banking,freeze_account,Can I close two accounts at the same time,,[IN:freeze_account ],,sot
banking,freeze_account,I want my account closed,,[IN:freeze_account ],,sot
banking,freeze_account,Keep all accounts,,[IN:freeze_account ],,sot
banking,freeze_account,please open a Standard Bank account,29:42:SL:BANK_NAME,[IN:freeze_account [SL:BANK_NAME Standard Bank] ],BANK_NAME: Standard Bank,sot
banking,freeze_account,I need to close Capitec's account after I suspect there is money I haven't been paid.,30:37:SL:BANK_NAME,[IN:freeze_account [SL:BANK_NAME Capitec] ],BANK_NAME: Capitec,sot
banking,freeze_account,I need help opening an account.,,[IN:freeze_account ],,sot
banking,freeze_account,What are the circumstances under which the bank will close the account?,,[IN:freeze_account ],,sot
banking,freeze_account,After what time does the bank open a closed account?,,[IN:freeze_account ],,sot
banking,freeze_account,When should you tell the bank when you close an account?,,[IN:freeze_account ],,sot
banking,freeze_account,Create a savings account,6:27:SL:ACCOUNT_TYPE,[IN:freeze_account [SL:ACCOUNT_TYPE akhaonto ya ho boloka] ],ACCOUNT_TYPE: akhaonto ya ho boloka,sot
banking,freeze_account,How does the bank close fraudulent financial accounts?,,[IN:freeze_account ],,sot
banking,freeze_account,Open accounts that involve illegal money,,[IN:freeze_account ],,sot
banking,freeze_account,Open an account with FNB,18:21:SL:BANK_NAME,[IN:freeze_account [SL:BANK_NAME FNB] ],BANK_NAME: FNB,sot
banking,freeze_account,Open an account with Capitec,18:25:SL:BANK_NAME,[IN:freeze_account [SL:BANK_NAME Capitec] ],BANK_NAME: Capitec,sot
banking,freeze_account,use different PIN numbers for your accounts.,,[IN:freeze_account ],,sot
banking,freeze_account,close all my accounts,,[IN:freeze_account ],,sot
banking,freeze_account,stop the theft of my account,,[IN:freeze_account ],,sot
banking,freeze_account,"bank card is accepted by the machine, write it immediately",,[IN:freeze_account ],,sot
banking,freeze_account,close all my accounts,,[IN:freeze_account ],,sot
banking,freeze_account,bank rules on closed accounts,,[IN:freeze_account ],,sot
banking,freeze_account,Stop Capitec from taking money from my FNB account,"8:15:SL:BANK_NAME,55:58:SL:BANK_NAME",[IN:freeze_account [SL:BANK_NAME Capitec] [SL:BANK_NAME FNB] ],BANK_NAME: Capitec $$ BANK_NAME: FNB,sot
banking,freeze_account,Prevent FNB from taking money from his Nedbank account,"8:11:SL:BANK_NAME,52:59:SL:BANK_NAME",[IN:freeze_account [SL:BANK_NAME FNB] [SL:BANK_NAME Nedbank] ],BANK_NAME: FNB $$ BANK_NAME: Nedbank,sot
banking,freeze_account,Give me some other ways to close accounts,,[IN:freeze_account ],,sot
banking,freeze_account,Write to Edgars store to stop withdrawing money from FNB account.,71:74:SL:BANK_NAME,[IN:freeze_account [SL:BANK_NAME FNB] ],BANK_NAME: FNB,sot
banking,interest_rate,What method can add to my bank account,,[IN:interest_rate ],,sot
banking,interest_rate,Does my money disappear in the bank,,[IN:interest_rate ],,sot
banking,interest_rate,"If the bank had lost my money, would I have returned it with interest?",,[IN:interest_rate ],,sot
banking,interest_rate,Where can I get a loan at a bank with a low interest rate?,,[IN:interest_rate ],,sot
banking,interest_rate,Where can I get a loan with this high interest rate,,[IN:interest_rate ],,sot
banking,interest_rate,The interest rate of the London central bank,38:44:SL:CITY_OR_PROVINCE,[IN:interest_rate [SL:CITY_OR_PROVINCE London] ],CITY_OR_PROVINCE: London,sot
banking,interest_rate,Interest rates of banks in North America,38:45:SL:COUNTRY,[IN:interest_rate [SL:COUNTRY America] ],COUNTRY: America,sot
banking,interest_rate,I can get interest from the bank if I deposit $10.,38:41:SL:MONEY,[IN:interest_rate [SL:MONEY R10] ],MONEY: R10,sot
banking,interest_rate,How does the bank's interest rate work?,,[IN:interest_rate ],,sot
banking,interest_rate,It's true that the bank gave me my money at interest rate,,[IN:interest_rate ],,sot
banking,interest_rate,What percentage of interest rate can the bank give me?,,[IN:interest_rate ],,sot
banking,interest_rate,What is the interest rate on the car,,[IN:interest_rate ],,sot
banking,interest_rate,What is the interest rate on the clothing account,,[IN:interest_rate ],,sot
banking,interest_rate,Where can I find the interest rate on my bank account,,[IN:interest_rate ],,sot
banking,interest_rate,Where can I find my interest rate,,[IN:interest_rate ],,sot
banking,interest_rate,How much interest is on my house account,,[IN:interest_rate ],,sot
banking,interest_rate,How much does Botswana's currency outweigh that of South Africa at the interest rate?,"12:20:SL:COUNTRY,36:48:SL:COUNTRY",[IN:interest_rate [SL:COUNTRY Botswana] [SL:COUNTRY Afrika Borwa] ],COUNTRY: Botswana $$ COUNTRY: Afrika Borwa,sot
banking,interest_rate,What is the interest rate on my Discovery credit card?,50:59:SL:BANK_NAME,[IN:interest_rate [SL:BANK_NAME Discovery] ],BANK_NAME: Discovery,sot
banking,interest_rate,What is the interest rate on FNB bank,33:36:SL:BANK_NAME,[IN:interest_rate [SL:BANK_NAME FNB] ],BANK_NAME: FNB,sot
banking,interest_rate,Why does the bank charge interest,,[IN:interest_rate ],,sot
banking,interest_rate,"When I take out a loan from a bank, what interest rate do I have to give them?",,[IN:interest_rate ],,sot
banking,interest_rate,What is the interest rate on Capitec,22:29:SL:BANK_NAME,[IN:interest_rate [SL:BANK_NAME Capitec] ],BANK_NAME: Capitec,sot
banking,interest_rate,What is the interest rate of Standard Bank,22:35:SL:BANK_NAME,[IN:interest_rate [SL:BANK_NAME Standard Bank] ],BANK_NAME: Standard Bank,sot
banking,interest_rate,What is the Nedbank interest rate,22:29:SL:BANK_NAME,[IN:interest_rate [SL:BANK_NAME Nedbank] ],BANK_NAME: Nedbank,sot
banking,interest_rate,What is the interest rate on ABSA,22:26:SL:BANK_NAME,[IN:interest_rate [SL:BANK_NAME ABSA] ],BANK_NAME: ABSA,sot
banking,interest_rate,What is the interest rate of Investec,22:30:SL:BANK_NAME,[IN:interest_rate [SL:BANK_NAME Investec] ],BANK_NAME: Investec,sot
banking,interest_rate,Give me the interest rate of all South African banks,39:51:SL:COUNTRY,[IN:interest_rate [SL:COUNTRY Afrika Borwa] ],COUNTRY: Afrika Borwa,sot
banking,interest_rate,Show me my Capitec cousin from last year,"25:32:SL:BANK_NAME,36:54:SL:DATE",[IN:interest_rate [SL:BANK_NAME Capitec] [SL:DATE selemo se fetileng] ],BANK_NAME: Capitec $$ DATE: selemo se fetileng,sot
banking,interest_rate,Show me the interest on my Nedbank loan,35:42:SL:BANK_NAME,[IN:interest_rate [SL:BANK_NAME Nedbank] ],BANK_NAME: Nedbank,sot
banking,interest_rate,How my Investec is doing,16:24:SL:BANK_NAME,[IN:interest_rate [SL:BANK_NAME Investec] ],BANK_NAME: Investec,sot
banking,interest_rate,What is the interest rate of Standard Bank,10:23:SL:BANK_NAME,[IN:interest_rate [SL:BANK_NAME Standard Bank] ],BANK_NAME: Standard Bank,sot
banking,interest_rate,"Look at the FNB and the Discovery Bank, which comes first","16:19:SL:BANK_NAME,26:40:SL:BANK_NAME",[IN:interest_rate [SL:BANK_NAME FNB] [SL:BANK_NAME Discovery Bank] ],BANK_NAME: FNB $$ BANK_NAME: Discovery Bank,sot
banking,interest_rate,Children's interests vary,,[IN:interest_rate ],,sot
banking,interest_rate,Give me the lowest interest rate,,[IN:interest_rate ],,sot
banking,interest_rate,Which bank has the lowest interest rate,,[IN:interest_rate ],,sot
banking,interest_rate,Does the lender apply the statutory interest rate,,[IN:interest_rate ],,sot
banking,interest_rate,What is the interest rate on the loans?,,[IN:interest_rate ],,sot
banking,interest_rate,Does the lender break the law with its interest rate?,,[IN:interest_rate ],,sot
banking,interest_rate,"If I don't pay the loan, the interest rate goes up",,[IN:interest_rate ],,sot
banking,interest_rate,Which banks do not charge interest,,[IN:interest_rate ],,sot
banking,interest_rate,What is the interest rate on my car account?,,[IN:interest_rate ],,sot
banking,interest_rate,Do all national banks offer interest rates,,[IN:interest_rate ],,sot
banking,interest_rate,What is the interest rate on my bond account?,,[IN:interest_rate ],,sot
banking,interest_rate,Does the interest rate rise annually,,[IN:interest_rate ],,sot
banking,interest_rate,For children the interest rate is higher?,,[IN:interest_rate ],,sot
banking,interest_rate,Who sets the interest rate?,,[IN:interest_rate ],,sot
banking,interest_rate,I can afford to take out a loan with no interest,,[IN:interest_rate ],,sot
banking,interest_rate,What is an interest - free loan called?,,[IN:interest_rate ],,sot
banking,interest_rate,Is there an interest rate when I buy food at a grocery store?,,[IN:interest_rate ],,sot
banking,interest_rate,Is there an interest rate if I buy clothes from a clothing store?,,[IN:interest_rate ],,sot
banking,interest_rate,Can the bank lower the interest rate?,,[IN:interest_rate ],,sot
banking,interest_rate,Where can I pay the bank's interest rate?,,[IN:interest_rate ],,sot
banking,interest_rate,Can I pay the interest rate before any debt?,,[IN:interest_rate ],,sot
banking,interest_rate,Do I have to pay interest?,,[IN:interest_rate ],,sot
banking,interest_rate,What is the benefit of an interest rate?,,[IN:interest_rate ],,sot
banking,interest_rate,Does gasoline have an interest rate?,,[IN:interest_rate ],,sot
banking,interest_rate,What is the interest rate on a thousand dollar loan,,[IN:interest_rate ],,sot
banking,interest_rate,What is the interest rate on the two thousand dollar loan?,"34:40:SL:SHOPPING_ITEM,41:49:SL:NUMBER",[IN:interest_rate [SL:SHOPPING_ITEM dikete] [SL:NUMBER tse pedi] ],SHOPPING_ITEM: dikete $$ NUMBER: tse pedi,sot
banking,interest_rate,What is the interest rate on a million dollar loan,,[IN:interest_rate ],,sot
banking,interest_rate,What is the interest rate on the ten thousand dollar debt?,34:52:SL:NUMBER,[IN:interest_rate [SL:NUMBER dikete tse leshome] ],NUMBER: dikete tse leshome,sot
banking,interest_rate,Do I pay interest on the child's school?,,[IN:interest_rate ],,sot
banking,interest_rate,Do I pay the doctor's interest?,,[IN:interest_rate ],,sot
banking,interest_rate,Do I pay the hospital's interest?,,[IN:interest_rate ],,sot
banking,interest_rate,Do I pay the interest rate on the Gautrain?,,[IN:interest_rate ],,sot
banking,interest_rate,Do I pay interest in the restaurant?,,[IN:interest_rate ],,sot
banking,interest_rate,Do I pay the interest rate on the movie?,,[IN:interest_rate ],,sot
banking,interest_rate,How does the interest rate help you?,,[IN:interest_rate ],,sot
banking,interest_rate,How does the interest rate help me?,,[IN:interest_rate ],,sot
banking,interest_rate,How does the interest rate help the bank?,,[IN:interest_rate ],,sot
banking,interest_rate,How does interest rate differential help businesses?,,[IN:interest_rate ],,sot
banking,interest_rate,Give me the percentage of the absa interest rate,39:43:SL:BANK_NAME,[IN:interest_rate [SL:BANK_NAME absa] ],BANK_NAME: absa,sot
banking,interest_rate,Give me the percentage of the nedbank interest rate,39:46:SL:BANK_NAME,[IN:interest_rate [SL:BANK_NAME nedbank] ],BANK_NAME: nedbank,sot
banking,interest_rate,Give me the percentage of the investec interest rate,39:47:SL:BANK_NAME,[IN:interest_rate [SL:BANK_NAME investec] ],BANK_NAME: investec,sot
banking,interest_rate,Give me a percentage of the standard bank interest rate,39:52:SL:BANK_NAME,[IN:interest_rate [SL:BANK_NAME standard bank] ],BANK_NAME: standard bank,sot
banking,interest_rate,Give me a percentage of the discovery bank's interest rate,39:53:SL:BANK_NAME,[IN:interest_rate [SL:BANK_NAME discovery bank] ],BANK_NAME: discovery bank,sot
banking,interest_rate,Does the discovery bank have a lower percentage,5:19:SL:BANK_NAME,[IN:interest_rate [SL:BANK_NAME discovery bank] ],BANK_NAME: discovery bank,sot
banking,interest_rate,Does the discovery bank have a high percentage,5:19:SL:BANK_NAME,[IN:interest_rate [SL:BANK_NAME discovery bank] ],BANK_NAME: discovery bank,sot
banking,interest_rate,Do I have money in a bank that has a higher interest rate?,,[IN:interest_rate ],,sot
banking,interest_rate,Does my deposit reduce the interest rate?,,[IN:interest_rate ],,sot
banking,interest_rate,How do I deposit money in the bank,,[IN:interest_rate ],,sot
banking,min_payment,How much do i have to pay verizon,21:28:SL:PAYMENT_COMPANY,[IN:min_payment [SL:PAYMENT_COMPANY verizon] ],PAYMENT_COMPANY: verizon,sot
banking,min_payment,What is the minimum amount of money I can borrow on a verizon loan,,[IN:min_payment ],,sot
banking,min_payment,How much can i pay on my verizon bill,39:46:SL:PAYMENT_COMPANY,[IN:min_payment [SL:PAYMENT_COMPANY verizon] ],PAYMENT_COMPANY: verizon,sot
banking,min_payment,How much do i get paid at verizon school,39:46:SL:PAYMENT_COMPANY,[IN:min_payment [SL:PAYMENT_COMPANY verizon] ],PAYMENT_COMPANY: verizon,sot
banking,min_payment,How much do i have to pay on verizon debt,52:59:SL:PAYMENT_COMPANY,[IN:min_payment [SL:PAYMENT_COMPANY verizon] ],PAYMENT_COMPANY: verizon,sot
banking,min_payment,I can pay more than that this month,,[IN:min_payment ],,sot
banking,min_payment,How much do i have to pay off my verizon mortgage,,[IN:min_payment ],,sot
banking,min_payment,How much is the salary?,,[IN:min_payment ],,sot
banking,min_payment,How much and when do I have to pay?,,[IN:min_payment ],,sot
banking,min_payment,I have a small amount of money to pay,,[IN:min_payment ],,sot
banking,min_payment,What is the minimum amount I have to pay for my phone bill?,64:87:SL:BILL_TYPE,[IN:min_payment [SL:BILL_TYPE sekoloto saka sa mohala] ],BILL_TYPE: sekoloto saka sa mohala,sot
banking,min_payment,What is the minimum amount I have to pay for my insurance bill?,81:90:SL:BILL_TYPE,[IN:min_payment [SL:BILL_TYPE insurance] ],BILL_TYPE: insurance,sot
banking,min_payment,How much can I charge on my credit card,,[IN:min_payment ],,sot
banking,min_payment,What is the minimum amount I can pay on a medical bill,47:68:SL:BILL_TYPE,[IN:min_payment [SL:BILL_TYPE sekolotong sa bongaka] ],BILL_TYPE: sekolotong sa bongaka,sot
banking,min_payment,What is the minimum amount I can pay on a phone bill,,[IN:min_payment ],,sot
banking,min_payment,What is the minimum amount I can pay on the insurance claim,47:70:SL:BILL_TYPE,[IN:min_payment [SL:BILL_TYPE sekolotong sa insurance] ],BILL_TYPE: sekolotong sa insurance,sot
banking,min_payment,How much is DSTV paid per month?,,[IN:min_payment ],,sot
banking,min_payment,How much is the minimum that I can pay for a car repair?,,[IN:min_payment ],,sot
banking,min_payment,How much is a Gautrain ticket per week?,,[IN:min_payment ],,sot
banking,min_payment,What is the minimum price I can pay for a Woolworths book?,,[IN:min_payment ],,sot
banking,min_payment,How much would a Woolworths chicken cost?,0:19:SL:SHOPPING_ITEM,[IN:min_payment [SL:SHOPPING_ITEM Kgoho ya sekolokoto] ],SHOPPING_ITEM: Kgoho ya sekolokoto,sot
banking,min_payment,How much of Mr. Price's debt do I have to pay off?,,[IN:min_payment ],,sot
banking,min_payment,How much do I charge for baby clothes?,,[IN:min_payment ],,sot
banking,min_payment,How much do I start paying at Edgars?,,[IN:min_payment ],,sot
banking,min_payment,how much do I have to pay for the rent?,49:54:SL:BILL_TYPE,[IN:min_payment [SL:BILL_TYPE rente] ],BILL_TYPE: rente,sot
banking,min_payment,How much can I charge for a manicure?,,[IN:min_payment ],,sot
banking,min_payment,How much does it cost to get a Visa?,,[IN:min_payment ],,sot
banking,min_payment,How much does it cost to make an ID?,,[IN:min_payment ],,sot
banking,min_payment,How much do I pay at The Fix?,,[IN:min_payment ],,sot
banking,min_payment,How much can I pay on my Ackermans bill?,17:45:SL:BILL_TYPE,[IN:min_payment [SL:BILL_TYPE sekolotong saka sa Ackermans] ],BILL_TYPE: sekolotong saka sa Ackermans,sot
banking,min_payment,How much can I pay this month at Woolworths?,,[IN:min_payment ],,sot
banking,min_payment,What is the lowest cost Data plan?,,[IN:min_payment ],,sot
banking,min_payment,How much do I pay per month for Mr. Price's account?,36:56:SL:BILL_TYPE,[IN:min_payment [SL:BILL_TYPE akhaonto ya Mr Price] ],BILL_TYPE: akhaonto ya Mr Price,sot
banking,min_payment,What is the minimum charge for a credit card?,,[IN:min_payment ],,sot
banking,min_payment,What is the minimum amount of money I pay into my child's school account each month?,34:54:SL:ACCOUNT_TYPE,[IN:min_payment [SL:ACCOUNT_TYPE akhaontong ya sekolo] ],ACCOUNT_TYPE: akhaontong ya sekolo,sot
banking,min_payment,What is the minimum amount of my car loan?,,[IN:min_payment ],,sot
banking,min_payment,What is the minimum amount I can charge for making boho braids?,,[IN:min_payment ],,sot
banking,min_payment,How much do I need to pay for glasses each month?,,[IN:min_payment ],,sot
banking,min_payment,How much money does it cost to pay for my phone every month?,,[IN:min_payment ],,sot
banking,min_payment,"If I buy electricity on credit, what is the minimum amount I can afford?",11:20:SL:BILL_TYPE,[IN:min_payment [SL:BILL_TYPE motlakase] ],BILL_TYPE: motlakase,sot
banking,min_payment,"If I buy airtime on credit, what is the minimum I can charge?",,[IN:min_payment ],,sot
banking,min_payment,"If I buy pasta on credit at Woolworths, what is the minimum I can pay?",11:16:SL:SHOPPING_ITEM,[IN:min_payment [SL:SHOPPING_ITEM pasta] ],SHOPPING_ITEM: pasta,sot
banking,min_payment,"If I buy clothes on credit YDE, what is the minimum amount I can pay?",,[IN:min_payment ],,sot
banking,min_payment,"If I buy a Hair Majesty wig on credit, what is the minimum amount I can pay?",,[IN:min_payment ],,sot
banking,min_payment,"If I buy groceries with a credit card, how much will I pay each month?",,[IN:min_payment ],,sot
banking,min_payment,"If I learn to swim, how much money can I make a month?",,[IN:min_payment ],,sot
banking,min_payment,What is the minimum monthly payment for a Truworths account?,,[IN:min_payment ],,sot
banking,min_payment,What is the cheapest DSTV package?,10:14:SL:BILL_TYPE,[IN:min_payment [SL:BILL_TYPE DSTV] ],BILL_TYPE: DSTV,sot
banking,min_payment,How much do I pay for driving lessons?,,[IN:min_payment ],,sot
banking,min_payment,How much would you charge for an eye exam?,,[IN:min_payment ],,sot
banking,min_payment,How much does it cost to fix my nails?,,[IN:min_payment ],,sot
banking,min_payment,How much does it cost to braid my hair?,,[IN:min_payment ],,sot
banking,min_payment,What is the minimum amount I should deposit into my Telkom account?,28:53:SL:BILL_TYPE,[IN:min_payment [SL:BILL_TYPE akhaontong yaka ya Telkom] ],BILL_TYPE: akhaontong yaka ya Telkom,sot
banking,min_payment,What is the minimum amount I should pay into the municipal account?,,[IN:min_payment ],,sot
banking,min_payment,What is the minimum cost of water if you live in a rural area?,,[IN:min_payment ],,sot
banking,min_payment,What is the minimum price for a gallon of gasoline?,61:66:SL:NUMBER,[IN:min_payment [SL:NUMBER hlano] ],NUMBER: hlano,sot
banking,min_payment,What is the minimum amount of home insurance?,,[IN:min_payment ],,sot
banking,min_payment,How much does it cost to buy water?,,[IN:min_payment ],,sot
banking,min_payment,How much does it cost to pay for electricity?,46:55:SL:BILL_TYPE,[IN:min_payment [SL:BILL_TYPE motlakase] ],BILL_TYPE: motlakase,sot
banking,min_payment,How much is a bank loan?,,[IN:min_payment ],,sot
banking,min_payment,What is the minimum fare for a flight to Bloemfontein?,47:59:SL:CITY_OR_PROVINCE,[IN:min_payment [SL:CITY_OR_PROVINCE Bloemfontein] ],CITY_OR_PROVINCE: Bloemfontein,sot
banking,min_payment,What is the minimum price I should pay for a BMW X1?,,[IN:min_payment ],,sot
banking,min_payment,What is the minimum price for admission to the zoo?,,[IN:min_payment ],,sot
banking,min_payment,How much is the low - cost medical service?,,[IN:min_payment ],,sot
banking,min_payment,What is the minimum price I can pay to see a movie in a movie theater?,,[IN:min_payment ],,sot
banking,min_payment,How much is the minimum monthly charge for an iPhone 14 on the MTN network?,0:9:SL:SHOPPING_ITEM,[IN:min_payment [SL:SHOPPING_ITEM iPhone 14] ],SHOPPING_ITEM: iPhone 14,sot
banking,min_payment,How much is the minimum monthly charge for an iPhone 14 on Telkom's network?,0:9:SL:SHOPPING_ITEM,[IN:min_payment [SL:SHOPPING_ITEM iPhone 14] ],SHOPPING_ITEM: iPhone 14,sot
banking,min_payment,What is the minimum amount of the mortgage that I can pay?,28:47:SL:BILL_TYPE,[IN:min_payment [SL:BILL_TYPE tjheleteng ya bonto] ],BILL_TYPE: tjheleteng ya bonto,sot
banking,min_payment,"If I borrow a car, how much will I pay in rent each month?",,[IN:min_payment ],,sot
banking,min_payment,How much do I start paying at Edgars?,,[IN:min_payment ],,sot
banking,min_payment,How much can I pay on my car loan,20:45:SL:BILL_TYPE,[IN:min_payment [SL:BILL_TYPE sekolotong sa ka sa koloi] ],BILL_TYPE: sekolotong sa ka sa koloi,sot
banking,min_payment,How much money is in the Discovery and Nedbank accounts?,"38:47:SL:BANK_NAME,54:61:SL:BANK_NAME",[IN:min_payment [SL:BANK_NAME Discovery] [SL:BANK_NAME Nedbank] ],BANK_NAME: Discovery $$ BANK_NAME: Nedbank,sot
banking,min_payment,How much can I pay off my school debt,,[IN:min_payment ],,sot
banking,min_payment,How much do I pay for baby clothes,,[IN:min_payment ],,sot
banking,min_payment,How much do I have to pay for a taxi to the city,,[IN:min_payment ],,sot
banking,min_payment,How much is DSTV,0:4:SL:BILL_TYPE,[IN:min_payment [SL:BILL_TYPE DSTV] ],BILL_TYPE: DSTV,sot
banking,min_payment,How much is a Putco card per week,,[IN:min_payment ],,sot
banking,min_payment,How much can I charge for a manicure?,,[IN:min_payment ],,sot
banking,min_payment,What is the minimum amount that I can pay for a car repair,,[IN:min_payment ],,sot
banking,min_payment,There is a small amount of money I can pay,,[IN:min_payment ],,sot
banking,pay_bill,What is the total amount of my mortgage?,,[IN:pay_bill ],,sot
banking,pay_bill,Pay the bill for Edgars clothing,5:24:SL:ACCOUNT_TYPE,[IN:pay_bill [SL:ACCOUNT_TYPE akhaonto ya diaparo] ],ACCOUNT_TYPE: akhaonto ya diaparo,sot
banking,pay_bill,within the Johannesburg municipality,17:29:SL:CITY_OR_PROVINCE,[IN:pay_bill [SL:CITY_OR_PROVINCE Johannesburg] ],CITY_OR_PROVINCE: Johannesburg,sot
banking,pay_bill,pay the DSTV account,5:21:SL:BILL_TYPE,[IN:pay_bill [SL:BILL_TYPE akhaonto ya DSTV] ],BILL_TYPE: akhaonto ya DSTV,sot
banking,pay_bill,pay the electricity bill,17:26:SL:BILL_TYPE,[IN:pay_bill [SL:BILL_TYPE motlakase] ],BILL_TYPE: motlakase,sot
banking,pay_bill,use the ABSA account to pay the Capitec debt,"21:25:SL:BANK_NAME,46:53:SL:BANK_NAME",[IN:pay_bill [SL:BANK_NAME ABSA] [SL:BANK_NAME Capitec] ],BANK_NAME: ABSA $$ BANK_NAME: Capitec,sot
banking,pay_bill,can I pay my electricity bill by phone?,,[IN:pay_bill ],,sot
banking,pay_bill,Can you show me the bill?,30:39:SL:BILL_TYPE,[IN:pay_bill [SL:BILL_TYPE motlakase] ],BILL_TYPE: motlakase,sot
banking,pay_bill,pay for a car license?,7:15:SL:BILL_TYPE,[IN:pay_bill [SL:BILL_TYPE laesense] ],BILL_TYPE: laesense,sot
banking,pay_bill,pay for a television license?,7:31:SL:BILL_TYPE,[IN:pay_bill [SL:BILL_TYPE laesense ya thelevishene] ],BILL_TYPE: laesense ya thelevishene,sot
banking,pay_bill,pay a store that sells wheels and heads that are ripe,29:49:SL:DISH_OR_FOOD,[IN:pay_bill [SL:DISH_OR_FOOD maotwana le dihlooho] ],DISH_OR_FOOD: maotwana le dihlooho,sot
banking,pay_bill,pay for bank charges,,[IN:pay_bill ],,sot
banking,pay_bill,i want to enter the bank numbers in my phone,,[IN:pay_bill ],,sot
banking,pay_bill,i want to pay for school by bank transfer,,[IN:pay_bill ],,sot
banking,pay_bill,Pay for school expenses,,[IN:pay_bill ],,sot
banking,pay_bill,Pay off the Woolworths account,,[IN:pay_bill ],,sot
banking,pay_bill,who hid my phone bill?,12:35:SL:BILL_TYPE,[IN:pay_bill [SL:BILL_TYPE sekoloto sa ka sa founu] ],BILL_TYPE: sekoloto sa ka sa founu,sot
banking,pay_bill,my water bill is covered?,17:22:SL:BILL_TYPE,[IN:pay_bill [SL:BILL_TYPE metsi] ],BILL_TYPE: metsi,sot
banking,pay_bill,will he be able to pay my tuition?,,[IN:pay_bill ],,sot
banking,pay_bill,How much do I owe on my American express card?,,[IN:pay_bill ],,sot
banking,pay_bill,is it worth paying the electric bill?,34:43:SL:BILL_TYPE,[IN:pay_bill [SL:BILL_TYPE motlakase] ],BILL_TYPE: motlakase,sot
banking,pay_bill,who can help me pay my electricity bill?,32:58:SL:BILL_TYPE,[IN:pay_bill [SL:BILL_TYPE sekoloto saka sa motlakase] ],BILL_TYPE: sekoloto saka sa motlakase,sot
banking,pay_bill,I need help to pay the mortgage.,,[IN:pay_bill ],,sot
banking,pay_bill,I need you to help me pay my check.,32:50:SL:ACCOUNT_TYPE,[IN:pay_bill [SL:ACCOUNT_TYPE akhaonto ya tjheke] ],ACCOUNT_TYPE: akhaonto ya tjheke,sot
banking,pay_bill,can I pay for the car with a savings account?,29:59:SL:ACCOUNT_TYPE,[IN:pay_bill [SL:ACCOUNT_TYPE akhaonto ya ho boloka tjhelete] ],ACCOUNT_TYPE: akhaonto ya ho boloka tjhelete,sot
banking,pay_bill,I will find someone to pay my water bill,36:53:SL:BILL_TYPE,[IN:pay_bill [SL:BILL_TYPE sekoloto sa metsi] ],BILL_TYPE: sekoloto sa metsi,sot
banking,pay_bill,how do I pay the car bill?,,[IN:pay_bill ],,sot
banking,pay_bill,I have to use a checking account to pay for electricity.,"26:44:SL:ACCOUNT_TYPE,55:64:SL:BILL_TYPE",[IN:pay_bill [SL:ACCOUNT_TYPE akhaonto ya tjheke] [SL:BILL_TYPE motlakase] ],ACCOUNT_TYPE: akhaonto ya tjheke $$ BILL_TYPE: motlakase,sot
banking,pay_bill,my debts are covered,,[IN:pay_bill ],,sot
banking,pay_bill,Who would pay for Lewis's store bill?,,[IN:pay_bill ],,sot
banking,pay_bill,I have to pay off my credit card bill before the end of the month,,[IN:pay_bill ],,sot
banking,pay_bill,I have to pay before I forget.,,[IN:pay_bill ],,sot
banking,pay_bill,I have to pay the bill for Edgars,21:39:SL:BILL_TYPE,[IN:pay_bill [SL:BILL_TYPE akhaonto ya Edgars] ],BILL_TYPE: akhaonto ya Edgars,sot
banking,pay_bill,Help me pay for the gas on my credit card,"17:25:SL:BILL_TYPE,38:56:SL:ACCOUNT_TYPE",[IN:pay_bill [SL:BILL_TYPE peterole] [SL:ACCOUNT_TYPE karata ya sekoloto] ],BILL_TYPE: peterole $$ ACCOUNT_TYPE: karata ya sekoloto,sot
banking,pay_bill,i have come to pay for my DSTV,,[IN:pay_bill ],,sot
banking,pay_bill,pay for car tickets,10:16:SL:BILL_TYPE,[IN:pay_bill [SL:BILL_TYPE tekete] ],BILL_TYPE: tekete,sot
banking,pay_bill,Withdraw money from FNB and deposit it into ABSA to pay for electricity,"21:24:SL:BANK_NAME,41:45:SL:BANK_NAME",[IN:pay_bill [SL:BANK_NAME FNB] [SL:BANK_NAME ABSA] ],BANK_NAME: FNB $$ BANK_NAME: ABSA,sot
banking,pay_bill,is it possible to pay the bills through another bank?,,[IN:pay_bill ],,sot
banking,pay_bill,Is the money in the savings account total?,,[IN:pay_bill ],,sot
banking,pay_bill,"I want to activate my PayPal account, can you help me?",35:41:SL:PAYMENT_COMPANY,[IN:pay_bill [SL:PAYMENT_COMPANY PayPal] ],PAYMENT_COMPANY: PayPal,sot
banking,pay_bill,is the PayPal account working in South Africa?,30:42:SL:COUNTRY,[IN:pay_bill [SL:COUNTRY Afrika borwa] ],COUNTRY: Afrika borwa,sot
banking,pay_bill,how much to pay Vodacom's debt?,19:38:SL:BILL_TYPE,[IN:pay_bill [SL:BILL_TYPE sekoloto sa Vodacom] ],BILL_TYPE: sekoloto sa Vodacom,sot
banking,pay_bill,can I pay with a debit card?,42:49:SL:COUNTRY,[IN:pay_bill [SL:COUNTRY Amerika] ],COUNTRY: Amerika,sot
banking,pay_bill,How much is the rent?,0:5:SL:BILL_TYPE,[IN:pay_bill [SL:BILL_TYPE rente] ],BILL_TYPE: rente,sot
banking,pay_bill,how much to pay for water?,19:24:SL:BILL_TYPE,[IN:pay_bill [SL:BILL_TYPE metsi] ],BILL_TYPE: metsi,sot
banking,pay_bill,How much money is in the bank account and how much is enough to pay all the debts?,17:40:SL:ACCOUNT_TYPE,[IN:pay_bill [SL:ACCOUNT_TYPE akhaontong ya ho boloka] ],ACCOUNT_TYPE: akhaontong ya ho boloka,sot
banking,pay_bill,I would like some help with paying bills.,,[IN:pay_bill ],,sot
banking,pay_bill,can you help me with my debts ?,,[IN:pay_bill ],,sot
banking,pay_bill,pay off the sofa bill,5:23:SL:BILL_TYPE,[IN:pay_bill [SL:BILL_TYPE sekoloto sa disofa] ],BILL_TYPE: sekoloto sa disofa,sot
banking,pay_bill,can I pay with an Absa machine?,35:39:SL:BANK_NAME,[IN:pay_bill [SL:BANK_NAME Absa] ],BANK_NAME: Absa,sot
banking,pay_bill,can I pay off a large amount of debt at once?,,[IN:pay_bill ],,sot
banking,pay_bill,can I pay by phone?,,[IN:pay_bill ],,sot
banking,pay_bill,Would you like to pay for the check?,,[IN:pay_bill ],,sot
banking,pay_bill,Can I pay in another country?,,[IN:pay_bill ],,sot
banking,pay_bill,"I can't pay the rent, what's going on?",,[IN:pay_bill ],,sot
banking,pay_bill,can I pay by hand?,,[IN:pay_bill ],,sot
banking,pay_bill,Did you agree to a credit card?,,[IN:pay_bill ],,sot
banking,pay_bill,should I pay if I pay for a long time?,,[IN:pay_bill ],,sot
banking,pay_bill,can i have the bank account number please,,[IN:pay_bill ],,sot
banking,pay_bill,"I have no problems paying, where do I go?",,[IN:pay_bill ],,sot
banking,pay_bill,reward people for paying on time?,,[IN:pay_bill ],,sot
banking,pay_bill,could I send someone to pay for it?,,[IN:pay_bill ],,sot
banking,pay_bill,how long does it take to show that a person is not hiding something?,,[IN:pay_bill ],,sot
banking,pay_bill,pay starts with what?,,[IN:pay_bill ],,sot
banking,pay_bill,Pay off the car bill?,7:24:SL:BILL_TYPE,[IN:pay_bill [SL:BILL_TYPE sekoloto sa koloi] ],BILL_TYPE: sekoloto sa koloi,sot
banking,pay_bill,Pair school shoes,7:23:SL:SHOPPING_ITEM,[IN:pay_bill [SL:SHOPPING_ITEM dieta tsa sekolo] ],SHOPPING_ITEM: dieta tsa sekolo,sot
banking,pay_bill,pay for children's hats,,[IN:pay_bill ],,sot
banking,pay_bill,search for Jet account,,[IN:pay_bill ],,sot
banking,pay_bill,Pay off the bank debt,,[IN:pay_bill ],,sot
banking,pay_bill,remind me to pay bills after I've finished my work?,,[IN:pay_bill ],,sot
banking,pay_bill,pay for the balls in the store,,[IN:pay_bill ],,sot
banking,pay_bill,What are the problems of not paying debts on time?,,[IN:pay_bill ],,sot
banking,pay_bill,pick up the phone?,,[IN:pay_bill ],,sot
banking,pay_bill,remind me to pay the laptop bill on time.,,[IN:pay_bill ],,sot
banking,pay_bill,I would like to borrow $100. I will pay it back at the end of the month,18:22:SL:MONEY,[IN:pay_bill [SL:MONEY R100] ],MONEY: R100,sot
banking,pay_bill,help me pay for the bricks,,[IN:pay_bill ],,sot
banking,pay_bill,what are the outstanding debts,,[IN:pay_bill ],,sot
banking,pay_bill,Is the rent paid this month?,,[IN:pay_bill ],,sot
banking,pay_bill,Did you receive a letter that said that he was hiding?,,[IN:pay_bill ],,sot
banking,pay_bill,Does the way the bank works work for you?,,[IN:pay_bill ],,sot
banking,pin_change,give me a powerful facebook pin,,[IN:pin_change ],,sot
banking,pin_change,Make me a hard pin for the bank,,[IN:pin_change ],,sot
banking,pin_change,give me a way to change my email pin,,[IN:pin_change ],,sot
banking,pin_change,give me a way to change my bank account pin,,[IN:pin_change ],,sot
banking,pin_change,give me a way to change my credit card PIN,,[IN:pin_change ],,sot
banking,pin_change,give me a way to change my instagram pin,,[IN:pin_change ],,sot
banking,pin_change,please tell me how to change my facebook pin,,[IN:pin_change ],,sot
banking,pin_change,please tell me how to change my whatsapp pin,,[IN:pin_change ],,sot
banking,pin_change,give me a way to change my telegram pin,,[IN:pin_change ],,sot
banking,pin_change,why do accountants not use a pen,,[IN:pin_change ],,sot
banking,pin_change,give me a powerful instagram pin,,[IN:pin_change ],,sot
banking,pin_change,give me a phone key,,[IN:pin_change ],,sot
banking,pin_change,give me a powerful amax pin for my account,,[IN:pin_change ],,sot
banking,pin_change,give me a strong pin of my american bank,37:44:SL:COUNTRY,[IN:pin_change [SL:COUNTRY amerika] ],COUNTRY: amerika,sot
banking,pin_change,give me a powerful spotify pin,,[IN:pin_change ],,sot
banking,pin_change,give me a powerful youtube pin,,[IN:pin_change ],,sot
banking,pin_change,how often am i allowed to change my email pin,,[IN:pin_change ],,sot
banking,pin_change,Help me change my mobile phone pin,,[IN:pin_change ],,sot
banking,pin_change,how do i find the bank pin,,[IN:pin_change ],,sot
banking,pin_change,give me a way to change my phone pin,,[IN:pin_change ],,sot
banking,pin_change,how many pins do i have in my phone,,[IN:pin_change ],,sot
banking,pin_change,how do i change the phone pin,,[IN:pin_change ],,sot
banking,pin_change,give me the number to dial the new e-wallet pin,,[IN:pin_change ],,sot
banking,pin_change,where can i keep my bank account number,,[IN:pin_change ],,sot
banking,pin_change,how many numbers does my pin need to be active,,[IN:pin_change ],,sot
banking,pin_change,how can i get my book,,[IN:pin_change ],,sot
banking,pin_change,change my phone number to 73345,33:38:SL:NUMBER,[IN:pin_change [SL:NUMBER 73345] ],NUMBER: 73345,sot
banking,pin_change,how do i change my facebook pin,,[IN:pin_change ],,sot
banking,pin_change,how do i change my twitter pin,,[IN:pin_change ],,sot
banking,pin_change,how do i change my instagram pin,,[IN:pin_change ],,sot
banking,pin_change,i can set a pin on my whatsapp,,[IN:pin_change ],,sot
banking,pin_change,change my phone number to 2674964,30:37:SL:NUMBER,[IN:pin_change [SL:NUMBER 2674964] ],NUMBER: 2674964,sot
banking,pin_change,i can use email to save my pin,,[IN:pin_change ],,sot
banking,pin_change,give me a way to recover my forgotten pin,,[IN:pin_change ],,sot
banking,pin_change,is it important to have a bank pin,,[IN:pin_change ],,sot
banking,pin_change,set my Shein pin to 6494963,34:41:SL:NUMBER,[IN:pin_change [SL:NUMBER 6494963] ],NUMBER: 6494963,sot
banking,pin_change,set my instagram pin to 1679,39:43:SL:NUMBER,[IN:pin_change [SL:NUMBER 1679] ],NUMBER: 1679,sot
banking,pin_change,set my twitter pin to 36849,37:42:SL:NUMBER,[IN:pin_change [SL:NUMBER 36849] ],NUMBER: 36849,sot
banking,pin_change,set my email pin to 3738937,35:42:SL:NUMBER,[IN:pin_change [SL:NUMBER 3738937] ],NUMBER: 3738937,sot
banking,pin_change,what pin can i use to set it up smoothly,,[IN:pin_change ],,sot
banking,pin_change,what pin can i use to cut a hard,,[IN:pin_change ],,sot
banking,pin_change,how many numbers does the power pin have,,[IN:pin_change ],,sot
banking,pin_change,pin with names,,[IN:pin_change ],,sot
banking,pin_change,set my phone number to my name,,[IN:pin_change ],,sot
banking,pin_change,can i change my us bank pin in my country,37:44:SL:COUNTRY,[IN:pin_change [SL:COUNTRY amerika] ],COUNTRY: amerika,sot
banking,pin_change,how many times can i change my phone pin,,[IN:pin_change ],,sot
banking,pin_change,where can i change my laptop pin,,[IN:pin_change ],,sot
banking,pin_change,how do i know if he changed my song,,[IN:pin_change ],,sot
banking,pin_change,can someone find my pin,,[IN:pin_change ],,sot
banking,pin_change,can someone change my pin,,[IN:pin_change ],,sot
banking,pin_change,what happens if i miss my mark too many times,,[IN:pin_change ],,sot
banking,pin_change,can i use my face to open my phone,,[IN:pin_change ],,sot
banking,pin_change,what else can i use it as a pin,,[IN:pin_change ],,sot
banking,pin_change,what should i do if my phone won't change the pin,,[IN:pin_change ],,sot
banking,pin_change,how do i know they have stolen my bank without my PIN,,[IN:pin_change ],,sot
banking,pin_change,why do i have to hide my bank account number when i withdraw money,,[IN:pin_change ],,sot
banking,pin_change,how many people know my bank account number,,[IN:pin_change ],,sot
banking,pin_change,i can use email to change the pin,,[IN:pin_change ],,sot
banking,pin_change,i can use sms to change the pin,,[IN:pin_change ],,sot
banking,pin_change,can i call the bank to get a new pin,,[IN:pin_change ],,sot
banking,pin_change,why do most accounts need a pin,,[IN:pin_change ],,sot
banking,pin_change,how many numbers are needed to make a pin,,[IN:pin_change ],,sot
banking,pin_change,do they have bank accounts all need a pin,,[IN:pin_change ],,sot
banking,pin_change,what is the worst pin,,[IN:pin_change ],,sot
banking,pin_change,what is the best pin,,[IN:pin_change ],,sot
banking,pin_change,where do i use the bank pin,,[IN:pin_change ],,sot
banking,pin_change,can i write my bank pin on my bank card,,[IN:pin_change ],,sot
banking,pin_change,it is possible that my pin has blocked my account,,[IN:pin_change ],,sot
banking,pin_change,can i write my thoughts on the pin again,,[IN:pin_change ],,sot
banking,pin_change,what's going on? i have to double my pin,,[IN:pin_change ],,sot
banking,pin_change,i can use my account number to get my PIN,,[IN:pin_change ],,sot
banking,pin_change,i can use the pictures to find my phone number,,[IN:pin_change ],,sot
banking,pin_change,what is my FNB pin,15:18:SL:BANK_NAME,[IN:pin_change [SL:BANK_NAME FNB] ],BANK_NAME: FNB,sot
banking,pin_change,"I want a Discovery bank pin, how can I get it?",24:33:SL:BANK_NAME,[IN:pin_change [SL:BANK_NAME Discovery] ],BANK_NAME: Discovery,sot
banking,pin_change,i can hold my pen out to write,,[IN:pin_change ],,sot
banking,pin_change,is the number five pin stronger than the number five pin?,,[IN:pin_change ],,sot
banking,pin_change,is the number three pin stronger than the number four?,,[IN:pin_change ],,sot
banking,pin_change,is the number six pin strong enough?,,[IN:pin_change ],,sot
banking,pin_change,is the number seven pin strong?,,[IN:pin_change ],,sot
banking,pin_change,is the number eight pin strong enough?,20:26:SL:NUMBER,[IN:pin_change [SL:NUMBER robedi] ],NUMBER: robedi,sot
banking,spending_history,how much are the boys' clothes,,[IN:spending_history ],,sot
banking,spending_history,How much does it cost to cut hair?,,[IN:spending_history ],,sot
banking,spending_history,How many soaps did we buy this month,10:16:SL:SHOPPING_ITEM,[IN:spending_history [SL:SHOPPING_ITEM disepa] ],SHOPPING_ITEM: disepa,sot
banking,spending_history,How much is the baby bed,,[IN:spending_history ],,sot
banking,spending_history,How many mother's rings,0:6:SL:SHOPPING_ITEM,[IN:spending_history [SL:SHOPPING_ITEM Masale] ],SHOPPING_ITEM: Masale,sot
banking,spending_history,How much did I pay for a taxi in the last two weeks,33:41:SL:NUMBER,[IN:spending_history [SL:NUMBER tse pedi] ],NUMBER: tse pedi,sot
banking,spending_history,How much did I buy for the tinks?,,[IN:spending_history ],,sot
banking,spending_history,How much is the rent?,0:5:SL:BILL_TYPE,[IN:spending_history [SL:BILL_TYPE Rente] ],BILL_TYPE: Rente,sot
banking,spending_history,How much does it cost to repair doors,10:16:SL:SHOPPING_ITEM,[IN:spending_history [SL:SHOPPING_ITEM mamati] ],SHOPPING_ITEM: mamati,sot
banking,spending_history,How much airtime do we buy per month,8:15:SL:SHOPPING_ITEM,[IN:spending_history [SL:SHOPPING_ITEM airtime] ],SHOPPING_ITEM: airtime,sot
banking,spending_history,How much did we spend on our guests last weekend,,[IN:spending_history ],,sot
banking,spending_history,How much did my father spend on gas last week?,,[IN:spending_history ],,sot
banking,spending_history,How much did I spend on hairdressing last month,,[IN:spending_history ],,sot
banking,spending_history,How much did the children spend in school last month,,[IN:spending_history ],,sot
banking,spending_history,How much did I spend on transportation to school,,[IN:spending_history ],,sot
banking,spending_history,How much should I spend on recreation,,[IN:spending_history ],,sot
banking,spending_history,Do I still buy a lot of food lately?,,[IN:spending_history ],,sot
banking,spending_history,Did I buy a lot of clothes last month,,[IN:spending_history ],,sot
banking,spending_history,Did I buy a school uniform for my children this month?,,[IN:spending_history ],,sot
banking,spending_history,Did I spend a lot of money on car bills?,,[IN:spending_history ],,sot
banking,spending_history,How much did I spend on gasoline for the car,31:39:SL:BILL_TYPE,[IN:spending_history [SL:BILL_TYPE peterole] ],BILL_TYPE: peterole,sot
banking,spending_history,how much did i buy the car,,[IN:spending_history ],,sot
banking,spending_history,How much did I buy the house for?,,[IN:spending_history ],,sot
banking,spending_history,How much has the bank taken in the last three months,,[IN:spending_history ],,sot
banking,spending_history,How many jackets did I buy last year?,10:16:SL:SHOPPING_ITEM,[IN:spending_history [SL:SHOPPING_ITEM dibaki] ],SHOPPING_ITEM: dibaki,sot
banking,spending_history,How many eggs have I bought in the last three months,10:14:SL:DISH_OR_FOOD,[IN:spending_history [SL:DISH_OR_FOOD mahe] ],DISH_OR_FOOD: mahe,sot
banking,spending_history,How much paint did I buy yesterday,10:15:SL:SHOPPING_ITEM,[IN:spending_history [SL:SHOPPING_ITEM pente] ],SHOPPING_ITEM: pente,sot
banking,spending_history,How much hair have I done recently,,[IN:spending_history ],,sot
banking,spending_history,How much I spent on bills,,[IN:spending_history ],,sot
banking,spending_history,How much did I buy the stories for yesterday,,[IN:spending_history ],,sot
banking,spending_history,How much did I spend on lights in the last two weeks,29:35:SL:SHOPPING_ITEM,[IN:spending_history [SL:SHOPPING_ITEM mabone] ],SHOPPING_ITEM: mabone,sot
banking,spending_history,How much water did I buy last week,10:15:SL:BILL_TYPE,[IN:spending_history [SL:BILL_TYPE metsi] ],BILL_TYPE: metsi,sot
banking,spending_history,How much did I spend on the shrimp?,32:40:SL:DISH_OR_FOOD,[IN:spending_history [SL:DISH_OR_FOOD makwenya] ],DISH_OR_FOOD: makwenya,sot
banking,spending_history,The school said how much it wanted yesterday,,[IN:spending_history ],,sot
banking,spending_history,How many flowers did I send last year,"11:17:SL:PERSONAL_NAME,32:52:SL:TIME",[IN:spending_history [SL:PERSONAL_NAME Palesa] [SL:TIME selemong se fetileng] ],PERSONAL_NAME: Palesa $$ TIME: selemong se fetileng,sot
banking,spending_history,What is the organization's income for the last month,,[IN:spending_history ],,sot
banking,spending_history,I want to know how much coffee I bought last week,33:37:SL:DISH_OR_FOOD,[IN:spending_history [SL:DISH_OR_FOOD kofi] ],DISH_OR_FOOD: kofi,sot
banking,spending_history,How many flowers did I send last month,11:17:SL:PERSONAL_NAME,[IN:spending_history [SL:PERSONAL_NAME Palesa] ],PERSONAL_NAME: Palesa,sot
banking,spending_history,How much is the car paid for?,,[IN:spending_history ],,sot
banking,spending_history,How much meat did I buy,10:14:SL:DISH_OR_FOOD,[IN:spending_history [SL:DISH_OR_FOOD nama] ],DISH_OR_FOOD: nama,sot
banking,spending_history,How many shoes did I buy yesterday in the sun,,[IN:spending_history ],,sot
banking,spending_history,How much alcohol did I drink?,0:5:SL:DISH_OR_FOOD,[IN:spending_history [SL:DISH_OR_FOOD Fanta] ],DISH_OR_FOOD: Fanta,sot
banking,spending_history,What did I do with the money this month,,[IN:spending_history ],,sot
banking,spending_history,How many earrings did I buy yesterday,10:16:SL:SHOPPING_ITEM,[IN:spending_history [SL:SHOPPING_ITEM masale] ],SHOPPING_ITEM: masale,sot
banking,spending_history,How much did it cost to paint the house?,,[IN:spending_history ],,sot
banking,spending_history,How many doors are there,0:6:SL:SHOPPING_ITEM,[IN:spending_history [SL:SHOPPING_ITEM Mamati] ],SHOPPING_ITEM: Mamati,sot
banking,spending_history,How many books I bought at Shoprite,0:6:SL:SHOPPING_ITEM,[IN:spending_history [SL:SHOPPING_ITEM Dibuka] ],SHOPPING_ITEM: Dibuka,sot
banking,spending_history,How much did I buy shoes for yesterday,10:15:SL:SHOPPING_ITEM,[IN:spending_history [SL:SHOPPING_ITEM dieta] ],SHOPPING_ITEM: dieta,sot
banking,spending_history,how much was the school fee last week,,[IN:spending_history ],,sot
banking,spending_history,how much was the rent last month,"12:18:SL:SHOPPING_ITEM,31:50:SL:TIME",[IN:spending_history [SL:SHOPPING_ITEM phoofo] [SL:TIME kgweding e fetileng] ],SHOPPING_ITEM: phoofo $$ TIME: kgweding e fetileng,sot
banking,spending_history,how much electricity did i buy yesterday,10:19:SL:BILL_TYPE,[IN:spending_history [SL:BILL_TYPE motlakase] ],BILL_TYPE: motlakase,sot
banking,spending_history,how much did it cost me to fix the car yesterday,,[IN:spending_history ],,sot
banking,spending_history,how much milk did i buy last year,10:16:SL:DISH_OR_FOOD,[IN:spending_history [SL:DISH_OR_FOOD lebese] ],DISH_OR_FOOD: lebese,sot
banking,spending_history,How much money I spent on Takyalot since 2020,80:84:SL:DATE,[IN:spending_history [SL:DATE 2020] ],DATE: 2020,sot
banking,spending_history,Show me my bathroom fixtures from last month,,[IN:spending_history ],,sot
banking,spending_history,How much did beans and vegetables make last month?,0:16:SL:DISH_OR_FOOD,[IN:spending_history [SL:DISH_OR_FOOD Dinawa le meroho] ],DISH_OR_FOOD: Dinawa le meroho,sot
banking,spending_history,How much did the family's total income amount to?,,[IN:spending_history ],,sot
banking,spending_history,How much money I have saved for the clothing account,,[IN:spending_history ],,sot
banking,spending_history,How much electricity did the family use last year,"22:31:SL:BILL_TYPE,41:61:SL:DATE",[IN:spending_history [SL:BILL_TYPE motlakase] [SL:DATE selemong se fetileng] ],BILL_TYPE: motlakase $$ DATE: selemong se fetileng,sot
banking,spending_history,How many tires did I buy last month,10:16:SL:SHOPPING_ITEM,[IN:spending_history [SL:SHOPPING_ITEM mabidi] ],SHOPPING_ITEM: mabidi,sot
banking,spending_history,How much of my salary did I spend on turkey meat,53:69:SL:DISH_OR_FOOD,[IN:spending_history [SL:DISH_OR_FOOD nama ya kalakunu] ],DISH_OR_FOOD: nama ya kalakunu,sot
banking,spending_history,How much was the potato and liver in the Sakhumzi restaurant?,"0:14:SL:DISH_OR_FOOD,49:57:SL:RESTAURANT_NAME",[IN:spending_history [SL:DISH_OR_FOOD Papa le sebete] [SL:RESTAURANT_NAME Sakhumzi] ],DISH_OR_FOOD: Papa le sebete $$ RESTAURANT_NAME: Sakhumzi,sot
banking,spending_history,How much money has been spent on the children's account,,[IN:spending_history ],,sot
banking,spending_history,How much do we spend on the days when we buy food in restaurants,,[IN:spending_history ],,sot
banking,spending_history,How much is the school's equipment,,[IN:spending_history ],,sot
banking,spending_history,How much we have hidden for the lights,,[IN:spending_history ],,sot
banking,spending_history,How many packs of potatoes did I buy last week?,29:37:SL:SHOPPING_ITEM,[IN:spending_history [SL:SHOPPING_ITEM ditapole] ],SHOPPING_ITEM: ditapole,sot
banking,spending_history,How much did we pay the doctor last week?,,[IN:spending_history ],,sot
banking,spending_history,How much water have we stored in the last six months,,[IN:spending_history ],,sot
banking,spending_history,How much fish did Pakiso buy yesterday,"0:6:SL:PERSONAL_NAME,16:22:SL:DISH_OR_FOOD",[IN:spending_history [SL:PERSONAL_NAME Pakiso] [SL:DISH_OR_FOOD tlhapi] ],PERSONAL_NAME: Pakiso $$ DISH_OR_FOOD: tlhapi,sot
banking,spending_history,How much did I hide in the clothing store yesterday,,[IN:spending_history ],,sot
banking,spending_history,How much did I spend on hair,,[IN:spending_history ],,sot
banking,spending_history,How much money has the borrower stashed away at the child's school?,0:7:SL:PERSONAL_NAME,[IN:spending_history [SL:PERSONAL_NAME Modiehi] ],PERSONAL_NAME: Modiehi,sot
banking,spending_history,How much did I spend on nails last time?,,[IN:spending_history ],,sot
banking,spending_history,How much did I pay for the shoes?,,[IN:spending_history ],,sot
banking,spending_history,How much did I pay for the soap?,10:16:SL:SHOPPING_ITEM,[IN:spending_history [SL:SHOPPING_ITEM disepa] ],SHOPPING_ITEM: disepa,sot
banking,spending_history,How much I have hidden in the child's school,,[IN:spending_history ],,sot
banking,spending_history,How many loaves of bread did I buy last week,10:16:SL:DISH_OR_FOOD,[IN:spending_history [SL:DISH_OR_FOOD mahobe] ],DISH_OR_FOOD: mahobe,sot
banking,spending_history,How much did I buy for my dad's feed last month?,10:24:SL:SHOPPING_ITEM,[IN:spending_history [SL:SHOPPING_ITEM phoofo ya papa] ],SHOPPING_ITEM: phoofo ya papa,sot
banking,spending_history,How much fire and wood,0:14:SL:SHOPPING_ITEM,[IN:spending_history [SL:SHOPPING_ITEM Mollo le patsi] ],SHOPPING_ITEM: Mollo le patsi,sot
banking,transactions,How much money can I spend on my credit card each month?,,[IN:transactions ],,sot
banking,transactions,How much money do I have on my credit card?,,[IN:transactions ],,sot
banking,transactions,can i pay off my credit card with my savings?,,[IN:transactions ],,sot
banking,transactions,Can I change some important banking items over the phone?,,[IN:transactions ],,sot
banking,transactions,Would the bank return my money if I lost it?,,[IN:transactions ],,sot
banking,transactions,Can I put money on my wife's name?,,[IN:transactions ],,sot
banking,transactions,Can I borrow money from the bank on behalf of my child?,,[IN:transactions ],,sot
banking,transactions,What do I need to borrow money from the bank?,,[IN:transactions ],,sot
banking,transactions,"if I borrow $100,000 from a bank and then I don't pay it back, what happens?",14:22:SL:MONEY,[IN:transactions [SL:MONEY R100 000] ],MONEY: R100 000,sot
banking,transactions,"If I borrow $100,000 from a bank, how long will it take me to pay it back?",14:22:SL:MONEY,[IN:transactions [SL:MONEY R100 000] ],MONEY: R100 000,sot
banking,transactions,Can you borrow money from a foreign country?,,[IN:transactions ],,sot
banking,transactions,Do all the world's banks cooperate with the South African national banks?,60:72:SL:COUNTRY,[IN:transactions [SL:COUNTRY Afrika Borwa] ],COUNTRY: Afrika Borwa,sot
banking,transactions,"if I borrow money, does the PEP go into my bank account?",,[IN:transactions ],,sot
banking,transactions,"if I don't use my account for two months, will the bank close it?",,[IN:transactions ],,sot
banking,transactions,how long does it take for the bank to close the account?,,[IN:transactions ],,sot
banking,transactions,show me how much I bought the equipment for the day.,,[IN:transactions ],,sot
banking,transactions,How much was left over from the accounting two weeks ago?,28:36:SL:DATE,[IN:transactions [SL:DATE labobedi] ],DATE: labobedi,sot
banking,transactions,Please show me my transactions from the past.,,[IN:transactions ],,sot
banking,transactions,how much did I spend last month?,,[IN:transactions ],,sot
banking,transactions,how much did I spend yesterday?,,[IN:transactions ],,sot
banking,transactions,Pay the rent?,,[IN:transactions ],,sot
banking,transactions,how much are the unpaid expenses this month?,,[IN:transactions ],,sot
banking,transactions,how much money is left in the Capitec account?,42:49:SL:BANK_NAME,[IN:transactions [SL:BANK_NAME Capitec] ],BANK_NAME: Capitec,sot
banking,transactions,can I pay my bills with my FNB card?,42:45:SL:BANK_NAME,[IN:transactions [SL:BANK_NAME FNB] ],BANK_NAME: FNB,sot
banking,transactions,Did the bank take the money for the car loan?,,[IN:transactions ],,sot
banking,transactions,How much do I have in the savings account?,15:38:SL:ACCOUNT_TYPE,[IN:transactions [SL:ACCOUNT_TYPE akhaontong ya ho boloka] ],ACCOUNT_TYPE: akhaontong ya ho boloka,sot
banking,transactions,how much money do I have in my Nedbank account?,26:33:SL:BANK_NAME,[IN:transactions [SL:BANK_NAME Nedbank] ],BANK_NAME: Nedbank,sot
banking,transactions,I would like to see ABSA bank statements,42:46:SL:BANK_NAME,[IN:transactions [SL:BANK_NAME ABSA] ],BANK_NAME: ABSA,sot
banking,transactions,How much are Standard bank services?,27:40:SL:BANK_NAME,[IN:transactions [SL:BANK_NAME Standard bank] ],BANK_NAME: Standard bank,sot
banking,transactions,Did I miss anything when I sent you my money?,,[IN:transactions ],,sot
banking,transactions,How much do I have in my deposits?,,[IN:transactions ],,sot
banking,transactions,can I deposit money?,,[IN:transactions ],,sot
banking,transactions,Hidden electricity bill?,12:21:SL:BILL_TYPE,[IN:transactions [SL:BILL_TYPE motlakase] ],BILL_TYPE: motlakase,sot
banking,transactions,can I withdraw money from the bank?,,[IN:transactions ],,sot
banking,transactions,How much do I have left on my credit card?,,[IN:transactions ],,sot
banking,transactions,Did the tax money return this month?,,[IN:transactions ],,sot
banking,transactions,please send R500 to my savings account.,"14:18:SL:MONEY,19:48:SL:ACCOUNT_TYPE",[IN:transactions [SL:MONEY R500] [SL:ACCOUNT_TYPE akhaontong ya ka ya ho boloka] ],MONEY: R500 $$ ACCOUNT_TYPE: akhaontong ya ka ya ho boloka,sot
banking,transactions,can I withdraw a check by phone?,,[IN:transactions ],,sot
banking,transactions,How much is my car bill?,,[IN:transactions ],,sot
banking,transactions,How much do I owe on clothing accounts?,18:40:SL:ACCOUNT_TYPE,[IN:transactions [SL:ACCOUNT_TYPE diakhaonto tsa diaparo] ],ACCOUNT_TYPE: diakhaonto tsa diaparo,sot
banking,transactions,How much is my bank account?,0:23:SL:BILL_TYPE,[IN:transactions [SL:BILL_TYPE sekoloto sa ka sa banka] ],BILL_TYPE: sekoloto sa ka sa banka,sot
banking,transactions,How much is my mortgage?,,[IN:transactions ],,sot
banking,transactions,How much is my water bill?,18:36:SL:BILL_TYPE,[IN:transactions [SL:BILL_TYPE metsi le motlakase] ],BILL_TYPE: metsi le motlakase,sot
banking,transactions,How much did I spend yesterday at the restaurant?,,[IN:transactions ],,sot
banking,transactions,can I pay the rent this month?,,[IN:transactions ],,sot
banking,transactions,can I apply for a loan over the phone?,,[IN:transactions ],,sot
banking,transactions,how much did I spend on musical instruments?,,[IN:transactions ],,sot
banking,transactions,how much did I spend on the farm equipment?,,[IN:transactions ],,sot
banking,transactions,Should I ask them to increase the amount in the credit card?,,[IN:transactions ],,sot
banking,transactions,What did I get for my tax money?,,[IN:transactions ],,sot
banking,transactions,How much money has been deposited into my FNB account?,36:39:SL:BANK_NAME,[IN:transactions [SL:BANK_NAME FNB] ],BANK_NAME: FNB,sot
banking,transactions,during which month of the last two months did I spend more money?,,[IN:transactions ],,sot
banking,transactions,can I use my phone to send money to someone in Australia?,46:55:SL:COUNTRY,[IN:transactions [SL:COUNTRY Australia] ],COUNTRY: Australia,sot
banking,transactions,"If I send a check to someone in Australia, how will it be received?",22:31:SL:COUNTRY,[IN:transactions [SL:COUNTRY Australia] ],COUNTRY: Australia,sot
banking,transactions,Please show me my bill of accounts.,,[IN:transactions ],,sot
banking,transactions,please send me the statement of the credit card by e-mail.,,[IN:transactions ],,sot
banking,transactions,how much did I spend on school yesterday?,,[IN:transactions ],,sot
banking,transactions,how much did I spend at the store this morning?,,[IN:transactions ],,sot
banking,transactions,look at what I bought for how much yesterday,,[IN:transactions ],,sot
banking,transactions,How long does it take for the bank to send you the money?,,[IN:transactions ],,sot
banking,transactions,can I cancel my credit card?,19:37:SL:ACCOUNT_TYPE,[IN:transactions [SL:ACCOUNT_TYPE karata ya sekoloto] ],ACCOUNT_TYPE: karata ya sekoloto,sot
banking,transactions,how long does it take for the new account to become active?,,[IN:transactions ],,sot
banking,transactions,how could I have my money back without putting it into the bank? ',,[IN:transactions ],,sot
banking,transactions,can I change my credit card number without going to the bank?,,[IN:transactions ],,sot
banking,transactions,"I spent more than the amount needed, could I ask for a loan?",,[IN:transactions ],,sot
banking,transactions,I want my last week's expenses.,,[IN:transactions ],,sot
banking,transactions,how much did I spend on clothes this month?,,[IN:transactions ],,sot
banking,transactions,how much did I owe the bank yesterday?,,[IN:transactions ],,sot
banking,transactions,How much money did you collect in the past?,,[IN:transactions ],,sot
banking,transactions,please email me my account number.,,[IN:transactions ],,sot
banking,transactions,how is a bank machine used?,,[IN:transactions ],,sot
banking,transactions,how much is my bonus?,,[IN:transactions ],,sot
banking,transactions,how much did I pay for the clothes?,10:18:SL:SHOPPING_ITEM,[IN:transactions [SL:SHOPPING_ITEM marikgwe] ],SHOPPING_ITEM: marikgwe,sot
banking,transactions,"If I am to send money to a bank, do I have to go to the bank?",,[IN:transactions ],,sot
banking,transactions,"If the check refuses to cash, can the bank determine what the problem is?",,[IN:transactions ],,sot
banking,transactions,can I pay by phone at the bank?,,[IN:transactions ],,sot
banking,transactions,Can I go without a credit card but can I buy everything with a check?,,[IN:transactions ],,sot
banking,transactions,Can I go without a credit card but still be able to buy everything on my phone?,,[IN:transactions ],,sot
banking,transactions,Can I use my credit card to make purchases over the phone?,25:43:SL:ACCOUNT_TYPE,[IN:transactions [SL:ACCOUNT_TYPE karata ya sekoloto] ],ACCOUNT_TYPE: karata ya sekoloto,sot
banking,transactions,How much money can I spend on my credit card per day?,,[IN:transactions ],,sot
banking,transfer,Which bank does your money go to?,,[IN:transfer ],,sot
banking,transfer,Can I deposit my card at another bank's ATM?,,[IN:transfer ],,sot
banking,transfer,Can I transfer money from one bank to another bank using an ATM?,,[IN:transfer ],,sot
banking,transfer,"If I send money to different banks, how long will it take?",,[IN:transfer ],,sot
banking,transfer,How long does it take to send money to different banks?,,[IN:transfer ],,sot
banking,transfer,can I do my karate on my phone?,,[IN:transfer ],,sot
banking,transfer,can I send money online?,,[IN:transfer ],,sot
banking,transfer,can I send money via WIFI?,,[IN:transfer ],,sot
banking,transfer,Can I send money to a branch office in my country?,,[IN:transfer ],,sot
banking,transfer,Can I send money using SSH?,,[IN:transfer ],,sot
banking,transfer,Can I send money using TLS?,,[IN:transfer ],,sot
banking,transfer,Can I send money using HTTPS?,,[IN:transfer ],,sot
banking,transfer,Can I send money through FTPS?,,[IN:transfer ],,sot
banking,transfer,Can I send money through SCP?,,[IN:transfer ],,sot
banking,transfer,Can I send money through SSL?,44:47:SL:PAYMENT_COMPANY,[IN:transfer [SL:PAYMENT_COMPANY SSL] ],PAYMENT_COMPANY: SSL,sot
banking,transfer,What if I forget my password?,,[IN:transfer ],,sot
banking,transfer,Can I withdraw money from Checkers?,,[IN:transfer ],,sot
banking,transfer,Please send an appropriate gift certificate.,"7:14:SL:PERSONAL_NAME,15:19:SL:MONEY",[IN:transfer [SL:PERSONAL_NAME Moretlo] [SL:MONEY R500] ],PERSONAL_NAME: Moretlo $$ MONEY: R500,sot
banking,transfer,"If I want to send money to a friend who lives abroad, what should I do?",,[IN:transfer ],,sot
banking,transfer,Did I send money home yesterday?,,[IN:transfer ],,sot
banking,transfer,Did I send money to my parents yesterday?,,[IN:transfer ],,sot
banking,transfer,Send Lesdi $300 to the Capitec account.,"7:13:SL:PERSONAL_NAME,14:18:SL:MONEY,33:40:SL:BANK_NAME",[IN:transfer [SL:PERSONAL_NAME Lesedi] [SL:MONEY R300] [SL:BANK_NAME Capitec] ],PERSONAL_NAME: Lesedi $$ MONEY: R300 $$ BANK_NAME: Capitec,sot
banking,transfer,"Send Nono $1,000 for the stocking.","7:11:SL:PERSONAL_NAME,12:18:SL:MONEY",[IN:transfer [SL:PERSONAL_NAME Nono] [SL:MONEY R1 000] ],PERSONAL_NAME: Nono $$ MONEY: R1 000,sot
banking,transfer,"Send $3,000 to the account of Palesa in the United States.","7:13:SL:PERSONAL_NAME,14:19:SL:MONEY,34:37:SL:COUNTRY",[IN:transfer [SL:PERSONAL_NAME Palesa] [SL:MONEY R3000] [SL:COUNTRY USA] ],PERSONAL_NAME: Palesa $$ MONEY: R3000 $$ COUNTRY: USA,sot
banking,transfer,Send $5000 from the checking account to the bank.,"7:12:SL:MONEY,23:66:SL:ACCOUNT_TYPE",[IN:transfer [SL:MONEY R5000] [SL:ACCOUNT_TYPE akhaontong ya tjheke ho ya ho ya dipolokelo] ],MONEY: R5000 $$ ACCOUNT_TYPE: akhaontong ya tjheke ho ya ho ya dipolokelo,sot
banking,transfer,"If you wanted to send more money, would you have to go to the bank?",,[IN:transfer ],,sot
banking,transfer,How do I send money from my bank account to a foreign country?,,[IN:transfer ],,sot
banking,transfer,Can I send money through a foreign bank?,,[IN:transfer ],,sot
banking,transfer,"Send $10,000 to the school account of the children from ABSA.","7:14:SL:MONEY,52:56:SL:BANK_NAME",[IN:transfer [SL:MONEY R10 000] [SL:BANK_NAME ABSA] ],MONEY: R10 000 $$ BANK_NAME: ABSA,sot
banking,transfer,Send the electricity bill to Tshwane Municipality.,40:49:SL:BILL_TYPE,[IN:transfer [SL:BILL_TYPE motlakase] ],BILL_TYPE: motlakase,sot
banking,transfer,Send $50 to Cool Ideas for the WiFi.,18:22:SL:MONEY,[IN:transfer [SL:MONEY R750] ],MONEY: R750,sot
banking,transfer,Send a Gift of $250 from the FNB checking account.,"7:11:SL:PERSONAL_NAME,12:16:SL:MONEY,48:51:SL:BANK_NAME",[IN:transfer [SL:PERSONAL_NAME Mpho] [SL:MONEY R250] [SL:BANK_NAME FNB] ],PERSONAL_NAME: Mpho $$ MONEY: R250 $$ BANK_NAME: FNB,sot
banking,transfer,Send my sister Modiehi $900 from the Capitec account.,"17:24:SL:PERSONAL_NAME,25:29:SL:MONEY,51:58:SL:BANK_NAME",[IN:transfer [SL:PERSONAL_NAME Modiehi] [SL:MONEY R900] [SL:BANK_NAME Capitec] ],PERSONAL_NAME: Modiehi $$ MONEY: R900 $$ BANK_NAME: Capitec,sot
banking,transfer,"If you don't send money through the PEP store, where can you get it?",,[IN:transfer ],,sot
banking,transfer,Please send $50 to Mrs.,"7:19:SL:PERSONAL_NAME,20:24:SL:MONEY",[IN:transfer [SL:PERSONAL_NAME Mrs Motloung] [SL:MONEY R450] ],PERSONAL_NAME: Mrs Motloung $$ MONEY: R450,sot
banking,transfer,"Can I send $2,000 without going to the bank?",11:18:SL:MONEY,[IN:transfer [SL:MONEY R20 000] ],MONEY: R20 000,sot
banking,transfer,Can I send a deposit from a credit account? ,37:60:SL:ACCOUNT_TYPE,[IN:transfer [SL:ACCOUNT_TYPE akhaontong ya mokitlane] ],ACCOUNT_TYPE: akhaontong ya mokitlane,sot
banking,transfer,Can I send money to a Lesotho person through a South African bank?,"20:27:SL:COUNTRY,49:61:SL:COUNTRY",[IN:transfer [SL:COUNTRY Lesotho] [SL:COUNTRY Afrika Borwa] ],COUNTRY: Lesotho $$ COUNTRY: Afrika Borwa,sot
banking,transfer,Can I send money to a stranger on the same day?,,[IN:transfer ],,sot
banking,transfer,"Send $50,000 from a checking account to Germany.","7:14:SL:MONEY,23:42:SL:ACCOUNT_TYPE,55:63:SL:COUNTRY",[IN:transfer [SL:MONEY R50 000] [SL:ACCOUNT_TYPE akhontong ya tjheke] [SL:COUNTRY Jeremane] ],MONEY: R50 000 $$ ACCOUNT_TYPE: akhontong ya tjheke $$ COUNTRY: Jeremane,sot
banking,transfer,"Send $10,000 in pounds sterling to the account of the United Kingdom branch office.","7:14:SL:MONEY,18:25:SL:CURRENCY,45:51:SL:PERSONAL_NAME,55:57:SL:COUNTRY",[IN:transfer [SL:MONEY R10 000] [SL:CURRENCY diponto] [SL:PERSONAL_NAME Palesa] [SL:COUNTRY UK] ],MONEY: R10 000 $$ CURRENCY: diponto $$ PERSONAL_NAME: Palesa $$ COUNTRY: UK,sot
banking,transfer,Can I send money by using my mobile phone?,,[IN:transfer ],,sot
banking,transfer,How many people can I send money to per day?,,[IN:transfer ],,sot
banking,transfer,How much money can I send per day?,,[IN:transfer ],,sot
banking,transfer,"When you send money, what is needed?",,[IN:transfer ],,sot
banking,transfer,Send money through the PEP account,,[IN:transfer ],,sot
banking,transfer,"If I send money, how much will it cost?",,[IN:transfer ],,sot
banking,transfer,Do I pay when I send my money from a checking account to a bank?,48:91:SL:ACCOUNT_TYPE,[IN:transfer [SL:ACCOUNT_TYPE akhaontong ya tjheke ho ya ho ya dipolokelo] ],ACCOUNT_TYPE: akhaontong ya tjheke ho ya ho ya dipolokelo,sot
banking,transfer,Can I return the money after I send it?,,[IN:transfer ],,sot
banking,transfer,Is there a limit to sending money to the FNB account from Capitec?,"51:54:SL:BANK_NAME,69:76:SL:BANK_NAME",[IN:transfer [SL:BANK_NAME FNB] [SL:BANK_NAME Capitec] ],BANK_NAME: FNB $$ BANK_NAME: Capitec,sot
banking,transfer,Can I stop sending money to someone else's account?,,[IN:transfer ],,sot
banking,transfer,can I stop the money from being sent to the creditor's account?,,[IN:transfer ],,sot
banking,transfer,What is the safest way to send money?,,[IN:transfer ],,sot
banking,transfer,"Call FNB I want to send R500,000.","9:12:SL:BANK_NAME,32:40:SL:MONEY",[IN:transfer [SL:BANK_NAME FNB] [SL:MONEY R500 000] ],BANK_NAME: FNB $$ MONEY: R500 000,sot
banking,transfer,Call the Standard Bank and ask how much it costs to send money abroad.,9:22:SL:BANK_NAME,[IN:transfer [SL:BANK_NAME Standard Bank] ],BANK_NAME: Standard Bank,sot
banking,transfer,Call ABSA I want to send money from a checking account.,"9:13:SL:BANK_NAME,50:70:SL:ACCOUNT_TYPE",[IN:transfer [SL:BANK_NAME ABSA] [SL:ACCOUNT_TYPE akhaontong ya tjheke] ],BANK_NAME: ABSA $$ ACCOUNT_TYPE: akhaontong ya tjheke,sot
banking,transfer,Is it safe to send money by phone?,,[IN:transfer ],,sot
banking,transfer,How do I send money through ATM?,,[IN:transfer ],,sot
banking,transfer,Can I send a check to someone?,,[IN:transfer ],,sot
banking,transfer,Can I send money to someone who does not have a bank account?,,[IN:transfer ],,sot
banking,transfer,Can I send money to a person in another country using a local bank?,,[IN:transfer ],,sot
banking,transfer,Can I send someone a checking account while you use a savings account?,42:60:SL:ACCOUNT_TYPE,[IN:transfer [SL:ACCOUNT_TYPE akhaonto ya tjheke] ],ACCOUNT_TYPE: akhaonto ya tjheke,sot
banking,transfer,Can I send a valid number only once?,,[IN:transfer ],,sot
banking,transfer,How to save money on FNB?,28:31:SL:BANK_NAME,[IN:transfer [SL:BANK_NAME FNB] ],BANK_NAME: FNB,sot
banking,transfer,Could I send money without my names?,,[IN:transfer ],,sot
banking,transfer,Can I send a check to someone in another country?,,[IN:transfer ],,sot
banking,transfer,Can I save every month?,,[IN:transfer ],,sot
banking,transfer,What is the difference between a savings account and a credit account?,11:47:SL:ACCOUNT_TYPE,[IN:transfer [SL:ACCOUNT_TYPE akhaonto ya ho boloka le ya sekoloto] ],ACCOUNT_TYPE: akhaonto ya ho boloka le ya sekoloto,sot
banking,transfer,Can I send money to a foreign country without my name on it?,,[IN:transfer ],,sot
banking,transfer,Can I send money through PayPal?,35:41:SL:PAYMENT_COMPANY,[IN:transfer [SL:PAYMENT_COMPANY PayPal] ],PAYMENT_COMPANY: PayPal,sot
banking,transfer,Can I withdraw money from the Shoprite store?,,[IN:transfer ],,sot
banking,transfer,Can I withdraw money from the PEP store?,,[IN:transfer ],,sot
banking,transfer,Put F250 into your Nedbank account,28:35:SL:BANK_NAME,[IN:transfer [SL:BANK_NAME Nedbank] ],BANK_NAME: Nedbank,sot
banking,transfer,Can I withdraw money from the Boxer store?,,[IN:transfer ],,sot
banking,transfer,Can I withdraw money from PicknPay?,,[IN:transfer ],,sot
banking,transfer,Can I withdraw money from the Spar store?,,[IN:transfer ],,sot
banking,transfer,Can I withdraw money sent by PEP from the bank?,,[IN:transfer ],,sot
banking,transfer,Can I withdraw money sent through Shoprite?,,[IN:transfer ],,sot
banking,transfer,Can I withdraw the money sent by Boxer from the bank?,,[IN:transfer ],,sot
banking,transfer,Can I withdraw money sent by Spar?,,[IN:transfer ],,sot
home,calendar_update,Put the mother church's meeting on the calendar,6:31:SL:CALENDAR_EVENT,[IN:calendar_update [SL:CALENDAR_EVENT kopano ya bomme ba kereke] ],CALENDAR_EVENT: kopano ya bomme ba kereke,sot
home,calendar_update,What does the date June 16 stand for on the calendar?,12:23:SL:DATE,[IN:calendar_update [SL:DATE Phupjane 16] ],DATE: Phupjane 16,sot
home,calendar_update,Delete my February 14 date from the calendar,28:38:SL:DATE,[IN:calendar_update [SL:DATE 14 Hlakola] ],DATE: 14 Hlakola,sot
home,calendar_update,Is February 14 a significant date on the calendar?,15:25:SL:DATE,[IN:calendar_update [SL:DATE 14 Hlakola] ],DATE: 14 Hlakola,sot
home,calendar_update,Is December 25th a holiday according to the calendar?,15:25:SL:DATE,[IN:calendar_update [SL:DATE 25 Tshitwe] ],DATE: 25 Tshitwe,sot
home,calendar_update,We are cutting a year off on what date according to the 2024 calendar,59:63:SL:DATE,[IN:calendar_update [SL:DATE 2024] ],DATE: 2024,sot
home,calendar_update,Is the world's population on the same calendar?,,[IN:calendar_update ],,sot
home,calendar_update,Ethiopians on a cliff according to their calendar,9:16:SL:COUNTRY,[IN:calendar_update [SL:COUNTRY Ethopia] ],COUNTRY: Ethopia,sot
home,calendar_update,Ethiopians cut off the year when they used their calendar,,[IN:calendar_update ],,sot
home,calendar_update,"For the Ethiopians, the calendar is different",19:26:SL:COUNTRY,[IN:calendar_update [SL:COUNTRY Ethopia] ],COUNTRY: Ethopia,sot
home,calendar_update,Delete my August 9th reasons from my calendar,23:34:SL:DATE,[IN:calendar_update [SL:DATE 9 tsa Phato] ],DATE: 9 tsa Phato,sot
home,calendar_update,Cancel my March 15th celebration from my calendar.,24:36:SL:DATE,[IN:calendar_update [SL:DATE 15 Hlakubele] ],DATE: 15 Hlakubele,sot
home,calendar_update,Delete all 7 July conventions,19:26:SL:DATE,[IN:calendar_update [SL:DATE 7 Phupu] ],DATE: 7 Phupu,sot
home,calendar_update,Cancel my meeting with Professor Mkhwanazi on August 14,"21:41:SL:PERSONAL_NAME,45:53:SL:DATE",[IN:calendar_update [SL:PERSONAL_NAME Porofesara Mkhwanazi] [SL:DATE 14 Phato] ],PERSONAL_NAME: Porofesara Mkhwanazi $$ DATE: 14 Phato,sot
home,calendar_update,Cancel my appointment with Mr. Smith for May 8,"21:35:SL:PERSONAL_NAME,39:52:SL:DATE",[IN:calendar_update [SL:PERSONAL_NAME Monghadi Smith] [SL:DATE 8 Motsheanong] ],PERSONAL_NAME: Monghadi Smith $$ DATE: 8 Motsheanong,sot
home,calendar_update,Who came up with the idea of the calendar,,[IN:calendar_update ],,sot
home,calendar_update,Put a schoolboy's birthday on the calendar,6:32:SL:CALENDAR_EVENT,[IN:calendar_update [SL:CALENDAR_EVENT mokete wa ngwana wa sekolo] ],CALENDAR_EVENT: mokete wa ngwana wa sekolo,sot
home,calendar_update,How do my reasons stand when you look at the calendar for next month?,,[IN:calendar_update ],,sot
home,calendar_update,Give me my calendar for the whole year,,[IN:calendar_update ],,sot
home,calendar_update,Give me my calendar for the month of April,32:37:SL:DATE,[IN:calendar_update [SL:DATE Mmesa] ],DATE: Mmesa,sot
home,calendar_update,Give me my calendar for the month of February,32:39:SL:DATE,[IN:calendar_update [SL:DATE Hlakola] ],DATE: Hlakola,sot
home,calendar_update,Give me my calendar for the month of March,32:41:SL:DATE,[IN:calendar_update [SL:DATE Hlakubela] ],DATE: Hlakubela,sot
home,calendar_update,Give me my calendar for the month of January,,[IN:calendar_update ],,sot
home,calendar_update,Give me my calendar for the month of May,32:43:SL:DATE,[IN:calendar_update [SL:DATE Motsheanong] ],DATE: Motsheanong,sot
home,calendar_update,Give me my calendar for the month of June,,[IN:calendar_update ],,sot
home,calendar_update,Give me my calendar for the month of July,32:37:SL:DATE,[IN:calendar_update [SL:DATE Phupu] ],DATE: Phupu,sot
home,calendar_update,Give me my calendar for the month of August,,[IN:calendar_update ],,sot
home,calendar_update,Give me my calendar for the month of September,,[IN:calendar_update ],,sot
home,calendar_update,Give me my December calendar,32:39:SL:DATE,[IN:calendar_update [SL:DATE Tshitwe] ],DATE: Tshitwe,sot
home,calendar_update,How many days are there in February,,[IN:calendar_update ],,sot
home,calendar_update,Set the alarm for April 12,17:29:SL:DATE,[IN:calendar_update [SL:DATE 12 tsa Mmesa] ],DATE: 12 tsa Mmesa,sot
home,calendar_update,Set the date of my mother's birthday,,[IN:calendar_update ],,sot
home,calendar_update,Set the date of my brother's birthday,,[IN:calendar_update ],,sot
home,calendar_update,Set the date of my sister's birthday,5:36:SL:CALENDAR_EVENT,[IN:calendar_update [SL:CALENDAR_EVENT letsatsi la ausi waka la tswalo] ],CALENDAR_EVENT: letsatsi la ausi waka la tswalo,sot
home,calendar_update,Set my uncle's birthday,,[IN:calendar_update ],,sot
home,calendar_update,Set the date of my birthday,,[IN:calendar_update ],,sot
home,calendar_update,Set the date of my girlfriend's birthday,5:40:SL:CALENDAR_EVENT,[IN:calendar_update [SL:CALENDAR_EVENT letsatsi la mokgotsi waka la tswalo] ],CALENDAR_EVENT: letsatsi la mokgotsi waka la tswalo,sot
home,calendar_update,Set the date of my grandmother's birthday,5:37:SL:CALENDAR_EVENT,[IN:calendar_update [SL:CALENDAR_EVENT letsatsi la kgono waka la tswalo] ],CALENDAR_EVENT: letsatsi la kgono waka la tswalo,sot
home,calendar_update,Set the alarm on my phone calendar for my birthday on June 30,63:74:SL:DATE,[IN:calendar_update [SL:DATE 30 Phupjane] ],DATE: 30 Phupjane,sot
home,calendar_update,Set an alarm on my phone calendar for my appointment with my eye doctor on July 7,74:81:SL:DATE,[IN:calendar_update [SL:DATE 7 Phupu] ],DATE: 7 Phupu,sot
home,calendar_update,Cancel the April 7th commemoration,24:35:SL:DATE,[IN:calendar_update [SL:DATE 7 tsa Mmesa] ],DATE: 7 tsa Mmesa,sot
home,calendar_update,Delete all the reasons for tomorrow from the calendar,,[IN:calendar_update ],,sot
home,calendar_update,Remove all doctor's orders by Wednesday,34:42:SL:DATE,[IN:calendar_update [SL:DATE Laboraro] ],DATE: Laboraro,sot
home,calendar_update,Cancel the Great Minds company meeting tomorrow ,,[IN:calendar_update ],,sot
home,calendar_update,Set a meeting for my pastor and Uncle Tsietsi on Friday at 1 pm,"30:44:SL:PERSONAL_NAME,48:57:SL:DATE,61:72:SL:TIME",[IN:calendar_update [SL:PERSONAL_NAME Malome Tsietsi] [SL:DATE Labohlano] [SL:TIME 1 motsheare] ],PERSONAL_NAME: Malome Tsietsi $$ DATE: Labohlano $$ TIME: 1 motsheare,sot
home,calendar_update,Mark a meeting with Thanda on your calendar for Monday at 9 a.m.,"21:27:SL:PERSONAL_NAME,31:50:SL:TIME",[IN:calendar_update [SL:PERSONAL_NAME Thanda] [SL:TIME Mantaha ka 9 hoseng] ],PERSONAL_NAME: Thanda $$ TIME: Mantaha ka 9 hoseng,sot
home,calendar_update,Add the Thursday parent meeting to my calendar.,"6:24:SL:CALENDAR_EVENT,31:37:SL:DATE",[IN:calendar_update [SL:CALENDAR_EVENT kopano ya batswadi] [SL:DATE Labone] ],CALENDAR_EVENT: kopano ya batswadi $$ DATE: Labone,sot
home,calendar_update,Delete the Friday school assembly from my calendar,"6:22:SL:CALENDAR_EVENT,29:38:SL:DATE",[IN:calendar_update [SL:CALENDAR_EVENT kopano ya sekolo] [SL:DATE labohlano] ],CALENDAR_EVENT: kopano ya sekolo $$ DATE: labohlano,sot
home,calendar_update,Check the date January 18 on my calendar,18:31:SL:DATE,[IN:calendar_update [SL:DATE 18 Pherekgong] ],DATE: 18 Pherekgong,sot
home,calendar_update,Is my calendar already full for August,23:28:SL:DATE,[IN:calendar_update [SL:DATE Phato] ],DATE: Phato,sot
home,calendar_update,I can synchronize my calendar with my spouse's,,[IN:calendar_update ],,sot
home,calendar_update,Set a writing assignment for next week,,[IN:calendar_update ],,sot
home,calendar_update,Are there different calendars in the world,,[IN:calendar_update ],,sot
home,calendar_update,Where can I get a loan?,,[IN:calendar_update ],,sot
home,calendar_update,Does the calendar sell,,[IN:calendar_update ],,sot
home,calendar_update,Where can I get a free calendar?,,[IN:calendar_update ],,sot
home,calendar_update,What do I do if my calendar is accidentally deleted from my mobile phone,,[IN:calendar_update ],,sot
home,calendar_update,Who can see my phone calendar,,[IN:calendar_update ],,sot
home,calendar_update,Can I merge different calendars on my phone,,[IN:calendar_update ],,sot
home,calendar_update,I could mark many more anniversaries on the calendar one day,,[IN:calendar_update ],,sot
home,calendar_update,Remove all my memories of tomorrow,,[IN:calendar_update ],,sot
home,calendar_update,delete all my reasons for December 14 from my calendar,36:46:SL:DATE,[IN:calendar_update [SL:DATE 14 Tshitwe] ],DATE: 14 Tshitwe,sot
home,calendar_update,Are all the world's calendars the same,,[IN:calendar_update ],,sot
home,calendar_update,The South African calendar is similar to that of Lesotho and,"12:24:SL:COUNTRY,41:48:SL:COUNTRY",[IN:calendar_update [SL:COUNTRY Afrika Borwa] [SL:COUNTRY Lesotho] ],COUNTRY: Afrika Borwa $$ COUNTRY: Lesotho,sot
home,calendar_update,Set all the holidays on my calendar,,[IN:calendar_update ],,sot
home,calendar_update,Delete all birthdays from my calendar,6:23:SL:CALENDAR_EVENT,[IN:calendar_update [SL:CALENDAR_EVENT matsatsi a tswalo] ],CALENDAR_EVENT: matsatsi a tswalo,sot
home,calendar_update,I can hang a calendar on my wall,,[IN:calendar_update ],,sot
home,calendar_update,Can I have a calendar on my phone,,[IN:calendar_update ],,sot
home,calendar_update,I can get calendar messages on my phone,,[IN:calendar_update ],,sot
home,calendar_update,I can download the calendar messages from my email,,[IN:calendar_update ],,sot
home,calendar_update,What kind of calendars can I use,,[IN:calendar_update ],,sot
home,calendar_update,Can I have two calendars on my phone,25:33:SL:NUMBER,[IN:calendar_update [SL:NUMBER tse pedi] ],NUMBER: tse pedi,sot
home,calendar_update,Why the week begins on Monday on the calendar,24:31:SL:DATE,[IN:calendar_update [SL:DATE Mantaha] ],DATE: Mantaha,sot
home,calendar_update,Delete the church service from my calendar,6:22:SL:CALENDAR_EVENT,[IN:calendar_update [SL:CALENDAR_EVENT mokete wa kereke] ],CALENDAR_EVENT: mokete wa kereke,sot
home,calendar_update,Do calendars differ from country to country?,,[IN:calendar_update ],,sot
home,calendar_update,For children February has only 28 days on the calendar,,[IN:calendar_update ],,sot
home,calendar_update,Why some months do not have the same number of days on the calendar,,[IN:calendar_update ],,sot
home,calendar_update,Delete baptism events from the calendar,8:28:SL:CALENDAR_EVENT,[IN:calendar_update [SL:CALENDAR_EVENT dikolobetso tsa bana] ],CALENDAR_EVENT: dikolobetso tsa bana,sot
home,calendar_update,Put the April 8th baptisms of my children on the calendar,"6:26:SL:CALENDAR_EVENT,37:44:SL:DATE",[IN:calendar_update [SL:CALENDAR_EVENT dikolobetso tsa bana] [SL:DATE 8 Mmesa] ],CALENDAR_EVENT: dikolobetso tsa bana $$ DATE: 8 Mmesa,sot
home,calendar_update,Put the father's meeting on the calendar.,6:23:SL:CALENDAR_EVENT,[IN:calendar_update [SL:CALENDAR_EVENT kopano ya bontate] ],CALENDAR_EVENT: kopano ya bontate,sot
home,play_music,Which Bacardi singer is the most popular?,21:28:SL:MUSIC_GENRE,[IN:play_music [SL:MUSIC_GENRE bacardi] ],MUSIC_GENRE: bacardi,sot
home,play_music,Play the music of Khaya Mthethwa,16:30:SL:ARTIST_NAME,[IN:play_music [SL:ARTIST_NAME Khaya Mthethwa] ],ARTIST_NAME: Khaya Mthethwa,sot
home,play_music,Khaya Mthethwa is a musician who has given,0:15:SL:ARTIST_NAME,[IN:play_music [SL:ARTIST_NAME Khaya Mthwethwa] ],ARTIST_NAME: Khaya Mthwethwa,sot
home,play_music,It is the kind of music that is most popular with children,,[IN:play_music ],,sot
home,play_music,It is the music that is popular among the old people,,[IN:play_music ],,sot
home,play_music,Where can I download music,,[IN:play_music ],,sot
home,play_music,Do I need data to listen to my music,,[IN:play_music ],,sot
home,play_music,How can I become a musician,,[IN:play_music ],,sot
home,play_music,Give me music without words,,[IN:play_music ],,sot
home,play_music,The wordless music called,,[IN:play_music ],,sot
home,play_music,Who makes the music without the words,,[IN:play_music ],,sot
home,play_music,Black Coffee is a well-known DJ in what countries,0:12:SL:ARTIST_NAME,[IN:play_music [SL:ARTIST_NAME Black Coffee] ],ARTIST_NAME: Black Coffee,sot
home,play_music,Play the song Tamia from Poetry,"14:19:SL:ARTIST_NAME,23:29:SL:SONG_NAME",[IN:play_music [SL:ARTIST_NAME Tamia] [SL:SONG_NAME Poetry] ],ARTIST_NAME: Tamia $$ SONG_NAME: Poetry,sot
home,play_music,Where can I find Tyla's music?,19:23:SL:ARTIST_NAME,[IN:play_music [SL:ARTIST_NAME Tyla] ],ARTIST_NAME: Tyla,sot
home,play_music,What happens to the music when a musician dies,,[IN:play_music ],,sot
home,play_music,What musician was popular but died,,[IN:play_music ],,sot
home,play_music,It's a good music,,[IN:play_music ],,sot
home,play_music,It is the world's most popular music,,[IN:play_music ],,sot
home,play_music,Give me the sweet music of Beyonce,23:30:SL:ARTIST_NAME,[IN:play_music [SL:ARTIST_NAME Beyonce] ],ARTIST_NAME: Beyonce,sot
home,play_music,Give me the sweet Rihanna music,23:30:SL:ARTIST_NAME,[IN:play_music [SL:ARTIST_NAME Rihanna] ],ARTIST_NAME: Rihanna,sot
home,play_music,Give me the sweet music of Whitney Houston,23:38:SL:ARTIST_NAME,[IN:play_music [SL:ARTIST_NAME Whitney Houston] ],ARTIST_NAME: Whitney Houston,sot
home,play_music,Give me some of that good Drake music,23:28:SL:ARTIST_NAME,[IN:play_music [SL:ARTIST_NAME Drake] ],ARTIST_NAME: Drake,sot
home,play_music,Give me the sweet Fifi Cooper music,23:34:SL:ARTIST_NAME,[IN:play_music [SL:ARTIST_NAME Fifi Cooper] ],ARTIST_NAME: Fifi Cooper,sot
home,play_music,Who is the most listened to artist on spotify,,[IN:play_music ],,sot
home,play_music,He is the most tolerated artist on apple music,,[IN:play_music ],,sot
home,play_music,He is the most-addressed artist on soundcloud,,[IN:play_music ],,sot
home,play_music,What kind of music is popular in our country,,[IN:play_music ],,sot
home,play_music,What kind of music is popular in the United States,46:53:SL:COUNTRY,[IN:play_music [SL:COUNTRY Amerika] ],COUNTRY: Amerika,sot
home,play_music,What kind of music is popular in Germany,46:53:SL:COUNTRY,[IN:play_music [SL:COUNTRY Germany] ],COUNTRY: Germany,sot
home,play_music,What kind of music is popular in Mexico,46:52:SL:COUNTRY,[IN:play_music [SL:COUNTRY Mexico] ],COUNTRY: Mexico,sot
home,play_music,What kind of music is popular in Lesotho?,46:53:SL:COUNTRY,[IN:play_music [SL:COUNTRY Lesotho] ],COUNTRY: Lesotho,sot
home,play_music,Play piano music,16:25:SL:MUSIC_GENRE,[IN:play_music [SL:MUSIC_GENRE amapiyano] ],MUSIC_GENRE: amapiyano,sot
home,play_music,Play hip hop music,16:24:SL:MUSIC_GENRE,[IN:play_music [SL:MUSIC_GENRE hip hopo] ],MUSIC_GENRE: hip hopo,sot
home,play_music,Play house music,,[IN:play_music ],,sot
home,play_music,Play some Rasta music,7:24:SL:MUSIC_GENRE,[IN:play_music [SL:MUSIC_GENRE mmino wa ma rasta] ],MUSIC_GENRE: mmino wa ma rasta,sot
home,play_music,Play some love music,7:22:SL:MUSIC_GENRE,[IN:play_music [SL:MUSIC_GENRE mmino wa lerato] ],MUSIC_GENRE: mmino wa lerato,sot
home,play_music,Play the music of the masters,16:25:SL:MUSIC_GENRE,[IN:play_music [SL:MUSIC_GENRE maskhandi] ],MUSIC_GENRE: maskhandi,sot
home,play_music,Give me a flawed pianist,32:41:SL:MUSIC_GENRE,[IN:play_music [SL:MUSIC_GENRE amapiyano] ],MUSIC_GENRE: amapiyano,sot
home,play_music,Give me a hip hop artist who's not a hip hop artist,32:40:SL:MUSIC_GENRE,[IN:play_music [SL:MUSIC_GENRE hip hopo] ],MUSIC_GENRE: hip hopo,sot
home,play_music,Give me a musician who can't be bothered to sing,,[IN:play_music ],,sot
home,play_music,Give me a country music singer,,[IN:play_music ],,sot
home,play_music,Give me a flawed love song,32:47:SL:MUSIC_GENRE,[IN:play_music [SL:MUSIC_GENRE mmino wa lerato] ],MUSIC_GENRE: mmino wa lerato,sot
home,play_music,Beyonce is a singer of what music,0:7:SL:ARTIST_NAME,[IN:play_music [SL:ARTIST_NAME Beyonce] ],ARTIST_NAME: Beyonce,sot
home,play_music,Chris Brown is a musician who,0:11:SL:ARTIST_NAME,[IN:play_music [SL:ARTIST_NAME Chris brown] ],ARTIST_NAME: Chris brown,sot
home,play_music,Jay Z is a musician who sings a lot of country music.,0:5:SL:ARTIST_NAME,[IN:play_music [SL:ARTIST_NAME Jay z] ],ARTIST_NAME: Jay z,sot
home,play_music,Nasty C is a musician who,0:7:SL:ARTIST_NAME,[IN:play_music [SL:ARTIST_NAME Nasty C] ],ARTIST_NAME: Nasty C,sot
home,play_music,Rick Ross is a musician who has,0:9:SL:ARTIST_NAME,[IN:play_music [SL:ARTIST_NAME Rick Ross] ],ARTIST_NAME: Rick Ross,sot
home,play_music,Miley Cyrus is a female singer,0:11:SL:ARTIST_NAME,[IN:play_music [SL:ARTIST_NAME Miley Cirus] ],ARTIST_NAME: Miley Cirus,sot
home,play_music,Mariah Carey is a singer who has,0:12:SL:ARTIST_NAME,[IN:play_music [SL:ARTIST_NAME Mariah Carey] ],ARTIST_NAME: Mariah Carey,sot
home,play_music,How many musicians do we have in our country,,[IN:play_music ],,sot
home,play_music,Give me a famous singer in our country,,[IN:play_music ],,sot
home,play_music,Give me a famous American singer,37:44:SL:COUNTRY,[IN:play_music [SL:COUNTRY amerika] ],COUNTRY: amerika,sot
home,play_music,Give me a famous singer in Kenya,37:42:SL:COUNTRY,[IN:play_music [SL:COUNTRY kenya] ],COUNTRY: kenya,sot
home,play_music,Give me a famous singer in India,37:42:SL:COUNTRY,[IN:play_music [SL:COUNTRY india] ],COUNTRY: india,sot
home,play_music,Give me a famous Nigerian singer,37:44:SL:COUNTRY,[IN:play_music [SL:COUNTRY nigeria] ],COUNTRY: nigeria,sot
home,play_music,Give me a Canadian rock star,37:43:SL:COUNTRY,[IN:play_music [SL:COUNTRY Canada] ],COUNTRY: Canada,sot
home,play_music,Start with a slow song,,[IN:play_music ],,sot
home,play_music,Play 1 plus 1 by Beyonce,"7:15:SL:SONG_NAME,19:26:SL:ARTIST_NAME",[IN:play_music [SL:SONG_NAME 1 plus 1] [SL:ARTIST_NAME Beyonce] ],SONG_NAME: 1 plus 1 $$ ARTIST_NAME: Beyonce,sot
home,play_music,How can I increase the volume of my music,,[IN:play_music ],,sot
home,play_music,I can play music on youtube,,[IN:play_music ],,sot
home,play_music,For children we pay to play music,,[IN:play_music ],,sot
home,play_music,Where can I play music for free,,[IN:play_music ],,sot
home,play_music,Play the single ladies of beyonce,"8:21:SL:SONG_NAME,25:32:SL:ARTIST_NAME",[IN:play_music [SL:SONG_NAME single ladies] [SL:ARTIST_NAME beyonce] ],SONG_NAME: single ladies $$ ARTIST_NAME: beyonce,sot
home,play_music,Play her old friends song by PND,"15:30:SL:SONG_NAME,34:37:SL:ARTIST_NAME",[IN:play_music [SL:SONG_NAME her old friends] [SL:ARTIST_NAME PND] ],SONG_NAME: her old friends $$ ARTIST_NAME: PND,sot
home,play_music,Play the piano,18:26:SL:MUSIC_GENRE,[IN:play_music [SL:MUSIC_GENRE amapiano] ],MUSIC_GENRE: amapiano,sot
home,play_music,I can play my music on the speaker,,[IN:play_music ],,sot
home,play_music,I can listen to my music with bluetooth,,[IN:play_music ],,sot
home,play_music,I can play my music on the tv,,[IN:play_music ],,sot
home,play_music,I can play my music in the car,,[IN:play_music ],,sot
home,play_music,Can my music play well in the car,,[IN:play_music ],,sot
home,play_music,For kids who can't play my music with bluetooth,,[IN:play_music ],,sot
home,play_music,What kind of music can break me,,[IN:play_music ],,sot
home,play_music,What kind of music can make me happy,,[IN:play_music ],,sot
home,play_music,What music is known for its loud sound,,[IN:play_music ],,sot
home,play_music,The pantsula listen to the music,,[IN:play_music ],,sot
home,play_music,Whites listening to what music,,[IN:play_music ],,sot
home,play_music,What music is not suitable for children,,[IN:play_music ],,sot
home,play_music,A gifted singer who is not suitable for children,,[IN:play_music ],,sot
home,play_music,Jelly baby sings the song,0:10:SL:ARTIST_NAME,[IN:play_music [SL:ARTIST_NAME Jelly baby] ],ARTIST_NAME: Jelly baby,sot
home,play_music,Where did the Bacardi come from?,0:7:SL:MUSIC_GENRE,[IN:play_music [SL:MUSIC_GENRE Bacardi] ],MUSIC_GENRE: Bacardi,sot
home,shopping_list_update,how much is a sausage scale? add it to the meat list,10:16:SL:DISH_OR_FOOD,[IN:shopping_list_update [SL:DISH_OR_FOOD boroso] ],DISH_OR_FOOD: boroso,sot
home,shopping_list_update,"PS chocolate is not on the list of sweet foods, add it",0:16:SL:SHOPPING_ITEM,[IN:shopping_list_update [SL:SHOPPING_ITEM tjhokolete ya PS] ],SHOPPING_ITEM: tjhokolete ya PS,sot
home,shopping_list_update,add Jungle Bar chocolate to the list of sweets to buy,6:30:SL:DISH_OR_FOOD,[IN:shopping_list_update [SL:DISH_OR_FOOD tjhokolete ya Jungle Bar] ],DISH_OR_FOOD: tjhokolete ya Jungle Bar,sot
home,shopping_list_update,how much is a bar of chocolate? put it on the shopping list,0:21:SL:DISH_OR_FOOD,[IN:shopping_list_update [SL:DISH_OR_FOOD tjhokolete ya Bar One] ],DISH_OR_FOOD: tjhokolete ya Bar One,sot
home,shopping_list_update,Are lemons on the grocery list? Add five?,3:15:SL:DISH_OR_FOOD,[IN:shopping_list_update [SL:DISH_OR_FOOD disirilamunu] ],DISH_OR_FOOD: disirilamunu,sot
home,shopping_list_update,please remove oranges from the list of items to be purchased,16:24:SL:DISH_OR_FOOD,[IN:shopping_list_update [SL:DISH_OR_FOOD dilamunu] ],DISH_OR_FOOD: dilamunu,sot
home,shopping_list_update,Put lemons on the shopping list?,6:18:SL:DISH_OR_FOOD,[IN:shopping_list_update [SL:DISH_OR_FOOD disirilamunu] ],DISH_OR_FOOD: disirilamunu,sot
home,shopping_list_update,I want to add a lemon to the list if it's not there,18:28:SL:DISH_OR_FOOD,[IN:shopping_list_update [SL:DISH_OR_FOOD sirilamunu] ],DISH_OR_FOOD: sirilamunu,sot
home,shopping_list_update,Write alcohol on the list if it is not available,6:11:SL:DISH_OR_FOOD,[IN:shopping_list_update [SL:DISH_OR_FOOD jwala] ],DISH_OR_FOOD: jwala,sot
home,shopping_list_update,Add whiskey to the list.,14:21:SL:SHOPPING_ITEM,[IN:shopping_list_update [SL:SHOPPING_ITEM whiskey] ],SHOPPING_ITEM: whiskey,sot
home,shopping_list_update,Take beer off the list,6:10:SL:DISH_OR_FOOD,[IN:shopping_list_update [SL:DISH_OR_FOOD biri] ],DISH_OR_FOOD: biri,sot
home,shopping_list_update,add the bread dough if it is not there,6:22:SL:DISH_OR_FOOD,[IN:shopping_list_update [SL:DISH_OR_FOOD phoofo ya bohobe] ],DISH_OR_FOOD: phoofo ya bohobe,sot
home,shopping_list_update,write recipe books on the shopping list,,[IN:shopping_list_update ],,sot
home,shopping_list_update,include wheels in the list of items to buy,14:22:SL:DISH_OR_FOOD,[IN:shopping_list_update [SL:DISH_OR_FOOD maotwana] ],DISH_OR_FOOD: maotwana,sot
home,shopping_list_update,don't forget the chicken coops on the list,10:26:SL:DISH_OR_FOOD,[IN:shopping_list_update [SL:DISH_OR_FOOD malana a dikgoho] ],DISH_OR_FOOD: malana a dikgoho,sot
home,shopping_list_update,write oranges on the list.,6:14:SL:DISH_OR_FOOD,[IN:shopping_list_update [SL:DISH_OR_FOOD dilamunu] ],DISH_OR_FOOD: dilamunu,sot
home,shopping_list_update,put the potatoes in a bag,6:14:SL:DISH_OR_FOOD,[IN:shopping_list_update [SL:DISH_OR_FOOD ditapole] ],DISH_OR_FOOD: ditapole,sot
home,shopping_list_update,add bananas to the list of foods you go shopping for,6:14:SL:DISH_OR_FOOD,[IN:shopping_list_update [SL:DISH_OR_FOOD dibanana] ],DISH_OR_FOOD: dibanana,sot
home,shopping_list_update,write Sasko's bread on the list,6:12:SL:DISH_OR_FOOD,[IN:shopping_list_update [SL:DISH_OR_FOOD bohobe] ],DISH_OR_FOOD: bohobe,sot
home,shopping_list_update,is clover milk on the menu,3:19:SL:DISH_OR_FOOD,[IN:shopping_list_update [SL:DISH_OR_FOOD lebese la clover] ],DISH_OR_FOOD: lebese la clover,sot
home,shopping_list_update,how much to add eggs to store,7:11:SL:DISH_OR_FOOD,[IN:shopping_list_update [SL:DISH_OR_FOOD mahe] ],DISH_OR_FOOD: mahe,sot
home,shopping_list_update,write chicken on the menu,6:19:SL:DISH_OR_FOOD,[IN:shopping_list_update [SL:DISH_OR_FOOD nama ya kgoho] ],DISH_OR_FOOD: nama ya kgoho,sot
home,shopping_list_update,are potatoes on the menu?,3:11:SL:DISH_OR_FOOD,[IN:shopping_list_update [SL:DISH_OR_FOOD ditapole] ],DISH_OR_FOOD: ditapole,sot
home,shopping_list_update,are tomatoes on the menu?,3:11:SL:DISH_OR_FOOD,[IN:shopping_list_update [SL:DISH_OR_FOOD ditamati] ],DISH_OR_FOOD: ditamati,sot
home,shopping_list_update,are onions on the menu?,,[IN:shopping_list_update ],,sot
home,shopping_list_update,are carrots on the menu?,3:10:SL:DISH_OR_FOOD,[IN:shopping_list_update [SL:DISH_OR_FOOD dihwete] ],DISH_OR_FOOD: dihwete,sot
home,shopping_list_update,insert the leash in the series if it is not there,6:13:SL:DISH_OR_FOOD,[IN:shopping_list_update [SL:DISH_OR_FOOD lethisi] ],DISH_OR_FOOD: lethisi,sot
home,shopping_list_update,add pork to the menu,7:21:SL:DISH_OR_FOOD,[IN:shopping_list_update [SL:DISH_OR_FOOD nama ya fariki] ],DISH_OR_FOOD: nama ya fariki,sot
home,shopping_list_update,add beef to the menu,7:20:SL:DISH_OR_FOOD,[IN:shopping_list_update [SL:DISH_OR_FOOD nama ya kgomo] ],DISH_OR_FOOD: nama ya kgomo,sot
home,shopping_list_update,add rice to the food chain,6:11:SL:DISH_OR_FOOD,[IN:shopping_list_update [SL:DISH_OR_FOOD raese] ],DISH_OR_FOOD: raese,sot
home,shopping_list_update,make sure that the fat is present in the food chain,15:21:SL:DISH_OR_FOOD,[IN:shopping_list_update [SL:DISH_OR_FOOD mafura] ],DISH_OR_FOOD: mafura,sot
home,shopping_list_update,add salt to the food chain,7:14:SL:DISH_OR_FOOD,[IN:shopping_list_update [SL:DISH_OR_FOOD letswai] ],DISH_OR_FOOD: letswai,sot
home,shopping_list_update,include children's yogurt in the diet,14:20:SL:DISH_OR_FOOD,[IN:shopping_list_update [SL:DISH_OR_FOOD yogurt] ],DISH_OR_FOOD: yogurt,sot
home,shopping_list_update,put peanuts on the menu?,6:16:SL:DISH_OR_FOOD,[IN:shopping_list_update [SL:DISH_OR_FOOD matokomane] ],DISH_OR_FOOD: matokomane,sot
home,shopping_list_update,add vinegar to the food chain,6:11:SL:DISH_OR_FOOD,[IN:shopping_list_update [SL:DISH_OR_FOOD asene] ],DISH_OR_FOOD: asene,sot
home,shopping_list_update,ask for a prescription from the food chain,12:19:SL:DISH_OR_FOOD,[IN:shopping_list_update [SL:DISH_OR_FOOD lethisi] ],DISH_OR_FOOD: lethisi,sot
home,shopping_list_update,add large tomatoes to the menu,6:14:SL:DISH_OR_FOOD,[IN:shopping_list_update [SL:DISH_OR_FOOD ditamati] ],DISH_OR_FOOD: ditamati,sot
home,shopping_list_update,Add the chicken wings to the list,,[IN:shopping_list_update ],,sot
home,shopping_list_update,please add papaya meal to the menu,17:31:SL:SHOPPING_ITEM,[IN:shopping_list_update [SL:SHOPPING_ITEM phoofo ya papa] ],SHOPPING_ITEM: phoofo ya papa,sot
home,shopping_list_update,mark canned fish on the menu,6:26:SL:DISH_OR_FOOD,[IN:shopping_list_update [SL:DISH_OR_FOOD tlhapi ya lekotikoti] ],DISH_OR_FOOD: tlhapi ya lekotikoti,sot
home,shopping_list_update,How many fish are in the store? Put it on the food list with it,0:6:SL:DISH_OR_FOOD,[IN:shopping_list_update [SL:DISH_OR_FOOD tlhapi] ],DISH_OR_FOOD: tlhapi,sot
home,shopping_list_update,Canned fish is delicious. Add six to the menu,0:20:SL:DISH_OR_FOOD,[IN:shopping_list_update [SL:DISH_OR_FOOD Tlhapi ya lekotikoti] ],DISH_OR_FOOD: Tlhapi ya lekotikoti,sot
home,shopping_list_update,put milk on the menu,6:12:SL:DISH_OR_FOOD,[IN:shopping_list_update [SL:DISH_OR_FOOD lebese] ],DISH_OR_FOOD: lebese,sot
home,shopping_list_update,are beans on the menu?,0:6:SL:SHOPPING_ITEM,[IN:shopping_list_update [SL:SHOPPING_ITEM dinawa] ],SHOPPING_ITEM: dinawa,sot
home,shopping_list_update,What do they sell at the store? Put them on the menu.,,[IN:shopping_list_update ],,sot
home,shopping_list_update,What is four quarters? Add two to the list of things I bought.,,[IN:shopping_list_update ],,sot
home,shopping_list_update,How many cans of beans? Write two on the list of things I'm going to buy,0:16:SL:DISH_OR_FOOD,[IN:shopping_list_update [SL:DISH_OR_FOOD dinawa tsa thini] ],DISH_OR_FOOD: dinawa tsa thini,sot
home,shopping_list_update,how much are the green beans? put them on the list of things I'm going to buy,0:15:SL:DISH_OR_FOOD,[IN:shopping_list_update [SL:DISH_OR_FOOD dinawa tse tala] ],DISH_OR_FOOD: dinawa tse tala,sot
home,shopping_list_update,How much pork? Put it on the list of things I'm going to buy,0:14:SL:DISH_OR_FOOD,[IN:shopping_list_update [SL:DISH_OR_FOOD nama ya fariki] ],DISH_OR_FOOD: nama ya fariki,sot
home,shopping_list_update,put pork on the list of things I'm going to buy,6:20:SL:DISH_OR_FOOD,[IN:shopping_list_update [SL:DISH_OR_FOOD nama ya fariki] ],DISH_OR_FOOD: nama ya fariki,sot
home,shopping_list_update,How much is a bath soap? Put it on the list of things I'm going to buy,,[IN:shopping_list_update ],,sot
home,shopping_list_update,Put fresh food on the list of things I'm going to buy,,[IN:shopping_list_update ],,sot
home,shopping_list_update,put a hint in the list of things I'm going to buy.,,[IN:shopping_list_update ],,sot
home,shopping_list_update,Add two more packs of popcorn to the list of things I'm going to buy.,7:31:SL:SHOPPING_ITEM,[IN:shopping_list_update [SL:SHOPPING_ITEM phoofo tse pedi tsa papa] ],SHOPPING_ITEM: phoofo tse pedi tsa papa,sot
home,shopping_list_update,how much is the tea? Put it on the list of things I'm going to buy,0:3:SL:DISH_OR_FOOD,[IN:shopping_list_update [SL:DISH_OR_FOOD tee] ],DISH_OR_FOOD: tee,sot
home,shopping_list_update,Add coffee to my shopping list,6:10:SL:DISH_OR_FOOD,[IN:shopping_list_update [SL:DISH_OR_FOOD kofi] ],DISH_OR_FOOD: kofi,sot
home,shopping_list_update,Spices are on my shopping list,0:6:SL:SHOPPING_ITEM,[IN:shopping_list_update [SL:SHOPPING_ITEM Dinoko] ],SHOPPING_ITEM: Dinoko,sot
home,shopping_list_update,add sugar to the list of things I'm going to buy,6:14:SL:DISH_OR_FOOD,[IN:shopping_list_update [SL:DISH_OR_FOOD tswekere] ],DISH_OR_FOOD: tswekere,sot
home,shopping_list_update,how many vegetables are there? put it on the list of things I'm going to buy,0:17:SL:DISH_OR_FOOD,[IN:shopping_list_update [SL:DISH_OR_FOOD meroho e hwammeng] ],DISH_OR_FOOD: meroho e hwammeng,sot
home,shopping_list_update,"the oil is gone, put it in the list of things I'm going to buy",0:6:SL:SHOPPING_ITEM,[IN:shopping_list_update [SL:SHOPPING_ITEM mafura] ],SHOPPING_ITEM: mafura,sot
home,shopping_list_update,"the fried vegetables are delicious, put them on the list of things I'm going to buy",0:17:SL:SHOPPING_ITEM,[IN:shopping_list_update [SL:SHOPPING_ITEM meroho e hwammeng] ],SHOPPING_ITEM: meroho e hwammeng,sot
home,shopping_list_update,please write water on the list of things I am going to buy,16:21:SL:SHOPPING_ITEM,[IN:shopping_list_update [SL:SHOPPING_ITEM metsi] ],SHOPPING_ITEM: metsi,sot
home,shopping_list_update,How much is the goat's milk? Put it on the list of things I go to buy,0:14:SL:DISH_OR_FOOD,[IN:shopping_list_update [SL:DISH_OR_FOOD lebese la pudi] ],DISH_OR_FOOD: lebese la pudi,sot
home,shopping_list_update,Put a tin can on my shopping list,,[IN:shopping_list_update ],,sot
home,shopping_list_update,How much is 2 liters of milk? Write two on my shopping list,12:18:SL:SHOPPING_ITEM,[IN:shopping_list_update [SL:SHOPPING_ITEM lebese] ],SHOPPING_ITEM: lebese,sot
home,shopping_list_update,write a tomato on the list of things I'm going to buy,6:17:SL:SHOPPING_ITEM,[IN:shopping_list_update [SL:SHOPPING_ITEM tamati soso] ],SHOPPING_ITEM: tamati soso,sot
home,shopping_list_update,remove namaya chicken from the list of things I went to buy,,[IN:shopping_list_update ],,sot
home,shopping_list_update,remove the beans from the list of things I am going to buy,6:12:SL:DISH_OR_FOOD,[IN:shopping_list_update [SL:DISH_OR_FOOD dinawa] ],DISH_OR_FOOD: dinawa,sot
home,shopping_list_update,add beef to the list of things I'm going to buy,8:21:SL:SHOPPING_ITEM,[IN:shopping_list_update [SL:SHOPPING_ITEM nama ya kgomo] ],SHOPPING_ITEM: nama ya kgomo,sot
home,shopping_list_update,Add cooked carrots to the menu,6:13:SL:SHOPPING_ITEM,[IN:shopping_list_update [SL:SHOPPING_ITEM dihwete] ],SHOPPING_ITEM: dihwete,sot
home,shopping_list_update,"carrots are delicious, add them to the menu",0:7:SL:DISH_OR_FOOD,[IN:shopping_list_update [SL:DISH_OR_FOOD dihwete] ],DISH_OR_FOOD: dihwete,sot
home,shopping_list_update,how much are 2kg tomatoes? write it on the food label,0:8:SL:DISH_OR_FOOD,[IN:shopping_list_update [SL:DISH_OR_FOOD ditamati] ],DISH_OR_FOOD: ditamati,sot
home,shopping_list_update,Are oranges on the menu?,3:9:SL:DISH_OR_FOOD,[IN:shopping_list_update [SL:DISH_OR_FOOD lamunu] ],DISH_OR_FOOD: lamunu,sot
home,shopping_list_update,Is rice on the menu?,3:8:SL:DISH_OR_FOOD,[IN:shopping_list_update [SL:DISH_OR_FOOD raese] ],DISH_OR_FOOD: raese,sot
home,shopping_list_update,put wine on the menu,6:11:SL:DISH_OR_FOOD,[IN:shopping_list_update [SL:DISH_OR_FOOD veini] ],DISH_OR_FOOD: veini,sot
home,shopping_list_update,How much is 2kg of chicken? please add it to the list of things I'm going to buy,,[IN:shopping_list_update ],,sot
home,shopping_list_update,How much dog food? Is it on the list of things I'm going to buy?,,[IN:shopping_list_update ],,sot
home,shopping_list_update,Remind me how much sugar is and put it on the menu?,15:23:SL:SHOPPING_ITEM,[IN:shopping_list_update [SL:SHOPPING_ITEM tswekere] ],SHOPPING_ITEM: tswekere,sot
home,shopping_list_update,white sugar is more expensive than brown sugar?,0:17:SL:SHOPPING_ITEM,[IN:shopping_list_update [SL:SHOPPING_ITEM tswekere e tshweu] ],SHOPPING_ITEM: tswekere e tshweu,sot
home,shopping_list_update,"the powder is gone, write it down",0:6:SL:DISH_OR_FOOD,[IN:shopping_list_update [SL:DISH_OR_FOOD phoofo] ],DISH_OR_FOOD: phoofo,sot
home,update_playlist,Can soundcloud create a playlist for me?,,[IN:update_playlist ],,sot
home,update_playlist,Can apple music make a playlist for me?,,[IN:update_playlist ],,sot
home,update_playlist,Can youtube make a playlist for me?,,[IN:update_playlist ],,sot
home,update_playlist,Can I make a list of youtube video memos,,[IN:update_playlist ],,sot
home,update_playlist,How do I make a music video list for youtube,,[IN:update_playlist ],,sot
home,update_playlist,Where can I learn to make a list of good music,,[IN:update_playlist ],,sot
home,update_playlist,Play the music of Tamia,15:20:SL:ARTIST_NAME,[IN:update_playlist [SL:ARTIST_NAME Tamia] ],ARTIST_NAME: Tamia,sot
home,update_playlist,What can I do about my list of music preferences?,,[IN:update_playlist ],,sot
home,update_playlist,Can the artist see my playlist,,[IN:update_playlist ],,sot
home,update_playlist,Can a musician listen to my music?,,[IN:update_playlist ],,sot
home,update_playlist,Give me a list of mminos to play when I want to read,,[IN:update_playlist ],,sot
home,update_playlist,Does it have a flexible playlist?,,[IN:update_playlist ],,sot
home,update_playlist,Give me a list of music to listen to when I run,,[IN:update_playlist ],,sot
home,update_playlist,Give me the house music list,15:29:SL:MUSIC_GENRE,[IN:update_playlist [SL:MUSIC_GENRE mmino wa house] ],MUSIC_GENRE: mmino wa house,sot
home,update_playlist,Give me a list of classical music,15:31:SL:MUSIC_GENRE,[IN:update_playlist [SL:MUSIC_GENRE mmino wa classic] ],MUSIC_GENRE: mmino wa classic,sot
home,update_playlist,Give me the gospel music list,24:30:SL:MUSIC_GENRE,[IN:update_playlist [SL:MUSIC_GENRE gospel] ],MUSIC_GENRE: gospel,sot
home,update_playlist,Give me a playlist of love songs,,[IN:update_playlist ],,sot
home,update_playlist,Give me the Rastafarian songbook,24:40:SL:MUSIC_GENRE,[IN:update_playlist [SL:MUSIC_GENRE pina tsa marasta] ],MUSIC_GENRE: pina tsa marasta,sot
home,update_playlist,Give me a playlist of hip hop songs,33:41:SL:MUSIC_GENRE,[IN:update_playlist [SL:MUSIC_GENRE hip hopo] ],MUSIC_GENRE: hip hopo,sot
home,update_playlist,Give me the piano sheet music,29:38:SL:MUSIC_GENRE,[IN:update_playlist [SL:MUSIC_GENRE amapiyano] ],MUSIC_GENRE: amapiyano,sot
home,update_playlist,Give me the sheet music of the housu song,,[IN:update_playlist ],,sot
home,update_playlist,Give me a playlist of Indian songs,,[IN:update_playlist ],,sot
home,update_playlist,Give me the playlist of a good singer,,[IN:update_playlist ],,sot
home,update_playlist,Make a playlist of Beyonce songs,33:40:SL:ARTIST_NAME,[IN:update_playlist [SL:ARTIST_NAME Beyonce] ],ARTIST_NAME: Beyonce,sot
home,update_playlist,Make a playlist of Rihanna's songs,33:40:SL:ARTIST_NAME,[IN:update_playlist [SL:ARTIST_NAME Rihanna] ],ARTIST_NAME: Rihanna,sot
home,update_playlist,Make a playlist of Jay Z's songs,33:38:SL:ARTIST_NAME,[IN:update_playlist [SL:ARTIST_NAME Jay Z] ],ARTIST_NAME: Jay Z,sot
home,update_playlist,Make a playlist of Whiteny Houston songs,33:48:SL:ARTIST_NAME,[IN:update_playlist [SL:ARTIST_NAME Whiteny Houston] ],ARTIST_NAME: Whiteny Houston,sot
home,update_playlist,Make a playlist of songs by Rebecca Malope,33:47:SL:ARTIST_NAME,[IN:update_playlist [SL:ARTIST_NAME Rebecca Malope] ],ARTIST_NAME: Rebecca Malope,sot
home,update_playlist,Make a playlist of Bazzi songs,33:38:SL:ARTIST_NAME,[IN:update_playlist [SL:ARTIST_NAME Bazzi] ],ARTIST_NAME: Bazzi,sot
home,update_playlist,Make a playlist of the songs of Mafikizolo,33:43:SL:ARTIST_NAME,[IN:update_playlist [SL:ARTIST_NAME Mafikizolo] ],ARTIST_NAME: Mafikizolo,sot
home,update_playlist,Make a playlist of Miguel's songs,33:39:SL:ARTIST_NAME,[IN:update_playlist [SL:ARTIST_NAME Miguel] ],ARTIST_NAME: Miguel,sot
home,update_playlist,Make a playlist of Manana's songs,33:39:SL:ARTIST_NAME,[IN:update_playlist [SL:ARTIST_NAME Manana] ],ARTIST_NAME: Manana,sot
home,update_playlist,Make a playlist of Jamali songs,33:39:SL:ARTIST_NAME,[IN:update_playlist [SL:ARTIST_NAME Jamali] ],ARTIST_NAME: Jamali,sot
home,update_playlist,Give me the playlist of old Sesotho songs,43:50:SL:LANGUAGE_NAME,[IN:update_playlist [SL:LANGUAGE_NAME Sesotho] ],LANGUAGE_NAME: Sesotho,sot
home,update_playlist,Give me a playlist of teenage songs,,[IN:update_playlist ],,sot
home,update_playlist,Connect Rihanna and Beyonce's playlists,"27:34:SL:ARTIST_NAME,38:45:SL:ARTIST_NAME",[IN:update_playlist [SL:ARTIST_NAME Rihanna] [SL:ARTIST_NAME Beyonce] ],ARTIST_NAME: Rihanna $$ ARTIST_NAME: Beyonce,sot
home,update_playlist,Connect the Drake and Kendrick playlists,"27:32:SL:ARTIST_NAME,36:44:SL:ARTIST_NAME",[IN:update_playlist [SL:ARTIST_NAME Drake] [SL:ARTIST_NAME Kendrick] ],ARTIST_NAME: Drake $$ ARTIST_NAME: Kendrick,sot
home,update_playlist,Connect Manana's music to Lloyiso's,"27:33:SL:ARTIST_NAME,37:44:SL:ARTIST_NAME",[IN:update_playlist [SL:ARTIST_NAME Manana] [SL:ARTIST_NAME Lloyiso] ],ARTIST_NAME: Manana $$ ARTIST_NAME: Lloyiso,sot
home,update_playlist,Combine the Mahalia and Lizzo playlists,"27:34:SL:ARTIST_NAME,38:43:SL:ARTIST_NAME",[IN:update_playlist [SL:ARTIST_NAME Mahalia] [SL:ARTIST_NAME Lizzo] ],ARTIST_NAME: Mahalia $$ ARTIST_NAME: Lizzo,sot
home,update_playlist,Connect the music of Drake and Kanye West,"27:32:SL:ARTIST_NAME,36:46:SL:ARTIST_NAME",[IN:update_playlist [SL:ARTIST_NAME Drake] [SL:ARTIST_NAME Kanye West] ],ARTIST_NAME: Drake $$ ARTIST_NAME: Kanye West,sot
home,update_playlist,Connect the music of rihanna with Frank Ocean,"27:33:SL:ARTIST_NAME,37:48:SL:ARTIST_NAME",[IN:update_playlist [SL:ARTIST_NAME rihana] [SL:ARTIST_NAME Frank Ocean] ],ARTIST_NAME: rihana $$ ARTIST_NAME: Frank Ocean,sot
home,update_playlist,Connect the music of Chris Brown and John Legend,"27:38:SL:ARTIST_NAME,42:53:SL:ARTIST_NAME",[IN:update_playlist [SL:ARTIST_NAME Chris Brown] [SL:ARTIST_NAME John Legend] ],ARTIST_NAME: Chris Brown $$ ARTIST_NAME: John Legend,sot
home,update_playlist,Delete the music list for Beyonce,25:32:SL:ARTIST_NAME,[IN:update_playlist [SL:ARTIST_NAME Beyonce] ],ARTIST_NAME: Beyonce,sot
home,update_playlist,Remove the music list for Ciara,25:30:SL:ARTIST_NAME,[IN:update_playlist [SL:ARTIST_NAME Ciara] ],ARTIST_NAME: Ciara,sot
home,update_playlist,How many music programs can I make a day,,[IN:update_playlist ],,sot
home,update_playlist,What is the music program,,[IN:update_playlist ],,sot
home,update_playlist,Where can I get a music program?,,[IN:update_playlist ],,sot
home,update_playlist,Where can I make a music list,,[IN:update_playlist ],,sot
home,update_playlist,How can I delete the music list,,[IN:update_playlist ],,sot
home,update_playlist,How can I add songs to my playlist,,[IN:update_playlist ],,sot
home,update_playlist,I can create a playlist with soundcloud,,[IN:update_playlist ],,sot
home,update_playlist,I can make a Spotify playlist,,[IN:update_playlist ],,sot
home,update_playlist,I can make a playlist with apple music,,[IN:update_playlist ],,sot
home,update_playlist,I can link my Spotify playlist to my Apple Music,,[IN:update_playlist ],,sot
home,update_playlist,Where do I start when I want to make a music list?,,[IN:update_playlist ],,sot
home,update_playlist,What songs have I not been able to put on my playlist,,[IN:update_playlist ],,sot
home,update_playlist,How many songs can a music player carry,,[IN:update_playlist ],,sot
home,update_playlist,How many songs does a good music catalog have,,[IN:update_playlist ],,sot
home,update_playlist,I can listen to music that other people have recorded,,[IN:update_playlist ],,sot
home,update_playlist,I can listen to someone else's music,,[IN:update_playlist ],,sot
home,update_playlist,Can I send my girlfriend my playlist,,[IN:update_playlist ],,sot
home,update_playlist,How to send my playlist,,[IN:update_playlist ],,sot
home,update_playlist,What can I use to send someone my playlist,,[IN:update_playlist ],,sot
home,update_playlist,Can I share a music program with my sister - in - law,,[IN:update_playlist ],,sot
home,update_playlist,How can I share a music program with my boyfriend,,[IN:update_playlist ],,sot
home,update_playlist,I can make a music video list,,[IN:update_playlist ],,sot
home,update_playlist,How do I make a music video list,,[IN:update_playlist ],,sot
home,update_playlist,My girlfriend and I can listen to the songs at another time,,[IN:update_playlist ],,sot
home,update_playlist,Can my girlfriend and I watch videos at a different time?,,[IN:update_playlist ],,sot
home,update_playlist,Where can we listen to music at another time,,[IN:update_playlist ],,sot
home,update_playlist,What is the list of music that is not suitable for children,,[IN:update_playlist ],,sot
home,update_playlist,Can I stop my children from listening to my music?,,[IN:update_playlist ],,sot
home,update_playlist,How do i create a music list on spotify,,[IN:update_playlist ],,sot
home,update_playlist,How to make a playlist with apple music,,[IN:update_playlist ],,sot
home,update_playlist,I'm making a playlist on soundcloud,,[IN:update_playlist ],,sot
home,update_playlist,Where else can I make a music list,,[IN:update_playlist ],,sot
home,update_playlist,Where can I find a place to make a list of songs,,[IN:update_playlist ],,sot
home,update_playlist,I can see how many music lists a person has,,[IN:update_playlist ],,sot
home,update_playlist,I can delete someone else's playlist,,[IN:update_playlist ],,sot
home,update_playlist,Can spotify make a playlist for me?,,[IN:update_playlist ],,sot
kitchen_and_dining,cancel_reservation,Do you have a plane and food reservations?,,[IN:cancel_reservation ],,sot
kitchen_and_dining,cancel_reservation,"For children, a subscription is important",,[IN:cancel_reservation ],,sot
kitchen_and_dining,cancel_reservation,I want to make a reservation how can I do,,[IN:cancel_reservation ],,sot
kitchen_and_dining,cancel_reservation,Can I make a reservation by phone?,,[IN:cancel_reservation ],,sot
kitchen_and_dining,cancel_reservation,Can I make a reservation by email?,,[IN:cancel_reservation ],,sot
kitchen_and_dining,cancel_reservation,Can I make a reservation by sms,,[IN:cancel_reservation ],,sot
kitchen_and_dining,cancel_reservation,Can I cancel my subscription by phone?,,[IN:cancel_reservation ],,sot
kitchen_and_dining,cancel_reservation,Can I unsubscribe by email?,,[IN:cancel_reservation ],,sot
kitchen_and_dining,cancel_reservation,Can I unsubscribe by sms,,[IN:cancel_reservation ],,sot
kitchen_and_dining,cancel_reservation,Do I have to go to the restaurant to cancel my reservation?,,[IN:cancel_reservation ],,sot
kitchen_and_dining,cancel_reservation,Where can I learn how to unsubscribe,,[IN:cancel_reservation ],,sot
kitchen_and_dining,cancel_reservation,Is there any way I can cancel my subscription,,[IN:cancel_reservation ],,sot
kitchen_and_dining,cancel_reservation,Give me a cancelled subscription,,[IN:cancel_reservation ],,sot
kitchen_and_dining,cancel_reservation,How can I get cancelled restaurant reservations,,[IN:cancel_reservation ],,sot
kitchen_and_dining,cancel_reservation,How do I know when to pick up my restaurant reservation,,[IN:cancel_reservation ],,sot
kitchen_and_dining,cancel_reservation,I can cancel my subscription to Topo's with my girlfriend,30:36:SL:RESTAURANT_NAME,[IN:cancel_reservation [SL:RESTAURANT_NAME Topo's] ],RESTAURANT_NAME: Topo's,sot
kitchen_and_dining,cancel_reservation,Cancel my 3rd subscription tomorrow,25:33:SL:TIME,[IN:cancel_reservation [SL:TIME 3 hosane] ],TIME: 3 hosane,sot
kitchen_and_dining,cancel_reservation,Set up a hotel reservation for April 12,27:39:SL:DATE,[IN:cancel_reservation [SL:DATE 12 tsa Mmesa] ],DATE: 12 tsa Mmesa,sot
kitchen_and_dining,cancel_reservation,Cancel my subscription,,[IN:cancel_reservation ],,sot
kitchen_and_dining,cancel_reservation,"I don't want to go anymore, cancel the subscription",,[IN:cancel_reservation ],,sot
kitchen_and_dining,cancel_reservation,Cancel my subscription to Aurum for tomorrow,25:30:SL:RESTAURANT_NAME,[IN:cancel_reservation [SL:RESTAURANT_NAME Aurum] ],RESTAURANT_NAME: Aurum,sot
kitchen_and_dining,cancel_reservation,Cancel my subscription to Kream,25:30:SL:RESTAURANT_NAME,[IN:cancel_reservation [SL:RESTAURANT_NAME Kream] ],RESTAURANT_NAME: Kream,sot
kitchen_and_dining,cancel_reservation,Cancel my dinner subscription,25:39:SL:MEAL_PERIOD,[IN:cancel_reservation [SL:MEAL_PERIOD dijo tsa bosiu] ],MEAL_PERIOD: dijo tsa bosiu,sot
kitchen_and_dining,cancel_reservation,Cancel my breakfast subscription,,[IN:cancel_reservation ],,sot
kitchen_and_dining,cancel_reservation,Can I cancel my subscription,,[IN:cancel_reservation ],,sot
kitchen_and_dining,cancel_reservation,Cancel my nightly subscription,,[IN:cancel_reservation ],,sot
kitchen_and_dining,cancel_reservation,Cancel my subscription to Doppio Zero,25:36:SL:RESTAURANT_NAME,[IN:cancel_reservation [SL:RESTAURANT_NAME Doppio Zero] ],RESTAURANT_NAME: Doppio Zero,sot
kitchen_and_dining,cancel_reservation,Cancel my subscription to Spur,25:29:SL:RESTAURANT_NAME,[IN:cancel_reservation [SL:RESTAURANT_NAME Spur] ],RESTAURANT_NAME: Spur,sot
kitchen_and_dining,cancel_reservation,Cancel my 11 a.m. subscription,25:34:SL:TIME,[IN:cancel_reservation [SL:TIME 11 hoseng] ],TIME: 11 hoseng,sot
kitchen_and_dining,cancel_reservation,How do I cancel my subscription,,[IN:cancel_reservation ],,sot
kitchen_and_dining,cancel_reservation,Who can I call to cancel my subscription,,[IN:cancel_reservation ],,sot
kitchen_and_dining,cancel_reservation,I can send a message to cancel my subscription,,[IN:cancel_reservation ],,sot
kitchen_and_dining,cancel_reservation,Cancel my subscription to Gemeli tomorrow morning,25:31:SL:RESTAURANT_NAME,[IN:cancel_reservation [SL:RESTAURANT_NAME Gemeli] ],RESTAURANT_NAME: Gemeli,sot
kitchen_and_dining,cancel_reservation,Take off my mother's pearl,,[IN:cancel_reservation ],,sot
kitchen_and_dining,cancel_reservation,Remove the plaster from James,20:25:SL:PERSONAL_NAME,[IN:cancel_reservation [SL:PERSONAL_NAME James] ],PERSONAL_NAME: James,sot
kitchen_and_dining,cancel_reservation,Cancel my subscription,,[IN:cancel_reservation ],,sot
kitchen_and_dining,cancel_reservation,Cancel Bobby's subscription to Tasha's,"20:25:SL:PERSONAL_NAME,29:36:SL:RESTAURANT_NAME",[IN:cancel_reservation [SL:PERSONAL_NAME Bobby] [SL:RESTAURANT_NAME Tasha's] ],PERSONAL_NAME: Bobby $$ RESTAURANT_NAME: Tasha's,sot
kitchen_and_dining,cancel_reservation,Send a message to unsubscribe,,[IN:cancel_reservation ],,sot
kitchen_and_dining,cancel_reservation,Send a message to unsubscribe from Papachino's,39:50:SL:RESTAURANT_NAME,[IN:cancel_reservation [SL:RESTAURANT_NAME Papachino's] ],RESTAURANT_NAME: Papachino's,sot
kitchen_and_dining,cancel_reservation,How much to cancel my subscription,,[IN:cancel_reservation ],,sot
kitchen_and_dining,cancel_reservation,How much does it cost to cancel my Solo subscription,37:41:SL:RESTAURANT_NAME,[IN:cancel_reservation [SL:RESTAURANT_NAME Solo] ],RESTAURANT_NAME: Solo,sot
kitchen_and_dining,cancel_reservation,How much does it cost to cancel my subscription,,[IN:cancel_reservation ],,sot
kitchen_and_dining,cancel_reservation,Can I cancel my 7th subscription,29:30:SL:NUMBER,[IN:cancel_reservation [SL:NUMBER 7] ],NUMBER: 7,sot
kitchen_and_dining,cancel_reservation,Can I cancel my subscription for the night?,29:34:SL:TIME,[IN:cancel_reservation [SL:TIME bosiu] ],TIME: bosiu,sot
kitchen_and_dining,cancel_reservation,Can I cancel my morning subscription,29:35:SL:TIME,[IN:cancel_reservation [SL:TIME hoseng] ],TIME: hoseng,sot
kitchen_and_dining,cancel_reservation,How much can I cancel my subscription,,[IN:cancel_reservation ],,sot
kitchen_and_dining,cancel_reservation,Cancel my mother's subscription,,[IN:cancel_reservation ],,sot
kitchen_and_dining,cancel_reservation,Cancel your subscription to Spur,26:30:SL:RESTAURANT_NAME,[IN:cancel_reservation [SL:RESTAURANT_NAME Spur] ],RESTAURANT_NAME: Spur,sot
kitchen_and_dining,cancel_reservation,Wipe away my whole moonlight,,[IN:cancel_reservation ],,sot
kitchen_and_dining,cancel_reservation,Cancel the monthly payments,,[IN:cancel_reservation ],,sot
kitchen_and_dining,cancel_reservation,I can call to cancel my subscription,,[IN:cancel_reservation ],,sot
kitchen_and_dining,cancel_reservation,I can send a text message to cancel the subscription,,[IN:cancel_reservation ],,sot
kitchen_and_dining,cancel_reservation,How much would I pay if I cancelled my subscription?,,[IN:cancel_reservation ],,sot
kitchen_and_dining,cancel_reservation,Cancel my two-person subscription,31:40:SL:NUMBER,[IN:cancel_reservation [SL:NUMBER ba babedi] ],NUMBER: ba babedi,sot
kitchen_and_dining,cancel_reservation,I can cancel three subscriptions,30:39:SL:NUMBER,[IN:cancel_reservation [SL:NUMBER ba bararo] ],NUMBER: ba bararo,sot
kitchen_and_dining,cancel_reservation,Can I cancel my subscription through my computer?,,[IN:cancel_reservation ],,sot
kitchen_and_dining,cancel_reservation,Can I unsubscribe from the website?,,[IN:cancel_reservation ],,sot
kitchen_and_dining,cancel_reservation,Cancel Bobby's 7th subscription tomorrow,"20:25:SL:PERSONAL_NAME,29:37:SL:DATE",[IN:cancel_reservation [SL:PERSONAL_NAME Bobby] [SL:DATE 7 hosane] ],PERSONAL_NAME: Bobby $$ DATE: 7 hosane,sot
kitchen_and_dining,cancel_reservation,Cancel Bobby's 10 a.m. subscription to the newspaper,"20:25:SL:PERSONAL_NAME,29:38:SL:TIME",[IN:cancel_reservation [SL:PERSONAL_NAME Bobby] [SL:TIME 10 hoseng] ],PERSONAL_NAME: Bobby $$ TIME: 10 hoseng,sot
kitchen_and_dining,cancel_reservation,Cancel the 5th subscription,20:21:SL:NUMBER,[IN:cancel_reservation [SL:NUMBER 5] ],NUMBER: 5,sot
kitchen_and_dining,cancel_reservation,Cancel the 3rd subscription,20:21:SL:NUMBER,[IN:cancel_reservation [SL:NUMBER 3] ],NUMBER: 3,sot
kitchen_and_dining,cancel_reservation,Cancel the 7th subscription tomorrow,20:28:SL:DATE,[IN:cancel_reservation [SL:DATE 7 hosane] ],DATE: 7 hosane,sot
kitchen_and_dining,cancel_reservation,Cancel my 8pm subscription,25:32:SL:TIME,[IN:cancel_reservation [SL:TIME 8 bosiu] ],TIME: 8 bosiu,sot
kitchen_and_dining,cancel_reservation,Cancel the 9 a.m. subscription,20:28:SL:TIME,[IN:cancel_reservation [SL:TIME 9 hoseng] ],TIME: 9 hoseng,sot
kitchen_and_dining,cancel_reservation,Can I cancel my subscription for tomorrow morning?,,[IN:cancel_reservation ],,sot
kitchen_and_dining,cancel_reservation,Can I cancel my subscription for tomorrow night?,30:42:SL:TIME,[IN:cancel_reservation [SL:TIME hosane bosiu] ],TIME: hosane bosiu,sot
kitchen_and_dining,cancel_reservation,Can I cancel the reservation for tomorrow night?,25:37:SL:TIME,[IN:cancel_reservation [SL:TIME hosane bosiu] ],TIME: hosane bosiu,sot
kitchen_and_dining,cancel_reservation,Cancel Charlie's subscription to Tang,"20:27:SL:PERSONAL_NAME,37:41:SL:RESTAURANT_NAME",[IN:cancel_reservation [SL:PERSONAL_NAME Charlie] [SL:RESTAURANT_NAME Tang] ],PERSONAL_NAME: Charlie $$ RESTAURANT_NAME: Tang,sot
kitchen_and_dining,cancel_reservation,Cancel Bob's subscription for tomorrow,20:23:SL:PERSONAL_NAME,[IN:cancel_reservation [SL:PERSONAL_NAME Bob] ],PERSONAL_NAME: Bob,sot
kitchen_and_dining,cancel_reservation,Cancel Bob's subscription to the morning,"20:23:SL:PERSONAL_NAME,27:33:SL:TIME",[IN:cancel_reservation [SL:PERSONAL_NAME Bob] [SL:TIME hoseng] ],PERSONAL_NAME: Bob $$ TIME: hoseng,sot
kitchen_and_dining,cancel_reservation,Cancel Bob's subscription for the night,20:23:SL:PERSONAL_NAME,[IN:cancel_reservation [SL:PERSONAL_NAME Bob] ],PERSONAL_NAME: Bob,sot
kitchen_and_dining,cancel_reservation,Cancel Johnny's 8th at Tasha's,20:26:SL:PERSONAL_NAME,[IN:cancel_reservation [SL:PERSONAL_NAME Johnny] ],PERSONAL_NAME: Johnny,sot
kitchen_and_dining,cancel_reservation,Cancel the 8th subscription to Ocean Basket,"20:21:SL:TIME,25:37:SL:RESTAURANT_NAME",[IN:cancel_reservation [SL:TIME 8] [SL:RESTAURANT_NAME Ocean Basket] ],TIME: 8 $$ RESTAURANT_NAME: Ocean Basket,sot
kitchen_and_dining,cancel_reservation,Cancel Marie's subscription to Tempo,"20:25:SL:PERSONAL_NAME,29:34:SL:RESTAURANT_NAME",[IN:cancel_reservation [SL:PERSONAL_NAME Marie] [SL:RESTAURANT_NAME Tempo] ],PERSONAL_NAME: Marie $$ RESTAURANT_NAME: Tempo,sot
kitchen_and_dining,cancel_reservation,Can I cancel my subscription to Spur?,30:34:SL:RESTAURANT_NAME,[IN:cancel_reservation [SL:RESTAURANT_NAME Spur] ],RESTAURANT_NAME: Spur,sot
kitchen_and_dining,cancel_reservation,"I don't want to go anymore, cancel my subscription",,[IN:cancel_reservation ],,sot
kitchen_and_dining,cancel_reservation,Cancel the 1st subscription,20:21:SL:TIME,[IN:cancel_reservation [SL:TIME 1] ],TIME: 1,sot
kitchen_and_dining,cancel_reservation,Can I cancel my Saint subscription for tomorrow?,24:29:SL:RESTAURANT_NAME,[IN:cancel_reservation [SL:RESTAURANT_NAME Saint] ],RESTAURANT_NAME: Saint,sot
kitchen_and_dining,cancel_reservation,He will not bother me if I do not meet my subscription,,[IN:cancel_reservation ],,sot
kitchen_and_dining,cancel_reservation,Do I have to pay for a subscription?,,[IN:cancel_reservation ],,sot
kitchen_and_dining,confirm_reservation,How many people are involved in the nightly maintenance?,,[IN:confirm_reservation ],,sot
kitchen_and_dining,confirm_reservation,How far is your restaurant from the hotel?,,[IN:confirm_reservation ],,sot
kitchen_and_dining,confirm_reservation,can we sleep in a restaurant?,,[IN:confirm_reservation ],,sot
kitchen_and_dining,confirm_reservation,is my 7th reservation ready?,19:20:SL:TIME,[IN:confirm_reservation [SL:TIME 7] ],TIME: 7,sot
kitchen_and_dining,confirm_reservation,is my reservation for tomorrow ready?,,[IN:confirm_reservation ],,sot
kitchen_and_dining,confirm_reservation,Please cancel my reservation for Thursday.,37:43:SL:DATE,[IN:confirm_reservation [SL:DATE Labone] ],DATE: Labone,sot
kitchen_and_dining,confirm_reservation,can I make two reservations in one day?,,[IN:confirm_reservation ],,sot
kitchen_and_dining,confirm_reservation,what happens if I make a reservation and don't show up?,,[IN:confirm_reservation ],,sot
kitchen_and_dining,confirm_reservation,if I make a reservation and someone is sick in the restaurant what happens?,,[IN:confirm_reservation ],,sot
kitchen_and_dining,confirm_reservation,Reserve a table for 5 people please,16:17:SL:NUMBER,[IN:confirm_reservation [SL:NUMBER 5] ],NUMBER: 5,sot
kitchen_and_dining,confirm_reservation,Please change my reservation.,,[IN:confirm_reservation ],,sot
kitchen_and_dining,confirm_reservation,is it possible to change the reservation?,,[IN:confirm_reservation ],,sot
kitchen_and_dining,confirm_reservation,can I change my reservation by email?,,[IN:confirm_reservation ],,sot
kitchen_and_dining,confirm_reservation,"If you kiss me after the last time we agreed, I'll clear my table?",,[IN:confirm_reservation ],,sot
kitchen_and_dining,confirm_reservation,Are all the recipes the same?,,[IN:confirm_reservation ],,sot
kitchen_and_dining,confirm_reservation,if I want a private appointment what do we do?,,[IN:confirm_reservation ],,sot
kitchen_and_dining,confirm_reservation,is my 7pm reservation confirmed?,19:22:SL:TIME,[IN:confirm_reservation [SL:TIME 7pm] ],TIME: 7pm,sot
kitchen_and_dining,confirm_reservation,Is my table ready for April 19 ?,25:33:SL:DATE,[IN:confirm_reservation [SL:DATE 19 Mmesa] ],DATE: 19 Mmesa,sot
kitchen_and_dining,confirm_reservation,Is your table turned on Wednesday afternoon?,,[IN:confirm_reservation ],,sot
kitchen_and_dining,confirm_reservation,Is my 9pm table ready?,19:22:SL:TIME,[IN:confirm_reservation [SL:TIME 9pm] ],TIME: 9pm,sot
kitchen_and_dining,confirm_reservation,Put a table by the window for me.,,[IN:confirm_reservation ],,sot
kitchen_and_dining,confirm_reservation,Is my reservation withheld?,,[IN:confirm_reservation ],,sot
kitchen_and_dining,confirm_reservation,Can you confirm your reservation by phone?,,[IN:confirm_reservation ],,sot
kitchen_and_dining,confirm_reservation,Is our reservation for the table free?,,[IN:confirm_reservation ],,sot
kitchen_and_dining,confirm_reservation,Do you make a reservation and make sure the restaurant is ready for you even if you arrive at a busy time of day?,,[IN:confirm_reservation ],,sot
kitchen_and_dining,confirm_reservation,Can you make a reservation for a table when there are no reservations?,,[IN:confirm_reservation ],,sot
kitchen_and_dining,confirm_reservation,Look at my reservation Nandos,26:32:SL:RESTAURANT_NAME,[IN:confirm_reservation [SL:RESTAURANT_NAME Nandos] ],RESTAURANT_NAME: Nandos,sot
kitchen_and_dining,confirm_reservation,Should you make a reservation days in advance?,,[IN:confirm_reservation ],,sot
kitchen_and_dining,confirm_reservation,Can you make a reservation for me by phone?,,[IN:confirm_reservation ],,sot
kitchen_and_dining,confirm_reservation,Would you like to confirm the details of your reservation?,,[IN:confirm_reservation ],,sot
kitchen_and_dining,confirm_reservation,Would you like me to e-mail you your reservation?,,[IN:confirm_reservation ],,sot
kitchen_and_dining,confirm_reservation,Would you like to send your reservation by telephone number?,,[IN:confirm_reservation ],,sot
kitchen_and_dining,confirm_reservation,Where would you like to live in your destination?,,[IN:confirm_reservation ],,sot
kitchen_and_dining,confirm_reservation,Check out my 9pm KFC reservation,"25:28:SL:TIME,29:32:SL:RESTAURANT_NAME",[IN:confirm_reservation [SL:TIME 9pm] [SL:RESTAURANT_NAME KFC] ],TIME: 9pm $$ RESTAURANT_NAME: KFC,sot
kitchen_and_dining,confirm_reservation,See my 6pm reservation at the Lower Restuarent,,[IN:confirm_reservation ],,sot
kitchen_and_dining,confirm_reservation,Check my 6pm booking Sakhumzi,"25:28:SL:TIME,29:37:SL:RESTAURANT_NAME",[IN:confirm_reservation [SL:TIME 6pm] [SL:RESTAURANT_NAME Sakhumzi] ],TIME: 6pm $$ RESTAURANT_NAME: Sakhumzi,sot
kitchen_and_dining,confirm_reservation,Check out my 8pm Nandos booking,"25:28:SL:TIME,29:35:SL:RESTAURANT_NAME",[IN:confirm_reservation [SL:TIME 8pm] [SL:RESTAURANT_NAME Nandos] ],TIME: 8pm $$ RESTAURANT_NAME: Nandos,sot
kitchen_and_dining,confirm_reservation,Check out my 5pm booking at Mike's Kitchen,"25:28:SL:TIME,29:43:SL:RESTAURANT_NAME",[IN:confirm_reservation [SL:TIME 5pm] [SL:RESTAURANT_NAME Mike's Kitchen] ],TIME: 5pm $$ RESTAURANT_NAME: Mike's Kitchen,sot
kitchen_and_dining,confirm_reservation,Check that Mug & Bean will be open for my 7pm reservation ,,[IN:confirm_reservation ],,sot
kitchen_and_dining,confirm_reservation,Please check that my table is reserved under the names of Love Mosia,75:87:SL:PERSONAL_NAME,[IN:confirm_reservation [SL:PERSONAL_NAME Lerato Mosia] ],PERSONAL_NAME: Lerato Mosia,sot
kitchen_and_dining,confirm_reservation,Is the reservation for Mug & Bean guaranteed?,16:26:SL:RESTAURANT_NAME,[IN:confirm_reservation [SL:RESTAURANT_NAME Mug & Bean] ],RESTAURANT_NAME: Mug & Bean,sot
kitchen_and_dining,confirm_reservation,Do you make a reservation to ensure that you get the authorization you want?,,[IN:confirm_reservation ],,sot
kitchen_and_dining,confirm_reservation,I would like to make a reservation for 8pm KFC ,"29:32:SL:TIME,33:36:SL:RESTAURANT_NAME",[IN:confirm_reservation [SL:TIME 8pm] [SL:RESTAURANT_NAME KFC] ],TIME: 8pm $$ RESTAURANT_NAME: KFC,sot
kitchen_and_dining,confirm_reservation,Can KFC book a table for 10 people at 9pm?,"3:6:SL:RESTAURANT_NAME,50:52:SL:NUMBER,56:59:SL:TIME",[IN:confirm_reservation [SL:RESTAURANT_NAME KFC] [SL:NUMBER 10] [SL:TIME 9pm] ],RESTAURANT_NAME: KFC $$ NUMBER: 10 $$ TIME: 9pm,sot
kitchen_and_dining,confirm_reservation,I would like to ask about our 10pm Mug &Bean reservation?,,[IN:confirm_reservation ],,sot
kitchen_and_dining,confirm_reservation,Continue to request a table for 25 people Nandos,"38:40:SL:NUMBER,41:47:SL:RESTAURANT_NAME",[IN:confirm_reservation [SL:NUMBER 25] [SL:RESTAURANT_NAME Nandos] ],NUMBER: 25 $$ RESTAURANT_NAME: Nandos,sot
kitchen_and_dining,confirm_reservation,Make sure that Palesa Lebaka's table is reserved for 9pm,"28:41:SL:PERSONAL_NAME,60:63:SL:TIME",[IN:confirm_reservation [SL:PERSONAL_NAME Palesa Lebaka] [SL:TIME 9pm] ],PERSONAL_NAME: Palesa Lebaka $$ TIME: 9pm,sot
kitchen_and_dining,confirm_reservation,Book a table at the Lower Restaurant at 7pm.,"26:43:SL:RESTAURANT_NAME,47:50:SL:TIME",[IN:confirm_reservation [SL:RESTAURANT_NAME Mzansi Restuarent] [SL:TIME 7pm] ],RESTAURANT_NAME: Mzansi Restuarent $$ TIME: 7pm,sot
kitchen_and_dining,confirm_reservation,Reserve a table for the Sakhumzi at 7pm.,"26:34:SL:RESTAURANT_NAME,38:41:SL:TIME",[IN:confirm_reservation [SL:RESTAURANT_NAME Sakhumzi] [SL:TIME 7pm] ],RESTAURANT_NAME: Sakhumzi $$ TIME: 7pm,sot
kitchen_and_dining,confirm_reservation,Book a table for the prestigious Mug & Bean at 7pm ,,[IN:confirm_reservation ],,sot
kitchen_and_dining,confirm_reservation,Book a table for the KFC at 7pm,"26:29:SL:RESTAURANT_NAME,33:36:SL:TIME",[IN:confirm_reservation [SL:RESTAURANT_NAME KFC] [SL:TIME 7pm] ],RESTAURANT_NAME: KFC $$ TIME: 7pm,sot
kitchen_and_dining,confirm_reservation,Your reservation confirmation has been sent via email.,,[IN:confirm_reservation ],,sot
kitchen_and_dining,confirm_reservation,make a reservation so that you can all sit down.,,[IN:confirm_reservation ],,sot
kitchen_and_dining,confirm_reservation,Can you make a reservation by filling out a restaurant online form,,[IN:confirm_reservation ],,sot
kitchen_and_dining,confirm_reservation,you can pay for your table in advance,,[IN:confirm_reservation ],,sot
kitchen_and_dining,confirm_reservation,you can change your reservation within 24 hours.,37:49:SL:TIME,[IN:confirm_reservation [SL:TIME hora di le24] ],TIME: hora di le24,sot
kitchen_and_dining,confirm_reservation,"You want to cancel your reservations, how do you do that?",,[IN:confirm_reservation ],,sot
kitchen_and_dining,confirm_reservation,do you need to call the restaurant to confirm that your reservation has been accepted,,[IN:confirm_reservation ],,sot
kitchen_and_dining,confirm_reservation,would you like to pay for your reservation by card or by phone or by cash?,,[IN:confirm_reservation ],,sot
kitchen_and_dining,confirm_reservation,Can I pay the reservation on the day of the reservation?,,[IN:confirm_reservation ],,sot
kitchen_and_dining,confirm_reservation,Can I pay for a reservation with PayPAL?,33:39:SL:PAYMENT_COMPANY,[IN:confirm_reservation [SL:PAYMENT_COMPANY PayPAL] ],PAYMENT_COMPANY: PayPAL,sot
kitchen_and_dining,confirm_reservation,Can we pay for the reservation by cheque?,,[IN:confirm_reservation ],,sot
kitchen_and_dining,confirm_reservation,please make sure I have a table at 7pm,44:47:SL:TIME,[IN:confirm_reservation [SL:TIME 7pm] ],TIME: 7pm,sot
kitchen_and_dining,confirm_reservation,can I make a reservation for schoolchildren?,,[IN:confirm_reservation ],,sot
kitchen_and_dining,confirm_reservation,are the children able to make their own reservations?,,[IN:confirm_reservation ],,sot
kitchen_and_dining,confirm_reservation,Does your restaurant have a children's playground?,,[IN:confirm_reservation ],,sot
kitchen_and_dining,confirm_reservation,can you move the table so we can see the cook cooking?,,[IN:confirm_reservation ],,sot
kitchen_and_dining,confirm_reservation,can I add people?,,[IN:confirm_reservation ],,sot
kitchen_and_dining,confirm_reservation,are we allowed to bring dogs to the restaurant?,,[IN:confirm_reservation ],,sot
kitchen_and_dining,confirm_reservation,Can you bring a cat to a restaurant?,,[IN:confirm_reservation ],,sot
kitchen_and_dining,confirm_reservation,What animals are allowed in the restaurant?,,[IN:confirm_reservation ],,sot
kitchen_and_dining,confirm_reservation,Do you dance for us when we come to the restaurant?,,[IN:confirm_reservation ],,sot
kitchen_and_dining,confirm_reservation,how much do we pay for a reservation?,,[IN:confirm_reservation ],,sot
kitchen_and_dining,confirm_reservation,can the reservation be booked at any time?,,[IN:confirm_reservation ],,sot
kitchen_and_dining,confirm_reservation,I would like a table for six Wimpy,39:44:SL:RESTAURANT_NAME,[IN:confirm_reservation [SL:RESTAURANT_NAME Wimpy] ],RESTAURANT_NAME: Wimpy,sot
kitchen_and_dining,confirm_reservation,are you able to make an overnight reservation?,,[IN:confirm_reservation ],,sot
kitchen_and_dining,confirm_reservation,"If the table or glass is broken, does he pay for it?",,[IN:confirm_reservation ],,sot
kitchen_and_dining,confirm_reservation,How much do you pay for the restaurant's damage?,,[IN:confirm_reservation ],,sot
kitchen_and_dining,confirm_reservation,there were accidents at the Nandos restaurant,43:49:SL:RESTAURANT_NAME,[IN:confirm_reservation [SL:RESTAURANT_NAME Nandos] ],RESTAURANT_NAME: Nandos,sot
kitchen_and_dining,confirm_reservation,"If you have an accident in a restaurant, where will help come from?",,[IN:confirm_reservation ],,sot
kitchen_and_dining,cook_time,How long do I cook chicken in water,,[IN:cook_time ],,sot
kitchen_and_dining,cook_time,How long do you cook rice in the microwave,0:5:SL:DISH_OR_FOOD,[IN:cook_time [SL:DISH_OR_FOOD Raese] ],DISH_OR_FOOD: Raese,sot
kitchen_and_dining,cook_time,How long does it take to cook a stamp?,,[IN:cook_time ],,sot
kitchen_and_dining,cook_time,How long does Sesotho alcohol take to ferment,0:18:SL:DISH_OR_FOOD,[IN:cook_time [SL:DISH_OR_FOOD Bojwala ba Sesotho] ],DISH_OR_FOOD: Bojwala ba Sesotho,sot
kitchen_and_dining,cook_time,Expect the recipe to be timed,,[IN:cook_time ],,sot
kitchen_and_dining,cook_time,How much time do I waste cooking?,,[IN:cook_time ],,sot
kitchen_and_dining,cook_time,what is the best time to bake the dough,32:37:SL:DISH_OR_FOOD,[IN:cook_time [SL:DISH_OR_FOOD hlama] ],DISH_OR_FOOD: hlama,sot
kitchen_and_dining,cook_time,How long does the lettuce last before it rots,,[IN:cook_time ],,sot
kitchen_and_dining,cook_time,How long can I cook carrots and potatoes?,13:32:SL:DISH_OR_FOOD,[IN:cook_time [SL:DISH_OR_FOOD dihwete ka ditapole] ],DISH_OR_FOOD: dihwete ka ditapole,sot
kitchen_and_dining,cook_time,How long does it take for carrots to go bad?,0:7:SL:DISH_OR_FOOD,[IN:cook_time [SL:DISH_OR_FOOD Dihwete] ],DISH_OR_FOOD: Dihwete,sot
kitchen_and_dining,cook_time,How long do Custard and Jelly stay in the fridge?,0:16:SL:DISH_OR_FOOD,[IN:cook_time [SL:DISH_OR_FOOD Custard le Jelly] ],DISH_OR_FOOD: Custard le Jelly,sot
kitchen_and_dining,cook_time,How long can I eat cabbage,,[IN:cook_time ],,sot
kitchen_and_dining,cook_time,how long does it take to cook chicken meat,,[IN:cook_time ],,sot
kitchen_and_dining,cook_time,how long does it take to wash the dishes?,11:17:SL:DISH_OR_FOOD,[IN:cook_time [SL:DISH_OR_FOOD malana] ],DISH_OR_FOOD: malana,sot
kitchen_and_dining,cook_time,where can I get a recipe for baking cookies?,32:38:SL:DISH_OR_FOOD,[IN:cook_time [SL:DISH_OR_FOOD dikuku] ],DISH_OR_FOOD: dikuku,sot
kitchen_and_dining,cook_time,What takes longer to mature between eggs and pizza?,"11:15:SL:DISH_OR_FOOD,19:24:SL:DISH_OR_FOOD",[IN:cook_time [SL:DISH_OR_FOOD mahe] [SL:DISH_OR_FOOD pizza] ],DISH_OR_FOOD: mahe $$ DISH_OR_FOOD: pizza,sot
kitchen_and_dining,cook_time,How long does the fish fry?,0:6:SL:DISH_OR_FOOD,[IN:cook_time [SL:DISH_OR_FOOD Tlhapi] ],DISH_OR_FOOD: Tlhapi,sot
kitchen_and_dining,cook_time,How long does the shellfish cook?,0:4:SL:DISH_OR_FOOD,[IN:cook_time [SL:DISH_OR_FOOD Papa] ],DISH_OR_FOOD: Papa,sot
kitchen_and_dining,cook_time,How long do I have to bake a birthday cake?,0:26:SL:DISH_OR_FOOD,[IN:cook_time [SL:DISH_OR_FOOD Kuku ya letsatsi la tswalo] ],DISH_OR_FOOD: Kuku ya letsatsi la tswalo,sot
kitchen_and_dining,cook_time,How long do I cook the pork?,0:14:SL:DISH_OR_FOOD,[IN:cook_time [SL:DISH_OR_FOOD Nama ya kolobe] ],DISH_OR_FOOD: Nama ya kolobe,sot
kitchen_and_dining,cook_time,How long does the honeycomb last before it decays?,,[IN:cook_time ],,sot
kitchen_and_dining,cook_time,"When I want to cook meat like KFC, how long do I fry it?",44:47:SL:RESTAURANT_NAME,[IN:cook_time [SL:RESTAURANT_NAME KFC] ],RESTAURANT_NAME: KFC,sot
kitchen_and_dining,cook_time,How long does it take to cook rice?,0:5:SL:DISH_OR_FOOD,[IN:cook_time [SL:DISH_OR_FOOD Raese] ],DISH_OR_FOOD: Raese,sot
kitchen_and_dining,cook_time,How long does it take to cook eggs?,9:13:SL:DISH_OR_FOOD,[IN:cook_time [SL:DISH_OR_FOOD mahe] ],DISH_OR_FOOD: mahe,sot
kitchen_and_dining,cook_time,How long does it take to bake a cake?,22:28:SL:DISH_OR_FOOD,[IN:cook_time [SL:DISH_OR_FOOD dikuku] ],DISH_OR_FOOD: dikuku,sot
kitchen_and_dining,cook_time,How long does the pasta take to cook?,0:5:SL:DISH_OR_FOOD,[IN:cook_time [SL:DISH_OR_FOOD Pasta] ],DISH_OR_FOOD: Pasta,sot
kitchen_and_dining,cook_time,The sauce is cooked?,,[IN:cook_time ],,sot
kitchen_and_dining,cook_time,How long can salt be stored in the refrigerator?,0:4:SL:DISH_OR_FOOD,[IN:cook_time [SL:DISH_OR_FOOD Moro] ],DISH_OR_FOOD: Moro,sot
kitchen_and_dining,cook_time,How long does it take for the gas to melt?,0:4:SL:DISH_OR_FOOD,[IN:cook_time [SL:DISH_OR_FOOD Kase] ],DISH_OR_FOOD: Kase,sot
kitchen_and_dining,cook_time,How long does it take to fry fish in the oven?,28:34:SL:DISH_OR_FOOD,[IN:cook_time [SL:DISH_OR_FOOD tlhapi] ],DISH_OR_FOOD: tlhapi,sot
kitchen_and_dining,cook_time,how long does it take to cook a turkey in the microwave?,27:31:SL:DISH_OR_FOOD,[IN:cook_time [SL:DISH_OR_FOOD papa] ],DISH_OR_FOOD: papa,sot
kitchen_and_dining,cook_time,How long does it take to reheat frozen meat,32:36:SL:DISH_OR_FOOD,[IN:cook_time [SL:DISH_OR_FOOD nama] ],DISH_OR_FOOD: nama,sot
kitchen_and_dining,cook_time,How long does the salad last?,,[IN:cook_time ],,sot
kitchen_and_dining,cook_time,How much garlic is added to food,0:8:SL:DISH_OR_FOOD,[IN:cook_time [SL:DISH_OR_FOOD Konofolo] ],DISH_OR_FOOD: Konofolo,sot
kitchen_and_dining,cook_time,How long does the egg fry?,0:3:SL:DISH_OR_FOOD,[IN:cook_time [SL:DISH_OR_FOOD Eie] ],DISH_OR_FOOD: Eie,sot
kitchen_and_dining,cook_time,How much water is boiled in a pot?,16:20:SL:DISH_OR_FOOD,[IN:cook_time [SL:DISH_OR_FOOD papa] ],DISH_OR_FOOD: papa,sot
kitchen_and_dining,cook_time,How long does it take to pour the rice water?,8:13:SL:DISH_OR_FOOD,[IN:cook_time [SL:DISH_OR_FOOD raese] ],DISH_OR_FOOD: raese,sot
kitchen_and_dining,cook_time,how long is beef fried in the oven,0:13:SL:DISH_OR_FOOD,[IN:cook_time [SL:DISH_OR_FOOD nama ya kgomo] ],DISH_OR_FOOD: nama ya kgomo,sot
kitchen_and_dining,cook_time,How long do biscuits last,0:10:SL:DISH_OR_FOOD,[IN:cook_time [SL:DISH_OR_FOOD Dibisikiti] ],DISH_OR_FOOD: Dibisikiti,sot
kitchen_and_dining,cook_time,Is it safe to drink tainted wine?,21:26:SL:DISH_OR_FOOD,[IN:cook_time [SL:DISH_OR_FOOD veine] ],DISH_OR_FOOD: veine,sot
kitchen_and_dining,cook_time,Is it safe to drink tainted coffee?,21:25:SL:DISH_OR_FOOD,[IN:cook_time [SL:DISH_OR_FOOD kofi] ],DISH_OR_FOOD: kofi,sot
kitchen_and_dining,cook_time,How long should vegetables be kept in the refrigerator?,0:6:SL:DISH_OR_FOOD,[IN:cook_time [SL:DISH_OR_FOOD Meroho] ],DISH_OR_FOOD: Meroho,sot
kitchen_and_dining,cook_time,Is the water sitting in the tank safe to drink?,,[IN:cook_time ],,sot
kitchen_and_dining,cook_time,How long does it take to cook the beef bones?,,[IN:cook_time ],,sot
kitchen_and_dining,cook_time,How long does it take for the beans to ripen?,23:29:SL:DISH_OR_FOOD,[IN:cook_time [SL:DISH_OR_FOOD dinawa] ],DISH_OR_FOOD: dinawa,sot
kitchen_and_dining,cook_time,How long does the tape stew take to cook?,0:15:SL:DISH_OR_FOOD,[IN:cook_time [SL:DISH_OR_FOOD Moroho wa thepe] ],DISH_OR_FOOD: Moroho wa thepe,sot
kitchen_and_dining,cook_time,how long does it take to bake bread?,26:32:SL:DISH_OR_FOOD,[IN:cook_time [SL:DISH_OR_FOOD bohobe] ],DISH_OR_FOOD: bohobe,sot
kitchen_and_dining,cook_time,How long does it take to fry the dumplings?,,[IN:cook_time ],,sot
kitchen_and_dining,cook_time,How long does it take for the coconut to ripen?,0:10:SL:DISH_OR_FOOD,[IN:cook_time [SL:DISH_OR_FOOD Malamohodu] ],DISH_OR_FOOD: Malamohodu,sot
kitchen_and_dining,cook_time,How long should food be kept in the refrigerator?,,[IN:cook_time ],,sot
kitchen_and_dining,cook_time,How long does the corn germ rot in the ground?,0:16:SL:DISH_OR_FOOD,[IN:cook_time [SL:DISH_OR_FOOD Motoho wa mabele] ],DISH_OR_FOOD: Motoho wa mabele,sot
kitchen_and_dining,cook_time,How long does it take to prepare a Sunday meal for the family,,[IN:cook_time ],,sot
kitchen_and_dining,cook_time,How long does it take to fry a Russian?,31:38:SL:DISH_OR_FOOD,[IN:cook_time [SL:DISH_OR_FOOD Russian] ],DISH_OR_FOOD: Russian,sot
kitchen_and_dining,cook_time,How long is the soup cooked,,[IN:cook_time ],,sot
kitchen_and_dining,cook_time,How long can I bake potatoes in the oven?,9:17:SL:DISH_OR_FOOD,[IN:cook_time [SL:DISH_OR_FOOD ditapole] ],DISH_OR_FOOD: ditapole,sot
kitchen_and_dining,cook_time,How long does it take to cook?,,[IN:cook_time ],,sot
kitchen_and_dining,cook_time,How long does it take to prepare this meal?,,[IN:cook_time ],,sot
kitchen_and_dining,cook_time,Can you tell me when to cook ?,,[IN:cook_time ],,sot
kitchen_and_dining,cook_time,Can you provide a special recipe for this dish?,,[IN:cook_time ],,sot
kitchen_and_dining,cook_time,What is the right cooking time for a [special style of cooking]?,,[IN:cook_time ],,sot
kitchen_and_dining,cook_time,How long does it take to prepare a dish or a dish to perfection?,,[IN:cook_time ],,sot
kitchen_and_dining,cook_time,Can you tell me when to prepare a meal?,,[IN:cook_time ],,sot
kitchen_and_dining,cook_time,How long do I need to boil the lamb?,19:30:SL:DISH_OR_FOOD,[IN:cook_time [SL:DISH_OR_FOOD nama ya nku] ],DISH_OR_FOOD: nama ya nku,sot
kitchen_and_dining,cook_time,how long do I need to fry the fish?,19:24:SL:DISH_OR_FOOD,[IN:cook_time [SL:DISH_OR_FOOD hlapi] ],DISH_OR_FOOD: hlapi,sot
kitchen_and_dining,cook_time,What is the recommended cooking time?,,[IN:cook_time ],,sot
kitchen_and_dining,cook_time,How long does it take to boil water?,,[IN:cook_time ],,sot
kitchen_and_dining,cook_time,At what temperature do they bake?,11:15:SL:DISH_OR_FOOD,[IN:cook_time [SL:DISH_OR_FOOD kuku] ],DISH_OR_FOOD: kuku,sot
kitchen_and_dining,cook_time,how hot do I cook the meat?,,[IN:cook_time ],,sot
kitchen_and_dining,cook_time,Do I need to add chili to the meat?,,[IN:cook_time ],,sot
kitchen_and_dining,cook_time,Should I fry the garlic?,20:28:SL:DISH_OR_FOOD,[IN:cook_time [SL:DISH_OR_FOOD konofolo] ],DISH_OR_FOOD: konofolo,sot
kitchen_and_dining,cook_time,How long does a vegetable salad last in the refrigerator?,0:16:SL:DISH_OR_FOOD,[IN:cook_time [SL:DISH_OR_FOOD Salate ya meroho] ],DISH_OR_FOOD: Salate ya meroho,sot
kitchen_and_dining,cook_time,Does the cooking time change if recipes are not followed?,,[IN:cook_time ],,sot
kitchen_and_dining,cook_time,What will happen if you cook without recipes?,,[IN:cook_time ],,sot
kitchen_and_dining,cook_time,How long does it take for a cake to freeze?,,[IN:cook_time ],,sot
kitchen_and_dining,cook_time,How long does it take for the tea to freeze,23:26:SL:DISH_OR_FOOD,[IN:cook_time [SL:DISH_OR_FOOD tee] ],DISH_OR_FOOD: tee,sot
kitchen_and_dining,cook_time,How long does it take for the brown liquor to cool?,23:41:SL:DISH_OR_FOOD,[IN:cook_time [SL:DISH_OR_FOOD bojwala ba sesotho] ],DISH_OR_FOOD: bojwala ba sesotho,sot
kitchen_and_dining,cook_time,How long does it take for baked cakes to cool?,23:29:SL:DISH_OR_FOOD,[IN:cook_time [SL:DISH_OR_FOOD dikuku] ],DISH_OR_FOOD: dikuku,sot
kitchen_and_dining,cook_time,"To make a good wine, how long is it stored?",5:10:SL:DISH_OR_FOOD,[IN:cook_time [SL:DISH_OR_FOOD veine] ],DISH_OR_FOOD: veine,sot
kitchen_and_dining,cook_time,When is the banquet meal prepared?,,[IN:cook_time ],,sot
kitchen_and_dining,cook_time,When is the funeral meal prepared,,[IN:cook_time ],,sot
kitchen_and_dining,food_last,The green rice is rotten?,0:5:SL:DISH_OR_FOOD,[IN:food_last [SL:DISH_OR_FOOD Raese] ],DISH_OR_FOOD: Raese,sot
kitchen_and_dining,food_last,How long does the pumpkin last?,0:6:SL:DISH_OR_FOOD,[IN:food_last [SL:DISH_OR_FOOD Mokopu] ],DISH_OR_FOOD: Mokopu,sot
kitchen_and_dining,food_last,a green onion that has rotted?,0:8:SL:DISH_OR_FOOD,[IN:food_last [SL:DISH_OR_FOOD anyanese] ],DISH_OR_FOOD: anyanese,sot
kitchen_and_dining,food_last,Can I have a very ripe banana?,7:13:SL:DISH_OR_FOOD,[IN:food_last [SL:DISH_OR_FOOD panana] ],DISH_OR_FOOD: panana,sot
kitchen_and_dining,food_last,How long does it take for a peach to rot?,0:8:SL:DISH_OR_FOOD,[IN:food_last [SL:DISH_OR_FOOD Perekisi] ],DISH_OR_FOOD: Perekisi,sot
kitchen_and_dining,food_last,boiled eggs that rot?,0:4:SL:DISH_OR_FOOD,[IN:food_last [SL:DISH_OR_FOOD mahe] ],DISH_OR_FOOD: mahe,sot
kitchen_and_dining,food_last,Is a raw avocado safe to eat?,0:7:SL:DISH_OR_FOOD,[IN:food_last [SL:DISH_OR_FOOD Avocado] ],DISH_OR_FOOD: Avocado,sot
kitchen_and_dining,food_last,An orange spoils in a year?,,[IN:food_last ],,sot
kitchen_and_dining,food_last,How long does it take for an apple to go bad?,0:5:SL:DISH_OR_FOOD,[IN:food_last [SL:DISH_OR_FOOD Apole] ],DISH_OR_FOOD: Apole,sot
kitchen_and_dining,food_last,How long can I keep the cabbage without a refrigerator?,,[IN:food_last ],,sot
kitchen_and_dining,food_last,Are orange peels edible?,13:19:SL:DISH_OR_FOOD,[IN:food_last [SL:DISH_OR_FOOD namunu] ],DISH_OR_FOOD: namunu,sot
kitchen_and_dining,food_last,How long does it take to drink unopened milk?,,[IN:food_last ],,sot
kitchen_and_dining,food_last,How can I store milk without a refrigerator?,17:23:SL:DISH_OR_FOOD,[IN:food_last [SL:DISH_OR_FOOD lebese] ],DISH_OR_FOOD: lebese,sot
kitchen_and_dining,food_last,The tea bag is ruined?,0:14:SL:DISH_OR_FOOD,[IN:food_last [SL:DISH_OR_FOOD Mokotla wa tee] ],DISH_OR_FOOD: Mokotla wa tee,sot
kitchen_and_dining,food_last,Can I have a tea with honeydew?,11:14:SL:DISH_OR_FOOD,[IN:food_last [SL:DISH_OR_FOOD tee] ],DISH_OR_FOOD: tee,sot
kitchen_and_dining,food_last,Can I eat fish that has been out of the fridge for a week?,10:16:SL:DISH_OR_FOOD,[IN:food_last [SL:DISH_OR_FOOD tlhapi] ],DISH_OR_FOOD: tlhapi,sot
kitchen_and_dining,food_last,How long does it take for fermented eggs to spoil?,0:4:SL:DISH_OR_FOOD,[IN:food_last [SL:DISH_OR_FOOD Mahe] ],DISH_OR_FOOD: Mahe,sot
kitchen_and_dining,food_last,How long does it take for the bread in the store to go bad?,0:6:SL:DISH_OR_FOOD,[IN:food_last [SL:DISH_OR_FOOD Bohobe] ],DISH_OR_FOOD: Bohobe,sot
kitchen_and_dining,food_last,How long do fried eggs last in the refrigerator?,0:18:SL:DISH_OR_FOOD,[IN:food_last [SL:DISH_OR_FOOD Mahe a hadikilweng] ],DISH_OR_FOOD: Mahe a hadikilweng,sot
kitchen_and_dining,food_last,How long do the eggs last in the shelf?,0:4:SL:DISH_OR_FOOD,[IN:food_last [SL:DISH_OR_FOOD Mahe] ],DISH_OR_FOOD: Mahe,sot
kitchen_and_dining,food_last,Can I eat the eggs I boiled last week?,7:11:SL:DISH_OR_FOOD,[IN:food_last [SL:DISH_OR_FOOD mahe] ],DISH_OR_FOOD: mahe,sot
kitchen_and_dining,food_last,Does a thief perish in the fridge?,0:6:SL:DISH_OR_FOOD,[IN:food_last [SL:DISH_OR_FOOD Mohodu] ],DISH_OR_FOOD: Mohodu,sot
kitchen_and_dining,food_last,Can I eat fish that is not refrigerated?,7:12:SL:DISH_OR_FOOD,[IN:food_last [SL:DISH_OR_FOOD hlapi] ],DISH_OR_FOOD: hlapi,sot
kitchen_and_dining,food_last,How long does it take for the fruit to spoil?,,[IN:food_last ],,sot
kitchen_and_dining,food_last,Can vegetables be frozen and spoiled?,0:6:SL:DISH_OR_FOOD,[IN:food_last [SL:DISH_OR_FOOD Meroho] ],DISH_OR_FOOD: Meroho,sot
kitchen_and_dining,food_last,How many days can cooked rice be eaten?,0:5:SL:DISH_OR_FOOD,[IN:food_last [SL:DISH_OR_FOOD Raese] ],DISH_OR_FOOD: Raese,sot
kitchen_and_dining,food_last,How is rice stored?,0:5:SL:DISH_OR_FOOD,[IN:food_last [SL:DISH_OR_FOOD Raese] ],DISH_OR_FOOD: Raese,sot
kitchen_and_dining,food_last,How is raw meat preserved?,0:4:SL:DISH_OR_FOOD,[IN:food_last [SL:DISH_OR_FOOD Nama] ],DISH_OR_FOOD: Nama,sot
kitchen_and_dining,food_last,How do I keep the leftovers from spoiling?,,[IN:food_last ],,sot
kitchen_and_dining,food_last,Canned food is spoiled?,,[IN:food_last ],,sot
kitchen_and_dining,food_last,Are there rules to check for food spoilage?,,[IN:food_last ],,sot
kitchen_and_dining,food_last,How are peanuts preserved?,0:10:SL:DISH_OR_FOOD,[IN:food_last [SL:DISH_OR_FOOD Matokomane] ],DISH_OR_FOOD: Matokomane,sot
kitchen_and_dining,food_last,Give me ways to keep food in the fridge.,,[IN:food_last ],,sot
kitchen_and_dining,food_last,Where should I store the tears so that they do not spoil quickly?,0:8:SL:DISH_OR_FOOD,[IN:food_last [SL:DISH_OR_FOOD Methokgo] ],DISH_OR_FOOD: Methokgo,sot
kitchen_and_dining,food_last,Spices are perishable?,0:6:SL:DISH_OR_FOOD,[IN:food_last [SL:DISH_OR_FOOD Dinoko] ],DISH_OR_FOOD: Dinoko,sot
kitchen_and_dining,food_last,How long does it take for the fish to get out of the fridge?,0:6:SL:DISH_OR_FOOD,[IN:food_last [SL:DISH_OR_FOOD Tlhapi] ],DISH_OR_FOOD: Tlhapi,sot
kitchen_and_dining,food_last,A week's worth of canned fish is boring?,0:20:SL:DISH_OR_FOOD,[IN:food_last [SL:DISH_OR_FOOD Tlhapi ya lekotikoti] ],DISH_OR_FOOD: Tlhapi ya lekotikoti,sot
kitchen_and_dining,food_last,How long does cooked pasta last in the refrigerator?,,[IN:food_last ],,sot
kitchen_and_dining,food_last,How do I keep the flour from spoiling?,19:26:SL:DISH_OR_FOOD,[IN:food_last [SL:DISH_OR_FOOD folouru] ],DISH_OR_FOOD: folouru,sot
kitchen_and_dining,food_last,Does the fermented wine spoil?,0:5:SL:DISH_OR_FOOD,[IN:food_last [SL:DISH_OR_FOOD Veine] ],DISH_OR_FOOD: Veine,sot
kitchen_and_dining,food_last,How long can a gas condenser last in the refrigerator before it leaks?,,[IN:food_last ],,sot
kitchen_and_dining,food_last,How long does cooked soup stay in the fridge?,,[IN:food_last ],,sot
kitchen_and_dining,food_last,Is cooking oil stored on a shelf or in the refrigerator?,0:13:SL:DISH_OR_FOOD,[IN:food_last [SL:DISH_OR_FOOD Oli e phehang] ],DISH_OR_FOOD: Oli e phehang,sot
kitchen_and_dining,food_last,How long after opening should cooking oil be used?,0:13:SL:DISH_OR_FOOD,[IN:food_last [SL:DISH_OR_FOOD Oli e phehang] ],DISH_OR_FOOD: Oli e phehang,sot
kitchen_and_dining,food_last,How could I keep it from rotting?,0:4:SL:DISH_OR_FOOD,[IN:food_last [SL:DISH_OR_FOOD Kase] ],DISH_OR_FOOD: Kase,sot
kitchen_and_dining,food_last,Can I eat brown bananas?,7:15:SL:DISH_OR_FOOD,[IN:food_last [SL:DISH_OR_FOOD dipanana] ],DISH_OR_FOOD: dipanana,sot
kitchen_and_dining,food_last,How do peeled apples retain their color?,0:7:SL:DISH_OR_FOOD,[IN:food_last [SL:DISH_OR_FOOD Diapole] ],DISH_OR_FOOD: Diapole,sot
kitchen_and_dining,food_last,How can I preserve my potatoes?,0:8:SL:DISH_OR_FOOD,[IN:food_last [SL:DISH_OR_FOOD Ditapole] ],DISH_OR_FOOD: Ditapole,sot
kitchen_and_dining,food_last,Does the tapeworm stay in the fridge?,0:15:SL:DISH_OR_FOOD,[IN:food_last [SL:DISH_OR_FOOD Moroho wa thepe] ],DISH_OR_FOOD: Moroho wa thepe,sot
kitchen_and_dining,food_last,How long can a spinach survive in water before it rots?,0:10:SL:DISH_OR_FOOD,[IN:food_last [SL:DISH_OR_FOOD Sepinatjhe] ],DISH_OR_FOOD: Sepinatjhe,sot
kitchen_and_dining,food_last,Does butter spoil when it is not refrigerated?,3:9:SL:DISH_OR_FOOD,[IN:food_last [SL:DISH_OR_FOOD botoro] ],DISH_OR_FOOD: botoro,sot
kitchen_and_dining,food_last,How can I keep peeled apples from turning brown?,18:25:SL:DISH_OR_FOOD,[IN:food_last [SL:DISH_OR_FOOD diapole] ],DISH_OR_FOOD: diapole,sot
kitchen_and_dining,food_last,How long does a restaurant burger last after it is bought?,0:6:SL:DISH_OR_FOOD,[IN:food_last [SL:DISH_OR_FOOD Burger] ],DISH_OR_FOOD: Burger,sot
kitchen_and_dining,food_last,Can waffles survive long periods of time without refrigeration?,0:9:SL:DISH_OR_FOOD,[IN:food_last [SL:DISH_OR_FOOD Di-waffle] ],DISH_OR_FOOD: Di-waffle,sot
kitchen_and_dining,food_last,Are there ways to preserve ice cream cake to keep it fresh?,29:43:SL:DISH_OR_FOOD,[IN:food_last [SL:DISH_OR_FOOD ice cream cake] ],DISH_OR_FOOD: ice cream cake,sot
kitchen_and_dining,food_last,How are sweets preserved?,,[IN:food_last ],,sot
kitchen_and_dining,food_last,How are biscuit cakes preserved?,0:20:SL:DISH_OR_FOOD,[IN:food_last [SL:DISH_OR_FOOD Dikuku tsa dibiskiti] ],DISH_OR_FOOD: Dikuku tsa dibiskiti,sot
kitchen_and_dining,food_last,Can milk and cream be eaten with a fork?,"12:30:SL:DISH_OR_FOOD,42:46:SL:DISH_OR_FOOD",[IN:food_last [SL:DISH_OR_FOOD lebese le themmeng] [SL:DISH_OR_FOOD papa] ],DISH_OR_FOOD: lebese le themmeng $$ DISH_OR_FOOD: papa,sot
kitchen_and_dining,food_last,How can I keep my vegetables from spoiling?,17:23:SL:DISH_OR_FOOD,[IN:food_last [SL:DISH_OR_FOOD moroho] ],DISH_OR_FOOD: moroho,sot
kitchen_and_dining,food_last,How long does the egg deteriorate?,0:4:SL:DISH_OR_FOOD,[IN:food_last [SL:DISH_OR_FOOD Mahe] ],DISH_OR_FOOD: Mahe,sot
kitchen_and_dining,food_last,Is it safe to eat rotten bread for two days,25:44:SL:DISH_OR_FOOD,[IN:food_last [SL:DISH_OR_FOOD borotho bo bodileng] ],DISH_OR_FOOD: borotho bo bodileng,sot
kitchen_and_dining,food_last,How long does it take for meat to decompose after it has been refrigerated?,0:4:SL:DISH_OR_FOOD,[IN:food_last [SL:DISH_OR_FOOD nama] ],DISH_OR_FOOD: nama,sot
kitchen_and_dining,food_last,"The bread I bought a week ago has been destroyed, and I can't eat it.",0:7:SL:DISH_OR_FOOD,[IN:food_last [SL:DISH_OR_FOOD Borotho] ],DISH_OR_FOOD: Borotho,sot
kitchen_and_dining,food_last,Can I put a towel in the refrigerator?,13:19:SL:DISH_OR_FOOD,[IN:food_last [SL:DISH_OR_FOOD tapole] ],DISH_OR_FOOD: tapole,sot
kitchen_and_dining,food_last,How long does it take for the shell to deteriorate if you do not refrigerate it?,,[IN:food_last ],,sot
kitchen_and_dining,food_last,How long does a tomato last in the refrigerator?,0:6:SL:DISH_OR_FOOD,[IN:food_last [SL:DISH_OR_FOOD Tamati] ],DISH_OR_FOOD: Tamati,sot
kitchen_and_dining,food_last,Can I eat last week's pumpkin?,10:16:SL:DISH_OR_FOOD,[IN:food_last [SL:DISH_OR_FOOD mokopu] ],DISH_OR_FOOD: mokopu,sot
kitchen_and_dining,food_last,Is it safe to eat last month's dough,23:28:SL:DISH_OR_FOOD,[IN:food_last [SL:DISH_OR_FOOD hlama] ],DISH_OR_FOOD: hlama,sot
kitchen_and_dining,food_last,How long does the shrimp's tail last?,0:23:SL:DISH_OR_FOOD,[IN:food_last [SL:DISH_OR_FOOD Motoho wa leshele-shele] ],DISH_OR_FOOD: Motoho wa leshele-shele,sot
kitchen_and_dining,food_last,How long does milk spoil in the refrigerator?,0:6:SL:DISH_OR_FOOD,[IN:food_last [SL:DISH_OR_FOOD Lebese] ],DISH_OR_FOOD: Lebese,sot
kitchen_and_dining,food_last,How long does the cabbage stay in the fridge?,,[IN:food_last ],,sot
kitchen_and_dining,food_last,How can I keep rice from spoiling if I don't have a refrigerator,17:22:SL:DISH_OR_FOOD,[IN:food_last [SL:DISH_OR_FOOD raese] ],DISH_OR_FOOD: raese,sot
kitchen_and_dining,food_last,Is it safe to eat meat that has not been refrigerated?,20:24:SL:DISH_OR_FOOD,[IN:food_last [SL:DISH_OR_FOOD nama] ],DISH_OR_FOOD: nama,sot
kitchen_and_dining,food_last,can i eat a year old unopened duck meal,10:23:SL:DISH_OR_FOOD,[IN:food_last [SL:DISH_OR_FOOD phofo ya papa] ],DISH_OR_FOOD: phofo ya papa,sot
kitchen_and_dining,food_last,"I have a yeast that has not been used for 5 months, can I eat it?",,[IN:food_last ],,sot
kitchen_and_dining,food_last,Can I use the fat in the refrigerator to cook again?,,[IN:food_last ],,sot
kitchen_and_dining,food_last,"I have rice that has been sitting in the fridge for a long time, can I eat it?",9:14:SL:DISH_OR_FOOD,[IN:food_last [SL:DISH_OR_FOOD raese] ],DISH_OR_FOOD: raese,sot
kitchen_and_dining,food_last,How long does the leaven last?,0:6:SL:DISH_OR_FOOD,[IN:food_last [SL:DISH_OR_FOOD Tomoso] ],DISH_OR_FOOD: Tomoso,sot
kitchen_and_dining,food_last,how long do cracked and uncooked eggs last?,0:4:SL:DISH_OR_FOOD,[IN:food_last [SL:DISH_OR_FOOD mahe] ],DISH_OR_FOOD: mahe,sot
kitchen_and_dining,food_last,Can I put the salt in the refrigerator?,13:20:SL:DISH_OR_FOOD,[IN:food_last [SL:DISH_OR_FOOD letswai] ],DISH_OR_FOOD: letswai,sot
kitchen_and_dining,ingredients_list,i would like the recipe for magg and cheese,18:33:SL:DISH_OR_FOOD,[IN:ingredients_list [SL:DISH_OR_FOOD magg and cheese] ],DISH_OR_FOOD: magg and cheese,sot
kitchen_and_dining,ingredients_list,I would like to know the recipe for apple pie,18:27:SL:DISH_OR_FOOD,[IN:ingredients_list [SL:DISH_OR_FOOD apple pie] ],DISH_OR_FOOD: apple pie,sot
kitchen_and_dining,ingredients_list,How can I prepare Spiral Ham?,10:20:SL:DISH_OR_FOOD,[IN:ingredients_list [SL:DISH_OR_FOOD Spiral Ham] ],DISH_OR_FOOD: Spiral Ham,sot
kitchen_and_dining,ingredients_list,what is the recipe for noodles?,20:27:SL:DISH_OR_FOOD,[IN:ingredients_list [SL:DISH_OR_FOOD noodles] ],DISH_OR_FOOD: noodles,sot
kitchen_and_dining,ingredients_list,how do you bake bread for meat?,14:28:SL:DISH_OR_FOOD,[IN:ingredients_list [SL:DISH_OR_FOOD bohobe ba nama] ],DISH_OR_FOOD: bohobe ba nama,sot
kitchen_and_dining,ingredients_list,can you tell me how to make beef wellington?,32:47:SL:DISH_OR_FOOD,[IN:ingredients_list [SL:DISH_OR_FOOD beef wellington] ],DISH_OR_FOOD: beef wellington,sot
kitchen_and_dining,ingredients_list,Show me the famous wygeu beef recipe,29:39:SL:DISH_OR_FOOD,[IN:ingredients_list [SL:DISH_OR_FOOD wygeu beef] ],DISH_OR_FOOD: wygeu beef,sot
kitchen_and_dining,ingredients_list,What are the tips for baking a pie?,21:24:SL:DISH_OR_FOOD,[IN:ingredients_list [SL:DISH_OR_FOOD pie] ],DISH_OR_FOOD: pie,sot
kitchen_and_dining,ingredients_list,i need help finding the recipe for salmon rolls,38:50:SL:DISH_OR_FOOD,[IN:ingredients_list [SL:DISH_OR_FOOD Salmon rolls] ],DISH_OR_FOOD: Salmon rolls,sot
kitchen_and_dining,ingredients_list,i need a recipe for italian pasta,"19:24:SL:DISH_OR_FOOD,28:33:SL:COUNTRY",[IN:ingredients_list [SL:DISH_OR_FOOD pasta] [SL:COUNTRY Italy] ],DISH_OR_FOOD: pasta $$ COUNTRY: Italy,sot
kitchen_and_dining,ingredients_list,i need to know how to make chicken wraps,29:42:SL:DISH_OR_FOOD,[IN:ingredients_list [SL:DISH_OR_FOOD chicken wraps] ],DISH_OR_FOOD: chicken wraps,sot
kitchen_and_dining,ingredients_list,i need to find a recipe for tacos,32:37:SL:DISH_OR_FOOD,[IN:ingredients_list [SL:DISH_OR_FOOD Tacos] ],DISH_OR_FOOD: Tacos,sot
kitchen_and_dining,ingredients_list,What does it take to make sushi?,20:25:SL:DISH_OR_FOOD,[IN:ingredients_list [SL:DISH_OR_FOOD sushi] ],DISH_OR_FOOD: sushi,sot
kitchen_and_dining,ingredients_list,Can you teach me to make sushi?,22:27:SL:DISH_OR_FOOD,[IN:ingredients_list [SL:DISH_OR_FOOD sushi] ],DISH_OR_FOOD: sushi,sot
kitchen_and_dining,ingredients_list,How do I bake a pie?,14:17:SL:DISH_OR_FOOD,[IN:ingredients_list [SL:DISH_OR_FOOD pie] ],DISH_OR_FOOD: pie,sot
kitchen_and_dining,ingredients_list,can you write a delicious lasagna recipe?,31:38:SL:DISH_OR_FOOD,[IN:ingredients_list [SL:DISH_OR_FOOD lasagna] ],DISH_OR_FOOD: lasagna,sot
kitchen_and_dining,ingredients_list,What do I need to make a fruit salad?,21:41:SL:DISH_OR_FOOD,[IN:ingredients_list [SL:DISH_OR_FOOD salate ya ditholwana] ],DISH_OR_FOOD: salate ya ditholwana,sot
kitchen_and_dining,ingredients_list,What is the next best recipe for making KFC steak,50:53:SL:RESTAURANT_NAME,[IN:ingredients_list [SL:RESTAURANT_NAME KFC] ],RESTAURANT_NAME: KFC,sot
kitchen_and_dining,ingredients_list,How is beer brewed?,0:18:SL:DISH_OR_FOOD,[IN:ingredients_list [SL:DISH_OR_FOOD Bojwala ba sesotho] ],DISH_OR_FOOD: Bojwala ba sesotho,sot
kitchen_and_dining,ingredients_list,Please give me the recipe for the cakes,25:31:SL:DISH_OR_FOOD,[IN:ingredients_list [SL:DISH_OR_FOOD dikuku] ],DISH_OR_FOOD: dikuku,sot
kitchen_and_dining,ingredients_list,How is a corn tortilla cooked?,0:16:SL:DISH_OR_FOOD,[IN:ingredients_list [SL:DISH_OR_FOOD Motoho wa mabele] ],DISH_OR_FOOD: Motoho wa mabele,sot
kitchen_and_dining,ingredients_list,Do I add milk to the cake?,"13:19:SL:DISH_OR_FOOD,31:37:SL:DISH_OR_FOOD",[IN:ingredients_list [SL:DISH_OR_FOOD lebese] [SL:DISH_OR_FOOD dikuku] ],DISH_OR_FOOD: lebese $$ DISH_OR_FOOD: dikuku,sot
kitchen_and_dining,ingredients_list,can I have a recipe for cooking a turnip?,27:37:SL:DISH_OR_FOOD,[IN:ingredients_list [SL:DISH_OR_FOOD malamohodu] ],DISH_OR_FOOD: malamohodu,sot
kitchen_and_dining,ingredients_list,can I have the recipe for the pumpkin?,27:33:SL:DISH_OR_FOOD,[IN:ingredients_list [SL:DISH_OR_FOOD mokopu] ],DISH_OR_FOOD: mokopu,sot
kitchen_and_dining,ingredients_list,What recipes are needed to make bean soup?,,[IN:ingredients_list ],,sot
kitchen_and_dining,ingredients_list,What do I put in the beef bone soup?,30:44:SL:DISH_OR_FOOD,[IN:ingredients_list [SL:DISH_OR_FOOD masapo a kgomo] ],DISH_OR_FOOD: masapo a kgomo,sot
kitchen_and_dining,ingredients_list,Please tell me the recipe for making ginger,30:36:SL:DISH_OR_FOOD,[IN:ingredients_list [SL:DISH_OR_FOOD gemere] ],DISH_OR_FOOD: gemere,sot
kitchen_and_dining,ingredients_list,How much fat is needed to fry the dumplings?,11:17:SL:DISH_OR_FOOD,[IN:ingredients_list [SL:DISH_OR_FOOD mafura] ],DISH_OR_FOOD: mafura,sot
kitchen_and_dining,ingredients_list,"If I want to bake bread, what recipes do I need?",20:26:SL:DISH_OR_FOOD,[IN:ingredients_list [SL:DISH_OR_FOOD bohobe] ],DISH_OR_FOOD: bohobe,sot
kitchen_and_dining,ingredients_list,What types of food can cause illness?,,[IN:ingredients_list ],,sot
kitchen_and_dining,ingredients_list,Do vegetables contain vitamins and minerals?,3:9:SL:DISH_OR_FOOD,[IN:ingredients_list [SL:DISH_OR_FOOD meroho] ],DISH_OR_FOOD: meroho,sot
kitchen_and_dining,ingredients_list,Does chicken have protein?,5:18:SL:DISH_OR_FOOD,[IN:ingredients_list [SL:DISH_OR_FOOD nama ya kgoho] ],DISH_OR_FOOD: nama ya kgoho,sot
kitchen_and_dining,ingredients_list,How should I prepare the macaroni?,10:18:SL:DISH_OR_FOOD,[IN:ingredients_list [SL:DISH_OR_FOOD macaroni] ],DISH_OR_FOOD: macaroni,sot
kitchen_and_dining,ingredients_list,What do I need to cook chicken soup,,[IN:ingredients_list ],,sot
kitchen_and_dining,ingredients_list,How much sugar should I add to my pumpkin?,"15:21:SL:DISH_OR_FOOD,46:54:SL:DISH_OR_FOOD",[IN:ingredients_list [SL:DISH_OR_FOOD mokopu] [SL:DISH_OR_FOOD tswekere] ],DISH_OR_FOOD: mokopu $$ DISH_OR_FOOD: tswekere,sot
kitchen_and_dining,ingredients_list,What do I need to make a potato salad?,21:39:SL:DISH_OR_FOOD,[IN:ingredients_list [SL:DISH_OR_FOOD salate ya ditapole] ],DISH_OR_FOOD: salate ya ditapole,sot
kitchen_and_dining,ingredients_list,What should I cook with the soup?,,[IN:ingredients_list ],,sot
kitchen_and_dining,ingredients_list,What recipes do I need to bake a cheesecake?,33:45:SL:DISH_OR_FOOD,[IN:ingredients_list [SL:DISH_OR_FOOD kuku ya kase] ],DISH_OR_FOOD: kuku ya kase,sot
kitchen_and_dining,ingredients_list,What recipes do I need to make banana bread?,34:51:SL:DISH_OR_FOOD,[IN:ingredients_list [SL:DISH_OR_FOOD borotho ba panana] ],DISH_OR_FOOD: borotho ba panana,sot
kitchen_and_dining,ingredients_list,i would like to know the recipe for making the stamp,27:34:SL:DISH_OR_FOOD,[IN:ingredients_list [SL:DISH_OR_FOOD setampo] ],DISH_OR_FOOD: setampo,sot
kitchen_and_dining,ingredients_list,How do I cook broccoli?,15:24:SL:DISH_OR_FOOD,[IN:ingredients_list [SL:DISH_OR_FOOD borokholi] ],DISH_OR_FOOD: borokholi,sot
kitchen_and_dining,ingredients_list,How do I prepare the yeast?,,[IN:ingredients_list ],,sot
kitchen_and_dining,ingredients_list,What spices can I use in pork,50:64:SL:DISH_OR_FOOD,[IN:ingredients_list [SL:DISH_OR_FOOD nama ya kolobe] ],DISH_OR_FOOD: nama ya kolobe,sot
kitchen_and_dining,ingredients_list,How much flour do I need to make bread?,29:35:SL:DISH_OR_FOOD,[IN:ingredients_list [SL:DISH_OR_FOOD bohobe] ],DISH_OR_FOOD: bohobe,sot
kitchen_and_dining,ingredients_list,I would like a recipe for a pie,26:29:SL:DISH_OR_FOOD,[IN:ingredients_list [SL:DISH_OR_FOOD pie] ],DISH_OR_FOOD: pie,sot
kitchen_and_dining,ingredients_list,I would like to know the recipe for chocolate cake,26:44:SL:DISH_OR_FOOD,[IN:ingredients_list [SL:DISH_OR_FOOD kuku ya tjhokolete] ],DISH_OR_FOOD: kuku ya tjhokolete,sot
kitchen_and_dining,ingredients_list,please give me the recipe for homemade wine,25:30:SL:DISH_OR_FOOD,[IN:ingredients_list [SL:DISH_OR_FOOD veine] ],DISH_OR_FOOD: veine,sot
kitchen_and_dining,ingredients_list,can i have the recipe for baking biscuits,26:36:SL:DISH_OR_FOOD,[IN:ingredients_list [SL:DISH_OR_FOOD dibisikiti] ],DISH_OR_FOOD: dibisikiti,sot
kitchen_and_dining,ingredients_list,I would like to have the ingredients for making cheese bread,28:43:SL:DISH_OR_FOOD,[IN:ingredients_list [SL:DISH_OR_FOOD borotho ba kase] ],DISH_OR_FOOD: borotho ba kase,sot
kitchen_and_dining,ingredients_list,Do I need milk for pancakes?,"9:15:SL:DISH_OR_FOOD,25:31:SL:DISH_OR_FOOD",[IN:ingredients_list [SL:DISH_OR_FOOD lebese] [SL:DISH_OR_FOOD dikuku] ],DISH_OR_FOOD: lebese $$ DISH_OR_FOOD: dikuku,sot
kitchen_and_dining,ingredients_list,I would like the ingredients and recipe for meatballs,,[IN:ingredients_list ],,sot
kitchen_and_dining,ingredients_list,i would like a recipe for french twast,,[IN:ingredients_list ],,sot
kitchen_and_dining,ingredients_list,Give me the ingredients for garlic bread,25:44:SL:DISH_OR_FOOD,[IN:ingredients_list [SL:DISH_OR_FOOD borotho ba konofolo] ],DISH_OR_FOOD: borotho ba konofolo,sot
kitchen_and_dining,ingredients_list,i would like to know the recipe for making a cocktail,26:34:SL:DISH_OR_FOOD,[IN:ingredients_list [SL:DISH_OR_FOOD cocktail] ],DISH_OR_FOOD: cocktail,sot
kitchen_and_dining,ingredients_list,I would like to know the recipe and ingredients for pizza,40:45:SL:DISH_OR_FOOD,[IN:ingredients_list [SL:DISH_OR_FOOD pizza] ],DISH_OR_FOOD: pizza,sot
kitchen_and_dining,ingredients_list,I would like a recipe for cinnamon buns,21:38:SL:DISH_OR_FOOD,[IN:ingredients_list [SL:DISH_OR_FOOD buns tsa sinamone] ],DISH_OR_FOOD: buns tsa sinamone,sot
kitchen_and_dining,ingredients_list,How do I make chocolate juice?,16:33:SL:DISH_OR_FOOD,[IN:ingredients_list [SL:DISH_OR_FOOD lero la chokolete] ],DISH_OR_FOOD: lero la chokolete,sot
kitchen_and_dining,ingredients_list,What spices and ingredients are used to make spur ribs?,"54:61:SL:DISH_OR_FOOD,66:70:SL:RESTAURANT_NAME",[IN:ingredients_list [SL:DISH_OR_FOOD di ribs] [SL:RESTAURANT_NAME spur] ],DISH_OR_FOOD: di ribs $$ RESTAURANT_NAME: spur,sot
kitchen_and_dining,ingredients_list,Please give me the recipe for sushi,25:30:SL:DISH_OR_FOOD,[IN:ingredients_list [SL:DISH_OR_FOOD sushi] ],DISH_OR_FOOD: sushi,sot
kitchen_and_dining,ingredients_list,please give me the recipe for lamb stew,29:42:SL:DISH_OR_FOOD,[IN:ingredients_list [SL:DISH_OR_FOOD setjhu sa nku] ],DISH_OR_FOOD: setjhu sa nku,sot
kitchen_and_dining,ingredients_list,"For pork to be delicious, what ingredients should I add?",,[IN:ingredients_list ],,sot
kitchen_and_dining,ingredients_list,What recipes do I need to make a pancake?,34:46:SL:DISH_OR_FOOD,[IN:ingredients_list [SL:DISH_OR_FOOD kuku ya pane] ],DISH_OR_FOOD: kuku ya pane,sot
kitchen_and_dining,ingredients_list,how is a chicken salad prepared?,,[IN:ingredients_list ],,sot
kitchen_and_dining,ingredients_list,Do I need to add cheese to my salad?,21:25:SL:DISH_OR_FOOD,[IN:ingredients_list [SL:DISH_OR_FOOD kase] ],DISH_OR_FOOD: kase,sot
kitchen_and_dining,ingredients_list,Can I add chili to my salad?,14:21:SL:DISH_OR_FOOD,[IN:ingredients_list [SL:DISH_OR_FOOD chilisi] ],DISH_OR_FOOD: chilisi,sot
kitchen_and_dining,ingredients_list,What do I need to cook rice?,22:27:SL:DISH_OR_FOOD,[IN:ingredients_list [SL:DISH_OR_FOOD raese] ],DISH_OR_FOOD: raese,sot
kitchen_and_dining,ingredients_list,can i have the recipe for the pumpkin,27:33:SL:DISH_OR_FOOD,[IN:ingredients_list [SL:DISH_OR_FOOD mokopu] ],DISH_OR_FOOD: mokopu,sot
kitchen_and_dining,ingredients_list,I would like to know the recipe for di beko,,[IN:ingredients_list ],,sot
kitchen_and_dining,ingredients_list,what do I need to cook the macaroni?,22:30:SL:DISH_OR_FOOD,[IN:ingredients_list [SL:DISH_OR_FOOD macaroni] ],DISH_OR_FOOD: macaroni,sot
kitchen_and_dining,ingredients_list,How is the meat of the spiders imitated?,,[IN:ingredients_list ],,sot
kitchen_and_dining,ingredients_list,Do I add salt to my cereal?,"13:20:SL:DISH_OR_FOOD,33:49:SL:DISH_OR_FOOD",[IN:ingredients_list [SL:DISH_OR_FOOD letswai] [SL:DISH_OR_FOOD motoho wa mabele] ],DISH_OR_FOOD: letswai $$ DISH_OR_FOOD: motoho wa mabele,sot
kitchen_and_dining,ingredients_list,What recipe do mugg and bean use to make chocolate cake?,"0:13:SL:RESTAURANT_NAME,48:65:SL:DISH_OR_FOOD",[IN:ingredients_list [SL:RESTAURANT_NAME mugg and bean] [SL:DISH_OR_FOOD kuku ya chokolete] ],RESTAURANT_NAME: mugg and bean $$ DISH_OR_FOOD: kuku ya chokolete,sot
kitchen_and_dining,ingredients_list,I need some tools to make a wedding cake,33:48:SL:DISH_OR_FOOD,[IN:ingredients_list [SL:DISH_OR_FOOD kuku ya lenyalo] ],DISH_OR_FOOD: kuku ya lenyalo,sot
kitchen_and_dining,ingredients_list,Can I add cheese when cooking stew?,,[IN:ingredients_list ],,sot
kitchen_and_dining,ingredients_list,Write down the recipe and ingredients for the dessert,38:44:SL:DISH_OR_FOOD,[IN:ingredients_list [SL:DISH_OR_FOOD senuku] ],DISH_OR_FOOD: senuku,sot
kitchen_and_dining,ingredients_list,what ingredients can I use in my baking?,49:60:SL:DISH_OR_FOOD,[IN:ingredients_list [SL:DISH_OR_FOOD maqebekwane] ],DISH_OR_FOOD: maqebekwane,sot
kitchen_and_dining,ingredients_list,I would like to know the recipe for the tape sauce,27:42:SL:DISH_OR_FOOD,[IN:ingredients_list [SL:DISH_OR_FOOD moroho wa thepe] ],DISH_OR_FOOD: moroho wa thepe,sot
kitchen_and_dining,ingredients_list,What are the recipes for sharwama,21:29:SL:DISH_OR_FOOD,[IN:ingredients_list [SL:DISH_OR_FOOD sharwama] ],DISH_OR_FOOD: sharwama,sot
kitchen_and_dining,ingredients_list,Help me find the recipe for chicken mayo,27:39:SL:DISH_OR_FOOD,[IN:ingredients_list [SL:DISH_OR_FOOD chicken mayo] ],DISH_OR_FOOD: chicken mayo,sot
kitchen_and_dining,ingredients_list,Find me a recipe for meatloaf,21:35:SL:DISH_OR_FOOD,[IN:ingredients_list [SL:DISH_OR_FOOD bohobe ba nama] ],DISH_OR_FOOD: bohobe ba nama,sot
kitchen_and_dining,meal_suggestion,"I want to please my spouse, so what can I cook for him for lunch?",51:58:SL:TIME,[IN:meal_suggestion [SL:TIME thapama] ],TIME: thapama,sot
kitchen_and_dining,meal_suggestion,"My friends are on their way, what food can I buy them quickly?",,[IN:meal_suggestion ],,sot
kitchen_and_dining,meal_suggestion,What food can I prepare for winter when I have guests?,,[IN:meal_suggestion ],,sot
kitchen_and_dining,meal_suggestion,What meals can I prepare for summer when I have guests on Sundays?,,[IN:meal_suggestion ],,sot
kitchen_and_dining,meal_suggestion,What meals can I prepare for my guests?,,[IN:meal_suggestion ],,sot
kitchen_and_dining,meal_suggestion,What foods should I avoid when I have a headache?,,[IN:meal_suggestion ],,sot
kitchen_and_dining,meal_suggestion,What foods should I avoid when chewing on a cucumber?,,[IN:meal_suggestion ],,sot
kitchen_and_dining,meal_suggestion,What foods should I avoid if I have epilepsy?,,[IN:meal_suggestion ],,sot
kitchen_and_dining,meal_suggestion,Give me a store that sells Zimbabwean food,36:44:SL:COUNTRY,[IN:meal_suggestion [SL:COUNTRY Zimbabwe] ],COUNTRY: Zimbabwe,sot
kitchen_and_dining,meal_suggestion,Give me a shop that sells Ghanaian food,36:41:SL:COUNTRY,[IN:meal_suggestion [SL:COUNTRY Ghana] ],COUNTRY: Ghana,sot
kitchen_and_dining,meal_suggestion,Give me a shop that sells Mozambican food,36:46:SL:COUNTRY,[IN:meal_suggestion [SL:COUNTRY Mozambique] ],COUNTRY: Mozambique,sot
kitchen_and_dining,meal_suggestion,Give me a store that sells Nigerian food,36:43:SL:COUNTRY,[IN:meal_suggestion [SL:COUNTRY Nigeria] ],COUNTRY: Nigeria,sot
kitchen_and_dining,meal_suggestion,Give me an American food store,36:43:SL:COUNTRY,[IN:meal_suggestion [SL:COUNTRY Amerika] ],COUNTRY: Amerika,sot
kitchen_and_dining,meal_suggestion,What food can I prepare for church visitors?,,[IN:meal_suggestion ],,sot
kitchen_and_dining,meal_suggestion,Can I prepare a meal for guests from Giyani?,"28:34:SL:PLACE_NAME,35:42:SL:DISH_OR_FOOD",[IN:meal_suggestion [SL:PLACE_NAME Giyani] [SL:DISH_OR_FOOD masonja] ],PLACE_NAME: Giyani $$ DISH_OR_FOOD: masonja,sot
kitchen_and_dining,meal_suggestion,Can I mix breast milk with baby cereal?,"12:30:SL:DISH_OR_FOOD,34:40:SL:DISH_OR_FOOD",[IN:meal_suggestion [SL:DISH_OR_FOOD lebese la letswele] [SL:DISH_OR_FOOD cereal] ],DISH_OR_FOOD: lebese la letswele $$ DISH_OR_FOOD: cereal,sot
kitchen_and_dining,meal_suggestion,What is the best Xhosa food?,,[IN:meal_suggestion ],,sot
kitchen_and_dining,meal_suggestion,Give me some Italian food to cook,41:46:SL:COUNTRY,[IN:meal_suggestion [SL:COUNTRY Italy] ],COUNTRY: Italy,sot
kitchen_and_dining,meal_suggestion,Give me some Russian food to cook,41:47:SL:COUNTRY,[IN:meal_suggestion [SL:COUNTRY Russia] ],COUNTRY: Russia,sot
kitchen_and_dining,meal_suggestion,Give me some food I can cook from Lesotho,41:48:SL:COUNTRY,[IN:meal_suggestion [SL:COUNTRY Lesotho] ],COUNTRY: Lesotho,sot
kitchen_and_dining,meal_suggestion,Give me some food I can cook from Botswana,41:49:SL:COUNTRY,[IN:meal_suggestion [SL:COUNTRY Botswana] ],COUNTRY: Botswana,sot
kitchen_and_dining,meal_suggestion,Give me some Nigerian food to cook,41:48:SL:COUNTRY,[IN:meal_suggestion [SL:COUNTRY Nigeria] ],COUNTRY: Nigeria,sot
kitchen_and_dining,meal_suggestion,Give me some Chinese food to cook,41:46:SL:COUNTRY,[IN:meal_suggestion [SL:COUNTRY China] ],COUNTRY: China,sot
kitchen_and_dining,meal_suggestion,How can I eat Chinese fried rice?,7:17:SL:DISH_OR_FOOD,[IN:meal_suggestion [SL:DISH_OR_FOOD fried rice] ],DISH_OR_FOOD: fried rice,sot
kitchen_and_dining,meal_suggestion,"I'm tired, what can I make for a quick snack?",50:56:SL:MEAL_PERIOD,[IN:meal_suggestion [SL:MEAL_PERIOD tinara] ],MEAL_PERIOD: tinara,sot
kitchen_and_dining,meal_suggestion,What can I use to move the cat?,13:18:SL:DISH_OR_FOOD,[IN:meal_suggestion [SL:DISH_OR_FOOD mince] ],DISH_OR_FOOD: mince,sot
kitchen_and_dining,meal_suggestion,What can I cook Sesotho chicken with?,10:26:SL:DISH_OR_FOOD,[IN:meal_suggestion [SL:DISH_OR_FOOD kgoho ya Sesotho] ],DISH_OR_FOOD: kgoho ya Sesotho,sot
kitchen_and_dining,meal_suggestion,Can I cook pork and rice?,10:32:SL:DISH_OR_FOOD,[IN:meal_suggestion [SL:DISH_OR_FOOD nama ya kolobe le rice] ],DISH_OR_FOOD: nama ya kolobe le rice,sot
kitchen_and_dining,meal_suggestion,I'm having a party for the kids. What kind of fast food can I give them?,,[IN:meal_suggestion ],,sot
kitchen_and_dining,meal_suggestion,Give me a list of healthy lunches.,15:34:SL:MEAL_PERIOD,[IN:meal_suggestion [SL:MEAL_PERIOD dijo tsa motshehare] ],MEAL_PERIOD: dijo tsa motshehare,sot
kitchen_and_dining,meal_suggestion,Give me a list of healthy snacks for elementary school children.,,[IN:meal_suggestion ],,sot
kitchen_and_dining,meal_suggestion,"I have vegetarian guests, what can I prepare for them?",26:30:SL:DISH_OR_FOOD,[IN:meal_suggestion [SL:DISH_OR_FOOD nama] ],DISH_OR_FOOD: nama,sot
kitchen_and_dining,meal_suggestion,Which restaurant sells the best stew,33:39:SL:DISH_OR_FOOD,[IN:meal_suggestion [SL:DISH_OR_FOOD mohodu] ],DISH_OR_FOOD: mohodu,sot
kitchen_and_dining,meal_suggestion,"And she has diabetes, so what should I cook for her?",,[IN:meal_suggestion ],,sot
kitchen_and_dining,meal_suggestion,"Do I have a cold, eat raw food?",,[IN:meal_suggestion ],,sot
kitchen_and_dining,meal_suggestion,"My father has a heart condition, so I should avoid buying him vegetables.",,[IN:meal_suggestion ],,sot
kitchen_and_dining,meal_suggestion,"My aunt has a stomach problem, can I cook her a vegetarian meal?",,[IN:meal_suggestion ],,sot
kitchen_and_dining,meal_suggestion,"My grandfather has arthritis, so what can I cook for him?",,[IN:meal_suggestion ],,sot
kitchen_and_dining,meal_suggestion,"Grandma has food in her stomach, so what should I avoid cooking for her?",,[IN:meal_suggestion ],,sot
kitchen_and_dining,meal_suggestion,What do I cook with?,0:7:SL:DISH_OR_FOOD,[IN:meal_suggestion [SL:DISH_OR_FOOD Masonja] ],DISH_OR_FOOD: Masonja,sot
kitchen_and_dining,meal_suggestion,Give me a little German food that I can cook.,,[IN:meal_suggestion ],,sot
kitchen_and_dining,meal_suggestion,"I'm going to Dubai next week, what food should I try?",6:11:SL:CITY_OR_PROVINCE,[IN:meal_suggestion [SL:CITY_OR_PROVINCE Dubai] ],CITY_OR_PROVINCE: Dubai,sot
kitchen_and_dining,meal_suggestion,"I am in Thailand now, what delicious food should I eat?",3:11:SL:COUNTRY,[IN:meal_suggestion [SL:COUNTRY Thailand] ],COUNTRY: Thailand,sot
kitchen_and_dining,meal_suggestion,"I'm going to Paris next month, give me a list of restaurants that serve good food.",6:11:SL:CITY_OR_PROVINCE,[IN:meal_suggestion [SL:CITY_OR_PROVINCE Paris] ],CITY_OR_PROVINCE: Paris,sot
kitchen_and_dining,meal_suggestion,What should a six - month - old baby eat?,,[IN:meal_suggestion ],,sot
kitchen_and_dining,meal_suggestion,Can a one - year - old eat pork?,33:47:SL:DISH_OR_FOOD,[IN:meal_suggestion [SL:DISH_OR_FOOD nama ya kolobe] ],DISH_OR_FOOD: nama ya kolobe,sot
kitchen_and_dining,meal_suggestion,What are some of the delicacies of Lesotho?,28:35:SL:COUNTRY,[IN:meal_suggestion [SL:COUNTRY Lesotho] ],COUNTRY: Lesotho,sot
kitchen_and_dining,meal_suggestion,What can I eat for breakfast?,7:15:SL:DISH_OR_FOOD,[IN:meal_suggestion [SL:DISH_OR_FOOD magwenya] ],DISH_OR_FOOD: magwenya,sot
kitchen_and_dining,meal_suggestion,What can I buy from a bakery in Kota Joe? ,35:43:SL:RESTAURANT_NAME,[IN:meal_suggestion [SL:RESTAURANT_NAME Kota Joe] ],RESTAURANT_NAME: Kota Joe,sot
kitchen_and_dining,meal_suggestion,Can I cook vegetables with oil?,"10:16:SL:DISH_OR_FOOD,20:26:SL:DISH_OR_FOOD",[IN:meal_suggestion [SL:DISH_OR_FOOD moroho] [SL:DISH_OR_FOOD mafura] ],DISH_OR_FOOD: moroho $$ DISH_OR_FOOD: mafura,sot
kitchen_and_dining,meal_suggestion,Give me a variety of dinners,5:19:SL:MEAL_PERIOD,[IN:meal_suggestion [SL:MEAL_PERIOD dijo tsa bosiu] ],MEAL_PERIOD: dijo tsa bosiu,sot
kitchen_and_dining,meal_suggestion,What kind of food do the Thais cook?,9:17:SL:COUNTRY,[IN:meal_suggestion [SL:COUNTRY Thailand] ],COUNTRY: Thailand,sot
kitchen_and_dining,meal_suggestion,What are some of Nigeria's delicacies?,28:35:SL:COUNTRY,[IN:meal_suggestion [SL:COUNTRY Nigeria] ],COUNTRY: Nigeria,sot
kitchen_and_dining,meal_suggestion,Give me a variety of breakfast,5:20:SL:MEAL_PERIOD,[IN:meal_suggestion [SL:MEAL_PERIOD dijo tsa hoseng] ],MEAL_PERIOD: dijo tsa hoseng,sot
kitchen_and_dining,meal_suggestion,I have Zulu cooks. What can I cook for them?,,[IN:meal_suggestion ],,sot
kitchen_and_dining,meal_suggestion,What can I eat to lose weight?,,[IN:meal_suggestion ],,sot
kitchen_and_dining,meal_suggestion,What can I eat to gain weight?,,[IN:meal_suggestion ],,sot
kitchen_and_dining,meal_suggestion,Give me food without starch,,[IN:meal_suggestion ],,sot
kitchen_and_dining,meal_suggestion,Give me a lean diet,21:27:SL:DISH_OR_FOOD,[IN:meal_suggestion [SL:DISH_OR_FOOD mafura] ],DISH_OR_FOOD: mafura,sot
kitchen_and_dining,meal_suggestion,Give me a diet with lots of vegetables,,[IN:meal_suggestion ],,sot
kitchen_and_dining,meal_suggestion,Give me a drink with less sugar,20:28:SL:DISH_OR_FOOD,[IN:meal_suggestion [SL:DISH_OR_FOOD tswekere] ],DISH_OR_FOOD: tswekere,sot
kitchen_and_dining,meal_suggestion,Give me a noncarbonated drink,,[IN:meal_suggestion ],,sot
kitchen_and_dining,meal_suggestion,What can I cook for Mexican visitors?,9:15:SL:COUNTRY,[IN:meal_suggestion [SL:COUNTRY Mexico] ],COUNTRY: Mexico,sot
kitchen_and_dining,meal_suggestion,What can I cook for the American visitors?,9:16:SL:COUNTRY,[IN:meal_suggestion [SL:COUNTRY Amerika] ],COUNTRY: Amerika,sot
kitchen_and_dining,meal_suggestion,"My father doesn't like spicy food, so what spices can I use to make it palatable?",,[IN:meal_suggestion ],,sot
kitchen_and_dining,meal_suggestion,What can I eat if I have an ulcer on my tongue?,,[IN:meal_suggestion ],,sot
kitchen_and_dining,meal_suggestion,What food should I buy when I arrive in Cape Town?,31:40:SL:CITY_OR_PROVINCE,[IN:meal_suggestion [SL:CITY_OR_PROVINCE Cape Town] ],CITY_OR_PROVINCE: Cape Town,sot
kitchen_and_dining,meal_suggestion,What can I cook fish with?,9:15:SL:DISH_OR_FOOD,[IN:meal_suggestion [SL:DISH_OR_FOOD tlhapi] ],DISH_OR_FOOD: tlhapi,sot
kitchen_and_dining,meal_suggestion,Can I drink chamomile tea when I'm tired?,,[IN:meal_suggestion ],,sot
kitchen_and_dining,meal_suggestion,Give me a list of foods that are actively giving.,,[IN:meal_suggestion ],,sot
kitchen_and_dining,meal_suggestion,What kind of oil is suitable for cooking?,3:9:SL:DISH_OR_FOOD,[IN:meal_suggestion [SL:DISH_OR_FOOD mafura] ],DISH_OR_FOOD: mafura,sot
kitchen_and_dining,meal_suggestion,What prey can cook a meal?,"3:9:SL:DISH_OR_FOOD,27:33:SL:DISH_OR_FOOD",[IN:meal_suggestion [SL:DISH_OR_FOOD phoofo] [SL:DISH_OR_FOOD phuthu] ],DISH_OR_FOOD: phoofo $$ DISH_OR_FOOD: phuthu,sot
kitchen_and_dining,meal_suggestion,What is the proper booty for a wedding?,"3:9:SL:DISH_OR_FOOD,34:40:SL:DISH_OR_FOOD",[IN:meal_suggestion [SL:DISH_OR_FOOD phoofo] [SL:DISH_OR_FOOD motoho] ],DISH_OR_FOOD: phoofo $$ DISH_OR_FOOD: motoho,sot
kitchen_and_dining,meal_suggestion,What is the proper prey for the English duck?,"3:9:SL:DISH_OR_FOOD,26:30:SL:DISH_OR_FOOD,34:41:SL:LANGUAGE_NAME",[IN:meal_suggestion [SL:DISH_OR_FOOD phoofo] [SL:DISH_OR_FOOD papa] [SL:LANGUAGE_NAME Sesotho] ],DISH_OR_FOOD: phoofo $$ DISH_OR_FOOD: papa $$ LANGUAGE_NAME: Sesotho,sot
kitchen_and_dining,meal_suggestion,Give me a store that sells Korean food,,[IN:meal_suggestion ],,sot
kitchen_and_dining,meal_suggestion,Give me a Chinese food store,,[IN:meal_suggestion ],,sot
kitchen_and_dining,meal_suggestion,Give me a Dubai food store,36:41:SL:CITY_OR_PROVINCE,[IN:meal_suggestion [SL:CITY_OR_PROVINCE Dubai] ],CITY_OR_PROVINCE: Dubai,sot
kitchen_and_dining,meal_suggestion,Give me a shop that sells Indian food,,[IN:meal_suggestion ],,sot
kitchen_and_dining,meal_suggestion,What can I use in my cooking other than oil?,25:31:SL:DISH_OR_FOOD,[IN:meal_suggestion [SL:DISH_OR_FOOD mafura] ],DISH_OR_FOOD: mafura,sot
kitchen_and_dining,meal_suggestion,Give me a list of fruits suitable for seven - month - olds.,15:25:SL:SHOPPING_ITEM,[IN:meal_suggestion [SL:SHOPPING_ITEM ditholwana] ],SHOPPING_ITEM: ditholwana,sot
kitchen_and_dining,recipe,What is needed to cook chicken,30:35:SL:DISH_OR_FOOD,[IN:recipe [SL:DISH_OR_FOOD kgoho] ],DISH_OR_FOOD: kgoho,sot
kitchen_and_dining,recipe,How do I cook chicken,15:20:SL:DISH_OR_FOOD,[IN:recipe [SL:DISH_OR_FOOD kgoho] ],DISH_OR_FOOD: kgoho,sot
kitchen_and_dining,recipe,How do I start baking a cake,30:41:SL:DISH_OR_FOOD,[IN:recipe [SL:DISH_OR_FOOD leqebekwane] ],DISH_OR_FOOD: leqebekwane,sot
kitchen_and_dining,recipe,Give them the details I need to bake the cookies,,[IN:recipe ],,sot
kitchen_and_dining,recipe,How do I make cream spinash,14:27:SL:DISH_OR_FOOD,[IN:recipe [SL:DISH_OR_FOOD cream spinash] ],DISH_OR_FOOD: cream spinash,sot
kitchen_and_dining,recipe,How to make pasta,7:12:SL:DISH_OR_FOOD,[IN:recipe [SL:DISH_OR_FOOD pasta] ],DISH_OR_FOOD: pasta,sot
kitchen_and_dining,recipe,How to prepare omelet,26:32:SL:DISH_OR_FOOD,[IN:recipe [SL:DISH_OR_FOOD omelet] ],DISH_OR_FOOD: omelet,sot
kitchen_and_dining,recipe,How does he cook for his father,,[IN:recipe ],,sot
kitchen_and_dining,recipe,How is fried fish made,0:18:SL:DISH_OR_FOOD,[IN:recipe [SL:DISH_OR_FOOD Tlhapi e hadikwang] ],DISH_OR_FOOD: Tlhapi e hadikwang,sot
kitchen_and_dining,recipe,How the shellfish is cooked,0:4:SL:DISH_OR_FOOD,[IN:recipe [SL:DISH_OR_FOOD Papa] ],DISH_OR_FOOD: Papa,sot
kitchen_and_dining,recipe,A delicious recipe for custard,19:26:SL:DISH_OR_FOOD,[IN:recipe [SL:DISH_OR_FOOD custard] ],DISH_OR_FOOD: custard,sot
kitchen_and_dining,recipe,Look for a recipe for potatoes,16:24:SL:DISH_OR_FOOD,[IN:recipe [SL:DISH_OR_FOOD ditapole] ],DISH_OR_FOOD: ditapole,sot
kitchen_and_dining,recipe,Look for the recipe for mince pie,16:25:SL:DISH_OR_FOOD,[IN:recipe [SL:DISH_OR_FOOD mince pie] ],DISH_OR_FOOD: mince pie,sot
kitchen_and_dining,recipe,Find me a recipe for a Sesotho beer,19:35:SL:DISH_OR_FOOD,[IN:recipe [SL:DISH_OR_FOOD jwala ba Sesotho] ],DISH_OR_FOOD: jwala ba Sesotho,sot
kitchen_and_dining,recipe,Give me the recipe for the cakes,19:25:SL:DISH_OR_FOOD,[IN:recipe [SL:DISH_OR_FOOD dikuku] ],DISH_OR_FOOD: dikuku,sot
kitchen_and_dining,recipe,Show me how to make pizza,27:32:SL:DISH_OR_FOOD,[IN:recipe [SL:DISH_OR_FOOD pizza] ],DISH_OR_FOOD: pizza,sot
kitchen_and_dining,recipe,How do I make a chicken pot pie?,14:30:SL:DISH_OR_FOOD,[IN:recipe [SL:DISH_OR_FOOD pot pie ya kgoho] ],DISH_OR_FOOD: pot pie ya kgoho,sot
kitchen_and_dining,recipe,I cook lamb meat on the grass,9:20:SL:DISH_OR_FOOD,[IN:recipe [SL:DISH_OR_FOOD nama ya nku] ],DISH_OR_FOOD: nama ya nku,sot
kitchen_and_dining,recipe,Give me the recipe for bread,15:22:SL:DISH_OR_FOOD,[IN:recipe [SL:DISH_OR_FOOD borotho] ],DISH_OR_FOOD: borotho,sot
kitchen_and_dining,recipe,Give me the recipe for the stamp,15:21:SL:DISH_OR_FOOD,[IN:recipe [SL:DISH_OR_FOOD stampo] ],DISH_OR_FOOD: stampo,sot
kitchen_and_dining,recipe,I cook food on grass so it doesn't burn,,[IN:recipe ],,sot
kitchen_and_dining,recipe,How long is beef cooked,0:13:SL:DISH_OR_FOOD,[IN:recipe [SL:DISH_OR_FOOD Nama ya kgomo] ],DISH_OR_FOOD: Nama ya kgomo,sot
kitchen_and_dining,recipe,Give me the recipe for the ting,15:19:SL:DISH_OR_FOOD,[IN:recipe [SL:DISH_OR_FOOD ting] ],DISH_OR_FOOD: ting,sot
kitchen_and_dining,recipe,for children we bake at 180 in the oven,21:24:SL:NUMBER,[IN:recipe [SL:NUMBER 180] ],NUMBER: 180,sot
kitchen_and_dining,recipe,Give me the recipe for cheesecake,15:25:SL:DISH_OR_FOOD,[IN:recipe [SL:DISH_OR_FOOD cheesecake] ],DISH_OR_FOOD: cheesecake,sot
kitchen_and_dining,recipe,How do I do this,14:19:SL:DISH_OR_FOOD,[IN:recipe [SL:DISH_OR_FOOD phaye] ],DISH_OR_FOOD: phaye,sot
kitchen_and_dining,recipe,Look at the recipe for macaroni and cheese,20:36:SL:DISH_OR_FOOD,[IN:recipe [SL:DISH_OR_FOOD macaroni le kase] ],DISH_OR_FOOD: macaroni le kase,sot
kitchen_and_dining,recipe,You can find me a recipe for a simple potato,25:44:SL:DISH_OR_FOOD,[IN:recipe [SL:DISH_OR_FOOD ditapole tse bonolo] ],DISH_OR_FOOD: ditapole tse bonolo,sot
kitchen_and_dining,recipe,I need instructions on how to make shepherd's pie,29:41:SL:DISH_OR_FOOD,[IN:recipe [SL:DISH_OR_FOOD sheperds pie] ],DISH_OR_FOOD: sheperds pie,sot
kitchen_and_dining,recipe,I need help with the recipe for chicken curry,37:51:SL:DISH_OR_FOOD,[IN:recipe [SL:DISH_OR_FOOD curry ya kgoho] ],DISH_OR_FOOD: curry ya kgoho,sot
kitchen_and_dining,recipe,Give me the recipe for wheat rusks,15:31:SL:DISH_OR_FOOD,[IN:recipe [SL:DISH_OR_FOOD di-rusk tsa koro] ],DISH_OR_FOOD: di-rusk tsa koro,sot
kitchen_and_dining,recipe,Give me the recipe for stir fry chicken,15:32:SL:DISH_OR_FOOD,[IN:recipe [SL:DISH_OR_FOOD stir fry sa kgoho] ],DISH_OR_FOOD: stir fry sa kgoho,sot
kitchen_and_dining,recipe,How do I make a tuna salad,14:27:SL:DISH_OR_FOOD,[IN:recipe [SL:DISH_OR_FOOD salad ya tuna] ],DISH_OR_FOOD: salad ya tuna,sot
kitchen_and_dining,recipe,You can find me a recipe for a German chocolate cake,"25:42:SL:DISH_OR_FOOD,46:53:SL:COUNTRY",[IN:recipe [SL:DISH_OR_FOOD kuku ya chocolate] [SL:COUNTRY germany] ],DISH_OR_FOOD: kuku ya chocolate $$ COUNTRY: germany,sot
kitchen_and_dining,recipe,I need a recipe for making beef stew,27:42:SL:DISH_OR_FOOD,[IN:recipe [SL:DISH_OR_FOOD setjhu sa kgomo] ],DISH_OR_FOOD: setjhu sa kgomo,sot
kitchen_and_dining,recipe,I'm looking for a delicious recipe to make chocolate chip cookies from scratch,36:62:SL:DISH_OR_FOOD,[IN:recipe [SL:DISH_OR_FOOD dikuku tsa chocolate chips] ],DISH_OR_FOOD: dikuku tsa chocolate chips,sot
kitchen_and_dining,recipe,Please look at the recipe for chocolate fudge cakes,34:60:SL:DISH_OR_FOOD,[IN:recipe [SL:DISH_OR_FOOD dikuku tsa chocolate fudge] ],DISH_OR_FOOD: dikuku tsa chocolate fudge,sot
kitchen_and_dining,recipe,Can you tell me how to make a ceviche,36:43:SL:DISH_OR_FOOD,[IN:recipe [SL:DISH_OR_FOOD ceviche] ],DISH_OR_FOOD: ceviche,sot
kitchen_and_dining,recipe,Give me the recipe for a European cheesecake,15:26:SL:DISH_OR_FOOD,[IN:recipe [SL:DISH_OR_FOOD cheese cake] ],DISH_OR_FOOD: cheese cake,sot
kitchen_and_dining,recipe,See the simple recipe for beef ribs,28:45:SL:DISH_OR_FOOD,[IN:recipe [SL:DISH_OR_FOOD di-ribs tsa kgomo] ],DISH_OR_FOOD: di-ribs tsa kgomo,sot
kitchen_and_dining,recipe,I need a delicious recipe for sweet potatoes,28:47:SL:DISH_OR_FOOD,[IN:recipe [SL:DISH_OR_FOOD ditapole tse bonolo] ],DISH_OR_FOOD: ditapole tse bonolo,sot
kitchen_and_dining,recipe,Give me the recipe for apple pie,15:24:SL:DISH_OR_FOOD,[IN:recipe [SL:DISH_OR_FOOD apple pie] ],DISH_OR_FOOD: apple pie,sot
kitchen_and_dining,recipe,Give me the recipe for the quiche,15:21:SL:DISH_OR_FOOD,[IN:recipe [SL:DISH_OR_FOOD quiche] ],DISH_OR_FOOD: quiche,sot
kitchen_and_dining,recipe,Give me the recipe for pasta,15:20:SL:DISH_OR_FOOD,[IN:recipe [SL:DISH_OR_FOOD pasta] ],DISH_OR_FOOD: pasta,sot
kitchen_and_dining,recipe,Give me the recipe for cream sauce,15:30:SL:DISH_OR_FOOD,[IN:recipe [SL:DISH_OR_FOOD moroho wa cream] ],DISH_OR_FOOD: moroho wa cream,sot
kitchen_and_dining,recipe,Give me the recipe for the tomato sauce,15:31:SL:DISH_OR_FOOD,[IN:recipe [SL:DISH_OR_FOOD moroho wa tamati] ],DISH_OR_FOOD: moroho wa tamati,sot
kitchen_and_dining,recipe,How is lasanga made?,,[IN:recipe ],,sot
kitchen_and_dining,recipe,Give me the recipe for Sesotho liquor,15:31:SL:DISH_OR_FOOD,[IN:recipe [SL:DISH_OR_FOOD jwala ba Sesotho] ],DISH_OR_FOOD: jwala ba Sesotho,sot
kitchen_and_dining,recipe,Give me the recipe for the pepper sauce.,15:30:SL:DISH_OR_FOOD,[IN:recipe [SL:DISH_OR_FOOD moroho wa thepe] ],DISH_OR_FOOD: moroho wa thepe,sot
kitchen_and_dining,recipe,Give me the recipe for the cream,15:22:SL:DISH_OR_FOOD,[IN:recipe [SL:DISH_OR_FOOD kgemere] ],DISH_OR_FOOD: kgemere,sot
kitchen_and_dining,recipe,Give me the recipe for Sesotho bread,"15:21:SL:DISH_OR_FOOD,25:32:SL:LANGUAGE_NAME",[IN:recipe [SL:DISH_OR_FOOD bohobe] [SL:LANGUAGE_NAME Sesotho] ],DISH_OR_FOOD: bohobe $$ LANGUAGE_NAME: Sesotho,sot
kitchen_and_dining,recipe,Give me the recipe for the cream biscuits,15:36:SL:DISH_OR_FOOD,[IN:recipe [SL:DISH_OR_FOOD dibiskiti tsa kgemere] ],DISH_OR_FOOD: dibiskiti tsa kgemere,sot
kitchen_and_dining,recipe,How is Sesotho chicken cooked?,0:16:SL:DISH_OR_FOOD,[IN:recipe [SL:DISH_OR_FOOD Kgoho ya Sesotho] ],DISH_OR_FOOD: Kgoho ya Sesotho,sot
kitchen_and_dining,recipe,Give me the recipe for the beans mixed with the stamp,15:46:SL:DISH_OR_FOOD,[IN:recipe [SL:DISH_OR_FOOD dinahwa tse kopaneng le setampo] ],DISH_OR_FOOD: dinahwa tse kopaneng le setampo,sot
kitchen_and_dining,recipe,How is the stamp prepared?,0:7:SL:DISH_OR_FOOD,[IN:recipe [SL:DISH_OR_FOOD Setampo] ],DISH_OR_FOOD: Setampo,sot
kitchen_and_dining,recipe,Give me a recipe for rice with different vegetables,15:48:SL:DISH_OR_FOOD,[IN:recipe [SL:DISH_OR_FOOD raese e nang le meroho e fapaneng] ],DISH_OR_FOOD: raese e nang le meroho e fapaneng,sot
kitchen_and_dining,recipe,Give me the recipe for the thief.,15:21:SL:DISH_OR_FOOD,[IN:recipe [SL:DISH_OR_FOOD mohodu] ],DISH_OR_FOOD: mohodu,sot
kitchen_and_dining,recipe,I need a recipe for a chicken pot pie,19:35:SL:DISH_OR_FOOD,[IN:recipe [SL:DISH_OR_FOOD pot pie ya kgoho] ],DISH_OR_FOOD: pot pie ya kgoho,sot
kitchen_and_dining,recipe,Give me the recipe for the beef casserole,15:29:SL:DISH_OR_FOOD,[IN:recipe [SL:DISH_OR_FOOD beef casserole] ],DISH_OR_FOOD: beef casserole,sot
kitchen_and_dining,recipe,Give me the recipe for the enchiladas,15:25:SL:DISH_OR_FOOD,[IN:recipe [SL:DISH_OR_FOOD enchiladas] ],DISH_OR_FOOD: enchiladas,sot
kitchen_and_dining,recipe,Give me the recipe for Sesotho papaya and how to make it,"15:19:SL:DISH_OR_FOOD,23:30:SL:LANGUAGE_NAME",[IN:recipe [SL:DISH_OR_FOOD papa] [SL:LANGUAGE_NAME Sesotho] ],DISH_OR_FOOD: papa $$ LANGUAGE_NAME: Sesotho,sot
kitchen_and_dining,recipe,How is Sponge Cake made?,0:11:SL:DISH_OR_FOOD,[IN:recipe [SL:DISH_OR_FOOD Sponge Cake] ],DISH_OR_FOOD: Sponge Cake,sot
kitchen_and_dining,recipe,Give me the recipe for Iced Tea,15:23:SL:DISH_OR_FOOD,[IN:recipe [SL:DISH_OR_FOOD Iced Tea] ],DISH_OR_FOOD: Iced Tea,sot
kitchen_and_dining,recipe,A recipe for a potato salad with cheese,14:47:SL:DISH_OR_FOOD,[IN:recipe [SL:DISH_OR_FOOD salate ya ditapole e nang ke kase] ],DISH_OR_FOOD: salate ya ditapole e nang ke kase,sot
kitchen_and_dining,recipe,Give me the recipe for the buttermilk,15:31:SL:DISH_OR_FOOD,[IN:recipe [SL:DISH_OR_FOOD motoho wa botoro] ],DISH_OR_FOOD: motoho wa botoro,sot
kitchen_and_dining,recipe,Give me the recipe for lemon biscuits,15:39:SL:DISH_OR_FOOD,[IN:recipe [SL:DISH_OR_FOOD dibiskiti tsa sirilamunu] ],DISH_OR_FOOD: dibiskiti tsa sirilamunu,sot
kitchen_and_dining,recipe,Give me the recipe for salmon sushi,15:27:SL:DISH_OR_FOOD,[IN:recipe [SL:DISH_OR_FOOD salmon sushi] ],DISH_OR_FOOD: salmon sushi,sot
kitchen_and_dining,recipe,Where can I find the recipe book for The Lazy Makoti?,,[IN:recipe ],,sot
kitchen_and_dining,recipe,Give me the recipe for pork belly,15:25:SL:DISH_OR_FOOD,[IN:recipe [SL:DISH_OR_FOOD pork belly] ],DISH_OR_FOOD: pork belly,sot
kitchen_and_dining,recipe,Give me a recipe for baking peanuts,23:33:SL:DISH_OR_FOOD,[IN:recipe [SL:DISH_OR_FOOD matokomane] ],DISH_OR_FOOD: matokomane,sot
kitchen_and_dining,recipe,Give me a website with sushi recipes,31:36:SL:DISH_OR_FOOD,[IN:recipe [SL:DISH_OR_FOOD sushi] ],DISH_OR_FOOD: sushi,sot
kitchen_and_dining,recipe,Show me the different slates,,[IN:recipe ],,sot
kitchen_and_dining,recipe,I would like to learn to bake meat,30:34:SL:DISH_OR_FOOD,[IN:recipe [SL:DISH_OR_FOOD nama] ],DISH_OR_FOOD: nama,sot
kitchen_and_dining,recipe,Show me the famous recipes for chacal,34:43:SL:DISH_OR_FOOD,[IN:recipe [SL:DISH_OR_FOOD chakalaka] ],DISH_OR_FOOD: chakalaka,sot
kitchen_and_dining,recipe,I need a recipe for creamy spinach,19:33:SL:DISH_OR_FOOD,[IN:recipe [SL:DISH_OR_FOOD creamy spinach] ],DISH_OR_FOOD: creamy spinach,sot
kitchen_and_dining,recipe,Give me the tools to cook the turkey,26:34:SL:DISH_OR_FOOD,[IN:recipe [SL:DISH_OR_FOOD kalakunu] ],DISH_OR_FOOD: kalakunu,sot
kitchen_and_dining,recipe,I need the details of the mayonnaise,28:36:SL:DISH_OR_FOOD,[IN:recipe [SL:DISH_OR_FOOD mayonisi] ],DISH_OR_FOOD: mayonisi,sot
kitchen_and_dining,recipe,How I bake bread,8:14:SL:DISH_OR_FOOD,[IN:recipe [SL:DISH_OR_FOOD bohobe] ],DISH_OR_FOOD: bohobe,sot
kitchen_and_dining,recipe,What is the recipe for a delicious steak,26:31:SL:DISH_OR_FOOD,[IN:recipe [SL:DISH_OR_FOOD steak] ],DISH_OR_FOOD: steak,sot
kitchen_and_dining,recipe,Find the recipe for hamburgers,17:27:SL:DISH_OR_FOOD,[IN:recipe [SL:DISH_OR_FOOD hamburgers] ],DISH_OR_FOOD: hamburgers,sot
kitchen_and_dining,restaurant_reservation,I would like to reserve a table for 10 people at 7pm Wimpy,"38:40:SL:NUMBER,41:46:SL:RESTAURANT_NAME,50:53:SL:TIME",[IN:restaurant_reservation [SL:NUMBER 10] [SL:RESTAURANT_NAME Wimpy] [SL:TIME 7pm] ],NUMBER: 10 $$ RESTAURANT_NAME: Wimpy $$ TIME: 7pm,sot
kitchen_and_dining,restaurant_reservation,Set a table for 15 people in the Lower Restaurant,"28:30:SL:NUMBER,31:48:SL:RESTAURANT_NAME",[IN:restaurant_reservation [SL:NUMBER 15] [SL:RESTAURANT_NAME Mzansi Restuarant] ],NUMBER: 15 $$ RESTAURANT_NAME: Mzansi Restuarant,sot
kitchen_and_dining,restaurant_reservation,Is the Seven Colours Eatery open for private parties,3:23:SL:RESTAURANT_NAME,[IN:restaurant_reservation [SL:RESTAURANT_NAME Seven Colours Eatery] ],RESTAURANT_NAME: Seven Colours Eatery,sot
kitchen_and_dining,restaurant_reservation,Set me a table at 8pm at the Sakhumzi Restaurant,"18:21:SL:TIME,22:41:SL:RESTAURANT_NAME",[IN:restaurant_reservation [SL:TIME 8pm] [SL:RESTAURANT_NAME Sakhumzi Restuarent] ],TIME: 8pm $$ RESTAURANT_NAME: Sakhumzi Restuarent,sot
kitchen_and_dining,restaurant_reservation,Set me up at 7PM Native Rebels,"18:21:SL:TIME,22:35:SL:RESTAURANT_NAME",[IN:restaurant_reservation [SL:TIME 7PM] [SL:RESTAURANT_NAME Native Rebels] ],TIME: 7PM $$ RESTAURANT_NAME: Native Rebels,sot
kitchen_and_dining,restaurant_reservation,Set me a table at 6pm 1947 on Vilakazi,"18:21:SL:TIME,22:38:SL:RESTAURANT_NAME",[IN:restaurant_reservation [SL:TIME 6pm] [SL:RESTAURANT_NAME 1947 on Vilakazi] ],TIME: 6pm $$ RESTAURANT_NAME: 1947 on Vilakazi,sot
kitchen_and_dining,restaurant_reservation,Set me a table at 9pm in the Souffle Pub,18:21:SL:TIME,[IN:restaurant_reservation [SL:TIME 9pm] ],TIME: 9pm,sot
kitchen_and_dining,restaurant_reservation,Can we make a reservation for 10 people at the Souffens Pub?,37:39:SL:NUMBER,[IN:restaurant_reservation [SL:NUMBER 10] ],NUMBER: 10,sot
kitchen_and_dining,restaurant_reservation,Does the Disoufeng Pub make reservations for children's parties?,3:16:SL:RESTAURANT_NAME,[IN:restaurant_reservation [SL:RESTAURANT_NAME Disoufeng Pub] ],RESTAURANT_NAME: Disoufeng Pub,sot
kitchen_and_dining,restaurant_reservation,Mzansi Restaurant is going to make a reservation for those who want to show their paintings?,0:17:SL:RESTAURANT_NAME,[IN:restaurant_reservation [SL:RESTAURANT_NAME Mzansi Restuarant] ],RESTAURANT_NAME: Mzansi Restuarant,sot
kitchen_and_dining,restaurant_reservation,Does Samkhumzi have Christmas parties?,"3:12:SL:RESTAURANT_NAME,23:46:SL:CALENDAR_EVENT",[IN:restaurant_reservation [SL:RESTAURANT_NAME Samkhumzi] [SL:CALENDAR_EVENT meketjana ya Keresemese] ],RESTAURANT_NAME: Samkhumzi $$ CALENDAR_EVENT: meketjana ya Keresemese,sot
kitchen_and_dining,restaurant_reservation,can I book an overnight stay for one person?,,[IN:restaurant_reservation ],,sot
kitchen_and_dining,restaurant_reservation,can I make a reservation for famous people only?,,[IN:restaurant_reservation ],,sot
kitchen_and_dining,restaurant_reservation,can I make a reservation for the beer tasting?,,[IN:restaurant_reservation ],,sot
kitchen_and_dining,restaurant_reservation,Can I make a reservation for foreigners who want to try South African food?,75:87:SL:COUNTRY,[IN:restaurant_reservation [SL:COUNTRY Afrika Borwa] ],COUNTRY: Afrika Borwa,sot
kitchen_and_dining,restaurant_reservation,can I make a reservation for piano lessons?,,[IN:restaurant_reservation ],,sot
kitchen_and_dining,restaurant_reservation,Could I have a reservation for two people at the table instead of seven?,,[IN:restaurant_reservation ],,sot
kitchen_and_dining,restaurant_reservation,please make a reservation for tomorrow morning.,,[IN:restaurant_reservation ],,sot
kitchen_and_dining,restaurant_reservation,where can a table be found today?,,[IN:restaurant_reservation ],,sot
kitchen_and_dining,restaurant_reservation,can I get a table by the window?,,[IN:restaurant_reservation ],,sot
kitchen_and_dining,restaurant_reservation,can I reserve a table for a special date?,,[IN:restaurant_reservation ],,sot
kitchen_and_dining,restaurant_reservation,can I set a table for my birthday?,,[IN:restaurant_reservation ],,sot
kitchen_and_dining,restaurant_reservation,Borrow a table for 6 people from KFC,"27:28:SL:NUMBER,29:32:SL:RESTAURANT_NAME",[IN:restaurant_reservation [SL:NUMBER 6] [SL:RESTAURANT_NAME KFC] ],NUMBER: 6 $$ RESTAURANT_NAME: KFC,sot
kitchen_and_dining,restaurant_reservation,can I make an appointment on Friday night?,"20:29:SL:DATE,30:35:SL:TIME",[IN:restaurant_reservation [SL:DATE labohlano] [SL:TIME bosiu] ],DATE: labohlano $$ TIME: bosiu,sot
kitchen_and_dining,restaurant_reservation,I would like to reserve a table for Saturday night.,,[IN:restaurant_reservation ],,sot
kitchen_and_dining,restaurant_reservation,Can you handle a wedding of six people?,,[IN:restaurant_reservation ],,sot
kitchen_and_dining,restaurant_reservation,how many people should be set a table?,,[IN:restaurant_reservation ],,sot
kitchen_and_dining,restaurant_reservation,Can I have a table set outside?,,[IN:restaurant_reservation ],,sot
kitchen_and_dining,restaurant_reservation,do I need to reserve a table for a business meeting?,,[IN:restaurant_reservation ],,sot
kitchen_and_dining,restaurant_reservation,are reservations necessary or can I just come in anytime?,,[IN:restaurant_reservation ],,sot
kitchen_and_dining,restaurant_reservation,can I make a reservation for tomorrow afternoon?,,[IN:restaurant_reservation ],,sot
kitchen_and_dining,restaurant_reservation,when is it not possible to make a reservation?,,[IN:restaurant_reservation ],,sot
kitchen_and_dining,restaurant_reservation,how long is the reservation?,,[IN:restaurant_reservation ],,sot
kitchen_and_dining,restaurant_reservation,can i make a reservation in nandos,28:34:SL:RESTAURANT_NAME,[IN:restaurant_reservation [SL:RESTAURANT_NAME Nandos] ],RESTAURANT_NAME: Nandos,sot
kitchen_and_dining,restaurant_reservation,Can I have a table for 7 people this afternoon?,30:41:SL:TIME,[IN:restaurant_reservation [SL:TIME 7 motsheare] ],TIME: 7 motsheare,sot
kitchen_and_dining,restaurant_reservation,when do i want to cancel a reservation?,,[IN:restaurant_reservation ],,sot
kitchen_and_dining,restaurant_reservation,where can a table for eight people be found?,,[IN:restaurant_reservation ],,sot
kitchen_and_dining,restaurant_reservation,can I reserve a table for the evening Mug and Bean?,47:59:SL:RESTAURANT_NAME,[IN:restaurant_reservation [SL:RESTAURANT_NAME Mug and Bean] ],RESTAURANT_NAME: Mug and Bean,sot
kitchen_and_dining,restaurant_reservation,can I reserve a table at Chicken Licken on Sunday?,21:35:SL:RESTAURANT_NAME,[IN:restaurant_reservation [SL:RESTAURANT_NAME Chicken Licken] ],RESTAURANT_NAME: Chicken Licken,sot
kitchen_and_dining,restaurant_reservation,is it possible to make a reservation for next week at Mike's Kitchen?,44:58:SL:RESTAURANT_NAME,[IN:restaurant_reservation [SL:RESTAURANT_NAME Mike's Kitchen] ],RESTAURANT_NAME: Mike's Kitchen,sot
kitchen_and_dining,restaurant_reservation,how many people are on the reservation?,,[IN:restaurant_reservation ],,sot
kitchen_and_dining,restaurant_reservation,can I make a family reservation?,,[IN:restaurant_reservation ],,sot
kitchen_and_dining,restaurant_reservation,can I make a reservation for tonight?,,[IN:restaurant_reservation ],,sot
kitchen_and_dining,restaurant_reservation,"Why then, if I had collected all my money, would I not have returned it to you?",,[IN:restaurant_reservation ],,sot
kitchen_and_dining,restaurant_reservation,can I make a reservation for the wedding table?,,[IN:restaurant_reservation ],,sot
kitchen_and_dining,restaurant_reservation,Do you eat the same food every day?,33:42:SL:TIME,[IN:restaurant_reservation [SL:TIME motsheare] ],TIME: motsheare,sot
kitchen_and_dining,restaurant_reservation,can I make a reservation for the Spur table?,39:43:SL:RESTAURANT_NAME,[IN:restaurant_reservation [SL:RESTAURANT_NAME Spur] ],RESTAURANT_NAME: Spur,sot
kitchen_and_dining,restaurant_reservation,get me a table for 10 people Wimpy,"30:32:SL:NUMBER,33:38:SL:RESTAURANT_NAME",[IN:restaurant_reservation [SL:NUMBER 10] [SL:RESTAURANT_NAME Wimpy] ],NUMBER: 10 $$ RESTAURANT_NAME: Wimpy,sot
kitchen_and_dining,restaurant_reservation,Do I need a table for a group of 20?,40:42:SL:NUMBER,[IN:restaurant_reservation [SL:NUMBER 20] ],NUMBER: 20,sot
kitchen_and_dining,restaurant_reservation,Are reservations only for weekends?,,[IN:restaurant_reservation ],,sot
kitchen_and_dining,restaurant_reservation,Can I make a reservation for Marco's African Place,26:47:SL:RESTAURANT_NAME,[IN:restaurant_reservation [SL:RESTAURANT_NAME Marco's African Place] ],RESTAURANT_NAME: Marco's African Place,sot
kitchen_and_dining,restaurant_reservation,is a reservation of more than ten people allowed in the Gold Restaurant?,"40:47:SL:NUMBER,48:62:SL:RESTAURANT_NAME",[IN:restaurant_reservation [SL:NUMBER leshome] [SL:RESTAURANT_NAME Gold Resturant] ],NUMBER: leshome $$ RESTAURANT_NAME: Gold Resturant,sot
kitchen_and_dining,restaurant_reservation,can I make a reservation for a Valentine's Day at Marco's African Place?,"32:52:SL:CALENDAR_EVENT,53:74:SL:RESTAURANT_NAME",[IN:restaurant_reservation [SL:CALENDAR_EVENT letsatsi la baratani] [SL:RESTAURANT_NAME Marco's African Place] ],CALENDAR_EVENT: letsatsi la baratani $$ RESTAURANT_NAME: Marco's African Place,sot
kitchen_and_dining,restaurant_reservation,is there a dress code at the Gold Restaurant when you book a table?,,[IN:restaurant_reservation ],,sot
kitchen_and_dining,restaurant_reservation,can I make a reservation for 20 people at Seven Colours Eatery?,"40:42:SL:NUMBER,43:63:SL:RESTAURANT_NAME",[IN:restaurant_reservation [SL:NUMBER 20] [SL:RESTAURANT_NAME Seven Colours Eatery] ],NUMBER: 20 $$ RESTAURANT_NAME: Seven Colours Eatery,sot
kitchen_and_dining,restaurant_reservation,can I book 50 people for the farewell party?,41:43:SL:NUMBER,[IN:restaurant_reservation [SL:NUMBER 50] ],NUMBER: 50,sot
kitchen_and_dining,restaurant_reservation,can I make a reservation for the bride's day?,32:53:SL:CALENDAR_EVENT,[IN:restaurant_reservation [SL:CALENDAR_EVENT letsatsi la monyaduwa] ],CALENDAR_EVENT: letsatsi la monyaduwa,sot
kitchen_and_dining,restaurant_reservation,are reservations necessary on holidays?,,[IN:restaurant_reservation ],,sot
kitchen_and_dining,restaurant_reservation,can I make a reservation for the training day?,,[IN:restaurant_reservation ],,sot
kitchen_and_dining,restaurant_reservation,can I make a reservation for a company night meeting?,,[IN:restaurant_reservation ],,sot
kitchen_and_dining,restaurant_reservation,before we get to the finish we have to pay?,,[IN:restaurant_reservation ],,sot
kitchen_and_dining,restaurant_reservation,can I make a reservation for the bridegroom's party?,50:67:SL:CALENDAR_EVENT,[IN:restaurant_reservation [SL:CALENDAR_EVENT mokete wa monyadi] ],CALENDAR_EVENT: mokete wa monyadi,sot
kitchen_and_dining,restaurant_reservation,when the appointed time for the Festival of Booths ends?,,[IN:restaurant_reservation ],,sot
kitchen_and_dining,restaurant_reservation,can I reserve a table for a business meeting?,,[IN:restaurant_reservation ],,sot
kitchen_and_dining,restaurant_reservation,can I make a reservation for a family reunion?,,[IN:restaurant_reservation ],,sot
kitchen_and_dining,restaurant_reservation,are reservations possible on weekdays?,,[IN:restaurant_reservation ],,sot
kitchen_and_dining,restaurant_reservation,can I make a reservation for christmas?,,[IN:restaurant_reservation ],,sot
kitchen_and_dining,restaurant_reservation,can I make a reservation for the New Year's Eve?,,[IN:restaurant_reservation ],,sot
kitchen_and_dining,restaurant_reservation,Does the Mzansi Restaurant accept a reservation for a large number of people,3:19:SL:RESTAURANT_NAME,[IN:restaurant_reservation [SL:RESTAURANT_NAME Mzansi Resturant] ],RESTAURANT_NAME: Mzansi Resturant,sot
kitchen_and_dining,restaurant_reservation,Make a reservation for dinner at 7pm at the Mama Africa restaurant,"26:29:SL:TIME,48:59:SL:RESTAURANT_NAME",[IN:restaurant_reservation [SL:TIME 7pm] [SL:RESTAURANT_NAME Mama Africa] ],TIME: 7pm $$ RESTAURANT_NAME: Mama Africa,sot
kitchen_and_dining,restaurant_reservation,can I make a reservation on a day off?,,[IN:restaurant_reservation ],,sot
kitchen_and_dining,restaurant_reservation,Is there any money that you don't put in the deposit?,,[IN:restaurant_reservation ],,sot
kitchen_and_dining,restaurant_reservation,can I make a reservation for next year?,,[IN:restaurant_reservation ],,sot
kitchen_and_dining,restaurant_reservation,can I make a reservation for a party at work?,,[IN:restaurant_reservation ],,sot
kitchen_and_dining,restaurant_reservation,can I make a reservation for a party for 100 people at Pitso's Kitchen?,"51:54:SL:NUMBER,55:70:SL:RESTAURANT_NAME",[IN:restaurant_reservation [SL:NUMBER 100] [SL:RESTAURANT_NAME Pitso's Kitchen] ],NUMBER: 100 $$ RESTAURANT_NAME: Pitso's Kitchen,sot
kitchen_and_dining,restaurant_reservation,can I make a reservation for a birthday party for a child at Pitso's Kitchen?,68:83:SL:RESTAURANT_NAME,[IN:restaurant_reservation [SL:RESTAURANT_NAME Pitso's Kitchen] ],RESTAURANT_NAME: Pitso's Kitchen,sot
kitchen_and_dining,restaurant_reservation,can I make a reservation for the party at Bebe Rose Restaurant?,39:58:SL:RESTAURANT_NAME,[IN:restaurant_reservation [SL:RESTAURANT_NAME Bebe Rose Resturant] ],RESTAURANT_NAME: Bebe Rose Resturant,sot
kitchen_and_dining,restaurant_reservation,can I make a reservation for the Ethiopian football team Madam Taitou?,49:70:SL:RESTAURANT_NAME,[IN:restaurant_reservation [SL:RESTAURANT_NAME Ethopian Madam Taitou] ],RESTAURANT_NAME: Ethopian Madam Taitou,sot
kitchen_and_dining,restaurant_reservation,I would like to request a table for 9 persons at the Pahari African Restaurant,"27:28:SL:NUMBER,29:53:SL:RESTAURANT_NAME",[IN:restaurant_reservation [SL:NUMBER 9] [SL:RESTAURANT_NAME Pahari African Resturant] ],NUMBER: 9 $$ RESTAURANT_NAME: Pahari African Resturant,sot
kitchen_and_dining,restaurant_reservation,can I make a reservation for a lucrative job at Pahari Restaurant?,61:77:SL:RESTAURANT_NAME,[IN:restaurant_reservation [SL:RESTAURANT_NAME Pahari Resturant] ],RESTAURANT_NAME: Pahari Resturant,sot
kitchen_and_dining,restaurant_reviews,What are the stars of Papa's restaurant?,30:36:SL:RESTAURANT_NAME,[IN:restaurant_reviews [SL:RESTAURANT_NAME Papa's] ],RESTAURANT_NAME: Papa's,sot
kitchen_and_dining,restaurant_reviews,Do people like galitos?,22:29:SL:RESTAURANT_NAME,[IN:restaurant_reviews [SL:RESTAURANT_NAME galitos] ],RESTAURANT_NAME: galitos,sot
kitchen_and_dining,restaurant_reviews,What restaurant in Pretoria serves traditional food?,23:31:SL:CITY_OR_PROVINCE,[IN:restaurant_reviews [SL:CITY_OR_PROVINCE pretoria] ],CITY_OR_PROVINCE: pretoria,sot
kitchen_and_dining,restaurant_reviews,i need a quiet restaurant where the kids can sleep,,[IN:restaurant_reviews ],,sot
kitchen_and_dining,restaurant_reviews,which restaurant would allow us to celebrate your birthday?,,[IN:restaurant_reviews ],,sot
kitchen_and_dining,restaurant_reviews,Are there any galitos in Pretoria north?,"11:18:SL:RESTAURANT_NAME,19:33:SL:PLACE_NAME",[IN:restaurant_reviews [SL:RESTAURANT_NAME galitos] [SL:PLACE_NAME pretoria north] ],RESTAURANT_NAME: galitos $$ PLACE_NAME: pretoria north,sot
kitchen_and_dining,restaurant_reviews,i need a restaurant that can accommodate a family,,[IN:restaurant_reviews ],,sot
kitchen_and_dining,restaurant_reviews,Which restaurant sells the tepe sauce?,34:49:SL:DISH_OR_FOOD,[IN:restaurant_reviews [SL:DISH_OR_FOOD moroho wa thepe] ],DISH_OR_FOOD: moroho wa thepe,sot
kitchen_and_dining,restaurant_reviews,What are the best mini euro corndogs?,13:20:SL:DISH_OR_FOOD,[IN:restaurant_reviews [SL:DISH_OR_FOOD corndog] ],DISH_OR_FOOD: corndog,sot
kitchen_and_dining,restaurant_reviews,What restaurant sells soft drinks?,,[IN:restaurant_reviews ],,sot
kitchen_and_dining,restaurant_reviews,"Does Spur accept people of all kinds, such as the disabled?",3:7:SL:RESTAURANT_NAME,[IN:restaurant_reviews [SL:RESTAURANT_NAME Spur] ],RESTAURANT_NAME: Spur,sot
kitchen_and_dining,restaurant_reviews,Is there a cheap restaurant near me?,,[IN:restaurant_reviews ],,sot
kitchen_and_dining,restaurant_reviews,How many stars does the Hunchos restaurant have?,16:23:SL:RESTAURANT_NAME,[IN:restaurant_reviews [SL:RESTAURANT_NAME Hunchos] ],RESTAURANT_NAME: Hunchos,sot
kitchen_and_dining,restaurant_reviews,Does Burger King offer special food promotions?,3:14:SL:RESTAURANT_NAME,[IN:restaurant_reviews [SL:RESTAURANT_NAME Burger King] ],RESTAURANT_NAME: Burger King,sot
kitchen_and_dining,restaurant_reviews,Does the spur have outer seats?,5:9:SL:RESTAURANT_NAME,[IN:restaurant_reviews [SL:RESTAURANT_NAME spur] ],RESTAURANT_NAME: spur,sot
kitchen_and_dining,restaurant_reviews,"Does Propaganda offer fake food, cocktails, wine, or beer?","3:13:SL:RESTAURANT_NAME,33:42:SL:DISH_OR_FOOD,44:49:SL:DISH_OR_FOOD,56:62:SL:DISH_OR_FOOD",[IN:restaurant_reviews [SL:RESTAURANT_NAME Propaganda] [SL:DISH_OR_FOOD cocktails] [SL:DISH_OR_FOOD veine] [SL:DISH_OR_FOOD dibiri] ],RESTAURANT_NAME: Propaganda $$ DISH_OR_FOOD: cocktails $$ DISH_OR_FOOD: veine $$ DISH_OR_FOOD: dibiri,sot
kitchen_and_dining,restaurant_reviews,Is KFC meat good?,8:11:SL:RESTAURANT_NAME,[IN:restaurant_reviews [SL:RESTAURANT_NAME KFC] ],RESTAURANT_NAME: KFC,sot
kitchen_and_dining,restaurant_reviews,McDonalds is popular?,13:22:SL:RESTAURANT_NAME,[IN:restaurant_reviews [SL:RESTAURANT_NAME McDonalds] ],RESTAURANT_NAME: McDonalds,sot
kitchen_and_dining,restaurant_reviews,what can I eat Roco Mamas?,21:31:SL:RESTAURANT_NAME,[IN:restaurant_reviews [SL:RESTAURANT_NAME Roco Mamas] ],RESTAURANT_NAME: Roco Mamas,sot
kitchen_and_dining,restaurant_reviews,Is the food good?,22:29:SL:RESTAURANT_NAME,[IN:restaurant_reviews [SL:RESTAURANT_NAME mai mai] ],RESTAURANT_NAME: mai mai,sot
kitchen_and_dining,restaurant_reviews,Can you buy Chicken Licken again?,"10:14:SL:DISH_OR_FOOD,18:32:SL:RESTAURANT_NAME",[IN:restaurant_reviews [SL:DISH_OR_FOOD nama] [SL:RESTAURANT_NAME Chicken Licken] ],DISH_OR_FOOD: nama $$ RESTAURANT_NAME: Chicken Licken,sot
kitchen_and_dining,restaurant_reviews,Is spur or wimpy ice cream better?,,[IN:restaurant_reviews ],,sot
kitchen_and_dining,restaurant_reviews,What is the meat of the Nandos?,"0:4:SL:DISH_OR_FOOD,8:14:SL:RESTAURANT_NAME",[IN:restaurant_reviews [SL:DISH_OR_FOOD Nama] [SL:RESTAURANT_NAME Nandos] ],DISH_OR_FOOD: Nama $$ RESTAURANT_NAME: Nandos,sot
kitchen_and_dining,restaurant_reviews,Is the food at Rhapsody's good?,9:19:SL:RESTAURANT_NAME,[IN:restaurant_reviews [SL:RESTAURANT_NAME Rhapsody's] ],RESTAURANT_NAME: Rhapsody's,sot
kitchen_and_dining,restaurant_reviews,What can buy a good Prego's?,22:29:SL:RESTAURANT_NAME,[IN:restaurant_reviews [SL:RESTAURANT_NAME Prego's] ],RESTAURANT_NAME: Prego's,sot
kitchen_and_dining,restaurant_reviews,What about the Debonairs and the Panarottis?,"8:17:SL:RESTAURANT_NAME,21:31:SL:RESTAURANT_NAME,35:40:SL:DISH_OR_FOOD",[IN:restaurant_reviews [SL:RESTAURANT_NAME Debonairs] [SL:RESTAURANT_NAME Panarottis] [SL:DISH_OR_FOOD Pizza] ],RESTAURANT_NAME: Debonairs $$ RESTAURANT_NAME: Panarottis $$ DISH_OR_FOOD: Pizza,sot
kitchen_and_dining,restaurant_reviews,What food is expensive Wimpy?,26:31:SL:RESTAURANT_NAME,[IN:restaurant_reviews [SL:RESTAURANT_NAME Wimpy] ],RESTAURANT_NAME: Wimpy,sot
kitchen_and_dining,restaurant_reviews,What makes Fishaways and Ocean baskets such delicious fish?,"8:17:SL:RESTAURANT_NAME,21:33:SL:RESTAURANT_NAME",[IN:restaurant_reviews [SL:RESTAURANT_NAME Fishaways] [SL:RESTAURANT_NAME Ocean basket] ],RESTAURANT_NAME: Fishaways $$ RESTAURANT_NAME: Ocean basket,sot
kitchen_and_dining,restaurant_reviews,Is the Vitos Burger good?,"3:9:SL:DISH_OR_FOOD,13:18:SL:RESTAURANT_NAME",[IN:restaurant_reviews [SL:DISH_OR_FOOD Burger] [SL:RESTAURANT_NAME Vitos] ],DISH_OR_FOOD: Burger $$ RESTAURANT_NAME: Vitos,sot
kitchen_and_dining,restaurant_reviews,Which restaurant is the most expensive in the city?,,[IN:restaurant_reviews ],,sot
kitchen_and_dining,restaurant_reviews,What is the public's opinion of Hunchos' food?,29:36:SL:RESTAURANT_NAME,[IN:restaurant_reviews [SL:RESTAURANT_NAME Hunchos] ],RESTAURANT_NAME: Hunchos,sot
kitchen_and_dining,restaurant_reviews,Twister's grill is selling vegetarian food?,0:15:SL:RESTAURANT_NAME,[IN:restaurant_reviews [SL:RESTAURANT_NAME Twister's grill] ],RESTAURANT_NAME: Twister's grill,sot
kitchen_and_dining,restaurant_reviews,Danny's pizza is a good dish to eat?,0:13:SL:RESTAURANT_NAME,[IN:restaurant_reviews [SL:RESTAURANT_NAME Danny's pizza] ],RESTAURANT_NAME: Danny's pizza,sot
kitchen_and_dining,restaurant_reviews,Is the ocean basket sushi good?,"3:8:SL:DISH_OR_FOOD,12:24:SL:RESTAURANT_NAME",[IN:restaurant_reviews [SL:DISH_OR_FOOD sushi] [SL:RESTAURANT_NAME ocean basket] ],DISH_OR_FOOD: sushi $$ RESTAURANT_NAME: ocean basket,sot
kitchen_and_dining,restaurant_reviews,Do people enjoy the food at the Kwasa Inn?,29:38:SL:RESTAURANT_NAME,[IN:restaurant_reviews [SL:RESTAURANT_NAME Kwasa Inn] ],RESTAURANT_NAME: Kwasa Inn,sot
kitchen_and_dining,restaurant_reviews,Does the public like the wooden house?,19:29:SL:RESTAURANT_NAME,[IN:restaurant_reviews [SL:RESTAURANT_NAME kota house] ],RESTAURANT_NAME: kota house,sot
kitchen_and_dining,restaurant_reviews,i want to know if people like pie city,42:50:SL:RESTAURANT_NAME,[IN:restaurant_reviews [SL:RESTAURANT_NAME Pie City] ],RESTAURANT_NAME: Pie City,sot
kitchen_and_dining,restaurant_reviews,Dunked wings from Libu's kitchen are delicious,"3:15:SL:DISH_OR_FOOD,20:34:SL:RESTAURANT_NAME",[IN:restaurant_reviews [SL:DISH_OR_FOOD Dunked wings] [SL:RESTAURANT_NAME Libu's kitchen] ],DISH_OR_FOOD: Dunked wings $$ RESTAURANT_NAME: Libu's kitchen,sot
kitchen_and_dining,restaurant_reviews,What dish sells the sweetest Sharwama?,27:35:SL:DISH_OR_FOOD,[IN:restaurant_reviews [SL:DISH_OR_FOOD Sharwama] ],DISH_OR_FOOD: Sharwama,sot
kitchen_and_dining,restaurant_reviews,Show me what people think about Roman pizza,"37:42:SL:DISH_OR_FOOD,46:52:SL:RESTAURANT_NAME",[IN:restaurant_reviews [SL:DISH_OR_FOOD pizza] [SL:RESTAURANT_NAME Romans] ],DISH_OR_FOOD: pizza $$ RESTAURANT_NAME: Romans,sot
kitchen_and_dining,restaurant_reviews,Is the McDonalds happy meal a waste of money?,"3:13:SL:DISH_OR_FOOD,17:26:SL:RESTAURANT_NAME",[IN:restaurant_reviews [SL:DISH_OR_FOOD happy meal] [SL:RESTAURANT_NAME McDonalds] ],DISH_OR_FOOD: happy meal $$ RESTAURANT_NAME: McDonalds,sot
kitchen_and_dining,restaurant_reviews,Are the KFC Burgers good?,"3:12:SL:DISH_OR_FOOD,17:20:SL:RESTAURANT_NAME",[IN:restaurant_reviews [SL:DISH_OR_FOOD di Burger] [SL:RESTAURANT_NAME KFC] ],DISH_OR_FOOD: di Burger $$ RESTAURANT_NAME: KFC,sot
kitchen_and_dining,restaurant_reviews,Is the Horse Thief cute?,9:15:SL:DISH_OR_FOOD,[IN:restaurant_reviews [SL:DISH_OR_FOOD Mohodu] ],DISH_OR_FOOD: Mohodu,sot
kitchen_and_dining,restaurant_reviews,Is the food at the restaurant good?,,[IN:restaurant_reviews ],,sot
kitchen_and_dining,restaurant_reviews,What restaurant sells brown chicken?,34:50:SL:DISH_OR_FOOD,[IN:restaurant_reviews [SL:DISH_OR_FOOD kgoho ya sesotho] ],DISH_OR_FOOD: kgoho ya sesotho,sot
kitchen_and_dining,restaurant_reviews,what are the best restaurants in Montana?,36:43:SL:PLACE_NAME,[IN:restaurant_reviews [SL:PLACE_NAME Montana] ],PLACE_NAME: Montana,sot
kitchen_and_dining,restaurant_reviews,Are the Propaganda cocktails good?,"0:8:SL:DISH_OR_FOOD,13:23:SL:RESTAURANT_NAME",[IN:restaurant_reviews [SL:DISH_OR_FOOD Cocktail] [SL:RESTAURANT_NAME Propaganda] ],DISH_OR_FOOD: Cocktail $$ RESTAURANT_NAME: Propaganda,sot
kitchen_and_dining,restaurant_reviews,Is the beef from Dibuseng's Kitchen delicious?,"12:34:SL:DISH_OR_FOOD,41:59:SL:RESTAURANT_NAME",[IN:restaurant_reviews [SL:DISH_OR_FOOD nama ya hloho ya kgomo] [SL:RESTAURANT_NAME Dibuseng's Kitchen] ],DISH_OR_FOOD: nama ya hloho ya kgomo $$ RESTAURANT_NAME: Dibuseng's Kitchen,sot
kitchen_and_dining,restaurant_reviews,The wine De Skuur bar is good?,"0:5:SL:DISH_OR_FOOD,9:21:SL:RESTAURANT_NAME",[IN:restaurant_reviews [SL:DISH_OR_FOOD Veine] [SL:RESTAURANT_NAME De Skuur bar] ],DISH_OR_FOOD: Veine $$ RESTAURANT_NAME: De Skuur bar,sot
kitchen_and_dining,restaurant_reviews,"Between KFC and McDonalds, where do they sell the best chicken nuggets?","10:13:SL:RESTAURANT_NAME,17:26:SL:RESTAURANT_NAME,52:72:SL:DISH_OR_FOOD",[IN:restaurant_reviews [SL:RESTAURANT_NAME KFC] [SL:RESTAURANT_NAME McDonalds] [SL:DISH_OR_FOOD di nuggets tsa kgoho] ],RESTAURANT_NAME: KFC $$ RESTAURANT_NAME: McDonalds $$ DISH_OR_FOOD: di nuggets tsa kgoho,sot
kitchen_and_dining,restaurant_reviews,How does Nandos fare?,19:25:SL:RESTAURANT_NAME,[IN:restaurant_reviews [SL:RESTAURANT_NAME Nandos] ],RESTAURANT_NAME: Nandos,sot
kitchen_and_dining,restaurant_reviews,Are the cookies from Lesedi's delicious?,3:9:SL:DISH_OR_FOOD,[IN:restaurant_reviews [SL:DISH_OR_FOOD dikuku] ],DISH_OR_FOOD: dikuku,sot
kitchen_and_dining,restaurant_reviews,Is Gracie's corner coffee good?,"0:4:SL:DISH_OR_FOOD,8:23:SL:RESTAURANT_NAME",[IN:restaurant_reviews [SL:DISH_OR_FOOD Kofi] [SL:RESTAURANT_NAME Gracie's corner] ],DISH_OR_FOOD: Kofi $$ RESTAURANT_NAME: Gracie's corner,sot
kitchen_and_dining,restaurant_reviews,What is the recipe for Spur ribs?,"10:17:SL:DISH_OR_FOOD,22:26:SL:RESTAURANT_NAME",[IN:restaurant_reviews [SL:DISH_OR_FOOD di ribs] [SL:RESTAURANT_NAME Spur] ],DISH_OR_FOOD: di ribs $$ RESTAURANT_NAME: Spur,sot
kitchen_and_dining,restaurant_reviews,Is it safe to buy food at Nthabi's kitchen?,30:46:SL:RESTAURANT_NAME,[IN:restaurant_reviews [SL:RESTAURANT_NAME Nthabi's kitchen] ],RESTAURANT_NAME: Nthabi's kitchen,sot
kitchen_and_dining,restaurant_reviews,A wine to make a delicious grill?,0:5:SL:DISH_OR_FOOD,[IN:restaurant_reviews [SL:DISH_OR_FOOD Veine] ],DISH_OR_FOOD: Veine,sot
kitchen_and_dining,restaurant_reviews,Is the food in a Chinese restaurant good?,,[IN:restaurant_reviews ],,sot
kitchen_and_dining,restaurant_reviews,Abdul's delicious food and takeaways?,"13:20:SL:DISH_OR_FOOD,25:51:SL:RESTAURANT_NAME",[IN:restaurant_reviews [SL:DISH_OR_FOOD samoosa] [SL:RESTAURANT_NAME Abdul eat in and takeaways] ],DISH_OR_FOOD: samoosa $$ RESTAURANT_NAME: Abdul eat in and takeaways,sot
kitchen_and_dining,restaurant_reviews,What are the eating conditions of Analize's?,17:26:SL:RESTAURANT_NAME,[IN:restaurant_reviews [SL:RESTAURANT_NAME Analize's] ],RESTAURANT_NAME: Analize's,sot
kitchen_and_dining,restaurant_reviews,Is it enjoyed in Thabang Basotho?,,[IN:restaurant_reviews ],,sot
kitchen_and_dining,restaurant_reviews,Is the bread at Manny's delicious?,"0:6:SL:DISH_OR_FOOD,26:33:SL:RESTAURANT_NAME",[IN:restaurant_reviews [SL:DISH_OR_FOOD Bohobe] [SL:RESTAURANT_NAME Manny's] ],DISH_OR_FOOD: Bohobe $$ RESTAURANT_NAME: Manny's,sot
kitchen_and_dining,restaurant_reviews,"Nombulas eats, what is that restaurant like?",0:16:SL:RESTAURANT_NAME,[IN:restaurant_reviews [SL:RESTAURANT_NAME Nombulelo's eats] ],RESTAURANT_NAME: Nombulelo's eats,sot
kitchen_and_dining,restaurant_reviews,Which restaurant is nearest to me?,,[IN:restaurant_reviews ],,sot
kitchen_and_dining,restaurant_reviews,Which restaurant sells pootjie kos?,34:45:SL:DISH_OR_FOOD,[IN:restaurant_reviews [SL:DISH_OR_FOOD pootjie kos] ],DISH_OR_FOOD: pootjie kos,sot
kitchen_and_dining,restaurant_reviews,Is the bean soup delicious?,,[IN:restaurant_reviews ],,sot
kitchen_and_dining,restaurant_reviews,where are the heads and the sheep?,22:34:SL:DISH_OR_FOOD,[IN:restaurant_reviews [SL:DISH_OR_FOOD hloho ka nku] ],DISH_OR_FOOD: hloho ka nku,sot
kitchen_and_dining,restaurant_reviews,How much is Mama's sibiya?,14:24:SL:PERSONAL_NAME,[IN:restaurant_reviews [SL:PERSONAL_NAME Mma sibiya] ],PERSONAL_NAME: Mma sibiya,sot
kitchen_and_dining,restaurant_reviews,Which restaurant sells pork?,34:48:SL:DISH_OR_FOOD,[IN:restaurant_reviews [SL:DISH_OR_FOOD nama ya kolobe] ],DISH_OR_FOOD: nama ya kolobe,sot
kitchen_and_dining,restaurant_reviews,Do Pretoria North have any vegan restaurants?,3:17:SL:PLACE_NAME,[IN:restaurant_reviews [SL:PLACE_NAME Pretoria North] ],PLACE_NAME: Pretoria North,sot
kitchen_and_dining,restaurant_reviews,Does the star bucks taste good?,"22:26:SL:DISH_OR_FOOD,30:40:SL:RESTAURANT_NAME",[IN:restaurant_reviews [SL:DISH_OR_FOOD kofi] [SL:RESTAURANT_NAME star bucks] ],DISH_OR_FOOD: kofi $$ RESTAURANT_NAME: star bucks,sot
kitchen_and_dining,restaurant_reviews,What foods or drinks do people enjoy most at Goodfellas?,69:80:SL:RESTAURANT_NAME,[IN:restaurant_reviews [SL:RESTAURANT_NAME Good fellas] ],RESTAURANT_NAME: Good fellas,sot
kitchen_and_dining,restaurant_reviews,How many stars did McDonald's customers give the restaurant?,10:20:SL:RESTAURANT_NAME,[IN:restaurant_reviews [SL:RESTAURANT_NAME McDonald's] ],RESTAURANT_NAME: McDonald's,sot
kitchen_and_dining,restaurant_reviews,What food or drink would I enjoy in Wimpy?,53:58:SL:RESTAURANT_NAME,[IN:restaurant_reviews [SL:RESTAURANT_NAME Wimpy] ],RESTAURANT_NAME: Wimpy,sot
kitchen_and_dining,restaurant_reviews,Is KFC recommended?,26:29:SL:RESTAURANT_NAME,[IN:restaurant_reviews [SL:RESTAURANT_NAME KFC] ],RESTAURANT_NAME: KFC,sot
kitchen_and_dining,restaurant_reviews,How much detail can you give to the food at La Parada?,69:78:SL:RESTAURANT_NAME,[IN:restaurant_reviews [SL:RESTAURANT_NAME La Parada] ],RESTAURANT_NAME: La Parada,sot
kitchen_and_dining,restaurant_reviews,Can you describe the situation of the Pillars restaurant ?,43:50:SL:RESTAURANT_NAME,[IN:restaurant_reviews [SL:RESTAURANT_NAME Pillars] ],RESTAURANT_NAME: Pillars,sot
kitchen_and_dining,restaurant_reviews,How much detail can you give to the overall dining experience at Swingles?,,[IN:restaurant_reviews ],,sot
kitchen_and_dining,restaurant_reviews,Do people enjoy Nandos meat?,30:36:SL:RESTAURANT_NAME,[IN:restaurant_reviews [SL:RESTAURANT_NAME Nandos] ],RESTAURANT_NAME: Nandos,sot
kitchen_and_dining,restaurant_reviews,"Considering all the details and value for money, is Tshidi's corner a restaurant?",56:71:SL:RESTAURANT_NAME,[IN:restaurant_reviews [SL:RESTAURANT_NAME Tshidi's corner] ],RESTAURANT_NAME: Tshidi's corner,sot
kitchen_and_dining,restaurant_reviews,Does Wimpy accept children?,3:8:SL:RESTAURANT_NAME,[IN:restaurant_reviews [SL:RESTAURANT_NAME Wimpy] ],RESTAURANT_NAME: Wimpy,sot
kitchen_and_dining,restaurant_suggestion,where can we eat today?,,[IN:restaurant_suggestion ],,sot
kitchen_and_dining,restaurant_suggestion,Which restaurant sells pizza?,31:36:SL:DISH_OR_FOOD,[IN:restaurant_suggestion [SL:DISH_OR_FOOD pizza] ],DISH_OR_FOOD: pizza,sot
kitchen_and_dining,restaurant_suggestion,Which restaurant sells seafood?,31:49:SL:DISH_OR_FOOD,[IN:restaurant_suggestion [SL:DISH_OR_FOOD dijo tsa lewatleng] ],DISH_OR_FOOD: dijo tsa lewatleng,sot
kitchen_and_dining,restaurant_suggestion,Which restaurant is open at this hour?,,[IN:restaurant_suggestion ],,sot
kitchen_and_dining,restaurant_suggestion,What restaurant is the most popular here?,,[IN:restaurant_suggestion ],,sot
kitchen_and_dining,restaurant_suggestion,What is the only adult restaurant in Klerksdorp?,49:59:SL:PLACE_NAME,[IN:restaurant_suggestion [SL:PLACE_NAME Klerksdorp] ],PLACE_NAME: Klerksdorp,sot
kitchen_and_dining,restaurant_suggestion,is this a restaurant that sells alcohol?,,[IN:restaurant_suggestion ],,sot
kitchen_and_dining,restaurant_suggestion,Which restaurant in Pretoria sells the steak?,"31:37:SL:DISH_OR_FOOD,38:46:SL:CITY_OR_PROVINCE",[IN:restaurant_suggestion [SL:DISH_OR_FOOD mohodu] [SL:CITY_OR_PROVINCE Pretoria] ],DISH_OR_FOOD: mohodu $$ CITY_OR_PROVINCE: Pretoria,sot
kitchen_and_dining,restaurant_suggestion,What Chinese restaurant is in Pretoria?,31:39:SL:CITY_OR_PROVINCE,[IN:restaurant_suggestion [SL:CITY_OR_PROVINCE Pretoria] ],CITY_OR_PROVINCE: Pretoria,sot
kitchen_and_dining,restaurant_suggestion,Have you ever eaten in a French restaurant?,,[IN:restaurant_suggestion ],,sot
kitchen_and_dining,restaurant_suggestion,What is the most popular restaurant in Soweto?,29:35:SL:PLACE_NAME,[IN:restaurant_suggestion [SL:PLACE_NAME Soweto] ],PLACE_NAME: Soweto,sot
kitchen_and_dining,restaurant_suggestion,which restaurant is the most expensive in Gauteng?,29:36:SL:CITY_OR_PROVINCE,[IN:restaurant_suggestion [SL:CITY_OR_PROVINCE Gauteng] ],CITY_OR_PROVINCE: Gauteng,sot
kitchen_and_dining,restaurant_suggestion,Do restaurants allow you to drive?,,[IN:restaurant_suggestion ],,sot
kitchen_and_dining,restaurant_suggestion,which restaurant sells vegetarian food?,52:56:SL:DISH_OR_FOOD,[IN:restaurant_suggestion [SL:DISH_OR_FOOD nama] ],DISH_OR_FOOD: nama,sot
kitchen_and_dining,restaurant_suggestion,Where is the best restaurant in Cape Town? ,48:57:SL:CITY_OR_PROVINCE,[IN:restaurant_suggestion [SL:CITY_OR_PROVINCE Cape Town] ],CITY_OR_PROVINCE: Cape Town,sot
kitchen_and_dining,restaurant_suggestion,which restaurant is popular in America?,31:38:SL:COUNTRY,[IN:restaurant_suggestion [SL:COUNTRY Amerika] ],COUNTRY: Amerika,sot
kitchen_and_dining,restaurant_suggestion,Are there Turkish restaurants here in Pretoria?,"41:47:SL:COUNTRY,61:69:SL:CITY_OR_PROVINCE",[IN:restaurant_suggestion [SL:COUNTRY Turkey] [SL:CITY_OR_PROVINCE Pretoria] ],COUNTRY: Turkey $$ CITY_OR_PROVINCE: Pretoria,sot
kitchen_and_dining,restaurant_suggestion,Are there Greek restaurants in Cape Town?,61:70:SL:CITY_OR_PROVINCE,[IN:restaurant_suggestion [SL:CITY_OR_PROVINCE Cape Town] ],CITY_OR_PROVINCE: Cape Town,sot
kitchen_and_dining,restaurant_suggestion,Are there restaurants here in New York that serve South African food?,"49:61:SL:COUNTRY,75:83:SL:CITY_OR_PROVINCE",[IN:restaurant_suggestion [SL:COUNTRY Afrika Borwa] [SL:CITY_OR_PROVINCE New York] ],COUNTRY: Afrika Borwa $$ CITY_OR_PROVINCE: New York,sot
kitchen_and_dining,restaurant_suggestion,which restaurant is famous in New York?,39:47:SL:CITY_OR_PROVINCE,[IN:restaurant_suggestion [SL:CITY_OR_PROVINCE New York] ],CITY_OR_PROVINCE: New York,sot
kitchen_and_dining,restaurant_suggestion,Which restaurant sells South African food in Boston?,"40:52:SL:COUNTRY,58:64:SL:CITY_OR_PROVINCE",[IN:restaurant_suggestion [SL:COUNTRY Afrika borwa] [SL:CITY_OR_PROVINCE Boston] ],COUNTRY: Afrika borwa $$ CITY_OR_PROVINCE: Boston,sot
kitchen_and_dining,restaurant_suggestion,Where can I find good pasta in Paris?,"0:5:SL:DISH_OR_FOOD,32:37:SL:CITY_OR_PROVINCE",[IN:restaurant_suggestion [SL:DISH_OR_FOOD Pasta] [SL:CITY_OR_PROVINCE Paris] ],DISH_OR_FOOD: Pasta $$ CITY_OR_PROVINCE: Paris,sot
kitchen_and_dining,restaurant_suggestion,Which restaurant sells the best pasta in Paris?,"31:36:SL:DISH_OR_FOOD,46:51:SL:CITY_OR_PROVINCE",[IN:restaurant_suggestion [SL:DISH_OR_FOOD pasta] [SL:CITY_OR_PROVINCE Paris] ],DISH_OR_FOOD: pasta $$ CITY_OR_PROVINCE: Paris,sot
kitchen_and_dining,restaurant_suggestion,which restaurant is famous for its bread in Paris?,40:45:SL:CITY_OR_PROVINCE,[IN:restaurant_suggestion [SL:CITY_OR_PROVINCE Paris] ],CITY_OR_PROVINCE: Paris,sot
kitchen_and_dining,restaurant_suggestion,"if I go to Paris, which restaurant would I like?",9:14:SL:CITY_OR_PROVINCE,[IN:restaurant_suggestion [SL:CITY_OR_PROVINCE Paris] ],CITY_OR_PROVINCE: Paris,sot
kitchen_and_dining,restaurant_suggestion,How many food stalls are there in Sandton?,33:40:SL:PLACE_NAME,[IN:restaurant_suggestion [SL:PLACE_NAME Sandton] ],PLACE_NAME: Sandton,sot
kitchen_and_dining,restaurant_suggestion,which restaurant is the best if I want to have a birthday party?,51:79:SL:CALENDAR_EVENT,[IN:restaurant_suggestion [SL:CALENDAR_EVENT mokete wa letsatsi la tswalo] ],CALENDAR_EVENT: mokete wa letsatsi la tswalo,sot
kitchen_and_dining,restaurant_suggestion,Which restaurant sells good beef?,31:53:SL:DISH_OR_FOOD,[IN:restaurant_suggestion [SL:DISH_OR_FOOD nama e monate ya kgomo] ],DISH_OR_FOOD: nama e monate ya kgomo,sot
kitchen_and_dining,restaurant_suggestion,What restaurant in China serves chicken like KFC?,"45:48:SL:RESTAURANT_NAME,54:59:SL:COUNTRY",[IN:restaurant_suggestion [SL:RESTAURANT_NAME Kfc] [SL:COUNTRY China] ],RESTAURANT_NAME: Kfc $$ COUNTRY: China,sot
kitchen_and_dining,restaurant_suggestion,Where can I find a kfc here or a restaurant that sells chicken?,"10:13:SL:RESTAURANT_NAME,54:67:SL:DISH_OR_FOOD",[IN:restaurant_suggestion [SL:RESTAURANT_NAME kfc] [SL:DISH_OR_FOOD nama ya kgoho] ],RESTAURANT_NAME: kfc $$ DISH_OR_FOOD: nama ya kgoho,sot
kitchen_and_dining,restaurant_suggestion,"I am looking for chicken wings, where can I get them in Gauteng?","13:31:SL:DISH_OR_FOOD,50:57:SL:CITY_OR_PROVINCE",[IN:restaurant_suggestion [SL:DISH_OR_FOOD maotwana a dikgoho] [SL:CITY_OR_PROVINCE Gauteng] ],DISH_OR_FOOD: maotwana a dikgoho $$ CITY_OR_PROVINCE: Gauteng,sot
kitchen_and_dining,restaurant_suggestion,Which restaurants serve Ethiopian food?,45:52:SL:COUNTRY,[IN:restaurant_suggestion [SL:COUNTRY Ethopia] ],COUNTRY: Ethopia,sot
kitchen_and_dining,restaurant_suggestion,What restaurants in Chicago don't allow children?,50:57:SL:CITY_OR_PROVINCE,[IN:restaurant_suggestion [SL:CITY_OR_PROVINCE Chicago] ],CITY_OR_PROVINCE: Chicago,sot
kitchen_and_dining,restaurant_suggestion,Which restaurant sells the best coffee and tea?,"31:35:SL:DISH_OR_FOOD,39:42:SL:DISH_OR_FOOD",[IN:restaurant_suggestion [SL:DISH_OR_FOOD kofi] [SL:DISH_OR_FOOD tee] ],DISH_OR_FOOD: kofi $$ DISH_OR_FOOD: tee,sot
kitchen_and_dining,restaurant_suggestion,is there a Mug n Bean here in Canada?,28:34:SL:COUNTRY,[IN:restaurant_suggestion [SL:COUNTRY Canada] ],COUNTRY: Canada,sot
kitchen_and_dining,restaurant_suggestion,are there any restaurants like the ones in South Africa here in Nigeria?,"36:48:SL:COUNTRY,65:72:SL:COUNTRY",[IN:restaurant_suggestion [SL:COUNTRY Afrika Borwa] [SL:COUNTRY Nigeria] ],COUNTRY: Afrika Borwa $$ COUNTRY: Nigeria,sot
kitchen_and_dining,restaurant_suggestion,restaurants that sell Sesotho food here in India?,"37:44:SL:LANGUAGE_NAME,50:55:SL:COUNTRY",[IN:restaurant_suggestion [SL:LANGUAGE_NAME Sesotho] [SL:COUNTRY India] ],LANGUAGE_NAME: Sesotho $$ COUNTRY: India,sot
kitchen_and_dining,restaurant_suggestion,where can I find good food in South Korea?,35:46:SL:COUNTRY,[IN:restaurant_suggestion [SL:COUNTRY South Korea] ],COUNTRY: South Korea,sot
kitchen_and_dining,restaurant_suggestion,Which restaurant sells sushi in Boston?,"31:36:SL:DISH_OR_FOOD,37:43:SL:CITY_OR_PROVINCE",[IN:restaurant_suggestion [SL:DISH_OR_FOOD sushi] [SL:CITY_OR_PROVINCE Boston] ],DISH_OR_FOOD: sushi $$ CITY_OR_PROVINCE: Boston,sot
kitchen_and_dining,restaurant_suggestion,Which restaurant sells the best food in Bloemfontein?,"31:42:SL:DISH_OR_FOOD,48:60:SL:CITY_OR_PROVINCE",[IN:restaurant_suggestion [SL:DISH_OR_FOOD mala mohodu] [SL:CITY_OR_PROVINCE Bloemfontein] ],DISH_OR_FOOD: mala mohodu $$ CITY_OR_PROVINCE: Bloemfontein,sot
kitchen_and_dining,restaurant_suggestion,Which restaurant sells breakfast cereals in Sandton?,"31:39:SL:DISH_OR_FOOD,52:59:SL:PLACE_NAME",[IN:restaurant_suggestion [SL:DISH_OR_FOOD magwinya] [SL:PLACE_NAME Sandton] ],DISH_OR_FOOD: magwinya $$ PLACE_NAME: Sandton,sot
kitchen_and_dining,restaurant_suggestion,Which restaurant serves traditional Xhosa food here in Matatiele?,"49:56:SL:LANGUAGE_NAME,62:71:SL:PLACE_NAME",[IN:restaurant_suggestion [SL:LANGUAGE_NAME Sexhosa] [SL:PLACE_NAME Matatiele] ],LANGUAGE_NAME: Sexhosa $$ PLACE_NAME: Matatiele,sot
kitchen_and_dining,restaurant_suggestion,What restaurants sell spicy food here in Klerksdorp?,56:66:SL:PLACE_NAME,[IN:restaurant_suggestion [SL:PLACE_NAME Klerksdorp] ],PLACE_NAME: Klerksdorp,sot
kitchen_and_dining,restaurant_suggestion,which restaurant is famous for burgers?,36:42:SL:DISH_OR_FOOD,[IN:restaurant_suggestion [SL:DISH_OR_FOOD Burger] ],DISH_OR_FOOD: Burger,sot
kitchen_and_dining,restaurant_suggestion,Which burger is the most popular among Steers and McDonalds?,"3:9:SL:DISH_OR_FOOD,40:46:SL:RESTAURANT_NAME,50:60:SL:RESTAURANT_NAME",[IN:restaurant_suggestion [SL:DISH_OR_FOOD Burger] [SL:RESTAURANT_NAME Steers] [SL:RESTAURANT_NAME Mc Donalds] ],DISH_OR_FOOD: Burger $$ RESTAURANT_NAME: Steers $$ RESTAURANT_NAME: Mc Donalds,sot
kitchen_and_dining,restaurant_suggestion,How many stars does the Spur here in Suncity have?,"0:4:SL:RESTAURANT_NAME,13:20:SL:PLACE_NAME",[IN:restaurant_suggestion [SL:RESTAURANT_NAME Spur] [SL:PLACE_NAME Suncity] ],RESTAURANT_NAME: Spur $$ PLACE_NAME: Suncity,sot
kitchen_and_dining,restaurant_suggestion,Which multi-star restaurant is between KFC and Chicken Licken?,"47:50:SL:RESTAURANT_NAME,54:67:SL:RESTAURANT_NAME",[IN:restaurant_suggestion [SL:RESTAURANT_NAME KFC] [SL:RESTAURANT_NAME Chiken Licken] ],RESTAURANT_NAME: KFC $$ RESTAURANT_NAME: Chiken Licken,sot
kitchen_and_dining,restaurant_suggestion,what time do the restaurants open here,,[IN:restaurant_suggestion ],,sot
kitchen_and_dining,restaurant_suggestion,Can you give me the names of restaurants in Johannesburg that serve African food?,61:73:SL:CITY_OR_PROVINCE,[IN:restaurant_suggestion [SL:CITY_OR_PROVINCE Johannesburg] ],CITY_OR_PROVINCE: Johannesburg,sot
kitchen_and_dining,restaurant_suggestion,which restaurants sell seafood?,,[IN:restaurant_suggestion ],,sot
kitchen_and_dining,restaurant_suggestion,Find me the most popular restaurants in New York?,37:45:SL:CITY_OR_PROVINCE,[IN:restaurant_suggestion [SL:CITY_OR_PROVINCE New York] ],CITY_OR_PROVINCE: New York,sot
kitchen_and_dining,restaurant_suggestion,Can you find me a pizza place in Los Angeles?,"37:42:SL:DISH_OR_FOOD,43:54:SL:CITY_OR_PROVINCE",[IN:restaurant_suggestion [SL:DISH_OR_FOOD pizza] [SL:CITY_OR_PROVINCE Los Angeles] ],DISH_OR_FOOD: pizza $$ CITY_OR_PROVINCE: Los Angeles,sot
kitchen_and_dining,restaurant_suggestion,which restaurants serve the famous delicious steak in Atlanta?,"34:38:SL:DISH_OR_FOOD,58:65:SL:CITY_OR_PROVINCE",[IN:restaurant_suggestion [SL:DISH_OR_FOOD nama] [SL:CITY_OR_PROVINCE Atlanta] ],DISH_OR_FOOD: nama $$ CITY_OR_PROVINCE: Atlanta,sot
kitchen_and_dining,restaurant_suggestion,which restaurants are open 24 hours a day?,,[IN:restaurant_suggestion ],,sot
kitchen_and_dining,restaurant_suggestion,Can you show me which sushi restaurants in Johannesburg are available?,"37:42:SL:DISH_OR_FOOD,43:54:SL:CITY_OR_PROVINCE",[IN:restaurant_suggestion [SL:DISH_OR_FOOD sushi] [SL:CITY_OR_PROVINCE Johanesburg] ],DISH_OR_FOOD: sushi $$ CITY_OR_PROVINCE: Johanesburg,sot
kitchen_and_dining,restaurant_suggestion,"if I go to Jamaica, can I find a restaurant that serves Mexican food?",9:16:SL:COUNTRY,[IN:restaurant_suggestion [SL:COUNTRY Jamaica] ],COUNTRY: Jamaica,sot
kitchen_and_dining,restaurant_suggestion,buy a meal at an Indian restaurant in Washington DC?,41:54:SL:CITY_OR_PROVINCE,[IN:restaurant_suggestion [SL:CITY_OR_PROVINCE Washington DC] ],CITY_OR_PROVINCE: Washington DC,sot
kitchen_and_dining,restaurant_suggestion,buy a meal at a Chinese restaurant in Durban?,35:41:SL:CITY_OR_PROVINCE,[IN:restaurant_suggestion [SL:CITY_OR_PROVINCE Durban] ],CITY_OR_PROVINCE: Durban,sot
kitchen_and_dining,restaurant_suggestion,What restaurant does traditional South African cooking like?,46:58:SL:COUNTRY,[IN:restaurant_suggestion [SL:COUNTRY Afrika borwa] ],COUNTRY: Afrika borwa,sot
kitchen_and_dining,restaurant_suggestion,Please look at the Mexican restaurant that has five stars.,,[IN:restaurant_suggestion ],,sot
kitchen_and_dining,restaurant_suggestion,in five star restaurants in Paris?,,[IN:restaurant_suggestion ],,sot
kitchen_and_dining,restaurant_suggestion,ask for the names of pizza restaurants.,44:49:SL:DISH_OR_FOOD,[IN:restaurant_suggestion [SL:DISH_OR_FOOD pizza] ],DISH_OR_FOOD: pizza,sot
kitchen_and_dining,restaurant_suggestion,What restaurants have enough space for a whole family in Toronto?,71:78:SL:CITY_OR_PROVINCE,[IN:restaurant_suggestion [SL:CITY_OR_PROVINCE Toronto] ],CITY_OR_PROVINCE: Toronto,sot
kitchen_and_dining,restaurant_suggestion,Where can I find a restaurant that sells cabbage?,,[IN:restaurant_suggestion ],,sot
kitchen_and_dining,restaurant_suggestion,Where can I find a restaurant that sells Italian food?,,[IN:restaurant_suggestion ],,sot
kitchen_and_dining,restaurant_suggestion,How many Korean restaurants are there in this city?,,[IN:restaurant_suggestion ],,sot
kitchen_and_dining,restaurant_suggestion,What restaurant buys only girls happy?,,[IN:restaurant_suggestion ],,sot
kitchen_and_dining,restaurant_suggestion,Are there any restaurants that sell baby food like McDonalds in Canada?,"54:64:SL:RESTAURANT_NAME,73:79:SL:COUNTRY",[IN:restaurant_suggestion [SL:RESTAURANT_NAME Mc Donalds] [SL:COUNTRY Canada] ],RESTAURANT_NAME: Mc Donalds $$ COUNTRY: Canada,sot
kitchen_and_dining,restaurant_suggestion,Why go to a delicious restaurant here in Las Vegas?,47:56:SL:CITY_OR_PROVINCE,[IN:restaurant_suggestion [SL:CITY_OR_PROVINCE Las Vegas] ],CITY_OR_PROVINCE: Las Vegas,sot
kitchen_and_dining,restaurant_suggestion,I would like to know the best restaurants in Gauteng,42:49:SL:CITY_OR_PROVINCE,[IN:restaurant_suggestion [SL:CITY_OR_PROVINCE Gauteng] ],CITY_OR_PROVINCE: Gauteng,sot
kitchen_and_dining,restaurant_suggestion,Which restaurant in Pretoria has the best beef stew?,"32:55:SL:DISH_OR_FOOD,66:74:SL:CITY_OR_PROVINCE",[IN:restaurant_suggestion [SL:DISH_OR_FOOD setjhu sa nama ya kgomo] [SL:CITY_OR_PROVINCE Pretoria] ],DISH_OR_FOOD: setjhu sa nama ya kgomo $$ CITY_OR_PROVINCE: Pretoria,sot
kitchen_and_dining,restaurant_suggestion,What is the most expensive restaurant in Pretoria?,,[IN:restaurant_suggestion ],,sot
kitchen_and_dining,restaurant_suggestion,Which restaurant closes at ten o'clock in Potchefstroom?,"41:56:SL:TIME,57:70:SL:PLACE_NAME",[IN:restaurant_suggestion [SL:TIME hora ya leshome] [SL:PLACE_NAME Potchefstroom] ],TIME: hora ya leshome $$ PLACE_NAME: Potchefstroom,sot
kitchen_and_dining,restaurant_suggestion,which restaurants sell pork and beef?,"35:47:SL:DISH_OR_FOOD,48:54:SL:PLACE_NAME",[IN:restaurant_suggestion [SL:DISH_OR_FOOD papa le nama] [SL:PLACE_NAME Naledi] ],DISH_OR_FOOD: papa le nama $$ PLACE_NAME: Naledi,sot
kitchen_and_dining,restaurant_suggestion,Which restaurants sell lobsters here in Las Vegas?,"37:45:SL:DISH_OR_FOOD,51:60:SL:CITY_OR_PROVINCE",[IN:restaurant_suggestion [SL:DISH_OR_FOOD makwenya] [SL:CITY_OR_PROVINCE Las-vegas] ],DISH_OR_FOOD: makwenya $$ CITY_OR_PROVINCE: Las-vegas,sot
kitchen_and_dining,restaurant_suggestion,I would like to see the list of restaurants that open at 9am in Klerksdorp,"47:50:SL:TIME,51:61:SL:PLACE_NAME",[IN:restaurant_suggestion [SL:TIME 9am] [SL:PLACE_NAME Klerksdorp] ],TIME: 9am $$ PLACE_NAME: Klerksdorp,sot
kitchen_and_dining,restaurant_suggestion,Where can you get fast food in Pretoria?,48:56:SL:CITY_OR_PROVINCE,[IN:restaurant_suggestion [SL:CITY_OR_PROVINCE Pretoria] ],CITY_OR_PROVINCE: Pretoria,sot
kitchen_and_dining,restaurant_suggestion,Is this restaurant open for me to eat in?,,[IN:restaurant_suggestion ],,sot
kitchen_and_dining,restaurant_suggestion,is there a restaurant you want to eat at today?,,[IN:restaurant_suggestion ],,sot
kitchen_and_dining,restaurant_suggestion,which restaurant sells wine?,31:36:SL:DISH_OR_FOOD,[IN:restaurant_suggestion [SL:DISH_OR_FOOD veini] ],DISH_OR_FOOD: veini,sot
travel,book_flight,Where can I get on a plane to Cape Town?,27:36:SL:CITY_OR_PROVINCE,[IN:book_flight [SL:CITY_OR_PROVINCE Cape Town] ],CITY_OR_PROVINCE: Cape Town,sot
travel,book_flight,Where can I get on a plane in Limpopo?,27:34:SL:CITY_OR_PROVINCE,[IN:book_flight [SL:CITY_OR_PROVINCE Limpopo] ],CITY_OR_PROVINCE: Limpopo,sot
travel,book_flight,Can the plane land in PE,26:28:SL:CITY_OR_PROVINCE,[IN:book_flight [SL:CITY_OR_PROVINCE PE] ],CITY_OR_PROVINCE: PE,sot
travel,book_flight,Buy a plane ticket to Jerusalem,31:41:SL:CITY_OR_PROVINCE,[IN:book_flight [SL:CITY_OR_PROVINCE Jerusalema] ],CITY_OR_PROVINCE: Jerusalema,sot
travel,book_flight,Buy a ticket to the Maldives,19:27:SL:COUNTRY,[IN:book_flight [SL:COUNTRY Maldives] ],COUNTRY: Maldives,sot
travel,book_flight,I can fly to the fair,,[IN:book_flight ],,sot
travel,book_flight,Can I buy tickets on the airline website?,,[IN:book_flight ],,sot
travel,book_flight,I can work inside an airplane,,[IN:book_flight ],,sot
travel,book_flight,I can buy my mother a ticket to Dubai,42:47:SL:CITY_OR_PROVINCE,[IN:book_flight [SL:CITY_OR_PROVINCE Dubai] ],CITY_OR_PROVINCE: Dubai,sot
travel,book_flight,I can buy my mother a ticket to fly,29:35:SL:SHOPPING_ITEM,[IN:book_flight [SL:SHOPPING_ITEM tekete] ],SHOPPING_ITEM: tekete,sot
travel,book_flight,I can fly with my mother,,[IN:book_flight ],,sot
travel,book_flight,How many people will board the plane,,[IN:book_flight ],,sot
travel,book_flight,Can you fly?,,[IN:book_flight ],,sot
travel,book_flight,I can get on a plane from the hospital,,[IN:book_flight ],,sot
travel,book_flight,Find me a flight to and from Cape Town on Sunday,"39:43:SL:CITY_OR_PROVINCE,47:54:SL:DATE",[IN:book_flight [SL:CITY_OR_PROVINCE Kapa] [SL:DATE Sontaha] ],CITY_OR_PROVINCE: Kapa $$ DATE: Sontaha,sot
travel,book_flight,Find me a flight to Cape Town,26:30:SL:CITY_OR_PROVINCE,[IN:book_flight [SL:CITY_OR_PROVINCE Kapa] ],CITY_OR_PROVINCE: Kapa,sot
travel,book_flight,"When I want to go to Tanzania, where do I book?",18:26:SL:COUNTRY,[IN:book_flight [SL:COUNTRY Tanzania] ],COUNTRY: Tanzania,sot
travel,book_flight,Where can I get on a plane?,,[IN:book_flight ],,sot
travel,book_flight,How much do I have to pay to get on a plane?,,[IN:book_flight ],,sot
travel,book_flight,They sell food on board the plane,,[IN:book_flight ],,sot
travel,book_flight,Give me a plane to Gaborone,22:30:SL:CITY_OR_PROVINCE,[IN:book_flight [SL:CITY_OR_PROVINCE Gabarone] ],CITY_OR_PROVINCE: Gabarone,sot
travel,book_flight,Is there a flight from Cape Town,32:41:SL:CITY_OR_PROVINCE,[IN:book_flight [SL:CITY_OR_PROVINCE Cape Town] ],CITY_OR_PROVINCE: Cape Town,sot
travel,book_flight,Is there a flight from London,32:38:SL:CITY_OR_PROVINCE,[IN:book_flight [SL:CITY_OR_PROVINCE London] ],CITY_OR_PROVINCE: London,sot
travel,book_flight,Get me a flight to Durban,22:28:SL:CITY_OR_PROVINCE,[IN:book_flight [SL:CITY_OR_PROVINCE Durban] ],CITY_OR_PROVINCE: Durban,sot
travel,book_flight,Where do airplanes come from?,,[IN:book_flight ],,sot
travel,book_flight,It is a cheap airline,,[IN:book_flight ],,sot
travel,book_flight,Where can I buy a plane ticket?,,[IN:book_flight ],,sot
travel,book_flight,When should I buy my plane ticket?,0:6:SL:SHOPPING_ITEM,[IN:book_flight [SL:SHOPPING_ITEM Tekete] ],SHOPPING_ITEM: Tekete,sot
travel,book_flight,Where can I get a cheap plane ticket?,,[IN:book_flight ],,sot
travel,book_flight,I can ask my mother for a plane ticket,,[IN:book_flight ],,sot
travel,book_flight,Where do airplanes fly,,[IN:book_flight ],,sot
travel,book_flight,Where can I buy tickets to board a SAA flight?,19:25:SL:SHOPPING_ITEM,[IN:book_flight [SL:SHOPPING_ITEM tekete] ],SHOPPING_ITEM: tekete,sot
travel,book_flight,Buy tickets to go overseas,,[IN:book_flight ],,sot
travel,book_flight,I can fly overseas,,[IN:book_flight ],,sot
travel,book_flight,I can use the Lift to buy a ticket to America,42:49:SL:COUNTRY,[IN:book_flight [SL:COUNTRY America] ],COUNTRY: America,sot
travel,book_flight,I can use the Lift to buy a plane ticket,,[IN:book_flight ],,sot
travel,book_flight,I can buy plane tickets for my girlfriend,29:35:SL:SHOPPING_ITEM,[IN:book_flight [SL:SHOPPING_ITEM tekete] ],SHOPPING_ITEM: tekete,sot
travel,book_flight,I can fly with my passengers,,[IN:book_flight ],,sot
travel,book_flight,Buy a plane ticket to Botswana,33:41:SL:COUNTRY,[IN:book_flight [SL:COUNTRY Botswana] ],COUNTRY: Botswana,sot
travel,book_flight,How much can I pay for a ticket to Cape Town,33:42:SL:CITY_OR_PROVINCE,[IN:book_flight [SL:CITY_OR_PROVINCE Cape Town] ],CITY_OR_PROVINCE: Cape Town,sot
travel,book_flight,Where can I buy a bus ticket?,,[IN:book_flight ],,sot
travel,book_flight,Where can I get on the April 3 flight?,26:38:SL:DATE,[IN:book_flight [SL:DATE 3 tsa Aprele] ],DATE: 3 tsa Aprele,sot
travel,book_flight,I can fly without a ticket,,[IN:book_flight ],,sot
travel,book_flight,I can fly alone,,[IN:book_flight ],,sot
travel,book_flight,Give me a return ticket for tomorrow morning,,[IN:book_flight ],,sot
travel,book_flight,Buy a ticket that leaves early,,[IN:book_flight ],,sot
travel,book_flight,I can buy a ticket for $200,"9:15:SL:SHOPPING_ITEM,19:23:SL:MONEY",[IN:book_flight [SL:SHOPPING_ITEM tekete] [SL:MONEY R700] ],SHOPPING_ITEM: tekete $$ MONEY: R700,sot
travel,book_flight,I can buy a plane ticket for $300,31:35:SL:MONEY,[IN:book_flight [SL:MONEY R300] ],MONEY: R300,sot
travel,book_flight,I can fly blind,,[IN:book_flight ],,sot
travel,book_flight,Can I go to the airport by plane?,,[IN:book_flight ],,sot
travel,book_flight,The plane I'm on is about to land,,[IN:book_flight ],,sot
travel,book_flight,So we're going to Cape Town to buy plane tickets,9:18:SL:CITY_OR_PROVINCE,[IN:book_flight [SL:CITY_OR_PROVINCE Cape Town] ],CITY_OR_PROVINCE: Cape Town,sot
travel,book_flight,So we go to Durban where do we buy plane tickets,9:15:SL:CITY_OR_PROVINCE,[IN:book_flight [SL:CITY_OR_PROVINCE durban] ],CITY_OR_PROVINCE: durban,sot
travel,book_flight,Give me a plane ticket to Kenya,26:31:SL:COUNTRY,[IN:book_flight [SL:COUNTRY kenya] ],COUNTRY: kenya,sot
travel,book_flight,How much is a ticket to Kenya,17:22:SL:COUNTRY,[IN:book_flight [SL:COUNTRY Kenya] ],COUNTRY: Kenya,sot
travel,book_flight,When do tickets to Kenya leave,17:22:SL:COUNTRY,[IN:book_flight [SL:COUNTRY Kenya] ],COUNTRY: Kenya,sot
travel,book_flight,Give me a plane ticket to Russia,32:38:SL:COUNTRY,[IN:book_flight [SL:COUNTRY Russia] ],COUNTRY: Russia,sot
travel,book_flight,I can catch a flight to Cape Town,28:37:SL:CITY_OR_PROVINCE,[IN:book_flight [SL:CITY_OR_PROVINCE Cape Town] ],CITY_OR_PROVINCE: Cape Town,sot
travel,book_flight,Buy a plane ticket,,[IN:book_flight ],,sot
travel,book_flight,I can buy tickets from Emirates,12:18:SL:SHOPPING_ITEM,[IN:book_flight [SL:SHOPPING_ITEM tekete] ],SHOPPING_ITEM: tekete,sot
travel,book_flight,How much will it cost to buy tickets to Mozambique?,44:54:SL:COUNTRY,[IN:book_flight [SL:COUNTRY Mozambique] ],COUNTRY: Mozambique,sot
travel,book_flight,How much will it cost to buy airline tickets?,24:46:SL:SHOPPING_ITEM,[IN:book_flight [SL:SHOPPING_ITEM di tekete tsa sefofane] ],SHOPPING_ITEM: di tekete tsa sefofane,sot
travel,book_flight,How much will it cost to buy plane tickets to Egypt,53:58:SL:COUNTRY,[IN:book_flight [SL:COUNTRY Egypt] ],COUNTRY: Egypt,sot
travel,book_flight,How much is the flight to Paris?,6:11:SL:CITY_OR_PROVINCE,[IN:book_flight [SL:CITY_OR_PROVINCE Paris] ],CITY_OR_PROVINCE: Paris,sot
travel,book_flight,A plane is about to take off,,[IN:book_flight ],,sot
travel,book_flight,I may be afraid to fly,,[IN:book_flight ],,sot
travel,book_flight,How much airline food does he have?,,[IN:book_flight ],,sot
travel,book_flight,How much is the ticket to Limpopo,21:28:SL:CITY_OR_PROVINCE,[IN:book_flight [SL:CITY_OR_PROVINCE Limpopo] ],CITY_OR_PROVINCE: Limpopo,sot
travel,book_flight,Does he have a plane ticket?,,[IN:book_flight ],,sot
travel,book_flight,I can board the plane at 8 a.m.,23:31:SL:TIME,[IN:book_flight [SL:TIME 8 hoseng] ],TIME: 8 hoseng,sot
travel,book_flight,How much is the airfare?,,[IN:book_flight ],,sot
travel,book_flight,How much can I pay for a ticket to Namibia,,[IN:book_flight ],,sot
travel,book_flight,A plane flying at night,,[IN:book_flight ],,sot
travel,book_flight,Where can I get on a plane to Australia?,33:42:SL:COUNTRY,[IN:book_flight [SL:COUNTRY Australia] ],COUNTRY: Australia,sot
travel,book_flight,I can fly tomorrow,,[IN:book_flight ],,sot
travel,book_flight,Give me a ticket from Durban to Cape Town,"23:29:SL:CITY_OR_PROVINCE,37:46:SL:CITY_OR_PROVINCE",[IN:book_flight [SL:CITY_OR_PROVINCE Durban] [SL:CITY_OR_PROVINCE Cape Town] ],CITY_OR_PROVINCE: Durban $$ CITY_OR_PROVINCE: Cape Town,sot
travel,book_flight,I can catch a plane to Congo,27:32:SL:COUNTRY,[IN:book_flight [SL:COUNTRY Congo] ],COUNTRY: Congo,sot
travel,book_flight,Give me a plane to Kenya,21:26:SL:COUNTRY,[IN:book_flight [SL:COUNTRY Kenya] ],COUNTRY: Kenya,sot
travel,book_flight,How long does the flight take to arrive?,,[IN:book_flight ],,sot
travel,book_flight,When does the flight from Joburg arrive in Durban?,"23:29:SL:CITY_OR_PROVINCE,43:49:SL:CITY_OR_PROVINCE",[IN:book_flight [SL:CITY_OR_PROVINCE Joburg] [SL:CITY_OR_PROVINCE Durban] ],CITY_OR_PROVINCE: Joburg $$ CITY_OR_PROVINCE: Durban,sot
travel,book_hotel,give me the website of the southern sun hotel,27:39:SL:HOTEL_NAME,[IN:book_hotel [SL:HOTEL_NAME southern sun] ],HOTEL_NAME: southern sun,sot
travel,book_hotel,let me tell you which hotels the president sleeps in,,[IN:book_hotel ],,sot
travel,book_hotel,Give me the hotels that people love that have money,,[IN:book_hotel ],,sot
travel,book_hotel,what hotels do the presidents of the country stay in when they are in South Africa,85:97:SL:COUNTRY,[IN:book_hotel [SL:COUNTRY Afrika Borwa] ],COUNTRY: Afrika Borwa,sot
travel,book_hotel,what hotels do former presidents of the country stay in,,[IN:book_hotel ],,sot
travel,book_hotel,he has a boat and a hotel,,[IN:book_hotel ],,sot
travel,book_hotel,do you have hotels on nice ships,,[IN:book_hotel ],,sot
travel,book_hotel,are the hotels on the ship more expensive,,[IN:book_hotel ],,sot
travel,book_hotel,how many days can i stay in the hotel on the ship,,[IN:book_hotel ],,sot
travel,book_hotel,does the hotel food on the ship taste good,,[IN:book_hotel ],,sot
travel,book_hotel,can i have a drink in the hotel,,[IN:book_hotel ],,sot
travel,book_hotel,how many times a week do they change blankets in a hotel,,[IN:book_hotel ],,sot
travel,book_hotel,they have given the hotel an iron,,[IN:book_hotel ],,sot
travel,book_hotel,they gave me a kettle at the hotel,,[IN:book_hotel ],,sot
travel,book_hotel,they have given a winter hatter to the hotel,,[IN:book_hotel ],,sot
travel,book_hotel,are they allowed to have pets in the hotel,,[IN:book_hotel ],,sot
travel,book_hotel,Can you help me find a hotel in Sandton?,32:39:SL:PLACE_NAME,[IN:book_hotel [SL:PLACE_NAME Sandton] ],PLACE_NAME: Sandton,sot
travel,book_hotel,Find me a hotel in Bryanston.,16:25:SL:PLACE_NAME,[IN:book_hotel [SL:PLACE_NAME Bryanston] ],PLACE_NAME: Bryanston,sot
travel,book_hotel,Give me information about hotels near Boksburg.,37:45:SL:PLACE_NAME,[IN:book_hotel [SL:PLACE_NAME Boksburg] ],PLACE_NAME: Boksburg,sot
travel,book_hotel,Give me a list of hotels in Pretoria East.,28:41:SL:PLACE_NAME,[IN:book_hotel [SL:PLACE_NAME Pretoria East] ],PLACE_NAME: Pretoria East,sot
travel,book_hotel,Give me a list of the top hotels in Gauteng.,43:50:SL:CITY_OR_PROVINCE,[IN:book_hotel [SL:CITY_OR_PROVINCE Gauteng] ],CITY_OR_PROVINCE: Gauteng,sot
travel,book_hotel,Give me a list of cheap hotels in Johannesburg.,46:53:SL:CITY_OR_PROVINCE,[IN:book_hotel [SL:CITY_OR_PROVINCE Gauteng] ],CITY_OR_PROVINCE: Gauteng,sot
travel,book_hotel,Give me a list of cheap hotels in Gauteng.,42:49:SL:CITY_OR_PROVINCE,[IN:book_hotel [SL:CITY_OR_PROVINCE Gauteng] ],CITY_OR_PROVINCE: Gauteng,sot
travel,book_hotel,Find me a hotel near OR Tambo.,,[IN:book_hotel ],,sot
travel,book_hotel,Find me a hotel near the Gautrain Rosebank station.,27:58:SL:PLACE_NAME,[IN:book_hotel [SL:PLACE_NAME seteishene sa Gautrain Rosebank] ],PLACE_NAME: seteishene sa Gautrain Rosebank,sot
travel,book_hotel,Find me a hotel with a swimming pool in Pretoria.,44:52:SL:CITY_OR_PROVINCE,[IN:book_hotel [SL:CITY_OR_PROVINCE Pretoria] ],CITY_OR_PROVINCE: Pretoria,sot
travel,book_hotel,Find me a hotel with a gym in Johannesburg.,49:61:SL:CITY_OR_PROVINCE,[IN:book_hotel [SL:CITY_OR_PROVINCE Johannesburg] ],CITY_OR_PROVINCE: Johannesburg,sot
travel,book_hotel,"I'm going to Australia, and I'm going to find a luxury hotel.",9:18:SL:COUNTRY,[IN:book_hotel [SL:COUNTRY Australia] ],COUNTRY: Australia,sot
travel,book_hotel,"I'm going to London, and I'm going to find a hotel in Windsor.","9:15:SL:CITY_OR_PROVINCE,33:40:SL:PLACE_NAME",[IN:book_hotel [SL:CITY_OR_PROVINCE London] [SL:PLACE_NAME Windsor] ],CITY_OR_PROVINCE: London $$ PLACE_NAME: Windsor,sot
travel,book_hotel,"I visit PE on Tuesdays, and I find a hotel that serves traditional food.",9:11:SL:CITY_OR_PROVINCE,[IN:book_hotel [SL:CITY_OR_PROVINCE PE] ],CITY_OR_PROVINCE: PE,sot
travel,book_hotel,I'm going to New York in three months. Give me a list of cheap hotels.,9:17:SL:CITY_OR_PROVINCE,[IN:book_hotel [SL:CITY_OR_PROVINCE New York] ],CITY_OR_PROVINCE: New York,sot
travel,book_hotel,Find a hotel for my children in North West Sun City.,"25:35:SL:CITY_OR_PROVINCE,36:44:SL:PLACE_NAME",[IN:book_hotel [SL:CITY_OR_PROVINCE North West] [SL:PLACE_NAME Sun City] ],CITY_OR_PROVINCE: North West $$ PLACE_NAME: Sun City,sot
travel,book_hotel,Get me a room at the Manhattan Hotel in Pretoria.,"29:44:SL:HOTEL_NAME,45:53:SL:CITY_OR_PROVINCE",[IN:book_hotel [SL:HOTEL_NAME Manhattan Hotel] [SL:CITY_OR_PROVINCE Pretoria] ],HOTEL_NAME: Manhattan Hotel $$ CITY_OR_PROVINCE: Pretoria,sot
travel,book_hotel,Book me a room at the Saxon Hotel in Sandton for three days.,"29:40:SL:HOTEL_NAME,41:48:SL:PLACE_NAME",[IN:book_hotel [SL:HOTEL_NAME Saxon Hotel] [SL:PLACE_NAME Sandton] ],HOTEL_NAME: Saxon Hotel $$ PLACE_NAME: Sandton,sot
travel,book_hotel,Seek a doctor at a hotel in Bloemfontein during the week of April 12 to 16.,23:35:SL:CITY_OR_PROVINCE,[IN:book_hotel [SL:CITY_OR_PROVINCE Bloemfontein] ],CITY_OR_PROVINCE: Bloemfontein,sot
travel,book_hotel,Call the African Pride Hotel and request a table for 12 for lunch today.,"9:28:SL:HOTEL_NAME,56:58:SL:NUMBER,69:88:SL:MEAL_PERIOD",[IN:book_hotel [SL:HOTEL_NAME African Pride Hotel] [SL:NUMBER 12] [SL:MEAL_PERIOD dijo tsa motshehare] ],HOTEL_NAME: African Pride Hotel $$ NUMBER: 12 $$ MEAL_PERIOD: dijo tsa motshehare,sot
travel,book_hotel,Find me a hotel that allows pets as newcomers in Gauteng.,56:63:SL:CITY_OR_PROVINCE,[IN:book_hotel [SL:CITY_OR_PROVINCE Gauteng] ],CITY_OR_PROVINCE: Gauteng,sot
travel,book_hotel,What is the best luxury hotel in the Free State?,32:42:SL:CITY_OR_PROVINCE,[IN:book_hotel [SL:CITY_OR_PROVINCE Free State] ],CITY_OR_PROVINCE: Free State,sot
travel,book_hotel,Find me a hotel that serves breakfast and dinner in Gqeberha.,"28:61:SL:MEAL_PERIOD,62:70:SL:CITY_OR_PROVINCE",[IN:book_hotel [SL:MEAL_PERIOD dijo tsa hoseng le tsa mantsiboya] [SL:CITY_OR_PROVINCE Gqeberha] ],MEAL_PERIOD: dijo tsa hoseng le tsa mantsiboya $$ CITY_OR_PROVINCE: Gqeberha,sot
travel,book_hotel,I'm visiting Lesotho with the children. Find me a hotel that's suitable for them.,9:16:SL:COUNTRY,[IN:book_hotel [SL:COUNTRY Lesotho] ],COUNTRY: Lesotho,sot
travel,book_hotel,What is the most luxurious hotel in Lesotho?,32:39:SL:COUNTRY,[IN:book_hotel [SL:COUNTRY Lesotho] ],COUNTRY: Lesotho,sot
travel,book_hotel,I am looking for a hotel near public transport in Mpumalanga.,53:63:SL:CITY_OR_PROVINCE,[IN:book_hotel [SL:CITY_OR_PROVINCE Mpumalanga] ],CITY_OR_PROVINCE: Mpumalanga,sot
travel,book_hotel,they give out towels in the hotel,,[IN:book_hotel ],,sot
travel,book_hotel,how many hotel rooms can i request,,[IN:book_hotel ],,sot
travel,book_hotel,how many people sleep in the other room,,[IN:book_hotel ],,sot
travel,book_hotel,how many hotels are there in the world,,[IN:book_hotel ],,sot
travel,book_hotel,how do you know that the hotel is good,,[IN:book_hotel ],,sot
travel,book_hotel,who is in charge of the hotel,,[IN:book_hotel ],,sot
travel,book_hotel,what is the largest hotel in the world,,[IN:book_hotel ],,sot
travel,book_hotel,how many hotels are there in cape town,38:47:SL:CITY_OR_PROVINCE,[IN:book_hotel [SL:CITY_OR_PROVINCE cape town] ],CITY_OR_PROVINCE: cape town,sot
travel,book_hotel,children are allowed in the hotel,,[IN:book_hotel ],,sot
travel,book_hotel,are children allowed at sandton hotels,41:48:SL:PLACE_NAME,[IN:book_hotel [SL:PLACE_NAME sandton] ],PLACE_NAME: sandton,sot
travel,book_hotel,how much would it cost to stay in a hotel for three nights,,[IN:book_hotel ],,sot
travel,book_hotel,how much can i pay for a five day stay in a hotel,,[IN:book_hotel ],,sot
travel,book_hotel,how much can i pay for a night in a hotel,,[IN:book_hotel ],,sot
travel,book_hotel,how much would it cost to stay in a hotel for two nights,,[IN:book_hotel ],,sot
travel,book_hotel,i can pay for the hotel by cash,,[IN:book_hotel ],,sot
travel,book_hotel,i can pay at the hotel with a credit card,,[IN:book_hotel ],,sot
travel,book_hotel,i can afford to stay in a hotel with a mortgage,,[IN:book_hotel ],,sot
travel,book_hotel,I can pay the hotel bill little by little,20:40:SL:BILL_TYPE,[IN:book_hotel [SL:BILL_TYPE sekoloto sa hoteleng] ],BILL_TYPE: sekoloto sa hoteleng,sot
travel,book_hotel,let me give it to a expensive hotel nearby,,[IN:book_hotel ],,sot
travel,book_hotel,give me a hotel to stay in cape town,39:48:SL:CITY_OR_PROVINCE,[IN:book_hotel [SL:CITY_OR_PROVINCE cape town] ],CITY_OR_PROVINCE: cape town,sot
travel,book_hotel,give me a hotel to stay in nearby,,[IN:book_hotel ],,sot
travel,book_hotel,give me a hotel to stay in durban,39:45:SL:CITY_OR_PROVINCE,[IN:book_hotel [SL:CITY_OR_PROVINCE durban] ],CITY_OR_PROVINCE: durban,sot
travel,book_hotel,give me a hotel to stay in randburg,39:47:SL:PLACE_NAME,[IN:book_hotel [SL:PLACE_NAME randburg] ],PLACE_NAME: randburg,sot
travel,book_hotel,give me a hotel to stay in stellenbosch,39:51:SL:PLACE_NAME,[IN:book_hotel [SL:PLACE_NAME stellenbosch] ],PLACE_NAME: stellenbosch,sot
travel,book_hotel,give me a hotel to stay in in Port Elizabeth,39:53:SL:CITY_OR_PROVINCE,[IN:book_hotel [SL:CITY_OR_PROVINCE Port Elizabeth] ],CITY_OR_PROVINCE: Port Elizabeth,sot
travel,book_hotel,a hotel that has a history of having many rooms,,[IN:book_hotel ],,sot
travel,book_hotel,give me a cheap hotel in cape town,24:33:SL:CITY_OR_PROVINCE,[IN:book_hotel [SL:CITY_OR_PROVINCE cape town] ],CITY_OR_PROVINCE: cape town,sot
travel,book_hotel,give me a cheap hotel near table mountain,31:45:SL:PLACE_NAME,[IN:book_hotel [SL:PLACE_NAME table mountain] ],PLACE_NAME: table mountain,sot
travel,book_hotel,give me a cheap hotel by the sea,,[IN:book_hotel ],,sot
travel,book_hotel,give me a cheap hotel near God's window,31:43:SL:PLACE_NAME,[IN:book_hotel [SL:PLACE_NAME God's window] ],PLACE_NAME: God's window,sot
travel,book_hotel,give me a cheap hotel near the kruger national park,31:51:SL:PLACE_NAME,[IN:book_hotel [SL:PLACE_NAME kruger national park] ],PLACE_NAME: kruger national park,sot
travel,book_hotel,give me a cheap hotel near sun city,31:39:SL:PLACE_NAME,[IN:book_hotel [SL:PLACE_NAME sun city] ],PLACE_NAME: sun city,sot
travel,book_hotel,it's true that the sun city hotel has its own beach,9:27:SL:HOTEL_NAME,[IN:book_hotel [SL:HOTEL_NAME hotele ya sun city] ],HOTEL_NAME: hotele ya sun city,sot
travel,book_hotel,he has a hotel on the hills of mpumalanga,39:49:SL:CITY_OR_PROVINCE,[IN:book_hotel [SL:CITY_OR_PROVINCE mpumalanga] ],CITY_OR_PROVINCE: mpumalanga,sot
travel,book_hotel,how can i book a hotel without a website,,[IN:book_hotel ],,sot
travel,book_hotel,do all hotels have to have a website,,[IN:book_hotel ],,sot
travel,book_hotel,give me the website of the hotel protea hotel,27:39:SL:HOTEL_NAME,[IN:book_hotel [SL:HOTEL_NAME protea hotel] ],HOTEL_NAME: protea hotel,sot
travel,book_hotel,give me the website of the hotel sun1,17:31:SL:HOTEL_NAME,[IN:book_hotel [SL:HOTEL_NAME hotele ya sun1] ],HOTEL_NAME: hotele ya sun1,sot
travel,car_rental,Rent a Volvo at a shop near Pretoria,38:46:SL:CITY_OR_PROVINCE,[IN:car_rental [SL:CITY_OR_PROVINCE Pretoria] ],CITY_OR_PROVINCE: Pretoria,sot
travel,car_rental,What does renting a car require?,,[IN:car_rental ],,sot
travel,car_rental,How much does it cost to rent a car?,,[IN:car_rental ],,sot
travel,car_rental,How much does it cost to rent a car in Avis?,,[IN:car_rental ],,sot
travel,car_rental,Do I need a credit card to rent a car?,,[IN:car_rental ],,sot
travel,car_rental,Do I need a passport to rent a car?,,[IN:car_rental ],,sot
travel,car_rental,How much can I rent a BMW X5 at Avis?,,[IN:car_rental ],,sot
travel,car_rental,Who is allowed to rent a car?,,[IN:car_rental ],,sot
travel,car_rental,Can I rent a car without a license?,,[IN:car_rental ],,sot
travel,car_rental,How much does it cost to rent a Porche Avis?,,[IN:car_rental ],,sot
travel,car_rental,Give me some car rental places in Gauteng?,35:42:SL:CITY_OR_PROVINCE,[IN:car_rental [SL:CITY_OR_PROVINCE Gauteng] ],CITY_OR_PROVINCE: Gauteng,sot
travel,car_rental,"I'm going to Cape Town tomorrow, where can I rent a car?",,[IN:car_rental ],,sot
travel,car_rental,Can I rent a car at the airport?,,[IN:car_rental ],,sot
travel,car_rental,How do I start a car rental business?,,[IN:car_rental ],,sot
travel,car_rental,How much do I need to rent a car?,,[IN:car_rental ],,sot
travel,car_rental,Audi is renting cars?,,[IN:car_rental ],,sot
travel,car_rental,Where can I rent a car in Pretoria?,19:27:SL:CITY_OR_PROVINCE,[IN:car_rental [SL:CITY_OR_PROVINCE Pretoria] ],CITY_OR_PROVINCE: Pretoria,sot
travel,car_rental,How much to rent a car,,[IN:car_rental ],,sot
travel,car_rental,How many car rental shops in Gauteng,21:28:SL:CITY_OR_PROVINCE,[IN:car_rental [SL:CITY_OR_PROVINCE Gauteng] ],CITY_OR_PROVINCE: Gauteng,sot
travel,car_rental,What is the price of renting a car?,,[IN:car_rental ],,sot
travel,car_rental,What can happen when you return a rented car,,[IN:car_rental ],,sot
travel,car_rental,You can choose your own car when you rent a car,,[IN:car_rental ],,sot
travel,car_rental,What shops offer car rental at a low price,,[IN:car_rental ],,sot
travel,car_rental,What cars are expensive,,[IN:car_rental ],,sot
travel,car_rental,What car does it take to rent a long wheel,,[IN:car_rental ],,sot
travel,car_rental,Who pays for the gas when I rent a car,,[IN:car_rental ],,sot
travel,car_rental,How long can I rent a car,,[IN:car_rental ],,sot
travel,car_rental,Do I have to pay a deposit to rent a car?,,[IN:car_rental ],,sot
travel,car_rental,I have to know the rules before I rent a car,,[IN:car_rental ],,sot
travel,car_rental,Do I have to have incense?,,[IN:car_rental ],,sot
travel,car_rental,I'm in a car dealership,,[IN:car_rental ],,sot
travel,car_rental,How much can I pay for the deposit for the car hire?,,[IN:car_rental ],,sot
travel,car_rental,Give me the car rental shops in America,34:41:SL:COUNTRY,[IN:car_rental [SL:COUNTRY Amerika] ],COUNTRY: Amerika,sot
travel,car_rental,Give me the car rental shops in Botswana,34:42:SL:COUNTRY,[IN:car_rental [SL:COUNTRY Botswana] ],COUNTRY: Botswana,sot
travel,car_rental,Give me car rental shops in Nigeria,34:41:SL:COUNTRY,[IN:car_rental [SL:COUNTRY Nigeria] ],COUNTRY: Nigeria,sot
travel,car_rental,Give me the car rental shops in Italy,34:39:SL:COUNTRY,[IN:car_rental [SL:COUNTRY Italy] ],COUNTRY: Italy,sot
travel,car_rental,Give me car rental shops in Canada,34:40:SL:COUNTRY,[IN:car_rental [SL:COUNTRY Canada] ],COUNTRY: Canada,sot
travel,car_rental,I can use my bank account to rent a car in the United States,52:59:SL:COUNTRY,[IN:car_rental [SL:COUNTRY Amerika] ],COUNTRY: Amerika,sot
travel,car_rental,What happens if I break my rental car,,[IN:car_rental ],,sot
travel,car_rental,Will my insurance cover the rented car?,,[IN:car_rental ],,sot
travel,car_rental,How much does it cost to rent a Porsche?,,[IN:car_rental ],,sot
travel,car_rental,How much to rent a BMW x5,,[IN:car_rental ],,sot
travel,car_rental,How much to rent a Picanto,,[IN:car_rental ],,sot
travel,car_rental,How much to rent an Audi,,[IN:car_rental ],,sot
travel,car_rental,How much to rent a Renault Clio,,[IN:car_rental ],,sot
travel,car_rental,How much to rent a Volvo,,[IN:car_rental ],,sot
travel,car_rental,How much to hire Haval,,[IN:car_rental ],,sot
travel,car_rental,Can I use someone else's name to rent a car?,,[IN:car_rental ],,sot
travel,car_rental,What is required when renting a car?,,[IN:car_rental ],,sot
travel,car_rental,How much would it cost to rent a car for three days?,,[IN:car_rental ],,sot
travel,car_rental,How much would it cost to rent a car for five days?,43:52:SL:NUMBER,[IN:car_rental [SL:NUMBER a mahlano] ],NUMBER: a mahlano,sot
travel,car_rental,How much would it cost to rent a car for two days?,43:51:SL:NUMBER,[IN:car_rental [SL:NUMBER a mabedi] ],NUMBER: a mabedi,sot
travel,car_rental,How much would it cost to rent a car for four days?,,[IN:car_rental ],,sot
travel,car_rental,Do you pay for days or hours when you rent a car?,,[IN:car_rental ],,sot
travel,car_rental,I'm going to rent a car in Durban tomorrow.,32:38:SL:CITY_OR_PROVINCE,[IN:car_rental [SL:CITY_OR_PROVINCE Durban] ],CITY_OR_PROVINCE: Durban,sot
travel,car_rental,I rented a car to use in Cape Town for the next week.,32:41:SL:CITY_OR_PROVINCE,[IN:car_rental [SL:CITY_OR_PROVINCE Cape Town] ],CITY_OR_PROVINCE: Cape Town,sot
travel,car_rental,I rented a car that I will use in Saudi Arabia for the next month.,32:44:SL:COUNTRY,[IN:car_rental [SL:COUNTRY Saudi Arabia] ],COUNTRY: Saudi Arabia,sot
travel,car_rental,Rent a car for my children in Bloemfontein.,23:35:SL:CITY_OR_PROVINCE,[IN:car_rental [SL:CITY_OR_PROVINCE Bloemfontein] ],CITY_OR_PROVINCE: Bloemfontein,sot
travel,car_rental,Do I pay for the damage to my rental car?,,[IN:car_rental ],,sot
travel,car_rental,Can I rent a car for a month?,,[IN:car_rental ],,sot
travel,car_rental,Can I rent a car and a trailer at the same time?,,[IN:car_rental ],,sot
travel,car_rental,Give me a nearby car rental shop?,,[IN:car_rental ],,sot
travel,car_rental,Give me a car rental shop by the sea?,,[IN:car_rental ],,sot
travel,car_rental,Can I rent a car for just a few hours?,,[IN:car_rental ],,sot
travel,car_rental,Can I eat in my car with a ventilator?,,[IN:car_rental ],,sot
travel,car_rental,Should I return a rented car with gasoline?,,[IN:car_rental ],,sot
travel,car_rental,Can I sleep in my rental car?,,[IN:car_rental ],,sot
travel,car_rental,Can I park a rented car outside?,,[IN:car_rental ],,sot
travel,car_rental,When do I pay the deposit when I rent a car?,,[IN:car_rental ],,sot
travel,car_rental,Does a rented car come with a full tank of gas?,44:52:SL:BILL_TYPE,[IN:car_rental [SL:BILL_TYPE peterole] ],BILL_TYPE: peterole,sot
travel,car_rental,How far can I drive in a rented car?,,[IN:car_rental ],,sot
travel,car_rental,What happens if I cross the border in a rented car?,,[IN:car_rental ],,sot
travel,car_rental,Will I be arrested if I do not return the rental car on time?,,[IN:car_rental ],,sot
travel,car_rental,Will I be arrested if I do not return the rented car on time?,,[IN:car_rental ],,sot
travel,car_rental,Can I change parts in a rented car?,,[IN:car_rental ],,sot
travel,car_rental,Can I change the color of the rented car?,,[IN:car_rental ],,sot
travel,car_rental,Rent a Picanto at a shop near Randburg,40:48:SL:PLACE_NAME,[IN:car_rental [SL:PLACE_NAME Randburg] ],PLACE_NAME: Randburg,sot
travel,car_rental,Rent a BMW at a shop near Sandton,36:43:SL:PLACE_NAME,[IN:car_rental [SL:PLACE_NAME Sandton] ],PLACE_NAME: Sandton,sot
travel,car_rental,Rent a car for Auid at the store near Fourways,,[IN:car_rental ],,sot
travel,car_rental,Rent a Honda at a shop near Claremont,38:47:SL:PLACE_NAME,[IN:car_rental [SL:PLACE_NAME Claremont] ],PLACE_NAME: Claremont,sot
travel,exchange_rate,"How many pounds sterling would I get for $ 1,000?",55:70:SL:MONEY,"[IN:exchange_rate [SL:MONEY Ranta tse 1,000] ]","MONEY: Ranta tse 1,000",sot
travel,exchange_rate,"How much is 60,000 Australian Dollars to the South African Dollar?","0:24:SL:MONEY,28:33:SL:CURRENCY,37:49:SL:COUNTRY",[IN:exchange_rate [SL:MONEY 60 000 Australian Dollar] [SL:CURRENCY Ranta] [SL:COUNTRY Afrika Borwa] ],MONEY: 60 000 Australian Dollar $$ CURRENCY: Ranta $$ COUNTRY: Afrika Borwa,sot
travel,exchange_rate,What is the difference between five British pounds and the South African dollar?,"11:39:SL:MONEY,43:64:SL:MONEY",[IN:exchange_rate [SL:MONEY Ponto tse hlano ya Borithane] [SL:MONEY Ranta ya Afrika Borwa] ],MONEY: Ponto tse hlano ya Borithane $$ MONEY: Ranta ya Afrika Borwa,sot
travel,exchange_rate,How many Euros can I buy with 500 Swiss Francs?,"9:16:SL:CURRENCY,28:44:SL:MONEY",[IN:exchange_rate [SL:CURRENCY di-Euro] [SL:MONEY 500 Swiss Francs] ],CURRENCY: di-Euro $$ MONEY: 500 Swiss Francs,sot
travel,exchange_rate,"How much is 700 Japanese Yen to $1,000 South African?","0:16:SL:MONEY,20:42:SL:MONEY","[IN:exchange_rate [SL:MONEY 700 Japanese Yen] [SL:MONEY R1,000 ya Afrika Borwa] ]","MONEY: 700 Japanese Yen $$ MONEY: R1,000 ya Afrika Borwa",sot
travel,exchange_rate,"How many US dollars can I get for South Africa's R1,000 ?","11:35:SL:CURRENCY,46:52:SL:MONEY,56:68:SL:COUNTRY","[IN:exchange_rate [SL:CURRENCY di dolara tse kae tsa US] [SL:MONEY R1,000] [SL:COUNTRY Afrika Borwa] ]","CURRENCY: di dolara tse kae tsa US $$ MONEY: R1,000 $$ COUNTRY: Afrika Borwa",sot
travel,exchange_rate,How much is 50 Canadian Dollars in Euros?,"0:19:SL:MONEY,23:30:SL:CURRENCY",[IN:exchange_rate [SL:MONEY 50 Dollar ya Canada] [SL:CURRENCY di-Euro] ],MONEY: 50 Dollar ya Canada $$ CURRENCY: di-Euro,sot
travel,exchange_rate,"How much Chinese Yuan can I get for $ 1,000 South African ?","11:15:SL:CURRENCY,19:24:SL:COUNTRY,41:47:SL:MONEY,51:63:SL:COUNTRY","[IN:exchange_rate [SL:CURRENCY Yuan] [SL:COUNTRY China] [SL:MONEY R1,000] [SL:COUNTRY Afrika Borwa] ]","CURRENCY: Yuan $$ COUNTRY: China $$ MONEY: R1,000 $$ COUNTRY: Afrika Borwa",sot
travel,exchange_rate,How much is 1 Australian Dollar to 1 Swiss Franc?,"0:19:SL:MONEY,23:35:SL:CURRENCY",[IN:exchange_rate [SL:MONEY 1 Australian Dollar] [SL:CURRENCY Swiss Francs] ],MONEY: 1 Australian Dollar $$ CURRENCY: Swiss Francs,sot
travel,exchange_rate,"How many Swiss Francs can I get for $ 1,000 South African ?","11:26:SL:CURRENCY,45:51:SL:MONEY,55:67:SL:COUNTRY","[IN:exchange_rate [SL:CURRENCY di-Swiss Francs] [SL:MONEY R1,000] [SL:COUNTRY Afrika Borwa] ]","CURRENCY: di-Swiss Francs $$ MONEY: R1,000 $$ COUNTRY: Afrika Borwa",sot
travel,exchange_rate,What is the difference between 1 US Dollar and the South African Dollar?,"12:23:SL:MONEY,27:32:SL:CURRENCY,36:48:SL:COUNTRY",[IN:exchange_rate [SL:MONEY 1 US Dollar] [SL:CURRENCY Ranta] [SL:COUNTRY Afrika Borwa] ],MONEY: 1 US Dollar $$ CURRENCY: Ranta $$ COUNTRY: Afrika Borwa,sot
travel,exchange_rate,How many British pounds can I get for 100 South African dollars ?,"11:38:SL:CURRENCY,49:53:SL:MONEY,57:69:SL:COUNTRY",[IN:exchange_rate [SL:CURRENCY diponto tse kae tsa British] [SL:MONEY R100] [SL:COUNTRY Afrika Borwa] ],CURRENCY: diponto tse kae tsa British $$ MONEY: R100 $$ COUNTRY: Afrika Borwa,sot
travel,exchange_rate,What is the difference between 1 Euro and the South African Dollar?,"12:18:SL:MONEY,22:27:SL:CURRENCY,31:43:SL:COUNTRY",[IN:exchange_rate [SL:MONEY 1 Euro] [SL:CURRENCY Ranta] [SL:COUNTRY Afrika Borwa] ],MONEY: 1 Euro $$ CURRENCY: Ranta $$ COUNTRY: Afrika Borwa,sot
travel,exchange_rate,How much Japanese Yen can I get for a South African dollar ?,"14:17:SL:CURRENCY,27:33:SL:COUNTRY,44:49:SL:CURRENCY,53:65:SL:COUNTRY",[IN:exchange_rate [SL:CURRENCY Yen] [SL:COUNTRY Japane] [SL:CURRENCY Ranta] [SL:COUNTRY Afrika Borwa] ],CURRENCY: Yen $$ COUNTRY: Japane $$ CURRENCY: Ranta $$ COUNTRY: Afrika Borwa,sot
travel,exchange_rate,"How much is 1,000 Indian Rupees to the South African dollar?","0:18:SL:MONEY,22:27:SL:CURRENCY,31:43:SL:COUNTRY","[IN:exchange_rate [SL:MONEY 1,000 Indian Rupee] [SL:CURRENCY Ranta] [SL:COUNTRY Afrika Borwa] ]","MONEY: 1,000 Indian Rupee $$ CURRENCY: Ranta $$ COUNTRY: Afrika Borwa",sot
travel,exchange_rate,How much could I get in U.S. Dollars for 100 Swiss Francs?,"20:29:SL:CURRENCY,40:56:SL:MONEY",[IN:exchange_rate [SL:CURRENCY US Dollar] [SL:MONEY 100 Swiss Francs] ],CURRENCY: US Dollar $$ MONEY: 100 Swiss Francs,sot
travel,exchange_rate,forex is traded in dollars,19:26:SL:CURRENCY,[IN:exchange_rate [SL:CURRENCY diranta] ],CURRENCY: diranta,sot
travel,exchange_rate,What is the difference between the dollar and the naira,"20:30:SL:CURRENCY,34:39:SL:CURRENCY",[IN:exchange_rate [SL:CURRENCY zim dollar] [SL:CURRENCY naira] ],CURRENCY: zim dollar $$ CURRENCY: naira,sot
travel,exchange_rate,for the Yen and the euro which is the stronger,"10:13:SL:CURRENCY,17:21:SL:CURRENCY",[IN:exchange_rate [SL:CURRENCY Yen] [SL:CURRENCY euro] ],CURRENCY: Yen $$ CURRENCY: euro,sot
travel,exchange_rate,for rain and ranta is in what quantity,"10:14:SL:CURRENCY,18:23:SL:CURRENCY",[IN:exchange_rate [SL:CURRENCY pula] [SL:CURRENCY ranta] ],CURRENCY: pula $$ CURRENCY: ranta,sot
travel,exchange_rate,"How much is $1,000 when compared to naira?","0:6:SL:MONEY,34:39:SL:CURRENCY",[IN:exchange_rate [SL:MONEY R10000] [SL:CURRENCY naira] ],MONEY: R10000 $$ CURRENCY: naira,sot
travel,exchange_rate,How many Indian Rupees can I get for 100 Swiss Francs?,"14:27:SL:CURRENCY,46:62:SL:MONEY",[IN:exchange_rate [SL:CURRENCY Indian Rupees] [SL:MONEY 100 Swiss Francs] ],CURRENCY: Indian Rupees $$ MONEY: 100 Swiss Francs,sot
travel,exchange_rate,How much is 1 US Dollar to the Chinese Yuan?,"0:11:SL:MONEY,15:31:SL:CURRENCY",[IN:exchange_rate [SL:MONEY 1 US Dollar] [SL:CURRENCY Yuan ya Machaena] ],MONEY: 1 US Dollar $$ CURRENCY: Yuan ya Machaena,sot
travel,exchange_rate,How much is 1 Australian Dollar to Japanese Yen?,"0:19:SL:MONEY,23:35:SL:CURRENCY",[IN:exchange_rate [SL:MONEY 1 Australian Dollar] [SL:CURRENCY Japanese Yen] ],MONEY: 1 Australian Dollar $$ CURRENCY: Japanese Yen,sot
travel,exchange_rate,"How many British pounds do I need to buy 1,000 Canadian Dollars?","3:30:SL:CURRENCY,58:80:SL:MONEY","[IN:exchange_rate [SL:CURRENCY diponto tse kae tsa British] [SL:MONEY 1,000 Canadian Dollars] ]","CURRENCY: diponto tse kae tsa British $$ MONEY: 1,000 Canadian Dollars",sot
travel,exchange_rate,What is the strength of the British Pound and the Japanese Yen?,"8:13:SL:CURRENCY,17:26:SL:COUNTRY,30:33:SL:CURRENCY,37:43:SL:COUNTRY",[IN:exchange_rate [SL:CURRENCY Ponto] [SL:COUNTRY Borithane] [SL:CURRENCY Yen] [SL:COUNTRY Japane] ],CURRENCY: Ponto $$ COUNTRY: Borithane $$ CURRENCY: Yen $$ COUNTRY: Japane,sot
travel,exchange_rate,"How much is 1,000 US Dollars to Euros?","0:16:SL:MONEY,20:25:SL:CURRENCY","[IN:exchange_rate [SL:MONEY 1,000 US Dollars] [SL:CURRENCY Euros] ]","MONEY: 1,000 US Dollars $$ CURRENCY: Euros",sot
travel,exchange_rate,"How much is 1,000 Chinese Yuan to a South Korean Won?","9:29:SL:MONEY,33:51:SL:CURRENCY","[IN:exchange_rate [SL:MONEY 1,000 Yuan ya Chaena] [SL:CURRENCY Won ya Korea borwa] ]","MONEY: 1,000 Yuan ya Chaena $$ CURRENCY: Won ya Korea borwa",sot
travel,exchange_rate,How much are francs to Indian Rupees?,"0:5:SL:CURRENCY,9:22:SL:CURRENCY",[IN:exchange_rate [SL:CURRENCY Franc] [SL:CURRENCY Indian Rupees] ],CURRENCY: Franc $$ CURRENCY: Indian Rupees,sot
travel,exchange_rate,How many Canadian dollars would I exchange for 500 Australian Dollars?,,[IN:exchange_rate ],,sot
travel,exchange_rate,How many Euros can I get for 100 US Dollars today?,"11:18:SL:CURRENCY,30:44:SL:MONEY",[IN:exchange_rate [SL:CURRENCY di-Euro] [SL:MONEY 100 US Dollars] ],CURRENCY: di-Euro $$ MONEY: 100 US Dollars,sot
travel,exchange_rate,are cedis and rands equal?,"0:5:SL:CURRENCY,9:14:SL:CURRENCY",[IN:exchange_rate [SL:CURRENCY cedis] [SL:CURRENCY ranta] ],CURRENCY: cedis $$ CURRENCY: ranta,sot
travel,exchange_rate,how many cedis are in a rant?,"12:17:SL:CURRENCY,21:28:SL:CURRENCY",[IN:exchange_rate [SL:CURRENCY cedis] [SL:CURRENCY ranteng] ],CURRENCY: cedis $$ CURRENCY: ranteng,sot
travel,exchange_rate,How many Euros will I get for 500 Australian Dollars?,"14:21:SL:CURRENCY,40:62:SL:MONEY",[IN:exchange_rate [SL:CURRENCY di-Euro] [SL:MONEY 500 Australian Dollars] ],CURRENCY: di-Euro $$ MONEY: 500 Australian Dollars,sot
travel,exchange_rate,how much is 1 British pound to Canadian dollars?,"19:41:SL:MONEY,45:65:SL:CURRENCY",[IN:exchange_rate [SL:MONEY Ponto e 1 ya Borithane] [SL:CURRENCY di dolara tsa Canada] ],MONEY: Ponto e 1 ya Borithane $$ CURRENCY: di dolara tsa Canada,sot
travel,exchange_rate,"How many Japanese Yen can I buy for 1,000 US Dollars?","9:28:SL:CURRENCY,32:48:SL:MONEY","[IN:exchange_rate [SL:CURRENCY Yen e kae ya Japane] [SL:MONEY 1,000 US Dollars] ]","CURRENCY: Yen e kae ya Japane $$ MONEY: 1,000 US Dollars",sot
travel,exchange_rate,What is the strength of 100 Canadian Dollars to the Euro?,"5:25:SL:MONEY,29:33:SL:CURRENCY",[IN:exchange_rate [SL:MONEY 100 Canadian Dollars] [SL:CURRENCY Euro] ],MONEY: 100 Canadian Dollars $$ CURRENCY: Euro,sot
travel,exchange_rate,"How much South Korean Won can I get for 1,000 Chinese Yuan?","11:29:SL:CURRENCY,46:68:SL:MONEY","[IN:exchange_rate [SL:CURRENCY Won ya Korea borwa] [SL:MONEY Yuan ya China ya 1,000] ]","CURRENCY: Won ya Korea borwa $$ MONEY: Yuan ya China ya 1,000",sot
travel,exchange_rate,how much is the difference between 1 Swiss Franc and 1 US dollar?,"20:33:SL:MONEY,37:58:SL:CURRENCY",[IN:exchange_rate [SL:MONEY 1 Swiss Franc] [SL:CURRENCY di dolara tsa Amerika] ],MONEY: 1 Swiss Franc $$ CURRENCY: di dolara tsa Amerika,sot
travel,exchange_rate,"How much is the average British pound for 1,000 Euros?","20:40:SL:CURRENCY,51:62:SL:MONEY","[IN:exchange_rate [SL:CURRENCY diponto tsa Brithani] [SL:MONEY 1,000 Euros] ]","CURRENCY: diponto tsa Brithani $$ MONEY: 1,000 Euros",sot
travel,exchange_rate,How much is 1 Australian Dollar to 1 American dollar?,"0:19:SL:MONEY,26:44:SL:CURRENCY",[IN:exchange_rate [SL:MONEY 1 Australian Dollar] [SL:CURRENCY dolara tsa Amerika] ],MONEY: 1 Australian Dollar $$ CURRENCY: dolara tsa Amerika,sot
travel,exchange_rate,How many Rupees do I need to buy 100 Japanese Yen?,"9:17:SL:CURRENCY,34:50:SL:MONEY",[IN:exchange_rate [SL:CURRENCY di-Rupee] [SL:MONEY 100 Japanese Yen] ],CURRENCY: di-Rupee $$ MONEY: 100 Japanese Yen,sot
travel,exchange_rate,How much is the Canadian dollar to the Chinese Yuan?,"0:15:SL:CURRENCY,19:35:SL:CURRENCY",[IN:exchange_rate [SL:CURRENCY Canadian dollar] [SL:CURRENCY Yuan ya Machaena] ],CURRENCY: Canadian dollar $$ CURRENCY: Yuan ya Machaena,sot
travel,exchange_rate,"How many US dollars can I get for 1,000 Euros ?","14:20:SL:CURRENCY,33:35:SL:COUNTRY,46:57:SL:MONEY","[IN:exchange_rate [SL:CURRENCY dolara] [SL:COUNTRY US] [SL:MONEY 1,000 Euros] ]","CURRENCY: dolara $$ COUNTRY: US $$ MONEY: 1,000 Euros",sot
travel,exchange_rate,how much is the difference between 1 British pound and Swiss francs?,"20:42:SL:MONEY,46:58:SL:CURRENCY",[IN:exchange_rate [SL:MONEY Ponto e 1 ya Borithane] [SL:CURRENCY Swiss Francs] ],MONEY: Ponto e 1 ya Borithane $$ CURRENCY: Swiss Francs,sot
travel,exchange_rate,How much Japanese Yen can I get for 100 Australian Dollars?,"11:30:SL:CURRENCY,41:63:SL:MONEY",[IN:exchange_rate [SL:CURRENCY Yen e kae ya Japane] [SL:MONEY 100 Australian Dollars] ],CURRENCY: Yen e kae ya Japane $$ MONEY: 100 Australian Dollars,sot
travel,exchange_rate,"between the Chinese Yuan and 1,000 to the Euro is stronger?","11:25:SL:CURRENCY,38:45:SL:CURRENCY",[IN:exchange_rate [SL:CURRENCY Yuan ya Chaena] [SL:CURRENCY di-Euro] ],CURRENCY: Yuan ya Chaena $$ CURRENCY: di-Euro,sot
travel,exchange_rate,"How many Canadian dollars can I get for 1,000 US dollars?","11:39:SL:CURRENCY,50:66:SL:MONEY","[IN:exchange_rate [SL:CURRENCY di dolara tse kae tsa Canada] [SL:MONEY 1,000 US Dollars] ]","CURRENCY: di dolara tse kae tsa Canada $$ MONEY: 1,000 US Dollars",sot
travel,exchange_rate,How much is 1 Australian Dollar to 1 British pound?,"0:19:SL:MONEY,23:44:SL:CURRENCY",[IN:exchange_rate [SL:MONEY 1 Australian Dollar] [SL:CURRENCY diponto tsa Borithane] ],MONEY: 1 Australian Dollar $$ CURRENCY: diponto tsa Borithane,sot
travel,exchange_rate,How much $1.50 can I get for 500 Indian Rupees?,45:62:SL:MONEY,[IN:exchange_rate [SL:MONEY 500 Indian Rupees] ],MONEY: 500 Indian Rupees,sot
travel,exchange_rate,How much is 1 South Korean Won to 1 U.S. dollar?,"0:17:SL:MONEY,21:42:SL:CURRENCY",[IN:exchange_rate [SL:MONEY 1 South Korea Won] [SL:CURRENCY di dolara tsa Amerika] ],MONEY: 1 South Korea Won $$ CURRENCY: di dolara tsa Amerika,sot
travel,exchange_rate,"How many Euros can I buy with 1,000 British Pounds?","9:16:SL:CURRENCY,28:47:SL:MONEY","[IN:exchange_rate [SL:CURRENCY di-Euro] [SL:MONEY 1,000 British Pound] ]","CURRENCY: di-Euro $$ MONEY: 1,000 British Pound",sot
travel,exchange_rate,What is the difference between the Canadian dollar and the Japanese yen?,"27:43:SL:CURRENCY,47:59:SL:CURRENCY",[IN:exchange_rate [SL:CURRENCY Dolara ya Canada] [SL:CURRENCY Japanese Yen] ],CURRENCY: Dolara ya Canada $$ CURRENCY: Japanese Yen,sot
travel,exchange_rate,How many Canadian dollars can I get for 100 Euros?,"32:38:SL:COUNTRY,49:58:SL:MONEY",[IN:exchange_rate [SL:COUNTRY Canada] [SL:MONEY 100 Euros] ],COUNTRY: Canada $$ MONEY: 100 Euros,sot
travel,exchange_rate,What is the difference between 85 Pula and Swiss Francs?,"11:18:SL:MONEY,22:34:SL:CURRENCY",[IN:exchange_rate [SL:MONEY 85 Pula] [SL:CURRENCY Swiss Francs] ],MONEY: 85 Pula $$ CURRENCY: Swiss Francs,sot
travel,exchange_rate,"How many Indian Rupees can I get for 5,000 Shields?",,[IN:exchange_rate ],,sot
travel,exchange_rate,if 100 cedis and the Chinese yuan is too much?,"8:17:SL:MONEY,21:25:SL:CURRENCY,29:34:SL:COUNTRY",[IN:exchange_rate [SL:MONEY 100 cedis] [SL:CURRENCY Yuan] [SL:COUNTRY China] ],MONEY: 100 cedis $$ CURRENCY: Yuan $$ COUNTRY: China,sot
travel,exchange_rate,59. How much South Korean Won can I buy for 500 Lakhs in Lesotho?,"0:2:SL:NUMBER,13:16:SL:CURRENCY,20:31:SL:COUNTRY,41:53:SL:MONEY,54:61:SL:COUNTRY",[IN:exchange_rate [SL:NUMBER 59] [SL:CURRENCY Won] [SL:COUNTRY Korea Borwa] [SL:MONEY maloti a 500] [SL:COUNTRY Lesotho] ],NUMBER: 59 $$ CURRENCY: Won $$ COUNTRY: Korea Borwa $$ MONEY: maloti a 500 $$ COUNTRY: Lesotho,sot
travel,exchange_rate,"How much is 1,000 pounds sterling to the dollar?","0:32:SL:MONEY,36:46:SL:CURRENCY","[IN:exchange_rate [SL:MONEY di ponto tse 1,000 tsa Borithane] [SL:CURRENCY zim dollar] ]","MONEY: di ponto tse 1,000 tsa Borithane $$ CURRENCY: zim dollar",sot
travel,exchange_rate,How many Shields can I get for 100 US Dollars?,28:42:SL:MONEY,[IN:exchange_rate [SL:MONEY 100 US Dollars] ],MONEY: 100 US Dollars,sot
travel,exchange_rate,what is the difference between 1 Japanese Yen and 1 US dollar?,"18:33:SL:MONEY,37:42:SL:CURRENCY",[IN:exchange_rate [SL:MONEY 1 Yen ya Japane] [SL:CURRENCY Ranta] ],MONEY: 1 Yen ya Japane $$ CURRENCY: Ranta,sot
travel,exchange_rate,"How many Australian dollars can I get for 1,000 naira?","11:20:SL:CURRENCY,33:42:SL:COUNTRY,53:64:SL:MONEY","[IN:exchange_rate [SL:CURRENCY di dolara] [SL:COUNTRY Australia] [SL:MONEY 1,000 naira] ]","CURRENCY: di dolara $$ COUNTRY: Australia $$ MONEY: 1,000 naira",sot
travel,exchange_rate,"How much is 80,000 Canadian Dollars to Swiss Francs?","0:12:SL:MONEY,16:22:SL:COUNTRY,26:37:SL:CURRENCY",[IN:exchange_rate [SL:MONEY 80000 Dollar] [SL:COUNTRY Canada] [SL:CURRENCY Swiss Franc] ],MONEY: 80000 Dollar $$ COUNTRY: Canada $$ CURRENCY: Swiss Franc,sot
travel,exchange_rate,What is the difference between the dollar and the naira?,"34:39:SL:CURRENCY,43:48:SL:CURRENCY",[IN:exchange_rate [SL:CURRENCY ranta] [SL:CURRENCY naira] ],CURRENCY: ranta $$ CURRENCY: naira,sot
travel,exchange_rate,How much is a dollar to a dollar?,"0:10:SL:CURRENCY,14:19:SL:CURRENCY",[IN:exchange_rate [SL:CURRENCY Zim dollar] [SL:CURRENCY ranta] ],CURRENCY: Zim dollar $$ CURRENCY: ranta,sot
travel,exchange_rate,Is the dollar more valuable than the dollar?,,[IN:exchange_rate ],,sot
travel,exchange_rate,How much is 1 US dollar to the dollar?,"0:11:SL:MONEY,15:20:SL:CURRENCY",[IN:exchange_rate [SL:MONEY 1 US dollar] [SL:CURRENCY ranta] ],MONEY: 1 US dollar $$ CURRENCY: ranta,sot
travel,exchange_rate,How much is a dollar to Swiss Francs?,"0:5:SL:CURRENCY,9:21:SL:CURRENCY",[IN:exchange_rate [SL:CURRENCY Ranta] [SL:CURRENCY swiss Francs] ],CURRENCY: Ranta $$ CURRENCY: swiss Francs,sot
travel,exchange_rate,Is the naira worth more than South Africa ?,"3:8:SL:CURRENCY,32:44:SL:COUNTRY",[IN:exchange_rate [SL:CURRENCY Naira] [SL:COUNTRY Afrika Borwa] ],CURRENCY: Naira $$ COUNTRY: Afrika Borwa,sot
travel,exchange_rate,Is the British pound more valuable than the dollar?,"3:8:SL:CURRENCY,12:21:SL:COUNTRY,38:43:SL:CURRENCY",[IN:exchange_rate [SL:CURRENCY ponto] [SL:COUNTRY Borithane] [SL:CURRENCY ranta] ],CURRENCY: ponto $$ COUNTRY: Borithane $$ CURRENCY: ranta,sot
travel,exchange_rate,For the ants and the rain what has the greatest value?,"10:16:SL:CURRENCY,23:27:SL:CURRENCY",[IN:exchange_rate [SL:CURRENCY Maloti] [SL:CURRENCY pula] ],CURRENCY: Maloti $$ CURRENCY: pula,sot
travel,exchange_rate,how much is 10000 naira in dollars,"9:20:SL:MONEY,35:40:SL:CURRENCY",[IN:exchange_rate [SL:MONEY 10000 naira] [SL:CURRENCY ranta] ],MONEY: 10000 naira $$ CURRENCY: ranta,sot
travel,exchange_rate,"How much Zimbabwean dollars can I get for 1,000 Canadian Dollars?","11:21:SL:CURRENCY,31:39:SL:COUNTRY,50:70:SL:MONEY","[IN:exchange_rate [SL:CURRENCY Zim dollar] [SL:COUNTRY Zimbabwe] [SL:MONEY 1,000 Canada Dollars] ]","CURRENCY: Zim dollar $$ COUNTRY: Zimbabwe $$ MONEY: 1,000 Canada Dollars",sot
travel,exchange_rate,What is the difference between 500 pesos and a dollar?,"11:19:SL:MONEY,23:28:SL:CURRENCY",[IN:exchange_rate [SL:MONEY 500 pula] [SL:CURRENCY ranta] ],MONEY: 500 pula $$ CURRENCY: ranta,sot
travel,exchange_rate,How many Lesotho loti can I get for 100 South African dollars ?,"11:17:SL:CURRENCY,29:36:SL:COUNTRY,47:51:SL:MONEY,55:67:SL:COUNTRY",[IN:exchange_rate [SL:CURRENCY maluti] [SL:COUNTRY Lesotho] [SL:MONEY R100] [SL:COUNTRY Afrika Borwa] ],CURRENCY: maluti $$ COUNTRY: Lesotho $$ MONEY: R100 $$ COUNTRY: Afrika Borwa,sot
travel,exchange_rate,How much is 7000 cents to the British pound?,"0:10:SL:MONEY,14:35:SL:CURRENCY",[IN:exchange_rate [SL:MONEY 7000 Cedis] [SL:CURRENCY diponto tsa Borithane] ],MONEY: 7000 Cedis $$ CURRENCY: diponto tsa Borithane,sot
travel,exchange_rate,"How many Swiss Francs can I buy for 1,000 Euros?",,[IN:exchange_rate ],,sot
travel,exchange_rate,How much is 80 naira to the South African dollar?,"0:8:SL:MONEY,15:36:SL:CURRENCY",[IN:exchange_rate [SL:MONEY 80 naira] [SL:CURRENCY Ranta ya Afrika Borwa] ],MONEY: 80 naira $$ CURRENCY: Ranta ya Afrika Borwa,sot
travel,exchange_rate,how much can I get for 500 Australian Dollars?,35:57:SL:MONEY,[IN:exchange_rate [SL:MONEY 500 Australian Dollars] ],MONEY: 500 Australian Dollars,sot
travel,exchange_rate,"As for the Korean won and the South African dollar, what is the strong currency?",,[IN:exchange_rate ],,sot
travel,international_visa,Do I need a visa to visit Jamaica?,26:33:SL:COUNTRY,[IN:international_visa [SL:COUNTRY Jamaica] ],COUNTRY: Jamaica,sot
travel,international_visa,I need a visa to go to South Korea,24:35:SL:COUNTRY,[IN:international_visa [SL:COUNTRY South Korea] ],COUNTRY: South Korea,sot
travel,international_visa,"If I'm going to Columbia, I need a visa",12:20:SL:COUNTRY,[IN:international_visa [SL:COUNTRY Columbia] ],COUNTRY: Columbia,sot
travel,international_visa,You need a visa to go to Cuba,28:32:SL:COUNTRY,[IN:international_visa [SL:COUNTRY cuba] ],COUNTRY: cuba,sot
travel,international_visa,Does a six-month-old need a visa?,,[IN:international_visa ],,sot
travel,international_visa,Does a 12-year-old need a visa?,10:23:SL:NUMBER,[IN:international_visa [SL:NUMBER dilemo tse 12] ],NUMBER: dilemo tse 12,sot
travel,international_visa,I need a visa to go to Indonesia,27:36:SL:COUNTRY,[IN:international_visa [SL:COUNTRY Indonesia] ],COUNTRY: Indonesia,sot
travel,international_visa,"The school is planning a trip to America, do the children need visas?",30:37:SL:COUNTRY,[IN:international_visa [SL:COUNTRY Amerika] ],COUNTRY: Amerika,sot
travel,international_visa,A visa is required to visit south africa,43:55:SL:COUNTRY,[IN:international_visa [SL:COUNTRY south africa] ],COUNTRY: south africa,sot
travel,international_visa,"If I want to visit Singapore, I need a visa.",24:33:SL:COUNTRY,[IN:international_visa [SL:COUNTRY Singapore] ],COUNTRY: Singapore,sot
travel,international_visa,Do you need a visa to go to the United States?,22:29:SL:COUNTRY,[IN:international_visa [SL:COUNTRY Amerika] ],COUNTRY: Amerika,sot
travel,international_visa,How much is an Australian visa,8:17:SL:COUNTRY,[IN:international_visa [SL:COUNTRY Australia] ],COUNTRY: Australia,sot
travel,international_visa,Where can I get a Czech Republic visa?,18:32:SL:COUNTRY,[IN:international_visa [SL:COUNTRY Czech Republic] ],COUNTRY: Czech Republic,sot
travel,international_visa,How long does it take to get a visa,,[IN:international_visa ],,sot
travel,international_visa,How many types of proverbs do you know,,[IN:international_visa ],,sot
travel,international_visa,For children I must have a visa,,[IN:international_visa ],,sot
travel,international_visa,I need a visa to visit the Netherlands,35:46:SL:COUNTRY,[IN:international_visa [SL:COUNTRY Netherlands] ],COUNTRY: Netherlands,sot
travel,international_visa,How long does a US visa last?,8:15:SL:COUNTRY,[IN:international_visa [SL:COUNTRY Amerika] ],COUNTRY: Amerika,sot
travel,international_visa,Does Canada need a visa?,3:9:SL:COUNTRY,[IN:international_visa [SL:COUNTRY Canada] ],COUNTRY: Canada,sot
travel,international_visa,I need a visa to visit Japan,35:40:SL:COUNTRY,[IN:international_visa [SL:COUNTRY Japan] ],COUNTRY: Japan,sot
travel,international_visa,I need a visa to travel to Congo,40:45:SL:COUNTRY,[IN:international_visa [SL:COUNTRY Congo] ],COUNTRY: Congo,sot
travel,international_visa,I need a visa to go to south korea,35:46:SL:COUNTRY,[IN:international_visa [SL:COUNTRY south korea] ],COUNTRY: south korea,sot
travel,international_visa,I need a visa to go to south tibet,35:46:SL:PLACE_NAME,[IN:international_visa [SL:PLACE_NAME south tibet] ],PLACE_NAME: south tibet,sot
travel,international_visa,I need a visa to go to south vietnam,35:48:SL:COUNTRY,[IN:international_visa [SL:COUNTRY south vietnem] ],COUNTRY: south vietnem,sot
travel,international_visa,I need a visa to go to south hong kong,35:50:SL:PLACE_NAME,[IN:international_visa [SL:PLACE_NAME south hong kong] ],PLACE_NAME: south hong kong,sot
travel,international_visa,I need a visa to go to south malaysia,35:49:SL:COUNTRY,[IN:international_visa [SL:COUNTRY south malaysia] ],COUNTRY: south malaysia,sot
travel,international_visa,"I'm going to Mexico soon, I need a visa",9:15:SL:COUNTRY,[IN:international_visa [SL:COUNTRY Mexico] ],COUNTRY: Mexico,sot
travel,international_visa,I need to know if I need a visa to enter France,64:68:SL:COUNTRY,[IN:international_visa [SL:COUNTRY Fora] ],COUNTRY: Fora,sot
travel,international_visa,"I'm going to Palestine next week, I'll need a visa",9:18:SL:COUNTRY,[IN:international_visa [SL:COUNTRY Palestina] ],COUNTRY: Palestina,sot
travel,international_visa,Let me know if I will need a visa to come to Morocco,49:56:SL:COUNTRY,[IN:international_visa [SL:COUNTRY Morocco] ],COUNTRY: Morocco,sot
travel,international_visa,"I'm going to Japan, I'll need a visa",,[IN:international_visa ],,sot
travel,international_visa,Let me know if I will need a visa to come to Angola,49:55:SL:COUNTRY,[IN:international_visa [SL:COUNTRY Angola] ],COUNTRY: Angola,sot
travel,international_visa,I will need a visa to enter Zimbabwe,38:46:SL:COUNTRY,[IN:international_visa [SL:COUNTRY Zimbabwe] ],COUNTRY: Zimbabwe,sot
travel,international_visa,I need a visa to go to Zambia,24:30:SL:COUNTRY,[IN:international_visa [SL:COUNTRY Zambia] ],COUNTRY: Zambia,sot
travel,international_visa,I need a visa to visit Niger,27:32:SL:COUNTRY,[IN:international_visa [SL:COUNTRY Niger] ],COUNTRY: Niger,sot
travel,international_visa,I need to know if I need a visa to go to Nigeria,57:64:SL:COUNTRY,[IN:international_visa [SL:COUNTRY Nigeria] ],COUNTRY: Nigeria,sot
travel,international_visa,I will need a visa to enter Zambia,37:43:SL:COUNTRY,[IN:international_visa [SL:COUNTRY Zambia] ],COUNTRY: Zambia,sot
travel,international_visa,I need a visa to go to Botswana,24:32:SL:COUNTRY,[IN:international_visa [SL:COUNTRY Botswana] ],COUNTRY: Botswana,sot
travel,international_visa,I need a visa to come to Lesotho,26:33:SL:COUNTRY,[IN:international_visa [SL:COUNTRY Lesotho] ],COUNTRY: Lesotho,sot
travel,international_visa,A visa is required to travel to Mozambique,24:34:SL:COUNTRY,[IN:international_visa [SL:COUNTRY Mozambique] ],COUNTRY: Mozambique,sot
travel,international_visa,"I want to visit Mozambique, but I need a visa",20:30:SL:COUNTRY,[IN:international_visa [SL:COUNTRY Mozambique] ],COUNTRY: Mozambique,sot
travel,international_visa,I need a visa to go to Lesotho,20:27:SL:COUNTRY,[IN:international_visa [SL:COUNTRY Lesotho] ],COUNTRY: Lesotho,sot
travel,international_visa,I need a visa to go to Swaziland,20:29:SL:COUNTRY,[IN:international_visa [SL:COUNTRY Swaziland] ],COUNTRY: Swaziland,sot
travel,international_visa,I need a visa to go to Congo,20:25:SL:COUNTRY,[IN:international_visa [SL:COUNTRY Congo] ],COUNTRY: Congo,sot
travel,international_visa,I need a visa to visit Kwa-Zulu Natal,23:37:SL:CITY_OR_PROVINCE,[IN:international_visa [SL:CITY_OR_PROVINCE Kwa-Zulu Natal] ],CITY_OR_PROVINCE: Kwa-Zulu Natal,sot
travel,international_visa,I'm going to Morocco now I'm going to ask if I need a visa,6:13:SL:COUNTRY,[IN:international_visa [SL:COUNTRY Morocco] ],COUNTRY: Morocco,sot
travel,international_visa,I need a visa to visit Gauteng,24:31:SL:CITY_OR_PROVINCE,[IN:international_visa [SL:CITY_OR_PROVINCE Gauteng] ],CITY_OR_PROVINCE: Gauteng,sot
travel,international_visa,I need a visa to visit Cape Town,24:33:SL:CITY_OR_PROVINCE,[IN:international_visa [SL:CITY_OR_PROVINCE Cape Town] ],CITY_OR_PROVINCE: Cape Town,sot
travel,international_visa,"I'm going to Japan soon, I need a visa",6:11:SL:COUNTRY,[IN:international_visa [SL:COUNTRY Japan] ],COUNTRY: Japan,sot
travel,international_visa,I will need a visa to visit Lesotho,27:34:SL:COUNTRY,[IN:international_visa [SL:COUNTRY Lesotho] ],COUNTRY: Lesotho,sot
travel,international_visa,I need a visa to go to Nigeria,30:37:SL:COUNTRY,[IN:international_visa [SL:COUNTRY Nigeria] ],COUNTRY: Nigeria,sot
travel,international_visa,I need a visa to go to Congo,24:29:SL:COUNTRY,[IN:international_visa [SL:COUNTRY Congo] ],COUNTRY: Congo,sot
travel,international_visa,I need a visa to visit Japan,30:35:SL:COUNTRY,[IN:international_visa [SL:COUNTRY Japan] ],COUNTRY: Japan,sot
travel,international_visa,Do I need a visa to go to Korea?,23:28:SL:COUNTRY,[IN:international_visa [SL:COUNTRY Korea] ],COUNTRY: Korea,sot
travel,international_visa,I need a visa to travel abroad,,[IN:international_visa ],,sot
travel,international_visa,I need a visa to go to the Netherlands,24:35:SL:COUNTRY,[IN:international_visa [SL:COUNTRY Netherlands] ],COUNTRY: Netherlands,sot
travel,international_visa,I need a visa to visit Brazil,35:41:SL:COUNTRY,[IN:international_visa [SL:COUNTRY Brazil] ],COUNTRY: Brazil,sot
travel,international_visa,I have to get a visa before I can go to Japan,41:46:SL:COUNTRY,[IN:international_visa [SL:COUNTRY Japan] ],COUNTRY: Japan,sot
travel,international_visa,I need a visa before I can go to Japan,35:40:SL:COUNTRY,[IN:international_visa [SL:COUNTRY Japan] ],COUNTRY: Japan,sot
travel,international_visa,I have to get a visa before I can go to Japan,37:42:SL:COUNTRY,[IN:international_visa [SL:COUNTRY Japan] ],COUNTRY: Japan,sot
travel,international_visa,I need a visa to go to Morocco,24:31:SL:COUNTRY,[IN:international_visa [SL:COUNTRY Morocco] ],COUNTRY: Morocco,sot
travel,international_visa,I need a visa to visit Morocco,27:34:SL:COUNTRY,[IN:international_visa [SL:COUNTRY Morocco] ],COUNTRY: Morocco,sot
travel,international_visa,These trips to Morocco require a visa,12:19:SL:COUNTRY,[IN:international_visa [SL:COUNTRY Morocco] ],COUNTRY: Morocco,sot
travel,international_visa,Visa will be required to travel to Morocco,27:34:SL:COUNTRY,[IN:international_visa [SL:COUNTRY Morocco] ],COUNTRY: Morocco,sot
travel,international_visa,"If I want to go to Morocco, I need a visa",18:25:SL:COUNTRY,[IN:international_visa [SL:COUNTRY Morocco] ],COUNTRY: Morocco,sot
travel,international_visa,I may need a visa to go to Mexico,36:42:SL:COUNTRY,[IN:international_visa [SL:COUNTRY Mexico] ],COUNTRY: Mexico,sot
travel,international_visa,"I'm visiting Mexico soon, so I won't need a visa",9:15:SL:COUNTRY,[IN:international_visa [SL:COUNTRY Mexico] ],COUNTRY: Mexico,sot
travel,international_visa,I need a visa to go to Canada at the end of the year,"24:30:SL:COUNTRY,31:48:SL:DATE",[IN:international_visa [SL:COUNTRY canada] [SL:DATE mafelong a selemo] ],COUNTRY: canada $$ DATE: mafelong a selemo,sot
travel,international_visa,A visa will be required to visit the site,,[IN:international_visa ],,sot
travel,international_visa,I need a visa to go there,,[IN:international_visa ],,sot
travel,international_visa,I need a visa to go to Lesotho,24:31:SL:COUNTRY,[IN:international_visa [SL:COUNTRY Lesotho] ],COUNTRY: Lesotho,sot
travel,international_visa,You always need a visa to visit other countries,,[IN:international_visa ],,sot
travel,international_visa,"If I want to go to that country, I need a visa",,[IN:international_visa ],,sot
travel,international_visa,I may need a visa to travel to Mexico,29:35:SL:COUNTRY,[IN:international_visa [SL:COUNTRY Mexico] ],COUNTRY: Mexico,sot
travel,international_visa,I need a visa to visit that country,,[IN:international_visa ],,sot
travel,international_visa,You already need a visa to go to Lesotho,29:36:SL:COUNTRY,[IN:international_visa [SL:COUNTRY Lesotho] ],COUNTRY: Lesotho,sot
travel,international_visa,Do I need a visa to go to Zimbabwe?,20:28:SL:COUNTRY,[IN:international_visa [SL:COUNTRY Zimbabwe] ],COUNTRY: Zimbabwe,sot
travel,international_visa,I need a visa to visit Brazil,27:33:SL:COUNTRY,[IN:international_visa [SL:COUNTRY Brazil] ],COUNTRY: Brazil,sot
travel,international_visa,I need a visa if I want to go to Taiwan,38:44:SL:COUNTRY,[IN:international_visa [SL:COUNTRY Taiwan] ],COUNTRY: Taiwan,sot
travel,international_visa,"If I want to go to Turkey, I need a visa",9:15:SL:COUNTRY,[IN:international_visa [SL:COUNTRY Turkey] ],COUNTRY: Turkey,sot
travel,plug_type,Will I need a plaque conveyor when I visit Ireland?,56:63:SL:COUNTRY,[IN:plug_type [SL:COUNTRY Ireland] ],COUNTRY: Ireland,sot
travel,plug_type,Which countries use the same outlets,,[IN:plug_type ],,sot
travel,plug_type,Find a nearby conveyor,38:46:SL:SHOPPING_ITEM,[IN:plug_type [SL:SHOPPING_ITEM conveter] ],SHOPPING_ITEM: conveter,sot
travel,plug_type,Find a nearby dental practice that uses a dental implant,,[IN:plug_type ],,sot
travel,plug_type,Look for the three-toothed plate in Venice,47:53:SL:CITY_OR_PROVINCE,[IN:plug_type [SL:CITY_OR_PROVINCE Venice] ],CITY_OR_PROVINCE: Venice,sot
travel,plug_type,Plaques used in Ghana,32:37:SL:COUNTRY,[IN:plug_type [SL:COUNTRY Ghana] ],COUNTRY: Ghana,sot
travel,plug_type,I can use the type of plaque used in South Africa in Denmark,"54:66:SL:COUNTRY,77:84:SL:COUNTRY",[IN:plug_type [SL:COUNTRY Afrika Borwa] [SL:COUNTRY Denmark] ],COUNTRY: Afrika Borwa $$ COUNTRY: Denmark,sot
travel,plug_type,"Help, I have the wrong type of license plate what should I do",,[IN:plug_type ],,sot
travel,plug_type,South Africa uses the hertz outlet that is used,0:12:SL:COUNTRY,[IN:plug_type [SL:COUNTRY Afrika Borwa] ],COUNTRY: Afrika Borwa,sot
travel,plug_type,They are historically outspoken countries like South Africa,64:76:SL:COUNTRY,[IN:plug_type [SL:COUNTRY Afrika Borwa] ],COUNTRY: Afrika Borwa,sot
travel,plug_type,Japanese - made outlets are used,40:45:SL:COUNTRY,[IN:plug_type [SL:COUNTRY Japan] ],COUNTRY: Japan,sot
travel,plug_type,I can fix my electrical panel if it breaks,,[IN:plug_type ],,sot
travel,plug_type,"My long electrical cord doesn't work, what should I do?",,[IN:plug_type ],,sot
travel,plug_type,What kind of plate is suitable for my electric blanket,,[IN:plug_type ],,sot
travel,plug_type,Plugs used in Norway,24:30:SL:COUNTRY,[IN:plug_type [SL:COUNTRY Norway] ],COUNTRY: Norway,sot
travel,plug_type,Search for a conveyor used in England,29:36:SL:COUNTRY,[IN:plug_type [SL:COUNTRY England] ],COUNTRY: England,sot
travel,plug_type,give me some types of lesotho plugs,29:36:SL:COUNTRY,[IN:plug_type [SL:COUNTRY lesotho] ],COUNTRY: lesotho,sot
travel,plug_type,give me some plugs,,[IN:plug_type ],,sot
travel,plug_type,where can i buy ama bedi toothpick,,[IN:plug_type ],,sot
travel,plug_type,where can i buy a uk type plug,35:37:SL:COUNTRY,[IN:plug_type [SL:COUNTRY Uk] ],COUNTRY: Uk,sot
travel,plug_type,they use a plug that they eat in London,29:35:SL:CITY_OR_PROVINCE,[IN:plug_type [SL:CITY_OR_PROVINCE London] ],CITY_OR_PROVINCE: London,sot
travel,plug_type,they use a French-style plug,,[IN:plug_type ],,sot
travel,plug_type,where can i buy a plunger for extra teeth,,[IN:plug_type ],,sot
travel,plug_type,give me some plug types for dubai,29:34:SL:CITY_OR_PROVINCE,[IN:plug_type [SL:CITY_OR_PROVINCE dubai] ],CITY_OR_PROVINCE: dubai,sot
travel,plug_type,what colors are the plugs,,[IN:plug_type ],,sot
travel,plug_type,where can i buy a long plug,,[IN:plug_type ],,sot
travel,plug_type,where can i buy a phone plug,,[IN:plug_type ],,sot
travel,plug_type,how many electrical outlets does the house need,,[IN:plug_type ],,sot
travel,plug_type,give me some types of plugs from russia,29:35:SL:COUNTRY,[IN:plug_type [SL:COUNTRY russia] ],COUNTRY: russia,sot
travel,plug_type,give me some american plugs,,[IN:plug_type ],,sot
travel,plug_type,give me some of the botswana plugs,29:37:SL:COUNTRY,[IN:plug_type [SL:COUNTRY botswana] ],COUNTRY: botswana,sot
travel,plug_type,where can i buy a usb for a phone,21:24:SL:SHOPPING_ITEM,[IN:plug_type [SL:SHOPPING_ITEM USB] ],SHOPPING_ITEM: USB,sot
travel,plug_type,give me some Chinese plugs,29:34:SL:COUNTRY,[IN:plug_type [SL:COUNTRY china] ],COUNTRY: china,sot
travel,plug_type,give me some sort of korean plugs,29:34:SL:COUNTRY,[IN:plug_type [SL:COUNTRY korea] ],COUNTRY: korea,sot
travel,plug_type,I'm going to need a type plate when I go to Canada,56:62:SL:COUNTRY,[IN:plug_type [SL:COUNTRY Canada] ],COUNTRY: Canada,sot
travel,plug_type,Why the South African model of the plate is different from the one in Dubai,"34:46:SL:COUNTRY,76:81:SL:CITY_OR_PROVINCE",[IN:plug_type [SL:COUNTRY Afrika Borwa] [SL:CITY_OR_PROVINCE Dubai] ],COUNTRY: Afrika Borwa $$ CITY_OR_PROVINCE: Dubai,sot
travel,plug_type,There are several types of plugs used around the world,,[IN:plug_type ],,sot
travel,plug_type,Why the varieties of plaques vary from country to country,,[IN:plug_type ],,sot
travel,plug_type,"When we arrived in Athens, we found no place to stay.",53:59:SL:CITY_OR_PROVINCE,[IN:plug_type [SL:CITY_OR_PROVINCE Athens] ],CITY_OR_PROVINCE: Athens,sot
travel,plug_type,I can use dental plaque in some places,,[IN:plug_type ],,sot
travel,plug_type,Where can I buy a used laptop charger in the UK,"20:26:SL:SHOPPING_ITEM,41:43:SL:COUNTRY",[IN:plug_type [SL:SHOPPING_ITEM laptop] [SL:COUNTRY UK] ],SHOPPING_ITEM: laptop $$ COUNTRY: UK,sot
travel,plug_type,Use my location to find type A and B plaques,,[IN:plug_type ],,sot
travel,plug_type,What kind of electrical outlets will I get in Croatia,,[IN:plug_type ],,sot
travel,plug_type,Look for a USB type C charger at a store,31:41:SL:SHOPPING_ITEM,[IN:plug_type [SL:SHOPPING_ITEM USB type C] ],SHOPPING_ITEM: USB type C,sot
travel,plug_type,What kind of conveyor belt will fit my iPhone cable when I visit London,65:71:SL:CITY_OR_PROVINCE,[IN:plug_type [SL:CITY_OR_PROVINCE London] ],CITY_OR_PROVINCE: London,sot
travel,plug_type,I'm going to need a conveyor when I visit China,76:81:SL:COUNTRY,[IN:plug_type [SL:COUNTRY China] ],COUNTRY: China,sot
travel,plug_type,Electrical outlets used in Morocco,40:47:SL:COUNTRY,[IN:plug_type [SL:COUNTRY Morroco] ],COUNTRY: Morroco,sot
travel,plug_type,Electric outlets used in Russia,38:44:SL:COUNTRY,[IN:plug_type [SL:COUNTRY Russia] ],COUNTRY: Russia,sot
travel,plug_type,Electrical outlets used in Australia,38:47:SL:COUNTRY,[IN:plug_type [SL:COUNTRY Australia] ],COUNTRY: Australia,sot
travel,plug_type,Is the type G outlet used in India,,[IN:plug_type ],,sot
travel,plug_type,What kind of plaque does France use?,0:6:SL:COUNTRY,[IN:plug_type [SL:COUNTRY France] ],COUNTRY: France,sot
travel,plug_type,What type of plaque does Brazil use?,0:6:SL:COUNTRY,[IN:plug_type [SL:COUNTRY Brazil] ],COUNTRY: Brazil,sot
travel,plug_type,Does the entire continent of Africa use the same electrical outlets?,,[IN:plug_type ],,sot
travel,plug_type,The Asian continent uses edible plaques,,[IN:plug_type ],,sot
travel,plug_type,"In continental Europe, the use of plates",,[IN:plug_type ],,sot
travel,plug_type,Make a list of all the places that use the same license plates,,[IN:plug_type ],,sot
travel,plug_type,Make a list of places that will need a concrete,,[IN:plug_type ],,sot
travel,plug_type,Make me a list of countries that boil different outlets,,[IN:plug_type ],,sot
travel,plug_type,Botswana uses plates similar to those of South Africa,"4:12:SL:COUNTRY,50:62:SL:COUNTRY",[IN:plug_type [SL:COUNTRY Botswana] [SL:COUNTRY Afrika Borwa] ],COUNTRY: Botswana $$ COUNTRY: Afrika Borwa,sot
travel,plug_type,Kenya uses edible outlets,,[IN:plug_type ],,sot
travel,plug_type,How does my plug work,,[IN:plug_type ],,sot
travel,plug_type,I can't find a place to hang my plaque,,[IN:plug_type ],,sot
travel,plug_type,How lighting boards work,,[IN:plug_type ],,sot
travel,plug_type,the children's room needs a power plug,,[IN:plug_type ],,sot
travel,plug_type,can i plug in the toilet,,[IN:plug_type ],,sot
travel,plug_type,Where can I buy a compressor for a hair dryer,,[IN:plug_type ],,sot
travel,plug_type,Where can I buy a long electrical plate in the city of Seoul,"33:42:SL:BILL_TYPE,51:56:SL:CITY_OR_PROVINCE",[IN:plug_type [SL:BILL_TYPE motlakase] [SL:CITY_OR_PROVINCE Seoul] ],BILL_TYPE: motlakase $$ CITY_OR_PROVINCE: Seoul,sot
travel,plug_type,South Africa uses edible species of plaques,0:12:SL:COUNTRY,[IN:plug_type [SL:COUNTRY Afrika Borwa] ],COUNTRY: Afrika Borwa,sot
travel,plug_type,Why the UK uses the type G plate,23:25:SL:COUNTRY,[IN:plug_type [SL:COUNTRY UK] ],COUNTRY: UK,sot
travel,plug_type,Why the USA uses type A and type B plates,20:23:SL:COUNTRY,[IN:plug_type [SL:COUNTRY USA] ],COUNTRY: USA,sot
travel,plug_type,Only a few countries except South Africa use the three-toothed plate,27:39:SL:COUNTRY,[IN:plug_type [SL:COUNTRY Afrika Borwa] ],COUNTRY: Afrika Borwa,sot
travel,plug_type,The country uses edible plaques,,[IN:plug_type ],,sot
travel,plug_type,Plugs grown in Hawaii are used,41:47:SL:CITY_OR_PROVINCE,[IN:plug_type [SL:CITY_OR_PROVINCE Hawaii] ],CITY_OR_PROVINCE: Hawaii,sot
travel,plug_type,Is it easy for me to get conveyor in Turkey,49:55:SL:COUNTRY,[IN:plug_type [SL:COUNTRY Turkey] ],COUNTRY: Turkey,sot
travel,plug_type,How do I know that I have bought the right conveyor,33:41:SL:SHOPPING_ITEM,[IN:plug_type [SL:SHOPPING_ITEM conveter] ],SHOPPING_ITEM: conveter,sot
travel,plug_type,"I'm going to New Zealand, what kind of badge will I need?",16:27:SL:COUNTRY,[IN:plug_type [SL:COUNTRY New Zealand] ],COUNTRY: New Zealand,sot
travel,plug_type,Does the whole of the Netherlands use the same type of license plate?,21:32:SL:COUNTRY,[IN:plug_type [SL:COUNTRY Netherlands] ],COUNTRY: Netherlands,sot
travel,plug_type,What is the reason for the high cost of conveyor belts,,[IN:plug_type ],,sot
travel,plug_type,Where can I buy a cheaper conveyor belt,,[IN:plug_type ],,sot
travel,plug_type,What is the nearest store where I can buy a conveyor,44:52:SL:SHOPPING_ITEM,[IN:plug_type [SL:SHOPPING_ITEM conveter] ],SHOPPING_ITEM: conveter,sot
travel,timezone,what is the time difference between Auckland and Los Angeles?,"28:36:SL:CITY_OR_PROVINCE,40:51:SL:CITY_OR_PROVINCE",[IN:timezone [SL:CITY_OR_PROVINCE Auckland] [SL:CITY_OR_PROVINCE Los Angeles] ],CITY_OR_PROVINCE: Auckland $$ CITY_OR_PROVINCE: Los Angeles,sot
travel,timezone,which country uses Brasilia Time (BRT)?,,[IN:timezone ],,sot
travel,timezone,what is the time difference between Hong Kong and Sydney?,"32:41:SL:CITY_OR_PROVINCE,45:51:SL:CITY_OR_PROVINCE",[IN:timezone [SL:CITY_OR_PROVINCE Hong Kong] [SL:CITY_OR_PROVINCE Sydney] ],CITY_OR_PROVINCE: Hong Kong $$ CITY_OR_PROVINCE: Sydney,sot
travel,timezone,What time is it in Cairo now?,24:29:SL:CITY_OR_PROVINCE,[IN:timezone [SL:CITY_OR_PROVINCE Cairo] ],CITY_OR_PROVINCE: Cairo,sot
travel,timezone,what is the time difference between Johannesburg and Paris?,"31:38:SL:CITY_OR_PROVINCE,42:47:SL:CITY_OR_PROVINCE",[IN:timezone [SL:CITY_OR_PROVINCE Gauteng] [SL:CITY_OR_PROVINCE Paris] ],CITY_OR_PROVINCE: Gauteng $$ CITY_OR_PROVINCE: Paris,sot
travel,timezone,South Africa's time zone corresponds to what?,8:20:SL:COUNTRY,[IN:timezone [SL:COUNTRY Afrika Borwa] ],COUNTRY: Afrika Borwa,sot
travel,timezone,what time is it in Madrid now?,13:19:SL:CITY_OR_PROVINCE,[IN:timezone [SL:CITY_OR_PROVINCE Madrid] ],CITY_OR_PROVINCE: Madrid,sot
travel,timezone,What time is it in China now?,13:18:SL:COUNTRY,[IN:timezone [SL:COUNTRY China] ],COUNTRY: China,sot
travel,timezone,what time is it in India now?,13:18:SL:COUNTRY,[IN:timezone [SL:COUNTRY India] ],COUNTRY: India,sot
travel,timezone,What time is it in Australia now?,13:22:SL:COUNTRY,[IN:timezone [SL:COUNTRY Australia] ],COUNTRY: Australia,sot
travel,timezone,Do Austria and Australia use the same time?,"0:7:SL:COUNTRY,11:20:SL:COUNTRY",[IN:timezone [SL:COUNTRY Austria] [SL:COUNTRY Australia] ],COUNTRY: Austria $$ COUNTRY: Australia,sot
travel,timezone,What time zone does South Africa use?,0:12:SL:COUNTRY,[IN:timezone [SL:COUNTRY Afrika borwa] ],COUNTRY: Afrika borwa,sot
travel,timezone,which continent has countries with the same time zones?,,[IN:timezone ],,sot
travel,timezone,which country uses the same time as Congo?,48:53:SL:COUNTRY,[IN:timezone [SL:COUNTRY Congo] ],COUNTRY: Congo,sot
travel,timezone,which country uses the same time as Lesotho?,48:55:SL:COUNTRY,[IN:timezone [SL:COUNTRY Lesotho] ],COUNTRY: Lesotho,sot
travel,timezone,what is the time difference between Copenhagen and Moscow?,"31:41:SL:CITY_OR_PROVINCE,45:51:SL:CITY_OR_PROVINCE",[IN:timezone [SL:CITY_OR_PROVINCE Copenhagen] [SL:CITY_OR_PROVINCE Moscow] ],CITY_OR_PROVINCE: Copenhagen $$ CITY_OR_PROVINCE: Moscow,sot
travel,timezone,What time zone is America in?,0:7:SL:COUNTRY,[IN:timezone [SL:COUNTRY Amerika] ],COUNTRY: Amerika,sot
travel,timezone,Do Africa and America use the same time?,10:17:SL:COUNTRY,[IN:timezone [SL:COUNTRY Amerika] ],COUNTRY: Amerika,sot
travel,timezone,"Which is earlier in time, Africa or America?",34:41:SL:COUNTRY,[IN:timezone [SL:COUNTRY Amerika] ],COUNTRY: Amerika,sot
travel,timezone,"if I am dropped off in Johannesburg at 11 pm, when can I arrive in Canada?","11:18:SL:CITY_OR_PROVINCE,22:30:SL:TIME,41:47:SL:COUNTRY",[IN:timezone [SL:CITY_OR_PROVINCE Gauteng] [SL:TIME 11 bosiu] [SL:COUNTRY Canada] ],CITY_OR_PROVINCE: Gauteng $$ TIME: 11 bosiu $$ COUNTRY: Canada,sot
travel,timezone,do all countries have the same time?,,[IN:timezone ],,sot
travel,timezone,How do other countries treat each other at times?,,[IN:timezone ],,sot
travel,timezone,how do the seasons work?,,[IN:timezone ],,sot
travel,timezone,How do times vary from country to country?,,[IN:timezone ],,sot
travel,timezone,what is the time in France?,8:12:SL:COUNTRY,[IN:timezone [SL:COUNTRY Fora] ],COUNTRY: Fora,sot
travel,timezone,what time is it in nigeria?,13:20:SL:COUNTRY,[IN:timezone [SL:COUNTRY Nigeria] ],COUNTRY: Nigeria,sot
travel,timezone,Do you need to adjust your watch to arrive in another country,,[IN:timezone ],,sot
travel,timezone,why do some countries add an hourly hour in winter?,48:54:SL:TIME,[IN:timezone [SL:TIME mariha] ],TIME: mariha,sot
travel,timezone,why do some countries lower the hours in summer?,,[IN:timezone ],,sot
travel,timezone,What time is it in Greece?,13:19:SL:COUNTRY,[IN:timezone [SL:COUNTRY Greece] ],COUNTRY: Greece,sot
travel,timezone,and how long are the time intervals on earth?,,[IN:timezone ],,sot
travel,timezone,which country has the most time zones?,,[IN:timezone ],,sot
travel,timezone,how is the time zone determined?,,[IN:timezone ],,sot
travel,timezone,what time is it in Palestine?,13:22:SL:COUNTRY,[IN:timezone [SL:COUNTRY Palestine] ],COUNTRY: Palestine,sot
travel,timezone,which country corresponds to the Samwa time in time?,,[IN:timezone ],,sot
travel,timezone,Name the country that corresponds to Uruguay in time?,39:46:SL:COUNTRY,[IN:timezone [SL:COUNTRY Uruguay] ],COUNTRY: Uruguay,sot
travel,timezone,In what time zone is Fernando de Noronha located?,0:19:SL:PLACE_NAME,[IN:timezone [SL:PLACE_NAME Fernando de Noronha] ],PLACE_NAME: Fernando de Noronha,sot
travel,timezone,what time is it now Fernando de Noronha?,24:43:SL:PLACE_NAME,[IN:timezone [SL:PLACE_NAME Fernando de Noronha] ],PLACE_NAME: Fernando de Noronha,sot
travel,timezone,what time is it now in Chile?,24:29:SL:COUNTRY,[IN:timezone [SL:COUNTRY Chile] ],COUNTRY: Chile,sot
travel,timezone,What time is it now in Argentina?,24:33:SL:COUNTRY,[IN:timezone [SL:COUNTRY Argentina] ],COUNTRY: Argentina,sot
travel,timezone,can you give me the name of the country that corresponds to Argentina in the time zone?,43:52:SL:COUNTRY,[IN:timezone [SL:COUNTRY Argentina] ],COUNTRY: Argentina,sot
travel,timezone,which country is in the same time zone as Newfoundland?,44:56:SL:CITY_OR_PROVINCE,[IN:timezone [SL:CITY_OR_PROVINCE Newfoundland] ],CITY_OR_PROVINCE: Newfoundland,sot
travel,timezone,What time zone is Uzbekistan in?,0:10:SL:COUNTRY,[IN:timezone [SL:COUNTRY Uzbekistan] ],COUNTRY: Uzbekistan,sot
travel,timezone,can you tell me the name of the country in the Mwacow time zone?,,[IN:timezone ],,sot
travel,timezone,What time zone does Sri Lanka use?,0:8:SL:COUNTRY,[IN:timezone [SL:COUNTRY Srilanka] ],COUNTRY: Srilanka,sot
travel,timezone,what time is it in Bridgetown now?,24:34:SL:CITY_OR_PROVINCE,[IN:timezone [SL:CITY_OR_PROVINCE Bridgetown] ],CITY_OR_PROVINCE: Bridgetown,sot
travel,timezone,which country uses the Atlanta Standard Time time zone?,,[IN:timezone ],,sot
travel,timezone,which country uses Saint Kitts and Nevis time?,,[IN:timezone ],,sot
travel,timezone,what time is it in Nassau now?,24:30:SL:CITY_OR_PROVINCE,[IN:timezone [SL:CITY_OR_PROVINCE Nassau] ],CITY_OR_PROVINCE: Nassau,sot
travel,timezone,What time is it in Port-au-Prince now?,24:37:SL:CITY_OR_PROVINCE,[IN:timezone [SL:CITY_OR_PROVINCE Port-auPrince] ],CITY_OR_PROVINCE: Port-auPrince,sot
travel,timezone,what time is it in Panama now?,24:30:SL:COUNTRY,[IN:timezone [SL:COUNTRY Panama] ],COUNTRY: Panama,sot
travel,timezone,What time zone is San Salvador in?,0:12:SL:CITY_OR_PROVINCE,[IN:timezone [SL:CITY_OR_PROVINCE San Salvador] ],CITY_OR_PROVINCE: San Salvador,sot
travel,timezone,what is the time difference between Santo Domingo and New York?,"32:45:SL:CITY_OR_PROVINCE,49:57:SL:CITY_OR_PROVINCE",[IN:timezone [SL:CITY_OR_PROVINCE Santo Domingo] [SL:CITY_OR_PROVINCE New York] ],CITY_OR_PROVINCE: Santo Domingo $$ CITY_OR_PROVINCE: New York,sot
travel,timezone,which major city is in the Eastern Standard time zone (EST)?,,[IN:timezone ],,sot
travel,timezone,which major city follows the Colombian time ((COT)?,,[IN:timezone ],,sot
travel,timezone,What time zone is Quito in?,0:5:SL:CITY_OR_PROVINCE,[IN:timezone [SL:CITY_OR_PROVINCE Quito] ],CITY_OR_PROVINCE: Quito,sot
travel,timezone,what time is it in Oslo now?,24:28:SL:CITY_OR_PROVINCE,[IN:timezone [SL:CITY_OR_PROVINCE Oslo] ],CITY_OR_PROVINCE: Oslo,sot
travel,timezone,which metropolitan area follows Central African Time ((CAT)?,,[IN:timezone ],,sot
travel,timezone,what is the time difference between Warsaw and Berlin?,"21:27:SL:CITY_OR_PROVINCE,31:37:SL:CITY_OR_PROVINCE",[IN:timezone [SL:CITY_OR_PROVINCE Warsaw] [SL:CITY_OR_PROVINCE Berlin] ],CITY_OR_PROVINCE: Warsaw $$ CITY_OR_PROVINCE: Berlin,sot
travel,timezone,which country uses the East African time zone (EAT),,[IN:timezone ],,sot
travel,timezone,what time is it in London now?,24:30:SL:CITY_OR_PROVINCE,[IN:timezone [SL:CITY_OR_PROVINCE London] ],CITY_OR_PROVINCE: London,sot
travel,timezone,What time is it in Pretoria now?,24:32:SL:CITY_OR_PROVINCE,[IN:timezone [SL:CITY_OR_PROVINCE Pretoria] ],CITY_OR_PROVINCE: Pretoria,sot
travel,timezone,What time is it in Botswana now?,24:32:SL:COUNTRY,[IN:timezone [SL:COUNTRY Botswana] ],COUNTRY: Botswana,sot
travel,timezone,What time is it in Lesotho now ?,24:31:SL:COUNTRY,[IN:timezone [SL:COUNTRY Lesotho] ],COUNTRY: Lesotho,sot
travel,timezone,what time is it in Moscow now?,24:30:SL:CITY_OR_PROVINCE,[IN:timezone [SL:CITY_OR_PROVINCE Moscow] ],CITY_OR_PROVINCE: Moscow,sot
travel,timezone,what time is it in Riyadh now?,24:30:SL:CITY_OR_PROVINCE,[IN:timezone [SL:CITY_OR_PROVINCE Riyadh] ],CITY_OR_PROVINCE: Riyadh,sot
travel,timezone,what time is it now in Plymouth?,19:27:SL:CITY_OR_PROVINCE,[IN:timezone [SL:CITY_OR_PROVINCE Plymouth] ],CITY_OR_PROVINCE: Plymouth,sot
travel,timezone,what time is it in Lisbon now?,24:30:SL:CITY_OR_PROVINCE,[IN:timezone [SL:CITY_OR_PROVINCE Lisbon] ],CITY_OR_PROVINCE: Lisbon,sot
travel,timezone,what time is it now in Lima?,24:28:SL:CITY_OR_PROVINCE,[IN:timezone [SL:CITY_OR_PROVINCE Lima] ],CITY_OR_PROVINCE: Lima,sot
travel,timezone,what time is it in Budapest now?,,[IN:timezone ],,sot
travel,timezone,what time is it in Santiago now?,24:32:SL:CITY_OR_PROVINCE,[IN:timezone [SL:CITY_OR_PROVINCE Santiago] ],CITY_OR_PROVINCE: Santiago,sot
travel,timezone,what time is it in Georgetown?,18:28:SL:PLACE_NAME,[IN:timezone [SL:PLACE_NAME Georgetown] ],PLACE_NAME: Georgetown,sot
travel,timezone,How Nigeria's time is faster than South Africa's,"8:15:SL:COUNTRY,26:38:SL:COUNTRY",[IN:timezone [SL:COUNTRY Nigeria] [SL:COUNTRY Afrika Borwa] ],COUNTRY: Nigeria $$ COUNTRY: Afrika Borwa,sot
travel,timezone,what time is it in Congo compared to Mpumalanga?,"13:18:SL:COUNTRY,31:41:SL:CITY_OR_PROVINCE",[IN:timezone [SL:COUNTRY Congo] [SL:CITY_OR_PROVINCE Mpumalanga] ],COUNTRY: Congo $$ CITY_OR_PROVINCE: Mpumalanga,sot
travel,timezone,What time is it now in Libya?,24:29:SL:COUNTRY,[IN:timezone [SL:COUNTRY Libya] ],COUNTRY: Libya,sot
travel,timezone,Morocco uses the same time as South Africa?,43:55:SL:COUNTRY,[IN:timezone [SL:COUNTRY Afrika Borwa] ],COUNTRY: Afrika Borwa,sot
travel,timezone,which country uses Pacific Standard Time (PST)?,,[IN:timezone ],,sot
travel,timezone,What time does Paris use?,0:5:SL:CITY_OR_PROVINCE,[IN:timezone [SL:CITY_OR_PROVINCE Paris] ],CITY_OR_PROVINCE: Paris,sot
travel,timezone,Why do you travel the country as if using only the time zone?,,[IN:timezone ],,sot
travel,timezone,What time is it in Athens now?,24:30:SL:CITY_OR_PROVINCE,[IN:timezone [SL:CITY_OR_PROVINCE Athens] ],CITY_OR_PROVINCE: Athens,sot
travel,translate,What is an airplane in Xhosa?,19:26:SL:LANGUAGE_NAME,[IN:translate [SL:LANGUAGE_NAME Sexhosa] ],LANGUAGE_NAME: Sexhosa,sot
travel,translate,What is the name of the dish in the Venda language?,22:29:SL:LANGUAGE_NAME,[IN:translate [SL:LANGUAGE_NAME Sevenda] ],LANGUAGE_NAME: Sevenda,sot
travel,translate,What is harpu in Tsonga?,"0:6:SL:DISH_OR_FOOD,17:25:SL:LANGUAGE_NAME",[IN:translate [SL:DISH_OR_FOOD Lehapu] [SL:LANGUAGE_NAME Setsonga] ],DISH_OR_FOOD: Lehapu $$ LANGUAGE_NAME: Setsonga,sot
travel,translate,"Translate the phone number of the speaker into Swahili, please.",49:56:SL:LANGUAGE_NAME,[IN:translate [SL:LANGUAGE_NAME Seswati] ],LANGUAGE_NAME: Seswati,sot
travel,translate,What is the name of a butterfly in the Venda language?,28:35:SL:LANGUAGE_NAME,[IN:translate [SL:LANGUAGE_NAME Sevenda] ],LANGUAGE_NAME: Sevenda,sot
travel,translate,What is electricity called in English?,26:32:SL:LANGUAGE_NAME,[IN:translate [SL:LANGUAGE_NAME Sepedi] ],LANGUAGE_NAME: Sepedi,sot
travel,translate,Translate cows back to the pen in Swahili.,38:45:SL:LANGUAGE_NAME,[IN:translate [SL:LANGUAGE_NAME Seswati] ],LANGUAGE_NAME: Seswati,sot
travel,translate,What is a boat in English?,17:25:SL:LANGUAGE_NAME,[IN:translate [SL:LANGUAGE_NAME Setswana] ],LANGUAGE_NAME: Setswana,sot
travel,translate,What do you call potatoes in Swahili?,"0:8:SL:DISH_OR_FOOD,26:33:SL:LANGUAGE_NAME",[IN:translate [SL:DISH_OR_FOOD Ditapole] [SL:LANGUAGE_NAME Seswati] ],DISH_OR_FOOD: Ditapole $$ LANGUAGE_NAME: Seswati,sot
travel,translate,What are carrots called in Senda?,"0:7:SL:DISH_OR_FOOD,25:32:SL:LANGUAGE_NAME",[IN:translate [SL:DISH_OR_FOOD Dihwete] [SL:LANGUAGE_NAME Sevenda] ],DISH_OR_FOOD: Dihwete $$ LANGUAGE_NAME: Sevenda,sot
travel,translate,Translate the pocket-sized bill in Ndebele.,36:46:SL:LANGUAGE_NAME,[IN:translate [SL:LANGUAGE_NAME isiNdebele] ],LANGUAGE_NAME: isiNdebele,sot
travel,translate,Translate thank you in French.,24:30:SL:LANGUAGE_NAME,[IN:translate [SL:LANGUAGE_NAME Sefora] ],LANGUAGE_NAME: Sefora,sot
travel,translate,Translate into English I have a hangover.,34:42:SL:LANGUAGE_NAME,[IN:translate [SL:LANGUAGE_NAME Setswana] ],LANGUAGE_NAME: Setswana,sot
travel,translate,Translate what time is in English.,25:32:SL:LANGUAGE_NAME,[IN:translate [SL:LANGUAGE_NAME Sevenda] ],LANGUAGE_NAME: Sevenda,sot
travel,translate,Translate to shopping in Swahili.,30:37:SL:LANGUAGE_NAME,[IN:translate [SL:LANGUAGE_NAME Seswati] ],LANGUAGE_NAME: Seswati,sot
travel,translate,Translate age into Swahili.,35:42:SL:LANGUAGE_NAME,[IN:translate [SL:LANGUAGE_NAME Seswati] ],LANGUAGE_NAME: Seswati,sot
travel,translate,What is a railway in French?,17:23:SL:LANGUAGE_NAME,[IN:translate [SL:LANGUAGE_NAME Sefora] ],LANGUAGE_NAME: Sefora,sot
travel,translate,What is a train in English?,17:28:SL:LANGUAGE_NAME,[IN:translate [SL:LANGUAGE_NAME Senyesemane] ],LANGUAGE_NAME: Senyesemane,sot
travel,translate,How do you say hello in Chinese?,20:29:SL:LANGUAGE_NAME,[IN:translate [SL:LANGUAGE_NAME Setjhaena] ],LANGUAGE_NAME: Setjhaena,sot
travel,translate,What is the train conductor called in English?,35:46:SL:LANGUAGE_NAME,[IN:translate [SL:LANGUAGE_NAME Senyesemane] ],LANGUAGE_NAME: Senyesemane,sot
travel,translate,Translate water into English.,18:25:SL:LANGUAGE_NAME,[IN:translate [SL:LANGUAGE_NAME Seshona] ],LANGUAGE_NAME: Seshona,sot
travel,translate,How do you say goodbye in Dutch?,31:39:SL:LANGUAGE_NAME,[IN:translate [SL:LANGUAGE_NAME Sedatjhe] ],LANGUAGE_NAME: Sedatjhe,sot
travel,translate,What is a railway?,17:24:SL:LANGUAGE_NAME,[IN:translate [SL:LANGUAGE_NAME Sekgowa] ],LANGUAGE_NAME: Sekgowa,sot
travel,translate,What is a car in French?,16:22:SL:LANGUAGE_NAME,[IN:translate [SL:LANGUAGE_NAME Sefora] ],LANGUAGE_NAME: Sefora,sot
travel,translate,It says yes in Pedi.,15:21:SL:LANGUAGE_NAME,[IN:translate [SL:LANGUAGE_NAME Sepedi] ],LANGUAGE_NAME: Sepedi,sot
travel,translate,What is shoes in Portuguese?,16:27:SL:LANGUAGE_NAME,[IN:translate [SL:LANGUAGE_NAME Sepotoketsi] ],LANGUAGE_NAME: Sepotoketsi,sot
travel,translate,What is a sheep in Chinese?,7:16:SL:LANGUAGE_NAME,[IN:translate [SL:LANGUAGE_NAME Setjhaena] ],LANGUAGE_NAME: Setjhaena,sot
travel,translate,What is a dog in Zulu?,15:21:SL:LANGUAGE_NAME,[IN:translate [SL:LANGUAGE_NAME Sezulu] ],LANGUAGE_NAME: Sezulu,sot
travel,translate,What is a robe in Xhosa?,8:15:SL:LANGUAGE_NAME,[IN:translate [SL:LANGUAGE_NAME Sexhosa] ],LANGUAGE_NAME: Sexhosa,sot
travel,translate,What is a house in Swahili?,15:22:SL:LANGUAGE_NAME,[IN:translate [SL:LANGUAGE_NAME Seswati] ],LANGUAGE_NAME: Seswati,sot
travel,translate,What is boredom in Tsonga?,22:30:SL:LANGUAGE_NAME,[IN:translate [SL:LANGUAGE_NAME Setsonga] ],LANGUAGE_NAME: Setsonga,sot
travel,translate,Translate the jacket into Chinese.,17:26:SL:LANGUAGE_NAME,[IN:translate [SL:LANGUAGE_NAME Setjhaena] ],LANGUAGE_NAME: Setjhaena,sot
travel,translate,Translate the chair into Ndebele?,19:29:SL:LANGUAGE_NAME,[IN:translate [SL:LANGUAGE_NAME isiNdebele] ],LANGUAGE_NAME: isiNdebele,sot
travel,translate,Tell me what the Tswana call a car.,,[IN:translate ],,sot
travel,translate,How do the Indians greet one another?,,[IN:translate ],,sot
travel,translate,How do the Tsonga greet each other?,,[IN:translate ],,sot
travel,translate,How do I say thank you in English?,26:32:SL:LANGUAGE_NAME,[IN:translate [SL:LANGUAGE_NAME Sepedi] ],LANGUAGE_NAME: Sepedi,sot
travel,translate,What do I like about Ndebele?,22:32:SL:LANGUAGE_NAME,[IN:translate [SL:LANGUAGE_NAME isiNdebele] ],LANGUAGE_NAME: isiNdebele,sot
travel,translate,How do you say thank you in Tsonga?,18:25:SL:LANGUAGE_NAME,[IN:translate [SL:LANGUAGE_NAME Sevenda] ],LANGUAGE_NAME: Sevenda,sot
travel,translate,Translate for help in English?,26:37:SL:LANGUAGE_NAME,[IN:translate [SL:LANGUAGE_NAME Senyesemane] ],LANGUAGE_NAME: Senyesemane,sot
travel,translate,How do you say hello in Tsonga?,20:27:SL:LANGUAGE_NAME,[IN:translate [SL:LANGUAGE_NAME Sevenda] ],LANGUAGE_NAME: Sevenda,sot
travel,translate,How do you say hello in Xhosa?,20:27:SL:LANGUAGE_NAME,[IN:translate [SL:LANGUAGE_NAME Sexhosa] ],LANGUAGE_NAME: Sexhosa,sot
travel,translate,"In the morning I drink black coffee, translating this into Mandarin.","0:6:SL:TIME,14:26:SL:DISH_OR_FOOD,45:55:SL:LANGUAGE_NAME",[IN:translate [SL:TIME Hoseng] [SL:DISH_OR_FOOD kofi e ntsho] [SL:LANGUAGE_NAME Semanderin] ],TIME: Hoseng $$ DISH_OR_FOOD: kofi e ntsho $$ LANGUAGE_NAME: Semanderin,sot
travel,translate,"The sky is blue today, translate this into Mandarin.",46:56:SL:LANGUAGE_NAME,[IN:translate [SL:LANGUAGE_NAME Semanderin] ],LANGUAGE_NAME: Semanderin,sot
travel,translate,Translate believe in English to Sevenda.,"19:26:SL:LANGUAGE_NAME,30:37:SL:LANGUAGE_NAME",[IN:translate [SL:LANGUAGE_NAME Sesotho] [SL:LANGUAGE_NAME Sevenda] ],LANGUAGE_NAME: Sesotho $$ LANGUAGE_NAME: Sevenda,sot
travel,translate,Translate the mobile phone in English to Xhosa.,"22:29:SL:LANGUAGE_NAME,33:40:SL:LANGUAGE_NAME",[IN:translate [SL:LANGUAGE_NAME Sesotho] [SL:LANGUAGE_NAME Sexhosa] ],LANGUAGE_NAME: Sesotho $$ LANGUAGE_NAME: Sexhosa,sot
travel,translate,Translate the word fire into Xhosa.,26:33:SL:LANGUAGE_NAME,[IN:translate [SL:LANGUAGE_NAME Sexhosa] ],LANGUAGE_NAME: Sexhosa,sot
travel,translate,What is food in English?,15:26:SL:LANGUAGE_NAME,[IN:translate [SL:LANGUAGE_NAME Senyesemane] ],LANGUAGE_NAME: Senyesemane,sot
travel,translate,What is the Belt in Pygmalion?,18:26:SL:LANGUAGE_NAME,[IN:translate [SL:LANGUAGE_NAME Sepitori] ],LANGUAGE_NAME: Sepitori,sot
travel,translate,What is a dog in Hindi?,,[IN:translate ],,sot
travel,translate,How do you say hello in Afrikaans?,20:30:SL:LANGUAGE_NAME,[IN:translate [SL:LANGUAGE_NAME Afrikaanse] ],LANGUAGE_NAME: Afrikaanse,sot
travel,translate,What is a teacher in English?,12:20:SL:LANGUAGE_NAME,[IN:translate [SL:LANGUAGE_NAME Setswana] ],LANGUAGE_NAME: Setswana,sot
travel,translate,How do I say hello in English?,21:27:SL:LANGUAGE_NAME,[IN:translate [SL:LANGUAGE_NAME Sepedi] ],LANGUAGE_NAME: Sepedi,sot
travel,translate,Translate my wife cooks into French.,34:40:SL:LANGUAGE_NAME,[IN:translate [SL:LANGUAGE_NAME Sefora] ],LANGUAGE_NAME: Sefora,sot
travel,translate,Translate girls playing dirty tricks into Tsonga.,36:44:SL:LANGUAGE_NAME,[IN:translate [SL:LANGUAGE_NAME Setsonga] ],LANGUAGE_NAME: Setsonga,sot
travel,translate,Translate goodbye into Portuguese.,24:32:SL:LANGUAGE_NAME,[IN:translate [SL:LANGUAGE_NAME Sepitori] ],LANGUAGE_NAME: Sepitori,sot
travel,translate,Give me your greetings in Xhosa.,19:26:SL:LANGUAGE_NAME,[IN:translate [SL:LANGUAGE_NAME Sexhosa] ],LANGUAGE_NAME: Sexhosa,sot
travel,translate,"The food is cold, translate into English.",28:36:SL:LANGUAGE_NAME,[IN:translate [SL:LANGUAGE_NAME Setsonga] ],LANGUAGE_NAME: Setsonga,sot
travel,translate,I love you in Zulu.,24:30:SL:LANGUAGE_NAME,[IN:translate [SL:LANGUAGE_NAME Sezulu] ],LANGUAGE_NAME: Sezulu,sot
travel,translate,"I translate into Xhosa, ""I'm asking for water"".",26:33:SL:LANGUAGE_NAME,[IN:translate [SL:LANGUAGE_NAME Sexhosa] ],LANGUAGE_NAME: Sexhosa,sot
travel,translate,Translate cold to English.,22:29:SL:LANGUAGE_NAME,[IN:translate [SL:LANGUAGE_NAME Seshona] ],LANGUAGE_NAME: Seshona,sot
travel,translate,Translate borrow money into English.,31:37:SL:LANGUAGE_NAME,[IN:translate [SL:LANGUAGE_NAME Sepedi] ],LANGUAGE_NAME: Sepedi,sot
travel,translate,What is a toilet in English?,18:29:SL:LANGUAGE_NAME,[IN:translate [SL:LANGUAGE_NAME Senyesemane] ],LANGUAGE_NAME: Senyesemane,sot
travel,translate,How are older people greeted in Swati?,38:45:SL:LANGUAGE_NAME,[IN:translate [SL:LANGUAGE_NAME Seswati] ],LANGUAGE_NAME: Seswati,sot
travel,translate,What do you call nails in Swahili?,23:30:SL:LANGUAGE_NAME,[IN:translate [SL:LANGUAGE_NAME Seswati] ],LANGUAGE_NAME: Seswati,sot
travel,translate,What do you call a baby girl in Swahili?,25:32:SL:LANGUAGE_NAME,[IN:translate [SL:LANGUAGE_NAME Seswati] ],LANGUAGE_NAME: Seswati,sot
travel,translate,Then I ask for food in Swahili.,24:31:SL:LANGUAGE_NAME,[IN:translate [SL:LANGUAGE_NAME Seswati] ],LANGUAGE_NAME: Seswati,sot
travel,translate,What is the color red called in Swahili?,36:43:SL:LANGUAGE_NAME,[IN:translate [SL:LANGUAGE_NAME Seswati] ],LANGUAGE_NAME: Seswati,sot
travel,translate,Translate I love you into Swahili.,24:31:SL:LANGUAGE_NAME,[IN:translate [SL:LANGUAGE_NAME Seswati] ],LANGUAGE_NAME: Seswati,sot
travel,translate,Translate I am going to work in Swahili.,30:37:SL:LANGUAGE_NAME,[IN:translate [SL:LANGUAGE_NAME Seswati] ],LANGUAGE_NAME: Seswati,sot
travel,translate,Then I visited the Sevenda zoo.,42:49:SL:LANGUAGE_NAME,[IN:translate [SL:LANGUAGE_NAME Sevenda] ],LANGUAGE_NAME: Sevenda,sot
travel,translate,Translate the child's speech into Xhosa.,31:38:SL:LANGUAGE_NAME,[IN:translate [SL:LANGUAGE_NAME Sexhosa] ],LANGUAGE_NAME: Sexhosa,sot
travel,translate,Translate and I'll see you tomorrow in English.,33:41:SL:LANGUAGE_NAME,[IN:translate [SL:LANGUAGE_NAME Setswana] ],LANGUAGE_NAME: Setswana,sot
travel,translate,Give me the days of the week in Ndebele.,24:34:SL:LANGUAGE_NAME,[IN:translate [SL:LANGUAGE_NAME isiNdebele] ],LANGUAGE_NAME: isiNdebele,sot
travel,translate,"How do you greet in Tsonga in the morning, at noon, and in the evening?",20:28:SL:LANGUAGE_NAME,[IN:translate [SL:LANGUAGE_NAME Setsonga] ],LANGUAGE_NAME: Setsonga,sot
travel,translate,What is her mother called in Tsonga?,21:29:SL:LANGUAGE_NAME,[IN:translate [SL:LANGUAGE_NAME Setsonga] ],LANGUAGE_NAME: Setsonga,sot
travel,translate,Translate shut the door in English.,26:34:SL:LANGUAGE_NAME,[IN:translate [SL:LANGUAGE_NAME Setswana] ],LANGUAGE_NAME: Setswana,sot
travel,translate,What do you call dinner in English?,"0:19:SL:MEAL_PERIOD,37:44:SL:LANGUAGE_NAME",[IN:translate [SL:MEAL_PERIOD Dijo tsa mantsiboya] [SL:LANGUAGE_NAME Sekgowa] ],MEAL_PERIOD: Dijo tsa mantsiboya $$ LANGUAGE_NAME: Sekgowa,sot
travel,translate,"When you want to say goodbye in Chinese, what do you say?",31:40:SL:LANGUAGE_NAME,[IN:translate [SL:LANGUAGE_NAME Setjhaena] ],LANGUAGE_NAME: Setjhaena,sot
travel,translate,What do you say when you want me to thank you for your help in English?,44:50:SL:LANGUAGE_NAME,[IN:translate [SL:LANGUAGE_NAME Sepedi] ],LANGUAGE_NAME: Sepedi,sot
travel,travel_notification,"I'm going to Lejweleputswa, please inform my parents",17:30:SL:PLACE_NAME,[IN:travel_notification [SL:PLACE_NAME Lejweleputswa] ],PLACE_NAME: Lejweleputswa,sot
travel,travel_notification,He reminded the teacher of our visit to the Northwest,44:54:SL:CITY_OR_PROVINCE,[IN:travel_notification [SL:CITY_OR_PROVINCE North West] ],CITY_OR_PROVINCE: North West,sot
travel,travel_notification,Please inform my aunts that I will arrive in Quthing next Saturday,"42:49:SL:PLACE_NAME,50:76:SL:DATE",[IN:travel_notification [SL:PLACE_NAME Quthing] [SL:DATE bekeng e latelang moqebelo] ],PLACE_NAME: Quthing $$ DATE: bekeng e latelang moqebelo,sot
travel,travel_notification,I'm going to Tanzania on my vacation,21:29:SL:COUNTRY,[IN:travel_notification [SL:COUNTRY Tanzania] ],COUNTRY: Tanzania,sot
travel,travel_notification,I'm going to visit Gaborone soon. Please introduce my family.,13:21:SL:CITY_OR_PROVINCE,[IN:travel_notification [SL:CITY_OR_PROVINCE Gaborone] ],CITY_OR_PROVINCE: Gaborone,sot
travel,travel_notification,My mother and sister are going to visit the beautiful mountain tomorrow,32:47:SL:PLACE_NAME,[IN:travel_notification [SL:PLACE_NAME thaba ntlenyane] ],PLACE_NAME: thaba ntlenyane,sot
travel,travel_notification,Expect your uncle on Sunday to come from the refuge to collect the dowry,"21:28:SL:DATE,44:54:SL:PLACE_NAME",[IN:travel_notification [SL:DATE sontaha] [SL:PLACE_NAME botshabelo] ],DATE: sontaha $$ PLACE_NAME: botshabelo,sot
travel,travel_notification,Tell Lerato Mofokeng that I have sent money for the children to go to school in Durban,"8:23:SL:PERSONAL_NAME,66:72:SL:CITY_OR_PROVINCE",[IN:travel_notification [SL:PERSONAL_NAME Lerato Mofokeng] [SL:CITY_OR_PROVINCE Durban] ],PERSONAL_NAME: Lerato Mofokeng $$ CITY_OR_PROVINCE: Durban,sot
travel,travel_notification,"Our school is going on a trip to the Pretoria Zoo next month, send this message to the parents of Grade 1.",41:53:SL:PLACE_NAME,[IN:travel_notification [SL:PLACE_NAME Pretoria Zoo] ],PLACE_NAME: Pretoria Zoo,sot
travel,travel_notification,Send the school chairman for the 7th - grade class to Cape Town for the summer.,57:66:SL:CITY_OR_PROVINCE,[IN:travel_notification [SL:CITY_OR_PROVINCE Cape Town] ],CITY_OR_PROVINCE: Cape Town,sot
travel,travel_notification,"I have to go to Nigeria in March, tell the Minister.","17:24:SL:COUNTRY,28:37:SL:DATE",[IN:travel_notification [SL:COUNTRY Nigeria] [SL:DATE Hlakubele] ],COUNTRY: Nigeria $$ DATE: Hlakubele,sot
travel,travel_notification,Our President will visit Botswana in January,40:48:SL:COUNTRY,[IN:travel_notification [SL:COUNTRY Botswana] ],COUNTRY: Botswana,sot
travel,travel_notification,Chairman of Education to visit Eastern Cape on 6 June to 10 June,"38:50:SL:CITY_OR_PROVINCE,86:97:SL:DATE",[IN:travel_notification [SL:CITY_OR_PROVINCE Eastern Cape] [SL:DATE 10 Phupjane] ],CITY_OR_PROVINCE: Eastern Cape $$ DATE: 10 Phupjane,sot
travel,travel_notification,Please inform the students that they will be taking a trip to the Civic Center on Wednesday,"58:70:SL:PLACE_NAME,74:82:SL:DATE",[IN:travel_notification [SL:PLACE_NAME Civic Center] [SL:DATE Laboraro] ],PLACE_NAME: Civic Center $$ DATE: Laboraro,sot
travel,travel_notification,Inform the groom that a minister will arrive from Orkney on Saturday,"40:48:SL:DATE,57:63:SL:PLACE_NAME",[IN:travel_notification [SL:DATE moqebelo] [SL:PLACE_NAME Orkney] ],DATE: moqebelo $$ PLACE_NAME: Orkney,sot
travel,travel_notification,South African doctors will visit Zimbabwe in December to assess the disease situation in the country,"13:25:SL:COUNTRY,47:55:SL:COUNTRY",[IN:travel_notification [SL:COUNTRY Afrika Borwa] [SL:COUNTRY Zimbabwe] ],COUNTRY: Afrika Borwa $$ COUNTRY: Zimbabwe,sot
travel,travel_notification,Inform my family that I am visiting Bloemfontein.,38:50:SL:CITY_OR_PROVINCE,[IN:travel_notification [SL:CITY_OR_PROVINCE Bloemfontein] ],CITY_OR_PROVINCE: Bloemfontein,sot
travel,travel_notification,Inform my supervisor that I am visiting Mpumalanga.,37:47:SL:CITY_OR_PROVINCE,[IN:travel_notification [SL:CITY_OR_PROVINCE Mpumalanga] ],CITY_OR_PROVINCE: Mpumalanga,sot
travel,travel_notification,Inform my husband that I am visiting Lesotho.,33:40:SL:COUNTRY,[IN:travel_notification [SL:COUNTRY Lesotho] ],COUNTRY: Lesotho,sot
travel,travel_notification,Inform my bank that I am going to Dubai next month.,30:35:SL:CITY_OR_PROVINCE,[IN:travel_notification [SL:CITY_OR_PROVINCE Dubai] ],CITY_OR_PROVINCE: Dubai,sot
travel,travel_notification,Inform my bank that I will be in Cape Town tomorrow.,40:49:SL:CITY_OR_PROVINCE,[IN:travel_notification [SL:CITY_OR_PROVINCE Cape Town] ],CITY_OR_PROVINCE: Cape Town,sot
travel,travel_notification,Inform my bank that I will be in Nigeria from May 29.,"40:47:SL:COUNTRY,63:77:SL:DATE",[IN:travel_notification [SL:COUNTRY Nigeria] [SL:DATE 29 Motsheanong] ],COUNTRY: Nigeria $$ DATE: 29 Motsheanong,sot
travel,travel_notification,"I'm going to Ghana next week, how do I inform the bank?",9:14:SL:COUNTRY,[IN:travel_notification [SL:COUNTRY Ghana] ],COUNTRY: Ghana,sot
travel,travel_notification,Inform my bank that I will be in Kenya from March 5 to April 10.,"39:44:SL:COUNTRY,55:66:SL:DATE,74:82:SL:DATE",[IN:travel_notification [SL:COUNTRY Kenya] [SL:DATE 5 Hlakubele] [SL:DATE 10 Mmesa] ],COUNTRY: Kenya $$ DATE: 5 Hlakubele $$ DATE: 10 Mmesa,sot
travel,travel_notification,Inform the children's school that we are visiting abroad.,,[IN:travel_notification ],,sot
travel,travel_notification,Inform the ADT that I will be visiting KZN next week.,26:29:SL:CITY_OR_PROVINCE,[IN:travel_notification [SL:CITY_OR_PROVINCE KZN] ],CITY_OR_PROVINCE: KZN,sot
travel,travel_notification,"I'm going to Egypt, should I inform my bank?",13:18:SL:COUNTRY,[IN:travel_notification [SL:COUNTRY Egypt] ],COUNTRY: Egypt,sot
travel,travel_notification,Inform the wife that we are visiting Welkom on Friday.,"32:38:SL:PLACE_NAME,42:51:SL:DATE",[IN:travel_notification [SL:PLACE_NAME Welkom] [SL:DATE Labohlano] ],PLACE_NAME: Welkom $$ DATE: Labohlano,sot
travel,travel_notification,"I'm going to Germany, introduce Mr. Mofokeng.","9:16:SL:COUNTRY,26:37:SL:PERSONAL_NAME",[IN:travel_notification [SL:COUNTRY Germany] [SL:PERSONAL_NAME Mr Mofokeng] ],COUNTRY: Germany $$ PERSONAL_NAME: Mr Mofokeng,sot
travel,travel_notification,Inform my bank that I am going to Dubai.,30:35:SL:CITY_OR_PROVINCE,[IN:travel_notification [SL:CITY_OR_PROVINCE Dubai] ],CITY_OR_PROVINCE: Dubai,sot
travel,travel_notification,Inform my bank that I will be in Tanzania for the weekend.,40:48:SL:COUNTRY,[IN:travel_notification [SL:COUNTRY Tanzania] ],COUNTRY: Tanzania,sot
travel,travel_notification,Inform my bank that I am visiting Lesotho.,33:40:SL:COUNTRY,[IN:travel_notification [SL:COUNTRY Lesotho] ],COUNTRY: Lesotho,sot
travel,travel_notification,"Inform my bank that I will be in Lagos, Nigeria.","40:45:SL:CITY_OR_PROVINCE,47:54:SL:COUNTRY",[IN:travel_notification [SL:CITY_OR_PROVINCE Lagos] [SL:COUNTRY Nigeria] ],CITY_OR_PROVINCE: Lagos $$ COUNTRY: Nigeria,sot
travel,travel_notification,Inform my family that I am visiting Sudan.,35:40:SL:COUNTRY,[IN:travel_notification [SL:COUNTRY Sudan] ],COUNTRY: Sudan,sot
travel,travel_notification,Inform my mother's association that I am going abroad next week.,,[IN:travel_notification ],,sot
travel,travel_notification,Inform Prof. Setai that I am going to America on Wednesday.,"8:19:SL:PERSONAL_NAME,31:38:SL:COUNTRY",[IN:travel_notification [SL:PERSONAL_NAME Prof. Setai] [SL:COUNTRY Amerika] ],PERSONAL_NAME: Prof. Setai $$ COUNTRY: Amerika,sot
travel,travel_notification,I am visiting Tanzania soon and need to introduce the family,9:17:SL:COUNTRY,[IN:travel_notification [SL:COUNTRY Tanzania] ],COUNTRY: Tanzania,sot
travel,travel_notification,I am going abroad and I need to inform my boss,,[IN:travel_notification ],,sot
travel,travel_notification,I'm going to visit DRC soon I need to introduce my friends,9:12:SL:COUNTRY,[IN:travel_notification [SL:COUNTRY DRC] ],COUNTRY: DRC,sot
travel,travel_notification,I have informed my friends and family that I will be visiting Morocco from March to April,51:58:SL:COUNTRY,[IN:travel_notification [SL:COUNTRY Morocco] ],COUNTRY: Morocco,sot
travel,travel_notification,I informed my husband that I will be visiting Saudi Arabia from January to November,"43:55:SL:COUNTRY,65:95:SL:TIME",[IN:travel_notification [SL:COUNTRY Saudi Arabia] [SL:TIME Pherekgong ho fihla Pudungwana] ],COUNTRY: Saudi Arabia $$ TIME: Pherekgong ho fihla Pudungwana,sot
travel,travel_notification,Visiting Botswana from October to December,12:20:SL:COUNTRY,[IN:travel_notification [SL:COUNTRY Botswana] ],COUNTRY: Botswana,sot
travel,travel_notification,I told my family that I would be in Namibia from June 1 to April 17,"45:52:SL:COUNTRY,65:77:SL:DATE,93:105:SL:DATE",[IN:travel_notification [SL:COUNTRY Namibia] [SL:DATE 1 pherekgong] [SL:DATE 17 tsa Mmesa] ],COUNTRY: Namibia $$ DATE: 1 pherekgong $$ DATE: 17 tsa Mmesa,sot
travel,travel_notification,Call my family and inform them that I will be in Mozambique from March 3 to 27,"50:60:SL:COUNTRY,76:104:SL:DATE",[IN:travel_notification [SL:COUNTRY Mozambique] [SL:DATE 3 hofihla ka di 27 Hlakubele] ],COUNTRY: Mozambique $$ DATE: 3 hofihla ka di 27 Hlakubele,sot
travel,travel_notification,Inform my family that I will be in Zambia from 3 to 7,"41:47:SL:COUNTRY,54:72:SL:DATE",[IN:travel_notification [SL:COUNTRY Zambia] [SL:DATE 3 ho fihla ka di 7] ],COUNTRY: Zambia $$ DATE: 3 ho fihla ka di 7,sot
travel,travel_notification,Tell my children that I will be in Rustenburg from the 4th to the 23rd,"37:47:SL:CITY_OR_PROVINCE,60:82:SL:DATE",[IN:travel_notification [SL:CITY_OR_PROVINCE Rustenburg] [SL:DATE di 4 ho fihla ka di 23] ],CITY_OR_PROVINCE: Rustenburg $$ DATE: di 4 ho fihla ka di 23,sot
travel,travel_notification,please inform my husband that I will be in Zimbabwe from the 16th to the 29th,"43:51:SL:COUNTRY,61:87:SL:DATE",[IN:travel_notification [SL:COUNTRY Zimbabwe] [SL:DATE ka di 16 ho fihla ka di 29] ],COUNTRY: Zimbabwe $$ DATE: ka di 16 ho fihla ka di 29,sot
travel,travel_notification,I have to inform my loved ones that I am going to Qwaqwa on the 1st to the 18th,"47:53:SL:PLACE_NAME,60:76:SL:DATE",[IN:travel_notification [SL:PLACE_NAME Qwaqwa] [SL:DATE 1 ho fihla di 18] ],PLACE_NAME: Qwaqwa $$ DATE: 1 ho fihla di 18,sot
travel,travel_notification,I am going to visit Thabong soon and I have to inform my boss,9:16:SL:PLACE_NAME,[IN:travel_notification [SL:PLACE_NAME Thabong] ],PLACE_NAME: Thabong,sot
travel,travel_notification,I must inform my husband that I am going to Niger,55:60:SL:COUNTRY,[IN:travel_notification [SL:COUNTRY Niger] ],COUNTRY: Niger,sot
travel,travel_notification,Inform my family that I am visiting Egypt,39:47:SL:COUNTRY,[IN:travel_notification [SL:COUNTRY Ekgepeta] ],COUNTRY: Ekgepeta,sot
travel,travel_notification,I'm going to visit Israel soon and I need to inform my loved ones,13:19:SL:COUNTRY,[IN:travel_notification [SL:COUNTRY Israel] ],COUNTRY: Israel,sot
travel,travel_notification,I'm going to visit Lesotho soon and I'll need to introduce the family,13:20:SL:COUNTRY,[IN:travel_notification [SL:COUNTRY Lesotho] ],COUNTRY: Lesotho,sot
travel,travel_notification,Please inform my family that I am leaving for Johannesburg,44:51:SL:CITY_OR_PROVINCE,[IN:travel_notification [SL:CITY_OR_PROVINCE Gauteng] ],CITY_OR_PROVINCE: Gauteng,sot
travel,travel_notification,Inform my neighbors that I will soon be visiting Swaziland,48:57:SL:COUNTRY,[IN:travel_notification [SL:COUNTRY Swaziland] ],COUNTRY: Swaziland,sot
travel,travel_notification,Tell my mother that I am leaving for the nations,,[IN:travel_notification ],,sot
travel,travel_notification,Please inform my father that I am visiting Maseru,36:42:SL:CITY_OR_PROVINCE,[IN:travel_notification [SL:CITY_OR_PROVINCE Maseru] ],CITY_OR_PROVINCE: Maseru,sot
travel,travel_notification,I'm going to Pretoria soon. Please introduce my staff.,9:17:SL:CITY_OR_PROVINCE,[IN:travel_notification [SL:CITY_OR_PROVINCE Pretoria] ],CITY_OR_PROVINCE: Pretoria,sot
travel,travel_notification,how will I tell my doctor that I am going to Zambia soon,53:59:SL:COUNTRY,[IN:travel_notification [SL:COUNTRY Zambia] ],COUNTRY: Zambia,sot
travel,travel_notification,I have to inform my school that I am going to Zimbali soon,56:63:SL:PLACE_NAME,[IN:travel_notification [SL:PLACE_NAME Zimbali] ],PLACE_NAME: Zimbali,sot
travel,travel_notification,Tell your neighbor that you are a foreigner.,,[IN:travel_notification ],,sot
travel,travel_notification,Tell my mother-in-law that I am going to Qatar soon,43:48:SL:COUNTRY,[IN:travel_notification [SL:COUNTRY Qatar] ],COUNTRY: Qatar,sot
travel,travel_notification,Tell my mother and grandmother that I am going to Morocco,33:40:SL:COUNTRY,[IN:travel_notification [SL:COUNTRY Morocco] ],COUNTRY: Morocco,sot
travel,travel_notification,please inform my family that I will be in Abuja from April to December,45:50:SL:CITY_OR_PROVINCE,[IN:travel_notification [SL:CITY_OR_PROVINCE Abuja] ],CITY_OR_PROVINCE: Abuja,sot
travel,travel_notification,Inform the family I am visiting Israel from April to June,27:33:SL:COUNTRY,[IN:travel_notification [SL:COUNTRY Israel] ],COUNTRY: Israel,sot
travel,travel_notification,Send a message to the mother organization that I am going to Nigeria,47:54:SL:COUNTRY,[IN:travel_notification [SL:COUNTRY Nigeria] ],COUNTRY: Nigeria,sot
travel,travel_notification,Tell the daughter that I am going to Maputo in January to March,"26:32:SL:CITY_OR_PROVINCE,33:43:SL:DATE,56:65:SL:DATE",[IN:travel_notification [SL:CITY_OR_PROVINCE Maputo] [SL:DATE Pherekgong] [SL:DATE Hlakubele] ],CITY_OR_PROVINCE: Maputo $$ DATE: Pherekgong $$ DATE: Hlakubele,sot
travel,travel_notification,Let my father know that I will be brown from March to December,"34:41:SL:COUNTRY,42:71:SL:TIME",[IN:travel_notification [SL:COUNTRY lesotho] [SL:TIME Hlakubele ho fihla ka Tshitwe] ],COUNTRY: lesotho $$ TIME: Hlakubele ho fihla ka Tshitwe,sot
travel,travel_notification,Tell friends and family that I am going to Botswana from April 1 to May 1,"41:49:SL:COUNTRY,56:67:SL:DATE,83:96:SL:DATE",[IN:travel_notification [SL:COUNTRY Botswana] [SL:DATE 1 tsa Mmesa] [SL:DATE 1 Motsheanong] ],COUNTRY: Botswana $$ DATE: 1 tsa Mmesa $$ DATE: 1 Motsheanong,sot
travel,travel_notification,Let my friends know that I am going to Ghana from December 3 to April 5,"34:39:SL:COUNTRY,46:55:SL:DATE,71:78:SL:DATE",[IN:travel_notification [SL:COUNTRY Ghana] [SL:DATE 3 Tshitwe] [SL:DATE 5 Mmesa] ],COUNTRY: Ghana $$ DATE: 3 Tshitwe $$ DATE: 5 Mmesa,sot
travel,travel_notification,Inform my security company that I will be visiting Maun from January 15 to January 29,"56:60:SL:PLACE_NAME,64:77:SL:DATE,90:103:SL:DATE",[IN:travel_notification [SL:PLACE_NAME Maun] [SL:DATE 15 Pherekgong] [SL:DATE 29 Pherekgong] ],PLACE_NAME: Maun $$ DATE: 15 Pherekgong $$ DATE: 29 Pherekgong,sot
travel,travel_notification,Send Mpho Mosia an email that I am going to Qatar from 17th April to 2nd July,"7:17:SL:PERSONAL_NAME,39:44:SL:COUNTRY,60:68:SL:DATE,84:92:SL:DATE",[IN:travel_notification [SL:PERSONAL_NAME Mpho Mosia] [SL:COUNTRY Qatar] [SL:DATE 17 Mmesa] [SL:DATE 2 Phuphu] ],PERSONAL_NAME: Mpho Mosia $$ COUNTRY: Qatar $$ DATE: 17 Mmesa $$ DATE: 2 Phuphu,sot
travel,travel_notification,"I have to go to Egypt from December 4 to December 16, please inform my family","17:24:SL:COUNTRY,28:37:SL:DATE,52:62:SL:DATE",[IN:travel_notification [SL:COUNTRY Egepeta] [SL:DATE 4 Tshitwe] [SL:DATE 16 Tshitwe] ],COUNTRY: Egepeta $$ DATE: 4 Tshitwe $$ DATE: 16 Tshitwe,sot
travel,travel_notification,Inform the bank that I need Maluti because I am going to Lesotho,"23:29:SL:CURRENCY,43:50:SL:COUNTRY",[IN:travel_notification [SL:CURRENCY Maluti] [SL:COUNTRY Lesotho] ],CURRENCY: Maluti $$ COUNTRY: Lesotho,sot
travel,travel_notification,Please inform the caller that I will be in Klerksdorp on the 27th,"40:42:SL:DATE,58:68:SL:CITY_OR_PROVINCE",[IN:travel_notification [SL:DATE 27] [SL:CITY_OR_PROVINCE Klerksdorp] ],DATE: 27 $$ CITY_OR_PROVINCE: Klerksdorp,sot
travel,travel_notification,Inform my pastor that I am visiting Thabazimbi for one week,34:44:SL:PLACE_NAME,[IN:travel_notification [SL:PLACE_NAME Thabazimbi] ],PLACE_NAME: Thabazimbi,sot
travel,travel_notification,Inform the education department that I will be going to Limpopo in the second week of the semester,"43:50:SL:CITY_OR_PROVINCE,54:82:SL:DATE",[IN:travel_notification [SL:CITY_OR_PROVINCE Limpopo] [SL:DATE beke ya bobedi ya pherekgong] ],CITY_OR_PROVINCE: Limpopo $$ DATE: beke ya bobedi ya pherekgong,sot
travel,travel_notification,Inform the teacher that I have to go to Windhoek on April 2 till April 17,"41:49:SL:CITY_OR_PROVINCE,56:67:SL:DATE,83:95:SL:DATE",[IN:travel_notification [SL:CITY_OR_PROVINCE Windhoek] [SL:DATE 2 tsa Mmesa] [SL:DATE 17 tsa Mmesa] ],CITY_OR_PROVINCE: Windhoek $$ DATE: 2 tsa Mmesa $$ DATE: 17 tsa Mmesa,sot
travel,travel_notification,Inform my assistant that next Friday I will visit Theunissen and I will not be back until 7 July,,[IN:travel_notification ],,sot
travel,travel_notification,Inform my colleagues of my visit to Madagascar,59:69:SL:COUNTRY,[IN:travel_notification [SL:COUNTRY Madagascar] ],COUNTRY: Madagascar,sot
travel,travel_suggestion,Where can I fish in Clarens?,39:46:SL:PLACE_NAME,[IN:travel_suggestion [SL:PLACE_NAME Clarens] ],PLACE_NAME: Clarens,sot
travel,travel_suggestion,How much do I have to pay to get into Clarens Winery?,35:49:SL:PLACE_NAME,[IN:travel_suggestion [SL:PLACE_NAME Clarens Winery] ],PLACE_NAME: Clarens Winery,sot
travel,travel_suggestion,What food and wine can I bring with me when I'm in Clarens?,"39:44:SL:DISH_OR_FOOD,54:61:SL:PLACE_NAME",[IN:travel_suggestion [SL:DISH_OR_FOOD veine] [SL:PLACE_NAME Clarens] ],DISH_OR_FOOD: veine $$ PLACE_NAME: Clarens,sot
travel,travel_suggestion,How far is the Free State from Pretoria?,"0:10:SL:CITY_OR_PROVINCE,30:38:SL:CITY_OR_PROVINCE",[IN:travel_suggestion [SL:CITY_OR_PROVINCE Free State] [SL:CITY_OR_PROVINCE Pretoria] ],CITY_OR_PROVINCE: Free State $$ CITY_OR_PROVINCE: Pretoria,sot
travel,travel_suggestion,Give me a list of interesting places to visit in the Free State.,57:67:SL:CITY_OR_PROVINCE,[IN:travel_suggestion [SL:CITY_OR_PROVINCE Free State] ],CITY_OR_PROVINCE: Free State,sot
travel,travel_suggestion,What foods should I try while in the Free State?,51:61:SL:CITY_OR_PROVINCE,[IN:travel_suggestion [SL:CITY_OR_PROVINCE Free State] ],CITY_OR_PROVINCE: Free State,sot
travel,travel_suggestion,What will the weather in the Free State be like on Friday when I visit?,19:29:SL:CITY_OR_PROVINCE,[IN:travel_suggestion [SL:CITY_OR_PROVINCE Free State] ],CITY_OR_PROVINCE: Free State,sot
travel,travel_suggestion,What clothes should I avoid packing when visiting the Free State in January?,"56:66:SL:CITY_OR_PROVINCE,70:80:SL:DATE",[IN:travel_suggestion [SL:CITY_OR_PROVINCE Free State] [SL:DATE Pherekgong] ],CITY_OR_PROVINCE: Free State $$ DATE: Pherekgong,sot
travel,travel_suggestion,What places can I visit with my mate in the Free State?,53:63:SL:CITY_OR_PROVINCE,[IN:travel_suggestion [SL:CITY_OR_PROVINCE Free State] ],CITY_OR_PROVINCE: Free State,sot
travel,travel_suggestion,What places can I visit with my friends in the Free State?,54:64:SL:CITY_OR_PROVINCE,[IN:travel_suggestion [SL:CITY_OR_PROVINCE Free State] ],CITY_OR_PROVINCE: Free State,sot
travel,travel_suggestion,What can I do in the Free State?,23:33:SL:CITY_OR_PROVINCE,[IN:travel_suggestion [SL:CITY_OR_PROVINCE Free State] ],CITY_OR_PROVINCE: Free State,sot
travel,travel_suggestion,What time of year do tourists visit the Free State?,20:30:SL:CITY_OR_PROVINCE,[IN:travel_suggestion [SL:CITY_OR_PROVINCE Free State] ],CITY_OR_PROVINCE: Free State,sot
travel,travel_suggestion,Where can I go in Europe in the winter?,,[IN:travel_suggestion ],,sot
travel,travel_suggestion,What places would you recommend me to see in Dubai?,52:57:SL:CITY_OR_PROVINCE,[IN:travel_suggestion [SL:CITY_OR_PROVINCE Dubai] ],CITY_OR_PROVINCE: Dubai,sot
travel,travel_suggestion,What places of interest can I visit in Dubai?,50:55:SL:CITY_OR_PROVINCE,[IN:travel_suggestion [SL:CITY_OR_PROVINCE Dubai] ],CITY_OR_PROVINCE: Dubai,sot
travel,travel_suggestion,What are the camel rides in the Dubai desert?,53:58:SL:CITY_OR_PROVINCE,[IN:travel_suggestion [SL:CITY_OR_PROVINCE Dubai] ],CITY_OR_PROVINCE: Dubai,sot
travel,travel_suggestion,What can children enjoy in Lesotho?,36:43:SL:COUNTRY,[IN:travel_suggestion [SL:COUNTRY Lesotho] ],COUNTRY: Lesotho,sot
travel,travel_suggestion,Where my children can go for fun,,[IN:travel_suggestion ],,sot
travel,travel_suggestion,What are the hottest places to visit,,[IN:travel_suggestion ],,sot
travel,travel_suggestion,Where can I go in the heat in July,43:48:SL:DATE,[IN:travel_suggestion [SL:DATE Phupu] ],DATE: Phupu,sot
travel,travel_suggestion,Where can I go between Kenya and Cameroon?,"11:16:SL:COUNTRY,20:28:SL:COUNTRY",[IN:travel_suggestion [SL:COUNTRY Kenya] [SL:COUNTRY Cameroon] ],COUNTRY: Kenya $$ COUNTRY: Cameroon,sot
travel,travel_suggestion,Where is the safe park,,[IN:travel_suggestion ],,sot
travel,travel_suggestion,How many amusement parks are there near the town of Klerksdorp,45:55:SL:CITY_OR_PROVINCE,[IN:travel_suggestion [SL:CITY_OR_PROVINCE Klerksdorp] ],CITY_OR_PROVINCE: Klerksdorp,sot
travel,travel_suggestion,What restaurants are selling delicious food in Polokwane,48:57:SL:PLACE_NAME,[IN:travel_suggestion [SL:PLACE_NAME Polokwane] ],PLACE_NAME: Polokwane,sot
travel,travel_suggestion,What people can do in KwaZulu Natal,30:43:SL:CITY_OR_PROVINCE,[IN:travel_suggestion [SL:CITY_OR_PROVINCE KwaZulu Natal] ],CITY_OR_PROVINCE: KwaZulu Natal,sot
travel,travel_suggestion,What is the N12's viewpoint?,,[IN:travel_suggestion ],,sot
travel,travel_suggestion,Where can I get help if I go to Cape Town?,28:37:SL:CITY_OR_PROVINCE,[IN:travel_suggestion [SL:CITY_OR_PROVINCE Cape Town] ],CITY_OR_PROVINCE: Cape Town,sot
travel,travel_suggestion,What fun activities can children do in Potchefstroom?,38:51:SL:CITY_OR_PROVINCE,[IN:travel_suggestion [SL:CITY_OR_PROVINCE Potchefstroom] ],CITY_OR_PROVINCE: Potchefstroom,sot
travel,travel_suggestion,Where do tourists like to go first when they arrive in the Northern Cape?,46:58:SL:CITY_OR_PROVINCE,[IN:travel_suggestion [SL:CITY_OR_PROVINCE Northen Cape] ],CITY_OR_PROVINCE: Northen Cape,sot
travel,travel_suggestion,Gold Reef city in what province,0:14:SL:PLACE_NAME,[IN:travel_suggestion [SL:PLACE_NAME Gold Reef city] ],PLACE_NAME: Gold Reef city,sot
travel,travel_suggestion,Where are the entertainment centres in Kwa-Zulu Natal,28:42:SL:CITY_OR_PROVINCE,[IN:travel_suggestion [SL:CITY_OR_PROVINCE Kwa-Zulu Natal] ],CITY_OR_PROVINCE: Kwa-Zulu Natal,sot
travel,travel_suggestion,How many entertainment venues are there in Gauteng,0:7:SL:CITY_OR_PROVINCE,[IN:travel_suggestion [SL:CITY_OR_PROVINCE Gauteng] ],CITY_OR_PROVINCE: Gauteng,sot
travel,travel_suggestion,Show me quiet places that are not crowded,,[IN:travel_suggestion ],,sot
travel,travel_suggestion,Point me to nearby recreation facilities,,[IN:travel_suggestion ],,sot
travel,travel_suggestion,Where to go for a swim when you arrive in Cape Town,30:39:SL:CITY_OR_PROVINCE,[IN:travel_suggestion [SL:CITY_OR_PROVINCE Cape Town] ],CITY_OR_PROVINCE: Cape Town,sot
travel,travel_suggestion,What tourists do for fun in Durban,38:44:SL:CITY_OR_PROVINCE,[IN:travel_suggestion [SL:CITY_OR_PROVINCE Durban] ],CITY_OR_PROVINCE: Durban,sot
travel,travel_suggestion,What foods are popular with tourists in the Free State?,33:43:SL:CITY_OR_PROVINCE,[IN:travel_suggestion [SL:CITY_OR_PROVINCE Foreistata] ],CITY_OR_PROVINCE: Foreistata,sot
travel,travel_suggestion,What do tourists enjoy doing when they arrive in Mpumalanga?,46:56:SL:CITY_OR_PROVINCE,[IN:travel_suggestion [SL:CITY_OR_PROVINCE Mpumalanga] ],CITY_OR_PROVINCE: Mpumalanga,sot
travel,travel_suggestion,How many tourists come to South Africa each year,38:50:SL:COUNTRY,[IN:travel_suggestion [SL:COUNTRY Afrika Borwa] ],COUNTRY: Afrika Borwa,sot
travel,travel_suggestion,What are the recreation facilities near Gauteng,43:50:SL:CITY_OR_PROVINCE,[IN:travel_suggestion [SL:CITY_OR_PROVINCE Gauteng] ],CITY_OR_PROVINCE: Gauteng,sot
travel,travel_suggestion,What fun can I do when I get to Mpumalanga,34:44:SL:CITY_OR_PROVINCE,[IN:travel_suggestion [SL:CITY_OR_PROVINCE Mpumalanga] ],CITY_OR_PROVINCE: Mpumalanga,sot
travel,travel_suggestion,Give me the list of hotels he called in Dubai,38:43:SL:CITY_OR_PROVINCE,[IN:travel_suggestion [SL:CITY_OR_PROVINCE Dubai] ],CITY_OR_PROVINCE: Dubai,sot
travel,travel_suggestion,What time of year can I visit America?,10:17:SL:COUNTRY,[IN:travel_suggestion [SL:COUNTRY Amerika] ],COUNTRY: Amerika,sot
travel,travel_suggestion,"In Johannesburg, how do I get to Gold Reef City?","9:16:SL:CITY_OR_PROVINCE,33:47:SL:PLACE_NAME",[IN:travel_suggestion [SL:CITY_OR_PROVINCE Gauteng] [SL:PLACE_NAME Gold Reef City] ],CITY_OR_PROVINCE: Gauteng $$ PLACE_NAME: Gold Reef City,sot
travel,travel_suggestion,What places can I visit while in America?,31:38:SL:COUNTRY,[IN:travel_suggestion [SL:COUNTRY Amerika] ],COUNTRY: Amerika,sot
travel,travel_suggestion,Which restaurants can I go to in Lesotho?,45:52:SL:COUNTRY,[IN:travel_suggestion [SL:COUNTRY Lesotho] ],COUNTRY: Lesotho,sot
travel,travel_suggestion,Can I get to Mohale Dam by plane?,10:20:SL:PLACE_NAME,[IN:travel_suggestion [SL:PLACE_NAME Mohale Dam] ],PLACE_NAME: Mohale Dam,sot
travel,travel_suggestion,Does the Afriski Mountain Resort in Lesotho have a place to stay?,"3:26:SL:PLACE_NAME,30:37:SL:COUNTRY",[IN:travel_suggestion [SL:PLACE_NAME Afriski Mountain Resort] [SL:COUNTRY Lesotho] ],PLACE_NAME: Afriski Mountain Resort $$ COUNTRY: Lesotho,sot
travel,travel_suggestion,Are there any surprising events happening in Lesotho in December when I visit?,41:48:SL:COUNTRY,[IN:travel_suggestion [SL:COUNTRY Lesotho] ],COUNTRY: Lesotho,sot
travel,travel_suggestion,What shopping areas can I visit in Swaziland?,48:57:SL:COUNTRY,[IN:travel_suggestion [SL:COUNTRY Swaziland] ],COUNTRY: Swaziland,sot
travel,travel_suggestion,Are there any customs that I should consider when visiting Swaziland?,71:80:SL:COUNTRY,[IN:travel_suggestion [SL:COUNTRY Swaziland] ],COUNTRY: Swaziland,sot
travel,travel_suggestion,What is the most popular food in Swaziland?,36:45:SL:COUNTRY,[IN:travel_suggestion [SL:COUNTRY Swaziland] ],COUNTRY: Swaziland,sot
travel,travel_suggestion,What places can I visit in Durban?,35:41:SL:CITY_OR_PROVINCE,[IN:travel_suggestion [SL:CITY_OR_PROVINCE Durban] ],CITY_OR_PROVINCE: Durban,sot
travel,travel_suggestion,What travel equipment would you recommend?,,[IN:travel_suggestion ],,sot
travel,travel_suggestion,Are there any royal residences I can visit in England?,50:57:SL:COUNTRY,[IN:travel_suggestion [SL:COUNTRY England] ],COUNTRY: England,sot
travel,travel_suggestion,What traditional foods can I try while in England?,51:58:SL:COUNTRY,[IN:travel_suggestion [SL:COUNTRY England] ],COUNTRY: England,sot
travel,travel_suggestion,What drink is England famous for?,0:7:SL:COUNTRY,[IN:travel_suggestion [SL:COUNTRY England] ],COUNTRY: England,sot
travel,travel_suggestion,What museums can I visit in England?,38:45:SL:COUNTRY,[IN:travel_suggestion [SL:COUNTRY England] ],COUNTRY: England,sot
travel,travel_suggestion,Are there any special places I can visit in KZN?,56:59:SL:CITY_OR_PROVINCE,[IN:travel_suggestion [SL:CITY_OR_PROVINCE KZN] ],CITY_OR_PROVINCE: KZN,sot
travel,travel_suggestion,Where can a first - time visitor to KZN go?,25:28:SL:CITY_OR_PROVINCE,[IN:travel_suggestion [SL:CITY_OR_PROVINCE KZN] ],CITY_OR_PROVINCE: KZN,sot
travel,travel_suggestion,Are there any events taking place in KZN in September when I visit?,32:35:SL:CITY_OR_PROVINCE,[IN:travel_suggestion [SL:CITY_OR_PROVINCE KZN] ],CITY_OR_PROVINCE: KZN,sot
travel,travel_suggestion,Can I have a menu of traditional KZN foods?,37:40:SL:CITY_OR_PROVINCE,[IN:travel_suggestion [SL:CITY_OR_PROVINCE KZN] ],CITY_OR_PROVINCE: KZN,sot
travel,travel_suggestion,What can I do for Shaka Marine?,23:35:SL:PLACE_NAME,[IN:travel_suggestion [SL:PLACE_NAME Shaka Marine] ],PLACE_NAME: Shaka Marine,sot
travel,travel_suggestion,Where is the sea not full of people?,44:47:SL:CITY_OR_PROVINCE,[IN:travel_suggestion [SL:CITY_OR_PROVINCE KZN] ],CITY_OR_PROVINCE: KZN,sot
travel,travel_suggestion,What customs should I observe when visiting KZN?,64:67:SL:CITY_OR_PROVINCE,[IN:travel_suggestion [SL:CITY_OR_PROVINCE KZN] ],CITY_OR_PROVINCE: KZN,sot
travel,travel_suggestion,What are the best times of year to visit KZN in terms of weather?,48:51:SL:CITY_OR_PROVINCE,[IN:travel_suggestion [SL:CITY_OR_PROVINCE KZN] ],CITY_OR_PROVINCE: KZN,sot
travel,travel_suggestion,What valuable things would you encourage me to witness when I visit KZN?,77:80:SL:CITY_OR_PROVINCE,[IN:travel_suggestion [SL:CITY_OR_PROVINCE KZN] ],CITY_OR_PROVINCE: KZN,sot
travel,travel_suggestion,What reliable transportation can I use when visiting KZN?,73:76:SL:CITY_OR_PROVINCE,[IN:travel_suggestion [SL:CITY_OR_PROVINCE KZN] ],CITY_OR_PROVINCE: KZN,sot
travel,travel_suggestion,What interesting places can I visit in Gaborone?,50:58:SL:CITY_OR_PROVINCE,[IN:travel_suggestion [SL:CITY_OR_PROVINCE Gqeberha] ],CITY_OR_PROVINCE: Gqeberha,sot
travel,travel_suggestion,What things can I do when visiting Coffee Bay?,46:56:SL:PLACE_NAME,[IN:travel_suggestion [SL:PLACE_NAME Coffee Bay] ],PLACE_NAME: Coffee Bay,sot
travel,travel_suggestion,Which restaurants would you recommend for couples to go to in Gqeberha?,72:80:SL:CITY_OR_PROVINCE,[IN:travel_suggestion [SL:CITY_OR_PROVINCE Gqeberha] ],CITY_OR_PROVINCE: Gqeberha,sot
travel,travel_suggestion,What items can I buy while I'm in the States?,43:51:SL:CITY_OR_PROVINCE,[IN:travel_suggestion [SL:CITY_OR_PROVINCE Gqeberha] ],CITY_OR_PROVINCE: Gqeberha,sot
travel,travel_suggestion,What place would you recommend that I visit with the children in Gibraltar?,67:75:SL:CITY_OR_PROVINCE,[IN:travel_suggestion [SL:CITY_OR_PROVINCE Gqeberha] ],CITY_OR_PROVINCE: Gqeberha,sot
travel,travel_suggestion,Give me a taste of the Xhosa summer food in Gqeberha.,"24:31:SL:LANGUAGE_NAME,56:64:SL:CITY_OR_PROVINCE",[IN:travel_suggestion [SL:LANGUAGE_NAME Sexhosa] [SL:CITY_OR_PROVINCE Gqeberha] ],LANGUAGE_NAME: Sexhosa $$ CITY_OR_PROVINCE: Gqeberha,sot
travel,travel_suggestion,How long does it take to fly from Johannesburg to Johannesburg?,"39:51:SL:CITY_OR_PROVINCE,58:66:SL:CITY_OR_PROVINCE",[IN:travel_suggestion [SL:CITY_OR_PROVINCE Johannesburg] [SL:CITY_OR_PROVINCE Gqeberha] ],CITY_OR_PROVINCE: Johannesburg $$ CITY_OR_PROVINCE: Gqeberha,sot
travel,travel_suggestion,Give me a list of the most famous restaurants in Gibraltar.,49:57:SL:CITY_OR_PROVINCE,[IN:travel_suggestion [SL:CITY_OR_PROVINCE Gqeberha] ],CITY_OR_PROVINCE: Gqeberha,sot
travel,travel_suggestion,What entertainment is available to pleasure seekers in the Great Lakes?,74:82:SL:CITY_OR_PROVINCE,[IN:travel_suggestion [SL:CITY_OR_PROVINCE Gqeberha] ],CITY_OR_PROVINCE: Gqeberha,sot
travel,travel_suggestion,What places would you recommend me to go to in the Free State?,56:66:SL:CITY_OR_PROVINCE,[IN:travel_suggestion [SL:CITY_OR_PROVINCE Free State] ],CITY_OR_PROVINCE: Free State,sot
travel,travel_suggestion,How far is Clarens from Qwaqwa?,"0:7:SL:PLACE_NAME,25:31:SL:PLACE_NAME",[IN:travel_suggestion [SL:PLACE_NAME Clarens] [SL:PLACE_NAME Qwaqwa] ],PLACE_NAME: Clarens $$ PLACE_NAME: Qwaqwa,sot
travel,travel_suggestion,Give me a list of things that the kids can enjoy in Clarens?,51:58:SL:PLACE_NAME,[IN:travel_suggestion [SL:PLACE_NAME Clarens] ],PLACE_NAME: Clarens,sot
utility,alarm,Will the alarm wake me up on time?,,[IN:alarm ],,sot
utility,alarm,Please set the alarm for 6 a.m.,24:32:SL:TIME,[IN:alarm [SL:TIME 6 hoseng] ],TIME: 6 hoseng,sot
utility,alarm,Turn off the alarm,,[IN:alarm ],,sot
utility,alarm,give me a nice alarm song,,[IN:alarm ],,sot
utility,alarm,why is my alarm not ringing,,[IN:alarm ],,sot
utility,alarm,i can set several alarms at once,,[IN:alarm ],,sot
utility,alarm,set the alarm for 7 am,14:22:SL:TIME,[IN:alarm [SL:TIME 7 hoseng] ],TIME: 7 hoseng,sot
utility,alarm,i want to set the alarm,,[IN:alarm ],,sot
utility,alarm,set the alarm for 10 minutes,14:16:SL:NUMBER,[IN:alarm [SL:NUMBER 10] ],NUMBER: 10,sot
utility,alarm,set the school alarm for 6,5:24:SL:TIME,[IN:alarm [SL:TIME alamo ya skolo ya 6] ],TIME: alamo ya skolo ya 6,sot
utility,alarm,i need an alarm for the afternoon,18:28:SL:TIME,[IN:alarm [SL:TIME motshehare] ],TIME: motshehare,sot
utility,alarm,don't forget to set the school alarm,,[IN:alarm ],,sot
utility,alarm,set the alarm for 4 o'clock,14:26:SL:TIME,[IN:alarm [SL:TIME 4 motshehare] ],TIME: 4 motshehare,sot
utility,alarm,set the alarm for 9 at night,14:21:SL:TIME,[IN:alarm [SL:TIME 9 bosiu] ],TIME: 9 bosiu,sot
utility,alarm,set the alarm for 5 am for the employee,14:22:SL:TIME,[IN:alarm [SL:TIME 5 hoseng] ],TIME: 5 hoseng,sot
utility,alarm,set the prayer alarm for 3 am,25:33:SL:TIME,[IN:alarm [SL:TIME 3 hoseng] ],TIME: 3 hoseng,sot
utility,alarm,Call your uncle,16:20:SL:PERSONAL_NAME,[IN:alarm [SL:PERSONAL_NAME oupa] ],PERSONAL_NAME: oupa,sot
utility,alarm,Call the In-drive,,[IN:alarm ],,sot
utility,alarm,set the alarm for 6 o'clock,14:18:SL:TIME,[IN:alarm [SL:TIME 6h00] ],TIME: 6h00,sot
utility,alarm,"Siri, please wake me up at 4:30 in the morning",26:37:SL:TIME,[IN:alarm [SL:TIME 4h30 hoseng] ],TIME: 4h30 hoseng,sot
utility,alarm,set the alarm for 10 o'clock to start counting,34:39:SL:TIME,[IN:alarm [SL:TIME 10h00] ],TIME: 10h00,sot
utility,alarm,set an alarm for when to take the medicine,,[IN:alarm ],,sot
utility,alarm,set the alarm for 10 minutes,14:27:SL:TIME,[IN:alarm [SL:TIME metsotso e 10] ],TIME: metsotso e 10,sot
utility,alarm,Set an alarm for when to eat,,[IN:alarm ],,sot
utility,alarm,you can set the alarm for next week,,[IN:alarm ],,sot
utility,alarm,Set a new alarm,,[IN:alarm ],,sot
utility,alarm,don't forget to set the evening alarm for 8 o'clock,47:51:SL:TIME,[IN:alarm [SL:TIME 8h00] ],TIME: 8h00,sot
utility,alarm,Don't forget to set the alarm,,[IN:alarm ],,sot
utility,alarm,Set the alarm for 12h00 pm,14:22:SL:TIME,[IN:alarm [SL:TIME 12h00 pm] ],TIME: 12h00 pm,sot
utility,alarm,I set an alarm to wake me up on time for school,,[IN:alarm ],,sot
utility,alarm,set an alarm for the assembly as well as the thank you,40:46:SL:PERSONAL_NAME,[IN:alarm [SL:PERSONAL_NAME teboho] ],PERSONAL_NAME: teboho,sot
utility,alarm,set the alarm,,[IN:alarm ],,sot
utility,alarm,I set an alarm to remind me when I should pray,,[IN:alarm ],,sot
utility,alarm,how do i turn off the alarm,,[IN:alarm ],,sot
utility,alarm,set the alarm,,[IN:alarm ],,sot
utility,alarm,Set my alarm before I forget,,[IN:alarm ],,sot
utility,alarm,Set the alarm for 5:50am and 6:00am so I am not late again,5:39:SL:TIME,[IN:alarm [SL:TIME alamo ya 5h50am le ya 06h00 hoseng] ],TIME: alamo ya 5h50am le ya 06h00 hoseng,sot
utility,alarm,how do i set the alarm,,[IN:alarm ],,sot
utility,alarm,Siri set the alarm for 5 a.m. so I won't be late,19:27:SL:TIME,[IN:alarm [SL:TIME 5 hoseng] ],TIME: 5 hoseng,sot
utility,alarm,Set the alarm for 6 a.m.,14:22:SL:TIME,[IN:alarm [SL:TIME 6 hoseng] ],TIME: 6 hoseng,sot
utility,alarm,Set the alarm for 12 o'clock so we can wake up and pray,5:22:SL:TIME,[IN:alarm [SL:TIME alamo ya 12h00 am] ],TIME: alamo ya 12h00 am,sot
utility,alarm,Alexa set the alarm for 7 a.m.,20:27:SL:TIME,[IN:alarm [SL:TIME 7h00 am] ],TIME: 7h00 am,sot
utility,alarm,what time?,,[IN:alarm ],,sot
utility,alarm,please wake me up tomorrow morning at 9,28:46:SL:TIME,[IN:alarm [SL:TIME hosane hoseng ka 9] ],TIME: hosane hoseng ka 9,sot
utility,alarm,set the alarm for 1 p.m.,14:19:SL:TIME,[IN:alarm [SL:TIME 13h00] ],TIME: 13h00,sot
utility,alarm,I want the alarm at 7 in the morning,18:26:SL:TIME,[IN:alarm [SL:TIME 7 hoseng] ],TIME: 7 hoseng,sot
utility,alarm,Can you help me set the alarm for 3 am,32:40:SL:TIME,[IN:alarm [SL:TIME 3 mesong] ],TIME: 3 mesong,sot
utility,alarm,Siri rings the alarm at 8 a.m.,25:33:SL:TIME,[IN:alarm [SL:TIME 8 hoseng] ],TIME: 8 hoseng,sot
utility,alarm,Can you set the alarm for 5 p.m. and 9 p.m.,13:39:SL:TIME,[IN:alarm [SL:TIME alamo ya 17h00 le ya 21h00] ],TIME: alamo ya 17h00 le ya 21h00,sot
utility,alarm,Set the alarm for 6 o'clock,14:18:SL:TIME,[IN:alarm [SL:TIME 6h00] ],TIME: 6h00,sot
utility,alarm,i need an alarm for 4 o'clock in the morning,9:29:SL:TIME,[IN:alarm [SL:TIME alamo ya 4h00 mesong] ],TIME: alamo ya 4h00 mesong,sot
utility,alarm,I need an alarm at 10 a.m. tomorrow,25:34:SL:TIME,[IN:alarm [SL:TIME 10 hoseng] ],TIME: 10 hoseng,sot
utility,alarm,At 7 am please turn off the alarm,3:11:SL:TIME,[IN:alarm [SL:TIME 7 hoseng] ],TIME: 7 hoseng,sot
utility,alarm,Can you help me set the alarm,,[IN:alarm ],,sot
utility,alarm,please remind me to set the alarm for 3:00,36:41:SL:TIME,[IN:alarm [SL:TIME 15h00] ],TIME: 15h00,sot
utility,alarm,please wake me up at 10 pm so I can read,20:25:SL:TIME,[IN:alarm [SL:TIME 22h00] ],TIME: 22h00,sot
utility,alarm,"Set two alarms, one at 3:00 p.m. and one at 8:00 p.m.",,[IN:alarm ],,sot
utility,alarm,I would like to set the alarm for 3 pm,26:35:SL:TIME,[IN:alarm [SL:TIME 3 thapama] ],TIME: 3 thapama,sot
utility,alarm,Ring the alarm at 3 p.m.,20:29:SL:TIME,[IN:alarm [SL:TIME 3 thapama] ],TIME: 3 thapama,sot
utility,alarm,He woke me up at 4 a.m.,12:20:SL:TIME,[IN:alarm [SL:TIME 4 hoseng] ],TIME: 4 hoseng,sot
utility,alarm,set the alarm for 10 o'clock,19:24:SL:TIME,[IN:alarm [SL:TIME 10h00] ],TIME: 10h00,sot
utility,alarm,When is the best time to wake up?,,[IN:alarm ],,sot
utility,alarm,What is the best time to get up and eat?,,[IN:alarm ],,sot
utility,alarm,i would like to set the alarm for 11:00,26:31:SL:TIME,[IN:alarm [SL:TIME 11h00] ],TIME: 11h00,sot
utility,alarm,How many minutes past three o'clock,,[IN:alarm ],,sot
utility,alarm,set the time to 14h30,13:18:SL:TIME,[IN:alarm [SL:TIME 14h30] ],TIME: 14h30,sot
utility,alarm,set the alarm for 00h30,14:19:SL:TIME,[IN:alarm [SL:TIME 00h30] ],TIME: 00h30,sot
utility,alarm,please set the alarm for 9,15:25:SL:TIME,[IN:alarm [SL:TIME alamo ya 9] ],TIME: alamo ya 9,sot
utility,alarm,When is the best time to wake up and take your medication?,,[IN:alarm ],,sot
utility,alarm,When is the best time to get up and pray?,,[IN:alarm ],,sot
utility,alarm,set the alarm for five minutes,,[IN:alarm ],,sot
utility,alarm,set the alarm for 7:42 and 10:45,"14:18:SL:TIME,22:27:SL:TIME",[IN:alarm [SL:TIME 7h42] [SL:TIME 10h45] ],TIME: 7h42 $$ TIME: 10h45,sot
utility,alarm,I need an alarm at 3 am tomorrow,25:33:SL:TIME,[IN:alarm [SL:TIME 3 mesong] ],TIME: 3 mesong,sot
utility,alarm,Ring the alarm at 5 a.m.,20:28:SL:TIME,[IN:alarm [SL:TIME 5 hoseng] ],TIME: 5 hoseng,sot
utility,alarm,I would like to set an alarm,,[IN:alarm ],,sot
utility,alarm,"set the alarm for 6 in the morning, I don't want to miss the news",14:22:SL:TIME,[IN:alarm [SL:TIME 6 hoseng] ],TIME: 6 hoseng,sot
utility,alarm,"I have to catch a bus in the morning, so please set the alarm for 1:30.",62:67:SL:TIME,[IN:alarm [SL:TIME 01:30] ],TIME: 01:30,sot
utility,alarm,"Please set the alarm to wake me up at 2:00, I don't want to miss my flight",39:44:SL:TIME,[IN:alarm [SL:TIME 02h00] ],TIME: 02h00,sot
utility,alarm,"My bus leaves at 11:00, please wake me up at 8:00 to get ready","23:28:SL:TIME,50:55:SL:TIME",[IN:alarm [SL:TIME 23h00] [SL:TIME 20h00] ],TIME: 23h00 $$ TIME: 20h00,sot
utility,alarm,How to set an alarm,,[IN:alarm ],,sot
utility,make_call,The hostess called to thank us for the support we gave her,7:15:SL:PERSONAL_NAME,[IN:make_call [SL:PERSONAL_NAME Kamohelo] ],PERSONAL_NAME: Kamohelo,sot
utility,make_call,Call the Flower,9:15:SL:PERSONAL_NAME,[IN:make_call [SL:PERSONAL_NAME Palesa] ],PERSONAL_NAME: Palesa,sot
utility,make_call,Who called me?,,[IN:make_call ],,sot
utility,make_call,Call the Authorities,9:17:SL:PERSONAL_NAME,[IN:make_call [SL:PERSONAL_NAME Dibuseng] ],PERSONAL_NAME: Dibuseng,sot
utility,make_call,please call Dintle,19:25:SL:PERSONAL_NAME,[IN:make_call [SL:PERSONAL_NAME Dintle] ],PERSONAL_NAME: Dintle,sot
utility,make_call,Call the education department,,[IN:make_call ],,sot
utility,make_call,Call an Uber,,[IN:make_call ],,sot
utility,make_call,please call Uncle Tsietsi,28:35:SL:PERSONAL_NAME,[IN:make_call [SL:PERSONAL_NAME Tsietsi] ],PERSONAL_NAME: Tsietsi,sot
utility,make_call,"call Burger King, I want to buy food",9:20:SL:RESTAURANT_NAME,[IN:make_call [SL:RESTAURANT_NAME Burger King] ],RESTAURANT_NAME: Burger King,sot
utility,make_call,my phone is waiting for my call,0:7:SL:PERSONAL_NAME,[IN:make_call [SL:PERSONAL_NAME koketso] ],PERSONAL_NAME: koketso,sot
utility,make_call,Call the Shit,9:23:SL:PERSONAL_NAME,[IN:make_call [SL:PERSONAL_NAME Mandla Sethole] ],PERSONAL_NAME: Mandla Sethole,sot
utility,make_call,please call the hero,,[IN:make_call ],,sot
utility,make_call,Put prayer on the phone,5:12:SL:PERSONAL_NAME,[IN:make_call [SL:PERSONAL_NAME thapelo] ],PERSONAL_NAME: thapelo,sot
utility,make_call,Call the Astrologers,9:19:SL:PERSONAL_NAME,[IN:make_call [SL:PERSONAL_NAME MaDinaledi] ],PERSONAL_NAME: MaDinaledi,sot
utility,make_call,please call the doctor on the left,19:38:SL:PERSONAL_NAME,[IN:make_call [SL:PERSONAL_NAME ngaka modiri molema] ],PERSONAL_NAME: ngaka modiri molema,sot
utility,make_call,Can you call Uncle Carol?,27:33:SL:PERSONAL_NAME,[IN:make_call [SL:PERSONAL_NAME carrol] ],PERSONAL_NAME: carrol,sot
utility,make_call,Call the Police,,[IN:make_call ],,sot
utility,make_call,Call for Mildness Through,9:27:SL:PERSONAL_NAME,[IN:make_call [SL:PERSONAL_NAME Bonolo Lepholletsa] ],PERSONAL_NAME: Bonolo Lepholletsa,sot
utility,make_call,"Mpho's phone is lost, please call",10:14:SL:PERSONAL_NAME,[IN:make_call [SL:PERSONAL_NAME Mpho] ],PERSONAL_NAME: Mpho,sot
utility,make_call,Call the Miracles,9:18:SL:PERSONAL_NAME,[IN:make_call [SL:PERSONAL_NAME Dimakatso] ],PERSONAL_NAME: Dimakatso,sot
utility,make_call,I need you to call the Attorney General,25:36:SL:PERSONAL_NAME,[IN:make_call [SL:PERSONAL_NAME Mohlakolara] ],PERSONAL_NAME: Mohlakolara,sot
utility,make_call,call KFC and buy food,9:12:SL:RESTAURANT_NAME,[IN:make_call [SL:RESTAURANT_NAME KFC] ],RESTAURANT_NAME: KFC,sot
utility,make_call,Did he manage to call for help in the valley?,26:39:SL:PERSONAL_NAME,[IN:make_call [SL:PERSONAL_NAME Thuso Motaung] ],PERSONAL_NAME: Thuso Motaung,sot
utility,make_call,Did the education department call?,,[IN:make_call ],,sot
utility,make_call,Call the Bolt,,[IN:make_call ],,sot
utility,make_call,please call a doctor,,[IN:make_call ],,sot
utility,make_call,received a call for an interview,,[IN:make_call ],,sot
utility,make_call,Can you call Mommy?,21:26:SL:PERSONAL_NAME,[IN:make_call [SL:PERSONAL_NAME Thabo] ],PERSONAL_NAME: Thabo,sot
utility,make_call,Your child's teacher called to let you know that your child is sick,,[IN:make_call ],,sot
utility,make_call,Did your mother call to tell you that your grandmother is sick,,[IN:make_call ],,sot
utility,make_call,I got a call from Universitas Hospital,28:52:SL:PLACE_NAME,[IN:make_call [SL:PLACE_NAME sepetlele sa Universitas] ],PLACE_NAME: sepetlele sa Universitas,sot
utility,make_call,The police called to let you know that the tests were back on,,[IN:make_call ],,sot
utility,make_call,He called me,,[IN:make_call ],,sot
utility,make_call,There's someone who needs to talk to you on the phone,,[IN:make_call ],,sot
utility,make_call,"Call my boss, I want to let him know that I am sick",,[IN:make_call ],,sot
utility,make_call,Call for Success,9:18:SL:PERSONAL_NAME,[IN:make_call [SL:PERSONAL_NAME maKatleho] ],PERSONAL_NAME: maKatleho,sot
utility,make_call,Call family and tell them about the illness,,[IN:make_call ],,sot
utility,make_call,Call your family and tell them you're getting married,,[IN:make_call ],,sot
utility,make_call,Put my child on the phone,,[IN:make_call ],,sot
utility,make_call,"Call the shepherds, and let them feed the flock of thy mother, the beloved.",57:65:SL:PERSONAL_NAME,[IN:make_call [SL:PERSONAL_NAME Baratang] ],PERSONAL_NAME: Baratang,sot
utility,make_call,"please call Uncle Abel, I have to inform him about my graduation",26:30:SL:PERSONAL_NAME,[IN:make_call [SL:PERSONAL_NAME Abel] ],PERSONAL_NAME: Abel,sot
utility,make_call,i need to call Lerato,21:27:SL:PERSONAL_NAME,[IN:make_call [SL:PERSONAL_NAME Lerato] ],PERSONAL_NAME: Lerato,sot
utility,make_call,"The University of FreiStata has called, you are accepted in the school",,[IN:make_call ],,sot
utility,make_call,Please call the Debonairs Pizza,22:37:SL:RESTAURANT_NAME,[IN:make_call [SL:RESTAURANT_NAME Debonairs Pizza] ],RESTAURANT_NAME: Debonairs Pizza,sot
utility,make_call,call the insurance company,,[IN:make_call ],,sot
utility,make_call,Truworths called to ask for a loan,,[IN:make_call ],,sot
utility,make_call,"The mail has called, your messages have arrived",,[IN:make_call ],,sot
utility,make_call,i need to call the office,,[IN:make_call ],,sot
utility,make_call,Refiloe just after calling me,0:7:SL:PERSONAL_NAME,[IN:make_call [SL:PERSONAL_NAME Refiloe] ],PERSONAL_NAME: Refiloe,sot
utility,make_call,I have to call a demonstration,23:30:SL:PERSONAL_NAME,[IN:make_call [SL:PERSONAL_NAME pontsho] ],PERSONAL_NAME: pontsho,sot
utility,make_call,"The maid called, saying they were on their way",7:13:SL:PERSONAL_NAME,[IN:make_call [SL:PERSONAL_NAME mantwa] ],PERSONAL_NAME: mantwa,sot
utility,make_call,There's someone I have to call,,[IN:make_call ],,sot
utility,make_call,My father said he would call me,,[IN:make_call ],,sot
utility,make_call,call his assistant at home,,[IN:make_call ],,sot
utility,make_call,Calling a doctor is important when you are sick,,[IN:make_call ],,sot
utility,make_call,Can you call the gifts,17:23:SL:PERSONAL_NAME,[IN:make_call [SL:PERSONAL_NAME dimpho] ],PERSONAL_NAME: dimpho,sot
utility,make_call,He called many times to,,[IN:make_call ],,sot
utility,make_call,"Call the father of the bride, inform him that the milk is finished","18:21:SL:PERSONAL_NAME,41:47:SL:DISH_OR_FOOD",[IN:make_call [SL:PERSONAL_NAME neo] [SL:DISH_OR_FOOD lebese] ],PERSONAL_NAME: neo $$ DISH_OR_FOOD: lebese,sot
utility,make_call,Please call my number,,[IN:make_call ],,sot
utility,make_call,Holding a phone call,8:16:SL:PERSONAL_NAME,[IN:make_call [SL:PERSONAL_NAME Rorisang] ],PERSONAL_NAME: Rorisang,sot
utility,make_call,Desire needs to be called,,[IN:make_call ],,sot
utility,make_call,don't call at night,16:21:SL:TIME,[IN:make_call [SL:TIME bosiu] ],TIME: bosiu,sot
utility,make_call,please call grandma Sophie,25:31:SL:PERSONAL_NAME,[IN:make_call [SL:PERSONAL_NAME Sophie] ],PERSONAL_NAME: Sophie,sot
utility,make_call,Call Chicken Licken and buy some meat,"12:26:SL:RESTAURANT_NAME,34:38:SL:DISH_OR_FOOD",[IN:make_call [SL:RESTAURANT_NAME Chicken Licken] [SL:DISH_OR_FOOD nama] ],RESTAURANT_NAME: Chicken Licken $$ DISH_OR_FOOD: nama,sot
utility,make_call,Put me on the phone,5:15:SL:PERSONAL_NAME,[IN:make_call [SL:PERSONAL_NAME Nthabiseng] ],PERSONAL_NAME: Nthabiseng,sot
utility,make_call,"The G4S called, said the alarm had gone off, tell them I'll get back to them",,[IN:make_call ],,sot
utility,make_call,"Call the fire department, the house is on fire",,[IN:make_call ],,sot
utility,make_call,call the city manager,,[IN:make_call ],,sot
utility,make_call,Call home affairs,,[IN:make_call ],,sot
utility,make_call,call the Pretoria Zoo for a school field trip,12:24:SL:PLACE_NAME,[IN:make_call [SL:PLACE_NAME Pretoria Zoo] ],PLACE_NAME: Pretoria Zoo,sot
utility,make_call,Give me a call,,[IN:make_call ],,sot
utility,make_call,Hold the phone Prayers keep trying to call you,15:22:SL:PERSONAL_NAME,[IN:make_call [SL:PERSONAL_NAME Thapelo] ],PERSONAL_NAME: Thapelo,sot
utility,make_call,Call for Appreciation,9:17:SL:PERSONAL_NAME,[IN:make_call [SL:PERSONAL_NAME Kananelo] ],PERSONAL_NAME: Kananelo,sot
utility,make_call,Before the sun goes down call your sister in the buses,40:48:SL:PERSONAL_NAME,[IN:make_call [SL:PERSONAL_NAME Dibuseng] ],PERSONAL_NAME: Dibuseng,sot
utility,make_call,call the Plane,16:22:SL:PERSONAL_NAME,[IN:make_call [SL:PERSONAL_NAME Pulane] ],PERSONAL_NAME: Pulane,sot
utility,make_call,He called the happy parents,23:28:SL:PERSONAL_NAME,[IN:make_call [SL:PERSONAL_NAME thabo] ],PERSONAL_NAME: thabo,sot
utility,make_call,The correctional service called to announce that the compensation will be released by the end of next week,52:61:SL:PERSONAL_NAME,[IN:make_call [SL:PERSONAL_NAME Puseletso] ],PERSONAL_NAME: Puseletso,sot
utility,make_call,Call the happy ones,9:18:SL:PERSONAL_NAME,[IN:make_call [SL:PERSONAL_NAME bathabile] ],PERSONAL_NAME: bathabile,sot
utility,make_call,call the president I have to remind him of our meeting,,[IN:make_call ],,sot
utility,make_call,i miss my parents please call them,,[IN:make_call ],,sot
utility,share_location,I can lie about my location,,[IN:share_location ],,sot
utility,share_location,Give me a good place to sit,,[IN:share_location ],,sot
utility,share_location,Give me a good place to rent,,[IN:share_location ],,sot
utility,share_location,Give me a safe place,,[IN:share_location ],,sot
utility,share_location,Give me a place to bury someone,,[IN:share_location ],,sot
utility,share_location,Give me a place to shop at the coffee shop,,[IN:share_location ],,sot
utility,share_location,Give me a place where I can find a liquor store,,[IN:share_location ],,sot
utility,share_location,Give me a place I can rent a plot of land,,[IN:share_location ],,sot
utility,share_location,Give me a place where I can buy a laptop,33:39:SL:SHOPPING_ITEM,[IN:share_location [SL:SHOPPING_ITEM laptop] ],SHOPPING_ITEM: laptop,sot
utility,share_location,Give me a place where I can open a shop,,[IN:share_location ],,sot
utility,share_location,Give me a place to eat at mcdonalds,25:34:SL:RESTAURANT_NAME,[IN:share_location [SL:RESTAURANT_NAME mcdonalds] ],RESTAURANT_NAME: mcdonalds,sot
utility,share_location,Give me a place with lots of quail,,[IN:share_location ],,sot
utility,share_location,Give me a seat at the gautrain station,25:47:SL:PLACE_NAME,[IN:share_location [SL:PLACE_NAME seteishene sa gautrain] ],PLACE_NAME: seteishene sa gautrain,sot
utility,share_location,Give me a place to sit in the bus,,[IN:share_location ],,sot
utility,share_location,Give me a place to run,,[IN:share_location ],,sot
utility,share_location,Where is the flower,7:13:SL:PERSONAL_NAME,[IN:share_location [SL:PERSONAL_NAME Palesa] ],PERSONAL_NAME: Palesa,sot
utility,share_location,Give my location to Thabiso,4:11:SL:PERSONAL_NAME,[IN:share_location [SL:PERSONAL_NAME Thabiso] ],PERSONAL_NAME: Thabiso,sot
utility,share_location,Please see where I am,,[IN:share_location ],,sot
utility,share_location,Give me the location of TUT,,[IN:share_location ],,sot
utility,share_location,I can reach Pretoria by 8 if I leave Johannesburg at 7 a.m.,"22:30:SL:CITY_OR_PROVINCE,34:35:SL:TIME,54:62:SL:TIME,71:83:SL:CITY_OR_PROVINCE",[IN:share_location [SL:CITY_OR_PROVINCE Pretoria] [SL:TIME 8] [SL:TIME 7 hoseng] [SL:CITY_OR_PROVINCE Johannesburg] ],CITY_OR_PROVINCE: Pretoria $$ TIME: 8 $$ TIME: 7 hoseng $$ CITY_OR_PROVINCE: Johannesburg,sot
utility,share_location,Give me the location of Cape Town,17:26:SL:CITY_OR_PROVINCE,[IN:share_location [SL:CITY_OR_PROVINCE Cape Town] ],CITY_OR_PROVINCE: Cape Town,sot
utility,share_location,Give me the location of Bloemfontein,17:29:SL:CITY_OR_PROVINCE,[IN:share_location [SL:CITY_OR_PROVINCE Bloemfontein] ],CITY_OR_PROVINCE: Bloemfontein,sot
utility,share_location,Give me the location of Durban,17:23:SL:CITY_OR_PROVINCE,[IN:share_location [SL:CITY_OR_PROVINCE Durban] ],CITY_OR_PROVINCE: Durban,sot
utility,share_location,Give me the location of Polokwane,17:26:SL:CITY_OR_PROVINCE,[IN:share_location [SL:CITY_OR_PROVINCE Polokwane] ],CITY_OR_PROVINCE: Polokwane,sot
utility,share_location,Give me the location of Hazyview,17:25:SL:PLACE_NAME,[IN:share_location [SL:PLACE_NAME Hazyview] ],PLACE_NAME: Hazyview,sot
utility,share_location,Give me the location of Braamfontein,17:29:SL:PLACE_NAME,[IN:share_location [SL:PLACE_NAME Braamfontein] ],PLACE_NAME: Braamfontein,sot
utility,share_location,Give me the location of Qwa Qwa,17:24:SL:PLACE_NAME,[IN:share_location [SL:PLACE_NAME Qwa Qwa] ],PLACE_NAME: Qwa Qwa,sot
utility,share_location,Send me a location in Europe,,[IN:share_location ],,sot
utility,share_location,Send me the location of Hatfield,22:30:SL:PLACE_NAME,[IN:share_location [SL:PLACE_NAME Hatfield] ],PLACE_NAME: Hatfield,sot
utility,share_location,Send me the location of the Centurion,22:31:SL:PLACE_NAME,[IN:share_location [SL:PLACE_NAME Centurion] ],PLACE_NAME: Centurion,sot
utility,share_location,Send me the location of Pretoria,22:30:SL:CITY_OR_PROVINCE,[IN:share_location [SL:CITY_OR_PROVINCE Pretoria] ],CITY_OR_PROVINCE: Pretoria,sot
utility,share_location,Send me the location of Johannesburg,22:34:SL:CITY_OR_PROVINCE,[IN:share_location [SL:CITY_OR_PROVINCE Johannesburg] ],CITY_OR_PROVINCE: Johannesburg,sot
utility,share_location,Send me the location of Soweto,22:28:SL:PLACE_NAME,[IN:share_location [SL:PLACE_NAME Soweto] ],PLACE_NAME: Soweto,sot
utility,share_location,Send me the location of Potchefstroom,22:35:SL:PLACE_NAME,[IN:share_location [SL:PLACE_NAME Potchefstroom] ],PLACE_NAME: Potchefstroom,sot
utility,share_location,I can send my mother to my place,,[IN:share_location ],,sot
utility,share_location,I can send my father to where I am,,[IN:share_location ],,sot
utility,share_location,"A. When I turn off my phone, my location is off",,[IN:share_location ],,sot
utility,share_location,Who can see where I am,,[IN:share_location ],,sot
utility,share_location,How can I give to the one for whom I am working?,,[IN:share_location ],,sot
utility,share_location,How long can I take to get to Braamfontein area,37:49:SL:PLACE_NAME,[IN:share_location [SL:PLACE_NAME Braamfontein] ],PLACE_NAME: Braamfontein,sot
utility,share_location,How long would it take to get to the Fourways area,37:45:SL:PLACE_NAME,[IN:share_location [SL:PLACE_NAME Fourways] ],PLACE_NAME: Fourways,sot
utility,share_location,How long would it take me to get to the Centurion's place?,37:46:SL:PLACE_NAME,[IN:share_location [SL:PLACE_NAME Centurion] ],PLACE_NAME: Centurion,sot
utility,share_location,How long does it take to get to the Copper Leaf area from me,36:47:SL:PLACE_NAME,[IN:share_location [SL:PLACE_NAME Copper Leaf] ],PLACE_NAME: Copper Leaf,sot
utility,share_location,How long would it take to get to the Stradford Gardens area from my place,37:54:SL:PLACE_NAME,[IN:share_location [SL:PLACE_NAME Stradford Gardens] ],PLACE_NAME: Stradford Gardens,sot
utility,share_location,How long does it take to get to the Claremont area from Durban?,"37:46:SL:PLACE_NAME,55:61:SL:CITY_OR_PROVINCE",[IN:share_location [SL:PLACE_NAME Claremont] [SL:CITY_OR_PROVINCE Durban] ],PLACE_NAME: Claremont $$ CITY_OR_PROVINCE: Durban,sot
utility,share_location,Give me a place where my mother is,,[IN:share_location ],,sot
utility,share_location,Give me the location of my brother,,[IN:share_location ],,sot
utility,share_location,Give me space where my man is,,[IN:share_location ],,sot
utility,share_location,Tell my mother where I am,,[IN:share_location ],,sot
utility,share_location,Come to my aunt where I am,,[IN:share_location ],,sot
utility,share_location,Do other people see my place,,[IN:share_location ],,sot
utility,share_location,Can my parents find out where I am,,[IN:share_location ],,sot
utility,share_location,Under what circumstances may I be required to send my location,,[IN:share_location ],,sot
utility,share_location,Turn off my location,,[IN:share_location ],,sot
utility,share_location,Does my work take me far away,,[IN:share_location ],,sot
utility,share_location,A with bloemfontein is located in johannesburg,"5:17:SL:CITY_OR_PROVINCE,28:40:SL:CITY_OR_PROVINCE",[IN:share_location [SL:CITY_OR_PROVINCE bloemfontein] [SL:CITY_OR_PROVINCE johannesburg] ],CITY_OR_PROVINCE: bloemfontein $$ CITY_OR_PROVINCE: johannesburg,sot
utility,share_location,Does the pitoriya have a safe distance,24:33:SL:CITY_OR_PROVINCE,[IN:share_location [SL:CITY_OR_PROVINCE polokwane] ],CITY_OR_PROVINCE: polokwane,sot
utility,share_location,A hazyview is located far from nelspruit,"5:13:SL:PLACE_NAME,24:33:SL:PLACE_NAME",[IN:share_location [SL:PLACE_NAME hazyview] [SL:PLACE_NAME nelspruit] ],PLACE_NAME: hazyview $$ PLACE_NAME: nelspruit,sot
utility,share_location,Does TUT have a distance from UP,"5:8:SL:PLACE_NAME,19:21:SL:PLACE_NAME",[IN:share_location [SL:PLACE_NAME TUT] [SL:PLACE_NAME UP] ],PLACE_NAME: TUT $$ PLACE_NAME: UP,sot
utility,share_location,Is UJ far from WITS,,[IN:share_location ],,sot
utility,share_location,I can travel the world,,[IN:share_location ],,sot
utility,share_location,How long would it take me to travel around the world,,[IN:share_location ],,sot
utility,share_location,How much gasoline would I need to get to cape town from bloemfontein,"33:42:SL:CITY_OR_PROVINCE,52:64:SL:CITY_OR_PROVINCE",[IN:share_location [SL:CITY_OR_PROVINCE cape town] [SL:CITY_OR_PROVINCE bloemfontein] ],CITY_OR_PROVINCE: cape town $$ CITY_OR_PROVINCE: bloemfontein,sot
utility,share_location,A place known for its delight,,[IN:share_location ],,sot
utility,share_location,I'm not far from sandton,16:23:SL:PLACE_NAME,[IN:share_location [SL:PLACE_NAME sandton] ],PLACE_NAME: sandton,sot
utility,share_location,Is it far from sunninghill,16:27:SL:PLACE_NAME,[IN:share_location [SL:PLACE_NAME sunninghill] ],PLACE_NAME: sunninghill,sot
utility,share_location,A has me far from the fourways,16:24:SL:PLACE_NAME,[IN:share_location [SL:PLACE_NAME fourways] ],PLACE_NAME: fourways,sot
utility,share_location,Are you far from the centurion,16:25:SL:PLACE_NAME,[IN:share_location [SL:PLACE_NAME centurion] ],PLACE_NAME: centurion,sot
utility,share_location,Where can i take my uber in advance,,[IN:share_location ],,sot
utility,share_location,Where can i get a cheap uber,,[IN:share_location ],,sot
utility,share_location,Where can I get a lot of money from uber,,[IN:share_location ],,sot
utility,share_location,Give me the location of the lot of cars,,[IN:share_location ],,sot
utility,share_location,Give me the location of the PNP hyperlink,33:39:SL:PLACE_NAME,[IN:share_location [SL:PLACE_NAME Naledi] ],PLACE_NAME: Naledi,sot
utility,share_location,Give me the location of Jabulani mall,17:33:SL:PLACE_NAME,[IN:share_location [SL:PLACE_NAME mall wa Jabulani] ],PLACE_NAME: mall wa Jabulani,sot
utility,share_location,Give me the location of a good restaurant,,[IN:share_location ],,sot
utility,share_location,Give me a place to buy gas,26:32:SL:SHOPPING_ITEM,[IN:share_location [SL:SHOPPING_ITEM petrol] ],SHOPPING_ITEM: petrol,sot
utility,share_location,Give me a place where music is played,,[IN:share_location ],,sot
utility,share_location,Can anyone tell me where I am? My phone is off,,[IN:share_location ],,sot
utility,share_location,How can I turn off so that no one can see where I am?,,[IN:share_location ],,sot
utility,share_location,How do I see that I gave my location,,[IN:share_location ],,sot
utility,text,Send a message to Jwalane that we are going to the store at 11 am tomorrow,"20:27:SL:PERSONAL_NAME,54:70:SL:TIME",[IN:text [SL:PERSONAL_NAME Jwalane] [SL:TIME 11 hosane hoseng] ],PERSONAL_NAME: Jwalane $$ TIME: 11 hosane hoseng,sot
utility,text,I can text a blind person,,[IN:text ],,sot
utility,text,Can I text you?,,[IN:text ],,sot
utility,text,Can I send a message to remind someone,,[IN:text ],,sot
utility,text,Send my mother a message in the morning that I'm bringing the children,,[IN:text ],,sot
utility,text,Where can I find lost messages?,,[IN:text ],,sot
utility,text,Can I read a text message without opening it?,,[IN:text ],,sot
utility,text,Send Themba a message to tell him that the children have arrived,7:13:SL:PERSONAL_NAME,[IN:text [SL:PERSONAL_NAME Themba] ],PERSONAL_NAME: Themba,sot
utility,text,Send a message to Nono that I want to do the head shaving tomorrow,7:11:SL:PERSONAL_NAME,[IN:text [SL:PERSONAL_NAME Nono] ],PERSONAL_NAME: Nono,sot
utility,text,Send a message to Tshedi to sew my daughter's hair tomorrow,"7:13:SL:PERSONAL_NAME,51:57:SL:TIME",[IN:text [SL:PERSONAL_NAME Tshedi] [SL:TIME hosane] ],PERSONAL_NAME: Tshedi $$ TIME: hosane,sot
utility,text,Text Jack and ask him how much the car wash costs.,7:11:SL:PERSONAL_NAME,[IN:text [SL:PERSONAL_NAME Jack] ],PERSONAL_NAME: Jack,sot
utility,text,Send Confidence a message asking her if she has finished reading my book.,7:17:SL:PERSONAL_NAME,[IN:text [SL:PERSONAL_NAME Confidence] ],PERSONAL_NAME: Confidence,sot
utility,text,Text Grant and tell him that Terry wants to see him,"7:12:SL:PERSONAL_NAME,38:43:SL:PERSONAL_NAME",[IN:text [SL:PERSONAL_NAME Grant] [SL:PERSONAL_NAME Terry] ],PERSONAL_NAME: Grant $$ PERSONAL_NAME: Terry,sot
utility,text,Send Greta a message and tell her that I have a headache,7:12:SL:PERSONAL_NAME,[IN:text [SL:PERSONAL_NAME Greta] ],PERSONAL_NAME: Greta,sot
utility,text,Text Brenda that my car is broken,7:13:SL:PERSONAL_NAME,[IN:text [SL:PERSONAL_NAME Brenda] ],PERSONAL_NAME: Brenda,sot
utility,text,Send Candy a message telling her to bake a cake for my daughter's birthday,"7:12:SL:PERSONAL_NAME,53:57:SL:DISH_OR_FOOD,61:91:SL:CALENDAR_EVENT",[IN:text [SL:PERSONAL_NAME Candy] [SL:DISH_OR_FOOD kuku] [SL:CALENDAR_EVENT letsatsi la ngwanaka la tswalo] ],PERSONAL_NAME: Candy $$ DISH_OR_FOOD: kuku $$ CALENDAR_EVENT: letsatsi la ngwanaka la tswalo,sot
utility,text,I can send text messages,,[IN:text ],,sot
utility,text,I can send text messages with a laptop,,[IN:text ],,sot
utility,text,I can send an email,,[IN:text ],,sot
utility,text,I can send a text message,,[IN:text ],,sot
utility,text,Where can I send an email,,[IN:text ],,sot
utility,text,To whom should I send a message,,[IN:text ],,sot
utility,text,Write a message for my Saturday party to my friends,,[IN:text ],,sot
utility,text,Send a message for the convention tomorrow,,[IN:text ],,sot
utility,text,When can I send a message?,,[IN:text ],,sot
utility,text,Can I send a message to my lawyer?,,[IN:text ],,sot
utility,text,How can I read a message if I can't see?,,[IN:text ],,sot
utility,text,How do I know who sent the message,,[IN:text ],,sot
utility,text,Read the latest message,,[IN:text ],,sot
utility,text,Send Gift a message about a birthday cake for a child,7:11:SL:PERSONAL_NAME,[IN:text [SL:PERSONAL_NAME Mpho] ],PERSONAL_NAME: Mpho,sot
utility,text,Send a message to Thabo telling him that he is needed at home,7:12:SL:PERSONAL_NAME,[IN:text [SL:PERSONAL_NAME Thabo] ],PERSONAL_NAME: Thabo,sot
utility,text,Send a text message to your partner telling him that the death is on Wednesday,"7:13:SL:PERSONAL_NAME,50:58:SL:DATE",[IN:text [SL:PERSONAL_NAME Pulane] [SL:DATE Laboraro] ],PERSONAL_NAME: Pulane $$ DATE: Laboraro,sot
utility,text,Read the article by Joe,17:20:SL:PERSONAL_NAME,[IN:text [SL:PERSONAL_NAME Joe] ],PERSONAL_NAME: Joe,sot
utility,text,Did Jackie's message get through?,12:18:SL:PERSONAL_NAME,[IN:text [SL:PERSONAL_NAME Jackie] ],PERSONAL_NAME: Jackie,sot
utility,text,Read the message from the children's school,,[IN:text ],,sot
utility,text,Cancel the 2023 messages,,[IN:text ],,sot
utility,text,Cancel the messages for 2022,20:24:SL:DATE,[IN:text [SL:DATE 2022] ],DATE: 2022,sot
utility,text,Who I texted last night,28:33:SL:TIME,[IN:text [SL:TIME bosiu] ],TIME: bosiu,sot
utility,text,How do I write a message,,[IN:text ],,sot
utility,text,Send a message to school uniform to Daddy Love,50:56:SL:PERSONAL_NAME,[IN:text [SL:PERSONAL_NAME Lerato] ],PERSONAL_NAME: Lerato,sot
utility,text,Write Charlie an e-mail telling him to buy it,"7:14:SL:PERSONAL_NAME,27:36:SL:BILL_TYPE",[IN:text [SL:PERSONAL_NAME Charlie] [SL:BILL_TYPE motlakase] ],PERSONAL_NAME: Charlie $$ BILL_TYPE: motlakase,sot
utility,text,When did Hadiyo's message arrive,12:18:SL:PERSONAL_NAME,[IN:text [SL:PERSONAL_NAME Hadiyo] ],PERSONAL_NAME: Hadiyo,sot
utility,text,How can I turn off the voice message on my phone,,[IN:text ],,sot
utility,text,What Charlie's message says,12:19:SL:PERSONAL_NAME,[IN:text [SL:PERSONAL_NAME Charlie] ],PERSONAL_NAME: Charlie,sot
utility,text,Texting is possible,,[IN:text ],,sot
utility,text,Does my phone ring when I leave a message,,[IN:text ],,sot
utility,text,Does my phone have a pager?,,[IN:text ],,sot
utility,text,Is my phone sending a message to the caller?,37:44:SL:PERSONAL_NAME,[IN:text [SL:PERSONAL_NAME Moretlo] ],PERSONAL_NAME: Moretlo,sot
utility,text,Text Bobby that I'm on my way.,7:12:SL:PERSONAL_NAME,[IN:text [SL:PERSONAL_NAME Bobby] ],PERSONAL_NAME: Bobby,sot
utility,text,Text my mom that I'll call her on the way,,[IN:text ],,sot
utility,text,Send Ora a text to have a good day,7:10:SL:PERSONAL_NAME,[IN:text [SL:PERSONAL_NAME Ora] ],PERSONAL_NAME: Ora,sot
utility,text,Send a message to my fans that I'm on my way,,[IN:text ],,sot
utility,text,Cancel the MTN message,,[IN:text ],,sot
utility,text,Reject the Message of Distress,20:27:SL:PERSONAL_NAME,[IN:text [SL:PERSONAL_NAME Tsietsi] ],PERSONAL_NAME: Tsietsi,sot
utility,text,Cancel the message from Telkom,,[IN:text ],,sot
utility,text,Read the neighbor's message Mathato,27:34:SL:PERSONAL_NAME,[IN:text [SL:PERSONAL_NAME Mathato] ],PERSONAL_NAME: Mathato,sot
utility,text,Send a message to my university friends to meet me at 9 am tomorrow,59:74:SL:TIME,[IN:text [SL:TIME 9 hoseng hosane] ],TIME: 9 hoseng hosane,sot
utility,text,Cancel the Old Mutual insurance message,20:44:SL:BILL_TYPE,[IN:text [SL:BILL_TYPE inshorense ya Old Mutual] ],BILL_TYPE: inshorense ya Old Mutual,sot
utility,text,Read the bank's financial statement,,[IN:text ],,sot
utility,text,Send Rehaboth to him and I will send him the money,7:16:SL:PERSONAL_NAME,[IN:text [SL:PERSONAL_NAME Reabetswe] ],PERSONAL_NAME: Reabetswe,sot
utility,text,Send Mokete a message and tell him to bring my book,7:13:SL:PERSONAL_NAME,[IN:text [SL:PERSONAL_NAME Mokete] ],PERSONAL_NAME: Mokete,sot
utility,text,Text Bobby to ask where he is,7:12:SL:PERSONAL_NAME,[IN:text [SL:PERSONAL_NAME Bobby] ],PERSONAL_NAME: Bobby,sot
utility,text,Does my phone receive text messages?,,[IN:text ],,sot
utility,text,How do I know when I've silenced the message,,[IN:text ],,sot
utility,text,Can I send a message on facebook?,,[IN:text ],,sot
utility,text,Can you send a message to Henry,20:25:SL:PERSONAL_NAME,[IN:text [SL:PERSONAL_NAME Henry] ],PERSONAL_NAME: Henry,sot
utility,text,I can send three messages,,[IN:text ],,sot
utility,text,Give me a message that speaks of love,,[IN:text ],,sot
utility,text,Help me write a birthday card,,[IN:text ],,sot
utility,text,Give me a message of comfort,17:27:SL:PERSONAL_NAME,[IN:text [SL:PERSONAL_NAME matshediso] ],PERSONAL_NAME: matshediso,sot
utility,text,Send a message to Jane that we're on our way.,19:23:SL:PERSONAL_NAME,[IN:text [SL:PERSONAL_NAME Jane] ],PERSONAL_NAME: Jane,sot
utility,text,Send a message to Neo that Johnny has died,"7:10:SL:PERSONAL_NAME,25:31:SL:PERSONAL_NAME",[IN:text [SL:PERSONAL_NAME Neo] [SL:PERSONAL_NAME Johnny] ],PERSONAL_NAME: Neo $$ PERSONAL_NAME: Johnny,sot
utility,text,I can write a message even though I am blind,,[IN:text ],,sot
utility,text,Send a message that I'm on my way,,[IN:text ],,sot
utility,text,Send a text message to reply to the phone number,7:13:SL:PERSONAL_NAME,[IN:text [SL:PERSONAL_NAME Karabo] ],PERSONAL_NAME: Karabo,sot
utility,text,Send a message to Darling that we will come tomorrow,7:15:SL:PERSONAL_NAME,[IN:text [SL:PERSONAL_NAME Moratuwa] ],PERSONAL_NAME: Moratuwa,sot
utility,text,Send Jane a message that we're not coming,7:11:SL:PERSONAL_NAME,[IN:text [SL:PERSONAL_NAME Jane] ],PERSONAL_NAME: Jane,sot
utility,text,Does the laptop have a text message capability,,[IN:text ],,sot
utility,text,How do I delete my messages from my phone,,[IN:text ],,sot
utility,text,How do I know if my phone is full of messages,,[IN:text ],,sot
utility,time,is it morning or afternoon in Cape Town?,25:34:SL:CITY_OR_PROVINCE,[IN:time [SL:CITY_OR_PROVINCE Cape Town] ],CITY_OR_PROVINCE: Cape Town,sot
utility,time,Is the time in South Africa and Lesotho the same?,"8:20:SL:COUNTRY,24:31:SL:COUNTRY",[IN:time [SL:COUNTRY Afrika Borwa] [SL:COUNTRY Lesotho] ],COUNTRY: Afrika Borwa $$ COUNTRY: Lesotho,sot
utility,time,how long does it take to fly from Lesotho to Gauteng?,"26:33:SL:COUNTRY,40:47:SL:CITY_OR_PROVINCE",[IN:time [SL:COUNTRY Lesotho] [SL:CITY_OR_PROVINCE Gauteng] ],COUNTRY: Lesotho $$ CITY_OR_PROVINCE: Gauteng,sot
utility,time,how much time separates Sydney and New York?,"31:37:SL:CITY_OR_PROVINCE,41:49:SL:CITY_OR_PROVINCE",[IN:time [SL:CITY_OR_PROVINCE Sydney] [SL:CITY_OR_PROVINCE New York] ],CITY_OR_PROVINCE: Sydney $$ CITY_OR_PROVINCE: New York,sot
utility,time,is it morning or night in Canada?,21:27:SL:COUNTRY,[IN:time [SL:COUNTRY Canada] ],COUNTRY: Canada,sot
utility,time,what time is it now in Alaska?,24:30:SL:CITY_OR_PROVINCE,[IN:time [SL:CITY_OR_PROVINCE Alaska] ],CITY_OR_PROVINCE: Alaska,sot
utility,time,What time is it in Botswana now?,19:27:SL:COUNTRY,[IN:time [SL:COUNTRY Botswana] ],COUNTRY: Botswana,sot
utility,time,"If I go to Chicago at five o'clock, what time can I arrive from Johannesburg?","9:16:SL:CITY_OR_PROVINCE,20:35:SL:TIME,64:71:SL:CITY_OR_PROVINCE",[IN:time [SL:CITY_OR_PROVINCE chicago] [SL:TIME hora ya bohlano] [SL:CITY_OR_PROVINCE Gauteng] ],CITY_OR_PROVINCE: chicago $$ TIME: hora ya bohlano $$ CITY_OR_PROVINCE: Gauteng,sot
utility,time,what time is it in Beijing?,13:20:SL:CITY_OR_PROVINCE,[IN:time [SL:CITY_OR_PROVINCE Beijing] ],CITY_OR_PROVINCE: Beijing,sot
utility,time,is it morning or night in China?,21:26:SL:COUNTRY,[IN:time [SL:COUNTRY China] ],COUNTRY: China,sot
utility,time,morning or night in Mexico?,21:27:SL:COUNTRY,[IN:time [SL:COUNTRY Mexico] ],COUNTRY: Mexico,sot
utility,time,what time is it in Saudi Arabia?,13:25:SL:COUNTRY,[IN:time [SL:COUNTRY Saudi Arabia] ],COUNTRY: Saudi Arabia,sot
utility,time,what time is it in Portugal?,13:21:SL:COUNTRY,[IN:time [SL:COUNTRY Portugal] ],COUNTRY: Portugal,sot
utility,time,what time is it in indonesia?,13:22:SL:COUNTRY,[IN:time [SL:COUNTRY Indonesia] ],COUNTRY: Indonesia,sot
utility,time,what time is it in California?,13:23:SL:CITY_OR_PROVINCE,[IN:time [SL:CITY_OR_PROVINCE California] ],CITY_OR_PROVINCE: California,sot
utility,time,what time is it in Las Vegas?,13:22:SL:CITY_OR_PROVINCE,[IN:time [SL:CITY_OR_PROVINCE Las Vegas] ],CITY_OR_PROVINCE: Las Vegas,sot
utility,time,When do the games start in Namibia?,30:37:SL:COUNTRY,[IN:time [SL:COUNTRY Namibia] ],COUNTRY: Namibia,sot
utility,time,How does the time in the Congo differ from that in South Africa?,"8:13:SL:COUNTRY,35:47:SL:COUNTRY",[IN:time [SL:COUNTRY Congo] [SL:COUNTRY Afrika Borwa] ],COUNTRY: Congo $$ COUNTRY: Afrika Borwa,sot
utility,time,"What do you say to the question ""What is the time in Xhosa?""",27:34:SL:LANGUAGE_NAME,[IN:time [SL:LANGUAGE_NAME Sexhosa] ],LANGUAGE_NAME: Sexhosa,sot
utility,time,What does your watch say the time is?,,[IN:time ],,sot
utility,time,What shops do they sell watches in?,0:8:SL:SHOPPING_ITEM,[IN:time [SL:SHOPPING_ITEM diwatjhe] ],SHOPPING_ITEM: diwatjhe,sot
utility,time,How long does it take to get to Africa from America?,38:45:SL:COUNTRY,[IN:time [SL:COUNTRY Amerika] ],COUNTRY: Amerika,sot
utility,time,Is the time in the US and South Africa the same?,"8:15:SL:COUNTRY,22:34:SL:COUNTRY",[IN:time [SL:COUNTRY Amerika] [SL:COUNTRY Afrika Borwa] ],COUNTRY: Amerika $$ COUNTRY: Afrika Borwa,sot
utility,time,how long is it from Limpopo to Gauteng?,"22:29:SL:CITY_OR_PROVINCE,36:43:SL:CITY_OR_PROVINCE",[IN:time [SL:CITY_OR_PROVINCE Limpopo] [SL:CITY_OR_PROVINCE Gauteng] ],CITY_OR_PROVINCE: Limpopo $$ CITY_OR_PROVINCE: Gauteng,sot
utility,time,please give me some time,,[IN:time ],,sot
utility,time,How long does it take to get from Gauteng to Cape town?,"26:33:SL:CITY_OR_PROVINCE,40:49:SL:CITY_OR_PROVINCE",[IN:time [SL:CITY_OR_PROVINCE Gauteng] [SL:CITY_OR_PROVINCE Cape town] ],CITY_OR_PROVINCE: Gauteng $$ CITY_OR_PROVINCE: Cape town,sot
utility,time,How long does it take to fly to Gauteng from KZN?,"36:43:SL:CITY_OR_PROVINCE,51:54:SL:CITY_OR_PROVINCE",[IN:time [SL:CITY_OR_PROVINCE Gauteng] [SL:CITY_OR_PROVINCE KZN] ],CITY_OR_PROVINCE: Gauteng $$ CITY_OR_PROVINCE: KZN,sot
utility,time,How long does it take to get to Free State by bus from Mpumalanga?,"32:42:SL:CITY_OR_PROVINCE,50:60:SL:CITY_OR_PROVINCE",[IN:time [SL:CITY_OR_PROVINCE Free State] [SL:CITY_OR_PROVINCE Mpumalanga] ],CITY_OR_PROVINCE: Free State $$ CITY_OR_PROVINCE: Mpumalanga,sot
utility,time,How long does it take to get from Gauteng to Kimberley by taxi?,"26:33:SL:CITY_OR_PROVINCE,39:48:SL:PLACE_NAME",[IN:time [SL:CITY_OR_PROVINCE Gauteng] [SL:PLACE_NAME Kimberley] ],CITY_OR_PROVINCE: Gauteng $$ PLACE_NAME: Kimberley,sot
utility,time,how long will it take me to walk from Pretoria to Johannesburg?,"32:40:SL:CITY_OR_PROVINCE,46:57:SL:CITY_OR_PROVINCE",[IN:time [SL:CITY_OR_PROVINCE Pretoria] [SL:CITY_OR_PROVINCE Johanesburg] ],CITY_OR_PROVINCE: Pretoria $$ CITY_OR_PROVINCE: Johanesburg,sot
utility,time,does he have a time and a place?,,[IN:time ],,sot
utility,time,how the world's weather is,,[IN:time ],,sot
utility,time,Is South Africa's time similar to that of America and other countries?,"8:20:SL:COUNTRY,42:49:SL:COUNTRY",[IN:time [SL:COUNTRY Afrika Borwa] [SL:COUNTRY Amerika] ],COUNTRY: Afrika Borwa $$ COUNTRY: Amerika,sot
utility,time,what time is it in New YORK now?,24:32:SL:CITY_OR_PROVINCE,[IN:time [SL:CITY_OR_PROVINCE New YORK] ],CITY_OR_PROVINCE: New YORK,sot
utility,time,when did humans begin to measure time?,,[IN:time ],,sot
utility,time,Do the beasts also know the times?,,[IN:time ],,sot
utility,time,does time stop when you're asleep?,,[IN:time ],,sot
utility,time,why does the time take longer sometimes?,,[IN:time ],,sot
utility,time,is time worth wasting?,,[IN:time ],,sot
utility,time,can you make up for lost time?,,[IN:time ],,sot
utility,time,why does time seem to speed up in your old age?,,[IN:time ],,sot
utility,time,how did ancient people measure time?,,[IN:time ],,sot
utility,time,When did this start?,,[IN:time ],,sot
utility,time,what time is it in cape town now?,24:33:SL:CITY_OR_PROVINCE,[IN:time [SL:CITY_OR_PROVINCE cape town] ],CITY_OR_PROVINCE: cape town,sot
utility,time,what time is it in China now?,24:29:SL:COUNTRY,[IN:time [SL:COUNTRY China] ],COUNTRY: China,sot
utility,time,what time is it in England now?,24:31:SL:COUNTRY,[IN:time [SL:COUNTRY England] ],COUNTRY: England,sot
utility,time,what time is it in Nigeria now?,24:31:SL:COUNTRY,[IN:time [SL:COUNTRY Nigeria] ],COUNTRY: Nigeria,sot
utility,time,what time is it now in Spain?,24:29:SL:COUNTRY,[IN:time [SL:COUNTRY Spain] ],COUNTRY: Spain,sot
utility,time,What time is it in Russia now?,24:30:SL:COUNTRY,[IN:time [SL:COUNTRY Russia] ],COUNTRY: Russia,sot
utility,time,What time is it in Egypt?,24:29:SL:COUNTRY,[IN:time [SL:COUNTRY Egypt] ],COUNTRY: Egypt,sot
utility,time,what time is it in Australia now?,24:33:SL:COUNTRY,[IN:time [SL:COUNTRY Australia] ],COUNTRY: Australia,sot
utility,time,what time is it now in India?,24:29:SL:COUNTRY,[IN:time [SL:COUNTRY India] ],COUNTRY: India,sot
utility,time,what time is it in Germany now?,24:31:SL:COUNTRY,[IN:time [SL:COUNTRY Germany] ],COUNTRY: Germany,sot
utility,time,what time is it now in Mexico?,24:30:SL:COUNTRY,[IN:time [SL:COUNTRY Mexico] ],COUNTRY: Mexico,sot
utility,time,How long does it take to travel from Africa to America?,38:45:SL:COUNTRY,[IN:time [SL:COUNTRY Amerika] ],COUNTRY: Amerika,sot
utility,time,how long does it take to drive to Johannesburg from the Free State?,"29:36:SL:CITY_OR_PROVINCE,44:53:SL:CITY_OR_PROVINCE",[IN:time [SL:CITY_OR_PROVINCE Gauteng] [SL:CITY_OR_PROVINCE FreeState] ],CITY_OR_PROVINCE: Gauteng $$ CITY_OR_PROVINCE: FreeState,sot
utility,time,how long does it take to get from Paris to Amsterdam by train?,"26:31:SL:CITY_OR_PROVINCE,38:47:SL:CITY_OR_PROVINCE",[IN:time [SL:CITY_OR_PROVINCE Paris] [SL:CITY_OR_PROVINCE Amsterdam] ],CITY_OR_PROVINCE: Paris $$ CITY_OR_PROVINCE: Amsterdam,sot
utility,time,How many hours does it take to sail to Australia from South Africa?,"28:37:SL:COUNTRY,55:67:SL:COUNTRY",[IN:time [SL:COUNTRY Australia] [SL:COUNTRY Afrika Borwa] ],COUNTRY: Australia $$ COUNTRY: Afrika Borwa,sot
utility,time,how long does it take to get from Barcelona to Madrid by train?,"26:35:SL:CITY_OR_PROVINCE,42:48:SL:CITY_OR_PROVINCE",[IN:time [SL:CITY_OR_PROVINCE Barcelona] [SL:CITY_OR_PROVINCE Madrid] ],CITY_OR_PROVINCE: Barcelona $$ CITY_OR_PROVINCE: Madrid,sot
utility,time,how many hours does it take to get to Salzburg from Munich by car?,"28:36:SL:CITY_OR_PROVINCE,44:50:SL:CITY_OR_PROVINCE",[IN:time [SL:CITY_OR_PROVINCE Salzburg] [SL:CITY_OR_PROVINCE Munich] ],CITY_OR_PROVINCE: Salzburg $$ CITY_OR_PROVINCE: Munich,sot
utility,time,how long does it take to fly from New York to Chicago?,"25:33:SL:CITY_OR_PROVINCE,38:45:SL:CITY_OR_PROVINCE",[IN:time [SL:CITY_OR_PROVINCE New York] [SL:CITY_OR_PROVINCE Chicago] ],CITY_OR_PROVINCE: New York $$ CITY_OR_PROVINCE: Chicago,sot
utility,time,How long would it take to sail from America to Australia?,"36:43:SL:COUNTRY,48:57:SL:COUNTRY",[IN:time [SL:COUNTRY Amerika] [SL:COUNTRY Australia] ],COUNTRY: Amerika $$ COUNTRY: Australia,sot
utility,time,How long is New York time separated from London time?,"8:16:SL:CITY_OR_PROVINCE,21:27:SL:CITY_OR_PROVINCE",[IN:time [SL:CITY_OR_PROVINCE new york] [SL:CITY_OR_PROVINCE London] ],CITY_OR_PROVINCE: new york $$ CITY_OR_PROVINCE: London,sot
utility,time,What time is it now in Istanbul?,24:31:SL:CITY_OR_PROVINCE,[IN:time [SL:CITY_OR_PROVINCE Istabul] ],CITY_OR_PROVINCE: Istabul,sot
utility,time,How many hours is Tokyo from New York?,"0:5:SL:CITY_OR_PROVINCE,40:47:SL:CITY_OR_PROVINCE",[IN:time [SL:CITY_OR_PROVINCE Tokyo] [SL:CITY_OR_PROVINCE Newyork] ],CITY_OR_PROVINCE: Tokyo $$ CITY_OR_PROVINCE: Newyork,sot
utility,time,is it morning or night in London?,32:38:SL:CITY_OR_PROVINCE,[IN:time [SL:CITY_OR_PROVINCE London] ],CITY_OR_PROVINCE: London,sot
utility,time,What time is it in Beijing now?,24:30:SL:CITY_OR_PROVINCE,[IN:time [SL:CITY_OR_PROVINCE Beijin] ],CITY_OR_PROVINCE: Beijin,sot
utility,time,How many hours are there between Dubai and Moscow?,"5:10:SL:CITY_OR_PROVINCE,14:20:SL:CITY_OR_PROVINCE",[IN:time [SL:CITY_OR_PROVINCE Dubai] [SL:CITY_OR_PROVINCE Moscow] ],CITY_OR_PROVINCE: Dubai $$ CITY_OR_PROVINCE: Moscow,sot
utility,time,What time is it in Rio De Janeiro now?,24:38:SL:CITY_OR_PROVINCE,[IN:time [SL:CITY_OR_PROVINCE Rio De Janeiro] ],CITY_OR_PROVINCE: Rio De Janeiro,sot
utility,time,is it morning or afternoon in Mumbai?,28:34:SL:CITY_OR_PROVINCE,[IN:time [SL:CITY_OR_PROVINCE Mumbai] ],CITY_OR_PROVINCE: Mumbai,sot
utility,time,what time is it in johannesburg now?,24:35:SL:CITY_OR_PROVINCE,[IN:time [SL:CITY_OR_PROVINCE Johanesburg] ],CITY_OR_PROVINCE: Johanesburg,sot
utility,time,How many hours are between Tokyo and Chicago?,"0:5:SL:CITY_OR_PROVINCE,9:16:SL:CITY_OR_PROVINCE",[IN:time [SL:CITY_OR_PROVINCE tokyo] [SL:CITY_OR_PROVINCE chicago] ],CITY_OR_PROVINCE: tokyo $$ CITY_OR_PROVINCE: chicago,sot
utility,time,is it night or morning in Tokyo now?,21:26:SL:CITY_OR_PROVINCE,[IN:time [SL:CITY_OR_PROVINCE Tokyo] ],CITY_OR_PROVINCE: Tokyo,sot
utility,time,what time is it in Toronto now?,24:31:SL:CITY_OR_PROVINCE,[IN:time [SL:CITY_OR_PROVINCE Toronto] ],CITY_OR_PROVINCE: Toronto,sot
utility,time,How many hours behind London is Singapore?,"0:9:SL:COUNTRY,40:46:SL:CITY_OR_PROVINCE",[IN:time [SL:COUNTRY Singapore] [SL:CITY_OR_PROVINCE London] ],COUNTRY: Singapore $$ CITY_OR_PROVINCE: London,sot
utility,time,is it morning or afternoon in Mexico now?,30:36:SL:COUNTRY,[IN:time [SL:COUNTRY Mexico] ],COUNTRY: Mexico,sot
utility,time,what time is it in Dubai?,13:18:SL:CITY_OR_PROVINCE,[IN:time [SL:CITY_OR_PROVINCE Dubai] ],CITY_OR_PROVINCE: Dubai,sot
utility,time,How long does it take to get from Paris to Los Angeles?,"26:31:SL:CITY_OR_PROVINCE,38:49:SL:CITY_OR_PROVINCE",[IN:time [SL:CITY_OR_PROVINCE Paris] [SL:CITY_OR_PROVINCE Los Angeles] ],CITY_OR_PROVINCE: Paris $$ CITY_OR_PROVINCE: Los Angeles,sot
utility,time,what time is it in Vancouver?,13:22:SL:CITY_OR_PROVINCE,[IN:time [SL:CITY_OR_PROVINCE Vancouver] ],CITY_OR_PROVINCE: Vancouver,sot
utility,time,what time is it in seoul?,13:18:SL:CITY_OR_PROVINCE,[IN:time [SL:CITY_OR_PROVINCE Seoul] ],CITY_OR_PROVINCE: Seoul,sot
utility,weather,What is the weather on Sunday,18:25:SL:DATE,[IN:weather [SL:DATE sontaha] ],DATE: sontaha,sot
utility,weather,Is the climate in Lesotho different from that of South Africa?,"19:26:SL:COUNTRY,41:53:SL:COUNTRY",[IN:weather [SL:COUNTRY Lesotho] [SL:COUNTRY Afrika Borwa] ],COUNTRY: Lesotho $$ COUNTRY: Afrika Borwa,sot
utility,weather,"Give me the weather for the whole month in Johannesburg, Bryanston. ","41:53:SL:CITY_OR_PROVINCE,55:64:SL:PLACE_NAME",[IN:weather [SL:CITY_OR_PROVINCE Johannesburg] [SL:PLACE_NAME Bryanston] ],CITY_OR_PROVINCE: Johannesburg $$ PLACE_NAME: Bryanston,sot
utility,weather,Are the weather conditions this year different from last year here in Gauteng?,70:77:SL:CITY_OR_PROVINCE,[IN:weather [SL:CITY_OR_PROVINCE Gauteng] ],CITY_OR_PROVINCE: Gauteng,sot
utility,weather,Can we expect bad weather this winter?,,[IN:weather ],,sot
utility,weather,Will it rain this winter?,,[IN:weather ],,sot
utility,weather,Will we have storms next summer?,,[IN:weather ],,sot
utility,weather,Could we have a drought this year?,,[IN:weather ],,sot
utility,weather,Give me the weather forecast for every hour tomorrow.,,[IN:weather ],,sot
utility,weather,Will we have hail this summer?,,[IN:weather ],,sot
utility,weather,Where is the weather the worst in South Africa?,45:57:SL:COUNTRY,[IN:weather [SL:COUNTRY Afrika Borwa] ],COUNTRY: Afrika Borwa,sot
utility,weather,What is the climate in the oceans?,,[IN:weather ],,sot
utility,weather,How do the climates in Cape Town and Durban differ?,"19:28:SL:CITY_OR_PROVINCE,32:38:SL:CITY_OR_PROVINCE",[IN:weather [SL:CITY_OR_PROVINCE Cape Town] [SL:CITY_OR_PROVINCE Durban] ],CITY_OR_PROVINCE: Cape Town $$ CITY_OR_PROVINCE: Durban,sot
utility,weather,Will it be special this winter in Cape Town?,32:41:SL:CITY_OR_PROVINCE,[IN:weather [SL:CITY_OR_PROVINCE Cape Town] ],CITY_OR_PROVINCE: Cape Town,sot
utility,weather,Storms in Durban sweeping away houses?,11:17:SL:CITY_OR_PROVINCE,[IN:weather [SL:CITY_OR_PROVINCE Durban] ],CITY_OR_PROVINCE: Durban,sot
utility,weather,Is it safe to drive with a brake fluid?,,[IN:weather ],,sot
utility,weather,Give me the weather in Gauteng tomorrow,24:31:SL:CITY_OR_PROVINCE,[IN:weather [SL:CITY_OR_PROVINCE Gauteng] ],CITY_OR_PROVINCE: Gauteng,sot
utility,weather,What is the sea breeze like today in Durban?,33:39:SL:CITY_OR_PROVINCE,[IN:weather [SL:CITY_OR_PROVINCE Durban] ],CITY_OR_PROVINCE: Durban,sot
utility,weather,What about today?,,[IN:weather ],,sot
utility,weather,What will the weather be like tomorrow?,,[IN:weather ],,sot
utility,weather,Is it hot or cold today?,,[IN:weather ],,sot
utility,weather,Will the clouds be clear tomorrow?,,[IN:weather ],,sot
utility,weather,Is there a ghost outside?,,[IN:weather ],,sot
utility,weather,What are we to expect this week?,,[IN:weather ],,sot
utility,weather,When should we expect hail?,,[IN:weather ],,sot
utility,weather,How hot is the weather today? ,,[IN:weather ],,sot
utility,weather,Will the sun rise today?,,[IN:weather ],,sot
utility,weather,What is the weather forecast for Cape Town this week?,8:17:SL:CITY_OR_PROVINCE,[IN:weather [SL:CITY_OR_PROVINCE Cape Town] ],CITY_OR_PROVINCE: Cape Town,sot
utility,weather,What is the climate like in Europe?,,[IN:weather ],,sot
utility,weather,Has the heat gone down outside?,,[IN:weather ],,sot
utility,weather,What is the climate in Bloemfontein?,19:31:SL:CITY_OR_PROVINCE,[IN:weather [SL:CITY_OR_PROVINCE Bloemfontein] ],CITY_OR_PROVINCE: Bloemfontein,sot
utility,weather,Will it be cool tonight?,,[IN:weather ],,sot
utility,weather,Is the weather permitting me to take a bath today?,,[IN:weather ],,sot
utility,weather,Is it raining in Rustenburg?,15:25:SL:PLACE_NAME,[IN:weather [SL:PLACE_NAME Rustenburg] ],PLACE_NAME: Rustenburg,sot
utility,weather,When will it rain again?,,[IN:weather ],,sot
utility,weather,Is it cold in Canada?,10:16:SL:COUNTRY,[IN:weather [SL:COUNTRY Canada] ],COUNTRY: Canada,sot
utility,weather,Is it going to rain this weekend?,,[IN:weather ],,sot
utility,weather,What is the weather forecast for Pretoria next week?,25:33:SL:CITY_OR_PROVINCE,[IN:weather [SL:CITY_OR_PROVINCE Pretoria] ],CITY_OR_PROVINCE: Pretoria,sot
utility,weather,Send Gift the weather forecast for tomorrow.,7:11:SL:PERSONAL_NAME,[IN:weather [SL:PERSONAL_NAME Mpho] ],PERSONAL_NAME: Mpho,sot
utility,weather,Will the clouds clear tomorrow?,,[IN:weather ],,sot
utility,weather,What is South Africa's climate like?,19:31:SL:COUNTRY,[IN:weather [SL:COUNTRY Afrika Borwa] ],COUNTRY: Afrika Borwa,sot
utility,weather,How many days will it rain?,,[IN:weather ],,sot
utility,weather,Will it rain heavily tomorrow?,,[IN:weather ],,sot
utility,weather,Give me the weather forecast for tomorrow.,,[IN:weather ],,sot
utility,weather,Where do I find the details of the weather?,,[IN:weather ],,sot
utility,weather,Give me the glory of Lesotho.,24:31:SL:COUNTRY,[IN:weather [SL:COUNTRY Lesotho] ],COUNTRY: Lesotho,sot
utility,weather,The children are visiting Welkom. What is the weather like next week?,14:20:SL:PLACE_NAME,[IN:weather [SL:PLACE_NAME Welkom] ],PLACE_NAME: Welkom,sot
utility,weather,Is the weather in Pretoria similar to that in Polokwane?,"18:26:SL:CITY_OR_PROVINCE,40:49:SL:PLACE_NAME",[IN:weather [SL:CITY_OR_PROVINCE Pretoria] [SL:PLACE_NAME Polokwane] ],CITY_OR_PROVINCE: Pretoria $$ PLACE_NAME: Polokwane,sot
utility,weather,How does the climate in Gauteng differ from that in Mpumalanga?,"19:26:SL:CITY_OR_PROVINCE,41:51:SL:CITY_OR_PROVINCE",[IN:weather [SL:CITY_OR_PROVINCE Gauteng] [SL:CITY_OR_PROVINCE Mpumalanga] ],CITY_OR_PROVINCE: Gauteng $$ CITY_OR_PROVINCE: Mpumalanga,sot
utility,weather,Give me the weather forecast for the whole week starting Monday.,49:56:SL:DATE,[IN:weather [SL:DATE Mantaha] ],DATE: Mantaha,sot
utility,weather,What is so special about Lesotho?,14:21:SL:COUNTRY,[IN:weather [SL:COUNTRY Lesotho] ],COUNTRY: Lesotho,sot
utility,weather,Is it cold in the mountains of Lesotho?,14:21:SL:COUNTRY,[IN:weather [SL:COUNTRY Lesotho] ],COUNTRY: Lesotho,sot
utility,weather,Does Bethlehem have hail?,3:12:SL:PLACE_NAME,[IN:weather [SL:PLACE_NAME Bethlehem] ],PLACE_NAME: Bethlehem,sot
utility,weather,What time will it rain tomorrow?,,[IN:weather ],,sot
utility,weather,Will the sky be cloudy tomorrow?,,[IN:weather ],,sot
utility,weather,Why does rain choose places where it does not rain?,,[IN:weather ],,sot
utility,weather,Will it be very cold tomorrow?,,[IN:weather ],,sot
utility,weather,Was it cold in Clocolan yesterday?,25:33:SL:PLACE_NAME,[IN:weather [SL:PLACE_NAME Clocolan] ],PLACE_NAME: Clocolan,sot
utility,weather,Are the Venda's winters colder than those of Giyani?,"9:14:SL:PLACE_NAME,39:45:SL:PLACE_NAME",[IN:weather [SL:PLACE_NAME Venda] [SL:PLACE_NAME Giyani] ],PLACE_NAME: Venda $$ PLACE_NAME: Giyani,sot
utility,weather,Is it going to rain in Cape Town today?,13:17:SL:CITY_OR_PROVINCE,[IN:weather [SL:CITY_OR_PROVINCE Kapa] ],CITY_OR_PROVINCE: Kapa,sot
utility,weather,Will there be wind tomorrow?,,[IN:weather ],,sot
utility,weather,Give me the weather forecast for the next two weeks.,31:39:SL:NUMBER,[IN:weather [SL:NUMBER tse pedi] ],NUMBER: tse pedi,sot
utility,weather,Give me the heavenly glory of Steynsrus.,24:33:SL:PLACE_NAME,[IN:weather [SL:PLACE_NAME Steynsrus] ],PLACE_NAME: Steynsrus,sot
utility,weather,Give me the weather forecast for tomorrow afternoon.,,[IN:weather ],,sot
utility,weather,"I'm going to Dubai next week, what's the weather like there?",9:14:SL:CITY_OR_PROVINCE,[IN:weather [SL:CITY_OR_PROVINCE Dubai] ],CITY_OR_PROVINCE: Dubai,sot
utility,weather,Cape Town hurricane did much damage to the city?,10:19:SL:CITY_OR_PROVINCE,[IN:weather [SL:CITY_OR_PROVINCE Cape Town] ],CITY_OR_PROVINCE: Cape Town,sot
utility,weather,Where the snow is particularly cold?,,[IN:weather ],,sot
utility,weather,When should we expect another storm in Bloemfontein?,28:40:SL:CITY_OR_PROVINCE,[IN:weather [SL:CITY_OR_PROVINCE Bloemfontein] ],CITY_OR_PROVINCE: Bloemfontein,sot
utility,weather,Did the storm on Tuesday evening destroy people's homes?,"10:18:SL:TIME,22:30:SL:DATE",[IN:weather [SL:TIME shwalane] [SL:DATE Labobedi] ],TIME: shwalane $$ DATE: Labobedi,sot
utility,weather,Has the Sandton Bridge been washed away by a storm?,14:21:SL:PLACE_NAME,[IN:weather [SL:PLACE_NAME Sandton] ],PLACE_NAME: Sandton,sot
utility,weather,Tuesday's rain washed away houses?,8:16:SL:DATE,[IN:weather [SL:DATE Labobedi] ],DATE: Labobedi,sot
utility,weather,When does the sun rise in winter? ,32:38:SL:TIME,[IN:weather [SL:TIME mariha] ],TIME: mariha,sot
utility,weather,What time does the sun set in summer?,,[IN:weather ],,sot
utility,weather,When does the sun rise in the spring?,,[IN:weather ],,sot
utility,weather,What is the time of the summer solstice?,,[IN:weather ],,sot
utility,weather,What is the name of the rain with the sun shining on it?,,[IN:weather ],,sot
utility,weather,What is the name of the rain cloud?,,[IN:weather ],,sot
utility,weather,What is the name of the rain that falls without clouds?,,[IN:weather ],,sot
utility,weather,"I have a party on Saturday, so what will the weather be like?",19:27:SL:DATE,[IN:weather [SL:DATE Moqebelo] ],DATE: Moqebelo,sot
utility,weather,What month does winter begin?,,[IN:weather ],,sot
