domain,intent,text,spans,logical_form,xtreme-up,source_language
banking,balance,Do I still have money in my purse?,,[IN:balance ],,xho
banking,balance,Please look at the money in my bag.,,[IN:balance ],,xho
banking,balance,Please check with my Absa if I can afford to buy the iPads.,"20:26:SL:BANK_NAME,65:70:SL:SHOPPING_ITEM",[IN:balance [SL:BANK_NAME kuAbsa] [SL:SHOPPING_ITEM iiPad] ],BANK_NAME: kuAbsa $$ SHOPPING_ITEM: iiPad,xho
banking,balance,Can you check my Absa account to see if I have enough money to buy the iPads?,"41:49:SL:BANK_NAME,84:89:SL:SHOPPING_ITEM",[IN:balance [SL:BANK_NAME yaseAbsa] [SL:SHOPPING_ITEM iiPad] ],BANK_NAME: yaseAbsa $$ SHOPPING_ITEM: iiPad,xho
banking,balance,Please check that I have enough money in the Time Bank to buy a cabinet.,"50:62:SL:BANK_NAME,74:83:SL:SHOPPING_ITEM",[IN:balance [SL:BANK_NAME kwaTyme Bank] [SL:SHOPPING_ITEM ikhabhati] ],BANK_NAME: kwaTyme Bank $$ SHOPPING_ITEM: ikhabhati,xho
banking,balance,You can check if I have enough money in the Time Bank to buy a new coat.,"54:66:SL:BANK_NAME,81:90:SL:SHOPPING_ITEM",[IN:balance [SL:BANK_NAME kwaTyme Bank] [SL:SHOPPING_ITEM ikhabhati] ],BANK_NAME: kwaTyme Bank $$ SHOPPING_ITEM: ikhabhati,xho
banking,balance,How much money is left in my Old Mutual bank account?,50:65:SL:BANK_NAME,[IN:balance [SL:BANK_NAME yakwaOld Mutual] ],BANK_NAME: yakwaOld Mutual,xho
banking,balance,Can you check my Old Mutual account?,59:74:SL:BANK_NAME,[IN:balance [SL:BANK_NAME yakwaOld Mutual] ],BANK_NAME: yakwaOld Mutual,xho
banking,balance,How much money do I have in my Investec account?,35:48:SL:BANK_NAME,[IN:balance [SL:BANK_NAME yakwaInvestec] ],BANK_NAME: yakwaInvestec,xho
banking,balance,Please check how much money I have at Investec.,38:49:SL:BANK_NAME,[IN:balance [SL:BANK_NAME kwaInvestec] ],BANK_NAME: kwaInvestec,xho
banking,balance,Do I have any money left in my Investec account?,52:65:SL:BANK_NAME,[IN:balance [SL:BANK_NAME yakwaInvestec] ],BANK_NAME: yakwaInvestec,xho
banking,balance,Do I have any money in First Rand?,29:40:SL:BANK_NAME,[IN:balance [SL:BANK_NAME eFirst Rand] ],BANK_NAME: eFirst Rand,xho
banking,balance,Do I have money in Nedcor?,14:21:SL:BANK_NAME,[IN:balance [SL:BANK_NAME eNedcor] ],BANK_NAME: eNedcor,xho
banking,balance,How much money is left in my Gensec Bank account?,40:55:SL:BANK_NAME,[IN:balance [SL:BANK_NAME yaseGensec Bank] ],BANK_NAME: yaseGensec Bank,xho
banking,balance,Do I still have money in the Rand Merchant Bank?,19:38:SL:BANK_NAME,[IN:balance [SL:BANK_NAME eRand Merchant Bank] ],BANK_NAME: eRand Merchant Bank,xho
banking,balance,Do I have a bank account?,14:22:SL:BANK_NAME,[IN:balance [SL:BANK_NAME eseUBank] ],BANK_NAME: eseUBank,xho
banking,balance,Can you check how much money is left in my Absa account?,45:53:SL:BANK_NAME,[IN:balance [SL:BANK_NAME yaseAbsa] ],BANK_NAME: yaseAbsa,xho
banking,balance,Please check my Nedbank account.,55:66:SL:BANK_NAME,[IN:balance [SL:BANK_NAME yaseNedbank] ],BANK_NAME: yaseNedbank,xho
banking,balance,Can you check my savings account in Timebank for me?,"30:56:SL:ACCOUNT_TYPE,57:70:SL:BANK_NAME",[IN:balance [SL:ACCOUNT_TYPE iakhawunti yam yogcinomali] [SL:BANK_NAME uyaseTymebank] ],ACCOUNT_TYPE: iakhawunti yam yogcinomali $$ BANK_NAME: uyaseTymebank,xho
banking,balance,"After buying a $500 pair of shoes, how much money do I have left in the bank?",26:32:SL:MONEY,[IN:balance [SL:MONEY seR500] ],MONEY: seR500,xho
banking,balance,How much money do I have left to pay off the debt to Absa?,56:64:SL:BANK_NAME,[IN:balance [SL:BANK_NAME laseAbsa] ],BANK_NAME: laseAbsa,xho
banking,balance,How much money is left on my Telkom account?,34:57:SL:BILL_TYPE,[IN:balance [SL:BILL_TYPE kwityala lam laseTelkom] ],BILL_TYPE: kwityala lam laseTelkom,xho
banking,balance,Please check how much I have to pay at Vodacom.,,[IN:balance ],,xho
banking,balance,Can you ask me in Absa how much money I have earned from my investment?,23:28:SL:BANK_NAME,[IN:balance [SL:BANK_NAME eAbsa] ],BANK_NAME: eAbsa,xho
banking,balance,How much money has been added to my savings account?,36:64:SL:ACCOUNT_TYPE,[IN:balance [SL:ACCOUNT_TYPE kwiakhawunti yam yogcinomali] ],ACCOUNT_TYPE: kwiakhawunti yam yogcinomali,xho
banking,balance,How much money do I have left in the bank?,,[IN:balance ],,xho
banking,balance,Do I have any money left in the bank?,,[IN:balance ],,xho
banking,balance,"After the car pulls over, do I have any money left in the bank?",,[IN:balance ],,xho
banking,balance,Do I have enough money in the bank to buy a ticket to the ball?,,[IN:balance ],,xho
banking,balance,Can you check if I have enough money in the bank to buy a phone?,,[IN:balance ],,xho
banking,balance,Would I have enough money in the bank to pay the contribution?,,[IN:balance ],,xho
banking,balance,"Is my bank account up to $5,000?",15:24:SL:MONEY,[IN:balance [SL:MONEY kwiR5 000] ],MONEY: kwiR5 000,xho
banking,balance,"Could I afford to buy a $1,000 refrigerator with my savings?","34:48:SL:SHOPPING_ITEM,49:57:SL:MONEY",[IN:balance [SL:SHOPPING_ITEM isikhenkcezisi] [SL:MONEY seR7 000] ],SHOPPING_ITEM: isikhenkcezisi $$ MONEY: seR7 000,xho
banking,balance,How much money is left in my Capitec account?,37:48:SL:BANK_NAME,[IN:balance [SL:BANK_NAME yaseCapitec] ],BANK_NAME: yaseCapitec,xho
banking,balance,How much money is left on my Truworths account?,36:60:SL:BILL_TYPE,[IN:balance [SL:BILL_TYPE iakhawunti yam yeempahla] ],BILL_TYPE: iakhawunti yam yeempahla,xho
banking,balance,Do I have any money left over from my mortgage?,,[IN:balance ],,xho
banking,balance,Will my account balance be enough to pay off my Absa loan?,"51:71:SL:BILL_TYPE,76:84:SL:BANK_NAME",[IN:balance [SL:BILL_TYPE ityala lemalimboleko] [SL:BANK_NAME yaseAbsa] ],BILL_TYPE: ityala lemalimboleko $$ BANK_NAME: yaseAbsa,xho
banking,balance,Please show me the money in my bank account.,,[IN:balance ],,xho
banking,balance,Can you show me the balance in my bank account?,,[IN:balance ],,xho
banking,balance,Can you check if there is any money left in my retirement account?,,[IN:balance ],,xho
banking,balance,"Could you see if I could buy a $1,000 TV with the money I have left in the bank?","48:51:SL:SHOPPING_ITEM,52:60:SL:MONEY",[IN:balance [SL:SHOPPING_ITEM iTV] [SL:MONEY yeR5 000] ],SHOPPING_ITEM: iTV $$ MONEY: yeR5 000,xho
banking,balance,Please check if I can pay Eskom the money in my savings account.,66:95:SL:ACCOUNT_TYPE,[IN:balance [SL:ACCOUNT_TYPE ikwiakhawunti yam yogcinomali] ],ACCOUNT_TYPE: ikwiakhawunti yam yogcinomali,xho
banking,balance,Please see if I can pay Nedbank with the money in my savings account in Absa.,"49:57:SL:BANK_NAME,73:98:SL:ACCOUNT_TYPE,99:104:SL:BANK_NAME",[IN:balance [SL:BANK_NAME iNedbank] [SL:ACCOUNT_TYPE akhawunti yam yogcinomali] [SL:BANK_NAME eAbsa] ],BANK_NAME: iNedbank $$ ACCOUNT_TYPE: akhawunti yam yogcinomali $$ BANK_NAME: eAbsa,xho
banking,balance,"Is my account balance more than $10,000?",41:51:SL:MONEY,[IN:balance [SL:MONEY kweR10 000] ],MONEY: kweR10 000,xho
banking,balance,Up to $500 in my Time Bank account?,"8:15:SL:MONEY,40:53:SL:BANK_NAME",[IN:balance [SL:MONEY kwiR500] [SL:BANK_NAME yaseTyme Bank] ],MONEY: kwiR500 $$ BANK_NAME: yaseTyme Bank,xho
banking,balance,Can you tell me the total amount of money I have in Capitec and Nedbank?,"46:54:SL:BANK_NAME,55:66:SL:BANK_NAME",[IN:balance [SL:BANK_NAME eCapitec] [SL:BANK_NAME naseNedbank] ],BANK_NAME: eCapitec $$ BANK_NAME: naseNedbank,xho
banking,balance,Do I have enough money in the bank for DSTV to withdraw $400?,"43:48:SL:BILL_TYPE,56:61:SL:MONEY",[IN:balance [SL:BILL_TYPE iDSTV] [SL:MONEY iR450] ],BILL_TYPE: iDSTV $$ MONEY: iR450,xho
banking,balance,Please check if I have enough money in the bank to pay MTN their R1 500?,"67:71:SL:BILL_TYPE,72:79:SL:MONEY",[IN:balance [SL:BILL_TYPE uMTN] [SL:MONEY iR1 500] ],BILL_TYPE: uMTN $$ MONEY: iR1 500,xho
banking,balance,Can you check my bank account to see if I have enough money to make a $500 MTN withdrawal?,92:99:SL:MONEY,[IN:balance [SL:MONEY iR1 500] ],MONEY: iR1 500,xho
banking,balance,Which Nedbank branch can I go to to check my account balance?,14:26:SL:BANK_NAME,[IN:balance [SL:BANK_NAME lakwaNedbank] ],BANK_NAME: lakwaNedbank,xho
banking,balance,"Can you check my bank account for $5,000?",38:47:SL:MONEY,[IN:balance [SL:MONEY kwiR5 000] ],MONEY: kwiR5 000,xho
banking,balance,Please check for me in Absa how much interest I received on my investment.,20:25:SL:BANK_NAME,[IN:balance [SL:BANK_NAME eAbsa] ],BANK_NAME: eAbsa,xho
banking,balance,Please check if I have money in my FNB account?,52:59:SL:BANK_NAME,[IN:balance [SL:BANK_NAME yaseFNB] ],BANK_NAME: yaseFNB,xho
banking,balance,Please look at the money I have in my FNB investment account.,"35:63:SL:ACCOUNT_TYPE,64:71:SL:BANK_NAME",[IN:balance [SL:ACCOUNT_TYPE kwiakhawunti yam yotyalomali] [SL:BANK_NAME yaseFNB] ],ACCOUNT_TYPE: kwiakhawunti yam yotyalomali $$ BANK_NAME: yaseFNB,xho
banking,balance,Can you check my FNB investment account?,"39:63:SL:ACCOUNT_TYPE,64:71:SL:BANK_NAME",[IN:balance [SL:ACCOUNT_TYPE kwiakhawunti yotyalomali] [SL:BANK_NAME yaseFNB] ],ACCOUNT_TYPE: kwiakhawunti yotyalomali $$ BANK_NAME: yaseFNB,xho
banking,balance,Can I have $200 in my Standard Bank account?,"25:29:SL:MONEY,47:64:SL:BANK_NAME",[IN:balance [SL:MONEY R700] [SL:BANK_NAME yaseStandard Bank] ],MONEY: R700 $$ BANK_NAME: yaseStandard Bank,xho
banking,balance,Please check that I have $700 in my Standard Bank account.,"40:51:SL:MONEY,69:86:SL:BANK_NAME",[IN:balance [SL:MONEY engangeR700] [SL:BANK_NAME yaseStandard Bank] ],MONEY: engangeR700 $$ BANK_NAME: yaseStandard Bank,xho
banking,balance,Please check if I have enough money in the bank to buy a $500 shirt.,"74:79:SL:SHOPPING_ITEM,80:88:SL:MONEY",[IN:balance [SL:SHOPPING_ITEM iteki] [SL:MONEY yeR1 500] ],SHOPPING_ITEM: iteki $$ MONEY: yeR1 500,xho
banking,balance,Can you check my bank account to see if I have enough money to buy a $500 ticket?,"76:81:SL:SHOPPING_ITEM,82:90:SL:MONEY",[IN:balance [SL:SHOPPING_ITEM iteki] [SL:MONEY yeR1 500] ],SHOPPING_ITEM: iteki $$ MONEY: yeR1 500,xho
banking,balance,Please check if I have enough money in the bank to buy a $50 sweater.,"72:77:SL:SHOPPING_ITEM,78:84:SL:MONEY",[IN:balance [SL:SHOPPING_ITEM ijezi] [SL:MONEY yeR250] ],SHOPPING_ITEM: ijezi $$ MONEY: yeR250,xho
banking,balance,Could you check my bank account to see if I have enough money to buy a $50 sweater?,82:88:SL:MONEY,[IN:balance [SL:MONEY yeR250] ],MONEY: yeR250,xho
banking,balance,"Do I have enough money in the bank to buy a $2,000 grocery?",56:64:SL:MONEY,[IN:balance [SL:MONEY yeR2 000] ],MONEY: yeR2 000,xho
banking,balance,"Please check if I have enough money in the bank to buy a $2,000 grocery.",78:86:SL:MONEY,[IN:balance [SL:MONEY yeR2 000] ],MONEY: yeR2 000,xho
banking,balance,Can I buy a ticket to Dubai with my money in the bank?,35:41:SL:COUNTRY,[IN:balance [SL:COUNTRY eDubai] ],COUNTRY: eDubai,xho
banking,balance,Please see if I can buy a ticket to Dubai with the money I have in the bank.,62:68:SL:CITY_OR_PROVINCE,[IN:balance [SL:CITY_OR_PROVINCE eDubai] ],CITY_OR_PROVINCE: eDubai,xho
banking,balance,Can I pay for a US visa with the money in my Absa account?,"28:38:SL:COUNTRY,75:83:SL:BANK_NAME",[IN:balance [SL:COUNTRY yaseMelika] [SL:BANK_NAME yaseAbsa] ],COUNTRY: yaseMelika $$ BANK_NAME: yaseAbsa,xho
banking,balance,Please see if I can pay my student loan with the money I have in the bank.,49:65:SL:BILL_TYPE,[IN:balance [SL:BILL_TYPE ityala lezifundo] ],BILL_TYPE: ityala lezifundo,xho
banking,balance,Can you see if I can pay my student loan with the money I have in the bank?,53:69:SL:BILL_TYPE,[IN:balance [SL:BILL_TYPE ityala lezifundo] ],BILL_TYPE: ityala lezifundo,xho
banking,balance,"Do I have more than $1,000 in the bank?",32:50:SL:MONEY,[IN:balance [SL:MONEY ingaphezukweR5 000] ],MONEY: ingaphezukweR5 000,xho
banking,balance,"Please check my bank account for $5,000.",51:69:SL:MONEY,[IN:balance [SL:MONEY ingaphezukweR5 000] ],MONEY: ingaphezukweR5 000,xho
banking,balance,How much money do I have left in Absa to pay off my loan?,"23:28:SL:BANK_NAME,44:69:SL:BILL_TYPE",[IN:balance [SL:BANK_NAME eAbsa] [SL:BILL_TYPE ityala lam lemali-mboleko] ],BANK_NAME: eAbsa $$ BILL_TYPE: ityala lam lemali-mboleko,xho
banking,balance,Please check how much money I have left to pay off my loan in Absa.,"64:89:SL:BILL_TYPE,90:95:SL:BANK_NAME",[IN:balance [SL:BILL_TYPE ityala lam lemali-mboleko] [SL:BANK_NAME eAbsa] ],BILL_TYPE: ityala lam lemali-mboleko $$ BANK_NAME: eAbsa,xho
banking,balance,Can I have enough money in the bank to buy a dinner with my friend?,51:68:SL:MEAL_PERIOD,[IN:balance [SL:MEAL_PERIOD isidlo sasebusuku] ],MEAL_PERIOD: isidlo sasebusuku,xho
banking,balance,How much money is left in my account to pay the BedShop bill?,59:77:SL:BILL_TYPE,[IN:balance [SL:BILL_TYPE ityala laseBedshop] ],BILL_TYPE: ityala laseBedshop,xho
banking,balance,"With this money in the bank, can I buy a car?",,[IN:balance ],,xho
banking,balance,Please see if I can buy a car with this money in the bank.,,[IN:balance ],,xho
banking,balance,Will I have enough money in the bank to buy a Macbook?,53:61:SL:SHOPPING_ITEM,[IN:balance [SL:SHOPPING_ITEM iMacbook] ],SHOPPING_ITEM: iMacbook,xho
banking,balance,Please check my bank account to see if I have enough money to buy a Macbook.,76:84:SL:SHOPPING_ITEM,[IN:balance [SL:SHOPPING_ITEM iMacbook] ],SHOPPING_ITEM: iMacbook,xho
banking,balance,Can I have money in the bank to pay for a vacation to Cape Town for two?,"49:57:SL:CITY_OR_PROVINCE,66:73:SL:NUMBER",[IN:balance [SL:CITY_OR_PROVINCE yaseKapa] [SL:NUMBER ababini] ],CITY_OR_PROVINCE: yaseKapa $$ NUMBER: ababini,xho
banking,balance,Please check if I have money in the bank to pay for two people to go on vacation to Cape Town.,"71:78:SL:NUMBER,87:95:SL:CITY_OR_PROVINCE",[IN:balance [SL:NUMBER ababini] [SL:CITY_OR_PROVINCE yaseKapa] ],NUMBER: ababini $$ CITY_OR_PROVINCE: yaseKapa,xho
banking,bill_balance,How much food do I owe this month?,"9:27:SL:BILL_TYPE,28:39:SL:DATE",[IN:bill_balance [SL:BILL_TYPE ityala lam lokutya] [SL:DATE lale nyanga] ],BILL_TYPE: ityala lam lokutya $$ DATE: lale nyanga,xho
banking,bill_balance,Were you able to pay the remaining $50 for the funeral?,40:44:SL:MONEY,[IN:bill_balance [SL:MONEY R450] ],MONEY: R450,xho
banking,bill_balance,Did you know that at funerals you have to pay off all your debts?,14:29:SL:BILL_TYPE,[IN:bill_balance [SL:BILL_TYPE kumasingcwabane] ],BILL_TYPE: kumasingcwabane,xho
banking,bill_balance,Can you just watch me pay off all my debts?,,[IN:bill_balance ],,xho
banking,bill_balance,How much does my business owe on gasoline bills?,,[IN:bill_balance ],,xho
banking,bill_balance,How much does my business have to pay to legally acquire the land?,,[IN:bill_balance ],,xho
banking,bill_balance,How much hospital bills do you have left?,36:59:SL:BILL_TYPE,[IN:bill_balance [SL:BILL_TYPE kwityala lasesibhedlele] ],BILL_TYPE: kwityala lasesibhedlele,xho
banking,bill_balance,Did you know that you could get it if you left some money on your travel bill?,,[IN:bill_balance ],,xho
banking,bill_balance,Please show me the amount of money I still owe on my hospital bills.,42:70:SL:BILL_TYPE,[IN:bill_balance [SL:BILL_TYPE kwityala lam laasesibhedlele] ],BILL_TYPE: kwityala lam laasesibhedlele,xho
banking,bill_balance,How much is the entry fee?,,[IN:bill_balance ],,xho
banking,bill_balance,"show me the money of the lottery, that I may enter into the race.",,[IN:bill_balance ],,xho
banking,bill_balance,"If you charge us for one hour, how much do we owe now?",29:39:SL:TIME,[IN:bill_balance [SL:TIME iyure enye] ],TIME: iyure enye,xho
banking,bill_balance,How much money do I owe to Eskom?,9:33:SL:BILL_TYPE,[IN:bill_balance [SL:BILL_TYPE imali endiyityala uEskom] ],BILL_TYPE: imali endiyityala uEskom,xho
banking,bill_balance,"I said I had settled the timber bill, but I hadn't, and you know how much I owe?",22:37:SL:BILL_TYPE,[IN:bill_balance [SL:BILL_TYPE ityala leenkuni] ],BILL_TYPE: ityala leenkuni,xho
banking,bill_balance,Please check my credit at Vodacom.,27:53:SL:BILL_TYPE,[IN:bill_balance [SL:BILL_TYPE ndityala malini kwaVodacom] ],BILL_TYPE: ndityala malini kwaVodacom,xho
banking,bill_balance,"How much do I owe to pay off the $11,000 phone bill?","46:61:SL:BILL_TYPE,62:71:SL:MONEY",[IN:bill_balance [SL:BILL_TYPE ityala lefowuni] [SL:MONEY leR11 000] ],BILL_TYPE: ityala lefowuni $$ MONEY: leR11 000,xho
banking,bill_balance,How much do I owe on my cell phone bill?,23:44:SL:BILL_TYPE,[IN:bill_balance [SL:BILL_TYPE kwityala lam lefowuni] ],BILL_TYPE: kwityala lam lefowuni,xho
banking,bill_balance,He asked Maria when she would pay off her remaining debt.,11:17:SL:PERSONAL_NAME,[IN:bill_balance [SL:PERSONAL_NAME uMaria] ],PERSONAL_NAME: uMaria,xho
banking,bill_balance,Please pay the remaining $500 on your mortgage.,"15:20:SL:MONEY,34:55:SL:BILL_TYPE",[IN:bill_balance [SL:MONEY iR500] [SL:BILL_TYPE kwityala lakho lendlu] ],MONEY: iR500 $$ BILL_TYPE: kwityala lakho lendlu,xho
banking,bill_balance,Can you pay the last $500 of your mortgage?,"21:26:SL:MONEY,39:60:SL:BILL_TYPE",[IN:bill_balance [SL:MONEY iR500] [SL:BILL_TYPE kwityala lakho lendlu] ],MONEY: iR500 $$ BILL_TYPE: kwityala lakho lendlu,xho
banking,bill_balance,Who is responsible for paying the outstanding mortgage?,31:47:SL:BILL_TYPE,[IN:bill_balance [SL:BILL_TYPE ityala leempahla] ],BILL_TYPE: ityala leempahla,xho
banking,bill_balance,Please inform me of this month's water bill.,"15:31:SL:BILL_TYPE,32:43:SL:DATE",[IN:bill_balance [SL:BILL_TYPE ngetyala lamanzi] [SL:DATE lale nyanga] ],BILL_TYPE: ngetyala lamanzi $$ DATE: lale nyanga,xho
banking,bill_balance,Isn't it your job to tell me how much my water bill is this month?,"46:64:SL:BILL_TYPE,65:75:SL:DATE",[IN:bill_balance [SL:BILL_TYPE ityala lam lamanzi] [SL:DATE ale nyanga] ],BILL_TYPE: ityala lam lamanzi $$ DATE: ale nyanga,xho
banking,bill_balance,Can you tell me how much I owe on my phone?,34:62:SL:BILL_TYPE,[IN:bill_balance [SL:BILL_TYPE imali endiyityalayo yefowuni] ],BILL_TYPE: imali endiyityalayo yefowuni,xho
banking,bill_balance,Have you finished looking at my balance to pay off my car?,,[IN:bill_balance ],,xho
banking,bill_balance,How much was I charged on my credit card each month?,44:67:SL:BILL_TYPE,[IN:bill_balance [SL:BILL_TYPE kwikhadi lam lekhrediti] ],BILL_TYPE: kwikhadi lam lekhrediti,xho
banking,bill_balance,I'm looking at my electric bill for the past month.,"25:43:SL:BILL_TYPE,44:65:SL:DATE",[IN:bill_balance [SL:BILL_TYPE ityala lam lombane] [SL:DATE lalenyanga iphelileyo] ],BILL_TYPE: ityala lam lombane $$ DATE: lalenyanga iphelileyo,xho
banking,bill_balance,How much debt does he have?,,[IN:bill_balance ],,xho
banking,bill_balance,Did they tell you at the party how much you owe?,,[IN:bill_balance ],,xho
banking,bill_balance,What are your flaws in the system?,,[IN:bill_balance ],,xho
banking,bill_balance,Do you have any idea how much money I have left to finish paying for Home Choice clothes?,69:92:SL:BILL_TYPE,[IN:bill_balance [SL:BILL_TYPE iingubo zikaHome Choice] ],BILL_TYPE: iingubo zikaHome Choice,xho
banking,bill_balance,Please let me know how much money is left over so that I can pay off the Home Choice clothing debt.,51:66:SL:BILL_TYPE,[IN:bill_balance [SL:BILL_TYPE ityala leengubo] ],BILL_TYPE: ityala leengubo,xho
banking,bill_balance,Please tell me what are my father's gaps in the wall.,,[IN:bill_balance ],,xho
banking,bill_balance,How much is my mortgage?,9:37:SL:BILL_TYPE,[IN:bill_balance [SL:BILL_TYPE ityala lam lendawo yokuhlala] ],BILL_TYPE: ityala lam lendawo yokuhlala,xho
banking,bill_balance,How much do I owe this month in sheep money?,"16:27:SL:DATE,36:44:SL:DISH_OR_FOOD",[IN:bill_balance [SL:DATE kule nyanga] [SL:DISH_OR_FOOD yeegusha] ],DATE: kule nyanga $$ DISH_OR_FOOD: yeegusha,xho
banking,bill_balance,How much money do I have left to pay off the sheep I bought?,,[IN:bill_balance ],,xho
banking,bill_balance,Where can I pay the remaining books?,,[IN:bill_balance ],,xho
banking,bill_balance,How much is left on my student loan?,17:39:SL:BILL_TYPE,[IN:bill_balance [SL:BILL_TYPE kwityala lam lokufunda] ],BILL_TYPE: kwityala lam lokufunda,xho
banking,bill_balance,Please help me pay my student loan.,31:51:SL:BILL_TYPE,[IN:bill_balance [SL:BILL_TYPE ityala lam lokufunda] ],BILL_TYPE: ityala lam lokufunda,xho
banking,bill_balance,How much do I have to pay to cover the cost of the items?,46:65:SL:BILL_TYPE,[IN:bill_balance [SL:BILL_TYPE eli tyala leempahla] ],BILL_TYPE: eli tyala leempahla,xho
banking,bill_balance,Please help me pay the remaining $500 in DSTV debt.,"29:35:SL:MONEY,49:64:SL:BILL_TYPE",[IN:bill_balance [SL:MONEY leR500] [SL:BILL_TYPE kwityala leDSTV] ],MONEY: leR500 $$ BILL_TYPE: kwityala leDSTV,xho
banking,bill_balance,Please inform the parents of the students about the remaining fees.,,[IN:bill_balance ],,xho
banking,bill_balance,Can you help me pay the remaining tuition?,,[IN:bill_balance ],,xho
banking,bill_balance,Please tell me how much I should pay to complete the loan.,62:75:SL:BILL_TYPE,[IN:bill_balance [SL:BILL_TYPE ityala lendly] ],BILL_TYPE: ityala lendly,xho
banking,bill_balance,Please tell me how much I owe to cover the cost of the clothes.,55:71:SL:BILL_TYPE,[IN:bill_balance [SL:BILL_TYPE ityala leempahla] ],BILL_TYPE: ityala leempahla,xho
banking,bill_balance,How much do I owe on the furniture bill?,23:42:SL:BILL_TYPE,[IN:bill_balance [SL:BILL_TYPE kwityala lefenitsha] ],BILL_TYPE: kwityala lefenitsha,xho
banking,bill_balance,Can you explain to me how much I owe on the furniture bill?,44:63:SL:BILL_TYPE,[IN:bill_balance [SL:BILL_TYPE kwityala lefenitsha] ],BILL_TYPE: kwityala lefenitsha,xho
banking,bill_balance,Do I still have to pay back the money I borrowed?,,[IN:bill_balance ],,xho
banking,bill_balance,"Can you explain to me how I owe $15,000 but pay back five years of the $20,000?","48:56:SL:MONEY,74:91:SL:DATE,97:104:SL:MONEY",[IN:bill_balance [SL:MONEY iR15 000] [SL:DATE iminyaka emihlanu] [SL:MONEY R20 000] ],MONEY: iR15 000 $$ DATE: iminyaka emihlanu $$ MONEY: R20 000,xho
banking,bill_balance,Please advise me on how to pay this outstanding debt.,,[IN:bill_balance ],,xho
banking,bill_balance,How much do I owe on my mortgage?,23:38:SL:BILL_TYPE,[IN:bill_balance [SL:BILL_TYPE kwityala lendlu] ],BILL_TYPE: kwityala lendlu,xho
banking,bill_balance,How much do I owe on my car loan?,23:38:SL:BILL_TYPE,[IN:bill_balance [SL:BILL_TYPE kwityala lemoto] ],BILL_TYPE: kwityala lemoto,xho
banking,bill_balance,Bring details describing our food bill to the restaurant.,,[IN:bill_balance ],,xho
banking,bill_balance,Please explain to me the amount of the debt.,,[IN:bill_balance ],,xho
banking,bill_balance,Please advise me on how to pay this car loan.,40:70:SL:BILL_TYPE,[IN:bill_balance [SL:BILL_TYPE eli tyala selishiyekile lemoto] ],BILL_TYPE: eli tyala selishiyekile lemoto,xho
banking,bill_balance,How much money is left over from the money I had saved for shoes?,,[IN:bill_balance ],,xho
banking,bill_balance,Can you look at my municipal debt?,24:47:SL:BILL_TYPE,[IN:bill_balance [SL:BILL_TYPE ityala lam lakwamaspala] ],BILL_TYPE: ityala lam lakwamaspala,xho
banking,bill_balance,Do you have any idea how much I have to pay for the tickets?,,[IN:bill_balance ],,xho
banking,bill_balance,Please let me know how much my employer owes me.,,[IN:bill_balance ],,xho
banking,bill_balance,Can you count the money I'm spending with my employer?,,[IN:bill_balance ],,xho
banking,bill_balance,How much do I contribute to the church?,,[IN:bill_balance ],,xho
banking,bill_balance,Do you know how much money people have left in the church to settle their debts with me?,,[IN:bill_balance ],,xho
banking,bill_balance,How much does it cost to rent a car from Mthatha to Dutywa?,"32:40:SL:CITY_OR_PROVINCE,45:52:SL:CITY_OR_PROVINCE",[IN:bill_balance [SL:CITY_OR_PROVINCE eMthatha] [SL:CITY_OR_PROVINCE eDutywa] ],CITY_OR_PROVINCE: eMthatha $$ CITY_OR_PROVINCE: eDutywa,xho
banking,bill_balance,How much should I pay to quote the reservation fee for this upcoming tour?,,[IN:bill_balance ],,xho
banking,bill_balance,Please advise me on how to pay for a Dubai tour.,53:63:SL:COUNTRY,[IN:bill_balance [SL:COUNTRY lwaseDubai] ],COUNTRY: lwaseDubai,xho
banking,bill_balance,Can you tell me how much I should pay to book this upcoming trip?,,[IN:bill_balance ],,xho
banking,bill_balance,Please put me on the list of people who want to know their debts.,,[IN:bill_balance ],,xho
banking,bill_balance,Can you put me on the list of people who want to know their debts?,,[IN:bill_balance ],,xho
banking,bill_balance,Who can help me to know how much I have left on the chair bill.,47:64:SL:BILL_TYPE,[IN:bill_balance [SL:BILL_TYPE kwityala lezitulo] ],BILL_TYPE: kwityala lezitulo,xho
banking,bill_balance,Please let me know who can help me with the details of my chair loan.,51:71:SL:BILL_TYPE,[IN:bill_balance [SL:BILL_TYPE zetyala lam zezitulo] ],BILL_TYPE: zetyala lam zezitulo,xho
banking,bill_balance,How much do I have to pay now to get my glasses off?,,[IN:bill_balance ],,xho
banking,bill_balance,Do you have any idea where I'm paying the rest of the TV bill?,48:71:SL:BILL_TYPE,[IN:bill_balance [SL:BILL_TYPE kwityala likamabonakude] ],BILL_TYPE: kwityala likamabonakude,xho
banking,bill_balance,How much money does he have left in the bank after spending so much?,,[IN:bill_balance ],,xho
banking,bill_balance,I would like to know how much money is left on my credit card.,,[IN:bill_balance ],,xho
banking,bill_balance,Please show me the balance on the PnP account card.,,[IN:bill_balance ],,xho
banking,bill_balance,Please let me know how much I should pay to complete my contribution.,52:72:SL:BILL_TYPE,[IN:bill_balance [SL:BILL_TYPE ityala lam lomgalelo] ],BILL_TYPE: ityala lam lomgalelo,xho
banking,bill_balance,How much is left on my gym bill?,23:46:SL:BILL_TYPE,[IN:bill_balance [SL:BILL_TYPE kwityala lam lasejimini] ],BILL_TYPE: kwityala lam lasejimini,xho
banking,bill_balance,Please show me the money that I have left on my gym bill.,40:63:SL:BILL_TYPE,[IN:bill_balance [SL:BILL_TYPE kwityala lam lasejimini] ],BILL_TYPE: kwityala lam lasejimini,xho
banking,bill_balance,"How much do I owe you this month, brother?",18:29:SL:DATE,[IN:bill_balance [SL:DATE kule nyanga] ],DATE: kule nyanga,xho
banking,bill_balance,I would like to help pay the remaining amount of money I owe my brother.,,[IN:bill_balance ],,xho
banking,freeze_account,How do I close my Absa account?,49:59:SL:BANK_NAME,[IN:freeze_account [SL:BANK_NAME yakwa-Absa] ],BANK_NAME: yakwa-Absa,xho
banking,freeze_account,What should I do if I want to close my Nedbank account?,49:62:SL:BANK_NAME,[IN:freeze_account [SL:BANK_NAME yakwa-Nedbank] ],BANK_NAME: yakwa-Nedbank,xho
banking,freeze_account,What if I want to close my Standard Bank account?,49:67:SL:BANK_NAME,[IN:freeze_account [SL:BANK_NAME yakwa-Standardbank] ],BANK_NAME: yakwa-Standardbank,xho
banking,freeze_account,What if I want to close my Africanbank account?,49:66:SL:BANK_NAME,[IN:freeze_account [SL:BANK_NAME yakwa-Africanbank] ],BANK_NAME: yakwa-Africanbank,xho
banking,freeze_account,Close my Capitec savings bank this very minute.,33:45:SL:BANK_NAME,[IN:freeze_account [SL:BANK_NAME yase-Capitec] ],BANK_NAME: yase-Capitec,xho
banking,freeze_account,Close my Nedbank savings account this very minute.,33:45:SL:BANK_NAME,[IN:freeze_account [SL:BANK_NAME yase-Nedbank] ],BANK_NAME: yase-Nedbank,xho
banking,freeze_account,Close my Discovery savings bank this very minute.,33:46:SL:BANK_NAME,[IN:freeze_account [SL:BANK_NAME yase-Dicovery] ],BANK_NAME: yase-Dicovery,xho
banking,freeze_account,Close my Old Mutual savings account right now.,33:48:SL:BANK_NAME,[IN:freeze_account [SL:BANK_NAME yase-Old Mutual] ],BANK_NAME: yase-Old Mutual,xho
banking,freeze_account,Close my FNB savings bank this very minute.,33:41:SL:BANK_NAME,[IN:freeze_account [SL:BANK_NAME yase-FNB] ],BANK_NAME: yase-FNB,xho
banking,freeze_account,Close my Absa savings bank at this very moment.,33:42:SL:BANK_NAME,[IN:freeze_account [SL:BANK_NAME yase-Absa] ],BANK_NAME: yase-Absa,xho
banking,freeze_account,Close my Tymebank savings account at this very moment.,33:46:SL:BANK_NAME,[IN:freeze_account [SL:BANK_NAME yase-Tymebank] ],BANK_NAME: yase-Tymebank,xho
banking,freeze_account,Close my Standard Bank savings account this very minute.,"5:32:SL:ACCOUNT_TYPE,33:50:SL:BANK_NAME",[IN:freeze_account [SL:ACCOUNT_TYPE ibhanki yam yokugcina imali] [SL:BANK_NAME yase-Standardbank] ],ACCOUNT_TYPE: ibhanki yam yokugcina imali $$ BANK_NAME: yase-Standardbank,xho
banking,freeze_account,Close my First Rand savings bank at once.,33:48:SL:BANK_NAME,[IN:freeze_account [SL:BANK_NAME yase-First Rand] ],BANK_NAME: yase-First Rand,xho
banking,freeze_account,Close my Africanbank savings account immediately.,33:49:SL:BANK_NAME,[IN:freeze_account [SL:BANK_NAME yase-Africanbank] ],BANK_NAME: yase-Africanbank,xho
banking,freeze_account,How do I do if I want to close my FNB account?,49:58:SL:BANK_NAME,[IN:freeze_account [SL:BANK_NAME yakwa-FNB] ],BANK_NAME: yakwa-FNB,xho
banking,freeze_account,What if I want to close my Capitec account?,49:62:SL:BANK_NAME,[IN:freeze_account [SL:BANK_NAME yakwa-Capitec] ],BANK_NAME: yakwa-Capitec,xho
banking,freeze_account,You can suspend my Capitec account.,26:39:SL:BANK_NAME,[IN:freeze_account [SL:BANK_NAME yakwa-Capitec] ],BANK_NAME: yakwa-Capitec,xho
banking,freeze_account,You can close my Nedbank account.,26:39:SL:BANK_NAME,[IN:freeze_account [SL:BANK_NAME yakwa-Nedbank] ],BANK_NAME: yakwa-Nedbank,xho
banking,freeze_account,You can suspend my FNB account.,26:35:SL:BANK_NAME,[IN:freeze_account [SL:BANK_NAME yakwa-FNB] ],BANK_NAME: yakwa-FNB,xho
banking,freeze_account,You can close my Tymebank account.,26:40:SL:BANK_NAME,[IN:freeze_account [SL:BANK_NAME yakwa-Tymebank] ],BANK_NAME: yakwa-Tymebank,xho
banking,freeze_account,You can close my Africanbank account.,26:43:SL:BANK_NAME,[IN:freeze_account [SL:BANK_NAME yakwa-Africanbank] ],BANK_NAME: yakwa-Africanbank,xho
banking,freeze_account,You can close my Standard Bank account.,26:44:SL:BANK_NAME,[IN:freeze_account [SL:BANK_NAME yakwa-Standardbank] ],BANK_NAME: yakwa-Standardbank,xho
banking,freeze_account,You can suspend my Absa account.,26:36:SL:BANK_NAME,[IN:freeze_account [SL:BANK_NAME yakwa-Absa] ],BANK_NAME: yakwa-Absa,xho
banking,freeze_account,You can close my First Rand account.,26:42:SL:BANK_NAME,[IN:freeze_account [SL:BANK_NAME yakwa-First Rand] ],BANK_NAME: yakwa-First Rand,xho
banking,freeze_account,You can close my Old Mutual account.,26:42:SL:BANK_NAME,[IN:freeze_account [SL:BANK_NAME yakwa-Old Mutual] ],BANK_NAME: yakwa-Old Mutual,xho
banking,freeze_account,Please set up my Old Mutual account.,31:47:SL:BANK_NAME,[IN:freeze_account [SL:BANK_NAME yakwa-Old Mutual] ],BANK_NAME: yakwa-Old Mutual,xho
banking,freeze_account,Please set up my First Rand account.,31:47:SL:BANK_NAME,[IN:freeze_account [SL:BANK_NAME yakwa-First Rand] ],BANK_NAME: yakwa-First Rand,xho
banking,freeze_account,Please set up my Capitec account.,31:44:SL:BANK_NAME,[IN:freeze_account [SL:BANK_NAME yakwa-Capitec] ],BANK_NAME: yakwa-Capitec,xho
banking,freeze_account,Please set up my Absa account.,31:41:SL:BANK_NAME,[IN:freeze_account [SL:BANK_NAME yakwa-Absa] ],BANK_NAME: yakwa-Absa,xho
banking,freeze_account,Please set up my FNB account.,31:40:SL:BANK_NAME,[IN:freeze_account [SL:BANK_NAME yakwa-FNB] ],BANK_NAME: yakwa-FNB,xho
banking,freeze_account,Please set up my Standard Bank account.,31:49:SL:BANK_NAME,[IN:freeze_account [SL:BANK_NAME yakwa-Standardbank] ],BANK_NAME: yakwa-Standardbank,xho
banking,freeze_account,Please set up my Africanbank account.,31:48:SL:BANK_NAME,[IN:freeze_account [SL:BANK_NAME yakwa-Africanbank] ],BANK_NAME: yakwa-Africanbank,xho
banking,freeze_account,Please set up my Tymebank account.,31:45:SL:BANK_NAME,[IN:freeze_account [SL:BANK_NAME yakwa-Tymebank] ],BANK_NAME: yakwa-Tymebank,xho
banking,freeze_account,Please set up my Nedbank account.,31:44:SL:BANK_NAME,[IN:freeze_account [SL:BANK_NAME yakwa-Nedbank] ],BANK_NAME: yakwa-Nedbank,xho
banking,freeze_account,Please stop all transactions from my Nedbank savings account.,"42:67:SL:ACCOUNT_TYPE,68:81:SL:BANK_NAME",[IN:freeze_account [SL:ACCOUNT_TYPE kwi-akhawunti yam yokonga] [SL:BANK_NAME yakwa-Nedbank] ],ACCOUNT_TYPE: kwi-akhawunti yam yokonga $$ BANK_NAME: yakwa-Nedbank,xho
banking,freeze_account,Please stop all transactions from my Capitec savings account.,"42:67:SL:ACCOUNT_TYPE,68:81:SL:BANK_NAME",[IN:freeze_account [SL:ACCOUNT_TYPE kwi-akhawunti yam yokonga] [SL:BANK_NAME yakwa-Capitec] ],ACCOUNT_TYPE: kwi-akhawunti yam yokonga $$ BANK_NAME: yakwa-Capitec,xho
banking,freeze_account,Please stop all transactions on my FNB savings account.,"42:67:SL:ACCOUNT_TYPE,68:77:SL:BANK_NAME",[IN:freeze_account [SL:ACCOUNT_TYPE kwi-akhawunti yam yokonga] [SL:BANK_NAME yakwa-FNB] ],ACCOUNT_TYPE: kwi-akhawunti yam yokonga $$ BANK_NAME: yakwa-FNB,xho
banking,freeze_account,Please stop all transactions from my Absa savings account.,"42:67:SL:ACCOUNT_TYPE,68:78:SL:BANK_NAME",[IN:freeze_account [SL:ACCOUNT_TYPE kwi-akhawunti yam yokonga] [SL:BANK_NAME yakwa-Absa] ],ACCOUNT_TYPE: kwi-akhawunti yam yokonga $$ BANK_NAME: yakwa-Absa,xho
banking,freeze_account,Please stop all transactions from my Standard Bank savings account.,"42:67:SL:ACCOUNT_TYPE,68:86:SL:BANK_NAME",[IN:freeze_account [SL:ACCOUNT_TYPE kwi-akhawunti yam yokonga] [SL:BANK_NAME yakwa-Standardbank] ],ACCOUNT_TYPE: kwi-akhawunti yam yokonga $$ BANK_NAME: yakwa-Standardbank,xho
banking,freeze_account,Please stop all transactions from my Tymebank savings account.,"42:67:SL:ACCOUNT_TYPE,68:82:SL:BANK_NAME",[IN:freeze_account [SL:ACCOUNT_TYPE kwi-akhawunti yam yokonga] [SL:BANK_NAME yakwa-Tymebank] ],ACCOUNT_TYPE: kwi-akhawunti yam yokonga $$ BANK_NAME: yakwa-Tymebank,xho
banking,freeze_account,Please stop all transactions from my First Rand savings account.,"42:67:SL:ACCOUNT_TYPE,68:84:SL:BANK_NAME",[IN:freeze_account [SL:ACCOUNT_TYPE kwi-akhawunti yam yokonga] [SL:BANK_NAME yakwa-First Rand] ],ACCOUNT_TYPE: kwi-akhawunti yam yokonga $$ BANK_NAME: yakwa-First Rand,xho
banking,freeze_account,Please stop all transactions from my Old Mutual savings account.,"42:67:SL:ACCOUNT_TYPE,68:84:SL:BANK_NAME",[IN:freeze_account [SL:ACCOUNT_TYPE kwi-akhawunti yam yokonga] [SL:BANK_NAME yakwa-Old Mutual] ],ACCOUNT_TYPE: kwi-akhawunti yam yokonga $$ BANK_NAME: yakwa-Old Mutual,xho
banking,freeze_account,Please stop all transactions from my Africanbank savings account.,"42:67:SL:ACCOUNT_TYPE,68:85:SL:BANK_NAME",[IN:freeze_account [SL:ACCOUNT_TYPE kwi-akhawunti yam yokonga] [SL:BANK_NAME yakwa-Africanbank] ],ACCOUNT_TYPE: kwi-akhawunti yam yokonga $$ BANK_NAME: yakwa-Africanbank,xho
banking,freeze_account,Please stop all transactions from my Discoverybank savings account.,"42:67:SL:ACCOUNT_TYPE,68:87:SL:BANK_NAME",[IN:freeze_account [SL:ACCOUNT_TYPE kwi-akhawunti yam yokonga] [SL:BANK_NAME yakwa-Discoverybank] ],ACCOUNT_TYPE: kwi-akhawunti yam yokonga $$ BANK_NAME: yakwa-Discoverybank,xho
banking,freeze_account,What if I want to close my Tymebank account?,49:63:SL:BANK_NAME,[IN:freeze_account [SL:BANK_NAME yakwa-Tymebank] ],BANK_NAME: yakwa-Tymebank,xho
banking,freeze_account,What if I want to close my First Rand account?,49:65:SL:BANK_NAME,[IN:freeze_account [SL:BANK_NAME yakwa-First Rand] ],BANK_NAME: yakwa-First Rand,xho
banking,freeze_account,What if I want to close my Discovery bank account?,49:69:SL:BANK_NAME,[IN:freeze_account [SL:BANK_NAME yakwa-Discovery bank] ],BANK_NAME: yakwa-Discovery bank,xho
banking,freeze_account,What if I want to close my Old Mutual account?,49:65:SL:BANK_NAME,[IN:freeze_account [SL:BANK_NAME yakwa-Old Mutual] ],BANK_NAME: yakwa-Old Mutual,xho
banking,freeze_account,What should I do if I want to close my Investec account?,49:63:SL:BANK_NAME,[IN:freeze_account [SL:BANK_NAME yakwa-Investec] ],BANK_NAME: yakwa-Investec,xho
banking,freeze_account,What should I do if I want to close my Bidvest bank account?,49:67:SL:BANK_NAME,[IN:freeze_account [SL:BANK_NAME yakwa-Bidvest bank] ],BANK_NAME: yakwa-Bidvest bank,xho
banking,freeze_account,I'm asking you to immediately close my Discovery bank account.,52:73:SL:BANK_NAME,[IN:freeze_account [SL:BANK_NAME yakwa- Discovery bank] ],BANK_NAME: yakwa- Discovery bank,xho
banking,freeze_account,I'd like you to immediately close my Nedbank account.,52:65:SL:BANK_NAME,[IN:freeze_account [SL:BANK_NAME yakwa-Nedbank] ],BANK_NAME: yakwa-Nedbank,xho
banking,freeze_account,I need you to immediately close my Capitec bank account.,52:66:SL:BANK_NAME,[IN:freeze_account [SL:BANK_NAME yakwa- Capitec] ],BANK_NAME: yakwa- Capitec,xho
banking,freeze_account,I would like you to immediately close my FNB bank account.,52:62:SL:BANK_NAME,[IN:freeze_account [SL:BANK_NAME yakwa- FNB] ],BANK_NAME: yakwa- FNB,xho
banking,freeze_account,I need you to close my Absa bank account immediately.,52:63:SL:BANK_NAME,[IN:freeze_account [SL:BANK_NAME yakwa- Absa] ],BANK_NAME: yakwa- Absa,xho
banking,freeze_account,I'd like you to immediately close my Standard Bank account.,52:71:SL:BANK_NAME,[IN:freeze_account [SL:BANK_NAME yakwa- Standardbank] ],BANK_NAME: yakwa- Standardbank,xho
banking,freeze_account,I'm asking you to immediately close my Old Mutual bank account.,52:69:SL:BANK_NAME,[IN:freeze_account [SL:BANK_NAME yakwa- Old Mutual] ],BANK_NAME: yakwa- Old Mutual,xho
banking,freeze_account,I would like to have my First Rand bank account closed immediately.,52:69:SL:BANK_NAME,[IN:freeze_account [SL:BANK_NAME yakwa- First Rand] ],BANK_NAME: yakwa- First Rand,xho
banking,freeze_account,I want you to immediately close my Africanbank account.,52:70:SL:BANK_NAME,[IN:freeze_account [SL:BANK_NAME yakwa- Africanbank] ],BANK_NAME: yakwa- Africanbank,xho
banking,freeze_account,I'd like you to immediately close my Tymebank bank account.,52:67:SL:BANK_NAME,[IN:freeze_account [SL:BANK_NAME yakwa- Tymebank] ],BANK_NAME: yakwa- Tymebank,xho
banking,freeze_account,Please force my Nedbank account to be suspended.,31:44:SL:BANK_NAME,[IN:freeze_account [SL:BANK_NAME yakwa-Nedbank] ],BANK_NAME: yakwa-Nedbank,xho
banking,freeze_account,Please force my Discovery account to be suspended.,31:46:SL:BANK_NAME,[IN:freeze_account [SL:BANK_NAME yakwa-Discovery] ],BANK_NAME: yakwa-Discovery,xho
banking,freeze_account,Please force my Old Mutual account to be suspended.,31:47:SL:BANK_NAME,[IN:freeze_account [SL:BANK_NAME yakwa-Old Mutual] ],BANK_NAME: yakwa-Old Mutual,xho
banking,freeze_account,Please force my Standard Bank account to be suspended.,31:49:SL:BANK_NAME,[IN:freeze_account [SL:BANK_NAME yakwa-Standardbank] ],BANK_NAME: yakwa-Standardbank,xho
banking,freeze_account,Please force my First Rand account to be suspended.,31:47:SL:BANK_NAME,[IN:freeze_account [SL:BANK_NAME yakwa-First Rand] ],BANK_NAME: yakwa-First Rand,xho
banking,freeze_account,Please force my Capitec account to be suspended.,31:44:SL:BANK_NAME,[IN:freeze_account [SL:BANK_NAME yakwa-Capitec] ],BANK_NAME: yakwa-Capitec,xho
banking,freeze_account,Please force the suspension of my Africanbank account.,31:48:SL:BANK_NAME,[IN:freeze_account [SL:BANK_NAME yakwa-Africanbank] ],BANK_NAME: yakwa-Africanbank,xho
banking,freeze_account,Please force my FNB account to be suspended.,31:40:SL:BANK_NAME,[IN:freeze_account [SL:BANK_NAME yakwa-FNB] ],BANK_NAME: yakwa-FNB,xho
banking,freeze_account,Please force my Tymebank account to be suspended.,31:45:SL:BANK_NAME,[IN:freeze_account [SL:BANK_NAME yakwa-Tymebank] ],BANK_NAME: yakwa-Tymebank,xho
banking,freeze_account,Please force my Absa account to be suspended.,31:41:SL:BANK_NAME,[IN:freeze_account [SL:BANK_NAME yakwa-Absa] ],BANK_NAME: yakwa-Absa,xho
banking,freeze_account,Please set up my Capitec bank account.,44:57:SL:BANK_NAME,[IN:freeze_account [SL:BANK_NAME yakwa-Capitec] ],BANK_NAME: yakwa-Capitec,xho
banking,freeze_account,Please set up my Discovery bank account',44:64:SL:BANK_NAME,[IN:freeze_account [SL:BANK_NAME yakwa-Discovery bank] ],BANK_NAME: yakwa-Discovery bank,xho
banking,freeze_account,Please set up my Nedbank account.,44:57:SL:BANK_NAME,[IN:freeze_account [SL:BANK_NAME yakwa-Nedbank] ],BANK_NAME: yakwa-Nedbank,xho
banking,freeze_account,Please set up my Standard Bank account.,44:62:SL:BANK_NAME,[IN:freeze_account [SL:BANK_NAME yakwa-Standardbank] ],BANK_NAME: yakwa-Standardbank,xho
banking,freeze_account,Please set up my Tymebank account.,44:58:SL:BANK_NAME,[IN:freeze_account [SL:BANK_NAME yakwa-Tymebank] ],BANK_NAME: yakwa-Tymebank,xho
banking,freeze_account,Please set up my FNB bank account.,44:53:SL:BANK_NAME,[IN:freeze_account [SL:BANK_NAME yakwa-FNB] ],BANK_NAME: yakwa-FNB,xho
banking,freeze_account,Please set up my Absa bank account.,44:54:SL:BANK_NAME,[IN:freeze_account [SL:BANK_NAME yakwa-Absa] ],BANK_NAME: yakwa-Absa,xho
banking,freeze_account,Please set up my Old Mutual bank account.,44:60:SL:BANK_NAME,[IN:freeze_account [SL:BANK_NAME yakwa-Old Mutual] ],BANK_NAME: yakwa-Old Mutual,xho
banking,freeze_account,Please set up my First Rand bank account.,44:60:SL:BANK_NAME,[IN:freeze_account [SL:BANK_NAME yakwa-First Rand] ],BANK_NAME: yakwa-First Rand,xho
banking,freeze_account,Please open my Africanbank account.,44:61:SL:BANK_NAME,[IN:freeze_account [SL:BANK_NAME yakwa-Africanbank] ],BANK_NAME: yakwa-Africanbank,xho
banking,interest_rate,"If you borrow money at age 32, how different is the interest rate from if you borrow it at age 23?","3:8:SL:NUMBER,65:70:SL:NUMBER",[IN:interest_rate [SL:NUMBER une32] [SL:NUMBER une23] ],NUMBER: une32 $$ NUMBER: une23,xho
banking,interest_rate,Is the interest rate on a loan at 20 different from that at 30?,"41:50:SL:NUMBER,58:65:SL:NUMBER",[IN:interest_rate [SL:NUMBER usenama20] [SL:NUMBER unama30] ],NUMBER: usenama20 $$ NUMBER: unama30,xho
banking,interest_rate,"If I invest money here, can I get interest?",,[IN:interest_rate ],,xho
banking,interest_rate,Please consult your interest rate and investment advice.,,[IN:interest_rate ],,xho
banking,interest_rate,Is there a difference between investing and saving money?,,[IN:interest_rate ],,xho
banking,interest_rate,What is the difference between investing and saving money?,,[IN:interest_rate ],,xho
banking,interest_rate,Is it true that investing has lower interest rates than borrowing money from a bank?,,[IN:interest_rate ],,xho
banking,interest_rate,Please explain the reality of lower interest rates for investing than for borrowing.,,[IN:interest_rate ],,xho
banking,interest_rate,Do older people get more income than younger ones?,,[IN:interest_rate ],,xho
banking,interest_rate,How do I know that my investment will actually yield interest?,,[IN:interest_rate ],,xho
banking,interest_rate,Please tell us how we view the interest on the investment.,,[IN:interest_rate ],,xho
banking,interest_rate,Please advise us on investments with interest rewards.,,[IN:interest_rate ],,xho
banking,interest_rate,Can you explain the investment that yields interest?,,[IN:interest_rate ],,xho
banking,interest_rate,What is the difference in interest between a savings account and a business account?,"34:58:SL:ACCOUNT_TYPE,59:71:SL:ACCOUNT_TYPE",[IN:interest_rate [SL:ACCOUNT_TYPE kweakhawunti yogcinomali] [SL:ACCOUNT_TYPE neyoshishino] ],ACCOUNT_TYPE: kweakhawunti yogcinomali $$ ACCOUNT_TYPE: neyoshishino,xho
banking,interest_rate,Explain the difference between interest on business and savings accounts.,"45:67:SL:ACCOUNT_TYPE,68:81:SL:ACCOUNT_TYPE",[IN:interest_rate [SL:ACCOUNT_TYPE yeakhawunti yoshishino] [SL:ACCOUNT_TYPE neyogcinomali] ],ACCOUNT_TYPE: yeakhawunti yoshishino $$ ACCOUNT_TYPE: neyogcinomali,xho
banking,interest_rate,Is it not a waste of money to have both a car and a house in debt at the same time?,21:43:SL:BILL_TYPE,[IN:interest_rate [SL:BILL_TYPE unetyala lemoto nendlu] ],BILL_TYPE: unetyala lemoto nendlu,xho
banking,interest_rate,How much did the finance minister say the stock market had risen?,,[IN:interest_rate ],,xho
banking,interest_rate,How much is the official U.S. government accountant?,49:59:SL:COUNTRY,[IN:interest_rate [SL:COUNTRY waseMelika] ],COUNTRY: waseMelika,xho
banking,interest_rate,How much is the interest rate on loans in the South?,34:42:SL:COUNTRY,[IN:interest_rate [SL:COUNTRY eMzantsi] ],COUNTRY: eMzantsi,xho
banking,interest_rate,"If I buy a car from the bank, what is the expected interest rate?",,[IN:interest_rate ],,xho
banking,interest_rate,Is there a difference between interest on a loan and interest on a loan?,,[IN:interest_rate ],,xho
banking,interest_rate,Please explain the difference between the amount borrowed and the amount invested in ABSA.,74:79:SL:BANK_NAME,[IN:interest_rate [SL:BANK_NAME eABSA] ],BANK_NAME: eABSA,xho
banking,interest_rate,Did you know that borrowing money when interest rates are low is the best option?,,[IN:interest_rate ],,xho
banking,interest_rate,"How much is a $5,000-a-year loan at Time Bank?","20:29:SL:MONEY,30:38:SL:DATE,39:49:SL:BANK_NAME",[IN:interest_rate [SL:MONEY yeR50 000] [SL:DATE ngonyaka] [SL:BANK_NAME eTyme Bank] ],MONEY: yeR50 000 $$ DATE: ngonyaka $$ BANK_NAME: eTyme Bank,xho
banking,interest_rate,"How much does Absa earn in total for borrowing $5,000 over two years?","6:11:SL:BANK_NAME,47:56:SL:MONEY,68:75:SL:NUMBER",[IN:interest_rate [SL:BANK_NAME iAbsa] [SL:MONEY ngeR5 000] [SL:NUMBER emibini] ],BANK_NAME: iAbsa $$ MONEY: ngeR5 000 $$ NUMBER: emibini,xho
banking,interest_rate,Did you know that you can choose between a floating and a fixed rate of interest?,,[IN:interest_rate ],,xho
banking,interest_rate,Can I borrow money from African Bank with no change in interest rate/,28:41:SL:BANK_NAME,[IN:interest_rate [SL:BANK_NAME eAfrican Bank] ],BANK_NAME: eAfrican Bank,xho
banking,interest_rate,Can I fight to keep the car loan amount down?,44:58:SL:BILL_TYPE,[IN:interest_rate [SL:BILL_TYPE yetyala lemoto] ],BILL_TYPE: yetyala lemoto,xho
banking,interest_rate,"If I borrow $500, what does the lender say?",13:18:SL:MONEY,[IN:interest_rate [SL:MONEY iR500] ],MONEY: iR500,xho
banking,interest_rate,Is it true that the interest on a loan to Capitec stops growing after 12 years?,"71:77:SL:NUMBER,78:86:SL:BANK_NAME",[IN:interest_rate [SL:NUMBER eli-12] [SL:BANK_NAME eCapitec] ],NUMBER: eli-12 $$ BANK_NAME: eCapitec,xho
banking,interest_rate,How long does interest grow on the investment?,,[IN:interest_rate ],,xho
banking,interest_rate,"If I deposit money into my account in June, what is the interest on it in December?","34:41:SL:DATE,43:53:SL:DATE",[IN:interest_rate [SL:DATE ngoJuni] [SL:DATE ngoDisemba] ],DATE: ngoJuni $$ DATE: ngoDisemba,xho
banking,interest_rate,"Please calculate an interest of 12% on a three-year loan of $5,000.","45:53:SL:MONEY,54:73:SL:DATE",[IN:interest_rate [SL:MONEY leR5 000] [SL:DATE leminyaka emithathu] ],MONEY: leR5 000 $$ DATE: leminyaka emithathu,xho
banking,interest_rate,Please give me information about this money.,,[IN:interest_rate ],,xho
banking,interest_rate,What is the interest rate on the FNB loan?,34:38:SL:BANK_NAME,[IN:interest_rate [SL:BANK_NAME eFNB] ],BANK_NAME: eFNB,xho
banking,interest_rate,Did you know that inflation affects the economy?,,[IN:interest_rate ],,xho
banking,interest_rate,What does my accountant say about my phone bill?,22:39:SL:BILL_TYPE,[IN:interest_rate [SL:BILL_TYPE kwityala lefowuni] ],BILL_TYPE: kwityala lefowuni,xho
banking,interest_rate,What does my accountant say about my car loan?,22:37:SL:BILL_TYPE,[IN:interest_rate [SL:BILL_TYPE kwityala lemoto] ],BILL_TYPE: kwityala lemoto,xho
banking,interest_rate,How much interest do I receive on my account each month?,,[IN:interest_rate ],,xho
banking,interest_rate,What does a certified gemologist in South Africa say?,32:47:SL:COUNTRY,[IN:interest_rate [SL:COUNTRY eMzantsi Afrika] ],COUNTRY: eMzantsi Afrika,xho
banking,interest_rate,Can the law reduce the interest rates charged by banks?,,[IN:interest_rate ],,xho
banking,interest_rate,Can I ask for an interest rate of no more than 10% when borrowing money from Standard Bank?,73:87:SL:BANK_NAME,[IN:interest_rate [SL:BANK_NAME eStandard Bank] ],BANK_NAME: eStandard Bank,xho
banking,interest_rate,How often does the national income rise? ,,[IN:interest_rate ],,xho
banking,interest_rate,Can I get legal help if the bank charges more than the authorized interest rate?,,[IN:interest_rate ],,xho
banking,interest_rate,What kind of people are being promoted?,,[IN:interest_rate ],,xho
banking,interest_rate,Can I petition the president to lower the budget to allow for job creation?,,[IN:interest_rate ],,xho
banking,interest_rate,Can you tell me about the ABSA and Standard Bank interest rates?,"32:40:SL:BANK_NAME,41:58:SL:BANK_NAME",[IN:interest_rate [SL:BANK_NAME yaseABSA] [SL:BANK_NAME naseStandard Bank] ],BANK_NAME: yaseABSA $$ BANK_NAME: naseStandard Bank,xho
banking,interest_rate,Please find out how much is the ABSA and FNB contribution of R5 000 per year?,"40:48:SL:MONEY,58:63:SL:BANK_NAME,64:71:SL:BANK_NAME",[IN:interest_rate [SL:MONEY yeR5 000] [SL:BANK_NAME eABSA] [SL:BANK_NAME naseFNB] ],MONEY: yeR5 000 $$ BANK_NAME: eABSA $$ BANK_NAME: naseFNB,xho
banking,interest_rate,"What is the annual interest on my ten-year $250,000 debt?","53:63:SL:MONEY,64:82:SL:DATE",[IN:interest_rate [SL:MONEY leR250 000] [SL:DATE leminyaka elishumi] ],MONEY: leR250 000 $$ DATE: leminyaka elishumi,xho
banking,interest_rate,I would like to know the interest I have paid on my mortgage.,40:55:SL:BILL_TYPE,[IN:interest_rate [SL:BILL_TYPE kwityala lendlu] ],BILL_TYPE: kwityala lendlu,xho
banking,interest_rate,Can I get a mortgage interest report?,37:52:SL:BILL_TYPE,[IN:interest_rate [SL:BILL_TYPE kwityala lendlu] ],BILL_TYPE: kwityala lendlu,xho
banking,interest_rate,I would like to know how much interest I have paid on my car loan.,40:55:SL:BILL_TYPE,[IN:interest_rate [SL:BILL_TYPE kwityala lemoto] ],BILL_TYPE: kwityala lemoto,xho
banking,interest_rate,Can I get a statement of interest on a car loan?,37:52:SL:BILL_TYPE,[IN:interest_rate [SL:BILL_TYPE kwityala lemoto] ],BILL_TYPE: kwityala lemoto,xho
banking,interest_rate,Please don't let the rising prices raise my rent.,47:53:SL:BILL_TYPE,[IN:interest_rate [SL:BILL_TYPE irenti] ],BILL_TYPE: irenti,xho
banking,interest_rate,Can I increase the rent with the increase in the national income?,21:27:SL:BILL_TYPE,[IN:interest_rate [SL:BILL_TYPE irenti] ],BILL_TYPE: irenti,xho
banking,interest_rate,Can I calculate how much interest I will get on my investment?,,[IN:interest_rate ],,xho
banking,interest_rate,Can I see how much interest I have in my savings?,,[IN:interest_rate ],,xho
banking,interest_rate,Did you know that you can calculate your interest rate on your investment?,,[IN:interest_rate ],,xho
banking,interest_rate,Did you know that you can check your interest rate on your savings?,,[IN:interest_rate ],,xho
banking,interest_rate,Who can advise me on savings interest?,,[IN:interest_rate ],,xho
banking,interest_rate,Can I find out how much money my parent has saved without his knowledge?,,[IN:interest_rate ],,xho
banking,interest_rate,I would like to see how much my parents' savings have grown.,,[IN:interest_rate ],,xho
banking,interest_rate,Can I unknowingly watch my parent's mortgage payments?,,[IN:interest_rate ],,xho
banking,interest_rate,I would like to see the interest on my parent's unknown loan.,,[IN:interest_rate ],,xho
banking,interest_rate,Can I pay the interest on my parent's debt and let him pay the principal?,,[IN:interest_rate ],,xho
banking,interest_rate,I'm asking for interest on my parents' debt and he's asking for the principal.,,[IN:interest_rate ],,xho
banking,interest_rate,Please check my interest on my investment account.,27:59:SL:ACCOUNT_TYPE,[IN:interest_rate [SL:ACCOUNT_TYPE kwiakhawunti yam yokutyala imali] ],ACCOUNT_TYPE: kwiakhawunti yam yokutyala imali,xho
banking,interest_rate,Can you check the interest on my savings account?,31:59:SL:ACCOUNT_TYPE,[IN:interest_rate [SL:ACCOUNT_TYPE kwiakhawuthi yam yogcinomali] ],ACCOUNT_TYPE: kwiakhawuthi yam yogcinomali,xho
banking,interest_rate,I would like to be shown the interest rate I would get from FNB compared to ABSA.,"47:51:SL:BANK_NAME,66:72:SL:BANK_NAME",[IN:interest_rate [SL:BANK_NAME eFNB] [SL:BANK_NAME neABSA] ],BANK_NAME: eFNB $$ BANK_NAME: neABSA,xho
banking,interest_rate,Can I be shown the interest rate I would get from FNB and compare it with ABSA?,"43:47:SL:BANK_NAME,62:68:SL:BANK_NAME",[IN:interest_rate [SL:BANK_NAME eFNB] [SL:BANK_NAME neABSA] ],BANK_NAME: eFNB $$ BANK_NAME: neABSA,xho
banking,interest_rate,What else did they put in the bank?,,[IN:interest_rate ],,xho
banking,interest_rate,Please let me know if there are other services that offer interest-free bank transfers.,,[IN:interest_rate ],,xho
banking,interest_rate,Is it possible that you do not know the interest on your investment?,,[IN:interest_rate ],,xho
banking,interest_rate,I want to see the interest on my investment.,,[IN:interest_rate ],,xho
banking,interest_rate,Please download the ATM statement showing the interest I receive.,,[IN:interest_rate ],,xho
banking,interest_rate,Can you pull up the interest-bearing statement for me from this ATM?,,[IN:interest_rate ],,xho
banking,interest_rate,Please download the ATM statement showing the interest I pay for having an account here.,,[IN:interest_rate ],,xho
banking,interest_rate,Can you pull up the ATM statement showing the interest I'm paying for having an account here?,,[IN:interest_rate ],,xho
banking,interest_rate,What is the acceptable interest rate for nonbank lenders?,,[IN:interest_rate ],,xho
banking,interest_rate,Explain the interest rate that is charged to nonbank lenders.,,[IN:interest_rate ],,xho
banking,min_payment,Please pay this $500 on my electricity bill from Eskom.,"21:28:SL:MONEY,29:49:SL:BILL_TYPE",[IN:min_payment [SL:MONEY kweR500] [SL:BILL_TYPE kwityala lam lombane] ],MONEY: kweR500 $$ BILL_TYPE: kwityala lam lombane,xho
banking,min_payment,Please pay $500 to FNB to reserve seats for Beyonce's concert.,"17:22:SL:MONEY,23:27:SL:BANK_NAME,67:76:SL:ARTIST_NAME",[IN:min_payment [SL:MONEY iR500] [SL:BANK_NAME eFNB] [SL:ARTIST_NAME kaBeyonce] ],MONEY: iR500 $$ BANK_NAME: eFNB $$ ARTIST_NAME: kaBeyonce,xho
banking,min_payment,Please deposit $50 into my Standard Bank account so that it will not be cancelled.,"17:21:SL:MONEY,39:56:SL:BANK_NAME",[IN:min_payment [SL:MONEY iR50] [SL:BANK_NAME yaseStandard Bank] ],MONEY: iR50 $$ BANK_NAME: yaseStandard Bank,xho
banking,min_payment,Would you be willing to pay this $50 so that your bank accounts will not be closed?,26:34:SL:MONEY,[IN:min_payment [SL:MONEY kwamaR50] ],MONEY: kwamaR50,xho
banking,min_payment,"Please pay the required $10,000 to the WSU bank account so that I can be a student there.",25:35:SL:MONEY,[IN:min_payment [SL:MONEY eyiR10 000] ],MONEY: eyiR10 000,xho
banking,min_payment,How cheap is a credit card?,,[IN:min_payment ],,xho
banking,min_payment,How much do I pay on my monthly mortgage to the African Bank?,48:64:SL:BANK_NAME,[IN:min_payment [SL:BANK_NAME yaseAfrican Bank] ],BANK_NAME: yaseAfrican Bank,xho
banking,min_payment,Please pay a quarter of a million to Daimler so I can get my car.,,[IN:min_payment ],,xho
banking,min_payment,"If I take a monkey loan from Telkom, how much should I put in?",13:31:SL:BILL_TYPE,[IN:min_payment [SL:BILL_TYPE ityala likanomyayi] ],BILL_TYPE: ityala likanomyayi,xho
banking,min_payment,How much do I need to have in my Old Mutual bank account to be unlocked?,52:65:SL:BANK_NAME,[IN:min_payment [SL:BANK_NAME kwaOld Mutual] ],BANK_NAME: kwaOld Mutual,xho
banking,min_payment,How much can I pay each month to become a member of the Capitec banking association?,78:89:SL:BANK_NAME,[IN:min_payment [SL:BANK_NAME yaseCapitec] ],BANK_NAME: yaseCapitec,xho
banking,min_payment,Please pay this million to Avbob's president's bank.,,[IN:min_payment ],,xho
banking,min_payment,Please deposit the Covid R100 into my Nedbank account.,"23:28:SL:MONEY,54:63:SL:BANK_NAME",[IN:min_payment [SL:MONEY iR100] [SL:BANK_NAME kaNedbank] ],MONEY: iR100 $$ BANK_NAME: kaNedbank,xho
banking,min_payment,What is the half I have to pay in Pep's bank for the deposit of these merchandise?,,[IN:min_payment ],,xho
banking,min_payment,Please pay this $50 to my Nedbank account.,"21:27:SL:MONEY,41:53:SL:BANK_NAME",[IN:min_payment [SL:MONEY kweR50] [SL:BANK_NAME lakwaNedbank] ],MONEY: kweR50 $$ BANK_NAME: lakwaNedbank,xho
banking,min_payment,Can I pay back half of my student loan from the African Bank?,"45:67:SL:BILL_TYPE,83:96:SL:BANK_NAME",[IN:min_payment [SL:BILL_TYPE kwityala lam lokufunda] [SL:BANK_NAME eAfrican Bank] ],BILL_TYPE: kwityala lam lokufunda $$ BANK_NAME: eAfrican Bank,xho
banking,min_payment,What is the minimum amount I have to pay on my Capitec card?,64:76:SL:BANK_NAME,[IN:min_payment [SL:BANK_NAME lakwaCapitec] ],BANK_NAME: lakwaCapitec,xho
banking,min_payment,What is the minimum amount I have to pay on my Nedbank card?,64:76:SL:BANK_NAME,[IN:min_payment [SL:BANK_NAME lakwaNedbank] ],BANK_NAME: lakwaNedbank,xho
banking,min_payment,What is the minimum amount I have to pay on my FNB card?,64:72:SL:BANK_NAME,[IN:min_payment [SL:BANK_NAME lakwaFNB] ],BANK_NAME: lakwaFNB,xho
banking,min_payment,What is the minimum amount I have to pay on my Absa card?,64:73:SL:BANK_NAME,[IN:min_payment [SL:BANK_NAME lakwaAbsa] ],BANK_NAME: lakwaAbsa,xho
banking,min_payment,What is the minimum amount I have to pay on my Tymebank card?,64:77:SL:BANK_NAME,[IN:min_payment [SL:BANK_NAME lakwaTymebank] ],BANK_NAME: lakwaTymebank,xho
banking,min_payment,What is the minimum amount that I have to pay on my Standard Bank card?,64:81:SL:BANK_NAME,[IN:min_payment [SL:BANK_NAME lakwaStandardbank] ],BANK_NAME: lakwaStandardbank,xho
banking,min_payment,What is the minimum amount that I have to pay on my African credit card?,64:81:SL:BANK_NAME,[IN:min_payment [SL:BANK_NAME lakwaAfrican bank] ],BANK_NAME: lakwaAfrican bank,xho
banking,min_payment,Please tell me the minimum I can pay for my water bill.,52:72:SL:BILL_TYPE,[IN:min_payment [SL:BILL_TYPE kwityala lam lamanzi] ],BILL_TYPE: kwityala lam lamanzi,xho
banking,min_payment,Please tell me the minimum I can afford to pay for my Jet suit.,52:73:SL:BILL_TYPE,[IN:min_payment [SL:BILL_TYPE kwityala lam lempahla] ],BILL_TYPE: kwityala lam lempahla,xho
banking,min_payment,Please tell me the least I can do to pay my food bill.,52:72:SL:BILL_TYPE,[IN:min_payment [SL:BILL_TYPE kwityala lam lokutya] ],BILL_TYPE: kwityala lam lokutya,xho
banking,min_payment,Please tell me the minimum I can afford to pay for my mortgage.,52:80:SL:BILL_TYPE,[IN:min_payment [SL:BILL_TYPE kwityala lam lempahla yendlu] ],BILL_TYPE: kwityala lam lempahla yendlu,xho
banking,min_payment,Please tell me the minimum I can pay for my municipal debt.,52:78:SL:BILL_TYPE,[IN:min_payment [SL:BILL_TYPE kwityala lam lakwamazipala] ],BILL_TYPE: kwityala lam lakwamazipala,xho
banking,min_payment,Please tell me the minimum I can pay for my wifi bill.,52:71:SL:BILL_TYPE,[IN:min_payment [SL:BILL_TYPE kwityala lam lewifi] ],BILL_TYPE: kwityala lam lewifi,xho
banking,min_payment,Please tell me the minimum I can pay for my electricity bill.,52:72:SL:BILL_TYPE,[IN:min_payment [SL:BILL_TYPE kwityala lam lombane] ],BILL_TYPE: kwityala lam lombane,xho
banking,min_payment,Please tell me the minimum I can pay on my DSTV bill.,52:71:SL:BILL_TYPE,[IN:min_payment [SL:BILL_TYPE kwityala lam leDSTV] ],BILL_TYPE: kwityala lam leDSTV,xho
banking,min_payment,Please tell me the least I can do to pay off my Netflix debt.,52:74:SL:BILL_TYPE,[IN:min_payment [SL:BILL_TYPE kwityala lam leNetflix] ],BILL_TYPE: kwityala lam leNetflix,xho
banking,min_payment,Please tell me the minimum I can afford to pay on my Showmax bill.,52:74:SL:BILL_TYPE,[IN:min_payment [SL:BILL_TYPE kwityala lam leShowmax] ],BILL_TYPE: kwityala lam leShowmax,xho
banking,min_payment,Check the minimum required for my mortgage for the month of February.,"31:50:SL:BILL_TYPE,61:72:SL:DATE",[IN:min_payment [SL:BILL_TYPE kwityala lam lendlu] [SL:DATE kaFebhuwari] ],BILL_TYPE: kwityala lam lendlu $$ DATE: kaFebhuwari,xho
banking,min_payment,Check the minimum required for my car loan for the month of June.,"31:50:SL:BILL_TYPE,51:67:SL:DATE",[IN:min_payment [SL:BILL_TYPE kwityala lam lemoto] [SL:DATE kwinyanga kaJuni] ],BILL_TYPE: kwityala lam lemoto $$ DATE: kwinyanga kaJuni,xho
banking,min_payment,Check the minimum required for my electricity bill for the month of December.,"31:51:SL:BILL_TYPE,52:71:SL:DATE",[IN:min_payment [SL:BILL_TYPE kwityala lam lembane] [SL:DATE kwinyanga kaDisemba] ],BILL_TYPE: kwityala lam lembane $$ DATE: kwinyanga kaDisemba,xho
banking,min_payment,Check the minimum required for my water bill for the month of March.,"31:51:SL:BILL_TYPE,62:70:SL:DATE",[IN:min_payment [SL:BILL_TYPE kwityala lam lamanzi] [SL:DATE kaMatshi] ],BILL_TYPE: kwityala lam lamanzi $$ DATE: kaMatshi,xho
banking,min_payment,Check the minimum required for my mortgage for the month of February.,"31:59:SL:BILL_TYPE,70:81:SL:DATE",[IN:min_payment [SL:BILL_TYPE kwityala lam lempahla yendlu] [SL:DATE kaFebhuwari] ],BILL_TYPE: kwityala lam lempahla yendlu $$ DATE: kaFebhuwari,xho
banking,min_payment,Check the minimum required for my Jet suit bill.,31:52:SL:BILL_TYPE,[IN:min_payment [SL:BILL_TYPE kwityala lam lempahla] ],BILL_TYPE: kwityala lam lempahla,xho
banking,min_payment,Check the minimum required on my phone bill.,31:51:SL:BILL_TYPE,[IN:min_payment [SL:BILL_TYPE kwityala lam lefowni] ],BILL_TYPE: kwityala lam lefowni,xho
banking,min_payment,Please give me the minimum payment for my Vodacom phone bill.,17:58:SL:BILL_TYPE,[IN:min_payment [SL:BILL_TYPE ubuncinci bentlawulo yetyala lam lomnxeba] ],BILL_TYPE: ubuncinci bentlawulo yetyala lam lomnxeba,xho
banking,min_payment,Please give me the minimum payment for my MTN phone bill,38:68:SL:BILL_TYPE,[IN:min_payment [SL:BILL_TYPE yetyala lam lomnxeba wakwa-MTN] ],BILL_TYPE: yetyala lam lomnxeba wakwa-MTN,xho
banking,min_payment,Please give me the minimum payment for my Telkom phone bill.,38:58:SL:BILL_TYPE,[IN:min_payment [SL:BILL_TYPE yetyala lam lomnxeba] ],BILL_TYPE: yetyala lam lomnxeba,xho
banking,min_payment,How little I can pay off my car loan.,48:67:SL:BILL_TYPE,[IN:min_payment [SL:BILL_TYPE kwityala lam lemoto] ],BILL_TYPE: kwityala lam lemoto,xho
banking,min_payment,How little I can pay off my mortgage.,48:67:SL:BILL_TYPE,[IN:min_payment [SL:BILL_TYPE kwityala lam lendlu] ],BILL_TYPE: kwityala lam lendlu,xho
banking,min_payment,How little I can pay my electricity bill.,48:68:SL:BILL_TYPE,[IN:min_payment [SL:BILL_TYPE kwityala lam lombane] ],BILL_TYPE: kwityala lam lombane,xho
banking,min_payment,How little payment I can make on my water bill.,48:68:SL:BILL_TYPE,[IN:min_payment [SL:BILL_TYPE kwityala lam lamanzi] ],BILL_TYPE: kwityala lam lamanzi,xho
banking,min_payment,How little I can pay for my municipal debt.,48:74:SL:BILL_TYPE,[IN:min_payment [SL:BILL_TYPE kwityala lam lakwamasipala] ],BILL_TYPE: kwityala lam lakwamasipala,xho
banking,min_payment,How little payment I can make for my Edgar's clothing.,48:69:SL:BILL_TYPE,[IN:min_payment [SL:BILL_TYPE kwityala lam lempahla] ],BILL_TYPE: kwityala lam lempahla,xho
banking,min_payment,How little payment I can make on my mortgage.,48:76:SL:BILL_TYPE,[IN:min_payment [SL:BILL_TYPE kwityala lam lempahla zendlu] ],BILL_TYPE: kwityala lam lempahla zendlu,xho
banking,min_payment,How little payment I can make on my loan.,48:75:SL:BILL_TYPE,[IN:min_payment [SL:BILL_TYPE kwityala lam lemali mboleko] ],BILL_TYPE: kwityala lam lemali mboleko,xho
banking,min_payment,How little I can pay for my medical bills.,48:72:SL:BILL_TYPE,[IN:min_payment [SL:BILL_TYPE kwityala lam lakwagqirha] ],BILL_TYPE: kwityala lam lakwagqirha,xho
banking,min_payment,What is the minimum monthly payment expected for a Hyundai 120?,,[IN:min_payment ],,xho
banking,min_payment,What is the minimum amount you can afford to pay for the electricity bill so that you can buy it back?,43:60:SL:BILL_TYPE,[IN:min_payment [SL:BILL_TYPE kwityala lo mbane] ],BILL_TYPE: kwityala lo mbane,xho
banking,min_payment,What is the minimum amount you can pay for your electricity bill at Capitec Bank?,"43:64:SL:BILL_TYPE,65:80:SL:BANK_NAME",[IN:min_payment [SL:BILL_TYPE yetyala lakho lombane] [SL:BANK_NAME kwaCapitec Bank] ],BILL_TYPE: yetyala lakho lombane $$ BANK_NAME: kwaCapitec Bank,xho
banking,min_payment,What is the minimum amount you can expect to pay for a public hospital?,,[IN:min_payment ],,xho
banking,min_payment,Can you pay off your Nedbank loan in installments?,"34:55:SL:BILL_TYPE,56:67:SL:BANK_NAME",[IN:min_payment [SL:BILL_TYPE ityala lemali mboleko] [SL:BANK_NAME yaseNedbank] ],BILL_TYPE: ityala lemali mboleko $$ BANK_NAME: yaseNedbank,xho
banking,min_payment,What is the minimum monthly payment for opening a Nedbank South Account?,"60:76:SL:ACCOUNT_TYPE,77:88:SL:BANK_NAME",[IN:min_payment [SL:ACCOUNT_TYPE iMzantsi Account] [SL:BANK_NAME yaseNedbank] ],ACCOUNT_TYPE: iMzantsi Account $$ BANK_NAME: yaseNedbank,xho
banking,min_payment,What is the minimum amount of money you need to have on a virtual card to be able to pay for your purchases?,,[IN:min_payment ],,xho
banking,min_payment,What is the minimum amount you can pay for a phone loan at MTN?,54:61:SL:SHOPPING_ITEM,[IN:min_payment [SL:SHOPPING_ITEM ifowuni] ],SHOPPING_ITEM: ifowuni,xho
banking,min_payment,What is the minimum amount you can pay to put two people in a FNB cemetery?,"58:65:SL:NUMBER,66:81:SL:BILL_TYPE,82:89:SL:BANK_NAME",[IN:min_payment [SL:NUMBER ababini] [SL:BILL_TYPE kumasingcwabane] [SL:BANK_NAME waseFNB] ],NUMBER: ababini $$ BILL_TYPE: kumasingcwabane $$ BANK_NAME: waseFNB,xho
banking,min_payment,Please make a donation of $200.00 which is the minimum amount allowed to be paid at the African Bank funeral home.,"17:25:SL:MONEY,92:108:SL:BANK_NAME",[IN:min_payment [SL:MONEY iR200.00] [SL:BANK_NAME waseAfrican Bank] ],MONEY: iR200.00 $$ BANK_NAME: waseAfrican Bank,xho
banking,min_payment,What is the minimum fee for opening a credit card at Capitc?,64:71:SL:BANK_NAME,[IN:min_payment [SL:BANK_NAME eCapitc] ],BANK_NAME: eCapitc,xho
banking,min_payment,Please deposit $200.00 at the minimum amount allowed on a Capitec Bank credit card.,"17:25:SL:MONEY,88:104:SL:BANK_NAME",[IN:min_payment [SL:MONEY iR500.00] [SL:BANK_NAME yaseCapitec Bank] ],MONEY: iR500.00 $$ BANK_NAME: yaseCapitec Bank,xho
banking,min_payment,What is the minimum amount of money that can be deposited into a Capitec Savings Account?,"37:56:SL:ACCOUNT_TYPE,57:69:SL:BANK_NAME",[IN:min_payment [SL:ACCOUNT_TYPE Kwi-Savings Account] [SL:BANK_NAME yase-Capitec] ],ACCOUNT_TYPE: Kwi-Savings Account $$ BANK_NAME: yase-Capitec,xho
banking,min_payment,What is the minimum monthly interest for a Capitec Bank Checking Account?,"38:46:SL:DATE,47:63:SL:ACCOUNT_TYPE,64:80:SL:BANK_NAME",[IN:min_payment [SL:DATE yenyanga] [SL:ACCOUNT_TYPE ye-Check Account] [SL:BANK_NAME yaseCapitec Bank] ],DATE: yenyanga $$ ACCOUNT_TYPE: ye-Check Account $$ BANK_NAME: yaseCapitec Bank,xho
banking,min_payment,What is the minimum monthly mortgage payment I can make to ABSA?,"44:59:SL:BILL_TYPE,70:78:SL:BANK_NAME",[IN:min_payment [SL:BILL_TYPE kwityala lendlu] [SL:BANK_NAME kwa-ABSA] ],BILL_TYPE: kwityala lendlu $$ BANK_NAME: kwa-ABSA,xho
banking,min_payment,What is the minimum interest rate on my Standard Bank credit card?,"53:66:SL:BILL_TYPE,67:84:SL:BANK_NAME",[IN:min_payment [SL:BILL_TYPE kwiCredi card] [SL:BANK_NAME yaseStandard Bank] ],BILL_TYPE: kwiCredi card $$ BANK_NAME: yaseStandard Bank,xho
banking,min_payment,Please send $1.50 to the following account:,"25:39:SL:MONEY,54:59:SL:BANK_NAME",[IN:min_payment [SL:MONEY engange-R50.00] [SL:BANK_NAME kaFNB] ],MONEY: engange-R50.00 $$ BANK_NAME: kaFNB,xho
banking,min_payment,What is the minimum contribution charge for FNB?,48:54:SL:BANK_NAME,[IN:min_payment [SL:BANK_NAME kwaFNB] ],BANK_NAME: kwaFNB,xho
banking,min_payment,Please tell me the cheapest account at Tyme Bank.,62:74:SL:BANK_NAME,[IN:min_payment [SL:BANK_NAME kwaTyme Bank] ],BANK_NAME: kwaTyme Bank,xho
banking,min_payment,"Please pay the $50 that is owed on my $5,000 Ackermans debt.","24:29:SL:MONEY,55:63:SL:MONEY",[IN:min_payment [SL:MONEY yiR50] [SL:MONEY leR5 000] ],MONEY: yiR50 $$ MONEY: leR5 000,xho
banking,min_payment,Can people get their money back when they use TimeBank?,65:74:SL:BANK_NAME,[IN:min_payment [SL:BANK_NAME eTymeBank] ],BANK_NAME: eTymeBank,xho
banking,min_payment,What is the minimum fee for opening an account with Jet?,,[IN:min_payment ],,xho
banking,min_payment,How much does the lowest-paid worker in Absa get paid?,31:36:SL:BANK_NAME,[IN:min_payment [SL:BANK_NAME eAbsa] ],BANK_NAME: eAbsa,xho
banking,min_payment,How much can I pay my debt to Absa?,49:54:SL:BANK_NAME,[IN:min_payment [SL:BANK_NAME eAbsa] ],BANK_NAME: eAbsa,xho
banking,min_payment,Please ask people with Standard Bank accounts to pay this $5.,"36:50:SL:BANK_NAME,65:71:SL:MONEY",[IN:min_payment [SL:BANK_NAME eStandard Bank] [SL:MONEY kweR50] ],BANK_NAME: eStandard Bank $$ MONEY: kweR50,xho
banking,min_payment,"When I buy a Toyota Quantum, how much will I be expected to pay per month?",,[IN:min_payment ],,xho
banking,min_payment,Pay the Timebank $500 for my college tuition.,"8:17:SL:BANK_NAME,22:29:SL:MONEY",[IN:min_payment [SL:BANK_NAME iTymebank] [SL:MONEY kweR500] ],BANK_NAME: iTymebank $$ MONEY: kweR500,xho
banking,min_payment,I paid off a small amount of $500 on my FNB loan.,"24:37:SL:MONEY,38:65:SL:BILL_TYPE,66:73:SL:BANK_NAME",[IN:min_payment [SL:MONEY engangeR2 500] [SL:BILL_TYPE kwityala lam lemali-mboleko] [SL:BANK_NAME laseFNB] ],MONEY: engangeR2 500 $$ BILL_TYPE: kwityala lam lemali-mboleko $$ BANK_NAME: laseFNB,xho
banking,pay_bill,You can help me pay my car bill.,36:53:SL:BILL_TYPE,[IN:pay_bill [SL:BILL_TYPE ityala lam lemoto] ],BILL_TYPE: ityala lam lemoto,xho
banking,pay_bill,You can help me pay my water bill.,36:54:SL:BILL_TYPE,[IN:pay_bill [SL:BILL_TYPE ityala lam lamanzi] ],BILL_TYPE: ityala lam lamanzi,xho
banking,pay_bill,You can help me pay my gas bill at Engen,36:56:SL:BILL_TYPE,[IN:pay_bill [SL:BILL_TYPE ityala lam lepetroli] ],BILL_TYPE: ityala lam lepetroli,xho
banking,pay_bill,You can help me pay my bill for the food at Woolworths.,,[IN:pay_bill ],,xho
banking,pay_bill,You can help me pay off my debt for the Edgars outfit.,36:65:SL:BILL_TYPE,[IN:pay_bill [SL:BILL_TYPE ityala lam lempahla yokunxiba] ],BILL_TYPE: ityala lam lempahla yokunxiba,xho
banking,pay_bill,You can help me pay off my mortgage on the Game house.,36:62:SL:BILL_TYPE,[IN:pay_bill [SL:BILL_TYPE ityala lam lempahla yendlu] ],BILL_TYPE: ityala lam lempahla yendlu,xho
banking,pay_bill,You can help me pay off my Capitec loan.,"36:61:SL:BILL_TYPE,62:75:SL:BANK_NAME",[IN:pay_bill [SL:BILL_TYPE ityala lam lemboleko mali] [SL:BANK_NAME yakwa-Capitec] ],BILL_TYPE: ityala lam lemboleko mali $$ BANK_NAME: yakwa-Capitec,xho
banking,pay_bill,You can help me pay my municipal visa bill.,36:68:SL:BILL_TYPE,[IN:pay_bill [SL:BILL_TYPE ityala lam leleviz lakwamasipala] ],BILL_TYPE: ityala lam leleviz lakwamasipala,xho
banking,pay_bill,You can help me pay my car insurance bill.,36:66:SL:BILL_TYPE,[IN:pay_bill [SL:BILL_TYPE ityala lam leinshorensi yemoto] ],BILL_TYPE: ityala lam leinshorensi yemoto,xho
banking,pay_bill,You can help me pay off my Nedbank loan.,"36:61:SL:BILL_TYPE,62:75:SL:BANK_NAME",[IN:pay_bill [SL:BILL_TYPE ityala lam lemboleko mali] [SL:BANK_NAME yakwa-Nedbank] ],BILL_TYPE: ityala lam lemboleko mali $$ BANK_NAME: yakwa-Nedbank,xho
banking,pay_bill,You can help me pay my Internet bill.,36:59:SL:BILL_TYPE,[IN:pay_bill [SL:BILL_TYPE ityala lam leinthanethi] ],BILL_TYPE: ityala lam leinthanethi,xho
banking,pay_bill,You can help me pay my Vodacom phone bill.,36:54:SL:BILL_TYPE,[IN:pay_bill [SL:BILL_TYPE ityala lam lefowni] ],BILL_TYPE: ityala lam lefowni,xho
banking,pay_bill,You can help me pay my brick bill at Cash build.,36:62:SL:BILL_TYPE,[IN:pay_bill [SL:BILL_TYPE ityala lam lezitena zendlu] ],BILL_TYPE: ityala lam lezitena zendlu,xho
banking,pay_bill,You can help me pay off my nail salon bill.,,[IN:pay_bill ],,xho
banking,pay_bill,You can help me pay my dentist bill.,36:67:SL:BILL_TYPE,[IN:pay_bill [SL:BILL_TYPE ityala lam likagqirha wamazinyo] ],BILL_TYPE: ityala lam likagqirha wamazinyo,xho
banking,pay_bill,You can help me pay my hotel bill.,36:57:SL:BILL_TYPE,[IN:pay_bill [SL:BILL_TYPE ityala lam lasehotele] ],BILL_TYPE: ityala lam lasehotele,xho
banking,pay_bill,Please continue to make my school loan payments.,23:60:SL:BILL_TYPE,[IN:pay_bill [SL:BILL_TYPE intlawulo yam yemali mboleko yesikolo] ],BILL_TYPE: intlawulo yam yemali mboleko yesikolo,xho
banking,pay_bill,Please continue to make my rent payment.,23:44:SL:BILL_TYPE,[IN:pay_bill [SL:BILL_TYPE intlawulo yam yerenti] ],BILL_TYPE: intlawulo yam yerenti,xho
banking,pay_bill,Please continue to make my payment for the house.,23:43:SL:BILL_TYPE,[IN:pay_bill [SL:BILL_TYPE intlawulo yam yendlu] ],BILL_TYPE: intlawulo yam yendlu,xho
banking,pay_bill,Please continue to make my electricity bill.,23:44:SL:BILL_TYPE,[IN:pay_bill [SL:BILL_TYPE intlawulo yam yombane] ],BILL_TYPE: intlawulo yam yombane,xho
banking,pay_bill,Please continue to pay my water bill.,23:44:SL:BILL_TYPE,[IN:pay_bill [SL:BILL_TYPE intlawulo yam yamanzi] ],BILL_TYPE: intlawulo yam yamanzi,xho
banking,pay_bill,Please continue to make my payment on the Capitec loan.,"23:51:SL:BILL_TYPE,52:65:SL:BANK_NAME",[IN:pay_bill [SL:BILL_TYPE intlawulo yam yemali mboleko] [SL:BANK_NAME yakwa Capitec] ],BILL_TYPE: intlawulo yam yemali mboleko $$ BANK_NAME: yakwa Capitec,xho
banking,pay_bill,Please continue to make my Nedbank loan payment.,"23:51:SL:BILL_TYPE,52:65:SL:BANK_NAME",[IN:pay_bill [SL:BILL_TYPE intlawulo yam yemali mboleko] [SL:BANK_NAME yakwa Nedbank] ],BILL_TYPE: intlawulo yam yemali mboleko $$ BANK_NAME: yakwa Nedbank,xho
banking,pay_bill,Please continue to make my Absa loan payments.,"23:51:SL:BILL_TYPE,52:62:SL:BANK_NAME",[IN:pay_bill [SL:BILL_TYPE intlawulo yam yemali mboleko] [SL:BANK_NAME yakwa Absa] ],BILL_TYPE: intlawulo yam yemali mboleko $$ BANK_NAME: yakwa Absa,xho
banking,pay_bill,Please continue to make my payment for my Vodacom phone.,23:44:SL:BILL_TYPE,[IN:pay_bill [SL:BILL_TYPE intlawulo yam yefowni] ],BILL_TYPE: intlawulo yam yefowni,xho
banking,pay_bill,Please continue to make my payment on my MTN phone.,23:48:SL:BILL_TYPE,[IN:pay_bill [SL:BILL_TYPE intlawulo yam yefowni yam] ],BILL_TYPE: intlawulo yam yefowni yam,xho
banking,pay_bill,Please continue to make my Telkom payment.,23:44:SL:BILL_TYPE,[IN:pay_bill [SL:BILL_TYPE intlawulo yam yefowni] ],BILL_TYPE: intlawulo yam yefowni,xho
banking,pay_bill,Please continue to make my mortgage payment.,23:60:SL:BILL_TYPE,[IN:pay_bill [SL:BILL_TYPE intlawulo yam yetyala lempahla yendlu] ],BILL_TYPE: intlawulo yam yetyala lempahla yendlu,xho
banking,pay_bill,Please continue to make my payment for the clothing bill.,23:63:SL:BILL_TYPE,[IN:pay_bill [SL:BILL_TYPE intlawulo yam yetyala lempahla yokunxiba] ],BILL_TYPE: intlawulo yam yetyala lempahla yokunxiba,xho
banking,pay_bill,Please continue to make my Tymebank loan payments.,"23:51:SL:BILL_TYPE,52:66:SL:BANK_NAME",[IN:pay_bill [SL:BILL_TYPE intlawulo yam yemali mboleko] [SL:BANK_NAME yakwa Tymebank] ],BILL_TYPE: intlawulo yam yemali mboleko $$ BANK_NAME: yakwa Tymebank,xho
banking,pay_bill,Please continue to make my FNB loan payments.,"23:51:SL:BILL_TYPE,52:61:SL:BANK_NAME",[IN:pay_bill [SL:BILL_TYPE intlawulo yam yemali mboleko] [SL:BANK_NAME yakwa FNB] ],BILL_TYPE: intlawulo yam yemali mboleko $$ BANK_NAME: yakwa FNB,xho
banking,pay_bill,Please continue to make my payment on my Standardbank loan.,"23:51:SL:BILL_TYPE,52:70:SL:BANK_NAME",[IN:pay_bill [SL:BILL_TYPE intlawulo yam yemali mboleko] [SL:BANK_NAME yakwa Standardbank] ],BILL_TYPE: intlawulo yam yemali mboleko $$ BANK_NAME: yakwa Standardbank,xho
banking,pay_bill,Please continue to make my health care payment.,23:55:SL:BILL_TYPE,[IN:pay_bill [SL:BILL_TYPE intlawulo yam yoncedo lwezempilo] ],BILL_TYPE: intlawulo yam yoncedo lwezempilo,xho
banking,pay_bill,Please continue to make my car insurance payment.,23:56:SL:BILL_TYPE,[IN:pay_bill [SL:BILL_TYPE intlawulo yam yeinshorensi yemoto] ],BILL_TYPE: intlawulo yam yeinshorensi yemoto,xho
banking,pay_bill,Please continue to make my home insurance payments.,23:56:SL:BILL_TYPE,[IN:pay_bill [SL:BILL_TYPE intlawulo yam yeinshorensi yendlu] ],BILL_TYPE: intlawulo yam yeinshorensi yendlu,xho
banking,pay_bill,Please continue to make my payment to the funeral home.,23:48:SL:BILL_TYPE,[IN:pay_bill [SL:BILL_TYPE intlawulo yam kubangcwabi] ],BILL_TYPE: intlawulo yam kubangcwabi,xho
banking,pay_bill,Please continue to make my payment for car service.,23:52:SL:BILL_TYPE,[IN:pay_bill [SL:BILL_TYPE intlawulo yam yenkonzo yemoto] ],BILL_TYPE: intlawulo yam yenkonzo yemoto,xho
banking,pay_bill,Please help me with my phone bill.,31:45:SL:BILL_TYPE,[IN:pay_bill [SL:BILL_TYPE ityala lefowni] ],BILL_TYPE: ityala lefowni,xho
banking,pay_bill,Please help me with my car bill.,31:44:SL:BILL_TYPE,[IN:pay_bill [SL:BILL_TYPE ityala lemoto] ],BILL_TYPE: ityala lemoto,xho
banking,pay_bill,Please help me with my mortgage.,31:44:SL:BILL_TYPE,[IN:pay_bill [SL:BILL_TYPE ityala lendlu] ],BILL_TYPE: ityala lendlu,xho
banking,pay_bill,Please help me by paying off my loan.,31:52:SL:BILL_TYPE,[IN:pay_bill [SL:BILL_TYPE ityala lemali mboleko] ],BILL_TYPE: ityala lemali mboleko,xho
banking,pay_bill,Please help me by paying my pension account bill.,31:61:SL:BILL_TYPE,[IN:pay_bill [SL:BILL_TYPE ityala leakhawinti yemahla lam] ],BILL_TYPE: ityala leakhawinti yemahla lam,xho
banking,pay_bill,Please help me with my water bill.,31:51:SL:BILL_TYPE,[IN:pay_bill [SL:BILL_TYPE ityala lamanzi endlu] ],BILL_TYPE: ityala lamanzi endlu,xho
banking,pay_bill,Please help me with my electricity bill.,31:47:SL:BILL_TYPE,[IN:pay_bill [SL:BILL_TYPE ityala lelombane] ],BILL_TYPE: ityala lelombane,xho
banking,pay_bill,Please help me with my car insurance bill.,31:57:SL:BILL_TYPE,[IN:pay_bill [SL:BILL_TYPE ityala leinshorensi yemoto] ],BILL_TYPE: ityala leinshorensi yemoto,xho
banking,pay_bill,You can help me pay for my water from the municipality.,13:45:SL:BILL_TYPE,[IN:pay_bill [SL:BILL_TYPE undibhatalele amanzi kwamasipala] ],BILL_TYPE: undibhatalele amanzi kwamasipala,xho
banking,pay_bill,You can help me pay the electricity bill from the municipality.,13:33:SL:BILL_TYPE,[IN:pay_bill [SL:BILL_TYPE undibhatalele umbane] ],BILL_TYPE: undibhatalele umbane,xho
banking,pay_bill,You can help me pay my mortgage.,27:40:SL:BILL_TYPE,[IN:pay_bill [SL:BILL_TYPE ityala lendlu] ],BILL_TYPE: ityala lendlu,xho
banking,pay_bill,You can help me pay my car bill.,27:40:SL:BILL_TYPE,[IN:pay_bill [SL:BILL_TYPE ityala lemoto] ],BILL_TYPE: ityala lemoto,xho
banking,pay_bill,You can help me pay my Jet suit bill.,27:50:SL:BILL_TYPE,[IN:pay_bill [SL:BILL_TYPE iakhawunti yam yempahla] ],BILL_TYPE: iakhawunti yam yempahla,xho
banking,pay_bill,You can help me pay off my credit card debt with Capitec.,"27:42:SL:BILL_TYPE,47:60:SL:BANK_NAME",[IN:pay_bill [SL:BILL_TYPE ityala le khadi] [SL:BANK_NAME lakwa-Capitec] ],BILL_TYPE: ityala le khadi $$ BANK_NAME: lakwa-Capitec,xho
banking,pay_bill,You can help me pay off my Nedbank credit card.,47:60:SL:BANK_NAME,[IN:pay_bill [SL:BANK_NAME lakwa-Nedbank] ],BANK_NAME: lakwa-Nedbank,xho
banking,pay_bill,You can help me pay off my FNB loan.,"27:52:SL:BILL_TYPE,53:62:SL:BANK_NAME",[IN:pay_bill [SL:BILL_TYPE ityala lam lemboleko mali] [SL:BANK_NAME yakwa-FNB] ],BILL_TYPE: ityala lam lemboleko mali $$ BANK_NAME: yakwa-FNB,xho
banking,pay_bill,You can help me pay off my debt to Absa.,"27:52:SL:BILL_TYPE,53:63:SL:BANK_NAME",[IN:pay_bill [SL:BILL_TYPE ityala lam lemboleko mali] [SL:BANK_NAME yakwa-Absa] ],BILL_TYPE: ityala lam lemboleko mali $$ BANK_NAME: yakwa-Absa,xho
banking,pay_bill,You can help me pay off my Tymebank loan.,"27:52:SL:BILL_TYPE,53:67:SL:BANK_NAME",[IN:pay_bill [SL:BILL_TYPE ityala lam lemboleko mali] [SL:BANK_NAME yakwa-Tymebank] ],BILL_TYPE: ityala lam lemboleko mali $$ BANK_NAME: yakwa-Tymebank,xho
banking,pay_bill,You can help me pay my KFC bill.,46:55:SL:RESTAURANT_NAME,[IN:pay_bill [SL:RESTAURANT_NAME sakwa-KFC] ],RESTAURANT_NAME: sakwa-KFC,xho
banking,pay_bill,You can help me pay my bill for my Nandos meal.,"27:41:SL:BILL_TYPE,46:58:SL:RESTAURANT_NAME",[IN:pay_bill [SL:BILL_TYPE ityala lesidlo] [SL:RESTAURANT_NAME sakwa-Nandos] ],BILL_TYPE: ityala lesidlo $$ RESTAURANT_NAME: sakwa-Nandos,xho
banking,pay_bill,You can help me pay for my Wimpy dinner.,"27:41:SL:BILL_TYPE,46:57:SL:RESTAURANT_NAME",[IN:pay_bill [SL:BILL_TYPE ityala lesidlo] [SL:RESTAURANT_NAME sakwa-Wimpy] ],BILL_TYPE: ityala lesidlo $$ RESTAURANT_NAME: sakwa-Wimpy,xho
banking,pay_bill,You can help me pay my medical bills.,27:49:SL:BILL_TYPE,[IN:pay_bill [SL:BILL_TYPE ityala lam lakwagqirha] ],BILL_TYPE: ityala lam lakwagqirha,xho
banking,pay_bill,Please pay my online bill using my Nedbank account.,"15:39:SL:BILL_TYPE,65:78:SL:BANK_NAME",[IN:pay_bill [SL:BILL_TYPE ityala lam le inthanethi] [SL:BANK_NAME yakwa-Nedbank] ],BILL_TYPE: ityala lam le inthanethi $$ BANK_NAME: yakwa-Nedbank,xho
banking,pay_bill,Please pay my hospital bill using my Capietc account.,"15:40:SL:BILL_TYPE,66:79:SL:BANK_NAME",[IN:pay_bill [SL:BILL_TYPE ityala lam lasesibhedlele] [SL:BANK_NAME yakwa-Capietc] ],BILL_TYPE: ityala lam lasesibhedlele $$ BANK_NAME: yakwa-Capietc,xho
banking,pay_bill,Please pay my Pep's bill using my Tymebank account.,"15:34:SL:BILL_TYPE,69:83:SL:BANK_NAME",[IN:pay_bill [SL:BILL_TYPE ityala lam lempahla] [SL:BANK_NAME yakwa-Tymebank] ],BILL_TYPE: ityala lam lempahla $$ BANK_NAME: yakwa-Tymebank,xho
banking,pay_bill,Please pay my car bill using my FNB account.,"15:32:SL:BILL_TYPE,58:67:SL:BANK_NAME",[IN:pay_bill [SL:BILL_TYPE ityala lam lemoto] [SL:BANK_NAME yakwa-FNB] ],BILL_TYPE: ityala lam lemoto $$ BANK_NAME: yakwa-FNB,xho
banking,pay_bill,Please pay my mortgage using my Absa account.,"15:32:SL:BILL_TYPE,58:68:SL:BANK_NAME",[IN:pay_bill [SL:BILL_TYPE ityala lam lendlu] [SL:BANK_NAME yakwa-Absa] ],BILL_TYPE: ityala lam lendlu $$ BANK_NAME: yakwa-Absa,xho
banking,pay_bill,Please pay my electricity bill using my Standard Bank account.,"15:33:SL:BILL_TYPE,59:77:SL:BANK_NAME",[IN:pay_bill [SL:BILL_TYPE ityala lam lombane] [SL:BANK_NAME yakwa-Standardbank] ],BILL_TYPE: ityala lam lombane $$ BANK_NAME: yakwa-Standardbank,xho
banking,pay_bill,Please pay my water bill using my Nedbank account.,"15:33:SL:BILL_TYPE,59:72:SL:BANK_NAME",[IN:pay_bill [SL:BILL_TYPE ityala lam lamanzi] [SL:BANK_NAME yakwa-Nedbank] ],BILL_TYPE: ityala lam lamanzi $$ BANK_NAME: yakwa-Nedbank,xho
banking,pay_bill,Please pay my electricity bill using my FNB account.,"15:33:SL:BILL_TYPE,59:68:SL:BANK_NAME",[IN:pay_bill [SL:BILL_TYPE ityala lam lombane] [SL:BANK_NAME yakwa-FNB] ],BILL_TYPE: ityala lam lombane $$ BANK_NAME: yakwa-FNB,xho
banking,pay_bill,"I need to pay for the car, you can help me.",9:25:SL:BILL_TYPE,[IN:pay_bill [SL:BILL_TYPE ukubhatala imoto] ],BILL_TYPE: ukubhatala imoto,xho
banking,pay_bill,"I need to pay for the house, can you help me.",9:25:SL:BILL_TYPE,[IN:pay_bill [SL:BILL_TYPE ukubhatala indlu] ],BILL_TYPE: ukubhatala indlu,xho
banking,pay_bill,"I need to pay for electricity, can you help me.",9:26:SL:BILL_TYPE,[IN:pay_bill [SL:BILL_TYPE ukubhatala umbane] ],BILL_TYPE: ukubhatala umbane,xho
banking,pay_bill,"I need to pay for water, can you help me.",9:26:SL:BILL_TYPE,[IN:pay_bill [SL:BILL_TYPE ukubhatala amanzi] ],BILL_TYPE: ukubhatala amanzi,xho
banking,pay_bill,"I need to pay online, can you help me.",9:30:SL:BILL_TYPE,[IN:pay_bill [SL:BILL_TYPE ukubhatala inthanethi] ],BILL_TYPE: ukubhatala inthanethi,xho
banking,pay_bill,"I need to pay the bank, you can help me.",,[IN:pay_bill ],,xho
banking,pay_bill,"I need to pay off my Jet card, can you help me.",20:40:SL:BILL_TYPE,[IN:pay_bill [SL:BILL_TYPE ikhadi lam lakwa-Jet] ],BILL_TYPE: ikhadi lam lakwa-Jet,xho
banking,pay_bill,"I need to pay for DStv, can you help me.",20:25:SL:BILL_TYPE,[IN:pay_bill [SL:BILL_TYPE iDStv] ],BILL_TYPE: iDStv,xho
banking,pay_bill,"I need to pay Netflix, can you help me.",20:28:SL:BILL_TYPE,[IN:pay_bill [SL:BILL_TYPE uNetflix] ],BILL_TYPE: uNetflix,xho
banking,pay_bill,You can help me pay my MTN phone bill.,36:54:SL:BILL_TYPE,[IN:pay_bill [SL:BILL_TYPE ityala lam lefowni] ],BILL_TYPE: ityala lam lefowni,xho
banking,pay_bill,You can help me pay my car tire bill.,36:61:SL:BILL_TYPE,[IN:pay_bill [SL:BILL_TYPE ityala lam lamavili emoto] ],BILL_TYPE: ityala lam lamavili emoto,xho
banking,pay_bill,You can help me pay my hair salon bill.,36:54:SL:BILL_TYPE,[IN:pay_bill [SL:BILL_TYPE ityala lam lenwele] ],BILL_TYPE: ityala lam lenwele,xho
banking,pay_bill,You can help me pay my electricity bill.,36:54:SL:BILL_TYPE,[IN:pay_bill [SL:BILL_TYPE ityala lam lombane] ],BILL_TYPE: ityala lam lombane,xho
banking,pin_change,Please help me change my Old Mutual savings account pin to 6484,"37:65:SL:ACCOUNT_TYPE,66:82:SL:BANK_NAME",[IN:pin_change [SL:ACCOUNT_TYPE yeakhawunti yam yogcino mali] [SL:BANK_NAME yakwa Old Mutual] ],ACCOUNT_TYPE: yeakhawunti yam yogcino mali $$ BANK_NAME: yakwa Old Mutual,xho
banking,pin_change,Please help me change my Momentum savings account pin to 5844,"37:65:SL:ACCOUNT_TYPE,72:80:SL:BANK_NAME,85:93:SL:NUMBER",[IN:pin_change [SL:ACCOUNT_TYPE yeakhawunti yam yogcino mali] [SL:BANK_NAME Momentum] [SL:NUMBER ngu-5844] ],ACCOUNT_TYPE: yeakhawunti yam yogcino mali $$ BANK_NAME: Momentum $$ NUMBER: ngu-5844,xho
banking,pin_change,I made 1234 the new pin for my Old Mutual savings account.,"16:27:SL:NUMBER,47:71:SL:ACCOUNT_TYPE,72:88:SL:BANK_NAME",[IN:pin_change [SL:NUMBER ezithi-1234] [SL:ACCOUNT_TYPE ye-akhawunti yam yokonga] [SL:BANK_NAME yakwa Old Mutual] ],NUMBER: ezithi-1234 $$ ACCOUNT_TYPE: ye-akhawunti yam yokonga $$ BANK_NAME: yakwa Old Mutual,xho
banking,pin_change,I made the 0000 numbers the new pin for my Momentum savings account.,"16:27:SL:NUMBER,47:71:SL:ACCOUNT_TYPE",[IN:pin_change [SL:NUMBER ezithi-0000] [SL:ACCOUNT_TYPE ye-akhawunti yam yokonga] ],NUMBER: ezithi-0000 $$ ACCOUNT_TYPE: ye-akhawunti yam yokonga,xho
banking,pin_change,I made 2222 my new Nedbank savings account pin.,"16:27:SL:NUMBER,47:71:SL:ACCOUNT_TYPE,72:85:SL:BANK_NAME",[IN:pin_change [SL:NUMBER ezithi-2222] [SL:ACCOUNT_TYPE ye-akhawunti yam yokonga] [SL:BANK_NAME yakwa Nedbank] ],NUMBER: ezithi-2222 $$ ACCOUNT_TYPE: ye-akhawunti yam yokonga $$ BANK_NAME: yakwa Nedbank,xho
banking,pin_change,I made 8888 my new pin number for my Capitec savings account.,"47:71:SL:ACCOUNT_TYPE,72:85:SL:BANK_NAME",[IN:pin_change [SL:ACCOUNT_TYPE ye-akhawunti yam yokonga] [SL:BANK_NAME yakwa Capitec] ],ACCOUNT_TYPE: ye-akhawunti yam yokonga $$ BANK_NAME: yakwa Capitec,xho
banking,pin_change,I made 5555 my new Standard bank savings account pin.,"23:27:SL:NUMBER,47:71:SL:ACCOUNT_TYPE,78:91:SL:BANK_NAME",[IN:pin_change [SL:NUMBER 5555] [SL:ACCOUNT_TYPE ye-akhawunti yam yokonga] [SL:BANK_NAME Standard bank] ],NUMBER: 5555 $$ ACCOUNT_TYPE: ye-akhawunti yam yokonga $$ BANK_NAME: Standard bank,xho
banking,pin_change,I made 1111 my new PIN for my African savings account.,"16:27:SL:NUMBER,47:71:SL:ACCOUNT_TYPE,72:90:SL:BANK_NAME",[IN:pin_change [SL:NUMBER ezithi-1111] [SL:ACCOUNT_TYPE ye-akhawunti yam yokonga] [SL:BANK_NAME yakwa African bank] ],NUMBER: ezithi-1111 $$ ACCOUNT_TYPE: ye-akhawunti yam yokonga $$ BANK_NAME: yakwa African bank,xho
banking,pin_change,Make the number 3333 my new FNB savings account pin.,"16:27:SL:NUMBER,47:71:SL:ACCOUNT_TYPE,72:81:SL:BANK_NAME",[IN:pin_change [SL:NUMBER ezithi-3333] [SL:ACCOUNT_TYPE ye-akhawunti yam yokonga] [SL:BANK_NAME yakwa FNB] ],NUMBER: ezithi-3333 $$ ACCOUNT_TYPE: ye-akhawunti yam yokonga $$ BANK_NAME: yakwa FNB,xho
banking,pin_change,I made the numbers 6666 my new Absa savings account pin.,"16:27:SL:NUMBER,47:71:SL:ACCOUNT_TYPE,72:82:SL:BANK_NAME",[IN:pin_change [SL:NUMBER ezithi-6666] [SL:ACCOUNT_TYPE ye-akhawunti yam yokonga] [SL:BANK_NAME yakwa Absa] ],NUMBER: ezithi-6666 $$ ACCOUNT_TYPE: ye-akhawunti yam yokonga $$ BANK_NAME: yakwa Absa,xho
banking,pin_change,I made the numbers 9999 my new Tymebank savings account pin.,"16:27:SL:NUMBER,47:71:SL:ACCOUNT_TYPE,72:86:SL:BANK_NAME",[IN:pin_change [SL:NUMBER ezithi-9999] [SL:ACCOUNT_TYPE ye-akhawunti yam yokonga] [SL:BANK_NAME yakwa Tymebank] ],NUMBER: ezithi-9999 $$ ACCOUNT_TYPE: ye-akhawunti yam yokonga $$ BANK_NAME: yakwa Tymebank,xho
banking,pin_change,You can make 1234 the pin to my Capitec savings account.,"14:20:SL:NUMBER,27:50:SL:ACCOUNT_TYPE,51:64:SL:BANK_NAME",[IN:pin_change [SL:NUMBER u-1234] [SL:ACCOUNT_TYPE yeakhawunti yam yokonga] [SL:BANK_NAME kakwa Capitec] ],NUMBER: u-1234 $$ ACCOUNT_TYPE: yeakhawunti yam yokonga $$ BANK_NAME: kakwa Capitec,xho
banking,pin_change,You can make 1234 the pin of my FNB savings account.,"14:20:SL:NUMBER,27:50:SL:ACCOUNT_TYPE,51:60:SL:BANK_NAME",[IN:pin_change [SL:NUMBER u-1234] [SL:ACCOUNT_TYPE yeakhawunti yam yokonga] [SL:BANK_NAME kakwa FNB] ],NUMBER: u-1234 $$ ACCOUNT_TYPE: yeakhawunti yam yokonga $$ BANK_NAME: kakwa FNB,xho
banking,pin_change,You can make 1234 the pin for my Nedbank savings account.,"14:20:SL:NUMBER,27:50:SL:ACCOUNT_TYPE,51:64:SL:BANK_NAME",[IN:pin_change [SL:NUMBER u-1234] [SL:ACCOUNT_TYPE yeakhawunti yam yokonga] [SL:BANK_NAME kakwa Nedbank] ],NUMBER: u-1234 $$ ACCOUNT_TYPE: yeakhawunti yam yokonga $$ BANK_NAME: kakwa Nedbank,xho
banking,pin_change,You can make 1234 the pin for my Tymebank savings account.,"14:20:SL:NUMBER,27:50:SL:ACCOUNT_TYPE,51:65:SL:BANK_NAME",[IN:pin_change [SL:NUMBER u-1234] [SL:ACCOUNT_TYPE yeakhawunti yam yokonga] [SL:BANK_NAME kakwa Tymebank] ],NUMBER: u-1234 $$ ACCOUNT_TYPE: yeakhawunti yam yokonga $$ BANK_NAME: kakwa Tymebank,xho
banking,pin_change,You can make 1234 the pin of my savings account Absa.,"14:20:SL:NUMBER,27:50:SL:ACCOUNT_TYPE,57:61:SL:BANK_NAME",[IN:pin_change [SL:NUMBER u-1234] [SL:ACCOUNT_TYPE yeakhawunti yam yokonga] [SL:BANK_NAME Absa] ],NUMBER: u-1234 $$ ACCOUNT_TYPE: yeakhawunti yam yokonga $$ BANK_NAME: Absa,xho
banking,pin_change,Can I change my card number at the nearest Standard Bank branch?,57:75:SL:BANK_NAME,[IN:pin_change [SL:BANK_NAME yase-Standard Bank] ],BANK_NAME: yase-Standard Bank,xho
banking,pin_change,Can I change my card number at the nearest Old Mutual Bank branch?,57:77:SL:BANK_NAME,[IN:pin_change [SL:BANK_NAME yase-Old Mutual Bank] ],BANK_NAME: yase-Old Mutual Bank,xho
banking,pin_change,Can you delete your card PIN from your banking App?,,[IN:pin_change ],,xho
banking,pin_change,How many minutes does it take to change your card number at Capitec Bank?,59:72:SL:BANK_NAME,[IN:pin_change [SL:BANK_NAME eCapitec Bank] ],BANK_NAME: eCapitec Bank,xho
banking,pin_change,Can I change the card pin at the ATM?,,[IN:pin_change ],,xho
banking,pin_change,Would it be a problem if I gave my credit card number to someone else?,,[IN:pin_change ],,xho
banking,pin_change,What steps can you take if you forget your card's PIN?,,[IN:pin_change ],,xho
banking,pin_change,How long does the FNB withdrawal pin last before you need to replace it?,53:60:SL:BANK_NAME,[IN:pin_change [SL:BANK_NAME waseFNB] ],BANK_NAME: waseFNB,xho
banking,pin_change,Please look for the ewallet pin replacement number if it is out of date.,,[IN:pin_change ],,xho
banking,pin_change,Can I use internet banking on my phone to change my ABSA card PIN?,81:89:SL:BANK_NAME,[IN:pin_change [SL:BANK_NAME laseABSA] ],BANK_NAME: laseABSA,xho
banking,pin_change,Please find the number of the Tyme Bank branch that handles PIN change and card blocking issues.,36:50:SL:BANK_NAME,[IN:pin_change [SL:BANK_NAME lakwaTyme Bank] ],BANK_NAME: lakwaTyme Bank,xho
banking,pin_change,What number should I call if I want to create a new PIN for the Capitec Bank App?,77:88:SL:BANK_NAME,[IN:pin_change [SL:BANK_NAME yaseCapitec] ],BANK_NAME: yaseCapitec,xho
banking,pin_change,How do I change my pin number on my Capitec account.,58:71:SL:BANK_NAME,[IN:pin_change [SL:BANK_NAME yakwa-Capitec] ],BANK_NAME: yakwa-Capitec,xho
banking,pin_change,How do I change my PIN number on my Nedbank account.,58:71:SL:BANK_NAME,[IN:pin_change [SL:BANK_NAME yakwa-Nedbank] ],BANK_NAME: yakwa-Nedbank,xho
banking,pin_change,How do I change my pin number on my FNB account?,58:67:SL:BANK_NAME,[IN:pin_change [SL:BANK_NAME yakwa-FNB] ],BANK_NAME: yakwa-FNB,xho
banking,pin_change,How do I change my pin number on my Absa account?,58:68:SL:BANK_NAME,[IN:pin_change [SL:BANK_NAME yakwa-Absa] ],BANK_NAME: yakwa-Absa,xho
banking,pin_change,How do I change my pin number on my Tymebank account?,58:72:SL:BANK_NAME,[IN:pin_change [SL:BANK_NAME yakwa-Tymebank] ],BANK_NAME: yakwa-Tymebank,xho
banking,pin_change,How do I change my pin number on my Standard bank account.,58:77:SL:BANK_NAME,[IN:pin_change [SL:BANK_NAME yakwa-Standard bank] ],BANK_NAME: yakwa-Standard bank,xho
banking,pin_change,How do I change my pin number on my African banj account.,58:76:SL:BANK_NAME,[IN:pin_change [SL:BANK_NAME yakwa-African banj] ],BANK_NAME: yakwa-African banj,xho
banking,pin_change,Change my pin number on my Capitec account.,48:61:SL:BANK_NAME,[IN:pin_change [SL:BANK_NAME yakwa-Capitec] ],BANK_NAME: yakwa-Capitec,xho
banking,pin_change,Change my pin number to my Nedbank account.,48:61:SL:BANK_NAME,[IN:pin_change [SL:BANK_NAME yakwa-Nedbank] ],BANK_NAME: yakwa-Nedbank,xho
banking,pin_change,Change my pin number on my FNB account.,48:57:SL:BANK_NAME,[IN:pin_change [SL:BANK_NAME yakwa-FNB] ],BANK_NAME: yakwa-FNB,xho
banking,pin_change,Change my pin number on my Absa account.,48:58:SL:BANK_NAME,[IN:pin_change [SL:BANK_NAME yakwa-Absa] ],BANK_NAME: yakwa-Absa,xho
banking,pin_change,Change my pin number on my Tymebank account..,48:62:SL:BANK_NAME,[IN:pin_change [SL:BANK_NAME yakwa-Tymebank] ],BANK_NAME: yakwa-Tymebank,xho
banking,pin_change,Change my pin number to my Standard bank account.,48:67:SL:BANK_NAME,[IN:pin_change [SL:BANK_NAME yakwa-Standard bank] ],BANK_NAME: yakwa-Standard bank,xho
banking,pin_change,Change my pin number to my African bank account.,48:66:SL:BANK_NAME,[IN:pin_change [SL:BANK_NAME yakwa-African bank] ],BANK_NAME: yakwa-African bank,xho
banking,pin_change,Please change my pep parcel pin to 8765.,51:59:SL:NUMBER,[IN:pin_change [SL:NUMBER ngu-8765] ],NUMBER: ngu-8765,xho
banking,pin_change,Change my postal code to 7369.,47:55:SL:NUMBER,[IN:pin_change [SL:NUMBER ngu-7369] ],NUMBER: ngu-7369,xho
banking,pin_change,Please change my postal code to 73t9.,53:61:SL:NUMBER,[IN:pin_change [SL:NUMBER ngu-73t9] ],NUMBER: ngu-73t9,xho
banking,pin_change,Please change the PIN on my Capitec bank account to 11883.,"49:62:SL:BANK_NAME,67:76:SL:NUMBER",[IN:pin_change [SL:BANK_NAME yakwa-Capitec] [SL:NUMBER ngu-11883] ],BANK_NAME: yakwa-Capitec $$ NUMBER: ngu-11883,xho
banking,pin_change,Please change the PIN on my Nedbank account to 88643.,"49:62:SL:BANK_NAME,67:76:SL:NUMBER",[IN:pin_change [SL:BANK_NAME yakwa-Nedbank] [SL:NUMBER ngu-88643] ],BANK_NAME: yakwa-Nedbank $$ NUMBER: ngu-88643,xho
banking,pin_change,Please change the PIN on my Absa bank account to 63727.,"49:59:SL:BANK_NAME,64:73:SL:NUMBER",[IN:pin_change [SL:BANK_NAME yakwa-Absa] [SL:NUMBER ngu-63727] ],BANK_NAME: yakwa-Absa $$ NUMBER: ngu-63727,xho
banking,pin_change,Please change the PIN on my FNB bank account to 83717.,"49:58:SL:BANK_NAME,63:72:SL:NUMBER",[IN:pin_change [SL:BANK_NAME yakwa-FNB] [SL:NUMBER ngu-83717] ],BANK_NAME: yakwa-FNB $$ NUMBER: ngu-83717,xho
banking,pin_change,Please change the PIN on my Tymebank account to 29936.,"49:63:SL:BANK_NAME,68:77:SL:NUMBER",[IN:pin_change [SL:BANK_NAME yakwa-Tymebank] [SL:NUMBER ngu-29936] ],BANK_NAME: yakwa-Tymebank $$ NUMBER: ngu-29936,xho
banking,pin_change,Please change the pin on my Standard Bank account to 1991.,"49:67:SL:BANK_NAME,72:81:SL:NUMBER",[IN:pin_change [SL:BANK_NAME yakwa-Standardbank] [SL:NUMBER ngu-19912] ],BANK_NAME: yakwa-Standardbank $$ NUMBER: ngu-19912,xho
banking,pin_change,Please change the PIN on my African bank account to 11899.,"49:67:SL:BANK_NAME,72:81:SL:NUMBER",[IN:pin_change [SL:BANK_NAME yakwa-African bank] [SL:NUMBER ngu-11899] ],BANK_NAME: yakwa-African bank $$ NUMBER: ngu-11899,xho
banking,pin_change,"I need to change my Nedbank pin number, please give me the numbers I can use.",42:55:SL:BANK_NAME,[IN:pin_change [SL:BANK_NAME yakwa-Nedbank] ],BANK_NAME: yakwa-Nedbank,xho
banking,pin_change,"I need to change my Capitec pin numbers, please give me the numbers I can use.",42:55:SL:BANK_NAME,[IN:pin_change [SL:BANK_NAME yakwa-Capitec] ],BANK_NAME: yakwa-Capitec,xho
banking,pin_change,"I need to change my Standard bank pin number, please give me the numbers I can use.",42:61:SL:BANK_NAME,[IN:pin_change [SL:BANK_NAME yakwa-Standard bank] ],BANK_NAME: yakwa-Standard bank,xho
banking,pin_change,"I need to change my Absa pin numbers, please give me the numbers I can use.",42:52:SL:BANK_NAME,[IN:pin_change [SL:BANK_NAME yakwa-Absa] ],BANK_NAME: yakwa-Absa,xho
banking,pin_change,"I need to change my FNB pin number, please give me the numbers I can use.",42:51:SL:BANK_NAME,[IN:pin_change [SL:BANK_NAME yakwa-FNB] ],BANK_NAME: yakwa-FNB,xho
banking,pin_change,"I need to change my Tymebank pin number, please give me the numbers I can use.",42:56:SL:BANK_NAME,[IN:pin_change [SL:BANK_NAME yakwa-Tymebank] ],BANK_NAME: yakwa-Tymebank,xho
banking,pin_change,"I need to change my African bank pin number, please give me the number I can use.",42:60:SL:BANK_NAME,[IN:pin_change [SL:BANK_NAME yakwa-African bank] ],BANK_NAME: yakwa-African bank,xho
banking,pin_change,Please transfer my Capietc app pin.,40:53:SL:BANK_NAME,[IN:pin_change [SL:BANK_NAME yakwa Capietc] ],BANK_NAME: yakwa Capietc,xho
banking,pin_change,Please transfer my Nedbank app PIN.,40:53:SL:BANK_NAME,[IN:pin_change [SL:BANK_NAME yakwa Nedbank] ],BANK_NAME: yakwa Nedbank,xho
banking,pin_change,Please change the PIN for my Absa app.,40:50:SL:BANK_NAME,[IN:pin_change [SL:BANK_NAME yakwa Absa] ],BANK_NAME: yakwa Absa,xho
banking,pin_change,Please transfer my African bank app PIN.,40:58:SL:BANK_NAME,[IN:pin_change [SL:BANK_NAME yakwa African bank] ],BANK_NAME: yakwa African bank,xho
banking,pin_change,Please transfer my PIN to my Standard bank app.,40:59:SL:BANK_NAME,[IN:pin_change [SL:BANK_NAME yakwa Standard bank] ],BANK_NAME: yakwa Standard bank,xho
banking,pin_change,Please transfer my Tymebank app PIN.,40:54:SL:BANK_NAME,[IN:pin_change [SL:BANK_NAME yakwa Tymebank] ],BANK_NAME: yakwa Tymebank,xho
banking,pin_change,Please transfer the PIN of my FNB app.,40:49:SL:BANK_NAME,[IN:pin_change [SL:BANK_NAME yakwa FNB] ],BANK_NAME: yakwa FNB,xho
banking,pin_change,How do I update the pin number on my FNB account?,52:61:SL:BANK_NAME,[IN:pin_change [SL:BANK_NAME yakwa FNB] ],BANK_NAME: yakwa FNB,xho
banking,pin_change,How do I update the pin number on my Capitec account?,52:65:SL:BANK_NAME,[IN:pin_change [SL:BANK_NAME yakwa Capitec] ],BANK_NAME: yakwa Capitec,xho
banking,pin_change,How do I update the pin number on my Nedbank account?,52:65:SL:BANK_NAME,[IN:pin_change [SL:BANK_NAME yakwa Nedbank] ],BANK_NAME: yakwa Nedbank,xho
banking,pin_change,How do I update my Tymebank account pin number?,52:66:SL:BANK_NAME,[IN:pin_change [SL:BANK_NAME yakwa Tymebank] ],BANK_NAME: yakwa Tymebank,xho
banking,pin_change,How do I update the pin number on my Standard bank account?,58:71:SL:BANK_NAME,[IN:pin_change [SL:BANK_NAME Standard bank] ],BANK_NAME: Standard bank,xho
banking,pin_change,How do I update the pin number on my Absa account?,52:62:SL:BANK_NAME,[IN:pin_change [SL:BANK_NAME yakwa Absa] ],BANK_NAME: yakwa Absa,xho
banking,pin_change,How do I update my African bank account pin number?,52:70:SL:BANK_NAME,[IN:pin_change [SL:BANK_NAME yakwa African bank] ],BANK_NAME: yakwa African bank,xho
banking,pin_change,Please help me change my Nedbank savings account pin to 1234,"37:65:SL:ACCOUNT_TYPE,66:79:SL:BANK_NAME",[IN:pin_change [SL:ACCOUNT_TYPE yeakhawunti yam yogcino mali] [SL:BANK_NAME yakwa Nedbank] ],ACCOUNT_TYPE: yeakhawunti yam yogcino mali $$ BANK_NAME: yakwa Nedbank,xho
banking,pin_change,Please help me change my Capitec bank account pin to 1111.,"37:65:SL:ACCOUNT_TYPE,66:79:SL:BANK_NAME,84:92:SL:NUMBER",[IN:pin_change [SL:ACCOUNT_TYPE yeakhawunti yam yogcino mali] [SL:BANK_NAME yakwa Capitec] [SL:NUMBER ngu-1111] ],ACCOUNT_TYPE: yeakhawunti yam yogcino mali $$ BANK_NAME: yakwa Capitec $$ NUMBER: ngu-1111,xho
banking,pin_change,Please help me change my Absa savings account pin to 2222,"37:65:SL:ACCOUNT_TYPE,66:76:SL:BANK_NAME,81:89:SL:NUMBER",[IN:pin_change [SL:ACCOUNT_TYPE yeakhawunti yam yogcino mali] [SL:BANK_NAME yakwa Absa] [SL:NUMBER ngu-2222] ],ACCOUNT_TYPE: yeakhawunti yam yogcino mali $$ BANK_NAME: yakwa Absa $$ NUMBER: ngu-2222,xho
banking,pin_change,Please help me change my FNB savings account pin to 3333,"37:65:SL:ACCOUNT_TYPE,66:75:SL:BANK_NAME,80:88:SL:NUMBER",[IN:pin_change [SL:ACCOUNT_TYPE yeakhawunti yam yogcino mali] [SL:BANK_NAME yakwa FNB] [SL:NUMBER ngu-3333] ],ACCOUNT_TYPE: yeakhawunti yam yogcino mali $$ BANK_NAME: yakwa FNB $$ NUMBER: ngu-3333,xho
banking,pin_change,Please help me change my Tymebank savings account pin to 4444,"37:65:SL:ACCOUNT_TYPE,66:80:SL:BANK_NAME,85:93:SL:NUMBER",[IN:pin_change [SL:ACCOUNT_TYPE yeakhawunti yam yogcino mali] [SL:BANK_NAME yakwa Tymebank] [SL:NUMBER ngu-4444] ],ACCOUNT_TYPE: yeakhawunti yam yogcino mali $$ BANK_NAME: yakwa Tymebank $$ NUMBER: ngu-4444,xho
banking,pin_change,Please help me change my African bank account pin to 5555,"37:65:SL:ACCOUNT_TYPE,66:84:SL:BANK_NAME,89:97:SL:NUMBER",[IN:pin_change [SL:ACCOUNT_TYPE yeakhawunti yam yogcino mali] [SL:BANK_NAME yakwa African bank] [SL:NUMBER ngu-5555] ],ACCOUNT_TYPE: yeakhawunti yam yogcino mali $$ BANK_NAME: yakwa African bank $$ NUMBER: ngu-5555,xho
banking,pin_change,Please help me change my Standard bank account pin to 6666,"37:65:SL:ACCOUNT_TYPE,66:85:SL:BANK_NAME,90:98:SL:NUMBER",[IN:pin_change [SL:ACCOUNT_TYPE yeakhawunti yam yogcino mali] [SL:BANK_NAME yakwa Standard bank] [SL:NUMBER ngu-6666] ],ACCOUNT_TYPE: yeakhawunti yam yogcino mali $$ BANK_NAME: yakwa Standard bank $$ NUMBER: ngu-6666,xho
banking,spending_history,How much have I paid for holiday expenses recently.,,[IN:spending_history ],,xho
banking,spending_history,Tell me how much I spent on fast food this week.,62:70:SL:DATE,[IN:spending_history [SL:DATE kuleveki] ],DATE: kuleveki,xho
banking,spending_history,Tell me how much I spent on the bus this week.,55:63:SL:DATE,[IN:spending_history [SL:DATE kuleveki] ],DATE: kuleveki,xho
banking,spending_history,Tell me how much money I spent on clothes this month.,"50:57:SL:SHOPPING_ITEM,58:68:SL:DATE",[IN:spending_history [SL:SHOPPING_ITEM impahla] [SL:DATE kulenyanga] ],SHOPPING_ITEM: impahla $$ DATE: kulenyanga,xho
banking,spending_history,Tell me how much I spent on groceries in the last two weeks.,59:89:SL:DATE,[IN:spending_history [SL:DATE kweziveki zimbini zigqithileyo] ],DATE: kweziveki zimbini zigqithileyo,xho
banking,spending_history,Tell me how much I spent on car payments this month.,57:67:SL:DATE,[IN:spending_history [SL:DATE kulonyanga] ],DATE: kulonyanga,xho
banking,spending_history,Tell me how much I have spent on rent in the last five years.,"38:54:SL:BILL_TYPE,55:86:SL:DATE",[IN:spending_history [SL:BILL_TYPE ndibhatala indlu] [SL:DATE kuleminyaka mihlanu igqithileyo] ],BILL_TYPE: ndibhatala indlu $$ DATE: kuleminyaka mihlanu igqithileyo,xho
banking,spending_history,Tell me how much I spent on alcohol last week.,"38:47:SL:SHOPPING_ITEM,48:56:SL:DATE",[IN:spending_history [SL:SHOPPING_ITEM etywaleni] [SL:DATE kuleveki] ],SHOPPING_ITEM: etywaleni $$ DATE: kuleveki,xho
banking,spending_history,Tell me how much money I spent on candy this month.,"38:47:SL:SHOPPING_ITEM,48:58:SL:DATE",[IN:spending_history [SL:SHOPPING_ITEM kwilekese] [SL:DATE kulenyanga] ],SHOPPING_ITEM: kwilekese $$ DATE: kulenyanga,xho
banking,spending_history,Tell me how much money I spent in a restaurant this week.,53:61:SL:DATE,[IN:spending_history [SL:DATE kuleveki] ],DATE: kuleveki,xho
banking,spending_history,Tell me how much I spend on shoes this month.,57:67:SL:DATE,[IN:spending_history [SL:DATE kulenyanga] ],DATE: kulenyanga,xho
banking,spending_history,Tell me how much money I spent on hair this week.,55:63:SL:DATE,[IN:spending_history [SL:DATE kuleveki] ],DATE: kuleveki,xho
banking,spending_history,Tell me how much money I spent on clothes this month.,48:58:SL:DATE,[IN:spending_history [SL:DATE kulenyanga] ],DATE: kulenyanga,xho
banking,spending_history,Tell me how much I spent on patrol this week.,48:56:SL:DATE,[IN:spending_history [SL:DATE kuleveki] ],DATE: kuleveki,xho
banking,spending_history,Tell me how much I spent on electricity this week.,"38:46:SL:BILL_TYPE,47:55:SL:DATE",[IN:spending_history [SL:BILL_TYPE embaneni] [SL:DATE kuleveki] ],BILL_TYPE: embaneni $$ DATE: kuleveki,xho
banking,spending_history,Tell me how much money I have spent on bank bills this year.,"49:65:SL:BILL_TYPE,66:75:SL:DATE",[IN:spending_history [SL:BILL_TYPE amatyala ebhanki] [SL:DATE kulonyaka] ],BILL_TYPE: amatyala ebhanki $$ DATE: kulonyaka,xho
banking,spending_history,I've spent money on nothing in the past few weeks.,,[IN:spending_history ],,xho
banking,spending_history,I've been spending a lot of money on shoes.,,[IN:spending_history ],,xho
banking,spending_history,I was spending too much money on food.,,[IN:spending_history ],,xho
banking,spending_history,I used to spend a lot of money on clothes.,,[IN:spending_history ],,xho
banking,spending_history,Did I spend a lot of money on furniture?,32:48:SL:BILL_TYPE,[IN:spending_history [SL:BILL_TYPE kwimpahla yendlu] ],BILL_TYPE: kwimpahla yendlu,xho
banking,spending_history,I was spending too much on gasoline.,,[IN:spending_history ],,xho
banking,spending_history,Did I spend a lot of money on alcohol?,,[IN:spending_history ],,xho
banking,spending_history,I've been spending a lot of money on beauty products.,,[IN:spending_history ],,xho
banking,spending_history,I spent a lot of money on short vacations.,,[IN:spending_history ],,xho
banking,spending_history,Did I spend a lot of money on gifts for friends?,,[IN:spending_history ],,xho
banking,spending_history,How much money I spent on shoes this month.,"17:28:SL:SHOPPING_ITEM,29:39:SL:DATE",[IN:spending_history [SL:SHOPPING_ITEM kwizihlangu] [SL:DATE kulenyanga] ],SHOPPING_ITEM: kwizihlangu $$ DATE: kulenyanga,xho
banking,spending_history,How much money I spent on clothes in the last three months.,38:70:SL:DATE,[IN:spending_history [SL:DATE kwezinyanga zintathu zidlulileyo] ],DATE: kwezinyanga zintathu zidlulileyo,xho
banking,spending_history,How much I spent on furniture last year.,34:54:SL:DATE,[IN:spending_history [SL:DATE kulonyaka uphelileyo] ],DATE: kulonyaka uphelileyo,xho
banking,spending_history,How much I spent on groceries this month.,28:38:SL:DATE,[IN:spending_history [SL:DATE kulenyanga] ],DATE: kulenyanga,xho
banking,spending_history,How much I spent on car fuel in the last seven months.,35:69:SL:DATE,[IN:spending_history [SL:DATE kwezinyanga zisixhenxe zidlulileyo] ],DATE: kwezinyanga zisixhenxe zidlulileyo,xho
banking,spending_history,How much money I spent on beauty products this month.,36:46:SL:DATE,[IN:spending_history [SL:DATE kulenyanga] ],DATE: kulenyanga,xho
banking,spending_history,How much did I spend on alcohol this past weekend?,27:41:SL:DATE,[IN:spending_history [SL:DATE kulempela veki] ],DATE: kulempela veki,xho
banking,spending_history,How much I spent on short vacations in the last five years.,40:72:SL:DATE,[IN:spending_history [SL:DATE kuleminyaka mihlanu migqithileyo] ],DATE: kuleminyaka mihlanu migqithileyo,xho
banking,spending_history,How much did I spend on gifts for friends last year?,36:56:SL:DATE,[IN:spending_history [SL:DATE kulonyaka uphelileyo] ],DATE: kulonyaka uphelileyo,xho
banking,spending_history,How much rent I paid in the last 6 months,"25:31:SL:BILL_TYPE,32:61:SL:DATE",[IN:spending_history [SL:BILL_TYPE irenti] [SL:DATE kwiinyanga ezi-6 ezidlulileyo] ],BILL_TYPE: irenti $$ DATE: kwiinyanga ezi-6 ezidlulileyo,xho
banking,spending_history,How much I paid for car loans in the last 10 months,"25:40:SL:BILL_TYPE,41:73:SL:DATE",[IN:spending_history [SL:BILL_TYPE kwityala lemoto] [SL:DATE kwiinyanga ezili-10 ezidlulileyo] ],BILL_TYPE: kwityala lemoto $$ DATE: kwiinyanga ezili-10 ezidlulileyo,xho
banking,spending_history,How much I paid off my mortgage over the past 5 years.,"25:48:SL:BILL_TYPE,53:81:SL:DATE",[IN:spending_history [SL:BILL_TYPE kwityala lemali mboleko] [SL:DATE kuleminyaka mi-5 endlulileyo] ],BILL_TYPE: kwityala lemali mboleko $$ DATE: kuleminyaka mi-5 endlulileyo,xho
banking,spending_history,How much money I paid on my credit card in the last 6 months,"25:45:SL:BILL_TYPE,46:75:SL:DATE",[IN:spending_history [SL:BILL_TYPE kwikhadi lam letyala] [SL:DATE kwiinyanga ezi-6 ezidlulileyo] ],BILL_TYPE: kwikhadi lam letyala $$ DATE: kwiinyanga ezi-6 ezidlulileyo,xho
banking,spending_history,How much I paid for medical care in the past year.,"25:43:SL:BILL_TYPE,44:64:SL:DATE",[IN:spending_history [SL:BILL_TYPE kuncedo lozonyango] [SL:DATE kulonyaka udlulileyo] ],BILL_TYPE: kuncedo lozonyango $$ DATE: kulonyaka udlulileyo,xho
banking,spending_history,Give me details of how much I recently spent on alcohol,,[IN:spending_history ],,xho
banking,spending_history,Give me details of how much I recently spent on food,,[IN:spending_history ],,xho
banking,spending_history,Give me details of how much I recently spent on clothes,,[IN:spending_history ],,xho
banking,spending_history,Give me details of how much I recently spent on furniture,,[IN:spending_history ],,xho
banking,spending_history,Give me details of how much I spent on food recently cooked,,[IN:spending_history ],,xho
banking,spending_history,Give me details of how much I recently spent on cigarettes,54:59:SL:SHOPPING_ITEM,[IN:spending_history [SL:SHOPPING_ITEM icuba] ],SHOPPING_ITEM: icuba,xho
banking,spending_history,Give me details of how much I recently spent on snacks,,[IN:spending_history ],,xho
banking,spending_history,Give me details of how much I recently spent on car loan,55:68:SL:BILL_TYPE,[IN:spending_history [SL:BILL_TYPE ityala lemoto] ],BILL_TYPE: ityala lemoto,xho
banking,spending_history,Give me details of how much I spent on recent car repairs,,[IN:spending_history ],,xho
banking,spending_history,Give me details of how much I recently spent on gasoline,,[IN:spending_history ],,xho
banking,spending_history,Give me details of how much I spent on my recent mortgage,55:68:SL:BILL_TYPE,[IN:spending_history [SL:BILL_TYPE ityala lendlu] ],BILL_TYPE: ityala lendlu,xho
banking,spending_history,Give me details of how much I recently spent on home repairs,,[IN:spending_history ],,xho
banking,spending_history,Give me details of how much I recently spent on entertainment,,[IN:spending_history ],,xho
banking,spending_history,How much money I spent on shoes this month,"22:33:SL:SHOPPING_ITEM,34:45:SL:DATE",[IN:spending_history [SL:SHOPPING_ITEM kwizihlangu] [SL:DATE kule nyanga] ],SHOPPING_ITEM: kwizihlangu $$ DATE: kule nyanga,xho
banking,spending_history,That's how much I spent on clothes this year.,33:43:SL:DATE,[IN:spending_history [SL:DATE kulo nyaka] ],DATE: kulo nyaka,xho
banking,spending_history,How much money I spent on gasoline this month,33:44:SL:DATE,[IN:spending_history [SL:DATE kule nyanga] ],DATE: kule nyanga,xho
banking,spending_history,That's how much I spent on groceries this week.,33:42:SL:DATE,[IN:spending_history [SL:DATE kule veki] ],DATE: kule veki,xho
banking,spending_history,That's how much I spent on rent this year.,"22:30:SL:BILL_TYPE,31:41:SL:DATE",[IN:spending_history [SL:BILL_TYPE kwirenti] [SL:DATE kulo nyaka] ],BILL_TYPE: kwirenti $$ DATE: kulo nyaka,xho
banking,spending_history,How much money I spent in restaurants this month,41:52:SL:DATE,[IN:spending_history [SL:DATE kule nyanga] ],DATE: kule nyanga,xho
banking,spending_history,How much money I spent in bars this month,40:51:SL:DATE,[IN:spending_history [SL:DATE kule nyanga] ],DATE: kule nyanga,xho
banking,spending_history,That's how much I spent at the gym this year.,45:55:SL:DATE,[IN:spending_history [SL:DATE kulo nyaka] ],DATE: kulo nyaka,xho
banking,spending_history,How much money I spent this month eating out. ,27:37:SL:DATE,[IN:spending_history [SL:DATE kulenyanga] ],DATE: kulenyanga,xho
banking,spending_history,How much money I spent on groceries this week.,27:35:SL:DATE,[IN:spending_history [SL:DATE kuleveki] ],DATE: kuleveki,xho
banking,spending_history,How much money I spent this year on clothes.,27:36:SL:DATE,[IN:spending_history [SL:DATE kulonyaka] ],DATE: kulonyaka,xho
banking,spending_history,How much I spent on car fuel this week.,27:35:SL:DATE,[IN:spending_history [SL:DATE kuleveki] ],DATE: kuleveki,xho
banking,spending_history,How much money I spent this year fixing my car.,27:36:SL:DATE,[IN:spending_history [SL:DATE kulonyaka] ],DATE: kulonyaka,xho
banking,spending_history,How much money I spent this month on furniture.,27:37:SL:DATE,[IN:spending_history [SL:DATE kulenyanga] ],DATE: kulenyanga,xho
banking,spending_history,How much money I spent this month on nails and head.,27:37:SL:DATE,[IN:spending_history [SL:DATE kulenyanga] ],DATE: kulenyanga,xho
banking,spending_history,How much have I recently paid for medical expenses?,18:37:SL:BILL_TYPE,[IN:spending_history [SL:BILL_TYPE kwiindleko zonyango] ],BILL_TYPE: kwiindleko zonyango,xho
banking,spending_history,How much have I paid for car expenses recently.,18:35:SL:BILL_TYPE,[IN:spending_history [SL:BILL_TYPE kwiindleko zemoto] ],BILL_TYPE: kwiindleko zemoto,xho
banking,spending_history,How much have I paid for furniture recently?,,[IN:spending_history ],,xho
banking,spending_history,How much money have I spent on clothing recently?,,[IN:spending_history ],,xho
banking,spending_history,How much have I paid for food recently?,,[IN:spending_history ],,xho
banking,spending_history,How much did I pay for electricity recently?,18:36:SL:BILL_TYPE,[IN:spending_history [SL:BILL_TYPE kwiindleko zombane] ],BILL_TYPE: kwiindleko zombane,xho
banking,spending_history,How much did I pay for water recently?,18:36:SL:BILL_TYPE,[IN:spending_history [SL:BILL_TYPE kwiindleko zamanzi] ],BILL_TYPE: kwiindleko zamanzi,xho
banking,spending_history,How much have I paid for municipal expenses recently?,18:41:SL:BILL_TYPE,[IN:spending_history [SL:BILL_TYPE kwiindleko zikamasipala] ],BILL_TYPE: kwiindleko zikamasipala,xho
banking,spending_history,How much have I paid in tax expenses recently.,18:36:SL:BILL_TYPE,[IN:spending_history [SL:BILL_TYPE kwiindleko zerhafu] ],BILL_TYPE: kwiindleko zerhafu,xho
banking,spending_history,How much have I paid in interest rate charges on car loans recently.,18:63:SL:BILL_TYPE,[IN:spending_history [SL:BILL_TYPE kwiindleko zomgangatho wenzala yetyala lemoto] ],BILL_TYPE: kwiindleko zomgangatho wenzala yetyala lemoto,xho
banking,spending_history,How much have I paid for school expenses recently.,18:44:SL:BILL_TYPE,[IN:spending_history [SL:BILL_TYPE kwiindleko zemali yesikolo] ],BILL_TYPE: kwiindleko zemali yesikolo,xho
banking,spending_history,How much have I paid in recent bills.,,[IN:spending_history ],,xho
banking,transactions,Open the FNB banking app and view my latest transactions.,25:34:SL:BANK_NAME,[IN:transactions [SL:BANK_NAME yakwa-FNB] ],BANK_NAME: yakwa-FNB,xho
banking,transactions,Open the Absa bank app and view my recent transactions.,25:35:SL:BANK_NAME,[IN:transactions [SL:BANK_NAME yakwa-Absa] ],BANK_NAME: yakwa-Absa,xho
banking,transactions,Open my Standardbank banking app and view my recent transactions.,25:43:SL:BANK_NAME,[IN:transactions [SL:BANK_NAME yakwa-Standardbank] ],BANK_NAME: yakwa-Standardbank,xho
banking,transactions,Open the Africanbank app and view the latest transactions.,25:42:SL:BANK_NAME,[IN:transactions [SL:BANK_NAME yakwa-Africanbank] ],BANK_NAME: yakwa-Africanbank,xho
banking,transactions,Open my Tymebank banking app and view my latest transactions.,25:39:SL:BANK_NAME,[IN:transactions [SL:BANK_NAME yakwa-Tymebank] ],BANK_NAME: yakwa-Tymebank,xho
banking,transactions,Open the Capitec mobile banking app and view my recent transactions.,25:38:SL:BANK_NAME,[IN:transactions [SL:BANK_NAME yakwa-Capitec] ],BANK_NAME: yakwa-Capitec,xho
banking,transactions,Open the Nedbank app and view my latest transactions.,25:38:SL:BANK_NAME,[IN:transactions [SL:BANK_NAME yakwa-Nedbank] ],BANK_NAME: yakwa-Nedbank,xho
banking,transactions,Open the First Rand bank app and view my recent transactions.,25:41:SL:BANK_NAME,[IN:transactions [SL:BANK_NAME yakwa-First Rand] ],BANK_NAME: yakwa-First Rand,xho
banking,transactions,Open the Old Mutual bank app and view the latest transactions.,25:41:SL:BANK_NAME,[IN:transactions [SL:BANK_NAME yakwa-Old Mutual] ],BANK_NAME: yakwa-Old Mutual,xho
banking,transactions,Show me all my African Bank transactions.,34:51:SL:BANK_NAME,[IN:transactions [SL:BANK_NAME zakwa-Africanbank] ],BANK_NAME: zakwa-Africanbank,xho
banking,transactions,Show me all my Nedbank transactions.,34:47:SL:BANK_NAME,[IN:transactions [SL:BANK_NAME zakwa-Nedbank] ],BANK_NAME: zakwa-Nedbank,xho
banking,transactions,Show me all my Old Mutual transactions.,34:50:SL:BANK_NAME,[IN:transactions [SL:BANK_NAME zakwa-Old Mutual] ],BANK_NAME: zakwa-Old Mutual,xho
banking,transactions,Show me all my transactions from the Tembank.,34:48:SL:BANK_NAME,[IN:transactions [SL:BANK_NAME zakwa-Tyembank] ],BANK_NAME: zakwa-Tyembank,xho
banking,transactions,Show me all my FNB transactions.,34:43:SL:BANK_NAME,[IN:transactions [SL:BANK_NAME zakwa-FNB] ],BANK_NAME: zakwa-FNB,xho
banking,transactions,"Show me all my Absa transactions, and I'll show you mine.",34:44:SL:BANK_NAME,[IN:transactions [SL:BANK_NAME zakwa-Absa] ],BANK_NAME: zakwa-Absa,xho
banking,transactions,Show me all my transactions in the First Rand.,34:50:SL:BANK_NAME,[IN:transactions [SL:BANK_NAME zakwa-First Rand] ],BANK_NAME: zakwa-First Rand,xho
banking,transactions,You can inform me of my recent transactions in my Nedbank accounts.,62:75:SL:BANK_NAME,[IN:transactions [SL:BANK_NAME yakwa-Nedbank] ],BANK_NAME: yakwa-Nedbank,xho
banking,transactions,You can inform me of my recent transactions in my Capitec accounts.,62:75:SL:BANK_NAME,[IN:transactions [SL:BANK_NAME yakwa-Capitec] ],BANK_NAME: yakwa-Capitec,xho
banking,transactions,You can inform me of my recent transactions in my Absa accounts.,62:72:SL:BANK_NAME,[IN:transactions [SL:BANK_NAME yakwa-Absa] ],BANK_NAME: yakwa-Absa,xho
banking,transactions,You can inform me of my recent transactions in my FNB accounts.,62:71:SL:BANK_NAME,[IN:transactions [SL:BANK_NAME yakwa-FNB] ],BANK_NAME: yakwa-FNB,xho
banking,transactions,You can inform me of my recent transactions in my Discovery bank account.,62:82:SL:BANK_NAME,[IN:transactions [SL:BANK_NAME yakwa-Discovery bank] ],BANK_NAME: yakwa-Discovery bank,xho
banking,transactions,You can inform me of my recent transactions in my Standardbank accounts.,62:80:SL:BANK_NAME,[IN:transactions [SL:BANK_NAME yakwa-Standardbank] ],BANK_NAME: yakwa-Standardbank,xho
banking,transactions,You can inform me of my recent transactions in my Africanbank accounts.,62:79:SL:BANK_NAME,[IN:transactions [SL:BANK_NAME yakwa-Africanbank] ],BANK_NAME: yakwa-Africanbank,xho
banking,transactions,You can inform me of my recent transactions in my Tymebank accounts.,62:76:SL:BANK_NAME,[IN:transactions [SL:BANK_NAME yakwa-Tymebank] ],BANK_NAME: yakwa-Tymebank,xho
banking,transactions,You can inform me of my recent transactions in my First Rand accounts.,62:78:SL:BANK_NAME,[IN:transactions [SL:BANK_NAME yakwa-First Rand] ],BANK_NAME: yakwa-First Rand,xho
banking,transactions,You can inform me of my recent transactions in my Old Mutual accounts.,62:78:SL:BANK_NAME,[IN:transactions [SL:BANK_NAME yakwa-Old Mutual] ],BANK_NAME: yakwa-Old Mutual,xho
banking,transactions,You can show me the deal I made last night at the KFC.,66:75:SL:RESTAURANT_NAME,[IN:transactions [SL:RESTAURANT_NAME yakwa-KFC] ],RESTAURANT_NAME: yakwa-KFC,xho
banking,transactions,You can show me the transaction I made yesterday at the Nandos restaurant.,"39:44:SL:DATE,64:76:SL:RESTAURANT_NAME",[IN:transactions [SL:DATE izolo] [SL:RESTAURANT_NAME yakwa-Nandos] ],DATE: izolo $$ RESTAURANT_NAME: yakwa-Nandos,xho
banking,transactions,You can show me the deal I made last week at the Wimpy's restaurant.,77:88:SL:RESTAURANT_NAME,[IN:transactions [SL:RESTAURANT_NAME yakwa-Wimpy] ],RESTAURANT_NAME: yakwa-Wimpy,xho
banking,transactions,You can show me the transaction I made this morning at McDonald's.,"39:45:SL:TIME,65:80:SL:RESTAURANT_NAME",[IN:transactions [SL:TIME kusasa] [SL:RESTAURANT_NAME yakwa-McDonalds] ],TIME: kusasa $$ RESTAURANT_NAME: yakwa-McDonalds,xho
banking,transactions,You can show me the deal I made Saturday at Woolworths.,39:50:SL:DATE,[IN:transactions [SL:DATE ngoMgqibelo] ],DATE: ngoMgqibelo,xho
banking,transactions,You can show me the deal I made last night at the Chicken licken restaurant.,66:86:SL:RESTAURANT_NAME,[IN:transactions [SL:RESTAURANT_NAME yakwa-Chicken licken] ],RESTAURANT_NAME: yakwa-Chicken licken,xho
banking,transactions,You can show me the deal I made on Monday at Steers' restaurant.,"39:47:SL:DATE,67:79:SL:RESTAURANT_NAME",[IN:transactions [SL:DATE ngoMvulo] [SL:RESTAURANT_NAME yakwa-Steers] ],DATE: ngoMvulo $$ RESTAURANT_NAME: yakwa-Steers,xho
banking,transactions,You can show me the deal I made Thursday at the Pizza hut.,"39:49:SL:DATE,69:84:SL:RESTAURANT_NAME",[IN:transactions [SL:DATE ngoLwesine] [SL:RESTAURANT_NAME yakwa-Pizza hut] ],DATE: ngoLwesine $$ RESTAURANT_NAME: yakwa-Pizza hut,xho
banking,transactions,You can show me the deal I made last night at the Debonairs restaurant.,63:78:SL:RESTAURANT_NAME,[IN:transactions [SL:RESTAURANT_NAME yakwa-Debonairs] ],RESTAURANT_NAME: yakwa-Debonairs,xho
banking,transactions,You can show me the transaction I made last night at King's Pie.,"39:53:SL:DATE,64:78:SL:RESTAURANT_NAME",[IN:transactions [SL:DATE phezolo kusasa] [SL:RESTAURANT_NAME yakwa-King Pie] ],DATE: phezolo kusasa $$ RESTAURANT_NAME: yakwa-King Pie,xho
banking,transactions,You can show me the deal I made last Sunday night at the Burger King restaurant.,"39:54:SL:DATE,65:82:SL:RESTAURANT_NAME",[IN:transactions [SL:DATE phezolo ngeCawe] [SL:RESTAURANT_NAME yakwa-Burger King] ],DATE: phezolo ngeCawe $$ RESTAURANT_NAME: yakwa-Burger King,xho
banking,transactions,You can show me the deal I made on Friday at the Rocomamas restaurant.,"39:52:SL:DATE,72:87:SL:RESTAURANT_NAME",[IN:transactions [SL:DATE ngoLwesihlanu] [SL:RESTAURANT_NAME yakwa-Rocomamas] ],DATE: ngoLwesihlanu $$ RESTAURANT_NAME: yakwa-Rocomamas,xho
banking,transactions,You can show me the transaction I made on Sunday in the restaurant of Pedro,"39:46:SL:DATE,66:78:SL:RESTAURANT_NAME",[IN:transactions [SL:DATE ngeCawe] [SL:RESTAURANT_NAME yakwa-Pedros] ],DATE: ngeCawe $$ RESTAURANT_NAME: yakwa-Pedros,xho
banking,transactions,You can show me the deal I made on Monday at Starbucks.,"39:47:SL:DATE,67:82:SL:RESTAURANT_NAME",[IN:transactions [SL:DATE ngoMvulo] [SL:RESTAURANT_NAME yakwa-Starbucks] ],DATE: ngoMvulo $$ RESTAURANT_NAME: yakwa-Starbucks,xho
banking,transactions,My Nedbank card shows my recent purchases.,13:26:SL:BANK_NAME,[IN:transactions [SL:BANK_NAME lakwa-Nedbank] ],BANK_NAME: lakwa-Nedbank,xho
banking,transactions,My Capitec card shows what I have recently purchased.,13:26:SL:BANK_NAME,[IN:transactions [SL:BANK_NAME lakwa-Capitec] ],BANK_NAME: lakwa-Capitec,xho
banking,transactions,My Tymebank card shows my recent purchases.,13:27:SL:BANK_NAME,[IN:transactions [SL:BANK_NAME lakwa-Tymebank] ],BANK_NAME: lakwa-Tymebank,xho
banking,transactions,My Discovery card shows what I have recently purchased.,13:33:SL:BANK_NAME,[IN:transactions [SL:BANK_NAME lakwa-Discovery bank] ],BANK_NAME: lakwa-Discovery bank,xho
banking,transactions,My Standard Bank card shows my recent purchases.,13:31:SL:BANK_NAME,[IN:transactions [SL:BANK_NAME lakwa-Standardbank] ],BANK_NAME: lakwa-Standardbank,xho
banking,transactions,My FNB card shows what I recently bought.,13:22:SL:BANK_NAME,[IN:transactions [SL:BANK_NAME lakwa-FNB] ],BANK_NAME: lakwa-FNB,xho
banking,transactions,My Africanbank card shows my recent purchases.,13:30:SL:BANK_NAME,[IN:transactions [SL:BANK_NAME lakwa-Africanbank] ],BANK_NAME: lakwa-Africanbank,xho
banking,transactions,My First Rand card lists my recent purchases.,13:29:SL:BANK_NAME,[IN:transactions [SL:BANK_NAME lakwa-First Rand] ],BANK_NAME: lakwa-First Rand,xho
banking,transactions,My Old Mutual card shows my recent purchases.,13:29:SL:BANK_NAME,[IN:transactions [SL:BANK_NAME lakwa-Old Mutual] ],BANK_NAME: lakwa-Old Mutual,xho
banking,transactions,My Absa card shows my recent purchases.,13:23:SL:BANK_NAME,[IN:transactions [SL:BANK_NAME lakwa-Absa] ],BANK_NAME: lakwa-Absa,xho
banking,transactions,Please show me all the items that I purchased from this store with my credit card.,"47:68:SL:DATE,69:92:SL:ACCOUNT_TYPE",[IN:transactions [SL:DATE kulevenki indlulileyo] [SL:ACCOUNT_TYPE kwikadi lam lekhredithi] ],DATE: kulevenki indlulileyo $$ ACCOUNT_TYPE: kwikadi lam lekhredithi,xho
banking,transactions,Please show me all the items I have purchased in the past month on my Nedbank card.,82:95:SL:BANK_NAME,[IN:transactions [SL:BANK_NAME lakwa-Nedbank] ],BANK_NAME: lakwa-Nedbank,xho
banking,transactions,Please show me all the purchases I have made in the last two weeks that are listed on my credit card.,"47:76:SL:DATE,89:112:SL:ACCOUNT_TYPE",[IN:transactions [SL:DATE kweziveki zimbini zidlulileyo] [SL:ACCOUNT_TYPE kwikadi lam lekhredithi] ],DATE: kweziveki zimbini zidlulileyo $$ ACCOUNT_TYPE: kwikadi lam lekhredithi,xho
banking,transactions,Please show me all the purchases I made this week through my game account.,47:55:SL:DATE,[IN:transactions [SL:DATE kuleveki] ],DATE: kuleveki,xho
banking,transactions,Please show me all the items I purchased this week from my Jet Property account.,47:55:SL:DATE,[IN:transactions [SL:DATE kuleveki] ],DATE: kuleveki,xho
banking,transactions,Please show me all the items I purchased today on my Capitec credit card.,"47:56:SL:DATE,58:81:SL:ACCOUNT_TYPE,82:95:SL:BANK_NAME",[IN:transactions [SL:DATE namhlanje] [SL:ACCOUNT_TYPE kwikadi lam lekhredithi] [SL:BANK_NAME lakwa-Capitec] ],DATE: namhlanje $$ ACCOUNT_TYPE: kwikadi lam lekhredithi $$ BANK_NAME: lakwa-Capitec,xho
banking,transactions,Please show me all purchases made in this store with my FNB credit card.,"69:92:SL:ACCOUNT_TYPE,93:102:SL:BANK_NAME",[IN:transactions [SL:ACCOUNT_TYPE kwikadi lam lekhredithi] [SL:BANK_NAME lakwa-FNB] ],ACCOUNT_TYPE: kwikadi lam lekhredithi $$ BANK_NAME: lakwa-FNB,xho
banking,transactions,What is the most I have purchased this month with my Discoveru bank card.,"34:44:SL:DATE,58:78:SL:BANK_NAME",[IN:transactions [SL:DATE kulenyanga] [SL:BANK_NAME lakwa-Discoveru bank] ],DATE: kulenyanga $$ BANK_NAME: lakwa-Discoveru bank,xho
banking,transactions,What is the most I have bought this month with my Standard bank card.,"34:44:SL:DATE,58:77:SL:BANK_NAME",[IN:transactions [SL:DATE kulenyanga] [SL:BANK_NAME lakwa-Standard bank] ],DATE: kulenyanga $$ BANK_NAME: lakwa-Standard bank,xho
banking,transactions,What is the most I have bought this month with my Tymebank card?,"34:44:SL:DATE,58:72:SL:BANK_NAME",[IN:transactions [SL:DATE kulenyanga] [SL:BANK_NAME lakwa-Tymebank] ],DATE: kulenyanga $$ BANK_NAME: lakwa-Tymebank,xho
banking,transactions,What is the most I have bought this month with my Africanbank card.,"34:44:SL:DATE,58:75:SL:BANK_NAME",[IN:transactions [SL:DATE kulenyanga] [SL:BANK_NAME lakwa-Africanbank] ],DATE: kulenyanga $$ BANK_NAME: lakwa-Africanbank,xho
banking,transactions,What is the most I have bought this month with my Absa card?,58:68:SL:BANK_NAME,[IN:transactions [SL:BANK_NAME lakwa-Absa] ],BANK_NAME: lakwa-Absa,xho
banking,transactions,What is the most I have bought this month with my Nedbank card.,"34:44:SL:DATE,58:71:SL:BANK_NAME",[IN:transactions [SL:DATE kulenyanga] [SL:BANK_NAME lakwa-Nedbank] ],DATE: kulenyanga $$ BANK_NAME: lakwa-Nedbank,xho
banking,transactions,Show me the transactions related to my journey to Bei.,64:74:SL:CITY_OR_PROVINCE,[IN:transactions [SL:CITY_OR_PROVINCE lwaseBhayi] ],CITY_OR_PROVINCE: lwaseBhayi,xho
banking,transactions,Show me the transactions connected with the journey I took to Quonce.,64:74:SL:CITY_OR_PROVINCE,[IN:transactions [SL:CITY_OR_PROVINCE lwaseQonce] ],CITY_OR_PROVINCE: lwaseQonce,xho
banking,transactions,Show me the transactions connected with the journey I took to Mthatha.,64:76:SL:CITY_OR_PROVINCE,[IN:transactions [SL:CITY_OR_PROVINCE lwaseMthatha] ],CITY_OR_PROVINCE: lwaseMthatha,xho
banking,transactions,Show me the transactions related to the trip I took to Pretoria.,64:75:SL:CITY_OR_PROVINCE,[IN:transactions [SL:CITY_OR_PROVINCE lwasePitoli] ],CITY_OR_PROVINCE: lwasePitoli,xho
banking,transactions,Show me the transactions related to the Polokwane trip I took.,64:78:SL:CITY_OR_PROVINCE,[IN:transactions [SL:CITY_OR_PROVINCE lwasePolokwane] ],CITY_OR_PROVINCE: lwasePolokwane,xho
banking,transactions,Show me the transactions connected with my trip to the Orient.,64:79:SL:CITY_OR_PROVINCE,[IN:transactions [SL:CITY_OR_PROVINCE lwaseMpumalanga] ],CITY_OR_PROVINCE: lwaseMpumalanga,xho
banking,transactions,Show me the transactions related to the trip I took to Ngqushwa.,64:77:SL:CITY_OR_PROVINCE,[IN:transactions [SL:CITY_OR_PROVINCE lwaseNgqushwa] ],CITY_OR_PROVINCE: lwaseNgqushwa,xho
banking,transactions,Show me the transactions related to the trip I took to Makhanda.,64:77:SL:CITY_OR_PROVINCE,[IN:transactions [SL:CITY_OR_PROVINCE lwaseMakhanda] ],CITY_OR_PROVINCE: lwaseMakhanda,xho
banking,transactions,Show me the transactions connected with the voyage I took to Tinarha.,64:76:SL:CITY_OR_PROVINCE,[IN:transactions [SL:CITY_OR_PROVINCE lwaseTinarha] ],CITY_OR_PROVINCE: lwaseTinarha,xho
banking,transactions,Show me the transactions related to the trip I took to Cape Town.,64:73:SL:CITY_OR_PROVINCE,[IN:transactions [SL:CITY_OR_PROVINCE lwaseKapa] ],CITY_OR_PROVINCE: lwaseKapa,xho
banking,transactions,List all the items I have purchased this month that have to do with clothing stores.,38:48:SL:DATE,[IN:transactions [SL:DATE kulenyanga] ],DATE: kulenyanga,xho
banking,transactions,List all the items I have purchased this month that have to do with grocery shopping.,38:48:SL:DATE,[IN:transactions [SL:DATE kulenyanga] ],DATE: kulenyanga,xho
banking,transactions,List all the items I have purchased this month that have to do with liquor stores.,38:48:SL:DATE,[IN:transactions [SL:DATE kulenyanga] ],DATE: kulenyanga,xho
banking,transactions,List all the items I have purchased this month that have to do with shoe stores.,38:48:SL:DATE,[IN:transactions [SL:DATE kulenyanga] ],DATE: kulenyanga,xho
banking,transactions,List all my purchases this month that have to do with furniture stores.,38:48:SL:DATE,[IN:transactions [SL:DATE kulenyanga] ],DATE: kulenyanga,xho
banking,transactions,List all the items I have purchased this month that have to do with auto parts stores.,38:48:SL:DATE,[IN:transactions [SL:DATE kulenyanga] ],DATE: kulenyanga,xho
banking,transactions,Open the Discovery app and see my latest transactions.,25:40:SL:BANK_NAME,[IN:transactions [SL:BANK_NAME yakwa-Discovery] ],BANK_NAME: yakwa-Discovery,xho
banking,transfer,"Take $1,000 from my Capitec account and send it to the account that has been credited with the ep.",9:15:SL:MONEY,[IN:transfer [SL:MONEY iR1000] ],MONEY: iR1000,xho
banking,transfer,Take $50 from my Tymebank account and send it to my mother's account.,"9:14:SL:MONEY,32:46:SL:BANK_NAME",[IN:transfer [SL:MONEY iR150] [SL:BANK_NAME yakwa Tymebank] ],MONEY: iR150 $$ BANK_NAME: yakwa Tymebank,xho
banking,transfer,Take $300 from my Standardbak account and send it to Nobuhle's account.,"9:15:SL:MONEY,33:50:SL:BANK_NAME,76:86:SL:PERSONAL_NAME",[IN:transfer [SL:MONEY iR1300] [SL:BANK_NAME yakwa Standardbak] [SL:PERSONAL_NAME ka-Nobuhle] ],MONEY: iR1300 $$ BANK_NAME: yakwa Standardbak $$ PERSONAL_NAME: ka-Nobuhle,xho
banking,transfer,Withdraw $1500 from my Africanbank account and send it to the number of Xoliswa by cash sand.,"9:15:SL:MONEY,33:50:SL:BANK_NAME,73:83:SL:PERSONAL_NAME",[IN:transfer [SL:MONEY iR1500] [SL:BANK_NAME yakwa Africanbank] [SL:PERSONAL_NAME ka-Xoliswa] ],MONEY: iR1500 $$ BANK_NAME: yakwa Africanbank $$ PERSONAL_NAME: ka-Xoliswa,xho
banking,transfer,Take $50 from my Capitec account and send it to my betway account.,"9:13:SL:MONEY,31:44:SL:BANK_NAME",[IN:transfer [SL:MONEY iR20] [SL:BANK_NAME yakwa Capitec] ],MONEY: iR20 $$ BANK_NAME: yakwa Capitec,xho
banking,transfer,Take $500 from my Nedbank account and send it to Nompumalo's number via send money.,"9:14:SL:MONEY,32:45:SL:BANK_NAME,68:82:SL:PERSONAL_NAME",[IN:transfer [SL:MONEY iR500] [SL:BANK_NAME yakwa Nedbank] [SL:PERSONAL_NAME ka-Nompumelelo] ],MONEY: iR500 $$ BANK_NAME: yakwa Nedbank $$ PERSONAL_NAME: ka-Nompumelelo,xho
banking,transfer,How long does it take for money sent from a Capitec user to a Nedbank user to arrive?,"72:80:SL:BANK_NAME,99:107:SL:BANK_NAME",[IN:transfer [SL:BANK_NAME uCapitec] [SL:BANK_NAME uNedbank] ],BANK_NAME: uCapitec $$ BANK_NAME: uNedbank,xho
banking,transfer,How long does it take for money sent from an FNB user to a Nedbank user to arrive?,"72:76:SL:BANK_NAME,95:103:SL:BANK_NAME",[IN:transfer [SL:BANK_NAME uFNB] [SL:BANK_NAME uNedbank] ],BANK_NAME: uFNB $$ BANK_NAME: uNedbank,xho
banking,transfer,How long does it take for money sent from an Absa user to a Nedbank user to arrive?,"72:77:SL:BANK_NAME,96:104:SL:BANK_NAME",[IN:transfer [SL:BANK_NAME uAbsa] [SL:BANK_NAME uNedbank] ],BANK_NAME: uAbsa $$ BANK_NAME: uNedbank,xho
banking,transfer,How long does it take for money sent from an African Bank user to an Nedbank user to arrive?,"72:84:SL:BANK_NAME,103:111:SL:BANK_NAME",[IN:transfer [SL:BANK_NAME uAfricanbank] [SL:BANK_NAME uNedbank] ],BANK_NAME: uAfricanbank $$ BANK_NAME: uNedbank,xho
banking,transfer,How long does it take for money sent from a Timebank user to a Nedbank user to arrive?,"72:81:SL:BANK_NAME,100:108:SL:BANK_NAME",[IN:transfer [SL:BANK_NAME uTymebank] [SL:BANK_NAME uNedbank] ],BANK_NAME: uTymebank $$ BANK_NAME: uNedbank,xho
banking,transfer,How long does it take for money sent from a Standardbank user to a Timebank user to arrive?,"72:84:SL:BANK_NAME,103:112:SL:BANK_NAME",[IN:transfer [SL:BANK_NAME uStandardbak] [SL:BANK_NAME uTymebank] ],BANK_NAME: uStandardbak $$ BANK_NAME: uTymebank,xho
banking,transfer,How long does it take for money sent from a Nedbank user to a Capitec user to arrive?,"72:80:SL:BANK_NAME,99:107:SL:BANK_NAME",[IN:transfer [SL:BANK_NAME uNedbank] [SL:BANK_NAME uCapitec] ],BANK_NAME: uNedbank $$ BANK_NAME: uCapitec,xho
banking,transfer,I can send money to a Capitec user using FNB.,"51:64:SL:BANK_NAME,82:86:SL:BANK_NAME",[IN:transfer [SL:BANK_NAME yakwa-Capitec] [SL:BANK_NAME uFNB] ],BANK_NAME: yakwa-Capitec $$ BANK_NAME: uFNB,xho
banking,transfer,I can send money to someone using the Absa bank and I can send money to someone using the Nedbank.,"51:61:SL:BANK_NAME,79:87:SL:BANK_NAME",[IN:transfer [SL:BANK_NAME yakwa-Absa] [SL:BANK_NAME uNedbank] ],BANK_NAME: yakwa-Absa $$ BANK_NAME: uNedbank,xho
banking,transfer,I can send money to a Standard Bank customer and myself through Timebank.,"51:69:SL:BANK_NAME,87:96:SL:BANK_NAME",[IN:transfer [SL:BANK_NAME yakwa-Standardbank] [SL:BANK_NAME uTymebank] ],BANK_NAME: yakwa-Standardbank $$ BANK_NAME: uTymebank,xho
banking,transfer,Take $500 from Capitec and send it to my Nedbank.,"7:12:SL:MONEY,13:22:SL:BANK_NAME,34:43:SL:BANK_NAME",[IN:transfer [SL:MONEY iR500] [SL:BANK_NAME kuCapitec] [SL:BANK_NAME kuNedbank] ],MONEY: iR500 $$ BANK_NAME: kuCapitec $$ BANK_NAME: kuNedbank,xho
banking,transfer,Take $650 from Capitec and send it to my FNB.,"7:12:SL:MONEY,13:22:SL:BANK_NAME,34:39:SL:BANK_NAME",[IN:transfer [SL:MONEY iR650] [SL:BANK_NAME kuCapitec] [SL:BANK_NAME kuFNB] ],MONEY: iR650 $$ BANK_NAME: kuCapitec $$ BANK_NAME: kuFNB,xho
banking,transfer,Take $200 from Capitec and send it to my Standard bank.,"7:13:SL:MONEY,14:23:SL:BANK_NAME,35:50:SL:BANK_NAME",[IN:transfer [SL:MONEY iR1200] [SL:BANK_NAME kuCapitec] [SL:BANK_NAME kuStandard bank] ],MONEY: iR1200 $$ BANK_NAME: kuCapitec $$ BANK_NAME: kuStandard bank,xho
banking,transfer,Take $25 from Capitec and send it to my Timebank.,"7:12:SL:MONEY,13:22:SL:BANK_NAME,34:44:SL:BANK_NAME",[IN:transfer [SL:MONEY iR230] [SL:BANK_NAME kuCapitec] [SL:BANK_NAME kuTymebank] ],MONEY: iR230 $$ BANK_NAME: kuCapitec $$ BANK_NAME: kuTymebank,xho
banking,transfer,Take $95 from Capitec and send it to my Absa.,"7:11:SL:MONEY,12:21:SL:BANK_NAME,33:39:SL:BANK_NAME",[IN:transfer [SL:MONEY iR95] [SL:BANK_NAME kuCapitec] [SL:BANK_NAME kuAbsa] ],MONEY: iR95 $$ BANK_NAME: kuCapitec $$ BANK_NAME: kuAbsa,xho
banking,transfer,"Take $1,000 from Capitec and send it to my Africanbank.","7:13:SL:MONEY,14:23:SL:BANK_NAME,35:48:SL:BANK_NAME",[IN:transfer [SL:MONEY iR1000] [SL:BANK_NAME kuCapitec] [SL:BANK_NAME kuAfricanbank] ],MONEY: iR1000 $$ BANK_NAME: kuCapitec $$ BANK_NAME: kuAfricanbank,xho
banking,transfer,Take $500 from my Nedbank account and send it to my Capitec account.,"7:12:SL:MONEY,32:45:SL:BANK_NAME,75:88:SL:BANK_NAME",[IN:transfer [SL:MONEY iR500] [SL:BANK_NAME yakwa-Nedbank] [SL:BANK_NAME yakwa-Capitec] ],MONEY: iR500 $$ BANK_NAME: yakwa-Nedbank $$ BANK_NAME: yakwa-Capitec,xho
banking,transfer,Take $200 from my Nedbank account and send it to my FNB account.,"7:12:SL:MONEY,32:45:SL:BANK_NAME,75:84:SL:BANK_NAME",[IN:transfer [SL:MONEY iR200] [SL:BANK_NAME yakwa-Nedbank] [SL:BANK_NAME yakwa-FNB] ],MONEY: iR200 $$ BANK_NAME: yakwa-Nedbank $$ BANK_NAME: yakwa-FNB,xho
banking,transfer,Take $200 from my Nedbank account and send it to my Absa account.,"7:12:SL:MONEY,32:45:SL:BANK_NAME,75:85:SL:BANK_NAME",[IN:transfer [SL:MONEY iR600] [SL:BANK_NAME yakwa-Nedbank] [SL:BANK_NAME yakwa-Absa] ],MONEY: iR600 $$ BANK_NAME: yakwa-Nedbank $$ BANK_NAME: yakwa-Absa,xho
banking,transfer,Take $350 from my Nedbank account and send it to my Tymebank account.,"7:12:SL:MONEY,32:45:SL:BANK_NAME,75:89:SL:BANK_NAME",[IN:transfer [SL:MONEY iR350] [SL:BANK_NAME yakwa-Nedbank] [SL:BANK_NAME yakwa-Tymebank] ],MONEY: iR350 $$ BANK_NAME: yakwa-Nedbank $$ BANK_NAME: yakwa-Tymebank,xho
banking,transfer,Withdraw $420 from my Nedbank account to my Africanbank account.,"7:12:SL:MONEY,32:45:SL:BANK_NAME,75:92:SL:BANK_NAME",[IN:transfer [SL:MONEY iR420] [SL:BANK_NAME yakwa-Nedbank] [SL:BANK_NAME yakwa-Africanbank] ],MONEY: iR420 $$ BANK_NAME: yakwa-Nedbank $$ BANK_NAME: yakwa-Africanbank,xho
banking,transfer,Withdraw $200 from my Nedbank account to my Standardbank account.,"7:12:SL:MONEY,32:45:SL:BANK_NAME,75:93:SL:BANK_NAME",[IN:transfer [SL:MONEY iR230] [SL:BANK_NAME yakwa-Nedbank] [SL:BANK_NAME yakwa-Standardbank] ],MONEY: iR230 $$ BANK_NAME: yakwa-Nedbank $$ BANK_NAME: yakwa-Standardbank,xho
banking,transfer,"Send $700 to Zoleka's Nedbank account, and we'll see you there.","8:13:SL:MONEY,28:36:SL:PERSONAL_NAME,37:50:SL:BANK_NAME",[IN:transfer [SL:MONEY iR700] [SL:PERSONAL_NAME kaZoleka] [SL:BANK_NAME yakwa Nedbank] ],MONEY: iR700 $$ PERSONAL_NAME: kaZoleka $$ BANK_NAME: yakwa Nedbank,xho
banking,transfer,Send $500 to the account of Alex at FNB.,"8:14:SL:MONEY,29:37:SL:PERSONAL_NAME,38:47:SL:BANK_NAME",[IN:transfer [SL:MONEY iR9500] [SL:PERSONAL_NAME kaXolisa] [SL:BANK_NAME yakwa FNB] ],MONEY: iR9500 $$ PERSONAL_NAME: kaXolisa $$ BANK_NAME: yakwa FNB,xho
banking,transfer,Send $790 to the account of Assive Absa.,"8:13:SL:MONEY,28:35:SL:PERSONAL_NAME,36:46:SL:BANK_NAME",[IN:transfer [SL:MONEY iR790] [SL:PERSONAL_NAME kaAsive] [SL:BANK_NAME yakwa Absa] ],MONEY: iR790 $$ PERSONAL_NAME: kaAsive $$ BANK_NAME: yakwa Absa,xho
banking,transfer,Send $750 to the Tymebank account of Athandwe.,"8:13:SL:MONEY,28:38:SL:PERSONAL_NAME,39:53:SL:BANK_NAME",[IN:transfer [SL:MONEY iR750] [SL:PERSONAL_NAME kaAthandwe] [SL:BANK_NAME yakwa Tymebank] ],MONEY: iR750 $$ PERSONAL_NAME: kaAthandwe $$ BANK_NAME: yakwa Tymebank,xho
banking,transfer,Send $50 to the account of Capitec's Peace.,"8:13:SL:MONEY,28:40:SL:PERSONAL_NAME,41:54:SL:BANK_NAME",[IN:transfer [SL:MONEY iR550] [SL:PERSONAL_NAME kaNtomboxolo] [SL:BANK_NAME yakwa Capitec] ],MONEY: iR550 $$ PERSONAL_NAME: kaNtomboxolo $$ BANK_NAME: yakwa Capitec,xho
banking,transfer,Send $400 to the Africanbank account of the girl.,"8:13:SL:MONEY,28:36:SL:PERSONAL_NAME,43:54:SL:BANK_NAME",[IN:transfer [SL:MONEY iR400] [SL:PERSONAL_NAME kaNtombi] [SL:BANK_NAME Africanbank] ],MONEY: iR400 $$ PERSONAL_NAME: kaNtombi $$ BANK_NAME: Africanbank,xho
banking,transfer,Send $500 to the Standard bank account of Lulama.,"8:14:SL:MONEY,29:37:SL:PERSONAL_NAME,38:57:SL:BANK_NAME",[IN:transfer [SL:MONEY iR6400] [SL:PERSONAL_NAME kaLulama] [SL:BANK_NAME yakwa Standard bank] ],MONEY: iR6400 $$ PERSONAL_NAME: kaLulama $$ BANK_NAME: yakwa Standard bank,xho
banking,transfer,I made an exchange of $200 from my savings account to my Nedbank current account.,"24:32:SL:MONEY,41:66:SL:ACCOUNT_TYPE,73:93:SL:ACCOUNT_TYPE,98:111:SL:BANK_NAME",[IN:transfer [SL:MONEY lwe-R200] [SL:ACCOUNT_TYPE kwi-akhawunti yam yokonga] [SL:ACCOUNT_TYPE kwi-current akhawnti] [SL:BANK_NAME yakwa Nedbank] ],MONEY: lwe-R200 $$ ACCOUNT_TYPE: kwi-akhawunti yam yokonga $$ ACCOUNT_TYPE: kwi-current akhawnti $$ BANK_NAME: yakwa Nedbank,xho
banking,transfer,I transferred $4500 from my current Nedbank account to my savings account.,"24:33:SL:MONEY,42:62:SL:ACCOUNT_TYPE,67:80:SL:BANK_NAME,87:112:SL:ACCOUNT_TYPE",[IN:transfer [SL:MONEY lwe-R4500] [SL:ACCOUNT_TYPE kwi-current akhawnti] [SL:BANK_NAME yakwa Nedbank] [SL:ACCOUNT_TYPE kwi-akhawunti yam yokonga] ],MONEY: lwe-R4500 $$ ACCOUNT_TYPE: kwi-current akhawnti $$ BANK_NAME: yakwa Nedbank $$ ACCOUNT_TYPE: kwi-akhawunti yam yokonga,xho
banking,transfer,I transferred R2000 from my savings account to another Capitec savings account.,"24:33:SL:MONEY,42:67:SL:ACCOUNT_TYPE,81:103:SL:ACCOUNT_TYPE,104:117:SL:BANK_NAME",[IN:transfer [SL:MONEY lwe-R2000] [SL:ACCOUNT_TYPE kwi-akhawunti yam yokonga] [SL:ACCOUNT_TYPE i-akhawnti yam yokonga] [SL:BANK_NAME yakwa Capitec] ],MONEY: lwe-R2000 $$ ACCOUNT_TYPE: kwi-akhawunti yam yokonga $$ ACCOUNT_TYPE: i-akhawnti yam yokonga $$ BANK_NAME: yakwa Capitec,xho
banking,transfer,I transferred $500 from my savings account to my cheque account in Absa.,"24:33:SL:MONEY,42:67:SL:ACCOUNT_TYPE,74:93:SL:ACCOUNT_TYPE,98:108:SL:BANK_NAME",[IN:transfer [SL:MONEY lwe-R1100] [SL:ACCOUNT_TYPE kwi-akhawunti yam yokonga] [SL:ACCOUNT_TYPE kwi-cheque akhawnti] [SL:BANK_NAME yakwa Absa] ],MONEY: lwe-R1100 $$ ACCOUNT_TYPE: kwi-akhawunti yam yokonga $$ ACCOUNT_TYPE: kwi-cheque akhawnti $$ BANK_NAME: yakwa Absa,xho
banking,transfer,I made a $250 exchange from my savings account to my Fusion FNB account.,"24:32:SL:MONEY,41:66:SL:ACCOUNT_TYPE,73:92:SL:ACCOUNT_TYPE,97:106:SL:BANK_NAME",[IN:transfer [SL:MONEY lwe-R250] [SL:ACCOUNT_TYPE kwi-akhawunti yam yokonga] [SL:ACCOUNT_TYPE kwi-Fusion akhawnti] [SL:BANK_NAME yakwa FNB] ],MONEY: lwe-R250 $$ ACCOUNT_TYPE: kwi-akhawunti yam yokonga $$ ACCOUNT_TYPE: kwi-Fusion akhawnti $$ BANK_NAME: yakwa FNB,xho
banking,transfer,I made an exchange of R3400 from my savings account to my current account at Standardbank.,"24:33:SL:MONEY,42:67:SL:ACCOUNT_TYPE,74:94:SL:ACCOUNT_TYPE,99:117:SL:BANK_NAME",[IN:transfer [SL:MONEY lwe-R3400] [SL:ACCOUNT_TYPE kwi-akhawunti yam yokonga] [SL:ACCOUNT_TYPE kwi-current akhawnti] [SL:BANK_NAME yakwa Standardbank] ],MONEY: lwe-R3400 $$ ACCOUNT_TYPE: kwi-akhawunti yam yokonga $$ ACCOUNT_TYPE: kwi-current akhawnti $$ BANK_NAME: yakwa Standardbank,xho
banking,transfer,I made a 560 exchange from my savings account to my current account at Tymebank.,"24:31:SL:NUMBER,32:65:SL:ACCOUNT_TYPE,72:92:SL:ACCOUNT_TYPE,97:111:SL:BANK_NAME",[IN:transfer [SL:NUMBER lwe-560] [SL:ACCOUNT_TYPE ukusuka kwi-akhawunti yam yokonga] [SL:ACCOUNT_TYPE kwi-current akhawnti] [SL:BANK_NAME yakwa Tymebank] ],NUMBER: lwe-560 $$ ACCOUNT_TYPE: ukusuka kwi-akhawunti yam yokonga $$ ACCOUNT_TYPE: kwi-current akhawnti $$ BANK_NAME: yakwa Tymebank,xho
banking,transfer,Please transfer $300 to my Paypal account from my Capitec account.,"17:22:SL:MONEY,23:32:SL:PAYMENT_COMPANY,55:66:SL:BANK_NAME",[IN:transfer [SL:MONEY iR300] [SL:PAYMENT_COMPANY kwiPaypal] [SL:BANK_NAME eku-Capitec] ],MONEY: iR300 $$ PAYMENT_COMPANY: kwiPaypal $$ BANK_NAME: eku-Capitec,xho
banking,transfer,Please transfer $200 to my Paypal account from my Nedbank account.,"17:22:SL:MONEY,23:32:SL:PAYMENT_COMPANY,55:66:SL:BANK_NAME",[IN:transfer [SL:MONEY iR200] [SL:PAYMENT_COMPANY kwiPaypal] [SL:BANK_NAME eku-Nedbank] ],MONEY: iR200 $$ PAYMENT_COMPANY: kwiPaypal $$ BANK_NAME: eku-Nedbank,xho
banking,transfer,Please transfer $50 to my Paypal account from my FNB account.,"17:22:SL:MONEY,23:32:SL:PAYMENT_COMPANY,55:62:SL:BANK_NAME",[IN:transfer [SL:MONEY iR150] [SL:PAYMENT_COMPANY kwiPaypal] [SL:BANK_NAME eku-FNB] ],MONEY: iR150 $$ PAYMENT_COMPANY: kwiPaypal $$ BANK_NAME: eku-FNB,xho
banking,transfer,Please transfer $200 to my PayPal account from my Absa account.,"17:22:SL:MONEY,23:32:SL:PAYMENT_COMPANY,55:63:SL:BANK_NAME",[IN:transfer [SL:MONEY iR350] [SL:PAYMENT_COMPANY kwiPaypal] [SL:BANK_NAME eku-Absa] ],MONEY: iR350 $$ PAYMENT_COMPANY: kwiPaypal $$ BANK_NAME: eku-Absa,xho
banking,transfer,Please transfer $200 to my PayPal account from my Standard bank account.,"17:22:SL:MONEY,23:32:SL:PAYMENT_COMPANY,55:72:SL:BANK_NAME",[IN:transfer [SL:MONEY iR400] [SL:PAYMENT_COMPANY kwiPaypal] [SL:BANK_NAME eku-Standard bank] ],MONEY: iR400 $$ PAYMENT_COMPANY: kwiPaypal $$ BANK_NAME: eku-Standard bank,xho
banking,transfer,Please transfer $200 to my PayPal account in my African currency.,"17:23:SL:MONEY,24:33:SL:PAYMENT_COMPANY",[IN:transfer [SL:MONEY iR1300] [SL:PAYMENT_COMPANY kwiPaypal] ],MONEY: iR1300 $$ PAYMENT_COMPANY: kwiPaypal,xho
banking,transfer,Please transfer $500 to my Paypal account from my Tymebank account.,"17:23:SL:MONEY,24:33:SL:PAYMENT_COMPANY,56:68:SL:BANK_NAME",[IN:transfer [SL:MONEY iR2500] [SL:PAYMENT_COMPANY kwiPaypal] [SL:BANK_NAME eku-Tymebank] ],MONEY: iR2500 $$ PAYMENT_COMPANY: kwiPaypal $$ BANK_NAME: eku-Tymebank,xho
banking,transfer,Please transfer $300 from my DStv account to my Nedbank account.,"24:36:SL:MONEY,91:104:SL:BANK_NAME",[IN:transfer [SL:MONEY engange-R300] [SL:BANK_NAME yakwa-Nedbank] ],MONEY: engange-R300 $$ BANK_NAME: yakwa-Nedbank,xho
banking,transfer,Please transfer $200 to my DStv account from my Capitec account.,"24:36:SL:MONEY,91:104:SL:BANK_NAME",[IN:transfer [SL:MONEY engange-R600] [SL:BANK_NAME yakwa-Capitec] ],MONEY: engange-R600 $$ BANK_NAME: yakwa-Capitec,xho
banking,transfer,Please transfer $50 to my DStv account from my FNB account.,"24:36:SL:MONEY,91:100:SL:BANK_NAME",[IN:transfer [SL:MONEY engange-R550] [SL:BANK_NAME yakwa-FNB] ],MONEY: engange-R550 $$ BANK_NAME: yakwa-FNB,xho
banking,transfer,Please transfer $200 to my DStv account and $200 to my Absa account.,"24:36:SL:MONEY,54:64:SL:BILL_TYPE,91:101:SL:BANK_NAME",[IN:transfer [SL:MONEY engange-R700] [SL:BILL_TYPE yakwa-DStv] [SL:BANK_NAME yakwa-Absa] ],MONEY: engange-R700 $$ BILL_TYPE: yakwa-DStv $$ BANK_NAME: yakwa-Absa,xho
banking,transfer,Please transfer $200 to my DStv account from my Standardbank account.,"24:36:SL:MONEY,91:109:SL:BANK_NAME",[IN:transfer [SL:MONEY engange-R900] [SL:BANK_NAME yakwa-Standardbank] ],MONEY: engange-R900 $$ BANK_NAME: yakwa-Standardbank,xho
banking,transfer,Please transfer $200 to my DStv account and $200 to my Africanbank account.,"24:36:SL:MONEY,91:108:SL:BANK_NAME",[IN:transfer [SL:MONEY engange-R350] [SL:BANK_NAME yakwa-Africanbank] ],MONEY: engange-R350 $$ BANK_NAME: yakwa-Africanbank,xho
banking,transfer,Please transfer $500 to my DStv account from my Tymebank account.,"24:36:SL:MONEY,91:105:SL:BANK_NAME",[IN:transfer [SL:MONEY engange-R500] [SL:BANK_NAME yakwa-Tymebank] ],MONEY: engange-R500 $$ BANK_NAME: yakwa-Tymebank,xho
banking,transfer,Please transfer all my money to one Nedbank account.,59:72:SL:BANK_NAME,[IN:transfer [SL:BANK_NAME yakwa Nedbank] ],BANK_NAME: yakwa Nedbank,xho
banking,transfer,Please transfer all my money to one account in Absa.,59:69:SL:BANK_NAME,[IN:transfer [SL:BANK_NAME yakwa Absa] ],BANK_NAME: yakwa Absa,xho
banking,transfer,Please transfer all my money to one FNB account.,59:68:SL:BANK_NAME,[IN:transfer [SL:BANK_NAME yakwa FNB] ],BANK_NAME: yakwa FNB,xho
banking,transfer,Please transfer all my money to a single Standard Bank account.,59:77:SL:BANK_NAME,[IN:transfer [SL:BANK_NAME yakwa Standardbank] ],BANK_NAME: yakwa Standardbank,xho
banking,transfer,Please transfer all my money to a single Tymebank account.,59:73:SL:BANK_NAME,[IN:transfer [SL:BANK_NAME yakwa Tymebank] ],BANK_NAME: yakwa Tymebank,xho
banking,transfer,Please transfer all my money to one account at Africanbank.,59:76:SL:BANK_NAME,[IN:transfer [SL:BANK_NAME yakwa Africanbank] ],BANK_NAME: yakwa Africanbank,xho
banking,transfer,Please transfer all my money to a single account at Capitec.,59:72:SL:BANK_NAME,[IN:transfer [SL:BANK_NAME yakwa Capitec] ],BANK_NAME: yakwa Capitec,xho
banking,transfer,Please transfer $430 from my Capitec account to my Nedbank account.,"15:20:SL:MONEY,44:57:SL:BANK_NAME,83:96:SL:BANK_NAME",[IN:transfer [SL:MONEY iR430] [SL:BANK_NAME yakwa Capitec] [SL:BANK_NAME yakwa Nedbank] ],MONEY: iR430 $$ BANK_NAME: yakwa Capitec $$ BANK_NAME: yakwa Nedbank,xho
banking,transfer,Please transfer $500 from my Nedbank account to my Absa account.,"15:21:SL:MONEY,51:58:SL:BANK_NAME,90:94:SL:BANK_NAME",[IN:transfer [SL:MONEY iR4500] [SL:BANK_NAME Nedbank] [SL:BANK_NAME Absa] ],MONEY: iR4500 $$ BANK_NAME: Nedbank $$ BANK_NAME: Absa,xho
banking,transfer,Please transfer $50 from my Absa account to my Standardbank account.,"15:20:SL:MONEY,44:54:SL:BANK_NAME,80:98:SL:BANK_NAME",[IN:transfer [SL:MONEY iR110] [SL:BANK_NAME yakwa Absa] [SL:BANK_NAME yakwa Standardbank] ],MONEY: iR110 $$ BANK_NAME: yakwa Absa $$ BANK_NAME: yakwa Standardbank,xho
banking,transfer,Please transfer $600 from my Standardbak account to my FNB account.,"15:20:SL:MONEY,44:61:SL:BANK_NAME,87:96:SL:BANK_NAME",[IN:transfer [SL:MONEY iR600] [SL:BANK_NAME yakwa Standardbak] [SL:BANK_NAME yakwa FNB] ],MONEY: iR600 $$ BANK_NAME: yakwa Standardbak $$ BANK_NAME: yakwa FNB,xho
banking,transfer,Please transfer $25 from my FNB account to my Tymebank account.,"15:20:SL:MONEY,44:53:SL:BANK_NAME,79:93:SL:BANK_NAME",[IN:transfer [SL:MONEY iR230] [SL:BANK_NAME yakwa FNB] [SL:BANK_NAME yakwa Tymebank] ],MONEY: iR230 $$ BANK_NAME: yakwa FNB $$ BANK_NAME: yakwa Tymebank,xho
banking,transfer,Please transfer $300 from my Tymebank account to my Africanbank account.,"15:20:SL:MONEY,44:58:SL:BANK_NAME,84:101:SL:BANK_NAME",[IN:transfer [SL:MONEY iR300] [SL:BANK_NAME yakwa Tymebank] [SL:BANK_NAME yakwa Africanbank] ],MONEY: iR300 $$ BANK_NAME: yakwa Tymebank $$ BANK_NAME: yakwa Africanbank,xho
banking,transfer,Please transfer $500 from my Africanbank account to my Capitec account.,"15:21:SL:MONEY,45:62:SL:BANK_NAME,88:101:SL:BANK_NAME",[IN:transfer [SL:MONEY iR7500] [SL:BANK_NAME yakwa Africanbank] [SL:BANK_NAME yakwa Capitec] ],MONEY: iR7500 $$ BANK_NAME: yakwa Africanbank $$ BANK_NAME: yakwa Capitec,xho
banking,transfer,Please transfer R100 from my Capitec account to my Absa account.,"15:20:SL:MONEY,44:57:SL:BANK_NAME,83:93:SL:BANK_NAME",[IN:transfer [SL:MONEY iR100] [SL:BANK_NAME yakwa Capitec] [SL:BANK_NAME yakwa Absa] ],MONEY: iR100 $$ BANK_NAME: yakwa Capitec $$ BANK_NAME: yakwa Absa,xho
banking,transfer,Please transfer $300 from my Absa account to my FNB account.,"15:20:SL:MONEY,44:54:SL:BANK_NAME,80:89:SL:BANK_NAME",[IN:transfer [SL:MONEY iR330] [SL:BANK_NAME yakwa Absa] [SL:BANK_NAME yakwa FNB] ],MONEY: iR330 $$ BANK_NAME: yakwa Absa $$ BANK_NAME: yakwa FNB,xho
banking,transfer,Please transfer $50 from my FNB account to my Nedbank account.,"15:21:SL:MONEY,45:54:SL:BANK_NAME,80:93:SL:BANK_NAME",[IN:transfer [SL:MONEY iR5430] [SL:BANK_NAME yakwa FNB] [SL:BANK_NAME yakwa Nedbank] ],MONEY: iR5430 $$ BANK_NAME: yakwa FNB $$ BANK_NAME: yakwa Nedbank,xho
banking,transfer,Please transfer $3330 from my Nedbank account to my Tymebank account.,"15:21:SL:MONEY,45:58:SL:BANK_NAME,84:98:SL:BANK_NAME",[IN:transfer [SL:MONEY iR3330] [SL:BANK_NAME yakwa Nedbank] [SL:BANK_NAME yakwa Tymebank] ],MONEY: iR3330 $$ BANK_NAME: yakwa Nedbank $$ BANK_NAME: yakwa Tymebank,xho
banking,transfer,Please transfer $300 from my Tymebak account to my Standardbank account.,"15:20:SL:MONEY,44:57:SL:BANK_NAME,83:101:SL:BANK_NAME",[IN:transfer [SL:MONEY iR700] [SL:BANK_NAME yakwa Tymebak] [SL:BANK_NAME yakwa Standardbank] ],MONEY: iR700 $$ BANK_NAME: yakwa Tymebak $$ BANK_NAME: yakwa Standardbank,xho
banking,transfer,Please transfer $500 from my Capitec account to my Absa account.,"15:21:SL:MONEY,45:58:SL:BANK_NAME,84:94:SL:BANK_NAME",[IN:transfer [SL:MONEY iR5600] [SL:BANK_NAME yakwa Capitec] [SL:BANK_NAME yakwa Absa] ],MONEY: iR5600 $$ BANK_NAME: yakwa Capitec $$ BANK_NAME: yakwa Absa,xho
banking,transfer,Please transfer $30 from my Standardbank account to my Nedbank account.,"15:19:SL:MONEY,43:61:SL:BANK_NAME,87:100:SL:BANK_NAME",[IN:transfer [SL:MONEY iR30] [SL:BANK_NAME yakwa Standardbank] [SL:BANK_NAME yakwa Nedbank] ],MONEY: iR30 $$ BANK_NAME: yakwa Standardbank $$ BANK_NAME: yakwa Nedbank,xho
banking,transfer,Take $50 from my Capitec account and send it to Ziyanda's number by cash sand.,"9:14:SL:MONEY,32:45:SL:BANK_NAME,68:78:SL:PERSONAL_NAME",[IN:transfer [SL:MONEY iR100] [SL:BANK_NAME yakwa Capitec] [SL:PERSONAL_NAME ka-Ziyanda] ],MONEY: iR100 $$ BANK_NAME: yakwa Capitec $$ PERSONAL_NAME: ka-Ziyanda,xho
banking,transfer,Take $250 from my Nedbank account and send it to Noxolo's number in sand money.,"9:14:SL:MONEY,32:45:SL:BANK_NAME,68:77:SL:PERSONAL_NAME",[IN:transfer [SL:MONEY iR250] [SL:BANK_NAME yakwa Nedbank] [SL:PERSONAL_NAME ka-Noxolo] ],MONEY: iR250 $$ BANK_NAME: yakwa Nedbank $$ PERSONAL_NAME: ka-Noxolo,xho
banking,transfer,Take $300 from my FNB account and send it to Thandeka's number via e-wallet.,"9:14:SL:MONEY,32:41:SL:BANK_NAME,64:75:SL:PERSONAL_NAME",[IN:transfer [SL:MONEY iR300] [SL:BANK_NAME yakwa FNB] [SL:PERSONAL_NAME ka-Thandeka] ],MONEY: iR300 $$ BANK_NAME: yakwa FNB $$ PERSONAL_NAME: ka-Thandeka,xho
home,calendar_update,Can you prove to me that independence day is on this year's calendar?,32:50:SL:CALENDAR_EVENT,[IN:calendar_update [SL:CALENDAR_EVENT usuku lwenkululeko] ],CALENDAR_EVENT: usuku lwenkululeko,xho
home,calendar_update,Have you changed the date of the Passover from March to April this year?,"15:32:SL:CALENDAR_EVENT,33:73:SL:DATE",[IN:calendar_update [SL:CALENDAR_EVENT iintsuku zepasika] [SL:DATE zingabingoMatshi zibekuEpreli kulo nyaka] ],CALENDAR_EVENT: iintsuku zepasika $$ DATE: zingabingoMatshi zibekuEpreli kulo nyaka,xho
home,calendar_update,Have you been able to change the date of the Passover from March to April this year?,"22:39:SL:CALENDAR_EVENT,40:80:SL:DATE",[IN:calendar_update [SL:CALENDAR_EVENT iintsuku zepasika] [SL:DATE zingabingoMatshi zibekuEpreli kulo nyaka] ],CALENDAR_EVENT: iintsuku zepasika $$ DATE: zingabingoMatshi zibekuEpreli kulo nyaka,xho
home,calendar_update,Please mark my wedding anniversary on my calendar.,14:46:SL:CALENDAR_EVENT,[IN:calendar_update [SL:CALENDAR_EVENT isikhumbuzo semini yam yomtshato] ],CALENDAR_EVENT: isikhumbuzo semini yam yomtshato,xho
home,calendar_update,Could you mark my wedding anniversary on the calendar?,18:50:SL:CALENDAR_EVENT,[IN:calendar_update [SL:CALENDAR_EVENT isikhumbuzo semini yam yomtshato] ],CALENDAR_EVENT: isikhumbuzo semini yam yomtshato,xho
home,calendar_update,Please change my meeting with Jane to 5 p.m. instead of 10 a.m.,"19:31:SL:CALENDAR_EVENT,36:42:SL:PERSONAL_NAME,43:78:SL:TIME",[IN:calendar_update [SL:CALENDAR_EVENT intlanganiso] [SL:PERSONAL_NAME noJane] [SL:TIME ibengo5 emalanga hayi ngo10 ekuseni] ],CALENDAR_EVENT: intlanganiso $$ PERSONAL_NAME: noJane $$ TIME: ibengo5 emalanga hayi ngo10 ekuseni,xho
home,calendar_update,You can change the time of my meeting with Jane from 10 a.m. to 5 p.m.,"44:50:SL:PERSONAL_NAME,51:88:SL:TIME",[IN:calendar_update [SL:PERSONAL_NAME noJane] [SL:TIME ukusuka ku10 ekuseni iye ku5 emalanga] ],PERSONAL_NAME: noJane $$ TIME: ukusuka ku10 ekuseni iye ku5 emalanga,xho
home,calendar_update,Please delete my doctor's appointment from the May calendar.,46:52:SL:DATE,[IN:calendar_update [SL:DATE kameyi] ],DATE: kameyi,xho
home,calendar_update,Is it possible to change my doctor's appointment from May to December?,50:79:SL:DATE,[IN:calendar_update [SL:DATE ukusuka kuMeyi liye kuDisemba] ],DATE: ukusuka kuMeyi liye kuDisemba,xho
home,calendar_update,Can you move my meeting with my lawyer to Monday?,"32:44:SL:CALENDAR_EVENT,63:77:SL:DATE",[IN:calendar_update [SL:CALENDAR_EVENT intlanganiso] [SL:DATE ingabingoMvulo] ],CALENDAR_EVENT: intlanganiso $$ DATE: ingabingoMvulo,xho
home,calendar_update,Please mark my meeting with the lawyer as Monday.,"24:36:SL:CALENDAR_EVENT,51:65:SL:DATE",[IN:calendar_update [SL:CALENDAR_EVENT intlanganiso] [SL:DATE ingabingoMvulo] ],CALENDAR_EVENT: intlanganiso $$ DATE: ingabingoMvulo,xho
home,calendar_update,Please mark my appointment with my parents on May 10 on my calendar.,51:70:SL:DATE,[IN:calendar_update [SL:DATE ngomhla we10 kaMeyi] ],DATE: ngomhla we10 kaMeyi,xho
home,calendar_update,Can you still schedule my appointment with my parents for May 10?,40:59:SL:DATE,[IN:calendar_update [SL:DATE ngomhla we10 kaMeyi] ],DATE: ngomhla we10 kaMeyi,xho
home,calendar_update,Please mark my calendar for the meeting with the planner tomorrow.,"37:56:SL:CALENDAR_EVENT,57:63:SL:DATE",[IN:calendar_update [SL:CALENDAR_EVENT intlanganiso noceba] [SL:DATE ngomso] ],CALENDAR_EVENT: intlanganiso noceba $$ DATE: ngomso,xho
home,calendar_update,Can you mark a meeting on your calendar for tomorrow?,"32:51:SL:CALENDAR_EVENT,52:58:SL:DATE",[IN:calendar_update [SL:CALENDAR_EVENT intlanganiso noceba] [SL:DATE ngomso] ],CALENDAR_EVENT: intlanganiso noceba $$ DATE: ngomso,xho
home,calendar_update,Please put Brandy's song on my list of favorite songs.,21:29:SL:ARTIST_NAME,[IN:calendar_update [SL:ARTIST_NAME kaBrandy] ],ARTIST_NAME: kaBrandy,xho
home,calendar_update,Please remind me of the funeral date next week.,41:56:SL:DATE,[IN:calendar_update [SL:DATE kule veki izayo] ],DATE: kule veki izayo,xho
home,calendar_update,Please put the chief's birthday on my calendar.,30:57:SL:CALENDAR_EVENT,[IN:calendar_update [SL:CALENDAR_EVENT usuku lokuzalwa lukamphathi] ],CALENDAR_EVENT: usuku lokuzalwa lukamphathi,xho
home,calendar_update,Please enter the date of the priest's wedding on Friday.,"14:29:SL:CALENDAR_EVENT,41:54:SL:DATE",[IN:calendar_update [SL:CALENDAR_EVENT usuku lomtshato] [SL:DATE ngoLwesihlanu] ],CALENDAR_EVENT: usuku lomtshato $$ DATE: ngoLwesihlanu,xho
home,calendar_update,You can change my doctor's appointment to this week instead of next week.,51:77:SL:DATE,[IN:calendar_update [SL:DATE ibe kule veki hayi kwezayo] ],DATE: ibe kule veki hayi kwezayo,xho
home,calendar_update,Please put my wedding in December on my calendar.,49:59:SL:DATE,[IN:calendar_update [SL:DATE ngoDisemba] ],DATE: ngoDisemba,xho
home,calendar_update,Can you put the date of my wedding on the calendar for December?,"23:38:SL:CALENDAR_EVENT,51:60:SL:DATE",[IN:calendar_update [SL:CALENDAR_EVENT usuku lomtshato] [SL:DATE kaDisemba] ],CALENDAR_EVENT: usuku lomtshato $$ DATE: kaDisemba,xho
home,calendar_update,Please remove all my bindings from the calendar on the first of May.,53:79:SL:DATE,[IN:calendar_update [SL:DATE ngemini yokuqala kaCanzibe] ],DATE: ngemini yokuqala kaCanzibe,xho
home,calendar_update,Please mark this meeting invitation on my calendar,14:35:SL:CALENDAR_EVENT,[IN:calendar_update [SL:CALENDAR_EVENT isimemo sentlanganiso] ],CALENDAR_EVENT: isimemo sentlanganiso,xho
home,calendar_update,Please enter the league's sports day on the calendar.,14:43:SL:CALENDAR_EVENT,[IN:calendar_update [SL:CALENDAR_EVENT usuku lwezemidlalo lwecandelo] ],CALENDAR_EVENT: usuku lwezemidlalo lwecandelo,xho
home,calendar_update,Can you put a day of work on my calendar?,23:41:SL:CALENDAR_EVENT,[IN:calendar_update [SL:CALENDAR_EVENT usuku lwabasebenzi] ],CALENDAR_EVENT: usuku lwabasebenzi,xho
home,calendar_update,Please do not put anything for November on my calendar.,24:35:SL:DATE,[IN:calendar_update [SL:DATE engoNovemba] ],DATE: engoNovemba,xho
home,calendar_update,Please clear everything from my binding calendar on Wednesday.,54:68:SL:DATE,[IN:calendar_update [SL:DATE ngoLwesithathu] ],DATE: ngoLwesithathu,xho
home,calendar_update,Can the meeting for Tuesday be moved to the calendar?,46:60:SL:DATE,[IN:calendar_update [SL:DATE yangoLwesibini] ],DATE: yangoLwesibini,xho
home,calendar_update,Please mark the meeting for Tuesday on my calendar.,"37:49:SL:CALENDAR_EVENT,50:63:SL:DATE",[IN:calendar_update [SL:CALENDAR_EVENT intlanganiso] [SL:DATE engoLwesibini] ],CALENDAR_EVENT: intlanganiso $$ DATE: engoLwesibini,xho
home,calendar_update,Please put Jane's birthday on my calendar,"30:45:SL:CALENDAR_EVENT,46:54:SL:PERSONAL_NAME",[IN:calendar_update [SL:CALENDAR_EVENT usuku lokuzalwa] [SL:PERSONAL_NAME lukaJane] ],CALENDAR_EVENT: usuku lokuzalwa $$ PERSONAL_NAME: lukaJane,xho
home,calendar_update,Please mark my calendar for my sister's birthday next week.,"30:57:SL:CALENDAR_EVENT,58:76:SL:DATE",[IN:calendar_update [SL:CALENDAR_EVENT usuku lokuzalwa lukadadethu] [SL:DATE olukule veki izayo] ],CALENDAR_EVENT: usuku lokuzalwa lukadadethu $$ DATE: olukule veki izayo,xho
home,calendar_update,Please mark my parents' wedding anniversary on the calendar.,,[IN:calendar_update ],,xho
home,calendar_update,Could you put a day on your calendar to play golf with friends?,30:53:SL:CALENDAR_EVENT,[IN:calendar_update [SL:CALENDAR_EVENT imini yokudlala igalufa] ],CALENDAR_EVENT: imini yokudlala igalufa,xho
home,calendar_update,Could you mark the fishing season on my calendar?,,[IN:calendar_update ],,xho
home,calendar_update,Please mark my calendar for a family dinner every Friday night.,"45:62:SL:MEAL_PERIOD,75:88:SL:DATE",[IN:calendar_update [SL:MEAL_PERIOD isidlo sasebusuku] [SL:DATE ngoLwezihlanu] ],MEAL_PERIOD: isidlo sasebusuku $$ DATE: ngoLwezihlanu,xho
home,calendar_update,Can I be bothered with the president's calendar?,,[IN:calendar_update ],,xho
home,calendar_update,Please mark off my appointment with the mayor tomorrow.,54:60:SL:DATE,[IN:calendar_update [SL:DATE ngomso] ],DATE: ngomso,xho
home,calendar_update,Can you cancel my appointment with the mayor tomorrow?,60:66:SL:DATE,[IN:calendar_update [SL:DATE ngomso] ],DATE: ngomso,xho
home,calendar_update,Can you put me on the president's calendar?,,[IN:calendar_update ],,xho
home,calendar_update,Please schedule an appointment for me on this lawyer's calendar.,,[IN:calendar_update ],,xho
home,calendar_update,Could you put me on the doctor's calendar?,,[IN:calendar_update ],,xho
home,calendar_update,Please make an appointment for me Tuesday at 10 with the doctor.,"26:40:SL:DATE,41:46:SL:TIME",[IN:calendar_update [SL:DATE langoLwesibini] [SL:TIME ngo10] ],DATE: langoLwesibini $$ TIME: ngo10,xho
home,calendar_update,Please mark the parliamentary day on my calendar.,15:34:SL:CALENDAR_EVENT,[IN:calendar_update [SL:CALENDAR_EVENT imini yasepalamente] ],CALENDAR_EVENT: imini yasepalamente,xho
home,calendar_update,Could you mark the date of the parliamentary session on my calendar?,,[IN:calendar_update ],,xho
home,calendar_update,Please mark the date of the funeral on this calendar.,46:59:SL:DATE,[IN:calendar_update [SL:DATE sangoMgqibelo] ],DATE: sangoMgqibelo,xho
home,calendar_update,Please delete the community meeting from my calendar,14:36:SL:CALENDAR_EVENT,[IN:calendar_update [SL:CALENDAR_EVENT intlanganiso yabahlali] ],CALENDAR_EVENT: intlanganiso yabahlali,xho
home,calendar_update,Can you cross off Sunday's funeral date from my calendar?,53:63:SL:DATE,[IN:calendar_update [SL:DATE lwangeCawe] ],DATE: lwangeCawe,xho
home,calendar_update,Can you cross off the Friday date on my calendar?,42:57:SL:DATE,[IN:calendar_update [SL:DATE yangoLwesihlanu] ],DATE: yangoLwesihlanu,xho
home,calendar_update,Please remove the date of the priest's wedding invitation from my calendar.,14:40:SL:CALENDAR_EVENT,[IN:calendar_update [SL:CALENDAR_EVENT usuku lwesasimemo sembadla] ],CALENDAR_EVENT: usuku lwesasimemo sembadla,xho
home,calendar_update,Please remove my appointment with the teacher from the June calendar.,"12:33:SL:CALENDAR_EVENT,46:52:SL:DATE",[IN:calendar_update [SL:CALENDAR_EVENT idinga lam notitshala] [SL:DATE kaJuni] ],CALENDAR_EVENT: idinga lam notitshala $$ DATE: kaJuni,xho
home,calendar_update,Please put my appointment for the procedure on the calendar.,14:37:SL:CALENDAR_EVENT,[IN:calendar_update [SL:CALENDAR_EVENT idinga lam lokulolongwa] ],CALENDAR_EVENT: idinga lam lokulolongwa,xho
home,calendar_update,Please move the public board meeting to Monday from Thursday.,"17:45:SL:CALENDAR_EVENT,50:76:SL:DATE",[IN:calendar_update [SL:CALENDAR_EVENT intlanganiso nebhodi yoluntu] [SL:DATE kuMvulo isuke kula Lwesine] ],CALENDAR_EVENT: intlanganiso nebhodi yoluntu $$ DATE: kuMvulo isuke kula Lwesine,xho
home,calendar_update,Please don't forget to put my cousin's birthday on my calendar,26:51:SL:CALENDAR_EVENT,[IN:calendar_update [SL:CALENDAR_EVENT usuku lokuzalwa lukamzala] ],CALENDAR_EVENT: usuku lokuzalwa lukamzala,xho
home,calendar_update,Can I meet you on Wednesday instead of Saturday?,"31:44:SL:DATE,50:61:SL:DATE",[IN:calendar_update [SL:DATE ngLwesithathu] [SL:DATE ngoMgqibelo] ],DATE: ngLwesithathu $$ DATE: ngoMgqibelo,xho
home,calendar_update,Can you take my appointment with the teacher off the June calendar?,53:59:SL:DATE,[IN:calendar_update [SL:DATE kaJuni] ],DATE: kaJuni,xho
home,calendar_update,Could you put my appointment for the operation on the calendar?,33:60:SL:CALENDAR_EVENT,[IN:calendar_update [SL:CALENDAR_EVENT idinga lam lokuyokulolongwa] ],CALENDAR_EVENT: idinga lam lokuyokulolongwa,xho
home,calendar_update,Could you mark Saturday on your personal training calendar?,36:56:SL:DATE,[IN:calendar_update [SL:DATE usuku lwangoMgqibelo] ],DATE: usuku lwangoMgqibelo,xho
home,calendar_update,Can you change my hairdo to March 15?,47:65:SL:DATE,[IN:calendar_update [SL:DATE lubenge15 kaMatshi] ],DATE: lubenge15 kaMatshi,xho
home,calendar_update,Please mark all meetings for May 24 on my calendar.,34:48:SL:DATE,[IN:calendar_update [SL:DATE zange24 kaMeyi] ],DATE: zange24 kaMeyi,xho
home,calendar_update,Can you cancel all the meetings I have scheduled for May 24?,59:71:SL:DATE,[IN:calendar_update [SL:DATE nge24 kaMeyi] ],DATE: nge24 kaMeyi,xho
home,calendar_update,Could you put Saturday's funeral date on my calendar?,23:54:SL:CALENDAR_EVENT,[IN:calendar_update [SL:CALENDAR_EVENT imini yangoMgqibelo yesingcwabo] ],CALENDAR_EVENT: imini yangoMgqibelo yesingcwabo,xho
home,calendar_update,Do you have my court date on my calendar?,27:49:SL:CALENDAR_EVENT,[IN:calendar_update [SL:CALENDAR_EVENT imini yokuya kwamantyi] ],CALENDAR_EVENT: imini yokuya kwamantyi,xho
home,calendar_update,You managed to erase my Saturday appointment with the teacher from my calendar.,42:55:SL:DATE,[IN:calendar_update [SL:DATE langoMgqibelo] ],DATE: langoMgqibelo,xho
home,calendar_update,Can you change my appointment to Monday?,52:60:SL:DATE,[IN:calendar_update [SL:DATE ngoMvulo] ],DATE: ngoMvulo,xho
home,calendar_update,Please mark the dates of the carving on my calendar.,,[IN:calendar_update ],,xho
home,calendar_update,Could you mark the dates of my visit on my calendar?,18:40:SL:CALENDAR_EVENT,[IN:calendar_update [SL:CALENDAR_EVENT iintsuku zokukhenketha] ],CALENDAR_EVENT: iintsuku zokukhenketha,xho
home,calendar_update,Please put Saturday's children's play day on my calendar.,"14:41:SL:CALENDAR_EVENT,42:56:SL:DATE",[IN:calendar_update [SL:CALENDAR_EVENT usuku lokudlala lwabantwana] [SL:DATE lwangoMgqibelo] ],CALENDAR_EVENT: usuku lokudlala lwabantwana $$ DATE: lwangoMgqibelo,xho
home,calendar_update,Can you add a play day for the kids to my calendar?,15:42:SL:CALENDAR_EVENT,[IN:calendar_update [SL:CALENDAR_EVENT usuku lokudlala lwabantwana] ],CALENDAR_EVENT: usuku lokudlala lwabantwana,xho
home,calendar_update,Please write down an appointment for lunch with your in-laws.,38:53:SL:MEAL_PERIOD,[IN:calendar_update [SL:MEAL_PERIOD isidlo sasemini] ],MEAL_PERIOD: isidlo sasemini,xho
home,calendar_update,You can put on the calendar the first of May as a day to play with children.,30:51:SL:DATE,[IN:calendar_update [SL:DATE umhla wokuqala kuMeyi] ],DATE: umhla wokuqala kuMeyi,xho
home,calendar_update,Are you sure that March 27 is the date on your calendar for going to the police?,26:38:SL:DATE,[IN:calendar_update [SL:DATE i27 kaMatshi] ],DATE: i27 kaMatshi,xho
home,calendar_update,Are you sure you have the date for the president's visit to the prison on Sunday?,35:44:SL:DATE,[IN:calendar_update [SL:DATE yangeCawe] ],DATE: yangeCawe,xho
home,calendar_update,Please remove from your calendar the date for the principal's meeting on April 15.,"26:56:SL:CALENDAR_EVENT,57:74:SL:DATE",[IN:calendar_update [SL:CALENDAR_EVENT ela dinga lokudibana nenqununu] [SL:DATE lwange15 kaEpreli] ],CALENDAR_EVENT: ela dinga lokudibana nenqununu $$ DATE: lwange15 kaEpreli,xho
home,calendar_update,Can you erase from your calendar the date for meeting the principal on April 15?,57:74:SL:DATE,[IN:calendar_update [SL:DATE lwange15 kaEpreli] ],DATE: lwange15 kaEpreli,xho
home,calendar_update,Please mark on your calendar an appointment to pick out dresses to take with my mother on Friday at three o'clock.,"72:85:SL:DATE,86:107:SL:TIME",[IN:calendar_update [SL:DATE ngoLwesihlanu] [SL:TIME ngentsimbi yesithathu] ],DATE: ngoLwesihlanu $$ TIME: ngentsimbi yesithathu,xho
home,calendar_update,Can you mark on your calendar an appointment to pick out dresses for Mom on Friday at three o'clock?,"72:85:SL:DATE,86:107:SL:TIME",[IN:calendar_update [SL:DATE ngoLwesihlanu] [SL:TIME ngentsimbi yesithathu] ],DATE: ngoLwesihlanu $$ TIME: ngentsimbi yesithathu,xho
home,calendar_update,Could you check your calendar for a dress fitting tomorrow at one o'clock?,"84:90:SL:DATE,91:110:SL:TIME",[IN:calendar_update [SL:DATE ngomso] [SL:TIME ngentsimbi yokuqala] ],DATE: ngomso $$ TIME: ngentsimbi yokuqala,xho
home,calendar_update,Would you look at the calendar and make an appointment for me to try on my dress at one o'clock tomorrow?,"89:108:SL:TIME,109:115:SL:DATE",[IN:calendar_update [SL:TIME ngentsimbi yokuqala] [SL:DATE ngomso] ],TIME: ngentsimbi yokuqala $$ DATE: ngomso,xho
home,calendar_update,Please make sure that the day of liberation is on the calendar this year.,24:42:SL:CALENDAR_EVENT,[IN:calendar_update [SL:CALENDAR_EVENT usuku lwenkululeko] ],CALENDAR_EVENT: usuku lwenkululeko,xho
home,play_music,Please play the song slowly on the piano.,,[IN:play_music ],,xho
home,play_music,Please play the song Jerusalem beloved.,27:37:SL:SONG_NAME,[IN:play_music [SL:SONG_NAME Jerusalema] ],SONG_NAME: Jerusalema,xho
home,play_music,Can you play a popular gospel song?,26:35:SL:MUSIC_GENRE,[IN:play_music [SL:MUSIC_GENRE wegospile] ],MUSIC_GENRE: wegospile,xho
home,play_music,Please play some more romantic Lutheran songs.,44:55:SL:ARTIST_NAME,[IN:play_music [SL:ARTIST_NAME ezikaLuther] ],ARTIST_NAME: ezikaLuther,xho
home,play_music,"I'm dying to listen to RNB loud music, what songs would you recommend I listen to?",37:42:SL:MUSIC_GENRE,[IN:play_music [SL:MUSIC_GENRE weRNB] ],MUSIC_GENRE: weRNB,xho
home,play_music,What kind of music did we like to listen to at school?,,[IN:play_music ],,xho
home,play_music,"Remind me of the songs we liked in school, please.",,[IN:play_music ],,xho
home,play_music,Please play a song that will make everyone happy.,,[IN:play_music ],,xho
home,play_music,Can a DJ play a Kanye song that everyone can enjoy?,30:37:SL:ARTIST_NAME,[IN:play_music [SL:ARTIST_NAME kaKanye] ],ARTIST_NAME: kaKanye,xho
home,play_music,Please send me your favorite songs so I can play them.,,[IN:play_music ],,xho
home,play_music,Can you send me your favorite songs of Thandiswa Mazwai to play?,30:50:SL:ARTIST_NAME,[IN:play_music [SL:ARTIST_NAME zikaThandiswa Mazwai] ],ARTIST_NAME: zikaThandiswa Mazwai,xho
home,play_music,"Remind me, what kind of music does the president like?",,[IN:play_music ],,xho
home,play_music,What is the president's favorite music?,,[IN:play_music ],,xho
home,play_music,Please play the candlelight dance for Page and Sdala B. ,"15:34:SL:SONG_NAME,35:41:SL:ARTIST_NAME,42:51:SL:ARTIST_NAME",[IN:play_music [SL:SONG_NAME ukhanyis'ikhandlela] [SL:ARTIST_NAME kaPage] [SL:ARTIST_NAME noSdala B] ],SONG_NAME: ukhanyis'ikhandlela $$ ARTIST_NAME: kaPage $$ ARTIST_NAME: noSdala B,xho
home,play_music,"The music you play is so good Dr. Tumi, where do you get it?",26:35:SL:ARTIST_NAME,[IN:play_music [SL:ARTIST_NAME kaDr Tumi] ],ARTIST_NAME: kaDr Tumi,xho
home,play_music,What do you do about learning to play an instrument?,,[IN:play_music ],,xho
home,play_music,Please play for us Kwaito now.,19:26:SL:MUSIC_GENRE,[IN:play_music [SL:MUSIC_GENRE iKwaito] ],MUSIC_GENRE: iKwaito,xho
home,play_music,Please play us a gospel song.,17:33:SL:MUSIC_GENRE,[IN:play_music [SL:MUSIC_GENRE umculo wegospile] ],MUSIC_GENRE: umculo wegospile,xho
home,play_music,Do people like to listen to the music you play?,,[IN:play_music ],,xho
home,play_music,Do you have a strict sense of personal preference when it comes to music?,,[IN:play_music ],,xho
home,play_music,How do you mix the music before you play it?,,[IN:play_music ],,xho
home,play_music,How do you know that the music has been mixed before you play it?,,[IN:play_music ],,xho
home,play_music,How do you know if people don't like the music you play?,,[IN:play_music ],,xho
home,play_music,Please tell me when you're going to play a song that sounds good and I'll dance.,43:55:SL:SONG_NAME,[IN:play_music [SL:SONG_NAME saduma kahle] ],SONG_NAME: saduma kahle,xho
home,play_music,Can you play this song for our graduation party at home?,,[IN:play_music ],,xho
home,play_music,Please play this song for us at our graduation celebration.,,[IN:play_music ],,xho
home,play_music,"We want to be the best at the wedding, you want to be the best?","19:29:SL:MUSIC_GENRE,54:64:SL:MUSIC_GENRE",[IN:play_music [SL:MUSIC_GENRE umaskhandi] [SL:MUSIC_GENRE umaskhandi] ],MUSIC_GENRE: umaskhandi $$ MUSIC_GENRE: umaskhandi,xho
home,play_music,What song do you like to hear us play?,15:21:SL:MUSIC_GENRE,[IN:play_music [SL:MUSIC_GENRE yegqom] ],MUSIC_GENRE: yegqom,xho
home,play_music,What does the Kwaito song we're playing in your yard say?,14:22:SL:MUSIC_GENRE,[IN:play_music [SL:MUSIC_GENRE yeKwaito] ],MUSIC_GENRE: yeKwaito,xho
home,play_music,What song did you like to play when you cleaned your house?,,[IN:play_music ],,xho
home,play_music,What kind of music do you like to listen to when you clean?,,[IN:play_music ],,xho
home,play_music,What kind of music do you like to listen to when you wash your car?,,[IN:play_music ],,xho
home,play_music,Is it really necessary to play your music loudly so that your guests can hear it?,,[IN:play_music ],,xho
home,play_music,Please help us choose the music that will be played tomorrow,44:50:SL:DATE,[IN:play_music [SL:DATE ngomso] ],DATE: ngomso,xho
home,play_music,Is it just a matter of enjoying the music or is it just a way to pass the time?,,[IN:play_music ],,xho
home,play_music,Why do you cry when music is playing on TV?,,[IN:play_music ],,xho
home,play_music,Please play Rihanna's song for us to listen.,24:33:SL:ARTIST_NAME,[IN:play_music [SL:ARTIST_NAME kaRihanna] ],ARTIST_NAME: kaRihanna,xho
home,play_music,"Did you know that my mom bought a new CD, and we played some great Mariah Carey songs?",71:87:SL:ARTIST_NAME,[IN:play_music [SL:ARTIST_NAME zikaMariah Carey] ],ARTIST_NAME: zikaMariah Carey,xho
home,play_music,Do you listen to your mother when she asks you to play Peter Tosh's song when she cooks?,48:60:SL:ARTIST_NAME,[IN:play_music [SL:ARTIST_NAME kaPeter Tosh] ],ARTIST_NAME: kaPeter Tosh,xho
home,play_music,Can you play the music that plays during the day?,35:40:SL:TIME,[IN:play_music [SL:TIME emini] ],TIME: emini,xho
home,play_music,What music do you like to play when you bathe?,,[IN:play_music ],,xho
home,play_music,Did you know that people like to play Malibongwe music?,50:62:SL:ARTIST_NAME,[IN:play_music [SL:ARTIST_NAME kaMalibongwe] ],ARTIST_NAME: kaMalibongwe,xho
home,play_music,Can you play Feelings for Us All?,"14:23:SL:SONG_NAME,24:31:SL:ARTIST_NAME",[IN:play_music [SL:SONG_NAME uFeelings] [SL:ARTIST_NAME kaZonke] ],SONG_NAME: uFeelings $$ ARTIST_NAME: kaZonke,xho
home,play_music,"Do you remember the song that was played at the end of the year, ""Jik'izhing""?",58:68:SL:SONG_NAME,[IN:play_music [SL:SONG_NAME Jik'izinto] ],SONG_NAME: Jik'izinto,xho
home,play_music,"Remind me of the song that was playing when we first met, Rain.",71:78:SL:SONG_NAME,[IN:play_music [SL:SONG_NAME Nomvula] ],SONG_NAME: Nomvula,xho
home,play_music,Can we play a song called Lilizela to let people know that they've won?,25:33:SL:SONG_NAME,[IN:play_music [SL:SONG_NAME Lilizela] ],SONG_NAME: Lilizela,xho
home,play_music,Can you play Hello by Beyonce?,"31:36:SL:SONG_NAME,37:46:SL:ARTIST_NAME",[IN:play_music [SL:SONG_NAME Hello] [SL:ARTIST_NAME kaBeyonce] ],SONG_NAME: Hello $$ ARTIST_NAME: kaBeyonce,xho
home,play_music,Can you still play the Shwi song?,25:31:SL:ARTIST_NAME,[IN:play_music [SL:ARTIST_NAME kaShwi] ],ARTIST_NAME: kaShwi,xho
home,play_music,Please play some music.,,[IN:play_music ],,xho
home,play_music,Please play some music and stop talking.,,[IN:play_music ],,xho
home,play_music,What kind of music do you like?,,[IN:play_music ],,xho
home,play_music,Choose your favorite songs and play them now.,,[IN:play_music ],,xho
home,play_music,Who wants to play music on the radio?,,[IN:play_music ],,xho
home,play_music,Please play music in the car and not on the radio.,,[IN:play_music ],,xho
home,play_music,Who is playing music now?,,[IN:play_music ],,xho
home,play_music,Can you play Zola's song that's so loud?,"27:33:SL:ARTIST_NAME,39:48:SL:SONG_NAME",[IN:play_music [SL:ARTIST_NAME kaZola] [SL:SONG_NAME bhambatha] ],ARTIST_NAME: kaZola $$ SONG_NAME: bhambatha,xho
home,play_music,Please play me a nice song.,,[IN:play_music ],,xho
home,play_music,Play some of Eminem's songs for me.,24:34:SL:ARTIST_NAME,[IN:play_music [SL:ARTIST_NAME zikaEminem] ],ARTIST_NAME: zikaEminem,xho
home,play_music,How much do you like listening to Zahara's music?,40:48:SL:ARTIST_NAME,[IN:play_music [SL:ARTIST_NAME kaZahara] ],ARTIST_NAME: kaZahara,xho
home,play_music,Can we play Caiphus' songs at dinner?,"21:32:SL:ARTIST_NAME,44:61:SL:MEAL_PERIOD",[IN:play_music [SL:ARTIST_NAME zikaCaiphus] [SL:MEAL_PERIOD isidlo sasebusuku] ],ARTIST_NAME: zikaCaiphus $$ MEAL_PERIOD: isidlo sasebusuku,xho
home,play_music,Do the bride and groom like listening to Brenda's songs?,55:65:SL:ARTIST_NAME,[IN:play_music [SL:ARTIST_NAME zikaBrenda] ],ARTIST_NAME: zikaBrenda,xho
home,play_music,Please play Ed Shereen as the couple.,13:24:SL:ARTIST_NAME,[IN:play_music [SL:ARTIST_NAME uEd Shereen] ],ARTIST_NAME: uEd Shereen,xho
home,play_music,Can you play Brenda's song for me and dance at home?,30:38:SL:ARTIST_NAME,[IN:play_music [SL:ARTIST_NAME kaBrenda] ],ARTIST_NAME: kaBrenda,xho
home,play_music,Can you play Brandy's song?,26:34:SL:ARTIST_NAME,[IN:play_music [SL:ARTIST_NAME kaBrandy] ],ARTIST_NAME: kaBrandy,xho
home,play_music,"Please play this song for me, it's crying for Tiktok.",,[IN:play_music ],,xho
home,play_music,"Please play me this Beyonce song, I love it.",26:35:SL:ARTIST_NAME,[IN:play_music [SL:ARTIST_NAME kaBeyonce] ],ARTIST_NAME: kaBeyonce,xho
home,play_music,Please play this song for me.,34:46:SL:SONG_NAME,[IN:play_music [SL:SONG_NAME ziph'iinkomo] ],SONG_NAME: ziph'iinkomo,xho
home,play_music,What kind of music does my mother like?,,[IN:play_music ],,xho
home,play_music,What kind of music do you like to play?,,[IN:play_music ],,xho
home,play_music,Would you please play Lira's songs?,23:31:SL:ARTIST_NAME,[IN:play_music [SL:ARTIST_NAME zikaLira] ],ARTIST_NAME: zikaLira,xho
home,play_music,Please play Letta Mbuli songs,23:38:SL:ARTIST_NAME,[IN:play_music [SL:ARTIST_NAME zikaLetta Mbuli] ],ARTIST_NAME: zikaLetta Mbuli,xho
home,play_music,Please help me to collect some good music by Kwesta for my celebration.,47:55:SL:ARTIST_NAME,[IN:play_music [SL:ARTIST_NAME kaKwesta] ],ARTIST_NAME: kaKwesta,xho
home,play_music,What kind of music should I play for adults?,,[IN:play_music ],,xho
home,play_music,What kind of music do you like to listen to when you are alone in your home?,,[IN:play_music ],,xho
home,play_music,"Play me some of Drake's songs, please.",28:37:SL:ARTIST_NAME,[IN:play_music [SL:ARTIST_NAME zikaDrake] ],ARTIST_NAME: zikaDrake,xho
home,play_music,What gospel songs might we play in church?,16:25:SL:MUSIC_GENRE,[IN:play_music [SL:MUSIC_GENRE zegospile] ],MUSIC_GENRE: zegospile,xho
home,play_music,Can I play some of the songs from the Bible for the priest?,33:50:SL:ARTIST_NAME,[IN:play_music [SL:ARTIST_NAME zikaSifiso Ncwane] ],ARTIST_NAME: zikaSifiso Ncwane,xho
home,play_music,Have you been able to play Michelle's beautiful music on your phone?,33:43:SL:ARTIST_NAME,[IN:play_music [SL:ARTIST_NAME kaMichelle] ],ARTIST_NAME: kaMichelle,xho
home,play_music,Please play some music so we can dance.,,[IN:play_music ],,xho
home,play_music,Is it mandatory to play Gqom when we get up?,29:34:SL:MUSIC_GENRE,[IN:play_music [SL:MUSIC_GENRE iGqom] ],MUSIC_GENRE: iGqom,xho
home,shopping_list_update,Put milk on my list of foods.,17:22:SL:DISH_OR_FOOD,[IN:shopping_list_update [SL:DISH_OR_FOOD amasi] ],DISH_OR_FOOD: amasi,xho
home,shopping_list_update,Did you write down the soap for bathing?,11:36:SL:SHOPPING_ITEM,[IN:shopping_list_update [SL:SHOPPING_ITEM isepha yokuhlamba umzimba] ],SHOPPING_ITEM: isepha yokuhlamba umzimba,xho
home,shopping_list_update,Please make sure that the milk is in good condition,24:29:SL:DISH_OR_FOOD,[IN:shopping_list_update [SL:DISH_OR_FOOD amasi] ],DISH_OR_FOOD: amasi,xho
home,shopping_list_update,Did you put two loaves of bread on my Spar inventory?,"7:13:SL:DISH_OR_FOOD,14:21:SL:NUMBER",[IN:shopping_list_update [SL:DISH_OR_FOOD izonka] [SL:NUMBER ezibini] ],DISH_OR_FOOD: izonka $$ NUMBER: ezibini,xho
home,shopping_list_update,Please write a pie for me to pass through Pie City,"13:17:SL:DISH_OR_FOOD,39:50:SL:RESTAURANT_NAME",[IN:shopping_list_update [SL:DISH_OR_FOOD ipie] [SL:RESTAURANT_NAME kwaPie City] ],DISH_OR_FOOD: ipie $$ RESTAURANT_NAME: kwaPie City,xho
home,shopping_list_update,Please remove the bread and add the milk to the list of funeral items.,"12:18:SL:DISH_OR_FOOD,37:42:SL:DISH_OR_FOOD",[IN:shopping_list_update [SL:DISH_OR_FOOD isonka] [SL:DISH_OR_FOOD ubisi] ],DISH_OR_FOOD: isonka $$ DISH_OR_FOOD: ubisi,xho
home,shopping_list_update,Please list ten cartons of milk.,"27:35:SL:NUMBER,36:41:SL:DISH_OR_FOOD",[IN:shopping_list_update [SL:NUMBER alishumi] [SL:DISH_OR_FOOD obisi] ],NUMBER: alishumi $$ DISH_OR_FOOD: obisi,xho
home,shopping_list_update,Does it say to break bread?,23:29:SL:DISH_OR_FOOD,[IN:shopping_list_update [SL:DISH_OR_FOOD isonka] ],DISH_OR_FOOD: isonka,xho
home,shopping_list_update,Please check if there is any bread at Cash and Carry.,29:35:SL:DISH_OR_FOOD,[IN:shopping_list_update [SL:DISH_OR_FOOD isonka] ],DISH_OR_FOOD: isonka,xho
home,shopping_list_update,Please add milk again to my Checkers list.,16:21:SL:DISH_OR_FOOD,[IN:shopping_list_update [SL:DISH_OR_FOOD amasi] ],DISH_OR_FOOD: amasi,xho
home,shopping_list_update,Did you remove the eraser from my notes yesterday?,"10:15:SL:DISH_OR_FOOD,39:44:SL:DATE",[IN:shopping_list_update [SL:DISH_OR_FOOD iraja] [SL:DATE izolo] ],DISH_OR_FOOD: iraja $$ DATE: izolo,xho
home,shopping_list_update,Please put red meat on my shopping list.,14:27:SL:DISH_OR_FOOD,[IN:shopping_list_update [SL:DISH_OR_FOOD inyama ebomvu] ],DISH_OR_FOOD: inyama ebomvu,xho
home,shopping_list_update,Please put pork on my grocery list.,14:27:SL:DISH_OR_FOOD,[IN:shopping_list_update [SL:DISH_OR_FOOD inyama yehagu] ],DISH_OR_FOOD: inyama yehagu,xho
home,shopping_list_update,Please add lamb to my grocery list.,14:28:SL:DISH_OR_FOOD,[IN:shopping_list_update [SL:DISH_OR_FOOD inyama yegusha] ],DISH_OR_FOOD: inyama yegusha,xho
home,shopping_list_update,Are eggs on that list?,7:15:SL:DISH_OR_FOOD,[IN:shopping_list_update [SL:DISH_OR_FOOD amaqanda] ],DISH_OR_FOOD: amaqanda,xho
home,shopping_list_update,Please put milk on my grocery list.,14:19:SL:DISH_OR_FOOD,[IN:shopping_list_update [SL:DISH_OR_FOOD amasi] ],DISH_OR_FOOD: amasi,xho
home,shopping_list_update,"If rice is included in my grocery list, please add it.",7:14:SL:DISH_OR_FOOD,[IN:shopping_list_update [SL:DISH_OR_FOOD irayisi] ],DISH_OR_FOOD: irayisi,xho
home,shopping_list_update,"If lamb is included in my grocery list, please add it.",7:22:SL:DISH_OR_FOOD,[IN:shopping_list_update [SL:DISH_OR_FOOD iinyama yegusha] ],DISH_OR_FOOD: iinyama yegusha,xho
home,shopping_list_update,Please remove coke from my grocery list and add juice.,"14:19:SL:SHOPPING_ITEM,48:53:SL:SHOPPING_ITEM",[IN:shopping_list_update [SL:SHOPPING_ITEM icoke] [SL:SHOPPING_ITEM ijusi] ],SHOPPING_ITEM: icoke $$ SHOPPING_ITEM: ijusi,xho
home,shopping_list_update,"I have tomatoes on my grocery list, if not please add them.",8:15:SL:DISH_OR_FOOD,[IN:shopping_list_update [SL:DISH_OR_FOOD itumato] ],DISH_OR_FOOD: itumato,xho
home,shopping_list_update,"There are wood in my grocery list, if there are none please add them.",8:15:SL:SHOPPING_ITEM,[IN:shopping_list_update [SL:SHOPPING_ITEM iinkuni] ],SHOPPING_ITEM: iinkuni,xho
home,shopping_list_update,"Do I have any firewood in my grocery list, if not, please add it.",15:31:SL:SHOPPING_ITEM,[IN:shopping_list_update [SL:SHOPPING_ITEM iinkuni zokubasa] ],SHOPPING_ITEM: iinkuni zokubasa,xho
home,shopping_list_update,"Are the dishes already on my grocery list, if not please add them.",7:25:SL:SHOPPING_ITEM,[IN:shopping_list_update [SL:SHOPPING_ITEM izitya zokuphakela] ],SHOPPING_ITEM: izitya zokuphakela,xho
home,shopping_list_update,"Are there any fruits on my grocery list, if not please add them.",15:23:SL:DISH_OR_FOOD,[IN:shopping_list_update [SL:DISH_OR_FOOD iziqhamo] ],DISH_OR_FOOD: iziqhamo,xho
home,shopping_list_update,"Do I have any specials on my grocery list, if not, please add them.",15:24:SL:DISH_OR_FOOD,[IN:shopping_list_update [SL:DISH_OR_FOOD iziqhambo] ],DISH_OR_FOOD: iziqhambo,xho
home,shopping_list_update,Please add the dough to my grocery list.,16:23:SL:DISH_OR_FOOD,[IN:shopping_list_update [SL:DISH_OR_FOOD intlama] ],DISH_OR_FOOD: intlama,xho
home,shopping_list_update,Please add rice to my shopping list.,16:23:SL:DISH_OR_FOOD,[IN:shopping_list_update [SL:DISH_OR_FOOD irayisi] ],DISH_OR_FOOD: irayisi,xho
home,shopping_list_update,Please put rice on my list of things I must buy.,14:21:SL:DISH_OR_FOOD,[IN:shopping_list_update [SL:DISH_OR_FOOD irayisi] ],DISH_OR_FOOD: irayisi,xho
home,shopping_list_update,Please make sure that spices are added to my list of things I need to buy.,26:35:SL:DISH_OR_FOOD,[IN:shopping_list_update [SL:DISH_OR_FOOD sispayisi] ],DISH_OR_FOOD: sispayisi,xho
home,shopping_list_update,Please remind me next time I buy oil.,53:59:SL:DISH_OR_FOOD,[IN:shopping_list_update [SL:DISH_OR_FOOD ioyile] ],DISH_OR_FOOD: ioyile,xho
home,shopping_list_update,Can you put a cosmetic on my shopping list?,,[IN:shopping_list_update ],,xho
home,shopping_list_update,Please make sure that the petroleum jelly is on my list of essential supplies.,26:35:SL:SHOPPING_ITEM,[IN:shopping_list_update [SL:SHOPPING_ITEM ivaselina] ],SHOPPING_ITEM: ivaselina,xho
home,shopping_list_update,Please add the drone to my shopping list.,14:19:SL:SHOPPING_ITEM,[IN:shopping_list_update [SL:SHOPPING_ITEM idoni] ],SHOPPING_ITEM: idoni,xho
home,shopping_list_update,Please add coke to my shopping list.,14:19:SL:DISH_OR_FOOD,[IN:shopping_list_update [SL:DISH_OR_FOOD icoke] ],DISH_OR_FOOD: icoke,xho
home,shopping_list_update,Please put potatoes on my shopping list.,15:23:SL:DISH_OR_FOOD,[IN:shopping_list_update [SL:DISH_OR_FOOD iitapile] ],DISH_OR_FOOD: iitapile,xho
home,shopping_list_update,Please put onions on my shopping list.,14:21:SL:DISH_OR_FOOD,[IN:shopping_list_update [SL:DISH_OR_FOOD itswele] ],DISH_OR_FOOD: itswele,xho
home,shopping_list_update,Please put honey on my shopping list.,14:19:SL:DISH_OR_FOOD,[IN:shopping_list_update [SL:DISH_OR_FOOD ubusi] ],DISH_OR_FOOD: ubusi,xho
home,shopping_list_update,Please put some juice in my shopping basket.,14:19:SL:DISH_OR_FOOD,[IN:shopping_list_update [SL:DISH_OR_FOOD ijusi] ],DISH_OR_FOOD: ijusi,xho
home,shopping_list_update,Please add potatoes to my shopping list.,16:24:SL:DISH_OR_FOOD,[IN:shopping_list_update [SL:DISH_OR_FOOD iitapile] ],DISH_OR_FOOD: iitapile,xho
home,shopping_list_update,Please add onions to my shopping bag.,16:25:SL:DISH_OR_FOOD,[IN:shopping_list_update [SL:DISH_OR_FOOD amatswele] ],DISH_OR_FOOD: amatswele,xho
home,shopping_list_update,I'm out of potatoes; please add them to my shopping list.,12:21:SL:DISH_OR_FOOD,[IN:shopping_list_update [SL:DISH_OR_FOOD ziitapile] ],DISH_OR_FOOD: ziitapile,xho
home,shopping_list_update,Please remove honey from my shopping list and add sugar.,"14:19:SL:SHOPPING_ITEM,61:69:SL:SHOPPING_ITEM",[IN:shopping_list_update [SL:SHOPPING_ITEM ubusi] [SL:SHOPPING_ITEM iswekile] ],SHOPPING_ITEM: ubusi $$ SHOPPING_ITEM: iswekile,xho
home,shopping_list_update,"On my shopping list, please remove the grinder and replace it with rice.","39:48:SL:DISH_OR_FOOD,64:71:SL:DISH_OR_FOOD",[IN:shopping_list_update [SL:DISH_OR_FOOD umngqusho] [SL:DISH_OR_FOOD irayisi] ],DISH_OR_FOOD: umngqusho $$ DISH_OR_FOOD: irayisi,xho
home,shopping_list_update,"Please add potatoes to my shopping list, they're out.",19:27:SL:DISH_OR_FOOD,[IN:shopping_list_update [SL:DISH_OR_FOOD iitapile] ],DISH_OR_FOOD: iitapile,xho
home,shopping_list_update,You can help me add potatoes to my shopping list; they are out.,25:33:SL:DISH_OR_FOOD,[IN:shopping_list_update [SL:DISH_OR_FOOD iitapile] ],DISH_OR_FOOD: iitapile,xho
home,shopping_list_update,Can you add bread to the list of things I'll be buying from Spar?,19:25:SL:DISH_OR_FOOD,[IN:shopping_list_update [SL:DISH_OR_FOOD isonka] ],DISH_OR_FOOD: isonka,xho
home,shopping_list_update,"Please remove potatoes from this list, and replace them with onions.","12:20:SL:DISH_OR_FOOD,48:55:SL:DISH_OR_FOOD",[IN:shopping_list_update [SL:DISH_OR_FOOD iitapile] [SL:DISH_OR_FOOD itswele] ],DISH_OR_FOOD: iitapile $$ DISH_OR_FOOD: itswele,xho
home,shopping_list_update,How many loaves of bread have I listed on the list?,9:15:SL:DISH_OR_FOOD,[IN:shopping_list_update [SL:DISH_OR_FOOD izonka] ],DISH_OR_FOOD: izonka,xho
home,shopping_list_update,You can remove the honey from this list and add sugar.,"11:16:SL:DISH_OR_FOOD,36:44:SL:DISH_OR_FOOD",[IN:shopping_list_update [SL:DISH_OR_FOOD ubusi] [SL:DISH_OR_FOOD iswekile] ],DISH_OR_FOOD: ubusi $$ DISH_OR_FOOD: iswekile,xho
home,shopping_list_update,Please check the list for milk so that I can buy it.,16:21:SL:DISH_OR_FOOD,[IN:shopping_list_update [SL:DISH_OR_FOOD amasi] ],DISH_OR_FOOD: amasi,xho
home,shopping_list_update,Please add meat to my list of things to buy at Pick n Pay.,16:22:SL:DISH_OR_FOOD,[IN:shopping_list_update [SL:DISH_OR_FOOD inyama] ],DISH_OR_FOOD: inyama,xho
home,shopping_list_update,He even included meat in the grocery list.,19:25:SL:DISH_OR_FOOD,[IN:shopping_list_update [SL:DISH_OR_FOOD inyama] ],DISH_OR_FOOD: inyama,xho
home,shopping_list_update,Please add honey to the list of grorari.,16:21:SL:DISH_OR_FOOD,[IN:shopping_list_update [SL:DISH_OR_FOOD ubusi] ],DISH_OR_FOOD: ubusi,xho
home,shopping_list_update,Please list milk on the grocery list.,15:20:SL:DISH_OR_FOOD,[IN:shopping_list_update [SL:DISH_OR_FOOD amasi] ],DISH_OR_FOOD: amasi,xho
home,shopping_list_update,On the list I have written for this phone there is butter.,41:49:SL:DISH_OR_FOOD,[IN:shopping_list_update [SL:DISH_OR_FOOD ibhotolo] ],DISH_OR_FOOD: ibhotolo,xho
home,shopping_list_update,How much is the bread at Boxer's?,9:15:SL:DISH_OR_FOOD,[IN:shopping_list_update [SL:DISH_OR_FOOD isonka] ],DISH_OR_FOOD: isonka,xho
home,shopping_list_update,Baking dishes are sold at Clicks?,,[IN:shopping_list_update ],,xho
home,shopping_list_update,Please put the gingerbread on the grocery list.,14:25:SL:SHOPPING_ITEM,[IN:shopping_list_update [SL:SHOPPING_ITEM ootshungama] ],SHOPPING_ITEM: ootshungama,xho
home,shopping_list_update,Please put candy on the grocery list.,14:22:SL:SHOPPING_ITEM,[IN:shopping_list_update [SL:SHOPPING_ITEM iilekese] ],SHOPPING_ITEM: iilekese,xho
home,shopping_list_update,How many cosmetics and facials have we listed.,,[IN:shopping_list_update ],,xho
home,shopping_list_update,Is the construction material sold only at Cashbuild?,,[IN:shopping_list_update ],,xho
home,shopping_list_update,Have I included Sunlight in the list of items to be purchased?,12:21:SL:SHOPPING_ITEM,[IN:shopping_list_update [SL:SHOPPING_ITEM iSunlight] ],SHOPPING_ITEM: iSunlight,xho
home,shopping_list_update,Are potatoes on the list I'm taking to Boxer?,7:15:SL:DISH_OR_FOOD,[IN:shopping_list_update [SL:DISH_OR_FOOD Iitapile] ],DISH_OR_FOOD: Iitapile,xho
home,shopping_list_update,Please put a bag of potatoes on the list of things worth a million.,20:37:SL:DISH_OR_FOOD,[IN:shopping_list_update [SL:DISH_OR_FOOD ingxowa yeetapile] ],DISH_OR_FOOD: ingxowa yeetapile,xho
home,shopping_list_update,Please remove the mill from that list for next month.,"12:21:SL:DISH_OR_FOOD,35:50:SL:DATE",[IN:shopping_list_update [SL:DISH_OR_FOOD umngqusho] [SL:DATE lwenyanga ezayo] ],DISH_OR_FOOD: umngqusho $$ DATE: lwenyanga ezayo,xho
home,shopping_list_update,Do you have a list of things to do for next month?,24:38:SL:DATE,[IN:shopping_list_update [SL:DATE zenyanga ezayo] ],DATE: zenyanga ezayo,xho
home,shopping_list_update,I even put a grinder in the grocery aisle.,12:21:SL:DISH_OR_FOOD,[IN:shopping_list_update [SL:DISH_OR_FOOD umngqusho] ],DISH_OR_FOOD: umngqusho,xho
home,shopping_list_update,I even put rice in the grocery store.,12:19:SL:DISH_OR_FOOD,[IN:shopping_list_update [SL:DISH_OR_FOOD irayisi] ],DISH_OR_FOOD: irayisi,xho
home,shopping_list_update,Please remove milk from the grocery list and put better milk on the menu.,"14:19:SL:DISH_OR_FOOD,26:31:SL:DISH_OR_FOOD",[IN:shopping_list_update [SL:DISH_OR_FOOD amasi] [SL:DISH_OR_FOOD ubisi] ],DISH_OR_FOOD: amasi $$ DISH_OR_FOOD: ubisi,xho
home,shopping_list_update,Please put potatoes on that Spar list right now.,15:23:SL:DISH_OR_FOOD,[IN:shopping_list_update [SL:DISH_OR_FOOD iitapile] ],DISH_OR_FOOD: iitapile,xho
home,shopping_list_update,Please erase the potatoes so I don't have to buy them.,14:22:SL:DISH_OR_FOOD,[IN:shopping_list_update [SL:DISH_OR_FOOD iitapile] ],DISH_OR_FOOD: iitapile,xho
home,shopping_list_update,I would like to have potatoes on my menu.,43:51:SL:DISH_OR_FOOD,[IN:shopping_list_update [SL:DISH_OR_FOOD iitapile] ],DISH_OR_FOOD: iitapile,xho
home,shopping_list_update,Please open again and check if water is in the list.,38:44:SL:SHOPPING_ITEM,[IN:shopping_list_update [SL:SHOPPING_ITEM amanzi] ],SHOPPING_ITEM: amanzi,xho
home,shopping_list_update,Please add bananas to the list.,14:24:SL:DISH_OR_FOOD,[IN:shopping_list_update [SL:DISH_OR_FOOD amabhanana] ],DISH_OR_FOOD: amabhanana,xho
home,shopping_list_update,Please add onions to the list.,14:21:SL:DISH_OR_FOOD,[IN:shopping_list_update [SL:DISH_OR_FOOD itswele] ],DISH_OR_FOOD: itswele,xho
home,shopping_list_update,Have you seen the potatoes on my menu?,14:22:SL:DISH_OR_FOOD,[IN:shopping_list_update [SL:DISH_OR_FOOD iitapile] ],DISH_OR_FOOD: iitapile,xho
home,shopping_list_update,Can you remind me to put the potatoes on the list so I can buy them tomorrow?,"33:41:SL:DISH_OR_FOOD,51:57:SL:DATE",[IN:shopping_list_update [SL:DISH_OR_FOOD iitapile] [SL:DATE ngomso] ],DISH_OR_FOOD: iitapile $$ DATE: ngomso,xho
home,shopping_list_update,"I'm out of makeup, can you write it down now?",,[IN:shopping_list_update ],,xho
home,shopping_list_update,"I'm out of chicken, can you list it so I can buy it?",12:28:SL:DISH_OR_FOOD,[IN:shopping_list_update [SL:DISH_OR_FOOD yinyama yenkukhu] ],DISH_OR_FOOD: yinyama yenkukhu,xho
home,shopping_list_update,"I'm out of apples, so please write them down so I can buy more tomorrow.","12:20:SL:DISH_OR_FOOD,57:63:SL:DATE",[IN:shopping_list_update [SL:DISH_OR_FOOD ziiapile] [SL:DATE ngomso] ],DISH_OR_FOOD: ziiapile $$ DATE: ngomso,xho
home,update_playlist,"You can put Whitney Houston's ""family first"" on the family song list.","30:47:SL:ARTIST_NAME,53:65:SL:SONG_NAME",[IN:update_playlist [SL:ARTIST_NAME kaWhitney Houston] [SL:SONG_NAME family first] ],ARTIST_NAME: kaWhitney Houston $$ SONG_NAME: family first,xho
home,update_playlist,Please buy me some new karaoke songs on Spotify.,29:37:SL:MUSIC_GENRE,[IN:update_playlist [SL:MUSIC_GENRE zekwaito] ],MUSIC_GENRE: zekwaito,xho
home,update_playlist,Can you buy me some new songs on Spotify?,33:41:SL:MUSIC_GENRE,[IN:update_playlist [SL:MUSIC_GENRE zekwaito] ],MUSIC_GENRE: zekwaito,xho
home,update_playlist,"For my practice songs, please include Amanda Black's.",48:66:SL:ARTIST_NAME,[IN:update_playlist [SL:ARTIST_NAME nezikaAmanda Black] ],ARTIST_NAME: nezikaAmanda Black,xho
home,update_playlist,Can you put Amanda Black's songs on my practice songs?,31:47:SL:ARTIST_NAME,[IN:update_playlist [SL:ARTIST_NAME zikaAmanda Black] ],ARTIST_NAME: zikaAmanda Black,xho
home,update_playlist,Please buy me these new Peter Tosh songs.,37:51:SL:ARTIST_NAME,[IN:update_playlist [SL:ARTIST_NAME zikaPeter Tosh] ],ARTIST_NAME: zikaPeter Tosh,xho
home,update_playlist,Can you buy me these new Peter Tosh songs?,43:57:SL:ARTIST_NAME,[IN:update_playlist [SL:ARTIST_NAME zikaPeter Tosh] ],ARTIST_NAME: zikaPeter Tosh,xho
home,update_playlist,Please add Zimbini's music to the list of songs that calm my mind.,26:35:SL:ARTIST_NAME,[IN:update_playlist [SL:ARTIST_NAME kaZimbini] ],ARTIST_NAME: kaZimbini,xho
home,update_playlist,Can you put Zimbini's music on my list of songs that make me feel better?,26:35:SL:ARTIST_NAME,[IN:update_playlist [SL:ARTIST_NAME kaZimbini] ],ARTIST_NAME: kaZimbini,xho
home,update_playlist,Please add a song of Zonke saying that you love me to my love songs.,"26:33:SL:ARTIST_NAME,39:51:SL:SONG_NAME",[IN:update_playlist [SL:ARTIST_NAME kaZonke] [SL:SONG_NAME uyandithanda] ],ARTIST_NAME: kaZonke $$ SONG_NAME: uyandithanda,xho
home,update_playlist,You can put a song of Zonke saying you love me in my love songs.,"30:37:SL:ARTIST_NAME,43:55:SL:SONG_NAME",[IN:update_playlist [SL:ARTIST_NAME kaZonke] [SL:SONG_NAME uyandithanda] ],ARTIST_NAME: kaZonke $$ SONG_NAME: uyandithanda,xho
home,update_playlist,Can you put the songs of Malibongwe in my gospel songs?,"31:45:SL:ARTIST_NAME,60:69:SL:MUSIC_GENRE",[IN:update_playlist [SL:ARTIST_NAME zikaMalibongwe] [SL:MUSIC_GENRE zegospile] ],ARTIST_NAME: zikaMalibongwe $$ MUSIC_GENRE: zegospile,xho
home,update_playlist,Please add the songs of Malibongwe to my gospel songs.,"27:41:SL:ARTIST_NAME,56:65:SL:MUSIC_GENRE",[IN:update_playlist [SL:ARTIST_NAME zikaMalibongwe] [SL:MUSIC_GENRE zegospile] ],ARTIST_NAME: zikaMalibongwe $$ MUSIC_GENRE: zegospile,xho
home,update_playlist,Can you put some afro pop songs on my new phone?,27:37:SL:MUSIC_GENRE,[IN:update_playlist [SL:MUSIC_GENRE zeafro pop] ],MUSIC_GENRE: zeafro pop,xho
home,update_playlist,Please put some afro pop songs on my new phone.,25:35:SL:MUSIC_GENRE,[IN:update_playlist [SL:MUSIC_GENRE zeafro pop] ],MUSIC_GENRE: zeafro pop,xho
home,update_playlist,Please play the song fetch your life by Masaki.,"26:33:SL:ARTIST_NAME,39:54:SL:SONG_NAME",[IN:update_playlist [SL:ARTIST_NAME kaMsaki] [SL:SONG_NAME fetch your life] ],ARTIST_NAME: kaMsaki $$ SONG_NAME: fetch your life,xho
home,update_playlist,Would you add Brandy's song to my list of favorite songs?,21:29:SL:ARTIST_NAME,[IN:update_playlist [SL:ARTIST_NAME kaBrandy] ],ARTIST_NAME: kaBrandy,xho
home,update_playlist,Please put the song long distance in my favorites.,26:39:SL:SONG_NAME,[IN:update_playlist [SL:SONG_NAME long distance] ],SONG_NAME: long distance,xho
home,update_playlist,Can you add long distance to my list of favorite songs?,31:44:SL:SONG_NAME,[IN:update_playlist [SL:SONG_NAME long distance] ],SONG_NAME: long distance,xho
home,update_playlist,Please add the song hello from Mandisi Dyantyis' sister to the songs we will play today.,"28:37:SL:SONG_NAME,38:56:SL:ARTIST_NAME",[IN:update_playlist [SL:SONG_NAME molo sisi] [SL:ARTIST_NAME kaMandisi Dyantyis] ],SONG_NAME: molo sisi $$ ARTIST_NAME: kaMandisi Dyantyis,xho
home,update_playlist,Can you add the song by Mandisi Dyantyis hello sisi to the list of songs you will play?,"26:44:SL:ARTIST_NAME,50:59:SL:SONG_NAME",[IN:update_playlist [SL:ARTIST_NAME kaMandisi Dyantyis] [SL:SONG_NAME molo sisi] ],ARTIST_NAME: kaMandisi Dyantyis $$ SONG_NAME: molo sisi,xho
home,update_playlist,"Please put a song called ""Stay With Me"" by Subunoh on the set list for tomorrow.","25:35:SL:SONG_NAME,36:45:SL:ARTIST_NAME,71:77:SL:DATE",[IN:update_playlist [SL:SONG_NAME hlala nami] [SL:ARTIST_NAME kaSbuNoah] [SL:DATE ngomso] ],SONG_NAME: hlala nami $$ ARTIST_NAME: kaSbuNoah $$ DATE: ngomso,xho
home,update_playlist,Could you add the song of SubNoah to your playlist tomorrow?,"26:35:SL:ARTIST_NAME,61:67:SL:DATE",[IN:update_playlist [SL:ARTIST_NAME kaSbuNoah] [SL:DATE ngomso] ],ARTIST_NAME: kaSbuNoah $$ DATE: ngomso,xho
home,update_playlist,Please add the songs of the Enimens to your playlist.,24:34:SL:ARTIST_NAME,[IN:update_playlist [SL:ARTIST_NAME zikaEnimen] ],ARTIST_NAME: zikaEnimen,xho
home,update_playlist,Please put Drake's songs on our playlists.,22:31:SL:ARTIST_NAME,[IN:update_playlist [SL:ARTIST_NAME zikaDrake] ],ARTIST_NAME: zikaDrake,xho
home,update_playlist,Can you put Drake's songs on your ears?,22:31:SL:ARTIST_NAME,[IN:update_playlist [SL:ARTIST_NAME zikaDrake] ],ARTIST_NAME: zikaDrake,xho
home,update_playlist,Can you add Eminem's songs to your playlist?,26:36:SL:ARTIST_NAME,[IN:update_playlist [SL:ARTIST_NAME zikaEminem] ],ARTIST_NAME: zikaEminem,xho
home,update_playlist,Please add the song s.o.s of Zonke to my songs.,"28:33:SL:SONG_NAME,34:41:SL:ARTIST_NAME",[IN:update_playlist [SL:SONG_NAME s.o.s] [SL:ARTIST_NAME kaZonke] ],SONG_NAME: s.o.s $$ ARTIST_NAME: kaZonke,xho
home,update_playlist,Can you still add the song s.o.s of Zonke to my songs?,"33:38:SL:SONG_NAME,39:46:SL:ARTIST_NAME",[IN:update_playlist [SL:SONG_NAME s.o.s] [SL:ARTIST_NAME kaZonke] ],SONG_NAME: s.o.s $$ ARTIST_NAME: kaZonke,xho
home,update_playlist,"Please teach me, I need to add something inside so strong to my list of favorite songs.",49:75:SL:SONG_NAME,[IN:update_playlist [SL:SONG_NAME something inside so strong] ],SONG_NAME: something inside so strong,xho
home,update_playlist,Please teach me to add Vusi Nova songs to my favorite songs.,37:50:SL:ARTIST_NAME,[IN:update_playlist [SL:ARTIST_NAME zikaVusi Nova] ],ARTIST_NAME: zikaVusi Nova,xho
home,update_playlist,Do you have time to teach me how to put Vusi Nova songs on my favorite songs?,44:57:SL:ARTIST_NAME,[IN:update_playlist [SL:ARTIST_NAME zikaVusi Nova] ],ARTIST_NAME: zikaVusi Nova,xho
home,update_playlist,Can you put Rebecca's songs on your playlist?,23:34:SL:ARTIST_NAME,[IN:update_playlist [SL:ARTIST_NAME zikaRebecca] ],ARTIST_NAME: zikaRebecca,xho
home,update_playlist,Please put Rebecca's songs on the record.,22:33:SL:ARTIST_NAME,[IN:update_playlist [SL:ARTIST_NAME zikaRebecca] ],ARTIST_NAME: zikaRebecca,xho
home,update_playlist,Could you send me the songs of Nathi to my phone?,34:44:SL:ARTIST_NAME,[IN:update_playlist [SL:ARTIST_NAME zikaNathii] ],ARTIST_NAME: zikaNathii,xho
home,update_playlist,I want to include Nombasa's song Why in my music.,"23:32:SL:ARTIST_NAME,38:45:SL:SONG_NAME",[IN:update_playlist [SL:ARTIST_NAME kaNombasa] [SL:SONG_NAME kutheni] ],ARTIST_NAME: kaNombasa $$ SONG_NAME: kutheni,xho
home,update_playlist,Could I add the song of Nombasa why to my repertoire?,"49:58:SL:ARTIST_NAME,64:71:SL:SONG_NAME",[IN:update_playlist [SL:ARTIST_NAME kaNombasa] [SL:SONG_NAME kutheni] ],ARTIST_NAME: kaNombasa $$ SONG_NAME: kutheni,xho
home,update_playlist,Please put a disclaimer on my music.,15:25:SL:MUSIC_GENRE,[IN:update_playlist [SL:MUSIC_GENRE umbhaqanga] ],MUSIC_GENRE: umbhaqanga,xho
home,update_playlist,Can we put a disclaimer on my music?,21:31:SL:MUSIC_GENRE,[IN:update_playlist [SL:MUSIC_GENRE umbhaqanga] ],MUSIC_GENRE: umbhaqanga,xho
home,update_playlist,Please put RNB in my music,19:23:SL:MUSIC_GENRE,[IN:update_playlist [SL:MUSIC_GENRE iRNB] ],MUSIC_GENRE: iRNB,xho
home,update_playlist,Can you put RNB songs on my music?,31:36:SL:MUSIC_GENRE,[IN:update_playlist [SL:MUSIC_GENRE zeRNB] ],MUSIC_GENRE: zeRNB,xho
home,update_playlist,Can you put hip-hop songs in my music?,27:35:SL:MUSIC_GENRE,[IN:update_playlist [SL:MUSIC_GENRE zehiphop] ],MUSIC_GENRE: zehiphop,xho
home,update_playlist,Please put some new hip-hop songs in my music.,34:42:SL:MUSIC_GENRE,[IN:update_playlist [SL:MUSIC_GENRE zehiphop] ],MUSIC_GENRE: zehiphop,xho
home,update_playlist,Please add the new RNB songs to my repertoire.,33:38:SL:MUSIC_GENRE,[IN:update_playlist [SL:MUSIC_GENRE zeRNB] ],MUSIC_GENRE: zeRNB,xho
home,update_playlist,Please play this new song by Thandiswa Mazwai,35:53:SL:ARTIST_NAME,[IN:update_playlist [SL:ARTIST_NAME kaThandiswa Mazwai] ],ARTIST_NAME: kaThandiswa Mazwai,xho
home,update_playlist,Can you play this new song by Thandiswa Mazwai for me?,39:57:SL:ARTIST_NAME,[IN:update_playlist [SL:ARTIST_NAME kaThandiswa Mazwai] ],ARTIST_NAME: kaThandiswa Mazwai,xho
home,update_playlist,Please play this song for the children kababy shark.,,[IN:update_playlist ],,xho
home,update_playlist,Please play me a children's song baby shark.,40:50:SL:SONG_NAME,[IN:update_playlist [SL:SONG_NAME baby shark] ],SONG_NAME: baby shark,xho
home,update_playlist,Please play me a song of Maker's chabo.,"24:31:SL:ARTIST_NAME,37:42:SL:SONG_NAME",[IN:update_playlist [SL:ARTIST_NAME kaMenzi] [SL:SONG_NAME chabo] ],ARTIST_NAME: kaMenzi $$ SONG_NAME: chabo,xho
home,update_playlist,Please play me a song by Shushubaby that makes my bones ache.,"26:38:SL:ARTIST_NAME,44:62:SL:SONG_NAME",[IN:update_playlist [SL:ARTIST_NAME kaShushubaby] [SL:SONG_NAME ayankaza amathambo] ],ARTIST_NAME: kaShushubaby $$ SONG_NAME: ayankaza amathambo,xho
home,update_playlist,Can you play me a song by Shushubaby that makes my bones ache?,"30:42:SL:ARTIST_NAME,48:66:SL:SONG_NAME",[IN:update_playlist [SL:ARTIST_NAME kaShushubaby] [SL:SONG_NAME ayankaza amathambo] ],ARTIST_NAME: kaShushubaby $$ SONG_NAME: ayankaza amathambo,xho
home,update_playlist,Please add afro soul to my repertoire.,20:38:SL:MUSIC_GENRE,[IN:update_playlist [SL:MUSIC_GENRE umculo weafro soul] ],MUSIC_GENRE: umculo weafro soul,xho
home,update_playlist,Can you put some afro soul music on my music?,30:41:SL:MUSIC_GENRE,[IN:update_playlist [SL:MUSIC_GENRE weafro soul] ],MUSIC_GENRE: weafro soul,xho
home,update_playlist,"Here is the classical music, please put the modern one.",,[IN:update_playlist ],,xho
home,update_playlist,Can you play me some modern music?,,[IN:update_playlist ],,xho
home,update_playlist,Can you play me a reggae tune?,27:35:SL:MUSIC_GENRE,[IN:update_playlist [SL:MUSIC_GENRE wereggae] ],MUSIC_GENRE: wereggae,xho
home,update_playlist,Can you put on some reggae music for me?,30:38:SL:MUSIC_GENRE,[IN:update_playlist [SL:MUSIC_GENRE wereggae] ],MUSIC_GENRE: wereggae,xho
home,update_playlist,"Makhadzi's music is good, please add me to the list of songs I need to buy.",15:25:SL:ARTIST_NAME,[IN:update_playlist [SL:ARTIST_NAME kaMakhadzi] ],ARTIST_NAME: kaMakhadzi,xho
home,update_playlist,Can you put some of Makhadzi's songs on this phone?,29:41:SL:ARTIST_NAME,[IN:update_playlist [SL:ARTIST_NAME zikaMakhadzi] ],ARTIST_NAME: zikaMakhadzi,xho
home,update_playlist,Please put the RNB in my exercise music.,19:24:SL:MUSIC_GENRE,[IN:update_playlist [SL:MUSIC_GENRE leRNB] ],MUSIC_GENRE: leRNB,xho
home,update_playlist,Please put this Rihanna song on my playlist when I go to work.,28:37:SL:ARTIST_NAME,[IN:update_playlist [SL:ARTIST_NAME kaRihanna] ],ARTIST_NAME: kaRihanna,xho
home,update_playlist,Can you put this Beyonce song with the tan skin on the list of songs that inspire me?,"32:41:SL:ARTIST_NAME,42:56:SL:SONG_NAME",[IN:update_playlist [SL:ARTIST_NAME kaBeyonce] [SL:SONG_NAME ethibrown skin] ],ARTIST_NAME: kaBeyonce $$ SONG_NAME: ethibrown skin,xho
home,update_playlist,"Please add Beyonce's ""brown skin"" to my list of inspirational songs.","26:35:SL:ARTIST_NAME,41:51:SL:SONG_NAME",[IN:update_playlist [SL:ARTIST_NAME kaBeyonce] [SL:SONG_NAME brown skin] ],ARTIST_NAME: kaBeyonce $$ SONG_NAME: brown skin,xho
home,update_playlist,Can you put RNB on my exercise music?,23:27:SL:MUSIC_GENRE,[IN:update_playlist [SL:MUSIC_GENRE iRNB] ],MUSIC_GENRE: iRNB,xho
home,update_playlist,Please put Rihanna's songs on my playlist when I go to work.,25:36:SL:ARTIST_NAME,[IN:update_playlist [SL:ARTIST_NAME zikaRihanna] ],ARTIST_NAME: zikaRihanna,xho
home,update_playlist,Please put this song by Ami Faku that says money on the songs I listen to when I go to church.,"28:38:SL:ARTIST_NAME,44:49:SL:SONG_NAME",[IN:update_playlist [SL:ARTIST_NAME kaAmi Faku] [SL:SONG_NAME imali] ],ARTIST_NAME: kaAmi Faku $$ SONG_NAME: imali,xho
home,update_playlist,Can you put the Ami Faku song that says money on the songs I listen to when I go to church?,"32:42:SL:ARTIST_NAME,48:53:SL:SONG_NAME",[IN:update_playlist [SL:ARTIST_NAME kaAmi Faku] [SL:SONG_NAME imali] ],ARTIST_NAME: kaAmi Faku $$ SONG_NAME: imali,xho
home,update_playlist,Please help me buy Ami Faku's song that says your beauty on Spotify.,"35:45:SL:ARTIST_NAME,51:63:SL:SONG_NAME",[IN:update_playlist [SL:ARTIST_NAME kaAmi Faku] [SL:SONG_NAME ubuhle bakho] ],ARTIST_NAME: kaAmi Faku $$ SONG_NAME: ubuhle bakho,xho
home,update_playlist,Can you help me buy Ami Faku's song our beauty on Spotify?,"35:45:SL:ARTIST_NAME,51:63:SL:SONG_NAME",[IN:update_playlist [SL:ARTIST_NAME kaAmi Faku] [SL:SONG_NAME ubuhle bakho] ],ARTIST_NAME: kaAmi Faku $$ SONG_NAME: ubuhle bakho,xho
home,update_playlist,Please buy Ami Faku songs for me on my Apple music phone.,29:41:SL:ARTIST_NAME,[IN:update_playlist [SL:ARTIST_NAME zikaAmi Faku] ],ARTIST_NAME: zikaAmi Faku,xho
home,update_playlist,Can you buy Ami Faku songs for me on my Apple music?,33:45:SL:ARTIST_NAME,[IN:update_playlist [SL:ARTIST_NAME zikaAmi Faku] ],ARTIST_NAME: zikaAmi Faku,xho
home,update_playlist,Please add the songs of Noomfundo Xaluva to my playlist.,25:44:SL:ARTIST_NAME,[IN:update_playlist [SL:ARTIST_NAME zikaNomfundo Xaluva] ],ARTIST_NAME: zikaNomfundo Xaluva,xho
home,update_playlist,Can you put some of the songs from the book of Proverbs in my playlist?,31:50:SL:ARTIST_NAME,[IN:update_playlist [SL:ARTIST_NAME zikaNomfundo Xaluva] ],ARTIST_NAME: zikaNomfundo Xaluva,xho
home,update_playlist,Do you think I could put on a song by N'Golo Kante called oxam?,"36:53:SL:ARTIST_NAME,59:63:SL:SONG_NAME",[IN:update_playlist [SL:ARTIST_NAME kaNomfundo Xaluva] [SL:SONG_NAME oxam] ],ARTIST_NAME: kaNomfundo Xaluva $$ SONG_NAME: oxam,xho
home,update_playlist,Please play me the song of Noomfundo Xaluva called oxam.,"24:41:SL:ARTIST_NAME,47:51:SL:SONG_NAME",[IN:update_playlist [SL:ARTIST_NAME kaNomfundo Xaluva] [SL:SONG_NAME oxam] ],ARTIST_NAME: kaNomfundo Xaluva $$ SONG_NAME: oxam,xho
home,update_playlist,Please put on your favorite songs and I will listen to them.,,[IN:update_playlist ],,xho
home,update_playlist,Can you play some of your favorite songs for me?,,[IN:update_playlist ],,xho
home,update_playlist,Please play me this song that says let me have my troubles.,33:48:SL:SONG_NAME,[IN:update_playlist [SL:SONG_NAME vumel'inkathazo] ],SONG_NAME: vumel'inkathazo,xho
home,update_playlist,"Can you play the song that says ""let me hear your pain""?",37:52:SL:SONG_NAME,[IN:update_playlist [SL:SONG_NAME vumel'inkathazo] ],SONG_NAME: vumel'inkathazo,xho
home,update_playlist,"Please put Whitney Houston's ""family first"" on your family songs.","21:38:SL:ARTIST_NAME,44:56:SL:SONG_NAME",[IN:update_playlist [SL:ARTIST_NAME kaWhitney Houston] [SL:SONG_NAME family first] ],ARTIST_NAME: kaWhitney Houston $$ SONG_NAME: family first,xho
kitchen_and_dining,cancel_reservation,Please cancel my lunch at McDonald's tomorrow.,"34:45:SL:RESTAURANT_NAME,46:52:SL:DATE",[IN:cancel_reservation [SL:RESTAURANT_NAME kwaMcDOnald] [SL:DATE ngomso] ],RESTAURANT_NAME: kwaMcDOnald $$ DATE: ngomso,xho
kitchen_and_dining,cancel_reservation,Can you reschedule my McDonald's dinner for tomorrow?,"42:53:SL:RESTAURANT_NAME,54:60:SL:DATE",[IN:cancel_reservation [SL:RESTAURANT_NAME kwaMcDonald] [SL:DATE ngomso] ],RESTAURANT_NAME: kwaMcDonald $$ DATE: ngomso,xho
kitchen_and_dining,cancel_reservation,Please continue to cancel my appointment for Potholes and Donkey and Jane.,"45:65:SL:RESTAURANT_NAME,66:72:SL:PERSONAL_NAME",[IN:cancel_reservation [SL:RESTAURANT_NAME ePotholes and Donkey] [SL:PERSONAL_NAME noJane] ],RESTAURANT_NAME: ePotholes and Donkey $$ PERSONAL_NAME: noJane,xho
kitchen_and_dining,cancel_reservation,You can continue to cancel my food order at Pothole and Donkey and Jane.,"50:69:SL:RESTAURANT_NAME,70:76:SL:PERSONAL_NAME",[IN:cancel_reservation [SL:RESTAURANT_NAME ePothole and Donkey] [SL:PERSONAL_NAME noJane] ],RESTAURANT_NAME: ePothole and Donkey $$ PERSONAL_NAME: noJane,xho
kitchen_and_dining,cancel_reservation,"Cancel the Hungry Lion meal, we don't need it anymore.",33:45:SL:RESTAURANT_NAME,[IN:cancel_reservation [SL:RESTAURANT_NAME eHungry Lion] ],RESTAURANT_NAME: eHungry Lion,xho
kitchen_and_dining,cancel_reservation,I need you to cancel my lunch at Fego Caffe on May 20.,"48:59:SL:RESTAURANT_NAME,60:72:SL:DATE",[IN:cancel_reservation [SL:RESTAURANT_NAME eFego Caffe] [SL:DATE nge20 kaMeyi] ],RESTAURANT_NAME: eFego Caffe $$ DATE: nge20 kaMeyi,xho
kitchen_and_dining,cancel_reservation,Can you cancel my Fego Caffe dinner appointment for May 20?,"41:52:SL:RESTAURANT_NAME,53:65:SL:DATE",[IN:cancel_reservation [SL:RESTAURANT_NAME eFego Caffe] [SL:DATE nge20 kaMeyi] ],RESTAURANT_NAME: eFego Caffe $$ DATE: nge20 kaMeyi,xho
kitchen_and_dining,cancel_reservation,Can you cancel my McDonald's coffee and tea date with Leah?,"25:37:SL:RESTAURANT_NAME,49:54:SL:DISH_OR_FOOD,65:70:SL:PERSONAL_NAME",[IN:cancel_reservation [SL:RESTAURANT_NAME laseMcDonald] [SL:DISH_OR_FOOD ikofu] [SL:PERSONAL_NAME noLea] ],RESTAURANT_NAME: laseMcDonald $$ DISH_OR_FOOD: ikofu $$ PERSONAL_NAME: noLea,xho
kitchen_and_dining,cancel_reservation,Can you cancel my coffee date so I can have a chat with Leah?,"43:48:SL:DISH_OR_FOOD,59:64:SL:PERSONAL_NAME",[IN:cancel_reservation [SL:DISH_OR_FOOD ikofu] [SL:PERSONAL_NAME noLea] ],DISH_OR_FOOD: ikofu $$ PERSONAL_NAME: noLea,xho
kitchen_and_dining,cancel_reservation,Please cancel my appointment for pizza in Sanook on Saturday at 1:00.,"38:44:SL:DISH_OR_FOOD,45:52:SL:RESTAURANT_NAME,53:64:SL:DATE,65:69:SL:TIME",[IN:cancel_reservation [SL:DISH_OR_FOOD ipizza] [SL:RESTAURANT_NAME eSanook] [SL:DATE ngoMgqibelo] [SL:TIME ngo1] ],DISH_OR_FOOD: ipizza $$ RESTAURANT_NAME: eSanook $$ DATE: ngoMgqibelo $$ TIME: ngo1,xho
kitchen_and_dining,cancel_reservation,Can you cancel my appointment for pizza in Sanook on Saturday at 1?,"42:48:SL:DISH_OR_FOOD,49:56:SL:RESTAURANT_NAME,57:68:SL:DATE,70:74:SL:TIME",[IN:cancel_reservation [SL:DISH_OR_FOOD ipizza] [SL:RESTAURANT_NAME eSanook] [SL:DATE ngoMgqibelo] [SL:TIME ngo1] ],DISH_OR_FOOD: ipizza $$ RESTAURANT_NAME: eSanook $$ DATE: ngoMgqibelo $$ TIME: ngo1,xho
kitchen_and_dining,cancel_reservation,Can I cancel my dinner appointment at Constantia?,"38:55:SL:MEAL_PERIOD,61:72:SL:PLACE_NAME",[IN:cancel_reservation [SL:MEAL_PERIOD isidlo sasebusuku] [SL:PLACE_NAME eConstantia] ],MEAL_PERIOD: isidlo sasebusuku $$ PLACE_NAME: eConstantia,xho
kitchen_and_dining,cancel_reservation,Can you help me cancel the dinner date in Constatia?,"46:63:SL:MEAL_PERIOD,69:79:SL:PLACE_NAME",[IN:cancel_reservation [SL:MEAL_PERIOD isidlo sasebusuku] [SL:PLACE_NAME eConstatia] ],MEAL_PERIOD: isidlo sasebusuku $$ PLACE_NAME: eConstatia,xho
kitchen_and_dining,cancel_reservation,Please cancel my lunch at the KFC.,"46:61:SL:MEAL_PERIOD,62:66:SL:RESTAURANT_NAME",[IN:cancel_reservation [SL:MEAL_PERIOD isidlo sasemini] [SL:RESTAURANT_NAME eKFC] ],MEAL_PERIOD: isidlo sasemini $$ RESTAURANT_NAME: eKFC,xho
kitchen_and_dining,cancel_reservation,Please cancel my lunch appointment in Nandos,"46:61:SL:MEAL_PERIOD,62:69:SL:RESTAURANT_NAME",[IN:cancel_reservation [SL:MEAL_PERIOD isidlo sasemini] [SL:RESTAURANT_NAME eNandos] ],MEAL_PERIOD: isidlo sasemini $$ RESTAURANT_NAME: eNandos,xho
kitchen_and_dining,cancel_reservation,Please also cancel my dinner date at Pedros.,"46:63:SL:MEAL_PERIOD,64:71:SL:RESTAURANT_NAME",[IN:cancel_reservation [SL:MEAL_PERIOD isidlo sasebusuku] [SL:RESTAURANT_NAME ePedros] ],MEAL_PERIOD: isidlo sasebusuku $$ RESTAURANT_NAME: ePedros,xho
kitchen_and_dining,cancel_reservation,Can you cancel my dinner date with Pedro?,"40:59:SL:MEAL_PERIOD,60:67:SL:RESTAURANT_NAME",[IN:cancel_reservation [SL:MEAL_PERIOD lesidlo sangokuhlwa] [SL:RESTAURANT_NAME ePedros] ],MEAL_PERIOD: lesidlo sangokuhlwa $$ RESTAURANT_NAME: ePedros,xho
kitchen_and_dining,cancel_reservation,Can you cancel my dinner date at Sandeck?,"33:52:SL:MEAL_PERIOD,53:61:SL:RESTAURANT_NAME",[IN:cancel_reservation [SL:MEAL_PERIOD lesidlo sangokuhlwa] [SL:RESTAURANT_NAME eSandeck] ],MEAL_PERIOD: lesidlo sangokuhlwa $$ RESTAURANT_NAME: eSandeck,xho
kitchen_and_dining,cancel_reservation,Cancel my coffee date at 2 at Starbucks.,"38:43:SL:DISH_OR_FOOD,44:48:SL:TIME,49:59:SL:RESTAURANT_NAME",[IN:cancel_reservation [SL:DISH_OR_FOOD ikofu] [SL:TIME ngo2] [SL:RESTAURANT_NAME eStarbucks] ],DISH_OR_FOOD: ikofu $$ TIME: ngo2 $$ RESTAURANT_NAME: eStarbucks,xho
kitchen_and_dining,cancel_reservation,Can you cancel my coffee date at Starbucks for two?,"41:46:SL:DISH_OR_FOOD,47:57:SL:RESTAURANT_NAME,58:62:SL:TIME",[IN:cancel_reservation [SL:DISH_OR_FOOD ikofu] [SL:RESTAURANT_NAME eStarbucks] [SL:TIME ngo2] ],DISH_OR_FOOD: ikofu $$ RESTAURANT_NAME: eStarbucks $$ TIME: ngo2,xho
kitchen_and_dining,cancel_reservation,Please cancel my breakfast appointment in Wimpy.,"27:43:SL:MEAL_PERIOD,56:62:SL:RESTAURANT_NAME",[IN:cancel_reservation [SL:MEAL_PERIOD lesidlo sakusasa] [SL:RESTAURANT_NAME eWimpy] ],MEAL_PERIOD: lesidlo sakusasa $$ RESTAURANT_NAME: eWimpy,xho
kitchen_and_dining,cancel_reservation,Can you cancel my breakfast date at Wimpy?,"30:46:SL:MEAL_PERIOD,59:65:SL:RESTAURANT_NAME",[IN:cancel_reservation [SL:MEAL_PERIOD lesidlo sakusasa] [SL:RESTAURANT_NAME eWimpy] ],MEAL_PERIOD: lesidlo sakusasa $$ RESTAURANT_NAME: eWimpy,xho
kitchen_and_dining,cancel_reservation,Please ask them to remove me from the list of those who requested a seven-day meal reservation.,80:93:SL:TIME,[IN:cancel_reservation [SL:TIME ngo7 emalanga] ],TIME: ngo7 emalanga,xho
kitchen_and_dining,cancel_reservation,Could you ask that I be removed from the list of people who requested a seven-day meal reservation?,89:102:SL:TIME,[IN:cancel_reservation [SL:TIME ngo7 emalanga] ],TIME: ngo7 emalanga,xho
kitchen_and_dining,cancel_reservation,Please ask them to remove me from the list of people who requested a reservation for dinner on the 9th in Kauai.,"80:84:SL:TIME,85:91:SL:RESTAURANT_NAME",[IN:cancel_reservation [SL:TIME ngo9] [SL:RESTAURANT_NAME eKauai] ],TIME: ngo9 $$ RESTAURANT_NAME: eKauai,xho
kitchen_and_dining,cancel_reservation,Could you ask that I be removed from the list of people who requested a reservation for dinner on the 9th in Kauai?,"89:93:SL:TIME,94:100:SL:RESTAURANT_NAME",[IN:cancel_reservation [SL:TIME ngo9] [SL:RESTAURANT_NAME eKauai] ],TIME: ngo9 $$ RESTAURANT_NAME: eKauai,xho
kitchen_and_dining,cancel_reservation,Please remove me from the reserved dining table at Panarottis.,59:70:SL:RESTAURANT_NAME,[IN:cancel_reservation [SL:RESTAURANT_NAME ePanarottis] ],RESTAURANT_NAME: ePanarottis,xho
kitchen_and_dining,cancel_reservation,Can you get me away from the reserved dining table at Panarottis?,63:74:SL:RESTAURANT_NAME,[IN:cancel_reservation [SL:RESTAURANT_NAME ePanarottis] ],RESTAURANT_NAME: ePanarottis,xho
kitchen_and_dining,cancel_reservation,Please cancel my request to reserve a table for two at lunch.,"61:68:SL:NUMBER,69:86:SL:MEAL_PERIOD",[IN:cancel_reservation [SL:NUMBER ababini] [SL:MEAL_PERIOD ngesidlo sasemini] ],NUMBER: ababini $$ MEAL_PERIOD: ngesidlo sasemini,xho
kitchen_and_dining,cancel_reservation,Can you cancel my reservation for two at lunch?,"70:77:SL:NUMBER,78:95:SL:MEAL_PERIOD",[IN:cancel_reservation [SL:NUMBER ababini] [SL:MEAL_PERIOD ngesidlo sasemini] ],NUMBER: ababini $$ MEAL_PERIOD: ngesidlo sasemini,xho
kitchen_and_dining,cancel_reservation,Please cancel my request to reserve a table for three people in Nandos.,"61:70:SL:NUMBER,71:78:SL:RESTAURANT_NAME",[IN:cancel_reservation [SL:NUMBER abathathu] [SL:RESTAURANT_NAME eNandos] ],NUMBER: abathathu $$ RESTAURANT_NAME: eNandos,xho
kitchen_and_dining,cancel_reservation,Can you ask them to cancel the reservation for the table in Nandos?,67:74:SL:RESTAURANT_NAME,[IN:cancel_reservation [SL:RESTAURANT_NAME eNandos] ],RESTAURANT_NAME: eNandos,xho
kitchen_and_dining,cancel_reservation,Please cancel my appointment for soup at the Mayfair hotel.,"33:41:SL:MEAL_PERIOD,42:56:SL:HOTEL_NAME",[IN:cancel_reservation [SL:MEAL_PERIOD isophoro] [SL:HOTEL_NAME eMayfair hotel] ],MEAL_PERIOD: isophoro $$ HOTEL_NAME: eMayfair hotel,xho
kitchen_and_dining,cancel_reservation,Please cancel my 8:00 p.m. Ivory Reserve meal appointment.,"32:49:SL:RESTAURANT_NAME,50:65:SL:TIME",[IN:cancel_reservation [SL:RESTAURANT_NAME laseIvory Reserve] [SL:TIME lango8 ebusungu] ],RESTAURANT_NAME: laseIvory Reserve $$ TIME: lango8 ebusungu,xho
kitchen_and_dining,cancel_reservation,Can you cancel my 6:00 p.m. meal at Spur on Friday?,"42:47:SL:RESTAURANT_NAME,48:72:SL:TIME,73:86:SL:DATE",[IN:cancel_reservation [SL:RESTAURANT_NAME eSpur] [SL:TIME ngentsimbi yesithandathu] [SL:DATE ngoLwesihlanu] ],RESTAURANT_NAME: eSpur $$ TIME: ngentsimbi yesithandathu $$ DATE: ngoLwesihlanu,xho
kitchen_and_dining,cancel_reservation,Please cancel my 6:00 p.m. dinner appointment at Spoue on Friday.,"39:44:SL:RESTAURANT_NAME,45:69:SL:TIME,70:83:SL:DATE",[IN:cancel_reservation [SL:RESTAURANT_NAME eSpue] [SL:TIME ngentsimbi yesithandathu] [SL:DATE ngoLwesihlanu] ],RESTAURANT_NAME: eSpue $$ TIME: ngentsimbi yesithandathu $$ DATE: ngoLwesihlanu,xho
kitchen_and_dining,cancel_reservation,I would like to cancel the reservation for Thursday at 3 p.m.,"62:75:SL:DATE,76:80:SL:TIME",[IN:cancel_reservation [SL:DATE esingoLwesine] [SL:TIME ngo3] ],DATE: esingoLwesine $$ TIME: ngo3,xho
kitchen_and_dining,cancel_reservation,Can you cancel my reservation for Thursday 3?,"65:78:SL:DATE,79:83:SL:TIME",[IN:cancel_reservation [SL:DATE esingoLwesine] [SL:TIME ngo3] ],DATE: esingoLwesine $$ TIME: ngo3,xho
kitchen_and_dining,cancel_reservation,Please cancel my lunch appointment at Ivory Eatery for this coming week.,"43:56:SL:RESTAURANT_NAME,57:72:SL:DATE",[IN:cancel_reservation [SL:RESTAURANT_NAME eIvory Eatery] [SL:DATE kule veki izayo] ],RESTAURANT_NAME: eIvory Eatery $$ DATE: kule veki izayo,xho
kitchen_and_dining,cancel_reservation,Can you reschedule my Ivory Eatery dinner date for next week?,"43:56:SL:RESTAURANT_NAME,57:72:SL:DATE",[IN:cancel_reservation [SL:RESTAURANT_NAME eIvory Eatery] [SL:DATE kule veki izayo] ],RESTAURANT_NAME: eIvory Eatery $$ DATE: kule veki izayo,xho
kitchen_and_dining,cancel_reservation,Can you cancel my order for free Sandeck?,39:47:SL:RESTAURANT_NAME,[IN:cancel_reservation [SL:RESTAURANT_NAME eSandeck] ],RESTAURANT_NAME: eSandeck,xho
kitchen_and_dining,cancel_reservation,Please ask if they can cancel my free lunch at Sandeck.,85:93:SL:RESTAURANT_NAME,[IN:cancel_reservation [SL:RESTAURANT_NAME eSandeck] ],RESTAURANT_NAME: eSandeck,xho
kitchen_and_dining,cancel_reservation,Can you help me cancel my lunch appointment in Bossa?,"39:55:SL:MEAL_PERIOD,56:62:SL:RESTAURANT_NAME",[IN:cancel_reservation [SL:MEAL_PERIOD lesidlo sasemini] [SL:RESTAURANT_NAME eBossa] ],MEAL_PERIOD: lesidlo sasemini $$ RESTAURANT_NAME: eBossa,xho
kitchen_and_dining,cancel_reservation,Please help me by canceling my lunch appointment in Bossa.,"40:56:SL:MEAL_PERIOD,57:63:SL:RESTAURANT_NAME",[IN:cancel_reservation [SL:MEAL_PERIOD lesidlo sasemini] [SL:RESTAURANT_NAME eBossa] ],MEAL_PERIOD: lesidlo sasemini $$ RESTAURANT_NAME: eBossa,xho
kitchen_and_dining,cancel_reservation,Can you cancel my dinner date with Jane?,"36:53:SL:MEAL_PERIOD,54:60:SL:PERSONAL_NAME",[IN:cancel_reservation [SL:MEAL_PERIOD isidlo sasebusuku] [SL:PERSONAL_NAME noJane] ],MEAL_PERIOD: isidlo sasebusuku $$ PERSONAL_NAME: noJane,xho
kitchen_and_dining,cancel_reservation,Can you cancel my dinner date in Sanook?,"41:58:SL:MEAL_PERIOD,59:66:SL:RESTAURANT_NAME",[IN:cancel_reservation [SL:MEAL_PERIOD isidlo sasebusuku] [SL:RESTAURANT_NAME eSanook] ],MEAL_PERIOD: isidlo sasebusuku $$ RESTAURANT_NAME: eSanook,xho
kitchen_and_dining,cancel_reservation,Can you cancel my lunch at Steers' at 1 o'clock?,"45:54:SL:RESTAURANT_NAME,55:65:SL:TIME",[IN:cancel_reservation [SL:RESTAURANT_NAME kwaSteers] [SL:TIME ngo1 emini] ],RESTAURANT_NAME: kwaSteers $$ TIME: ngo1 emini,xho
kitchen_and_dining,cancel_reservation,Can you cancel my dinner date with Jane?,"45:62:SL:MEAL_PERIOD,63:69:SL:PERSONAL_NAME",[IN:cancel_reservation [SL:MEAL_PERIOD isidlo sasebusuku] [SL:PERSONAL_NAME noJane] ],MEAL_PERIOD: isidlo sasebusuku $$ PERSONAL_NAME: noJane,xho
kitchen_and_dining,cancel_reservation,Can you cross me off the list of people who have ordered lunch there?,55:70:SL:MEAL_PERIOD,[IN:cancel_reservation [SL:MEAL_PERIOD isidlo sasemini] ],MEAL_PERIOD: isidlo sasemini,xho
kitchen_and_dining,cancel_reservation,Can you cancel my lunch appointment at the convention today?,"37:53:SL:MEAL_PERIOD,54:61:SL:RESTAURANT_NAME,62:71:SL:DATE",[IN:cancel_reservation [SL:MEAL_PERIOD lesidlo sasemini] [SL:RESTAURANT_NAME eKopano] [SL:DATE namhlanje] ],MEAL_PERIOD: lesidlo sasemini $$ RESTAURANT_NAME: eKopano $$ DATE: namhlanje,xho
kitchen_and_dining,cancel_reservation,Please cancel my lunch appointment at the convention today.,"31:53:SL:MEAL_PERIOD,54:61:SL:RESTAURANT_NAME,62:71:SL:DATE",[IN:cancel_reservation [SL:MEAL_PERIOD lokutyaisidlo sasemini] [SL:RESTAURANT_NAME eKopano] [SL:DATE namhlanje] ],MEAL_PERIOD: lokutyaisidlo sasemini $$ RESTAURANT_NAME: eKopano $$ DATE: namhlanje,xho
kitchen_and_dining,cancel_reservation,I'd like to cancel our coffee date at Potholes and Donkeys tomorrow.,"45:50:SL:DISH_OR_FOOD,51:72:SL:RESTAURANT_NAME,73:79:SL:DATE",[IN:cancel_reservation [SL:DISH_OR_FOOD ikofu] [SL:RESTAURANT_NAME ePotholes and Donkeys] [SL:DATE ngomso] ],DISH_OR_FOOD: ikofu $$ RESTAURANT_NAME: ePotholes and Donkeys $$ DATE: ngomso,xho
kitchen_and_dining,cancel_reservation,Can we cancel our appointment to go to Potholes and Donkeys tomorrow?,"52:73:SL:RESTAURANT_NAME,74:80:SL:DATE",[IN:cancel_reservation [SL:RESTAURANT_NAME ePotholes and Donkeys] [SL:DATE ngomso] ],RESTAURANT_NAME: ePotholes and Donkeys $$ DATE: ngomso,xho
kitchen_and_dining,cancel_reservation,I'm going to cancel our appointment for the meeting at Cafe Lang.,53:63:SL:RESTAURANT_NAME,[IN:cancel_reservation [SL:RESTAURANT_NAME eCafe Lang] ],RESTAURANT_NAME: eCafe Lang,xho
kitchen_and_dining,cancel_reservation,Can you cancel our appointment to meet at Cafe Lang?,55:65:SL:RESTAURANT_NAME,[IN:cancel_reservation [SL:RESTAURANT_NAME eCafe Lang] ],RESTAURANT_NAME: eCafe Lang,xho
kitchen_and_dining,cancel_reservation,Please also cancel my reservation for breakfast.,63:82:SL:MEAL_PERIOD,[IN:cancel_reservation [SL:MEAL_PERIOD ngesidlo sasekuseni] ],MEAL_PERIOD: ngesidlo sasekuseni,xho
kitchen_and_dining,cancel_reservation,Can you continue to cancel my reservation for breakfast?,70:87:SL:MEAL_PERIOD,[IN:cancel_reservation [SL:MEAL_PERIOD ngesidlo sakusasa] ],MEAL_PERIOD: ngesidlo sakusasa,xho
kitchen_and_dining,cancel_reservation,Please cancel my lunch with the president.,,[IN:cancel_reservation ],,xho
kitchen_and_dining,cancel_reservation,Can you cancel my dinner with the president?,,[IN:cancel_reservation ],,xho
kitchen_and_dining,cancel_reservation,Please cancel my 10am meal at Rocomamas.,"36:46:SL:RESTAURANT_NAME,47:52:SL:TIME,53:60:SL:DATE",[IN:cancel_reservation [SL:RESTAURANT_NAME eRocomamas] [SL:TIME ngo10] [SL:DATE ekuseni] ],RESTAURANT_NAME: eRocomamas $$ TIME: ngo10 $$ DATE: ekuseni,xho
kitchen_and_dining,cancel_reservation,Can you reschedule my 10:00 a.m. meal at Rocomamas?,"45:55:SL:RESTAURANT_NAME,56:69:SL:TIME",[IN:cancel_reservation [SL:RESTAURANT_NAME eRocomamas] [SL:TIME ngo10 ekuseni] ],RESTAURANT_NAME: eRocomamas $$ TIME: ngo10 ekuseni,xho
kitchen_and_dining,cancel_reservation,"Please cancel my appointment to Spur, I won't be eating now.",39:44:SL:RESTAURANT_NAME,[IN:cancel_reservation [SL:RESTAURANT_NAME eSpur] ],RESTAURANT_NAME: eSpur,xho
kitchen_and_dining,cancel_reservation,Can you cancel my appointment for a meal in Spur?,43:48:SL:RESTAURANT_NAME,[IN:cancel_reservation [SL:RESTAURANT_NAME eSpur] ],RESTAURANT_NAME: eSpur,xho
kitchen_and_dining,cancel_reservation,Please cancel my reservation at The Carvery.,53:65:SL:RESTAURANT_NAME,[IN:cancel_reservation [SL:RESTAURANT_NAME eThe Carvery] ],RESTAURANT_NAME: eThe Carvery,xho
kitchen_and_dining,cancel_reservation,I would like you to remove me from the list of those who have requested reservation for a table.,,[IN:cancel_reservation ],,xho
kitchen_and_dining,cancel_reservation,You can help me by removing me from the list of people who have requested reservation for a table.,,[IN:cancel_reservation ],,xho
kitchen_and_dining,cancel_reservation,Please remove me from the list you asked to reserve the lunch table.,53:69:SL:MEAL_PERIOD,[IN:cancel_reservation [SL:MEAL_PERIOD yesidlo sasemini] ],MEAL_PERIOD: yesidlo sasemini,xho
kitchen_and_dining,cancel_reservation,Can you take me off the lunch list?,49:65:SL:MEAL_PERIOD,[IN:cancel_reservation [SL:MEAL_PERIOD yesidlo sasemini] ],MEAL_PERIOD: yesidlo sasemini,xho
kitchen_and_dining,cancel_reservation,Please cancel the lunch reservation at the Thatha Lounge.,"52:67:SL:MEAL_PERIOD,68:83:SL:RESTAURANT_NAME",[IN:cancel_reservation [SL:MEAL_PERIOD isidlo sasemini] [SL:RESTAURANT_NAME eMthatha Lounge] ],MEAL_PERIOD: isidlo sasemini $$ RESTAURANT_NAME: eMthatha Lounge,xho
kitchen_and_dining,cancel_reservation,Can you cross me off the list for lunch reservations at the Thatha Lounge?,"58:75:SL:MEAL_PERIOD,76:91:SL:RESTAURANT_NAME",[IN:cancel_reservation [SL:MEAL_PERIOD ngesidlo sasemini] [SL:RESTAURANT_NAME eMthatha Lounge] ],MEAL_PERIOD: ngesidlo sasemini $$ RESTAURANT_NAME: eMthatha Lounge,xho
kitchen_and_dining,cancel_reservation,Please cancel my 12 o'clock lunch at the Osner hotel.,"25:33:SL:TIME,42:54:SL:HOTEL_NAME",[IN:cancel_reservation [SL:TIME elingo12] [SL:HOTEL_NAME eOsner hotel] ],TIME: elingo12 $$ HOTEL_NAME: eOsner hotel,xho
kitchen_and_dining,cancel_reservation,Can you cancel my 12 o'clock lunch at the Osner Hotel?,"29:37:SL:TIME,46:58:SL:HOTEL_NAME",[IN:cancel_reservation [SL:TIME elingo12] [SL:HOTEL_NAME eOsner hotel] ],TIME: elingo12 $$ HOTEL_NAME: eOsner hotel,xho
kitchen_and_dining,cancel_reservation,Please cancel the reservation for four people at lunch.,"50:55:SL:NUMBER,56:73:SL:MEAL_PERIOD",[IN:cancel_reservation [SL:NUMBER abane] [SL:MEAL_PERIOD ngesidlo sasemini] ],NUMBER: abane $$ MEAL_PERIOD: ngesidlo sasemini,xho
kitchen_and_dining,cancel_reservation,Can you cancel a reservation for four at lunch?,"54:59:SL:NUMBER,60:77:SL:MEAL_PERIOD",[IN:cancel_reservation [SL:NUMBER abane] [SL:MEAL_PERIOD mgesidlo sasemini] ],NUMBER: abane $$ MEAL_PERIOD: mgesidlo sasemini,xho
kitchen_and_dining,cancel_reservation,Can you cancel our appointment to meet at the Steakhouse?,55:66:SL:RESTAURANT_NAME,[IN:cancel_reservation [SL:RESTAURANT_NAME eSteakhouse] ],RESTAURANT_NAME: eSteakhouse,xho
kitchen_and_dining,cancel_reservation,Please cancel my appointment to meet at the Steakhouse,49:60:SL:RESTAURANT_NAME,[IN:cancel_reservation [SL:RESTAURANT_NAME eSteakhouse] ],RESTAURANT_NAME: eSteakhouse,xho
kitchen_and_dining,cancel_reservation,You can take me off the list of people who have requested a reservation for the family dinner table on Saturday.,91:102:SL:DATE,[IN:cancel_reservation [SL:DATE ngoMgqibelo] ],DATE: ngoMgqibelo,xho
kitchen_and_dining,cancel_reservation,Please also cancel my appointment with my lawyer on Sunday at 10.,"58:65:SL:DATE,66:71:SL:TIME",[IN:cancel_reservation [SL:DATE ngeCawe] [SL:TIME ngo10] ],DATE: ngeCawe $$ TIME: ngo10,xho
kitchen_and_dining,cancel_reservation,"The president is not here, so please cancel the appointment to Sisa the Barista.",53:70:SL:RESTAURANT_NAME,[IN:cancel_reservation [SL:RESTAURANT_NAME eSisa the Barista] ],RESTAURANT_NAME: eSisa the Barista,xho
kitchen_and_dining,cancel_reservation,Please cancel the appointment to Sisa the Barista with the president,34:51:SL:RESTAURANT_NAME,[IN:cancel_reservation [SL:RESTAURANT_NAME eSisa the Barista] ],RESTAURANT_NAME: eSisa the Barista,xho
kitchen_and_dining,confirm_reservation,Please make sure my appointment for soup at the Highness Cafe is known.,"45:53:SL:MEAL_PERIOD,54:68:SL:RESTAURANT_NAME",[IN:confirm_reservation [SL:MEAL_PERIOD isophoro] [SL:RESTAURANT_NAME eHighness Cafe] ],MEAL_PERIOD: isophoro $$ RESTAURANT_NAME: eHighness Cafe,xho
kitchen_and_dining,confirm_reservation,Please make sure that my breakfast appointment at the Mthatha country club is known.,"45:62:SL:MEAL_PERIOD,63:84:SL:RESTAURANT_NAME",[IN:confirm_reservation [SL:MEAL_PERIOD isidlo sasekuseni] [SL:RESTAURANT_NAME eMthatha country club] ],MEAL_PERIOD: isidlo sasekuseni $$ RESTAURANT_NAME: eMthatha country club,xho
kitchen_and_dining,confirm_reservation,Can you make sure that my lunch appointment at Panarottis is known?,"58:73:SL:MEAL_PERIOD,74:85:SL:RESTAURANT_NAME",[IN:confirm_reservation [SL:MEAL_PERIOD isidlo sasemini] [SL:RESTAURANT_NAME ePanarottis] ],MEAL_PERIOD: isidlo sasemini $$ RESTAURANT_NAME: ePanarottis,xho
kitchen_and_dining,confirm_reservation,Please make sure that my appointment to eat soup in Nandos tomorrow is known.,"54:62:SL:MEAL_PERIOD,63:70:SL:RESTAURANT_NAME,71:77:SL:DATE",[IN:confirm_reservation [SL:MEAL_PERIOD isophoro] [SL:RESTAURANT_NAME eNandos] [SL:DATE ngomso] ],MEAL_PERIOD: isophoro $$ RESTAURANT_NAME: eNandos $$ DATE: ngomso,xho
kitchen_and_dining,confirm_reservation,Please make sure that my appointment for soup at McDonald's at 7 a.m. tomorrow is known.,"54:62:SL:MEAL_PERIOD,63:73:SL:RESTAURANT_NAME,74:80:SL:DATE,81:85:SL:TIME",[IN:confirm_reservation [SL:MEAL_PERIOD isophoro] [SL:RESTAURANT_NAME eMcDonalds] [SL:DATE ngomso] [SL:TIME ngo7] ],MEAL_PERIOD: isophoro $$ RESTAURANT_NAME: eMcDonalds $$ DATE: ngomso $$ TIME: ngo7,xho
kitchen_and_dining,confirm_reservation,Can you make sure that my appointment to eat soup in Nandos tomorrow is known?,"58:66:SL:MEAL_PERIOD,67:74:SL:RESTAURANT_NAME,75:81:SL:DATE",[IN:confirm_reservation [SL:MEAL_PERIOD isophoro] [SL:RESTAURANT_NAME eNandos] [SL:DATE ngomso] ],MEAL_PERIOD: isophoro $$ RESTAURANT_NAME: eNandos $$ DATE: ngomso,xho
kitchen_and_dining,confirm_reservation,Can you make sure my appointment for soup at McDonald's is known tomorrow?,"58:66:SL:MEAL_PERIOD,67:77:SL:RESTAURANT_NAME,78:84:SL:DATE",[IN:confirm_reservation [SL:MEAL_PERIOD isophoro] [SL:RESTAURANT_NAME eMcDonalds] [SL:DATE ngomso] ],MEAL_PERIOD: isophoro $$ RESTAURANT_NAME: eMcDonalds $$ DATE: ngomso,xho
kitchen_and_dining,confirm_reservation,Please make sure that my appointment for a Pub n Grill party at 6pm is known.,"58:70:SL:RESTAURANT_NAME,71:83:SL:TIME",[IN:confirm_reservation [SL:RESTAURANT_NAME ePub n Grill] [SL:TIME ngo6 ebusuku] ],RESTAURANT_NAME: ePub n Grill $$ TIME: ngo6 ebusuku,xho
kitchen_and_dining,confirm_reservation,Please make sure that my 7:00 p.m. tomorrow night social appointment at SMJ Bypass is known.,"58:69:SL:RESTAURANT_NAME,70:82:SL:TIME,83:91:SL:DATE",[IN:confirm_reservation [SL:RESTAURANT_NAME eSMJ Bypass] [SL:TIME ngo7 ebusuku] [SL:DATE bangomso] ],RESTAURANT_NAME: eSMJ Bypass $$ TIME: ngo7 ebusuku $$ DATE: bangomso,xho
kitchen_and_dining,confirm_reservation,Please make sure that my appointment for a sopho at the Convention Lounge tomorrow at 6 is known.,"54:62:SL:MEAL_PERIOD,63:77:SL:RESTAURANT_NAME,78:84:SL:DATE,85:89:SL:TIME",[IN:confirm_reservation [SL:MEAL_PERIOD isophoro] [SL:RESTAURANT_NAME eKopano Lounge] [SL:DATE ngomso] [SL:TIME ngo6] ],MEAL_PERIOD: isophoro $$ RESTAURANT_NAME: eKopano Lounge $$ DATE: ngomso $$ TIME: ngo6,xho
kitchen_and_dining,confirm_reservation,Can you make sure that the pub's 6 o'clock social appointment is known?,"66:78:SL:RESTAURANT_NAME,79:91:SL:TIME",[IN:confirm_reservation [SL:RESTAURANT_NAME ePub n Grill] [SL:TIME ngo6 ebusuku] ],RESTAURANT_NAME: ePub n Grill $$ TIME: ngo6 ebusuku,xho
kitchen_and_dining,confirm_reservation,Can you make sure that the social appointment at the SMJ Bypass at 7pm tomorrow is known?,"66:77:SL:RESTAURANT_NAME,78:82:SL:TIME,83:99:SL:DATE",[IN:confirm_reservation [SL:RESTAURANT_NAME eSMJ Bypass] [SL:TIME ngo7] [SL:DATE ebusuku bangomso] ],RESTAURANT_NAME: eSMJ Bypass $$ TIME: ngo7 $$ DATE: ebusuku bangomso,xho
kitchen_and_dining,confirm_reservation,Please confirm my breakfast appointment at Cafe Lang tomorrow at 9.,"42:59:SL:MEAL_PERIOD,60:70:SL:RESTAURANT_NAME,71:77:SL:DATE,78:82:SL:TIME",[IN:confirm_reservation [SL:MEAL_PERIOD isidlo sasekuseni] [SL:RESTAURANT_NAME eCafe Lang] [SL:DATE ngomso] [SL:TIME ngo9] ],MEAL_PERIOD: isidlo sasekuseni $$ RESTAURANT_NAME: eCafe Lang $$ DATE: ngomso $$ TIME: ngo9,xho
kitchen_and_dining,confirm_reservation,Can you confirm my breakfast appointment at Cafe Lang tomorrow at 9?,"48:65:SL:MEAL_PERIOD,66:76:SL:RESTAURANT_NAME,77:83:SL:DATE,84:88:SL:TIME",[IN:confirm_reservation [SL:MEAL_PERIOD isidlo sasekuseni] [SL:RESTAURANT_NAME eCafe Lang] [SL:DATE ngomso] [SL:TIME ngo9] ],MEAL_PERIOD: isidlo sasekuseni $$ RESTAURANT_NAME: eCafe Lang $$ DATE: ngomso $$ TIME: ngo9,xho
kitchen_and_dining,confirm_reservation,Please confirm my lunch appointment tomorrow at 2 at Sage.,"44:59:SL:MEAL_PERIOD,60:66:SL:DATE,67:71:SL:TIME,72:77:SL:RESTAURANT_NAME",[IN:confirm_reservation [SL:MEAL_PERIOD isidlo sasemini] [SL:DATE ngomso] [SL:TIME ngo2] [SL:RESTAURANT_NAME eSage] ],MEAL_PERIOD: isidlo sasemini $$ DATE: ngomso $$ TIME: ngo2 $$ RESTAURANT_NAME: eSage,xho
kitchen_and_dining,confirm_reservation,Can you confirm my lunch appointment tomorrow at 2 at Sage?,"48:63:SL:MEAL_PERIOD,64:70:SL:DATE,71:75:SL:TIME,76:81:SL:RESTAURANT_NAME",[IN:confirm_reservation [SL:MEAL_PERIOD isidlo sasemini] [SL:DATE ngomso] [SL:TIME ngo2] [SL:RESTAURANT_NAME eSage] ],MEAL_PERIOD: isidlo sasemini $$ DATE: ngomso $$ TIME: ngo2 $$ RESTAURANT_NAME: eSage,xho
kitchen_and_dining,confirm_reservation,Please make sure I have a table at the Bossa at 7:00 p.m.,"45:51:SL:RESTAURANT_NAME,52:64:SL:TIME",[IN:confirm_reservation [SL:RESTAURANT_NAME eBossa] [SL:TIME ngo7 ebusuku] ],RESTAURANT_NAME: eBossa $$ TIME: ngo7 ebusuku,xho
kitchen_and_dining,confirm_reservation,Can you make sure that the Boss has a table for me at 8:00 p.m.?,"35:41:SL:RESTAURANT_NAME,62:74:SL:TIME",[IN:confirm_reservation [SL:RESTAURANT_NAME eBossa] [SL:TIME ngo8 ebusuku] ],RESTAURANT_NAME: eBossa $$ TIME: ngo8 ebusuku,xho
kitchen_and_dining,confirm_reservation,Please make sure my lunch appointment tomorrow is known to Sandeck.,"45:51:SL:DATE,61:69:SL:RESTAURANT_NAME",[IN:confirm_reservation [SL:DATE ngomso] [SL:RESTAURANT_NAME eSandeck] ],DATE: ngomso $$ RESTAURANT_NAME: eSandeck,xho
kitchen_and_dining,confirm_reservation,Can you make sure that my lunch appointment tomorrow is known to Sandeck?,"49:55:SL:DATE,65:73:SL:RESTAURANT_NAME",[IN:confirm_reservation [SL:DATE ngomso] [SL:RESTAURANT_NAME eSandeck] ],DATE: ngomso $$ RESTAURANT_NAME: eSandeck,xho
kitchen_and_dining,confirm_reservation,Please check if my appointment to eat sophoro in Ivory Coast is still valid?,"45:53:SL:MEAL_PERIOD,54:60:SL:RESTAURANT_NAME",[IN:confirm_reservation [SL:MEAL_PERIOD isophoro] [SL:RESTAURANT_NAME eIvory] ],MEAL_PERIOD: isophoro $$ RESTAURANT_NAME: eIvory,xho
kitchen_and_dining,confirm_reservation,Can you confirm that my appointment to eat saffron in Ivory Coast is on?,"55:63:SL:MEAL_PERIOD,64:70:SL:RESTAURANT_NAME",[IN:confirm_reservation [SL:MEAL_PERIOD isophoro] [SL:RESTAURANT_NAME eIvory] ],MEAL_PERIOD: isophoro $$ RESTAURANT_NAME: eIvory,xho
kitchen_and_dining,confirm_reservation,Please confirm Rooftop Lounge with my 1st appointment.,"20:35:SL:RESTAURANT_NAME,49:55:SL:TIME",[IN:confirm_reservation [SL:RESTAURANT_NAME iRooftop Lounge] [SL:TIME lango1] ],RESTAURANT_NAME: iRooftop Lounge $$ TIME: lango1,xho
kitchen_and_dining,confirm_reservation,Please confirm my appointment for breakfast at the KFC tomorrow.,"44:52:SL:MEAL_PERIOD,53:57:SL:RESTAURANT_NAME,58:64:SL:DATE",[IN:confirm_reservation [SL:MEAL_PERIOD isopholo] [SL:RESTAURANT_NAME eKFC] [SL:DATE ngomso] ],MEAL_PERIOD: isopholo $$ RESTAURANT_NAME: eKFC $$ DATE: ngomso,xho
kitchen_and_dining,confirm_reservation,Please confirm my breakfast appointment at Wimpy at 9.,"44:60:SL:MEAL_PERIOD,61:67:SL:RESTAURANT_NAME,68:72:SL:TIME",[IN:confirm_reservation [SL:MEAL_PERIOD isisdlo sakusasa] [SL:RESTAURANT_NAME eWimpy] [SL:TIME ngo9] ],MEAL_PERIOD: isisdlo sakusasa $$ RESTAURANT_NAME: eWimpy $$ TIME: ngo9,xho
kitchen_and_dining,confirm_reservation,Can you confirm my breakfast appointment at Wimpy at 9?,"48:63:SL:MEAL_PERIOD,64:70:SL:RESTAURANT_NAME,71:75:SL:TIME",[IN:confirm_reservation [SL:MEAL_PERIOD isidlo sakusasa] [SL:RESTAURANT_NAME eWimpy] [SL:TIME ngo9] ],MEAL_PERIOD: isidlo sakusasa $$ RESTAURANT_NAME: eWimpy $$ TIME: ngo9,xho
kitchen_and_dining,confirm_reservation,Can you confirm my appointment for a snack at the KFC tomorrow?,"48:56:SL:MEAL_PERIOD,57:61:SL:RESTAURANT_NAME,62:68:SL:DATE",[IN:confirm_reservation [SL:MEAL_PERIOD isopholo] [SL:RESTAURANT_NAME eKFC] [SL:DATE ngomso] ],MEAL_PERIOD: isopholo $$ RESTAURANT_NAME: eKFC $$ DATE: ngomso,xho
kitchen_and_dining,confirm_reservation,Please make sure that my lunch appointment is known in Sanook.,"45:60:SL:MEAL_PERIOD,70:77:SL:RESTAURANT_NAME",[IN:confirm_reservation [SL:MEAL_PERIOD isidlo sasemini] [SL:RESTAURANT_NAME eSanook] ],MEAL_PERIOD: isidlo sasemini $$ RESTAURANT_NAME: eSanook,xho
kitchen_and_dining,confirm_reservation,Please make sure that my lunch appointment at 1 is known to Nandos.,"45:60:SL:MEAL_PERIOD,61:65:SL:TIME,75:82:SL:RESTAURANT_NAME",[IN:confirm_reservation [SL:MEAL_PERIOD isidlo sasemini] [SL:TIME ngo1] [SL:RESTAURANT_NAME eNandos] ],MEAL_PERIOD: isidlo sasemini $$ TIME: ngo1 $$ RESTAURANT_NAME: eNandos,xho
kitchen_and_dining,confirm_reservation,Please make sure my breakfast appointment is known in Spur.,"45:62:SL:MEAL_PERIOD,72:77:SL:RESTAURANT_NAME",[IN:confirm_reservation [SL:MEAL_PERIOD isidlo sasekuseni] [SL:RESTAURANT_NAME eSpur] ],MEAL_PERIOD: isidlo sasekuseni $$ RESTAURANT_NAME: eSpur,xho
kitchen_and_dining,confirm_reservation,Please make sure I have a breakfast reservation at Starbucks tomorrow at 9.,"47:65:SL:MEAL_PERIOD,66:76:SL:RESTAURANT_NAME,77:83:SL:DATE,84:88:SL:TIME",[IN:confirm_reservation [SL:MEAL_PERIOD yesidlo sasekuseni] [SL:RESTAURANT_NAME eStarbucks] [SL:DATE ngomso] [SL:TIME ngo9] ],MEAL_PERIOD: yesidlo sasekuseni $$ RESTAURANT_NAME: eStarbucks $$ DATE: ngomso $$ TIME: ngo9,xho
kitchen_and_dining,confirm_reservation,Can you make sure that my lunch date is known in Sanook??,"49:64:SL:MEAL_PERIOD,74:81:SL:RESTAURANT_NAME",[IN:confirm_reservation [SL:MEAL_PERIOD isidlo sasemini] [SL:RESTAURANT_NAME eSanook] ],MEAL_PERIOD: isidlo sasemini $$ RESTAURANT_NAME: eSanook,xho
kitchen_and_dining,confirm_reservation,Can you make sure my lunch appointment at 1 is known to Nandos?,"49:64:SL:MEAL_PERIOD,65:69:SL:TIME,79:86:SL:RESTAURANT_NAME",[IN:confirm_reservation [SL:MEAL_PERIOD isidlo sasemini] [SL:TIME ngo1] [SL:RESTAURANT_NAME eNandos] ],MEAL_PERIOD: isidlo sasemini $$ TIME: ngo1 $$ RESTAURANT_NAME: eNandos,xho
kitchen_and_dining,confirm_reservation,Can you make sure I have a breakfast reservation at Starbucks tomorrow at 9:00?,"51:69:SL:MEAL_PERIOD,70:80:SL:RESTAURANT_NAME,81:87:SL:DATE,88:92:SL:TIME",[IN:confirm_reservation [SL:MEAL_PERIOD yesidlo sasekuseni] [SL:RESTAURANT_NAME eStarbucks] [SL:DATE ngomso] [SL:TIME ngo9] ],MEAL_PERIOD: yesidlo sasekuseni $$ RESTAURANT_NAME: eStarbucks $$ DATE: ngomso $$ TIME: ngo9,xho
kitchen_and_dining,confirm_reservation,Can you make sure I have a breakfast table at the Grand Pavilion by 10 tomorrow?,"51:69:SL:MEAL_PERIOD,70:85:SL:RESTAURANT_NAME,86:92:SL:DATE,93:98:SL:TIME",[IN:confirm_reservation [SL:MEAL_PERIOD yesidlo sasekuseni] [SL:RESTAURANT_NAME eGrand Pavilion] [SL:DATE ngomso] [SL:TIME ngo10] ],MEAL_PERIOD: yesidlo sasekuseni $$ RESTAURANT_NAME: eGrand Pavilion $$ DATE: ngomso $$ TIME: ngo10,xho
kitchen_and_dining,confirm_reservation,Can you make sure I have a reservation for dinner at the Hacienda at 7?,"51:69:SL:MEAL_PERIOD,70:79:SL:RESTAURANT_NAME,80:84:SL:TIME",[IN:confirm_reservation [SL:MEAL_PERIOD yesidlo sasebusuku] [SL:RESTAURANT_NAME eHacienda] [SL:TIME ngo7] ],MEAL_PERIOD: yesidlo sasebusuku $$ RESTAURANT_NAME: eHacienda $$ TIME: ngo7,xho
kitchen_and_dining,confirm_reservation,Please make sure my dinner appointment at the Hacienda at 7 is known.,"45:62:SL:MEAL_PERIOD,63:72:SL:RESTAURANT_NAME,73:77:SL:TIME",[IN:confirm_reservation [SL:MEAL_PERIOD isidlo sasebusuku] [SL:RESTAURANT_NAME eHacienda] [SL:TIME ngo7] ],MEAL_PERIOD: isidlo sasebusuku $$ RESTAURANT_NAME: eHacienda $$ TIME: ngo7,xho
kitchen_and_dining,confirm_reservation,Please make sure my lunch appointment at Fable is known.,"45:60:SL:MEAL_PERIOD,61:67:SL:RESTAURANT_NAME",[IN:confirm_reservation [SL:MEAL_PERIOD isidlo sasemini] [SL:RESTAURANT_NAME eFable] ],MEAL_PERIOD: isidlo sasemini $$ RESTAURANT_NAME: eFable,xho
kitchen_and_dining,confirm_reservation,Can you make sure that my lunch appointment at 2 o'clock on Saturday is known?,"49:64:SL:MEAL_PERIOD,65:69:SL:TIME,70:79:SL:RESTAURANT_NAME",[IN:confirm_reservation [SL:MEAL_PERIOD isidlo sasemini] [SL:TIME ngo2] [SL:RESTAURANT_NAME eSakhumzi] ],MEAL_PERIOD: isidlo sasemini $$ TIME: ngo2 $$ RESTAURANT_NAME: eSakhumzi,xho
kitchen_and_dining,confirm_reservation,Please make sure that my lunch appointment at Chaf Pozi tomorrow at 4 p.m. is known.,"45:55:SL:RESTAURANT_NAME,56:62:SL:DATE,63:73:SL:TIME",[IN:confirm_reservation [SL:RESTAURANT_NAME eChaf Pozi] [SL:DATE ngomso] [SL:TIME ngo4 emini] ],RESTAURANT_NAME: eChaf Pozi $$ DATE: ngomso $$ TIME: ngo4 emini,xho
kitchen_and_dining,confirm_reservation,Can you make sure my lunch appointment at Chaf Pozi tomorrow at 4 p.m. is known?,"49:59:SL:RESTAURANT_NAME,60:66:SL:DATE,67:77:SL:TIME",[IN:confirm_reservation [SL:RESTAURANT_NAME eChaf Pozi] [SL:DATE ngomso] [SL:TIME ngo4 emini] ],RESTAURANT_NAME: eChaf Pozi $$ DATE: ngomso $$ TIME: ngo4 emini,xho
kitchen_and_dining,confirm_reservation,Can you confirm that my appointment to eat soup at Blanko's on the 6th is known?,"49:57:SL:MEAL_PERIOD,58:65:SL:RESTAURANT_NAME,66:70:SL:TIME",[IN:confirm_reservation [SL:MEAL_PERIOD isophoro] [SL:RESTAURANT_NAME eBlanko] [SL:TIME ngo6] ],MEAL_PERIOD: isophoro $$ RESTAURANT_NAME: eBlanko $$ TIME: ngo6,xho
kitchen_and_dining,confirm_reservation,Can you make sure my lunch date at Fable is known?,"49:64:SL:MEAL_PERIOD,65:71:SL:RESTAURANT_NAME",[IN:confirm_reservation [SL:MEAL_PERIOD isidlo sasemini] [SL:RESTAURANT_NAME eFable] ],MEAL_PERIOD: isidlo sasemini $$ RESTAURANT_NAME: eFable,xho
kitchen_and_dining,confirm_reservation,Please make sure I have a reservation for lunch at the Bowl'd tomorrow at 3.,"47:63:SL:MEAL_PERIOD,64:71:SL:RESTAURANT_NAME,72:78:SL:DATE,79:83:SL:TIME",[IN:confirm_reservation [SL:MEAL_PERIOD yesidlo sasemini] [SL:RESTAURANT_NAME eBowl'd] [SL:DATE ngomso] [SL:TIME ngo3] ],MEAL_PERIOD: yesidlo sasemini $$ RESTAURANT_NAME: eBowl'd $$ DATE: ngomso $$ TIME: ngo3,xho
kitchen_and_dining,confirm_reservation,Please make sure I have a table for soup on Thursday at 7 at the Hussar grill.,"48:57:SL:MEAL_PERIOD,58:68:SL:DATE,69:73:SL:TIME,74:87:SL:RESTAURANT_NAME",[IN:confirm_reservation [SL:MEAL_PERIOD yesophoro] [SL:DATE ngoLwesine] [SL:TIME ngo7] [SL:RESTAURANT_NAME eHussar grill] ],MEAL_PERIOD: yesophoro $$ DATE: ngoLwesine $$ TIME: ngo7 $$ RESTAURANT_NAME: eHussar grill,xho
kitchen_and_dining,confirm_reservation,Please make sure I have a lunch reservation at The Rock at 2:00.,"47:63:SL:MEAL_PERIOD,64:73:SL:RESTAURANT_NAME,74:78:SL:TIME",[IN:confirm_reservation [SL:MEAL_PERIOD yesidlo sasemini] [SL:RESTAURANT_NAME eThe Rock] [SL:TIME ngo2] ],MEAL_PERIOD: yesidlo sasemini $$ RESTAURANT_NAME: eThe Rock $$ TIME: ngo2,xho
kitchen_and_dining,confirm_reservation,Can you make sure I have a table for soup on Thursday at 7 at the Hussar Grill?,"51:60:SL:MEAL_PERIOD,61:71:SL:DATE,72:76:SL:TIME,77:90:SL:RESTAURANT_NAME",[IN:confirm_reservation [SL:MEAL_PERIOD yesophoro] [SL:DATE ngoLwesine] [SL:TIME ngo7] [SL:RESTAURANT_NAME eHussar Grill] ],MEAL_PERIOD: yesophoro $$ DATE: ngoLwesine $$ TIME: ngo7 $$ RESTAURANT_NAME: eHussar Grill,xho
kitchen_and_dining,confirm_reservation,You can make sure I have a table reserved for lunch at Blanko's tomorrow.,"51:68:SL:MEAL_PERIOD,69:76:SL:RESTAURANT_NAME,77:83:SL:DATE",[IN:confirm_reservation [SL:MEAL_PERIOD ngesidlo sasemini] [SL:RESTAURANT_NAME eBlanko] [SL:DATE ngomso] ],MEAL_PERIOD: ngesidlo sasemini $$ RESTAURANT_NAME: eBlanko $$ DATE: ngomso,xho
kitchen_and_dining,confirm_reservation,Please make sure that my breakfast appointment is known in the Ivory Reserve.,"45:62:SL:MEAL_PERIOD,72:86:SL:RESTAURANT_NAME",[IN:confirm_reservation [SL:MEAL_PERIOD isidlo sasekuseni] [SL:RESTAURANT_NAME eIvory Reserve] ],MEAL_PERIOD: isidlo sasekuseni $$ RESTAURANT_NAME: eIvory Reserve,xho
kitchen_and_dining,confirm_reservation,You can assure me that my breakfast appointment is known in the Ivory Reserve.,"54:71:SL:MEAL_PERIOD,81:95:SL:RESTAURANT_NAME",[IN:confirm_reservation [SL:MEAL_PERIOD isidlo sasekuseni] [SL:RESTAURANT_NAME eIvory Reserve] ],MEAL_PERIOD: isidlo sasekuseni $$ RESTAURANT_NAME: eIvory Reserve,xho
kitchen_and_dining,confirm_reservation,Please make sure I have a table reserved at Garden Court for dinner.,"45:58:SL:HOTEL_NAME,59:78:SL:MEAL_PERIOD",[IN:confirm_reservation [SL:HOTEL_NAME eGarden Court] [SL:MEAL_PERIOD ngesidlo sasebusuku] ],HOTEL_NAME: eGarden Court $$ MEAL_PERIOD: ngesidlo sasebusuku,xho
kitchen_and_dining,confirm_reservation,Please make sure I have a table reserved for sophors on Thursday at 6 in Barracca.,"58:68:SL:DATE,69:73:SL:TIME,74:82:SL:RESTAURANT_NAME",[IN:confirm_reservation [SL:DATE ngoLwesine] [SL:TIME ngo6] [SL:RESTAURANT_NAME eBaracca] ],DATE: ngoLwesine $$ TIME: ngo6 $$ RESTAURANT_NAME: eBaracca,xho
kitchen_and_dining,confirm_reservation,Please make sure I have a reservation for lunch at Good Chef at 2 today.,"47:63:SL:MEAL_PERIOD,64:74:SL:RESTAURANT_NAME,75:79:SL:TIME,80:89:SL:DATE",[IN:confirm_reservation [SL:MEAL_PERIOD yesidlo sasemini] [SL:RESTAURANT_NAME eGood Chef] [SL:TIME ngo2] [SL:DATE namhlanje] ],MEAL_PERIOD: yesidlo sasemini $$ RESTAURANT_NAME: eGood Chef $$ TIME: ngo2 $$ DATE: namhlanje,xho
kitchen_and_dining,confirm_reservation,Can you make sure I have a table set for the sophora on Thursday at 6 in Barracca?,"61:71:SL:DATE,72:76:SL:TIME,77:85:SL:RESTAURANT_NAME",[IN:confirm_reservation [SL:DATE ngoLwesine] [SL:TIME ngo6] [SL:RESTAURANT_NAME eBaracca] ],DATE: ngoLwesine $$ TIME: ngo6 $$ RESTAURANT_NAME: eBaracca,xho
kitchen_and_dining,confirm_reservation,Can you make sure I have a reservation for lunch at Good Chef at 2 today?,"51:67:SL:MEAL_PERIOD,68:78:SL:RESTAURANT_NAME,79:83:SL:TIME,84:93:SL:DATE",[IN:confirm_reservation [SL:MEAL_PERIOD yesidlo sasemini] [SL:RESTAURANT_NAME eGood Chef] [SL:TIME ngo2] [SL:DATE namhlanje] ],MEAL_PERIOD: yesidlo sasemini $$ RESTAURANT_NAME: eGood Chef $$ TIME: ngo2 $$ DATE: namhlanje,xho
kitchen_and_dining,confirm_reservation,Can you make sure I have a table set up for dinner at the Garden Court tomorrow?,"51:69:SL:MEAL_PERIOD,70:83:SL:RESTAURANT_NAME,84:90:SL:DATE",[IN:confirm_reservation [SL:MEAL_PERIOD yesidlo sasebusuku] [SL:RESTAURANT_NAME eGarden Court] [SL:DATE ngomso] ],MEAL_PERIOD: yesidlo sasebusuku $$ RESTAURANT_NAME: eGarden Court $$ DATE: ngomso,xho
kitchen_and_dining,confirm_reservation,Can you make sure my appointment for the soap at Cargo Hold is known by tomorrow at 6?,"50:59:SL:MEAL_PERIOD,60:71:SL:RESTAURANT_NAME,72:78:SL:DATE,79:83:SL:TIME",[IN:confirm_reservation [SL:MEAL_PERIOD lesophoro] [SL:RESTAURANT_NAME eCargo Hold] [SL:DATE ngomso] [SL:TIME ngo6] ],MEAL_PERIOD: lesophoro $$ RESTAURANT_NAME: eCargo Hold $$ DATE: ngomso $$ TIME: ngo6,xho
kitchen_and_dining,confirm_reservation,Please make sure that my 6 o'clock appointment tomorrow is known to Cargo Hold.,"37:46:SL:MEAL_PERIOD,47:51:SL:TIME,52:58:SL:DATE,68:79:SL:RESTAURANT_NAME",[IN:confirm_reservation [SL:MEAL_PERIOD lesophoro] [SL:TIME ngo6] [SL:DATE ngomso] [SL:RESTAURANT_NAME eCargo Hold] ],MEAL_PERIOD: lesophoro $$ TIME: ngo6 $$ DATE: ngomso $$ RESTAURANT_NAME: eCargo Hold,xho
kitchen_and_dining,confirm_reservation,Please make sure my 7:00 p.m. appointment is known in Mike's kitchen.,"37:46:SL:MEAL_PERIOD,47:51:SL:TIME,52:62:SL:DATE,72:87:SL:RESTAURANT_NAME",[IN:confirm_reservation [SL:MEAL_PERIOD lesophoro] [SL:TIME ngo7] [SL:DATE ngoLwesine] [SL:RESTAURANT_NAME eMike's kitchen] ],MEAL_PERIOD: lesophoro $$ TIME: ngo7 $$ DATE: ngoLwesine $$ RESTAURANT_NAME: eMike's kitchen,xho
kitchen_and_dining,confirm_reservation,Can you make sure that my 7:00 p.m. appointment on Thursday is known in Mike's kitchen?,"41:50:SL:MEAL_PERIOD,51:55:SL:TIME,56:66:SL:DATE,76:91:SL:RESTAURANT_NAME",[IN:confirm_reservation [SL:MEAL_PERIOD lesophoro] [SL:TIME ngo7] [SL:DATE ngoLwesine] [SL:RESTAURANT_NAME eMike's kitchen] ],MEAL_PERIOD: lesophoro $$ TIME: ngo7 $$ DATE: ngoLwesine $$ RESTAURANT_NAME: eMike's kitchen,xho
kitchen_and_dining,confirm_reservation,Please make sure my lunch appointment at Hazeldale Wine Estate tomorrow at 1 p.m. is known.,"45:66:SL:RESTAURANT_NAME,67:73:SL:DATE,74:84:SL:TIME",[IN:confirm_reservation [SL:RESTAURANT_NAME eHazendal Wine Estate] [SL:DATE ngomso] [SL:TIME ngo1 emini] ],RESTAURANT_NAME: eHazendal Wine Estate $$ DATE: ngomso $$ TIME: ngo1 emini,xho
kitchen_and_dining,confirm_reservation,Please make sure that my dinner appointment at the Great Constantia Wine Estate tomorrow at 2 is known there.,"45:74:SL:RESTAURANT_NAME,75:81:SL:DATE,82:86:SL:TIME",[IN:confirm_reservation [SL:RESTAURANT_NAME eGroot Constantia Wine Estate] [SL:DATE ngomso] [SL:TIME ngo2] ],RESTAURANT_NAME: eGroot Constantia Wine Estate $$ DATE: ngomso $$ TIME: ngo2,xho
kitchen_and_dining,confirm_reservation,Can you make sure my dinner appointment at the Great Constantia Wine Estate tomorrow at 2 is known there?,"49:78:SL:PLACE_NAME,79:85:SL:DATE,86:90:SL:TIME",[IN:confirm_reservation [SL:PLACE_NAME eGroot Constantia Wine Estate] [SL:DATE ngomso] [SL:TIME ngo2] ],PLACE_NAME: eGroot Constantia Wine Estate $$ DATE: ngomso $$ TIME: ngo2,xho
kitchen_and_dining,confirm_reservation,Can you make sure my lunch appointment at Klein Constantia Wine Estate tomorrow at 1 is known?,"49:78:SL:PLACE_NAME,79:85:SL:DATE,86:90:SL:TIME",[IN:confirm_reservation [SL:PLACE_NAME eKlein Constantia Wine Estate] [SL:DATE ngomso] [SL:TIME ngo1] ],PLACE_NAME: eKlein Constantia Wine Estate $$ DATE: ngomso $$ TIME: ngo1,xho
kitchen_and_dining,confirm_reservation,Please make sure my dinner appointment at Klein Constantia Wine Estate tomorrow at 1 is known.,"45:74:SL:PLACE_NAME,75:81:SL:DATE,82:86:SL:TIME",[IN:confirm_reservation [SL:PLACE_NAME eKlein Constantia Wine Estate] [SL:DATE ngomso] [SL:TIME ngo1] ],PLACE_NAME: eKlein Constantia Wine Estate $$ DATE: ngomso $$ TIME: ngo1,xho
kitchen_and_dining,confirm_reservation,Please make sure I have a reservation for lunch at J.C. le Roux on Saturday at 1.,"47:64:SL:MEAL_PERIOD,65:77:SL:RESTAURANT_NAME,78:89:SL:DATE,90:94:SL:TIME",[IN:confirm_reservation [SL:MEAL_PERIOD ngesidlo sasemini] [SL:RESTAURANT_NAME eJ.C le Roux] [SL:DATE ngoMgqibelo] [SL:TIME ngo1] ],MEAL_PERIOD: ngesidlo sasemini $$ RESTAURANT_NAME: eJ.C le Roux $$ DATE: ngoMgqibelo $$ TIME: ngo1,xho
kitchen_and_dining,confirm_reservation,Please make sure I have a reservation for lunch at the Franchhoek Cellar on Saturday at 1.,"47:64:SL:MEAL_PERIOD,65:83:SL:RESTAURANT_NAME,84:95:SL:DATE,96:100:SL:TIME",[IN:confirm_reservation [SL:MEAL_PERIOD ngesidlo sasemini] [SL:RESTAURANT_NAME eFranchhoek Cellar] [SL:DATE ngoMgqibelo] [SL:TIME ngo1] ],MEAL_PERIOD: ngesidlo sasemini $$ RESTAURANT_NAME: eFranchhoek Cellar $$ DATE: ngoMgqibelo $$ TIME: ngo1,xho
kitchen_and_dining,confirm_reservation,Can you make sure I have a table reserved for lunch at J.C. le Rouc on Saturday at 1?,"51:68:SL:MEAL_PERIOD,69:81:SL:RESTAURANT_NAME,82:93:SL:DATE,94:98:SL:TIME",[IN:confirm_reservation [SL:MEAL_PERIOD ngesidlo sasemini] [SL:RESTAURANT_NAME eJ.C le Rouc] [SL:DATE ngoMgqibelo] [SL:TIME ngo1] ],MEAL_PERIOD: ngesidlo sasemini $$ RESTAURANT_NAME: eJ.C le Rouc $$ DATE: ngoMgqibelo $$ TIME: ngo1,xho
kitchen_and_dining,confirm_reservation,Can you make sure I have a table for lunch at the Frenchhoek Cellar on Saturday at 1?,"51:68:SL:MEAL_PERIOD,69:88:SL:RESTAURANT_NAME,89:100:SL:DATE,101:105:SL:TIME",[IN:confirm_reservation [SL:MEAL_PERIOD ngesidlo sasemini] [SL:RESTAURANT_NAME eFranschhoek Cellar] [SL:DATE ngoMgqibelo] [SL:TIME ngo1] ],MEAL_PERIOD: ngesidlo sasemini $$ RESTAURANT_NAME: eFranschhoek Cellar $$ DATE: ngoMgqibelo $$ TIME: ngo1,xho
kitchen_and_dining,confirm_reservation,Can you please check if my appointment for soup at the Highness Cafe is known?,"45:53:SL:MEAL_PERIOD,54:68:SL:RESTAURANT_NAME",[IN:confirm_reservation [SL:MEAL_PERIOD isophoro] [SL:RESTAURANT_NAME eHighness Cafe] ],MEAL_PERIOD: isophoro $$ RESTAURANT_NAME: eHighness Cafe,xho
kitchen_and_dining,confirm_reservation,Please look me up if my breakfast appointment at the Mthatha country club is known.,"45:62:SL:MEAL_PERIOD,63:84:SL:RESTAURANT_NAME",[IN:confirm_reservation [SL:MEAL_PERIOD isidlo sasekuseni] [SL:RESTAURANT_NAME eMthatha country club] ],MEAL_PERIOD: isidlo sasekuseni $$ RESTAURANT_NAME: eMthatha country club,xho
kitchen_and_dining,confirm_reservation,Can you confirm that my breakfast appointment is known in La Piazza?,"54:71:SL:MEAL_PERIOD,81:91:SL:RESTAURANT_NAME",[IN:confirm_reservation [SL:MEAL_PERIOD isidlo sasekuseni] [SL:RESTAURANT_NAME eLa Piazza] ],MEAL_PERIOD: isidlo sasekuseni $$ RESTAURANT_NAME: eLa Piazza,xho
kitchen_and_dining,confirm_reservation,Please make sure I have a lunch table at Ratson tomorrow.,"47:66:SL:MEAL_PERIOD,67:74:SL:RESTAURANT_NAME,75:81:SL:DATE",[IN:confirm_reservation [SL:MEAL_PERIOD yangesidlo sasemini] [SL:RESTAURANT_NAME eRatson] [SL:DATE ngomso] ],MEAL_PERIOD: yangesidlo sasemini $$ RESTAURANT_NAME: eRatson $$ DATE: ngomso,xho
kitchen_and_dining,confirm_reservation,Can you make sure I have a table at Ratson for lunch tomorrow?,"51:67:SL:MEAL_PERIOD,68:75:SL:RESTAURANT_NAME,76:82:SL:DATE",[IN:confirm_reservation [SL:MEAL_PERIOD yesidlo sasemini] [SL:RESTAURANT_NAME eRatson] [SL:DATE ngomso] ],MEAL_PERIOD: yesidlo sasemini $$ RESTAURANT_NAME: eRatson $$ DATE: ngomso,xho
kitchen_and_dining,confirm_reservation,Please make sure my lunch appointment is still in Panarottis tomorrow at 2.,"45:60:SL:MEAL_PERIOD,71:82:SL:RESTAURANT_NAME,83:89:SL:DATE,90:94:SL:TIME",[IN:confirm_reservation [SL:MEAL_PERIOD isidlo sasemini] [SL:RESTAURANT_NAME ePanarottis] [SL:DATE ngomso] [SL:TIME ngo2] ],MEAL_PERIOD: isidlo sasemini $$ RESTAURANT_NAME: ePanarottis $$ DATE: ngomso $$ TIME: ngo2,xho
kitchen_and_dining,confirm_reservation,You can confirm that my lunch appointment tomorrow at 2 is still in the Panarottis/,"49:64:SL:MEAL_PERIOD,65:71:SL:DATE,72:76:SL:TIME,87:98:SL:RESTAURANT_NAME",[IN:confirm_reservation [SL:MEAL_PERIOD isidlo sasemini] [SL:DATE ngomso] [SL:TIME ngo2] [SL:RESTAURANT_NAME ePanarottis] ],MEAL_PERIOD: isidlo sasemini $$ DATE: ngomso $$ TIME: ngo2 $$ RESTAURANT_NAME: ePanarottis,xho
kitchen_and_dining,confirm_reservation,Can you make sure my appointment for soup at the Highness Cafe is known?,"49:57:SL:MEAL_PERIOD,58:72:SL:RESTAURANT_NAME",[IN:confirm_reservation [SL:MEAL_PERIOD isophoro] [SL:RESTAURANT_NAME eHighness Cafe] ],MEAL_PERIOD: isophoro $$ RESTAURANT_NAME: eHighness Cafe,xho
kitchen_and_dining,confirm_reservation,Can you make sure my breakfast appointment tomorrow at the Mthatha Country Club is known?,"49:66:SL:MEAL_PERIOD,67:73:SL:DATE,74:95:SL:RESTAURANT_NAME",[IN:confirm_reservation [SL:MEAL_PERIOD isidlo sasekuseni] [SL:DATE ngomso] [SL:RESTAURANT_NAME eMthatha Country Club] ],MEAL_PERIOD: isidlo sasekuseni $$ DATE: ngomso $$ RESTAURANT_NAME: eMthatha Country Club,xho
kitchen_and_dining,confirm_reservation,Please make sure that my breakfast appointment is known at La Piazza.,"45:62:SL:MEAL_PERIOD,72:82:SL:RESTAURANT_NAME",[IN:confirm_reservation [SL:MEAL_PERIOD isidlo sasekuseni] [SL:RESTAURANT_NAME eLa Piazza] ],MEAL_PERIOD: isidlo sasekuseni $$ RESTAURANT_NAME: eLa Piazza,xho
kitchen_and_dining,confirm_reservation,Can you confirm that my lunch date tomorrow on the Panarottis is still on?,"49:64:SL:MEAL_PERIOD,65:71:SL:DATE,76:87:SL:RESTAURANT_NAME",[IN:confirm_reservation [SL:MEAL_PERIOD isidlo sasemini] [SL:DATE ngomso] [SL:RESTAURANT_NAME ePanarottis] ],MEAL_PERIOD: isidlo sasemini $$ DATE: ngomso $$ RESTAURANT_NAME: ePanarottis,xho
kitchen_and_dining,cook_time,How long does it take to cook a yellow flower?,38:45:SL:DISH_OR_FOOD,[IN:cook_time [SL:DISH_OR_FOOD umthubi] ],DISH_OR_FOOD: umthubi,xho
kitchen_and_dining,cook_time,How long does it take to cook a gristle?,38:47:SL:DISH_OR_FOOD,[IN:cook_time [SL:DISH_OR_FOOD umngqusho] ],DISH_OR_FOOD: umngqusho,xho
kitchen_and_dining,cook_time,How long does it take to cook a pork chop?,38:48:SL:DISH_OR_FOOD,[IN:cook_time [SL:DISH_OR_FOOD umqombothi] ],DISH_OR_FOOD: umqombothi,xho
kitchen_and_dining,cook_time,How long to cook the fish.,29:37:SL:DISH_OR_FOOD,[IN:cook_time [SL:DISH_OR_FOOD intlanzi] ],DISH_OR_FOOD: intlanzi,xho
kitchen_and_dining,cook_time,How many minutes are involved in preparing the head of the pig.,50:64:SL:DISH_OR_FOOD,[IN:cook_time [SL:DISH_OR_FOOD intloko yehagu] ],DISH_OR_FOOD: intloko yehagu,xho
kitchen_and_dining,cook_time,How many minutes are involved in preparing the yolk.,50:57:SL:DISH_OR_FOOD,[IN:cook_time [SL:DISH_OR_FOOD umthubi] ],DISH_OR_FOOD: umthubi,xho
kitchen_and_dining,cook_time,How many minutes are involved in preparing the legs of a cow.,50:65:SL:DISH_OR_FOOD,[IN:cook_time [SL:DISH_OR_FOOD amanqina enkomo] ],DISH_OR_FOOD: amanqina enkomo,xho
kitchen_and_dining,cook_time,How many minutes are involved in preparing the legs of a sheep.,50:65:SL:DISH_OR_FOOD,[IN:cook_time [SL:DISH_OR_FOOD amanqina egusha] ],DISH_OR_FOOD: amanqina egusha,xho
kitchen_and_dining,cook_time,How many minutes are involved in preparing rice.,50:57:SL:DISH_OR_FOOD,[IN:cook_time [SL:DISH_OR_FOOD irayisi] ],DISH_OR_FOOD: irayisi,xho
kitchen_and_dining,cook_time,How many minutes are involved in preparing the pig's legs.,50:64:SL:DISH_OR_FOOD,[IN:cook_time [SL:DISH_OR_FOOD amanqina ehagu] ],DISH_OR_FOOD: amanqina ehagu,xho
kitchen_and_dining,cook_time,How many minutes are involved in preparing the mixture.,50:65:SL:DISH_OR_FOOD,[IN:cook_time [SL:DISH_OR_FOOD umqa womilimili] ],DISH_OR_FOOD: umqa womilimili,xho
kitchen_and_dining,cook_time,How many minutes are involved in preparing the grinder.,50:59:SL:DISH_OR_FOOD,[IN:cook_time [SL:DISH_OR_FOOD umngqusho] ],DISH_OR_FOOD: umngqusho,xho
kitchen_and_dining,cook_time,How many minutes are involved in preparing the dough.,50:60:SL:DISH_OR_FOOD,[IN:cook_time [SL:DISH_OR_FOOD umqombothi] ],DISH_OR_FOOD: umqombothi,xho
kitchen_and_dining,cook_time,How many minutes are involved in preparing the chicken legs.,50:66:SL:DISH_OR_FOOD,[IN:cook_time [SL:DISH_OR_FOOD amanqina enkukhu] ],DISH_OR_FOOD: amanqina enkukhu,xho
kitchen_and_dining,cook_time,How many minutes are involved in preparing the goat's head.,50:67:SL:DISH_OR_FOOD,[IN:cook_time [SL:DISH_OR_FOOD intloko yebhokhwe] ],DISH_OR_FOOD: intloko yebhokhwe,xho
kitchen_and_dining,cook_time,How many minutes are involved in preparing the head of the lamb.,50:65:SL:DISH_OR_FOOD,[IN:cook_time [SL:DISH_OR_FOOD intloko yegusha] ],DISH_OR_FOOD: intloko yegusha,xho
kitchen_and_dining,cook_time,How long do boiled eggs take to mature?,0:20:SL:DISH_OR_FOOD,[IN:cook_time [SL:DISH_OR_FOOD Amaqanda abilisiweyo] ],DISH_OR_FOOD: Amaqanda abilisiweyo,xho
kitchen_and_dining,cook_time,How long do fried eggs take to mature?,0:19:SL:DISH_OR_FOOD,[IN:cook_time [SL:DISH_OR_FOOD Amaqanda afrayiweyo] ],DISH_OR_FOOD: Amaqanda afrayiweyo,xho
kitchen_and_dining,cook_time,Boiled rice takes a long time to mature.,0:19:SL:DISH_OR_FOOD,[IN:cook_time [SL:DISH_OR_FOOD Irayisi ebilisiweyo] ],DISH_OR_FOOD: Irayisi ebilisiweyo,xho
kitchen_and_dining,cook_time,How long does it take for the grain to mature?,0:9:SL:DISH_OR_FOOD,[IN:cook_time [SL:DISH_OR_FOOD Umngqusho] ],DISH_OR_FOOD: Umngqusho,xho
kitchen_and_dining,cook_time,How long does it take for the tablets to ripen?,0:8:SL:DISH_OR_FOOD,[IN:cook_time [SL:DISH_OR_FOOD IItapile] ],DISH_OR_FOOD: IItapile,xho
kitchen_and_dining,cook_time,How long does it take for a cabbage to ripen?,0:11:SL:DISH_OR_FOOD,[IN:cook_time [SL:DISH_OR_FOOD Ikhaphetshu] ],DISH_OR_FOOD: Ikhaphetshu,xho
kitchen_and_dining,cook_time,How long does the inner flesh take to mature?,0:20:SL:DISH_OR_FOOD,[IN:cook_time [SL:DISH_OR_FOOD Inyama yangaphakathi] ],DISH_OR_FOOD: Inyama yangaphakathi,xho
kitchen_and_dining,cook_time,How long does pork take to mature?,0:13:SL:DISH_OR_FOOD,[IN:cook_time [SL:DISH_OR_FOOD Inyama yehagu] ],DISH_OR_FOOD: Inyama yehagu,xho
kitchen_and_dining,cook_time,How long does it take for beef to mature?,0:14:SL:DISH_OR_FOOD,[IN:cook_time [SL:DISH_OR_FOOD Inyama yenkomo] ],DISH_OR_FOOD: Inyama yenkomo,xho
kitchen_and_dining,cook_time,How long does it take for the lamb to mature?,0:14:SL:DISH_OR_FOOD,[IN:cook_time [SL:DISH_OR_FOOD Inyama yegusha] ],DISH_OR_FOOD: Inyama yegusha,xho
kitchen_and_dining,cook_time,How long does it take for chicken to mature?,0:15:SL:DISH_OR_FOOD,[IN:cook_time [SL:DISH_OR_FOOD Inyama yenkukhu] ],DISH_OR_FOOD: Inyama yenkukhu,xho
kitchen_and_dining,cook_time,How long does goat meat take to mature?,0:16:SL:DISH_OR_FOOD,[IN:cook_time [SL:DISH_OR_FOOD Inyama yebhokhwe] ],DISH_OR_FOOD: Inyama yebhokhwe,xho
kitchen_and_dining,cook_time,How long does the head of the meat take to mature?,0:15:SL:DISH_OR_FOOD,[IN:cook_time [SL:DISH_OR_FOOD Inyama yentloko] ],DISH_OR_FOOD: Inyama yentloko,xho
kitchen_and_dining,cook_time,How long does it take for the watermelon to mature?,0:7:SL:DISH_OR_FOOD,[IN:cook_time [SL:DISH_OR_FOOD Umleqwa] ],DISH_OR_FOOD: Umleqwa,xho
kitchen_and_dining,cook_time,How long does it take for the ginger to ripen?,0:9:SL:DISH_OR_FOOD,[IN:cook_time [SL:DISH_OR_FOOD Amagwinya] ],DISH_OR_FOOD: Amagwinya,xho
kitchen_and_dining,cook_time,The length of time it takes to mature.,0:4:SL:DISH_OR_FOOD,[IN:cook_time [SL:DISH_OR_FOOD Umqa] ],DISH_OR_FOOD: Umqa,xho
kitchen_and_dining,cook_time,How long does it take for the coconut to ripen?,0:10:SL:DISH_OR_FOOD,[IN:cook_time [SL:DISH_OR_FOOD Umqombothi] ],DISH_OR_FOOD: Umqombothi,xho
kitchen_and_dining,cook_time,"How long does the farmer's potato take to mature,",0:16:SL:DISH_OR_FOOD,[IN:cook_time [SL:DISH_OR_FOOD Ipapa kamilimili] ],DISH_OR_FOOD: Ipapa kamilimili,xho
kitchen_and_dining,cook_time,The yellow is the time it takes to mature.,0:7:SL:DISH_OR_FOOD,[IN:cook_time [SL:DISH_OR_FOOD Umthubi] ],DISH_OR_FOOD: Umthubi,xho
kitchen_and_dining,cook_time,How long does it take spaghetti to ripen?,0:9:SL:DISH_OR_FOOD,[IN:cook_time [SL:DISH_OR_FOOD Ispagethi] ],DISH_OR_FOOD: Ispagethi,xho
kitchen_and_dining,cook_time,How long does it take for the fish to mature?,0:8:SL:DISH_OR_FOOD,[IN:cook_time [SL:DISH_OR_FOOD Intlanzi] ],DISH_OR_FOOD: Intlanzi,xho
kitchen_and_dining,cook_time,How long does it take to cook a cake in a bakery?,0:7:SL:DISH_OR_FOOD,[IN:cook_time [SL:DISH_OR_FOOD Ikeyiki] ],DISH_OR_FOOD: Ikeyiki,xho
kitchen_and_dining,cook_time,How long does it take for the marijuana stalks to mature?,0:15:SL:DISH_OR_FOOD,[IN:cook_time [SL:DISH_OR_FOOD Amanqina ehangu] ],DISH_OR_FOOD: Amanqina ehangu,xho
kitchen_and_dining,cook_time,How long does it take for a cow's legs to mature?,0:15:SL:DISH_OR_FOOD,[IN:cook_time [SL:DISH_OR_FOOD Amanqina enkomo] ],DISH_OR_FOOD: Amanqina enkomo,xho
kitchen_and_dining,cook_time,How long does it take for a sheep's legs to mature?,0:15:SL:DISH_OR_FOOD,[IN:cook_time [SL:DISH_OR_FOOD Amanqina egusha] ],DISH_OR_FOOD: Amanqina egusha,xho
kitchen_and_dining,cook_time,How long does it take for chicken legs to mature?,0:16:SL:DISH_OR_FOOD,[IN:cook_time [SL:DISH_OR_FOOD Amanqina enkukhu] ],DISH_OR_FOOD: Amanqina enkukhu,xho
kitchen_and_dining,cook_time,How long does it take for a goat's legs to mature?,0:17:SL:DISH_OR_FOOD,[IN:cook_time [SL:DISH_OR_FOOD Amanqina ebhokhwe] ],DISH_OR_FOOD: Amanqina ebhokhwe,xho
kitchen_and_dining,cook_time,How long does it take for a pig's head to mature?,0:14:SL:DISH_OR_FOOD,[IN:cook_time [SL:DISH_OR_FOOD Intloko yehagu] ],DISH_OR_FOOD: Intloko yehagu,xho
kitchen_and_dining,cook_time,How long does it take for a bull's head to mature?,0:15:SL:DISH_OR_FOOD,[IN:cook_time [SL:DISH_OR_FOOD Intloko yenkomo] ],DISH_OR_FOOD: Intloko yenkomo,xho
kitchen_and_dining,cook_time,How long does it take for a sheep's head to mature?,0:15:SL:DISH_OR_FOOD,[IN:cook_time [SL:DISH_OR_FOOD Intloko yegusha] ],DISH_OR_FOOD: Intloko yegusha,xho
kitchen_and_dining,cook_time,How long does it take for a chicken's head to mature?,0:16:SL:DISH_OR_FOOD,[IN:cook_time [SL:DISH_OR_FOOD Intloko yenkukhu] ],DISH_OR_FOOD: Intloko yenkukhu,xho
kitchen_and_dining,cook_time,How long does it take for a goat's head to mature?,0:17:SL:DISH_OR_FOOD,[IN:cook_time [SL:DISH_OR_FOOD Intloko yebhokhwe] ],DISH_OR_FOOD: Intloko yebhokhwe,xho
kitchen_and_dining,cook_time,how long it takes for the leg to mature.,0:7:SL:DISH_OR_FOOD,[IN:cook_time [SL:DISH_OR_FOOD ithanga] ],DISH_OR_FOOD: ithanga,xho
kitchen_and_dining,cook_time,How long does it take for the beet to ripen?,0:10:SL:DISH_OR_FOOD,[IN:cook_time [SL:DISH_OR_FOOD Ibhitruthi] ],DISH_OR_FOOD: Ibhitruthi,xho
kitchen_and_dining,cook_time,beans take less time to ripen.,0:8:SL:DISH_OR_FOOD,[IN:cook_time [SL:DISH_OR_FOOD iimbotyi] ],DISH_OR_FOOD: iimbotyi,xho
kitchen_and_dining,cook_time,How long does white rice take to mature?,0:18:SL:DISH_OR_FOOD,[IN:cook_time [SL:DISH_OR_FOOD Umngqusho omhlophe] ],DISH_OR_FOOD: Umngqusho omhlophe,xho
kitchen_and_dining,cook_time,How long does it take for the chicken to mature?,0:6:SL:DISH_OR_FOOD,[IN:cook_time [SL:DISH_OR_FOOD Irhweu] ],DISH_OR_FOOD: Irhweu,xho
kitchen_and_dining,cook_time,The watermelon can mature in a day.,0:10:SL:DISH_OR_FOOD,[IN:cook_time [SL:DISH_OR_FOOD Umqombothi] ],DISH_OR_FOOD: Umqombothi,xho
kitchen_and_dining,cook_time,"How long does it take for the grapes to ripen,",0:9:SL:DISH_OR_FOOD,[IN:cook_time [SL:DISH_OR_FOOD Umphokoqo] ],DISH_OR_FOOD: Umphokoqo,xho
kitchen_and_dining,cook_time,Bread is ready to be baked in about an hour.,"0:14:SL:DISH_OR_FOOD,35:47:SL:TIME",[IN:cook_time [SL:DISH_OR_FOOD Isonka samanzi] [SL:TIME ngeyure enye] ],DISH_OR_FOOD: Isonka samanzi $$ TIME: ngeyure enye,xho
kitchen_and_dining,cook_time,A loaf of bread baked in a bakery can be ready in about an hour.,"0:15:SL:DISH_OR_FOOD,36:48:SL:TIME",[IN:cook_time [SL:DISH_OR_FOOD Isonka sombhako] [SL:TIME ngeyure enye] ],DISH_OR_FOOD: Isonka sombhako $$ TIME: ngeyure enye,xho
kitchen_and_dining,cook_time,Beef can be cooked in about an hour.,"0:14:SL:DISH_OR_FOOD,34:46:SL:TIME",[IN:cook_time [SL:DISH_OR_FOOD Inyama yenkomo] [SL:TIME ngeyure enye] ],DISH_OR_FOOD: Inyama yenkomo $$ TIME: ngeyure enye,xho
kitchen_and_dining,cook_time,Pork can be cooked in an hour.,"0:13:SL:DISH_OR_FOOD,33:45:SL:TIME",[IN:cook_time [SL:DISH_OR_FOOD Inyama yehagu] [SL:TIME ngeyure enye] ],DISH_OR_FOOD: Inyama yehagu $$ TIME: ngeyure enye,xho
kitchen_and_dining,cook_time,The lamb can be cooked in about an hour.,"0:14:SL:DISH_OR_FOOD,34:46:SL:TIME",[IN:cook_time [SL:DISH_OR_FOOD Inyama yegusha] [SL:TIME ngeyure enye] ],DISH_OR_FOOD: Inyama yegusha $$ TIME: ngeyure enye,xho
kitchen_and_dining,cook_time,Goat meat can be cooked in about an hour.,"0:16:SL:DISH_OR_FOOD,36:48:SL:TIME",[IN:cook_time [SL:DISH_OR_FOOD Inyama yebhokhwe] [SL:TIME ngeyure enye] ],DISH_OR_FOOD: Inyama yebhokhwe $$ TIME: ngeyure enye,xho
kitchen_and_dining,cook_time,Chicken can be cooked in an hour.,"0:15:SL:DISH_OR_FOOD,35:47:SL:TIME",[IN:cook_time [SL:DISH_OR_FOOD Inyama yenkukhu] [SL:TIME ngeyure enye] ],DISH_OR_FOOD: Inyama yenkukhu $$ TIME: ngeyure enye,xho
kitchen_and_dining,cook_time,How long does the meat of a dragonfly take to mature?,0:15:SL:DISH_OR_FOOD,[IN:cook_time [SL:DISH_OR_FOOD Inyama yomleqwa] ],DISH_OR_FOOD: Inyama yomleqwa,xho
kitchen_and_dining,cook_time,How long does it take red meat to mature?,0:13:SL:DISH_OR_FOOD,[IN:cook_time [SL:DISH_OR_FOOD Inyama ebomvu] ],DISH_OR_FOOD: Inyama ebomvu,xho
kitchen_and_dining,cook_time,How much time do I need to cook the dough?,12:20:SL:DISH_OR_FOOD,[IN:cook_time [SL:DISH_OR_FOOD umgqusho] ],DISH_OR_FOOD: umgqusho,xho
kitchen_and_dining,cook_time,How long do chicken legs need to be cooked?,0:16:SL:DISH_OR_FOOD,[IN:cook_time [SL:DISH_OR_FOOD Amanqina enkukhu] ],DISH_OR_FOOD: Amanqina enkukhu,xho
kitchen_and_dining,cook_time,How long does the bull's head take to cook?,0:15:SL:DISH_OR_FOOD,[IN:cook_time [SL:DISH_OR_FOOD Intloko yenkomo] ],DISH_OR_FOOD: Intloko yenkomo,xho
kitchen_and_dining,cook_time,How long does it take to cook the pope?,29:34:SL:DISH_OR_FOOD,[IN:cook_time [SL:DISH_OR_FOOD ipapa] ],DISH_OR_FOOD: ipapa,xho
kitchen_and_dining,cook_time,how often do you add water to your bread?,35:49:SL:DISH_OR_FOOD,[IN:cook_time [SL:DISH_OR_FOOD isonka samanzi] ],DISH_OR_FOOD: isonka samanzi,xho
kitchen_and_dining,cook_time,Can corn ripen in an hour?,"0:6:SL:DISH_OR_FOOD,26:38:SL:TIME",[IN:cook_time [SL:DISH_OR_FOOD Umbona] [SL:TIME ngeyure enye] ],DISH_OR_FOOD: Umbona $$ TIME: ngeyure enye,xho
kitchen_and_dining,cook_time,How long does it take to cook pork?,38:51:SL:DISH_OR_FOOD,[IN:cook_time [SL:DISH_OR_FOOD inyama yehagu] ],DISH_OR_FOOD: inyama yehagu,xho
kitchen_and_dining,cook_time,How long does it take to cook lamb?,38:52:SL:DISH_OR_FOOD,[IN:cook_time [SL:DISH_OR_FOOD inyama yegusha] ],DISH_OR_FOOD: inyama yegusha,xho
kitchen_and_dining,cook_time,How long does it take to cook beef?,38:52:SL:DISH_OR_FOOD,[IN:cook_time [SL:DISH_OR_FOOD inyama yenkomo] ],DISH_OR_FOOD: inyama yenkomo,xho
kitchen_and_dining,cook_time,How long does it take to cook chicken?,38:53:SL:DISH_OR_FOOD,[IN:cook_time [SL:DISH_OR_FOOD inyama yenkukhu] ],DISH_OR_FOOD: inyama yenkukhu,xho
kitchen_and_dining,cook_time,How long does it take to cook a stew?,38:45:SL:DISH_OR_FOOD,[IN:cook_time [SL:DISH_OR_FOOD umleqwa] ],DISH_OR_FOOD: umleqwa,xho
kitchen_and_dining,cook_time,How long does it take to cook pork legs?,38:52:SL:DISH_OR_FOOD,[IN:cook_time [SL:DISH_OR_FOOD amanqina ehagu] ],DISH_OR_FOOD: amanqina ehagu,xho
kitchen_and_dining,cook_time,How long does it take to cook the legs of a hen?,38:53:SL:DISH_OR_FOOD,[IN:cook_time [SL:DISH_OR_FOOD amanqina egisha] ],DISH_OR_FOOD: amanqina egisha,xho
kitchen_and_dining,cook_time,How long does it take to cook a cow's legs?,38:53:SL:DISH_OR_FOOD,[IN:cook_time [SL:DISH_OR_FOOD amanqina enkomo] ],DISH_OR_FOOD: amanqina enkomo,xho
kitchen_and_dining,cook_time,How long does it take to cook a stew?,38:45:SL:DISH_OR_FOOD,[IN:cook_time [SL:DISH_OR_FOOD isidudu] ],DISH_OR_FOOD: isidudu,xho
kitchen_and_dining,cook_time,How long does it take to cook the beans?,38:46:SL:DISH_OR_FOOD,[IN:cook_time [SL:DISH_OR_FOOD amarhewu] ],DISH_OR_FOOD: amarhewu,xho
kitchen_and_dining,food_last,Is the store-bought bread still ready after three days in the fridge?,"7:23:SL:DISH_OR_FOOD,36:61:SL:DATE",[IN:food_last [SL:DISH_OR_FOOD isonka sevenkile] [SL:DATE emva kweentsuku ezintathu] ],DISH_OR_FOOD: isonka sevenkile $$ DATE: emva kweentsuku ezintathu,xho
kitchen_and_dining,food_last,Is the milk still ready after three days in the refrigerator?,"7:12:SL:DISH_OR_FOOD,24:49:SL:DATE",[IN:food_last [SL:DISH_OR_FOOD amasi] [SL:DATE emva kweentsuku ezintathu] ],DISH_OR_FOOD: amasi $$ DATE: emva kweentsuku ezintathu,xho
kitchen_and_dining,food_last,Is the milk still good after three days in the refrigerator?,"7:12:SL:DISH_OR_FOOD,25:50:SL:DATE",[IN:food_last [SL:DISH_OR_FOOD ubisi] [SL:DATE emva kweentsuku ezintathu] ],DISH_OR_FOOD: ubisi $$ DATE: emva kweentsuku ezintathu,xho
kitchen_and_dining,food_last,Are the beans still ready after three days in the refrigerator?,"7:13:SL:DISH_OR_FOOD,26:51:SL:DATE",[IN:food_last [SL:DISH_OR_FOOD imboty] [SL:DATE emva kweentsuku ezintathu] ],DISH_OR_FOOD: imboty $$ DATE: emva kweentsuku ezintathu,xho
kitchen_and_dining,food_last,Is the fat still good after three days in the fridge?,"7:22:SL:DISH_OR_FOOD,34:59:SL:DATE",[IN:food_last [SL:DISH_OR_FOOD amafutha enyama] [SL:DATE emva kweentsuku ezintathu] ],DISH_OR_FOOD: amafutha enyama $$ DATE: emva kweentsuku ezintathu,xho
kitchen_and_dining,food_last,Is the corn still ready after three days in the freezer?,"7:13:SL:DISH_OR_FOOD,25:50:SL:DATE",[IN:food_last [SL:DISH_OR_FOOD umbona] [SL:DATE emva kweentsuku ezintathu] ],DISH_OR_FOOD: umbona $$ DATE: emva kweentsuku ezintathu,xho
kitchen_and_dining,food_last,The carrot is still ready after three days in the refrigerator.,"7:18:SL:DISH_OR_FOOD,31:56:SL:DATE",[IN:food_last [SL:DISH_OR_FOOD ikhaphetshi] [SL:DATE emva kweentsuku ezintathu] ],DISH_OR_FOOD: ikhaphetshi $$ DATE: emva kweentsuku ezintathu,xho
kitchen_and_dining,food_last,The beetroot is ready after three days in the refrigerator.,"7:17:SL:DISH_OR_FOOD,27:52:SL:DATE",[IN:food_last [SL:DISH_OR_FOOD ibhitruthi] [SL:DATE emva kweentsuku ezintathu] ],DISH_OR_FOOD: ibhitruthi $$ DATE: emva kweentsuku ezintathu,xho
kitchen_and_dining,food_last,Is the pumpkin still ready after three days in the freezer?,"7:14:SL:DISH_OR_FOOD,27:52:SL:DATE",[IN:food_last [SL:DISH_OR_FOOD ithanga] [SL:DATE emva kweentsuku ezintathu] ],DISH_OR_FOOD: ithanga $$ DATE: emva kweentsuku ezintathu,xho
kitchen_and_dining,food_last,When the honey runs out.,16:21:SL:DISH_OR_FOOD,[IN:food_last [SL:DISH_OR_FOOD ubusi] ],DISH_OR_FOOD: ubusi,xho
kitchen_and_dining,food_last,When the milk runs out.,16:21:SL:DISH_OR_FOOD,[IN:food_last [SL:DISH_OR_FOOD amasi] ],DISH_OR_FOOD: amasi,xho
kitchen_and_dining,food_last,When the eggs are gone.,15:23:SL:DISH_OR_FOOD,[IN:food_last [SL:DISH_OR_FOOD amaqanda] ],DISH_OR_FOOD: amaqanda,xho
kitchen_and_dining,food_last,When the store runs out of bread.,16:32:SL:DISH_OR_FOOD,[IN:food_last [SL:DISH_OR_FOOD isonka sevenkile] ],DISH_OR_FOOD: isonka sevenkile,xho
kitchen_and_dining,food_last,When does cooking oil run out?,15:30:SL:DISH_OR_FOOD,[IN:food_last [SL:DISH_OR_FOOD i-oyl yokupheka] ],DISH_OR_FOOD: i-oyl yokupheka,xho
kitchen_and_dining,food_last,When the food runs out.,15:20:SL:DISH_OR_FOOD,[IN:food_last [SL:DISH_OR_FOOD itywa] ],DISH_OR_FOOD: itywa,xho
kitchen_and_dining,food_last,When does the sugar run out?,15:23:SL:DISH_OR_FOOD,[IN:food_last [SL:DISH_OR_FOOD iswekile] ],DISH_OR_FOOD: iswekile,xho
kitchen_and_dining,food_last,How long does it take for a cooked mill to break down?,0:9:SL:DISH_OR_FOOD,[IN:food_last [SL:DISH_OR_FOOD Umngqusho] ],DISH_OR_FOOD: Umngqusho,xho
kitchen_and_dining,food_last,I am sick to eat the porridge I made last week.,"26:34:SL:DISH_OR_FOOD,48:67:SL:DATE",[IN:food_last [SL:DISH_OR_FOOD umgqusho] [SL:DATE kuleveki iphelileyo] ],DISH_OR_FOOD: umgqusho $$ DATE: kuleveki iphelileyo,xho
kitchen_and_dining,food_last,How long does it take for cooked chicken to spoil?,0:26:SL:DISH_OR_FOOD,[IN:food_last [SL:DISH_OR_FOOD Inyama yenkukhu ephekiweyo] ],DISH_OR_FOOD: Inyama yenkukhu ephekiweyo,xho
kitchen_and_dining,food_last,How long do I have to eat chicken once it's cooked?,39:54:SL:DISH_OR_FOOD,[IN:food_last [SL:DISH_OR_FOOD inyama yenkukhu] ],DISH_OR_FOOD: inyama yenkukhu,xho
kitchen_and_dining,food_last,I still have to eat the bread I baked last week.,"25:40:SL:DISH_OR_FOOD,54:73:SL:DATE",[IN:food_last [SL:DISH_OR_FOOD isonka sombhako] [SL:DATE kubeveki iphelileyo] ],DISH_OR_FOOD: isonka sombhako $$ DATE: kubeveki iphelileyo,xho
kitchen_and_dining,food_last,I'm still fine with the chicken that's been in the fridge since Saturday.,"25:40:SL:DISH_OR_FOOD,59:81:SL:DATE",[IN:food_last [SL:DISH_OR_FOOD inyama yenkukhu] [SL:DATE ukusukela ngoMngqibelo] ],DISH_OR_FOOD: inyama yenkukhu $$ DATE: ukusukela ngoMngqibelo,xho
kitchen_and_dining,food_last,I'm still fine with the lamb that's been in the fridge since Friday.,"25:39:SL:DISH_OR_FOOD,58:81:SL:DATE",[IN:food_last [SL:DISH_OR_FOOD inyama yegusha] [SL:DATE ukusukela ngoLwesihlanu] ],DISH_OR_FOOD: inyama yegusha $$ DATE: ukusukela ngoLwesihlanu,xho
kitchen_and_dining,food_last,I've been eating rice in the fridge since Tuesday.,"25:32:SL:DISH_OR_FOOD,51:73:SL:DATE",[IN:food_last [SL:DISH_OR_FOOD irayisi] [SL:DATE ukusukela ngoLwesibini] ],DISH_OR_FOOD: irayisi $$ DATE: ukusukela ngoLwesibini,xho
kitchen_and_dining,food_last,Whether the beef has been in the freezer since Sunday is still ready to eat.,"7:21:SL:DISH_OR_FOOD,40:57:SL:DATE",[IN:food_last [SL:DISH_OR_FOOD inyama yenkomo] [SL:DATE ukusekela ngeCawe] ],DISH_OR_FOOD: inyama yenkomo $$ DATE: ukusekela ngeCawe,xho
kitchen_and_dining,food_last,I'm still fine with the stew that's been in the fridge since Thursday.,"25:34:SL:DISH_OR_FOOD,63:73:SL:DATE",[IN:food_last [SL:DISH_OR_FOOD umngqusho] [SL:DATE ngoLwesine] ],DISH_OR_FOOD: umngqusho $$ DATE: ngoLwesine,xho
kitchen_and_dining,food_last,How long does it take to run out of milk?,39:44:SL:DISH_OR_FOOD,[IN:food_last [SL:DISH_OR_FOOD amasi] ],DISH_OR_FOOD: amasi,xho
kitchen_and_dining,food_last,How long does it take to run out of butter?,39:47:SL:DISH_OR_FOOD,[IN:food_last [SL:DISH_OR_FOOD Ibhotolo] ],DISH_OR_FOOD: Ibhotolo,xho
kitchen_and_dining,food_last,How long does it take to get the bread out?,40:46:SL:DISH_OR_FOOD,[IN:food_last [SL:DISH_OR_FOOD isonka] ],DISH_OR_FOOD: isonka,xho
kitchen_and_dining,food_last,What is the expiry date of the milk.,28:37:SL:DISH_OR_FOOD,[IN:food_last [SL:DISH_OR_FOOD kwalamasi] ],DISH_OR_FOOD: kwalamasi,xho
kitchen_and_dining,food_last,Would it be okay if I ate the milk I've been keeping in the fridge since Monday.,"30:35:SL:DISH_OR_FOOD,59:77:SL:DATE",[IN:food_last [SL:DISH_OR_FOOD amasi] [SL:DATE ukususela ngoMvulo] ],DISH_OR_FOOD: amasi $$ DATE: ukususela ngoMvulo,xho
kitchen_and_dining,food_last,How long does it take for chicken to spoil in the freezer?,0:15:SL:DISH_OR_FOOD,[IN:food_last [SL:DISH_OR_FOOD Inyama yenkukhu] ],DISH_OR_FOOD: Inyama yenkukhu,xho
kitchen_and_dining,food_last,Would it be okay if I drank the milk I had stored in the refrigerator since last month.,"31:36:SL:DISH_OR_FOOD,60:90:SL:DATE",[IN:food_last [SL:DISH_OR_FOOD ubisi] [SL:DATE ukususela kwinyanga ephelileyo] ],DISH_OR_FOOD: ubisi $$ DATE: ukususela kwinyanga ephelileyo,xho
kitchen_and_dining,food_last,How long do I have to eat a cooked lamb in the fridge?,39:53:SL:DISH_OR_FOOD,[IN:food_last [SL:DISH_OR_FOOD inyama yegusha] ],DISH_OR_FOOD: inyama yegusha,xho
kitchen_and_dining,food_last,How long does lamb meat spoil when it is refrigerated?,22:36:SL:DISH_OR_FOOD,[IN:food_last [SL:DISH_OR_FOOD inyama yegusha] ],DISH_OR_FOOD: inyama yegusha,xho
kitchen_and_dining,food_last,Would it be okay if I ate the milk I've been keeping in the fridge since Sunday.,"30:35:SL:DISH_OR_FOOD,59:76:SL:DATE",[IN:food_last [SL:DISH_OR_FOOD amasi] [SL:DATE ukususela ngeCawe] ],DISH_OR_FOOD: amasi $$ DATE: ukususela ngeCawe,xho
kitchen_and_dining,food_last,How long does it take for pork to go bad after it's been frozen?,28:41:SL:DISH_OR_FOOD,[IN:food_last [SL:DISH_OR_FOOD inyama yehagu] ],DISH_OR_FOOD: inyama yehagu,xho
kitchen_and_dining,food_last,How long does it take for lamb to go bad when it's in the fridge?,28:42:SL:DISH_OR_FOOD,[IN:food_last [SL:DISH_OR_FOOD inyama yegusha] ],DISH_OR_FOOD: inyama yegusha,xho
kitchen_and_dining,food_last,How long can I keep milk in the refrigerator?,34:39:SL:DISH_OR_FOOD,[IN:food_last [SL:DISH_OR_FOOD amasi] ],DISH_OR_FOOD: amasi,xho
kitchen_and_dining,food_last,Would it be okay if I ate the cooked pork that's been sitting in the fridge since Sunday.,"30:54:SL:DISH_OR_FOOD,73:90:SL:DATE",[IN:food_last [SL:DISH_OR_FOOD inyama yehagu ephekiweyo] [SL:DATE ukusukela ngeCawe] ],DISH_OR_FOOD: inyama yehagu ephekiweyo $$ DATE: ukusukela ngeCawe,xho
kitchen_and_dining,food_last,How long can I keep pork in the fridge before it spoils?,33:46:SL:DISH_OR_FOOD,[IN:food_last [SL:DISH_OR_FOOD inyama yehagu] ],DISH_OR_FOOD: inyama yehagu,xho
kitchen_and_dining,food_last,I have a limited amount of time to keep milk in the refrigerator before it spoils.,22:27:SL:DISH_OR_FOOD,[IN:food_last [SL:DISH_OR_FOOD amasi] ],DISH_OR_FOOD: amasi,xho
kitchen_and_dining,food_last,How long does milk stay in the refrigerator before it spoils?,0:5:SL:DISH_OR_FOOD,[IN:food_last [SL:DISH_OR_FOOD Ibisi] ],DISH_OR_FOOD: Ibisi,xho
kitchen_and_dining,food_last,Is it okay if I drink the milk I've been keeping in the fridge since Sunday?,"31:36:SL:DISH_OR_FOOD,60:77:SL:DATE",[IN:food_last [SL:DISH_OR_FOOD ubisi] [SL:DATE ukususela ngeCawe] ],DISH_OR_FOOD: ubisi $$ DATE: ukususela ngeCawe,xho
kitchen_and_dining,food_last,Would it be okay if I ate the chicken that's been sitting in the fridge since Sunday.,"30:45:SL:DISH_OR_FOOD,64:81:SL:DATE",[IN:food_last [SL:DISH_OR_FOOD inyama yenkukhu] [SL:DATE ukusukela ngeCawe] ],DISH_OR_FOOD: inyama yenkukhu $$ DATE: ukusukela ngeCawe,xho
kitchen_and_dining,food_last,How long does it take for a banana to decompose?,29:37:SL:DISH_OR_FOOD,[IN:food_last [SL:DISH_OR_FOOD ibhanana] ],DISH_OR_FOOD: ibhanana,xho
kitchen_and_dining,food_last,How long do strawberries take to decompose in the refrigerator?,0:9:SL:DISH_OR_FOOD,[IN:food_last [SL:DISH_OR_FOOD Amaqunube] ],DISH_OR_FOOD: Amaqunube,xho
kitchen_and_dining,food_last,How long does goat meat last in the freezer before it spoils?,0:16:SL:DISH_OR_FOOD,[IN:food_last [SL:DISH_OR_FOOD Inyama yebhokhwe] ],DISH_OR_FOOD: Inyama yebhokhwe,xho
kitchen_and_dining,food_last,"When the goat's meat is gone,",15:30:SL:DISH_OR_FOOD,[IN:food_last [SL:DISH_OR_FOOD inyama yebhokwe] ],DISH_OR_FOOD: inyama yebhokwe,xho
kitchen_and_dining,food_last,How long does it take for a peach to decompose?,0:7:SL:DISH_OR_FOOD,[IN:food_last [SL:DISH_OR_FOOD Ipesika] ],DISH_OR_FOOD: Ipesika,xho
kitchen_and_dining,food_last,How long does it take for a cabbage to spoil?,0:11:SL:DISH_OR_FOOD,[IN:food_last [SL:DISH_OR_FOOD Ikhaphetshu] ],DISH_OR_FOOD: Ikhaphetshu,xho
kitchen_and_dining,food_last,How long do I keep the cabbage in the refrigerator before it spoils?,31:42:SL:DISH_OR_FOOD,[IN:food_last [SL:DISH_OR_FOOD ikhaphetshu] ],DISH_OR_FOOD: ikhaphetshu,xho
kitchen_and_dining,food_last,How long does it take a cooked dough to spoil in the refrigerator?,0:9:SL:DISH_OR_FOOD,[IN:food_last [SL:DISH_OR_FOOD Umngqusho] ],DISH_OR_FOOD: Umngqusho,xho
kitchen_and_dining,food_last,How long does it take for a mango to ripen?,0:6:SL:DISH_OR_FOOD,[IN:food_last [SL:DISH_OR_FOOD Imango] ],DISH_OR_FOOD: Imango,xho
kitchen_and_dining,food_last,How long does mashed potatoes take to stay in the fridge before they spoil?,0:8:SL:DISH_OR_FOOD,[IN:food_last [SL:DISH_OR_FOOD Iitapile] ],DISH_OR_FOOD: Iitapile,xho
kitchen_and_dining,food_last,How long does it take for a frozen porridge to spoil?,0:6:SL:DISH_OR_FOOD,[IN:food_last [SL:DISH_OR_FOOD Umvubo] ],DISH_OR_FOOD: Umvubo,xho
kitchen_and_dining,food_last,How long does it take for cooked rice to spoil?,0:18:SL:DISH_OR_FOOD,[IN:food_last [SL:DISH_OR_FOOD Irayisi ephekiweyo] ],DISH_OR_FOOD: Irayisi ephekiweyo,xho
kitchen_and_dining,food_last,Is the damaged rice ready to eat?,7:14:SL:DISH_OR_FOOD,[IN:food_last [SL:DISH_OR_FOOD irayisi] ],DISH_OR_FOOD: irayisi,xho
kitchen_and_dining,food_last,How long does it take to spoil cooked rice in the refrigerator?,41:48:SL:DISH_OR_FOOD,[IN:food_last [SL:DISH_OR_FOOD irayisi] ],DISH_OR_FOOD: irayisi,xho
kitchen_and_dining,food_last,How long can a dough be kept in the refrigerator?,30:39:SL:DISH_OR_FOOD,[IN:food_last [SL:DISH_OR_FOOD umngqusho] ],DISH_OR_FOOD: umngqusho,xho
kitchen_and_dining,food_last,How long can a frozen egg keep its shape?,30:39:SL:DISH_OR_FOOD,[IN:food_last [SL:DISH_OR_FOOD umphokoqo] ],DISH_OR_FOOD: umphokoqo,xho
kitchen_and_dining,food_last,How long can a yellow flower survive in the freezer?,30:37:SL:DISH_OR_FOOD,[IN:food_last [SL:DISH_OR_FOOD umthubi] ],DISH_OR_FOOD: umthubi,xho
kitchen_and_dining,food_last,How long can cooked pork be kept in the freezer?,30:54:SL:DISH_OR_FOOD,[IN:food_last [SL:DISH_OR_FOOD inyama yehagu ephekiweyo] ],DISH_OR_FOOD: inyama yehagu ephekiweyo,xho
kitchen_and_dining,food_last,How long can beef cooked in the freezer.,30:44:SL:DISH_OR_FOOD,[IN:food_last [SL:DISH_OR_FOOD inyama yenkomo] ],DISH_OR_FOOD: inyama yenkomo,xho
kitchen_and_dining,food_last,How long can cooked lamb be kept in the freezer?,30:44:SL:DISH_OR_FOOD,[IN:food_last [SL:DISH_OR_FOOD inyama yegusha] ],DISH_OR_FOOD: inyama yegusha,xho
kitchen_and_dining,food_last,How long can cooked chicken be kept in the freezer?,30:45:SL:DISH_OR_FOOD,[IN:food_last [SL:DISH_OR_FOOD inyama yenkukhu] ],DISH_OR_FOOD: inyama yenkukhu,xho
kitchen_and_dining,food_last,How long can cooked goat meat be kept in the freezer?,30:57:SL:DISH_OR_FOOD,[IN:food_last [SL:DISH_OR_FOOD inyama yebhokhwe ephekiweyo] ],DISH_OR_FOOD: inyama yebhokhwe ephekiweyo,xho
kitchen_and_dining,food_last,How long can cooked rice be kept in the refrigerator?,30:48:SL:DISH_OR_FOOD,[IN:food_last [SL:DISH_OR_FOOD irayisi ephekiweyo] ],DISH_OR_FOOD: irayisi ephekiweyo,xho
kitchen_and_dining,food_last,How long can a peanut butter and jelly be kept in the freezer?,30:43:SL:DISH_OR_FOOD,[IN:food_last [SL:DISH_OR_FOOD umqa womilimi] ],DISH_OR_FOOD: umqa womilimi,xho
kitchen_and_dining,food_last,How long can a loaf of bread keep in the freezer?,31:45:SL:DISH_OR_FOOD,[IN:food_last [SL:DISH_OR_FOOD isonka samanzi] ],DISH_OR_FOOD: isonka samanzi,xho
kitchen_and_dining,food_last,How long can baked bread keep in the freezer?,31:46:SL:DISH_OR_FOOD,[IN:food_last [SL:DISH_OR_FOOD isonka sombhako] ],DISH_OR_FOOD: isonka sombhako,xho
kitchen_and_dining,food_last,How long can a bread pan keep in the freezer?,31:45:SL:DISH_OR_FOOD,[IN:food_last [SL:DISH_OR_FOOD isonka sembiza] ],DISH_OR_FOOD: isonka sembiza,xho
kitchen_and_dining,food_last,Is the rice ready after three days in the refrigerator?,"7:14:SL:DISH_OR_FOOD,24:49:SL:DATE",[IN:food_last [SL:DISH_OR_FOOD irayisi] [SL:DATE emva kweentsuku ezintathu] ],DISH_OR_FOOD: irayisi $$ DATE: emva kweentsuku ezintathu,xho
kitchen_and_dining,food_last,Is the olive ready after three days in the refrigerator?,"7:15:SL:DISH_OR_FOOD,25:50:SL:DATE",[IN:food_last [SL:DISH_OR_FOOD umnqusho] [SL:DATE emva kweentsuku ezintathu] ],DISH_OR_FOOD: umnqusho $$ DATE: emva kweentsuku ezintathu,xho
kitchen_and_dining,food_last,Is pork ready after three days in the fridge?,"7:20:SL:DISH_OR_FOOD,30:55:SL:DATE",[IN:food_last [SL:DISH_OR_FOOD inyama yehagu] [SL:DATE emva kweentsuku ezintathu] ],DISH_OR_FOOD: inyama yehagu $$ DATE: emva kweentsuku ezintathu,xho
kitchen_and_dining,food_last,Whether beef is ready after three days in the freezer.,"7:21:SL:DISH_OR_FOOD,31:56:SL:DATE",[IN:food_last [SL:DISH_OR_FOOD inyama yenkomo] [SL:DATE emva kweentsuku ezintathu] ],DISH_OR_FOOD: inyama yenkomo $$ DATE: emva kweentsuku ezintathu,xho
kitchen_and_dining,food_last,Is lamb ready after three days in the freezer?,"7:21:SL:DISH_OR_FOOD,31:56:SL:DATE",[IN:food_last [SL:DISH_OR_FOOD inyama yegusha] [SL:DATE emva kweentsuku ezintathu] ],DISH_OR_FOOD: inyama yegusha $$ DATE: emva kweentsuku ezintathu,xho
kitchen_and_dining,food_last,Is chicken ready after three days in the freezer?,"7:22:SL:DISH_OR_FOOD,32:57:SL:DATE",[IN:food_last [SL:DISH_OR_FOOD inyama yenkukhu] [SL:DATE emva kweentsuku ezintathu] ],DISH_OR_FOOD: inyama yenkukhu $$ DATE: emva kweentsuku ezintathu,xho
kitchen_and_dining,food_last,Is the water-based bread ready after three days in the refrigerator?,"7:21:SL:DISH_OR_FOOD,34:59:SL:DATE",[IN:food_last [SL:DISH_OR_FOOD isonka samanzi] [SL:DATE emva kweentsuku ezintathu] ],DISH_OR_FOOD: isonka samanzi $$ DATE: emva kweentsuku ezintathu,xho
kitchen_and_dining,food_last,Is the bread still ready after three days in the fridge?,"7:22:SL:DISH_OR_FOOD,35:60:SL:DATE",[IN:food_last [SL:DISH_OR_FOOD isonka sombhako] [SL:DATE emva kweentsuku ezintathu] ],DISH_OR_FOOD: isonka sombhako $$ DATE: emva kweentsuku ezintathu,xho
kitchen_and_dining,ingredients_list,I need a list of ingredients needed to make pig legs.,47:61:SL:DISH_OR_FOOD,[IN:ingredients_list [SL:DISH_OR_FOOD amanqina ehagu] ],DISH_OR_FOOD: amanqina ehagu,xho
kitchen_and_dining,ingredients_list,I need a list of ingredients needed to make sheep's legs.,47:62:SL:DISH_OR_FOOD,[IN:ingredients_list [SL:DISH_OR_FOOD amanqina egusha] ],DISH_OR_FOOD: amanqina egusha,xho
kitchen_and_dining,ingredients_list,I need a list of ingredients needed to make the side of a bull's head.,47:69:SL:DISH_OR_FOOD,[IN:ingredients_list [SL:DISH_OR_FOOD icala lentloko yenkomo] ],DISH_OR_FOOD: icala lentloko yenkomo,xho
kitchen_and_dining,ingredients_list,I need a list of ingredients needed to make the side of a sheep's head.,47:69:SL:DISH_OR_FOOD,[IN:ingredients_list [SL:DISH_OR_FOOD icala lentloko yegusha] ],DISH_OR_FOOD: icala lentloko yegusha,xho
kitchen_and_dining,ingredients_list,I need a list of ingredients needed to make a water bread.,47:61:SL:DISH_OR_FOOD,[IN:ingredients_list [SL:DISH_OR_FOOD isonka samanzi] ],DISH_OR_FOOD: isonka samanzi,xho
kitchen_and_dining,ingredients_list,I need a list of ingredients needed to make a loaf of bread.,47:62:SL:DISH_OR_FOOD,[IN:ingredients_list [SL:DISH_OR_FOOD isonka sombhako] ],DISH_OR_FOOD: isonka sombhako,xho
kitchen_and_dining,ingredients_list,I need a list of ingredients needed to make gum.,47:56:SL:DISH_OR_FOOD,[IN:ingredients_list [SL:DISH_OR_FOOD amagwinya] ],DISH_OR_FOOD: amagwinya,xho
kitchen_and_dining,ingredients_list,I need a list of ingredients needed to make a vegetable.,47:53:SL:DISH_OR_FOOD,[IN:ingredients_list [SL:DISH_OR_FOOD umfino] ],DISH_OR_FOOD: umfino,xho
kitchen_and_dining,ingredients_list,I need a list of ingredients needed to make a cabbage.,47:58:SL:DISH_OR_FOOD,[IN:ingredients_list [SL:DISH_OR_FOOD ikhaphetshu] ],DISH_OR_FOOD: ikhaphetshu,xho
kitchen_and_dining,ingredients_list,I need a list of ingredients needed to make a pot.,47:57:SL:DISH_OR_FOOD,[IN:ingredients_list [SL:DISH_OR_FOOD umqombothi] ],DISH_OR_FOOD: umqombothi,xho
kitchen_and_dining,ingredients_list,I need a list of ingredients needed to make a reed.,47:53:SL:DISH_OR_FOOD,[IN:ingredients_list [SL:DISH_OR_FOOD irhewu] ],DISH_OR_FOOD: irhewu,xho
kitchen_and_dining,ingredients_list,I need a list of ingredients needed to make a yellow.,47:54:SL:DISH_OR_FOOD,[IN:ingredients_list [SL:DISH_OR_FOOD umthubi] ],DISH_OR_FOOD: umthubi,xho
kitchen_and_dining,ingredients_list,I need a list of ingredients needed to make a mill.,47:56:SL:DISH_OR_FOOD,[IN:ingredients_list [SL:DISH_OR_FOOD umngqusho] ],DISH_OR_FOOD: umngqusho,xho
kitchen_and_dining,ingredients_list,I need a list of ingredients needed to make the skin.,47:52:SL:DISH_OR_FOOD,[IN:ingredients_list [SL:DISH_OR_FOOD ulusu] ],DISH_OR_FOOD: ulusu,xho
kitchen_and_dining,ingredients_list,I need a list of ingredients needed to make a pot.,47:56:SL:DISH_OR_FOOD,[IN:ingredients_list [SL:DISH_OR_FOOD umphokoqo] ],DISH_OR_FOOD: umphokoqo,xho
kitchen_and_dining,ingredients_list,I need a list of ingredients needed to make a green salad.,47:64:SL:DISH_OR_FOOD,[IN:ingredients_list [SL:DISH_OR_FOOD isaladi yokuhlaza] ],DISH_OR_FOOD: isaladi yokuhlaza,xho
kitchen_and_dining,ingredients_list,What ingredients are put into the crusher?,26:38:SL:DISH_OR_FOOD,[IN:ingredients_list [SL:DISH_OR_FOOD emngqushweni] ],DISH_OR_FOOD: emngqushweni,xho
kitchen_and_dining,ingredients_list,What ingredients are put into the loaf of bread?,26:51:SL:DISH_OR_FOOD,[IN:ingredients_list [SL:DISH_OR_FOOD entlameni yesonka samanzi] ],DISH_OR_FOOD: entlameni yesonka samanzi,xho
kitchen_and_dining,ingredients_list,What ingredients are put in the jar?,26:38:SL:DISH_OR_FOOD,[IN:ingredients_list [SL:DISH_OR_FOOD emphokoqweni] ],DISH_OR_FOOD: emphokoqweni,xho
kitchen_and_dining,ingredients_list,What ingredients are put into chicken legs?,26:43:SL:DISH_OR_FOOD,[IN:ingredients_list [SL:DISH_OR_FOOD kumanqina enkukhu] ],DISH_OR_FOOD: kumanqina enkukhu,xho
kitchen_and_dining,ingredients_list,What ingredients are used in pasta?,26:35:SL:DISH_OR_FOOD,[IN:ingredients_list [SL:DISH_OR_FOOD kwiphasta] ],DISH_OR_FOOD: kwiphasta,xho
kitchen_and_dining,ingredients_list,What ingredients are added to the fried squid?,26:47:SL:DISH_OR_FOOD,[IN:ingredients_list [SL:DISH_OR_FOOD kwintlamzi efrayiweyo] ],DISH_OR_FOOD: kwintlamzi efrayiweyo,xho
kitchen_and_dining,ingredients_list,What ingredients are put into the marijuana stalks.,26:42:SL:DISH_OR_FOOD,[IN:ingredients_list [SL:DISH_OR_FOOD kumanqina ehangu] ],DISH_OR_FOOD: kumanqina ehangu,xho
kitchen_and_dining,ingredients_list,What ingredients are added to lamb meat?,26:42:SL:DISH_OR_FOOD,[IN:ingredients_list [SL:DISH_OR_FOOD kwinyama yegusha] ],DISH_OR_FOOD: kwinyama yegusha,xho
kitchen_and_dining,ingredients_list,What ingredients are put into beef.,26:42:SL:DISH_OR_FOOD,[IN:ingredients_list [SL:DISH_OR_FOOD kwinyama yenkomo] ],DISH_OR_FOOD: kwinyama yenkomo,xho
kitchen_and_dining,ingredients_list,What ingredients are put in the cabbage?,26:39:SL:DISH_OR_FOOD,[IN:ingredients_list [SL:DISH_OR_FOOD kwikhaphetshu] ],DISH_OR_FOOD: kwikhaphetshu,xho
kitchen_and_dining,ingredients_list,What ingredients are put into the pumpkin?,26:35:SL:DISH_OR_FOOD,[IN:ingredients_list [SL:DISH_OR_FOOD kwithanga] ],DISH_OR_FOOD: kwithanga,xho
kitchen_and_dining,ingredients_list,What ingredients are put into the dish?,26:37:SL:DISH_OR_FOOD,[IN:ingredients_list [SL:DISH_OR_FOOD kumqombothi] ],DISH_OR_FOOD: kumqombothi,xho
kitchen_and_dining,ingredients_list,What ingredients are added to the beetroot.,26:38:SL:DISH_OR_FOOD,[IN:ingredients_list [SL:DISH_OR_FOOD kwibhitruthi] ],DISH_OR_FOOD: kwibhitruthi,xho
kitchen_and_dining,ingredients_list,I want to cook a stew of what ingredients I need.,17:27:SL:DISH_OR_FOOD,[IN:ingredients_list [SL:DISH_OR_FOOD umqombothi] ],DISH_OR_FOOD: umqombothi,xho
kitchen_and_dining,ingredients_list,I want to cook a meal with what ingredients I need.,17:26:SL:DISH_OR_FOOD,[IN:ingredients_list [SL:DISH_OR_FOOD umngqusho] ],DISH_OR_FOOD: umngqusho,xho
kitchen_and_dining,ingredients_list,I want to cook a meal that I know what ingredients I need.,17:26:SL:DISH_OR_FOOD,[IN:ingredients_list [SL:DISH_OR_FOOD umphokoqo] ],DISH_OR_FOOD: umphokoqo,xho
kitchen_and_dining,ingredients_list,I want to cook the stew with what ingredients I need.,17:25:SL:DISH_OR_FOOD,[IN:ingredients_list [SL:DISH_OR_FOOD amarhewu] ],DISH_OR_FOOD: amarhewu,xho
kitchen_and_dining,ingredients_list,I want to cook pig legs what ingredients I need.,17:31:SL:DISH_OR_FOOD,[IN:ingredients_list [SL:DISH_OR_FOOD amanqina ehagu] ],DISH_OR_FOOD: amanqina ehagu,xho
kitchen_and_dining,ingredients_list,I want to cook chicken legs what ingredients I need.,17:33:SL:DISH_OR_FOOD,[IN:ingredients_list [SL:DISH_OR_FOOD amanqina enkukhu] ],DISH_OR_FOOD: amanqina enkukhu,xho
kitchen_and_dining,ingredients_list,I want to cook a beef head what ingredients do I need.,17:40:SL:DISH_OR_FOOD,[IN:ingredients_list [SL:DISH_OR_FOOD inyama yentloko yenkomo] ],DISH_OR_FOOD: inyama yentloko yenkomo,xho
kitchen_and_dining,ingredients_list,I want to cook lamb what ingredients I need.,17:31:SL:DISH_OR_FOOD,[IN:ingredients_list [SL:DISH_OR_FOOD inyama yegusha] ],DISH_OR_FOOD: inyama yegusha,xho
kitchen_and_dining,ingredients_list,I want to cook a meal that I know what ingredients I need.,17:24:SL:DISH_OR_FOOD,[IN:ingredients_list [SL:DISH_OR_FOOD umthubi] ],DISH_OR_FOOD: umthubi,xho
kitchen_and_dining,ingredients_list,I want to cook a list of exactly what ingredients I need.,17:32:SL:DISH_OR_FOOD,[IN:ingredients_list [SL:DISH_OR_FOOD umqa womilimili] ],DISH_OR_FOOD: umqa womilimili,xho
kitchen_and_dining,ingredients_list,I want to make a water bread of what ingredients I need.,17:31:SL:DISH_OR_FOOD,[IN:ingredients_list [SL:DISH_OR_FOOD isonka samanzi] ],DISH_OR_FOOD: isonka samanzi,xho
kitchen_and_dining,ingredients_list,I want to know what ingredients I need.,17:26:SL:DISH_OR_FOOD,[IN:ingredients_list [SL:DISH_OR_FOOD amagwinya] ],DISH_OR_FOOD: amagwinya,xho
kitchen_and_dining,ingredients_list,I want to bake a loaf of bread what ingredients do I need.,17:32:SL:DISH_OR_FOOD,[IN:ingredients_list [SL:DISH_OR_FOOD isonka sombhako] ],DISH_OR_FOOD: isonka sombhako,xho
kitchen_and_dining,ingredients_list,I want to cook a papaya stew what ingredients I need.,17:31:SL:DISH_OR_FOOD,[IN:ingredients_list [SL:DISH_OR_FOOD isidudu sepapa] ],DISH_OR_FOOD: isidudu sepapa,xho
kitchen_and_dining,ingredients_list,I want to cook a cabbage with what ingredients I need.,17:28:SL:DISH_OR_FOOD,[IN:ingredients_list [SL:DISH_OR_FOOD ikhaphetshu] ],DISH_OR_FOOD: ikhaphetshu,xho
kitchen_and_dining,ingredients_list,Please list the ingredients I need to cook the meat inside.,53:73:SL:DISH_OR_FOOD,[IN:ingredients_list [SL:DISH_OR_FOOD inyama yangaphakathi] ],DISH_OR_FOOD: inyama yangaphakathi,xho
kitchen_and_dining,ingredients_list,Please list the ingredients I need to prepare the lamb.,53:67:SL:DISH_OR_FOOD,[IN:ingredients_list [SL:DISH_OR_FOOD inyama yegusha] ],DISH_OR_FOOD: inyama yegusha,xho
kitchen_and_dining,ingredients_list,Please list the ingredients I need to prepare the beef.,53:67:SL:DISH_OR_FOOD,[IN:ingredients_list [SL:DISH_OR_FOOD inyama yenkomo] ],DISH_OR_FOOD: inyama yenkomo,xho
kitchen_and_dining,ingredients_list,Please list the ingredients I need to prepare the pork.,53:66:SL:DISH_OR_FOOD,[IN:ingredients_list [SL:DISH_OR_FOOD inyama yehagu] ],DISH_OR_FOOD: inyama yehagu,xho
kitchen_and_dining,ingredients_list,Please list the ingredients I need to prepare chicken.,53:68:SL:DISH_OR_FOOD,[IN:ingredients_list [SL:DISH_OR_FOOD inyama yenkukhu] ],DISH_OR_FOOD: inyama yenkukhu,xho
kitchen_and_dining,ingredients_list,Please list the ingredients I need to prepare the goat meat.,53:69:SL:DISH_OR_FOOD,[IN:ingredients_list [SL:DISH_OR_FOOD inyama yebhokhwe] ],DISH_OR_FOOD: inyama yebhokhwe,xho
kitchen_and_dining,ingredients_list,Please list the ingredients I need to cook the fish.,53:61:SL:DISH_OR_FOOD,[IN:ingredients_list [SL:DISH_OR_FOOD intlanzi] ],DISH_OR_FOOD: intlanzi,xho
kitchen_and_dining,ingredients_list,Please list the ingredients I need to make my baked bread.,53:68:SL:DISH_OR_FOOD,[IN:ingredients_list [SL:DISH_OR_FOOD isonka sombhako] ],DISH_OR_FOOD: isonka sombhako,xho
kitchen_and_dining,ingredients_list,Please list the ingredients I need to make my water bread.,53:67:SL:DISH_OR_FOOD,[IN:ingredients_list [SL:DISH_OR_FOOD isonka samanzi] ],DISH_OR_FOOD: isonka samanzi,xho
kitchen_and_dining,ingredients_list,Please list the ingredients I need to make the dumplings.,53:62:SL:DISH_OR_FOOD,[IN:ingredients_list [SL:DISH_OR_FOOD amagwinya] ],DISH_OR_FOOD: amagwinya,xho
kitchen_and_dining,ingredients_list,Please list the ingredients I need to make the chicken.,53:60:SL:DISH_OR_FOOD,[IN:ingredients_list [SL:DISH_OR_FOOD umthubi] ],DISH_OR_FOOD: umthubi,xho
kitchen_and_dining,ingredients_list,Please list the ingredients I need to assemble the bottle.,56:66:SL:DISH_OR_FOOD,[IN:ingredients_list [SL:DISH_OR_FOOD umqombothi] ],DISH_OR_FOOD: umqombothi,xho
kitchen_and_dining,ingredients_list,Please list the ingredients I need to cook the cabbage.,53:64:SL:DISH_OR_FOOD,[IN:ingredients_list [SL:DISH_OR_FOOD ikhaphetshu] ],DISH_OR_FOOD: ikhaphetshu,xho
kitchen_and_dining,ingredients_list,Please list the ingredients I need to make the beetroot.,53:63:SL:DISH_OR_FOOD,[IN:ingredients_list [SL:DISH_OR_FOOD ibhitruthi] ],DISH_OR_FOOD: ibhitruthi,xho
kitchen_and_dining,ingredients_list,Please list the ingredients I need to make the farmer's papaya.,53:69:SL:DISH_OR_FOOD,[IN:ingredients_list [SL:DISH_OR_FOOD ipapa kamilimili] ],DISH_OR_FOOD: ipapa kamilimili,xho
kitchen_and_dining,ingredients_list,Please check the ingredients needed for the grinding.,52:61:SL:DISH_OR_FOOD,[IN:ingredients_list [SL:DISH_OR_FOOD umngqusho] ],DISH_OR_FOOD: umngqusho,xho
kitchen_and_dining,ingredients_list,Please check the ingredients needed to cook rice.,52:59:SL:DISH_OR_FOOD,[IN:ingredients_list [SL:DISH_OR_FOOD irayisi] ],DISH_OR_FOOD: irayisi,xho
kitchen_and_dining,ingredients_list,Please check the ingredients needed to prepare the rice.,52:67:SL:DISH_OR_FOOD,[IN:ingredients_list [SL:DISH_OR_FOOD umqa womilimili] ],DISH_OR_FOOD: umqa womilimili,xho
kitchen_and_dining,ingredients_list,Please check the ingredients needed for pork.,52:65:SL:DISH_OR_FOOD,[IN:ingredients_list [SL:DISH_OR_FOOD inyama yehagu] ],DISH_OR_FOOD: inyama yehagu,xho
kitchen_and_dining,ingredients_list,Please check the ingredients needed for cooking the skin.,52:57:SL:DISH_OR_FOOD,[IN:ingredients_list [SL:DISH_OR_FOOD ulusu] ],DISH_OR_FOOD: ulusu,xho
kitchen_and_dining,ingredients_list,Please check the ingredients needed for cooking beef.,52:66:SL:DISH_OR_FOOD,[IN:ingredients_list [SL:DISH_OR_FOOD inyama yenkomo] ],DISH_OR_FOOD: inyama yenkomo,xho
kitchen_and_dining,ingredients_list,Please check the ingredients needed for lamb.,52:66:SL:DISH_OR_FOOD,[IN:ingredients_list [SL:DISH_OR_FOOD inyama yegusha] ],DISH_OR_FOOD: inyama yegusha,xho
kitchen_and_dining,ingredients_list,Please check the ingredients needed to prepare the yellow pepper.,52:59:SL:DISH_OR_FOOD,[IN:ingredients_list [SL:DISH_OR_FOOD umthubi] ],DISH_OR_FOOD: umthubi,xho
kitchen_and_dining,ingredients_list,Please check the ingredients needed to cook the cabbage.,52:63:SL:DISH_OR_FOOD,[IN:ingredients_list [SL:DISH_OR_FOOD ikhaphetshu] ],DISH_OR_FOOD: ikhaphetshu,xho
kitchen_and_dining,ingredients_list,Please check the ingredients needed to prepare the potatoes.,52:60:SL:DISH_OR_FOOD,[IN:ingredients_list [SL:DISH_OR_FOOD iitapile] ],DISH_OR_FOOD: iitapile,xho
kitchen_and_dining,ingredients_list,Please check the ingredients needed to cook the pumpkin.,52:59:SL:DISH_OR_FOOD,[IN:ingredients_list [SL:DISH_OR_FOOD ithanga] ],DISH_OR_FOOD: ithanga,xho
kitchen_and_dining,ingredients_list,Please check the ingredients needed to cook vegetables.,52:58:SL:DISH_OR_FOOD,[IN:ingredients_list [SL:DISH_OR_FOOD umfino] ],DISH_OR_FOOD: umfino,xho
kitchen_and_dining,ingredients_list,Please check the ingredients needed to cook chicken legs.,52:68:SL:DISH_OR_FOOD,[IN:ingredients_list [SL:DISH_OR_FOOD amanqina enkukhu] ],DISH_OR_FOOD: amanqina enkukhu,xho
kitchen_and_dining,ingredients_list,Please check the ingredients needed to prepare goat meat.,52:68:SL:DISH_OR_FOOD,[IN:ingredients_list [SL:DISH_OR_FOOD inyama yebhokhwe] ],DISH_OR_FOOD: inyama yebhokhwe,xho
kitchen_and_dining,ingredients_list,Please check the ingredients needed to cook a lamb's head.,52:67:SL:DISH_OR_FOOD,[IN:ingredients_list [SL:DISH_OR_FOOD intloko yegusha] ],DISH_OR_FOOD: intloko yegusha,xho
kitchen_and_dining,ingredients_list,Please check the ingredients needed to prepare a bitrottle.,52:62:SL:DISH_OR_FOOD,[IN:ingredients_list [SL:DISH_OR_FOOD ibhitruthi] ],DISH_OR_FOOD: ibhitruthi,xho
kitchen_and_dining,ingredients_list,I need a list of ingredients needed to make a sheep stew.,47:61:SL:DISH_OR_FOOD,[IN:ingredients_list [SL:DISH_OR_FOOD isityu segusha] ],DISH_OR_FOOD: isityu segusha,xho
kitchen_and_dining,ingredients_list,I need a list of ingredients needed to make a beef stew.,47:61:SL:DISH_OR_FOOD,[IN:ingredients_list [SL:DISH_OR_FOOD isityu senkomo] ],DISH_OR_FOOD: isityu senkomo,xho
kitchen_and_dining,ingredients_list,I need a list of ingredients needed to make pork stew.,47:60:SL:DISH_OR_FOOD,[IN:ingredients_list [SL:DISH_OR_FOOD isityu sehagu] ],DISH_OR_FOOD: isityu sehagu,xho
kitchen_and_dining,ingredients_list,I need a list of ingredients needed to make chicken soup.,47:63:SL:DISH_OR_FOOD,[IN:ingredients_list [SL:DISH_OR_FOOD isityu seenkukhu] ],DISH_OR_FOOD: isityu seenkukhu,xho
kitchen_and_dining,ingredients_list,I need a list of ingredients needed to make chicken legs.,47:63:SL:DISH_OR_FOOD,[IN:ingredients_list [SL:DISH_OR_FOOD amanqina enkukhu] ],DISH_OR_FOOD: amanqina enkukhu,xho
kitchen_and_dining,meal_suggestion,Please advise me of a good place to eat at the Rooftop Lounge.,46:61:SL:RESTAURANT_NAME,[IN:meal_suggestion [SL:RESTAURANT_NAME eRooftop Lounge] ],RESTAURANT_NAME: eRooftop Lounge,xho
kitchen_and_dining,meal_suggestion,What is the best potato salad?,8:25:SL:DISH_OR_FOOD,[IN:meal_suggestion [SL:DISH_OR_FOOD isaladi yeetapile] ],DISH_OR_FOOD: isaladi yeetapile,xho
kitchen_and_dining,meal_suggestion,Please give me a choice between Chinese and Indian food.,"36:46:SL:COUNTRY,47:59:SL:COUNTRY",[IN:meal_suggestion [SL:COUNTRY kwaseChina] [SL:COUNTRY nokwaseIndia] ],COUNTRY: kwaseChina $$ COUNTRY: nokwaseIndia,xho
kitchen_and_dining,meal_suggestion,Which food do you prefer between Chinese and Indian?,"36:48:SL:COUNTRY,49:58:SL:COUNTRY",[IN:meal_suggestion [SL:COUNTRY kokwaseChina] [SL:COUNTRY naseIndia] ],COUNTRY: kokwaseChina $$ COUNTRY: naseIndia,xho
kitchen_and_dining,meal_suggestion,Which would you choose between the meat of Nando's and that of Pedros?,"33:41:SL:DISH_OR_FOOD,42:53:SL:RESTAURANT_NAME,54:66:SL:RESTAURANT_NAME",[IN:meal_suggestion [SL:DISH_OR_FOOD kwenyama] [SL:RESTAURANT_NAME yakwaNandos] [SL:RESTAURANT_NAME neyasePedros] ],DISH_OR_FOOD: kwenyama $$ RESTAURANT_NAME: yakwaNandos $$ RESTAURANT_NAME: neyasePedros,xho
kitchen_and_dining,meal_suggestion,Please choose between the meat of Nandos and that of Pedros.,"39:49:SL:RESTAURANT_NAME,50:62:SL:RESTAURANT_NAME",[IN:meal_suggestion [SL:RESTAURANT_NAME yaseNandos] [SL:RESTAURANT_NAME neyasePedros] ],RESTAURANT_NAME: yaseNandos $$ RESTAURANT_NAME: neyasePedros,xho
kitchen_and_dining,meal_suggestion,Where can I buy some delicious beef legs?,19:34:SL:DISH_OR_FOOD,[IN:meal_suggestion [SL:DISH_OR_FOOD amanqina enkomo] ],DISH_OR_FOOD: amanqina enkomo,xho
kitchen_and_dining,meal_suggestion,Where can I buy a sweet Schwarma?,19:28:SL:DISH_OR_FOOD,[IN:meal_suggestion [SL:DISH_OR_FOOD iSchwarma] ],DISH_OR_FOOD: iSchwarma,xho
kitchen_and_dining,meal_suggestion,Please teach me how to make a delicious schwarma.,29:38:SL:DISH_OR_FOOD,[IN:meal_suggestion [SL:DISH_OR_FOOD ischwarma] ],DISH_OR_FOOD: ischwarma,xho
kitchen_and_dining,meal_suggestion,I would like to know what Turkish food I can eat.,28:39:SL:COUNTRY,[IN:meal_suggestion [SL:COUNTRY kwaseTurkey] ],COUNTRY: kwaseTurkey,xho
kitchen_and_dining,meal_suggestion,"I'm dying to try Mexican food, what would you recommend I buy?",25:36:SL:COUNTRY,[IN:meal_suggestion [SL:COUNTRY kwaseMexico] ],COUNTRY: kwaseMexico,xho
kitchen_and_dining,meal_suggestion,Please advise me of some delicious Mexican food I can buy.,36:46:SL:COUNTRY,[IN:meal_suggestion [SL:COUNTRY waseMexico] ],COUNTRY: waseMexico,xho
kitchen_and_dining,meal_suggestion,"I'm craving Turkish food, what do you recommend I eat?",18:29:SL:COUNTRY,[IN:meal_suggestion [SL:COUNTRY kwaseTurkey] ],COUNTRY: kwaseTurkey,xho
kitchen_and_dining,meal_suggestion,Show me where the grist is cooked.,44:53:SL:DISH_OR_FOOD,[IN:meal_suggestion [SL:DISH_OR_FOOD umngqusho] ],DISH_OR_FOOD: umngqusho,xho
kitchen_and_dining,meal_suggestion,Could you show me where the delicious grist is made?,48:57:SL:DISH_OR_FOOD,[IN:meal_suggestion [SL:DISH_OR_FOOD umngqusho] ],DISH_OR_FOOD: umngqusho,xho
kitchen_and_dining,meal_suggestion,Please advise me what I can cook for the guests.,,[IN:meal_suggestion ],,xho
kitchen_and_dining,meal_suggestion,Please advise me on what I can eat at Wimpy's.,47:55:SL:RESTAURANT_NAME,[IN:meal_suggestion [SL:RESTAURANT_NAME kwaWimpy] ],RESTAURANT_NAME: kwaWimpy,xho
kitchen_and_dining,meal_suggestion,What food can I eat in Spur?,28:33:SL:RESTAURANT_NAME,[IN:meal_suggestion [SL:RESTAURANT_NAME eSpur] ],RESTAURANT_NAME: eSpur,xho
kitchen_and_dining,meal_suggestion,What do I have to eat in the cold between grist and rice?,"45:55:SL:DISH_OR_FOOD,56:64:SL:DISH_OR_FOOD",[IN:meal_suggestion [SL:DISH_OR_FOOD komngqusho] [SL:DISH_OR_FOOD nerayisi] ],DISH_OR_FOOD: komngqusho $$ DISH_OR_FOOD: nerayisi,xho
kitchen_and_dining,meal_suggestion,Where can I get some delicious meat in Mthatha?,34:42:SL:CITY_OR_PROVINCE,[IN:meal_suggestion [SL:CITY_OR_PROVINCE eMthatha] ],CITY_OR_PROVINCE: eMthatha,xho
kitchen_and_dining,meal_suggestion,What can I eat if I have $50?,24:32:SL:MONEY,[IN:meal_suggestion [SL:MONEY ndineR50] ],MONEY: ndineR50,xho
kitchen_and_dining,meal_suggestion,Please advise me on what new food I should cook.,,[IN:meal_suggestion ],,xho
kitchen_and_dining,meal_suggestion,What should I cook when I start exercising?,,[IN:meal_suggestion ],,xho
kitchen_and_dining,meal_suggestion,Do you know where I can buy good leather?,32:37:SL:DISH_OR_FOOD,[IN:meal_suggestion [SL:DISH_OR_FOOD ulusu] ],DISH_OR_FOOD: ulusu,xho
kitchen_and_dining,meal_suggestion,What would you recommend I eat when I wake up?,,[IN:meal_suggestion ],,xho
kitchen_and_dining,meal_suggestion,Where can I buy the best sushi?,25:30:SL:DISH_OR_FOOD,[IN:meal_suggestion [SL:DISH_OR_FOOD sushi] ],DISH_OR_FOOD: sushi,xho
kitchen_and_dining,meal_suggestion,What should I buy that will not be eaten at the meeting?,,[IN:meal_suggestion ],,xho
kitchen_and_dining,meal_suggestion,"I'm worried about what I'll eat in Spur, I'm choosing.",27:32:SL:RESTAURANT_NAME,[IN:meal_suggestion [SL:RESTAURANT_NAME eSpur] ],RESTAURANT_NAME: eSpur,xho
kitchen_and_dining,meal_suggestion,Can you pick out something for me to eat in Spur?,41:46:SL:RESTAURANT_NAME,[IN:meal_suggestion [SL:RESTAURANT_NAME eSpur] ],RESTAURANT_NAME: eSpur,xho
kitchen_and_dining,meal_suggestion,What should I cook for lunch?,15:32:SL:MEAL_PERIOD,[IN:meal_suggestion [SL:MEAL_PERIOD ngesidlo sasemini] ],MEAL_PERIOD: ngesidlo sasemini,xho
kitchen_and_dining,meal_suggestion,What is the pizza like in Mthatha?,"7:13:SL:DISH_OR_FOOD,14:25:SL:CITY_OR_PROVINCE",[IN:meal_suggestion [SL:DISH_OR_FOOD ipizza] [SL:CITY_OR_PROVINCE yaseMthatha] ],DISH_OR_FOOD: ipizza $$ CITY_OR_PROVINCE: yaseMthatha,xho
kitchen_and_dining,meal_suggestion,What is the difference between skin and the cloth?,"26:32:SL:DISH_OR_FOOD,33:44:SL:DISH_OR_FOOD",[IN:meal_suggestion [SL:DISH_OR_FOOD kolusu] [SL:DISH_OR_FOOD nomnqambulo] ],DISH_OR_FOOD: kolusu $$ DISH_OR_FOOD: nomnqambulo,xho
kitchen_and_dining,meal_suggestion,Should I bake a cake for myself or a cake for the guests?,"13:30:SL:DISH_OR_FOOD,38:46:SL:DISH_OR_FOOD",[IN:meal_suggestion [SL:DISH_OR_FOOD ikeyki yeminqatha] [SL:DISH_OR_FOOD yevanila] ],DISH_OR_FOOD: ikeyki yeminqatha $$ DISH_OR_FOOD: yevanila,xho
kitchen_and_dining,meal_suggestion,Please advise me of a Nigerian food that I have never tasted before.,28:40:SL:COUNTRY,[IN:meal_suggestion [SL:COUNTRY kwaseNigeria] ],COUNTRY: kwaseNigeria,xho
kitchen_and_dining,meal_suggestion,Please advise me on what food I can eat at Mike's Kitchen.,41:56:SL:RESTAURANT_NAME,[IN:meal_suggestion [SL:RESTAURANT_NAME eMike's Kitchen] ],RESTAURANT_NAME: eMike's Kitchen,xho
kitchen_and_dining,meal_suggestion,What is the good news about Nandos?,16:25:SL:RESTAURANT_NAME,[IN:meal_suggestion [SL:RESTAURANT_NAME kwaNandos] ],RESTAURANT_NAME: kwaNandos,xho
kitchen_and_dining,meal_suggestion,Where would you recommend we have our breakfast?,29:50:SL:MEAL_PERIOD,[IN:meal_suggestion [SL:MEAL_PERIOD isidlo sethu sakusasa] ],MEAL_PERIOD: isidlo sethu sakusasa,xho
kitchen_and_dining,meal_suggestion,You can tell me what I can eat at Wimpy's.,51:59:SL:RESTAURANT_NAME,[IN:meal_suggestion [SL:RESTAURANT_NAME kwaWimpy] ],RESTAURANT_NAME: kwaWimpy,xho
kitchen_and_dining,meal_suggestion,Please tell me what delicious food to buy and eat.,,[IN:meal_suggestion ],,xho
kitchen_and_dining,meal_suggestion,Please choose what I eat when it's cold between rice and grits.,"58:67:SL:DISH_OR_FOOD,68:78:SL:DISH_OR_FOOD",[IN:meal_suggestion [SL:DISH_OR_FOOD kwerayisi] [SL:DISH_OR_FOOD nomngqusho] ],DISH_OR_FOOD: kwerayisi $$ DISH_OR_FOOD: nomngqusho,xho
kitchen_and_dining,meal_suggestion,Please show me where I can get some good meat in Mthatha.,60:68:SL:CITY_OR_PROVINCE,[IN:meal_suggestion [SL:CITY_OR_PROVINCE eMthatha] ],CITY_OR_PROVINCE: eMthatha,xho
kitchen_and_dining,meal_suggestion,Please advise me on what I would eat if I had $5.,41:49:SL:MONEY,[IN:meal_suggestion [SL:MONEY ndineR50] ],MONEY: ndineR50,xho
kitchen_and_dining,meal_suggestion,Can you give me some new recipes for food that I can cook?,,[IN:meal_suggestion ],,xho
kitchen_and_dining,meal_suggestion,Please advise me on what foods I should cook when I start exercising.,,[IN:meal_suggestion ],,xho
kitchen_and_dining,meal_suggestion,Please show me where I can buy good leather.,43:48:SL:DISH_OR_FOOD,[IN:meal_suggestion [SL:DISH_OR_FOOD ulusu] ],DISH_OR_FOOD: ulusu,xho
kitchen_and_dining,meal_suggestion,Please advise me on what to eat when I wake up.,,[IN:meal_suggestion ],,xho
kitchen_and_dining,meal_suggestion,Please show me where I can buy delicious sushi.,43:49:SL:DISH_OR_FOOD,[IN:meal_suggestion [SL:DISH_OR_FOOD iSushi] ],DISH_OR_FOOD: iSushi,xho
kitchen_and_dining,meal_suggestion,Please advise me on what I can buy that will not be eaten at the meeting.,,[IN:meal_suggestion ],,xho
kitchen_and_dining,meal_suggestion,Can you pick out something for me to eat in Doregos tomorrow?,"43:51:SL:RESTAURANT_NAME,52:58:SL:DATE",[IN:meal_suggestion [SL:RESTAURANT_NAME eDoregos] [SL:DATE ngomso] ],RESTAURANT_NAME: eDoregos $$ DATE: ngomso,xho
kitchen_and_dining,meal_suggestion,Advise me where I can go when I want a delicious vanilla cake.,45:68:SL:DISH_OR_FOOD,[IN:meal_suggestion [SL:DISH_OR_FOOD ikeyki emnandi yevanila] ],DISH_OR_FOOD: ikeyki emnandi yevanila,xho
kitchen_and_dining,meal_suggestion,Can you advise me where I can go for a delicious vanilla cake?,58:81:SL:DISH_OR_FOOD,[IN:meal_suggestion [SL:DISH_OR_FOOD ikeyki emnandi yevanila] ],DISH_OR_FOOD: ikeyki emnandi yevanila,xho
kitchen_and_dining,meal_suggestion,Tell me about the food that is most popular with visitors to Sanok.,58:65:SL:RESTAURANT_NAME,[IN:meal_suggestion [SL:RESTAURANT_NAME eSanook] ],RESTAURANT_NAME: eSanook,xho
kitchen_and_dining,meal_suggestion,Can you tell me what food is popular in Sanok?,54:61:SL:RESTAURANT_NAME,[IN:meal_suggestion [SL:RESTAURANT_NAME eSanook] ],RESTAURANT_NAME: eSanook,xho
kitchen_and_dining,meal_suggestion,Can you recommend a good chicken place between KFC and Hungry Lion?,"45:52:SL:DISH_OR_FOOD,62:67:SL:RESTAURANT_NAME,68:81:SL:RESTAURANT_NAME",[IN:meal_suggestion [SL:DISH_OR_FOOD inkukhu] [SL:RESTAURANT_NAME koKFC] [SL:RESTAURANT_NAME noHungry Lion] ],DISH_OR_FOOD: inkukhu $$ RESTAURANT_NAME: koKFC $$ RESTAURANT_NAME: noHungry Lion,xho
kitchen_and_dining,meal_suggestion,Can you tell me where the best steak house is between KFC and Hungry Lion?,"54:60:SL:DISH_OR_FOOD,70:77:SL:RESTAURANT_NAME,78:91:SL:RESTAURANT_NAME",[IN:meal_suggestion [SL:DISH_OR_FOOD inyama] [SL:RESTAURANT_NAME kukaKFC] [SL:RESTAURANT_NAME noHungry Lion] ],DISH_OR_FOOD: inyama $$ RESTAURANT_NAME: kukaKFC $$ RESTAURANT_NAME: noHungry Lion,xho
kitchen_and_dining,meal_suggestion,Please tell me where I can get the best tofu.,42:51:SL:DISH_OR_FOOD,[IN:meal_suggestion [SL:DISH_OR_FOOD eyonaTofu] ],DISH_OR_FOOD: eyonaTofu,xho
kitchen_and_dining,meal_suggestion,Can you give me a choice between a quarter or a roast?,"30:37:SL:DISH_OR_FOOD,45:61:SL:DISH_OR_FOOD",[IN:meal_suggestion [SL:DISH_OR_FOOD kwekota] [SL:DISH_OR_FOOD inyama eyojiweyo] ],DISH_OR_FOOD: kwekota $$ DISH_OR_FOOD: inyama eyojiweyo,xho
kitchen_and_dining,meal_suggestion,You can choose between Zebros and Pedros.,"34:42:SL:RESTAURANT_NAME,43:51:SL:RESTAURANT_NAME",[IN:meal_suggestion [SL:RESTAURANT_NAME koZebros] [SL:RESTAURANT_NAME noPedros] ],RESTAURANT_NAME: koZebros $$ RESTAURANT_NAME: noPedros,xho
kitchen_and_dining,meal_suggestion,What is the best food in Fishaways?,25:35:SL:RESTAURANT_NAME,[IN:meal_suggestion [SL:RESTAURANT_NAME eFishaways] ],RESTAURANT_NAME: eFishaways,xho
kitchen_and_dining,meal_suggestion,Please pick the best food in Fishaways.,42:52:SL:RESTAURANT_NAME,[IN:meal_suggestion [SL:RESTAURANT_NAME eFishaways] ],RESTAURANT_NAME: eFishaways,xho
kitchen_and_dining,meal_suggestion,What is the best wrap on Kauai?,"14:18:SL:DISH_OR_FOOD,27:33:SL:RESTAURANT_NAME",[IN:meal_suggestion [SL:DISH_OR_FOOD wrap] [SL:RESTAURANT_NAME eKauai] ],DISH_OR_FOOD: wrap $$ RESTAURANT_NAME: eKauai,xho
kitchen_and_dining,meal_suggestion,What is the best burger at McDonald's?,"14:20:SL:DISH_OR_FOOD,29:40:SL:RESTAURANT_NAME",[IN:meal_suggestion [SL:DISH_OR_FOOD burger] [SL:RESTAURANT_NAME eMcDonald's] ],DISH_OR_FOOD: burger $$ RESTAURANT_NAME: eMcDonald's,xho
kitchen_and_dining,meal_suggestion,What kind of drink would I drink with a pizza?,42:48:SL:DISH_OR_FOOD,[IN:meal_suggestion [SL:DISH_OR_FOOD ipizza] ],DISH_OR_FOOD: ipizza,xho
kitchen_and_dining,meal_suggestion,Please bring me whatever you recommend for tourists to eat when they arrive in Budapest.,83:92:SL:CITY_OR_PROVINCE,[IN:meal_suggestion [SL:CITY_OR_PROVINCE eBudapest] ],CITY_OR_PROVINCE: eBudapest,xho
kitchen_and_dining,meal_suggestion,Could you give me a taste of what you recommend for tourists when they arrive in Budapest?,75:84:SL:CITY_OR_PROVINCE,[IN:meal_suggestion [SL:CITY_OR_PROVINCE eBudapest] ],CITY_OR_PROVINCE: eBudapest,xho
kitchen_and_dining,meal_suggestion,Where can I find the best delicacies in the Eastern Cape?,"25:34:SL:DISH_OR_FOOD,43:55:SL:CITY_OR_PROVINCE",[IN:meal_suggestion [SL:DISH_OR_FOOD mnqambulo] [SL:CITY_OR_PROVINCE eMphuma Kapa] ],DISH_OR_FOOD: mnqambulo $$ CITY_OR_PROVINCE: eMphuma Kapa,xho
kitchen_and_dining,meal_suggestion,Please find me the best delicacy in the Eastern Cape.,"25:34:SL:DISH_OR_FOOD,43:54:SL:CITY_OR_PROVINCE",[IN:meal_suggestion [SL:DISH_OR_FOOD mnqambulo] [SL:CITY_OR_PROVINCE eMpuma Kapa] ],DISH_OR_FOOD: mnqambulo $$ CITY_OR_PROVINCE: eMpuma Kapa,xho
kitchen_and_dining,meal_suggestion,Did you know that at KFC they give you a choice between a Zinger wings or a Zinger burger?,"14:20:SL:RESTAURANT_NAME,45:60:SL:DISH_OR_FOOD,68:82:SL:DISH_OR_FOOD",[IN:meal_suggestion [SL:RESTAURANT_NAME kwaKFC] [SL:DISH_OR_FOOD kweZinger wings] [SL:DISH_OR_FOOD iZinger burger] ],RESTAURANT_NAME: kwaKFC $$ DISH_OR_FOOD: kweZinger wings $$ DISH_OR_FOOD: iZinger burger,xho
kitchen_and_dining,meal_suggestion,Please choose between the Zinger burger and the Zinger wings.,"30:46:SL:DISH_OR_FOOD,47:62:SL:DISH_OR_FOOD",[IN:meal_suggestion [SL:DISH_OR_FOOD kweZinger burger] [SL:DISH_OR_FOOD neeZinger wings] ],DISH_OR_FOOD: kweZinger burger $$ DISH_OR_FOOD: neeZinger wings,xho
kitchen_and_dining,meal_suggestion,Please advise me on a recipe I can cook for my husband when he celebrates.,,[IN:meal_suggestion ],,xho
kitchen_and_dining,meal_suggestion,Please choose a recipe for my husband's birthday.,,[IN:meal_suggestion ],,xho
kitchen_and_dining,meal_suggestion,What would you recommend I eat between a burger and a pizza?,"30:39:SL:DISH_OR_FOOD,40:47:SL:DISH_OR_FOOD",[IN:meal_suggestion [SL:DISH_OR_FOOD kweburger] [SL:DISH_OR_FOOD nepizza] ],DISH_OR_FOOD: kweburger $$ DISH_OR_FOOD: nepizza,xho
kitchen_and_dining,meal_suggestion,What is the Western Cape famous for?,0:13:SL:CITY_OR_PROVINCE,[IN:meal_suggestion [SL:CITY_OR_PROVINCE INtshona Kapa] ],CITY_OR_PROVINCE: INtshona Kapa,xho
kitchen_and_dining,meal_suggestion,Please advise me on what I would like to eat when I am in the Western Cape.,49:66:SL:CITY_OR_PROVINCE,[IN:meal_suggestion [SL:CITY_OR_PROVINCE ndiseNtshona Kapa] ],CITY_OR_PROVINCE: ndiseNtshona Kapa,xho
kitchen_and_dining,meal_suggestion,What would you advise me not to leave hungry in Stellenbosch?,51:64:SL:CITY_OR_PROVINCE,[IN:meal_suggestion [SL:CITY_OR_PROVINCE eStellenbosch] ],CITY_OR_PROVINCE: eStellenbosch,xho
kitchen_and_dining,meal_suggestion,What is your famous Soweto delicacy?,37:44:SL:PLACE_NAME,[IN:meal_suggestion [SL:PLACE_NAME eSoweto] ],PLACE_NAME: eSoweto,xho
kitchen_and_dining,meal_suggestion,Is a Marks quarter delicious with or without a twist?,"7:12:SL:DISH_OR_FOOD,13:23:SL:RESTAURANT_NAME,35:43:SL:DISH_OR_FOOD",[IN:meal_suggestion [SL:DISH_OR_FOOD ikota] [SL:RESTAURANT_NAME yakwaMarks] [SL:DISH_OR_FOOD ineatsha] ],DISH_OR_FOOD: ikota $$ RESTAURANT_NAME: yakwaMarks $$ DISH_OR_FOOD: ineatsha,xho
kitchen_and_dining,meal_suggestion,Please advise me of a dish that I know to be delicious in Soweto.,65:72:SL:PLACE_NAME,[IN:meal_suggestion [SL:PLACE_NAME eSoweto] ],PLACE_NAME: eSoweto,xho
kitchen_and_dining,meal_suggestion,What's the best Sandeck I can eat.,16:24:SL:RESTAURANT_NAME,[IN:meal_suggestion [SL:RESTAURANT_NAME eSandeck] ],RESTAURANT_NAME: eSandeck,xho
kitchen_and_dining,meal_suggestion,What delicious things can we eat at the Rooftop Lounge?,28:43:SL:RESTAURANT_NAME,[IN:meal_suggestion [SL:RESTAURANT_NAME eRooftop Lounge] ],RESTAURANT_NAME: eRooftop Lounge,xho
kitchen_and_dining,recipe,What do I have to do if I want to cook pig legs?,42:56:SL:DISH_OR_FOOD,[IN:recipe [SL:DISH_OR_FOOD amanqina ehagu] ],DISH_OR_FOOD: amanqina ehagu,xho
kitchen_and_dining,recipe,How do I make a loaf of bread?,29:43:SL:DISH_OR_FOOD,[IN:recipe [SL:DISH_OR_FOOD isonka samanzi] ],DISH_OR_FOOD: isonka samanzi,xho
kitchen_and_dining,recipe,What do I do first when I'm stepping on the dough to bake a gingerbread?,52:61:SL:DISH_OR_FOOD,[IN:recipe [SL:DISH_OR_FOOD amagwinya] ],DISH_OR_FOOD: amagwinya,xho
kitchen_and_dining,recipe,What instructions do I follow when baking a bun?,46:55:SL:DISH_OR_FOOD,[IN:recipe [SL:DISH_OR_FOOD amagwinya] ],DISH_OR_FOOD: amagwinya,xho
kitchen_and_dining,recipe,How to cook a spicy stew.,15:30:SL:DISH_OR_FOOD,[IN:recipe [SL:DISH_OR_FOOD umqa womilimili] ],DISH_OR_FOOD: umqa womilimili,xho
kitchen_and_dining,recipe,How to cook a pork chop.,15:24:SL:DISH_OR_FOOD,[IN:recipe [SL:DISH_OR_FOOD umphokoqo] ],DISH_OR_FOOD: umphokoqo,xho
kitchen_and_dining,recipe,How do you cook the turnip?,22:29:SL:DISH_OR_FOOD,[IN:recipe [SL:DISH_OR_FOOD amarhwe] ],DISH_OR_FOOD: amarhwe,xho
kitchen_and_dining,recipe,How to cook a grinder with beans.,15:35:SL:DISH_OR_FOOD,[IN:recipe [SL:DISH_OR_FOOD umngqusho oneembotyi] ],DISH_OR_FOOD: umngqusho oneembotyi,xho
kitchen_and_dining,recipe,How to make a frog.,13:21:SL:DISH_OR_FOOD,[IN:recipe [SL:DISH_OR_FOOD amarhewu] ],DISH_OR_FOOD: amarhewu,xho
kitchen_and_dining,recipe,How to cook a turnip.,15:23:SL:DISH_OR_FOOD,[IN:recipe [SL:DISH_OR_FOOD umnthubi] ],DISH_OR_FOOD: umnthubi,xho
kitchen_and_dining,recipe,What is the best recipe for vegetables?,44:50:SL:DISH_OR_FOOD,[IN:recipe [SL:DISH_OR_FOOD umfino] ],DISH_OR_FOOD: umfino,xho
kitchen_and_dining,recipe,I need a recipe for vegetables.,28:34:SL:DISH_OR_FOOD,[IN:recipe [SL:DISH_OR_FOOD umfino] ],DISH_OR_FOOD: umfino,xho
kitchen_and_dining,recipe,Look for different ways to cook vegetables.,41:47:SL:DISH_OR_FOOD,[IN:recipe [SL:DISH_OR_FOOD umfino] ],DISH_OR_FOOD: umfino,xho
kitchen_and_dining,recipe,Look up a recipe for a vegetable.,27:33:SL:DISH_OR_FOOD,[IN:recipe [SL:DISH_OR_FOOD umfino] ],DISH_OR_FOOD: umfino,xho
kitchen_and_dining,recipe,I'm looking for a recipe for vegetables.,23:30:SL:DISH_OR_FOOD,[IN:recipe [SL:DISH_OR_FOOD yomfino] ],DISH_OR_FOOD: yomfino,xho
kitchen_and_dining,recipe,Show me different ways to make water bread.,42:56:SL:DISH_OR_FOOD,[IN:recipe [SL:DISH_OR_FOOD isonka samanzi] ],DISH_OR_FOOD: isonka samanzi,xho
kitchen_and_dining,recipe,What do I need to make a yellow. ,30:37:SL:DISH_OR_FOOD,[IN:recipe [SL:DISH_OR_FOOD umthubi] ],DISH_OR_FOOD: umthubi,xho
kitchen_and_dining,recipe,What do I need to get a grinder with beans?,32:52:SL:DISH_OR_FOOD,[IN:recipe [SL:DISH_OR_FOOD umngqusho oneembotyi] ],DISH_OR_FOOD: umngqusho oneembotyi,xho
kitchen_and_dining,recipe,What is the recipe for cooking a row of rice?,26:39:SL:DISH_OR_FOOD,[IN:recipe [SL:DISH_OR_FOOD umqa werayisi] ],DISH_OR_FOOD: umqa werayisi,xho
kitchen_and_dining,recipe,How to cook a rice dish.,15:28:SL:DISH_OR_FOOD,[IN:recipe [SL:DISH_OR_FOOD umqa werayisi] ],DISH_OR_FOOD: umqa werayisi,xho
kitchen_and_dining,recipe,How to cook a chicken in Xhosa.,17:34:SL:DISH_OR_FOOD,[IN:recipe [SL:DISH_OR_FOOD inkukhu yesiXhosa] ],DISH_OR_FOOD: inkukhu yesiXhosa,xho
kitchen_and_dining,recipe,How do I cook tomato soup.,17:32:SL:DISH_OR_FOOD,[IN:recipe [SL:DISH_OR_FOOD isuphu yetumato] ],DISH_OR_FOOD: isuphu yetumato,xho
kitchen_and_dining,recipe,How do I cook red meat.,17:30:SL:DISH_OR_FOOD,[IN:recipe [SL:DISH_OR_FOOD inyama ebomvu] ],DISH_OR_FOOD: inyama ebomvu,xho
kitchen_and_dining,recipe,How do I cook pork.,17:30:SL:DISH_OR_FOOD,[IN:recipe [SL:DISH_OR_FOOD inyama yehagu] ],DISH_OR_FOOD: inyama yehagu,xho
kitchen_and_dining,recipe,How do I cook a sheep's head.,17:32:SL:DISH_OR_FOOD,[IN:recipe [SL:DISH_OR_FOOD intloko yegusha] ],DISH_OR_FOOD: intloko yegusha,xho
kitchen_and_dining,recipe,I'm looking for a recipe for a turnip.,33:41:SL:DISH_OR_FOOD,[IN:recipe [SL:DISH_OR_FOOD amarhewu] ],DISH_OR_FOOD: amarhewu,xho
kitchen_and_dining,recipe,I'm looking for a recipe for a yellow cake.,33:40:SL:DISH_OR_FOOD,[IN:recipe [SL:DISH_OR_FOOD umthubi] ],DISH_OR_FOOD: umthubi,xho
kitchen_and_dining,recipe,I need instructions on how to cook a turkey.,30:37:SL:DISH_OR_FOOD,[IN:recipe [SL:DISH_OR_FOOD umthubi] ],DISH_OR_FOOD: umthubi,xho
kitchen_and_dining,recipe,Please help me with the instructions for cooking chicken legs.,40:56:SL:DISH_OR_FOOD,[IN:recipe [SL:DISH_OR_FOOD amanqina enkukhu] ],DISH_OR_FOOD: amanqina enkukhu,xho
kitchen_and_dining,recipe,What steps do I need to follow to cook a grilled bean?,53:73:SL:DISH_OR_FOOD,[IN:recipe [SL:DISH_OR_FOOD umngqusho oneembotyi] ],DISH_OR_FOOD: umngqusho oneembotyi,xho
kitchen_and_dining,recipe,What is the best way to cook white flour?,43:61:SL:DISH_OR_FOOD,[IN:recipe [SL:DISH_OR_FOOD umngqusho omhlophe] ],DISH_OR_FOOD: umngqusho omhlophe,xho
kitchen_and_dining,recipe,How do I cook a whole chicken.,17:35:SL:DISH_OR_FOOD,[IN:recipe [SL:DISH_OR_FOOD inkukhu epheleleyo] ],DISH_OR_FOOD: inkukhu epheleleyo,xho
kitchen_and_dining,recipe,Can you give me the recipe for the potato-pota?,34:44:SL:DISH_OR_FOOD,[IN:recipe [SL:DISH_OR_FOOD upota-pota] ],DISH_OR_FOOD: upota-pota,xho
kitchen_and_dining,recipe,Please give me a recipe for chicken.,35:50:SL:DISH_OR_FOOD,[IN:recipe [SL:DISH_OR_FOOD inyama yenkukhu] ],DISH_OR_FOOD: inyama yenkukhu,xho
kitchen_and_dining,recipe,Please give me the best recipe for making a yellow.,48:55:SL:DISH_OR_FOOD,[IN:recipe [SL:DISH_OR_FOOD umthubi] ],DISH_OR_FOOD: umthubi,xho
kitchen_and_dining,recipe,Please look for a recipe for potatoes,41:51:SL:DISH_OR_FOOD,[IN:recipe [SL:DISH_OR_FOOD upota-pota] ],DISH_OR_FOOD: upota-pota,xho
kitchen_and_dining,recipe,Please show me how to cook a porridge.,37:46:SL:DISH_OR_FOOD,[IN:recipe [SL:DISH_OR_FOOD umphokoqo] ],DISH_OR_FOOD: umphokoqo,xho
kitchen_and_dining,recipe,Please note how the Xhosa cook white rice.,50:68:SL:DISH_OR_FOOD,[IN:recipe [SL:DISH_OR_FOOD umngqusho omhlophe] ],DISH_OR_FOOD: umngqusho omhlophe,xho
kitchen_and_dining,recipe,Please find me the easiest way to cook the turnips.,52:60:SL:DISH_OR_FOOD,[IN:recipe [SL:DISH_OR_FOOD amarhewu] ],DISH_OR_FOOD: amarhewu,xho
kitchen_and_dining,recipe,I need the best recipe for cooking chicken legs.,41:57:SL:DISH_OR_FOOD,[IN:recipe [SL:DISH_OR_FOOD amanqina enkukhu] ],DISH_OR_FOOD: amanqina enkukhu,xho
kitchen_and_dining,recipe,I'm looking for a recipe for a water bread.,33:47:SL:DISH_OR_FOOD,[IN:recipe [SL:DISH_OR_FOOD isonka samanzi] ],DISH_OR_FOOD: isonka samanzi,xho
kitchen_and_dining,recipe,I'm looking for a recipe for a stew.,33:42:SL:DISH_OR_FOOD,[IN:recipe [SL:DISH_OR_FOOD umphokoqo] ],DISH_OR_FOOD: umphokoqo,xho
kitchen_and_dining,recipe,I'm looking for a recipe for a grill.,33:42:SL:DISH_OR_FOOD,[IN:recipe [SL:DISH_OR_FOOD umngqusho] ],DISH_OR_FOOD: umngqusho,xho
kitchen_and_dining,recipe,I'm looking for a recipe for cooking cow's tongue.,33:47:SL:DISH_OR_FOOD,[IN:recipe [SL:DISH_OR_FOOD ilwimi lenkomo] ],DISH_OR_FOOD: ilwimi lenkomo,xho
kitchen_and_dining,recipe,I'm looking for a recipe for a gingerbread.,33:42:SL:DISH_OR_FOOD,[IN:recipe [SL:DISH_OR_FOOD amagwinya] ],DISH_OR_FOOD: amagwinya,xho
kitchen_and_dining,recipe,What steps are involved in cooking white flour?,47:65:SL:DISH_OR_FOOD,[IN:recipe [SL:DISH_OR_FOOD umngqusho omhlophe] ],DISH_OR_FOOD: umngqusho omhlophe,xho
kitchen_and_dining,recipe,How to cook chicken.,14:29:SL:DISH_OR_FOOD,[IN:recipe [SL:DISH_OR_FOOD inyama yenkukhu] ],DISH_OR_FOOD: inyama yenkukhu,xho
kitchen_and_dining,recipe,How to cook pork.,14:27:SL:DISH_OR_FOOD,[IN:recipe [SL:DISH_OR_FOOD inyama yehagu] ],DISH_OR_FOOD: inyama yehagu,xho
kitchen_and_dining,recipe,How to cook lamb.,14:28:SL:DISH_OR_FOOD,[IN:recipe [SL:DISH_OR_FOOD inyama yegusha] ],DISH_OR_FOOD: inyama yegusha,xho
kitchen_and_dining,recipe,Please find me the best beef recipe.,54:68:SL:DISH_OR_FOOD,[IN:recipe [SL:DISH_OR_FOOD inyama yenkomo] ],DISH_OR_FOOD: inyama yenkomo,xho
kitchen_and_dining,recipe,Please look for a delicious recipe for chicken legs.,50:66:SL:DISH_OR_FOOD,[IN:recipe [SL:DISH_OR_FOOD amanqina enkukhu] ],DISH_OR_FOOD: amanqina enkukhu,xho
kitchen_and_dining,recipe,I'm looking for the healthiest way to cook red meat.,49:62:SL:DISH_OR_FOOD,[IN:recipe [SL:DISH_OR_FOOD inyama ebomvu] ],DISH_OR_FOOD: inyama ebomvu,xho
kitchen_and_dining,recipe,How to cook goat meat.,14:30:SL:DISH_OR_FOOD,[IN:recipe [SL:DISH_OR_FOOD inyama yebhokhwe] ],DISH_OR_FOOD: inyama yebhokhwe,xho
kitchen_and_dining,recipe,I would like to know the recipe for goat meat.,27:43:SL:DISH_OR_FOOD,[IN:recipe [SL:DISH_OR_FOOD inyama yebhokhwe] ],DISH_OR_FOOD: inyama yebhokhwe,xho
kitchen_and_dining,recipe,I need a quick recipe for beef.,42:56:SL:DISH_OR_FOOD,[IN:recipe [SL:DISH_OR_FOOD inyama yenkomo] ],DISH_OR_FOOD: inyama yenkomo,xho
kitchen_and_dining,recipe,How to cook a rice porridge.,14:27:SL:DISH_OR_FOOD,[IN:recipe [SL:DISH_OR_FOOD umqa werayisi] ],DISH_OR_FOOD: umqa werayisi,xho
kitchen_and_dining,recipe,Please help me find the recipe for white flour.,42:61:SL:DISH_OR_FOOD,[IN:recipe [SL:DISH_OR_FOOD yomngqusho omhlophe] ],DISH_OR_FOOD: yomngqusho omhlophe,xho
kitchen_and_dining,recipe,I need a recipe for cooking cow legs.,28:43:SL:DISH_OR_FOOD,[IN:recipe [SL:DISH_OR_FOOD amanqina enkomo] ],DISH_OR_FOOD: amanqina enkomo,xho
kitchen_and_dining,recipe,Please check the recipe for vegetables.,36:42:SL:DISH_OR_FOOD,[IN:recipe [SL:DISH_OR_FOOD umfino] ],DISH_OR_FOOD: umfino,xho
kitchen_and_dining,recipe,I need you to find me a simple recipe for a stew.,48:58:SL:DISH_OR_FOOD,[IN:recipe [SL:DISH_OR_FOOD umphokooqo] ],DISH_OR_FOOD: umphokooqo,xho
kitchen_and_dining,recipe,I need a simple recipe for a chili pepper.,33:48:SL:DISH_OR_FOOD,[IN:recipe [SL:DISH_OR_FOOD umqa womilimili] ],DISH_OR_FOOD: umqa womilimili,xho
kitchen_and_dining,recipe,I need a recipe for a pancake.,28:41:SL:DISH_OR_FOOD,[IN:recipe [SL:DISH_OR_FOOD amagebengwana] ],DISH_OR_FOOD: amagebengwana,xho
kitchen_and_dining,recipe,What do I need to do to bake a freshly baked bread?,37:51:SL:DISH_OR_FOOD,[IN:recipe [SL:DISH_OR_FOOD isonka samanzi] ],DISH_OR_FOOD: isonka samanzi,xho
kitchen_and_dining,recipe,I'd like to know how to make a water bread.,28:42:SL:DISH_OR_FOOD,[IN:recipe [SL:DISH_OR_FOOD isonka samanzi] ],DISH_OR_FOOD: isonka samanzi,xho
kitchen_and_dining,recipe,How do I cook the yellow,17:24:SL:DISH_OR_FOOD,[IN:recipe [SL:DISH_OR_FOOD umthubi] ],DISH_OR_FOOD: umthubi,xho
kitchen_and_dining,recipe,How I bake a loaf of bread.,17:32:SL:DISH_OR_FOOD,[IN:recipe [SL:DISH_OR_FOOD isonka sombhako] ],DISH_OR_FOOD: isonka sombhako,xho
kitchen_and_dining,recipe,Please give me the recipe for the pig's head.,35:49:SL:DISH_OR_FOOD,[IN:recipe [SL:DISH_OR_FOOD intloko yehagu] ],DISH_OR_FOOD: intloko yehagu,xho
kitchen_and_dining,recipe,Teach me how to make a bean stew.,20:39:SL:DISH_OR_FOOD,[IN:recipe [SL:DISH_OR_FOOD umgqusho oneembotyi] ],DISH_OR_FOOD: umgqusho oneembotyi,xho
kitchen_and_dining,recipe,Where can I learn how to make a bean stew?,46:66:SL:DISH_OR_FOOD,[IN:recipe [SL:DISH_OR_FOOD umngqusho oneembotyi] ],DISH_OR_FOOD: umngqusho oneembotyi,xho
kitchen_and_dining,recipe,What do I need to cook a grinder with beans?,30:50:SL:DISH_OR_FOOD,[IN:recipe [SL:DISH_OR_FOOD umngqusho oneembotyi] ],DISH_OR_FOOD: umngqusho oneembotyi,xho
kitchen_and_dining,recipe,Is there somewhere I can learn to cook lamb legs?,47:62:SL:DISH_OR_FOOD,[IN:recipe [SL:DISH_OR_FOOD amanqina egusha] ],DISH_OR_FOOD: amanqina egusha,xho
kitchen_and_dining,recipe,Tell me how to cook the soup to make the beans.,"31:38:SL:DISH_OR_FOOD,48:56:SL:DISH_OR_FOOD",[IN:recipe [SL:DISH_OR_FOOD isidudu] [SL:DISH_OR_FOOD amarhewu] ],DISH_OR_FOOD: isidudu $$ DISH_OR_FOOD: amarhewu,xho
kitchen_and_dining,recipe,I would like to learn how to bake a bun.,31:40:SL:DISH_OR_FOOD,[IN:recipe [SL:DISH_OR_FOOD amagwinya] ],DISH_OR_FOOD: amagwinya,xho
kitchen_and_dining,recipe,Show me the popular ways to cook white rice. ,41:59:SL:DISH_OR_FOOD,[IN:recipe [SL:DISH_OR_FOOD umngqusho omhlophe] ],DISH_OR_FOOD: umngqusho omhlophe,xho
kitchen_and_dining,recipe,I need a recipe for baking bread.,28:43:SL:DISH_OR_FOOD,[IN:recipe [SL:DISH_OR_FOOD isonka sombhako] ],DISH_OR_FOOD: isonka sombhako,xho
kitchen_and_dining,recipe,I'm looking for instructions for baking bread.,34:49:SL:DISH_OR_FOOD,[IN:recipe [SL:DISH_OR_FOOD isonka sombhako] ],DISH_OR_FOOD: isonka sombhako,xho
kitchen_and_dining,recipe,You can give me instructions on how to cook chicken legs.,32:48:SL:DISH_OR_FOOD,[IN:recipe [SL:DISH_OR_FOOD amanqina enkukhu] ],DISH_OR_FOOD: amanqina enkukhu,xho
kitchen_and_dining,recipe,How to cook chicken legs.,17:33:SL:DISH_OR_FOOD,[IN:recipe [SL:DISH_OR_FOOD amanqina enkukhu] ],DISH_OR_FOOD: amanqina enkukhu,xho
kitchen_and_dining,recipe,What is the best way to cook chicken legs?,40:56:SL:DISH_OR_FOOD,[IN:recipe [SL:DISH_OR_FOOD amanqina enkukhu] ],DISH_OR_FOOD: amanqina enkukhu,xho
kitchen_and_dining,recipe,I'm looking for a recipe for pork legs.,33:47:SL:DISH_OR_FOOD,[IN:recipe [SL:DISH_OR_FOOD amanqina ehagu] ],DISH_OR_FOOD: amanqina ehagu,xho
kitchen_and_dining,restaurant_reservation,"I'd like to make a reservation at Miso Restaurant, can you do that for me?",32:50:SL:RESTAURANT_NAME,[IN:restaurant_reservation [SL:RESTAURANT_NAME kwaMiso Restaurant] ],RESTAURANT_NAME: kwaMiso Restaurant,xho
kitchen_and_dining,restaurant_reservation,Make a reservation for the dining room at 3 o'clock please.,30:46:SL:TIME,[IN:restaurant_reservation [SL:TIME ngentsimbi yesi3] ],TIME: ngentsimbi yesi3,xho
kitchen_and_dining,restaurant_reservation,Can I get a table for three at 7 at Olive Gardens?,"38:47:SL:NUMBER,48:52:SL:TIME,53:67:SL:RESTAURANT_NAME",[IN:restaurant_reservation [SL:NUMBER abathathu] [SL:TIME ngo7] [SL:RESTAURANT_NAME eOlive Gardens] ],NUMBER: abathathu $$ TIME: ngo7 $$ RESTAURANT_NAME: eOlive Gardens,xho
kitchen_and_dining,restaurant_reservation,Can you get me a table for three at Olive Gardens at 7?,"42:51:SL:NUMBER,52:66:SL:RESTAURANT_NAME,67:71:SL:TIME",[IN:restaurant_reservation [SL:NUMBER abathathu] [SL:RESTAURANT_NAME eOlive Gardens] [SL:TIME ngo7] ],NUMBER: abathathu $$ RESTAURANT_NAME: eOlive Gardens $$ TIME: ngo7,xho
kitchen_and_dining,restaurant_reservation,"At 7:00 p.m., please set a table for three at Olive Gardens","0:4:SL:TIME,44:53:SL:NUMBER,54:68:SL:RESTAURANT_NAME",[IN:restaurant_reservation [SL:TIME Ngo7] [SL:NUMBER abathathu] [SL:RESTAURANT_NAME eOlive Gardens] ],TIME: Ngo7 $$ NUMBER: abathathu $$ RESTAURANT_NAME: eOlive Gardens,xho
kitchen_and_dining,restaurant_reservation,Can you get me a table for three at Olive Gardens at 7?,"39:48:SL:NUMBER,49:63:SL:RESTAURANT_NAME,64:68:SL:TIME",[IN:restaurant_reservation [SL:NUMBER abathathu] [SL:RESTAURANT_NAME eOlive Gardens] [SL:TIME ngo7] ],NUMBER: abathathu $$ RESTAURANT_NAME: eOlive Gardens $$ TIME: ngo7,xho
kitchen_and_dining,restaurant_reservation,Please get me a table for three at Olive Gardens at 7,"37:46:SL:NUMBER,47:61:SL:RESTAURANT_NAME,62:66:SL:TIME",[IN:restaurant_reservation [SL:NUMBER abathathu] [SL:RESTAURANT_NAME eOlive Gardens] [SL:TIME ngo7] ],NUMBER: abathathu $$ RESTAURANT_NAME: eOlive Gardens $$ TIME: ngo7,xho
kitchen_and_dining,restaurant_reservation,Please reserve a table for five at the Nice Caterings under the name of Blessing at 3,"34:42:SL:NUMBER,43:60:SL:RESTAURANT_NAME,77:88:SL:PERSONAL_NAME,89:93:SL:TIME",[IN:restaurant_reservation [SL:NUMBER abahlanu] [SL:RESTAURANT_NAME eMnandi Caterings] [SL:PERSONAL_NAME likaSbusiso] [SL:TIME ngo3] ],NUMBER: abahlanu $$ RESTAURANT_NAME: eMnandi Caterings $$ PERSONAL_NAME: likaSbusiso $$ TIME: ngo3,xho
kitchen_and_dining,restaurant_reservation,Please reserve a table for the Burger King shoe under the name Ayanda at 6,"34:43:SL:NUMBER,44:58:SL:RESTAURANT_NAME,75:85:SL:PERSONAL_NAME,86:90:SL:TIME",[IN:restaurant_reservation [SL:NUMBER abahlangu] [SL:RESTAURANT_NAME kwaBurger King] [SL:PERSONAL_NAME likaAyanda] [SL:TIME ngo6] ],NUMBER: abahlangu $$ RESTAURANT_NAME: kwaBurger King $$ PERSONAL_NAME: likaAyanda $$ TIME: ngo6,xho
kitchen_and_dining,restaurant_reservation,Can you book a table for six at Burger King under the name Sim for 5 exactly?,"38:50:SL:NUMBER,51:63:SL:RESTAURANT_NAME,80:87:SL:PERSONAL_NAME,88:92:SL:TIME",[IN:restaurant_reservation [SL:NUMBER abathandathu] [SL:RESTAURANT_NAME eBurger King] [SL:PERSONAL_NAME likaSim] [SL:TIME ngo5] ],NUMBER: abathandathu $$ RESTAURANT_NAME: eBurger King $$ PERSONAL_NAME: likaSim $$ TIME: ngo5,xho
kitchen_and_dining,restaurant_reservation,Can you book a table for three for 3 in Honchos under the name Zizo?,"38:47:SL:NUMBER,48:52:SL:TIME,53:61:SL:RESTAURANT_NAME,78:86:SL:PERSONAL_NAME",[IN:restaurant_reservation [SL:NUMBER abathathu] [SL:TIME ngo3] [SL:RESTAURANT_NAME eHonchos] [SL:PERSONAL_NAME likaZizo] ],NUMBER: abathathu $$ TIME: ngo3 $$ RESTAURANT_NAME: eHonchos $$ PERSONAL_NAME: likaZizo,xho
kitchen_and_dining,restaurant_reservation,Can I book a table for five at Hungry Lion under the name of Zizipho?,"37:45:SL:NUMBER,46:58:SL:RESTAURANT_NAME,75:86:SL:PERSONAL_NAME",[IN:restaurant_reservation [SL:NUMBER abahlanu] [SL:RESTAURANT_NAME eHungry Lion] [SL:PERSONAL_NAME likaZizipho] ],NUMBER: abahlanu $$ RESTAURANT_NAME: eHungry Lion $$ PERSONAL_NAME: likaZizipho,xho
kitchen_and_dining,restaurant_reservation,I'd like a table for two in Honchos at 9.,"24:31:SL:NUMBER,32:40:SL:RESTAURANT_NAME,41:45:SL:TIME",[IN:restaurant_reservation [SL:NUMBER ababini] [SL:RESTAURANT_NAME eHonchos] [SL:TIME ngo9] ],NUMBER: ababini $$ RESTAURANT_NAME: eHonchos $$ TIME: ngo9,xho
kitchen_and_dining,restaurant_reservation,There is a table for 12 people in Cubanna for 9.,"23:30:SL:NUMBER,31:39:SL:RESTAURANT_NAME,40:44:SL:TIME",[IN:restaurant_reservation [SL:NUMBER abayi12] [SL:RESTAURANT_NAME eCubanna] [SL:TIME ngo9] ],NUMBER: abayi12 $$ RESTAURANT_NAME: eCubanna $$ TIME: ngo9,xho
kitchen_and_dining,restaurant_reservation,I'd like a table for 9 people in Honchos for 2.,"24:30:SL:NUMBER,31:39:SL:RESTAURANT_NAME,40:44:SL:TIME",[IN:restaurant_reservation [SL:NUMBER abayi9] [SL:RESTAURANT_NAME eHonchos] [SL:TIME ngo2] ],NUMBER: abayi9 $$ RESTAURANT_NAME: eHonchos $$ TIME: ngo2,xho
kitchen_and_dining,restaurant_reservation,Please reserve a table for me at 4 o'clock in Sandeck.,"39:52:SL:TIME,53:61:SL:RESTAURANT_NAME",[IN:restaurant_reservation [SL:TIME ngo4 emalanga] [SL:RESTAURANT_NAME eSandeck] ],TIME: ngo4 emalanga $$ RESTAURANT_NAME: eSandeck,xho
kitchen_and_dining,restaurant_reservation,Can you book me a table for three at Rocco Mamas in two?,"42:51:SL:NUMBER,52:66:SL:RESTAURANT_NAME,67:71:SL:TIME",[IN:restaurant_reservation [SL:NUMBER abathathu] [SL:RESTAURANT_NAME kwaRocco Mamas] [SL:TIME ngo2] ],NUMBER: abathathu $$ RESTAURANT_NAME: kwaRocco Mamas $$ TIME: ngo2,xho
kitchen_and_dining,restaurant_reservation,Can you call Nandos's and get a table for two at 3?,"22:31:SL:RESTAURANT_NAME,54:61:SL:NUMBER,62:66:SL:TIME",[IN:restaurant_reservation [SL:RESTAURANT_NAME kwaNandos] [SL:NUMBER ababini] [SL:TIME ngo3] ],RESTAURANT_NAME: kwaNandos $$ NUMBER: ababini $$ TIME: ngo3,xho
kitchen_and_dining,restaurant_reservation,Can you get me a table for five at Fire and Ice right now?,"32:40:SL:NUMBER,41:56:SL:RESTAURANT_NAME",[IN:restaurant_reservation [SL:NUMBER abahlanu] [SL:RESTAURANT_NAME kwaFire and Ice] ],NUMBER: abahlanu $$ RESTAURANT_NAME: kwaFire and Ice,xho
kitchen_and_dining,restaurant_reservation,Can you get me a table for ten at Sants?,"41:51:SL:NUMBER,52:60:SL:RESTAURANT_NAME",[IN:restaurant_reservation [SL:NUMBER abalishumi] [SL:RESTAURANT_NAME kwaSants] ],NUMBER: abalishumi $$ RESTAURANT_NAME: kwaSants,xho
kitchen_and_dining,restaurant_reservation,Please set a table for seven people.,39:50:SL:NUMBER,[IN:restaurant_reservation [SL:NUMBER abasixhenxe] ],NUMBER: abasixhenxe,xho
kitchen_and_dining,restaurant_reservation,Can you get me a table for four at Willie's Restaurant?,"32:37:SL:NUMBER,38:58:SL:RESTAURANT_NAME",[IN:restaurant_reservation [SL:NUMBER abane] [SL:RESTAURANT_NAME kwaWillie Restaurant] ],NUMBER: abane $$ RESTAURANT_NAME: kwaWillie Restaurant,xho
kitchen_and_dining,restaurant_reservation,Can you get me a table for four at the KFC?,"32:37:SL:NUMBER,38:42:SL:RESTAURANT_NAME",[IN:restaurant_reservation [SL:NUMBER abane] [SL:RESTAURANT_NAME eKFC] ],NUMBER: abane $$ RESTAURANT_NAME: eKFC,xho
kitchen_and_dining,restaurant_reservation,"Please register a table for three at Fire and Ice, under the name of the Mediator at 7:00 p.m.","38:47:SL:NUMBER,48:63:SL:RESTAURANT_NAME,81:91:SL:PERSONAL_NAME,92:104:SL:TIME",[IN:restaurant_reservation [SL:NUMBER abathathu] [SL:RESTAURANT_NAME kwaFire and Ice] [SL:PERSONAL_NAME likaMlamli] [SL:TIME ngo7 ebusuku] ],NUMBER: abathathu $$ RESTAURANT_NAME: kwaFire and Ice $$ PERSONAL_NAME: likaMlamli $$ TIME: ngo7 ebusuku,xho
kitchen_and_dining,restaurant_reservation,Please register a table for five at Johnny's under the name of Joy at 6 pm.,"33:41:SL:NUMBER,42:53:SL:RESTAURANT_NAME,70:81:SL:PERSONAL_NAME,82:95:SL:TIME",[IN:restaurant_reservation [SL:NUMBER abahlanu] [SL:RESTAURANT_NAME kwaJohnny's] [SL:PERSONAL_NAME likaThabiso] [SL:TIME ngo6 emalanga] ],NUMBER: abahlanu $$ RESTAURANT_NAME: kwaJohnny's $$ PERSONAL_NAME: likaThabiso $$ TIME: ngo6 emalanga,xho
kitchen_and_dining,restaurant_reservation,Please register a table under Zethu's name at 1 p.m. at the Rabbie Restaurant,"41:50:SL:PERSONAL_NAME,51:61:SL:TIME,62:82:SL:RESTAURANT_NAME",[IN:restaurant_reservation [SL:PERSONAL_NAME likaZethu] [SL:TIME ngo1 emini] [SL:RESTAURANT_NAME kwaRabbie Restaurant] ],PERSONAL_NAME: likaZethu $$ TIME: ngo1 emini $$ RESTAURANT_NAME: kwaRabbie Restaurant,xho
kitchen_and_dining,restaurant_reservation,Can you get me a table for ten at Ndindi Cookings in five days?,"43:61:SL:RESTAURANT_NAME,62:75:SL:TIME",[IN:restaurant_reservation [SL:RESTAURANT_NAME kwaNdindi Cookings] [SL:TIME ngo5 emalanga] ],RESTAURANT_NAME: kwaNdindi Cookings $$ TIME: ngo5 emalanga,xho
kitchen_and_dining,restaurant_reservation,Please register six people under the name of Nomsa at McDonald's.,"16:25:SL:PERSONAL_NAME,50:62:SL:NUMBER,63:74:SL:RESTAURANT_NAME",[IN:restaurant_reservation [SL:PERSONAL_NAME likaNomsa] [SL:NUMBER abathandathu] [SL:RESTAURANT_NAME kwaMcDonald] ],PERSONAL_NAME: likaNomsa $$ NUMBER: abathandathu $$ RESTAURANT_NAME: kwaMcDonald,xho
kitchen_and_dining,restaurant_reservation,Can I have five people registered under the name Zizipho at the Nandos restaurant at 8:00 a.m.?,"24:32:SL:NUMBER,49:60:SL:PERSONAL_NAME,69:80:SL:RESTAURANT_NAME,81:109:SL:TIME",[IN:restaurant_reservation [SL:NUMBER abahlanu] [SL:PERSONAL_NAME likaZizipho] [SL:RESTAURANT_NAME yakwaNandos] [SL:TIME ngentsimbi yesibhozo ekuseni] ],NUMBER: abahlanu $$ PERSONAL_NAME: likaZizipho $$ RESTAURANT_NAME: yakwaNandos $$ TIME: ngentsimbi yesibhozo ekuseni,xho
kitchen_and_dining,restaurant_reservation,Can you list five people under the name of Nature at Dorry's Braai and Chillas?,"31:39:SL:NUMBER,56:65:SL:PERSONAL_NAME,66:94:SL:RESTAURANT_NAME",[IN:restaurant_reservation [SL:NUMBER abahlanu] [SL:PERSONAL_NAME likaNdalo] [SL:RESTAURANT_NAME kwaDorry's Braai and Chillas] ],NUMBER: abahlanu $$ PERSONAL_NAME: likaNdalo $$ RESTAURANT_NAME: kwaDorry's Braai and Chillas,xho
kitchen_and_dining,restaurant_reservation,Please register two people under the name of Njabulo at Rocomamas at six o'clock in the afternoon.,"32:39:SL:NUMBER,56:67:SL:PERSONAL_NAME,68:80:SL:RESTAURANT_NAME,81:114:SL:TIME",[IN:restaurant_reservation [SL:NUMBER ababini] [SL:PERSONAL_NAME likaNjabulo] [SL:RESTAURANT_NAME kwaRocomamas] [SL:TIME ngentsimbi yesithandathu emalanga] ],NUMBER: ababini $$ PERSONAL_NAME: likaNjabulo $$ RESTAURANT_NAME: kwaRocomamas $$ TIME: ngentsimbi yesithandathu emalanga,xho
kitchen_and_dining,restaurant_reservation,"Under the name Bongile, please register the names of four people at Kokstad Guest House.","16:27:SL:PERSONAL_NAME,61:66:SL:NUMBER,67:87:SL:HOTEL_NAME",[IN:restaurant_reservation [SL:PERSONAL_NAME likaBongile] [SL:NUMBER abane] [SL:HOTEL_NAME eKokstad Guest House] ],PERSONAL_NAME: likaBongile $$ NUMBER: abane $$ HOTEL_NAME: eKokstad Guest House,xho
kitchen_and_dining,restaurant_reservation,Can you find me a table for five at the Sunnyside Guest House from the six o'clock hour?,"34:42:SL:NUMBER,43:65:SL:HOTEL_NAME,74:140:SL:TIME",[IN:restaurant_reservation [SL:NUMBER abahlanu] [SL:HOTEL_NAME eSunnyside Guest House] [SL:TIME ngentsimbi enesiqingathi ibethile intsimbi yesithandathu ngokuhlwa] ],NUMBER: abahlanu $$ HOTEL_NAME: eSunnyside Guest House $$ TIME: ngentsimbi enesiqingathi ibethile intsimbi yesithandathu ngokuhlwa,xho
kitchen_and_dining,restaurant_reservation,Please register your accommodation at Nbaliso Traditional Foods under the name Ziyanda,"33:59:SL:RESTAURANT_NAME,76:87:SL:PERSONAL_NAME",[IN:restaurant_reservation [SL:RESTAURANT_NAME eMbaliso Traditional Foods] [SL:PERSONAL_NAME likaZiyanda] ],RESTAURANT_NAME: eMbaliso Traditional Foods $$ PERSONAL_NAME: likaZiyanda,xho
kitchen_and_dining,restaurant_reservation,Please register a space for two people under the name Look at Olive Gardens Fast Foods,"31:38:SL:NUMBER,55:64:SL:PERSONAL_NAME,65:90:SL:RESTAURANT_NAME",[IN:restaurant_reservation [SL:NUMBER ababini] [SL:PERSONAL_NAME likaJonga] [SL:RESTAURANT_NAME eOlive Gardens Fast Foods] ],NUMBER: ababini $$ PERSONAL_NAME: likaJonga $$ RESTAURANT_NAME: eOlive Gardens Fast Foods,xho
kitchen_and_dining,restaurant_reservation,Can you get me a table for eight people in Nandos by the side after eight o'clock?,"32:42:SL:NUMBER,43:50:SL:RESTAURANT_NAME,51:84:SL:TIME",[IN:restaurant_reservation [SL:NUMBER abasibhozo] [SL:RESTAURANT_NAME eNandos] [SL:TIME ngecala emva kwentsimbi yesibhozo] ],NUMBER: abasibhozo $$ RESTAURANT_NAME: eNandos $$ TIME: ngecala emva kwentsimbi yesibhozo,xho
kitchen_and_dining,restaurant_reservation,Can you get me a table for four at the cafeteria after seven?,"32:37:SL:NUMBER,38:42:SL:RESTAURANT_NAME,43:77:SL:TIME",[IN:restaurant_reservation [SL:NUMBER abane] [SL:RESTAURANT_NAME eKFC] [SL:TIME ngecala emva kwentsimbi yesixhenxe] ],NUMBER: abane $$ RESTAURANT_NAME: eKFC $$ TIME: ngecala emva kwentsimbi yesixhenxe,xho
kitchen_and_dining,restaurant_reservation,Can you get me a table for six in Eastwoods by the side past seven?,"32:44:SL:NUMBER,45:55:SL:RESTAURANT_NAME,56:90:SL:TIME",[IN:restaurant_reservation [SL:NUMBER abathandathu] [SL:RESTAURANT_NAME eEastwoods] [SL:TIME ngecala emva kwentsimbi yesixhenxe] ],NUMBER: abathandathu $$ RESTAURANT_NAME: eEastwoods $$ TIME: ngecala emva kwentsimbi yesixhenxe,xho
kitchen_and_dining,restaurant_reservation,Could you get me a table for four at the Sunny Inn over there at ten o'clock in the morning?,"40:45:SL:NUMBER,46:56:SL:HOTEL_NAME,63:98:SL:TIME",[IN:restaurant_reservation [SL:NUMBER abane] [SL:HOTEL_NAME eSunny Inn] [SL:TIME ngezithuba zentsimbi yeshumi kusasa] ],NUMBER: abane $$ HOTEL_NAME: eSunny Inn $$ TIME: ngezithuba zentsimbi yeshumi kusasa,xho
kitchen_and_dining,restaurant_reservation,Please get me a table for five at McDonalds Sunnyside at 5:00 p.m.,"37:45:SL:NUMBER,46:58:SL:RESTAURANT_NAME,59:72:SL:PLACE_NAME,73:102:SL:TIME",[IN:restaurant_reservation [SL:NUMBER abahlanu] [SL:RESTAURANT_NAME kwaMcDonalds] [SL:PLACE_NAME waseSunnyside] [SL:TIME ngentsimbi yesihlanu emalanga] ],NUMBER: abahlanu $$ RESTAURANT_NAME: kwaMcDonalds $$ PLACE_NAME: waseSunnyside $$ TIME: ngentsimbi yesihlanu emalanga,xho
kitchen_and_dining,restaurant_reservation,"A table for three at the Hope Bar, please.","24:33:SL:NUMBER,34:47:SL:RESTAURANT_NAME",[IN:restaurant_reservation [SL:NUMBER abathathu] [SL:RESTAURANT_NAME eThembeni Bar] ],NUMBER: abathathu $$ RESTAURANT_NAME: eThembeni Bar,xho
kitchen_and_dining,restaurant_reservation,Can I have a table outside of the office at five o'clock?,"40:49:SL:PERSONAL_NAME,50:70:SL:TIME",[IN:restaurant_reservation [SL:PERSONAL_NAME kaPhumeza] [SL:TIME ngentsimbi yesihlanu] ],PERSONAL_NAME: kaPhumeza $$ TIME: ngentsimbi yesihlanu,xho
kitchen_and_dining,restaurant_reservation,Can I get a room at the Sunnyside Hotel for the ranchers at three o'clock?,54:75:SL:TIME,[IN:restaurant_reservation [SL:TIME ngentsimbi yesithathu] ],TIME: ngentsimbi yesithathu,xho
kitchen_and_dining,restaurant_reservation,Please book a place for four children,41:46:SL:NUMBER,[IN:restaurant_reservation [SL:NUMBER abane] ],NUMBER: abane,xho
kitchen_and_dining,restaurant_reservation,Can I reserve a table for two at Wonga Restaurant at eight o'clock?,"29:36:SL:NUMBER,37:54:SL:RESTAURANT_NAME,55:75:SL:TIME",[IN:restaurant_reservation [SL:NUMBER ababini] [SL:RESTAURANT_NAME eWonga Restaurant] [SL:TIME ngentsimbi yesibhozo] ],NUMBER: ababini $$ RESTAURANT_NAME: eWonga Restaurant $$ TIME: ngentsimbi yesibhozo,xho
kitchen_and_dining,restaurant_reservation,Can I get a table for eight at eight o'clock at Hummy Burgers under the name of Aphiwe?,"31:41:SL:NUMBER,42:62:SL:TIME,63:77:SL:RESTAURANT_NAME,94:104:SL:PERSONAL_NAME",[IN:restaurant_reservation [SL:NUMBER abasibhozo] [SL:TIME ngentsimbi yesibhozo] [SL:RESTAURANT_NAME eHummy Burgers] [SL:PERSONAL_NAME likaAphiwe] ],NUMBER: abasibhozo $$ TIME: ngentsimbi yesibhozo $$ RESTAURANT_NAME: eHummy Burgers $$ PERSONAL_NAME: likaAphiwe,xho
kitchen_and_dining,restaurant_reservation,Please reserve a table for two at Andrew's over there at around 6:00,"39:46:SL:NUMBER,47:54:SL:RESTAURANT_NAME",[IN:restaurant_reservation [SL:NUMBER ababini] [SL:RESTAURANT_NAME eAndrew] ],NUMBER: ababini $$ RESTAURANT_NAME: eAndrew,xho
kitchen_and_dining,restaurant_reservation,Please sign me up at Roman's Pizza at 8:00 under the last name,"22:36:SL:RESTAURANT_NAME,37:57:SL:TIME",[IN:restaurant_reservation [SL:RESTAURANT_NAME eRoman's Pizza] [SL:TIME ngentsimbi yesibhozo] ],RESTAURANT_NAME: eRoman's Pizza $$ TIME: ngentsimbi yesibhozo,xho
kitchen_and_dining,restaurant_reservation,Can you get me a biscuit at six o'clock at Banjo Restaurant in February?,"28:52:SL:TIME,53:71:SL:RESTAURANT_NAME,82:93:SL:DATE",[IN:restaurant_reservation [SL:TIME ngentsimbi yesithandathu] [SL:RESTAURANT_NAME eBhanjo Restaurant] [SL:DATE kaFebruwari] ],TIME: ngentsimbi yesithandathu $$ RESTAURANT_NAME: eBhanjo Restaurant $$ DATE: kaFebruwari,xho
kitchen_and_dining,restaurant_reservation,Can you make a reservation for two people for Meet Up at six o'clock today?,"47:55:SL:RESTAURANT_NAME,56:80:SL:TIME",[IN:restaurant_reservation [SL:RESTAURANT_NAME eMeet Up] [SL:TIME ngentsimbi yesithandathu] ],RESTAURANT_NAME: eMeet Up $$ TIME: ngentsimbi yesithandathu,xho
kitchen_and_dining,restaurant_reservation,Can you arrange a reservation for five at Outback Steakhouse on February 28th at 7:00 PM?,"37:45:SL:NUMBER,46:65:SL:RESTAURANT_NAME,66:83:SL:DATE,84:94:SL:TIME",[IN:restaurant_reservation [SL:NUMBER abahlanu] [SL:RESTAURANT_NAME eOutback Steakhouse] [SL:DATE nge28 kaFebruwari] [SL:TIME ngo7:00 PM] ],NUMBER: abahlanu $$ RESTAURANT_NAME: eOutback Steakhouse $$ DATE: nge28 kaFebruwari $$ TIME: ngo7:00 PM,xho
kitchen_and_dining,restaurant_reservation,Can you help arrange a reservation for one person at the Mandisi Guesthouse on March 3 at 4:00 PM?,"49:54:SL:NUMBER,55:76:SL:HOTEL_NAME,77:90:SL:DATE,91:101:SL:TIME",[IN:restaurant_reservation [SL:NUMBER omnye] [SL:HOTEL_NAME kwaMandisi Guesthouse] [SL:DATE nge3 kaMatshi] [SL:TIME ngo4:00 PM] ],NUMBER: omnye $$ HOTEL_NAME: kwaMandisi Guesthouse $$ DATE: nge3 kaMatshi $$ TIME: ngo4:00 PM,xho
kitchen_and_dining,restaurant_reservation,Can you help me book a party for two at Grand West events on February 22nd at 2:00 PM?,"41:59:SL:RESTAURANT_NAME,60:79:SL:DATE,80:90:SL:TIME",[IN:restaurant_reservation [SL:RESTAURANT_NAME eGrand West events] [SL:DATE nge22nd kaFebruwari] [SL:TIME ngo2:00 PM] ],RESTAURANT_NAME: eGrand West events $$ DATE: nge22nd kaFebruwari $$ TIME: ngo2:00 PM,xho
kitchen_and_dining,restaurant_reservation,Can you help me make a reservation for three people at Superbig Holdings at 8:00 PM?,"42:51:SL:NUMBER,52:70:SL:RESTAURANT_NAME,71:81:SL:TIME",[IN:restaurant_reservation [SL:NUMBER abathathu] [SL:RESTAURANT_NAME eSuperbig Holdings] [SL:TIME ngo8:00 PM] ],NUMBER: abathathu $$ RESTAURANT_NAME: eSuperbig Holdings $$ TIME: ngo8:00 PM,xho
kitchen_and_dining,restaurant_reservation,Can I make a reservation for three people in Seaview at 8:00 PM?,"35:44:SL:NUMBER,45:53:SL:RESTAURANT_NAME,54:64:SL:TIME",[IN:restaurant_reservation [SL:NUMBER abathathu] [SL:RESTAURANT_NAME eSeaview] [SL:TIME ngo8:00 PM] ],NUMBER: abathathu $$ RESTAURANT_NAME: eSeaview $$ TIME: ngo8:00 PM,xho
kitchen_and_dining,restaurant_reservation,Could you please book 8:00 PM in Menlyn under the name Kevin?,"27:35:SL:TIME,36:43:SL:PLACE_NAME,60:69:SL:PERSONAL_NAME",[IN:restaurant_reservation [SL:TIME u8:00 PM] [SL:PLACE_NAME eMenlyn] [SL:PERSONAL_NAME likaKevin] ],TIME: u8:00 PM $$ PLACE_NAME: eMenlyn $$ PERSONAL_NAME: likaKevin,xho
kitchen_and_dining,restaurant_reservation,Can you help me book a place at 8:00 PM at Hazel Restaurant under the name of Andie?,"39:49:SL:TIME,50:67:SL:RESTAURANT_NAME,84:94:SL:PERSONAL_NAME",[IN:restaurant_reservation [SL:TIME ngo8:00 PM] [SL:RESTAURANT_NAME eHazel Restaurant] [SL:PERSONAL_NAME likaAndile] ],TIME: ngo8:00 PM $$ RESTAURANT_NAME: eHazel Restaurant $$ PERSONAL_NAME: likaAndile,xho
kitchen_and_dining,restaurant_reservation,Can you help me book a table for four at Rapsodys under Diko's name at 7:00 PM?,"43:48:SL:NUMBER,49:58:SL:RESTAURANT_NAME,75:83:SL:PERSONAL_NAME,84:94:SL:TIME",[IN:restaurant_reservation [SL:NUMBER abane] [SL:RESTAURANT_NAME eRapsodys] [SL:PERSONAL_NAME likaDiko] [SL:TIME ngo7:00 PM] ],NUMBER: abane $$ RESTAURANT_NAME: eRapsodys $$ PERSONAL_NAME: likaDiko $$ TIME: ngo7:00 PM,xho
kitchen_and_dining,restaurant_reservation,Can you make a reservation for four at Hazel Restaurant under the name of Andy at 7?,"44:49:SL:NUMBER,50:67:SL:RESTAURANT_NAME,84:94:SL:PERSONAL_NAME,95:99:SL:TIME",[IN:restaurant_reservation [SL:NUMBER abane] [SL:RESTAURANT_NAME eHazel Restaurant] [SL:PERSONAL_NAME likaAndile] [SL:TIME ngo7] ],NUMBER: abane $$ RESTAURANT_NAME: eHazel Restaurant $$ PERSONAL_NAME: likaAndile $$ TIME: ngo7,xho
kitchen_and_dining,restaurant_reservation,Can you book a table for four at Roiz Eatings under the name of Sisipho at 7:00 PM?,"36:41:SL:NUMBER,42:55:SL:RESTAURANT_NAME,72:83:SL:PERSONAL_NAME,84:94:SL:TIME",[IN:restaurant_reservation [SL:NUMBER abane] [SL:RESTAURANT_NAME eRoiz Eatings] [SL:PERSONAL_NAME likaSisipho] [SL:TIME ngo7:00 PM] ],NUMBER: abane $$ RESTAURANT_NAME: eRoiz Eatings $$ PERSONAL_NAME: likaSisipho $$ TIME: ngo7:00 PM,xho
kitchen_and_dining,restaurant_reservation,Please make a reservation for four at Mimosa under the name of Thabiso at eight o'clock.,"34:39:SL:NUMBER,40:47:SL:RESTAURANT_NAME,64:75:SL:PERSONAL_NAME,76:96:SL:TIME",[IN:restaurant_reservation [SL:NUMBER abane] [SL:RESTAURANT_NAME eMimosa] [SL:PERSONAL_NAME likaThabiso] [SL:TIME ngentsimbi yesibhozo] ],NUMBER: abane $$ RESTAURANT_NAME: eMimosa $$ PERSONAL_NAME: likaThabiso $$ TIME: ngentsimbi yesibhozo,xho
kitchen_and_dining,restaurant_reservation,I'd like to sign up eight people in Radwins at 8:00,"34:44:SL:NUMBER,45:53:SL:RESTAURANT_NAME,54:74:SL:TIME",[IN:restaurant_reservation [SL:NUMBER abasibhozo] [SL:RESTAURANT_NAME eRadwins] [SL:TIME ngentsimbi yesibhozo] ],NUMBER: abasibhozo $$ RESTAURANT_NAME: eRadwins $$ TIME: ngentsimbi yesibhozo,xho
kitchen_and_dining,restaurant_reservation,Please register four persons in Nandos using Zethu's name,"24:29:SL:NUMBER,30:37:SL:RESTAURANT_NAME,55:64:SL:PERSONAL_NAME",[IN:restaurant_reservation [SL:NUMBER abane] [SL:RESTAURANT_NAME eNandos] [SL:PERSONAL_NAME likaZethu] ],NUMBER: abane $$ RESTAURANT_NAME: eNandos $$ PERSONAL_NAME: likaZethu,xho
kitchen_and_dining,restaurant_reservation,I'm thinking of booking in Mimosa at 8 o'clock for three people.,"21:28:SL:RESTAURANT_NAME,29:50:SL:TIME,72:81:SL:NUMBER",[IN:restaurant_reservation [SL:RESTAURANT_NAME eMimosa] [SL:TIME ngenstsimbi yesibhozo] [SL:NUMBER abathathu] ],RESTAURANT_NAME: eMimosa $$ TIME: ngenstsimbi yesibhozo $$ NUMBER: abathathu,xho
kitchen_and_dining,restaurant_reservation,Can you please book 8:00 PM at Red Foods under the name Yongama?,"27:35:SL:TIME,36:46:SL:RESTAURANT_NAME,63:74:SL:PERSONAL_NAME",[IN:restaurant_reservation [SL:TIME u8:00 PM] [SL:RESTAURANT_NAME eRed Foods] [SL:PERSONAL_NAME likaYongama] ],TIME: u8:00 PM $$ RESTAURANT_NAME: eRed Foods $$ PERSONAL_NAME: likaYongama,xho
kitchen_and_dining,restaurant_reservation,Please continue booking at 8 under the name Sisanda,"27:31:SL:TIME,48:59:SL:PERSONAL_NAME",[IN:restaurant_reservation [SL:TIME ngo8] [SL:PERSONAL_NAME likaSisanda] ],TIME: ngo8 $$ PERSONAL_NAME: likaSisanda,xho
kitchen_and_dining,restaurant_reservation,Please book me at 8 at Libalele Club under the name of Ndikho,"22:26:SL:TIME,27:41:SL:PLACE_NAME,58:68:SL:PERSONAL_NAME",[IN:restaurant_reservation [SL:TIME ngo8] [SL:PLACE_NAME eLibalele Club] [SL:PERSONAL_NAME likaNdikho] ],TIME: ngo8 $$ PLACE_NAME: eLibalele Club $$ PERSONAL_NAME: likaNdikho,xho
kitchen_and_dining,restaurant_reservation,Please make a reservation at the Nita Restaurant at 8:00 using the name of Anddile,"18:34:SL:RESTAURANT_NAME,35:54:SL:TIME,72:82:SL:PERSONAL_NAME",[IN:restaurant_reservation [SL:RESTAURANT_NAME eNita Restaurant] [SL:TIME ngetsimbi yesibhozo] [SL:PERSONAL_NAME likaAndile] ],RESTAURANT_NAME: eNita Restaurant $$ TIME: ngetsimbi yesibhozo $$ PERSONAL_NAME: likaAndile,xho
kitchen_and_dining,restaurant_reservation,Can you make a reservation for two at the Native Eating Court at 5 today?,"45:66:SL:RESTAURANT_NAME,67:71:SL:TIME,72:81:SL:DATE",[IN:restaurant_reservation [SL:RESTAURANT_NAME eMhlanga Eating Court] [SL:TIME ngo5] [SL:DATE namhlanje] ],RESTAURANT_NAME: eMhlanga Eating Court $$ TIME: ngo5 $$ DATE: namhlanje,xho
kitchen_and_dining,restaurant_reservation,Please make a reservation for two people today at 5 o'clock at the Loftus Park Hotel,"33:40:SL:NUMBER,41:50:SL:DATE,51:55:SL:TIME,56:74:SL:HOTEL_NAME",[IN:restaurant_reservation [SL:NUMBER ababini] [SL:DATE namhlanje] [SL:TIME ngo5] [SL:HOTEL_NAME eLoftus Park Hotel] ],NUMBER: ababini $$ DATE: namhlanje $$ TIME: ngo5 $$ HOTEL_NAME: eLoftus Park Hotel,xho
kitchen_and_dining,restaurant_reservation,You can protest two-person spot in Spitpar at 5 today,"37:44:SL:NUMBER,45:53:SL:RESTAURANT_NAME,54:58:SL:TIME,59:68:SL:DATE",[IN:restaurant_reservation [SL:NUMBER ababini] [SL:RESTAURANT_NAME eSpitpar] [SL:TIME ngo5] [SL:DATE namhlanje] ],NUMBER: ababini $$ RESTAURANT_NAME: eSpitpar $$ TIME: ngo5 $$ DATE: namhlanje,xho
kitchen_and_dining,restaurant_reservation,Please reserve a table for two tonight at the Loftus Park Hotel at 2:00,"34:41:SL:NUMBER,42:51:SL:DATE,52:69:SL:HOTEL_NAME,70:89:SL:TIME",[IN:restaurant_reservation [SL:NUMBER ababini] [SL:DATE namhlanje] [SL:HOTEL_NAME Loftus Park Hotel] [SL:TIME ngentsimbi yesibini] ],NUMBER: ababini $$ DATE: namhlanje $$ HOTEL_NAME: Loftus Park Hotel $$ TIME: ngentsimbi yesibini,xho
kitchen_and_dining,restaurant_reservation,Write Melissa to set up a table for two at Lucky Bar at 7,"8:15:SL:PERSONAL_NAME,38:45:SL:NUMBER,46:56:SL:RESTAURANT_NAME,57:61:SL:TIME",[IN:restaurant_reservation [SL:PERSONAL_NAME Melissa] [SL:NUMBER ababini] [SL:RESTAURANT_NAME eLucky Bar] [SL:TIME ngo7] ],PERSONAL_NAME: Melissa $$ NUMBER: ababini $$ RESTAURANT_NAME: eLucky Bar $$ TIME: ngo7,xho
kitchen_and_dining,restaurant_reservation,Can you please reserve a table for two at Sam's Steakhouse under an assumed name at 6:30 PM?,"36:43:SL:NUMBER,44:61:SL:RESTAURANT_NAME,78:87:SL:PERSONAL_NAME,88:98:SL:TIME",[IN:restaurant_reservation [SL:NUMBER ababini] [SL:RESTAURANT_NAME eSam's Steakhouse] [SL:PERSONAL_NAME likalutho] [SL:TIME ngo6:30 PM] ],NUMBER: ababini $$ RESTAURANT_NAME: eSam's Steakhouse $$ PERSONAL_NAME: likalutho $$ TIME: ngo6:30 PM,xho
kitchen_and_dining,restaurant_reservation,Can you help me set up a table for three at Lucky's under Zandi's name at 8:00 PM?,"41:51:SL:NUMBER,52:60:SL:RESTAURANT_NAME,77:86:SL:PERSONAL_NAME,87:97:SL:TIME",[IN:restaurant_reservation [SL:NUMBER yabathathu] [SL:RESTAURANT_NAME kwaLucky] [SL:PERSONAL_NAME likaZandi] [SL:TIME ngo8:00 PM] ],NUMBER: yabathathu $$ RESTAURANT_NAME: kwaLucky $$ PERSONAL_NAME: likaZandi $$ TIME: ngo8:00 PM,xho
kitchen_and_dining,restaurant_reservation,Can you help schedule a second reservation at Nandos under the name Sam at 7:30 PM?,"40:47:SL:RESTAURANT_NAME,64:71:SL:PERSONAL_NAME,72:82:SL:TIME",[IN:restaurant_reservation [SL:RESTAURANT_NAME eNandos] [SL:PERSONAL_NAME likaSam] [SL:TIME ngo7:30 PM] ],RESTAURANT_NAME: eNandos $$ PERSONAL_NAME: likaSam $$ TIME: ngo7:30 PM,xho
kitchen_and_dining,restaurant_reservation,Can you help me book a table for six at KFC under the name of the Mediator at 5:00 PM?,"36:48:SL:NUMBER,49:55:SL:RESTAURANT_NAME,72:82:SL:PERSONAL_NAME,83:93:SL:TIME",[IN:restaurant_reservation [SL:NUMBER abathandathu] [SL:RESTAURANT_NAME kwaKFC] [SL:PERSONAL_NAME likaMlamli] [SL:TIME ngo5:00 PM] ],NUMBER: abathandathu $$ RESTAURANT_NAME: kwaKFC $$ PERSONAL_NAME: likaMlamli $$ TIME: ngo5:00 PM,xho
kitchen_and_dining,restaurant_reservation,Is there a reservation at Nicks Chillas today?,"32:48:SL:RESTAURANT_NAME,49:58:SL:DATE",[IN:restaurant_reservation [SL:RESTAURANT_NAME kwaNicks Chillas] [SL:DATE namhlanje] ],RESTAURANT_NAME: kwaNicks Chillas $$ DATE: namhlanje,xho
kitchen_and_dining,restaurant_reservation,Are there any tables available at Ruth Braai's at 8:00 tonight?,"26:39:SL:RESTAURANT_NAME,40:52:SL:TIME,53:62:SL:DATE",[IN:restaurant_reservation [SL:RESTAURANT_NAME kwaRuth Braai] [SL:TIME ngo8 ebusuku] [SL:DATE namhlanje] ],RESTAURANT_NAME: kwaRuth Braai $$ TIME: ngo8 ebusuku $$ DATE: namhlanje,xho
kitchen_and_dining,restaurant_reservation,Please register a property for three people in England under the name of Sipho,"32:41:SL:NUMBER,42:50:SL:RESTAURANT_NAME,68:77:SL:PERSONAL_NAME",[IN:restaurant_reservation [SL:NUMBER abathathu] [SL:RESTAURANT_NAME kwaNgele] [SL:PERSONAL_NAME likaSipho] ],NUMBER: abathathu $$ RESTAURANT_NAME: kwaNgele $$ PERSONAL_NAME: likaSipho,xho
kitchen_and_dining,restaurant_reviews,How do people feel about Woolworths food.,,[IN:restaurant_reviews ],,xho
kitchen_and_dining,restaurant_reviews,How did people react to the Tashas' food?,29:42:SL:RESTAURANT_NAME,[IN:restaurant_reviews [SL:RESTAURANT_NAME kwakwa-Tashas] ],RESTAURANT_NAME: kwakwa-Tashas,xho
kitchen_and_dining,restaurant_reviews,How do people feel about Simply Asian food?,29:47:SL:RESTAURANT_NAME,[IN:restaurant_reviews [SL:RESTAURANT_NAME kwakwa-Simply Asia] ],RESTAURANT_NAME: kwakwa-Simply Asia,xho
kitchen_and_dining,restaurant_reviews,How do people feel about the food of the Rocomamas?,29:45:SL:RESTAURANT_NAME,[IN:restaurant_reviews [SL:RESTAURANT_NAME kwakwa-Rocomamas] ],RESTAURANT_NAME: kwakwa-Rocomamas,xho
kitchen_and_dining,restaurant_reviews,How do people feel about the food of the Buger king?,29:46:SL:RESTAURANT_NAME,[IN:restaurant_reviews [SL:RESTAURANT_NAME kwakwa-Buger king] ],RESTAURANT_NAME: kwakwa-Buger king,xho
kitchen_and_dining,restaurant_reviews,How do people feel about McDonald's food?,29:45:SL:RESTAURANT_NAME,[IN:restaurant_reviews [SL:RESTAURANT_NAME kwakwa-McDonalds] ],RESTAURANT_NAME: kwakwa-McDonalds,xho
kitchen_and_dining,restaurant_reviews,How do people feel about the food of Kauai?,29:41:SL:RESTAURANT_NAME,[IN:restaurant_reviews [SL:RESTAURANT_NAME kwakwa-Kauai] ],RESTAURANT_NAME: kwakwa-Kauai,xho
kitchen_and_dining,restaurant_reviews,How do people feel about the fried tables of KFC.,"20:43:SL:DISH_OR_FOOD,44:53:SL:RESTAURANT_NAME",[IN:restaurant_reviews [SL:DISH_OR_FOOD ngeetabile ezifrayiweyo] [SL:RESTAURANT_NAME zakwa-KFC] ],DISH_OR_FOOD: ngeetabile ezifrayiweyo $$ RESTAURANT_NAME: zakwa-KFC,xho
kitchen_and_dining,restaurant_reviews,How do people feel about McDonald's fried tables?,"20:43:SL:DISH_OR_FOOD,44:59:SL:RESTAURANT_NAME",[IN:restaurant_reviews [SL:DISH_OR_FOOD ngeetabile ezifrayiweyo] [SL:RESTAURANT_NAME zakwa-McDonalds] ],DISH_OR_FOOD: ngeetabile ezifrayiweyo $$ RESTAURANT_NAME: zakwa-McDonalds,xho
kitchen_and_dining,restaurant_reviews,How do people feel about the Chicken Licken fried tables?,"20:43:SL:DISH_OR_FOOD,44:64:SL:RESTAURANT_NAME",[IN:restaurant_reviews [SL:DISH_OR_FOOD ngeetabile ezifrayiweyo] [SL:RESTAURANT_NAME zakwa-Chicken Licken] ],DISH_OR_FOOD: ngeetabile ezifrayiweyo $$ RESTAURANT_NAME: zakwa-Chicken Licken,xho
kitchen_and_dining,restaurant_reviews,How do people feel about Hungry Lion's fried tables.,"20:43:SL:DISH_OR_FOOD,44:61:SL:RESTAURANT_NAME",[IN:restaurant_reviews [SL:DISH_OR_FOOD ngeetabile ezifrayiweyo] [SL:RESTAURANT_NAME zakwa-Hungry Lion] ],DISH_OR_FOOD: ngeetabile ezifrayiweyo $$ RESTAURANT_NAME: zakwa-Hungry Lion,xho
kitchen_and_dining,restaurant_reviews,How do people feel about Steers' fried tables?,"20:43:SL:DISH_OR_FOOD,44:56:SL:RESTAURANT_NAME",[IN:restaurant_reviews [SL:DISH_OR_FOOD ngeetabile ezifrayiweyo] [SL:RESTAURANT_NAME zakwa-Steers] ],DISH_OR_FOOD: ngeetabile ezifrayiweyo $$ RESTAURANT_NAME: zakwa-Steers,xho
kitchen_and_dining,restaurant_reviews,How do people feel about Spurs' fried tables?,"20:43:SL:DISH_OR_FOOD,44:54:SL:RESTAURANT_NAME",[IN:restaurant_reviews [SL:DISH_OR_FOOD ngeetabile ezifrayiweyo] [SL:RESTAURANT_NAME zakwa-Spur] ],DISH_OR_FOOD: ngeetabile ezifrayiweyo $$ RESTAURANT_NAME: zakwa-Spur,xho
kitchen_and_dining,restaurant_reviews,How do people feel about Rocomamas' deep-fried tables?,"20:43:SL:DISH_OR_FOOD,44:59:SL:RESTAURANT_NAME",[IN:restaurant_reviews [SL:DISH_OR_FOOD ngeetabile ezifrayiweyo] [SL:RESTAURANT_NAME zakwa-Rocomamas] ],DISH_OR_FOOD: ngeetabile ezifrayiweyo $$ RESTAURANT_NAME: zakwa-Rocomamas,xho
kitchen_and_dining,restaurant_reviews,How do people feel about Fishaways' fried tables.,"20:43:SL:DISH_OR_FOOD,44:59:SL:RESTAURANT_NAME",[IN:restaurant_reviews [SL:DISH_OR_FOOD ngeetabile ezifrayiweyo] [SL:RESTAURANT_NAME zakwa-Fishaways] ],DISH_OR_FOOD: ngeetabile ezifrayiweyo $$ RESTAURANT_NAME: zakwa-Fishaways,xho
kitchen_and_dining,restaurant_reviews,How do people feel about Wimpy's fried tables.,"20:43:SL:DISH_OR_FOOD,44:55:SL:RESTAURANT_NAME",[IN:restaurant_reviews [SL:DISH_OR_FOOD ngeetabile ezifrayiweyo] [SL:RESTAURANT_NAME zakwa-Wimpy] ],DISH_OR_FOOD: ngeetabile ezifrayiweyo $$ RESTAURANT_NAME: zakwa-Wimpy,xho
kitchen_and_dining,restaurant_reviews,What is the reaction to Sbarro's pizza?,"20:28:SL:DISH_OR_FOOD,29:42:SL:RESTAURANT_NAME",[IN:restaurant_reviews [SL:DISH_OR_FOOD ngepitsa] [SL:RESTAURANT_NAME yakwa- Sbarro] ],DISH_OR_FOOD: ngepitsa $$ RESTAURANT_NAME: yakwa- Sbarro,xho
kitchen_and_dining,restaurant_reviews,Tell me about people's opinions about KFC food.,43:52:SL:RESTAURANT_NAME,[IN:restaurant_reviews [SL:RESTAURANT_NAME kwase-KFC] ],RESTAURANT_NAME: kwase-KFC,xho
kitchen_and_dining,restaurant_reviews,Tell me about people's reactions to the chickenlicken dish.,43:62:SL:RESTAURANT_NAME,[IN:restaurant_reviews [SL:RESTAURANT_NAME kwase-chickenlicken] ],RESTAURANT_NAME: kwase-chickenlicken,xho
kitchen_and_dining,restaurant_reviews,Tell me about people's reactions to Steers' food,43:55:SL:RESTAURANT_NAME,[IN:restaurant_reviews [SL:RESTAURANT_NAME kwase-Steers] ],RESTAURANT_NAME: kwase-Steers,xho
kitchen_and_dining,restaurant_reviews,Tell me about the people's opinions about the food of Nando's.,43:55:SL:RESTAURANT_NAME,[IN:restaurant_reviews [SL:RESTAURANT_NAME kwase-Nandos] ],RESTAURANT_NAME: kwase-Nandos,xho
kitchen_and_dining,restaurant_reviews,Tell me about the people's reactions to Wimpy food.,43:54:SL:RESTAURANT_NAME,[IN:restaurant_reviews [SL:RESTAURANT_NAME kwase-Wimpy] ],RESTAURANT_NAME: kwase-Wimpy,xho
kitchen_and_dining,restaurant_reviews,Tell me about the people's reactions to the food of the Debonairs.,43:58:SL:RESTAURANT_NAME,[IN:restaurant_reviews [SL:RESTAURANT_NAME kwase-Debonairs] ],RESTAURANT_NAME: kwase-Debonairs,xho
kitchen_and_dining,restaurant_reviews,Tell me about the people's opinions about the McDonalds food.,43:58:SL:RESTAURANT_NAME,[IN:restaurant_reviews [SL:RESTAURANT_NAME kwase-McDonalds] ],RESTAURANT_NAME: kwase-McDonalds,xho
kitchen_and_dining,restaurant_reviews,Tell me about people's reactions to Fishaways food.,43:58:SL:RESTAURANT_NAME,[IN:restaurant_reviews [SL:RESTAURANT_NAME kwase-Fishaways] ],RESTAURANT_NAME: kwase-Fishaways,xho
kitchen_and_dining,restaurant_reviews,Tell me about the people's opinions about the food of the Buger king.,43:59:SL:RESTAURANT_NAME,[IN:restaurant_reviews [SL:RESTAURANT_NAME kwase-Buger king] ],RESTAURANT_NAME: kwase-Buger king,xho
kitchen_and_dining,restaurant_reviews,Tell me about the people's opinions about the food of the Rocomamas,43:58:SL:RESTAURANT_NAME,[IN:restaurant_reviews [SL:RESTAURANT_NAME kwase-Rocomamas] ],RESTAURANT_NAME: kwase-Rocomamas,xho
kitchen_and_dining,restaurant_reviews,Tell me about the people's reactions to the Pizza hut food.,43:58:SL:RESTAURANT_NAME,[IN:restaurant_reviews [SL:RESTAURANT_NAME kwase-Pizza hut] ],RESTAURANT_NAME: kwase-Pizza hut,xho
kitchen_and_dining,restaurant_reviews,Tell me about what people think about Simply Asian food.,43:60:SL:RESTAURANT_NAME,[IN:restaurant_reviews [SL:RESTAURANT_NAME kwase-Simply Asia] ],RESTAURANT_NAME: kwase-Simply Asia,xho
kitchen_and_dining,restaurant_reviews,Tell me about people's opinions about Kauai food.,43:54:SL:RESTAURANT_NAME,[IN:restaurant_reviews [SL:RESTAURANT_NAME kwase-Kauai] ],RESTAURANT_NAME: kwase-Kauai,xho
kitchen_and_dining,restaurant_reviews,Tell me about the people's opinions about Romani food.,43:55:SL:RESTAURANT_NAME,[IN:restaurant_reviews [SL:RESTAURANT_NAME kwase-Romans] ],RESTAURANT_NAME: kwase-Romans,xho
kitchen_and_dining,restaurant_reviews,Does KFC have positive public opinion about the drugs they sell?,7:12:SL:RESTAURANT_NAME,[IN:restaurant_reviews [SL:RESTAURANT_NAME u-KFC] ],RESTAURANT_NAME: u-KFC,xho
kitchen_and_dining,restaurant_reviews,Does Chickenlicken have positive public opinion about the drugs they sell?,7:22:SL:RESTAURANT_NAME,[IN:restaurant_reviews [SL:RESTAURANT_NAME u-Chickenlicken] ],RESTAURANT_NAME: u-Chickenlicken,xho
kitchen_and_dining,restaurant_reviews,Steers has a positive public opinion about the drugs they sell.,7:15:SL:RESTAURANT_NAME,[IN:restaurant_reviews [SL:RESTAURANT_NAME u-Steers] ],RESTAURANT_NAME: u-Steers,xho
kitchen_and_dining,restaurant_reviews,Do Nandos have a positive public opinion about the drugs they sell.,7:15:SL:RESTAURANT_NAME,[IN:restaurant_reviews [SL:RESTAURANT_NAME u-Nandos] ],RESTAURANT_NAME: u-Nandos,xho
kitchen_and_dining,restaurant_reviews,Wimpy has a positive public opinion about the drugs they sell.,7:14:SL:RESTAURANT_NAME,[IN:restaurant_reviews [SL:RESTAURANT_NAME u-Wimpy] ],RESTAURANT_NAME: u-Wimpy,xho
kitchen_and_dining,restaurant_reviews,Debonais has a positive public opinion about the drugs they sell.,7:17:SL:RESTAURANT_NAME,[IN:restaurant_reviews [SL:RESTAURANT_NAME u-Debonais] ],RESTAURANT_NAME: u-Debonais,xho
kitchen_and_dining,restaurant_reviews,Does McDonalds have a positive public opinion about the drugs they sell?,7:18:SL:RESTAURANT_NAME,[IN:restaurant_reviews [SL:RESTAURANT_NAME u-McDonalds] ],RESTAURANT_NAME: u-McDonalds,xho
kitchen_and_dining,restaurant_reviews,Does Fishaways have positive public opinion about the drugs they sell?,7:18:SL:RESTAURANT_NAME,[IN:restaurant_reviews [SL:RESTAURANT_NAME u-Fishaways] ],RESTAURANT_NAME: u-Fishaways,xho
kitchen_and_dining,restaurant_reviews,Does Buger King have a positive public opinion about the drugs they sell?,7:19:SL:RESTAURANT_NAME,[IN:restaurant_reviews [SL:RESTAURANT_NAME u-Buger King] ],RESTAURANT_NAME: u-Buger King,xho
kitchen_and_dining,restaurant_reviews,Do Rocomamas have positive public opinion about the drugs they sell.,7:18:SL:RESTAURANT_NAME,[IN:restaurant_reviews [SL:RESTAURANT_NAME u-Rocomamas] ],RESTAURANT_NAME: u-Rocomamas,xho
kitchen_and_dining,restaurant_reviews,Does Pizza Hut have positive feedback about the products they sell?,7:18:SL:RESTAURANT_NAME,[IN:restaurant_reviews [SL:RESTAURANT_NAME u-Pizza Hut] ],RESTAURANT_NAME: u-Pizza Hut,xho
kitchen_and_dining,restaurant_reviews,Does Simply Asia have positive public opinion about the drugs they sell?,7:20:SL:RESTAURANT_NAME,[IN:restaurant_reviews [SL:RESTAURANT_NAME u-Simply Asia] ],RESTAURANT_NAME: u-Simply Asia,xho
kitchen_and_dining,restaurant_reviews,Does Kauai have a positive public opinion about the drugs they sell?,7:14:SL:RESTAURANT_NAME,[IN:restaurant_reviews [SL:RESTAURANT_NAME u-Kauai] ],RESTAURANT_NAME: u-Kauai,xho
kitchen_and_dining,restaurant_reviews,Do the Romans have a positive public opinion about the drugs they sell?,7:15:SL:RESTAURANT_NAME,[IN:restaurant_reviews [SL:RESTAURANT_NAME u-Romans] ],RESTAURANT_NAME: u-Romans,xho
kitchen_and_dining,restaurant_reviews,Does Tasha have positive public opinion about the drugs they sell.,7:15:SL:RESTAURANT_NAME,[IN:restaurant_reviews [SL:RESTAURANT_NAME u-Tashas] ],RESTAURANT_NAME: u-Tashas,xho
kitchen_and_dining,restaurant_reviews,Does Hungry Lion have positive public opinion about the drugs they sell?,7:20:SL:RESTAURANT_NAME,[IN:restaurant_reviews [SL:RESTAURANT_NAME u-Hungry Lion] ],RESTAURANT_NAME: u-Hungry Lion,xho
kitchen_and_dining,restaurant_reviews,Does Spur have positive public opinion about the drugs they sell.,7:13:SL:RESTAURANT_NAME,[IN:restaurant_reviews [SL:RESTAURANT_NAME u-Spur] ],RESTAURANT_NAME: u-Spur,xho
kitchen_and_dining,restaurant_reviews,Does Zebros have a positive public opinion about the drugs they sell.,7:15:SL:RESTAURANT_NAME,[IN:restaurant_reviews [SL:RESTAURANT_NAME u-Zebros] ],RESTAURANT_NAME: u-Zebros,xho
kitchen_and_dining,restaurant_reviews,Does Dominos have a positive public opinion about the drugs they sell?,7:16:SL:RESTAURANT_NAME,[IN:restaurant_reviews [SL:RESTAURANT_NAME u-Dominos] ],RESTAURANT_NAME: u-Dominos,xho
kitchen_and_dining,restaurant_reviews,How is the KFC food.,15:25:SL:RESTAURANT_NAME,[IN:restaurant_reviews [SL:RESTAURANT_NAME kwakwa-KFC] ],RESTAURANT_NAME: kwakwa-KFC,xho
kitchen_and_dining,restaurant_reviews,What's Steers' food like?,15:28:SL:RESTAURANT_NAME,[IN:restaurant_reviews [SL:RESTAURANT_NAME kwakwa-Steers] ],RESTAURANT_NAME: kwakwa-Steers,xho
kitchen_and_dining,restaurant_reviews,How is the food of the Debonairs.,15:31:SL:RESTAURANT_NAME,[IN:restaurant_reviews [SL:RESTAURANT_NAME kwakwa-Debonairs] ],RESTAURANT_NAME: kwakwa-Debonairs,xho
kitchen_and_dining,restaurant_reviews,How is the McDonalds food.,15:31:SL:RESTAURANT_NAME,[IN:restaurant_reviews [SL:RESTAURANT_NAME kwakwa-McDonalds] ],RESTAURANT_NAME: kwakwa-McDonalds,xho
kitchen_and_dining,restaurant_reviews,How is the food of the Nandos?,15:28:SL:RESTAURANT_NAME,[IN:restaurant_reviews [SL:RESTAURANT_NAME kwakwa-Nandos] ],RESTAURANT_NAME: kwakwa-Nandos,xho
kitchen_and_dining,restaurant_reviews,How's the Wimpy's food.,15:27:SL:RESTAURANT_NAME,[IN:restaurant_reviews [SL:RESTAURANT_NAME kwakwa-Wimpy] ],RESTAURANT_NAME: kwakwa-Wimpy,xho
kitchen_and_dining,restaurant_reviews,How's the Fishaways' food.,15:31:SL:RESTAURANT_NAME,[IN:restaurant_reviews [SL:RESTAURANT_NAME kwakwa-Fishaways] ],RESTAURANT_NAME: kwakwa-Fishaways,xho
kitchen_and_dining,restaurant_reviews,What is the food of the Buger king?,15:32:SL:RESTAURANT_NAME,[IN:restaurant_reviews [SL:RESTAURANT_NAME kwakwa-Buger king] ],RESTAURANT_NAME: kwakwa-Buger king,xho
kitchen_and_dining,restaurant_reviews,What is the food of the Rocomamas like?,15:31:SL:RESTAURANT_NAME,[IN:restaurant_reviews [SL:RESTAURANT_NAME kwakwa-Rocomamas] ],RESTAURANT_NAME: kwakwa-Rocomamas,xho
kitchen_and_dining,restaurant_reviews,How's the food at Pizza hut?,15:31:SL:RESTAURANT_NAME,[IN:restaurant_reviews [SL:RESTAURANT_NAME kwakwa-Pizza hut] ],RESTAURANT_NAME: kwakwa-Pizza hut,xho
kitchen_and_dining,restaurant_reviews,How's the Simply Asian food?,15:33:SL:RESTAURANT_NAME,[IN:restaurant_reviews [SL:RESTAURANT_NAME kwakwa-Simply Asia] ],RESTAURANT_NAME: kwakwa-Simply Asia,xho
kitchen_and_dining,restaurant_reviews,What is the Kauai cuisine like?,15:27:SL:RESTAURANT_NAME,[IN:restaurant_reviews [SL:RESTAURANT_NAME kwakwa-Kauai] ],RESTAURANT_NAME: kwakwa-Kauai,xho
kitchen_and_dining,restaurant_reviews,What is the typical Roman meal?,15:28:SL:RESTAURANT_NAME,[IN:restaurant_reviews [SL:RESTAURANT_NAME kwakwa-Romans] ],RESTAURANT_NAME: kwakwa-Romans,xho
kitchen_and_dining,restaurant_reviews,What is the Tashan diet like?,15:28:SL:RESTAURANT_NAME,[IN:restaurant_reviews [SL:RESTAURANT_NAME kwakwa-Tashas] ],RESTAURANT_NAME: kwakwa-Tashas,xho
kitchen_and_dining,restaurant_reviews,What is the diet of the Hungry lion?,15:33:SL:RESTAURANT_NAME,[IN:restaurant_reviews [SL:RESTAURANT_NAME kwakwa-Hungry lion] ],RESTAURANT_NAME: kwakwa-Hungry lion,xho
kitchen_and_dining,restaurant_reviews,How's the food for Spur?,15:26:SL:RESTAURANT_NAME,[IN:restaurant_reviews [SL:RESTAURANT_NAME kwakwa-Spur] ],RESTAURANT_NAME: kwakwa-Spur,xho
kitchen_and_dining,restaurant_reviews,What is the diet of the Zebros?,15:28:SL:RESTAURANT_NAME,[IN:restaurant_reviews [SL:RESTAURANT_NAME kwakwa-Zebros] ],RESTAURANT_NAME: kwakwa-Zebros,xho
kitchen_and_dining,restaurant_reviews,How's the Dominos food.,15:29:SL:RESTAURANT_NAME,[IN:restaurant_reviews [SL:RESTAURANT_NAME kwakwa-Dominos] ],RESTAURANT_NAME: kwakwa-Dominos,xho
kitchen_and_dining,restaurant_reviews,How do people feel about KFC meat?,"20:28:SL:DISH_OR_FOOD,29:38:SL:RESTAURANT_NAME",[IN:restaurant_reviews [SL:DISH_OR_FOOD ngenyama] [SL:RESTAURANT_NAME yakwa-KFC] ],DISH_OR_FOOD: ngenyama $$ RESTAURANT_NAME: yakwa-KFC,xho
kitchen_and_dining,restaurant_reviews,How do people feel about Chicken licken meat?,29:49:SL:RESTAURANT_NAME,[IN:restaurant_reviews [SL:RESTAURANT_NAME yakwa-Chicken licken] ],RESTAURANT_NAME: yakwa-Chicken licken,xho
kitchen_and_dining,restaurant_reviews,How do people feel about Hungry lion meat.,29:46:SL:RESTAURANT_NAME,[IN:restaurant_reviews [SL:RESTAURANT_NAME yakwa-Hungry lion] ],RESTAURANT_NAME: yakwa-Hungry lion,xho
kitchen_and_dining,restaurant_reviews,How do people feel about the Roman pizza?,"20:28:SL:DISH_OR_FOOD,29:42:SL:RESTAURANT_NAME",[IN:restaurant_reviews [SL:DISH_OR_FOOD ngepitsa] [SL:RESTAURANT_NAME yakwa- Romans] ],DISH_OR_FOOD: ngepitsa $$ RESTAURANT_NAME: yakwa- Romans,xho
kitchen_and_dining,restaurant_reviews,How do people feel about Dominos pizza.,"20:28:SL:DISH_OR_FOOD,29:43:SL:RESTAURANT_NAME",[IN:restaurant_reviews [SL:DISH_OR_FOOD ngepitsa] [SL:RESTAURANT_NAME yakwa- Dominos] ],DISH_OR_FOOD: ngepitsa $$ RESTAURANT_NAME: yakwa- Dominos,xho
kitchen_and_dining,restaurant_reviews,How do people feel about Pizza hut pizza?,"20:28:SL:DISH_OR_FOOD,29:45:SL:RESTAURANT_NAME",[IN:restaurant_reviews [SL:DISH_OR_FOOD ngepitsa] [SL:RESTAURANT_NAME yakwa- Pizza hut] ],DISH_OR_FOOD: ngepitsa $$ RESTAURANT_NAME: yakwa- Pizza hut,xho
kitchen_and_dining,restaurant_reviews,How do people feel about Fishaways' fish?,"20:30:SL:DISH_OR_FOOD,31:46:SL:RESTAURANT_NAME",[IN:restaurant_reviews [SL:DISH_OR_FOOD ngentlanzi] [SL:RESTAURANT_NAME yakwa-Fishaways] ],DISH_OR_FOOD: ngentlanzi $$ RESTAURANT_NAME: yakwa-Fishaways,xho
kitchen_and_dining,restaurant_reviews,How do people feel about Zebros meat?,29:41:SL:RESTAURANT_NAME,[IN:restaurant_reviews [SL:RESTAURANT_NAME yakwa-Zebros] ],RESTAURANT_NAME: yakwa-Zebros,xho
kitchen_and_dining,restaurant_reviews,How do people feel about Nandos meat.,"20:28:SL:DISH_OR_FOOD,29:41:SL:RESTAURANT_NAME",[IN:restaurant_reviews [SL:DISH_OR_FOOD ngenyama] [SL:RESTAURANT_NAME yakwa-Nandos] ],DISH_OR_FOOD: ngenyama $$ RESTAURANT_NAME: yakwa-Nandos,xho
kitchen_and_dining,restaurant_reviews,How did people react to Steers' food?,29:42:SL:RESTAURANT_NAME,[IN:restaurant_reviews [SL:RESTAURANT_NAME kwakwa-Steers] ],RESTAURANT_NAME: kwakwa-Steers,xho
kitchen_and_dining,restaurant_reviews,How do people feel about Wimpy's food?,29:41:SL:RESTAURANT_NAME,[IN:restaurant_reviews [SL:RESTAURANT_NAME kwakwa-Wimpy] ],RESTAURANT_NAME: kwakwa-Wimpy,xho
kitchen_and_dining,restaurant_reviews,How did people react to Spur's food?,29:40:SL:RESTAURANT_NAME,[IN:restaurant_reviews [SL:RESTAURANT_NAME kwakwa-Spur] ],RESTAURANT_NAME: kwakwa-Spur,xho
kitchen_and_dining,restaurant_suggestion,"When I visit Bali, what restaurants can I visit?",14:19:SL:CITY_OR_PROVINCE,[IN:restaurant_suggestion [SL:CITY_OR_PROVINCE eBali] ],CITY_OR_PROVINCE: eBali,xho
kitchen_and_dining,restaurant_suggestion,"When I visit Botswana, what restaurants can I visit.",14:23:SL:COUNTRY,[IN:restaurant_suggestion [SL:COUNTRY eBotswana] ],COUNTRY: eBotswana,xho
kitchen_and_dining,restaurant_suggestion,"When I visit Lesotho, what restaurants can I visit?",14:22:SL:COUNTRY,[IN:restaurant_suggestion [SL:COUNTRY eLesotho] ],COUNTRY: eLesotho,xho
kitchen_and_dining,restaurant_suggestion,"When I visit Zimbabwe, what restaurants can I visit.",14:23:SL:COUNTRY,[IN:restaurant_suggestion [SL:COUNTRY eZimbabwe] ],COUNTRY: eZimbabwe,xho
kitchen_and_dining,restaurant_suggestion,"When I visit Zambia, what restaurants can I visit?",14:21:SL:COUNTRY,[IN:restaurant_suggestion [SL:COUNTRY eZambia] ],COUNTRY: eZambia,xho
kitchen_and_dining,restaurant_suggestion,"When I visit Uganda, what restaurants can I visit.",14:21:SL:COUNTRY,[IN:restaurant_suggestion [SL:COUNTRY eUganda] ],COUNTRY: eUganda,xho
kitchen_and_dining,restaurant_suggestion,"When I visit Senegal, what restaurants can I visit.",14:22:SL:COUNTRY,[IN:restaurant_suggestion [SL:COUNTRY eSenegal] ],COUNTRY: eSenegal,xho
kitchen_and_dining,restaurant_suggestion,Is there any good meat stores in Bei?,"7:13:SL:CITY_OR_PROVINCE,55:61:SL:DISH_OR_FOOD",[IN:restaurant_suggestion [SL:CITY_OR_PROVINCE eBhayi] [SL:DISH_OR_FOOD inyama] ],CITY_OR_PROVINCE: eBhayi $$ DISH_OR_FOOD: inyama,xho
kitchen_and_dining,restaurant_suggestion,Are there any good leather shops in Cape Town?,"7:12:SL:CITY_OR_PROVINCE,54:59:SL:DISH_OR_FOOD",[IN:restaurant_suggestion [SL:CITY_OR_PROVINCE eKapa] [SL:DISH_OR_FOOD ulusu] ],CITY_OR_PROVINCE: eKapa $$ DISH_OR_FOOD: ulusu,xho
kitchen_and_dining,restaurant_suggestion,There are good restaurants in Quonce that sell delicious meat.,"7:13:SL:CITY_OR_PROVINCE,55:75:SL:DISH_OR_FOOD",[IN:restaurant_suggestion [SL:CITY_OR_PROVINCE eQonce] [SL:DISH_OR_FOOD inyama yangaphakathi] ],CITY_OR_PROVINCE: eQonce $$ DISH_OR_FOOD: inyama yangaphakathi,xho
kitchen_and_dining,restaurant_suggestion,Are there any good places in Komani that sell sweet potatoes?,"7:14:SL:CITY_OR_PROVINCE,56:65:SL:DISH_OR_FOOD",[IN:restaurant_suggestion [SL:CITY_OR_PROVINCE eKomani] [SL:DISH_OR_FOOD amagwinya] ],CITY_OR_PROVINCE: eKomani $$ DISH_OR_FOOD: amagwinya,xho
kitchen_and_dining,restaurant_suggestion,There are probably good places in Mthatha that sell the side of a sweet lamb.,"7:15:SL:CITY_OR_PROVINCE,57:70:SL:DISH_OR_FOOD",[IN:restaurant_suggestion [SL:CITY_OR_PROVINCE eMthatha] [SL:DISH_OR_FOOD icala legusha] ],CITY_OR_PROVINCE: eMthatha $$ DISH_OR_FOOD: icala legusha,xho
kitchen_and_dining,restaurant_suggestion,Do you know of any good places in Tinarha that sell delicious head meat?,"7:15:SL:CITY_OR_PROVINCE,57:72:SL:DISH_OR_FOOD",[IN:restaurant_suggestion [SL:CITY_OR_PROVINCE eTinarha] [SL:DISH_OR_FOOD inyama yentloko] ],CITY_OR_PROVINCE: eTinarha $$ DISH_OR_FOOD: inyama yentloko,xho
kitchen_and_dining,restaurant_suggestion,Is there a good place in Makhanda that sells good quality chicken meat.,"7:16:SL:CITY_OR_PROVINCE,58:73:SL:DISH_OR_FOOD",[IN:restaurant_suggestion [SL:CITY_OR_PROVINCE eMakhanda] [SL:DISH_OR_FOOD inyama yenkukhu] ],CITY_OR_PROVINCE: eMakhanda $$ DISH_OR_FOOD: inyama yenkukhu,xho
kitchen_and_dining,restaurant_suggestion,Is there a good place in Peddie to get a good steak?,"7:14:SL:CITY_OR_PROVINCE,56:70:SL:DISH_OR_FOOD",[IN:restaurant_suggestion [SL:CITY_OR_PROVINCE ePeddie] [SL:DISH_OR_FOOD inyama yenkomo] ],CITY_OR_PROVINCE: ePeddie $$ DISH_OR_FOOD: inyama yenkomo,xho
kitchen_and_dining,restaurant_suggestion,There are good pork shops in Kandyli.,"7:16:SL:CITY_OR_PROVINCE,58:71:SL:DISH_OR_FOOD",[IN:restaurant_suggestion [SL:CITY_OR_PROVINCE eMqanduli] [SL:DISH_OR_FOOD inyama yehagu] ],CITY_OR_PROVINCE: eMqanduli $$ DISH_OR_FOOD: inyama yehagu,xho
kitchen_and_dining,restaurant_suggestion,Show me all my transactions from the Discovery bank.,34:53:SL:BANK_NAME,[IN:restaurant_suggestion [SL:BANK_NAME zakwa-Dicovery bank] ],BANK_NAME: zakwa-Dicovery bank,xho
kitchen_and_dining,restaurant_suggestion,Where can I go for dinner?,17:35:SL:MEAL_PERIOD,[IN:restaurant_suggestion [SL:MEAL_PERIOD isidlo sangokuhlwa] ],MEAL_PERIOD: isidlo sangokuhlwa,xho
kitchen_and_dining,restaurant_suggestion,Where can I visit for breakfast?,17:32:SL:MEAL_PERIOD,[IN:restaurant_suggestion [SL:MEAL_PERIOD isidlo sakusasa] ],MEAL_PERIOD: isidlo sakusasa,xho
kitchen_and_dining,restaurant_suggestion,Where can I visit for lunch?,17:32:SL:MEAL_PERIOD,[IN:restaurant_suggestion [SL:MEAL_PERIOD isidlo sasemini] ],MEAL_PERIOD: isidlo sasemini,xho
kitchen_and_dining,restaurant_suggestion,I can go to breakfast with a small child.,17:32:SL:MEAL_PERIOD,[IN:restaurant_suggestion [SL:MEAL_PERIOD isidlo sakusasa] ],MEAL_PERIOD: isidlo sakusasa,xho
kitchen_and_dining,restaurant_suggestion,I can go out to dinner with my friends.,17:35:SL:MEAL_PERIOD,[IN:restaurant_suggestion [SL:MEAL_PERIOD isidlo sangokuhlwa] ],MEAL_PERIOD: isidlo sangokuhlwa,xho
kitchen_and_dining,restaurant_suggestion,I can go to lunch with my parents.,17:32:SL:MEAL_PERIOD,[IN:restaurant_suggestion [SL:MEAL_PERIOD isidlo sasemini] ],MEAL_PERIOD: isidlo sasemini,xho
kitchen_and_dining,restaurant_suggestion,What restaurant has the best chicken?,22:39:SL:DISH_OR_FOOD,[IN:restaurant_suggestion [SL:DISH_OR_FOOD enenyama yenkukhu] ],DISH_OR_FOOD: enenyama yenkukhu,xho
kitchen_and_dining,restaurant_suggestion,What restaurant has a nice lamb?,22:38:SL:DISH_OR_FOOD,[IN:restaurant_suggestion [SL:DISH_OR_FOOD enenyama yegusha] ],DISH_OR_FOOD: enenyama yegusha,xho
kitchen_and_dining,restaurant_suggestion,What restaurant has the best beef?,22:38:SL:DISH_OR_FOOD,[IN:restaurant_suggestion [SL:DISH_OR_FOOD enenyama yenkomo] ],DISH_OR_FOOD: enenyama yenkomo,xho
kitchen_and_dining,restaurant_suggestion,What restaurant has the best pizza?,22:28:SL:DISH_OR_FOOD,[IN:restaurant_suggestion [SL:DISH_OR_FOOD epitsa] ],DISH_OR_FOOD: epitsa,xho
kitchen_and_dining,restaurant_suggestion,What restaurant has good bread.,22:30:SL:DISH_OR_FOOD,[IN:restaurant_suggestion [SL:DISH_OR_FOOD enezonka] ],DISH_OR_FOOD: enezonka,xho
kitchen_and_dining,restaurant_suggestion,What restaurant has a good cake.,22:28:SL:DISH_OR_FOOD,[IN:restaurant_suggestion [SL:DISH_OR_FOOD ekeyki] ],DISH_OR_FOOD: ekeyki,xho
kitchen_and_dining,restaurant_suggestion,What restaurant has the best rice?,22:31:SL:DISH_OR_FOOD,[IN:restaurant_suggestion [SL:DISH_OR_FOOD enerayisi] ],DISH_OR_FOOD: enerayisi,xho
kitchen_and_dining,restaurant_suggestion,What restaurant has the best vegetables.,22:31:SL:DISH_OR_FOOD,[IN:restaurant_suggestion [SL:DISH_OR_FOOD enemifuno] ],DISH_OR_FOOD: enemifuno,xho
kitchen_and_dining,restaurant_suggestion,Which restaurant sells delicious traditional food?,,[IN:restaurant_suggestion ],,xho
kitchen_and_dining,restaurant_suggestion,Which restaurant sells delicious Chinese food?,,[IN:restaurant_suggestion ],,xho
kitchen_and_dining,restaurant_suggestion,Which restaurant serves delicious Italian food?,,[IN:restaurant_suggestion ],,xho
kitchen_and_dining,restaurant_suggestion,Which restaurant sells the best Nigerian food?,39:51:SL:COUNTRY,[IN:restaurant_suggestion [SL:COUNTRY kweseNigeria] ],COUNTRY: kweseNigeria,xho
kitchen_and_dining,restaurant_suggestion,Which restaurant serves Ghanaian food?,39:49:SL:COUNTRY,[IN:restaurant_suggestion [SL:COUNTRY kweseGhana] ],COUNTRY: kweseGhana,xho
kitchen_and_dining,restaurant_suggestion,Which restaurant sells English food?,,[IN:restaurant_suggestion ],,xho
kitchen_and_dining,restaurant_suggestion,You can recommend a good place in Bei to get a pizza.,"35:41:SL:CITY_OR_PROVINCE,53:59:SL:DISH_OR_FOOD",[IN:restaurant_suggestion [SL:CITY_OR_PROVINCE eBhayi] [SL:DISH_OR_FOOD ipitsa] ],CITY_OR_PROVINCE: eBhayi $$ DISH_OR_FOOD: ipitsa,xho
kitchen_and_dining,restaurant_suggestion,You can advise me where to get chicken meat in Mthatha.,"35:43:SL:CITY_OR_PROVINCE,55:70:SL:DISH_OR_FOOD",[IN:restaurant_suggestion [SL:CITY_OR_PROVINCE eMthatha] [SL:DISH_OR_FOOD inyama yenkukhu] ],CITY_OR_PROVINCE: eMthatha $$ DISH_OR_FOOD: inyama yenkukhu,xho
kitchen_and_dining,restaurant_suggestion,You can advise me of a good place in Quonce to get pork.,"35:41:SL:CITY_OR_PROVINCE,53:66:SL:DISH_OR_FOOD",[IN:restaurant_suggestion [SL:CITY_OR_PROVINCE eQonce] [SL:DISH_OR_FOOD inyama yehagu] ],CITY_OR_PROVINCE: eQonce $$ DISH_OR_FOOD: inyama yehagu,xho
kitchen_and_dining,restaurant_suggestion,Can you recommend a good place in Ngqushwa to get a pizza?,"35:44:SL:CITY_OR_PROVINCE,56:62:SL:DISH_OR_FOOD",[IN:restaurant_suggestion [SL:CITY_OR_PROVINCE eNgqushwa] [SL:DISH_OR_FOOD ipitsa] ],CITY_OR_PROVINCE: eNgqushwa $$ DISH_OR_FOOD: ipitsa,xho
kitchen_and_dining,restaurant_suggestion,You can recommend a good place in Johannesburg to get a quarter.,"35:40:SL:CITY_OR_PROVINCE,52:57:SL:DISH_OR_FOOD",[IN:restaurant_suggestion [SL:CITY_OR_PROVINCE eGoli] [SL:DISH_OR_FOOD ikota] ],CITY_OR_PROVINCE: eGoli $$ DISH_OR_FOOD: ikota,xho
kitchen_and_dining,restaurant_suggestion,You can recommend a good place in Pretoria to get a spatlo.,"35:42:SL:CITY_OR_PROVINCE,54:61:SL:DISH_OR_FOOD",[IN:restaurant_suggestion [SL:CITY_OR_PROVINCE ePitoli] [SL:DISH_OR_FOOD ispatlo] ],CITY_OR_PROVINCE: ePitoli $$ DISH_OR_FOOD: ispatlo,xho
kitchen_and_dining,restaurant_suggestion,You can advise me of a suitable place in Kandhali to get sheep legs.,"35:44:SL:CITY_OR_PROVINCE,56:71:SL:DISH_OR_FOOD",[IN:restaurant_suggestion [SL:CITY_OR_PROVINCE eMqanduli] [SL:DISH_OR_FOOD amanqina egusha] ],CITY_OR_PROVINCE: eMqanduli $$ DISH_OR_FOOD: amanqina egusha,xho
kitchen_and_dining,restaurant_suggestion,You can suggest a good place in Cape Town to get a side.,"35:40:SL:CITY_OR_PROVINCE,52:57:SL:DISH_OR_FOOD",[IN:restaurant_suggestion [SL:CITY_OR_PROVINCE eKapa] [SL:DISH_OR_FOOD icala] ],CITY_OR_PROVINCE: eKapa $$ DISH_OR_FOOD: icala,xho
kitchen_and_dining,restaurant_suggestion,Can you recommend a good place in Ghana to get meat?,"35:41:SL:COUNTRY,53:59:SL:DISH_OR_FOOD",[IN:restaurant_suggestion [SL:COUNTRY eGhana] [SL:DISH_OR_FOOD inyama] ],COUNTRY: eGhana $$ DISH_OR_FOOD: inyama,xho
kitchen_and_dining,restaurant_suggestion,Could you suggest a good place in Nigeria to get rice?,"35:43:SL:COUNTRY,55:61:SL:DISH_OR_FOOD",[IN:restaurant_suggestion [SL:COUNTRY eNigeria] [SL:DISH_OR_FOOD iraysi] ],COUNTRY: eNigeria $$ DISH_OR_FOOD: iraysi,xho
kitchen_and_dining,restaurant_suggestion,Can you recommend a good place in Malawi to get a cake?,"35:42:SL:COUNTRY,54:61:SL:DISH_OR_FOOD",[IN:restaurant_suggestion [SL:COUNTRY eMalawi] [SL:DISH_OR_FOOD ikeyiki] ],COUNTRY: eMalawi $$ DISH_OR_FOOD: ikeyiki,xho
kitchen_and_dining,restaurant_suggestion,Could you recommend a good place in Botswana to get goat meat?,"35:44:SL:COUNTRY,56:72:SL:DISH_OR_FOOD",[IN:restaurant_suggestion [SL:COUNTRY eBotswana] [SL:DISH_OR_FOOD inyama yebhokhwe] ],COUNTRY: eBotswana $$ DISH_OR_FOOD: inyama yebhokhwe,xho
kitchen_and_dining,restaurant_suggestion,You can suggest a suitable place in the Orient for a pope.,"35:46:SL:CITY_OR_PROVINCE,59:64:SL:DISH_OR_FOOD",[IN:restaurant_suggestion [SL:CITY_OR_PROVINCE eMpumalanga] [SL:DISH_OR_FOOD ipapa] ],CITY_OR_PROVINCE: eMpumalanga $$ DISH_OR_FOOD: ipapa,xho
kitchen_and_dining,restaurant_suggestion,You can advise me of a suitable place in Soshanguve to get a quarter.,"35:46:SL:PLACE_NAME,58:63:SL:DISH_OR_FOOD",[IN:restaurant_suggestion [SL:PLACE_NAME eSoshanguve] [SL:DISH_OR_FOOD ikota] ],PLACE_NAME: eSoshanguve $$ DISH_OR_FOOD: ikota,xho
kitchen_and_dining,restaurant_suggestion,You can recommend a good place in Soweto to get shoes.,"35:42:SL:PLACE_NAME,54:62:SL:DISH_OR_FOOD",[IN:restaurant_suggestion [SL:PLACE_NAME eSoweto] [SL:DISH_OR_FOOD amanqina] ],PLACE_NAME: eSoweto $$ DISH_OR_FOOD: amanqina,xho
kitchen_and_dining,restaurant_suggestion,You can recommend a good place in Gugulethu to get a skin.,"35:45:SL:PLACE_NAME,57:62:SL:DISH_OR_FOOD",[IN:restaurant_suggestion [SL:PLACE_NAME eGugulethu] [SL:DISH_OR_FOOD ulusu] ],PLACE_NAME: eGugulethu $$ DISH_OR_FOOD: ulusu,xho
kitchen_and_dining,restaurant_suggestion,You can recommend a good place in Tinarha to get a pork chop.,"35:43:SL:CITY_OR_PROVINCE,55:67:SL:DISH_OR_FOOD",[IN:restaurant_suggestion [SL:CITY_OR_PROVINCE eTinarha] [SL:DISH_OR_FOOD icala lehagu] ],CITY_OR_PROVINCE: eTinarha $$ DISH_OR_FOOD: icala lehagu,xho
kitchen_and_dining,restaurant_suggestion,Show me the best restaurants in the bay.,55:61:SL:CITY_OR_PROVINCE,[IN:restaurant_suggestion [SL:CITY_OR_PROVINCE ebhayi] ],CITY_OR_PROVINCE: ebhayi,xho
kitchen_and_dining,restaurant_suggestion,Show me the best restaurants in Cape Town.,55:60:SL:CITY_OR_PROVINCE,[IN:restaurant_suggestion [SL:CITY_OR_PROVINCE eKapa] ],CITY_OR_PROVINCE: eKapa,xho
kitchen_and_dining,restaurant_suggestion,Show me the best restaurants in Monti.,55:61:SL:CITY_OR_PROVINCE,[IN:restaurant_suggestion [SL:CITY_OR_PROVINCE eMonti] ],CITY_OR_PROVINCE: eMonti,xho
kitchen_and_dining,restaurant_suggestion,Show me the best restaurants in Mthatha.,55:63:SL:CITY_OR_PROVINCE,[IN:restaurant_suggestion [SL:CITY_OR_PROVINCE eMthatha] ],CITY_OR_PROVINCE: eMthatha,xho
kitchen_and_dining,restaurant_suggestion,Show me the best restaurants in Dutywa.,55:62:SL:CITY_OR_PROVINCE,[IN:restaurant_suggestion [SL:CITY_OR_PROVINCE eDutywa] ],CITY_OR_PROVINCE: eDutywa,xho
kitchen_and_dining,restaurant_suggestion,Show me the best restaurants in the capital.,55:66:SL:CITY_OR_PROVINCE,[IN:restaurant_suggestion [SL:CITY_OR_PROVINCE eNtabankulu] ],CITY_OR_PROVINCE: eNtabankulu,xho
kitchen_and_dining,restaurant_suggestion,Show me the best restaurants in Makhanda.,55:64:SL:CITY_OR_PROVINCE,[IN:restaurant_suggestion [SL:CITY_OR_PROVINCE eMakhanda] ],CITY_OR_PROVINCE: eMakhanda,xho
kitchen_and_dining,restaurant_suggestion,Show me the best restaurants in Ngqushwa.,55:64:SL:CITY_OR_PROVINCE,[IN:restaurant_suggestion [SL:CITY_OR_PROVINCE eNgqushwa] ],CITY_OR_PROVINCE: eNgqushwa,xho
kitchen_and_dining,restaurant_suggestion,Show me the best restaurants in Komani.,55:62:SL:CITY_OR_PROVINCE,[IN:restaurant_suggestion [SL:CITY_OR_PROVINCE eKomani] ],CITY_OR_PROVINCE: eKomani,xho
kitchen_and_dining,restaurant_suggestion,Show me the best restaurants in Quonce.,55:61:SL:CITY_OR_PROVINCE,[IN:restaurant_suggestion [SL:CITY_OR_PROVINCE eQonce] ],CITY_OR_PROVINCE: eQonce,xho
kitchen_and_dining,restaurant_suggestion,Show me the best restaurants in Tinarha.,55:63:SL:CITY_OR_PROVINCE,[IN:restaurant_suggestion [SL:CITY_OR_PROVINCE eTinarha] ],CITY_OR_PROVINCE: eTinarha,xho
kitchen_and_dining,restaurant_suggestion,Show me the best restaurants in Cala.,55:60:SL:CITY_OR_PROVINCE,[IN:restaurant_suggestion [SL:CITY_OR_PROVINCE eCala] ],CITY_OR_PROVINCE: eCala,xho
kitchen_and_dining,restaurant_suggestion,Show me the best restaurants in Pretoria.,55:62:SL:CITY_OR_PROVINCE,[IN:restaurant_suggestion [SL:CITY_OR_PROVINCE ePitoli] ],CITY_OR_PROVINCE: ePitoli,xho
kitchen_and_dining,restaurant_suggestion,Show me the best restaurants in Johannesburg.,55:60:SL:CITY_OR_PROVINCE,[IN:restaurant_suggestion [SL:CITY_OR_PROVINCE eGoli] ],CITY_OR_PROVINCE: eGoli,xho
kitchen_and_dining,restaurant_suggestion,Show me the best restaurants in Polokwane.,55:65:SL:CITY_OR_PROVINCE,[IN:restaurant_suggestion [SL:CITY_OR_PROVINCE ePolokwane] ],CITY_OR_PROVINCE: ePolokwane,xho
kitchen_and_dining,restaurant_suggestion,"When I visit Cape Town, what restaurants can I visit?",14:19:SL:CITY_OR_PROVINCE,[IN:restaurant_suggestion [SL:CITY_OR_PROVINCE eKapa] ],CITY_OR_PROVINCE: eKapa,xho
kitchen_and_dining,restaurant_suggestion,"When I visit Ghana, what restaurants can I visit.",14:20:SL:COUNTRY,[IN:restaurant_suggestion [SL:COUNTRY eGhana] ],COUNTRY: eGhana,xho
kitchen_and_dining,restaurant_suggestion,"When I visit Mali, what restaurants can I visit?",14:19:SL:COUNTRY,[IN:restaurant_suggestion [SL:COUNTRY eMali] ],COUNTRY: eMali,xho
kitchen_and_dining,restaurant_suggestion,"When I visit Denpasar, what restaurants can I visit.",14:23:SL:CITY_OR_PROVINCE,[IN:restaurant_suggestion [SL:CITY_OR_PROVINCE eDenpasar] ],CITY_OR_PROVINCE: eDenpasar,xho
kitchen_and_dining,restaurant_suggestion,"When I visit Malawi, what restaurants can I visit.",14:21:SL:COUNTRY,[IN:restaurant_suggestion [SL:COUNTRY eMalawi] ],COUNTRY: eMalawi,xho
kitchen_and_dining,restaurant_suggestion,"When I visit Morocco, what restaurants can I visit.",14:22:SL:COUNTRY,[IN:restaurant_suggestion [SL:COUNTRY eMorocco] ],COUNTRY: eMorocco,xho
kitchen_and_dining,restaurant_suggestion,"When I visit Nigeria, what restaurants can I visit.",14:22:SL:COUNTRY,[IN:restaurant_suggestion [SL:COUNTRY eNigeria] ],COUNTRY: eNigeria,xho
kitchen_and_dining,restaurant_suggestion,"When I visit Somalia, what restaurants can I visit?",14:22:SL:COUNTRY,[IN:restaurant_suggestion [SL:COUNTRY eSomalia] ],COUNTRY: eSomalia,xho
kitchen_and_dining,restaurant_suggestion,"When I visit South Korea, what restaurants can I visit?",14:26:SL:COUNTRY,[IN:restaurant_suggestion [SL:COUNTRY eSouth Koria] ],COUNTRY: eSouth Koria,xho
kitchen_and_dining,restaurant_suggestion,"When I visit China, what restaurants can I visit.",14:20:SL:COUNTRY,[IN:restaurant_suggestion [SL:COUNTRY eChina] ],COUNTRY: eChina,xho
kitchen_and_dining,restaurant_suggestion,"When I visit Thailand, what restaurants can I visit?",14:23:SL:COUNTRY,[IN:restaurant_suggestion [SL:COUNTRY eThailand] ],COUNTRY: eThailand,xho
travel,book_flight,Do I have to pay for my ticket before boarding the plane?,,[IN:book_flight ],,xho
travel,book_flight,"We recommend that you buy your tickets for Thailand as soon as possible, as they are running out.",47:56:SL:COUNTRY,[IN:book_flight [SL:COUNTRY eThailand] ],COUNTRY: eThailand,xho
travel,book_flight,What should you know when you fly for the first time?,,[IN:book_flight ],,xho
travel,book_flight,Advise passengers of the basic requirements for first-time air travel.,,[IN:book_flight ],,xho
travel,book_flight,How long are you allowed to buy a plane ticket at the last minute?,,[IN:book_flight ],,xho
travel,book_flight,Can you buy a ticket an hour before the plane leaves?,38:43:SL:TIME,[IN:book_flight [SL:TIME iyure] ],TIME: iyure,xho
travel,book_flight,Please buy ten tickets for the flight from Kenya to Seychelles.,"26:34:SL:NUMBER,56:62:SL:COUNTRY,69:80:SL:COUNTRY",[IN:book_flight [SL:NUMBER alishumi] [SL:COUNTRY eKenya] [SL:COUNTRY eSeychelles] ],NUMBER: alishumi $$ COUNTRY: eKenya $$ COUNTRY: eSeychelles,xho
travel,book_flight,Can you buy 10 dollars worth of airline tickets from Kenya to Seychelles?,"30:38:SL:NUMBER,60:66:SL:COUNTRY,73:84:SL:COUNTRY",[IN:book_flight [SL:NUMBER alishumi] [SL:COUNTRY eKenya] [SL:COUNTRY eSeychelles] ],NUMBER: alishumi $$ COUNTRY: eKenya $$ COUNTRY: eSeychelles,xho
travel,book_flight,When is the best time to find cheap airline tickets?,,[IN:book_flight ],,xho
travel,book_flight,What date would you recommend people buy the cheapest airline tickets?,,[IN:book_flight ],,xho
travel,book_flight,Please buy my brother a plane ticket to Orlando from Washington on Tuesday.,"45:53:SL:CITY_OR_PROVINCE,62:73:SL:CITY_OR_PROVINCE,74:86:SL:DATE",[IN:book_flight [SL:CITY_OR_PROVINCE eOrlando] [SL:CITY_OR_PROVINCE eWashington] [SL:DATE ngoLwesibini] ],CITY_OR_PROVINCE: eOrlando $$ CITY_OR_PROVINCE: eWashington $$ DATE: ngoLwesibini,xho
travel,book_flight,Can you buy my brother a ticket to Orlando from Washington on Tuesday?,"57:68:SL:CITY_OR_PROVINCE,77:88:SL:CITY_OR_PROVINCE,89:101:SL:DATE",[IN:book_flight [SL:CITY_OR_PROVINCE saseOrlando] [SL:CITY_OR_PROVINCE eWashington] [SL:DATE ngoLwesibini] ],CITY_OR_PROVINCE: saseOrlando $$ CITY_OR_PROVINCE: eWashington $$ DATE: ngoLwesibini,xho
travel,book_flight,Can I use my nose in the middle of the plane?,,[IN:book_flight ],,xho
travel,book_flight,Please explain the use of the monkey in the airplane,,[IN:book_flight ],,xho
travel,book_flight,Please sell these plane tickets you bought me.,,[IN:book_flight ],,xho
travel,book_flight,Could you sell these tickets you bought for me to someone else?,,[IN:book_flight ],,xho
travel,book_flight,Please book me tickets to Qatar.,38:44:SL:COUNTRY,[IN:book_flight [SL:COUNTRY eQatar] ],COUNTRY: eQatar,xho
travel,book_flight,Please book a return ticket from Cape Town to Durban.,"48:53:SL:CITY_OR_PROVINCE,60:69:SL:CITY_OR_PROVINCE",[IN:book_flight [SL:CITY_OR_PROVINCE eKapa] [SL:CITY_OR_PROVINCE eThekwini] ],CITY_OR_PROVINCE: eKapa $$ CITY_OR_PROVINCE: eThekwini,xho
travel,book_flight,Please change the date of my flight to Dubai.,40:46:SL:CITY_OR_PROVINCE,[IN:book_flight [SL:CITY_OR_PROVINCE eDubai] ],CITY_OR_PROVINCE: eDubai,xho
travel,book_flight,Can you arrange a flight date for Dubai?,46:52:SL:CITY_OR_PROVINCE,[IN:book_flight [SL:CITY_OR_PROVINCE eDubai] ],CITY_OR_PROVINCE: eDubai,xho
travel,book_flight,Please change the flight date from Durban to Cape Town.,"40:49:SL:CITY_OR_PROVINCE,56:61:SL:CITY_OR_PROVINCE",[IN:book_flight [SL:CITY_OR_PROVINCE eThekwini] [SL:CITY_OR_PROVINCE eKapa] ],CITY_OR_PROVINCE: eThekwini $$ CITY_OR_PROVINCE: eKapa,xho
travel,book_flight,How much is a ticket to fly from Cape Town to America?,"35:40:SL:CITY_OR_PROVINCE,47:54:SL:COUNTRY",[IN:book_flight [SL:CITY_OR_PROVINCE eKapa] [SL:COUNTRY eMelika] ],CITY_OR_PROVINCE: eKapa $$ COUNTRY: eMelika,xho
travel,book_flight,Please compare the tickets for Flysafair and Khulula.,,[IN:book_flight ],,xho
travel,book_flight,What is the difference between Free and Flysafair tickets to Cape Town?,33:38:SL:CITY_OR_PROVINCE,[IN:book_flight [SL:CITY_OR_PROVINCE eKapa] ],CITY_OR_PROVINCE: eKapa,xho
travel,book_flight,Could you compare the difference between the Johannesburg and Cape Town tickets from Monti?,"59:66:SL:CITY_OR_PROVINCE,67:75:SL:CITY_OR_PROVINCE,84:90:SL:CITY_OR_PROVINCE",[IN:book_flight [SL:CITY_OR_PROVINCE aseGoli] [SL:CITY_OR_PROVINCE naseKapa] [SL:CITY_OR_PROVINCE eMonti] ],CITY_OR_PROVINCE: aseGoli $$ CITY_OR_PROVINCE: naseKapa $$ CITY_OR_PROVINCE: eMonti,xho
travel,book_flight,Can you give me the prices of tickets to Johannesburg and Cape Town from Monti?,"42:49:SL:CITY_OR_PROVINCE,50:58:SL:CITY_OR_PROVINCE,67:73:SL:CITY_OR_PROVINCE",[IN:book_flight [SL:CITY_OR_PROVINCE aseGoli] [SL:CITY_OR_PROVINCE naseKapa] [SL:CITY_OR_PROVINCE eMonti] ],CITY_OR_PROVINCE: aseGoli $$ CITY_OR_PROVINCE: naseKapa $$ CITY_OR_PROVINCE: eMonti,xho
travel,book_flight,Please buy a ticket for the president to Japan from Johannesburg airport.,"42:48:SL:COUNTRY,84:92:SL:CITY_OR_PROVINCE",[IN:book_flight [SL:COUNTRY eJapan] [SL:CITY_OR_PROVINCE saseGoli] ],COUNTRY: eJapan $$ CITY_OR_PROVINCE: saseGoli,xho
travel,book_flight,Can the Jamaican company afford to pay for the president's plane tickets?,10:21:SL:COUNTRY,[IN:book_flight [SL:COUNTRY yaseJamaica] ],COUNTRY: yaseJamaica,xho
travel,book_flight,Can airplanes fly between Johannesburg and the Gulf of Guinea?,"60:68:SL:CITY_OR_PROVINCE,69:75:SL:CITY_OR_PROVINCE",[IN:book_flight [SL:CITY_OR_PROVINCE kweTheku] [SL:CITY_OR_PROVINCE neGoli] ],CITY_OR_PROVINCE: kweTheku $$ CITY_OR_PROVINCE: neGoli,xho
travel,book_flight,Please get this plane off the ground before it gets too late.,,[IN:book_flight ],,xho
travel,book_flight,Can you fly this plane now before it rains too much?,,[IN:book_flight ],,xho
travel,book_flight,What company do you use to buy airline tickets?,,[IN:book_flight ],,xho
travel,book_flight,Where would you like me to fly to buy you a tourist ticket?,,[IN:book_flight ],,xho
travel,book_flight,What happens when you buy your own plane ticket without using a ticketing company?,,[IN:book_flight ],,xho
travel,book_flight,Can you buy a return ticket to the OR Tambo station yourself?,,[IN:book_flight ],,xho
travel,book_flight,"For the contestants in America, you are asked to buy only air tickets and not bus tickets.",28:35:SL:COUNTRY,[IN:book_flight [SL:COUNTRY eMelika] ],COUNTRY: eMelika,xho
travel,book_flight,"You guys are going to compete in America, can you just buy plane tickets?",24:31:SL:COUNTRY,[IN:book_flight [SL:COUNTRY eMelika] ],COUNTRY: eMelika,xho
travel,book_flight,Can I get a ticket to Thailand from Congo for $500?,"29:38:SL:COUNTRY,47:53:SL:COUNTRY,54:61:SL:MONEY",[IN:book_flight [SL:COUNTRY eThailand] [SL:COUNTRY eCongo] [SL:MONEY ngeR500] ],COUNTRY: eThailand $$ COUNTRY: eCongo $$ MONEY: ngeR500,xho
travel,book_flight,"When the president of Swaziland misses a flight, is he being held up?",14:25:SL:COUNTRY,[IN:book_flight [SL:COUNTRY waseSwatini] ],COUNTRY: waseSwatini,xho
travel,book_flight,Please wait for the Congolese president to arrive on time.,27:36:SL:COUNTRY,[IN:book_flight [SL:COUNTRY waseCongo] ],COUNTRY: waseCongo,xho
travel,book_flight,Please help me with a ticket to Doha.,34:39:SL:CITY_OR_PROVINCE,[IN:book_flight [SL:CITY_OR_PROVINCE eDoha] ],CITY_OR_PROVINCE: eDoha,xho
travel,book_flight,"Did you know that if you fly regularly, you can benefit from reduced fares on airline tickets?",,[IN:book_flight ],,xho
travel,book_flight,Please inform people that if you fly frequently you have the opportunity to benefit from discounted airfare?,,[IN:book_flight ],,xho
travel,book_flight,Please board the 10:00 flight.,41:59:SL:TIME,[IN:book_flight [SL:TIME ngentsimbi yeshumi] ],TIME: ngentsimbi yeshumi,xho
travel,book_flight,Can you afford a flight that leaves at ten o'clock?,40:58:SL:TIME,[IN:book_flight [SL:TIME ngentsimbi yeshumi] ],TIME: ngentsimbi yeshumi,xho
travel,book_flight,Please buy tickets to China and return to the United States.,"35:41:SL:COUNTRY,69:76:SL:COUNTRY",[IN:book_flight [SL:COUNTRY eChina] [SL:COUNTRY eMelika] ],COUNTRY: eChina $$ COUNTRY: eMelika,xho
travel,book_flight,Can you buy a return ticket to Atlanta for the Baotou?,"45:53:SL:CITY_OR_PROVINCE,63:70:SL:CITY_OR_PROVINCE",[IN:book_flight [SL:CITY_OR_PROVINCE eAtlanta] [SL:CITY_OR_PROVINCE eBaotou] ],CITY_OR_PROVINCE: eAtlanta $$ CITY_OR_PROVINCE: eBaotou,xho
travel,book_flight,Please buy me a ticket for the flight on Wednesday and return on Thursday from Qubberha to Mthatha.,"40:72:SL:DATE,81:90:SL:CITY_OR_PROVINCE,97:105:SL:CITY_OR_PROVINCE",[IN:book_flight [SL:DATE ngoLwesithathu libuye ngoLwesine] [SL:CITY_OR_PROVINCE eGqeberha] [SL:CITY_OR_PROVINCE eMthatha] ],DATE: ngoLwesithathu libuye ngoLwesine $$ CITY_OR_PROVINCE: eGqeberha $$ CITY_OR_PROVINCE: eMthatha,xho
travel,book_flight,Can you help someone buy a round trip ticket to King Phalo from O.R. Tambo?,,[IN:book_flight ],,xho
travel,book_flight,What if you bought a plane ticket by mistake?,,[IN:book_flight ],,xho
travel,book_flight,Can you get a ticket for an accidentally purchased flight?,,[IN:book_flight ],,xho
travel,book_flight,help me thank my parents for buying them plane tickets to Thailand.,69:78:SL:COUNTRY,[IN:book_flight [SL:COUNTRY eThailand] ],COUNTRY: eThailand,xho
travel,book_flight,Do we really need to change the airline company that helps us buy tickets when we travel?,,[IN:book_flight ],,xho
travel,book_flight,Please contact the airline that helps us to buy tickets for our tour.,,[IN:book_flight ],,xho
travel,book_flight,Can you fly without a dictionary?,,[IN:book_flight ],,xho
travel,book_flight,Please bring your dictionary with you when you fly.,,[IN:book_flight ],,xho
travel,book_flight,Can you buy an airline ticket without using your dictionary?,,[IN:book_flight ],,xho
travel,book_flight,Describe the steps you took when you bought a plane ticket.,,[IN:book_flight ],,xho
travel,book_flight,Can I buy a plane ticket for someone who is not near me?,,[IN:book_flight ],,xho
travel,book_flight,Please buy a plane ticket for someone in Dubai who is now in China.,"22:30:SL:COUNTRY,58:66:SL:COUNTRY",[IN:book_flight [SL:COUNTRY oseDubai] [SL:COUNTRY useChina] ],COUNTRY: oseDubai $$ COUNTRY: useChina,xho
travel,book_flight,Please help me buy a plane ticket.,,[IN:book_flight ],,xho
travel,book_flight,Can you help me buy a plane ticket?,,[IN:book_flight ],,xho
travel,book_flight,You can come to me and I can help you by buying a ticket to Doha from Dallas.,"59:64:SL:CITY_OR_PROVINCE,71:78:SL:CITY_OR_PROVINCE",[IN:book_flight [SL:CITY_OR_PROVINCE eDoha] [SL:CITY_OR_PROVINCE eDallas] ],CITY_OR_PROVINCE: eDoha $$ CITY_OR_PROVINCE: eDallas,xho
travel,book_flight,What day will you fly to Braam Fischer?,32:46:SL:PLACE_NAME,[IN:book_flight [SL:PLACE_NAME eBraam Fischer] ],PLACE_NAME: eBraam Fischer,xho
travel,book_flight,Would you like to buy a plane ticket for a day or a half-day?,"51:59:SL:TIME,67:72:SL:TIME",[IN:book_flight [SL:TIME ekluseni] [SL:TIME emini] ],TIME: ekluseni $$ TIME: emini,xho
travel,book_flight,Please sell me a ticket for the morning or afternoon flight.,"51:58:SL:TIME,66:71:SL:TIME",[IN:book_flight [SL:TIME ekuseni] [SL:TIME emini] ],TIME: ekuseni $$ TIME: emini,xho
travel,book_flight,Please suggest a date for me to visit Braam Fischer.,33:47:SL:CITY_OR_PROVINCE,[IN:book_flight [SL:CITY_OR_PROVINCE eBraam Fischer] ],CITY_OR_PROVINCE: eBraam Fischer,xho
travel,book_flight,Please remember to pick tickets for us to buy when we visit Los Angeles.,71:83:SL:CITY_OR_PROVINCE,[IN:book_flight [SL:CITY_OR_PROVINCE eLos Angeles] ],CITY_OR_PROVINCE: eLos Angeles,xho
travel,book_flight,Can you remember picking out the tickets we're going to buy for Denver?,71:78:SL:CITY_OR_PROVINCE,[IN:book_flight [SL:CITY_OR_PROVINCE eDenver] ],CITY_OR_PROVINCE: eDenver,xho
travel,book_flight,What seat would you recommend for a first-time airline passenger?,,[IN:book_flight ],,xho
travel,book_flight,Please advise a first-time pilot on which seat to choose on an airplane.,,[IN:book_flight ],,xho
travel,book_flight,How much does it cost to fly from the South to Nairobi?,"15:23:SL:CITY_OR_PROVINCE,30:38:SL:COUNTRY",[IN:book_flight [SL:CITY_OR_PROVINCE eNairobi] [SL:COUNTRY eMzantsi] ],CITY_OR_PROVINCE: eNairobi $$ COUNTRY: eMzantsi,xho
travel,book_flight,Please buy tickets at the President's plane,,[IN:book_flight ],,xho
travel,book_flight,"I need to fly to Durban tomorrow, how much?","20:29:SL:CITY_OR_PROVINCE,30:36:SL:DATE",[IN:book_flight [SL:CITY_OR_PROVINCE eThekwini] [SL:DATE ngomso] ],CITY_OR_PROVINCE: eThekwini $$ DATE: ngomso,xho
travel,book_flight,Please arrange for my family to board the plane.,,[IN:book_flight ],,xho
travel,book_flight,Would you recommend that a first-time traveler buy a plane ticket online?,,[IN:book_flight ],,xho
travel,book_flight,Please advise a safe airline ticketing location.,,[IN:book_flight ],,xho
travel,book_flight,Please advise me of the types of airline tickets available for my flight from the South to Budapest.,"73:81:SL:COUNTRY,88:97:SL:CITY_OR_PROVINCE",[IN:book_flight [SL:COUNTRY eMzantsi] [SL:CITY_OR_PROVINCE eBudapest] ],COUNTRY: eMzantsi $$ CITY_OR_PROVINCE: eBudapest,xho
travel,book_flight,Can you advise me on the types of airline tickets for my flight from Jamaica to Qatar?,"65:73:SL:COUNTRY,82:88:SL:COUNTRY",[IN:book_flight [SL:COUNTRY eJamaica] [SL:COUNTRY eQatar] ],COUNTRY: eJamaica $$ COUNTRY: eQatar,xho
travel,book_flight,Please help me with information on what I need to do to make sure that my family is well cared for when they arrive at the airport.,,[IN:book_flight ],,xho
travel,book_hotel,I found a hotel with a good review in Ngqushwa.,41:50:SL:CITY_OR_PROVINCE,[IN:book_hotel [SL:CITY_OR_PROVINCE eNgqushwa] ],CITY_OR_PROVINCE: eNgqushwa,xho
travel,book_hotel,I found a hotel with good reviews in Johannesburg.,41:54:SL:CITY_OR_PROVINCE,[IN:book_hotel [SL:CITY_OR_PROVINCE eJohannesburg] ],CITY_OR_PROVINCE: eJohannesburg,xho
travel,book_hotel,I found a hotel with good reviews in Wolkom.,41:48:SL:CITY_OR_PROVINCE,[IN:book_hotel [SL:CITY_OR_PROVINCE eWolkom] ],CITY_OR_PROVINCE: eWolkom,xho
travel,book_hotel,I need a reservation for my accommodation in Qwaqwa from 5 to 9 March,"41:48:SL:CITY_OR_PROVINCE,49:83:SL:DATE",[IN:book_hotel [SL:CITY_OR_PROVINCE eQwaqwa] [SL:DATE ukusuka nge-5 ukuya nge-9 kaMatshi] ],CITY_OR_PROVINCE: eQwaqwa $$ DATE: ukusuka nge-5 ukuya nge-9 kaMatshi,xho
travel,book_hotel,I need a reservation for a place to stay in Mandantsane from 11 to 19 March,"41:51:SL:CITY_OR_PROVINCE,52:88:SL:DATE",[IN:book_hotel [SL:CITY_OR_PROVINCE eMdantsane] [SL:DATE ukusuka nge-11 ukuya nge-19 kaMatshi] ],CITY_OR_PROVINCE: eMdantsane $$ DATE: ukusuka nge-11 ukuya nge-19 kaMatshi,xho
travel,book_hotel,I need you to book a room for me in Malahleni from May 22 to 27.,"41:51:SL:CITY_OR_PROVINCE,52:86:SL:DATE",[IN:book_hotel [SL:CITY_OR_PROVINCE eMalahleni] [SL:DATE ukusuka nge-22 ukuya nge-27 kaMeyi] ],CITY_OR_PROVINCE: eMalahleni $$ DATE: ukusuka nge-22 ukuya nge-27 kaMeyi,xho
travel,book_hotel,I need you to make a reservation for me at the Library from April 8 to 12.,"41:52:SL:CITY_OR_PROVINCE,53:88:SL:DATE",[IN:book_hotel [SL:CITY_OR_PROVINCE eNtabankulu] [SL:DATE ukusuka nge-8 ukuya nge-12 kaEpreli] ],CITY_OR_PROVINCE: eNtabankulu $$ DATE: ukusuka nge-8 ukuya nge-12 kaEpreli,xho
travel,book_hotel,I need you to book a place for me in Bei from June 1 to 9.,"41:47:SL:CITY_OR_PROVINCE,48:80:SL:DATE",[IN:book_hotel [SL:CITY_OR_PROVINCE eBhayi] [SL:DATE ukusuka nge-1 ukuya nge-9 kaJuni] ],CITY_OR_PROVINCE: eBhayi $$ DATE: ukusuka nge-1 ukuya nge-9 kaJuni,xho
travel,book_hotel,I need you to book me a room in Quonce from July 5 to 11.,"41:47:SL:PLACE_NAME,48:83:SL:DATE",[IN:book_hotel [SL:PLACE_NAME eQonce] [SL:DATE ukusuka nge-5 ukuya nge-11 kaJulayi] ],PLACE_NAME: eQonce $$ DATE: ukusuka nge-5 ukuya nge-11 kaJulayi,xho
travel,book_hotel,I need you to book me a place to stay in Shorha from September 18 to 23.,"41:48:SL:PLACE_NAME,49:87:SL:DATE",[IN:book_hotel [SL:PLACE_NAME eXhorha] [SL:DATE ukusuka nge-18 ukuya nge-23 kaSeptemba] ],PLACE_NAME: eXhorha $$ DATE: ukusuka nge-18 ukuya nge-23 kaSeptemba,xho
travel,book_hotel,I need you to book a place for me in Mthatha from December 5 to 7.,"41:49:SL:PLACE_NAME,50:85:SL:DATE",[IN:book_hotel [SL:PLACE_NAME eMthatha] [SL:DATE ukusuka nge-5 ukuya nge-7 kaDisemba] ],PLACE_NAME: eMthatha $$ DATE: ukusuka nge-5 ukuya nge-7 kaDisemba,xho
travel,book_hotel,I need a reservation for a room in Cape Town from 17 to 25 March,"41:46:SL:CITY_OR_PROVINCE,47:83:SL:DATE",[IN:book_hotel [SL:CITY_OR_PROVINCE eKapa] [SL:DATE ukusuka nge-17 ukuya nge-25 kaMatshi] ],CITY_OR_PROVINCE: eKapa $$ DATE: ukusuka nge-17 ukuya nge-25 kaMatshi,xho
travel,book_hotel,I need a reservation for my accommodation in Makhanda from 22 to 29 March,"41:50:SL:CITY_OR_PROVINCE,51:87:SL:DATE",[IN:book_hotel [SL:CITY_OR_PROVINCE eMakhanda] [SL:DATE ukusuka nge-22 ukuya nge-29 kaMatshi] ],CITY_OR_PROVINCE: eMakhanda $$ DATE: ukusuka nge-22 ukuya nge-29 kaMatshi,xho
travel,book_hotel,I need you to book a place for me in Polokwane from June 3 to 9.,"41:51:SL:CITY_OR_PROVINCE,52:84:SL:DATE",[IN:book_hotel [SL:CITY_OR_PROVINCE ePolokwane] [SL:DATE ukusuka nge-3 ukuya nge-9 kaJuni] ],CITY_OR_PROVINCE: ePolokwane $$ DATE: ukusuka nge-3 ukuya nge-9 kaJuni,xho
travel,book_hotel,I need you to book me a place in Limpopo from July 10 to 19.,"41:49:SL:CITY_OR_PROVINCE,50:86:SL:DATE",[IN:book_hotel [SL:CITY_OR_PROVINCE eLimpopo] [SL:DATE ukusuka nge-10 ukuya nge-19 kaJulayi] ],CITY_OR_PROVINCE: eLimpopo $$ DATE: ukusuka nge-10 ukuya nge-19 kaJulayi,xho
travel,book_hotel,I need you to book a place for me in Ngqushwa from 4 to 16 December.,"41:50:SL:CITY_OR_PROVINCE,51:87:SL:DATE",[IN:book_hotel [SL:CITY_OR_PROVINCE eNgqushwa] [SL:DATE ukusuka nge-4 ukuya nge-16 kaDisemba] ],CITY_OR_PROVINCE: eNgqushwa $$ DATE: ukusuka nge-4 ukuya nge-16 kaDisemba,xho
travel,book_hotel,You can find me a hotel of the owners on April 5th to 12th in Mthatha.,"32:39:SL:NUMBER,40:75:SL:DATE,76:84:SL:CITY_OR_PROVINCE",[IN:book_hotel [SL:NUMBER abanini] [SL:DATE ngomhla we-5 ka-Epreli ukuya kwi-12] [SL:CITY_OR_PROVINCE eMthatha] ],NUMBER: abanini $$ DATE: ngomhla we-5 ka-Epreli ukuya kwi-12 $$ CITY_OR_PROVINCE: eMthatha,xho
travel,book_hotel,You can find me a hotel for three people on June 28th to 20th in Quonze.,"32:41:SL:NUMBER,42:76:SL:DATE,77:83:SL:CITY_OR_PROVINCE",[IN:book_hotel [SL:NUMBER abathathu] [SL:DATE ngomhla we-28 ka-Juni ukuya kwi-20] [SL:CITY_OR_PROVINCE eQonce] ],NUMBER: abathathu $$ DATE: ngomhla we-28 ka-Juni ukuya kwi-20 $$ CITY_OR_PROVINCE: eQonce,xho
travel,book_hotel,You can find me a hotel for ten people on the 14th of July to the 18th in Tshwane.,"32:42:SL:NUMBER,43:79:SL:DATE,80:88:SL:CITY_OR_PROVINCE",[IN:book_hotel [SL:NUMBER abalishumi] [SL:DATE ngomhla we-14 ka-Julayi ukuya kwi-18] [SL:CITY_OR_PROVINCE eTshwane] ],NUMBER: abalishumi $$ DATE: ngomhla we-14 ka-Julayi ukuya kwi-18 $$ CITY_OR_PROVINCE: eTshwane,xho
travel,book_hotel,You can find me a hotel for the owners on April 7 to 10 in Johannesburg.,"32:39:SL:NUMBER,40:75:SL:DATE,76:86:SL:CITY_OR_PROVINCE",[IN:book_hotel [SL:NUMBER abanini] [SL:DATE ngomhla we-7 ka-Epreli ukuya kwi-10] [SL:CITY_OR_PROVINCE eRhawutini] ],NUMBER: abanini $$ DATE: ngomhla we-7 ka-Epreli ukuya kwi-10 $$ CITY_OR_PROVINCE: eRhawutini,xho
travel,book_hotel,You can find me a hotel for four on the 1st of December to the 12th of Mthatha.,"32:37:SL:NUMBER,38:74:SL:DATE,75:83:SL:CITY_OR_PROVINCE",[IN:book_hotel [SL:NUMBER abane] [SL:DATE ngomhla we-1 ka-Disemba ukuya kwi-12] [SL:CITY_OR_PROVINCE eMthatha] ],NUMBER: abane $$ DATE: ngomhla we-1 ka-Disemba ukuya kwi-12 $$ CITY_OR_PROVINCE: eMthatha,xho
travel,book_hotel,You can find me a hotel for five people from the 16th of January to the 21st of September.,"32:40:SL:NUMBER,41:79:SL:DATE,80:89:SL:CITY_OR_PROVINCE",[IN:book_hotel [SL:NUMBER abahlanu] [SL:DATE ngomhla we-16 ka-Januwari ukuya kwi-21] [SL:CITY_OR_PROVINCE eNgqushwa] ],NUMBER: abahlanu $$ DATE: ngomhla we-16 ka-Januwari ukuya kwi-21 $$ CITY_OR_PROVINCE: eNgqushwa,xho
travel,book_hotel,You can find me a hotel for nine persons on May 22 to 27 in Polokwane.,"32:42:SL:NUMBER,43:77:SL:DATE,78:88:SL:CITY_OR_PROVINCE",[IN:book_hotel [SL:NUMBER abalithoba] [SL:DATE ngomhla we-22 ka-Meyi ukuya kwi-27] [SL:CITY_OR_PROVINCE ePolokwane] ],NUMBER: abalithoba $$ DATE: ngomhla we-22 ka-Meyi ukuya kwi-27 $$ CITY_OR_PROVINCE: ePolokwane,xho
travel,book_hotel,I have booked a room for November 16 to 25 in Cala.,"21:51:SL:DATE,52:57:SL:CITY_OR_PROVINCE",[IN:book_hotel [SL:DATE ngoNovemba nge-16 ukuya kwi-25] [SL:CITY_OR_PROVINCE eCala] ],DATE: ngoNovemba nge-16 ukuya kwi-25 $$ CITY_OR_PROVINCE: eCala,xho
travel,book_hotel,I have a room booked for May 12 to 15 in Johannesburg.,"21:48:SL:DATE,49:62:SL:CITY_OR_PROVINCE",[IN:book_hotel [SL:DATE ngoMeyi nge-12 ukuya kwi-15] [SL:CITY_OR_PROVINCE eJohannesburg] ],DATE: ngoMeyi nge-12 ukuya kwi-15 $$ CITY_OR_PROVINCE: eJohannesburg,xho
travel,book_hotel,I have booked a room for December 16 to 25 Pretoria ,"21:51:SL:DATE,52:60:SL:CITY_OR_PROVINCE",[IN:book_hotel [SL:DATE ngoDisemba nge-16 ukuya kwi-25] [SL:CITY_OR_PROVINCE Pretoria] ],DATE: ngoDisemba nge-16 ukuya kwi-25 $$ CITY_OR_PROVINCE: Pretoria,xho
travel,book_hotel,I have booked a room for February 1 to 10 in Mthatha.,"21:53:SL:DATE,54:62:SL:CITY_OR_PROVINCE",[IN:book_hotel [SL:DATE ngoFebhruwari nge-1 ukuya kwi-10] [SL:CITY_OR_PROVINCE eMthatha] ],DATE: ngoFebhruwari nge-1 ukuya kwi-10 $$ CITY_OR_PROVINCE: eMthatha,xho
travel,book_hotel,I have booked a room for September 20 to 25 in Polokwane.,"21:52:SL:DATE,53:63:SL:CITY_OR_PROVINCE",[IN:book_hotel [SL:DATE ngoSeptemba nge-20 ukuya kwi-25] [SL:CITY_OR_PROVINCE ePolokwane] ],DATE: ngoSeptemba nge-20 ukuya kwi-25 $$ CITY_OR_PROVINCE: ePolokwane,xho
travel,book_hotel,I have booked a room for January 11 to 18 in Limpopo.,"21:52:SL:DATE,53:61:SL:CITY_OR_PROVINCE",[IN:book_hotel [SL:DATE ngoJanuwari nge-11 ukuya kwi-18] [SL:CITY_OR_PROVINCE eLimpopo] ],DATE: ngoJanuwari nge-11 ukuya kwi-18 $$ CITY_OR_PROVINCE: eLimpopo,xho
travel,book_hotel,I have booked a room for June 16 to 19 in Cape Town.,"21:48:SL:DATE,49:54:SL:CITY_OR_PROVINCE",[IN:book_hotel [SL:DATE ngoJuni nge-16 ukuya kwi-19] [SL:CITY_OR_PROVINCE eKapa] ],DATE: ngoJuni nge-16 ukuya kwi-19 $$ CITY_OR_PROVINCE: eKapa,xho
travel,book_hotel,I have booked a room for July 27 to 30 in Makhanda.,"21:50:SL:DATE,51:60:SL:CITY_OR_PROVINCE",[IN:book_hotel [SL:DATE ngoJulayi nge-27 ukuya kwi-30] [SL:CITY_OR_PROVINCE eMakhanda] ],DATE: ngoJulayi nge-27 ukuya kwi-30 $$ CITY_OR_PROVINCE: eMakhanda,xho
travel,book_hotel,Check if there is a hotel room for 10 people in Pretoria next Friday.,"56:64:SL:NUMBER,65:74:SL:CITY_OR_PROVINCE,76:97:SL:DATE",[IN:book_hotel [SL:NUMBER abali-10] [SL:CITY_OR_PROVINCE ePretoria] [SL:DATE kulo Lwesihlanu uzayo] ],NUMBER: abali-10 $$ CITY_OR_PROVINCE: ePretoria $$ DATE: kulo Lwesihlanu uzayo,xho
travel,book_hotel,Check if there is a hotel room for 15 people in Polokwane on 9 June.,"56:64:SL:NUMBER,65:75:SL:CITY_OR_PROVINCE,77:96:SL:DATE",[IN:book_hotel [SL:NUMBER abali-15] [SL:CITY_OR_PROVINCE ePolokwane] [SL:DATE ngomhla we-9 kaJuni] ],NUMBER: abali-15 $$ CITY_OR_PROVINCE: ePolokwane $$ DATE: ngomhla we-9 kaJuni,xho
travel,book_hotel,Check if there is a hotel room for 25 people in Bei on May 27th.,"56:67:SL:NUMBER,68:74:SL:CITY_OR_PROVINCE,75:95:SL:DATE",[IN:book_hotel [SL:NUMBER abangama-25] [SL:CITY_OR_PROVINCE eBhayi] [SL:DATE ngomhla we-27 kaMeyi] ],NUMBER: abangama-25 $$ CITY_OR_PROVINCE: eBhayi $$ DATE: ngomhla we-27 kaMeyi,xho
travel,book_hotel,See if there's a hotel room for 13 people in Mpumalanga next Tuesday.,"56:64:SL:NUMBER,65:76:SL:CITY_OR_PROVINCE,78:98:SL:DATE",[IN:book_hotel [SL:NUMBER abali-13] [SL:CITY_OR_PROVINCE eMpumalanga] [SL:DATE kulo Lwesibini uzayo] ],NUMBER: abali-13 $$ CITY_OR_PROVINCE: eMpumalanga $$ DATE: kulo Lwesibini uzayo,xho
travel,book_hotel,See if there's a hotel room for 16 people in Durban this coming Saturday.,"56:64:SL:NUMBER,65:72:SL:CITY_OR_PROVINCE,74:93:SL:DATE",[IN:book_hotel [SL:NUMBER abali-16] [SL:CITY_OR_PROVINCE eDurban] [SL:DATE kulo Mgqibelo uzayo] ],NUMBER: abali-16 $$ CITY_OR_PROVINCE: eDurban $$ DATE: kulo Mgqibelo uzayo,xho
travel,book_hotel,See if there's a hotel room for 18 people for Take Me next Monday.,"56:64:SL:NUMBER,65:73:SL:CITY_OR_PROVINCE,75:91:SL:DATE",[IN:book_hotel [SL:NUMBER abali-18] [SL:CITY_OR_PROVINCE eMthatha] [SL:DATE kulo Mvulo uzayo] ],NUMBER: abali-18 $$ CITY_OR_PROVINCE: eMthatha $$ DATE: kulo Mvulo uzayo,xho
travel,book_hotel,See if there is a hotel room for 11 people next week.,"56:64:SL:NUMBER,65:79:SL:DATE",[IN:book_hotel [SL:NUMBER abali-11] [SL:DATE kuleveki izayo] ],NUMBER: abali-11 $$ DATE: kuleveki izayo,xho
travel,book_hotel,"Please book me a hotel in Bei, not far from the football stadium.",31:37:SL:CITY_OR_PROVINCE,[IN:book_hotel [SL:CITY_OR_PROVINCE eBhayi] ],CITY_OR_PROVINCE: eBhayi,xho
travel,book_hotel,"Please book me a hotel in Cape Town, far from the beach.",31:36:SL:CITY_OR_PROVINCE,[IN:book_hotel [SL:CITY_OR_PROVINCE eKapa] ],CITY_OR_PROVINCE: eKapa,xho
travel,book_hotel,"Please book a hotel for me in Mthatha, away from the food shops.",31:39:SL:CITY_OR_PROVINCE,[IN:book_hotel [SL:CITY_OR_PROVINCE eMthatha] ],CITY_OR_PROVINCE: eMthatha,xho
travel,book_hotel,"Please book me a hotel in Durban, not far from the ferry terminal.",31:38:SL:CITY_OR_PROVINCE,[IN:book_hotel [SL:CITY_OR_PROVINCE eDurban] ],CITY_OR_PROVINCE: eDurban,xho
travel,book_hotel,"Please book me a hotel in Johannesburg, not far from Mandela Brigde.","31:44:SL:CITY_OR_PROVINCE,59:75:SL:PLACE_NAME",[IN:book_hotel [SL:CITY_OR_PROVINCE eJohannesburg] [SL:PLACE_NAME neMandela Brigde] ],CITY_OR_PROVINCE: eJohannesburg $$ PLACE_NAME: neMandela Brigde,xho
travel,book_hotel,Please help me book a room in Monti from Monday to Friday,"47:53:SL:PLACE_NAME,54:91:SL:DATE",[IN:book_hotel [SL:PLACE_NAME eMonti] [SL:DATE ukusukela ngoMvulo ukuya kuLwesihlanu] ],PLACE_NAME: eMonti $$ DATE: ukusukela ngoMvulo ukuya kuLwesihlanu,xho
travel,book_hotel,Please help me book a place to stay in Mthatha from Tuesday to Friday,"47:55:SL:CITY_OR_PROVINCE,56:97:SL:DATE",[IN:book_hotel [SL:CITY_OR_PROVINCE eMthatha] [SL:DATE ukusukela ngoLwesibini ukuya kuLwesihlanu] ],CITY_OR_PROVINCE: eMthatha $$ DATE: ukusukela ngoLwesibini ukuya kuLwesihlanu,xho
travel,book_hotel,Please help me book accommodation in Ngqushwa from Monday to Saturday,"47:56:SL:CITY_OR_PROVINCE,57:92:SL:DATE",[IN:book_hotel [SL:CITY_OR_PROVINCE eNgqushwa] [SL:DATE ukusukela ngoMvulo ukuya kuMgqibelo] ],CITY_OR_PROVINCE: eNgqushwa $$ DATE: ukusukela ngoMvulo ukuya kuMgqibelo,xho
travel,book_hotel,Please help me book a place to stay in Makhanda from Sunday to Wednesday.,"47:56:SL:CITY_OR_PROVINCE,57:94:SL:DATE",[IN:book_hotel [SL:CITY_OR_PROVINCE eMakhanda] [SL:DATE ukusukela ngeCawe ukuya kuLwesithathu] ],CITY_OR_PROVINCE: eMakhanda $$ DATE: ukusukela ngeCawe ukuya kuLwesithathu,xho
travel,book_hotel,"Please help me book a place to stay in Bei from Monday to next Monday,","47:53:SL:CITY_OR_PROVINCE,54:97:SL:DATE",[IN:book_hotel [SL:CITY_OR_PROVINCE eBhayi] [SL:DATE ukusukela ngoMvulo ukuya kuMvulo olandelayo] ],CITY_OR_PROVINCE: eBhayi $$ DATE: ukusukela ngoMvulo ukuya kuMvulo olandelayo,xho
travel,book_hotel,Please help me book a room in Cape Town from Monday to Friday,"47:52:SL:CITY_OR_PROVINCE,53:90:SL:DATE",[IN:book_hotel [SL:CITY_OR_PROVINCE eKapa] [SL:DATE ukusukela ngoMvulo ukuya kuLwesihlanu] ],CITY_OR_PROVINCE: eKapa $$ DATE: ukusukela ngoMvulo ukuya kuLwesihlanu,xho
travel,book_hotel,Please help me book a room in Port Alfred from Monday to Friday,"47:59:SL:CITY_OR_PROVINCE,60:97:SL:DATE",[IN:book_hotel [SL:CITY_OR_PROVINCE ePort Alfred] [SL:DATE ukusukela ngoMvulo ukuya kuLwesihlanu] ],CITY_OR_PROVINCE: ePort Alfred $$ DATE: ukusukela ngoMvulo ukuya kuLwesihlanu,xho
travel,book_hotel,Please help me book a room in Komani from Friday to Sunday.,"47:54:SL:CITY_OR_PROVINCE,55:92:SL:DATE",[IN:book_hotel [SL:CITY_OR_PROVINCE eKomani] [SL:DATE ukusukela ngoLwesihlanu ukuya kwiCawe] ],CITY_OR_PROVINCE: eKomani $$ DATE: ukusukela ngoLwesihlanu ukuya kwiCawe,xho
travel,book_hotel,Please help me book a place to stay in Johannesburg from Thursday to next Monday.,"47:57:SL:CITY_OR_PROVINCE,58:103:SL:DATE",[IN:book_hotel [SL:CITY_OR_PROVINCE eRhawutini] [SL:DATE ukusukela ngolwesine ukuya kuMvulo olandelayo] ],CITY_OR_PROVINCE: eRhawutini $$ DATE: ukusukela ngolwesine ukuya kuMvulo olandelayo,xho
travel,book_hotel,Please help me book a place to stay in Limpopo from Monday to Sunday.,"47:55:SL:CITY_OR_PROVINCE,56:88:SL:DATE",[IN:book_hotel [SL:CITY_OR_PROVINCE eLimpopo] [SL:DATE ukusukela ngoMvulo ukuya ngeCawe] ],CITY_OR_PROVINCE: eLimpopo $$ DATE: ukusukela ngoMvulo ukuya ngeCawe,xho
travel,book_hotel,Please help me to reserve a seat at the branch office from Wednesday to Saturday.,"47:58:SL:CITY_OR_PROVINCE,59:100:SL:DATE",[IN:book_hotel [SL:CITY_OR_PROVINCE eNtabankulu] [SL:DATE ukusukela ngoLwesithathu ukuya kuMgqibelo] ],CITY_OR_PROVINCE: eNtabankulu $$ DATE: ukusukela ngoLwesithathu ukuya kuMgqibelo,xho
travel,book_hotel,Please help me book a place to stay in Tinarha from Thursday to Friday,"47:55:SL:CITY_OR_PROVINCE,56:95:SL:DATE",[IN:book_hotel [SL:CITY_OR_PROVINCE eTinarha] [SL:DATE ukusukela ngoLwesine ukuya kuLwesihlanu] ],CITY_OR_PROVINCE: eTinarha $$ DATE: ukusukela ngoLwesine ukuya kuLwesihlanu,xho
travel,book_hotel,Please help me book a place to stay in Polokwane from Sunday to Friday,"47:57:SL:CITY_OR_PROVINCE,58:94:SL:DATE",[IN:book_hotel [SL:CITY_OR_PROVINCE ePolokwane] [SL:DATE ukusukela ngeCawe ukuya kuLwesihlanu] ],CITY_OR_PROVINCE: ePolokwane $$ DATE: ukusukela ngeCawe ukuya kuLwesihlanu,xho
travel,book_hotel,Please help me book a room in Durban from Monday to Saturday.,"47:54:SL:CITY_OR_PROVINCE,55:90:SL:DATE",[IN:book_hotel [SL:CITY_OR_PROVINCE eDurban] [SL:DATE ukusukela ngoMvulo ukuya kuMgqibelo] ],CITY_OR_PROVINCE: eDurban $$ DATE: ukusukela ngoMvulo ukuya kuMgqibelo,xho
travel,book_hotel,Please find me a hotel room for 4 people from Monday to Wednesday in Quonze.,"53:60:SL:NUMBER,61:98:SL:DATE,99:105:SL:CITY_OR_PROVINCE",[IN:book_hotel [SL:NUMBER abayi 4] [SL:DATE ukusuka ngoMvulo ukuya ngoLwesithathu] [SL:CITY_OR_PROVINCE eQonce] ],NUMBER: abayi 4 $$ DATE: ukusuka ngoMvulo ukuya ngoLwesithathu $$ CITY_OR_PROVINCE: eQonce,xho
travel,book_hotel,Please find me a hotel room for 2 people from Monday to Sunday in Cala.,"53:60:SL:NUMBER,61:91:SL:DATE,92:97:SL:CITY_OR_PROVINCE",[IN:book_hotel [SL:NUMBER abayi 2] [SL:DATE ukusuka ngoMvulo ukuya ngeCawe] [SL:CITY_OR_PROVINCE eCala] ],NUMBER: abayi 2 $$ DATE: ukusuka ngoMvulo ukuya ngeCawe $$ CITY_OR_PROVINCE: eCala,xho
travel,book_hotel,Please find me a hotel room for 3 people from Thursday to Monday in Polokwane.,"53:60:SL:NUMBER,61:94:SL:DATE,95:105:SL:CITY_OR_PROVINCE",[IN:book_hotel [SL:NUMBER abayi 3] [SL:DATE ukusuka ngoLwesine ukuya ngoMvulo] [SL:CITY_OR_PROVINCE ePolokwane] ],NUMBER: abayi 3 $$ DATE: ukusuka ngoLwesine ukuya ngoMvulo $$ CITY_OR_PROVINCE: ePolokwane,xho
travel,book_hotel,Please find me a hotel room for 4 people from Tuesday to Saturday in Tinarha.,"53:60:SL:NUMBER,61:101:SL:DATE,102:110:SL:CITY_OR_PROVINCE",[IN:book_hotel [SL:NUMBER abayi 4] [SL:DATE ukusuka ngoLwesithahtu ukuya ngoMgqibelo] [SL:CITY_OR_PROVINCE eTinarha] ],NUMBER: abayi 4 $$ DATE: ukusuka ngoLwesithahtu ukuya ngoMgqibelo $$ CITY_OR_PROVINCE: eTinarha,xho
travel,book_hotel,Please find me a hotel room for 6 people from Monday to Friday in Bei.,"53:60:SL:NUMBER,61:97:SL:DATE,98:104:SL:CITY_OR_PROVINCE",[IN:book_hotel [SL:NUMBER abayi 6] [SL:DATE ukusuka ngoMvulo ukuya ngoLwesihlanu] [SL:CITY_OR_PROVINCE eBhayi] ],NUMBER: abayi 6 $$ DATE: ukusuka ngoMvulo ukuya ngoLwesihlanu $$ CITY_OR_PROVINCE: eBhayi,xho
travel,book_hotel,Please find me a hotel room for 5 people from Monday to Sunday in Shorha.,"53:60:SL:NUMBER,61:91:SL:DATE,92:99:SL:CITY_OR_PROVINCE",[IN:book_hotel [SL:NUMBER abayi 5] [SL:DATE ukusuka ngoMvulo ukuya ngeCawe] [SL:CITY_OR_PROVINCE eXhorha] ],NUMBER: abayi 5 $$ DATE: ukusuka ngoMvulo ukuya ngeCawe $$ CITY_OR_PROVINCE: eXhorha,xho
travel,book_hotel,Please find me a hotel room for 3 people from Tuesday to Wednesday in Malahleni.,"53:60:SL:NUMBER,61:102:SL:DATE,103:113:SL:CITY_OR_PROVINCE",[IN:book_hotel [SL:NUMBER abayi 3] [SL:DATE ukusuka ngoLwesibini ukuya ngoLwesithathu] [SL:CITY_OR_PROVINCE eMalahleni] ],NUMBER: abayi 3 $$ DATE: ukusuka ngoLwesibini ukuya ngoLwesithathu $$ CITY_OR_PROVINCE: eMalahleni,xho
travel,book_hotel,Please find me a hotel room for 2 people from Sunday to Wednesday in Kanduli.,"53:60:SL:NUMBER,61:97:SL:DATE,98:107:SL:CITY_OR_PROVINCE",[IN:book_hotel [SL:NUMBER abayi-2] [SL:DATE ukusuka ngeCawe ukuya ngoLwesithathu] [SL:CITY_OR_PROVINCE eMqanduli] ],NUMBER: abayi-2 $$ DATE: ukusuka ngeCawe ukuya ngoLwesithathu $$ CITY_OR_PROVINCE: eMqanduli,xho
travel,book_hotel,Please find me a hotel room for 4 people from Monday to Friday in Cape Town.,"53:60:SL:NUMBER,61:97:SL:DATE,98:103:SL:CITY_OR_PROVINCE",[IN:book_hotel [SL:NUMBER abayi-4] [SL:DATE ukusuka ngoMvulo ukuya ngoLwesihlanu] [SL:CITY_OR_PROVINCE eKapa] ],NUMBER: abayi-4 $$ DATE: ukusuka ngoMvulo ukuya ngoLwesihlanu $$ CITY_OR_PROVINCE: eKapa,xho
travel,book_hotel,Please find me a hotel room for 6 people from Monday to Thursday in Mt.,"53:60:SL:NUMBER,61:94:SL:DATE,95:103:SL:PLACE_NAME",[IN:book_hotel [SL:NUMBER abayi-6] [SL:DATE ukusuka ngoMvulo ukuya ngoLwesine] [SL:PLACE_NAME eMthatha] ],NUMBER: abayi-6 $$ DATE: ukusuka ngoMvulo ukuya ngoLwesine $$ PLACE_NAME: eMthatha,xho
travel,book_hotel,I found a hotel with a good review in Cape Town.,41:46:SL:CITY_OR_PROVINCE,[IN:book_hotel [SL:CITY_OR_PROVINCE eKapa] ],CITY_OR_PROVINCE: eKapa,xho
travel,book_hotel,I found a hotel with good reviews in Bei.,41:47:SL:CITY_OR_PROVINCE,[IN:book_hotel [SL:CITY_OR_PROVINCE eBhayi] ],CITY_OR_PROVINCE: eBhayi,xho
travel,book_hotel,I found a hotel with a good review in Mthatha.,"12:19:SL:PLACE_NAME,41:49:SL:PLACE_NAME",[IN:book_hotel [SL:PLACE_NAME ihotele] [SL:PLACE_NAME eMthatha] ],PLACE_NAME: ihotele $$ PLACE_NAME: eMthatha,xho
travel,book_hotel,I found a hotel with a good review in Dutywa.,41:48:SL:CITY_OR_PROVINCE,[IN:book_hotel [SL:CITY_OR_PROVINCE eDutywa] ],CITY_OR_PROVINCE: eDutywa,xho
travel,book_hotel,"Find me a hotel with good reviews in Qonce,",41:47:SL:CITY_OR_PROVINCE,[IN:book_hotel [SL:CITY_OR_PROVINCE eQonce] ],CITY_OR_PROVINCE: eQonce,xho
travel,book_hotel,I found a hotel with good reviews in Komani.,41:48:SL:CITY_OR_PROVINCE,[IN:book_hotel [SL:CITY_OR_PROVINCE eKomani] ],CITY_OR_PROVINCE: eKomani,xho
travel,book_hotel,I found a hotel with a good review in Durban.,41:48:SL:CITY_OR_PROVINCE,[IN:book_hotel [SL:CITY_OR_PROVINCE eDurban] ],CITY_OR_PROVINCE: eDurban,xho
travel,book_hotel,I found a hotel with good reviews in Pretoria.,41:50:SL:CITY_OR_PROVINCE,[IN:book_hotel [SL:CITY_OR_PROVINCE ePretoria] ],CITY_OR_PROVINCE: ePretoria,xho
travel,book_hotel,I found a hotel with a good review in Mhlanga.,41:51:SL:CITY_OR_PROVINCE,[IN:book_hotel [SL:CITY_OR_PROVINCE kwaMhlanga] ],CITY_OR_PROVINCE: kwaMhlanga,xho
travel,book_hotel,I found a hotel with a good review in Pumakoloni.,41:53:SL:CITY_OR_PROVINCE,[IN:book_hotel [SL:CITY_OR_PROVINCE eMpumakoloni] ],CITY_OR_PROVINCE: eMpumakoloni,xho
travel,book_hotel,I found a hotel with a good review in Mpumalanga.,41:52:SL:CITY_OR_PROVINCE,[IN:book_hotel [SL:CITY_OR_PROVINCE eMpumalanga] ],CITY_OR_PROVINCE: eMpumalanga,xho
travel,book_hotel,I found a hotel with a good review in KwaZulu Natal.,41:54:SL:CITY_OR_PROVINCE,[IN:book_hotel [SL:CITY_OR_PROVINCE KwaZulu Natal] ],CITY_OR_PROVINCE: KwaZulu Natal,xho
travel,book_hotel,I found a hotel with a good review in Tinarha.,41:49:SL:CITY_OR_PROVINCE,[IN:book_hotel [SL:CITY_OR_PROVINCE eTinarha] ],CITY_OR_PROVINCE: eTinarha,xho
travel,car_rental,Can you find a car for my parents to rent when they go on vacation?,,[IN:car_rental ],,xho
travel,car_rental,"I need a Lamborghini to rent, do you know where I can get one?",,[IN:car_rental ],,xho
travel,car_rental,Please look for a Lamborghini to rent.,,[IN:car_rental ],,xho
travel,car_rental,"In his car business, do you know if he ever rents them?",,[IN:car_rental ],,xho
travel,car_rental,Please ask me if his car dealership has any rental cars.,,[IN:car_rental ],,xho
travel,car_rental,What car did you rent for the president and his family?,,[IN:car_rental ],,xho
travel,car_rental,Please hire Pastor Tourag from Monday to Friday.,35:75:SL:DATE,[IN:car_rental [SL:DATE ukusuka ngoMvulo ukuyotsho ngoLwesihlanu] ],DATE: ukusuka ngoMvulo ukuyotsho ngoLwesihlanu,xho
travel,car_rental,Can you guess which car I'll get when I get to Saudi Arabia?,58:70:SL:COUNTRY,[IN:car_rental [SL:COUNTRY eSaud Arabia] ],COUNTRY: eSaud Arabia,xho
travel,car_rental,Are mothers allowed to rent cars in India?,44:50:SL:COUNTRY,[IN:car_rental [SL:COUNTRY eIndia] ],COUNTRY: eIndia,xho
travel,car_rental,"Please explain, do women have the right to rent cars in India?",53:59:SL:COUNTRY,[IN:car_rental [SL:COUNTRY eIndia] ],COUNTRY: eIndia,xho
travel,car_rental,Where will I find a rental car when I arrive in Nairobi?,55:63:SL:COUNTRY,[IN:car_rental [SL:COUNTRY eNairobi] ],COUNTRY: eNairobi,xho
travel,car_rental,Please tell me where I can get a rental car when I arrive in Nairobi.,78:86:SL:CITY_OR_PROVINCE,[IN:car_rental [SL:CITY_OR_PROVINCE eNairobi] ],CITY_OR_PROVINCE: eNairobi,xho
travel,car_rental,Please find a car that I can rent for my family in September,58:69:SL:DATE,[IN:car_rental [SL:DATE ngoSeptemba] ],DATE: ngoSeptemba,xho
travel,car_rental,Can you help me find a car that I can rent for my family in September?,67:78:SL:DATE,[IN:car_rental [SL:DATE ngoSeptemba] ],DATE: ngoSeptemba,xho
travel,car_rental,How many people are lined up to pick up their rental cars here for the weekend?,58:68:SL:DATE,[IN:car_rental [SL:DATE impelaveki] ],DATE: impelaveki,xho
travel,car_rental,Who rents a Porsche here?,,[IN:car_rental ],,xho
travel,car_rental,Can you book a car for me to go from Monti to Mthatha?,"38:44:SL:CITY_OR_PROVINCE,51:59:SL:CITY_OR_PROVINCE",[IN:car_rental [SL:CITY_OR_PROVINCE eMonti] [SL:CITY_OR_PROVINCE eMthatha] ],CITY_OR_PROVINCE: eMonti $$ CITY_OR_PROVINCE: eMthatha,xho
travel,car_rental,"When you tow my car, pull my BMW x6",,[IN:car_rental ],,xho
travel,car_rental,Please guess the car I will use on Friday.,44:57:SL:DATE,[IN:car_rental [SL:DATE ngoLwesihlanu] ],DATE: ngoLwesihlanu,xho
travel,car_rental,You can book a car for me to go from Monti to Mthatha.,"40:46:SL:CITY_OR_PROVINCE,53:61:SL:CITY_OR_PROVINCE",[IN:car_rental [SL:CITY_OR_PROVINCE eMonti] [SL:CITY_OR_PROVINCE eMthatha] ],CITY_OR_PROVINCE: eMonti $$ CITY_OR_PROVINCE: eMthatha,xho
travel,car_rental,Can you book me a BMW X6?,,[IN:car_rental ],,xho
travel,car_rental,Can you guess my car for Friday?,44:57:SL:DATE,[IN:car_rental [SL:DATE ngoLwesihlanu] ],DATE: ngoLwesihlanu,xho
travel,car_rental,Please find me a car for use in Johannesburg between June 3 and 4.,"45:50:SL:CITY_OR_PROVINCE,51:75:SL:DATE",[IN:car_rental [SL:CITY_OR_PROVINCE eGoli] [SL:DATE phakathi kwe3 ne4 kaJuni] ],CITY_OR_PROVINCE: eGoli $$ DATE: phakathi kwe3 ne4 kaJuni,xho
travel,car_rental,Can you find a car for me to use in Johannesburg between June 3 and 4?,"48:53:SL:CITY_OR_PROVINCE,54:78:SL:DATE",[IN:car_rental [SL:CITY_OR_PROVINCE eGoli] [SL:DATE phakathi kwe3 ne4 kaJuni] ],CITY_OR_PROVINCE: eGoli $$ DATE: phakathi kwe3 ne4 kaJuni,xho
travel,car_rental,Please find me a car for my trip to Cape Town in December.,"58:67:SL:CITY_OR_PROVINCE,68:81:SL:DATE",[IN:car_rental [SL:CITY_OR_PROVINCE lwaseKapa] [SL:DATE olungoDisemba] ],CITY_OR_PROVINCE: lwaseKapa $$ DATE: olungoDisemba,xho
travel,car_rental,Could you find me a car for my trip to Cape Town in December?,"61:70:SL:CITY_OR_PROVINCE,71:84:SL:DATE",[IN:car_rental [SL:CITY_OR_PROVINCE lwaseKapa] [SL:DATE olungoDisemba] ],CITY_OR_PROVINCE: lwaseKapa $$ DATE: olungoDisemba,xho
travel,car_rental,Please show me how to rent a car for a while.,,[IN:car_rental ],,xho
travel,car_rental,Can you show me how to rent a car temporarily?,,[IN:car_rental ],,xho
travel,car_rental,What do you need if you are going to rent a car for a short time?,,[IN:car_rental ],,xho
travel,car_rental,Please tell me what I need for a temporary car rental.,,[IN:car_rental ],,xho
travel,car_rental,What companies offer car rentals during the holidays?,,[IN:car_rental ],,xho
travel,car_rental,Do you have a list of car rental companies for the holidays?,,[IN:car_rental ],,xho
travel,car_rental,Which companies offer car rental services during Easter?,39:56:SL:CALENDAR_EVENT,[IN:car_rental [SL:CALENDAR_EVENT ngexesha lepasika] ],CALENDAR_EVENT: ngexesha lepasika,xho
travel,car_rental,Do you know which companies rent cars during Easter?,47:64:SL:CALENDAR_EVENT,[IN:car_rental [SL:CALENDAR_EVENT ngexesha lepasika] ],CALENDAR_EVENT: ngexesha lepasika,xho
travel,car_rental,Can you guess which car I'll be picking up when I get to the O.R. Tambo station?,,[IN:car_rental ],,xho
travel,car_rental,Please find a car for me to rent when I arrive at the O.R. Tambo station.,,[IN:car_rental ],,xho
travel,car_rental,Who rents a high-end car in your neighborhood?,,[IN:car_rental ],,xho
travel,car_rental,Does anyone in your area rent a small car?,,[IN:car_rental ],,xho
travel,car_rental,Who can rent me a coal in Qonce?,34:40:SL:CITY_OR_PROVINCE,[IN:car_rental [SL:CITY_OR_PROVINCE eQonce] ],CITY_OR_PROVINCE: eQonce,xho
travel,car_rental,Tell me about this high-end car rental company in your area.,,[IN:car_rental ],,xho
travel,car_rental,"When in Bali, where can I rent my favorite cars?",3:12:SL:CITY_OR_PROVINCE,[IN:car_rental [SL:CITY_OR_PROVINCE ndiseBali] ],CITY_OR_PROVINCE: ndiseBali,xho
travel,car_rental,Do you know where in Bali cars are rented?,20:25:SL:CITY_OR_PROVINCE,[IN:car_rental [SL:CITY_OR_PROVINCE eBali] ],CITY_OR_PROVINCE: eBali,xho
travel,car_rental,What do you need to rent a car?,,[IN:car_rental ],,xho
travel,car_rental,Please guess the name of the person who is in the picture.,29:39:SL:CITY_OR_PROVINCE,[IN:car_rental [SL:CITY_OR_PROVINCE aph'eQonce] ],CITY_OR_PROVINCE: aph'eQonce,xho
travel,car_rental,Do you need a license to rent a car even if you are not going to drive?,,[IN:car_rental ],,xho
travel,car_rental,Can you explain to me why you need a driver's license if you can drive a rental car?,,[IN:car_rental ],,xho
travel,car_rental,Is there a car rental agency in Budapest?,42:51:SL:CITY_OR_PROVINCE,[IN:car_rental [SL:CITY_OR_PROVINCE eBudapest] ],CITY_OR_PROVINCE: eBudapest,xho
travel,car_rental,From what age are cars rented?,,[IN:car_rental ],,xho
travel,car_rental,Please tell me about available car rental places in Budapest.,61:70:SL:CITY_OR_PROVINCE,[IN:car_rental [SL:CITY_OR_PROVINCE eBudapest] ],CITY_OR_PROVINCE: eBudapest,xho
travel,car_rental,Please explain to me how old a person can start renting cars.,,[IN:car_rental ],,xho
travel,car_rental,Do you know where I can rent a limo?,,[IN:car_rental ],,xho
travel,car_rental,Do you know where I can get a Merc C200 if I need to rent one in Monti?,70:76:SL:CITY_OR_PROVINCE,[IN:car_rental [SL:CITY_OR_PROVINCE eMonti] ],CITY_OR_PROVINCE: eMonti,xho
travel,car_rental,Do you know where I can find a Toyota Hilux if I need to rent a car in Liberia?,73:81:SL:COUNTRY,[IN:car_rental [SL:COUNTRY eLiberia] ],COUNTRY: eLiberia,xho
travel,car_rental,Please advise me where I can rent a Toyota Hilux in Liberia.,60:68:SL:COUNTRY,[IN:car_rental [SL:COUNTRY eLiberia] ],COUNTRY: eLiberia,xho
travel,car_rental,Please find me a place to rent a Merc C200 in Monti.,57:63:SL:CITY_OR_PROVINCE,[IN:car_rental [SL:CITY_OR_PROVINCE eMonti] ],CITY_OR_PROVINCE: eMonti,xho
travel,car_rental,Please look for a place where I can rent a Limousine?,,[IN:car_rental ],,xho
travel,car_rental,Is it affordable to rent an electric car instead of a gasoline one?,,[IN:car_rental ],,xho
travel,car_rental,Do you know where to rent a car in London?,20:27:SL:CITY_OR_PROVINCE,[IN:car_rental [SL:CITY_OR_PROVINCE eLondon] ],CITY_OR_PROVINCE: eLondon,xho
travel,car_rental,Do you have information about the cars available from 1 to 5 January?,39:66:SL:DATE,[IN:car_rental [SL:DATE nge1 ukuya kwi5 kaJanyuwari] ],DATE: nge1 ukuya kwi5 kaJanyuwari,xho
travel,car_rental,How long does it take to get the car back when you rent it?,,[IN:car_rental ],,xho
travel,car_rental,Do you know if rental cars come with a driver?,,[IN:car_rental ],,xho
travel,car_rental,Please explain to me if the rental cars have a driver.,,[IN:car_rental ],,xho
travel,car_rental,Please expand my knowledge of the waiting time before getting a rental car.,,[IN:car_rental ],,xho
travel,car_rental,Who here needs a car rental when we arrive in Dubai?,53:59:SL:CITY_OR_PROVINCE,[IN:car_rental [SL:CITY_OR_PROVINCE eDubai] ],CITY_OR_PROVINCE: eDubai,xho
travel,car_rental,Have you seen the rented VW Tiguan?,,[IN:car_rental ],,xho
travel,car_rental,Who needs a car hire in Johannesburg for the March conference?,"31:36:SL:CITY_OR_PROVINCE,49:59:SL:DATE",[IN:car_rental [SL:CITY_OR_PROVINCE eGoli] [SL:DATE ingoMatshi] ],CITY_OR_PROVINCE: eGoli $$ DATE: ingoMatshi,xho
travel,car_rental,"You can guess my car, I need to go to Sajonisi.",46:55:SL:CITY_OR_PROVINCE,[IN:car_rental [SL:CITY_OR_PROVINCE eSajonisi] ],CITY_OR_PROVINCE: eSajonisi,xho
travel,car_rental,Please hire a VW Tiguan to transport the president when he arrives in Sudan.,57:63:SL:COUNTRY,[IN:car_rental [SL:COUNTRY eSudan] ],COUNTRY: eSudan,xho
travel,car_rental,"Please find me a rental car, I need to go to Sajonisi.",55:64:SL:CITY_OR_PROVINCE,[IN:car_rental [SL:CITY_OR_PROVINCE eSajonisi] ],CITY_OR_PROVINCE: eSajonisi,xho
travel,car_rental,Please look for these people who are looking for a rental car available at 6.,63:67:SL:TIME,[IN:car_rental [SL:TIME ngo6] ],TIME: ngo6,xho
travel,car_rental,Please guess my BMW 2 series when I go to parliament.,,[IN:car_rental ],,xho
travel,car_rental,Please give me a guess on the Mazda 626 for Monti.,42:48:SL:CITY_OR_PROVINCE,[IN:car_rental [SL:CITY_OR_PROVINCE eMonti] ],CITY_OR_PROVINCE: eMonti,xho
travel,car_rental,Is the lawyer's Ferrari for rent?,,[IN:car_rental ],,xho
travel,car_rental,Can you help me find a car I can rent on Saturday?,54:65:SL:DATE,[IN:car_rental [SL:DATE ngoMgqibelo] ],DATE: ngoMgqibelo,xho
travel,car_rental,Please explain to me how to rent a car.,,[IN:car_rental ],,xho
travel,car_rental,Please reserve a car for me to use this weekend in Pretoria.,"48:62:SL:DATE,63:70:SL:CITY_OR_PROVINCE",[IN:car_rental [SL:DATE kule mpelaveki] [SL:CITY_OR_PROVINCE ePitoli] ],DATE: kule mpelaveki $$ CITY_OR_PROVINCE: ePitoli,xho
travel,car_rental,Could you rent a car for me to use this weekend in Pretoria?,"48:62:SL:DATE,63:70:SL:CITY_OR_PROVINCE",[IN:car_rental [SL:DATE kule mpelaveki] [SL:CITY_OR_PROVINCE ePitoli] ],DATE: kule mpelaveki $$ CITY_OR_PROVINCE: ePitoli,xho
travel,car_rental,Please guess my fortune when I go to my farewell ceremony.,,[IN:car_rental ],,xho
travel,car_rental,Can you guess my farewell party?,,[IN:car_rental ],,xho
travel,car_rental,Please find me a car that I can rent for my parents when they go on vacation.,,[IN:car_rental ],,xho
travel,exchange_rate,"Can you tell me how many dollars I can get for 1,000 pounds?","29:35:SL:CURRENCY,53:61:SL:NUMBER,62:83:SL:CURRENCY",[IN:exchange_rate [SL:CURRENCY iidola] [SL:NUMBER kwi-1000] [SL:CURRENCY yeeponti zaseBrithani] ],CURRENCY: iidola $$ NUMBER: kwi-1000 $$ CURRENCY: yeeponti zaseBrithani,xho
travel,exchange_rate,You can tell me how many dollars I can get for 764 yen.,"29:35:SL:CURRENCY,61:67:SL:CURRENCY",[IN:exchange_rate [SL:CURRENCY iidola] [SL:CURRENCY yeeyen] ],CURRENCY: iidola $$ CURRENCY: yeeyen,xho
travel,exchange_rate,You can tell me how many dollars I can get for 876 dollars.,"29:35:SL:CURRENCY,53:60:SL:NUMBER,61:69:SL:CURRENCY",[IN:exchange_rate [SL:CURRENCY iidola] [SL:NUMBER kwi-876] [SL:CURRENCY yeerandi] ],CURRENCY: iidola $$ NUMBER: kwi-876 $$ CURRENCY: yeerandi,xho
travel,exchange_rate,Can you tell me how many dollars I can get for 138 British pounds?,"29:36:SL:CURRENCY,54:61:SL:NUMBER,62:83:SL:CURRENCY",[IN:exchange_rate [SL:CURRENCY iirandi] [SL:NUMBER kwi-138] [SL:CURRENCY yeeponti zaseBrithani] ],CURRENCY: iirandi $$ NUMBER: kwi-138 $$ CURRENCY: yeeponti zaseBrithani,xho
travel,exchange_rate,You can tell me how many dollars I can get for 453 Swiss francs.,"29:36:SL:CURRENCY,54:61:SL:MONEY,62:75:SL:CURRENCY",[IN:exchange_rate [SL:CURRENCY iirandi] [SL:MONEY kwi-453] [SL:CURRENCY yeeswis franc] ],CURRENCY: iirandi $$ MONEY: kwi-453 $$ CURRENCY: yeeswis franc,xho
travel,exchange_rate,You can tell me how many dollars I can get for 750 dinars.,"29:36:SL:CURRENCY,54:61:SL:NUMBER,62:70:SL:CURRENCY",[IN:exchange_rate [SL:CURRENCY iirandi] [SL:NUMBER kwi-750] [SL:CURRENCY yeedinar] ],CURRENCY: iirandi $$ NUMBER: kwi-750 $$ CURRENCY: yeedinar,xho
travel,exchange_rate,Can you tell me how many dinars I can get for 762 British pounds?,"29:36:SL:CURRENCY,54:61:SL:NUMBER,62:83:SL:CURRENCY",[IN:exchange_rate [SL:CURRENCY iidinar] [SL:NUMBER kwi-762] [SL:CURRENCY yeeponti zaseBrithani] ],CURRENCY: iidinar $$ NUMBER: kwi-762 $$ CURRENCY: yeeponti zaseBrithani,xho
travel,exchange_rate,You can tell me how many dinars I can get for 497 pulas.,"29:36:SL:CURRENCY,54:61:SL:MONEY,62:69:SL:CURRENCY",[IN:exchange_rate [SL:CURRENCY iidinar] [SL:MONEY kwi-497] [SL:CURRENCY yeepula] ],CURRENCY: iidinar $$ MONEY: kwi-497 $$ CURRENCY: yeepula,xho
travel,exchange_rate,You can tell me how many dinars I can get for 900 Indian rupees.,"29:36:SL:CURRENCY,54:61:SL:NUMBER,62:81:SL:CURRENCY",[IN:exchange_rate [SL:CURRENCY iidinar] [SL:NUMBER kwi-900] [SL:CURRENCY yeeruphi zase India] ],CURRENCY: iidinar $$ NUMBER: kwi-900 $$ CURRENCY: yeeruphi zase India,xho
travel,exchange_rate,Can you tell me how many Indian rupees I can get for 870 British pounds?,"29:47:SL:CURRENCY,65:72:SL:NUMBER,73:94:SL:CURRENCY",[IN:exchange_rate [SL:CURRENCY iiruphi zase India] [SL:NUMBER kwi-870] [SL:CURRENCY yeeponti zaseBrithani] ],CURRENCY: iiruphi zase India $$ NUMBER: kwi-870 $$ CURRENCY: yeeponti zaseBrithani,xho
travel,exchange_rate,You can tell me how many Indian rupees I can get for 540 yen.,"29:36:SL:CURRENCY,42:47:SL:COUNTRY,65:72:SL:MONEY,73:79:SL:CURRENCY",[IN:exchange_rate [SL:CURRENCY iiruphi] [SL:COUNTRY India] [SL:MONEY kwi-540] [SL:CURRENCY yeeyen] ],CURRENCY: iiruphi $$ COUNTRY: India $$ MONEY: kwi-540 $$ CURRENCY: yeeyen,xho
travel,exchange_rate,You can tell me how many Indian rupees I can get for 210 paulas.,"29:47:SL:CURRENCY,65:72:SL:NUMBER,73:80:SL:CURRENCY",[IN:exchange_rate [SL:CURRENCY iiruphi zase India] [SL:NUMBER kwi-210] [SL:CURRENCY yeepula] ],CURRENCY: iiruphi zase India $$ NUMBER: kwi-210 $$ CURRENCY: yeepula,xho
travel,exchange_rate,Can you tell me how many pounds I can get for 730 British pounds?,"29:35:SL:CURRENCY,53:60:SL:NUMBER,61:82:SL:CURRENCY",[IN:exchange_rate [SL:CURRENCY iipula] [SL:NUMBER kwi-730] [SL:CURRENCY yeeponti zaseBrithani] ],CURRENCY: iipula $$ NUMBER: kwi-730 $$ CURRENCY: yeeponti zaseBrithani,xho
travel,exchange_rate,Can you tell me how many pools I can get for $840?,"29:35:SL:CURRENCY,53:60:SL:NUMBER,61:69:SL:CURRENCY",[IN:exchange_rate [SL:CURRENCY iipula] [SL:NUMBER kwi-840] [SL:CURRENCY yeerandi] ],CURRENCY: iipula $$ NUMBER: kwi-840 $$ CURRENCY: yeerandi,xho
travel,exchange_rate,You can tell me how many pounds I can get for 830 Swiss francs.,"29:35:SL:CURRENCY,53:58:SL:MONEY,59:72:SL:CURRENCY",[IN:exchange_rate [SL:CURRENCY iipula] [SL:MONEY kw830] [SL:CURRENCY yeeswis franc] ],CURRENCY: iipula $$ MONEY: kw830 $$ CURRENCY: yeeswis franc,xho
travel,exchange_rate,You can tell me how many dollars I can get for 30 Swiss francs.,"29:35:SL:CURRENCY,53:59:SL:MONEY,60:73:SL:CURRENCY",[IN:exchange_rate [SL:CURRENCY iidola] [SL:MONEY kwi-30] [SL:CURRENCY yeeswis franc] ],CURRENCY: iidola $$ MONEY: kwi-30 $$ CURRENCY: yeeswis franc,xho
travel,exchange_rate,How many Swiss francs can I exchange for 7000 pulas?,"9:21:SL:CURRENCY,44:53:SL:CURRENCY,54:64:SL:NUMBER",[IN:exchange_rate [SL:CURRENCY iiswis franc] [SL:CURRENCY ngee pula] [SL:NUMBER ezili-7000] ],CURRENCY: iiswis franc $$ CURRENCY: ngee pula $$ NUMBER: ezili-7000,xho
travel,exchange_rate,How many Zimbabwe dollars can I exchange for 7000 pulas?,"9:28:SL:CURRENCY,51:60:SL:CURRENCY,61:71:SL:NUMBER",[IN:exchange_rate [SL:CURRENCY iidola zaseZimbabwe] [SL:CURRENCY ngee pula] [SL:NUMBER ezili-7000] ],CURRENCY: iidola zaseZimbabwe $$ CURRENCY: ngee pula $$ NUMBER: ezili-7000,xho
travel,exchange_rate,How many dollars can I exchange for 10 yen?,"9:15:SL:CURRENCY,38:44:SL:CURRENCY,45:53:SL:MONEY",[IN:exchange_rate [SL:CURRENCY iidola] [SL:CURRENCY ngeyen] [SL:MONEY ezili-10] ],CURRENCY: iidola $$ CURRENCY: ngeyen $$ MONEY: ezili-10,xho
travel,exchange_rate,How many dollars can I exchange for 240 yen?,"9:15:SL:CURRENCY,38:44:SL:CURRENCY,45:54:SL:MONEY",[IN:exchange_rate [SL:CURRENCY iidola] [SL:CURRENCY ngeyen] [SL:MONEY ezili-240] ],CURRENCY: iidola $$ CURRENCY: ngeyen $$ MONEY: ezili-240,xho
travel,exchange_rate,How many yen could I exchange for $35?,"9:14:SL:CURRENCY,37:45:SL:CURRENCY,46:54:SL:NUMBER",[IN:exchange_rate [SL:CURRENCY iiyen] [SL:CURRENCY ngeedola] [SL:NUMBER ezili-35] ],CURRENCY: iiyen $$ CURRENCY: ngeedola $$ NUMBER: ezili-35,xho
travel,exchange_rate,How many yen can I exchange for $17?,"9:14:SL:CURRENCY,37:45:SL:CURRENCY,46:54:SL:MONEY",[IN:exchange_rate [SL:CURRENCY iiyen] [SL:CURRENCY ngeedola] [SL:MONEY ezili-17] ],CURRENCY: iiyen $$ CURRENCY: ngeedola $$ MONEY: ezili-17,xho
travel,exchange_rate,How many dollars can I exchange for 700 dollars?,"9:15:SL:CURRENCY,38:46:SL:CURRENCY,47:56:SL:NUMBER",[IN:exchange_rate [SL:CURRENCY iidola] [SL:CURRENCY ngerandi] [SL:NUMBER ezili-700] ],CURRENCY: iidola $$ CURRENCY: ngerandi $$ NUMBER: ezili-700,xho
travel,exchange_rate,How many dollars can I exchange for $200?,"9:15:SL:CURRENCY,38:46:SL:CURRENCY,47:57:SL:MONEY",[IN:exchange_rate [SL:CURRENCY iidola] [SL:CURRENCY ngerandi] [SL:MONEY ezili-1200] ],CURRENCY: iidola $$ CURRENCY: ngerandi $$ MONEY: ezili-1200,xho
travel,exchange_rate,How many dollars can I exchange for 730 yen?,"9:16:SL:CURRENCY,39:45:SL:CURRENCY,46:55:SL:MONEY",[IN:exchange_rate [SL:CURRENCY iirandi] [SL:CURRENCY ngeyen] [SL:MONEY ezili-730] ],CURRENCY: iirandi $$ CURRENCY: ngeyen $$ MONEY: ezili-730,xho
travel,exchange_rate,How many dollars can I exchange for 39 yen?,"9:16:SL:CURRENCY,39:45:SL:CURRENCY,46:54:SL:NUMBER",[IN:exchange_rate [SL:CURRENCY iirandi] [SL:CURRENCY ngeyen] [SL:NUMBER ezili-39] ],CURRENCY: iirandi $$ CURRENCY: ngeyen $$ NUMBER: ezili-39,xho
travel,exchange_rate,How many pounds of beetroot could I exchange for 27 euros?,"9:29:SL:CURRENCY,52:59:SL:CURRENCY,60:68:SL:NUMBER",[IN:exchange_rate [SL:CURRENCY iiponti zasebhithani] [SL:CURRENCY ngeyuro] [SL:NUMBER ezili-27] ],CURRENCY: iiponti zasebhithani $$ CURRENCY: ngeyuro $$ NUMBER: ezili-27,xho
travel,exchange_rate,How many pounds of beetroot can I exchange for 92 euros?,"9:29:SL:CURRENCY,52:59:SL:CURRENCY,60:68:SL:MONEY",[IN:exchange_rate [SL:CURRENCY iiponti zasebhithani] [SL:CURRENCY ngeyuro] [SL:MONEY ezili-92] ],CURRENCY: iiponti zasebhithani $$ CURRENCY: ngeyuro $$ MONEY: ezili-92,xho
travel,exchange_rate,How many euros can I exchange for 77 pounds?,"9:15:SL:CURRENCY,38:61:SL:CURRENCY,62:70:SL:NUMBER",[IN:exchange_rate [SL:CURRENCY iiyuro] [SL:CURRENCY ngeeponti zasebhrithani] [SL:NUMBER ezili-77] ],CURRENCY: iiyuro $$ CURRENCY: ngeeponti zasebhrithani $$ NUMBER: ezili-77,xho
travel,exchange_rate,How many euros can I exchange for 2000 pounds sterling?,"9:15:SL:CURRENCY,38:61:SL:CURRENCY,62:72:SL:NUMBER",[IN:exchange_rate [SL:CURRENCY iiyuro] [SL:CURRENCY ngeeponti zasebhrithani] [SL:NUMBER ezili-2000] ],CURRENCY: iiyuro $$ CURRENCY: ngeeponti zasebhrithani $$ NUMBER: ezili-2000,xho
travel,exchange_rate,How many Indian rupees would I exchange for 17 Israeli shekels?,"9:27:SL:CURRENCY,50:72:SL:CURRENCY,73:81:SL:NUMBER",[IN:exchange_rate [SL:CURRENCY iiruphi zase-India] [SL:CURRENCY ngeeshekel zase-Israel] [SL:NUMBER ezili-17] ],CURRENCY: iiruphi zase-India $$ CURRENCY: ngeeshekel zase-Israel $$ NUMBER: ezili-17,xho
travel,exchange_rate,How many Indian rupees would I exchange for 19 Israeli shekels?,"9:27:SL:CURRENCY,50:72:SL:CURRENCY,73:81:SL:NUMBER",[IN:exchange_rate [SL:CURRENCY iiruphi zase-India] [SL:CURRENCY ngeeshekel zase-Israel] [SL:NUMBER ezili-19] ],CURRENCY: iiruphi zase-India $$ CURRENCY: ngeeshekel zase-Israel $$ NUMBER: ezili-19,xho
travel,exchange_rate,How many dollars can I exchange for $10?,"16:23:SL:CURRENCY,46:52:SL:NUMBER,53:60:SL:CURRENCY",[IN:exchange_rate [SL:CURRENCY iirandi] [SL:NUMBER nge-10] [SL:CURRENCY yeedola] ],CURRENCY: iirandi $$ NUMBER: nge-10 $$ CURRENCY: yeedola,xho
travel,exchange_rate,How many dollars can I trade for $134?,"16:23:SL:CURRENCY,46:53:SL:NUMBER,54:61:SL:CURRENCY",[IN:exchange_rate [SL:CURRENCY iirandi] [SL:NUMBER nge-134] [SL:CURRENCY yeedola] ],CURRENCY: iirandi $$ NUMBER: nge-134 $$ CURRENCY: yeedola,xho
travel,exchange_rate,"How many dollars could I exchange for $1,200?","16:22:SL:CURRENCY,45:54:SL:CURRENCY,55:65:SL:MONEY",[IN:exchange_rate [SL:CURRENCY iidola] [SL:CURRENCY ngeerandi] [SL:MONEY ezili-2300] ],CURRENCY: iidola $$ CURRENCY: ngeerandi $$ MONEY: ezili-2300,xho
travel,exchange_rate,How many dollars could I exchange for $320.,"16:22:SL:CURRENCY,45:54:SL:CURRENCY,55:64:SL:NUMBER",[IN:exchange_rate [SL:CURRENCY iidola] [SL:CURRENCY ngeerandi] [SL:NUMBER ezili-320] ],CURRENCY: iidola $$ CURRENCY: ngeerandi $$ NUMBER: ezili-320,xho
travel,exchange_rate,How many spoons can I exchange for 1200 yen.,"16:22:SL:CURRENCY,45:52:SL:CURRENCY,53:63:SL:MONEY",[IN:exchange_rate [SL:CURRENCY iipula] [SL:CURRENCY ngeeyen] [SL:MONEY ezili-1200] ],CURRENCY: iipula $$ CURRENCY: ngeeyen $$ MONEY: ezili-1200,xho
travel,exchange_rate,How many spoons can I exchange for 670 yen?,"16:22:SL:CURRENCY,45:52:SL:CURRENCY,53:62:SL:NUMBER",[IN:exchange_rate [SL:CURRENCY iipula] [SL:CURRENCY ngeeyen] [SL:NUMBER ezili-670] ],CURRENCY: iipula $$ CURRENCY: ngeeyen $$ NUMBER: ezili-670,xho
travel,exchange_rate,How many spoons can I exchange for 450 yen?,"16:22:SL:CURRENCY,45:52:SL:CURRENCY,53:62:SL:MONEY",[IN:exchange_rate [SL:CURRENCY iipula] [SL:CURRENCY ngeeyen] [SL:MONEY ezili-450] ],CURRENCY: iipula $$ CURRENCY: ngeeyen $$ MONEY: ezili-450,xho
travel,exchange_rate,How many Swiss francs could I exchange for 500 pounds sterling?,"16:28:SL:CURRENCY,51:74:SL:CURRENCY,75:84:SL:MONEY",[IN:exchange_rate [SL:CURRENCY iiswis franc] [SL:CURRENCY ngeeponti zasebhrithani] [SL:MONEY ezili-500] ],CURRENCY: iiswis franc $$ CURRENCY: ngeeponti zasebhrithani $$ MONEY: ezili-500,xho
travel,exchange_rate,How many Swiss francs could I exchange for 750 British pounds?,"16:28:SL:CURRENCY,51:74:SL:CURRENCY,75:84:SL:NUMBER",[IN:exchange_rate [SL:CURRENCY iiswis franc] [SL:CURRENCY ngeeponti zasebhrithani] [SL:NUMBER ezili-750] ],CURRENCY: iiswis franc $$ CURRENCY: ngeeponti zasebhrithani $$ NUMBER: ezili-750,xho
travel,exchange_rate,How many Swiss francs can I exchange for 967 British pounds?,"16:28:SL:CURRENCY,51:74:SL:CURRENCY,75:84:SL:NUMBER",[IN:exchange_rate [SL:CURRENCY iiswis franc] [SL:CURRENCY ngeeponti zasebhrithani] [SL:NUMBER ezili-967] ],CURRENCY: iiswis franc $$ CURRENCY: ngeeponti zasebhrithani $$ NUMBER: ezili-967,xho
travel,exchange_rate,How many dinars could I exchange for 258 pesos?,"16:23:SL:CURRENCY,46:54:SL:CURRENCY,55:64:SL:MONEY",[IN:exchange_rate [SL:CURRENCY iidinar] [SL:CURRENCY ngeepeso] [SL:MONEY ezili-258] ],CURRENCY: iidinar $$ CURRENCY: ngeepeso $$ MONEY: ezili-258,xho
travel,exchange_rate,How many dinars can I exchange for 869 pesos?,"16:23:SL:CURRENCY,46:54:SL:CURRENCY,55:64:SL:NUMBER",[IN:exchange_rate [SL:CURRENCY iidinar] [SL:CURRENCY ngeepeso] [SL:NUMBER ezili-869] ],CURRENCY: iidinar $$ CURRENCY: ngeepeso $$ NUMBER: ezili-869,xho
travel,exchange_rate,How many dinars can I exchange for 9973 pesos?,"16:23:SL:CURRENCY,46:54:SL:CURRENCY,55:65:SL:MONEY",[IN:exchange_rate [SL:CURRENCY iidinar] [SL:CURRENCY ngeepeso] [SL:MONEY ezili-9973] ],CURRENCY: iidinar $$ CURRENCY: ngeepeso $$ MONEY: ezili-9973,xho
travel,exchange_rate,How many crowns can I exchange for 579 Indian rupees?,"16:23:SL:CURRENCY,46:55:SL:CURRENCY,67:76:SL:NUMBER",[IN:exchange_rate [SL:CURRENCY iikrone] [SL:CURRENCY ngeeruphi] [SL:NUMBER ezili-579] ],CURRENCY: iikrone $$ CURRENCY: ngeeruphi $$ NUMBER: ezili-579,xho
travel,exchange_rate,How many crowns can I exchange for 580 Indian rupees?,"16:23:SL:CURRENCY,46:66:SL:CURRENCY,67:76:SL:NUMBER",[IN:exchange_rate [SL:CURRENCY iikrone] [SL:CURRENCY ngeeruphi zase India] [SL:NUMBER ezili-580] ],CURRENCY: iikrone $$ CURRENCY: ngeeruphi zase India $$ NUMBER: ezili-580,xho
travel,exchange_rate,How many dollars would I trade for 650 pounds?,"16:23:SL:CURRENCY,46:54:SL:CURRENCY,55:64:SL:NUMBER",[IN:exchange_rate [SL:CURRENCY iirandi] [SL:CURRENCY ngeepula] [SL:NUMBER ezili-650] ],CURRENCY: iirandi $$ CURRENCY: ngeepula $$ NUMBER: ezili-650,xho
travel,exchange_rate,How many yen can I exchange for 760 kronor?,"16:21:SL:CURRENCY,44:52:SL:CURRENCY,53:62:SL:MONEY",[IN:exchange_rate [SL:CURRENCY iiyen] [SL:CURRENCY ngekrone] [SL:MONEY ezili-760] ],CURRENCY: iiyen $$ CURRENCY: ngekrone $$ MONEY: ezili-760,xho
travel,exchange_rate,"Compared to the dollar, which is stronger?","23:31:SL:CURRENCY,38:45:SL:CURRENCY",[IN:exchange_rate [SL:CURRENCY kwe dola] [SL:CURRENCY nerandi] ],CURRENCY: kwe dola $$ CURRENCY: nerandi,xho
travel,exchange_rate,"Compared to the dollar and the pound, which is stronger?","27:31:SL:CURRENCY,38:44:SL:CURRENCY",[IN:exchange_rate [SL:CURRENCY dola] [SL:CURRENCY nepula] ],CURRENCY: dola $$ CURRENCY: nepula,xho
travel,exchange_rate,"When comparing the dollar to the yen, which is stronger?","27:31:SL:CURRENCY,38:43:SL:CURRENCY",[IN:exchange_rate [SL:CURRENCY dola] [SL:CURRENCY neyen] ],CURRENCY: dola $$ CURRENCY: neyen,xho
travel,exchange_rate,"Compared to the dollar and the dinar, which is stronger?","27:31:SL:CURRENCY,38:45:SL:CURRENCY",[IN:exchange_rate [SL:CURRENCY dola] [SL:CURRENCY nedinar] ],CURRENCY: dola $$ CURRENCY: nedinar,xho
travel,exchange_rate,"Compared to the dollar and the pound sterling, which is stronger?","23:31:SL:CURRENCY,38:59:SL:CURRENCY",[IN:exchange_rate [SL:CURRENCY kwe dola] [SL:CURRENCY neponti yasebhrithani] ],CURRENCY: kwe dola $$ CURRENCY: neponti yasebhrithani,xho
travel,exchange_rate,"When comparing between the British pound and the dollar, which is stronger?","23:46:SL:CURRENCY,53:60:SL:CURRENCY",[IN:exchange_rate [SL:CURRENCY kwe ponti yasebhrithani] [SL:CURRENCY nerandi] ],CURRENCY: kwe ponti yasebhrithani $$ CURRENCY: nerandi,xho
travel,exchange_rate,"When comparing between the British pound and the yen, which is stronger?","27:46:SL:CURRENCY,53:58:SL:CURRENCY",[IN:exchange_rate [SL:CURRENCY ponti yasebhrithani] [SL:CURRENCY neyen] ],CURRENCY: ponti yasebhrithani $$ CURRENCY: neyen,xho
travel,exchange_rate,"When comparing between the British pound and the Indian rupee, which is stronger?","27:46:SL:CURRENCY,53:71:SL:CURRENCY",[IN:exchange_rate [SL:CURRENCY ponti yasebhrithani] [SL:CURRENCY neruphi yase India] ],CURRENCY: ponti yasebhrithani $$ CURRENCY: neruphi yase India,xho
travel,exchange_rate,"When comparing between the British pound and the Swiss franc, which is stronger?","23:46:SL:CURRENCY,53:65:SL:CURRENCY",[IN:exchange_rate [SL:CURRENCY kwe ponti yasebhrithani] [SL:CURRENCY neswis franc] ],CURRENCY: kwe ponti yasebhrithani $$ CURRENCY: neswis franc,xho
travel,exchange_rate,"When comparing between the British pound and the dinar, which is stronger?","23:46:SL:CURRENCY,53:60:SL:CURRENCY",[IN:exchange_rate [SL:CURRENCY kwe ponti yasebhrithani] [SL:CURRENCY nedinar] ],CURRENCY: kwe ponti yasebhrithani $$ CURRENCY: nedinar,xho
travel,exchange_rate,"Compared between the dinar and the dollar, which is stronger?","27:32:SL:CURRENCY,39:46:SL:CURRENCY",[IN:exchange_rate [SL:CURRENCY dinar] [SL:CURRENCY nerandi] ],CURRENCY: dinar $$ CURRENCY: nerandi,xho
travel,exchange_rate,"Compared between the dinar and the yen, which is stronger?","23:32:SL:CURRENCY,39:44:SL:CURRENCY",[IN:exchange_rate [SL:CURRENCY kwe dinar] [SL:CURRENCY neyen] ],CURRENCY: kwe dinar $$ CURRENCY: neyen,xho
travel,exchange_rate,"Compared between the dinar and the pula, which is stronger?","27:32:SL:CURRENCY,39:45:SL:CURRENCY",[IN:exchange_rate [SL:CURRENCY dinar] [SL:CURRENCY nepula] ],CURRENCY: dinar $$ CURRENCY: nepula,xho
travel,exchange_rate,"Compared between the dinar and the Swiss franc, which is stronger?","27:32:SL:CURRENCY,39:51:SL:CURRENCY",[IN:exchange_rate [SL:CURRENCY dinar] [SL:CURRENCY neswis franc] ],CURRENCY: dinar $$ CURRENCY: neswis franc,xho
travel,exchange_rate,"When comparing between the Swiss franc and the dollar, which is stronger?","27:37:SL:CURRENCY,44:51:SL:CURRENCY",[IN:exchange_rate [SL:CURRENCY swis frank] [SL:CURRENCY nerandi] ],CURRENCY: swis frank $$ CURRENCY: nerandi,xho
travel,exchange_rate,"When comparing between the Swiss franc and the pound, which is stronger?","23:37:SL:CURRENCY,44:50:SL:CURRENCY",[IN:exchange_rate [SL:CURRENCY kwe swis frank] [SL:CURRENCY nepula] ],CURRENCY: kwe swis frank $$ CURRENCY: nepula,xho
travel,exchange_rate,"When comparing between the Swiss franc and the yen, which is stronger?","23:37:SL:CURRENCY,44:49:SL:CURRENCY",[IN:exchange_rate [SL:CURRENCY kwe swis frank] [SL:CURRENCY neyen] ],CURRENCY: kwe swis frank $$ CURRENCY: neyen,xho
travel,exchange_rate,Change $200 into British pounds.,"7:13:SL:CURRENCY,14:26:SL:MONEY,27:49:SL:CURRENCY",[IN:exchange_rate [SL:CURRENCY iidola] [SL:MONEY ezingama-200] [SL:CURRENCY kwiiponti zaseBrithani] ],CURRENCY: iidola $$ MONEY: ezingama-200 $$ CURRENCY: kwiiponti zaseBrithani,xho
travel,exchange_rate,Change $279 into yen.,"7:13:SL:CURRENCY,14:26:SL:NUMBER,27:34:SL:CURRENCY",[IN:exchange_rate [SL:CURRENCY iidola] [SL:NUMBER ezingama-279] [SL:CURRENCY kwiiyen] ],CURRENCY: iidola $$ NUMBER: ezingama-279 $$ CURRENCY: kwiiyen,xho
travel,exchange_rate,Convert 278 yen to British pounds.,"7:12:SL:CURRENCY,13:25:SL:NUMBER,26:48:SL:CURRENCY",[IN:exchange_rate [SL:CURRENCY iiyen] [SL:NUMBER ezingama-278] [SL:CURRENCY kwiiponti zaseBrithani] ],CURRENCY: iiyen $$ NUMBER: ezingama-278 $$ CURRENCY: kwiiponti zaseBrithani,xho
travel,exchange_rate,Convert 540 yen to Swiss francs.,"7:12:SL:CURRENCY,13:25:SL:NUMBER,26:40:SL:CURRENCY",[IN:exchange_rate [SL:CURRENCY iiyen] [SL:NUMBER ezingama-540] [SL:CURRENCY kwiiswis franc] ],CURRENCY: iiyen $$ NUMBER: ezingama-540 $$ CURRENCY: kwiiswis franc,xho
travel,exchange_rate,Convert 960 Swiss francs to British pounds.,"7:19:SL:CURRENCY,20:32:SL:NUMBER,33:55:SL:CURRENCY",[IN:exchange_rate [SL:CURRENCY iiswis franc] [SL:NUMBER ezingama-960] [SL:CURRENCY kwiiponti zaseBrithani] ],CURRENCY: iiswis franc $$ NUMBER: ezingama-960 $$ CURRENCY: kwiiponti zaseBrithani,xho
travel,exchange_rate,Convert 876 Swiss francs to dollars.,"7:19:SL:CURRENCY,20:32:SL:NUMBER,33:41:SL:CURRENCY",[IN:exchange_rate [SL:CURRENCY iiswis franc] [SL:NUMBER ezingama-876] [SL:CURRENCY kwiidola] ],CURRENCY: iiswis franc $$ NUMBER: ezingama-876 $$ CURRENCY: kwiidola,xho
travel,exchange_rate,Convert 450 Swiss francs into yen.,"7:19:SL:CURRENCY,20:32:SL:MONEY,33:40:SL:CURRENCY",[IN:exchange_rate [SL:CURRENCY iiswis franc] [SL:MONEY ezingama-450] [SL:CURRENCY kwiiyen] ],CURRENCY: iiswis franc $$ MONEY: ezingama-450 $$ CURRENCY: kwiiyen,xho
travel,exchange_rate,Turn the $120 into plates.,"7:14:SL:CURRENCY,15:27:SL:MONEY,28:37:SL:CURRENCY",[IN:exchange_rate [SL:CURRENCY iirandi] [SL:MONEY ezingama-120] [SL:CURRENCY kwiipulai] ],CURRENCY: iirandi $$ MONEY: ezingama-120 $$ CURRENCY: kwiipulai,xho
travel,exchange_rate,"Convert 3000 dollars to yen,","7:14:SL:CURRENCY,15:28:SL:MONEY,29:36:SL:CURRENCY",[IN:exchange_rate [SL:CURRENCY iirandi] [SL:MONEY ezingama-3000] [SL:CURRENCY kwiiyen] ],CURRENCY: iirandi $$ MONEY: ezingama-3000 $$ CURRENCY: kwiiyen,xho
travel,exchange_rate,Convert $50 to Indian rupees.,"7:14:SL:CURRENCY,15:27:SL:NUMBER,28:48:SL:CURRENCY",[IN:exchange_rate [SL:CURRENCY iirandi] [SL:NUMBER ezingama-350] [SL:CURRENCY kwiiruphi zase India] ],CURRENCY: iirandi $$ NUMBER: ezingama-350 $$ CURRENCY: kwiiruphi zase India,xho
travel,exchange_rate,Convert 110 Indian rupees into British pounds.,"7:25:SL:CURRENCY,26:38:SL:NUMBER,39:61:SL:CURRENCY",[IN:exchange_rate [SL:CURRENCY iiruphi zase India] [SL:NUMBER ezingama-110] [SL:CURRENCY kwiiponti zaseBrithani] ],CURRENCY: iiruphi zase India $$ NUMBER: ezingama-110 $$ CURRENCY: kwiiponti zaseBrithani,xho
travel,exchange_rate,Convert 7000 Indian rupees to dinars,"7:25:SL:CURRENCY,26:39:SL:NUMBER,40:49:SL:CURRENCY",[IN:exchange_rate [SL:CURRENCY iiruphi zase India] [SL:NUMBER ezingama-7000] [SL:CURRENCY kwiidinar] ],CURRENCY: iiruphi zase India $$ NUMBER: ezingama-7000 $$ CURRENCY: kwiidinar,xho
travel,exchange_rate,"Convert 2,000 dinars into British pounds.","7:14:SL:CURRENCY,15:28:SL:NUMBER,29:51:SL:CURRENCY",[IN:exchange_rate [SL:CURRENCY iidinar] [SL:NUMBER ezingama-2000] [SL:CURRENCY kwiiponti zaseBrithani] ],CURRENCY: iidinar $$ NUMBER: ezingama-2000 $$ CURRENCY: kwiiponti zaseBrithani,xho
travel,exchange_rate,Convert 870 dinars to Swiss francs.,"7:14:SL:CURRENCY,15:27:SL:NUMBER,28:42:SL:CURRENCY",[IN:exchange_rate [SL:CURRENCY iidinar] [SL:NUMBER ezingama-870] [SL:CURRENCY kwiiswis franc] ],CURRENCY: iidinar $$ NUMBER: ezingama-870 $$ CURRENCY: kwiiswis franc,xho
travel,international_visa,How much do I need to pay for a German visa?,47:57:SL:COUNTRY,[IN:international_visa [SL:COUNTRY yaseJamani] ],COUNTRY: yaseJamani,xho
travel,international_visa,Do I need a visa to enter Germany for business?,33:40:SL:COUNTRY,[IN:international_visa [SL:COUNTRY eJamani] ],COUNTRY: eJamani,xho
travel,international_visa,Do I have to have my employers apply for my visa?,,[IN:international_visa ],,xho
travel,international_visa,Do I need a visa to visit Paraguay?,42:51:SL:COUNTRY,[IN:international_visa [SL:COUNTRY iParaguay] ],COUNTRY: iParaguay,xho
travel,international_visa,Why is it so difficult to visit Ghana without a visa?,30:36:SL:COUNTRY,[IN:international_visa [SL:COUNTRY eGhana] ],COUNTRY: eGhana,xho
travel,international_visa,What responsibilities are attached to obtaining a Mexican visa?,45:55:SL:COUNTRY,[IN:international_visa [SL:COUNTRY yaseMexico] ],COUNTRY: yaseMexico,xho
travel,international_visa,What laws should you respect when visiting Mexico?,54:61:SL:COUNTRY,[IN:international_visa [SL:COUNTRY eMexico] ],COUNTRY: eMexico,xho
travel,international_visa,How long does it take to get a visa to visit Gabon?,59:65:SL:COUNTRY,[IN:international_visa [SL:COUNTRY iGabon] ],COUNTRY: iGabon,xho
travel,international_visa,Is it mandatory to wear a mask when visiting Africa?,,[IN:international_visa ],,xho
travel,international_visa,How does the cost of obtaining a visa vary?,,[IN:international_visa ],,xho
travel,international_visa,How much does it cost to get a Taiwan visa?,23:33:SL:COUNTRY,[IN:international_visa [SL:COUNTRY yaseTaiwan] ],COUNTRY: yaseTaiwan,xho
travel,international_visa,What happens if I lie on my Uruguay visa application?,50:61:SL:COUNTRY,[IN:international_visa [SL:COUNTRY yaseUruguay] ],COUNTRY: yaseUruguay,xho
travel,international_visa,What are the most popular types of visas?,,[IN:international_visa ],,xho
travel,international_visa,How long does a student visa to the United States expire?,16:23:SL:COUNTRY,[IN:international_visa [SL:COUNTRY eMelika] ],COUNTRY: eMelika,xho
travel,international_visa,What is required to apply for a visa?,,[IN:international_visa ],,xho
travel,international_visa,How much does the cost vary between these types of visas?,,[IN:international_visa ],,xho
travel,international_visa,How long does it take to get a visa?,,[IN:international_visa ],,xho
travel,international_visa,Do I need to change money when I travel from China to the United States?,"11:18:SL:COUNTRY,27:33:SL:COUNTRY",[IN:international_visa [SL:COUNTRY eMelika] [SL:COUNTRY eChina] ],COUNTRY: eMelika $$ COUNTRY: eChina,xho
travel,international_visa,How much is rent compared with the dollar?,"9:15:SL:CURRENCY,33:39:SL:CURRENCY",[IN:international_visa [SL:CURRENCY iranti] [SL:CURRENCY nedola] ],CURRENCY: iranti $$ CURRENCY: nedola,xho
travel,international_visa,Please advise students to apply for a visa for Nairobi.,45:53:SL:CITY_OR_PROVINCE,[IN:international_visa [SL:CITY_OR_PROVINCE eNairobi] ],CITY_OR_PROVINCE: eNairobi,xho
travel,international_visa,Where is the visa process in South Africa?,18:33:SL:COUNTRY,[IN:international_visa [SL:COUNTRY eMzantsi Afrika] ],COUNTRY: eMzantsi Afrika,xho
travel,international_visa,Who is eligible to apply for a visa?,,[IN:international_visa ],,xho
travel,international_visa,How long does a visa last before you can travel?,,[IN:international_visa ],,xho
travel,international_visa,Please pay for my visa to Somalia.,39:47:SL:COUNTRY,[IN:international_visa [SL:COUNTRY eSomalia] ],COUNTRY: eSomalia,xho
travel,international_visa,can Rastafarian get a visa to go to China?,41:47:SL:COUNTRY,[IN:international_visa [SL:COUNTRY eChina] ],COUNTRY: eChina,xho
travel,international_visa,how long does it take to apply for a visa,,[IN:international_visa ],,xho
travel,international_visa,Please remind me to bring my passport and visa when I leave for Budapest tomorrow.,"58:67:SL:CITY_OR_PROVINCE,68:74:SL:DATE",[IN:international_visa [SL:CITY_OR_PROVINCE eBudapest] [SL:DATE ngomso] ],CITY_OR_PROVINCE: eBudapest $$ DATE: ngomso,xho
travel,international_visa,Please remind me of the change in the president's visa for New York.,66:75:SL:CITY_OR_PROVINCE,[IN:international_visa [SL:CITY_OR_PROVINCE eNew York] ],CITY_OR_PROVINCE: eNew York,xho
travel,international_visa,Do you need a visa to study English in China?,"13:21:SL:LANGUAGE_NAME,22:28:SL:COUNTRY",[IN:international_visa [SL:LANGUAGE_NAME isiNgesi] [SL:COUNTRY eChina] ],LANGUAGE_NAME: isiNgesi $$ COUNTRY: eChina,xho
travel,international_visa,What agency helps with Chinese visas?,34:43:SL:COUNTRY,[IN:international_visa [SL:COUNTRY zaseChina] ],COUNTRY: zaseChina,xho
travel,international_visa,Where do you use it for travel?,,[IN:international_visa ],,xho
travel,international_visa,Do I need a visa to enter Ghana from Congo?,"37:43:SL:COUNTRY,52:58:SL:COUNTRY",[IN:international_visa [SL:COUNTRY eGhana] [SL:COUNTRY eCongo] ],COUNTRY: eGhana $$ COUNTRY: eCongo,xho
travel,international_visa,Please make me a work visa for a new Austria.,42:50:SL:COUNTRY,[IN:international_visa [SL:COUNTRY eAustria] ],COUNTRY: eAustria,xho
travel,international_visa,Do soldiers also need visas for business trips?,,[IN:international_visa ],,xho
travel,international_visa,"How can you be a soldier, even if the government doesn't give you one?",,[IN:international_visa ],,xho
travel,international_visa,Why do we need visas to visit the land of ancestors?,,[IN:international_visa ],,xho
travel,international_visa,does a one-month-old need a visa to travel?,9:23:SL:NUMBER,[IN:international_visa [SL:NUMBER onenyanga enye] ],NUMBER: onenyanga enye,xho
travel,international_visa,What kind of visa is this?,,[IN:international_visa ],,xho
travel,international_visa,who is the head of the visa board in Nairobi?,44:52:SL:COUNTRY,[IN:international_visa [SL:COUNTRY eNairobi] ],COUNTRY: eNairobi,xho
travel,international_visa,when does a tourist visa for Congo expire?,37:43:SL:COUNTRY,[IN:international_visa [SL:COUNTRY eCongo] ],COUNTRY: eCongo,xho
travel,international_visa,What if your visa expires in the United States while you are traveling to Canada?,"31:38:SL:COUNTRY,49:56:SL:COUNTRY",[IN:international_visa [SL:COUNTRY eMelika] [SL:COUNTRY eCanada] ],COUNTRY: eMelika $$ COUNTRY: eCanada,xho
travel,international_visa,I would like to apply for a tourist visa for Austria.,39:47:SL:COUNTRY,[IN:international_visa [SL:COUNTRY iAustria] ],COUNTRY: iAustria,xho
travel,international_visa,How much does it cost to get a short-stay visa?,,[IN:international_visa ],,xho
travel,international_visa,How much is a business visa?,,[IN:international_visa ],,xho
travel,international_visa,How do I fill out the visa application?,,[IN:international_visa ],,xho
travel,international_visa,What should I do if my visa to Japan is refused?,36:42:SL:COUNTRY,[IN:international_visa [SL:COUNTRY iJapan] ],COUNTRY: iJapan,xho
travel,international_visa,What do I need to apply for a visa to Bangkok?,40:48:SL:CITY_OR_PROVINCE,[IN:international_visa [SL:CITY_OR_PROVINCE eBangkok] ],CITY_OR_PROVINCE: eBangkok,xho
travel,international_visa,Do I need to carry an ID when applying for a work visa?,,[IN:international_visa ],,xho
travel,international_visa,What does a visitor carry?,,[IN:international_visa ],,xho
travel,international_visa,I need a visa to travel to Dubai as a South African citizen.,33:39:SL:CITY_OR_PROVINCE,[IN:international_visa [SL:CITY_OR_PROVINCE eDubai] ],CITY_OR_PROVINCE: eDubai,xho
travel,international_visa,How do visa applications differ between Rwanda and Chile?,"46:55:SL:COUNTRY,56:63:SL:COUNTRY",[IN:international_visa [SL:COUNTRY kweRwanda] [SL:COUNTRY neChile] ],COUNTRY: kweRwanda $$ COUNTRY: neChile,xho
travel,international_visa,"Please pay me the $3,000 Thai visa.","22:29:SL:MONEY,37:49:SL:COUNTRY",[IN:international_visa [SL:MONEY iR3 000] [SL:COUNTRY yaseThailand] ],MONEY: iR3 000 $$ COUNTRY: yaseThailand,xho
travel,international_visa,Do I need a visa to work in the United States?,40:47:SL:COUNTRY,[IN:international_visa [SL:COUNTRY eMelika] ],COUNTRY: eMelika,xho
travel,international_visa,Do I need a visa to travel to Ireland?,36:44:SL:COUNTRY,[IN:international_visa [SL:COUNTRY eIreland] ],COUNTRY: eIreland,xho
travel,international_visa,Is it necessary to wear a mask when traveling abroad?,,[IN:international_visa ],,xho
travel,international_visa,Can you travel from Singapore to Jamaica without a visa?,"9:19:SL:COUNTRY,24:32:SL:COUNTRY",[IN:international_visa [SL:COUNTRY eSingapore] [SL:COUNTRY eJamaica] ],COUNTRY: eSingapore $$ COUNTRY: eJamaica,xho
travel,international_visa,How many days does it take to get a visa in Malaysia?,39:48:SL:COUNTRY,[IN:international_visa [SL:COUNTRY eMalaysia] ],COUNTRY: eMalaysia,xho
travel,international_visa,How much does it cost to get a Peruvian visa to travel to the United States?,"23:28:SL:COUNTRY,38:45:SL:COUNTRY",[IN:international_visa [SL:COUNTRY ePeru] [SL:COUNTRY eMelika] ],COUNTRY: ePeru $$ COUNTRY: eMelika,xho
travel,international_visa,How long does it take to get a Peruvian visa?,6:14:SL:COUNTRY,[IN:international_visa [SL:COUNTRY yasePeru] ],COUNTRY: yasePeru,xho
travel,international_visa,Please remind me to apply for a visa to Mauritius.,38:48:SL:COUNTRY,[IN:international_visa [SL:COUNTRY eMauritius] ],COUNTRY: eMauritius,xho
travel,international_visa,Please pay for my visa to Canada.,35:42:SL:COUNTRY,[IN:international_visa [SL:COUNTRY eCanada] ],COUNTRY: eCanada,xho
travel,international_visa,Do I need a visa to travel to Mexico?,33:40:SL:COUNTRY,[IN:international_visa [SL:COUNTRY eMexico] ],COUNTRY: eMexico,xho
travel,international_visa,Do I need a visa every time I leave South Africa?,28:43:SL:COUNTRY,[IN:international_visa [SL:COUNTRY iMzantsi Afrika] ],COUNTRY: iMzantsi Afrika,xho
travel,international_visa,How do you get a UK visa?,29:35:SL:COUNTRY,[IN:international_visa [SL:COUNTRY yaseUK] ],COUNTRY: yaseUK,xho
travel,international_visa,What kind of people do the visas?,,[IN:international_visa ],,xho
travel,international_visa,"Did you know that for a visitor visa, someone must be responsible for his presence in the country?",,[IN:international_visa ],,xho
travel,international_visa,Could you be arrested if you did not have a valid visa?,,[IN:international_visa ],,xho
travel,international_visa,Did you know that the U.S. government arrests all illegal aliens?,26:36:SL:COUNTRY,[IN:international_visa [SL:COUNTRY waseMelika] ],COUNTRY: waseMelika,xho
travel,international_visa,Does it take longer to get a visa in Chile than in China?,"45:51:SL:COUNTRY,52:63:SL:COUNTRY",[IN:international_visa [SL:COUNTRY eChile] [SL:COUNTRY kunaseChina] ],COUNTRY: eChile $$ COUNTRY: kunaseChina,xho
travel,international_visa,When can I get a visa to Budapest?,51:60:SL:CITY_OR_PROVINCE,[IN:international_visa [SL:CITY_OR_PROVINCE eBudapest] ],CITY_OR_PROVINCE: eBudapest,xho
travel,international_visa,"When visiting Eritrea, do you need a re-entry visa?",15:23:SL:COUNTRY,[IN:international_visa [SL:COUNTRY eEritrea] ],COUNTRY: eEritrea,xho
travel,international_visa,"If you win the Jamaican contest, will you be paid for a visa?",37:49:SL:COUNTRY,[IN:international_visa [SL:COUNTRY lwaseJamaica] ],COUNTRY: lwaseJamaica,xho
travel,international_visa,Please remind me to pay for a visa to the tournament in Qatar.,59:65:SL:COUNTRY,[IN:international_visa [SL:COUNTRY eQatar] ],COUNTRY: eQatar,xho
travel,international_visa,Does Seychelles have to be a complicated visa system?,21:32:SL:COUNTRY,[IN:international_visa [SL:COUNTRY eSeychelles] ],COUNTRY: eSeychelles,xho
travel,international_visa,Did you know that tourists are reluctant to visit a country that makes it difficult to obtain a visa?,,[IN:international_visa ],,xho
travel,international_visa,Did you know that a visa is required to visit Swaziland?,41:49:SL:COUNTRY,[IN:international_visa [SL:COUNTRY eSwatini] ],COUNTRY: eSwatini,xho
travel,international_visa,Can you remind me when a Chinese work visa expires?,54:63:SL:COUNTRY,[IN:international_visa [SL:COUNTRY yaseChina] ],COUNTRY: yaseChina,xho
travel,international_visa,Will the company pay for my change of residence and visa when I go abroad?,,[IN:international_visa ],,xho
travel,international_visa,How long do you wait to get a Cuban visa?,50:58:SL:COUNTRY,[IN:international_visa [SL:COUNTRY yaseCuba] ],COUNTRY: yaseCuba,xho
travel,international_visa,How long should I wait to apply for a Turkish visa?,60:70:SL:COUNTRY,[IN:international_visa [SL:COUNTRY yaseTurkey] ],COUNTRY: yaseTurkey,xho
travel,plug_type,What kind of plugs are used in Ghana.,31:37:SL:COUNTRY,[IN:plug_type [SL:COUNTRY eGhana] ],COUNTRY: eGhana,xho
travel,plug_type,What kind of plugs are used in Brazil.,31:38:SL:COUNTRY,[IN:plug_type [SL:COUNTRY eBrazil] ],COUNTRY: eBrazil,xho
travel,plug_type,What kind of plugs are used in Egypt.,31:37:SL:COUNTRY,[IN:plug_type [SL:COUNTRY eEgypt] ],COUNTRY: eEgypt,xho
travel,plug_type,What kind of plugs are used in Russia.,31:38:SL:COUNTRY,[IN:plug_type [SL:COUNTRY eRussia] ],COUNTRY: eRussia,xho
travel,plug_type,What kind of plugs are used in Uruguay.,31:39:SL:COUNTRY,[IN:plug_type [SL:COUNTRY eUruguay] ],COUNTRY: eUruguay,xho
travel,plug_type,What kind of plugs are used in Germany.,31:39:SL:COUNTRY,[IN:plug_type [SL:COUNTRY eGermany] ],COUNTRY: eGermany,xho
travel,plug_type,What kind of plugs are used in Spain.,31:37:SL:COUNTRY,[IN:plug_type [SL:COUNTRY eSpain] ],COUNTRY: eSpain,xho
travel,plug_type,What kind of plugs are used in France.,31:38:SL:COUNTRY,[IN:plug_type [SL:COUNTRY eFrance] ],COUNTRY: eFrance,xho
travel,plug_type,What kind of plugs are used in Italy.,31:37:SL:COUNTRY,[IN:plug_type [SL:COUNTRY eItaly] ],COUNTRY: eItaly,xho
travel,plug_type,What plug types are used in the UK,31:34:SL:COUNTRY,[IN:plug_type [SL:COUNTRY eUK] ],COUNTRY: eUK,xho
travel,plug_type,What kind of plugs are used in Madrid,31:38:SL:CITY_OR_PROVINCE,[IN:plug_type [SL:CITY_OR_PROVINCE eMadrid] ],CITY_OR_PROVINCE: eMadrid,xho
travel,plug_type,What kind of plugs are used in Wales.,31:37:SL:COUNTRY,[IN:plug_type [SL:COUNTRY eWales] ],COUNTRY: eWales,xho
travel,plug_type,What kind of plugs are used in Canada.,31:38:SL:COUNTRY,[IN:plug_type [SL:COUNTRY eCanada] ],COUNTRY: eCanada,xho
travel,plug_type,What kind of plugs are used in Mexico.,31:38:SL:COUNTRY,[IN:plug_type [SL:COUNTRY eMexico] ],COUNTRY: eMexico,xho
travel,plug_type,What kind of plugs are used in Cofimvaba.,31:41:SL:CITY_OR_PROVINCE,[IN:plug_type [SL:CITY_OR_PROVINCE eCofimvaba] ],CITY_OR_PROVINCE: eCofimvaba,xho
travel,plug_type,What kind of plugs are used in Qonce.,31:37:SL:CITY_OR_PROVINCE,[IN:plug_type [SL:CITY_OR_PROVINCE eQonce] ],CITY_OR_PROVINCE: eQonce,xho
travel,plug_type,What kind of plug is used in England.,37:45:SL:COUNTRY,[IN:plug_type [SL:COUNTRY eNgilani] ],COUNTRY: eNgilani,xho
travel,plug_type,What type of plug is used in Zimbabwe.,37:46:SL:COUNTRY,[IN:plug_type [SL:COUNTRY eZimbabwe] ],COUNTRY: eZimbabwe,xho
travel,plug_type,What kind of plug is used in Botswana.,37:46:SL:COUNTRY,[IN:plug_type [SL:COUNTRY eBotswana] ],COUNTRY: eBotswana,xho
travel,plug_type,What type of plug is used in Lesotho.,37:45:SL:COUNTRY,[IN:plug_type [SL:COUNTRY eLesotho] ],COUNTRY: eLesotho,xho
travel,plug_type,What kind of plug is used in Mali.,37:42:SL:COUNTRY,[IN:plug_type [SL:COUNTRY eMali] ],COUNTRY: eMali,xho
travel,plug_type,What kind of plug is used in Malawi.,37:44:SL:COUNTRY,[IN:plug_type [SL:COUNTRY eMalawi] ],COUNTRY: eMalawi,xho
travel,plug_type,What kind of plug is used in Zambia.,37:44:SL:COUNTRY,[IN:plug_type [SL:COUNTRY eZambia] ],COUNTRY: eZambia,xho
travel,plug_type,What kind of plug is used in Morocco.,37:45:SL:COUNTRY,[IN:plug_type [SL:COUNTRY eMorocco] ],COUNTRY: eMorocco,xho
travel,plug_type,What kind of plug is used in China.,37:43:SL:COUNTRY,[IN:plug_type [SL:COUNTRY eChina] ],COUNTRY: eChina,xho
travel,plug_type,What kind of plug is used in Japan.,37:43:SL:COUNTRY,[IN:plug_type [SL:COUNTRY eJapan] ],COUNTRY: eJapan,xho
travel,plug_type,What kind of plug is used in Nigeria.,37:45:SL:COUNTRY,[IN:plug_type [SL:COUNTRY eNigeria] ],COUNTRY: eNigeria,xho
travel,plug_type,What kind of plug is used in Nepal.,37:43:SL:COUNTRY,[IN:plug_type [SL:COUNTRY eNapal] ],COUNTRY: eNapal,xho
travel,plug_type,What type of plug is used in America.,37:44:SL:COUNTRY,[IN:plug_type [SL:COUNTRY eMelika] ],COUNTRY: eMelika,xho
travel,plug_type,What type of plug is used in South Korea.,37:49:SL:COUNTRY,[IN:plug_type [SL:COUNTRY eSouth Korea] ],COUNTRY: eSouth Korea,xho
travel,plug_type,What kind of plug is used in Swaziland.,37:45:SL:COUNTRY,[IN:plug_type [SL:COUNTRY eSwatini] ],COUNTRY: eSwatini,xho
travel,plug_type,What kind of plug is used in Kenya.,37:43:SL:COUNTRY,[IN:plug_type [SL:COUNTRY eKenya] ],COUNTRY: eKenya,xho
travel,plug_type,What type of plug is used in Ireland.,37:45:SL:COUNTRY,[IN:plug_type [SL:COUNTRY eIreland] ],COUNTRY: eIreland,xho
travel,plug_type,What kind of plug is used in Ghana.,37:43:SL:COUNTRY,[IN:plug_type [SL:COUNTRY eGhana] ],COUNTRY: eGhana,xho
travel,plug_type,What type of plug is used in Brazil.,37:44:SL:COUNTRY,[IN:plug_type [SL:COUNTRY eBrazil] ],COUNTRY: eBrazil,xho
travel,plug_type,What kind of plug is used in Egypt.,37:43:SL:COUNTRY,[IN:plug_type [SL:COUNTRY eEgypt] ],COUNTRY: eEgypt,xho
travel,plug_type,I'll need a socket translator when I go to England.,44:52:SL:COUNTRY,[IN:plug_type [SL:COUNTRY eNgilani] ],COUNTRY: eNgilani,xho
travel,plug_type,I'll need a socket translator when I go to Zimbabwe.,44:53:SL:COUNTRY,[IN:plug_type [SL:COUNTRY eZimbabwe] ],COUNTRY: eZimbabwe,xho
travel,plug_type,I will need a socket translator when I go to Botswana.,44:53:SL:COUNTRY,[IN:plug_type [SL:COUNTRY eBotswana] ],COUNTRY: eBotswana,xho
travel,plug_type,I will need a socket translator when I go to Lesotho.,44:52:SL:COUNTRY,[IN:plug_type [SL:COUNTRY eLesotho] ],COUNTRY: eLesotho,xho
travel,plug_type,I'll need a socket translator when I go to Mali.,44:49:SL:COUNTRY,[IN:plug_type [SL:COUNTRY eMali] ],COUNTRY: eMali,xho
travel,plug_type,I'll need a socket translator when I go to Malawi.,44:51:SL:COUNTRY,[IN:plug_type [SL:COUNTRY eMalawi] ],COUNTRY: eMalawi,xho
travel,plug_type,I'll need a socket translator when I go to Zambia.,44:51:SL:COUNTRY,[IN:plug_type [SL:COUNTRY eZambia] ],COUNTRY: eZambia,xho
travel,plug_type,I'll need a socket translator when I go to Morocco.,44:52:SL:COUNTRY,[IN:plug_type [SL:COUNTRY eMorocco] ],COUNTRY: eMorocco,xho
travel,plug_type,I'll need a socket translator when I go to China.,44:50:SL:COUNTRY,[IN:plug_type [SL:COUNTRY eChina] ],COUNTRY: eChina,xho
travel,plug_type,I will need a socket translator when I go to Japan.,44:50:SL:COUNTRY,[IN:plug_type [SL:COUNTRY eJapan] ],COUNTRY: eJapan,xho
travel,plug_type,I will need a socket translator when I go to Nigeria.,44:52:SL:COUNTRY,[IN:plug_type [SL:COUNTRY eNigeria] ],COUNTRY: eNigeria,xho
travel,plug_type,I will need a socket translator when I go to Nepal.,44:50:SL:COUNTRY,[IN:plug_type [SL:COUNTRY eNapal] ],COUNTRY: eNapal,xho
travel,plug_type,I'll need a socket translator when I go to America.,44:51:SL:COUNTRY,[IN:plug_type [SL:COUNTRY eMelika] ],COUNTRY: eMelika,xho
travel,plug_type,I will need a socket translator when I go to South Korea.,44:56:SL:COUNTRY,[IN:plug_type [SL:COUNTRY eSouth Korea] ],COUNTRY: eSouth Korea,xho
travel,plug_type,I will need a socket translator when I go to Swaziland.,44:52:SL:COUNTRY,[IN:plug_type [SL:COUNTRY eSwatini] ],COUNTRY: eSwatini,xho
travel,plug_type,I will need a socket translator when I go to Kenya.,44:50:SL:COUNTRY,[IN:plug_type [SL:COUNTRY eKenya] ],COUNTRY: eKenya,xho
travel,plug_type,I'll need a socket translator when I go to Ireland.,44:52:SL:COUNTRY,[IN:plug_type [SL:COUNTRY eIreland] ],COUNTRY: eIreland,xho
travel,plug_type,I will need a socket translator when I go to Ghana.,44:50:SL:COUNTRY,[IN:plug_type [SL:COUNTRY eGhana] ],COUNTRY: eGhana,xho
travel,plug_type,I will need a socket translator when I go to Brazil.,44:51:SL:COUNTRY,[IN:plug_type [SL:COUNTRY eBrazil] ],COUNTRY: eBrazil,xho
travel,plug_type,I'll need a socket translator when I go to Egypt.,44:50:SL:COUNTRY,[IN:plug_type [SL:COUNTRY eEgypt] ],COUNTRY: eEgypt,xho
travel,plug_type,I'll need a socket translator when I go to Russia,44:51:SL:COUNTRY,[IN:plug_type [SL:COUNTRY eRussia] ],COUNTRY: eRussia,xho
travel,plug_type,I will need a socket translator when I go to Uruguay.,44:52:SL:COUNTRY,[IN:plug_type [SL:COUNTRY eUruguay] ],COUNTRY: eUruguay,xho
travel,plug_type,I will need a socket translator when I go to Germany.,44:52:SL:COUNTRY,[IN:plug_type [SL:COUNTRY eGermany] ],COUNTRY: eGermany,xho
travel,plug_type,I will need a socket translator when I go to Spain.,44:50:SL:COUNTRY,[IN:plug_type [SL:COUNTRY eSpain] ],COUNTRY: eSpain,xho
travel,plug_type,I will need a socket translator when I go to France.,44:51:SL:COUNTRY,[IN:plug_type [SL:COUNTRY eFrance] ],COUNTRY: eFrance,xho
travel,plug_type,What kind of plugs are used in England.,31:39:SL:COUNTRY,[IN:plug_type [SL:COUNTRY eNgilani] ],COUNTRY: eNgilani,xho
travel,plug_type,What kind of plugs are used in Zimbabwe.,31:40:SL:COUNTRY,[IN:plug_type [SL:COUNTRY eZimbabwe] ],COUNTRY: eZimbabwe,xho
travel,plug_type,What kind of plugs are used in Botswana.,31:40:SL:COUNTRY,[IN:plug_type [SL:COUNTRY eBotswana] ],COUNTRY: eBotswana,xho
travel,plug_type,What kind of plugs are used in Lesotho.,31:39:SL:COUNTRY,[IN:plug_type [SL:COUNTRY eLesotho] ],COUNTRY: eLesotho,xho
travel,plug_type,What kind of plugs are used in Mali.,31:36:SL:COUNTRY,[IN:plug_type [SL:COUNTRY eMali] ],COUNTRY: eMali,xho
travel,plug_type,What kind of plugs are used in Malawi.,31:38:SL:COUNTRY,[IN:plug_type [SL:COUNTRY eMalawi] ],COUNTRY: eMalawi,xho
travel,plug_type,What kind of plugs are used in Zambia,31:38:SL:COUNTRY,[IN:plug_type [SL:COUNTRY eZambia] ],COUNTRY: eZambia,xho
travel,plug_type,What kind of plugs are used in Morocco.,31:39:SL:COUNTRY,[IN:plug_type [SL:COUNTRY eMorocco] ],COUNTRY: eMorocco,xho
travel,plug_type,What plug types are used in China,31:37:SL:COUNTRY,[IN:plug_type [SL:COUNTRY eChina] ],COUNTRY: eChina,xho
travel,plug_type,What kind of plugs are used in Japan.,31:37:SL:COUNTRY,[IN:plug_type [SL:COUNTRY eJapan] ],COUNTRY: eJapan,xho
travel,plug_type,What kind of plugs are used in India.,31:37:SL:COUNTRY,[IN:plug_type [SL:COUNTRY eIndia] ],COUNTRY: eIndia,xho
travel,plug_type,What kind of plugs are used in Nigeria.,31:39:SL:COUNTRY,[IN:plug_type [SL:COUNTRY eNigeria] ],COUNTRY: eNigeria,xho
travel,plug_type,What kind of plugs are used in Nepal.,31:37:SL:COUNTRY,[IN:plug_type [SL:COUNTRY eNapal] ],COUNTRY: eNapal,xho
travel,plug_type,What kind of plugs are used in Dubai.,31:37:SL:CITY_OR_PROVINCE,[IN:plug_type [SL:CITY_OR_PROVINCE eDubai] ],CITY_OR_PROVINCE: eDubai,xho
travel,plug_type,What kind of plugs are used in America.,31:38:SL:COUNTRY,[IN:plug_type [SL:COUNTRY eMelika] ],COUNTRY: eMelika,xho
travel,plug_type,What kind of plugs are used in South Korea?,31:43:SL:COUNTRY,[IN:plug_type [SL:COUNTRY eSouth Korea] ],COUNTRY: eSouth Korea,xho
travel,plug_type,What kind of plugs are used in Swaziland.,31:39:SL:COUNTRY,[IN:plug_type [SL:COUNTRY eSwatini] ],COUNTRY: eSwatini,xho
travel,plug_type,What kind of plugs are used in Kenya.,31:37:SL:COUNTRY,[IN:plug_type [SL:COUNTRY eKenya] ],COUNTRY: eKenya,xho
travel,plug_type,What kind of plugs are used in Ireland?,31:39:SL:COUNTRY,[IN:plug_type [SL:COUNTRY eIreland] ],COUNTRY: eIreland,xho
travel,timezone,Please tell me the local time in Jamaica.,37:44:SL:COUNTRY,[IN:timezone [SL:COUNTRY Jamaica] ],COUNTRY: Jamaica,xho
travel,timezone,Please tell me the local time in Italy,32:42:SL:COUNTRY,[IN:timezone [SL:COUNTRY lase Italy] ],COUNTRY: lase Italy,xho
travel,timezone,Please tell me the local time in Jordan.,32:43:SL:COUNTRY,[IN:timezone [SL:COUNTRY lase Jordan] ],COUNTRY: lase Jordan,xho
travel,timezone,Please tell me the local time in Japan.,37:42:SL:COUNTRY,[IN:timezone [SL:COUNTRY Japan] ],COUNTRY: Japan,xho
travel,timezone,Please tell me the time in Laos,32:41:SL:COUNTRY,[IN:timezone [SL:COUNTRY lase Laos] ],COUNTRY: lase Laos,xho
travel,timezone,Please tell me the time zone of Lebanon,32:44:SL:COUNTRY,[IN:timezone [SL:COUNTRY lase Lebanon] ],COUNTRY: lase Lebanon,xho
travel,timezone,Please tell me the local time in Oman.,37:41:SL:COUNTRY,[IN:timezone [SL:COUNTRY Oman] ],COUNTRY: Oman,xho
travel,timezone,Please tell me the time in Panama.,37:43:SL:COUNTRY,[IN:timezone [SL:COUNTRY Panama] ],COUNTRY: Panama,xho
travel,timezone,Please tell me the local time in Peru.,32:41:SL:COUNTRY,[IN:timezone [SL:COUNTRY lase Peru] ],COUNTRY: lase Peru,xho
travel,timezone,Please tell me the local time in Russia.,37:43:SL:COUNTRY,[IN:timezone [SL:COUNTRY Russia] ],COUNTRY: Russia,xho
travel,timezone,Please tell me the local time in Rwanda.,32:43:SL:COUNTRY,[IN:timezone [SL:COUNTRY lase Rwanda] ],COUNTRY: lase Rwanda,xho
travel,timezone,Please tell me the local time in Samoa.,32:42:SL:COUNTRY,[IN:timezone [SL:COUNTRY lase Samoa] ],COUNTRY: lase Samoa,xho
travel,timezone,Please tell me the local time in Serbia.,37:43:SL:COUNTRY,[IN:timezone [SL:COUNTRY Serbia] ],COUNTRY: Serbia,xho
travel,timezone,Please tell me the local time in Tunisia.,32:44:SL:COUNTRY,[IN:timezone [SL:COUNTRY lase Tunisia] ],COUNTRY: lase Tunisia,xho
travel,timezone,Please tell me the local time in Turkey.,32:43:SL:COUNTRY,[IN:timezone [SL:COUNTRY lase Turkey] ],COUNTRY: lase Turkey,xho
travel,timezone,Please tell me the local time in Ukraine.,37:44:SL:COUNTRY,[IN:timezone [SL:COUNTRY Ukraine] ],COUNTRY: Ukraine,xho
travel,timezone,What is the local time in the United States?,23:30:SL:COUNTRY,[IN:timezone [SL:COUNTRY eMelika] ],COUNTRY: eMelika,xho
travel,timezone,What is the local time in London?,23:30:SL:CITY_OR_PROVINCE,[IN:timezone [SL:CITY_OR_PROVINCE eLondon] ],CITY_OR_PROVINCE: eLondon,xho
travel,timezone,What is the local time in Brazil?,23:30:SL:COUNTRY,[IN:timezone [SL:COUNTRY eBrazil] ],COUNTRY: eBrazil,xho
travel,timezone,What is the local time in Bali?,23:28:SL:CITY_OR_PROVINCE,[IN:timezone [SL:CITY_OR_PROVINCE eBali] ],CITY_OR_PROVINCE: eBali,xho
travel,timezone,What is the local time in Malawi?,23:30:SL:COUNTRY,[IN:timezone [SL:COUNTRY eMalawi] ],COUNTRY: eMalawi,xho
travel,timezone,What is the local time in China?,23:29:SL:COUNTRY,[IN:timezone [SL:COUNTRY eChina] ],COUNTRY: eChina,xho
travel,timezone,What is the local time in Japan?,23:29:SL:COUNTRY,[IN:timezone [SL:COUNTRY eJapan] ],COUNTRY: eJapan,xho
travel,timezone,What is the local time in Kigali?,23:30:SL:CITY_OR_PROVINCE,[IN:timezone [SL:CITY_OR_PROVINCE eKigali] ],CITY_OR_PROVINCE: eKigali,xho
travel,timezone,What is the local time in Zambia?,23:30:SL:COUNTRY,[IN:timezone [SL:COUNTRY eZambia] ],COUNTRY: eZambia,xho
travel,timezone,What is the local time in Sudan?,23:29:SL:COUNTRY,[IN:timezone [SL:COUNTRY eSudan] ],COUNTRY: eSudan,xho
travel,timezone,What is the local time in Congo?,23:29:SL:COUNTRY,[IN:timezone [SL:COUNTRY eCongo] ],COUNTRY: eCongo,xho
travel,timezone,What is the local time in Zimbabwe?,23:32:SL:COUNTRY,[IN:timezone [SL:COUNTRY eZimbabwe] ],COUNTRY: eZimbabwe,xho
travel,timezone,What is the local time in Botswana?,23:32:SL:COUNTRY,[IN:timezone [SL:COUNTRY eBotswana] ],COUNTRY: eBotswana,xho
travel,timezone,What is the local time in Swaziland?,23:31:SL:COUNTRY,[IN:timezone [SL:COUNTRY eSwatini] ],COUNTRY: eSwatini,xho
travel,timezone,What is the local time in Morocco?,23:31:SL:COUNTRY,[IN:timezone [SL:COUNTRY eMorocco] ],COUNTRY: eMorocco,xho
travel,timezone,What is the local time in Egypt?,23:29:SL:COUNTRY,[IN:timezone [SL:COUNTRY eEgypt] ],COUNTRY: eEgypt,xho
travel,timezone,What is the local time in Cape Town?,23:28:SL:CITY_OR_PROVINCE,[IN:timezone [SL:CITY_OR_PROVINCE eKapa] ],CITY_OR_PROVINCE: eKapa,xho
travel,timezone,What is the local time in Nigeria?,23:31:SL:COUNTRY,[IN:timezone [SL:COUNTRY eNigeria] ],COUNTRY: eNigeria,xho
travel,timezone,What is the local time in Ghana?,23:29:SL:COUNTRY,[IN:timezone [SL:COUNTRY eGhana] ],COUNTRY: eGhana,xho
travel,timezone,What is the local time in Nepal?,23:29:SL:COUNTRY,[IN:timezone [SL:COUNTRY eNapal] ],COUNTRY: eNapal,xho
travel,timezone,You can tell me what time it is in Jamaica.,45:53:SL:COUNTRY,[IN:timezone [SL:COUNTRY iJamaica] ],COUNTRY: iJamaica,xho
travel,timezone,Can you tell me what time it is in Cameroon?,45:54:SL:COUNTRY,[IN:timezone [SL:COUNTRY iCameroon] ],COUNTRY: iCameroon,xho
travel,timezone,What time zone is Cambodia in?,45:54:SL:COUNTRY,[IN:timezone [SL:COUNTRY iCambodia] ],COUNTRY: iCambodia,xho
travel,timezone,You can tell me what time it is in France.,45:52:SL:COUNTRY,[IN:timezone [SL:COUNTRY iFrance] ],COUNTRY: iFrance,xho
travel,timezone,You can tell me what time it is in the New York time zone.,45:54:SL:CITY_OR_PROVINCE,[IN:timezone [SL:CITY_OR_PROVINCE iNew York] ],CITY_OR_PROVINCE: iNew York,xho
travel,timezone,Can you tell me what time it is in Ireland?,45:53:SL:COUNTRY,[IN:timezone [SL:COUNTRY iIreland] ],COUNTRY: iIreland,xho
travel,timezone,Can you tell me what time it is in San Francisco?,45:59:SL:CITY_OR_PROVINCE,[IN:timezone [SL:CITY_OR_PROVINCE iSan Fransisco] ],CITY_OR_PROVINCE: iSan Fransisco,xho
travel,timezone,You can tell me what time it is in Brasilia.,45:54:SL:CITY_OR_PROVINCE,[IN:timezone [SL:CITY_OR_PROVINCE oBrasilia] ],CITY_OR_PROVINCE: oBrasilia,xho
travel,timezone,You can tell me what time it is in Italy.,45:51:SL:COUNTRY,[IN:timezone [SL:COUNTRY iItaly] ],COUNTRY: iItaly,xho
travel,timezone,You can tell me what time it is in Algeria.,45:53:SL:COUNTRY,[IN:timezone [SL:COUNTRY iAlgeria] ],COUNTRY: iAlgeria,xho
travel,timezone,What time is it in Madagascar?,45:56:SL:COUNTRY,[IN:timezone [SL:COUNTRY iMadagascar] ],COUNTRY: iMadagascar,xho
travel,timezone,Can you tell me what time it is in Malta?,45:51:SL:COUNTRY,[IN:timezone [SL:COUNTRY iMalta] ],COUNTRY: iMalta,xho
travel,timezone,You can tell me what time it is in Namibia.,45:53:SL:COUNTRY,[IN:timezone [SL:COUNTRY iNamibia] ],COUNTRY: iNamibia,xho
travel,timezone,You can tell me what time it is in Belize.,45:52:SL:COUNTRY,[IN:timezone [SL:COUNTRY iBelize] ],COUNTRY: iBelize,xho
travel,timezone,Can you tell me what time it is in Burundi?,45:53:SL:COUNTRY,[IN:timezone [SL:COUNTRY iBurundi] ],COUNTRY: iBurundi,xho
travel,timezone,You can tell me what time it is in Niger.,45:51:SL:COUNTRY,[IN:timezone [SL:COUNTRY iNiger] ],COUNTRY: iNiger,xho
travel,timezone,You can tell me what time zone Qatar is in.,45:51:SL:COUNTRY,[IN:timezone [SL:COUNTRY iQatar] ],COUNTRY: iQatar,xho
travel,timezone,You can tell me what time zone Dubai is in.,45:51:SL:COUNTRY,[IN:timezone [SL:COUNTRY iDubai] ],COUNTRY: iDubai,xho
travel,timezone,You can tell me what time it is in Fiji.,45:50:SL:COUNTRY,[IN:timezone [SL:COUNTRY iFiji] ],COUNTRY: iFiji,xho
travel,timezone,Can you tell me what time zone Finland is in?,45:53:SL:COUNTRY,[IN:timezone [SL:COUNTRY iFinland] ],COUNTRY: iFinland,xho
travel,timezone,Do you know the local time in Maldives?,30:43:SL:COUNTRY,[IN:timezone [SL:COUNTRY lase Maldives] ],COUNTRY: lase Maldives,xho
travel,timezone,Do you know the local time in Mexico?,35:41:SL:COUNTRY,[IN:timezone [SL:COUNTRY Mexico] ],COUNTRY: Mexico,xho
travel,timezone,Do you know the local time in Australia?,35:44:SL:COUNTRY,[IN:timezone [SL:COUNTRY Australia] ],COUNTRY: Australia,xho
travel,timezone,Do you know the local time in Austria?,30:42:SL:COUNTRY,[IN:timezone [SL:COUNTRY lase Austria] ],COUNTRY: lase Austria,xho
travel,timezone,Do you know the local time in Baden?,30:40:SL:CITY_OR_PROVINCE,[IN:timezone [SL:CITY_OR_PROVINCE lase Baden] ],CITY_OR_PROVINCE: lase Baden,xho
travel,timezone,Do you know the local time in Nepal?,35:40:SL:COUNTRY,[IN:timezone [SL:COUNTRY Nepal] ],COUNTRY: Nepal,xho
travel,timezone,Do you know the local time in Norway?,30:41:SL:COUNTRY,[IN:timezone [SL:COUNTRY lase Norway] ],COUNTRY: lase Norway,xho
travel,timezone,Do you know the local time in Belarus?,30:42:SL:COUNTRY,[IN:timezone [SL:COUNTRY lase Belarus] ],COUNTRY: lase Belarus,xho
travel,timezone,Do you know the local time in Bolivia?,30:42:SL:COUNTRY,[IN:timezone [SL:COUNTRY lase Bolivia] ],COUNTRY: lase Bolivia,xho
travel,timezone,Do you know the local time in Bhutan?,30:41:SL:COUNTRY,[IN:timezone [SL:COUNTRY lase Bhutan] ],COUNTRY: lase Bhutan,xho
travel,timezone,Do you know the local time in Angola?,35:41:SL:COUNTRY,[IN:timezone [SL:COUNTRY Angola] ],COUNTRY: Angola,xho
travel,timezone,Do you know the local time in Chad?,35:39:SL:COUNTRY,[IN:timezone [SL:COUNTRY Chad] ],COUNTRY: Chad,xho
travel,timezone,Do you know the local time in Chile?,30:40:SL:COUNTRY,[IN:timezone [SL:COUNTRY lase Chile] ],COUNTRY: lase Chile,xho
travel,timezone,Do you know the local time in Dominica?,35:43:SL:COUNTRY,[IN:timezone [SL:COUNTRY Dominica] ],COUNTRY: Dominica,xho
travel,timezone,Do you know the local time in Greece?,30:41:SL:COUNTRY,[IN:timezone [SL:COUNTRY lase Greece] ],COUNTRY: lase Greece,xho
travel,timezone,Do you know the local time in Iceland?,35:42:SL:COUNTRY,[IN:timezone [SL:COUNTRY Iceland] ],COUNTRY: Iceland,xho
travel,timezone,Do you know the local time in Haiti?,30:40:SL:COUNTRY,[IN:timezone [SL:COUNTRY lase Haiti] ],COUNTRY: lase Haiti,xho
travel,timezone,Do you know the local time in Guyana?,30:41:SL:COUNTRY,[IN:timezone [SL:COUNTRY lase Guyana] ],COUNTRY: lase Guyana,xho
travel,timezone,Do you know the local time in Iran?,35:39:SL:COUNTRY,[IN:timezone [SL:COUNTRY Iran] ],COUNTRY: Iran,xho
travel,timezone,Do you know the local time in Kenya?,30:40:SL:COUNTRY,[IN:timezone [SL:COUNTRY lase Kenya] ],COUNTRY: lase Kenya,xho
travel,timezone,Please tell me the local time in Zimbabwe.,37:45:SL:COUNTRY,[IN:timezone [SL:COUNTRY Zimbabwe] ],COUNTRY: Zimbabwe,xho
travel,timezone,Please tell me the local time in Zambia.,37:43:SL:COUNTRY,[IN:timezone [SL:COUNTRY Zambia] ],COUNTRY: Zambia,xho
travel,timezone,Please tell me the local time in India.,37:42:SL:COUNTRY,[IN:timezone [SL:COUNTRY India] ],COUNTRY: India,xho
travel,timezone,Please tell me the time in Israel.,37:43:SL:COUNTRY,[IN:timezone [SL:COUNTRY Israel] ],COUNTRY: Israel,xho
travel,translate,"""How do you say ""thank you"" in Venda?""",24:34:SL:LANGUAGE_NAME,[IN:translate [SL:LANGUAGE_NAME ngesiVenda] ],LANGUAGE_NAME: ngesiVenda,xho
travel,translate,"""How do you say """"yes"""" in Venda?""",21:31:SL:LANGUAGE_NAME,[IN:translate [SL:LANGUAGE_NAME ngesiVenda] ],LANGUAGE_NAME: ngesiVenda,xho
travel,translate,"""How do you say """"no"""" in Venda?""",22:32:SL:LANGUAGE_NAME,[IN:translate [SL:LANGUAGE_NAME ngesiVenda] ],LANGUAGE_NAME: ngesiVenda,xho
travel,translate,"""How do you say """"please"""" in English?""",23:32:SL:LANGUAGE_NAME,[IN:translate [SL:LANGUAGE_NAME ngesiZulu] ],LANGUAGE_NAME: ngesiZulu,xho
travel,translate,"""How do you say 'thank you' in English?""",24:33:SL:LANGUAGE_NAME,[IN:translate [SL:LANGUAGE_NAME ngesiZulu] ],LANGUAGE_NAME: ngesiZulu,xho
travel,translate,"""How do you say """"yes"""" in English?""",21:30:SL:LANGUAGE_NAME,[IN:translate [SL:LANGUAGE_NAME ngesiZulu] ],LANGUAGE_NAME: ngesiZulu,xho
travel,translate,"""How do you say """"no"""" in English?""",22:31:SL:LANGUAGE_NAME,[IN:translate [SL:LANGUAGE_NAME ngesiZulu] ],LANGUAGE_NAME: ngesiZulu,xho
travel,translate,"""How do you say """"please"""" in Tsonga?""",23:34:SL:LANGUAGE_NAME,[IN:translate [SL:LANGUAGE_NAME ngesiTsonga] ],LANGUAGE_NAME: ngesiTsonga,xho
travel,translate,"""How do you say 'thank you' in Tsonga?""",24:35:SL:LANGUAGE_NAME,[IN:translate [SL:LANGUAGE_NAME ngesiTsonga] ],LANGUAGE_NAME: ngesiTsonga,xho
travel,translate,"""How do you say """"yes"""" in English?""",21:32:SL:LANGUAGE_NAME,[IN:translate [SL:LANGUAGE_NAME ngesiTsonga] ],LANGUAGE_NAME: ngesiTsonga,xho
travel,translate,"""How do you say """"no"""" in English?""",22:33:SL:LANGUAGE_NAME,[IN:translate [SL:LANGUAGE_NAME ngesiTsonga] ],LANGUAGE_NAME: ngesiTsonga,xho
travel,translate,"""How do you say """"please"""" in Ndebele?""",23:35:SL:LANGUAGE_NAME,[IN:translate [SL:LANGUAGE_NAME ngesiNdebele] ],LANGUAGE_NAME: ngesiNdebele,xho
travel,translate,"""How do you say 'thank you' in Ndebele?""",24:36:SL:LANGUAGE_NAME,[IN:translate [SL:LANGUAGE_NAME ngesiNdebele] ],LANGUAGE_NAME: ngesiNdebele,xho
travel,translate,"""How do you say """"yes"""" in Ndebele?""",21:33:SL:LANGUAGE_NAME,[IN:translate [SL:LANGUAGE_NAME ngesiNdebele] ],LANGUAGE_NAME: ngesiNdebele,xho
travel,translate,"""How do you say """"no"""" in Ndebele?"" asked the teacher.",22:34:SL:LANGUAGE_NAME,[IN:translate [SL:LANGUAGE_NAME ngesiNdebele] ],LANGUAGE_NAME: ngesiNdebele,xho
travel,translate,"""How do you say """"I've had enough"""" in Ndebele?""",25:37:SL:LANGUAGE_NAME,[IN:translate [SL:LANGUAGE_NAME ngesiNdebele] ],LANGUAGE_NAME: ngesiNdebele,xho
travel,translate,What the officials call the bus station.,,[IN:translate ],,xho
travel,translate,What is the English word for a bus driver?,0:10:SL:LANGUAGE_NAME,[IN:translate [SL:LANGUAGE_NAME Ngesixhosa] ],LANGUAGE_NAME: Ngesixhosa,xho
travel,translate,"""When I visit Ghana I say """"hello"""" to her. """,15:21:SL:COUNTRY,[IN:translate [SL:COUNTRY eGhana] ],COUNTRY: eGhana,xho
travel,translate,"""When I visit Mali, I say 'thank you' to him"".",15:20:SL:COUNTRY,[IN:translate [SL:COUNTRY eMali] ],COUNTRY: eMali,xho
travel,translate,"""When I visit Malawi I say """"hey"""" how are you"".",15:22:SL:COUNTRY,[IN:translate [SL:COUNTRY eMalawi] ],COUNTRY: eMalawi,xho
travel,translate,"""When I visit Nigeria I say 'yes' to 'how are you?'""",15:23:SL:COUNTRY,[IN:translate [SL:COUNTRY eNigeria] ],COUNTRY: eNigeria,xho
travel,translate,"""When I visit Sudan I say """"how I had"""""".",15:21:SL:COUNTRY,[IN:translate [SL:COUNTRY eSudan] ],COUNTRY: eSudan,xho
travel,translate,"""When I visit Botswana I say how """"beautiful"""" it is"".",15:24:SL:COUNTRY,[IN:translate [SL:COUNTRY eBotswana] ],COUNTRY: eBotswana,xho
travel,translate,"""When I visit Lesotho I say """"how are you"""""".",15:23:SL:COUNTRY,[IN:translate [SL:COUNTRY eLesotho] ],COUNTRY: eLesotho,xho
travel,translate,"""When I visit Burundi I say """"please"""" how"".",15:23:SL:COUNTRY,[IN:translate [SL:COUNTRY eBurundi] ],COUNTRY: eBurundi,xho
travel,translate,"""When I visit China, I say, 'How are you?'""",15:21:SL:COUNTRY,[IN:translate [SL:COUNTRY eChina] ],COUNTRY: eChina,xho
travel,translate,"""When I visit Japan I say """"how to"""" eat"".",15:21:SL:COUNTRY,[IN:translate [SL:COUNTRY eJapan] ],COUNTRY: eJapan,xho
travel,translate,"When I visit Morocco, I say hello.",14:22:SL:COUNTRY,[IN:translate [SL:COUNTRY eMorocco] ],COUNTRY: eMorocco,xho
travel,translate,When I visit Senegal how do I recommend the food and say it is delicious. ,14:22:SL:COUNTRY,[IN:translate [SL:COUNTRY eSenegal] ],COUNTRY: eSenegal,xho
travel,translate,"""When I visit Italy I say """"hello"""" to you"".",15:21:SL:COUNTRY,[IN:translate [SL:COUNTRY eItaly] ],COUNTRY: eItaly,xho
travel,translate,"""When I visit Ireland I say 'thank you' to you"".",15:23:SL:COUNTRY,[IN:translate [SL:COUNTRY eIreland] ],COUNTRY: eIreland,xho
travel,translate,"""When I visit KwaZulu Natal I say """"thank you"""" how"".",15:28:SL:CITY_OR_PROVINCE,[IN:translate [SL:CITY_OR_PROVINCE KwaZulu Natal] ],CITY_OR_PROVINCE: KwaZulu Natal,xho
travel,translate,"""When I visit Polokwane I say """"hello"""" to him. """,15:25:SL:CITY_OR_PROVINCE,[IN:translate [SL:CITY_OR_PROVINCE ePolokwane] ],CITY_OR_PROVINCE: ePolokwane,xho
travel,translate,"""When I visit Cape Town I say """"thank you"""" how"".",15:20:SL:CITY_OR_PROVINCE,[IN:translate [SL:CITY_OR_PROVINCE eKapa] ],CITY_OR_PROVINCE: eKapa,xho
travel,translate,How the Tsonga greet one another.,,[IN:translate ],,xho
travel,translate,How to greet a King.,,[IN:translate ],,xho
travel,translate,How to greet in Zulu.,,[IN:translate ],,xho
travel,translate,How to greet in Ndebele.,,[IN:translate ],,xho
travel,translate,How to greet a friend in Baca.,,[IN:translate ],,xho
travel,translate,The Baca greeting is similar to the Pondwe.,,[IN:translate ],,xho
travel,translate,The Xhosa greeting is similar to the Pondwe.,,[IN:translate ],,xho
travel,translate,The Baca greeting is similar to the Xhosa.,,[IN:translate ],,xho
travel,translate,The Hlubi greeting is similar to that of the Mampondo.,,[IN:translate ],,xho
travel,translate,The manner of Baca's greeting is similar to that of Hlubini.,,[IN:translate ],,xho
travel,translate,The Hlubi greeting is similar to the Xhosa.,,[IN:translate ],,xho
travel,translate,"""how to say 'hello' when you visit Baca"".",34:42:SL:PLACE_NAME,[IN:translate [SL:PLACE_NAME kwaBhaca] ],PLACE_NAME: kwaBhaca,xho
travel,translate,"""how to say 'hello' when you visit the ponds"".",,[IN:translate ],,xho
travel,translate,"""how to say 'hello' when visiting the Hlubini"".",,[IN:translate ],,xho
travel,translate,"""how to say 'hello' when you visit Xhosa"".",,[IN:translate ],,xho
travel,translate,"""how to say 'hello' when you visit Zulu"".",,[IN:translate ],,xho
travel,translate,"""how to say 'hello' when you visit Ndebele"".",,[IN:translate ],,xho
travel,translate,"""how to say 'hello' when visiting a Swazi"".",,[IN:translate ],,xho
travel,translate,"""how to say 'hello' when you visit Venda"".",,[IN:translate ],,xho
travel,translate,How they say goodbye when you visit Ghana.,29:35:SL:COUNTRY,[IN:translate [SL:COUNTRY eGhana] ],COUNTRY: eGhana,xho
travel,translate,How they say goodbye when you visit Nigeria.,29:37:SL:COUNTRY,[IN:translate [SL:COUNTRY eNigeria] ],COUNTRY: eNigeria,xho
travel,translate,How they say goodbye when you visit Uganda.,29:36:SL:COUNTRY,[IN:translate [SL:COUNTRY eUganda] ],COUNTRY: eUganda,xho
travel,translate,How they say goodbye when you visit Sudan.,29:35:SL:COUNTRY,[IN:translate [SL:COUNTRY eSudan] ],COUNTRY: eSudan,xho
travel,translate,How do they say goodbye when you visit Burundi.,29:37:SL:COUNTRY,[IN:translate [SL:COUNTRY eBurundi] ],COUNTRY: eBurundi,xho
travel,translate,How they say goodbye when you visit Morocco.,29:37:SL:COUNTRY,[IN:translate [SL:COUNTRY eMorocco] ],COUNTRY: eMorocco,xho
travel,translate,How they say goodbye when you visit Mali.,29:34:SL:COUNTRY,[IN:translate [SL:COUNTRY eMali] ],COUNTRY: eMali,xho
travel,translate,How do they say goodbye when you visit Malawi.,29:36:SL:COUNTRY,[IN:translate [SL:COUNTRY eMalawi] ],COUNTRY: eMalawi,xho
travel,translate,How they say goodbye when you visit Bali.,29:34:SL:CITY_OR_PROVINCE,[IN:translate [SL:CITY_OR_PROVINCE eBali] ],CITY_OR_PROVINCE: eBali,xho
travel,translate,How they say goodbye when you visit China.,29:35:SL:COUNTRY,[IN:translate [SL:COUNTRY eChina] ],COUNTRY: eChina,xho
travel,translate,How they say goodbye when you visit Japan.,29:35:SL:COUNTRY,[IN:translate [SL:COUNTRY eJapan] ],COUNTRY: eJapan,xho
travel,translate,How they say goodbye when you visit India.,29:35:SL:COUNTRY,[IN:translate [SL:COUNTRY eIndia] ],COUNTRY: eIndia,xho
travel,translate,How they say goodbye when you visit Thailand.,29:38:SL:COUNTRY,[IN:translate [SL:COUNTRY eThailand] ],COUNTRY: eThailand,xho
travel,translate,How they say goodbye when you visit Botswana.,29:38:SL:COUNTRY,[IN:translate [SL:COUNTRY eBotswana] ],COUNTRY: eBotswana,xho
travel,translate,How they say goodbye when you visit Zimbabwe.,29:38:SL:COUNTRY,[IN:translate [SL:COUNTRY eZimbabwe] ],COUNTRY: eZimbabwe,xho
travel,translate,How do they say goodbye when you visit Lesotho?,29:37:SL:COUNTRY,[IN:translate [SL:COUNTRY eLesotho] ],COUNTRY: eLesotho,xho
travel,translate,How they say goodbye when you visit Zambia.,29:36:SL:COUNTRY,[IN:translate [SL:COUNTRY eZambia] ],COUNTRY: eZambia,xho
travel,translate,"""How do you say """"please"""" in English?""",23:33:SL:LANGUAGE_NAME,[IN:translate [SL:LANGUAGE_NAME ngesiNgesi] ],LANGUAGE_NAME: ngesiNgesi,xho
travel,translate,"""How do you say 'thank you' in English?""",24:34:SL:LANGUAGE_NAME,[IN:translate [SL:LANGUAGE_NAME ngesiNgesi] ],LANGUAGE_NAME: ngesiNgesi,xho
travel,translate,"""How do you say """"yes"""" in English?""",21:31:SL:LANGUAGE_NAME,[IN:translate [SL:LANGUAGE_NAME ngesiNgesi] ],LANGUAGE_NAME: ngesiNgesi,xho
travel,translate,"""How do you say """"no"""" in English?""",22:32:SL:LANGUAGE_NAME,[IN:translate [SL:LANGUAGE_NAME ngesiNgesi] ],LANGUAGE_NAME: ngesiNgesi,xho
travel,translate,"""How do you say 'please' in French?""",23:33:SL:LANGUAGE_NAME,[IN:translate [SL:LANGUAGE_NAME ngesiBhulu] ],LANGUAGE_NAME: ngesiBhulu,xho
travel,translate,"""How do you say 'thank you' in French?""",24:34:SL:LANGUAGE_NAME,[IN:translate [SL:LANGUAGE_NAME ngesiBhulu] ],LANGUAGE_NAME: ngesiBhulu,xho
travel,translate,"""How do you say """"yes"""" in French?""",21:31:SL:LANGUAGE_NAME,[IN:translate [SL:LANGUAGE_NAME ngesiBhulu] ],LANGUAGE_NAME: ngesiBhulu,xho
travel,translate,"""How do you say """"no"""" in French?""",22:32:SL:LANGUAGE_NAME,[IN:translate [SL:LANGUAGE_NAME ngesiBhulu] ],LANGUAGE_NAME: ngesiBhulu,xho
travel,translate,"""How do you say """"please"""" in Venda?""",23:33:SL:LANGUAGE_NAME,[IN:translate [SL:LANGUAGE_NAME ngesiVenda] ],LANGUAGE_NAME: ngesiVenda,xho
travel,travel_notification,"I'm going to Denpasar soon and I want to inform my bank, how I did.",6:15:SL:CITY_OR_PROVINCE,[IN:travel_notification [SL:CITY_OR_PROVINCE eDenpasar] ],CITY_OR_PROVINCE: eDenpasar,xho
travel,travel_notification,"I am going to India soon and I want to inform my bank, how do I do it.",6:12:SL:COUNTRY,[IN:travel_notification [SL:COUNTRY eIndia] ],COUNTRY: eIndia,xho
travel,travel_notification,"I am going to Zambia soon and I want to inform my bank, how do I do.",6:13:SL:COUNTRY,[IN:travel_notification [SL:COUNTRY eZambia] ],COUNTRY: eZambia,xho
travel,travel_notification,"I'm going to Somalia soon and I want to inform my bank, how do I do.",6:14:SL:COUNTRY,[IN:travel_notification [SL:COUNTRY eSomalia] ],COUNTRY: eSomalia,xho
travel,travel_notification,"I'm going to Chad soon and I want to inform my bank, how do I do it.",6:11:SL:COUNTRY,[IN:travel_notification [SL:COUNTRY eChad] ],COUNTRY: eChad,xho
travel,travel_notification,"I am going to Tunisia soon and I want to inform my bank, how do I do.",6:14:SL:COUNTRY,[IN:travel_notification [SL:COUNTRY eTunisia] ],COUNTRY: eTunisia,xho
travel,travel_notification,"I'm going to Libya soon and I want to inform my bank, how do I do.",6:12:SL:COUNTRY,[IN:travel_notification [SL:COUNTRY eLibya] ],COUNTRY: eLibya,xho
travel,travel_notification,"I'm going to Togo soon and I want to inform my bank, how do I do.",6:11:SL:COUNTRY,[IN:travel_notification [SL:COUNTRY eTogo] ],COUNTRY: eTogo,xho
travel,travel_notification,"I am going to Gabon soon and I want to inform my bank, how I did.",6:12:SL:COUNTRY,[IN:travel_notification [SL:COUNTRY eGabon] ],COUNTRY: eGabon,xho
travel,travel_notification,"I'm going to Liberia soon and I want to inform my bank, how do I do.",6:14:SL:COUNTRY,[IN:travel_notification [SL:COUNTRY eLiberia] ],COUNTRY: eLiberia,xho
travel,travel_notification,"I am going to Burundi soon and I want to inform my bank, how do I do.",6:14:SL:COUNTRY,[IN:travel_notification [SL:COUNTRY eBurundi] ],COUNTRY: eBurundi,xho
travel,travel_notification,"I am going to Malawi soon and I want to inform my bank, how do I do.",6:13:SL:COUNTRY,[IN:travel_notification [SL:COUNTRY eMalawi] ],COUNTRY: eMalawi,xho
travel,travel_notification,"I am going to Swaziland soon and I want to inform my bank, how do I do it.",6:14:SL:COUNTRY,[IN:travel_notification [SL:COUNTRY eSwatini] ],COUNTRY: eSwatini,xho
travel,travel_notification,"I am going to Benin soon and I want to inform my bank, how do I do.",6:12:SL:COUNTRY,[IN:travel_notification [SL:COUNTRY eBenin] ],COUNTRY: eBenin,xho
travel,travel_notification,"I'm going to Eritrea soon and I want to introduce my bank, how do I do it.",6:14:SL:COUNTRY,[IN:travel_notification [SL:COUNTRY eEritria] ],COUNTRY: eEritria,xho
travel,travel_notification,"I'm going to Lesotho soon and I want to inform my bank, how do I do it.",6:14:SL:COUNTRY,[IN:travel_notification [SL:COUNTRY eLesotho] ],COUNTRY: eLesotho,xho
travel,travel_notification,"I am going to Angola soon and I want to inform my bank, how do I do it.",6:13:SL:COUNTRY,[IN:travel_notification [SL:COUNTRY eAngola] ],COUNTRY: eAngola,xho
travel,travel_notification,Please inform Capitec that I am going to Zimbabwe.,"15:23:SL:BANK_NAME,36:46:SL:COUNTRY",[IN:travel_notification [SL:BANK_NAME uCapitec] [SL:COUNTRY e-Zimbabwe] ],BANK_NAME: uCapitec $$ COUNTRY: e-Zimbabwe,xho
travel,travel_notification,Please inform Nedbank that I am going to Ghana.,"15:23:SL:BANK_NAME,36:43:SL:COUNTRY",[IN:travel_notification [SL:BANK_NAME uNedbank] [SL:COUNTRY e-Ghana] ],BANK_NAME: uNedbank $$ COUNTRY: e-Ghana,xho
travel,travel_notification,Please inform Absa that I am going to Nigeria.,"15:20:SL:BANK_NAME,33:42:SL:COUNTRY",[IN:travel_notification [SL:BANK_NAME uAbsa] [SL:COUNTRY e-Nigeria] ],BANK_NAME: uAbsa $$ COUNTRY: e-Nigeria,xho
travel,travel_notification,Please inform FNB that I am going to Lesotho.,"15:19:SL:BANK_NAME,32:41:SL:COUNTRY",[IN:travel_notification [SL:BANK_NAME uFNB] [SL:COUNTRY e-Lesotho] ],BANK_NAME: uFNB $$ COUNTRY: e-Lesotho,xho
travel,travel_notification,Please inform Standardbank that I am going to Kenya.,"15:28:SL:BANK_NAME,41:48:SL:COUNTRY",[IN:travel_notification [SL:BANK_NAME uStandardbank] [SL:COUNTRY e-Kenya] ],BANK_NAME: uStandardbank $$ COUNTRY: e-Kenya,xho
travel,travel_notification,Please inform the Tymebank that I am going to Egypt.,"15:24:SL:BANK_NAME,37:44:SL:COUNTRY",[IN:travel_notification [SL:BANK_NAME uTymebank] [SL:COUNTRY e-Egypt] ],BANK_NAME: uTymebank $$ COUNTRY: e-Egypt,xho
travel,travel_notification,Please inform the African bank that I am going to Botswana.,"15:28:SL:BANK_NAME,41:51:SL:COUNTRY",[IN:travel_notification [SL:BANK_NAME uAfrican bank] [SL:COUNTRY e-Botswana] ],BANK_NAME: uAfrican bank $$ COUNTRY: e-Botswana,xho
travel,travel_notification,Please inform Capitec that I am going to America.,"15:23:SL:BANK_NAME,36:44:SL:COUNTRY",[IN:travel_notification [SL:BANK_NAME uCapitec] [SL:COUNTRY e-Melika] ],BANK_NAME: uCapitec $$ COUNTRY: e-Melika,xho
travel,travel_notification,Please inform Nedbank that I am going to Somalia.,"15:23:SL:BANK_NAME,36:45:SL:COUNTRY",[IN:travel_notification [SL:BANK_NAME uNedbank] [SL:COUNTRY e-Somalia] ],BANK_NAME: uNedbank $$ COUNTRY: e-Somalia,xho
travel,travel_notification,Please inform Absa that I am going to Ireland.,"15:20:SL:BANK_NAME,33:42:SL:COUNTRY",[IN:travel_notification [SL:BANK_NAME uAbsa] [SL:COUNTRY e-Ireland] ],BANK_NAME: uAbsa $$ COUNTRY: e-Ireland,xho
travel,travel_notification,Please inform FNB that I am going to Morocco.,"15:19:SL:BANK_NAME,32:41:SL:COUNTRY",[IN:travel_notification [SL:BANK_NAME uFNB] [SL:COUNTRY e-Morocco] ],BANK_NAME: uFNB $$ COUNTRY: e-Morocco,xho
travel,travel_notification,Please inform Standardbank that I am going to Ethiopia.,"15:28:SL:BANK_NAME,41:51:SL:COUNTRY",[IN:travel_notification [SL:BANK_NAME uStandardbank] [SL:COUNTRY e-Ethiopia] ],BANK_NAME: uStandardbank $$ COUNTRY: e-Ethiopia,xho
travel,travel_notification,Please inform the Tymebank that I am going to Mali.,"15:24:SL:BANK_NAME,37:43:SL:COUNTRY",[IN:travel_notification [SL:BANK_NAME uTymebank] [SL:COUNTRY e-Mali] ],BANK_NAME: uTymebank $$ COUNTRY: e-Mali,xho
travel,travel_notification,Please inform the African bank that I am going to Angola.,"15:28:SL:BANK_NAME,41:49:SL:COUNTRY",[IN:travel_notification [SL:BANK_NAME uAfrican bank] [SL:COUNTRY e-Angola] ],BANK_NAME: uAfrican bank $$ COUNTRY: e-Angola,xho
travel,travel_notification,Please inform Capitec that I am going to China.,"15:23:SL:BANK_NAME,36:43:SL:COUNTRY",[IN:travel_notification [SL:BANK_NAME uCapitec] [SL:COUNTRY e-China] ],BANK_NAME: uCapitec $$ COUNTRY: e-China,xho
travel,travel_notification,Please inform Nedbank that I am going to Japan.,"15:23:SL:BANK_NAME,36:43:SL:COUNTRY",[IN:travel_notification [SL:BANK_NAME uNedbank] [SL:COUNTRY e-Japan] ],BANK_NAME: uNedbank $$ COUNTRY: e-Japan,xho
travel,travel_notification,Please inform Absa that I am going to Brazil.,"15:20:SL:BANK_NAME,33:41:SL:COUNTRY",[IN:travel_notification [SL:BANK_NAME uAbsa] [SL:COUNTRY e-Brazil] ],BANK_NAME: uAbsa $$ COUNTRY: e-Brazil,xho
travel,travel_notification,Please inform FNB that I am going to Tanzania.,"15:19:SL:BANK_NAME,32:42:SL:COUNTRY",[IN:travel_notification [SL:BANK_NAME uFNB] [SL:COUNTRY e-Tanzania] ],BANK_NAME: uFNB $$ COUNTRY: e-Tanzania,xho
travel,travel_notification,Please inform Standardbank that I am going to Uganda.,"15:28:SL:BANK_NAME,41:49:SL:COUNTRY",[IN:travel_notification [SL:BANK_NAME uStandardbank] [SL:COUNTRY e-Uganda] ],BANK_NAME: uStandardbank $$ COUNTRY: e-Uganda,xho
travel,travel_notification,Please inform Tymebank that I am going to Sudan.,"15:24:SL:BANK_NAME,37:44:SL:COUNTRY",[IN:travel_notification [SL:BANK_NAME uTymebank] [SL:COUNTRY e-Sudan] ],BANK_NAME: uTymebank $$ COUNTRY: e-Sudan,xho
travel,travel_notification,Please inform the African bank that I am going to Cameroon.,"15:28:SL:BANK_NAME,41:51:SL:COUNTRY",[IN:travel_notification [SL:BANK_NAME uAfrican bank] [SL:COUNTRY e-Cameroon] ],BANK_NAME: uAfrican bank $$ COUNTRY: e-Cameroon,xho
travel,travel_notification,Please inform Capitec that I am going to England.,"15:23:SL:BANK_NAME,36:45:SL:COUNTRY",[IN:travel_notification [SL:BANK_NAME uCapitec] [SL:COUNTRY e-England] ],BANK_NAME: uCapitec $$ COUNTRY: e-England,xho
travel,travel_notification,Please inform Nedbank that I am going to Dubai.,"15:23:SL:BANK_NAME,36:43:SL:COUNTRY",[IN:travel_notification [SL:BANK_NAME uNedbank] [SL:COUNTRY e-Dubai] ],BANK_NAME: uNedbank $$ COUNTRY: e-Dubai,xho
travel,travel_notification,Please inform my bank that I will be in Ghana from August 26 to August 30.,"42:53:SL:COUNTRY,54:101:SL:DATE",[IN:travel_notification [SL:COUNTRY ndise-Ghana] [SL:DATE ukusuka nge-26 ka-Agasti ukuya kwi-30 ka-Agasti] ],COUNTRY: ndise-Ghana $$ DATE: ukusuka nge-26 ka-Agasti ukuya kwi-30 ka-Agasti,xho
travel,travel_notification,Please inform my bank that I will be in Nigerial from January 10 to January 17.,"42:56:SL:COUNTRY,57:106:SL:DATE",[IN:travel_notification [SL:COUNTRY ndise-Nigerial] [SL:DATE ukusuka nge-10 kaJanuwari ukuya kwi-17 kaJanuwari] ],COUNTRY: ndise-Nigerial $$ DATE: ukusuka nge-10 kaJanuwari ukuya kwi-17 kaJanuwari,xho
travel,travel_notification,Please inform my bank that I will be in Algeria from February 3 to February 11.,"42:55:SL:COUNTRY,56:106:SL:DATE",[IN:travel_notification [SL:COUNTRY ndise-Algeria] [SL:DATE ukusuka nge-3 kaFebruwari ukuya kwi-11 kaFebruwari] ],COUNTRY: ndise-Algeria $$ DATE: ukusuka nge-3 kaFebruwari ukuya kwi-11 kaFebruwari,xho
travel,travel_notification,Please inform my bank that I will be in Namibia from June 7 to June 18.,"42:55:SL:COUNTRY,56:96:SL:DATE",[IN:travel_notification [SL:COUNTRY ndise-Namibia] [SL:DATE ukusuka nge-7 kaJuni ukuya kwi-18 kaJuni] ],COUNTRY: ndise-Namibia $$ DATE: ukusuka nge-7 kaJuni ukuya kwi-18 kaJuni,xho
travel,travel_notification,Please inform my bank that I will be in Zimbabwe from November 9 to November 17.,"42:56:SL:COUNTRY,57:103:SL:DATE",[IN:travel_notification [SL:COUNTRY ndise-Zimbabwe] [SL:DATE ukusuka nge-9 kaNovemba ukuya kwi-17 kaNovemba] ],COUNTRY: ndise-Zimbabwe $$ DATE: ukusuka nge-9 kaNovemba ukuya kwi-17 kaNovemba,xho
travel,travel_notification,Please inform my bank that I will be in Lesotho from October 2 to October 15.,"42:55:SL:COUNTRY,56:98:SL:DATE",[IN:travel_notification [SL:COUNTRY ndise-Lesotho] [SL:DATE ukusuka nge-2 Oktobha ukuya kwi-15 Oktobha] ],COUNTRY: ndise-Lesotho $$ DATE: ukusuka nge-2 Oktobha ukuya kwi-15 Oktobha,xho
travel,travel_notification,Please inform my bank that I will be in the United States from July 7 to July 12.,"42:54:SL:COUNTRY,55:99:SL:DATE",[IN:travel_notification [SL:COUNTRY ndise-Melika] [SL:DATE ukusuka nge-7 kaJulayi ukuya kwi-12 kaJulayi] ],COUNTRY: ndise-Melika $$ DATE: ukusuka nge-7 kaJulayi ukuya kwi-12 kaJulayi,xho
travel,travel_notification,Please inform my bank that I will be in Egypt from December 26 to December 30.,"42:53:SL:COUNTRY,54:103:SL:DATE",[IN:travel_notification [SL:COUNTRY ndise-Egypt] [SL:DATE ukusuka nge-26 ka-Disemba ukuya kwi-30 ka-Desemba] ],COUNTRY: ndise-Egypt $$ DATE: ukusuka nge-26 ka-Disemba ukuya kwi-30 ka-Desemba,xho
travel,travel_notification,Please inform my bank that I will be in Somalia from August 1 to August 7.,"42:55:SL:COUNTRY,56:101:SL:DATE",[IN:travel_notification [SL:COUNTRY ndise-Somalia] [SL:DATE ukusuka nge-1 ka-Agasti ukuya kwi-7 ka-Agasti] ],COUNTRY: ndise-Somalia $$ DATE: ukusuka nge-1 ka-Agasti ukuya kwi-7 ka-Agasti,xho
travel,travel_notification,Please inform my bank that I will be in Uganda from July 13 to July 19,"42:54:SL:COUNTRY,55:100:SL:DATE",[IN:travel_notification [SL:COUNTRY ndise-Uganda] [SL:DATE ukusuka nge-13 kaJulayi ukuya kwi-19 kaJulayi] ],COUNTRY: ndise-Uganda $$ DATE: ukusuka nge-13 kaJulayi ukuya kwi-19 kaJulayi,xho
travel,travel_notification,Please inform my bank that I will be in Cameroon from October 11 to October 19.,"42:56:SL:COUNTRY,57:100:SL:DATE",[IN:travel_notification [SL:COUNTRY ndise-Cameroon] [SL:DATE ukusuka nge-11 Oktobha ukuya kwi-19 Oktobha] ],COUNTRY: ndise-Cameroon $$ DATE: ukusuka nge-11 Oktobha ukuya kwi-19 Oktobha,xho
travel,travel_notification,Please inform my bank that I will be in Sudan from August 1 to August 5.,"42:53:SL:COUNTRY,54:99:SL:DATE",[IN:travel_notification [SL:COUNTRY ndise-Sudan] [SL:DATE ukusuka nge-1 ka-Agasti ukuya kwi-5 ka-Agasti] ],COUNTRY: ndise-Sudan $$ DATE: ukusuka nge-1 ka-Agasti ukuya kwi-5 ka-Agasti,xho
travel,travel_notification,Please inform my bank that I will be in Kenya from January 17 to January 25.,"42:53:SL:COUNTRY,54:103:SL:DATE",[IN:travel_notification [SL:COUNTRY ndise-Kenya] [SL:DATE ukusuka nge-17 kaJanuwari ukuya kwi-25 kaJanuwari] ],COUNTRY: ndise-Kenya $$ DATE: ukusuka nge-17 kaJanuwari ukuya kwi-25 kaJanuwari,xho
travel,travel_notification,Please inform my bank that I will be in Brazil from February 7 to February 12,"42:54:SL:COUNTRY,55:105:SL:DATE",[IN:travel_notification [SL:COUNTRY ndise-Brazil] [SL:DATE ukusuka nge-7 kaFebruwari ukuya kwi-12 kaFebruwari] ],COUNTRY: ndise-Brazil $$ DATE: ukusuka nge-7 kaFebruwari ukuya kwi-12 kaFebruwari,xho
travel,travel_notification,Please inform my bank that I will be in Dubai from 2nd June to 12th June.,"42:53:SL:COUNTRY,54:94:SL:DATE",[IN:travel_notification [SL:COUNTRY ndise-Dubai] [SL:DATE ukusuka nge-2 kaJuni ukuya kwi-12 kaJuni] ],COUNTRY: ndise-Dubai $$ DATE: ukusuka nge-2 kaJuni ukuya kwi-12 kaJuni,xho
travel,travel_notification,Please inform my bank that I will be in Japan from November 5 to November 11.,"42:53:SL:COUNTRY,54:100:SL:DATE",[IN:travel_notification [SL:COUNTRY ndise-Japan] [SL:DATE ukusuka nge-5 kaNovemba ukuya kwi-11 kaNovemba] ],COUNTRY: ndise-Japan $$ DATE: ukusuka nge-5 kaNovemba ukuya kwi-11 kaNovemba,xho
travel,travel_notification,Please inform my bank that I will be in China from August 15 to August 20.,"42:53:SL:COUNTRY,54:101:SL:DATE",[IN:travel_notification [SL:COUNTRY ndise-China] [SL:DATE ukusuka nge-15 ka-Agasti ukuya kwi-20 ka-Agasti] ],COUNTRY: ndise-China $$ DATE: ukusuka nge-15 ka-Agasti ukuya kwi-20 ka-Agasti,xho
travel,travel_notification,Please inform my bank that I will be in Angola from June 9 to June 15,"42:54:SL:COUNTRY,55:95:SL:DATE",[IN:travel_notification [SL:COUNTRY ndise-Angola] [SL:DATE ukusuka nge-9 kaJuni ukuya kwi-15 kaJuni] ],COUNTRY: ndise-Angola $$ DATE: ukusuka nge-9 kaJuni ukuya kwi-15 kaJuni,xho
travel,travel_notification,Please inform my bank that I will be in Mali from February 20 to February 27.,"42:52:SL:COUNTRY,53:104:SL:DATE",[IN:travel_notification [SL:COUNTRY ndise-Mali] [SL:DATE ukusuka nge-20 kaFebruwari ukuya kwi-27 kaFebruwari] ],COUNTRY: ndise-Mali $$ DATE: ukusuka nge-20 kaFebruwari ukuya kwi-27 kaFebruwari,xho
travel,travel_notification,Please inform my bank that I will be in Botwana from 1 January to 10 January,"42:55:SL:COUNTRY,56:104:SL:DATE",[IN:travel_notification [SL:COUNTRY ndise-Botwana] [SL:DATE ukusuka nge-1 kaJanuwari ukuya kwi-10 kaJanuwari] ],COUNTRY: ndise-Botwana $$ DATE: ukusuka nge-1 kaJanuwari ukuya kwi-10 kaJanuwari,xho
travel,travel_notification,Please inform my bank that I will be in Ethiopia from 7th August to 12th August.,"42:56:SL:COUNTRY,57:103:SL:DATE",[IN:travel_notification [SL:COUNTRY ndise-Ethiopia] [SL:DATE ukusuka nge- k7a-Agasti ukuya kwi-12 ka-Agasti] ],COUNTRY: ndise-Ethiopia $$ DATE: ukusuka nge- k7a-Agasti ukuya kwi-12 ka-Agasti,xho
travel,travel_notification,"I am going to Ghana soon and I want to inform my bank, how do I do it.",6:12:SL:COUNTRY,[IN:travel_notification [SL:COUNTRY eGhana] ],COUNTRY: eGhana,xho
travel,travel_notification,"I am going to Nigeria soon and I want to inform my bank, how do I do.",6:14:SL:COUNTRY,[IN:travel_notification [SL:COUNTRY eNigeria] ],COUNTRY: eNigeria,xho
travel,travel_notification,"I am going to Cameroon soon and I want to inform my bank, how do I do.",6:15:SL:COUNTRY,[IN:travel_notification [SL:COUNTRY eCameroon] ],COUNTRY: eCameroon,xho
travel,travel_notification,"I am going to Botswana soon and I want to inform my bank, how do I do.",6:15:SL:COUNTRY,[IN:travel_notification [SL:COUNTRY eBotswana] ],COUNTRY: eBotswana,xho
travel,travel_notification,"I'm going to Mali soon and I want to inform my bank, how do I do it.",6:11:SL:COUNTRY,[IN:travel_notification [SL:COUNTRY eMali] ],COUNTRY: eMali,xho
travel,travel_notification,"I'm going to Zimbabwe soon and I want to inform my bank, how do I do it.",6:15:SL:COUNTRY,[IN:travel_notification [SL:COUNTRY eZimbabwe] ],COUNTRY: eZimbabwe,xho
travel,travel_notification,"I'm going to Kenya soon and I want to inform my bank, how do I do it.",6:12:SL:COUNTRY,[IN:travel_notification [SL:COUNTRY eKenya] ],COUNTRY: eKenya,xho
travel,travel_notification,"I'm going to Brazil soon and I want to inform my bank, how do I do.",6:13:SL:COUNTRY,[IN:travel_notification [SL:COUNTRY eBrazil] ],COUNTRY: eBrazil,xho
travel,travel_notification,"I'm going to China soon and I want to inform my bank, how do I do.",6:12:SL:COUNTRY,[IN:travel_notification [SL:COUNTRY eChina] ],COUNTRY: eChina,xho
travel,travel_notification,"I'm going to Japan soon and I want to inform my bank, how do I do.",6:12:SL:COUNTRY,[IN:travel_notification [SL:COUNTRY eJapan] ],COUNTRY: eJapan,xho
travel,travel_notification,"I'm going to Congo soon and I want to inform my bank, how do I do.",6:12:SL:COUNTRY,[IN:travel_notification [SL:COUNTRY eCongo] ],COUNTRY: eCongo,xho
travel,travel_notification,"I'm going to Sudan soon and I want to inform my bank, how do I do it.",6:12:SL:COUNTRY,[IN:travel_notification [SL:COUNTRY eSudan] ],COUNTRY: eSudan,xho
travel,travel_notification,"I am going to Algeria soon and I want to inform my bank, how do I do.",6:13:SL:COUNTRY,[IN:travel_notification [SL:COUNTRY eAgeria] ],COUNTRY: eAgeria,xho
travel,travel_notification,"I am going to Namibia soon and I want to inform my bank, how do I do.",6:14:SL:COUNTRY,[IN:travel_notification [SL:COUNTRY eNamibia] ],COUNTRY: eNamibia,xho
travel,travel_notification,"I'm going to England soon and I want to inform my bank, how do I do.",6:14:SL:COUNTRY,[IN:travel_notification [SL:COUNTRY eEngland] ],COUNTRY: eEngland,xho
travel,travel_notification,"I'm going to Thailand soon and I want to inform my bank, how do I do.",6:15:SL:COUNTRY,[IN:travel_notification [SL:COUNTRY eThailand] ],COUNTRY: eThailand,xho
travel,travel_notification,"I'm going to Bali soon and I want to inform my bank, how do I do it.",6:11:SL:CITY_OR_PROVINCE,[IN:travel_notification [SL:CITY_OR_PROVINCE eBali] ],CITY_OR_PROVINCE: eBali,xho
travel,travel_notification,"I'm going to America soon and I want to inform my bank, how do I do.",6:13:SL:COUNTRY,[IN:travel_notification [SL:COUNTRY eMelika] ],COUNTRY: eMelika,xho
travel,travel_notification,"I'm going to South Korea soon and I want to introduce my bank, how did I do.",6:18:SL:COUNTRY,[IN:travel_notification [SL:COUNTRY eSoith Koria] ],COUNTRY: eSoith Koria,xho
travel,travel_suggestion,How much is a taxi to Soweto from Johannesburg?,"19:26:SL:PLACE_NAME,33:46:SL:CITY_OR_PROVINCE",[IN:travel_suggestion [SL:PLACE_NAME eSoweto] [SL:CITY_OR_PROVINCE eJohannesburg] ],PLACE_NAME: eSoweto $$ CITY_OR_PROVINCE: eJohannesburg,xho
travel,travel_suggestion,You can help me choose the best things to do in Monti during my travels.,54:60:SL:CITY_OR_PROVINCE,[IN:travel_suggestion [SL:CITY_OR_PROVINCE eMonti] ],CITY_OR_PROVINCE: eMonti,xho
travel,travel_suggestion,"Help me plan my travel to Tinarha, I want to see more places.",63:71:SL:CITY_OR_PROVINCE,[IN:travel_suggestion [SL:CITY_OR_PROVINCE eTinarha] ],CITY_OR_PROVINCE: eTinarha,xho
travel,travel_suggestion,Help me choose a new place to travel to on the continent of Africa.,,[IN:travel_suggestion ],,xho
travel,travel_suggestion,You can do research on the best travel destinations on the African continent.,,[IN:travel_suggestion ],,xho
travel,travel_suggestion,Tell me about fun things to do in the city of Conce.,46:66:SL:PLACE_NAME,[IN:travel_suggestion [SL:PLACE_NAME kwisixeko sase-Qonce] ],PLACE_NAME: kwisixeko sase-Qonce,xho
travel,travel_suggestion,What are some of the famous tourist attractions in the city of Conce?,59:68:SL:CITY_OR_PROVINCE,[IN:travel_suggestion [SL:CITY_OR_PROVINCE saseQonce] ],CITY_OR_PROVINCE: saseQonce,xho
travel,travel_suggestion,You can do some research on the best places to visit here in Pretoria.,63:72:SL:CITY_OR_PROVINCE,[IN:travel_suggestion [SL:CITY_OR_PROVINCE ePretoria] ],CITY_OR_PROVINCE: ePretoria,xho
travel,travel_suggestion,Give me some tips for a good tour of Qqeberha.,44:53:SL:CITY_OR_PROVINCE,[IN:travel_suggestion [SL:CITY_OR_PROVINCE eGqeberha] ],CITY_OR_PROVINCE: eGqeberha,xho
travel,travel_suggestion,Give me some tips for a good tour to Makhanda.,44:53:SL:CITY_OR_PROVINCE,[IN:travel_suggestion [SL:CITY_OR_PROVINCE eMakhanda] ],CITY_OR_PROVINCE: eMakhanda,xho
travel,travel_suggestion,Give me ideas of things to do on my trip to Mathatha.,56:65:SL:CITY_OR_PROVINCE,[IN:travel_suggestion [SL:CITY_OR_PROVINCE eMathatha] ],CITY_OR_PROVINCE: eMathatha,xho
travel,travel_suggestion,What are the most popular tourist attractions in Johannesburg?,48:58:SL:CITY_OR_PROVINCE,[IN:travel_suggestion [SL:CITY_OR_PROVINCE eRhawutini] ],CITY_OR_PROVINCE: eRhawutini,xho
travel,travel_suggestion,What are the main tourist attractions in Bei?,48:54:SL:CITY_OR_PROVINCE,[IN:travel_suggestion [SL:CITY_OR_PROVINCE eBhayi] ],CITY_OR_PROVINCE: eBhayi,xho
travel,travel_suggestion,I am going to Makanduli soon and would like some advice on what to do and see.,6:15:SL:CITY_OR_PROVINCE,[IN:travel_suggestion [SL:CITY_OR_PROVINCE eMqanduli] ],CITY_OR_PROVINCE: eMqanduli,xho
travel,travel_suggestion,What are some of the attractions here in Pretoria?,44:53:SL:CITY_OR_PROVINCE,[IN:travel_suggestion [SL:CITY_OR_PROVINCE ePretoria] ],CITY_OR_PROVINCE: ePretoria,xho
travel,travel_suggestion,What are some of the attractions of the Colonies?,44:56:SL:CITY_OR_PROVINCE,[IN:travel_suggestion [SL:CITY_OR_PROVINCE eMpumakoloni] ],CITY_OR_PROVINCE: eMpumakoloni,xho
travel,travel_suggestion,Please see the map of Harare.,32:42:SL:CITY_OR_PROVINCE,[IN:travel_suggestion [SL:CITY_OR_PROVINCE yaseHarare] ],CITY_OR_PROVINCE: yaseHarare,xho
travel,travel_suggestion,What fun could I have in Botswana.,35:44:SL:COUNTRY,[IN:travel_suggestion [SL:COUNTRY eBotswana] ],COUNTRY: eBotswana,xho
travel,travel_suggestion,What fun I can do in Ghana.,35:41:SL:COUNTRY,[IN:travel_suggestion [SL:COUNTRY eGhana] ],COUNTRY: eGhana,xho
travel,travel_suggestion,What fun I can do in Kenya.,35:41:SL:COUNTRY,[IN:travel_suggestion [SL:COUNTRY eKenya] ],COUNTRY: eKenya,xho
travel,travel_suggestion,What fun can I have in Zimbabwe.,35:44:SL:COUNTRY,[IN:travel_suggestion [SL:COUNTRY eZimbabwe] ],COUNTRY: eZimbabwe,xho
travel,travel_suggestion,What fun can I do in Nigeria.,35:43:SL:COUNTRY,[IN:travel_suggestion [SL:COUNTRY eNigeria] ],COUNTRY: eNigeria,xho
travel,travel_suggestion,What fun could I have in Italy.,35:41:SL:COUNTRY,[IN:travel_suggestion [SL:COUNTRY eItaly] ],COUNTRY: eItaly,xho
travel,travel_suggestion,What fun could I have in Egypt.,35:41:SL:COUNTRY,[IN:travel_suggestion [SL:COUNTRY eEgypt] ],COUNTRY: eEgypt,xho
travel,travel_suggestion,What fun I can do in Japan.,35:41:SL:COUNTRY,[IN:travel_suggestion [SL:COUNTRY eJapan] ],COUNTRY: eJapan,xho
travel,travel_suggestion,What fun can I do in China.,35:41:SL:COUNTRY,[IN:travel_suggestion [SL:COUNTRY eChina] ],COUNTRY: eChina,xho
travel,travel_suggestion,What fun things to do in Lesotho.,35:43:SL:COUNTRY,[IN:travel_suggestion [SL:COUNTRY eLesotho] ],COUNTRY: eLesotho,xho
travel,travel_suggestion,What fun can I do in Mali?,35:40:SL:COUNTRY,[IN:travel_suggestion [SL:COUNTRY eMali] ],COUNTRY: eMali,xho
travel,travel_suggestion,What fun could I do in Malawi.,35:42:SL:COUNTRY,[IN:travel_suggestion [SL:COUNTRY eMalawi] ],COUNTRY: eMalawi,xho
travel,travel_suggestion,What fun could I have in Uganda?,35:42:SL:COUNTRY,[IN:travel_suggestion [SL:COUNTRY eUganda] ],COUNTRY: eUganda,xho
travel,travel_suggestion,What fun could I have in Sudan.,35:41:SL:COUNTRY,[IN:travel_suggestion [SL:COUNTRY eSudan] ],COUNTRY: eSudan,xho
travel,travel_suggestion,What are some of the attractions one can do in Cape Town?,52:57:SL:CITY_OR_PROVINCE,[IN:travel_suggestion [SL:CITY_OR_PROVINCE eKapa] ],CITY_OR_PROVINCE: eKapa,xho
travel,travel_suggestion,What are some of the attractions that one can do in Qonce?,52:58:SL:CITY_OR_PROVINCE,[IN:travel_suggestion [SL:CITY_OR_PROVINCE eQonce] ],CITY_OR_PROVINCE: eQonce,xho
travel,travel_suggestion,What are some of the attractions one can do in Bei?,52:58:SL:CITY_OR_PROVINCE,[IN:travel_suggestion [SL:CITY_OR_PROVINCE eBhayi] ],CITY_OR_PROVINCE: eBhayi,xho
travel,travel_suggestion,What are some of the attractions one can do in Tinarha?,52:60:SL:CITY_OR_PROVINCE,[IN:travel_suggestion [SL:CITY_OR_PROVINCE eTinarha] ],CITY_OR_PROVINCE: eTinarha,xho
travel,travel_suggestion,What are some of the attractions that one can do in Koman?,52:59:SL:CITY_OR_PROVINCE,[IN:travel_suggestion [SL:CITY_OR_PROVINCE eKomani] ],CITY_OR_PROVINCE: eKomani,xho
travel,travel_suggestion,What are some of the attractions one can do in Welkom?,52:59:SL:CITY_OR_PROVINCE,[IN:travel_suggestion [SL:CITY_OR_PROVINCE eWelkom] ],CITY_OR_PROVINCE: eWelkom,xho
travel,travel_suggestion,What are some of the attractions one can do in Ngqushwa?,52:61:SL:CITY_OR_PROVINCE,[IN:travel_suggestion [SL:CITY_OR_PROVINCE eNgqushwa] ],CITY_OR_PROVINCE: eNgqushwa,xho
travel,travel_suggestion,What are some of the attractions one can do in Thswane?,52:60:SL:CITY_OR_PROVINCE,[IN:travel_suggestion [SL:CITY_OR_PROVINCE eThswane] ],CITY_OR_PROVINCE: eThswane,xho
travel,travel_suggestion,What are some of the attractions one can do in Lusikisiki?,52:63:SL:CITY_OR_PROVINCE,[IN:travel_suggestion [SL:CITY_OR_PROVINCE eLusikisiki] ],CITY_OR_PROVINCE: eLusikisiki,xho
travel,travel_suggestion,What are some of the attractive things one can do in the Frost?,52:61:SL:CITY_OR_PROVINCE,[IN:travel_suggestion [SL:CITY_OR_PROVINCE eNgqeleni] ],CITY_OR_PROVINCE: eNgqeleni,xho
travel,travel_suggestion,What are some of the attractions one can do in Shorha?,52:59:SL:CITY_OR_PROVINCE,[IN:travel_suggestion [SL:CITY_OR_PROVINCE eXhorha] ],CITY_OR_PROVINCE: eXhorha,xho
travel,travel_suggestion,What are some of the attractive things one can do at a Funeral?,52:59:SL:CITY_OR_PROVINCE,[IN:travel_suggestion [SL:CITY_OR_PROVINCE kuQumbu] ],CITY_OR_PROVINCE: kuQumbu,xho
travel,travel_suggestion,What places can you visit in Gaborone?,31:40:SL:CITY_OR_PROVINCE,[IN:travel_suggestion [SL:CITY_OR_PROVINCE eGqeberha] ],CITY_OR_PROVINCE: eGqeberha,xho
travel,travel_suggestion,Are there recreation areas in Cape Town?,30:35:SL:CITY_OR_PROVINCE,[IN:travel_suggestion [SL:CITY_OR_PROVINCE eKapa] ],CITY_OR_PROVINCE: eKapa,xho
travel,travel_suggestion,Please show me pictures of things to do in Cape Town.,52:57:SL:CITY_OR_PROVINCE,[IN:travel_suggestion [SL:CITY_OR_PROVINCE eKapa] ],CITY_OR_PROVINCE: eKapa,xho
travel,travel_suggestion,What are some of the best places to visit in South Africa?,48:63:SL:COUNTRY,[IN:travel_suggestion [SL:COUNTRY eMzantsi Afrika] ],COUNTRY: eMzantsi Afrika,xho
travel,travel_suggestion,Where is the safety zone for tourists between Mtata and Monti?,"52:60:SL:CITY_OR_PROVINCE,61:68:SL:CITY_OR_PROVINCE",[IN:travel_suggestion [SL:CITY_OR_PROVINCE kweMtata] [SL:CITY_OR_PROVINCE neMonti] ],CITY_OR_PROVINCE: kweMtata $$ CITY_OR_PROVINCE: neMonti,xho
travel,travel_suggestion,What hotels are of high quality when visiting Makhanda?,54:63:SL:CITY_OR_PROVINCE,[IN:travel_suggestion [SL:CITY_OR_PROVINCE eMakhanda] ],CITY_OR_PROVINCE: eMakhanda,xho
travel,travel_suggestion,Are there roads that transport tourists to the top of Table Mountain?,59:85:SL:PLACE_NAME,[IN:travel_suggestion [SL:PLACE_NAME kwincopho yeNtaba yeTafile] ],PLACE_NAME: kwincopho yeNtaba yeTafile,xho
travel,travel_suggestion,What can I do in Monti?,25:35:SL:CITY_OR_PROVINCE,[IN:travel_suggestion [SL:CITY_OR_PROVINCE ndiseMonti] ],CITY_OR_PROVINCE: ndiseMonti,xho
travel,travel_suggestion,Please look for things I can do in Qqeberha.,41:50:SL:CITY_OR_PROVINCE,[IN:travel_suggestion [SL:CITY_OR_PROVINCE eGqeberha] ],CITY_OR_PROVINCE: eGqeberha,xho
travel,travel_suggestion,Are there roadways that transport tourists to the top of Table Mountain?,60:86:SL:PLACE_NAME,[IN:travel_suggestion [SL:PLACE_NAME kwincopho yeNtaba yeTafile] ],PLACE_NAME: kwincopho yeNtaba yeTafile,xho
travel,travel_suggestion,I need ideas about things to do in Monti.,43:49:SL:CITY_OR_PROVINCE,[IN:travel_suggestion [SL:CITY_OR_PROVINCE eMonti] ],CITY_OR_PROVINCE: eMonti,xho
travel,travel_suggestion,Which sea is not full between the Cape and Jeffreys Bay?,"41:54:SL:CITY_OR_PROVINCE,55:71:SL:CITY_OR_PROVINCE",[IN:travel_suggestion [SL:CITY_OR_PROVINCE kwaseGqeberha] [SL:CITY_OR_PROVINCE naseJeffreys Bay] ],CITY_OR_PROVINCE: kwaseGqeberha $$ CITY_OR_PROVINCE: naseJeffreys Bay,xho
travel,travel_suggestion,What can visitors do in Mata?,36:42:SL:CITY_OR_PROVINCE,[IN:travel_suggestion [SL:CITY_OR_PROVINCE eMtata] ],CITY_OR_PROVINCE: eMtata,xho
travel,travel_suggestion,What can you do in Makhanda during the festival?,19:28:SL:CITY_OR_PROVINCE,[IN:travel_suggestion [SL:CITY_OR_PROVINCE eMakhanda] ],CITY_OR_PROVINCE: eMakhanda,xho
travel,travel_suggestion,Which shortcut to Durban is there other than the N2?,52:61:SL:CITY_OR_PROVINCE,[IN:travel_suggestion [SL:CITY_OR_PROVINCE eThekwini] ],CITY_OR_PROVINCE: eThekwini,xho
travel,travel_suggestion,Is it safe to use public transportation when visiting South Africa?,73:88:SL:COUNTRY,[IN:travel_suggestion [SL:COUNTRY eMzantsi Afrika] ],COUNTRY: eMzantsi Afrika,xho
travel,travel_suggestion,What interesting things can visitors do in Bizana?,56:63:SL:CITY_OR_PROVINCE,[IN:travel_suggestion [SL:CITY_OR_PROVINCE eBizana] ],CITY_OR_PROVINCE: eBizana,xho
travel,travel_suggestion,What hotels in Cape Town have a cooking and seating system?,68:73:SL:CITY_OR_PROVINCE,[IN:travel_suggestion [SL:CITY_OR_PROVINCE eKapa] ],CITY_OR_PROVINCE: eKapa,xho
travel,travel_suggestion,Does the helicopter have an airport?,0:9:SL:CITY_OR_PROVINCE,[IN:travel_suggestion [SL:CITY_OR_PROVINCE Igqeberha] ],CITY_OR_PROVINCE: Igqeberha,xho
travel,travel_suggestion,"For research on the culture and religion of the Ntu, which place can the researcher visit in Dutywa?",81:88:SL:CITY_OR_PROVINCE,[IN:travel_suggestion [SL:CITY_OR_PROVINCE eDutywa] ],CITY_OR_PROVINCE: eDutywa,xho
travel,travel_suggestion,What are the cheapest buses from Pretoria to Mpumalanga?,"54:61:SL:CITY_OR_PROVINCE,68:79:SL:CITY_OR_PROVINCE",[IN:travel_suggestion [SL:CITY_OR_PROVINCE ePitoli] [SL:CITY_OR_PROVINCE eMpumalanga] ],CITY_OR_PROVINCE: ePitoli $$ CITY_OR_PROVINCE: eMpumalanga,xho
travel,travel_suggestion,"For information on South Africa's colonial history, which library can you turn to?",33:48:SL:COUNTRY,[IN:travel_suggestion [SL:COUNTRY eMzantsi Afrika] ],COUNTRY: eMzantsi Afrika,xho
travel,travel_suggestion,Where can you spend your summer vacations in South Africa?,50:65:SL:COUNTRY,[IN:travel_suggestion [SL:COUNTRY eMzantsi Afrika] ],COUNTRY: eMzantsi Afrika,xho
travel,travel_suggestion,What is the traffic like during the peak season on the N1 from Pretoria to Limpopo?,"18:35:SL:CALENDAR_EVENT,50:57:SL:CITY_OR_PROVINCE,64:73:SL:CITY_OR_PROVINCE",[IN:travel_suggestion [SL:CALENDAR_EVENT ngexesha lepasika] [SL:CITY_OR_PROVINCE ePitoli] [SL:CITY_OR_PROVINCE eLimpompo] ],CALENDAR_EVENT: ngexesha lepasika $$ CITY_OR_PROVINCE: ePitoli $$ CITY_OR_PROVINCE: eLimpompo,xho
travel,travel_suggestion,What are the other places to do bounjee jumping in Johannesburg besides Soweto Towers?,"50:60:SL:CITY_OR_PROVINCE,72:88:SL:PLACE_NAME",[IN:travel_suggestion [SL:CITY_OR_PROVINCE eRhawutini] [SL:PLACE_NAME kweSoweto Towers] ],CITY_OR_PROVINCE: eRhawutini $$ PLACE_NAME: kweSoweto Towers,xho
travel,travel_suggestion,Which countries do South Africans need a visa to visit?,,[IN:travel_suggestion ],,xho
travel,travel_suggestion,Where can you go if you need a place to swim in Johannesburg even though there is no sea?,35:40:SL:CITY_OR_PROVINCE,[IN:travel_suggestion [SL:CITY_OR_PROVINCE eGoli] ],CITY_OR_PROVINCE: eGoli,xho
travel,travel_suggestion,Can you use a GPS to navigate the countryside?,,[IN:travel_suggestion ],,xho
travel,travel_suggestion,How much is a taxi to Monti from Pretoria?,"19:25:SL:CITY_OR_PROVINCE,35:42:SL:CITY_OR_PROVINCE",[IN:travel_suggestion [SL:CITY_OR_PROVINCE eMonti] [SL:CITY_OR_PROVINCE ePitori] ],CITY_OR_PROVINCE: eMonti $$ CITY_OR_PROVINCE: ePitori,xho
travel,travel_suggestion,Please look at the map of the city of Cala.,32:40:SL:CITY_OR_PROVINCE,[IN:travel_suggestion [SL:CITY_OR_PROVINCE yaseCala] ],CITY_OR_PROVINCE: yaseCala,xho
travel,travel_suggestion,Please look for a restaurant that sells traditional food in Gugulethu.,55:65:SL:PLACE_NAME,[IN:travel_suggestion [SL:PLACE_NAME eGugulethu] ],PLACE_NAME: eGugulethu,xho
travel,travel_suggestion,What animals are found in Kruger National Park?,29:50:SL:PLACE_NAME,[IN:travel_suggestion [SL:PLACE_NAME eKruger National Park] ],PLACE_NAME: eKruger National Park,xho
travel,travel_suggestion,Are there affordable accommodations in Makhanda?,41:50:SL:CITY_OR_PROVINCE,[IN:travel_suggestion [SL:CITY_OR_PROVINCE eMakhanda] ],CITY_OR_PROVINCE: eMakhanda,xho
travel,travel_suggestion,Where is the sea in Cape Town?,29:34:SL:CITY_OR_PROVINCE,[IN:travel_suggestion [SL:CITY_OR_PROVINCE eKapa] ],CITY_OR_PROVINCE: eKapa,xho
travel,travel_suggestion,Please transfer money to my Gautrain card.,,[IN:travel_suggestion ],,xho
travel,travel_suggestion,How much is the fare from Malboro to OR Tambo International Airport?,23:31:SL:PLACE_NAME,[IN:travel_suggestion [SL:PLACE_NAME eMalboro] ],PLACE_NAME: eMalboro,xho
travel,travel_suggestion,Is there a train station in Soweto?,30:37:SL:PLACE_NAME,[IN:travel_suggestion [SL:PLACE_NAME eSoweto] ],PLACE_NAME: eSoweto,xho
utility,alarm,Please set the alarm for 10 on Thursday morning.,"12:24:SL:TIME,25:35:SL:DATE,36:42:SL:TIME",[IN:alarm [SL:TIME i-alam ka-10] [SL:DATE ngolwesine] [SL:TIME kusasa] ],TIME: i-alam ka-10 $$ DATE: ngolwesine $$ TIME: kusasa,xho
utility,alarm,Please set my alarm for 6 a.m. on Thursday.,"19:30:SL:TIME,31:41:SL:DATE,42:49:SL:TIME",[IN:alarm [SL:TIME i-alam ka-6] [SL:DATE ngoLwesine] [SL:TIME ekuseni] ],TIME: i-alam ka-6 $$ DATE: ngoLwesine $$ TIME: ekuseni,xho
utility,alarm,Please set the alarm for 12 noon on Monday.,"12:24:SL:TIME,25:33:SL:DATE,34:39:SL:TIME",[IN:alarm [SL:TIME i-alam ka-12] [SL:DATE ngoMvulo] [SL:TIME emini] ],TIME: i-alam ka-12 $$ DATE: ngoMvulo $$ TIME: emini,xho
utility,alarm,Please set the alarm for 3 on Friday afternoon.,"19:30:SL:TIME,31:44:SL:DATE,45:57:SL:TIME",[IN:alarm [SL:TIME i-alam ka-3] [SL:DATE ngoLwesihlanu] [SL:TIME emva kwemini] ],TIME: i-alam ka-3 $$ DATE: ngoLwesihlanu $$ TIME: emva kwemini,xho
utility,alarm,Please set the alarm for 6 a.m. on Thursday morning.,"12:23:SL:TIME,33:43:SL:DATE,44:51:SL:TIME",[IN:alarm [SL:TIME i-alam ka-6] [SL:DATE ngolwesine] [SL:TIME ekuseni] ],TIME: i-alam ka-6 $$ DATE: ngolwesine $$ TIME: ekuseni,xho
utility,alarm,Please set my alarm for 1 p.m. on Thursday.,"19:30:SL:TIME,31:41:SL:DATE,42:54:SL:TIME",[IN:alarm [SL:TIME i-alam ka-1] [SL:DATE ngolwesine] [SL:TIME emva kwemini] ],TIME: i-alam ka-1 $$ DATE: ngolwesine $$ TIME: emva kwemini,xho
utility,alarm,Please set my alarm for 1 on Monday afternoon.,"19:30:SL:TIME,31:39:SL:DATE,41:53:SL:TIME",[IN:alarm [SL:TIME i-alam ka-1] [SL:DATE ngoMvulo] [SL:TIME emva kwemini] ],TIME: i-alam ka-1 $$ DATE: ngoMvulo $$ TIME: emva kwemini,xho
utility,alarm,Please set the alarm for 12 noon on Thursday.,"12:24:SL:TIME,25:35:SL:DATE,36:41:SL:TIME",[IN:alarm [SL:TIME i-alam ka-12] [SL:DATE ngolwesine] [SL:TIME emini] ],TIME: i-alam ka-12 $$ DATE: ngolwesine $$ TIME: emini,xho
utility,alarm,Please set my alarm for 6 a.m. on Tuesday.,"19:30:SL:TIME,31:43:SL:DATE,44:51:SL:TIME",[IN:alarm [SL:TIME i-alam ka-6] [SL:DATE ngolwesibini] [SL:TIME ekuseni] ],TIME: i-alam ka-6 $$ DATE: ngolwesibini $$ TIME: ekuseni,xho
utility,alarm,Please set the alarm for 7 on Wednesday evening.,"12:23:SL:TIME,24:37:SL:DATE,38:47:SL:TIME",[IN:alarm [SL:TIME i-alam ka-7] [SL:DATE ngolwesithatu] [SL:TIME ngokuhlwa] ],TIME: i-alam ka-7 $$ DATE: ngolwesithatu $$ TIME: ngokuhlwa,xho
utility,alarm,Please set my alarm for 3 a.m. on Friday.,"19:30:SL:TIME,31:44:SL:DATE,45:52:SL:TIME",[IN:alarm [SL:TIME i-alam ka-3] [SL:DATE ngoLwesihlanu] [SL:TIME ekuseni] ],TIME: i-alam ka-3 $$ DATE: ngoLwesihlanu $$ TIME: ekuseni,xho
utility,alarm,Please set the alarm for 9 tonight,"12:33:SL:TIME,34:47:SL:DATE",[IN:alarm [SL:TIME i-alam ka-9 ngokuhlwa] [SL:DATE kwabnamhlanje] ],TIME: i-alam ka-9 ngokuhlwa $$ DATE: kwabnamhlanje,xho
utility,alarm,Please set my alarm for 6 this morning. . .,"19:30:SL:TIME,31:39:SL:DATE,40:47:SL:TIME",[IN:alarm [SL:TIME i-alam ka-6] [SL:DATE nahlanje] [SL:TIME ekuseni] ],TIME: i-alam ka-6 $$ DATE: nahlanje $$ TIME: ekuseni,xho
utility,alarm,Please set the alarm for 11 a.m. on Saturday morning.,"12:24:SL:TIME,25:36:SL:DATE,37:43:SL:TIME",[IN:alarm [SL:TIME i-alam ka-11] [SL:DATE ngoMgqibelo] [SL:TIME kusasa] ],TIME: i-alam ka-11 $$ DATE: ngoMgqibelo $$ TIME: kusasa,xho
utility,alarm,Please set the alarm for 8 on Wednesday morning,"12:23:SL:TIME,24:38:SL:DATE,39:45:SL:TIME",[IN:alarm [SL:TIME i-alam ka-8] [SL:DATE ngolwesithathu] [SL:TIME kusasa] ],TIME: i-alam ka-8 $$ DATE: ngolwesithathu $$ TIME: kusasa,xho
utility,alarm,Please set the alarm for 2 o'clock on Thursday afternoon.,"19:30:SL:TIME,31:41:SL:DATE,42:54:SL:TIME",[IN:alarm [SL:TIME i-alam ka-2] [SL:DATE ngolwesine] [SL:TIME emva kwemini] ],TIME: i-alam ka-2 $$ DATE: ngolwesine $$ TIME: emva kwemini,xho
utility,alarm,Please set the alarm for ten o'clock on Thursday evening.,"12:36:SL:TIME,37:47:SL:DATE,48:57:SL:TIME",[IN:alarm [SL:TIME i-alam yentsimbi yeshumi] [SL:DATE ngoLwesine] [SL:TIME ngokuhlwa] ],TIME: i-alam yentsimbi yeshumi $$ DATE: ngoLwesine $$ TIME: ngokuhlwa,xho
utility,alarm,Please set the alarm for 6 on Thursday evening.,"12:23:SL:TIME,24:34:SL:DATE,35:44:SL:TIME",[IN:alarm [SL:TIME i-alam ka-6] [SL:DATE ngolwesine] [SL:TIME ngokuhlwa] ],TIME: i-alam ka-6 $$ DATE: ngolwesine $$ TIME: ngokuhlwa,xho
utility,alarm,Please set the alarm for 6:00 on Thursday morning.,"19:42:SL:TIME,43:53:SL:DATE,54:60:SL:TIME",[IN:alarm [SL:TIME yentsimbi yesithandathu] [SL:DATE ngolwesine] [SL:TIME kusasa] ],TIME: yentsimbi yesithandathu $$ DATE: ngolwesine $$ TIME: kusasa,xho
utility,alarm,Please set my alarm for 6 a.m.,17:36:SL:TIME,[IN:alarm [SL:TIME i-alam ka 6-ekuseni] ],TIME: i-alam ka 6-ekuseni,xho
utility,alarm,Please set a new alarm for tomorrow.,33:41:SL:DATE,[IN:alarm [SL:DATE yangomso] ],DATE: yangomso,xho
utility,alarm,Please set the alarm for tomorrow at noon.,26:40:SL:DATE,[IN:alarm [SL:DATE yangomso emini] ],DATE: yangomso emini,xho
utility,alarm,Please set my alarm for tomorrow morning.,"33:39:SL:DATE,40:47:SL:TIME",[IN:alarm [SL:DATE ngomso] [SL:TIME ekuseni] ],DATE: ngomso $$ TIME: ekuseni,xho
utility,alarm,Please show me how to set the alarm on this phone.,,[IN:alarm ],,xho
utility,alarm,I want to set an alarm.,,[IN:alarm ],,xho
utility,alarm,Please set the alarm for 5 in the morning.,"19:30:SL:TIME,31:46:SL:DATE",[IN:alarm [SL:TIME i-alam ka-5] [SL:DATE ngomso emalanga] ],TIME: i-alam ka-5 $$ DATE: ngomso emalanga,xho
utility,alarm,Please set my alarm for 7 a.m. on Thursday.,"19:30:SL:TIME,31:41:SL:DATE,42:49:SL:TIME",[IN:alarm [SL:TIME i-alam ka-7] [SL:DATE ngoLwesine] [SL:TIME ekuseni] ],TIME: i-alam ka-7 $$ DATE: ngoLwesine $$ TIME: ekuseni,xho
utility,alarm,Please set my alarm for 9 a.m. on Thursday.,"19:30:SL:TIME,31:41:SL:DATE,42:49:SL:TIME",[IN:alarm [SL:TIME i-alam ka-9] [SL:DATE ngoLwesine] [SL:TIME ekuseni] ],TIME: i-alam ka-9 $$ DATE: ngoLwesine $$ TIME: ekuseni,xho
utility,alarm,Please set my alarm for 3 a.m. on Sunday.,39:46:SL:DATE,[IN:alarm [SL:DATE ngeCawe] ],DATE: ngeCawe,xho
utility,alarm,Please set the alarm for 10 a.m. tomorrow.,"17:37:SL:TIME,38:44:SL:DATE",[IN:alarm [SL:TIME i-alam ka-10 ekuseni] [SL:DATE ngomso] ],TIME: i-alam ka-10 ekuseni $$ DATE: ngomso,xho
utility,alarm,I set the alarm for 6:00 a.m. on Friday.,"10:29:SL:TIME,30:43:SL:DATE",[IN:alarm [SL:TIME i-alam ka-6 ekuseni] [SL:DATE ngoLwesihlanu] ],TIME: i-alam ka-6 ekuseni $$ DATE: ngoLwesihlanu,xho
utility,alarm,Please set my alarm for 1 p.m. today.,"17:34:SL:TIME,35:44:SL:DATE",[IN:alarm [SL:TIME i-alam ka-1 emini] [SL:DATE namhlanje] ],TIME: i-alam ka-1 emini $$ DATE: namhlanje,xho
utility,alarm,Please set my alarm for 3 pm on Monday.,37:45:SL:DATE,[IN:alarm [SL:DATE ngoMvulo] ],DATE: ngoMvulo,xho
utility,alarm,Please set my alarm for 11 o'clock this afternoon.,"19:31:SL:TIME,32:47:SL:DATE",[IN:alarm [SL:TIME i-alam ka-11] [SL:DATE namhlanje emini] ],TIME: i-alam ka-11 $$ DATE: namhlanje emini,xho
utility,alarm,Please set my alarm for 3 p.m. today.,"24:33:SL:DATE,34:52:SL:TIME",[IN:alarm [SL:DATE namhlanje] [SL:TIME ngo-3 emva kwemini] ],DATE: namhlanje $$ TIME: ngo-3 emva kwemini,xho
utility,alarm,"Please set two alarms for me, one at 12 noon and one at 5 p.m.","39:51:SL:TIME,57:75:SL:TIME",[IN:alarm [SL:TIME ngo-12 emini] [SL:TIME ngo-5 emva kwemini] ],TIME: ngo-12 emini $$ TIME: ngo-5 emva kwemini,xho
utility,alarm,Please set the alarm for 2 o'clock tomorrow afternoon.,"17:28:SL:TIME,29:41:SL:DATE",[IN:alarm [SL:TIME i-alam ka-2] [SL:DATE ngomso emini] ],TIME: i-alam ka-2 $$ DATE: ngomso emini,xho
utility,alarm,Please set the alarm for 7 am tomorrow morning.,"19:30:SL:TIME,31:45:SL:DATE",[IN:alarm [SL:TIME i-alam ka-7] [SL:DATE ngomso ekuseni] ],TIME: i-alam ka-7 $$ DATE: ngomso ekuseni,xho
utility,alarm,Please set my alarm for the morning.,35:42:SL:TIME,[IN:alarm [SL:TIME ekuseni] ],TIME: ekuseni,xho
utility,alarm,When I want to set an alarm I do.,,[IN:alarm ],,xho
utility,alarm,Please set the alarm for tonight.,38:47:SL:DATE,[IN:alarm [SL:DATE namhlanje] ],DATE: namhlanje,xho
utility,alarm,Set the alarm for 5 am tomorrow.,"5:16:SL:TIME,17:31:SL:DATE",[IN:alarm [SL:TIME i-alam ka-5] [SL:DATE ngomso ekuseni] ],TIME: i-alam ka-5 $$ DATE: ngomso ekuseni,xho
utility,alarm,Please set alarm for 3 on Thursday afternoon.,"12:23:SL:TIME,24:34:SL:DATE,35:47:SL:TIME",[IN:alarm [SL:TIME i-alam ka-3] [SL:DATE ngolwesine] [SL:TIME emva kwemini] ],TIME: i-alam ka-3 $$ DATE: ngolwesine $$ TIME: emva kwemini,xho
utility,alarm,Please set the alarm for 7 on Thursday morning.,"14:25:SL:TIME,26:36:SL:DATE,37:44:SL:TIME",[IN:alarm [SL:TIME i-alam ka-7] [SL:DATE ngolwesine] [SL:TIME ekuseni] ],TIME: i-alam ka-7 $$ DATE: ngolwesine $$ TIME: ekuseni,xho
utility,alarm,Please set the alarm for 3 on Monday afternoon.,"12:23:SL:TIME,24:32:SL:DATE",[IN:alarm [SL:TIME i-alam ka-3] [SL:DATE ngoMvulo] ],TIME: i-alam ka-3 $$ DATE: ngoMvulo,xho
utility,alarm,Please set the alarm for 10 a.m. on Tuesday.,"12:24:SL:TIME,25:44:SL:DATE",[IN:alarm [SL:TIME i-alam ka-10] [SL:DATE ngoLwesibini kusasa] ],TIME: i-alam ka-10 $$ DATE: ngoLwesibini kusasa,xho
utility,alarm,Please set my alarm for 5 a.m. on Sunday.,"19:30:SL:TIME,31:38:SL:DATE,39:46:SL:TIME",[IN:alarm [SL:TIME i-alam ka-5] [SL:DATE ngeCawe] [SL:TIME ekuseni] ],TIME: i-alam ka-5 $$ DATE: ngeCawe $$ TIME: ekuseni,xho
utility,alarm,Please set the alarm for 1 on Monday afternoon.,"12:23:SL:TIME,24:32:SL:DATE,33:45:SL:TIME",[IN:alarm [SL:TIME i-alam ka-1] [SL:DATE ngoMvulo] [SL:TIME emva kwemini] ],TIME: i-alam ka-1 $$ DATE: ngoMvulo $$ TIME: emva kwemini,xho
utility,alarm,Please set my alarm for 2 o'clock on Tuesday afternoon.,"19:30:SL:TIME,31:43:SL:DATE,44:56:SL:TIME",[IN:alarm [SL:TIME i-alam ka-2] [SL:DATE ngoLwesibini] [SL:TIME emva kwemini] ],TIME: i-alam ka-2 $$ DATE: ngoLwesibini $$ TIME: emva kwemini,xho
utility,alarm,Please set the alarm for 4 a.m. on Wednesday.,"12:23:SL:TIME,24:37:SL:DATE,38:45:SL:TIME",[IN:alarm [SL:TIME i-alam ka-4] [SL:DATE ngoLwesithatu] [SL:TIME ekuseni] ],TIME: i-alam ka-4 $$ DATE: ngoLwesithatu $$ TIME: ekuseni,xho
utility,alarm,Please set the alarm for 5 a.m. on Friday.,"14:25:SL:TIME,26:39:SL:DATE,40:47:SL:TIME",[IN:alarm [SL:TIME i-alam ka-5] [SL:DATE ngoLwesihlanu] [SL:TIME ekuseni] ],TIME: i-alam ka-5 $$ DATE: ngoLwesihlanu $$ TIME: ekuseni,xho
utility,alarm,Please set the alarm for 5 p.m. on Friday.,"12:23:SL:TIME,24:37:SL:DATE,38:50:SL:TIME",[IN:alarm [SL:TIME i-alam ka-5] [SL:DATE ngoLwesihlanu] [SL:TIME emva kwemini] ],TIME: i-alam ka-5 $$ DATE: ngoLwesihlanu $$ TIME: emva kwemini,xho
utility,alarm,Please set the alarm for 11 on Saturday night.,"12:24:SL:TIME,25:36:SL:DATE,37:44:SL:TIME",[IN:alarm [SL:TIME i-alam ka-11] [SL:DATE ngoMgqibelo] [SL:TIME ebusuku] ],TIME: i-alam ka-11 $$ DATE: ngoMgqibelo $$ TIME: ebusuku,xho
utility,alarm,Please set the alarm for 1 on Sunday afternoon.,"14:25:SL:TIME,26:33:SL:DATE,34:46:SL:TIME",[IN:alarm [SL:TIME i-alam ka-1] [SL:DATE ngeCawe] [SL:TIME emva kwemini] ],TIME: i-alam ka-1 $$ DATE: ngeCawe $$ TIME: emva kwemini,xho
utility,alarm,Set the alarm for 3 tomorrow afternoon.,"5:16:SL:TIME,17:36:SL:DATE",[IN:alarm [SL:TIME i-alam ka-3] [SL:DATE ngomso emva kwemini] ],TIME: i-alam ka-3 $$ DATE: ngomso emva kwemini,xho
utility,alarm,Please set the alarm for 2 this afternoon.,"14:25:SL:TIME,26:35:SL:DATE,36:48:SL:TIME",[IN:alarm [SL:TIME i-alam ka-2] [SL:DATE namhlanje] [SL:TIME emva kwemini] ],TIME: i-alam ka-2 $$ DATE: namhlanje $$ TIME: emva kwemini,xho
utility,alarm,I need you to set my alarm for 3 o'clock tomorrow afternoon.,"20:31:SL:TIME,32:39:SL:DATE,40:52:SL:TIME",[IN:alarm [SL:TIME i-alam ka-3] [SL:DATE ngoomso] [SL:TIME emva kwemini] ],TIME: i-alam ka-3 $$ DATE: ngoomso $$ TIME: emva kwemini,xho
utility,alarm,Please set the alarm for 2 a.m. on Thursday.,"12:23:SL:TIME,24:34:SL:DATE,35:42:SL:TIME",[IN:alarm [SL:TIME i-alam ka-2] [SL:DATE ngolwesine] [SL:TIME ekuseni] ],TIME: i-alam ka-2 $$ DATE: ngolwesine $$ TIME: ekuseni,xho
utility,alarm,Please set my alarm for 1 on Monday afternoon.,"19:30:SL:TIME,31:39:SL:DATE,40:52:SL:TIME",[IN:alarm [SL:TIME i-alam ka-1] [SL:DATE ngoMvulo] [SL:TIME emva kwemini] ],TIME: i-alam ka-1 $$ DATE: ngoMvulo $$ TIME: emva kwemini,xho
utility,alarm,Please set the alarm for 5 on Sunday afternoon.,"12:23:SL:TIME,24:31:SL:DATE,32:44:SL:TIME",[IN:alarm [SL:TIME i-alam ka-5] [SL:DATE Ngecawe] [SL:TIME emva kwemini] ],TIME: i-alam ka-5 $$ DATE: Ngecawe $$ TIME: emva kwemini,xho
utility,alarm,Please set the alarm for 10 on Thursday morning.,"14:26:SL:TIME,27:37:SL:DATE,38:44:SL:TIME",[IN:alarm [SL:TIME i-alam ka-10] [SL:DATE ngolwesine] [SL:TIME kusasa] ],TIME: i-alam ka-10 $$ DATE: ngolwesine $$ TIME: kusasa,xho
utility,alarm,Please set the alarm for 12 o'clock on Saturday afternoon.,"12:24:SL:TIME,25:36:SL:DATE,37:42:SL:TIME",[IN:alarm [SL:TIME i-alam ka-12] [SL:DATE ngoMgqibelo] [SL:TIME emini] ],TIME: i-alam ka-12 $$ DATE: ngoMgqibelo $$ TIME: emini,xho
utility,alarm,Please set my alarm for 4 on Tuesday afternoon.,"19:30:SL:TIME,31:43:SL:DATE,44:56:SL:TIME",[IN:alarm [SL:TIME i-alam ka-4] [SL:DATE ngolwesibini] [SL:TIME emva kwemini] ],TIME: i-alam ka-4 $$ DATE: ngolwesibini $$ TIME: emva kwemini,xho
utility,alarm,Please set my alarm for 4 a.m. on Tuesday.,"19:30:SL:TIME,31:43:SL:DATE,44:51:SL:TIME",[IN:alarm [SL:TIME i-alam ka-4] [SL:DATE ngolwesibini] [SL:TIME ekuseni] ],TIME: i-alam ka-4 $$ DATE: ngolwesibini $$ TIME: ekuseni,xho
utility,alarm,Please set the alarm for 8 on Monday evening.,"12:23:SL:TIME,24:32:SL:DATE,33:42:SL:TIME",[IN:alarm [SL:TIME i-alam ka-8] [SL:DATE ngoMvulo] [SL:TIME ngokuhlwa] ],TIME: i-alam ka-8 $$ DATE: ngoMvulo $$ TIME: ngokuhlwa,xho
utility,alarm,Please set the alarm for 8 a.m. on Monday.,"12:23:SL:TIME,24:32:SL:DATE,33:39:SL:TIME",[IN:alarm [SL:TIME i-alam ka-8] [SL:DATE ngoMvulo] [SL:TIME kusasa] ],TIME: i-alam ka-8 $$ DATE: ngoMvulo $$ TIME: kusasa,xho
utility,alarm,Please set the alarm for 3 am tomorrow.,"14:25:SL:TIME,26:32:SL:DATE,33:40:SL:TIME",[IN:alarm [SL:TIME i-alam ka-3] [SL:DATE ngomso] [SL:TIME ekuseni] ],TIME: i-alam ka-3 $$ DATE: ngomso $$ TIME: ekuseni,xho
utility,alarm,Please set the alarm for 3 this morning.,"14:25:SL:TIME,26:35:SL:DATE",[IN:alarm [SL:TIME i-alam ka-3] [SL:DATE namhlanje] ],TIME: i-alam ka-3 $$ DATE: namhlanje,xho
utility,alarm,Please set my alarm for 1 o'clock this afternoon.,"19:30:SL:TIME,31:40:SL:DATE,41:53:SL:TIME",[IN:alarm [SL:TIME i-alam ka-1] [SL:DATE namhlanje] [SL:TIME emva kwemini] ],TIME: i-alam ka-1 $$ DATE: namhlanje $$ TIME: emva kwemini,xho
utility,alarm,Set the alarm for 3 o'clock in the morning.,"5:16:SL:TIME,17:36:SL:DATE",[IN:alarm [SL:TIME i-alam ka-3] [SL:DATE yangongomao ekuseni] ],TIME: i-alam ka-3 $$ DATE: yangongomao ekuseni,xho
utility,alarm,Please set the alarm for 6 a.m. on Sunday.,"12:23:SL:TIME,24:31:SL:DATE,32:39:SL:TIME",[IN:alarm [SL:TIME i-alam ka-6] [SL:DATE ngeCawe] [SL:TIME ekuseni] ],TIME: i-alam ka-6 $$ DATE: ngeCawe $$ TIME: ekuseni,xho
utility,alarm,Please set my alarm for 8 p.m. on Thursday night.,"19:30:SL:TIME,31:41:SL:DATE,42:51:SL:TIME",[IN:alarm [SL:TIME i-alam ka-8] [SL:DATE ngolwesine] [SL:TIME ngokuhlwa] ],TIME: i-alam ka-8 $$ DATE: ngolwesine $$ TIME: ngokuhlwa,xho
utility,alarm,Please set the alarm for 2 p.m. on Saturday.,"12:23:SL:TIME,24:35:SL:DATE,36:48:SL:TIME",[IN:alarm [SL:TIME i-alam ka-2] [SL:DATE ngoMgqibelo] [SL:TIME emva kwemini] ],TIME: i-alam ka-2 $$ DATE: ngoMgqibelo $$ TIME: emva kwemini,xho
utility,alarm,Please set the alarm for 2 on Sunday afternoon.,"12:23:SL:TIME,24:31:SL:DATE,32:44:SL:TIME",[IN:alarm [SL:TIME i-alam ka-2] [SL:DATE ngeCawe] [SL:TIME emva kwemini] ],TIME: i-alam ka-2 $$ DATE: ngeCawe $$ TIME: emva kwemini,xho
utility,alarm,Please set the alarm for 2 o'clock tomorrow afternoon.,"14:25:SL:TIME,26:32:SL:DATE,33:45:SL:TIME",[IN:alarm [SL:TIME i-alam ka-2] [SL:DATE ngomso] [SL:TIME emva kwemini] ],TIME: i-alam ka-2 $$ DATE: ngomso $$ TIME: emva kwemini,xho
utility,alarm,Please set the alarm for 3 o'clock tomorrow afternoon.,"17:28:SL:TIME,29:35:SL:DATE,36:48:SL:TIME",[IN:alarm [SL:TIME i-alam ka-3] [SL:DATE ngomso] [SL:TIME emva kwemini] ],TIME: i-alam ka-3 $$ DATE: ngomso $$ TIME: emva kwemini,xho
utility,alarm,Please set the alarm for 12 on Thursday afternoon.,"12:24:SL:TIME,25:35:SL:DATE,36:48:SL:TIME",[IN:alarm [SL:TIME i-alam ka-12] [SL:DATE ngolwesine] [SL:TIME emva kwemini] ],TIME: i-alam ka-12 $$ DATE: ngolwesine $$ TIME: emva kwemini,xho
utility,alarm,Please set the alarm for 9 this morning.,"12:23:SL:TIME,24:40:SL:DATE",[IN:alarm [SL:TIME i-alam ka-9] [SL:DATE namhlanje kusasa] ],TIME: i-alam ka-9 $$ DATE: namhlanje kusasa,xho
utility,alarm,Please set my alarm for 2 o'clock on Tuesday afternoon.,"19:30:SL:TIME,31:41:SL:DATE,42:54:SL:TIME",[IN:alarm [SL:TIME i-alam ka-2] [SL:DATE ngoLwebini] [SL:TIME emva kwemini] ],TIME: i-alam ka-2 $$ DATE: ngoLwebini $$ TIME: emva kwemini,xho
utility,alarm,Please set the alarm for 1 o'clock tomorrow afternoon.,"12:23:SL:TIME,24:30:SL:DATE,31:43:SL:TIME",[IN:alarm [SL:TIME i-alam ka-1] [SL:DATE ngomso] [SL:TIME emva kwemini] ],TIME: i-alam ka-1 $$ DATE: ngomso $$ TIME: emva kwemini,xho
utility,make_call,Please call Karen.,19:26:SL:PERSONAL_NAME,[IN:make_call [SL:PERSONAL_NAME uKunene] ],PERSONAL_NAME: uKunene,xho
utility,make_call,Please call Jane.,18:27:SL:PERSONAL_NAME,[IN:make_call [SL:PERSONAL_NAME uDuduzile] ],PERSONAL_NAME: uDuduzile,xho
utility,make_call,Please call my office.,,[IN:make_call ],,xho
utility,make_call,Can you call Papi?,18:23:SL:PERSONAL_NAME,[IN:make_call [SL:PERSONAL_NAME uPapi] ],PERSONAL_NAME: uPapi,xho
utility,make_call,Please call my sister.,,[IN:make_call ],,xho
utility,make_call,Please call Telkom.,,[IN:make_call ],,xho
utility,make_call,Please call my doctor.,,[IN:make_call ],,xho
utility,make_call,Please call the Romans.,18:28:SL:RESTAURANT_NAME,[IN:make_call [SL:RESTAURANT_NAME kwa-Romans] ],RESTAURANT_NAME: kwa-Romans,xho
utility,make_call,Please call my lawyer.,,[IN:make_call ],,xho
utility,make_call,Please call Vodacom.,,[IN:make_call ],,xho
utility,make_call,Please call MTN.,,[IN:make_call ],,xho
utility,make_call,Please call Ayakha.,18:25:SL:PERSONAL_NAME,[IN:make_call [SL:PERSONAL_NAME uAyakha] ],PERSONAL_NAME: uAyakha,xho
utility,make_call,Please call Liitha.,18:26:SL:PERSONAL_NAME,[IN:make_call [SL:PERSONAL_NAME uLilitha] ],PERSONAL_NAME: uLilitha,xho
utility,make_call,Please call Zikhona.,18:26:SL:PERSONAL_NAME,[IN:make_call [SL:PERSONAL_NAME uZikhona] ],PERSONAL_NAME: uZikhona,xho
utility,make_call,Please call Ziyanda.,18:26:SL:PERSONAL_NAME,[IN:make_call [SL:PERSONAL_NAME uZiyanda] ],PERSONAL_NAME: uZiyanda,xho
utility,make_call,Please call your sister.,,[IN:make_call ],,xho
utility,make_call,Please call Zethu.,18:24:SL:PERSONAL_NAME,[IN:make_call [SL:PERSONAL_NAME uZethu] ],PERSONAL_NAME: uZethu,xho
utility,make_call,Please call me on Zethu number of MTN,28:35:SL:PERSONAL_NAME,[IN:make_call [SL:PERSONAL_NAME kaZethu] ],PERSONAL_NAME: kaZethu,xho
utility,make_call,Please call Sisipho.,18:26:SL:PERSONAL_NAME,[IN:make_call [SL:PERSONAL_NAME uSisipho] ],PERSONAL_NAME: uSisipho,xho
utility,make_call,Please call the office of the CEO of Southern Holdings in Midrand.,"33:53:SL:PLACE_NAME,54:62:SL:CITY_OR_PROVINCE",[IN:make_call [SL:PLACE_NAME yaseMzantsi Holdings] [SL:CITY_OR_PROVINCE eMidrand] ],PLACE_NAME: yaseMzantsi Holdings $$ CITY_OR_PROVINCE: eMidrand,xho
utility,make_call,What is the telephone number of Manzini Municipality?,25:49:SL:PLACE_NAME,[IN:make_call [SL:PLACE_NAME yaseManzini Municipality] ],PLACE_NAME: yaseManzini Municipality,xho
utility,make_call,Please call Zethu on his second Vodacom number.,"18:24:SL:PERSONAL_NAME,42:50:SL:NUMBER",[IN:make_call [SL:PERSONAL_NAME uZethu] [SL:NUMBER yesibini] ],PERSONAL_NAME: uZethu $$ NUMBER: yesibini,xho
utility,make_call,Please call the number of Gift's office.,27:36:SL:PERSONAL_NAME,[IN:make_call [SL:PERSONAL_NAME kaSisipho] ],PERSONAL_NAME: kaSisipho,xho
utility,make_call,Please call my husband.,,[IN:make_call ],,xho
utility,make_call,Please call my wife.,18:27:SL:PERSONAL_NAME,[IN:make_call [SL:PERSONAL_NAME uLolwethu] ],PERSONAL_NAME: uLolwethu,xho
utility,make_call,Please call Diko.,17:22:SL:PERSONAL_NAME,[IN:make_call [SL:PERSONAL_NAME uDiko] ],PERSONAL_NAME: uDiko,xho
utility,make_call,Please call me.,18:24:SL:PERSONAL_NAME,[IN:make_call [SL:PERSONAL_NAME uKamva] ],PERSONAL_NAME: uKamva,xho
utility,make_call,Please call Andiswa.,25:33:SL:PERSONAL_NAME,[IN:make_call [SL:PERSONAL_NAME uAndiswa] ],PERSONAL_NAME: uAndiswa,xho
utility,make_call,Please call my father.,,[IN:make_call ],,xho
utility,make_call,Call up Zoleka. ,9:16:SL:PERSONAL_NAME,[IN:make_call [SL:PERSONAL_NAME uZoleka] ],PERSONAL_NAME: uZoleka,xho
utility,make_call,Please call KFC.,18:25:SL:RESTAURANT_NAME,[IN:make_call [SL:RESTAURANT_NAME kwa-KFC] ],RESTAURANT_NAME: kwa-KFC,xho
utility,make_call,Please call Ziyanda.,18:26:SL:PERSONAL_NAME,[IN:make_call [SL:PERSONAL_NAME uZiyanda] ],PERSONAL_NAME: uZiyanda,xho
utility,make_call,Call Ziyanda. She is very happy.,9:17:SL:PERSONAL_NAME,[IN:make_call [SL:PERSONAL_NAME uZiyanda] ],PERSONAL_NAME: uZiyanda,xho
utility,make_call,Please call Anele.,18:24:SL:PERSONAL_NAME,[IN:make_call [SL:PERSONAL_NAME uAnele] ],PERSONAL_NAME: uAnele,xho
utility,make_call,Please call my father.,,[IN:make_call ],,xho
utility,make_call,Call and apologize.,9:16:SL:PERSONAL_NAME,[IN:make_call [SL:PERSONAL_NAME uXolani] ],PERSONAL_NAME: uXolani,xho
utility,make_call,Please call Liema.,18:25:SL:PERSONAL_NAME,[IN:make_call [SL:PERSONAL_NAME uLiyema] ],PERSONAL_NAME: uLiyema,xho
utility,make_call,Call the mediator.,9:16:SL:PERSONAL_NAME,[IN:make_call [SL:PERSONAL_NAME uMlamli] ],PERSONAL_NAME: uMlamli,xho
utility,make_call,Please call the mediator.,18:25:SL:PERSONAL_NAME,[IN:make_call [SL:PERSONAL_NAME uMlamli] ],PERSONAL_NAME: uMlamli,xho
utility,make_call,Please call Solie.,18:24:SL:PERSONAL_NAME,[IN:make_call [SL:PERSONAL_NAME uXolie] ],PERSONAL_NAME: uXolie,xho
utility,make_call,Call your friend.,9:15:SL:PERSONAL_NAME,[IN:make_call [SL:PERSONAL_NAME uXolie] ],PERSONAL_NAME: uXolie,xho
utility,make_call,Please call Lucy.,18:25:SL:PERSONAL_NAME,[IN:make_call [SL:PERSONAL_NAME uLoyiso] ],PERSONAL_NAME: uLoyiso,xho
utility,make_call,Please call Sakhile.,18:26:SL:PERSONAL_NAME,[IN:make_call [SL:PERSONAL_NAME uSakhile] ],PERSONAL_NAME: uSakhile,xho
utility,make_call,I want you to call Sakhile.,18:26:SL:PERSONAL_NAME,[IN:make_call [SL:PERSONAL_NAME uSakhile] ],PERSONAL_NAME: uSakhile,xho
utility,make_call,Please call Asavela.,18:26:SL:PERSONAL_NAME,[IN:make_call [SL:PERSONAL_NAME uAsavela] ],PERSONAL_NAME: uAsavela,xho
utility,make_call,Please call Sanele.,18:25:SL:PERSONAL_NAME,[IN:make_call [SL:PERSONAL_NAME uSanele] ],PERSONAL_NAME: uSanele,xho
utility,make_call,I want to call Zach.,19:27:SL:PERSONAL_NAME,[IN:make_call [SL:PERSONAL_NAME uZakhele] ],PERSONAL_NAME: uZakhele,xho
utility,make_call,Call Kenny. He's not here.,9:15:SL:PERSONAL_NAME,[IN:make_call [SL:PERSONAL_NAME uKenny] ],PERSONAL_NAME: uKenny,xho
utility,make_call,Call your friend.,9:16:SL:PERSONAL_NAME,[IN:make_call [SL:PERSONAL_NAME uKunene] ],PERSONAL_NAME: uKunene,xho
utility,make_call,Please call Kenny's office number.,27:34:SL:PERSONAL_NAME,[IN:make_call [SL:PERSONAL_NAME kaKenny] ],PERSONAL_NAME: kaKenny,xho
utility,make_call,Please call the Job Fair number.,27:36:SL:PERSONAL_NAME,[IN:make_call [SL:PERSONAL_NAME kaThabiso] ],PERSONAL_NAME: kaThabiso,xho
utility,make_call,Call and apologize.,10:19:SL:PERSONAL_NAME,[IN:make_call [SL:PERSONAL_NAME uXolisile] ],PERSONAL_NAME: uXolisile,xho
utility,make_call,Call your friend.,9:20:SL:PERSONAL_NAME,[IN:make_call [SL:PERSONAL_NAME uNthabiseng] ],PERSONAL_NAME: uNthabiseng,xho
utility,make_call,Please call my mother.,,[IN:make_call ],,xho
utility,make_call,Please call Victory.,19:26:SL:PERSONAL_NAME,[IN:make_call [SL:PERSONAL_NAME uLoyiso] ],PERSONAL_NAME: uLoyiso,xho
utility,make_call,Please call Zukhise.,18:29:SL:PERSONAL_NAME,[IN:make_call [SL:PERSONAL_NAME uZukhanyise] ],PERSONAL_NAME: uZukhanyise,xho
utility,make_call,Please call Zuko.,18:27:SL:PERSONAL_NAME,[IN:make_call [SL:PERSONAL_NAME uZukhanye] ],PERSONAL_NAME: uZukhanye,xho
utility,make_call,Call the police.,9:17:SL:PERSONAL_NAME,[IN:make_call [SL:PERSONAL_NAME uZandile] ],PERSONAL_NAME: uZandile,xho
utility,make_call,Call Joy.,9:17:SL:PERSONAL_NAME,[IN:make_call [SL:PERSONAL_NAME uLonwabo] ],PERSONAL_NAME: uLonwabo,xho
utility,make_call,Please call Joy.,18:26:SL:PERSONAL_NAME,[IN:make_call [SL:PERSONAL_NAME uLonwabo] ],PERSONAL_NAME: uLonwabo,xho
utility,make_call,Please call Dolela.,18:26:SL:PERSONAL_NAME,[IN:make_call [SL:PERSONAL_NAME uNdolela] ],PERSONAL_NAME: uNdolela,xho
utility,make_call,Call up Joy.,9:14:SL:PERSONAL_NAME,[IN:make_call [SL:PERSONAL_NAME uVuyo] ],PERSONAL_NAME: uVuyo,xho
utility,make_call,Please call Joy.,18:29:SL:PERSONAL_NAME,[IN:make_call [SL:PERSONAL_NAME uVuyolwethu] ],PERSONAL_NAME: uVuyolwethu,xho
utility,make_call,Please call Lethu.,18:26:SL:PERSONAL_NAME,[IN:make_call [SL:PERSONAL_NAME uLelethu] ],PERSONAL_NAME: uLelethu,xho
utility,make_call,Call Lethu on the phone.,9:15:SL:PERSONAL_NAME,[IN:make_call [SL:PERSONAL_NAME uLethu] ],PERSONAL_NAME: uLethu,xho
utility,make_call,Please call Sister.,18:26:SL:PERSONAL_NAME,[IN:make_call [SL:PERSONAL_NAME uSesethu] ],PERSONAL_NAME: uSesethu,xho
utility,make_call,Call your brother.,9:15:SL:PERSONAL_NAME,[IN:make_call [SL:PERSONAL_NAME uSethu] ],PERSONAL_NAME: uSethu,xho
utility,make_call,Please call River.,18:25:SL:PERSONAL_NAME,[IN:make_call [SL:PERSONAL_NAME uMlambo] ],PERSONAL_NAME: uMlambo,xho
utility,make_call,Please call Ms. Pehle.,18:25:SL:PERSONAL_NAME,[IN:make_call [SL:PERSONAL_NAME uMpehle] ],PERSONAL_NAME: uMpehle,xho
utility,make_call,Call the police.,9:18:SL:PERSONAL_NAME,[IN:make_call [SL:PERSONAL_NAME uMampehle] ],PERSONAL_NAME: uMampehle,xho
utility,make_call,Call the police.,9:16:SL:PERSONAL_NAME,[IN:make_call [SL:PERSONAL_NAME uCwenga] ],PERSONAL_NAME: uCwenga,xho
utility,make_call,Call John on the phone.,9:14:SL:PERSONAL_NAME,[IN:make_call [SL:PERSONAL_NAME uJohn] ],PERSONAL_NAME: uJohn,xho
utility,make_call,Call up the police.,10:18:SL:PERSONAL_NAME,[IN:make_call [SL:PERSONAL_NAME uKhumalo] ],PERSONAL_NAME: uKhumalo,xho
utility,make_call,Please call Lona.,18:23:SL:PERSONAL_NAME,[IN:make_call [SL:PERSONAL_NAME uLona] ],PERSONAL_NAME: uLona,xho
utility,make_call,Please call Linamandla.,18:29:SL:PERSONAL_NAME,[IN:make_call [SL:PERSONAL_NAME uLinamandla] ],PERSONAL_NAME: uLinamandla,xho
utility,make_call,Please call Konke.,18:24:SL:PERSONAL_NAME,[IN:make_call [SL:PERSONAL_NAME uKonke] ],PERSONAL_NAME: uKonke,xho
utility,make_call,Please call the lighthouse.,18:29:SL:PERSONAL_NAME,[IN:make_call [SL:PERSONAL_NAME uNokukhanya] ],PERSONAL_NAME: uNokukhanya,xho
utility,make_call,Please call Sisonke.,18:26:SL:PERSONAL_NAME,[IN:make_call [SL:PERSONAL_NAME uSisonke] ],PERSONAL_NAME: uSisonke,xho
utility,make_call,Please call Azola.,19:25:SL:PERSONAL_NAME,[IN:make_call [SL:PERSONAL_NAME uAzola] ],PERSONAL_NAME: uAzola,xho
utility,make_call,Please call Steve.,18:26:SL:PERSONAL_NAME,[IN:make_call [SL:PERSONAL_NAME uVuyelwa] ],PERSONAL_NAME: uVuyelwa,xho
utility,share_location,Can you show us where Yamkela is and take him so I can go from Qumbu?,"27:35:SL:PERSONAL_NAME,43:51:SL:CITY_OR_PROVINCE,77:84:SL:CITY_OR_PROVINCE",[IN:share_location [SL:PERSONAL_NAME uYamkela] [SL:CITY_OR_PROVINCE eMthatha] [SL:CITY_OR_PROVINCE kuQumbu] ],PERSONAL_NAME: uYamkela $$ CITY_OR_PROVINCE: eMthatha $$ CITY_OR_PROVINCE: kuQumbu,xho
utility,share_location,Could you direct me to a tourist accommodation?,,[IN:share_location ],,xho
utility,share_location,Please let Sam know where I am.,15:19:SL:PERSONAL_NAME,[IN:share_location [SL:PERSONAL_NAME uSam] ],PERSONAL_NAME: uSam,xho
utility,share_location,Can you tell me where Michael is?,32:40:SL:PERSONAL_NAME,[IN:share_location [SL:PERSONAL_NAME uMichael] ],PERSONAL_NAME: uMichael,xho
utility,share_location,Did you tell Jack how to get here from Sada to Komani?,"11:16:SL:PERSONAL_NAME,37:44:SL:CITY_OR_PROVINCE,53:58:SL:CITY_OR_PROVINCE",[IN:share_location [SL:PERSONAL_NAME uJack] [SL:CITY_OR_PROVINCE eKomani] [SL:CITY_OR_PROVINCE eSada] ],PERSONAL_NAME: uJack $$ CITY_OR_PROVINCE: eKomani $$ CITY_OR_PROVINCE: eSada,xho
utility,share_location,Please give James the details of how to come to the Osner Hotel and give the invitations to my party.,"14:20:SL:PERSONAL_NAME,49:61:SL:HOTEL_NAME",[IN:share_location [SL:PERSONAL_NAME uJames] [SL:HOTEL_NAME eOsner Hotel] ],PERSONAL_NAME: uJames $$ HOTEL_NAME: eOsner Hotel,xho
utility,share_location,"I would like people to know my shop, please give them details.",,[IN:share_location ],,xho
utility,share_location,Could you please give Kate and James the details of the shopping area in Bay?,"15:20:SL:PERSONAL_NAME,21:28:SL:PERSONAL_NAME,63:69:SL:CITY_OR_PROVINCE",[IN:share_location [SL:PERSONAL_NAME uKate] [SL:PERSONAL_NAME noJames] [SL:CITY_OR_PROVINCE eBhayi] ],PERSONAL_NAME: uKate $$ PERSONAL_NAME: noJames $$ CITY_OR_PROVINCE: eBhayi,xho
utility,share_location,Could you give James the address of the store?,14:20:SL:PERSONAL_NAME,[IN:share_location [SL:PERSONAL_NAME uJames] ],PERSONAL_NAME: uJames,xho
utility,share_location,Please give customers the address of my store.,,[IN:share_location ],,xho
utility,share_location,Could you give my lawyer the details of how to get to Monti from Quonce?,"56:62:SL:CITY_OR_PROVINCE,69:75:SL:CITY_OR_PROVINCE",[IN:share_location [SL:CITY_OR_PROVINCE eMonti] [SL:CITY_OR_PROVINCE eQonce] ],CITY_OR_PROVINCE: eMonti $$ CITY_OR_PROVINCE: eQonce,xho
utility,share_location,You can inform the president of the location of the Chinese parliament.,56:65:SL:COUNTRY,[IN:share_location [SL:COUNTRY yaseChina] ],COUNTRY: yaseChina,xho
utility,share_location,Could you please inform the president of the location of the Chinese parliament?,52:61:SL:COUNTRY,[IN:share_location [SL:COUNTRY yaseChina] ],COUNTRY: yaseChina,xho
utility,share_location,Please let Kava know where we are so that she doesn't get lost.,13:19:SL:PERSONAL_NAME,[IN:share_location [SL:PERSONAL_NAME uKamva] ],PERSONAL_NAME: uKamva,xho
utility,share_location,He has already informed Fate of our whereabouts so that she will not get lost.,15:21:SL:PERSONAL_NAME,[IN:share_location [SL:PERSONAL_NAME uKamva] ],PERSONAL_NAME: uKamva,xho
utility,share_location,Please show the tourists the way from the sea to the hotel where we are.,,[IN:share_location ],,xho
utility,share_location,Could you give James my address?,14:20:SL:PERSONAL_NAME,[IN:share_location [SL:PERSONAL_NAME uJames] ],PERSONAL_NAME: uJames,xho
utility,share_location,Please send Sharon details of her accommodations.,17:24:SL:PERSONAL_NAME,[IN:share_location [SL:PERSONAL_NAME uSharon] ],PERSONAL_NAME: uSharon,xho
utility,share_location,Please tell me the details of the way to McDonald's in Mthatha.,"44:55:SL:RESTAURANT_NAME,56:67:SL:PLACE_NAME",[IN:share_location [SL:RESTAURANT_NAME kwaMcDonald] [SL:PLACE_NAME waseMthatha] ],RESTAURANT_NAME: kwaMcDonald $$ PLACE_NAME: waseMthatha,xho
utility,share_location,Please give Antonio the directions to Takata from Shorha.,"12:20:SL:PERSONAL_NAME,44:52:SL:CITY_OR_PROVINCE,61:68:SL:CITY_OR_PROVINCE",[IN:share_location [SL:PERSONAL_NAME uAntonio] [SL:CITY_OR_PROVINCE eMthatha] [SL:CITY_OR_PROVINCE eXhorha] ],PERSONAL_NAME: uAntonio $$ CITY_OR_PROVINCE: eMthatha $$ CITY_OR_PROVINCE: eXhorha,xho
utility,share_location,Please give Mike the details of the way to Qonce.,"14:19:SL:PERSONAL_NAME,45:51:SL:CITY_OR_PROVINCE",[IN:share_location [SL:PERSONAL_NAME uMike] [SL:CITY_OR_PROVINCE eQonce] ],PERSONAL_NAME: uMike $$ CITY_OR_PROVINCE: eQonce,xho
utility,share_location,Can you give Mike the directions to Makhanda?,"16:21:SL:PERSONAL_NAME,47:56:SL:CITY_OR_PROVINCE",[IN:share_location [SL:PERSONAL_NAME uMike] [SL:CITY_OR_PROVINCE eMakhanda] ],PERSONAL_NAME: uMike $$ CITY_OR_PROVINCE: eMakhanda,xho
utility,share_location,Could you direct Jane to the local hall?,19:24:SL:PERSONAL_NAME,[IN:share_location [SL:PERSONAL_NAME uJane] ],PERSONAL_NAME: uJane,xho
utility,share_location,Please give Carl the details of how to get to the school in Zizamele.,"14:19:SL:PERSONAL_NAME,59:71:SL:PLACE_NAME",[IN:share_location [SL:PERSONAL_NAME uCarl] [SL:PLACE_NAME saseZizamele] ],PERSONAL_NAME: uCarl $$ PLACE_NAME: saseZizamele,xho
utility,share_location,Could you give Kay the details of Orient Beach?,"12:18:SL:PERSONAL_NAME,36:48:SL:PLACE_NAME",[IN:share_location [SL:PERSONAL_NAME uKhaya] [SL:PLACE_NAME Orient Beach] ],PERSONAL_NAME: uKhaya $$ PLACE_NAME: Orient Beach,xho
utility,share_location,Do you have the opportunity to explain to the clergy the way to your home?,,[IN:share_location ],,xho
utility,share_location,Please inform my superiors of my whereabouts.,,[IN:share_location ],,xho
utility,share_location,Can you let my superiors know where I am?,,[IN:share_location ],,xho
utility,share_location,"Please, tell the tourists the way to the PSJ.",45:49:SL:CITY_OR_PROVINCE,[IN:share_location [SL:CITY_OR_PROVINCE ePSJ] ],CITY_OR_PROVINCE: ePSJ,xho
utility,share_location,Can you tell tourists the way to the PSJ?,46:50:SL:CITY_OR_PROVINCE,[IN:share_location [SL:CITY_OR_PROVINCE ePSJ] ],CITY_OR_PROVINCE: ePSJ,xho
utility,share_location,Please show me the road to Lusikisiki from Matatiele.,"48:59:SL:CITY_OR_PROVINCE,68:78:SL:CITY_OR_PROVINCE",[IN:share_location [SL:CITY_OR_PROVINCE eLusikisiki] [SL:CITY_OR_PROVINCE eMatatiele] ],CITY_OR_PROVINCE: eLusikisiki $$ CITY_OR_PROVINCE: eMatatiele,xho
utility,share_location,Please show me the way to the Church of Rome.,31:47:SL:PLACE_NAME,[IN:share_location [SL:PLACE_NAME eCaweni yaseRoma] ],PLACE_NAME: eCaweni yaseRoma,xho
utility,share_location,Can you direct me to Steers' house?,33:42:SL:RESTAURANT_NAME,[IN:share_location [SL:RESTAURANT_NAME kwaSteers] ],RESTAURANT_NAME: kwaSteers,xho
utility,share_location,Please show me the way to Jane's.,31:38:SL:PERSONAL_NAME,[IN:share_location [SL:PERSONAL_NAME kwaJane] ],PERSONAL_NAME: kwaJane,xho
utility,share_location,How do I get Rihanna to give me directions to my lawyers?,15:23:SL:PERSONAL_NAME,[IN:share_location [SL:PERSONAL_NAME uRihanna] ],PERSONAL_NAME: uRihanna,xho
utility,share_location,Please direct me to my lawyers.,,[IN:share_location ],,xho
utility,share_location,Could you tell me the way to the hospital?,,[IN:share_location ],,xho
utility,share_location,And can you direct me to the way of the fortresses of Shecal?,35:59:SL:PLACE_NAME,[IN:share_location [SL:PLACE_NAME emagqwetheni akwaSakhela] ],PLACE_NAME: emagqwetheni akwaSakhela,xho
utility,share_location,Could you direct me to Mandela's hospital?,35:58:SL:PLACE_NAME,[IN:share_location [SL:PLACE_NAME esibhedlele saseMandela] ],PLACE_NAME: esibhedlele saseMandela,xho
utility,share_location,Please direct me to the Mandela hospital from the Legalwise lawyers.,"29:52:SL:PLACE_NAME,61:87:SL:PLACE_NAME",[IN:share_location [SL:PLACE_NAME esibhedlele saseMandela] [SL:PLACE_NAME emagqwetheni akwaLegalwise] ],PLACE_NAME: esibhedlele saseMandela $$ PLACE_NAME: emagqwetheni akwaLegalwise,xho
utility,share_location,"Tell me, what is the distance between the Sun and the Moon?","34:44:SL:CITY_OR_PROVINCE,45:55:SL:CITY_OR_PROVINCE",[IN:share_location [SL:CITY_OR_PROVINCE kweMthatha] [SL:CITY_OR_PROVINCE neMqanduli] ],CITY_OR_PROVINCE: kweMthatha $$ CITY_OR_PROVINCE: neMqanduli,xho
utility,share_location,Please let Jack and Jill know where I am.,"15:20:SL:PERSONAL_NAME,21:27:SL:PERSONAL_NAME",[IN:share_location [SL:PERSONAL_NAME uJack] [SL:PERSONAL_NAME noJill] ],PERSONAL_NAME: uJack $$ PERSONAL_NAME: noJill,xho
utility,share_location,Can you let Jack and Jill know where I am?,"19:24:SL:PERSONAL_NAME,25:31:SL:PERSONAL_NAME",[IN:share_location [SL:PERSONAL_NAME uJack] [SL:PERSONAL_NAME noJill] ],PERSONAL_NAME: uJack $$ PERSONAL_NAME: noJill,xho
utility,share_location,Please give me the details of the way to Monti from Mthatha.,"42:48:SL:CITY_OR_PROVINCE,55:63:SL:CITY_OR_PROVINCE",[IN:share_location [SL:CITY_OR_PROVINCE eMonti] [SL:CITY_OR_PROVINCE eMthatha] ],CITY_OR_PROVINCE: eMonti $$ CITY_OR_PROVINCE: eMthatha,xho
utility,share_location,Show me the way to Qonce.,24:30:SL:CITY_OR_PROVINCE,[IN:share_location [SL:CITY_OR_PROVINCE eQonce] ],CITY_OR_PROVINCE: eQonce,xho
utility,share_location,Show me the way to Monti.,24:30:SL:CITY_OR_PROVINCE,[IN:share_location [SL:CITY_OR_PROVINCE eMonti] ],CITY_OR_PROVINCE: eMonti,xho
utility,share_location,Please show me the way to the sea.,,[IN:share_location ],,xho
utility,share_location,Please help me find the way to Pretoria.,37:44:SL:CITY_OR_PROVINCE,[IN:share_location [SL:CITY_OR_PROVINCE ePitoli] ],CITY_OR_PROVINCE: ePitoli,xho
utility,share_location,Could you direct me to Pretoria?,36:43:SL:CITY_OR_PROVINCE,[IN:share_location [SL:CITY_OR_PROVINCE ePitoli] ],CITY_OR_PROVINCE: ePitoli,xho
utility,share_location,Could you show Jane the way to Johannesburg from Park station?,"16:21:SL:PERSONAL_NAME,34:53:SL:PLACE_NAME",[IN:share_location [SL:PERSONAL_NAME uJane] [SL:PLACE_NAME eGoli ePark station] ],PERSONAL_NAME: uJane $$ PLACE_NAME: eGoli ePark station,xho
utility,share_location,Could you show me the way to Shelly's beach?,42:52:SL:PLACE_NAME,[IN:share_location [SL:PLACE_NAME laseShelly] ],PLACE_NAME: laseShelly,xho
utility,share_location,Please tell Kate where O.R. Tambo Hall is.,"14:19:SL:PERSONAL_NAME,31:46:SL:PLACE_NAME",[IN:share_location [SL:PERSONAL_NAME uKate] [SL:PLACE_NAME iO.R Tambo Hall] ],PERSONAL_NAME: uKate $$ PLACE_NAME: iO.R Tambo Hall,xho
utility,share_location,Please show Ira the way to the Fourways at my house.,"14:18:SL:PERSONAL_NAME,31:40:SL:PLACE_NAME",[IN:share_location [SL:PERSONAL_NAME uIra] [SL:PLACE_NAME eFourways] ],PERSONAL_NAME: uIra $$ PLACE_NAME: eFourways,xho
utility,share_location,Please show me the way to Midrand,31:39:SL:CITY_OR_PROVINCE,[IN:share_location [SL:CITY_OR_PROVINCE eMidrand] ],CITY_OR_PROVINCE: eMidrand,xho
utility,share_location,Could you direct me to Midrand?,35:43:SL:CITY_OR_PROVINCE,[IN:share_location [SL:CITY_OR_PROVINCE eMidrand] ],CITY_OR_PROVINCE: eMidrand,xho
utility,share_location,Please show me where Crawford School is in Pretoria.,"42:51:SL:PLACE_NAME,52:59:SL:CITY_OR_PROVINCE",[IN:share_location [SL:PLACE_NAME iCrawford] [SL:CITY_OR_PROVINCE ePitoli] ],PLACE_NAME: iCrawford $$ CITY_OR_PROVINCE: ePitoli,xho
utility,share_location,Where is the nearest school if you are in Johannesburg?,48:53:SL:CITY_OR_PROVINCE,[IN:share_location [SL:CITY_OR_PROVINCE eGoli] ],CITY_OR_PROVINCE: eGoli,xho
utility,share_location,Show me the way from the hospital to Butterworth High School.,51:71:SL:PLACE_NAME,[IN:share_location [SL:PLACE_NAME saseButterworth High] ],PLACE_NAME: saseButterworth High,xho
utility,share_location,Could you direct me from Fort Hare to Life Beacon Bay?,"37:47:SL:PLACE_NAME,52:68:SL:PLACE_NAME",[IN:share_location [SL:PLACE_NAME eFort Hare] [SL:PLACE_NAME eLife Beacon Bay] ],PLACE_NAME: eFort Hare $$ PLACE_NAME: eLife Beacon Bay,xho
utility,share_location,Could you show me the way from my aunt in Scenery Park to my uncle in Mdantsane?,"45:58:SL:PLACE_NAME,73:83:SL:CITY_OR_PROVINCE",[IN:share_location [SL:PLACE_NAME eScenery Park] [SL:CITY_OR_PROVINCE eMdantsane] ],PLACE_NAME: eScenery Park $$ CITY_OR_PROVINCE: eMdantsane,xho
utility,share_location,Please show me the way from my aunt in Scenery Park to my uncle in Mdantsane.,"44:57:SL:PLACE_NAME,72:82:SL:CITY_OR_PROVINCE",[IN:share_location [SL:PLACE_NAME eScenery Park] [SL:CITY_OR_PROVINCE eMdantsane] ],PLACE_NAME: eScenery Park $$ CITY_OR_PROVINCE: eMdantsane,xho
utility,share_location,Please show me the way to my cousin Centane from my home in Mthatha.,"31:40:SL:CITY_OR_PROVINCE,63:71:SL:CITY_OR_PROVINCE",[IN:share_location [SL:CITY_OR_PROVINCE kuCentane] [SL:CITY_OR_PROVINCE eMthatha] ],CITY_OR_PROVINCE: kuCentane $$ CITY_OR_PROVINCE: eMthatha,xho
utility,share_location,Show me how to use the geocoder on the phone.,,[IN:share_location ],,xho
utility,share_location,"Tell Jane where I live, and come on down to Quonce.","7:12:SL:PERSONAL_NAME,57:63:SL:PLACE_NAME",[IN:share_location [SL:PERSONAL_NAME uJane] [SL:PLACE_NAME eQonce] ],PERSONAL_NAME: uJane $$ PLACE_NAME: eQonce,xho
utility,share_location,Could you tell my boss how I got here?,,[IN:share_location ],,xho
utility,share_location,Please direct Harriet to the Methodist church.,"16:24:SL:PERSONAL_NAME,37:55:SL:PLACE_NAME",[IN:share_location [SL:PERSONAL_NAME uHarriet] [SL:PLACE_NAME ecaweni yaseWesile] ],PERSONAL_NAME: uHarriet $$ PLACE_NAME: ecaweni yaseWesile,xho
utility,share_location,Please give Harry the directions to Legalwise in Makhanda.,"12:18:SL:PERSONAL_NAME,57:66:SL:CITY_OR_PROVINCE",[IN:share_location [SL:PERSONAL_NAME uHarry] [SL:CITY_OR_PROVINCE eMakhanda] ],PERSONAL_NAME: uHarry $$ CITY_OR_PROVINCE: eMakhanda,xho
utility,share_location,Please show me the way to KFC.,31:37:SL:RESTAURANT_NAME,[IN:share_location [SL:RESTAURANT_NAME kwaKFC] ],RESTAURANT_NAME: kwaKFC,xho
utility,share_location,Could you direct me to KFC?,35:41:SL:RESTAURANT_NAME,[IN:share_location [SL:RESTAURANT_NAME kwaKFC] ],RESTAURANT_NAME: kwaKFC,xho
utility,share_location,Can you give us directions to Johannesburg?,31:36:SL:CITY_OR_PROVINCE,[IN:share_location [SL:CITY_OR_PROVINCE eGoli] ],CITY_OR_PROVINCE: eGoli,xho
utility,share_location,Please give John a way to come to Dubai.,"14:19:SL:PERSONAL_NAME,35:41:SL:CITY_OR_PROVINCE",[IN:share_location [SL:PERSONAL_NAME uJohn] [SL:CITY_OR_PROVINCE eDubai] ],PERSONAL_NAME: uJohn $$ CITY_OR_PROVINCE: eDubai,xho
utility,share_location,Give Jane the address of the courthouse.,5:10:SL:PERSONAL_NAME,[IN:share_location [SL:PERSONAL_NAME uJane] ],PERSONAL_NAME: uJane,xho
utility,share_location,Please show me the way from the police station to the hospital in Frere.,51:69:SL:PLACE_NAME,[IN:share_location [SL:PLACE_NAME esibhedlele eFrere] ],PLACE_NAME: esibhedlele eFrere,xho
utility,share_location,Please show me the way to Selborne from the Gonubie police station.,"29:38:SL:PLACE_NAME,45:67:SL:PLACE_NAME",[IN:share_location [SL:PLACE_NAME eSelborne] [SL:PLACE_NAME emapoliseni aseGonubie] ],PLACE_NAME: eSelborne $$ PLACE_NAME: emapoliseni aseGonubie,xho
utility,share_location,Could you direct me to the Selborne school from the Gonubie police station?,"35:58:SL:PLACE_NAME,67:89:SL:PLACE_NAME",[IN:share_location [SL:PLACE_NAME esikolweni saseSelborne] [SL:PLACE_NAME emapoliseni aseGonubie] ],PLACE_NAME: esikolweni saseSelborne $$ PLACE_NAME: emapoliseni aseGonubie,xho
utility,share_location,Can you show me the way from the Ngangezesi police station to the Plaza?,"52:66:SL:PLACE_NAME,73:79:SL:PLACE_NAME",[IN:share_location [SL:PLACE_NAME aseNgangelizwe] [SL:PLACE_NAME ePlaza] ],PLACE_NAME: aseNgangelizwe $$ PLACE_NAME: ePlaza,xho
utility,share_location,Please tell Eve where I am.,16:20:SL:PERSONAL_NAME,[IN:share_location [SL:PERSONAL_NAME uEve] ],PERSONAL_NAME: uEve,xho
utility,share_location,Could you tell my employer where I am?,,[IN:share_location ],,xho
utility,share_location,How can I give James and Kate the details of the BnB they will be staying in in Nciba.,"18:24:SL:PERSONAL_NAME,25:31:SL:PERSONAL_NAME,65:71:SL:PLACE_NAME",[IN:share_location [SL:PERSONAL_NAME uJames] [SL:PERSONAL_NAME noKate] [SL:PLACE_NAME eNciba] ],PERSONAL_NAME: uJames $$ PERSONAL_NAME: noKate $$ PLACE_NAME: eNciba,xho
utility,share_location,Could you direct the president to my location?,,[IN:share_location ],,xho
utility,text,What is the difference between texting and e-mail?,,[IN:text ],,xho
utility,text,Please text Sam not to close the gate until I get there.,17:21:SL:PERSONAL_NAME,[IN:text [SL:PERSONAL_NAME uSam] ],PERSONAL_NAME: uSam,xho
utility,text,Who taught you to text?,,[IN:text ],,xho
utility,text,Who here knows how to text?,,[IN:text ],,xho
utility,text,Please write a message to the mother of the child yourself.,,[IN:text ],,xho
utility,text,Write a message to Sammy asking her to cook.,8:13:SL:PERSONAL_NAME,[IN:text [SL:PERSONAL_NAME uSamy] ],PERSONAL_NAME: uSamy,xho
utility,text,Why not suggest some tactful ways to write a message?,,[IN:text ],,xho
utility,text,Can you suggest ways to write a respectful message?,,[IN:text ],,xho
utility,text,Teach parents how to respond to a text message.,,[IN:text ],,xho
utility,text,Can you teach parents how to respond to school text messages?,,[IN:text ],,xho
utility,text,Teach your parents to write a meaningful message.,,[IN:text ],,xho
utility,text,"Please write to us, e-mail us the list of items needed for the trip.",,[IN:text ],,xho
utility,text,Could the guide write a message detailing the items we need for the trip?,,[IN:text ],,xho
utility,text,Would you mind if I texted you sometime?,36:44:SL:TIME,[IN:text [SL:TIME emalanga] ],TIME: emalanga,xho
utility,text,I'll write you a message every day,28:36:SL:TIME,[IN:text [SL:TIME emalanga] ],TIME: emalanga,xho
utility,text,Text parents inviting their children to your child's birthday party,,[IN:text ],,xho
utility,text,Can you send a message to my mother to assure her that I am with you?,,[IN:text ],,xho
utility,text,Please send my mother a message to assure her that I am with you.,,[IN:text ],,xho
utility,text,Please send my husband a message to announce our marriage.,48:64:SL:CALENDAR_EVENT,[IN:text [SL:CALENDAR_EVENT ngomtshato wethu] ],CALENDAR_EVENT: ngomtshato wethu,xho
utility,text,Can you send my husband a message about our wedding?,,[IN:text ],,xho
utility,text,Please send a message to my contacts thanking them for their kindness.,,[IN:text ],,xho
utility,text,Could you write a thank-you note to people for their help?,,[IN:text ],,xho
utility,text,I want to send a thank-you note to my aunt.,,[IN:text ],,xho
utility,text,Can I send a thank-you note to my aunt instead of a note to my aunt?,,[IN:text ],,xho
utility,text,Please teach me to text.,,[IN:text ],,xho
utility,text,Can you teach me to text?,,[IN:text ],,xho
utility,text,Please write to the instructor for the time of the lesson.,,[IN:text ],,xho
utility,text,Could you write to the instructor to inform him of your lessons?,,[IN:text ],,xho
utility,text,Write a message to your teacher.,,[IN:text ],,xho
utility,text,Please help me write a message to the priest.,,[IN:text ],,xho
utility,text,Can you text my kids that I'll be home by 5:00?,66:70:SL:TIME,[IN:text [SL:TIME ngo5] ],TIME: ngo5,xho
utility,text,The teacher asks you to text her children to let them know that she will be home by 5.,74:78:SL:TIME,[IN:text [SL:TIME ngo5] ],TIME: ngo5,xho
utility,text,Please write to the priest to inform him of the funeral on Saturday.,46:59:SL:DATE,[IN:text [SL:DATE sangoMgqibelo] ],DATE: sangoMgqibelo,xho
utility,text,Could you write a sympathy note to the priest?,,[IN:text ],,xho
utility,text,Please write a sympathy note to the priest.,,[IN:text ],,xho
utility,text,Write a detailed message to the class about the class on Monday.,50:60:SL:DATE,[IN:text [SL:DATE yangoMvulo] ],DATE: yangoMvulo,xho
utility,text,Could you write a message to the class describing the class on Monday?,54:64:SL:DATE,[IN:text [SL:DATE yangoMvulo] ],DATE: yangoMvulo,xho
utility,text,Please write a message to my mother from me.,,[IN:text ],,xho
utility,text,Can you send a message to my mother?,,[IN:text ],,xho
utility,text,"Please, I want to write to my sister.",,[IN:text ],,xho
utility,text,Can you help me write a letter to my sister?,,[IN:text ],,xho
utility,text,Send this message to your father by text.,,[IN:text ],,xho
utility,text,Do you know how to text?,,[IN:text ],,xho
utility,text,Please send a message to someone,,[IN:text ],,xho
utility,text,Text your mom and tell her you'll pick her up tomorrow.,45:51:SL:DATE,[IN:text [SL:DATE ngomso] ],DATE: ngomso,xho
utility,text,Can you text Mom to tell her you're taking her tomorrow?,64:70:SL:DATE,[IN:text [SL:DATE ngomso] ],DATE: ngomso,xho
utility,text,Tell the students to stay off the phone and write a message.,,[IN:text ],,xho
utility,text,Could you tell your classmates not to use their phone or text?,,[IN:text ],,xho
utility,text,Please tell the students to write a message of their application.,,[IN:text ],,xho
utility,text,Can students write a message of their application?,,[IN:text ],,xho
utility,text,Please write a message to my doctor,,[IN:text ],,xho
utility,text,Could you write a message to my doctor?,,[IN:text ],,xho
utility,text,"You text me, I answer your phone.",,[IN:text ],,xho
utility,text,Can you write me a message of what you say?,,[IN:text ],,xho
utility,text,Please write me a message with the names of these items I need to buy,,[IN:text ],,xho
utility,text,Can you send me a message with what I need to buy?,,[IN:text ],,xho
utility,text,Please write to the members of the church about their blessings.,,[IN:text ],,xho
utility,text,Could you write a message to your church members about their blessings?,,[IN:text ],,xho
utility,text,Please write this message down.,,[IN:text ],,xho
utility,text,Please write a message to the doctors to inform them of complaints about their treatment.,,[IN:text ],,xho
utility,text,Could you write to doctors to complain about their treatment?,,[IN:text ],,xho
utility,text,Write the message carefully before sending it.,,[IN:text ],,xho
utility,text,Can you write the message correctly?,,[IN:text ],,xho
utility,text,Take out your phones and text them.,,[IN:text ],,xho
utility,text,Write a message to the magistrate that I will come tomorrow.,43:49:SL:DATE,[IN:text [SL:DATE ngomso] ],DATE: ngomso,xho
utility,text,Please write a message to the magistrate to inform him of my absence.,,[IN:text ],,xho
utility,text,Could you write a message to the magistrate to let him know that I'm not coming?,,[IN:text ],,xho
utility,text,My lawyer asks you to write a message to tell him where we are.,,[IN:text ],,xho
utility,text,Can these people please write a message to my lawyer with their complaints?,,[IN:text ],,xho
utility,text,Write down what you say to me in a message and send it to your mother.,,[IN:text ],,xho
utility,text,Could you write a note to your mother?,,[IN:text ],,xho
utility,text,Write a note to Sheryl to say that you will not finish your work on time.,8:15:SL:PERSONAL_NAME,[IN:text [SL:PERSONAL_NAME uSheryl] ],PERSONAL_NAME: uSheryl,xho
utility,text,Can you write a note to Sheryl to say that you will not finish the work on time?,23:30:SL:PERSONAL_NAME,[IN:text [SL:PERSONAL_NAME uSheryl] ],PERSONAL_NAME: uSheryl,xho
utility,text,Write a message to your father.,,[IN:text ],,xho
utility,text,Have you finished texting Joe?,22:26:SL:PERSONAL_NAME,[IN:text [SL:PERSONAL_NAME uJoe] ],PERSONAL_NAME: uJoe,xho
utility,text,WHEN will you decide what to write on your e-mail?,,[IN:text ],,xho
utility,text,Where would you go if I didn't text you?,,[IN:text ],,xho
utility,text,How is the message to the parents written?,,[IN:text ],,xho
utility,text,Please write a message to the parents.,,[IN:text ],,xho
utility,text,How do I write a message to my parents? ,,[IN:text ],,xho
utility,time,What time is it now in Zimbabwe?,21:30:SL:COUNTRY,[IN:time [SL:COUNTRY eZimbabwe] ],COUNTRY: eZimbabwe,xho
utility,time,Please tell me what time it is now in Japan.,46:52:SL:COUNTRY,[IN:time [SL:COUNTRY eJapan] ],COUNTRY: eJapan,xho
utility,time,What time is it in Nigeria right now?,21:29:SL:COUNTRY,[IN:time [SL:COUNTRY eNigeria] ],COUNTRY: eNigeria,xho
utility,time,Is it still sunny in America?,21:28:SL:COUNTRY,[IN:time [SL:COUNTRY eMelika] ],COUNTRY: eMelika,xho
utility,time,It is already 9 o'clock in the evening in Nigeria.,"14:25:SL:TIME,26:34:SL:COUNTRY",[IN:time [SL:TIME u-9 ebusiku] [SL:COUNTRY eNigeria] ],TIME: u-9 ebusiku $$ COUNTRY: eNigeria,xho
utility,time,Please tell me the current time in Malawi.,32:46:SL:COUNTRY,[IN:time [SL:COUNTRY ngokwaseMalawi] ],COUNTRY: ngokwaseMalawi,xho
utility,time,What time is it now in Bali?,41:46:SL:COUNTRY,[IN:time [SL:COUNTRY eBali] ],COUNTRY: eBali,xho
utility,time,"Can you tell me the time in Thailand, please?",26:38:SL:COUNTRY,[IN:time [SL:COUNTRY laseThailand] ],COUNTRY: laseThailand,xho
utility,time,What time is it in Morocco?,15:23:SL:COUNTRY,[IN:time [SL:COUNTRY eMorocco] ],COUNTRY: eMorocco,xho
utility,time,What time is it in Burundi?,15:23:SL:COUNTRY,[IN:time [SL:COUNTRY eBurundi] ],COUNTRY: eBurundi,xho
utility,time,What time is it in Tunisia?,15:23:SL:COUNTRY,[IN:time [SL:COUNTRY eTunisia] ],COUNTRY: eTunisia,xho
utility,time,What time is it in India?,15:21:SL:COUNTRY,[IN:time [SL:COUNTRY eIndia] ],COUNTRY: eIndia,xho
utility,time,What is the time in Swaziland?,15:23:SL:COUNTRY,[IN:time [SL:COUNTRY eSwatini] ],COUNTRY: eSwatini,xho
utility,time,Please tell me what time it is in Zambia.,40:47:SL:COUNTRY,[IN:time [SL:COUNTRY eZambia] ],COUNTRY: eZambia,xho
utility,time,Can you tell me what time it is in Atlanta?,35:43:SL:CITY_OR_PROVINCE,[IN:time [SL:CITY_OR_PROVINCE eAtlanta] ],CITY_OR_PROVINCE: eAtlanta,xho
utility,time,What time is it in Namibia?,15:23:SL:COUNTRY,[IN:time [SL:COUNTRY eNamibia] ],COUNTRY: eNamibia,xho
utility,time,What time is it now in Harare.,21:28:SL:CITY_OR_PROVINCE,[IN:time [SL:CITY_OR_PROVINCE eHarare] ],CITY_OR_PROVINCE: eHarare,xho
utility,time,What time is it now in Lagos.,21:27:SL:CITY_OR_PROVINCE,[IN:time [SL:CITY_OR_PROVINCE eLagos] ],CITY_OR_PROVINCE: eLagos,xho
utility,time,What time is it now in India?,21:27:SL:COUNTRY,[IN:time [SL:COUNTRY eIndia] ],COUNTRY: eIndia,xho
utility,time,Who's time is it now in Pei?,21:27:SL:CITY_OR_PROVINCE,[IN:time [SL:CITY_OR_PROVINCE eBhayi] ],CITY_OR_PROVINCE: eBhayi,xho
utility,time,What time is it in South Africa?,15:30:SL:COUNTRY,[IN:time [SL:COUNTRY eMzantsi Afrika] ],COUNTRY: eMzantsi Afrika,xho
utility,time,The weather in Ghana is terrible.,15:21:SL:COUNTRY,[IN:time [SL:COUNTRY eGhana] ],COUNTRY: eGhana,xho
utility,time,How long does it take for a garment to dry?,,[IN:time ],,xho
utility,time,Please give me a time.,,[IN:time ],,xho
utility,time,I have to leave at what time if I want to get to work on time.,,[IN:time ],,xho
utility,time,Have you ever had a ten-stroke?,30:33:SL:TIME,[IN:time [SL:TIME u10] ],TIME: u10,xho
utility,time,What time would it be in London now?,23:30:SL:CITY_OR_PROVINCE,[IN:time [SL:CITY_OR_PROVINCE eLondon] ],CITY_OR_PROVINCE: eLondon,xho
utility,time,What time zone is used in London?,37:44:SL:CITY_OR_PROVINCE,[IN:time [SL:CITY_OR_PROVINCE eLondon] ],CITY_OR_PROVINCE: eLondon,xho
utility,time,Who is the current sheikh of Ghana.,21:27:SL:COUNTRY,[IN:time [SL:COUNTRY eGhana] ],COUNTRY: eGhana,xho
utility,time,Who is the current sheikh in Malawi.,21:28:SL:COUNTRY,[IN:time [SL:COUNTRY eMalawi] ],COUNTRY: eMalawi,xho
utility,time,Who is the current sheikh in Nigeria.,21:29:SL:COUNTRY,[IN:time [SL:COUNTRY eNigeria] ],COUNTRY: eNigeria,xho
utility,time,Who is the current sheikh of Burundi.,21:29:SL:COUNTRY,[IN:time [SL:COUNTRY eBurundi] ],COUNTRY: eBurundi,xho
utility,time,Who is the current sheikh of Botswana.,21:30:SL:COUNTRY,[IN:time [SL:COUNTRY eBotswana] ],COUNTRY: eBotswana,xho
utility,time,Who is the current sheikh of Zambia.,21:28:SL:COUNTRY,[IN:time [SL:COUNTRY eZambia] ],COUNTRY: eZambia,xho
utility,time,Who is the current sheikh in China.,21:27:SL:COUNTRY,[IN:time [SL:COUNTRY eChina] ],COUNTRY: eChina,xho
utility,time,Who is the current sheikh of Japan.,21:27:SL:COUNTRY,[IN:time [SL:COUNTRY eJapan] ],COUNTRY: eJapan,xho
utility,time,Who is the current sheikh of Mali.,21:26:SL:COUNTRY,[IN:time [SL:COUNTRY eMali] ],COUNTRY: eMali,xho
utility,time,What does the time say now?,,[IN:time ],,xho
utility,time,What is the correct time on this phone?,,[IN:time ],,xho
utility,time,What time do you arrive at the church?,,[IN:time ],,xho
utility,time,When exactly is the time to attend the reception?,,[IN:time ],,xho
utility,time,What time is it in South Africa?,26:41:SL:COUNTRY,[IN:time [SL:COUNTRY eMzantsi Africa] ],COUNTRY: eMzantsi Africa,xho
utility,time,How long does it take to reach Mtatta?,37:43:SL:CITY_OR_PROVINCE,[IN:time [SL:CITY_OR_PROVINCE eMtata] ],CITY_OR_PROVINCE: eMtata,xho
utility,time,How many hours is it from Pretoria to Bloemfontein?,"26:33:SL:CITY_OR_PROVINCE,40:53:SL:CITY_OR_PROVINCE",[IN:time [SL:CITY_OR_PROVINCE ePitoli] [SL:CITY_OR_PROVINCE eBloemfontein] ],CITY_OR_PROVINCE: ePitoli $$ CITY_OR_PROVINCE: eBloemfontein,xho
utility,time,How many minutes did ten strike?,26:29:SL:NUMBER,[IN:time [SL:NUMBER u10] ],NUMBER: u10,xho
utility,time,What is time in Ghana?,0:13:SL:COUNTRY,[IN:time [SL:COUNTRY NgokwaseGhana] ],COUNTRY: NgokwaseGhana,xho
utility,time,What is the school curfew?,,[IN:time ],,xho
utility,time,When is the best time to visit Monti?,43:49:SL:CITY_OR_PROVINCE,[IN:time [SL:CITY_OR_PROVINCE eMonti] ],CITY_OR_PROVINCE: eMonti,xho
utility,time,What time is it in China?,21:27:SL:COUNTRY,[IN:time [SL:COUNTRY eChina] ],COUNTRY: eChina,xho
utility,time,What time is it in England?,15:30:SL:COUNTRY,[IN:time [SL:COUNTRY ngokwaseNgilani] ],COUNTRY: ngokwaseNgilani,xho
utility,time,Who's west is time?,,[IN:time ],,xho
utility,time,What time is it in Japan now?,0:9:SL:COUNTRY,[IN:time [SL:COUNTRY NgaseJapa] ],COUNTRY: NgaseJapa,xho
utility,time,"Compared to my time, who could be America?",44:55:SL:COUNTRY,[IN:time [SL:COUNTRY elaseMelika] ],COUNTRY: elaseMelika,xho
utility,time,Do you have time?,,[IN:time ],,xho
utility,time,What is the future?,,[IN:time ],,xho
utility,time,Who is now the time in America.,21:28:SL:COUNTRY,[IN:time [SL:COUNTRY eMelika] ],COUNTRY: eMelika,xho
utility,time,What time is it now in the Mlazi?,21:27:SL:PLACE_NAME,[IN:time [SL:PLACE_NAME eMlazi] ],PLACE_NAME: eMlazi,xho
utility,time,What time is it now in Las Vegas?,21:31:SL:CITY_OR_PROVINCE,[IN:time [SL:CITY_OR_PROVINCE eLas Vegas] ],CITY_OR_PROVINCE: eLas Vegas,xho
utility,time,What time is it now in New Delhi?,21:30:SL:CITY_OR_PROVINCE,[IN:time [SL:CITY_OR_PROVINCE eNew Deli] ],CITY_OR_PROVINCE: eNew Deli,xho
utility,time,What time is it now in Canada?,21:28:SL:COUNTRY,[IN:time [SL:COUNTRY eCanada] ],COUNTRY: eCanada,xho
utility,time,"Now, what time is it in Nigeria?",22:30:SL:COUNTRY,[IN:time [SL:COUNTRY eNigeria] ],COUNTRY: eNigeria,xho
utility,time,"At this moment, what time is it in Zambia?",31:38:SL:COUNTRY,[IN:time [SL:COUNTRY eZambia] ],COUNTRY: eZambia,xho
utility,time,Please let me know the time in Malawi.,21:31:SL:COUNTRY,[IN:time [SL:COUNTRY laseMalawi] ],COUNTRY: laseMalawi,xho
utility,time,What time is it in Mali?,21:26:SL:COUNTRY,[IN:time [SL:COUNTRY eMali] ],COUNTRY: eMali,xho
utility,time,Do you know what time is?,,[IN:time ],,xho
utility,time,What time is it now in Italy?,21:27:SL:COUNTRY,[IN:time [SL:COUNTRY eItaly] ],COUNTRY: eItaly,xho
utility,time,What time is it now in Morocco?,21:29:SL:COUNTRY,[IN:time [SL:COUNTRY eMorocco] ],COUNTRY: eMorocco,xho
utility,time,What time is it now in Atlanta.,21:29:SL:CITY_OR_PROVINCE,[IN:time [SL:CITY_OR_PROVINCE eAtlanta] ],CITY_OR_PROVINCE: eAtlanta,xho
utility,time,What time is it in New York now?,21:29:SL:CITY_OR_PROVINCE,[IN:time [SL:CITY_OR_PROVINCE eNewYork] ],CITY_OR_PROVINCE: eNewYork,xho
utility,time,What time is it now in Brazil?,21:28:SL:COUNTRY,[IN:time [SL:COUNTRY eBrazil] ],COUNTRY: eBrazil,xho
utility,time,What about England in the Middle Ages?,20:31:SL:COUNTRY,[IN:time [SL:COUNTRY laseNgilani] ],COUNTRY: laseNgilani,xho
utility,time,In Botswana who is the time?,0:9:SL:COUNTRY,[IN:time [SL:COUNTRY EBotswana] ],COUNTRY: EBotswana,xho
utility,time,What is the time in Lesotho?,15:23:SL:COUNTRY,[IN:time [SL:COUNTRY eLesotho] ],COUNTRY: eLesotho,xho
utility,time,What time is it in Uganda now?,15:22:SL:COUNTRY,[IN:time [SL:COUNTRY eUganda] ],COUNTRY: eUganda,xho
utility,time,What time is it now in Sudan?,20:26:SL:COUNTRY,[IN:time [SL:COUNTRY eSudan] ],COUNTRY: eSudan,xho
utility,time,What time is it in Zimbabwe?,15:24:SL:COUNTRY,[IN:time [SL:COUNTRY eZimbabwe] ],COUNTRY: eZimbabwe,xho
utility,time,What time is it in Cape Town?,15:20:SL:CITY_OR_PROVINCE,[IN:time [SL:CITY_OR_PROVINCE eKapa] ],CITY_OR_PROVINCE: eKapa,xho
utility,time,What time is it in Nepal?,36:42:SL:COUNTRY,[IN:time [SL:COUNTRY eNapal] ],COUNTRY: eNapal,xho
utility,time,What time is it in the afternoon in America?,24:31:SL:COUNTRY,[IN:time [SL:COUNTRY eMelika] ],COUNTRY: eMelika,xho
utility,time,What time is it in China?,40:46:SL:COUNTRY,[IN:time [SL:COUNTRY eChina] ],COUNTRY: eChina,xho
utility,weather,Show me what the weather is like in Mt.,31:39:SL:CITY_OR_PROVINCE,[IN:weather [SL:CITY_OR_PROVINCE eMthatha] ],CITY_OR_PROVINCE: eMthatha,xho
utility,weather,Show me what the weather is like in Bei.,31:37:SL:CITY_OR_PROVINCE,[IN:weather [SL:CITY_OR_PROVINCE eBhayi] ],CITY_OR_PROVINCE: eBhayi,xho
utility,weather,Show me what the weather is like in Cape Town.,31:36:SL:CITY_OR_PROVINCE,[IN:weather [SL:CITY_OR_PROVINCE eKapa] ],CITY_OR_PROVINCE: eKapa,xho
utility,weather,Show me what the weather is like in Qonce.,31:37:SL:CITY_OR_PROVINCE,[IN:weather [SL:CITY_OR_PROVINCE eQonce] ],CITY_OR_PROVINCE: eQonce,xho
utility,weather,Show me what the weather is like in Ngqushwa.,31:40:SL:CITY_OR_PROVINCE,[IN:weather [SL:CITY_OR_PROVINCE eNgqushwa] ],CITY_OR_PROVINCE: eNgqushwa,xho
utility,weather,Show me what the weather is like in Tshwane.,31:39:SL:CITY_OR_PROVINCE,[IN:weather [SL:CITY_OR_PROVINCE eTshwane] ],CITY_OR_PROVINCE: eTshwane,xho
utility,weather,Show me what the weather is like in Makhanda. ,31:40:SL:CITY_OR_PROVINCE,[IN:weather [SL:CITY_OR_PROVINCE eMakhanda] ],CITY_OR_PROVINCE: eMakhanda,xho
utility,weather,Show me what the weather is like in Dutywa. ,31:38:SL:CITY_OR_PROVINCE,[IN:weather [SL:CITY_OR_PROVINCE eDutywa] ],CITY_OR_PROVINCE: eDutywa,xho
utility,weather,What the weather looks like in the Cape area.,42:50:SL:CITY_OR_PROVINCE,[IN:weather [SL:CITY_OR_PROVINCE yaseKapa] ],CITY_OR_PROVINCE: yaseKapa,xho
utility,weather,What the weather looks like in the area of Mqanduli.,42:54:SL:CITY_OR_PROVINCE,[IN:weather [SL:CITY_OR_PROVINCE yaseMqanduli] ],CITY_OR_PROVINCE: yaseMqanduli,xho
utility,weather,What the weather looks like in the area of Xhopho.,42:52:SL:CITY_OR_PROVINCE,[IN:weather [SL:CITY_OR_PROVINCE yaseXhopho] ],CITY_OR_PROVINCE: yaseXhopho,xho
utility,weather,What the weather looks like in the area of Xhorha.,42:52:SL:CITY_OR_PROVINCE,[IN:weather [SL:CITY_OR_PROVINCE yaseXhorha] ],CITY_OR_PROVINCE: yaseXhorha,xho
utility,weather,What the weather looks like in the Johannesburg area.,42:55:SL:CITY_OR_PROVINCE,[IN:weather [SL:CITY_OR_PROVINCE yaseRhawutini] ],CITY_OR_PROVINCE: yaseRhawutini,xho
utility,weather,What the weather looks like in the Malahleni area.,42:55:SL:CITY_OR_PROVINCE,[IN:weather [SL:CITY_OR_PROVINCE yaseMalahleni] ],CITY_OR_PROVINCE: yaseMalahleni,xho
utility,weather,What the weather is like in Gatyana.,42:53:SL:CITY_OR_PROVINCE,[IN:weather [SL:CITY_OR_PROVINCE yakuGatyana] ],CITY_OR_PROVINCE: yakuGatyana,xho
utility,weather,What the weather looks like in the Qumbu area.,42:51:SL:CITY_OR_PROVINCE,[IN:weather [SL:CITY_OR_PROVINCE yakuQumbu] ],CITY_OR_PROVINCE: yakuQumbu,xho
utility,weather,What is the weather like in Bei?,15:21:SL:CITY_OR_PROVINCE,[IN:weather [SL:CITY_OR_PROVINCE eBhayi] ],CITY_OR_PROVINCE: eBhayi,xho
utility,weather,What is the weather like in Tinarha?,15:23:SL:CITY_OR_PROVINCE,[IN:weather [SL:CITY_OR_PROVINCE eTinarha] ],CITY_OR_PROVINCE: eTinarha,xho
utility,weather,What is the weather like in Qonce?,15:21:SL:CITY_OR_PROVINCE,[IN:weather [SL:CITY_OR_PROVINCE eQonce] ],CITY_OR_PROVINCE: eQonce,xho
utility,weather,What is the weather like in Cape Town?,15:20:SL:CITY_OR_PROVINCE,[IN:weather [SL:CITY_OR_PROVINCE eKapa] ],CITY_OR_PROVINCE: eKapa,xho
utility,weather,What is the weather in Mt.,15:23:SL:CITY_OR_PROVINCE,[IN:weather [SL:CITY_OR_PROVINCE eMthatha] ],CITY_OR_PROVINCE: eMthatha,xho
utility,weather,What is the weather like in Pretoria?,15:24:SL:CITY_OR_PROVINCE,[IN:weather [SL:CITY_OR_PROVINCE ePretoria] ],CITY_OR_PROVINCE: ePretoria,xho
utility,weather,What is the weather like in Johannesburg?,15:25:SL:CITY_OR_PROVINCE,[IN:weather [SL:CITY_OR_PROVINCE eRhawutini] ],CITY_OR_PROVINCE: eRhawutini,xho
utility,weather,What is the weather like in Polokwane?,15:25:SL:CITY_OR_PROVINCE,[IN:weather [SL:CITY_OR_PROVINCE ePolokwane] ],CITY_OR_PROVINCE: ePolokwane,xho
utility,weather,What is the weather like in Durban?,15:22:SL:CITY_OR_PROVINCE,[IN:weather [SL:CITY_OR_PROVINCE eDurban] ],CITY_OR_PROVINCE: eDurban,xho
utility,weather,What is the weather like in Koman?,15:22:SL:CITY_OR_PROVINCE,[IN:weather [SL:CITY_OR_PROVINCE eKomani] ],CITY_OR_PROVINCE: eKomani,xho
utility,weather,What is the weather like in Kanduli?,15:24:SL:CITY_OR_PROVINCE,[IN:weather [SL:CITY_OR_PROVINCE eMqanduli] ],CITY_OR_PROVINCE: eMqanduli,xho
utility,weather,What is the weather like in the Orient?,15:26:SL:CITY_OR_PROVINCE,[IN:weather [SL:CITY_OR_PROVINCE eMpumalanga] ],CITY_OR_PROVINCE: eMpumalanga,xho
utility,weather,What is the weather like in Kamhlanga?,15:26:SL:CITY_OR_PROVINCE,[IN:weather [SL:CITY_OR_PROVINCE eKwamhlanga] ],CITY_OR_PROVINCE: eKwamhlanga,xho
utility,weather,What is the weather like in Ngqushwa?,15:24:SL:CITY_OR_PROVINCE,[IN:weather [SL:CITY_OR_PROVINCE eNgqushwa] ],CITY_OR_PROVINCE: eNgqushwa,xho
utility,weather,What is the weather like in Cala.,15:20:SL:CITY_OR_PROVINCE,[IN:weather [SL:CITY_OR_PROVINCE eCala] ],CITY_OR_PROVINCE: eCala,xho
utility,weather,What is the weather like in Dutywa.,15:22:SL:CITY_OR_PROVINCE,[IN:weather [SL:CITY_OR_PROVINCE eDutywa] ],CITY_OR_PROVINCE: eDutywa,xho
utility,weather,What is the weather like in Makhanda?,15:24:SL:CITY_OR_PROVINCE,[IN:weather [SL:CITY_OR_PROVINCE eMakhanda] ],CITY_OR_PROVINCE: eMakhanda,xho
utility,weather,What is the weather like in the capital.,15:25:SL:CITY_OR_PROVINCE,[IN:weather [SL:CITY_OR_PROVINCE eMzimkhulu] ],CITY_OR_PROVINCE: eMzimkhulu,xho
utility,weather,What is the weather like in Showe?,15:21:SL:PLACE_NAME,[IN:weather [SL:PLACE_NAME eShowe] ],PLACE_NAME: eShowe,xho
utility,weather,What is the weather like in Monti?,15:21:SL:CITY_OR_PROVINCE,[IN:weather [SL:CITY_OR_PROVINCE eMonti] ],CITY_OR_PROVINCE: eMonti,xho
utility,weather,What is the weather like in Port Alfred?,15:27:SL:CITY_OR_PROVINCE,[IN:weather [SL:CITY_OR_PROVINCE ePort Alfred] ],CITY_OR_PROVINCE: ePort Alfred,xho
utility,weather,What is the weather like in Welkom?,15:22:SL:CITY_OR_PROVINCE,[IN:weather [SL:CITY_OR_PROVINCE eWelkom] ],CITY_OR_PROVINCE: eWelkom,xho
utility,weather,What is the weather like in Malahleni?,15:25:SL:CITY_OR_PROVINCE,[IN:weather [SL:CITY_OR_PROVINCE eMalahleni] ],CITY_OR_PROVINCE: eMalahleni,xho
utility,weather,What is the weather like in the Midlands?,15:23:SL:CITY_OR_PROVINCE,[IN:weather [SL:CITY_OR_PROVINCE eMidrand] ],CITY_OR_PROVINCE: eMidrand,xho
utility,weather,What is the weather like in Thswane?,15:23:SL:CITY_OR_PROVINCE,[IN:weather [SL:CITY_OR_PROVINCE eThswane] ],CITY_OR_PROVINCE: eThswane,xho
utility,weather,What is the temperature in Pretoria. ,26:35:SL:CITY_OR_PROVINCE,[IN:weather [SL:CITY_OR_PROVINCE ePretoria] ],CITY_OR_PROVINCE: ePretoria,xho
utility,weather,What is the temperature in Johannesburg.,26:39:SL:CITY_OR_PROVINCE,[IN:weather [SL:CITY_OR_PROVINCE eJohannesburg] ],CITY_OR_PROVINCE: eJohannesburg,xho
utility,weather,What are the temperatures in Port Elizabeth.,26:41:SL:CITY_OR_PROVINCE,[IN:weather [SL:CITY_OR_PROVINCE ePort Elizabeth] ],CITY_OR_PROVINCE: ePort Elizabeth,xho
utility,weather,What are the temperatures in Port Alfred?,26:38:SL:CITY_OR_PROVINCE,[IN:weather [SL:CITY_OR_PROVINCE ePort Alfred] ],CITY_OR_PROVINCE: ePort Alfred,xho
utility,weather,What is the temperature in Tinarha?,26:34:SL:CITY_OR_PROVINCE,[IN:weather [SL:CITY_OR_PROVINCE eTinarha] ],CITY_OR_PROVINCE: eTinarha,xho
utility,weather,What are the temperatures in Cape Town.,26:36:SL:CITY_OR_PROVINCE,[IN:weather [SL:CITY_OR_PROVINCE eCape Town] ],CITY_OR_PROVINCE: eCape Town,xho
utility,weather,What are the temperatures in Peddie.,26:33:SL:CITY_OR_PROVINCE,[IN:weather [SL:CITY_OR_PROVINCE ePeddie] ],CITY_OR_PROVINCE: ePeddie,xho
utility,weather,What are the temperatures in Qonce.,26:32:SL:CITY_OR_PROVINCE,[IN:weather [SL:CITY_OR_PROVINCE eQonce] ],CITY_OR_PROVINCE: eQonce,xho
utility,weather,What are the temperatures in Mt.,26:34:SL:CITY_OR_PROVINCE,[IN:weather [SL:CITY_OR_PROVINCE eMthatha] ],CITY_OR_PROVINCE: eMthatha,xho
utility,weather,What is the temperature in the Headlands.,26:35:SL:CITY_OR_PROVINCE,[IN:weather [SL:CITY_OR_PROVINCE eMakhanda] ],CITY_OR_PROVINCE: eMakhanda,xho
utility,weather,What is the temperature in Durban?,26:33:SL:CITY_OR_PROVINCE,[IN:weather [SL:CITY_OR_PROVINCE eDurban] ],CITY_OR_PROVINCE: eDurban,xho
utility,weather,What are the temperatures in Polokwane?,26:36:SL:CITY_OR_PROVINCE,[IN:weather [SL:CITY_OR_PROVINCE ePolokwane] ],CITY_OR_PROVINCE: ePolokwane,xho
utility,weather,What is the temperature in Welkom. ,26:33:SL:CITY_OR_PROVINCE,[IN:weather [SL:CITY_OR_PROVINCE eWelkom] ],CITY_OR_PROVINCE: eWelkom,xho
utility,weather,What is the weather today?,18:27:SL:DATE,[IN:weather [SL:DATE namhlanje] ],DATE: namhlanje,xho
utility,weather,What the weather will be like tomorrow.,18:24:SL:DATE,[IN:weather [SL:DATE ngomso] ],DATE: ngomso,xho
utility,weather,What's the weather on Friday?,18:31:SL:DATE,[IN:weather [SL:DATE ngoLwesihlanu] ],DATE: ngoLwesihlanu,xho
utility,weather,What's the weather on Sunday?,18:25:SL:DATE,[IN:weather [SL:DATE ngeCawe] ],DATE: ngeCawe,xho
utility,weather,What's the weather on Tuesday?,18:30:SL:DATE,[IN:weather [SL:DATE ngoLwesibini] ],DATE: ngoLwesibini,xho
utility,weather,What's the weather on Monday?,18:26:SL:DATE,[IN:weather [SL:DATE ngoMvulo] ],DATE: ngoMvulo,xho
utility,weather,What's the weather on Thursday?,18:28:SL:DATE,[IN:weather [SL:DATE ngoLwesine] ],DATE: ngoLwesine,xho
utility,weather,What's the weather on Saturday?,18:29:SL:DATE,[IN:weather [SL:DATE ngoMgqibelo] ],DATE: ngoMgqibelo,xho
utility,weather,Is there a chance of rain today?,30:39:SL:DATE,[IN:weather [SL:DATE namhlanje] ],DATE: namhlanje,xho
utility,weather,What is the climate in Bai?,0:6:SL:CITY_OR_PROVINCE,[IN:weather [SL:CITY_OR_PROVINCE IBhayi] ],CITY_OR_PROVINCE: IBhayi,xho
utility,weather,What is the climate of Mthatha?,0:8:SL:CITY_OR_PROVINCE,[IN:weather [SL:CITY_OR_PROVINCE IMthatha] ],CITY_OR_PROVINCE: IMthatha,xho
utility,weather,What is the weather like in Concea?,0:6:SL:CITY_OR_PROVINCE,[IN:weather [SL:CITY_OR_PROVINCE IQonce] ],CITY_OR_PROVINCE: IQonce,xho
utility,weather,What is the climate of Cape Town like?,0:5:SL:CITY_OR_PROVINCE,[IN:weather [SL:CITY_OR_PROVINCE IKapa] ],CITY_OR_PROVINCE: IKapa,xho
utility,weather,What is the climate of the island?,0:8:SL:CITY_OR_PROVINCE,[IN:weather [SL:CITY_OR_PROVINCE ITshwane] ],CITY_OR_PROVINCE: ITshwane,xho
utility,weather,What can you tell me about the weather in Bei?,42:51:SL:CITY_OR_PROVINCE,[IN:weather [SL:CITY_OR_PROVINCE saseBhayi] ],CITY_OR_PROVINCE: saseBhayi,xho
utility,weather,What can you tell me about the climate of Tinarha?,42:53:SL:CITY_OR_PROVINCE,[IN:weather [SL:CITY_OR_PROVINCE saseTinarha] ],CITY_OR_PROVINCE: saseTinarha,xho
utility,weather,What can you tell me about the weather in Conce?,42:51:SL:CITY_OR_PROVINCE,[IN:weather [SL:CITY_OR_PROVINCE saseQonce] ],CITY_OR_PROVINCE: saseQonce,xho
utility,weather,What can you tell me about the weather in Makhanda?,42:54:SL:CITY_OR_PROVINCE,[IN:weather [SL:CITY_OR_PROVINCE saseMakhanda] ],CITY_OR_PROVINCE: saseMakhanda,xho
utility,weather,What can you tell me about the weather in Mathatha?,42:54:SL:CITY_OR_PROVINCE,[IN:weather [SL:CITY_OR_PROVINCE saseMathatha] ],CITY_OR_PROVINCE: saseMathatha,xho
utility,weather,What can you tell me about the weather in Durban?,42:52:SL:CITY_OR_PROVINCE,[IN:weather [SL:CITY_OR_PROVINCE saseDurban] ],CITY_OR_PROVINCE: saseDurban,xho
utility,weather,What can you tell me about the weather in Tshwane?,42:53:SL:CITY_OR_PROVINCE,[IN:weather [SL:CITY_OR_PROVINCE saseTshwane] ],CITY_OR_PROVINCE: saseTshwane,xho
utility,weather,What can you tell me about the weather in Polokwane?,42:55:SL:CITY_OR_PROVINCE,[IN:weather [SL:CITY_OR_PROVINCE sasePolokwane] ],CITY_OR_PROVINCE: sasePolokwane,xho
utility,weather,What can you tell me about the weather in the Orient?,42:56:SL:CITY_OR_PROVINCE,[IN:weather [SL:CITY_OR_PROVINCE saseMpumalanga] ],CITY_OR_PROVINCE: saseMpumalanga,xho
utility,weather,What can you tell me about the weather in Limpopo?,42:53:SL:CITY_OR_PROVINCE,[IN:weather [SL:CITY_OR_PROVINCE saseLimpopo] ],CITY_OR_PROVINCE: saseLimpopo,xho
utility,weather,What can you tell me about the weather in Ngqushwa?,42:54:SL:CITY_OR_PROVINCE,[IN:weather [SL:CITY_OR_PROVINCE saseNgqushwa] ],CITY_OR_PROVINCE: saseNgqushwa,xho
utility,weather,Show me what the weather is like.,,[IN:weather ],,xho
