domain,intent,text,spans,logical_form
travel,translate,ikuphi la engingathola khona istimela esiya eMlazi?,44:50:SL:PLACE_NAME,[IN:translate [SL:PLACE_NAME eMlazi] ]
travel,translate,istimela sihamba kumzila  ongaphansi komhlaba?,,[IN:translate ]
travel,translate,bingelela uClara ngesiTswana.,"11:16:SL:PERSONAL_NAME,22:28:SL:LANGUAGE_NAME",[IN:translate [SL:PERSONAL_NAME Clara] [SL:LANGUAGE_NAME Tswana] ]
travel,translate,isiphi isitimela esisheshayo eNingizimu Afrika?,30:46:SL:COUNTRY,[IN:translate [SL:COUNTRY Ningizimu Afrika] ]
travel,translate,uliphi ulimi olukhulunywa kakhulu eGoli?,34:39:SL:CITY_OR_PROVINCE,[IN:translate [SL:CITY_OR_PROVINCE eGoli] ]
travel,translate,umubingelela kanjani umuntu ngesiZulu?,33:37:SL:LANGUAGE_NAME,[IN:translate [SL:LANGUAGE_NAME Zulu] ]
travel,translate,kuyimalini ukuya ePitoli ngestimela uma usuka eGoli?,"17:24:SL:CITY_OR_PROVINCE,46:51:SL:CITY_OR_PROVINCE",[IN:translate [SL:CITY_OR_PROVINCE ePitoli] [SL:CITY_OR_PROVINCE eGoli] ]
travel,translate,iGautrain iyasebenza ngempelasonto?,21:34:SL:DATE,[IN:translate [SL:DATE ngempelasonto] ]
travel,translate,kukhulunywa luphi ulimi eMpumalanga?,,[IN:translate ]
travel,translate,kuvumelekile ukuhamba nezingane ezingamawele ebhanoyini eliya eKorea elisuka eNingizimu Afrika?,"62:68:SL:COUNTRY,78:94:SL:COUNTRY",[IN:translate [SL:COUNTRY eKorea] [SL:COUNTRY Ningizimu Afrika] ]
travel,translate,tshela uGogo angeke ngimvakashele kuloZibandlela ngoba ngiyasebenza.,38:48:SL:DATE,[IN:translate [SL:DATE Zibandlela] ]
travel,translate,iyimalini inkomo eyodwa eKapa?,"17:23:SL:NUMBER,24:29:SL:CITY_OR_PROVINCE",[IN:translate [SL:NUMBER eyodwa] [SL:CITY_OR_PROVINCE eKapa] ]
travel,translate,kubaluleke ngani ukubingelela abantu ohlangana nabo endleleni osikweni lakwaZulu?,76:80:SL:LANGUAGE_NAME,[IN:translate [SL:LANGUAGE_NAME Zulu] ]
travel,translate,bhalela umyalezo uvalelise kuNokuzola umtshele sokhuluma ksasa ngisaya emsebenzini.,29:37:SL:PERSONAL_NAME,[IN:translate [SL:PERSONAL_NAME Nokuzola] ]
travel,translate,iyiphi indawo edumile engavakashelwa izithandani eThekwini?,49:58:SL:CITY_OR_PROVINCE,[IN:translate [SL:CITY_OR_PROVINCE eThekwini] ]
travel,translate,ukhona umshini wokukhipha imali webhange lakwa ABSA eMlazi?,"47:51:SL:BANK_NAME,52:58:SL:PLACE_NAME",[IN:translate [SL:BANK_NAME ABSA] [SL:PLACE_NAME eMlazi] ]
travel,translate,isiphi isitolo engingathenga kusona ukudla esiseduze uma ngivakashele kwihotela iRadisson Blu eMhlanga?,"81:93:SL:HOTEL_NAME,94:102:SL:PLACE_NAME",[IN:translate [SL:HOTEL_NAME Radisson Blu] [SL:PLACE_NAME eMhlanga] ]
travel,translate,bhalela uCharmaine umyalezo umtshele ngithe alale kahle.,9:18:SL:PERSONAL_NAME,[IN:translate [SL:PERSONAL_NAME Charmaine] ]
travel,translate,iyimalini incwadi yokubhalela kwinxanxathela yezitolo eseBluff ePNA? ,57:62:SL:PLACE_NAME,[IN:translate [SL:PLACE_NAME Bluff] ]
travel,translate,usho kanjani ukuthi sawubona ngesiTswana?,34:40:SL:LANGUAGE_NAME,[IN:translate [SL:LANGUAGE_NAME Tswana] ]
travel,translate,igama elithi ngiyabonga ulisebenzisa uma kunjani?,,[IN:translate ]
travel,translate,thumela ugogo umyalezo umtshele ukuthi ngyamthanda.,,[IN:translate ]
travel,translate,kubaluleke ngani ukubonga abantu uma bekusiza?,,[IN:translate ]
travel,translate,ubani owamukelekile ngokweminyaka  ukuthamela ifestivali yomculo enyakatho ntshonalanga ngomhlaka-27?,"46:64:SL:CALENDAR_EVENT,88:100:SL:DATE",[IN:translate [SL:CALENDAR_EVENT ifestivali yomculo] [SL:DATE ngomhlaka-27] ]
travel,translate,bingelela umalume umtshele ngiyeza ukuzombona ksasa esbhedlela.,,[IN:translate ]
travel,translate,ungamubingelela ngayiphi indlela umuntu omdala kunawe omufice endaweni yokudlela?,,[IN:translate ]
travel,translate,ungavalelisa kanjani ngenhlonipho umuntu omuncane nomudala kunawe?,,[IN:translate ]
travel,translate,bingelelela ubaba umcele angifakele imali yokuya eskoleni.,,[IN:translate ]
travel,translate,yindaba abantu abadala bengabingeleli bahlale belinda izingane ezincane ukuthi zibabingelele?,,[IN:translate ]
travel,translate,umubingelela kanjani umuntu ongajwayele ukukhuluma naye?,,[IN:translate ]
travel,translate,tshela uNontobeko akabojwayela ukubingelela abantu uma eya emsebenzini.,7:17:SL:PERSONAL_NAME,[IN:translate [SL:PERSONAL_NAME uNontobeko] ]
travel,translate,uvalelisa kanjani umuntu omubone esitolo emumva kwengxoxo?,,[IN:translate ]
travel,translate,valelisa kumzala wami ngesitsosti.,,[IN:translate ]
travel,translate,bingelela umalumekazi ngesiSuthu umazise ukuthi ngiyamukhumbula.,27:32:SL:LANGUAGE_NAME,[IN:translate [SL:LANGUAGE_NAME Suthu] ]
travel,translate,uliphi ulimi okulula ukubingelela ngalo lana eNingizimu Afrika?,46:62:SL:COUNTRY,[IN:translate [SL:COUNTRY Ningizimu Afrika] ]
travel,translate,valelisa kumamezala umazise ukuthi sengiya kosebenza.,,[IN:translate ]
travel,translate,ubingelela kanjani ngesizulu?,24:28:SL:LANGUAGE_NAME,[IN:translate [SL:LANGUAGE_NAME zulu] ]
travel,translate,bingelela ubaba umtshele ngiyogibela ibhanoyi ksasa eliya enyakatho Kapa ngenxa yomsebenzi.,58:72:SL:CITY_OR_PROVINCE,[IN:translate [SL:CITY_OR_PROVINCE enyakatho Kapa] ]
travel,translate,uma ungena eteksini egcwele abantu ubabingelela kanjani?,,[IN:translate ]
travel,translate,valelisa kudadewethu omncane umtshele sekuyisikhathi sokuthi aye kolala ngoba uya eskoleni kusasa.,,[IN:translate ]
travel,translate,uma ufuna ukubingelela iqembu labantu obajwayele ubingelela kanjani?,,[IN:translate ]
travel,translate,bingelela umama umtshele uhambo lwami leskole lungoLwesihlanu.,51:61:SL:DATE,[IN:translate [SL:DATE Lwesihlanu] ]
travel,translate,tshela ubaba ngyamuthanda ngoba ungithengele ithikithi lokuhamba ngendiza ukuya KwaZulu-Natali.,80:94:SL:CITY_OR_PROVINCE,[IN:translate [SL:CITY_OR_PROVINCE KwaZulu-Natali] ]
travel,translate, kuzobe kushisa kangakanani eBelhar ksasa ekuseni.,"28:35:SL:PLACE_NAME,42:49:SL:TIME",[IN:translate [SL:PLACE_NAME eBelhar] [SL:TIME ekuseni] ]
travel,translate,lizokhithika nini eKapa?,19:23:SL:CITY_OR_PROVINCE,[IN:translate [SL:CITY_OR_PROVINCE Kapa] ]
travel,translate,yimalini amarandi ayishumi uma uwayisa kumadola?,"9:17:SL:CURRENCY,18:26:SL:NUMBER,39:47:SL:CURRENCY",[IN:translate [SL:CURRENCY amarandi] [SL:NUMBER ayishumi] [SL:CURRENCY kumadola] ]
travel,translate,uma ngikwinxanxathela yezitolo esePitoli ngingayitholaphi indlu encane yabantu besifazane?,33:40:SL:CITY_OR_PROVINCE,[IN:translate [SL:CITY_OR_PROVINCE ePitoli] ]
travel,translate,tshela umngani wami omusha ukuthi ngijabulile ukumubona okokuqala namhlanje.,,[IN:translate ]
travel,translate,umubingelela kanjani umuntu ongumTswana  ngolwimi lakhe uma engasazi IsiZulu?,"33:39:SL:LANGUAGE_NAME,69:76:SL:LANGUAGE_NAME",[IN:translate [SL:LANGUAGE_NAME Tswana] [SL:LANGUAGE_NAME IsiZulu] ]
travel,translate,fonela ubaba wami ngizomutshela ukuthi ngiyamuthanda.,,[IN:translate ]
travel,translate,iyiphi ibha eseduze nami?,,[IN:translate ]
travel,translate,valelisa ku-Emihle umtshele ngizomufonela phambi kwakusasa.,12:18:SL:PERSONAL_NAME,[IN:translate [SL:PERSONAL_NAME Emihle] ]
travel,translate,thumela umyalezo kuNolitha umtshele ngizohlala ngimthanda noma ehambe yedwa eholidini lase kapa.,"19:26:SL:PERSONAL_NAME,91:95:SL:CITY_OR_PROVINCE",[IN:translate [SL:PERSONAL_NAME Nolitha] [SL:CITY_OR_PROVINCE kapa] ]
travel,translate,ngibingelelele kudadewethu omncane umtshele ukuthi ngizomlanda siye kodla eNandos ngehora leshuminambili.,"74:81:SL:RESTAURANT_NAME,82:104:SL:TIME",[IN:translate [SL:RESTAURANT_NAME eNandos] [SL:TIME ngehora leshuminambili] ]
travel,translate,thumela umfowethu umyalezo uvalelise umtshele soxoxa ngoLwesine ngoba ngisaphuthuma ukuya enkonzweni.,56:63:SL:DATE,[IN:translate [SL:DATE Lwesine] ]
travel,translate,ungachama kuphi uma ukwinxanxathela yezitolo esePinetown?,48:56:SL:PLACE_NAME,[IN:translate [SL:PLACE_NAME Pinetown] ]
travel,translate,thumela umyalezo kuNozipho umtshele ukuthi sizohlangana ksasa olwandle ebhishi eliseningizimu ngehora leshumi.,"19:26:SL:PERSONAL_NAME,94:109:SL:TIME",[IN:translate [SL:PERSONAL_NAME Nozipho] [SL:TIME ngehora leshumi] ]
travel,translate,tshela ubaba ukuthi sobuye sbonane ntambama uma ngiphuma eskoleni.,35:43:SL:TIME,[IN:translate [SL:TIME ntambama] ]
travel,translate,bingelela ugogo umtshele ngiya eGoli ksasa ngoba kufuneka ngiyomela isikole emncintiswaneni wesiZulu.,"31:36:SL:CITY_OR_PROVINCE,96:100:SL:LANGUAGE_NAME",[IN:translate [SL:CITY_OR_PROVINCE eGoli] [SL:LANGUAGE_NAME Zulu] ]
travel,translate,linjani izinga lokushisa eThekwini?,25:34:SL:CITY_OR_PROVINCE,[IN:translate [SL:CITY_OR_PROVINCE eThekwini] ]
travel,translate,faka uhlelo lokusebenza lokuthenga ukudla okusheshayo bese ukhansela i-oda lami ngoba kufanele ngiphuthume edolobheni ngokushesha.,,[IN:translate ]
travel,translate,isiphi isidlo sakusihlwa engingasipheka esisheshayo uma nginendlela ngemizuzu eyishumi nantathu.,"7:24:SL:MEAL_PERIOD,68:95:SL:TIME",[IN:translate [SL:MEAL_PERIOD isidlo sakusihlwa] [SL:TIME ngemizuzu eyishumi nantathu] ]
travel,translate,ngivalelisele kuNomzamo umazise ukuthi ngizomubhalela umyalezo uma ngibuya esikoleni.,16:23:SL:PERSONAL_NAME,[IN:translate [SL:PERSONAL_NAME Nomzamo] ]
travel,translate,thumela uma umyalezo umtshele ukuthi ngiyabonga ngemali angithumele yona yokuluka ngizoya ksasa ekusweni.,90:104:SL:DATE,[IN:translate [SL:DATE ksasa ekusweni] ]
travel,translate,iyimalini indiza esuka empumalanga koloni eya eLimpopo.,"24:41:SL:CITY_OR_PROVINCE,47:54:SL:CITY_OR_PROVINCE",[IN:translate [SL:CITY_OR_PROVINCE mpumalanga koloni] [SL:CITY_OR_PROVINCE Limpopo] ]
travel,translate,i-pasta iphekwa kanjani uma ufuna ukuyinandisa?,2:7:SL:DISH_OR_FOOD,[IN:translate [SL:DISH_OR_FOOD pasta] ]
travel,translate,lidayiswa kusiphi istolo ibhotela elokubhaka?,25:33:SL:DISH_OR_FOOD,[IN:translate [SL:DISH_OR_FOOD ibhotela] ]
travel,translate,ungagijima kanjani ngokushesha uma ungumuntu osheshayo ukukhathala koda othandayo ukuzivocavoca?,,[IN:translate ]
travel,translate,ngingaluthola kuphi uhlobo lwesihlahla olude kunazo zonke?,,[IN:translate ]
travel,translate,buza u-Nobuhle uyithenge kuphi ingubo yakhe emangalisayo abeyigqoke izolo eskoleni?,"7:14:SL:PERSONAL_NAME,31:37:SL:SHOPPING_ITEM,68:73:SL:DATE",[IN:translate [SL:PERSONAL_NAME Nobuhle] [SL:SHOPPING_ITEM ingubo] [SL:DATE izolo] ]
travel,translate,kudinga ziphi izithako ukupheka amathakhos?,32:42:SL:DISH_OR_FOOD,[IN:translate [SL:DISH_OR_FOOD amathakhos] ]
travel,translate,kuyimalini ukuhamba ngomkhumbi osuka eThekwini oya eKapa? ,"37:46:SL:CITY_OR_PROVINCE,51:56:SL:CITY_OR_PROVINCE",[IN:translate [SL:CITY_OR_PROVINCE eThekwini] [SL:CITY_OR_PROVINCE eKapa] ]
travel,translate,aphekwa kanjani amazambane ukwenza isitshulu esiconsisa amathe?,"16:26:SL:DISH_OR_FOOD,35:44:SL:DISH_OR_FOOD",[IN:translate [SL:DISH_OR_FOOD amazambane] [SL:DISH_OR_FOOD isitshulu] ]
travel,translate,utshani kumele lunqunywe emumva kwesikhathi esingakanani?,,[IN:translate ]
travel,translate,ngicela ubhalele umalume umyalezo umazise ukuthi ngihambe kahle ukuya empumakoloni.,70:82:SL:CITY_OR_PROVINCE,[IN:translate [SL:CITY_OR_PROVINCE empumakoloni] ]
travel,translate,tshela udadewethu bekumnandi ukuhlangana naye njengenjwayelo.,,[IN:translate ]
travel,translate,tshela umphathi womhlangano ukuthi ngidinga ukukhululwa.,,[IN:translate ]
travel,translate,ngicela ungixolisele kuTyler ukuthi ngisheshe ngahamba embungazweni wakhe ngenxa yesimo sezulu.,23:28:SL:PERSONAL_NAME,[IN:translate [SL:PERSONAL_NAME Tyler] ]
travel,translate,ngibongele kuMandisi ngesipho angithumele ngeposi yize sengathuthela eMpumalanga.,"11:20:SL:PERSONAL_NAME,69:80:SL:CITY_OR_PROVINCE",[IN:translate [SL:PERSONAL_NAME kuMandisi] [SL:CITY_OR_PROVINCE eMpumalanga] ]
travel,translate,umubuza kanjani umuntu oqala ukumubona ukuthi ubani igama lakhe?,,[IN:translate ]
banking,transfer,dlulisa u-R500 usuka kwi-akhawunti yamanje uyiyise kwi-akhawunti yami yokonga.,"10:14:SL:MONEY,25:42:SL:ACCOUNT_TYPE,55:77:SL:ACCOUNT_TYPE",[IN:transfer [SL:MONEY R500] [SL:ACCOUNT_TYPE akhawunti yamanje] [SL:ACCOUNT_TYPE akhawunti yami yokonga] ]
banking,transfer,dlulisela uCharmaine imali engango R4000.,"11:20:SL:PERSONAL_NAME,35:40:SL:MONEY",[IN:transfer [SL:PERSONAL_NAME Charmaine] [SL:MONEY R4000] ]
banking,transfer,uyidlulisa kanjani imali kwibhange lase FNB uyiyisa kwibhange lase Nedbank?,"40:43:SL:BANK_NAME,67:74:SL:BANK_NAME",[IN:transfer [SL:BANK_NAME FNB] [SL:BANK_NAME Nedbank] ]
banking,transfer,dlulisela imali ewu-R700 kwi-akhawunti yami yokonga uyiyise kwi-akhawunti yamanje.,"20:24:SL:MONEY,29:51:SL:ACCOUNT_TYPE,64:81:SL:ACCOUNT_TYPE",[IN:transfer [SL:MONEY R700] [SL:ACCOUNT_TYPE akhawunti yami yokonga] [SL:ACCOUNT_TYPE akhawunti yamanje] ]
banking,transfer,ungayidlulisela kanjani imali kumuntu ongasebenzisi ibhange elifana nelakho?,,[IN:transfer ]
banking,transfer,tshela umkhulu sengimudluliselile imali yokuthenga ukudla.,,[IN:transfer ]
banking,transfer,thumela imali engango R1000 kwi-akhawunti yami yomuntu siqu.,22:27:SL:MONEY,[IN:transfer [SL:MONEY R1000] ]
banking,transfer,uyithumela kanjani imali kwisitolo esiphesheya?,,[IN:transfer ]
banking,transfer,ngicela udlulisele imali engango R7000 kwi-akhawunti yesikole.,"33:38:SL:MONEY,43:61:SL:BILL_TYPE",[IN:transfer [SL:MONEY R7000] [SL:BILL_TYPE akhawunti yesikole] ]
banking,transfer,thumela uMela umyalezo umcele anginike imininingwane yasebhange ngoba ngifuna ukumudlulisela imali.,9:13:SL:PERSONAL_NAME,[IN:transfer [SL:PERSONAL_NAME Mela] ]
banking,transfer,dlulisela uR7000 kwi-akhawunti yami yakwa ABSA uyiyise kwi-akhawunti yami yakwa FNB ukhokhe isikweletu saka Rage.,"11:16:SL:MONEY,42:46:SL:BANK_NAME,80:83:SL:BANK_NAME,103:112:SL:BILL_TYPE",[IN:transfer [SL:MONEY R7000] [SL:BANK_NAME ABSA] [SL:BANK_NAME FNB] [SL:BILL_TYPE saka Rage] ]
banking,transfer,ungawunyusa kanjani umkhawulo wakho wokudllulisa usebenzisa uhlelo lokusebenza lwasebhange.,,[IN:transfer ]
banking,transfer,kugcina kumalini ukudlulisa imali osukwini ohlelweni lokusebenza kwebhange?,,[IN:transfer ]
banking,transfer,ukudlulisela imali kuqala kumalini ohlelweni lwasebhange lase FNB?,62:65:SL:BANK_NAME,[IN:transfer [SL:BANK_NAME FNB] ]
banking,transfer,uyidlulisa kanjani imali usebenzisa ibhange le-inthanethi?,,[IN:transfer ]
banking,transfer,iyadluliseka imali usebenzisa ucingo lwakho?,,[IN:transfer ]
banking,transfer,kudingeka yiphi imininingwane uma ufuna ukuthumela umuntu imali usebenzisa uhlelo lwasebhange?,,[IN:transfer ]
banking,transfer,thumela imali kuNosibusiso ewu R850 ezothenga izimpahla zokugqoka.,"16:26:SL:PERSONAL_NAME,31:35:SL:MONEY,46:65:SL:SHOPPING_ITEM",[IN:transfer [SL:PERSONAL_NAME Nosibusiso] [SL:MONEY R850] [SL:SHOPPING_ITEM izimpahla zokugqoka] ]
banking,transfer,uma uthumela umuntu imali kunguMgqibelo uzoyithola ngawo noma ngoMsombuluko?,"31:39:SL:DATE,65:75:SL:DATE",[IN:transfer [SL:DATE Mgqibelo] [SL:DATE Msombuluko] ]
banking,transfer,thumela imali kabili kuNolwazi manje.,"14:20:SL:NUMBER,23:30:SL:PERSONAL_NAME",[IN:transfer [SL:NUMBER kabili] [SL:PERSONAL_NAME Nolwazi] ]
banking,transfer,ungayithumela kangaki imali kumuntu osukwini?,,[IN:transfer ]
banking,transfer,thumela udadewethu imali ewu R1500 kwi-akhawunti yakhe yokonga imali.,"29:34:SL:MONEY,39:68:SL:ACCOUNT_TYPE",[IN:transfer [SL:MONEY R1500] [SL:ACCOUNT_TYPE akhawunti yakhe yokonga imali] ]
banking,transfer,ungayidlulisela kanjani imali isuka ku-akhawunti yakho yesheke iye ku-akhawunti yakho yokonga?,"55:62:SL:ACCOUNT_TYPE,86:93:SL:ACCOUNT_TYPE",[IN:transfer [SL:ACCOUNT_TYPE yesheke] [SL:ACCOUNT_TYPE yokonga] ]
banking,transfer,uyisusa kanjani yonke imali ekwi-akhawunti yokonga uyiyise kwenye? ,33:50:SL:ACCOUNT_TYPE,[IN:transfer [SL:ACCOUNT_TYPE akhawunti yokonga] ]
banking,transfer,sekusele malini kwi-akhawunti yami ya paypal?,38:44:SL:PAYMENT_COMPANY,[IN:transfer [SL:PAYMENT_COMPANY paypal] ]
banking,transfer,iyiphi indlela esheshayo yokuthumela imali?,,[IN:transfer ]
banking,transfer,tshela umama angithumele imali kwi-akhawunti yami yokonga.,35:57:SL:ACCOUNT_TYPE,[IN:transfer [SL:ACCOUNT_TYPE akhawunti yami yokonga] ]
banking,transfer,uyithumela kanjani imali ngendlela esheshayo?,,[IN:transfer ]
banking,transfer,ngicela ungitholela imininingwane edingakalayo uma ufuna i-akhawunti yasebhange lase FNB.,85:88:SL:BANK_NAME,[IN:transfer [SL:BANK_NAME FNB] ]
banking,transfer,kuvulwa nini ebhange ukuze uzoya kodlulisela imali ?,,[IN:transfer ]
banking,transfer,uyakwazi ukuthumela imali uma uneminyaka eyishumi nesikhombisa?,43:62:SL:NUMBER,[IN:transfer [SL:NUMBER ishumi nesikhombisa] ]
banking,transfer,uma ufuna ukuthumela imali uyadingeka umazisi?,,[IN:transfer ]
banking,transfer,ithumelwa kanjani imali uma usebenzisa intathenethi?,,[IN:transfer ]
banking,transfer,ngicela ungibhekele ukuthi sengisalelwe imalini ebhange lami lakwa Nedbank.,67:74:SL:BANK_NAME,[IN:transfer [SL:BANK_NAME Nedbank] ]
banking,transfer,thumela ugogo umbuze ukuthi usesalelwe imalini kwi-akhawunti yakhe yakwa Capitec.,73:80:SL:BANK_NAME,[IN:transfer [SL:BANK_NAME Capitec] ]
banking,transfer,kugcina kumalini ukususa imali kwi-akhawunti uyiyise kwenye osukwini?,,[IN:transfer ]
banking,transfer,uma udlulisele imali ifika emuva kwesikhathi esingakanani?,,[IN:transfer ]
banking,transfer,"tshela ugogo angangithumeleli imali namhlanje ngoba ngikweleta ibhange, izocwila uma engayifaka.",,[IN:transfer ]
banking,transfer,umuthumela kanjani imali umuntu ongenayo i-akhawunti efana neyakho yena esebenzisa elinye ibhange?,,[IN:transfer ]
banking,transfer,ngicela ubhalele ubaba umyalezo umtshele ukuthi angakhohlwa ukungifakela imali kwi-akhawunti yami yokonga imali.,83:105:SL:ACCOUNT_TYPE,[IN:transfer [SL:ACCOUNT_TYPE akhawunti yami yokonga] ]
banking,transfer,uma ngingathumela umama amarandi angamakhulu amabili esuka kwi-akhawunti yami yokonga imali ngingasalelwa imalini?,"24:52:SL:MONEY,63:85:SL:ACCOUNT_TYPE",[IN:transfer [SL:MONEY amarandi angamakhulu amabili] [SL:ACCOUNT_TYPE akhawunti yami yokonga] ]
banking,transfer,ngilikweleta malini ibhange kwi-akhawunti yami yakwa ABSA?,53:57:SL:BANK_NAME,[IN:transfer [SL:BANK_NAME ABSA] ]
banking,transfer,ngingamuthumela kanjani imali umuntu uma ngifuna ayikhiphe estolo sase Shoprite?,,[IN:transfer ]
banking,transfer,thumela imali engango R670 kuClifton khona ezoza kolungisa umpompi ovuzayo.,"22:26:SL:MONEY,29:36:SL:PERSONAL_NAME",[IN:transfer [SL:MONEY R670] [SL:PERSONAL_NAME Clifton] ]
banking,transfer,iyiphi enye indlela ongathumela ngayo imali ngaphandle kokusebenzisa umakhalekhukhwini?,,[IN:transfer ]
banking,transfer,thumela uR10000 kwi-akhawunti yami yaka FNB uwuyise kwi-akhawunti yami yakwa ABSA.,"9:15:SL:MONEY,40:43:SL:BANK_NAME,77:81:SL:BANK_NAME",[IN:transfer [SL:MONEY R10000] [SL:BANK_NAME FNB] [SL:BANK_NAME ABSA] ]
banking,transfer,bhalela umamkhulu umyalezo umtshele ukuthi ngimthumele uR900 wengubo.,"56:60:SL:MONEY,61:68:SL:SHOPPING_ITEM",[IN:transfer [SL:MONEY R900] [SL:SHOPPING_ITEM wengubo] ]
banking,transfer,thumela uNozipho uR2500 wezinwele engizithengayo kuyena kwi-akhawunti yakhe yasebhange lakwa Standard.,"9:16:SL:PERSONAL_NAME,18:23:SL:MONEY,93:101:SL:BANK_NAME",[IN:transfer [SL:PERSONAL_NAME Nozipho] [SL:MONEY R2500] [SL:BANK_NAME Standard] ]
banking,transfer,imalini engiyithumele abangani bami ngesonto elidlule nge-akhawunti yami yakwa Old Mutual?,"36:53:SL:DATE,79:89:SL:PAYMENT_COMPANY",[IN:transfer [SL:DATE ngesonto elidlule] [SL:PAYMENT_COMPANY Old Mutual] ]
banking,transfer,ngithumele uR1278 kwabaka FlySafair ungithengele ithikithi lebhanoyi elisuka eKapa liya KwaZulu-Natali.,"12:17:SL:MONEY,77:82:SL:CITY_OR_PROVINCE,88:102:SL:CITY_OR_PROVINCE",[IN:transfer [SL:MONEY R1278] [SL:CITY_OR_PROVINCE eKapa] [SL:CITY_OR_PROVINCE KwaZulu-Natali] ]
banking,transfer,ngamuthumela kangaki udadewethu imali ngenyanga edlule?,,[IN:transfer ]
banking,transfer,ngesikhathi ngithumela ugogo imali ibhange lathatha malini?,,[IN:transfer ]
banking,transfer,ungithumele malini uLibongwe ngolesihlanu?,"19:28:SL:PERSONAL_NAME,29:41:SL:DATE",[IN:transfer [SL:PERSONAL_NAME uLibongwe] [SL:DATE ngolesihlanu] ]
banking,transfer,ngithumele uR700 kumastende wami.,11:16:SL:MONEY,[IN:transfer [SL:MONEY uR700] ]
banking,transfer,emuva kokuthenga ithikithi lebhanoyi kusale malini ekhadini lami lakwa Capitec?,71:78:SL:BANK_NAME,[IN:transfer [SL:BANK_NAME Capitec] ]
banking,transfer,"thumela uNokuzola umyalezo umtshele sengimuthumele uR500, akanike umalime uR200 bese yena ethatha uR300.","9:17:SL:PERSONAL_NAME,52:56:SL:MONEY,75:79:SL:MONEY,99:103:SL:MONEY",[IN:transfer [SL:PERSONAL_NAME Nokuzola] [SL:MONEY R500] [SL:MONEY R200] [SL:MONEY R300] ]
banking,transfer,thumela uR500 kwi-akhawunti yami yokonga uwufake kwi-akhawunti yami yamanje.,"9:13:SL:MONEY,18:40:SL:ACCOUNT_TYPE,53:75:SL:ACCOUNT_TYPE",[IN:transfer [SL:MONEY R500] [SL:ACCOUNT_TYPE akhawunti yami yokonga] [SL:ACCOUNT_TYPE akhawunti yami yamanje] ]
banking,transfer,ithunyelwa kanjani imali ebhange uma usebenzisa umshini?,,[IN:transfer ]
banking,transfer,thumela uMinenhle umyalezo uR1200 wokukhokhela ikhekhe.,"9:17:SL:PERSONAL_NAME,28:33:SL:MONEY,47:54:SL:DISH_OR_FOOD",[IN:transfer [SL:PERSONAL_NAME Minenhle] [SL:MONEY R1200] [SL:DISH_OR_FOOD ikhekhe] ]
banking,transfer,thumela umlayezo kuNaledi umbuze ukuthi imali yesipho engimthumele yona uyitholile yini?,19:25:SL:PERSONAL_NAME,[IN:transfer [SL:PERSONAL_NAME Naledi] ]
banking,transfer,ngayithumela imali yeskole iUWC mhla zingu 25 kuNdasa?,"28:31:SL:PLACE_NAME,43:53:SL:DATE",[IN:transfer [SL:PLACE_NAME UWC] [SL:DATE 25 kuNdasa] ]
banking,transfer,ngithumelele imali engango R350 kuZiyanda Mabaso.,"27:31:SL:MONEY,34:48:SL:PERSONAL_NAME",[IN:transfer [SL:MONEY R350] [SL:PERSONAL_NAME Ziyanda Mabaso] ]
banking,transfer,Thumela uR500 kwenye i-akhawunti yecredit.,9:13:SL:MONEY,[IN:transfer [SL:MONEY R500] ]
banking,transfer,ngithumele ubaba umyalezo umazise ukuthi ngizomuthumela imali ksasa ntambama uma sengiholile.,62:76:SL:DATE,[IN:transfer [SL:DATE ksasa ntambama] ]
banking,transfer,thumela imali ewu R700 kwi-akhawunti yami yokonga imali.,"18:22:SL:MONEY,27:49:SL:ACCOUNT_TYPE",[IN:transfer [SL:MONEY R700] [SL:ACCOUNT_TYPE akhawunti yami yokonga] ]
banking,transfer,ngingayithumela kanjani imali kwi-akhawunti yami yokonga kwi-akhawunti yami yamanje?,"34:56:SL:ACCOUNT_TYPE,61:83:SL:ACCOUNT_TYPE",[IN:transfer [SL:ACCOUNT_TYPE akhawunti yami yokonga] [SL:ACCOUNT_TYPE akhawunti yami yamanje] ]
banking,transfer,ngayithumela kangaki imali kwi-akhawunti yami yokonga ngolwesithathu?,"31:53:SL:ACCOUNT_TYPE,54:68:SL:DATE",[IN:transfer [SL:ACCOUNT_TYPE akhawunti yami yokonga] [SL:DATE ngolwesithathu] ]
banking,transfer,uyithumela imali kumuntu ohlala phesheya?,,[IN:transfer ]
banking,transfer,ngithumele uR5900 kuMecca owokothenga umshini wokunquma utshani.,"12:17:SL:MONEY,20:25:SL:PERSONAL_NAME",[IN:transfer [SL:MONEY R5900] [SL:PERSONAL_NAME Mecca] ]
banking,transfer,uma ngifuna ukuthenga izingubo zaka Zara ku-intanethi imali ngiyithumela kephi?,22:30:SL:SHOPPING_ITEM,[IN:transfer [SL:SHOPPING_ITEM izingubo] ]
banking,transfer,ngicela ungithumelele uR6000 kumalumekazi wokuthenga isikabhu.,"23:28:SL:MONEY,53:61:SL:DISH_OR_FOOD",[IN:transfer [SL:MONEY R6000] [SL:DISH_OR_FOOD isikabhu] ]
banking,transfer,thumela uR165 wezishumi kwi-akhawunti yasenkonzweni iDCC.,9:13:SL:MONEY,[IN:transfer [SL:MONEY R165] ]
banking,transfer,ngagcina nini ukuthumela imali yomunikelo ngebhange lami?,,[IN:transfer ]
banking,transfer,sekuphele izinsuku ezingaki ngathumela imali yokuthenga amateku eNike kwa Sportscene?,56:69:SL:SHOPPING_ITEM,[IN:transfer [SL:SHOPPING_ITEM amateku eNike] ]
banking,transfer,ngithumele uR670 kuMarko umtshele ukuthi owesipho sakhe.,"12:16:SL:MONEY,19:24:SL:PERSONAL_NAME",[IN:transfer [SL:MONEY R670] [SL:PERSONAL_NAME Marko] ]
banking,transfer,uyithumela kanjani imali kwa Nedbank usebenzisa iPaypal?,"29:36:SL:BANK_NAME,48:55:SL:PAYMENT_COMPANY",[IN:transfer [SL:BANK_NAME Nedbank] [SL:PAYMENT_COMPANY iPaypal] ]
banking,transfer,thumela uNtoyonke umyalezo umtshele ukuthi ngamuthumela imali yokudla kuthangi.,9:17:SL:PERSONAL_NAME,[IN:transfer [SL:PERSONAL_NAME Ntoyonke] ]
banking,transfer,ungayithumela kanjani imali ukuthi ingene ngalolosuku?,,[IN:transfer ]
banking,transfer,uthumele imali engango R450 ku-Aphiwe namhlanje.,"23:27:SL:MONEY,31:37:SL:PERSONAL_NAME",[IN:transfer [SL:MONEY R450] [SL:PERSONAL_NAME Aphiwe] ]
banking,transfer,ungagcina kumalini ukuthumela imali kumuntu osebenzisa ibhange elifana nelakho osukwini?,,[IN:transfer ]
utility,time,kuthatha isikhathi esingakanani ukupheka amaqanda amabili?,"41:49:SL:DISH_OR_FOOD,50:57:SL:NUMBER",[IN:time [SL:DISH_OR_FOOD amaqanda] [SL:NUMBER amabili] ]
utility,time,izwe lase Melika lihluke ngamahora amangakanani kwelase Ningizimu Afrika?,"10:16:SL:COUNTRY,56:72:SL:COUNTRY",[IN:time [SL:COUNTRY Melika] [SL:COUNTRY Ningizimu Afrika] ]
utility,time,amahora amangaki uma ushayela usuka eGoli uya eThekwini?,"36:41:SL:CITY_OR_PROVINCE,46:55:SL:CITY_OR_PROVINCE",[IN:time [SL:CITY_OR_PROVINCE eGoli] [SL:CITY_OR_PROVINCE eThekwini] ]
utility,time,isikhathsini eNgilande?,13:22:SL:COUNTRY,[IN:time [SL:COUNTRY eNgilande] ]
utility,time,sihluke ngamahora amangakanani siyiNingizimu Africa nezwe laseMelika.,"35:51:SL:COUNTRY,62:68:SL:COUNTRY",[IN:time [SL:COUNTRY Ningizimu Africa] [SL:COUNTRY Melika] ]
utility,time,kuqala ukuhlwa ngasikhathsini lana eKapa?,35:40:SL:CITY_OR_PROVINCE,[IN:time [SL:CITY_OR_PROVINCE eKapa] ]
utility,time,ulilungisa kanjani iwashi efonini yakho ukuthi lihambisane naleli elikumabonakude wakho?,,[IN:time ]
utility,time,kusa ngasiphi isikhathi ezweni laseRoma?,35:39:SL:CITY_OR_PROVINCE,[IN:time [SL:CITY_OR_PROVINCE Roma] ]
utility,time,kubaluleke ngani ukugcina isikhathi emihlanganweni yasemsebenzini?,,[IN:time ]
utility,time,kuvalwa ngaskhathisni esitolo esidayisa izithelo esibizwa esisedolobheni?,40:48:SL:DISH_OR_FOOD,[IN:time [SL:DISH_OR_FOOD izithelo] ]
utility,time,isiphi isikhathi ekumele ingane yesikole ilale ngaso?,,[IN:time ]
utility,time,kukuthatha isikhathi esingakanani ukufika emtholampilo ose-belville usuka e-belhar?,"59:67:SL:PLACE_NAME,76:82:SL:PLACE_NAME",[IN:time [SL:PLACE_NAME belville] [SL:PLACE_NAME belhar] ]
utility,time,sekusele isikhathi esingakanani ukuthi kushaye ihora leshumi nane?,47:65:SL:TIME,[IN:time [SL:TIME ihora leshumi nane] ]
utility,time,kuthatha imizuzu emingaki ukufika ukudla kwakho osuke ukuthengile eKFC?,67:70:SL:RESTAURANT_NAME,[IN:time [SL:RESTAURANT_NAME KFC] ]
utility,time,ngithumelele umshayeli wami umyalezo umazise ukuthi ngimucela angilande emuva kwemizuzu eyishumi.,90:96:SL:NUMBER,[IN:time [SL:NUMBER ishumi] ]
utility,time,izofika ngasikhatisini i-Uber yami?,,[IN:time ]
utility,time,iNingizimu Afrika ingemuva noma ingaphambili ngamahora amangakanani kwiLesotho?,"1:17:SL:COUNTRY,71:78:SL:COUNTRY",[IN:time [SL:COUNTRY Ningizimu Afrika] [SL:COUNTRY Lesotho] ]
utility,time,ukupheka usu kuthatha isikhathi esingakanani?,9:12:SL:DISH_OR_FOOD,[IN:time [SL:DISH_OR_FOOD usu] ]
utility,time,istimela esisuka e-Unibell siya eKapa sihamba ngaziphi iykhathi uma kungoLwesihlanu?,"19:26:SL:PLACE_NAME,32:37:SL:CITY_OR_PROVINCE,68:83:SL:DATE",[IN:time [SL:PLACE_NAME Unibell] [SL:CITY_OR_PROVINCE eKapa] [SL:DATE kungoLwesihlanu] ]
utility,time,sihamba isikhathi esingakanani istimela esisuka eThekwini esiya eMlazi?,"48:57:SL:CITY_OR_PROVINCE,64:70:SL:PLACE_NAME",[IN:time [SL:CITY_OR_PROVINCE eThekwini] [SL:PLACE_NAME eMlazi] ]
utility,time,isitimela esisuka eKapa sihamba imizuzu emingaki ukuze sifike esteshini esise Unibell?,"18:23:SL:CITY_OR_PROVINCE,78:85:SL:PLACE_NAME",[IN:time [SL:CITY_OR_PROVINCE eKapa] [SL:PLACE_NAME Unibell] ]
utility,time,emizuzwini emihlanu kuzobe sekuyisikhatisini?,11:19:SL:NUMBER,[IN:time [SL:NUMBER emihlanu] ]
utility,time,kuthatha ksikhathi esingakanani ukuthi isitimela sifike esteshini uma siye eNtuzuma sisuka eMlazi?,"75:83:SL:PLACE_NAME,91:97:SL:PLACE_NAME",[IN:time [SL:PLACE_NAME eNtuzuma] [SL:PLACE_NAME eMlazi] ]
utility,time,ngibhekele ukuthi sikhona yini isitimela esisuka eBelhar ngo 20h00 namhlanje.,"50:56:SL:PLACE_NAME,61:66:SL:TIME,67:76:SL:DATE",[IN:time [SL:PLACE_NAME Belhar] [SL:TIME 20h00] [SL:DATE namhlanje] ]
utility,time,kuthatha isikhathi esingakanani ukuhamba ngesitimela uye Kwamashu uma usuka eMlazi?,"57:65:SL:PLACE_NAME,77:82:SL:PLACE_NAME",[IN:time [SL:PLACE_NAME Kwamashu] [SL:PLACE_NAME Mlazi] ]
utility,time,amahora amangakanani umuntu ekumele awalale osukwini?,,[IN:time ]
utility,time,kuvulwa ngaskhathi sini la ekudayiswa khona amathikithi ezitimela?,,[IN:time ]
utility,time,isiphi istimela esishesha sikufikise la uya khona phakathi kwe Gautrain kanye neMetrorail?,,[IN:time ]
utility,time,iGautrain ihambela kuphi ngaziphi izikhathi?,,[IN:time ]
utility,time,istimela saseZola siyahamba ngo-09h00 ngeSonto?,"13:17:SL:PLACE_NAME,32:37:SL:TIME,41:46:SL:DATE",[IN:time [SL:PLACE_NAME Zola] [SL:TIME 09h00] [SL:DATE Sonto] ]
utility,time,yini esheshayo ikufikise edolobheni uma ujahile phakathi kwestimela nebhasi?,,[IN:time ]
utility,time,kuthatha iskhathi esingakanani ukufika eNanda ngestimela uma usuka eSpingo?,"39:45:SL:PLACE_NAME,67:74:SL:PLACE_NAME",[IN:time [SL:PLACE_NAME eNanda] [SL:PLACE_NAME eSpingo] ]
utility,time,imizuzu emingaki uma uhamba ngestimela usuka eMlazi uya eSpingo?,"45:51:SL:PLACE_NAME,56:63:SL:PLACE_NAME",[IN:time [SL:PLACE_NAME eMlazi] [SL:PLACE_NAME eSpingo] ]
utility,time,kuzoba u13h00 emizuzwini emingakanani?,8:13:SL:TIME,[IN:time [SL:TIME 13h00] ]
utility,time,ngibhekele ukuthi uma kungamaholide iMetrorail iyasebenza yini.,,[IN:time ]
utility,time,iyiphi inkampani yezitimela esigcinayo isikhathi futhi ephephile?,,[IN:time ]
utility,time,ukupheka ipharishi lempuphu kuthatha imizuzu emingakanani uma istofu sakho singashisi kakhulu?,9:27:SL:DISH_OR_FOOD,[IN:time [SL:DISH_OR_FOOD ipharishi lempuphu] ]
utility,time,istimela sihamba ngaziphi izikhathi uma kuyiPhasika iGautrain?,43:51:SL:CALENDAR_EVENT,[IN:time [SL:CALENDAR_EVENT iPhasika] ]
utility,time,isiphi isteshi sezitimela esiseduze la eGugulethu engingafika kusona ngaphansi kwemizuzu engamashumi amahlanu?,"39:49:SL:PLACE_NAME,92:109:SL:NUMBER",[IN:time [SL:PLACE_NAME eGugulethu] [SL:NUMBER amashumi amahlanu] ]
utility,time,silindwa kuphi istimela esiya eKhayelitsha uma uhlala eKapa?,"30:42:SL:PLACE_NAME,54:59:SL:CITY_OR_PROVINCE",[IN:time [SL:PLACE_NAME eKhayelitsha] [SL:CITY_OR_PROVINCE eKapa] ]
utility,time,sifika emuva kwemizuzu emingakanani istimela esisuka ePitoli siya eSoweto?,"53:60:SL:CITY_OR_PROVINCE,66:73:SL:PLACE_NAME",[IN:time [SL:CITY_OR_PROVINCE ePitoli] [SL:PLACE_NAME eSoweto] ]
utility,time,kuthatha isikhathi esingakanani ukusuka eMlazi ngestimela uye edolobheni?,40:46:SL:PLACE_NAME,[IN:time [SL:PLACE_NAME eMlazi] ]
utility,time,uma kunetha izitimela ziyahamba?,,[IN:time ]
utility,time,istimela siphatha abantu abangaki?,,[IN:time ]
utility,time,kuvumelekile ukuma estimeleni uma sesigcwele?,,[IN:time ]
utility,time,zingaki iziteshi zezitimela KwaZulu-Natal?,28:41:SL:CITY_OR_PROVINCE,[IN:time [SL:CITY_OR_PROVINCE KwaZulu-Natal] ]
utility,time,sifika emuva kwesikhathi esingakanani istimela uma sihamba kancane sisuka eThekwini siya eNtuzuma?,"74:83:SL:CITY_OR_PROVINCE,90:97:SL:PLACE_NAME",[IN:time [SL:CITY_OR_PROVINCE eThekwini] [SL:PLACE_NAME Ntuzuma] ]
utility,time,ukuhamba kwezitimela izikhathi zako zishiyana kanjani?,,[IN:time ]
utility,time,sihlala imizuzu emingaki istimela esteshini emuva kokuthi sihambe?,,[IN:time ]
utility,time,uma ugibele istimela eMlazi ngo 09h00 ungafika nini eThekwini?,"21:27:SL:PLACE_NAME,32:37:SL:TIME,52:61:SL:CITY_OR_PROVINCE",[IN:time [SL:PLACE_NAME eMlazi] [SL:TIME 09h00] [SL:CITY_OR_PROVINCE eThekwini] ]
utility,time,sishesha kangakanani istimela uma usiqhathanisa netekisi?,,[IN:time ]
utility,time,isiphi istimela esihamba kancane kunazo zomke KwaZulu-Natal ekumele ngigweme ukusigibela?,46:59:SL:CITY_OR_PROVINCE,[IN:time [SL:CITY_OR_PROVINCE KwaZulu-Natal] ]
utility,time,sikhona istimela esisuka eThekwini sikuyise eNewlands ngemizuzu engamashumi amathathu?,"25:34:SL:CITY_OR_PROVINCE,45:53:SL:PLACE_NAME,67:85:SL:NUMBER",[IN:time [SL:CITY_OR_PROVINCE eThekwini] [SL:PLACE_NAME Newlands] [SL:NUMBER amashumi amathathu] ]
utility,time,ukuhamba ngesitimela kuyashesha uma ufuna ukusuka emlazi uye eThekwini noma itekisi esheshayo?,"50:56:SL:PLACE_NAME,61:70:SL:CITY_OR_PROVINCE",[IN:time [SL:PLACE_NAME emlazi] [SL:CITY_OR_PROVINCE eThekwini] ]
utility,time,isiphi isitimela esisheshayo esasekseni noma esasemini?,"29:39:SL:TIME,45:54:SL:TIME",[IN:time [SL:TIME esasekseni] [SL:TIME esasemini] ]
utility,time,istimela iGautrain iyahamba ngo 22h00 ebsuku?,"32:37:SL:TIME,38:44:SL:TIME",[IN:time [SL:TIME 22h00] [SL:TIME ebsuku] ]
utility,time,kuthatha iskhathi esingakanani ukuhamba ngezinyawo usuka eSphingo uya eMlazi kwa Z?,"57:65:SL:PLACE_NAME,70:82:SL:PLACE_NAME",[IN:time [SL:PLACE_NAME eSphingo] [SL:PLACE_NAME eMlazi kwa Z] ]
utility,time,kuthatha imizuzuzu emingaki ukusuka la KwaZulu-Natali ngebhanoyi uye eKapa?,"39:53:SL:CITY_OR_PROVINCE,69:74:SL:CITY_OR_PROVINCE",[IN:time [SL:CITY_OR_PROVINCE KwaZulu-Natali] [SL:CITY_OR_PROVINCE eKapa] ]
utility,time,iyiphi inhlobo yomshini wokuwasha osheshayo phakathi kweLG neSamsung?,17:33:SL:SHOPPING_ITEM,[IN:time [SL:SHOPPING_ITEM mshini wokuwasha] ]
utility,time,ukuya e-Erica Square uma usuka e-Unibell ngezinyawo kuthatha imizuzu emingaki?,"8:20:SL:PLACE_NAME,33:40:SL:PLACE_NAME",[IN:time [SL:PLACE_NAME Erica Square] [SL:PLACE_NAME Unibell] ]
utility,time,ukupheka uphuthu nobhontshisi kuthatha amahora amangaki?,9:29:SL:DISH_OR_FOOD,[IN:time [SL:DISH_OR_FOOD uphuthu nobhontshisi] ]
utility,time,imizuzu emingaphi ngosuku engingayigijima uma ngifuna ukuncipha?,,[IN:time ]
utility,time,ukusuka eLimpopo uya eMpumalanga uma ushayela kuthatha amahora amangaki?,"9:16:SL:CITY_OR_PROVINCE,22:32:SL:CITY_OR_PROVINCE",[IN:time [SL:CITY_OR_PROVINCE Limpopo] [SL:CITY_OR_PROVINCE Mpumalanga] ]
utility,time,ukuthosa inyama yenkomo ngomlilo ophansi kwenza ukuthi ivuthwe emuva kwemizuzu emingaki?,9:23:SL:DISH_OR_FOOD,[IN:time [SL:DISH_OR_FOOD inyama yenkomo] ]
utility,time,uma ngibilise usu ngomlilo ophezulu luvuthwa emuva kwamahora amangaki?,14:17:SL:DISH_OR_FOOD,[IN:time [SL:DISH_OR_FOOD usu] ]
utility,time,selishayile ihora leshumi nambili?,12:33:SL:TIME,[IN:time [SL:TIME ihora leshumi nambili] ]
utility,time,kubaluleke ngani ukuba umuntu osigcinayo isikhathi uma uyohlangana nabangani bakho?,,[IN:time ]
utility,time,ludlala ngasikhathi sini Uzalo ku SABC 1?,,[IN:time ]
utility,time,mangizivocavoca nsuku zonke futhi ngidla ukudla okunempilo ngingancipha emuva kwezinyanga ezingaki?,,[IN:time ]
utility,time,yini ephuzayo ukuvuthwa phakathi kwesitambu nojeqe?,"33:43:SL:DISH_OR_FOOD,44:50:SL:DISH_OR_FOOD",[IN:time [SL:DISH_OR_FOOD kwesitambu] [SL:DISH_OR_FOOD nojeqe] ]
utility,time,imizuzu emingaki ukuhamba ngetekisi usuka eGalleria uya edolobheni lase Thekwini?,"43:51:SL:PLACE_NAME,72:80:SL:CITY_OR_PROVINCE",[IN:time [SL:PLACE_NAME Galleria] [SL:CITY_OR_PROVINCE Thekwini] ]
utility,time,iculo elithi makabongwe eliculwa uNtokozo Mbambo liyimizuzu emingaki?,"13:23:SL:SONG_NAME,34:48:SL:ARTIST_NAME",[IN:time [SL:SONG_NAME makabongwe] [SL:ARTIST_NAME Ntokozo Mbambo] ]
utility,time,isonto linamahora amangaki?,,[IN:time ]
utility,time,amanqina aphekwa isikhathi esingakanani?,0:8:SL:DISH_OR_FOOD,[IN:time [SL:DISH_OR_FOOD amanqina] ]
utility,time,kukhona imizuzu emingaki osukwini?,,[IN:time ]
utility,time,ukuze uphumelele ngamalengiso kwizivivinyo zaMatikuletsheni kumele ufunde amahora amangaki osukwini?,,[IN:time ]
utility,time,ukuze ube namazinyo amhlophe qwa kumele uxubhe imizuzu emingaki?,,[IN:time ]
utility,time,uma uphuze amaphilisi ekhanda aqala ukusebenza emuva kwemizuzu emingakanani?,,[IN:time ]
utility,time,lapho osuke ujovwe khona kuphola emuva kwemizuzu emingaki?,,[IN:time ]
utility,time,ugesi uzohamba ngasikhathi sini namhlanje eLovu kwa-A?,43:53:SL:PLACE_NAME,[IN:time [SL:PLACE_NAME Lovu kwa-A] ]
home,shopping_list_update,amafutha ayimalini esitolo saka Woolworths?,,[IN:shopping_list_update ]
home,shopping_list_update,iziphi izithako ekumele ngizithenge uma ngifuna ukupheka usu?,57:60:SL:DISH_OR_FOOD,[IN:shopping_list_update [SL:DISH_OR_FOOD usu] ]
home,shopping_list_update,ayimalini amaqanda angamashumi amathathu estolo sakwa Checkers?,"10:18:SL:DISH_OR_FOOD,19:40:SL:NUMBER",[IN:shopping_list_update [SL:DISH_OR_FOOD amaqanda] [SL:NUMBER angamashumi amathathu] ]
home,shopping_list_update,faka impuphu kuhlu lokudla.,5:12:SL:DISH_OR_FOOD,[IN:shopping_list_update [SL:DISH_OR_FOOD impuphu] ]
home,shopping_list_update,engeza amabhodlela amabili kawoyela ohlwini lwami lokuthenga igrosa.,"19:26:SL:NUMBER,29:35:SL:DISH_OR_FOOD",[IN:shopping_list_update [SL:NUMBER amabili] [SL:DISH_OR_FOOD woyela] ]
home,shopping_list_update,manginganezela ohlwini lwami lokudla izinkwa ezimbili ezinsundu kungaba imalini sekukonke?,"37:44:SL:DISH_OR_FOOD,45:53:SL:NUMBER",[IN:shopping_list_update [SL:DISH_OR_FOOD izinkwa] [SL:NUMBER ezimbili] ]
home,shopping_list_update,ngifakele amakinati ohlwini lwami lokuthenga ukudla.,10:19:SL:DISH_OR_FOOD,[IN:shopping_list_update [SL:DISH_OR_FOOD amakinati] ]
home,shopping_list_update,ungakhohlwa ukungifakela amanzi ezintweni engizozithenga ntambama.,"25:31:SL:DISH_OR_FOOD,57:65:SL:TIME",[IN:shopping_list_update [SL:DISH_OR_FOOD amanzi] [SL:TIME ntambama] ]
home,shopping_list_update,sekukhona izinto ezingaki ohlwini lokudla? uma kungakafiki kumashumi amabili unginezele amathini amabili kabhontshisi.,"59:76:SL:NUMBER,97:104:SL:NUMBER,105:117:SL:DISH_OR_FOOD",[IN:shopping_list_update [SL:NUMBER kumashumi amabili] [SL:NUMBER amabili] [SL:DISH_OR_FOOD kabhontshisi] ]
home,shopping_list_update,ngifakele utamatisi ekudleni engizokuthenga.,10:19:SL:DISH_OR_FOOD,[IN:shopping_list_update [SL:DISH_OR_FOOD utamatisi] ]
home,shopping_list_update,mangingafaka ubisi namaqanda kwigilosa yami zingaba ngaki izinto ezibhaliwe?,"13:18:SL:DISH_OR_FOOD,19:28:SL:DISH_OR_FOOD",[IN:shopping_list_update [SL:DISH_OR_FOOD ubisi] [SL:DISH_OR_FOOD namaqanda] ]
home,shopping_list_update,ngingafaka kanjani izinkwa ezehlukahlukene egiloseni yami?,19:26:SL:DISH_OR_FOOD,[IN:shopping_list_update [SL:DISH_OR_FOOD izinkwa] ]
home,shopping_list_update,faka irajah no-anyanisi kuhlu lwami lokuthenga ukudla.,"6:11:SL:DISH_OR_FOOD,15:23:SL:DISH_OR_FOOD",[IN:shopping_list_update [SL:DISH_OR_FOOD rajah] [SL:DISH_OR_FOOD anyanisi] ]
home,shopping_list_update,faka izithelo ezinjengama aphula nobhanana ohlwini lwegilosa yami.,"26:32:SL:DISH_OR_FOOD,35:42:SL:DISH_OR_FOOD",[IN:shopping_list_update [SL:DISH_OR_FOOD aphula] [SL:DISH_OR_FOOD bhanana] ]
home,shopping_list_update,faka amakhekhe kakhisimuzi kanye nonemenaythi obomvu ezintweni emele ngizithenge.,"5:26:SL:DISH_OR_FOOD,35:52:SL:DISH_OR_FOOD",[IN:shopping_list_update [SL:DISH_OR_FOOD amakhekhe kakhisimuzi] [SL:DISH_OR_FOOD nemenaythi obomvu] ]
home,shopping_list_update,amawolintshi ungakhohlwa ukuwafaka kanye nethanga ekudleni engizokuthenga,"0:12:SL:DISH_OR_FOOD,41:49:SL:DISH_OR_FOOD",[IN:shopping_list_update [SL:DISH_OR_FOOD amawolintshi] [SL:DISH_OR_FOOD nethanga] ]
home,shopping_list_update,uyifakile inyama yenkukhu neyenkomo ohlwini lokudla? makungekho kufake.,10:35:SL:DISH_OR_FOOD,[IN:shopping_list_update [SL:DISH_OR_FOOD inyama yenkukhu neyenkomo] ]
home,shopping_list_update,susa amazambane nobisi ohlwini lokudla.,"5:15:SL:DISH_OR_FOOD,18:22:SL:DISH_OR_FOOD",[IN:shopping_list_update [SL:DISH_OR_FOOD amazambane] [SL:DISH_OR_FOOD bisi] ]
home,shopping_list_update,ungayifaki inyama ebomvu ohlwini lokudla.,11:24:SL:DISH_OR_FOOD,[IN:shopping_list_update [SL:DISH_OR_FOOD inyama ebomvu] ]
home,shopping_list_update,ngifakele amanantshi amane eyntweni ekumele ngizithenge.,10:20:SL:DISH_OR_FOOD,[IN:shopping_list_update [SL:DISH_OR_FOOD amanantshi] ]
home,shopping_list_update,ungakhohlwa amanzi okuphuza ohlwini lokudla amalitha amahlanu.,"12:18:SL:DISH_OR_FOOD,53:61:SL:NUMBER",[IN:shopping_list_update [SL:DISH_OR_FOOD amanzi] [SL:NUMBER amahlanu] ]
home,shopping_list_update,engeza amajikijolo ohlwini lwami.,7:18:SL:DISH_OR_FOOD,[IN:shopping_list_update [SL:DISH_OR_FOOD amajikijolo] ]
home,shopping_list_update,khipha isinkwa esimhlophe bese ufaka izinkwa ezimbili ezinsundu esikhundleni saso.,"7:14:SL:DISH_OR_FOOD,37:44:SL:DISH_OR_FOOD,45:53:SL:NUMBER",[IN:shopping_list_update [SL:DISH_OR_FOOD isinkwa] [SL:DISH_OR_FOOD izinkwa] [SL:NUMBER ezimbili] ]
home,shopping_list_update,ungakhohlwa ukwengeza umango kanye neyogathi ohlwini lwami lokuthenga.,"23:28:SL:DISH_OR_FOOD,37:44:SL:DISH_OR_FOOD",[IN:shopping_list_update [SL:DISH_OR_FOOD mango] [SL:DISH_OR_FOOD yogathi] ]
home,shopping_list_update,qinisekisa ukuthi kukhona ulethisi nekhukhamba ohlwini lwami.,"26:34:SL:DISH_OR_FOOD,37:46:SL:DISH_OR_FOOD",[IN:shopping_list_update [SL:DISH_OR_FOOD ulethisi] [SL:DISH_OR_FOOD khukhamba] ]
home,shopping_list_update,engeza ijusi neziphuzo ezibandayo ohlwini lwami lokuthenga.,7:12:SL:DISH_OR_FOOD,[IN:shopping_list_update [SL:DISH_OR_FOOD ijusi] ]
home,shopping_list_update,susa i-tuna bese wengeza i-salmon nama-praws ohlwini lwami.,"7:11:SL:DISH_OR_FOOD,27:33:SL:DISH_OR_FOOD,39:44:SL:DISH_OR_FOOD",[IN:shopping_list_update [SL:DISH_OR_FOOD tuna] [SL:DISH_OR_FOOD salmon] [SL:DISH_OR_FOOD praws] ]
home,shopping_list_update,shintsha ingxube ye-pancake nge-muffin mix.,"20:27:SL:DISH_OR_FOOD,32:42:SL:DISH_OR_FOOD",[IN:shopping_list_update [SL:DISH_OR_FOOD pancake] [SL:DISH_OR_FOOD muffin mix] ]
home,shopping_list_update,ngfakele amawolintshi namafutha ohlwini lokudla.,"9:21:SL:DISH_OR_FOOD,22:31:SL:DISH_OR_FOOD",[IN:shopping_list_update [SL:DISH_OR_FOOD amawolintshi] [SL:DISH_OR_FOOD namafutha] ]
home,shopping_list_update,ungakhohlwa imithi yomkhuhlane namaphilisi anejinja nesweli ohlwini.,"12:30:SL:SHOPPING_ITEM,31:51:SL:SHOPPING_ITEM",[IN:shopping_list_update [SL:SHOPPING_ITEM imithi yomkhuhlane] [SL:SHOPPING_ITEM namaphilisi anejinja] ]
home,shopping_list_update,engeza ama-popcorn nosawoti ohlwini lwami lokuthenga.,"11:18:SL:DISH_OR_FOOD,21:27:SL:DISH_OR_FOOD",[IN:shopping_list_update [SL:DISH_OR_FOOD popcorn] [SL:DISH_OR_FOOD sawoti] ]
home,shopping_list_update,faka ibhotela nojamu ohlwini lwami ungakhohlwa ilitha elilodwa lamafutha okubhaka.,"5:13:SL:DISH_OR_FOOD,16:20:SL:DISH_OR_FOOD,54:62:SL:NUMBER,63:72:SL:DISH_OR_FOOD",[IN:shopping_list_update [SL:DISH_OR_FOOD ibhotela] [SL:DISH_OR_FOOD jamu] [SL:NUMBER elilodwa] [SL:DISH_OR_FOOD lamafutha] ]
home,shopping_list_update,ungakhohlwa umuthi wezintuthwane ohlwini lami.,12:32:SL:SHOPPING_ITEM,[IN:shopping_list_update [SL:SHOPPING_ITEM umuthi wezintuthwane] ]
home,shopping_list_update,kulenyanga ungawafaki amakhekhe amaMarie ngoba sengiwathengile.,22:40:SL:DISH_OR_FOOD,[IN:shopping_list_update [SL:DISH_OR_FOOD amakhekhe amaMarie] ]
home,shopping_list_update,ungafaki ukwatapheya kanye nolethisi ohlwini lwami lwegrosa njengoba ngingeke ngenze amasaladi kule nyanga.,"9:20:SL:DISH_OR_FOOD,29:36:SL:DISH_OR_FOOD",[IN:shopping_list_update [SL:DISH_OR_FOOD ukwatapheya] [SL:DISH_OR_FOOD lethisi] ]
home,shopping_list_update,faka impuphu nommbila ohlwini lwami.,"5:12:SL:DISH_OR_FOOD,13:21:SL:DISH_OR_FOOD",[IN:shopping_list_update [SL:DISH_OR_FOOD impuphu] [SL:DISH_OR_FOOD nommbila] ]
home,shopping_list_update,"utamatisi namakhukhamba kumele kube yingxenye yegilosa yami, kufake.","0:9:SL:DISH_OR_FOOD,10:23:SL:DISH_OR_FOOD",[IN:shopping_list_update [SL:DISH_OR_FOOD utamatisi] [SL:DISH_OR_FOOD namakhukhamba] ]
home,shopping_list_update,faka izithako ukupheka isinkwa esishisayo bese ufaka usu ohlwini lwami lwegrosa.,"23:30:SL:DISH_OR_FOOD,53:56:SL:DISH_OR_FOOD",[IN:shopping_list_update [SL:DISH_OR_FOOD isinkwa] [SL:DISH_OR_FOOD usu] ]
home,shopping_list_update,engeza izinongo zokupheka kanye nesobho ohlwini lwami lwegrosa.,"7:15:SL:DISH_OR_FOOD,34:39:SL:DISH_OR_FOOD",[IN:shopping_list_update [SL:DISH_OR_FOOD izinongo] [SL:DISH_OR_FOOD sobho] ]
home,shopping_list_update,engeza u-2kg kashukela kanye no-500g kasawoti ohlwini lwami lwegrosa.,"9:10:SL:NUMBER,15:22:SL:DISH_OR_FOOD,32:35:SL:NUMBER,39:45:SL:DISH_OR_FOOD",[IN:shopping_list_update [SL:NUMBER 2] [SL:DISH_OR_FOOD shukela] [SL:NUMBER 500] [SL:DISH_OR_FOOD sawoti] ]
home,shopping_list_update,ungakhohlwa ukwengeza insipho yokugeza umzimba wami kanye ne-moisturizer yomzimba ohlwini.,"22:46:SL:SHOPPING_ITEM,61:81:SL:SHOPPING_ITEM",[IN:shopping_list_update [SL:SHOPPING_ITEM insipho yokugeza umzimba] [SL:SHOPPING_ITEM moisturizer yomzimba] ]
home,shopping_list_update,engeza amapuleti ama-2 nezingilazi ezi-4 ohlwini lwami.,"7:16:SL:SHOPPING_ITEM,21:22:SL:NUMBER,23:34:SL:SHOPPING_ITEM,39:40:SL:NUMBER",[IN:shopping_list_update [SL:SHOPPING_ITEM amapuleti] [SL:NUMBER 2] [SL:SHOPPING_ITEM nezingilazi] [SL:NUMBER 4] ]
home,shopping_list_update,ufake amajusi namadilinki namanzi ohlwini lwami lokuthenga ukudla.,"9:13:SL:DISH_OR_FOOD,18:25:SL:DISH_OR_FOOD,27:33:SL:DISH_OR_FOOD",[IN:shopping_list_update [SL:DISH_OR_FOOD jusi] [SL:DISH_OR_FOOD dilinki] [SL:DISH_OR_FOOD amanzi] ]
home,shopping_list_update,susa izimbali zokuhlobisa endlini ohlwini lwami.,5:13:SL:SHOPPING_ITEM,[IN:shopping_list_update [SL:SHOPPING_ITEM izimbali] ]
home,shopping_list_update,ufake nobisi lwempuphu nolwamanzi ohlwini lwezinto engizozithenga.,6:33:SL:DISH_OR_FOOD,[IN:shopping_list_update [SL:DISH_OR_FOOD nobisi lwempuphu nolwamanzi] ]
home,shopping_list_update,ungawafaki amasi ohlwini lokudla.,11:16:SL:DISH_OR_FOOD,[IN:shopping_list_update [SL:DISH_OR_FOOD amasi] ]
home,shopping_list_update,ngicela ufake amawolintshi kuhlu lokuthenga esitolo sakwaPick n Pay.,14:26:SL:DISH_OR_FOOD,[IN:shopping_list_update [SL:DISH_OR_FOOD amawolintshi] ]
home,shopping_list_update,ngicela wengeze izimbambo zengulube ohlwini lwami lokuthenga.,16:35:SL:DISH_OR_FOOD,[IN:shopping_list_update [SL:DISH_OR_FOOD izimbambo zengulube] ]
home,shopping_list_update,ikuphi impushana yokuwasha i-ariel eshibhe khona phakathi kwesitolo sakwa-woolworths  noma esaka gaymu?,7:34:SL:SHOPPING_ITEM,[IN:shopping_list_update [SL:SHOPPING_ITEM impushana yokuwasha i-ariel] ]
home,shopping_list_update,engeza ukudla okunefayba ohlwini lwami.,,[IN:shopping_list_update ]
home,shopping_list_update,ngicela ungakhohlwa ukwengeza u-anyanisi obomvu nenkukhu ohlwini lwami.,"30:47:SL:DISH_OR_FOOD,48:56:SL:DISH_OR_FOOD",[IN:shopping_list_update [SL:DISH_OR_FOOD u-anyanisi obomvu] [SL:DISH_OR_FOOD nenkukhu] ]
home,shopping_list_update,ungangeza amabhanisi ashisayo nekhofi ohlwini lwami ngiyacela.,"10:20:SL:DISH_OR_FOOD,32:37:SL:DISH_OR_FOOD",[IN:shopping_list_update [SL:DISH_OR_FOOD amabhanisi] [SL:DISH_OR_FOOD khofi] ]
home,shopping_list_update,ngicela ususe i-bleach bese uyibuyisela i-domestos ohlwini lwami.,"16:22:SL:SHOPPING_ITEM,42:50:SL:SHOPPING_ITEM",[IN:shopping_list_update [SL:SHOPPING_ITEM bleach] [SL:SHOPPING_ITEM domestos] ]
home,shopping_list_update,engeza ama-marshmallows noshokoledi ohlwini lwami ngiyacela.,"11:23:SL:DISH_OR_FOOD,24:35:SL:DISH_OR_FOOD",[IN:shopping_list_update [SL:DISH_OR_FOOD marshmallows] [SL:DISH_OR_FOOD noshokoledi] ]
home,shopping_list_update,susa izithelo ohlwini lwami lwegrosa.,5:13:SL:DISH_OR_FOOD,[IN:shopping_list_update [SL:DISH_OR_FOOD izithelo] ]
home,shopping_list_update,engeza itiye likashokoledi elishisayo kanye ne-nutella.,47:54:SL:DISH_OR_FOOD,[IN:shopping_list_update [SL:DISH_OR_FOOD nutella] ]
home,shopping_list_update,ngicela wengeze isidladla bese ususa amawolintshi ohlwini lwami.,37:49:SL:DISH_OR_FOOD,[IN:shopping_list_update [SL:DISH_OR_FOOD amawolintshi] ]
home,shopping_list_update,engeza insipho yokugeza yedove kanye ne-sensodyne umuthi wokuxubha ohlwini lwami lokuthenga.,"26:30:SL:SHOPPING_ITEM,40:66:SL:SHOPPING_ITEM",[IN:shopping_list_update [SL:SHOPPING_ITEM dove] [SL:SHOPPING_ITEM sensodyne umuthi wokuxubha] ]
home,shopping_list_update,ungafaki ibhotela lamantongomane ohlwini lwami kule nyanga.,9:32:SL:DISH_OR_FOOD,[IN:shopping_list_update [SL:DISH_OR_FOOD ibhotela lamantongomane] ]
home,shopping_list_update,"engeza ujamu, upholoni, isinkwa, ubhekeni noshizi ohlwini lwami.","7:12:SL:DISH_OR_FOOD,14:22:SL:DISH_OR_FOOD,24:31:SL:DISH_OR_FOOD,33:41:SL:DISH_OR_FOOD,44:49:SL:DISH_OR_FOOD",[IN:shopping_list_update [SL:DISH_OR_FOOD ujamu] [SL:DISH_OR_FOOD upholoni] [SL:DISH_OR_FOOD isinkwa] [SL:DISH_OR_FOOD ubhekeni] [SL:DISH_OR_FOOD shizi] ]
home,shopping_list_update,ungafaki ama-noodles ohlwini lwami kodwa esikhundleni sawo ufake i-makharoni ne-spaghetti.,"13:20:SL:DISH_OR_FOOD,67:76:SL:DISH_OR_FOOD,80:89:SL:DISH_OR_FOOD",[IN:shopping_list_update [SL:DISH_OR_FOOD noodles] [SL:DISH_OR_FOOD makharoni] [SL:DISH_OR_FOOD spaghetti] ]
home,shopping_list_update,ngicela ufake izinhlanzi nelayisi ohlwini lwami.,"14:24:SL:DISH_OR_FOOD,25:33:SL:DISH_OR_FOOD",[IN:shopping_list_update [SL:DISH_OR_FOOD izinhlanzi] [SL:DISH_OR_FOOD nelayisi] ]
home,shopping_list_update,susa ukudla okulula ohlwini lwami.,,[IN:shopping_list_update ]
home,shopping_list_update,engeza ijusi kalamula netiye le-rooibos ohlwini lwami.,"7:21:SL:DISH_OR_FOOD,32:39:SL:DISH_OR_FOOD",[IN:shopping_list_update [SL:DISH_OR_FOOD ijusi kalamula] [SL:DISH_OR_FOOD rooibos] ]
home,shopping_list_update,engeza u-ayisikhilimu kanye neyogathi ohlwini lwami.,"9:21:SL:DISH_OR_FOOD,28:37:SL:DISH_OR_FOOD",[IN:shopping_list_update [SL:DISH_OR_FOOD ayisikhilimu] [SL:DISH_OR_FOOD neyogathi] ]
home,shopping_list_update,susa amaqanda ephasika ohlwini lwami.,5:22:SL:DISH_OR_FOOD,[IN:shopping_list_update [SL:DISH_OR_FOOD amaqanda ephasika] ]
home,shopping_list_update,ngicela wengeze okokuvikela elangeni kanye nokungena ohlwini lwami lokuthenga.,16:36:SL:SHOPPING_ITEM,[IN:shopping_list_update [SL:SHOPPING_ITEM okokuvikela elangeni] ]
home,shopping_list_update,sicela wengeze i-aromat namavienna ohlwini.,"17:23:SL:DISH_OR_FOOD,28:34:SL:DISH_OR_FOOD",[IN:shopping_list_update [SL:DISH_OR_FOOD aromat] [SL:DISH_OR_FOOD vienna] ]
home,shopping_list_update,engeza amabhisikidi anenutrific uma ngingakawangezi ohlwini.,7:31:SL:DISH_OR_FOOD,[IN:shopping_list_update [SL:DISH_OR_FOOD amabhisikidi anenutrific] ]
home,shopping_list_update,engeza usawoti omuncu nemifino exubile ohlwini lwami.,"7:14:SL:DISH_OR_FOOD,24:30:SL:DISH_OR_FOOD",[IN:shopping_list_update [SL:DISH_OR_FOOD usawoti] [SL:DISH_OR_FOOD mifino] ]
home,shopping_list_update,engeza ujusi wecranberry kanye nophaya ohlwini lwami.,"8:24:SL:DISH_OR_FOOD,33:38:SL:DISH_OR_FOOD",[IN:shopping_list_update [SL:DISH_OR_FOOD jusi wecranberry] [SL:DISH_OR_FOOD phaya] ]
home,shopping_list_update,engeza amaqabunga emint kanye nejinja echotshoziwe negalikhi ohlwini lwami.,"7:23:SL:DISH_OR_FOOD,32:60:SL:DISH_OR_FOOD",[IN:shopping_list_update [SL:DISH_OR_FOOD amaqabunga emint] [SL:DISH_OR_FOOD jinja echotshoziwe negalikhi] ]
home,shopping_list_update,engeza ivaseline namafutha ezicubu ohlwini lwami bese ukhipha ibhotela likakhokho.,"18:26:SL:DISH_OR_FOOD,62:70:SL:DISH_OR_FOOD",[IN:shopping_list_update [SL:DISH_OR_FOOD amafutha] [SL:DISH_OR_FOOD ibhotela] ]
home,shopping_list_update,susa imvubelo bese uyishintsha nge-baking powder ohlwini lwami.,"5:13:SL:DISH_OR_FOOD,35:48:SL:DISH_OR_FOOD",[IN:shopping_list_update [SL:DISH_OR_FOOD imvubelo] [SL:DISH_OR_FOOD baking powder] ]
home,shopping_list_update,"engeza imuesli ne-oats kanye nobisi ohlwini lwami, kwenze kube kubili kwento ngayinye.","8:14:SL:DISH_OR_FOOD,18:22:SL:DISH_OR_FOOD,31:35:SL:DISH_OR_FOOD,63:69:SL:NUMBER",[IN:shopping_list_update [SL:DISH_OR_FOOD muesli] [SL:DISH_OR_FOOD oats] [SL:DISH_OR_FOOD bisi] [SL:NUMBER kubili] ]
home,shopping_list_update,engeza ipronutro namakelloggs ohlwini lwami ungakhohlwa iphalishi elisheshayo.,"8:16:SL:DISH_OR_FOOD,21:29:SL:DISH_OR_FOOD",[IN:shopping_list_update [SL:DISH_OR_FOOD pronutro] [SL:DISH_OR_FOOD kelloggs] ]
home,shopping_list_update,engeza amagilebhisi kanye nengxube yemuffin eyenziwe ngomumo.,"7:19:SL:DISH_OR_FOOD,26:43:SL:DISH_OR_FOOD",[IN:shopping_list_update [SL:DISH_OR_FOOD amagilebhisi] [SL:DISH_OR_FOOD nengxube yemuffin] ]
home,shopping_list_update,sicela ususe amaqanda ohlwini bese wengeza itiye lechamomile.,"13:21:SL:DISH_OR_FOOD,43:60:SL:DISH_OR_FOOD",[IN:shopping_list_update [SL:DISH_OR_FOOD amaqanda] [SL:DISH_OR_FOOD itiye lechamomile] ]
home,shopping_list_update,engeza amastrawberry namablueberries ohlwini.,"10:20:SL:DISH_OR_FOOD,25:36:SL:DISH_OR_FOOD",[IN:shopping_list_update [SL:DISH_OR_FOOD strawberry] [SL:DISH_OR_FOOD blueberries] ]
home,shopping_list_update,susa amadoritos kanye namalays chips ohlwini.,"5:15:SL:DISH_OR_FOOD,22:30:SL:DISH_OR_FOOD",[IN:shopping_list_update [SL:DISH_OR_FOOD amadoritos] [SL:DISH_OR_FOOD namalays] ]
kitchen_and_dining,restaurant_reservation,kuyimalini ukuthenga amapuleti amathathu eNikkoz uma nizodlela ngaphakathi isidlo sakusihlwa?,"31:40:SL:NUMBER,42:48:SL:RESTAURANT_NAME,75:92:SL:MEAL_PERIOD",[IN:restaurant_reservation [SL:NUMBER amathathu] [SL:RESTAURANT_NAME Nikkoz] [SL:MEAL_PERIOD isidlo sakusihlwa] ]
kitchen_and_dining,restaurant_reservation,iyiphi indawo yokudlela evumela ukubhuka okumnandi kwesidlo sakusihlwa eV&A Waterfront?,"51:70:SL:MEAL_PERIOD,72:86:SL:PLACE_NAME",[IN:restaurant_reservation [SL:MEAL_PERIOD kwesidlo sakusihlwa] [SL:PLACE_NAME V&A Waterfront] ]
kitchen_and_dining,restaurant_reservation,hlola inani lesidlo sakusihlwa ukubhuka kwe-pasta eSignature indawo yokudlela eseThekwini kubantu ababili.,"12:30:SL:MEAL_PERIOD,44:49:SL:DISH_OR_FOOD,51:60:SL:RESTAURANT_NAME,81:89:SL:CITY_OR_PROVINCE,98:105:SL:NUMBER",[IN:restaurant_reservation [SL:MEAL_PERIOD lesidlo sakusihlwa] [SL:DISH_OR_FOOD pasta] [SL:RESTAURANT_NAME Signature] [SL:CITY_OR_PROVINCE Thekwini] [SL:NUMBER ababili] ]
kitchen_and_dining,restaurant_reservation,ingabe indawo yokudlela yase-Utopia eKapa ivumela izingane ezingaphansi kweminyaka engu-18 ukuba zize endaweni yazo yokudlela ukuze zizodla kahle nabazali bazo?,"29:35:SL:RESTAURANT_NAME,36:41:SL:CITY_OR_PROVINCE,88:90:SL:NUMBER",[IN:restaurant_reservation [SL:RESTAURANT_NAME Utopia] [SL:CITY_OR_PROVINCE eKapa] [SL:NUMBER 18] ]
kitchen_and_dining,restaurant_reservation,Ingabe indawo yokudlela yaseLa Prada iyakuthatha ukubhuka ngemikhosi yokuzalwa ebusuku?,"28:36:SL:RESTAURANT_NAME,69:86:SL:CALENDAR_EVENT",[IN:restaurant_reservation [SL:RESTAURANT_NAME La Prada] [SL:CALENDAR_EVENT yokuzalwa ebusuku] ]
kitchen_and_dining,restaurant_reservation,Athini amanani  okubhukhela isidlo sakusihlwa endaweni yokudlela eLa Colombe ?,"28:45:SL:MEAL_PERIOD,66:76:SL:RESTAURANT_NAME",[IN:restaurant_reservation [SL:MEAL_PERIOD isidlo sakusihlwa] [SL:RESTAURANT_NAME La Colombe] ]
kitchen_and_dining,restaurant_reservation,endaweni yokudlela yeScale Pasta bayeka ngasiphi isikhathi ukubhukha ukudla kwakusihlwa uma ufuna ukufika  ngo-19h00?,"21:32:SL:RESTAURANT_NAME,111:116:SL:TIME",[IN:restaurant_reservation [SL:RESTAURANT_NAME Scale Pasta] [SL:TIME 19h00] ]
kitchen_and_dining,restaurant_reservation,Ivala nini iChef Warehouse ukuze uma ufuna ukubhukhela ukudla kwasemini?,"12:26:SL:RESTAURANT_NAME,55:71:SL:MEAL_PERIOD",[IN:restaurant_reservation [SL:RESTAURANT_NAME Chef Warehouse] [SL:MEAL_PERIOD ukudla kwasemini] ]
kitchen_and_dining,restaurant_reservation,Ingabe iFoodbarn iyakuvumela ukubhukha ukudla kwakusihlwa kweqembu labantu abangu-20?,"8:16:SL:RESTAURANT_NAME,39:57:SL:MEAL_PERIOD,82:84:SL:NUMBER",[IN:restaurant_reservation [SL:RESTAURANT_NAME Foodbarn] [SL:MEAL_PERIOD ukudla kwakusihlwa] [SL:NUMBER 20] ]
kitchen_and_dining,restaurant_reservation,ingabe indawo yokudlela yaseFyn iyindawo yokudlela ekahle?,28:31:SL:RESTAURANT_NAME,[IN:restaurant_reservation [SL:RESTAURANT_NAME Fyn] ]
kitchen_and_dining,restaurant_reservation,Iyiphi indawo yokudlela phakathi kweVilla 47 kanye ne-Grub & Vine enezintengo eziphansi kakhulu zokubhukha ukuze udle isidlo sakusihlwa sabantu abane?,"36:44:SL:RESTAURANT_NAME,54:65:SL:RESTAURANT_NAME,118:135:SL:MEAL_PERIOD,144:149:SL:NUMBER",[IN:restaurant_reservation [SL:RESTAURANT_NAME Villa 47] [SL:RESTAURANT_NAME Grub & Vine] [SL:MEAL_PERIOD isidlo sakusihlwa] [SL:NUMBER abane] ]
kitchen_and_dining,restaurant_reservation,Iyiphi indawo yokudlela ekhokhisa inani eliphezulu lokubhukha lesidlo sakusihlwa senkukhu ne-macaroni phakathi kwendawo yokudlela yase-Azura ne-One & Only restaurant?,"64:80:SL:MEAL_PERIOD,135:140:SL:RESTAURANT_NAME,144:165:SL:RESTAURANT_NAME",[IN:restaurant_reservation [SL:MEAL_PERIOD sidlo sakusihlwa] [SL:RESTAURANT_NAME Azura] [SL:RESTAURANT_NAME One & Only restaurant] ]
kitchen_and_dining,restaurant_reservation,iyiphi inombolo yokuxhumana engingayisebenzisa ukushayela indawo yokudlela yase-On The Rocks ukuze ngibhukhe isidlo sakusihlwa namuhla kusihlwa?,"80:92:SL:RESTAURANT_NAME,109:126:SL:MEAL_PERIOD,135:143:SL:TIME",[IN:restaurant_reservation [SL:RESTAURANT_NAME On The Rocks] [SL:MEAL_PERIOD isidlo sakusihlwa] [SL:TIME kusihlwa] ]
kitchen_and_dining,restaurant_reservation,ngibekisele indawo ukuze ngidle isidlo sakusihlwa ngo-20h00 endaweni yokudlela  iConservatory.,"32:49:SL:MEAL_PERIOD,54:59:SL:TIME",[IN:restaurant_reservation [SL:MEAL_PERIOD isidlo sakusihlwa] [SL:TIME 20h00] ]
kitchen_and_dining,restaurant_reservation,malini ukubhukha indawo yokudlela yaseHomespun Blouberg ubusuku bonke?,38:55:SL:RESTAURANT_NAME,[IN:restaurant_reservation [SL:RESTAURANT_NAME Homespun Blouberg] ]
kitchen_and_dining,restaurant_reservation,Ingabe indawo yokudlela yaseZest ivula ngaphambi kuka-08h00 ukuze ibhukelwe isidlo sakusihlwa?,"28:32:SL:RESTAURANT_NAME,54:59:SL:TIME,76:93:SL:MEAL_PERIOD",[IN:restaurant_reservation [SL:RESTAURANT_NAME Zest] [SL:TIME 08h00] [SL:MEAL_PERIOD isidlo sakusihlwa] ]
kitchen_and_dining,restaurant_reservation,Kuthatha isikhathi esingakanani ukuthi ukudla kwakho kufike eSalsify endaweni yokudlela yaseRoundhouse uma ngabe ubhuke ngo-18h00?,"60:68:SL:RESTAURANT_NAME,92:102:SL:RESTAURANT_NAME,124:129:SL:TIME",[IN:restaurant_reservation [SL:RESTAURANT_NAME eSalsify] [SL:RESTAURANT_NAME Roundhouse] [SL:TIME 18h00] ]
kitchen_and_dining,restaurant_reservation,Ingabe indawo yokudlela kaSiba iyalidayisa iwundlu elisemgangathweni namazambane agayiwe?,"7:30:SL:RESTAURANT_NAME,43:88:SL:DISH_OR_FOOD",[IN:restaurant_reservation [SL:RESTAURANT_NAME indawo yokudlela kaSiba] [SL:DISH_OR_FOOD iwundlu elisemgangathweni namazambane agayiwe] ]
kitchen_and_dining,restaurant_reservation,ivalwa nini indawo yokudlela yePot Luck Club ukuze ibhukelwe isidlo sakusihlwa?,"31:44:SL:RESTAURANT_NAME,61:78:SL:MEAL_PERIOD",[IN:restaurant_reservation [SL:RESTAURANT_NAME Pot Luck Club] [SL:MEAL_PERIOD isidlo sakusihlwa] ]
kitchen_and_dining,restaurant_reservation,ingabe indawo yokudlela kaBobo iyathengeka kumfundi?,26:30:SL:PERSONAL_NAME,[IN:restaurant_reservation [SL:PERSONAL_NAME Bobo] ]
kitchen_and_dining,restaurant_reservation,yimalini intengo yeziphuzo ezishisayo endaweni yokudlela Emazulwini?,57:67:SL:RESTAURANT_NAME,[IN:restaurant_reservation [SL:RESTAURANT_NAME Emazulwini] ]
kitchen_and_dining,restaurant_reservation,ingabe i-granary cafe iyavula ngamaholide omphakathi?,9:21:SL:RESTAURANT_NAME,[IN:restaurant_reservation [SL:RESTAURANT_NAME granary cafe] ]
kitchen_and_dining,restaurant_reservation,uma ngibhukhele ukudla eParanga Restaurant ngo-19h30 ngizofika ngesikhathi uma ngishayela ngisuka e-Observatory ngo 19h00?,"24:42:SL:RESTAURANT_NAME,47:52:SL:TIME,100:111:SL:PLACE_NAME,116:121:SL:TIME",[IN:restaurant_reservation [SL:RESTAURANT_NAME Paranga Restaurant] [SL:TIME 19h30] [SL:PLACE_NAME Observatory] [SL:TIME 19h00] ]
kitchen_and_dining,restaurant_reservation,ungibhukhele ukudla eTwo Oceans Restaurant namhlanje ngo 21h00.,"21:42:SL:RESTAURANT_NAME,57:62:SL:TIME",[IN:restaurant_reservation [SL:RESTAURANT_NAME Two Oceans Restaurant] [SL:TIME 21h00] ]
kitchen_and_dining,restaurant_reservation,sicela ubhukele abantu abayisikhombisa ngo-20h10 endaweni yokudlela yase-Baia Seafood.,"23:38:SL:NUMBER,43:48:SL:TIME,73:85:SL:RESTAURANT_NAME",[IN:restaurant_reservation [SL:NUMBER abayisikhombisa] [SL:TIME 20h10] [SL:RESTAURANT_NAME Baia Seafood] ]
kitchen_and_dining,restaurant_reservation,ubeke itafula lababili eDe Grendel Wine Estate kanye naseRestaurant ngo-14h00 ubhukhele abantu ababili.,"14:22:SL:NUMBER,24:46:SL:PLACE_NAME,72:77:SL:TIME,95:102:SL:NUMBER",[IN:restaurant_reservation [SL:NUMBER lababili] [SL:PLACE_NAME De Grendel Wine Estate] [SL:TIME 14h00] [SL:NUMBER ababili] ]
kitchen_and_dining,restaurant_reservation,ikude kangakanani indawo yokudlela yeHussar Grill Grandwest ukusuka kimi? Ngingathanda ukubhukha isidlo sakusihlwa lapho.,"37:59:SL:RESTAURANT_NAME,97:114:SL:MEAL_PERIOD",[IN:restaurant_reservation [SL:RESTAURANT_NAME Hussar Grill Grandwest] [SL:MEAL_PERIOD isidlo sakusihlwa] ]
kitchen_and_dining,restaurant_reservation,setha isikhumbuzi sango-15h00 ukuze ngibekisele abangani bami isidlo sasemini sakusasa endaweni yokudlela eZibaldone.,"24:29:SL:TIME,62:77:SL:MEAL_PERIOD,107:116:SL:RESTAURANT_NAME",[IN:restaurant_reservation [SL:TIME 15h00] [SL:MEAL_PERIOD isidlo sasemini] [SL:RESTAURANT_NAME Zibaldone] ]
kitchen_and_dining,restaurant_reservation,Ingabe indawo yokudlela yaseHarlequin iyakuvumela ukudiliva isidlo sakusihlwa?,"28:37:SL:RESTAURANT_NAME,60:77:SL:MEAL_PERIOD",[IN:restaurant_reservation [SL:RESTAURANT_NAME Harlequin] [SL:MEAL_PERIOD isidlo sakusihlwa] ]
kitchen_and_dining,restaurant_reservation,ngicela ungibekele indawo yesidlo sakusihlwa sabantu abahlanu endaweni yokudlela eVilla & Rhino ngo-22h00.,"26:44:SL:MEAL_PERIOD,53:61:SL:NUMBER,82:95:SL:RESTAURANT_NAME,100:105:SL:TIME",[IN:restaurant_reservation [SL:MEAL_PERIOD yesidlo sakusihlwa] [SL:NUMBER abahlanu] [SL:RESTAURANT_NAME Villa & Rhino] [SL:TIME 22h00] ]
kitchen_and_dining,restaurant_reservation,ngicela ungakhohlwa ukubekisa indawo yokudla iFine Craft ngesidlo sakusihlwa ngo-19h40.,"46:56:SL:RESTAURANT_NAME,57:76:SL:MEAL_PERIOD,81:86:SL:TIME",[IN:restaurant_reservation [SL:RESTAURANT_NAME Fine Craft] [SL:MEAL_PERIOD ngesidlo sakusihlwa] [SL:TIME 19h40] ]
kitchen_and_dining,restaurant_reservation,Ingabe indawo yokudlela yeHussar Grill Willowbridge iseduze nami ngoba ngifuna ukubhukha ukudla kwakusihlwa?,"26:51:SL:RESTAURANT_NAME,89:107:SL:MEAL_PERIOD",[IN:restaurant_reservation [SL:RESTAURANT_NAME Hussar Grill Willowbridge] [SL:MEAL_PERIOD ukudla kwakusihlwa] ]
kitchen_and_dining,restaurant_reservation,bhukha ngo-16h00 eJackson and Black Grill & Pizzeria ukuze uthole isidlo sakusihlwa esizosidla nabangani bami basenkonzweni.,"11:16:SL:TIME,18:52:SL:RESTAURANT_NAME,66:83:SL:MEAL_PERIOD",[IN:restaurant_reservation [SL:TIME 16h00] [SL:RESTAURANT_NAME Jackson and Black Grill & Pizzeria] [SL:MEAL_PERIOD isidlo sakusihlwa] ]
kitchen_and_dining,restaurant_reservation,bhukhela abantu abayishumi kwa-Spur ngeSonto ngo-17h40 ukuze sidle isidlo sakusihlwa eTygervalley.,"16:26:SL:NUMBER,31:35:SL:RESTAURANT_NAME,39:44:SL:DATE,49:54:SL:TIME,67:84:SL:MEAL_PERIOD,86:97:SL:PLACE_NAME",[IN:restaurant_reservation [SL:NUMBER abayishumi] [SL:RESTAURANT_NAME Spur] [SL:DATE Sonto] [SL:TIME 17h40] [SL:MEAL_PERIOD isidlo sakusihlwa] [SL:PLACE_NAME Tygervalley] ]
kitchen_and_dining,restaurant_reservation,ungibhukhele itafula labantu abadala abane endaweni yokudlela ye-Steakhouse grill.,"37:42:SL:NUMBER,65:81:SL:RESTAURANT_NAME",[IN:restaurant_reservation [SL:NUMBER abane] [SL:RESTAURANT_NAME Steakhouse grill] ]
kitchen_and_dining,restaurant_reservation,bhukha endaweni yokudlela kaMnumzane Browns yabantu abangamashumi amabili ngephathi yami yosuku lokuzalwa lweshumi nesishiyagalombili,"28:43:SL:RESTAURANT_NAME,52:73:SL:NUMBER,106:133:SL:NUMBER",[IN:restaurant_reservation [SL:RESTAURANT_NAME Mnumzane Browns] [SL:NUMBER abangamashumi amabili] [SL:NUMBER lweshumi nesishiyagalombili] ]
kitchen_and_dining,restaurant_reservation,yimalini ukubhukha ukuze abantu abayishumi nanhlanu badle isidlo sakusihlwa endaweni yokudlela yase-Circus Circus?,"32:51:SL:NUMBER,58:75:SL:MEAL_PERIOD,100:113:SL:RESTAURANT_NAME",[IN:restaurant_reservation [SL:NUMBER abayishumi nanhlanu] [SL:MEAL_PERIOD isidlo sakusihlwa] [SL:RESTAURANT_NAME Circus Circus] ]
kitchen_and_dining,restaurant_reservation,bhukha abantu abangu-9 abazodla isidlo sasekuseni endaweni yokudlela yase-ninth avenue waterside,"14:22:SL:NUMBER,32:49:SL:MEAL_PERIOD,74:96:SL:RESTAURANT_NAME",[IN:restaurant_reservation [SL:NUMBER abangu-9] [SL:MEAL_PERIOD isidlo sasekuseni] [SL:RESTAURANT_NAME ninth avenue waterside] ]
kitchen_and_dining,restaurant_reservation,"uma ngibhukha eRoma Revolving restaurant ukuze ngidle isidlo sasemini sekwephuzile, ingabe imenyu yasekuseni izotholakala?","15:29:SL:RESTAURANT_NAME,54:69:SL:MEAL_PERIOD,98:108:SL:TIME",[IN:restaurant_reservation [SL:RESTAURANT_NAME Roma Revolving] [SL:MEAL_PERIOD isidlo sasemini] [SL:TIME yasekuseni] ]
kitchen_and_dining,restaurant_reservation,bhukha itafula labane eGrill Jichana Durban ubhukhela u18h00 ksasa.,"23:36:SL:RESTAURANT_NAME,37:43:SL:CITY_OR_PROVINCE,55:60:SL:TIME,61:66:SL:DATE",[IN:restaurant_reservation [SL:RESTAURANT_NAME Grill Jichana] [SL:CITY_OR_PROVINCE Durban] [SL:TIME 18h00] [SL:DATE ksasa] ]
kitchen_and_dining,restaurant_reservation,ngicela unginikeze inombolo engingayishayela uma ngifuna ukubhukha isidlo sakusihlwa endaweni yokudlela yeCargo hold,"67:84:SL:MEAL_PERIOD,106:116:SL:RESTAURANT_NAME",[IN:restaurant_reservation [SL:MEAL_PERIOD isidlo sakusihlwa] [SL:RESTAURANT_NAME Cargo hold] ]
kitchen_and_dining,restaurant_reservation,bhukha itafula elilodwa endaweni yokudlela yaseHavana.ubhukhela kusasa ekuseni.,"15:23:SL:NUMBER,47:53:SL:RESTAURANT_NAME,64:70:SL:DATE,71:78:SL:TIME",[IN:restaurant_reservation [SL:NUMBER elilodwa] [SL:RESTAURANT_NAME Havana] [SL:DATE kusasa] [SL:TIME ekuseni] ]
kitchen_and_dining,restaurant_reservation,ngitholele ikheli le-imeyili lendawo yokudlela yehussar grill ukuze ngibhukhe amatafula ayisishiyagalombili ngomsebenzi wami,"49:61:SL:RESTAURANT_NAME,88:107:SL:NUMBER",[IN:restaurant_reservation [SL:RESTAURANT_NAME hussar grill] [SL:NUMBER ayisishiyagalombili] ]
kitchen_and_dining,restaurant_reservation,ubeke endaweni yokudlela yaseSignature eMhlanga abantu abangu-20 ngomhla weshumi kuNhlaba ukubungaza ukuthweswa kwami ​​iziqu,"29:38:SL:RESTAURANT_NAME,39:47:SL:PLACE_NAME,62:64:SL:NUMBER,65:89:SL:DATE",[IN:restaurant_reservation [SL:RESTAURANT_NAME Signature] [SL:PLACE_NAME eMhlanga] [SL:NUMBER 20] [SL:DATE ngomhla weshumi kuNhlaba] ]
kitchen_and_dining,restaurant_reservation,ngitholele inombolo yokuxhumana yeMalis Indian Restaurant ukuze ngibekisele ukudla kwakusihlwa lapho,"34:57:SL:RESTAURANT_NAME,76:94:SL:MEAL_PERIOD",[IN:restaurant_reservation [SL:RESTAURANT_NAME Malis Indian Restaurant] [SL:MEAL_PERIOD ukudla kwakusihlwa] ]
kitchen_and_dining,restaurant_reservation,ngicela ungabhukhela indawo umndeni wami ukuze udle isidlo sakusihlwa eJack Salmon,"52:69:SL:MEAL_PERIOD,71:82:SL:RESTAURANT_NAME",[IN:restaurant_reservation [SL:MEAL_PERIOD isidlo sakusihlwa] [SL:RESTAURANT_NAME Jack Salmon] ]
kitchen_and_dining,restaurant_reservation,uma ngibhukha endaweni yokudlela yaseTopaz naseSkybar ngizokwazi yini ukuthenga amaprawn kumenyu yabo?,"37:42:SL:RESTAURANT_NAME,47:53:SL:RESTAURANT_NAME,80:88:SL:DISH_OR_FOOD",[IN:restaurant_reservation [SL:RESTAURANT_NAME Topaz] [SL:RESTAURANT_NAME Skybar] [SL:DISH_OR_FOOD amaprawn] ]
kitchen_and_dining,restaurant_reservation,bhukha itafula labantu abayishumi nanye endaweni yokudlela yaseGrimaldi ngeSonto ngehora lesihlanu ntambama.,"23:39:SL:NUMBER,63:71:SL:RESTAURANT_NAME,72:80:SL:DATE,81:107:SL:TIME",[IN:restaurant_reservation [SL:NUMBER abayishumi nanye] [SL:RESTAURANT_NAME Grimaldi] [SL:DATE ngeSonto] [SL:TIME ngehora lesihlanu ntambama] ]
kitchen_and_dining,restaurant_reservation,bangaki abantu abangabangenisa endaweni yokudlela yaseButcher Boys Morningside ukuze bagubhe usuku lokuzalwa?,"54:66:SL:RESTAURANT_NAME,67:78:SL:PLACE_NAME,93:108:SL:CALENDAR_EVENT",[IN:restaurant_reservation [SL:RESTAURANT_NAME Butcher Boys] [SL:PLACE_NAME Morningside] [SL:CALENDAR_EVENT usuku lokuzalwa] ]
kitchen_and_dining,restaurant_reservation,ngingabhukha kangaki osukwini endaweni yokudlela yase Oceans Terrence?,54:69:SL:RESTAURANT_NAME,[IN:restaurant_reservation [SL:RESTAURANT_NAME Oceans Terrence] ]
kitchen_and_dining,restaurant_reservation,yiziphi izindawo zokudlela eThekwini ezidinga ukuthi ngibekisele ngaphambi kokuthi ngize ngidle khona?,27:36:SL:CITY_OR_PROVINCE,[IN:restaurant_reservation [SL:CITY_OR_PROVINCE eThekwini] ]
kitchen_and_dining,restaurant_reservation,yimalini imali yokubhuka e-Elegant Restaurant okuhlanganisa nebhulakufesi lakhona elishibhile?,27:45:SL:RESTAURANT_NAME,[IN:restaurant_reservation [SL:RESTAURANT_NAME Elegant Restaurant] ]
kitchen_and_dining,restaurant_reservation,ngicela ungikhokhele uR450 wokubamba iskhala endaweni yokudlela kampheki uJordan Nel.,"21:26:SL:MONEY,74:84:SL:PERSONAL_NAME",[IN:restaurant_reservation [SL:MONEY uR450] [SL:PERSONAL_NAME Jordan Nel] ]
kitchen_and_dining,restaurant_reservation,ngibekisele iskhala endaweni yokudlela eWoolworths.,,[IN:restaurant_reservation ]
kitchen_and_dining,restaurant_reservation,iyiphi indawo yokudlela esavulekele ukubhukha phakathi nehora elilandelayo eduze kwami ​​engabizi?,,[IN:restaurant_reservation ]
kitchen_and_dining,restaurant_reservation,hlela kabusha ukubhuka kwami ​​okuyisishiyagalolunye ePanarottis kube ukugamanxa kwehora lesishiyagalombili.,54:64:SL:RESTAURANT_NAME,[IN:restaurant_reservation [SL:RESTAURANT_NAME Panarottis] ]
kitchen_and_dining,restaurant_reservation,ungabe usabhukha endaweni yokudlela yaseCassa Bella Grandwest kodwa bhukha endaweni yokudlela i-The Burner kusasa ngehora leshumi ekuseni.,"40:61:SL:RESTAURANT_NAME,96:106:SL:RESTAURANT_NAME,114:137:SL:TIME",[IN:restaurant_reservation [SL:RESTAURANT_NAME Cassa Bella Grandwest] [SL:RESTAURANT_NAME The Burner] [SL:TIME ngehora leshumi ekuseni] ]
kitchen_and_dining,restaurant_reservation,bhukha endaweni yokudlela kaFancy Frank's Sunset Beach ukuze ngikwazi ukubuka ukushona kwelanga.,28:54:SL:RESTAURANT_NAME,[IN:restaurant_reservation [SL:RESTAURANT_NAME Fancy Frank's Sunset Beach] ]
kitchen_and_dining,restaurant_reservation,bhukela abantu abangamashumi amathathu okungozakwethu njengoba sinephathi yokuvalelisa endaweni yokudlela   eReverie Social Table.,"20:38:SL:NUMBER,67:86:SL:CALENDAR_EVENT,109:129:SL:RESTAURANT_NAME",[IN:restaurant_reservation [SL:NUMBER amashumi amathathu] [SL:CALENDAR_EVENT phathi yokuvalelisa] [SL:RESTAURANT_NAME Reverie Social Table] ]
kitchen_and_dining,restaurant_reservation,ungakhohlwa ukungibhukhela e-burger fair restaurant yabantu ababili ngehora leshumi nanye ekuseni.,"29:51:SL:RESTAURANT_NAME,60:67:SL:NUMBER,68:97:SL:TIME",[IN:restaurant_reservation [SL:RESTAURANT_NAME burger fair restaurant] [SL:NUMBER ababili] [SL:TIME ngehora leshumi nanye ekuseni] ]
kitchen_and_dining,restaurant_reservation,beka amatafula ayisishiyagalolunye endaweni yokudlela yasePigalle ekupheleni kwenyanga yomcimbi engizowusingatha lapho.,"15:34:SL:NUMBER,58:65:SL:RESTAURANT_NAME",[IN:restaurant_reservation [SL:NUMBER ayisishiyagalolunye] [SL:RESTAURANT_NAME Pigalle] ]
kitchen_and_dining,restaurant_reservation,bhulela abaphathi bami amatafula amabili endaweni yokudlela ye-Icons namuhla ngo-6 ebusuku.,"33:40:SL:NUMBER,63:68:SL:RESTAURANT_NAME,81:90:SL:TIME",[IN:restaurant_reservation [SL:NUMBER amabili] [SL:RESTAURANT_NAME Icons] [SL:TIME 6 ebusuku] ]
kitchen_and_dining,restaurant_reservation,ungabe usabhukha endaweni yokudlela yeCatch of the day njengoba ikude kodwa bhukhela umuntu oyedwa endaweni yokudlela yaseGringo's Cantina & Pizzeria,"38:54:SL:RESTAURANT_NAME,92:98:SL:NUMBER,122:149:SL:RESTAURANT_NAME",[IN:restaurant_reservation [SL:RESTAURANT_NAME Catch of the day] [SL:NUMBER oyedwa] [SL:RESTAURANT_NAME Gringo's Cantina & Pizzeria] ]
kitchen_and_dining,restaurant_reservation,bhukhela ugogo eSpur ukuze ezodla isidlo sasekuseni engakoyi kaDokotela.,"15:20:SL:RESTAURANT_NAME,34:51:SL:MEAL_PERIOD",[IN:restaurant_reservation [SL:RESTAURANT_NAME eSpur] [SL:MEAL_PERIOD isidlo sasekuseni] ]
kitchen_and_dining,restaurant_reservation,bhukha iNino's ngomhla zingamashumi amabili nambili kulenyanga ubhukhela abantu abayisithupha.,"8:14:SL:RESTAURANT_NAME,15:62:SL:DATE",[IN:restaurant_reservation [SL:RESTAURANT_NAME Nino's] [SL:DATE ngomhla zingamashumi amabili nambili kulenyanga] ]
kitchen_and_dining,restaurant_reservation,bhukhela abantu abayisikhombisa endaweni yokudlela eTimes Square ubhukhele isidlo sakusihlwa.,"16:31:SL:NUMBER,52:64:SL:PLACE_NAME,75:92:SL:MEAL_PERIOD",[IN:restaurant_reservation [SL:NUMBER abayisikhombisa] [SL:PLACE_NAME Times Square] [SL:MEAL_PERIOD isidlo sakusihlwa] ]
kitchen_and_dining,restaurant_reservation,ungikhokhele uR50 wokubhukha endaweni yokudlela eHollow Tree.,"14:17:SL:MONEY,49:60:SL:RESTAURANT_NAME",[IN:restaurant_reservation [SL:MONEY R50] [SL:RESTAURANT_NAME Hollow Tree] ]
kitchen_and_dining,restaurant_reservation,ngicela ungibhukhele endaweni yokudlela iZevenwacht manje.,41:51:SL:RESTAURANT_NAME,[IN:restaurant_reservation [SL:RESTAURANT_NAME Zevenwacht] ]
kitchen_and_dining,restaurant_reservation,ubhukhe indawo yokudlela iLa Prada ngoba iseduze nami.,26:34:SL:RESTAURANT_NAME,[IN:restaurant_reservation [SL:RESTAURANT_NAME La Prada] ]
kitchen_and_dining,restaurant_reservation,uma kuvumelekile ukubhukha iviki elingaphambi kokuthi ufike ngicela ungibhukhele endaweni edayisa amakhekhe eTripples Bar & Grill,"98:107:SL:DISH_OR_FOOD,109:129:SL:RESTAURANT_NAME",[IN:restaurant_reservation [SL:DISH_OR_FOOD amakhekhe] [SL:RESTAURANT_NAME Tripples Bar & Grill] ]
kitchen_and_dining,restaurant_reservation,ubhukha emuva kwesimgakanani ngakhambi kokuthi ufike endaweni yokudlela ka mpheki uGordon Ramsy.,83:95:SL:PERSONAL_NAME,[IN:restaurant_reservation [SL:PERSONAL_NAME Gordon Ramsy] ]
kitchen_and_dining,restaurant_reservation,ungakhohlwa ukungibhukhela iSphe's Culinary Delights ukuze ngizozwa ukudla ukuthi kumnandi yini.,28:52:SL:RESTAURANT_NAME,[IN:restaurant_reservation [SL:RESTAURANT_NAME Sphe's Culinary Delights] ]
kitchen_and_dining,restaurant_reservation,ngibekisele indawo yokudla isidlo sami sasemini eMugg and Bean.,"39:47:SL:MEAL_PERIOD,49:62:SL:RESTAURANT_NAME",[IN:restaurant_reservation [SL:MEAL_PERIOD sasemini] [SL:RESTAURANT_NAME Mugg and Bean] ]
kitchen_and_dining,restaurant_reservation,ngicela ungitholela inombolo yakwa Mochachos ngizoccela ukubekisa amatafula amane namhlanje ebusuku.,"35:44:SL:RESTAURANT_NAME,76:81:SL:NUMBER,92:99:SL:TIME",[IN:restaurant_reservation [SL:RESTAURANT_NAME Mochachos] [SL:NUMBER amane] [SL:TIME ebusuku] ]
kitchen_and_dining,restaurant_reservation,bhukha itafula elilodwa e-Ocean Basket ngizokhipha udadewethu.,"15:23:SL:NUMBER,26:38:SL:RESTAURANT_NAME",[IN:restaurant_reservation [SL:NUMBER elilodwa] [SL:RESTAURANT_NAME Ocean Basket] ]
kitchen_and_dining,restaurant_reservation,ngicela ungibhukhele amatafula amabili endaweni yokudlela iNocturne ngehora leshumi nesithupha.,"31:38:SL:NUMBER,58:67:SL:RESTAURANT_NAME",[IN:restaurant_reservation [SL:NUMBER amabili] [SL:RESTAURANT_NAME iNocturne] ]
kitchen_and_dining,restaurant_reservation,ngibhukhela amatafula amahlanu e-Oyster box ngehora leshumi nantathu.,"22:30:SL:NUMBER,33:43:SL:RESTAURANT_NAME,44:68:SL:TIME",[IN:restaurant_reservation [SL:NUMBER amahlanu] [SL:RESTAURANT_NAME Oyster box] [SL:TIME ngehora leshumi nantathu] ]
kitchen_and_dining,restaurant_reservation,ungabhukha indawo yokudlela iStarbucks kusasele amahora angamashumi amabili nane ungakozi?,"29:38:SL:RESTAURANT_NAME,48:80:SL:TIME",[IN:restaurant_reservation [SL:RESTAURANT_NAME Starbucks] [SL:TIME amahora angamashumi amabili nane] ]
kitchen_and_dining,restaurant_reservation,bhukhela ukuyodla inyama eyosiwe eMeat Junction edolobheni ngehora leshumi nanhlanu.,"18:32:SL:DISH_OR_FOOD,34:47:SL:RESTAURANT_NAME,59:83:SL:TIME",[IN:restaurant_reservation [SL:DISH_OR_FOOD inyama eyosiwe] [SL:RESTAURANT_NAME Meat Junction] [SL:TIME ngehora leshumi nanhlanu] ]
kitchen_and_dining,restaurant_reservation,ngicela ungibhukhela endaweni yokudlela Etafuleni Lompheki ngizoya kusasa ngehora lesishagalolunye.,"40:58:SL:RESTAURANT_NAME,67:73:SL:DATE,74:98:SL:TIME",[IN:restaurant_reservation [SL:RESTAURANT_NAME Etafuleni Lompheki] [SL:DATE kusasa] [SL:TIME ngehora lesishagalolunye] ]
banking,balance,ngingabheka kanjani ukuthi sekusele malini ebhange lami lakwa Standard Bank?,62:75:SL:BANK_NAME,[IN:balance [SL:BANK_NAME Standard Bank] ]
banking,balance,ingabe ibhalansi yami yasebhange ingaphansi kwekhulu lamarandi?,44:62:SL:MONEY,[IN:balance [SL:MONEY kwekhulu lamarandi] ]
banking,balance,ngabe ngisalelwe yimalini ebhange lami ngemuva kokukhokhela ucingo lwami kwaTelkom?,,[IN:balance ]
banking,balance,kusale malini emuva kokuthi ngithenge uphaya egaraji ekuseni?,"38:44:SL:DISH_OR_FOOD,53:60:SL:TIME",[IN:balance [SL:DISH_OR_FOOD uphaya] [SL:TIME ekuseni] ]
banking,balance,ngigcine nini ukuba nebhalansi engeyinhle ku-akhawunti yami yamanje?,45:67:SL:ACCOUNT_TYPE,[IN:balance [SL:ACCOUNT_TYPE akhawunti yami yamanje] ]
banking,balance,nginamalini ku-akhawunti yami yokulondoloza?,15:43:SL:ACCOUNT_TYPE,[IN:balance [SL:ACCOUNT_TYPE akhawunti yami yokulondoloza] ]
banking,balance,nginamalini ku-akhawunti yami yokulondoloza eNedbank yami?,"15:43:SL:ACCOUNT_TYPE,45:52:SL:BANK_NAME",[IN:balance [SL:ACCOUNT_TYPE akhawunti yami yokulondoloza] [SL:BANK_NAME Nedbank] ]
banking,balance,hlola ibhalansi yami ekhadini lami lesikweletu.,,[IN:balance ]
banking,balance,iyiphi i-akhuwunti yebhange lami enemali eningi?,,[IN:balance ]
banking,balance,"uma bengingakhipha u-R670 ku-akhawunti yami yakwaCapitec, ngabe ngisele ngamalini?","21:25:SL:MONEY,49:56:SL:BANK_NAME",[IN:balance [SL:MONEY R670] [SL:BANK_NAME Capitec] ]
banking,balance,ngabe ngisale malini ku-akhawunti yami uma bengizothenga izingubo zika-R250?,71:75:SL:MONEY,[IN:balance [SL:MONEY R250] ]
banking,balance,kusale malini emuva kokuthi ngithumele udadewethu inkulungwane yamarandi?,50:72:SL:MONEY,[IN:balance [SL:MONEY inkulungwane yamarandi] ]
banking,balance,ngicela ungibhekele ukuthi kusale malini ngesonto eledlule ngenkathi ngithenga ukudla kwa Pick n Pay.,,[IN:balance ]
banking,balance,kwi-akhawunti yami yakwa Nedbank nginayo imali engaphezu kwezinkulungwane ezimbili?,25:32:SL:BANK_NAME,[IN:balance [SL:BANK_NAME Nedbank] ]
banking,balance,kusale malini emuva kokuba ngithenge izinto zokugcoba izolo kwaClicks kanye nemithi kwaDischem?,,[IN:balance ]
banking,balance,kusele malini manje emalini ebengiyibekile emuva kokuthenga inyama kwa Mai Mai?,67:78:SL:PLACE_NAME,[IN:balance [SL:PLACE_NAME kwa Mai Mai] ]
banking,balance,yimalini esele ekhadini lami le-Tymebank?,32:40:SL:BANK_NAME,[IN:balance [SL:BANK_NAME Tymebank] ]
banking,balance,ngicela ungifunele ukuthi ngisalelwe imalini kwi-akhawunti yami yamanje yasebhange lase Standard.,"49:71:SL:ACCOUNT_TYPE,88:96:SL:BANK_NAME",[IN:balance [SL:ACCOUNT_TYPE akhawunti yami yamanje] [SL:BANK_NAME Standard] ]
banking,balance,ingaphansi kwamakhulu amangakanani imali esingisalele kwi-akhawunti yami yakwa Old mutual?,13:21:SL:NUMBER,[IN:balance [SL:NUMBER amakhulu] ]
banking,balance,nginamalini ku-akhawunti yami yokugcina imali?,15:45:SL:ACCOUNT_TYPE,[IN:balance [SL:ACCOUNT_TYPE akhawunti yami yokugcina imali] ]
banking,balance,imalini engisalele ngenkathi ngikhokha imali yokudla eDebonairs pizza?,54:69:SL:RESTAURANT_NAME,[IN:balance [SL:RESTAURANT_NAME Debonairs pizza] ]
banking,balance,mangingakhokha uR500 wesikweletu ungangisalela uR20 wokugibela?,"16:20:SL:MONEY,48:51:SL:MONEY",[IN:balance [SL:MONEY R500] [SL:MONEY R20] ]
banking,balance,ngibhekele ukuthi kwasala malini ngenkathi ngiqeda kukhokhela abakwamabonakude iDSTV.,80:84:SL:BILL_TYPE,[IN:balance [SL:BILL_TYPE DSTV] ]
banking,balance,malini ekhona engingayisebenzisa kwi-akhawunti yami?,,[IN:balance ]
banking,balance,kungasala malini mangingathenga izingubo zokugqoka ezibiza amakhulu ayisikhombisa kwi-akhawunti yakwa ABSA?,"32:50:SL:SHOPPING_ITEM,59:81:SL:NUMBER,102:106:SL:BANK_NAME",[IN:balance [SL:SHOPPING_ITEM izingubo zokugqoka] [SL:NUMBER amakhulu ayisikhombisa] [SL:BANK_NAME ABSA] ]
banking,balance,ngemali esele kunganela ukuthenga ukudla kwenkulungwane namakhulu amahlanu?,44:74:SL:NUMBER,[IN:balance [SL:NUMBER nkulungwane namakhulu amahlanu] ]
banking,balance,ngibhekele imali engisalelile emuva kokukhipha amakhulu ayishagalombili.,47:71:SL:NUMBER,[IN:balance [SL:NUMBER amakhulu ayishagalombili] ]
banking,balance,ngingayibheka kanjani ibhalansi yami yasebhange ngisebenzisa ibhange le-inthanethi?,,[IN:balance ]
banking,balance,isiphi isithonjana kuhlelo lwami lokusebenza lwe-tymebank engingasisebenzisa ukuze ngihlole ibhalansi yami etholakalayo?,49:57:SL:BANK_NAME,[IN:balance [SL:BANK_NAME tymebank] ]
banking,balance,yini umehluko phakathi kwebhalansi yamanje kanye nebhalansi etholakalayo?,,[IN:balance ]
banking,balance,uma ibhalansi yami yasebhange ingaphezu kwamarandi angamashumi amabili ngithengele i-airtime ye-vodacom yamarandi ayishumi,"42:70:SL:MONEY,104:122:SL:MONEY",[IN:balance [SL:MONEY amarandi angamashumi amabili] [SL:MONEY yamarandi ayishumi] ]
banking,balance,ingabe ibhalansi yami yasebhange yanele ukuthenga ukudla kubiza amarandi angamashumi amahlanu?,64:93:SL:MONEY,[IN:balance [SL:MONEY amarandi angamashumi amahlanu] ]
banking,balance,ngisenayo imali ebhange?,,[IN:balance ]
banking,balance,ibhalansi yami iyangivumela ukuthi ngithenge amakhekhe abiza amashumi amahlanu?,"45:54:SL:DISH_OR_FOOD,61:78:SL:NUMBER",[IN:balance [SL:DISH_OR_FOOD amakhekhe] [SL:NUMBER amashumi amahlanu] ]
banking,balance,ngibhekele ukuthi emuva kokuthenga amakha e-Ozone Scents ngisalelwe imali engakanani?,,[IN:balance ]
banking,balance,ngizosala malini ebhalansi yami yasebhange uma ngithenga amanzi abiza amarandi angamashumi amabili?,70:98:SL:MONEY,[IN:balance [SL:MONEY amarandi angamashumi amabili] ]
banking,balance,ngizoba namalini uma ngidlulisela izinkulungwane eziyisikhombisa kwi-akhawunti kamama?,34:64:SL:NUMBER,[IN:balance [SL:NUMBER izinkulungwane eziyisikhombisa] ]
banking,balance,ithini ibhalansi yami njengoba sengikhokhele umshwalense wefoni yami?,,[IN:balance ]
banking,balance,ithini ibhalansi yami ku-akhawunti yami yamanje yakwaCapitec?,"25:39:SL:ACCOUNT_TYPE,53:60:SL:BANK_NAME",[IN:balance [SL:ACCOUNT_TYPE akhawunti yami] [SL:BANK_NAME Capitec] ]
banking,balance,ingabe ibhalansi yami yasebhange yanele ukungithengela igilosa ibiza amakhulu ayisishiyagalolunye?,69:97:SL:NUMBER,[IN:balance [SL:NUMBER amakhulu ayisishiyagalolunye] ]
banking,balance,hlola ukuthi nginawo amakhulu amahlanu namashumi amahlanu amarandi okuthenga impahla yami yokuzivocavoca,"21:66:SL:MONEY,77:84:SL:SHOPPING_ITEM",[IN:balance [SL:MONEY amakhulu amahlanu namashumi amahlanu amarandi] [SL:SHOPPING_ITEM impahla] ]
banking,balance,sekusele malini ebhange lami njengoba ngiqeda ukuthenga izingubo zokugqoka?,56:74:SL:SHOPPING_ITEM,[IN:balance [SL:SHOPPING_ITEM izingubo zokugqoka] ]
banking,balance,imalini esenginayo njengoba kusanda kungena umholo wami?,,[IN:balance ]
banking,balance,imali engisalele ingasithenga isinkwa esibiza amashumi amabili?,"30:37:SL:DISH_OR_FOOD,46:62:SL:NUMBER",[IN:balance [SL:DISH_OR_FOOD isinkwa] [SL:NUMBER amashumi amabili] ]
banking,balance,ngingakwazi ukuthenga amakhekhe abiza amashumi amahlanu ngemali esele kwi-akhawunti yami?,"22:31:SL:DISH_OR_FOOD,38:55:SL:NUMBER",[IN:balance [SL:DISH_OR_FOOD amakhekhe] [SL:NUMBER amashumi amahlanu] ]
banking,balance,ngingakwazi ukuthenga ithikithi lesitimela elibiza amashumi amathathu ngemali esenginayo ebhange?,51:69:SL:NUMBER,[IN:balance [SL:NUMBER amashumi amathathu] ]
banking,balance,kusele malini ekhadini lami lakwaInvestec?,33:41:SL:BANK_NAME,[IN:balance [SL:BANK_NAME Investec] ]
banking,balance,emuva kokuthenga izibiliboco eMilky Lane ngisalelwe imalini ku-akhuwunti yami?,30:40:SL:RESTAURANT_NAME,[IN:balance [SL:RESTAURANT_NAME Milky Lane] ]
banking,balance,ngenkathi ngiqeda ukuthenga ophaqa nezicathulo eBlaze kusale malini?,"28:34:SL:SHOPPING_ITEM,35:46:SL:SHOPPING_ITEM",[IN:balance [SL:SHOPPING_ITEM ophaqa] [SL:SHOPPING_ITEM nezicathulo] ]
banking,balance,imalini isiyonke esele ohlelweni lami lasebhange laka FNB?,54:57:SL:BANK_NAME,[IN:balance [SL:BANK_NAME FNB] ]
banking,balance,kukhona malini ekhadini lakwa Tymebank?,30:38:SL:BANK_NAME,[IN:balance [SL:BANK_NAME Tymebank] ]
banking,balance,ikhadi lami lase Discovery lisalelwe imali engakanani emuva kokukhokhela imoto izolo?,17:26:SL:BANK_NAME,[IN:balance [SL:BANK_NAME Discovery] ]
banking,balance,sekukhona malini kwi-akhawunti yami yamanje yakwIthala?,"21:43:SL:ACCOUNT_TYPE,48:54:SL:BANK_NAME",[IN:balance [SL:ACCOUNT_TYPE akhawunti yami yamanje] [SL:BANK_NAME Ithala] ]
banking,balance,kusele malini ekhadini lami lakaNedbank?,32:39:SL:BANK_NAME,[IN:balance [SL:BANK_NAME Nedbank] ]
banking,balance,kusele malini ekhadini lakaOld Mutual?,,[IN:balance ]
banking,balance,ngicela ungitshela imali esele ekhadini lakaFirstRand.,44:53:SL:BANK_NAME,[IN:balance [SL:BANK_NAME FirstRand] ]
banking,balance,ngisalelwe imalini ngenkathi ngiqeda ukuthumela ikhulu kwi-akhawunti yami yakwaTymebank kweyakaNedbank?,"48:54:SL:NUMBER,79:87:SL:BANK_NAME,95:102:SL:BANK_NAME",[IN:balance [SL:NUMBER ikhulu] [SL:BANK_NAME Tymebank] [SL:BANK_NAME Nedbank] ]
banking,balance,kusele malini ekhadini lakaStandard ngenkathi ngiqeda ukuthumela iNyuvesi yakwaZulu-Natali izinkulungwane ezingamashumi ayisishagalombili?,"27:35:SL:BANK_NAME,66:90:SL:PLACE_NAME,91:137:SL:MONEY",[IN:balance [SL:BANK_NAME Standard] [SL:PLACE_NAME Nyuvesi yakwaZulu-Natali] [SL:MONEY izinkulungwane ezingamashumi ayisishagalombili] ]
banking,balance,seksele malini njengoba ngiqeda ukukhokhela ikhekhe eBread Ahead?,"44:51:SL:DISH_OR_FOOD,53:64:SL:RESTAURANT_NAME",[IN:balance [SL:DISH_OR_FOOD ikhekhe] [SL:RESTAURANT_NAME Bread Ahead] ]
banking,balance,kukhona malini ekhadini laka Absa?,29:33:SL:BANK_NAME,[IN:balance [SL:BANK_NAME Absa] ]
banking,balance,imali ekhona ekhadini ingathenga isidlo samakhulu amane?,,[IN:balance ]
banking,balance,imali esele ekhadini ingawathenga amakota amabili abiza amashumi amane nanhlanu amarandi?,42:49:SL:NUMBER,[IN:balance [SL:NUMBER amabili] ]
banking,balance,mangingakhipha amakhulu ayisikhombisa ekhadini lakaFNB kungasala malini?,"15:37:SL:NUMBER,51:54:SL:BANK_NAME",[IN:balance [SL:NUMBER amakhulu ayisikhombisa] [SL:BANK_NAME FNB] ]
banking,balance,ngisalelwe imali engakanani emuva kohamba lami laseMali olungibize izinkulungwane ezingamashumi amabili zamarandi?,"51:55:SL:COUNTRY,67:113:SL:MONEY",[IN:balance [SL:COUNTRY Mali] [SL:MONEY izinkulungwane ezingamashumi amabili zamarandi] ]
banking,balance,kusale malini ngenkathi ngiqeda ukukhokhela ukudaya eLegends Barber?,,[IN:balance ]
banking,balance,imalini ekhona kwi-akhawunti yami njengoba ngiqeda kukhokhela uLumka?,63:68:SL:PERSONAL_NAME,[IN:balance [SL:PERSONAL_NAME Lumka] ]
banking,balance,emuva kukuthi ibhange lithathe imali engilikweleta yona kusale malini emuva komholo?,,[IN:balance ]
banking,balance,ngisalelwe imalini njengoba ngiqeda kukhokhela incwadi engiyilahlile eNyuvesi YaseKapa?,69:86:SL:PLACE_NAME,[IN:balance [SL:PLACE_NAME eNyuvesi YaseKapa] ]
banking,balance,emuva kokukhipha amashumi amahlanu amarandi emshinini waseNedbank kusale malini?,"17:43:SL:MONEY,58:65:SL:BANK_NAME",[IN:balance [SL:MONEY amashumi amahlanu amarandi] [SL:BANK_NAME Nedbank] ]
banking,balance,ksale imali engakanani ngenkathi ngiqeda ukuthumela uSthombe imali yokuthenga ukudla izolo?,52:60:SL:PERSONAL_NAME,[IN:balance [SL:PERSONAL_NAME uSthombe] ]
banking,balance,kusele mallini njengoba kade ngikhokhela ididlinki nophaya endaweni yokudlela kaNompumelelo?,"41:50:SL:DISH_OR_FOOD,53:58:SL:DISH_OR_FOOD,80:91:SL:PERSONAL_NAME",[IN:balance [SL:DISH_OR_FOOD ididlinki] [SL:DISH_OR_FOOD phaya] [SL:PERSONAL_NAME Nompumelelo] ]
banking,balance,ngasalelwa imalini emveni kokuthenga ubhavu eCTM?,,[IN:balance ]
banking,balance,imalini ekhona kwikhadi laseFirstRand ngoba ngiqeda ukukhokha isikweletu sami kuNtoyonke?,"28:37:SL:BANK_NAME,80:88:SL:PERSONAL_NAME",[IN:balance [SL:BANK_NAME FirstRand] [SL:PERSONAL_NAME Ntoyonke] ]
banking,balance,ngesikhathi ngiiqeda ukukhokhela uMawhoo inkulungwane yamarandi yengubo angidayisele yona ngisalelwe imalini?,"34:40:SL:ARTIST_NAME,41:63:SL:MONEY,64:71:SL:SHOPPING_ITEM",[IN:balance [SL:ARTIST_NAME Mawhoo] [SL:MONEY inkulungwane yamarandi] [SL:SHOPPING_ITEM yengubo] ]
banking,balance,emuva kokuthenga usu e-African Soul Food kusale malini?,"17:20:SL:DISH_OR_FOOD,23:40:SL:RESTAURANT_NAME",[IN:balance [SL:DISH_OR_FOOD usu] [SL:RESTAURANT_NAME African Soul Food] ]
banking,balance,ksale imali engakanani e-Absa ngesikhathi ngiqeda ukukhokha eBata?,25:29:SL:BANK_NAME,[IN:balance [SL:BANK_NAME Absa] ]
banking,balance,imalini esale ekhadini ngenkathi ngiqeda ukukhokhela idilinki eNandos?,"53:61:SL:DISH_OR_FOOD,63:69:SL:RESTAURANT_NAME",[IN:balance [SL:DISH_OR_FOOD idilinki] [SL:RESTAURANT_NAME Nandos] ]
banking,balance,sengsalelwe imalini ekhadini lami lakaCaoitec emuva kokuthi ngithenge amakhekhe amarandi amashumi amathathu?,"38:45:SL:BANK_NAME,70:79:SL:DISH_OR_FOOD,80:107:SL:MONEY",[IN:balance [SL:BANK_NAME Caoitec] [SL:DISH_OR_FOOD amakhekhe] [SL:MONEY amarandi amashumi amathathu] ]
banking,balance,imali esele ingangithengela umakhalekhukhwini wezinkulungwane eziyishumi?,"28:45:SL:SHOPPING_ITEM,49:72:SL:NUMBER",[IN:balance [SL:SHOPPING_ITEM umakhalekhukhwini] [SL:NUMBER inkulungwane eziyishumi] ]
banking,balance,ngenkathi ibhange ithatha imali yomuzi kusale malini?,,[IN:balance ]
kitchen_and_dining,confirm_reservation,"ngicela ungitholela inombolo yakwa Spur ngizobafonela ngibatshele ukuthi siseza nabangani bami,",35:39:SL:RESTAURANT_NAME,[IN:confirm_reservation [SL:RESTAURANT_NAME Spur] ]
kitchen_and_dining,confirm_reservation,bhala i-imeyili kuZibaldone restaurant uqinisekise ukuthi ngisaza neqembu lami kusasa ukuzodla ukudla kwabo.,"18:27:SL:RESTAURANT_NAME,79:85:SL:DATE",[IN:confirm_reservation [SL:RESTAURANT_NAME Zibaldone] [SL:DATE kusasa] ]
kitchen_and_dining,confirm_reservation,iWimpy ivula ngasikhathi sini ukuze ngibafonele ngibazise ukuthi ngisazodla isidlo sasekuseni nomndeni wami kusasa?,"1:6:SL:RESTAURANT_NAME,76:93:SL:MEAL_PERIOD",[IN:confirm_reservation [SL:RESTAURANT_NAME Wimpy] [SL:MEAL_PERIOD isidlo sasekuseni] ]
kitchen_and_dining,confirm_reservation,ngifunele inombolo yeCopper Club Tyger Waterfront ukuze ngibashayele ukuze ngiqinisekise ukuthi ngisazowenza umcimbi endaweni yabo ngesonto elizayo ngoLwesihlanu.,"21:49:SL:RESTAURANT_NAME,131:161:SL:DATE",[IN:confirm_reservation [SL:RESTAURANT_NAME Copper Club Tyger Waterfront] [SL:DATE ngesonto elizayo ngoLwesihlanu] ]
kitchen_and_dining,confirm_reservation,qinisekisa ukuthi kaNandos ngisazofika ukudla ebusuku namhlanje.,"20:26:SL:RESTAURANT_NAME,46:53:SL:TIME",[IN:confirm_reservation [SL:RESTAURANT_NAME Nandos] [SL:TIME ebusuku] ]
kitchen_and_dining,confirm_reservation,qinisekisa ukubhukha kwami ​​ukudla kwasemini eBrew Dubs namuhla.,"29:45:SL:MEAL_PERIOD,47:56:SL:RESTAURANT_NAME",[IN:confirm_reservation [SL:MEAL_PERIOD ukudla kwasemini] [SL:RESTAURANT_NAME Brew Dubs] ]
kitchen_and_dining,confirm_reservation,izoba yimalini kuhlelo lwami lasebhange uma ngizokhokhela izinwele zami ikhulu lamarandi?,72:88:SL:MONEY,[IN:confirm_reservation [SL:MONEY ikhulu lamarandi] ]
kitchen_and_dining,confirm_reservation,ungifonelele abakwa Spur ukuze ngizobatshela ukuthi siseza ngehora leshumi nambili emini.,"20:24:SL:RESTAURANT_NAME,59:88:SL:TIME",[IN:confirm_reservation [SL:RESTAURANT_NAME Spur] [SL:TIME ngehora leshumi nambili emini] ]
kitchen_and_dining,confirm_reservation,ngibhalele imeyili eya kaZai endaweni yokudlela eshoyo ukuthi ngiseza ukuzodla ukudla kwakusihlwa namhlanje.,"25:28:SL:RESTAURANT_NAME,79:97:SL:MEAL_PERIOD",[IN:confirm_reservation [SL:RESTAURANT_NAME Zai] [SL:MEAL_PERIOD ukudla kwakusihlwa] ]
kitchen_and_dining,confirm_reservation,khumbuza imeneja yaseCircus Circus ngiseza.,21:34:SL:RESTAURANT_NAME,[IN:confirm_reservation [SL:RESTAURANT_NAME Circus Circus] ]
kitchen_and_dining,confirm_reservation,ngicela ungibhalela imeyili kwimeneja yasendaweni yokudlela yaseKaribu uyitshela ukuthi mina nabangani bami sisazofika ngehora leshumi ebusuku ukuzodla.,"64:70:SL:RESTAURANT_NAME,119:142:SL:TIME",[IN:confirm_reservation [SL:RESTAURANT_NAME Karibu] [SL:TIME ngehora leshumi ebusuku] ]
kitchen_and_dining,confirm_reservation,ngibhalele umyalezo endaweni yokudlela iMrble usho ukuthi ngisazoza ukuzodla khonsa.,39:45:SL:RESTAURANT_NAME,[IN:confirm_reservation [SL:RESTAURANT_NAME iMrble] ]
kitchen_and_dining,confirm_reservation,ngicela uthumele imeyili eya endaweni yokudlela iFine Craft usho ukuthi siseza nomndeni wami ukuzodla ksasa ntambama.,"49:59:SL:RESTAURANT_NAME,108:116:SL:TIME",[IN:confirm_reservation [SL:RESTAURANT_NAME Fine Craft] [SL:TIME ntambama] ]
kitchen_and_dining,confirm_reservation,ngicela ubhalele indawo yokudlela iGold usho ukuthi ngisazoza nomngani wami ukuzodla isidlo sasekuseni.,"35:39:SL:RESTAURANT_NAME,85:102:SL:MEAL_PERIOD",[IN:confirm_reservation [SL:RESTAURANT_NAME Gold] [SL:MEAL_PERIOD isidlo sasekuseni] ]
kitchen_and_dining,confirm_reservation,thumela imeyili kwindawo yokudlela yaseLelapa usho ukuthi sizoza emzuzwini eyishumi.,"39:45:SL:RESTAURANT_NAME,75:83:SL:NUMBER",[IN:confirm_reservation [SL:RESTAURANT_NAME Lelapa] [SL:NUMBER eyishumi] ]
kitchen_and_dining,confirm_reservation,ngicela ushayele inombolo yaseRocco Mamas ngizosho ukuthi ngiseza.,30:41:SL:RESTAURANT_NAME,[IN:confirm_reservation [SL:RESTAURANT_NAME Rocco Mamas] ]
kitchen_and_dining,confirm_reservation,isho kuDolly umphathi weMarco's African Place ukuthi ngiseza.,"7:12:SL:PERSONAL_NAME,24:45:SL:RESTAURANT_NAME",[IN:confirm_reservation [SL:PERSONAL_NAME Dolly] [SL:RESTAURANT_NAME Marco's African Place] ]
kitchen_and_dining,confirm_reservation,ngicela ubhale imeyili eya endaweni yokudlela iTTK Fledgelings usho ukuthi ngiseza ukuzodla ebusuku.,"47:62:SL:RESTAURANT_NAME,92:99:SL:TIME",[IN:confirm_reservation [SL:RESTAURANT_NAME TTK Fledgelings] [SL:TIME ebusuku] ]
kitchen_and_dining,confirm_reservation,ngicela uthumele umyalezo endaweni yokudlela iBelly of The Beast eshoyo ukuthi sisakhumbula ukuthi siyeza ukuzodla ukudla kwasemini nabangani bami.,"45:64:SL:RESTAURANT_NAME,115:131:SL:MEAL_PERIOD",[IN:confirm_reservation [SL:RESTAURANT_NAME iBelly of The Beast] [SL:MEAL_PERIOD ukudla kwasemini] ]
kitchen_and_dining,confirm_reservation,fonela i-Ocean Basket ngicacise ukuthi ngiseza.,9:21:SL:RESTAURANT_NAME,[IN:confirm_reservation [SL:RESTAURANT_NAME Ocean Basket] ]
kitchen_and_dining,confirm_reservation,ngifonelele iPitso's Kitchen Waterfront ngisho ukuthi ngiseza.,13:39:SL:RESTAURANT_NAME,[IN:confirm_reservation [SL:RESTAURANT_NAME Pitso's Kitchen Waterfront] ]
kitchen_and_dining,confirm_reservation,isho endaweni yokudlela iPigalle ukuthi ngiyeza.,25:32:SL:RESTAURANT_NAME,[IN:confirm_reservation [SL:RESTAURANT_NAME Pigalle] ]
kitchen_and_dining,confirm_reservation,ngicela ungazisele indawo yokudlela iNino's sesibayishumi esizayo ebusuku.,"37:43:SL:RESTAURANT_NAME,51:57:SL:NUMBER,66:73:SL:TIME",[IN:confirm_reservation [SL:RESTAURANT_NAME Nino's] [SL:NUMBER ishumi] [SL:TIME ebusuku] ]
kitchen_and_dining,confirm_reservation,thumela imeyili eya endaweni yokudlela iWolfgat usho ukuthi ngiseza ngehora leshumi nantathu.,"39:47:SL:RESTAURANT_NAME,68:92:SL:TIME",[IN:confirm_reservation [SL:RESTAURANT_NAME iWolfgat] [SL:TIME ngehora leshumi nantathu] ]
kitchen_and_dining,confirm_reservation,fakela umqhafazo endaweni yokudlela usho ukuthi angikhohliwe ukuthi ngiyolda khona ebusuku.,83:90:SL:TIME,[IN:confirm_reservation [SL:TIME ebusuku] ]
kitchen_and_dining,confirm_reservation,"phendula imeyili yakwaFyn uthi ngiyabonga ukuthi bangikhumbuze ukuthi ngangibhukhile ukuzodla kusasa, ngisazoza.",22:25:SL:RESTAURANT_NAME,[IN:confirm_reservation [SL:RESTAURANT_NAME Fyn] ]
kitchen_and_dining,confirm_reservation,ngicela usho kwaSteers ukuthi mina neqembu lami engiliphethe emsebenzini siseza ukuzodla emini.,"16:22:SL:RESTAURANT_NAME,89:94:SL:TIME",[IN:confirm_reservation [SL:RESTAURANT_NAME Steers] [SL:TIME emini] ]
kitchen_and_dining,confirm_reservation,ngingasebenzisa yiphi inombolo yocingo mangfuna ukusho ukuthi ngiseza ukuzodla ehotela i-Oceanic View?,89:101:SL:HOTEL_NAME,[IN:confirm_reservation [SL:HOTEL_NAME Oceanic View] ]
kitchen_and_dining,confirm_reservation,ngitholele inombolo yakwaMugg and Bean ngizobakhumbusa ukuuthi ngiseza.,25:38:SL:RESTAURANT_NAME,[IN:confirm_reservation [SL:RESTAURANT_NAME Mugg and Bean] ]
kitchen_and_dining,confirm_reservation,ngifakele inombolo yakwaTashas ngizosho ukuthi siseza nezihlobo zami.,24:30:SL:RESTAURANT_NAME,[IN:confirm_reservation [SL:RESTAURANT_NAME Tashas] ]
kitchen_and_dining,confirm_reservation,ngifonelele inombolo yasendaweni yokudlela iMozambik eseGateway ngizoqinisekisa ukuthi siseza nabazala bami.,"43:52:SL:RESTAURANT_NAME,53:63:SL:PLACE_NAME",[IN:confirm_reservation [SL:RESTAURANT_NAME iMozambik] [SL:PLACE_NAME eseGateway] ]
kitchen_and_dining,confirm_reservation,bhala imeyili kuGalaxy Grill oseGateway ngizosho ukuthi ngisazobakhipha abazali bami endaweni yabo yokudlela ebusuku.,"16:28:SL:RESTAURANT_NAME,32:39:SL:PLACE_NAME,109:116:SL:TIME",[IN:confirm_reservation [SL:RESTAURANT_NAME Galaxy Grill] [SL:PLACE_NAME Gateway] [SL:TIME ebusuku] ]
kitchen_and_dining,confirm_reservation,fonela iCalisto's ngizosho ukuthi siseza ngoMgqibelo nogogo nomkhulu.,"7:17:SL:RESTAURANT_NAME,41:52:SL:DATE",[IN:confirm_reservation [SL:RESTAURANT_NAME iCalisto's] [SL:DATE ngoMgqibelo] ]
kitchen_and_dining,confirm_reservation,isho kwimeyili eya kuNonna's Italian Kitchen ukuthin sesizoza ngehora leshumi nane ukuzodla nodade basenkonzweni.,"21:44:SL:RESTAURANT_NAME,62:82:SL:TIME",[IN:confirm_reservation [SL:RESTAURANT_NAME Nonna's Italian Kitchen] [SL:TIME ngehora leshumi nane] ]
kitchen_and_dining,confirm_reservation,ngicela ungiqinisekisele kwaSignesha ukuthi ngiseza ukuzodla isidlo sami sasebusuku khona.,"28:36:SL:RESTAURANT_NAME,61:83:SL:MEAL_PERIOD",[IN:confirm_reservation [SL:RESTAURANT_NAME Signesha] [SL:MEAL_PERIOD isidlo sami sasebusuku] ]
kitchen_and_dining,confirm_reservation,qinisekisa ukubhukha kwami ​​endaweni yokudlela yase-Ocean Navika.,53:65:SL:RESTAURANT_NAME,[IN:confirm_reservation [SL:RESTAURANT_NAME Ocean Navika] ]
kitchen_and_dining,confirm_reservation,ngicela ukhumbuze indawo yokudlela yase Chocolat Bistro ukuthi ngiseza ngesonto elisayo,40:55:SL:RESTAURANT_NAME,[IN:confirm_reservation [SL:RESTAURANT_NAME Chocolat Bistro] ]
kitchen_and_dining,confirm_reservation,ngicela uqinisekise ukubhukha kwami ​​ukudla kwasemini kwaMoyo.,"38:54:SL:MEAL_PERIOD,58:62:SL:RESTAURANT_NAME",[IN:confirm_reservation [SL:MEAL_PERIOD ukudla kwasemini] [SL:RESTAURANT_NAME Moyo] ]
kitchen_and_dining,confirm_reservation,khumbuza abakwa Cafe de la Monte ukuthi ngiseza ukuzodla isidlo sami sasemini.,"16:32:SL:RESTAURANT_NAME,57:77:SL:MEAL_PERIOD",[IN:confirm_reservation [SL:RESTAURANT_NAME Cafe de la Monte] [SL:MEAL_PERIOD isidlo sami sasemini] ]
kitchen_and_dining,confirm_reservation,ngikhumbuzele abakwa Die Boer ukuthi ngiyeza ukuzodla.,21:29:SL:RESTAURANT_NAME,[IN:confirm_reservation [SL:RESTAURANT_NAME Die Boer] ]
kitchen_and_dining,confirm_reservation,ngicela ukhumbuze abakwa Wimpy ngesikhala engisibekise kuthangi ukuthi ngiyeza impela namhlanje.,25:30:SL:RESTAURANT_NAME,[IN:confirm_reservation [SL:RESTAURANT_NAME Wimpy] ]
kitchen_and_dining,confirm_reservation,thumela umbhalo endaweni yokudlela ye-Parafish ukuze uqinisekise ukubhukha kwami.,38:46:SL:RESTAURANT_NAME,[IN:confirm_reservation [SL:RESTAURANT_NAME Parafish] ]
kitchen_and_dining,confirm_reservation,ngicela uqinisekise ne restaurant ka Tasha ukuthi ngisazofika sekugamenxe ihora lesishiyagalolunye ebusuku.,"23:42:SL:RESTAURANT_NAME,74:106:SL:TIME",[IN:confirm_reservation [SL:RESTAURANT_NAME restaurant ka Tasha] [SL:TIME ihora lesishiyagalolunye ebusuku] ]
kitchen_and_dining,confirm_reservation,khumbuza indawo yokudlela yaseTerrace ngokubhukha engikwenze ngesonto eledlule.,30:37:SL:RESTAURANT_NAME,[IN:confirm_reservation [SL:RESTAURANT_NAME Terrace] ]
kitchen_and_dining,confirm_reservation,khumbuza indawo yokudlela yaseWu's Chinese ukuthi ngisazoza namhlanje kusihlwa.,"30:42:SL:RESTAURANT_NAME,70:78:SL:TIME",[IN:confirm_reservation [SL:RESTAURANT_NAME Wu's Chinese] [SL:TIME kusihlwa] ]
kitchen_and_dining,confirm_reservation,khumbuza iNandos restaurant ngokubhukha kwami.,10:16:SL:RESTAURANT_NAME,[IN:confirm_reservation [SL:RESTAURANT_NAME Nandos] ]
kitchen_and_dining,confirm_reservation,ngicela ubhalele i-Yoco Eatery umlayezo othi ngisazoza kamuva ebusuku.,"19:30:SL:RESTAURANT_NAME,62:69:SL:TIME",[IN:confirm_reservation [SL:RESTAURANT_NAME Yoco Eatery] [SL:TIME ebusuku] ]
kitchen_and_dining,confirm_reservation,khumbuza abakwa Vida E Cafe ukuthi ngiyeza njengoba ngangishilo.,16:27:SL:RESTAURANT_NAME,[IN:confirm_reservation [SL:RESTAURANT_NAME Vida E Cafe] ]
kitchen_and_dining,confirm_reservation,qinisekisa ukubhukha kwami ​​eKauai ngoLwesithathu e-Tygervalley,"30:35:SL:RESTAURANT_NAME,39:50:SL:DATE,53:64:SL:PLACE_NAME",[IN:confirm_reservation [SL:RESTAURANT_NAME Kauai] [SL:DATE Lwesithathu] [SL:PLACE_NAME Tygervalley] ]
kitchen_and_dining,confirm_reservation,ngicela ukhumbuze iStarbucks eTygervalley ngisazoza ngoLwesithathu ngizodla isidlo sasemini.,"19:28:SL:RESTAURANT_NAME,30:41:SL:PLACE_NAME,55:66:SL:DATE,76:91:SL:MEAL_PERIOD",[IN:confirm_reservation [SL:RESTAURANT_NAME Starbucks] [SL:PLACE_NAME Tygervalley] [SL:DATE Lwesithathu] [SL:MEAL_PERIOD isidlo sasemini] ]
kitchen_and_dining,confirm_reservation,ngicela uqinisekise ukubhukha kwami ​​​​e-Evert Opstal restaurant ngoLwesibili.,"42:54:SL:RESTAURANT_NAME,69:78:SL:DATE",[IN:confirm_reservation [SL:RESTAURANT_NAME Evert Opstal] [SL:DATE Lwesibili] ]
kitchen_and_dining,confirm_reservation,qinisekisa ukubhukha kwami ​​eMeat Junction ngoLwesihlanu kusihlwa.,"30:43:SL:RESTAURANT_NAME,47:57:SL:DATE,58:66:SL:TIME",[IN:confirm_reservation [SL:RESTAURANT_NAME Meat Junction] [SL:DATE Lwesihlanu] [SL:TIME kusihlwa] ]
kitchen_and_dining,confirm_reservation,ngicela wenze isiqiniseko sokuthi basakhumbula endaweni yokudlela yase-Center Court ukuthi ngizela ukudla kwasekuseni.,"71:83:SL:RESTAURANT_NAME,99:117:SL:MEAL_PERIOD",[IN:confirm_reservation [SL:RESTAURANT_NAME Center Court] [SL:MEAL_PERIOD ukudla kwasekuseni] ]
kitchen_and_dining,confirm_reservation,ngicela ukhumbuze abase Billy G eSuncoast ukuthi ngiyeza ebusuku njengoba bengibhukhile.,"24:31:SL:RESTAURANT_NAME,33:41:SL:PLACE_NAME,57:64:SL:TIME",[IN:confirm_reservation [SL:RESTAURANT_NAME Billy G] [SL:PLACE_NAME Suncoast] [SL:TIME ebusuku] ]
kitchen_and_dining,confirm_reservation,thumela umyalezo endaweni yokudlela iLingela ukuthi ngisazofika njengoba bengibekisile.,36:44:SL:RESTAURANT_NAME,[IN:confirm_reservation [SL:RESTAURANT_NAME iLingela] ]
kitchen_and_dining,confirm_reservation,ngicela uqinisiekise ukuthi indawo yokudlela iVersailles iyazi ukuthi siseza nabantwana bami ababili ukuzobungaza usuku lwabo lokuzalwa.,"46:56:SL:RESTAURANT_NAME,93:100:SL:NUMBER",[IN:confirm_reservation [SL:RESTAURANT_NAME Versailles] [SL:NUMBER ababili] ]
kitchen_and_dining,confirm_reservation,ungakhohlwa ukubhalela iRainbow Terrace restaurant ubakhumbuza ngokubhuka kwami.,24:50:SL:RESTAURANT_NAME,[IN:confirm_reservation [SL:RESTAURANT_NAME Rainbow Terrace restaurant] ]
kitchen_and_dining,confirm_reservation,ngicela ubhalele indawo yokudlela iJeera ngiseza.,34:40:SL:RESTAURANT_NAME,[IN:confirm_reservation [SL:RESTAURANT_NAME iJeera] ]
kitchen_and_dining,confirm_reservation,ukhumbuze indawo yokudlela  iReal African food  kaLiyema ukuthi ngiseza ukuzodla usu nophuthu.,"29:46:SL:RESTAURANT_NAME,50:56:SL:PERSONAL_NAME,81:93:SL:DISH_OR_FOOD",[IN:confirm_reservation [SL:RESTAURANT_NAME Real African food] [SL:PERSONAL_NAME Liyema] [SL:DISH_OR_FOOD usu nophuthu] ]
kitchen_and_dining,confirm_reservation,ngicela ukhumbuze abakwa Havana ngokubhukha kwami kwempelasonto.,25:31:SL:RESTAURANT_NAME,[IN:confirm_reservation [SL:RESTAURANT_NAME Havana] ]
kitchen_and_dining,confirm_reservation,qiniseka ukuthi abakwa Riverside Grill basakhumbula ukuthi ngiyeza.,23:38:SL:RESTAURANT_NAME,[IN:confirm_reservation [SL:RESTAURANT_NAME Riverside Grill] ]
kitchen_and_dining,confirm_reservation,khumbuza abaka Franky's ukuthi ngiseza ukuzodla isidlo sasekuseni.,"15:23:SL:RESTAURANT_NAME,48:65:SL:MEAL_PERIOD",[IN:confirm_reservation [SL:RESTAURANT_NAME Franky's] [SL:MEAL_PERIOD isidlo sasekuseni] ]
kitchen_and_dining,confirm_reservation,ngicela uthumele umqhafazo kwabaka Brasserie ukuthi ngiseza ntambama ukuzodla inyama yabo esespeshelini.,"35:44:SL:RESTAURANT_NAME,78:84:SL:DISH_OR_FOOD",[IN:confirm_reservation [SL:RESTAURANT_NAME Brasserie] [SL:DISH_OR_FOOD inyama] ]
kitchen_and_dining,confirm_reservation,khumbuza indawo yokudlela yase-Elangeni ngokubhukha engikwenze ezinsukwini ezimbili ezedlule.,"31:39:SL:HOTEL_NAME,63:92:SL:DATE",[IN:confirm_reservation [SL:HOTEL_NAME Elangeni] [SL:DATE ezinsukwini ezimbili ezedlule] ]
kitchen_and_dining,confirm_reservation,iyiphi inombolo engingayithumelela iDurban View Restaurant umlayezo wokuthi ngizofika ngemva kwemizuzu engamashumi amathathu ukuze ngibhukhe ngenxa yesiminyaminya?,"36:58:SL:RESTAURANT_NAME,96:124:SL:TIME",[IN:confirm_reservation [SL:RESTAURANT_NAME Durban View Restaurant] [SL:TIME mizuzu engamashumi amathathu] ]
kitchen_and_dining,restaurant_reviews,Kunjani ukudla kwaseDebonairs?,20:29:SL:RESTAURANT_NAME,[IN:restaurant_reviews [SL:RESTAURANT_NAME Debonairs] ]
kitchen_and_dining,confirm_reservation,fonela e-Olive Bistro ngizosho ukuthi ngiseza ngoMsombuluko ebusuku ukuzodla.,"9:21:SL:RESTAURANT_NAME,49:59:SL:DATE,60:67:SL:TIME",[IN:confirm_reservation [SL:RESTAURANT_NAME Olive Bistro] [SL:DATE Msombuluko] [SL:TIME ebusuku] ]
kitchen_and_dining,confirm_reservation,bhalela iCattle Baron imeyili eshoyo ukuthi ngisakhumbula ukuthi ngisazodla khona ksasa ekseni.,"9:21:SL:RESTAURANT_NAME,82:94:SL:DATE",[IN:confirm_reservation [SL:RESTAURANT_NAME Cattle Baron] [SL:DATE ksasa ekseni] ]
kitchen_and_dining,confirm_reservation,ngicela ubhale imeyili eya eFire Craft ubuze ukuthi basangibekele yini isikhala ukuthi ngizodla khona ksasa.,28:38:SL:RESTAURANT_NAME,[IN:confirm_reservation [SL:RESTAURANT_NAME Fire Craft] ]
kitchen_and_dining,confirm_reservation,faka umqhafazo kwinombolo yasendaweni yokudlela yase Bloemendal ubakhumbuza ukuthi ngisazofika ukuzodla namhlanje ntambama.,"53:63:SL:PLACE_NAME,104:113:SL:DATE,114:122:SL:TIME",[IN:confirm_reservation [SL:PLACE_NAME Bloemendal] [SL:DATE namhlanje] [SL:TIME ntambama] ]
kitchen_and_dining,confirm_reservation,ngicela wenze isiqiniseko sokuthi kwa-Asami's Durbanville basakhumbula ukuthi ngibekise isikhala sokuzodla.,38:57:SL:RESTAURANT_NAME,[IN:confirm_reservation [SL:RESTAURANT_NAME Asami's Durbanville] ]
kitchen_and_dining,restaurant_reviews,Ingabe isezingeni eliphezulu iBrown Sugar eMhlanga?,"30:41:SL:RESTAURANT_NAME,42:50:SL:PLACE_NAME",[IN:restaurant_reviews [SL:RESTAURANT_NAME Brown Sugar] [SL:PLACE_NAME eMhlanga] ]
kitchen_and_dining,confirm_reservation,qinisekisa ukuthi ukubhuka kwami ​​kwehora leshumi ebusuku kusasebenza e-Evert Opstal Restaurant,73:96:SL:RESTAURANT_NAME,[IN:confirm_reservation [SL:RESTAURANT_NAME Evert Opstal Restaurant] ]
kitchen_and_dining,confirm_reservation,khumbuza umphathi weBoathouse Sushi ngisazodla isidlo sasemini.,"20:35:SL:RESTAURANT_NAME,47:62:SL:MEAL_PERIOD",[IN:confirm_reservation [SL:RESTAURANT_NAME Boathouse Sushi] [SL:MEAL_PERIOD isidlo sasemini] ]
kitchen_and_dining,confirm_reservation,ngicela uthumele i-imeyili indawo yokudlela yaseSaltwater Grill ukuze ungayeki ukubhukha kwami ​​ngoba ngisaza.,48:63:SL:RESTAURANT_NAME,[IN:confirm_reservation [SL:RESTAURANT_NAME Saltwater Grill] ]
kitchen_and_dining,confirm_reservation,qinisekisa ukubhukha kwami ​​kwaphakathi kwamabili ukuze ngidle endaweni yokudlela yase-Alpine Deli.,88:99:SL:RESTAURANT_NAME,[IN:confirm_reservation [SL:RESTAURANT_NAME Alpine Deli] ]
kitchen_and_dining,confirm_reservation,ngicela uqinisekise ukuthi iSalmon house durbanville  iyazi ukuthi ngizodla isidlo sasemini njengoba ngibhukhile yize ngizophuza ukufika ngamaminishana.,76:91:SL:MEAL_PERIOD,[IN:confirm_reservation [SL:MEAL_PERIOD isidlo sasemini] ]
kitchen_and_dining,confirm_reservation,qinisekisa ukuthi abakwa Spur basakhumbula ukuthi ngizokwenza umbungazo namhlanje ngehora lesithupha.,"25:29:SL:RESTAURANT_NAME,82:100:SL:TIME",[IN:confirm_reservation [SL:RESTAURANT_NAME Spur] [SL:TIME ngehora lesithupha] ]
kitchen_and_dining,confirm_reservation,thumela imeyili eya kwaNikkoz eqinisekisayo ukuthi ngiseza nabantu basemsebenzini ukuzodla isidlo sasebusuku.,"23:29:SL:RESTAURANT_NAME,91:108:SL:MEAL_PERIOD",[IN:confirm_reservation [SL:RESTAURANT_NAME Nikkoz] [SL:MEAL_PERIOD isidlo sasebusuku] ]
kitchen_and_dining,confirm_reservation,vimba inketho yekhadi elibonakalayo kuhlelo lwami lokusebenza lwasebhange lakwa Tymebank.,80:88:SL:BANK_NAME,[IN:confirm_reservation [SL:BANK_NAME Tymebank] ]
banking,freeze_account,iyiphi inketho engingayisebenzisa ukumisa ikhadi lami njengoba lingilahlekele?,,[IN:freeze_account ]
banking,freeze_account,vimba i-akhawunti yami ukuthi ingasasebenza ngoba sengisebenzise imali kwaze kweqa.,,[IN:freeze_account ]
banking,freeze_account,ngicela ungifonelele abakwa Nedbank ngizobatshela bamise ikhadi ngoba lingilahlekele.,28:35:SL:BANK_NAME,[IN:freeze_account [SL:BANK_NAME Nedbank] ]
banking,freeze_account,ungayimisa kanjani i-akhawunti ukuthi ime isonto lonke?,,[IN:freeze_account ]
banking,freeze_account,vala ikhadi lami lase Investec ukuthi lingasebenzi kwintanethi.,22:30:SL:BANK_NAME,[IN:freeze_account [SL:BANK_NAME Investec] ]
banking,freeze_account,ngicela uvale ukuthi ikhadi lami lingasayithumela imali kwintanethi.,,[IN:freeze_account ]
banking,freeze_account,vala ukuthi ikhadi lami elixhumene noPayPal lingasathengi phesheya.,37:43:SL:PAYMENT_COMPANY,[IN:freeze_account [SL:PAYMENT_COMPANY PayPal] ]
banking,freeze_account,vimba ikhadi lami lase standard bank lingasathengi kwintanethi.,23:36:SL:BANK_NAME,[IN:freeze_account [SL:BANK_NAME standard bank] ]
banking,freeze_account,vala ukuthi ikhadi lami lase-Absa lingasasebenzi kwintanethi.,29:33:SL:BANK_NAME,[IN:freeze_account [SL:BANK_NAME Absa] ]
banking,freeze_account,vimba inketho yekhadi elibonakalayo kuhlelo lwami lokusebenza lwasebhange lakwa Absa.,80:84:SL:BANK_NAME,[IN:freeze_account [SL:BANK_NAME Absa] ]
banking,freeze_account,vala ukuthi ikhadi lami laka Capitec lingasasebenza ngomakhalekhukhwini.,29:36:SL:BANK_NAME,[IN:freeze_account [SL:BANK_NAME Capitec] ]
banking,freeze_account,vimba ukuthi ikhadi lami laseNedbank lingasasebenziseka ngomakhalekhukhwini.,"29:36:SL:BANK_NAME,59:75:SL:SHOPPING_ITEM",[IN:freeze_account [SL:BANK_NAME Nedbank] [SL:SHOPPING_ITEM makhalekhukhwini] ]
banking,freeze_account,vala ukuthi ikhadi lami lase Old Mutual lingabe lisasebenza ngomakhalekhukhwini.,,[IN:freeze_account ]
banking,freeze_account,ngibhekele ukuthi ngingakwazi yini ukuvala ukuthoi ikhadi lami laseCapitec ukuthi lingasasebenza ngomakhalekhukhwini.,67:74:SL:BANK_NAME,[IN:freeze_account [SL:BANK_NAME Capitec] ]
banking,freeze_account,misa inketho yokuthepha ekhadini lami lakwa Nedbank.,44:51:SL:BANK_NAME,[IN:freeze_account [SL:BANK_NAME Nedbank] ]
banking,freeze_account,vimba ukuthi ikhadi lami laseCapitec lingasathepha.,29:36:SL:BANK_NAME,[IN:freeze_account [SL:BANK_NAME Capitec] ]
banking,freeze_account,vimba ikhadi lami laseNedbank lingayikhiphi imali.,22:29:SL:BANK_NAME,[IN:freeze_account [SL:BANK_NAME Nedbank] ]
banking,freeze_account,vala ukuthi ikhadi lami lase-Investec lingasayikhiphi imali.,29:37:SL:BANK_NAME,[IN:freeze_account [SL:BANK_NAME Investec] ]
banking,freeze_account,ngivimbele ikhadi lami lase-Absa lingasayikhikpha imali.,28:32:SL:BANK_NAME,[IN:freeze_account [SL:BANK_NAME Absa] ]
banking,freeze_account,vala ikhadi lami lingasebenzi,,[IN:freeze_account ]
banking,freeze_account,ngivimbele i-akhawunti yami yase Nedbank ingasebenzi.,33:40:SL:BANK_NAME,[IN:freeze_account [SL:BANK_NAME Nedbank] ]
banking,freeze_account,ngicela uvimbe ikhadi lami le-nedbank ukuze ngingenzi noma yikuphi ukuthengiselana kuzo zonke izinhlelo zokusebenza.,30:37:SL:BANK_NAME,[IN:freeze_account [SL:BANK_NAME nedbank] ]
banking,freeze_account,vala ikhadi lami le-Absa ukuze lingasebenzi kuhlelo lokusebenza lwe-Shein.,20:24:SL:BANK_NAME,[IN:freeze_account [SL:BANK_NAME Absa] ]
banking,freeze_account,vimba ukuthi ikhadi lami lakwa FirstRand lingabe lisasebenza ezinhlelweni zokuthenga izingubo njengo Woolworths.,"31:40:SL:BANK_NAME,85:93:SL:SHOPPING_ITEM",[IN:freeze_account [SL:BANK_NAME FirstRand] [SL:SHOPPING_ITEM izingubo] ]
banking,freeze_account,vimba ikhadi lami lakwa Ithala lingasebenzi ezinhlelweni zokudla.,24:30:SL:BANK_NAME,[IN:freeze_account [SL:BANK_NAME Ithala] ]
banking,freeze_account,vala ikhadi lami le-Absa ukuze lingasebenzi kuhlelo lokusebenza lweCheckers.,20:24:SL:BANK_NAME,[IN:freeze_account [SL:BANK_NAME Absa] ]
banking,freeze_account,misa ikhadi lami laka Capitec lingasathenga eShaka Marine.,"22:29:SL:BANK_NAME,44:57:SL:PLACE_NAME",[IN:freeze_account [SL:BANK_NAME Capitec] [SL:PLACE_NAME eShaka Marine] ]
banking,freeze_account,vimba ikhadi lase-Absa ukuthi lingathengi eCotton On mgoba bathatha imali engaphezulu kwekwakumele bayithathe.,18:22:SL:BANK_NAME,[IN:freeze_account [SL:BANK_NAME Absa] ]
banking,freeze_account,vala ikhadi lami le-FNB ukuze ngingenzi noma yikuphi ukuthengiselana kuzo zonke izinhlelo zokusebenza,20:23:SL:BANK_NAME,[IN:freeze_account [SL:BANK_NAME FNB] ]
banking,freeze_account,ngicela umise ikhadi lakwa Nedbank lingasebenzi ngize ngiyolivula ebhange.,27:34:SL:BANK_NAME,[IN:freeze_account [SL:BANK_NAME Nedbank] ]
banking,freeze_account,misa ikhadi lami lakwa FNB ukuthi lingathengi kumawebusaythi angaphephile.,23:26:SL:BANK_NAME,[IN:freeze_account [SL:BANK_NAME FNB] ]
banking,freeze_account,vala ikhadi lami leNedbank ngoba liphelelwe yisikhathi,19:26:SL:BANK_NAME,[IN:freeze_account [SL:BANK_NAME Nedbank] ]
banking,freeze_account,vala ikhadi lami le-Absa ukuze lingasebenzi kuhlelo lokusebenza lwe-Earthchild.,20:24:SL:BANK_NAME,[IN:freeze_account [SL:BANK_NAME Absa] ]
banking,freeze_account,vala ikhadi lami leTymebank ngoba ngeqe umkhawulo wami,19:27:SL:BANK_NAME,[IN:freeze_account [SL:BANK_NAME Tymebank] ]
banking,freeze_account,ngicela uvale ikhadi lami lakwa-Absa ngoba sengisebenzise imali kwaze kweqa.,32:36:SL:BANK_NAME,[IN:freeze_account [SL:BANK_NAME Absa] ]
banking,freeze_account,ngicela umise ikhadi lami leCapitec ukuze lingasebenzi ezinhlelweni zokudlela.,28:35:SL:BANK_NAME,[IN:freeze_account [SL:BANK_NAME Capitec] ]
banking,freeze_account,misa ikhadi lami lingasebenzi ngoba kukhona olisebenzisile ngingamunikanga imvume.,,[IN:freeze_account ]
banking,freeze_account,ngicela uvimbe ikhadi lami leCapitec ukuze ngingenzi noma yikuphi ukuthengiselana kuzo zonke izinhlelo zokusebenza,29:36:SL:BANK_NAME,[IN:freeze_account [SL:BANK_NAME Capitec] ]
banking,freeze_account,misa ikhadi lami lingasebenzi izinyanga embili ezizayo lka-Absa.,59:63:SL:BANK_NAME,[IN:freeze_account [SL:BANK_NAME Absa] ]
banking,freeze_account,ngicela umise i-akhawunti yami yamanje yaka FNB.,44:47:SL:BANK_NAME,[IN:freeze_account [SL:BANK_NAME FNB] ]
banking,freeze_account,ngivalele  ikhadi lami leFirstRand ukuze ngingenzi noma yikuphi ukuthengiselana kuzo zonke izinhlelo zokusebenza,23:34:SL:BANK_NAME,[IN:freeze_account [SL:BANK_NAME leFirstRand] ]
banking,freeze_account,misa ikhadi lami lakaNedbank i-akhawunti yokonga ingasebenzi.,"21:28:SL:BANK_NAME,31:48:SL:ACCOUNT_TYPE",[IN:freeze_account [SL:BANK_NAME Nedbank] [SL:ACCOUNT_TYPE akhawunti yokonga] ]
banking,freeze_account,misa ikhadi lakaTymebank amasonto amabili azayo lingathengi ndawo.,"16:24:SL:BANK_NAME,34:41:SL:NUMBER",[IN:freeze_account [SL:BANK_NAME Tymebank] [SL:NUMBER amabili] ]
banking,freeze_account,vimba ikhadi lami le-Investec ukuze ngingenzi noma yikuphi ukuthengiselana kuzo zonke izinhlelo zokusebenza,21:29:SL:BANK_NAME,[IN:freeze_account [SL:BANK_NAME Investec] ]
banking,freeze_account,misa ikhadi lami ukuthi lingathengi egaraji lakwa Shell.,,[IN:freeze_account ]
banking,freeze_account,ngicela uvale ikhadi laka FirstRand ukuthi lingasathengi ezitolo ezidayisa izibiliboco.,26:35:SL:BANK_NAME,[IN:freeze_account [SL:BANK_NAME FirstRand] ]
banking,freeze_account,ngivimbele ikhadi lami le-Old Mutual ukuze ngingenzi noma yikuphi ukuthengiselana kuzo zonke izinhlelo zokusebenza,,[IN:freeze_account ]
banking,freeze_account,vala ukuthi ikhadi lami lase-Investec lingathengi ezinhlelweni zokudla nezokugqoka.,29:37:SL:BANK_NAME,[IN:freeze_account [SL:BANK_NAME Investec] ]
banking,freeze_account,ngivalele ikhadi lami ukuthi lingasebenzi inyanga yonke kusuka namhlanje.,,[IN:freeze_account ]
banking,freeze_account,ngicela uvimbe ikhadi lami lase-Absa ukuze ngingenzi noma yikuphi ukuthengiselana kuzo zonke izinhlelo zokusebenza,32:36:SL:BANK_NAME,[IN:freeze_account [SL:BANK_NAME Absa] ]
banking,freeze_account,vala ikhadi lami ukuthi lingabe lisayikhipha imali.,,[IN:freeze_account ]
banking,freeze_account,vimba ukuthi lingasebenzi ikhadi lami lakaNedbanj.,42:49:SL:BANK_NAME,[IN:freeze_account [SL:BANK_NAME Nedbanj] ]
banking,freeze_account,vala i-akhawunti yami yamanje ukuthi ingasebenzi.,7:29:SL:ACCOUNT_TYPE,[IN:freeze_account [SL:ACCOUNT_TYPE akhawunti yami yamanje] ]
banking,freeze_account,vala i-akhawunti yami yokonga ukuthi ingasebenzi.,7:29:SL:ACCOUNT_TYPE,[IN:freeze_account [SL:ACCOUNT_TYPE akhawunti yami yokonga] ]
banking,freeze_account,ngicela uvimbe ukuthi onke ama-akhawunti ami angasebenzi kwintanethi.,,[IN:freeze_account ]
banking,freeze_account,vala ikhadi lakaTymebank ukuthi lingathengi kwintanethi.,16:24:SL:BANK_NAME,[IN:freeze_account [SL:BANK_NAME Tymebank] ]
banking,freeze_account,vala i-akhawunti yami yokubeka imali yomuzi kwaTymebank.,"7:36:SL:ACCOUNT_TYPE,47:55:SL:BANK_NAME",[IN:freeze_account [SL:ACCOUNT_TYPE akhawunti yami yokubeka imali] [SL:BANK_NAME Tymebank] ]
banking,freeze_account,vimba ukuthi ikhadi lami laseFirstRand lingathengi phesheya.,29:38:SL:BANK_NAME,[IN:freeze_account [SL:BANK_NAME FirstRand] ]
banking,freeze_account,ngicela uvale ikhadi lami laseCapitec ngoba angiliboni.,30:37:SL:BANK_NAME,[IN:freeze_account [SL:BANK_NAME Capitec] ]
banking,freeze_account,ngivalele ikhadi lami lakwaNedbank ngohlelo lokusebenza lwasebhange.,27:34:SL:BANK_NAME,[IN:freeze_account [SL:BANK_NAME Nedbank] ]
banking,freeze_account,ngicela ungivalele ikhadi lami laseStandard bank kwintanethi.,35:48:SL:BANK_NAME,[IN:freeze_account [SL:BANK_NAME Standard bank] ]
banking,freeze_account,vimba ikhadi lami laseNedbank ukuthi lingasasebenzi kwintanethi ngenxa yobugebengu obukhona.,22:29:SL:BANK_NAME,[IN:freeze_account [SL:BANK_NAME Nedbank] ]
banking,freeze_account,ngivalelele ikhadi lami laseCapitec ukuthi lingasasebenza phesheya.,28:35:SL:BANK_NAME,[IN:freeze_account [SL:BANK_NAME Capitec] ]
banking,freeze_account,ngicela uvale ikhadi lami lingasebenzi ekuthengeni kwintanethi.,,[IN:freeze_account ]
banking,freeze_account,vala ikhadi laseTymebank ukuba lingasathenga emazweni angaphandle.,16:24:SL:BANK_NAME,[IN:freeze_account [SL:BANK_NAME Tymebank] ]
banking,freeze_account,ngivalele ikhadi lami lakwaNedbank.,27:34:SL:BANK_NAME,[IN:freeze_account [SL:BANK_NAME Nedbank] ]
banking,freeze_account,misa ikhadi laka-Absa.,17:21:SL:BANK_NAME,[IN:freeze_account [SL:BANK_NAME Absa] ]
banking,freeze_account,ngivalele ikhadi laseCapitec.,21:28:SL:BANK_NAME,[IN:freeze_account [SL:BANK_NAME Capitec] ]
banking,freeze_account,valka i-akhawunti yami yakwa Old Mutual.,,[IN:freeze_account ]
banking,freeze_account,vala ikhadi lami laseTymebank.,21:29:SL:BANK_NAME,[IN:freeze_account [SL:BANK_NAME Tymebank] ]
banking,freeze_account,ngicela uvale ikhadi lami lakwaNedbank.,31:38:SL:BANK_NAME,[IN:freeze_account [SL:BANK_NAME Nedbank] ]
banking,freeze_account,ngivimbele ikhadi lami lase-Absa ukuthi lingasebenzi.,28:32:SL:BANK_NAME,[IN:freeze_account [SL:BANK_NAME Absa] ]
banking,freeze_account,ngicela uvimbe ikhadi lami laseCapitec ukuthi lingasasebenza.,31:38:SL:BANK_NAME,[IN:freeze_account [SL:BANK_NAME Capitec] ]
banking,freeze_account,misa ikhadi lami lakaNedbank ukuthi lingasasebenza ngoba lidukile.,21:28:SL:BANK_NAME,[IN:freeze_account [SL:BANK_NAME Nedbank] ]
banking,freeze_account,ngicela ungivalele ikhadi lami laseStandard ukuthi lingathengi.,35:43:SL:BANK_NAME,[IN:freeze_account [SL:BANK_NAME Standard] ]
banking,freeze_account,vimba i-akhawunti yami yakaThala ukuthi ingasebenzi.,27:32:SL:BANK_NAME,[IN:freeze_account [SL:BANK_NAME Thala] ]
banking,freeze_account,ngicela ungivimbele ikhadi lami laseTymebank ukuthi lingasebenzi.,36:44:SL:BANK_NAME,[IN:freeze_account [SL:BANK_NAME Tymebank] ]
banking,freeze_account,ngivalele ikhadi lami laseFirstRand.,26:35:SL:BANK_NAME,[IN:freeze_account [SL:BANK_NAME FirstRand] ]
banking,freeze_account,vala ikhadi lami laka-Absa.,22:26:SL:BANK_NAME,[IN:freeze_account [SL:BANK_NAME Absa] ]
banking,freeze_account,ngicela uvale ikhadi lami laseDiscovery ngoba lintshontshiwe.,30:39:SL:BANK_NAME,[IN:freeze_account [SL:BANK_NAME Discovery] ]
travel,timezone,isikhathi sini eMichigan manje?,15:24:SL:CITY_OR_PROVINCE,[IN:timezone [SL:CITY_OR_PROVINCE eMichigan] ]
travel,timezone,sihluke ngamahora amangaki isikhathi ohakathi kwezwe iChina kanye neSenegal?,"53:59:SL:COUNTRY,66:75:SL:COUNTRY",[IN:timezone [SL:COUNTRY iChina] [SL:COUNTRY neSenegal] ]
travel,timezone,iliphi izwe eliphambili phakathi kweTanzania ne-Ethiopia?,"36:44:SL:COUNTRY,48:56:SL:COUNTRY",[IN:timezone [SL:COUNTRY Tanzania] [SL:COUNTRY Ethiopia] ]
travel,timezone,ithini indawo yesikhathi yaseGreenland?,29:38:SL:COUNTRY,[IN:timezone [SL:COUNTRY Greenland] ]
travel,timezone,yiliphi izwekazi elihlangabezana nehlobo kuqala phakathi kweYurophu ne-Asia?,,[IN:timezone ]
travel,timezone,iliphi izwe eliphambili iBritain neSpain?,"25:32:SL:COUNTRY,35:40:SL:COUNTRY",[IN:timezone [SL:COUNTRY Britain] [SL:COUNTRY Spain] ]
travel,timezone,isikhathi sini eTexas manje mawuqhathanisa neNingizimu Afrika?,"15:21:SL:CITY_OR_PROVINCE,45:61:SL:COUNTRY",[IN:timezone [SL:CITY_OR_PROVINCE eTexas] [SL:COUNTRY Ningizimu Afrika] ]
travel,timezone,iNingizimu Afrika ingemuva ngamahora amangaki kwiNepal?,"1:17:SL:COUNTRY,49:54:SL:COUNTRY",[IN:timezone [SL:COUNTRY Ningizimu Afrika] [SL:COUNTRY Nepal] ]
travel,timezone,iliphi izwe elingaphambili ngokwesikhathi phakathi kweNingizimu Afrka kanye neFrance?,"54:69:SL:COUNTRY,78:84:SL:COUNTRY",[IN:timezone [SL:COUNTRY Ningizimu Afrka] [SL:COUNTRY France] ]
travel,timezone,"mangiqhathanisa iNingizimu Afrika neBurkina Faso, iliphi izwe eliphambili?","17:33:SL:COUNTRY,36:48:SL:COUNTRY",[IN:timezone [SL:COUNTRY Ningizimu Afrika] [SL:COUNTRY Burkina Faso] ]
travel,timezone,iliphi elingemuva izwe phakathi kweZambia neNingizimu Afrika?,"35:41:SL:COUNTRY,44:60:SL:COUNTRY",[IN:timezone [SL:COUNTRY Zambia] [SL:COUNTRY Ningizimu Afrika] ]
travel,timezone,mangihamba ngendiza ngisuka eNingizimu Afrika mhla zimbili kuZibandlela ngehora lokuqala emini ngingafika ngasikhathi sini eMauritania?,"29:45:SL:COUNTRY,51:71:SL:DATE,75:94:SL:TIME,124:134:SL:COUNTRY",[IN:timezone [SL:COUNTRY Ningizimu Afrika] [SL:DATE zimbili kuZibandlela] [SL:TIME hora lokuqala emini] [SL:COUNTRY Mauritania] ]
travel,timezone,mangihamba ngomkhumbi ngisuka eMozambique nehora leshumi nambili ekuseni ngingafika nini eNingizimu Afrika?,"31:41:SL:COUNTRY,42:72:SL:TIME,90:106:SL:COUNTRY",[IN:timezone [SL:COUNTRY Mozambique] [SL:TIME nehora leshumi nambili ekuseni] [SL:COUNTRY Ningizimu Afrika] ]
travel,timezone,iliphi izwe elisheshayo ukuhlwa phakathi kweNingizimu Afrika neBurundi?,"44:60:SL:COUNTRY,63:70:SL:COUNTRY",[IN:timezone [SL:COUNTRY Ningizimu Afrika] [SL:COUNTRY Burundi] ]
travel,timezone,lingaphambili ngamahora amangaphi izwe laseBotswana maliqhathaniswa neNingizimu Afrika?,"43:51:SL:COUNTRY,70:86:SL:COUNTRY",[IN:timezone [SL:COUNTRY Botswana] [SL:COUNTRY Ningizimu Afrika] ]
travel,timezone,iliphi izwe elingaphambili phakathi kweSierra Leone neNingizimu Afrika?,"39:51:SL:COUNTRY,54:70:SL:COUNTRY",[IN:timezone [SL:COUNTRY Sierra Leone] [SL:COUNTRY Ningizimu Afrika] ]
travel,timezone,iNingizimu Afrika ingemuva ngamahora amangaphi kwiTogo?,"1:17:SL:COUNTRY,50:54:SL:COUNTRY",[IN:timezone [SL:COUNTRY Ningizimu Afrika] [SL:COUNTRY Togo] ]
travel,timezone,iBenin ingemuva ngamahora amangaphi kwiNingizimu Afrika?,"1:6:SL:COUNTRY,39:55:SL:COUNTRY",[IN:timezone [SL:COUNTRY Benin] [SL:COUNTRY Ningizimu Afrika] ]
travel,timezone,iliphi izwe eliphuzayo ukusa phakathi kweNingizimu Afrika neSwaziland?,"41:57:SL:COUNTRY,58:69:SL:COUNTRY",[IN:timezone [SL:COUNTRY Ningizimu Afrika] [SL:COUNTRY neSwaziland] ]
travel,timezone,iskhathi seNingizimu Afrika sihluke ngamahora amangaki kwesase Seychelles?,"11:27:SL:COUNTRY,63:73:SL:COUNTRY",[IN:timezone [SL:COUNTRY Ningizimu Afrika] [SL:COUNTRY Seychelles] ]
travel,timezone,iliphi izwe eliphambili iWestern Sahara meNingizimu Afrika?,"25:39:SL:PLACE_NAME,42:58:SL:COUNTRY",[IN:timezone [SL:PLACE_NAME Western Sahara] [SL:COUNTRY Ningizimu Afrika] ]
travel,timezone,lingaphambili ngamahora amangakanani izwe laseDjibouti kwelaseNingizimu Afrika?,"46:54:SL:COUNTRY,62:78:SL:COUNTRY",[IN:timezone [SL:COUNTRY Djibouti] [SL:COUNTRY Ningizimu Afrika] ]
travel,timezone,iliphi izwe ekusa kuqala kulona phakathi kweSomalia neNingizimu Afrika?,"44:51:SL:COUNTRY,54:70:SL:COUNTRY",[IN:timezone [SL:COUNTRY Somalia] [SL:COUNTRY Ningizimu Afrika] ]
travel,timezone,iCabo Verde ingemuva ngamahora bamangaki kwiNingizimu Afrika?,"1:11:SL:COUNTRY,44:60:SL:COUNTRY",[IN:timezone [SL:COUNTRY Cabo Verde] [SL:COUNTRY Ningizimu Afrika] ]
travel,timezone,iChad ingaphambili ngamahora amangaki kwiNingizimu Afrika?,"1:5:SL:COUNTRY,41:57:SL:COUNTRY",[IN:timezone [SL:COUNTRY Chad] [SL:COUNTRY Ningizimu Afrika] ]
travel,timezone,iTunisia ingaphambili kweNingizimu Afrika?,"1:8:SL:COUNTRY,25:41:SL:COUNTRY",[IN:timezone [SL:COUNTRY Tunisia] [SL:COUNTRY Ningizimu Afrika] ]
travel,timezone,iskhathi sini manje eGuinea uma ngiqhathanisa neNingizimu Afrika?,"21:27:SL:COUNTRY,48:64:SL:COUNTRY",[IN:timezone [SL:COUNTRY Guinea] [SL:COUNTRY Ningizimu Afrika] ]
travel,timezone,iliphi izwe ekuhlwa kulona kuqala phakathi kwe Libya neNingizimu Afrika?,"47:52:SL:COUNTRY,55:71:SL:COUNTRY",[IN:timezone [SL:COUNTRY Libya] [SL:COUNTRY Ningizimu Afrika] ]
travel,timezone,iskhathi sini eMalawi manje?,15:21:SL:COUNTRY,[IN:timezone [SL:COUNTRY Malawi] ]
travel,timezone,kuhlwa ngasikhathi sini eMelika?,25:31:SL:COUNTRY,[IN:timezone [SL:COUNTRY Melika] ]
travel,timezone,ilanga liphuma ngasiphi isikhathi eMali?,35:39:SL:COUNTRY,[IN:timezone [SL:COUNTRY Mali] ]
travel,timezone,i-Uganda isebenzisa yiphi indawo yesikhathi?,2:8:SL:COUNTRY,[IN:timezone [SL:COUNTRY Uganda] ]
travel,timezone,kungangithatha amahora amangaphi ukuhamba ngebhanoyi ngisuka eKapa ngiya eMexico?,"61:66:SL:CITY_OR_PROVINCE,73:80:SL:COUNTRY",[IN:timezone [SL:CITY_OR_PROVINCE eKapa] [SL:COUNTRY eMexico] ]
travel,timezone,iNingizimu Afrika ingaphambili noma ingemuva kweMadagascar?,"1:17:SL:COUNTRY,48:58:SL:COUNTRY",[IN:timezone [SL:COUNTRY Ningizimu Afrika] [SL:COUNTRY Madagascar] ]
travel,timezone,bangaphambili ngamahora amangaki izwe lase Mongolia mawuliqhathanisa nelase Ndiya?,"43:51:SL:COUNTRY,76:81:SL:COUNTRY",[IN:timezone [SL:COUNTRY Mongolia] [SL:COUNTRY Ndiya] ]
travel,timezone,iliphi izwe eliphambili phakathi kweNingizimu Afrika ne-Iran?,"36:52:SL:COUNTRY,56:60:SL:COUNTRY",[IN:timezone [SL:COUNTRY Ningizimu Afrika] [SL:COUNTRY Iran] ]
travel,timezone,imaphi amazwe angamahora amabili ngaphambili kwelase Ningizimu Afrika?,"25:32:SL:NUMBER,53:69:SL:COUNTRY",[IN:timezone [SL:NUMBER amabili] [SL:COUNTRY Ningizimu Afrika] ]
travel,timezone,zingaki izindawo zesikhathi emhlabeni?,,[IN:timezone ]
travel,timezone,iliphi izwe elingemuva phakathi kweNingizimu Afrika nezwe lase Ndiya?,"35:51:SL:COUNTRY,63:68:SL:COUNTRY",[IN:timezone [SL:COUNTRY Ningizimu Afrika] [SL:COUNTRY Ndiya] ]
travel,timezone,ingabe iNingizimu Afrika neLesotho basendaweni yesikhathi efanayo?,"8:24:SL:COUNTRY,27:34:SL:COUNTRY",[IN:timezone [SL:COUNTRY Ningizimu Afrika] [SL:COUNTRY Lesotho] ]
travel,timezone,imaphi amazwe anesikhathi esifanayo neNingizimu Afrika?,38:54:SL:COUNTRY,[IN:timezone [SL:COUNTRY Ningizimu Afrika] ]
travel,timezone,yisiphi isikhathi esijwayelekile saseNingizimu Afrika?,37:53:SL:COUNTRY,[IN:timezone [SL:COUNTRY Ningizimu Afrika] ]
travel,timezone,sekusele imizuzu emingaphi kugamanxe ihora leshumi?,37:50:SL:TIME,[IN:timezone [SL:TIME ihora leshumi] ]
travel,timezone,amahora amngaphi ukuya eChina usuka eNingizimu Afrika?,"24:29:SL:COUNTRY,37:53:SL:COUNTRY",[IN:timezone [SL:COUNTRY China] [SL:COUNTRY Ningizimu Afrika] ]
travel,timezone,kungathatha amahora amangaki ukusuka eCanada uya eNingizimu Afrika?,"37:44:SL:COUNTRY,49:66:SL:COUNTRY",[IN:timezone [SL:COUNTRY eCanada] [SL:COUNTRY eNingizimu Afrika] ]
travel,timezone,isikhathisini e-Angola mawuqhathanisa neNingizimu Afrika?,"16:22:SL:COUNTRY,40:56:SL:COUNTRY",[IN:timezone [SL:COUNTRY Angola] [SL:COUNTRY Ningizimu Afrika] ]
travel,timezone,iliphi eliphambili izwe phakathi kweNingizimu Afrika kanye nePakistan?,"36:52:SL:COUNTRY,61:69:SL:COUNTRY",[IN:timezone [SL:COUNTRY Ningizimu Afrika] [SL:COUNTRY Pakistan] ]
travel,timezone,iskhathi sini manje eZimbabwe mawuqhathanisa neNingizimu Afrika?,"21:29:SL:COUNTRY,47:63:SL:COUNTRY",[IN:timezone [SL:COUNTRY Zimbabwe] [SL:COUNTRY Ningizimu Afrika] ]
travel,timezone,iliphi izwe eliphambili iNingizimu Afrika kanye neQatar?,"25:41:SL:COUNTRY,50:55:SL:COUNTRY",[IN:timezone [SL:COUNTRY Ningizimu Afrika] [SL:COUNTRY Qatar] ]
travel,timezone,iNingizimu Afrika ingaphambili ngamahoraamangaki kwiBrazil?,"1:17:SL:COUNTRY,52:58:SL:COUNTRY",[IN:timezone [SL:COUNTRY Ningizimu Afrika] [SL:COUNTRY Brazil] ]
travel,timezone,izwe laseLiberia lingemuva ngamahora amangaphi kwelaseNingizimu Afrika?,"9:16:SL:COUNTRY,54:70:SL:COUNTRY",[IN:timezone [SL:COUNTRY Liberia] [SL:COUNTRY Ningizimu Afrika] ]
travel,timezone,lingaphambili ngamahora amangaphi izwe lase Bhutan kwelase Ningizimu Afrika?,"44:50:SL:COUNTRY,59:75:SL:COUNTRY",[IN:timezone [SL:COUNTRY Bhutan] [SL:COUNTRY Ningizimu Afrika] ]
travel,timezone,iskhathi sini manje e-Algeria?,22:29:SL:COUNTRY,[IN:timezone [SL:COUNTRY Algeria] ]
travel,timezone,iliphi izwe elingaphambili kweNingizimu Afrika ngamahora amahlanu?,"30:46:SL:COUNTRY,47:65:SL:TIME",[IN:timezone [SL:COUNTRY Ningizimu Afrika] [SL:TIME ngamahora amahlanu] ]
travel,timezone,mangaki amazwe anesikhathi esifanayo neNingizimu Afrika?,39:55:SL:COUNTRY,[IN:timezone [SL:COUNTRY Ningizimu Afrika] ]
travel,timezone,iliphi izwe eliphambili phakathi kwe Sudan ne Mauritius mangiyiqhathanisa neNingizimu Afrika?,"37:42:SL:COUNTRY,46:55:SL:COUNTRY,76:92:SL:COUNTRY",[IN:timezone [SL:COUNTRY Sudan] [SL:COUNTRY Mauritius] [SL:COUNTRY Ningizimu Afrika] ]
travel,timezone,iNingizimu Afika ingemuva noma ingaphambili ngokwesikhathi uma ngiyiqhathanisa ne Kenya?,"1:16:SL:COUNTRY,82:87:SL:COUNTRY",[IN:timezone [SL:COUNTRY Ningizimu Afika] [SL:COUNTRY Kenya] ]
travel,timezone,ngingafika ngasikhathisini eNew York mangisuka eNingizimu Afrika ngehora lesihlanu ekuseni ngebhanoyi?,"28:36:SL:CITY_OR_PROVINCE,48:64:SL:COUNTRY",[IN:timezone [SL:CITY_OR_PROVINCE New York] [SL:COUNTRY Ningizimu Afrika] ]
travel,timezone,isikhathi sini eLagos manje?,15:21:SL:CITY_OR_PROVINCE,[IN:timezone [SL:CITY_OR_PROVINCE eLagos] ]
travel,timezone,uma ngiqhathanisa iChina neNingizimu Afrika iliphi izwe elisemumva?,"18:24:SL:COUNTRY,27:43:SL:COUNTRY",[IN:timezone [SL:COUNTRY iChina] [SL:COUNTRY Ningizimu Afrika] ]
travel,timezone,ihora leshumi ekuseni lizoba semzuzwini emingaki eNamibia?,"0:21:SL:TIME,50:57:SL:COUNTRY",[IN:timezone [SL:TIME ihora leshumi ekuseni] [SL:COUNTRY Namibia] ]
travel,timezone,iliphi izwe eliphambili phakathi kwe Lesotho kanye neNingizimu Afrika?,"37:44:SL:COUNTRY,53:69:SL:COUNTRY",[IN:timezone [SL:COUNTRY Lesotho] [SL:COUNTRY Ningizimu Afrika] ]
travel,timezone,uma ngisuka eMelika ngehora leshumi ebusuku ngizofika ngasikhathi sini eNingizimu Afrika?,"13:19:SL:COUNTRY,20:43:SL:TIME,72:88:SL:COUNTRY",[IN:timezone [SL:COUNTRY Melika] [SL:TIME ngehora leshumi ebusuku] [SL:COUNTRY Ningizimu Afrika] ]
travel,timezone,yiliphi izwe elingaphambili phakathi kwe-Afghanistan neRussia?,"41:52:SL:COUNTRY,55:61:SL:COUNTRY",[IN:timezone [SL:COUNTRY Afghanistan] [SL:COUNTRY Russia] ]
travel,timezone,iCameroon isebenzisa yiphi indawo yesikhathi?,1:9:SL:COUNTRY,[IN:timezone [SL:COUNTRY Cameroon] ]
travel,timezone,iliphi izwe elingemuva phakathi kwe Cambodia kanye ne Congo?,"36:44:SL:COUNTRY,54:59:SL:COUNTRY",[IN:timezone [SL:COUNTRY Cambodia] [SL:COUNTRY Congo] ]
travel,timezone,yimaphi amazwe amabili empumalanga anendawo yesikhathi efanayo?,15:22:SL:NUMBER,[IN:timezone [SL:NUMBER amabili] ]
travel,timezone,uma ngisuka eZimbabwe ngehora leshumi nanye ekuseni ngizofika ngasiphi isikhathi eNingizimu Afrika?,"13:21:SL:COUNTRY,22:51:SL:TIME,82:98:SL:COUNTRY",[IN:timezone [SL:COUNTRY Zimbabwe] [SL:TIME ngehora leshumi nanye ekuseni] [SL:COUNTRY Ningizimu Afrika] ]
travel,timezone,iliphi izwe ekuyihora lesikhombisa ekuseni manje?,16:42:SL:TIME,[IN:timezone [SL:TIME ihora lesikhombisa ekuseni] ]
travel,timezone,"njengoba kuyihora leshumi nambili ekuseni lapha eNingizimu Afrika, ngingamfonela nini umuntu eseMelika uma ngifuna ukumufonela ngehora lesihlanu ntambama eMeika?","12:41:SL:TIME,49:65:SL:COUNTRY,95:102:SL:COUNTRY,127:153:SL:TIME,154:160:SL:COUNTRY",[IN:timezone [SL:TIME ihora leshumi nambili ekuseni] [SL:COUNTRY Ningizimu Afrika] [SL:COUNTRY eMelika] [SL:TIME ngehora lesihlanu ntambama] [SL:COUNTRY eMeika] ]
travel,timezone,iliphi izwe ekuyihora leshumi ebusuku manje?,16:37:SL:TIME,[IN:timezone [SL:TIME ihora leshumi ebusuku] ]
travel,timezone,iliphi izwe elingaphambili phakathi kwe Nigeria kanye neZimbabwe?,"40:47:SL:COUNTRY,56:64:SL:COUNTRY",[IN:timezone [SL:COUNTRY Nigeria] [SL:COUNTRY Zimbabwe] ]
travel,timezone,iliphi izwe elingemumva ngamahora amane uma liqhathaniswa neNingizimu Afrika?,"34:39:SL:NUMBER,60:76:SL:COUNTRY",[IN:timezone [SL:NUMBER amane] [SL:COUNTRY Ningizimu Afrika] ]
travel,timezone,ngingazilungiselela kanjani ngokomzimba uma ngizondiza ngidlula izindawo zesikhathi eziyisithupha?,84:97:SL:NUMBER,[IN:timezone [SL:NUMBER eziyisithupha] ]
travel,timezone,sithini iskhathi eNew York manje?,18:26:SL:CITY_OR_PROVINCE,[IN:timezone [SL:CITY_OR_PROVINCE New York] ]
travel,timezone,mangigahamba ngebhanoyi ngisuka lana eGoli ngiya eKenya ngingafika ngaskhathi sini?,"37:42:SL:CITY_OR_PROVINCE,50:55:SL:COUNTRY",[IN:timezone [SL:CITY_OR_PROVINCE eGoli] [SL:COUNTRY Kenya] ]
travel,timezone,yimaphi amazwe asebenzisa isikhathi sokulondoloza imini?,,[IN:timezone ]
travel,timezone,ingabe iNigeria ingaphambili ngamahora amabili ngaphambi kweMorocco?,"8:15:SL:COUNTRY,39:46:SL:NUMBER,60:67:SL:COUNTRY",[IN:timezone [SL:COUNTRY Nigeria] [SL:NUMBER amabili] [SL:COUNTRY Morocco] ]
travel,timezone,imaphi amazwe ase Afrika ekuyihora leshumi ebusuku manje?,25:50:SL:TIME,[IN:timezone [SL:TIME ekuyihora leshumi ebusuku] ]
travel,timezone,iliphi izwe e-Afrika elingemuva ngamahora amane uma liqhathaniswa neGhana?,"42:47:SL:NUMBER,68:73:SL:COUNTRY",[IN:timezone [SL:NUMBER amane] [SL:COUNTRY Ghana] ]
banking,transactions,ungithumele uR340 ekhadini lami lakwa Capitec uwususa ekhadini lami lakwa Nedbank.,"13:17:SL:MONEY,38:45:SL:BANK_NAME,74:81:SL:BANK_NAME",[IN:transactions [SL:MONEY R340] [SL:BANK_NAME Capitec] [SL:BANK_NAME Nedbank] ]
banking,transactions,ngithumele malini kwi-akhawunti kababa izolo?,,[IN:transactions ]
banking,transactions,sengizithumelile izishum kwi-akhawunti yasenkonzweni?,,[IN:transactions ]
banking,transactions,ngithumelele amakhulu amahlanu kwi-akhawunti yami yokonga.,"13:30:SL:NUMBER,35:57:SL:ACCOUNT_TYPE",[IN:transactions [SL:NUMBER amakhulu amahlanu] [SL:ACCOUNT_TYPE akhawunti yami yokonga] ]
banking,transactions,ngicela ungithumelela amakhulu ambili kwi akhawunti kaMkhonzi.,"22:37:SL:NUMBER,54:61:SL:PERSONAL_NAME",[IN:transactions [SL:NUMBER amakhulu ambili] [SL:PERSONAL_NAME Mkhonzi] ]
banking,transactions,ungayithumeli imali engamakhulu amane kwi-akhawunti kaZinhle kodwa uyithumele kwi-akhawunti kaNoxolo.,"14:37:SL:MONEY,54:60:SL:PERSONAL_NAME,94:100:SL:PERSONAL_NAME",[IN:transactions [SL:MONEY imali engamakhulu amane] [SL:PERSONAL_NAME Zinhle] [SL:PERSONAL_NAME Noxolo] ]
banking,transactions,ngicela uthumele uNobantu amakhulu ayisikhombisa kwinombolo yakhe yocingo.,"18:25:SL:PERSONAL_NAME,26:48:SL:NUMBER",[IN:transactions [SL:PERSONAL_NAME Nobantu] [SL:NUMBER amakhulu ayisikhombisa] ]
banking,transactions,ngayikhipha kangaki imali ebhange lakwa Nedbank ngesonto eledlule?,"40:47:SL:BANK_NAME,48:65:SL:DATE",[IN:transactions [SL:BANK_NAME Nedbank] [SL:DATE ngesonto eledlule] ]
banking,transactions,ngicela ungibalele ukuthi ngakhokha malini isiyonke eSportscene ngoLwesihlanu.,64:77:SL:DATE,[IN:transactions [SL:DATE ngoLwesihlanu] ]
banking,transactions,ngenyanga kaNhlolanja ngathumela malini kwi-akhawunti ka-Amahle?,"12:21:SL:DATE,57:63:SL:PERSONAL_NAME",[IN:transactions [SL:DATE Nhlolanja] [SL:PERSONAL_NAME Amahle] ]
banking,transactions,ngicela ungibalela imali engiyisebenzise ekuthengeni eMr Price ngenyanga edlule.,,[IN:transactions ]
banking,transactions,imalini isiyonke engiyisebenzise ngesonto eledlule kwaKFC?,"33:50:SL:DATE,54:57:SL:RESTAURANT_NAME",[IN:transactions [SL:DATE ngesonto eledlule] [SL:RESTAURANT_NAME KFC] ]
banking,transactions,ngithenge ngamalini e-Expresso izolo?,22:30:SL:RESTAURANT_NAME,[IN:transactions [SL:RESTAURANT_NAME Expresso] ]
banking,transactions,ezinyangeni ezintathu ezedlule ngingenelwe imalini kwi-akhawunti yami?,12:21:SL:NUMBER,[IN:transactions [SL:NUMBER ezintathu] ]
banking,transactions,imalini engiyithumele uNozipho ngenyanga edlule isiyonke?,"23:30:SL:PERSONAL_NAME,31:47:SL:DATE",[IN:transactions [SL:PERSONAL_NAME Nozipho] [SL:DATE ngenyanga edlule] ]
banking,transactions,ngicela ungibalele imali engiyisebenzisile ngoZibandlela.,46:56:SL:DATE,[IN:transactions [SL:DATE Zibandlela] ]
banking,transactions,ngakhokhiswa malini kwa Spec Savers ngenkathi ngithenga izibuko?,56:63:SL:SHOPPING_ITEM,[IN:transactions [SL:SHOPPING_ITEM izibuko] ]
banking,transactions,imalini engiyisebenzisile kwa Shell igaraji izolo ebusuku ngenkathi ngifaka uphethiloli ngathenga nophaya ohamba nejuzi.,"50:57:SL:TIME,98:105:SL:DISH_OR_FOOD,113:119:SL:DISH_OR_FOOD",[IN:transactions [SL:TIME ebusuku] [SL:DISH_OR_FOOD nophaya] [SL:DISH_OR_FOOD nejuzi] ]
banking,transactions,ungithumele malini uNoxolo kthangi?,19:26:SL:PERSONAL_NAME,[IN:transactions [SL:PERSONAL_NAME uNoxolo] ]
banking,transactions,ungithumelile imali yokuluka ubaba izolo?,,[IN:transactions ]
banking,transactions,ngicela ungithumela ikhulu kwinombolo kagogo.,20:26:SL:NUMBER,[IN:transactions [SL:NUMBER ikhulu] ]
banking,transactions,ngikhokhele amakhulu amane kuMlungisi khona ezokhanda ikhabethe.,"12:26:SL:MONEY,29:37:SL:PERSONAL_NAME",[IN:transactions [SL:MONEY amakhulu amane] [SL:PERSONAL_NAME Mlungisi] ]
banking,transactions,thumela inkulungwane kwi-akhawunti yakwa Standard yokonga uyisusa kwi-akhawunti yaka Absa yamanje.,"8:20:SL:NUMBER,25:57:SL:ACCOUNT_TYPE,41:49:SL:BANK_NAME,70:97:SL:ACCOUNT_TYPE,85:89:SL:BANK_NAME",[IN:transactions [SL:NUMBER inkulungwane] [SL:ACCOUNT_TYPE akhawunti yakwa Standard yokonga] [SL:BANK_NAME Standard] [SL:ACCOUNT_TYPE akhawunti yaka Absa yamanje] [SL:BANK_NAME Absa] ]
banking,transactions,ngicela ungibhekele ukuthi ngkhiphe malini isiyonke ngenyanga yaMbasa.,64:69:SL:DATE,[IN:transactions [SL:DATE Mbasa] ]
banking,transactions,imalini isiphelele engiyisebenzisile ekuthengeni izidlo ezindaweni zokudlela ngenyanga eyedlule?,77:95:SL:DATE,[IN:transactions [SL:DATE ngenyanga eyedlule] ]
banking,transactions,langibiza malini ithikithi lekhonsathi yaNtokozo Ngongoma engilithenge ngoLwesithathu?,"41:57:SL:ARTIST_NAME,74:85:SL:DATE",[IN:transactions [SL:ARTIST_NAME Ntokozo Ngongoma] [SL:DATE Lwesithathu] ]
banking,transactions,ngigcine nini ukukhokhela i-akhawunti yami yakwa Truworths?,,[IN:transactions ]
banking,transactions,ingibize malini ingubo engiyithenge kwaShein emini?,"16:22:SL:SHOPPING_ITEM,45:50:SL:TIME",[IN:transactions [SL:SHOPPING_ITEM ingubo] [SL:TIME emini] ]
banking,transactions,imalini ibhange engibize yona ngesikhathi ngikhokha imali yokukhanda umakhalekhukhwini wami eIncredible Connection? ,,[IN:transactions ]
banking,transactions,ngikhokhe malini eNikkoz nase Spur izolo?,"17:24:SL:RESTAURANT_NAME,30:34:SL:RESTAURANT_NAME",[IN:transactions [SL:RESTAURANT_NAME eNikkoz] [SL:RESTAURANT_NAME Spur] ]
banking,transactions,imalini engiyikhokhele umshayeli weBolt ebusuku izolo?,40:47:SL:TIME,[IN:transactions [SL:TIME ebusuku] ]
banking,transactions,ngimthumele malini uBebe izolo,20:24:SL:PERSONAL_NAME,[IN:transactions [SL:PERSONAL_NAME Bebe] ]
banking,transactions,ibhange lithathe malini ngokukhipha imali eCheckers namhlanje?,,[IN:transactions ]
banking,transactions,imalini ibhange eyithathayo uma ngithumela imali kumuntu onebhange elingafani nelami?,,[IN:transactions ]
banking,transactions,mangithumela imali kwibhange elifana nelami ibhange lingangibiza malini?,,[IN:transactions ]
banking,transactions,ngesikhathi ngikhokhela uhambo oluya eDrakensberg Maloti Park kwasala malini?,38:61:SL:PLACE_NAME,[IN:transactions [SL:PLACE_NAME Drakensberg Maloti Park] ]
banking,transactions,imalini engiyikhokhele ukugeza izinwele nokuluka ka-Atha?,52:56:SL:PERSONAL_NAME,[IN:transactions [SL:PERSONAL_NAME Atha] ]
banking,transactions,ibhange lathatha malini ngesikhathi ngikhokhela ukudla kwaSpar?,,[IN:transactions ]
banking,transactions,"mangiqhathanisa nenyanga ka Zibandlela noLwezi, iyiphi inyanga engasebenzisa imali kakhulu kaWoolworths?","28:38:SL:DATE,41:46:SL:DATE",[IN:transactions [SL:DATE Zibandlela] [SL:DATE Lwezi] ]
banking,transactions,imalini engayikhokhiswa kaUsave ngenkathi ngithenga amaqanda nesinkwa?,52:69:SL:DISH_OR_FOOD,[IN:transactions [SL:DISH_OR_FOOD amaqanda nesinkwa] ]
banking,transactions,ibhange langibiza malini ngesikhathi ngikhokhela ithikithi lokuye eLagos ngesonto eledlule?,67:72:SL:CITY_OR_PROVINCE,[IN:transactions [SL:CITY_OR_PROVINCE Lagos] ]
banking,transactions,ngithumele imali engamakhulu ayishumi kwinombolo yocingo kaZama.,"11:37:SL:MONEY,59:63:SL:PERSONAL_NAME",[IN:transactions [SL:MONEY imali engamakhulu ayishumi] [SL:PERSONAL_NAME Zama] ]
banking,transactions,ngicela uthumele imali kuMamkhulu izinkulungwane ezine.,34:54:SL:NUMBER,[IN:transactions [SL:NUMBER izinkulungwane ezine] ]
banking,transactions,ngigcine nini ukuthumela uSbahle imali?,25:32:SL:PERSONAL_NAME,[IN:transactions [SL:PERSONAL_NAME uSbahle] ]
banking,transactions,imalini engiyithumele ebhizinisini laSphe lokudla?,37:41:SL:PERSONAL_NAME,[IN:transactions [SL:PERSONAL_NAME Sphe] ]
banking,transactions,kuthatha isikhathi esingakanan ukuthi imali engiyithumele kwibhange laka FNB ivele?,73:76:SL:BANK_NAME,[IN:transactions [SL:BANK_NAME FNB] ]
banking,transactions,umuntu uma engithumela imali esebenzisa uCapitec izofika nini kumina mangisebenzisa uNedbank?,"41:48:SL:BANK_NAME,84:92:SL:BANK_NAME",[IN:transactions [SL:BANK_NAME Capitec] [SL:BANK_NAME uNedbank] ]
banking,transactions,ibhange lidonse malini ngenkathi ngithenga isikhwama estolo samaShayina eParow namhlanje?,"43:52:SL:SHOPPING_ITEM,73:78:SL:PLACE_NAME,79:88:SL:DATE",[IN:transactions [SL:SHOPPING_ITEM isikhwama] [SL:PLACE_NAME Parow] [SL:DATE namhlanje] ]
banking,transactions,inalini engisalele emuva kokukhokha eMacDonalds emini?,"37:47:SL:RESTAURANT_NAME,48:53:SL:TIME",[IN:transactions [SL:RESTAURANT_NAME MacDonalds] [SL:TIME emini] ]
banking,transactions,mangingathumela uSnobuhle amakhulu amabili ngingasalelwa imalini ebhange lami?,"17:25:SL:PERSONAL_NAME,26:42:SL:NUMBER",[IN:transactions [SL:PERSONAL_NAME Snobuhle] [SL:NUMBER amakhulu amabili] ]
banking,transactions,imalini engithenge ngayo kwaClicks izolo?,,[IN:transactions ]
banking,transactions,Ngithenge ngamalini eTekkie Town ekseni?,33:39:SL:TIME,[IN:transactions [SL:TIME ekseni] ]
banking,transactions,kwaba yimalini umsebenzi wokuqala engawenza ohlelweni lwami lokusebenza lwasebhange?,,[IN:transactions ]
banking,transactions,imalini engiyikhokhele uNomzamo izolo ebusuku?,"24:31:SL:PERSONAL_NAME,38:45:SL:TIME",[IN:transactions [SL:PERSONAL_NAME Nomzamo] [SL:TIME ebusuku] ]
banking,transactions,ungithumele malini uNtokozo ngoMsombuluko?,"20:27:SL:PERSONAL_NAME,31:41:SL:DATE",[IN:transactions [SL:PERSONAL_NAME Ntokozo] [SL:DATE Msombuluko] ]
banking,transactions,ngithumele ikhulu kwi-akhawunti yami yamanje ngizothenga ushokoledi.,"11:17:SL:NUMBER,22:44:SL:ACCOUNT_TYPE,57:67:SL:DISH_OR_FOOD",[IN:transactions [SL:NUMBER ikhulu] [SL:ACCOUNT_TYPE akhawunti yami yamanje] [SL:DISH_OR_FOOD ushokoledi] ]
banking,transactions,ngicela uthumele ugogo uqhafazo oshoyo sengimthumelile imali.,,[IN:transactions ]
banking,transactions,thumela amakhulu amabili kwi-akhawunti yami yokonga yakwa FNB.,"8:24:SL:NUMBER,29:51:SL:ACCOUNT_TYPE,58:61:SL:BANK_NAME",[IN:transactions [SL:NUMBER amakhulu amabili] [SL:ACCOUNT_TYPE akhawunti yami yokonga] [SL:BANK_NAME FNB] ]
banking,transactions,thumela imali kumfundisi wami yokungifundisa izibalo amakhulu amathathu.,53:71:SL:NUMBER,[IN:transactions [SL:NUMBER amakhulu amathathu] ]
banking,transactions,thumela uMaya imali engamakhulu amahlanu namashumi amahlanu enombolweni yakhe yocingo.,"9:13:SL:PERSONAL_NAME,14:59:SL:MONEY",[IN:transactions [SL:PERSONAL_NAME Maya] [SL:MONEY imali engamakhulu amahlanu namashumi amahlanu] ]
banking,transactions,ngesikhathi ngithenga amachibusi eBrew Dubs ibhange lathatha malini?,"22:32:SL:DISH_OR_FOOD,34:43:SL:RESTAURANT_NAME",[IN:transactions [SL:DISH_OR_FOOD amachibusi] [SL:RESTAURANT_NAME Brew Dubs] ]
banking,transactions,imalini engiyisebenzisile emalini ebengiyongile kulenyanga?,48:58:SL:DATE,[IN:transactions [SL:DATE kulenyanga] ]
banking,transactions,ekwi-akhawunti yami yamanje ngisebenzise malini kulenyanga?,5:27:SL:ACCOUNT_TYPE,[IN:transactions [SL:ACCOUNT_TYPE akhawunti yami yamanje] ]
banking,transactions,ngisebenzise malini kulenyanga ohlelweni lami lasebhange lakwa ABSA?,63:67:SL:BANK_NAME,[IN:transactions [SL:BANK_NAME ABSA] ]
banking,transactions,kungibize malini ukukhanda isondo lemoto ngesikhathi ngikhokha eBMW eMhlanga?,68:76:SL:PLACE_NAME,[IN:transactions [SL:PLACE_NAME eMhlanga] ]
banking,transactions,bathathe malini kulenyanga uhlelo lwaGrace?,37:42:SL:PERSONAL_NAME,[IN:transactions [SL:PERSONAL_NAME Grace] ]
banking,transactions,imalini engayikhokha eLa Prada ngeSonto?,"22:30:SL:RESTAURANT_NAME,34:39:SL:DATE",[IN:transactions [SL:RESTAURANT_NAME La Prada] [SL:DATE Sonto] ]
banking,transactions,imalini engiyikhokhe isiyonke ka iStore ngenkathi ngithenga ikhava nechaja?,60:74:SL:SHOPPING_ITEM,[IN:transactions [SL:SHOPPING_ITEM ikhava nechaja] ]
banking,transactions,uhambo lwase Mauritius lwangibiza malini?,13:22:SL:COUNTRY,[IN:transactions [SL:COUNTRY Mauritius] ]
banking,transactions,ngayithenga ngamalini ijakhethi eMelika ngomhla zingu 25 kuLwezi?,"32:39:SL:COUNTRY,54:64:SL:DATE",[IN:transactions [SL:COUNTRY eMelika] [SL:DATE 25 kuLwezi] ]
banking,transactions,umabonakude engawuthenga kaGame nelayisensi kamabonakude ngakukhokhela malini sekukonke?,"0:11:SL:SHOPPING_ITEM,32:56:SL:BILL_TYPE",[IN:transactions [SL:SHOPPING_ITEM umabonakude] [SL:BILL_TYPE nelayisensi kamabonakude] ]
banking,transactions,uhlelo lweBhayibheli lokuba ilunga ludonse malini kulenyanga?,,[IN:transactions ]
banking,transactions,ngesikhahi ngikhokhela uMasipala weTheku amanzi kwasala malini?,33:40:SL:CITY_OR_PROVINCE,[IN:transactions [SL:CITY_OR_PROVINCE weTheku] ]
banking,transactions,kungibize malini ukukhokhela ukwenza ikhanda kanye nezinzipho eBy Hs Grace?,,[IN:transactions ]
banking,transactions,bathathe malini abakwa SARS kulenyanga?,28:38:SL:DATE,[IN:transactions [SL:DATE kulenyanga] ]
banking,transactions,isitatimende sami sasebhange sithi ngisalelwe imalini ngemuva kokuthenga iNandos?,73:80:SL:RESTAURANT_NAME,[IN:transactions [SL:RESTAURANT_NAME iNandos] ]
banking,transactions,ngisebenzise malini kwaWoolworths kanye nase Food Lovers isiyonke ngoLwesine?,69:76:SL:DATE,[IN:transactions [SL:DATE Lwesine] ]
banking,transactions,ngasebenzisa malini isiyonke eKapa ngempela sonto edlue?,29:34:SL:CITY_OR_PROVINCE,[IN:transactions [SL:CITY_OR_PROVINCE eKapa] ]
banking,transactions,ngithenge ngamalini estolo sakwa Cj izolo?,,[IN:transactions ]
banking,transactions,ngimuthumele malini uMmeli izolo?,,[IN:transactions ]
kitchen_and_dining,restaurant_suggestion,idayisaphi inyama yenhloko emnandi?,11:26:SL:DISH_OR_FOOD,[IN:restaurant_suggestion [SL:DISH_OR_FOOD inyama yenhloko] ]
kitchen_and_dining,restaurant_suggestion,iyiphi indawo youdlela engingaya kuyona mangifuna ukuthenga amakhekhe abhakiwe?,60:78:SL:DISH_OR_FOOD,[IN:restaurant_suggestion [SL:DISH_OR_FOOD amakhekhe abhakiwe] ]
kitchen_and_dining,restaurant_suggestion,nginikeze izikhombisi-ndlela zokuhamba ukusuka eBelhar ukuya eMcDonalds eseduze.,"48:54:SL:PLACE_NAME,62:71:SL:RESTAURANT_NAME",[IN:restaurant_suggestion [SL:PLACE_NAME Belhar] [SL:RESTAURANT_NAME McDonalds] ]
kitchen_and_dining,restaurant_suggestion,ngicela ungiphe inamba yakwaSpur eParow centre edayisa izimbambo ezimnandi,"28:32:SL:RESTAURANT_NAME,34:46:SL:PLACE_NAME,55:64:SL:DISH_OR_FOOD",[IN:restaurant_suggestion [SL:RESTAURANT_NAME Spur] [SL:PLACE_NAME Parow centre] [SL:DISH_OR_FOOD izimbambo] ]
kitchen_and_dining,restaurant_suggestion,iyiphi indawo yokudlela ethengisa amagwinya eduze kwami?,34:43:SL:DISH_OR_FOOD,[IN:restaurant_suggestion [SL:DISH_OR_FOOD amagwinya] ]
kitchen_and_dining,restaurant_suggestion,iyiphi indawo yokudlela ethengisa amakhukhi angcono kakhulu?,34:43:SL:DISH_OR_FOOD,[IN:restaurant_suggestion [SL:DISH_OR_FOOD amakhukhi] ]
kitchen_and_dining,restaurant_suggestion,ngingathenga kuphi ukudla okuphekwe ekhaya ekapa?,43:48:SL:CITY_OR_PROVINCE,[IN:restaurant_suggestion [SL:CITY_OR_PROVINCE ekapa] ]
kitchen_and_dining,restaurant_suggestion,Iyiphi indawo yokudlela ephakela izinhlanzi ezithosiwe ezihamba phambili eBellville?,"33:54:SL:DISH_OR_FOOD,74:83:SL:PLACE_NAME",[IN:restaurant_suggestion [SL:DISH_OR_FOOD izinhlanzi ezithosiwe] [SL:PLACE_NAME Bellville] ]
kitchen_and_dining,restaurant_suggestion,iyiphi indawo yokudlela ethengisa ama-pizza amnandi phakathi kweMimo's neRomans Pizza?,"38:43:SL:DISH_OR_FOOD,64:70:SL:RESTAURANT_NAME,73:85:SL:RESTAURANT_NAME",[IN:restaurant_suggestion [SL:DISH_OR_FOOD pizza] [SL:RESTAURANT_NAME Mimo's] [SL:RESTAURANT_NAME Romans Pizza] ]
kitchen_and_dining,restaurant_suggestion,ngingayithenga kuphi inkukhu ethosiwe kakhulu?,21:37:SL:DISH_OR_FOOD,[IN:restaurant_suggestion [SL:DISH_OR_FOOD inkukhu ethosiwe] ]
kitchen_and_dining,restaurant_suggestion,iyiphi indawo yokudlela edayisa inyama eyosiwe?,32:46:SL:DISH_OR_FOOD,[IN:restaurant_suggestion [SL:DISH_OR_FOOD inyama eyosiwe] ]
kitchen_and_dining,restaurant_suggestion,ngingawathengaphi amabhega enkukhu?,18:34:SL:DISH_OR_FOOD,[IN:restaurant_suggestion [SL:DISH_OR_FOOD amabhega enkukhu] ]
kitchen_and_dining,restaurant_suggestion,iyiphi indawo yokudlela ethengisa ukudla kwasolwandle okumnandi kakhulu?,34:53:SL:DISH_OR_FOOD,[IN:restaurant_suggestion [SL:DISH_OR_FOOD ukudla kwasolwandle] ]
kitchen_and_dining,restaurant_suggestion,iyiphi indawo yokudlela edayisa ukhari omnandi kakhulu ekapa?,"32:38:SL:DISH_OR_FOOD,55:60:SL:CITY_OR_PROVINCE",[IN:restaurant_suggestion [SL:DISH_OR_FOOD ukhari] [SL:CITY_OR_PROVINCE ekapa] ]
kitchen_and_dining,restaurant_suggestion,bawathengisa kuphi amachips amazambane athosiwe eBelhar?,"19:47:SL:DISH_OR_FOOD,49:55:SL:PLACE_NAME",[IN:restaurant_suggestion [SL:DISH_OR_FOOD amachips amazambane athosiwe] [SL:PLACE_NAME Belhar] ]
kitchen_and_dining,restaurant_suggestion,Iyiphi indawo yokudlela edayisa ukudla kwasekuseni okungcono kakhulu phakathi kweMugg And Bean noma iWimpy?,"81:94:SL:RESTAURANT_NAME,101:106:SL:RESTAURANT_NAME",[IN:restaurant_suggestion [SL:RESTAURANT_NAME Mugg And Bean] [SL:RESTAURANT_NAME Wimpy] ]
kitchen_and_dining,restaurant_suggestion,iyiphi indawo yokudlela engingayithenga inyama yenkomo ethosiwe,40:63:SL:DISH_OR_FOOD,[IN:restaurant_suggestion [SL:DISH_OR_FOOD inyama yenkomo ethosiwe] ]
kitchen_and_dining,restaurant_suggestion,iyiphi indawo yokudlela ethengisa i-salmon emnandi kakhulu?,36:42:SL:DISH_OR_FOOD,[IN:restaurant_suggestion [SL:DISH_OR_FOOD salmon] ]
kitchen_and_dining,restaurant_suggestion,iyiphi indawo yokudlela ethengisa isinkwa sikabhanana esimangalisayo?,34:53:SL:DISH_OR_FOOD,[IN:restaurant_suggestion [SL:DISH_OR_FOOD isinkwa sikabhanana] ]
kitchen_and_dining,restaurant_suggestion,iyiphi indawo yokudlela engingathenga kuyo ikhofi elimnandi?,43:49:SL:DISH_OR_FOOD,[IN:restaurant_suggestion [SL:DISH_OR_FOOD ikhofi] ]
kitchen_and_dining,restaurant_suggestion,Iyiphi indawo yokudlela edayisa ukudla kwasemini okumnandi phakathi kwe-Wimpy ne-Mugg And Bean?,"72:77:SL:RESTAURANT_NAME,81:94:SL:RESTAURANT_NAME",[IN:restaurant_suggestion [SL:RESTAURANT_NAME Wimpy] [SL:RESTAURANT_NAME Mugg And Bean] ]
kitchen_and_dining,restaurant_suggestion,ngiphakamisele indawo yokudlela ethengisa amaphiko ababayo.,42:58:SL:DISH_OR_FOOD,[IN:restaurant_suggestion [SL:DISH_OR_FOOD amaphiko ababayo] ]
kitchen_and_dining,restaurant_suggestion,iyiphi indawo yokudlela edayisa irayisi elimnandi.,32:39:SL:DISH_OR_FOOD,[IN:restaurant_suggestion [SL:DISH_OR_FOOD irayisi] ]
kitchen_and_dining,restaurant_suggestion,iyiphi indawo yokudlela edayisa inyama egayiwe kanye ne-spaghetti?,"32:46:SL:DISH_OR_FOOD,56:65:SL:DISH_OR_FOOD",[IN:restaurant_suggestion [SL:DISH_OR_FOOD inyama egayiwe] [SL:DISH_OR_FOOD spaghetti] ]
kitchen_and_dining,restaurant_suggestion,idayisaphi inyama yengulube ethosiwe?,11:36:SL:DISH_OR_FOOD,[IN:restaurant_suggestion [SL:DISH_OR_FOOD inyama yengulube ethosiwe] ]
kitchen_and_dining,restaurant_suggestion,ikuphi la engingathenga khona inyama yesikabhu emnandi?,30:46:SL:DISH_OR_FOOD,[IN:restaurant_suggestion [SL:DISH_OR_FOOD inyama yesikabhu] ]
kitchen_and_dining,restaurant_suggestion,kukuphi la engingathola khona ujeqe omnandi?,30:35:SL:DISH_OR_FOOD,[IN:restaurant_suggestion [SL:DISH_OR_FOOD ujeqe] ]
kitchen_and_dining,restaurant_suggestion,idayiswaphi inyama yenkomo ephekwe yenziwa ukhari?,"12:26:SL:DISH_OR_FOOD,43:49:SL:DISH_OR_FOOD",[IN:restaurant_suggestion [SL:DISH_OR_FOOD inyama yenkomo] [SL:DISH_OR_FOOD ukhari] ]
kitchen_and_dining,restaurant_suggestion,ikofi namakhekhe abhakiwe amunandi ngingawathenga kuyiphi indawo yokudlela?,"0:5:SL:DISH_OR_FOOD,7:25:SL:DISH_OR_FOOD",[IN:restaurant_suggestion [SL:DISH_OR_FOOD ikofi] [SL:DISH_OR_FOOD amakhekhe abhakiwe] ]
kitchen_and_dining,restaurant_suggestion,idayisaphi inyama ebilisiwe enezithako ezibabayo?,11:27:SL:DISH_OR_FOOD,[IN:restaurant_suggestion [SL:DISH_OR_FOOD inyama ebilisiwe] ]
kitchen_and_dining,restaurant_suggestion,iyiphi indawo yokudlela engingaya kuyona edayisa amakhekhe amunandi angabizi?,49:58:SL:DISH_OR_FOOD,[IN:restaurant_suggestion [SL:DISH_OR_FOOD amakhekhe] ]
kitchen_and_dining,restaurant_suggestion,idayiswa kuphi inhlanzi ethosiwe namachibusi amazambane?,15:55:SL:DISH_OR_FOOD,[IN:restaurant_suggestion [SL:DISH_OR_FOOD inhlanzi ethosiwe namachibusi amazambane] ]
kitchen_and_dining,restaurant_suggestion,yiziphi izindawo zokudlela ezithengisa amasaladi ezithelo ezinhle kakhulu?,39:48:SL:DISH_OR_FOOD,[IN:restaurant_suggestion [SL:DISH_OR_FOOD amasaladi] ]
kitchen_and_dining,restaurant_suggestion,yiziphi izindawo zokudlela ezithengisa isobho likatamatisi elimnandi kakhulu?,39:58:SL:DISH_OR_FOOD,[IN:restaurant_suggestion [SL:DISH_OR_FOOD isobho likatamatisi] ]
kitchen_and_dining,restaurant_suggestion,ngingayithenga kuphi ikhrosanti efakwe ushokoledi?,21:49:SL:DISH_OR_FOOD,[IN:restaurant_suggestion [SL:DISH_OR_FOOD ikhrosanti efakwe ushokoledi] ]
kitchen_and_dining,restaurant_suggestion,iyiphi indawo yokudlela engingayithenga enkukhu eyosiwe nelayisi nobhontshisi obhakiwe?,"40:55:SL:DISH_OR_FOOD,56:77:SL:DISH_OR_FOOD",[IN:restaurant_suggestion [SL:DISH_OR_FOOD enkukhu eyosiwe] [SL:DISH_OR_FOOD nelayisi nobhontshisi] ]
kitchen_and_dining,restaurant_suggestion,ngingathenga ama-oyster kwaJohn Dory's?,"17:23:SL:DISH_OR_FOOD,27:38:SL:RESTAURANT_NAME",[IN:restaurant_suggestion [SL:DISH_OR_FOOD oyster] [SL:RESTAURANT_NAME John Dory's] ]
kitchen_and_dining,restaurant_suggestion,idayiswa kephi inyama eyenziwe istshulu?,15:39:SL:DISH_OR_FOOD,[IN:restaurant_suggestion [SL:DISH_OR_FOOD inyama eyenziwe istshulu] ]
kitchen_and_dining,restaurant_suggestion,iyiphi indawo yokudlela ehlala abantu abadla imifino?,45:52:SL:DISH_OR_FOOD,[IN:restaurant_suggestion [SL:DISH_OR_FOOD imifino] ]
kitchen_and_dining,restaurant_suggestion,bawathengisa kuphi amasaladi enkukhu amnandi?,19:36:SL:DISH_OR_FOOD,[IN:restaurant_suggestion [SL:DISH_OR_FOOD amasaladi enkukhu] ]
kitchen_and_dining,restaurant_suggestion,iyiphi indawo yokudlela eKapa ethengisa ukudla okuphambili kwaseMelika?,"24:29:SL:CITY_OR_PROVINCE,64:70:SL:COUNTRY",[IN:restaurant_suggestion [SL:CITY_OR_PROVINCE eKapa] [SL:COUNTRY Melika] ]
kitchen_and_dining,restaurant_suggestion,Iyiphi indawo yokudlela eKapa engingathola kuyo inhlanzi eyosiwe enamazambane athosiwe namachips?,"24:29:SL:CITY_OR_PROVINCE,48:96:SL:DISH_OR_FOOD",[IN:restaurant_suggestion [SL:CITY_OR_PROVINCE eKapa] [SL:DISH_OR_FOOD inhlanzi eyosiwe enamazambane athosiwe namachips] ]
kitchen_and_dining,restaurant_suggestion,ngicela ungitshele indawo yokudlela eseThekwini lapho engingathenga khona ukudla okune dizethi konke okungaphansi kwamakhulu amahlanu amarandi.,"38:47:SL:CITY_OR_PROVINCE,116:142:SL:MONEY",[IN:restaurant_suggestion [SL:CITY_OR_PROVINCE eThekwini] [SL:MONEY amakhulu amahlanu amarandi] ]
kitchen_and_dining,restaurant_suggestion,iyiphi indawo yokudlela edayisa ukudla kwamaShayina eMhlanga?,52:60:SL:PLACE_NAME,[IN:restaurant_suggestion [SL:PLACE_NAME eMhlanga] ]
kitchen_and_dining,restaurant_suggestion,iyiphi indawo yokudlela ethengisa ijusi yecranberry nesidlo sasekuseni esigcwele sesiNgisi?,"34:51:SL:DISH_OR_FOOD,52:70:SL:MEAL_PERIOD",[IN:restaurant_suggestion [SL:DISH_OR_FOOD ijusi yecranberry] [SL:MEAL_PERIOD nesidlo sasekuseni] ]
kitchen_and_dining,restaurant_suggestion,ngitshele ngendawo yokudlela enamakhonsathi abukhoma ngesikhathi udla ukudla kwabo.,,[IN:restaurant_suggestion ]
kitchen_and_dining,restaurant_suggestion,iyiphi indawo yokudlela edayisa ukudla okugcwele ngamakhulu amabili nangaphansi eThekwini?,"49:67:SL:NUMBER,80:89:SL:CITY_OR_PROVINCE",[IN:restaurant_suggestion [SL:NUMBER ngamakhulu amabili] [SL:CITY_OR_PROVINCE eThekwini] ]
kitchen_and_dining,restaurant_suggestion,iyiphi indawo yokudlela ethengisa amasonga enkukhu ababayo?,34:58:SL:DISH_OR_FOOD,[IN:restaurant_suggestion [SL:DISH_OR_FOOD amasonga enkukhu ababayo] ]
kitchen_and_dining,restaurant_suggestion,ngingalithengaphi isangweji lenyama yenkomo nenkomishi yekhofi elishisayo?,"18:43:SL:DISH_OR_FOOD,57:62:SL:DISH_OR_FOOD",[IN:restaurant_suggestion [SL:DISH_OR_FOOD isangweji lenyama yenkomo] [SL:DISH_OR_FOOD khofi] ]
kitchen_and_dining,restaurant_suggestion,iyiphi indawo yokudlela edayisa amabhega enkukhu namabhega enyama yenkomo enoshizi?,"32:48:SL:DISH_OR_FOOD,49:82:SL:DISH_OR_FOOD",[IN:restaurant_suggestion [SL:DISH_OR_FOOD amabhega enkukhu] [SL:DISH_OR_FOOD namabhega enyama yenkomo enoshizi] ]
kitchen_and_dining,restaurant_suggestion,Iyiphi indawo yokudlela edayisa amazambane agayiwe nokhari wenkukhu?,"32:50:SL:DISH_OR_FOOD,51:67:SL:DISH_OR_FOOD",[IN:restaurant_suggestion [SL:DISH_OR_FOOD amazambane agayiwe] [SL:DISH_OR_FOOD nokhari wenkukhu] ]
kitchen_and_dining,restaurant_suggestion,ikuphi la ekuseduze nami khona engiingathenga ukudla okubabayo kwakusihlwa?,63:74:SL:MEAL_PERIOD,[IN:restaurant_suggestion [SL:MEAL_PERIOD kwakusihlwa] ]
kitchen_and_dining,restaurant_suggestion,ikuphi la engingadla khona inyama eyenziwe ukhari yenkomo nophuthu kanye noshatini?,27:82:SL:DISH_OR_FOOD,[IN:restaurant_suggestion [SL:DISH_OR_FOOD inyama eyenziwe ukhari yenkomo nophuthu kanye noshatini] ]
kitchen_and_dining,restaurant_suggestion,idayisaphi inyama yenkomo neyenkukhu ethosiwe nepapa?,11:52:SL:DISH_OR_FOOD,[IN:restaurant_suggestion [SL:DISH_OR_FOOD inyama yenkomo neyenkukhu ethosiwe nepapa] ]
kitchen_and_dining,restaurant_suggestion,iyiphi indawo yokudlela edayisa imacaroni noshizi  kanye nekhokhteyli enganwo utshwala eBelhar?,"33:49:SL:DISH_OR_FOOD,59:69:SL:DISH_OR_FOOD,88:94:SL:PLACE_NAME",[IN:restaurant_suggestion [SL:DISH_OR_FOOD macaroni noshizi] [SL:DISH_OR_FOOD khokhteyli] [SL:PLACE_NAME Belhar] ]
kitchen_and_dining,restaurant_suggestion,iyiphi indawo yokudlela edayisa inyama yethekhi lapha e-cape town?,56:65:SL:CITY_OR_PROVINCE,[IN:restaurant_suggestion [SL:CITY_OR_PROVINCE cape town] ]
kitchen_and_dining,restaurant_suggestion,ngingawathenga kuphi amapizza awuhlobo lase-Italy eCape town?,"24:29:SL:DISH_OR_FOOD,44:49:SL:COUNTRY,51:60:SL:CITY_OR_PROVINCE",[IN:restaurant_suggestion [SL:DISH_OR_FOOD pizza] [SL:COUNTRY Italy] [SL:CITY_OR_PROVINCE Cape town] ]
kitchen_and_dining,restaurant_suggestion,iyiphi indawo yokudlela ethengisa amaGatsby amnandi kakhulu edolobheni?,37:43:SL:DISH_OR_FOOD,[IN:restaurant_suggestion [SL:DISH_OR_FOOD Gatsby] ]
kitchen_and_dining,restaurant_suggestion,iyiphi indawo yokudlela edayisa isitambu esimnandi kanye nokhari wamathambo?,"32:40:SL:DISH_OR_FOOD,59:75:SL:DISH_OR_FOOD",[IN:restaurant_suggestion [SL:DISH_OR_FOOD isitambu] [SL:DISH_OR_FOOD khari wamathambo] ]
kitchen_and_dining,restaurant_suggestion,iyiphi indawo yokudlela edayisa isitambu esinokhilimu esinenyama?,32:64:SL:DISH_OR_FOOD,[IN:restaurant_suggestion [SL:DISH_OR_FOOD isitambu esinokhilimu esinenyama] ]
kitchen_and_dining,restaurant_suggestion,ngingawathenga amazambane enziwe amasaladi?,"15:25:SL:DISH_OR_FOOD,33:42:SL:DISH_OR_FOOD",[IN:restaurant_suggestion [SL:DISH_OR_FOOD amazambane] [SL:DISH_OR_FOOD amasaladi] ]
kitchen_and_dining,restaurant_suggestion,iyiphi indawo yokudlela ethengisa ibhafeyi ngezimpelasonto?,,[IN:restaurant_suggestion ]
kitchen_and_dining,restaurant_suggestion,iyiphi indawo yokudlela edayisa irayisi elinemifino nenyama yenkomo ethosiwe?,"32:51:SL:DISH_OR_FOOD,52:76:SL:DISH_OR_FOOD",[IN:restaurant_suggestion [SL:DISH_OR_FOOD irayisi elinemifino] [SL:DISH_OR_FOOD nenyama yenkomo ethosiwe] ]
kitchen_and_dining,restaurant_suggestion,iyiphi indawo yokudlela edayisa isteki kanye namazambane athosiwe?,32:65:SL:DISH_OR_FOOD,[IN:restaurant_suggestion [SL:DISH_OR_FOOD isteki kanye namazambane athosiwe] ]
kitchen_and_dining,restaurant_suggestion,ngingalithenga kephi usu nedombolo okumnandi kanye nemfino?,"21:34:SL:DISH_OR_FOOD,53:58:SL:DISH_OR_FOOD",[IN:restaurant_suggestion [SL:DISH_OR_FOOD usu nedombolo] [SL:DISH_OR_FOOD mfino] ]
kitchen_and_dining,restaurant_suggestion,iyiphi indawo yokudlela edayisa isinkwa esinokwatapheya namaqanda eceleni?,"32:55:SL:DISH_OR_FOOD,56:65:SL:DISH_OR_FOOD",[IN:restaurant_suggestion [SL:DISH_OR_FOOD isinkwa esinokwatapheya] [SL:DISH_OR_FOOD namaqanda] ]
kitchen_and_dining,restaurant_suggestion,ngingayithenga kuphi ikota kanye namagwinya anoshizi eBellville?,"21:26:SL:DISH_OR_FOOD,33:52:SL:DISH_OR_FOOD,53:63:SL:PLACE_NAME",[IN:restaurant_suggestion [SL:DISH_OR_FOOD ikota] [SL:DISH_OR_FOOD namagwinya anoshizi] [SL:PLACE_NAME eBellville] ]
kitchen_and_dining,restaurant_suggestion,ngicela ungitshele indawo yokudlela eBelhar edayisa izinyawo zenkukhu ezenziwe ukhari nerayisi kanye noshatini?,"37:43:SL:PLACE_NAME,52:69:SL:DISH_OR_FOOD,79:94:SL:DISH_OR_FOOD,103:110:SL:DISH_OR_FOOD",[IN:restaurant_suggestion [SL:PLACE_NAME Belhar] [SL:DISH_OR_FOOD izinyawo zenkukhu] [SL:DISH_OR_FOOD ukhari nerayisi] [SL:DISH_OR_FOOD shatini] ]
kitchen_and_dining,restaurant_suggestion,adayiswa kuyiphi indawo yokudlela amanqina?,34:42:SL:DISH_OR_FOOD,[IN:restaurant_suggestion [SL:DISH_OR_FOOD amanqina] ]
kitchen_and_dining,restaurant_suggestion,ngingawathenga kuyiphi indawo yokudlela amanqina ababayo nojeqe?,40:63:SL:DISH_OR_FOOD,[IN:restaurant_suggestion [SL:DISH_OR_FOOD amanqina ababayo nojeqe] ]
kitchen_and_dining,restaurant_suggestion,amasaladi ngingawathenga kuyiphi indawo ahambisana nenkukhu eyenziwe istshuli?,"0:9:SL:DISH_OR_FOOD,51:77:SL:DISH_OR_FOOD",[IN:restaurant_suggestion [SL:DISH_OR_FOOD amasaladi] [SL:DISH_OR_FOOD nenkukhu eyenziwe istshuli] ]
kitchen_and_dining,restaurant_suggestion,iyiphi indawo yokudlela edayisa uphaya wenkukhu nama mashrumu?,32:61:SL:DISH_OR_FOOD,[IN:restaurant_suggestion [SL:DISH_OR_FOOD uphaya wenkukhu nama mashrumu] ]
kitchen_and_dining,restaurant_suggestion,ngingabathenga kuyiphi indawo yokudlela osamusa abababayo nabamazambane?,40:71:SL:DISH_OR_FOOD,[IN:restaurant_suggestion [SL:DISH_OR_FOOD osamusa abababayo nabamazambane] ]
kitchen_and_dining,restaurant_suggestion,uroti nenyama egayiwe ngingakuthenga kuyiphi indawo yokudlela?,0:21:SL:DISH_OR_FOOD,[IN:restaurant_suggestion [SL:DISH_OR_FOOD uroti nenyama egayiwe] ]
kitchen_and_dining,restaurant_suggestion,idayisaphi inyama yeskabhu nesinkwa esiwuhafu?,11:35:SL:DISH_OR_FOOD,[IN:restaurant_suggestion [SL:DISH_OR_FOOD inyama yeskabhu nesinkwa] ]
kitchen_and_dining,restaurant_suggestion,"ngingakuthenga kuphi ukudla okunokhari ababili, istambu kanye namasaladi amathathu?","33:38:SL:DISH_OR_FOOD,39:46:SL:NUMBER,48:55:SL:DISH_OR_FOOD,63:72:SL:DISH_OR_FOOD,73:82:SL:NUMBER",[IN:restaurant_suggestion [SL:DISH_OR_FOOD khari] [SL:NUMBER ababili] [SL:DISH_OR_FOOD istambu] [SL:DISH_OR_FOOD amasaladi] [SL:NUMBER amathathu] ]
kitchen_and_dining,restaurant_suggestion,"idfayiswa kephi inyama yenhloko, usu kanye nedombolo okunoshatini?","16:31:SL:DISH_OR_FOOD,33:36:SL:DISH_OR_FOOD,45:65:SL:DISH_OR_FOOD",[IN:restaurant_suggestion [SL:DISH_OR_FOOD inyama yenhloko] [SL:DISH_OR_FOOD usu] [SL:DISH_OR_FOOD dombolo okunoshatini] ]
kitchen_and_dining,restaurant_suggestion,iyiphi indawo yokudlela edayisa izimfanzi namashibhisi athosiwe eduze kwami?,,[IN:restaurant_suggestion ]
kitchen_and_dining,restaurant_suggestion,ngicela ungiphakamisele indawo yokudlela edayisa ukudla okumnandi okunamakhokhtheyli amsulwa.,66:92:SL:DISH_OR_FOOD,[IN:restaurant_suggestion [SL:DISH_OR_FOOD okunamakhokhtheyli amsulwa] ]
kitchen_and_dining,restaurant_suggestion,Iyiphi indawo yokudlela engingathenga ngayo amaphiko acobhozwe kwisosi yesoya enamazambane  athosiwe kanye nekani le-coca cola?,"44:100:SL:DISH_OR_FOOD,117:126:SL:DISH_OR_FOOD",[IN:restaurant_suggestion [SL:DISH_OR_FOOD amaphiko acobhozwe kwisosi yesoya enamazambane  athosiwe] [SL:DISH_OR_FOOD coca cola] ]
banking,pay_bill,ngicela ukhokhele isikweletu sami se-uber kumshayeli usebenzisa uhlelo lwami lokusebenza lwasebhange.,,[IN:pay_bill ]
banking,pay_bill,ngikhokhele umlungisi wezinwele uR600,33:37:SL:MONEY,[IN:pay_bill [SL:MONEY R600] ]
banking,pay_bill,ngilikhokhele ithikithi lami lebhasi kuhlelo lwami lokusebenza lwasebhange?,,[IN:pay_bill ]
banking,pay_bill,ngikhokhele ifoni yami ngisebenzisa uhlelo lokusebenza lwebhange olujwayelekile?,,[IN:pay_bill ]
banking,pay_bill,ngikhokhele umashonisa wami  uR670 imali esele engimkweleta yona.,30:34:SL:MONEY,[IN:pay_bill [SL:MONEY R670] ]
banking,pay_bill,ngikhokhele isikweletu sami samanzi nogesi kumasipala weTheku esinguR780.,"12:42:SL:BILL_TYPE,55:61:SL:CITY_OR_PROVINCE,68:72:SL:MONEY",[IN:pay_bill [SL:BILL_TYPE isikweletu sami samanzi nogesi] [SL:CITY_OR_PROVINCE eTheku] [SL:MONEY R780] ]
banking,pay_bill,khokha imali yokulethwa kwempahla yami yakwaMr Price.,,[IN:pay_bill ]
kitchen_and_dining,restaurant_reviews,Injani i-pizza yesoseji ePizza Hut?,"9:23:SL:DISH_OR_FOOD,25:34:SL:RESTAURANT_NAME",[IN:restaurant_reviews [SL:DISH_OR_FOOD pizza yesoseji] [SL:RESTAURANT_NAME Pizza Hut] ]
banking,pay_bill,ngicela ungikhokhelela imali yomuzi kwi-akhawunti yabo yakwa Old Mutual uR15 000.,"23:35:SL:BILL_TYPE,61:71:SL:BANK_NAME,73:80:SL:MONEY",[IN:pay_bill [SL:BILL_TYPE imali yomuzi] [SL:BANK_NAME Old Mutual] [SL:MONEY R15 000] ]
kitchen_and_dining,restaurant_reviews,Yiziphi izilinganiso zeHussar Grill?,23:35:SL:RESTAURANT_NAME,[IN:restaurant_reviews [SL:RESTAURANT_NAME Hussar Grill] ]
banking,pay_bill,khokha ukubhalisa kwami ​​kweDiscord ku-akhawunti yasebhange kaVivian.,63:69:SL:PERSONAL_NAME,[IN:pay_bill [SL:PERSONAL_NAME Vivian] ]
banking,pay_bill,ngicela ukhokhele ubulungu bami ejimini iVirgin Active.,41:54:SL:PLACE_NAME,[IN:pay_bill [SL:PLACE_NAME Virgin Active] ]
banking,pay_bill,ngikhokhele isikweletu sami sanyanga zonke ngokubhalisela kwami ​​ithelevishini,43:79:SL:BILL_TYPE,[IN:pay_bill [SL:BILL_TYPE ngokubhalisela kwami ​​ithelevishini] ]
banking,pay_bill,khokha isikweletu sami sekilasi lesingisi.,25:41:SL:BILL_TYPE,[IN:pay_bill [SL:BILL_TYPE kilasi lesingisi] ]
banking,pay_bill,ngikhokhele umfundisi wami uR500.,28:32:SL:MONEY,[IN:pay_bill [SL:MONEY R500] ]
banking,pay_bill,khokha ibhili yelaptop khona izoba nesikhala,16:22:SL:SHOPPING_ITEM,[IN:pay_bill [SL:SHOPPING_ITEM laptop] ]
banking,pay_bill,khokha izinkulungwane eziyisishiyagalolunye zamarandi ngomshwalense wemoto yami kwaDiscovery.,"7:53:SL:MONEY,54:74:SL:BILL_TYPE",[IN:pay_bill [SL:MONEY izinkulungwane eziyisishiyagalolunye zamarandi] [SL:BILL_TYPE ngomshwalense wemoto] ]
banking,pay_bill,ngicela ukhokhe izinkulungwane ezimbili namakhulu amane ukhokhela izinsiza zami,16:55:SL:NUMBER,[IN:pay_bill [SL:NUMBER izinkulungwane ezimbili namakhulu amane] ]
banking,pay_bill,ngikhokhele umshayeli wami amakhulu ayisishiyagalolunye ngemoto yokuya esikoleni,27:55:SL:NUMBER,[IN:pay_bill [SL:NUMBER amakhulu ayisishiyagalolunye] ]
banking,pay_bill,ngikhokhele izikweletu zami zokwelashwa ngisebenzisa uhlelo lwami lokusebenza lweCapitec,81:88:SL:BANK_NAME,[IN:pay_bill [SL:BANK_NAME Capitec] ]
banking,pay_bill,ngicela ukhokhe izinkulungwane ezine kwi-akhawunti yendodana yami ukuze ikwazi ukukhokha irenti,16:36:SL:NUMBER,[IN:pay_bill [SL:NUMBER izinkulungwane ezine] ]
banking,pay_bill,khokhela i-ejenti yeSouth African Airways izinkulungwane eziyisikhombisa ngezindiza zami ezixhumayo eziya eKapa.,"42:72:SL:NUMBER,106:111:SL:CITY_OR_PROVINCE",[IN:pay_bill [SL:NUMBER izinkulungwane eziyisikhombisa] [SL:CITY_OR_PROVINCE eKapa] ]
banking,pay_bill,ngicela ungithumelele imali kumakhalekhukhwini wami izinkulungwane ezimbili zamarandi ukuze ngikhokhele inkontileka yami,52:85:SL:MONEY,[IN:pay_bill [SL:MONEY izinkulungwane ezimbili zamarandi] ]
banking,pay_bill,sicela ukhokhe imali yokuthenga ithikithi lekhonsathi yokukhulekela ku-akhawunti yecomputicket.,,[IN:pay_bill ]
banking,pay_bill,ungakhohlwa ukukhokha isikweletu sami sempilo kwaNetcare.,22:56:SL:BILL_TYPE,[IN:pay_bill [SL:BILL_TYPE isikweletu sami sempilo kwaNetcare] ]
banking,pay_bill,khokhela ithikithi lami lebhasi ku-inthanethi eliya ethekwini lisuka eMlazi.,"52:61:SL:CITY_OR_PROVINCE,69:75:SL:PLACE_NAME",[IN:pay_bill [SL:CITY_OR_PROVINCE ethekwini] [SL:PLACE_NAME eMlazi] ]
banking,pay_bill,ngicela ungikhokhelele ithikithi lesitimela elisuka e-Unibell liya eKapa.,"54:61:SL:PLACE_NAME,67:72:SL:CITY_OR_PROVINCE",[IN:pay_bill [SL:PLACE_NAME Unibell] [SL:CITY_OR_PROVINCE eKapa] ]
banking,pay_bill,ngicela ukhokhe umshwalense wendlu yami kumshwalense webhajethi,16:34:SL:BILL_TYPE,[IN:pay_bill [SL:BILL_TYPE umshwalense wendlu] ]
banking,pay_bill,ngicela ukhokhele ubulungu bami beSASCO kwi akhawunti yabo yalana eKapa.,66:71:SL:CITY_OR_PROVINCE,[IN:pay_bill [SL:CITY_OR_PROVINCE eKapa] ]
banking,pay_bill,ngikhokhele okokuthambisa izinwele zami zanyanga zonke ku-akhawunti kaLizzy.,70:75:SL:PERSONAL_NAME,[IN:pay_bill [SL:PERSONAL_NAME Lizzy] ]
banking,pay_bill,ngikhokhele isikhathi sokubonisana nodokotela wami,,[IN:pay_bill ]
banking,pay_bill,ngikhokhele isikhathi sokwelashwa kwami ​​amarandi angamakhulu amahlanu ku-akhawunti kaBonga.,"42:71:SL:MONEY,87:92:SL:PERSONAL_NAME",[IN:pay_bill [SL:MONEY amarandi angamakhulu amahlanu] [SL:PERSONAL_NAME Bonga] ]
banking,pay_bill,ngicela ukhokhele uSandile amakhulu ayisikhombisa ukuze akwazi ukulungisa isiqandisi sami,"19:26:SL:PERSONAL_NAME,27:49:SL:NUMBER",[IN:pay_bill [SL:PERSONAL_NAME Sandile] [SL:NUMBER amakhulu ayisikhombisa] ]
banking,pay_bill,ngicela ukhokhe uBandile izinkulungwane ezimbili namakhulu amahlanu ukuze angifakele amakhabethe akhelwe ekhishini lami,"17:24:SL:PERSONAL_NAME,25:67:SL:NUMBER",[IN:pay_bill [SL:PERSONAL_NAME Bandile] [SL:NUMBER izinkulungwane ezimbili namakhulu amahlanu] ]
banking,pay_bill,khokha uBanzi amakhulu ayisithupha namashumi amahlanu ukuze alungise ompompi bami abavuzayo,"8:13:SL:PERSONAL_NAME,14:53:SL:NUMBER",[IN:pay_bill [SL:PERSONAL_NAME Banzi] [SL:NUMBER amakhulu ayisithupha namashumi amahlanu] ]
banking,pay_bill,ngicela ukhokhele ukufakwa kwamaceiling board ku-akhawunti ka-Andile,62:68:SL:PERSONAL_NAME,[IN:pay_bill [SL:PERSONAL_NAME Andile] ]
banking,pay_bill,ngicela ungikhokhele amakhulu amathathu okwenza  iznzipho kwi-akhawunti kaZizipho.,"21:39:SL:NUMBER,74:81:SL:PERSONAL_NAME",[IN:pay_bill [SL:NUMBER amakhulu amathathu] [SL:PERSONAL_NAME Zizipho] ]
banking,pay_bill,khokha imali yokugada emphakathini wakithi amarandi angamakhulu amabili namashumi amahlanu,43:90:SL:MONEY,[IN:pay_bill [SL:MONEY amarandi angamakhulu amabili namashumi amahlanu] ]
banking,pay_bill,khokha imali yobulungu beklabhu yami yezincwadi,,[IN:pay_bill ]
banking,pay_bill,ungakhohlwa ukukhokhela ukuhlanza okujulile efulethini lami kwi-akhawunti kaZama,76:80:SL:PERSONAL_NAME,[IN:pay_bill [SL:PERSONAL_NAME Zama] ]
banking,pay_bill,ngicela ukhokhele ukuhlanzwa kwemoto yami kwi-akhawunti lebhizinisi laka Ted amarandi amashumi amane.,"46:67:SL:ACCOUNT_TYPE,73:76:SL:PERSONAL_NAME,77:100:SL:MONEY",[IN:pay_bill [SL:ACCOUNT_TYPE akhawunti lebhizinisi] [SL:PERSONAL_NAME Ted] [SL:MONEY amarandi amashumi amane] ]
banking,pay_bill,khokhela indawo engibekise kuyona ifenisha yami inkulungwane eyodwa.,48:67:SL:NUMBER,[IN:pay_bill [SL:NUMBER inkulungwane eyodwa] ]
banking,pay_bill,ngicela ukhokhe imali yethikith lokuya kwikhonsathi kaHle kwi-akhawunti yakwa Computicket.,"42:51:SL:CALENDAR_EVENT,54:57:SL:ARTIST_NAME",[IN:pay_bill [SL:CALENDAR_EVENT khonsathi] [SL:ARTIST_NAME Hle] ]
banking,pay_bill,khokhela uNkosingiphile amakhulu amahlanu ezoza ezongilungisela amawindi.,"10:23:SL:PERSONAL_NAME,24:41:SL:NUMBER",[IN:pay_bill [SL:PERSONAL_NAME Nkosingiphile] [SL:NUMBER amakhulu amahlanu] ]
banking,pay_bill,khokhela inkampani yakwa Mazda izinkulungwane ezintathu ukuze ngizokhandelwa imoto injini.,31:55:SL:NUMBER,[IN:pay_bill [SL:NUMBER izinkulungwane ezintathu] ]
banking,pay_bill,ngicela ungikhokhele amakhulu amane e-akhawuntini kaTess ukuze ezongithungela ingubo.,"21:35:SL:NUMBER,52:56:SL:PERSONAL_NAME,78:84:SL:SHOPPING_ITEM",[IN:pay_bill [SL:NUMBER amakhulu amane] [SL:PERSONAL_NAME Tess] [SL:SHOPPING_ITEM ingubo] ]
banking,pay_bill,khokhela uMandi amakhulu amabili ukuze ezongilungisela umakhalekhukhwini wami.,"10:15:SL:PERSONAL_NAME,16:32:SL:NUMBER",[IN:pay_bill [SL:PERSONAL_NAME Mandi] [SL:NUMBER amakhulu amabili] ]
banking,pay_bill,nge-account yakwa Nedbank  khokha izinkulungwane ezintathu zamarandi endaweni yokuzijabulisa.,"18:25:SL:BANK_NAME,34:68:SL:MONEY",[IN:pay_bill [SL:BANK_NAME Nedbank] [SL:MONEY izinkulungwane ezintathu zamarandi] ]
banking,pay_bill,khokhela uNokubonga kwinombolo yakhe yocingo imali yesikhwama engisithenge kuyena uR350.,"9:19:SL:PERSONAL_NAME,82:87:SL:MONEY",[IN:pay_bill [SL:PERSONAL_NAME uNokubonga] [SL:MONEY uR350] ]
banking,pay_bill,khokhela uMinenhle uR340 angenze ngawo izinzipho kwi-akhawunti yakhe.,"10:18:SL:PERSONAL_NAME,20:24:SL:MONEY",[IN:pay_bill [SL:PERSONAL_NAME Minenhle] [SL:MONEY R340] ]
banking,pay_bill,thumela uR2500 kumqashi wami ukukhokhela lefulethi engihleli kulona.,9:14:SL:MONEY,[IN:pay_bill [SL:MONEY R2500] ]
banking,pay_bill,ngikhokhelele imali kaSpotify ukuze ngizolalela umculo.,,[IN:pay_bill ]
banking,pay_bill,ngikhokhele uYoutube ukuze ngizobuka izintshumayelo.,,[IN:pay_bill ]
banking,pay_bill,ngicela ungikhokhelela uNetflix ukuze ngizobuka izinhlelo engijwayele ukuzibuka uma ngibuya esikoleni.,24:31:SL:BILL_TYPE,[IN:pay_bill [SL:BILL_TYPE Netflix] ]
banking,pay_bill,ngikhokhele uR4000 kunogada walana,13:18:SL:MONEY,[IN:pay_bill [SL:MONEY R4000] ]
banking,pay_bill,ngicela ungikhokhelela u-Amazon Prime khona ngizobuka izinto engijwayele ukuzibuka kumakhalekhukhwini wami.,,[IN:pay_bill ]
banking,pay_bill,ngikhokhelele umakhenikha wami uR900 enombolweni yakhe yocingo.,32:36:SL:MONEY,[IN:pay_bill [SL:MONEY R900] ]
banking,pay_bill,ungangikhokhelela i-akhawunti yami yaseRage nge-intanethi?,20:43:SL:BILL_TYPE,[IN:pay_bill [SL:BILL_TYPE akhawunti yami yaseRage] ]
banking,pay_bill,ngitholele imininingwane yokukhokhela ucingo lwasendlini lakwa Vodacom.,,[IN:pay_bill ]
banking,pay_bill,ungakhohlwa ukukhokhela isidlo sami sakusihlwa endaweni yokudlela kaZai,"24:46:SL:MEAL_PERIOD,68:71:SL:RESTAURANT_NAME",[IN:pay_bill [SL:MEAL_PERIOD isidlo sami sakusihlwa] [SL:RESTAURANT_NAME Zai] ]
banking,pay_bill,ngikhokhele imali engango R850 kwaLtd lwe-akhawunti yami yezingubo zokugqoka.,26:30:SL:MONEY,[IN:pay_bill [SL:MONEY R850] ]
banking,pay_bill,khokhela istokfela somama ngohlelo lwami lwasebhange lwase FNB uR1200.,59:62:SL:BANK_NAME,[IN:pay_bill [SL:BANK_NAME FNB] ]
banking,pay_bill,ngikhokhe malini ekuthengeni ukudla ngenyanga edlule?,36:52:SL:DATE,[IN:pay_bill [SL:DATE ngenyanga edlule] ]
banking,pay_bill,khokhela imali yomqasho kumastende wami newindi engaliphula ngephutha uR5500 ngohlelo lwasebhange i-ABSA.,"71:76:SL:MONEY,100:104:SL:BANK_NAME",[IN:pay_bill [SL:MONEY R5500] [SL:BANK_NAME ABSA] ]
banking,pay_bill,khokhela umshwalense wendlu uR5000 ngohlelo lwasebhange uCapitec.,"9:27:SL:BILL_TYPE,29:34:SL:MONEY,57:64:SL:BANK_NAME",[IN:pay_bill [SL:BILL_TYPE umshwalense wendlu] [SL:MONEY R5000] [SL:BANK_NAME Capitec] ]
banking,pay_bill,kuvumelekile ukukhokhela uMasipala ngempelasonto noma ngeholide?,35:48:SL:DATE,[IN:pay_bill [SL:DATE ngempelasonto] ]
banking,pay_bill,uma ngikhokhe imali ngeSonto ngikhokhela umuntu ongasebenzisi ibhange elifana nelami izofika nini imali kiyena?,20:28:SL:DATE,[IN:pay_bill [SL:DATE ngeSonto] ]
banking,pay_bill,khokhela ibhange lebandla iSCO UWC uR40.,35:39:SL:MONEY,[IN:pay_bill [SL:MONEY uR40] ]
banking,pay_bill,ibhange lithathe malini ngenkathi ngikhokhela ucingo lwasendlini kaTelkom?,67:73:SL:BILL_TYPE,[IN:pay_bill [SL:BILL_TYPE Telkom] ]
banking,pay_bill,kukhokhelwa kanjani ithikithi lokuya embungazweni womculi uHle?,59:62:SL:ARTIST_NAME,[IN:pay_bill [SL:ARTIST_NAME Hle] ]
banking,pay_bill,khokhela uNetflix uR49 wokubuka amamuvi.,"10:17:SL:BILL_TYPE,19:22:SL:MONEY",[IN:pay_bill [SL:BILL_TYPE Netflix] [SL:MONEY R49] ]
banking,pay_bill,ngingayikhokhela kuyiphi i-akhawunti iWi-Fi yakwa MTN?,,[IN:pay_bill ]
banking,pay_bill,ngikhokhele isikweletu kumashonisa uR5000 ngohlelo lwasebhange manje.,36:41:SL:MONEY,[IN:pay_bill [SL:MONEY R5000] ]
banking,pay_bill,ngakhokha malini kwa 1Life ngenyanga edlule?,,[IN:pay_bill ]
banking,pay_bill,ngikhokhele imali yokuluka kwi-akhawunti yase Moses Salon uR950.,58:63:SL:MONEY,[IN:pay_bill [SL:MONEY uR950] ]
banking,pay_bill,ngingawakhokhela kanjani amanzi umasipala ngohlelo lwase bhange?,25:31:SL:BILL_TYPE,[IN:pay_bill [SL:BILL_TYPE amanzi] ]
banking,pay_bill,ngikhokhele isikweletu saka Build It uR1000 ngohlelo lokusebenza lwasebhange iNedbank.,"37:43:SL:MONEY,77:85:SL:BANK_NAME",[IN:pay_bill [SL:MONEY uR1000] [SL:BANK_NAME iNedbank] ]
banking,pay_bill,imiphi imininingwane yasebhange engingayisebenzisa ukukhokhela inkampani iPG glass?,,[IN:pay_bill ]
banking,pay_bill,ngigcine nini ukukhokha isikweletu semoto?,,[IN:pay_bill ]
banking,pay_bill,ngikweleta malini umasipala ugesi?,28:33:SL:BILL_TYPE,[IN:pay_bill [SL:BILL_TYPE ugesi] ]
banking,spending_history,sengithenge izibuko zamalini kuleminyaka emithathu eyedlule?,41:50:SL:NUMBER,[IN:spending_history [SL:NUMBER emithathu] ]
banking,spending_history,sengiwukhokhele kangaki umasipala kulonyaka?,34:43:SL:DATE,[IN:spending_history [SL:DATE kulonyaka] ]
banking,spending_history,yini ebiza kakhulu engiyikhokhelile kulenyanga phakathi kokudla nezingubo zokugqoka?,64:83:SL:SHOPPING_ITEM,[IN:spending_history [SL:SHOPPING_ITEM nezingubo zokugqoka] ]
banking,spending_history,imalini engayikhipha eCheckers ngoLwesithathu?,34:45:SL:DATE,[IN:spending_history [SL:DATE Lwesithathu] ]
banking,spending_history,emuva kokuthenga ipizza yase Debonairs ngasalelwa imalini?,"17:23:SL:DISH_OR_FOOD,29:38:SL:RESTAURANT_NAME",[IN:spending_history [SL:DISH_OR_FOOD ipizza] [SL:RESTAURANT_NAME Debonairs] ]
banking,spending_history,imalini seyiyonke imali engiyisebenzise ekuthengeni uphethiloli kulenyanga?,64:74:SL:DATE,[IN:spending_history [SL:DATE kulenyanga] ]
banking,spending_history,ngathenga ngamalini e-Adidas ngesonto elidlule?,29:46:SL:DATE,[IN:spending_history [SL:DATE ngesonto elidlule] ]
banking,spending_history,imalini engiyikhiphe kwa Standard bank ekseni?,"25:38:SL:BANK_NAME,39:45:SL:TIME",[IN:spending_history [SL:BANK_NAME Standard bank] [SL:TIME ekseni] ]
banking,spending_history,beziyimalini izicathulo engizithenge eCrocs izolo?,"13:23:SL:SHOPPING_ITEM,44:49:SL:DATE",[IN:spending_history [SL:SHOPPING_ITEM izicathulo] [SL:DATE izolo] ]
banking,spending_history,ngayithenga ngamalini igilosa eWoolworths kthangi?,,[IN:spending_history ]
banking,spending_history,ngayikhokhela malini imasaji nokwenza izinzipho eBy His Grace?,,[IN:spending_history ]
banking,spending_history,ngikhokhe malini eMacDonalds izolo?,17:28:SL:RESTAURANT_NAME,[IN:spending_history [SL:RESTAURANT_NAME eMacDonalds] ]
banking,spending_history,ngayithenga ngamalini ingubo yokulala eLinen Factory?,22:37:SL:SHOPPING_ITEM,[IN:spending_history [SL:SHOPPING_ITEM ingubo yokulala] ]
banking,spending_history,ibiyimalini imali engayikhokha eIncredible Connection kthangi?,,[IN:spending_history ]
banking,spending_history,ngayithenga ngamalini incwadi yokubhala eTypo?,,[IN:spending_history ]
banking,spending_history,emva kokuthenga ikhekhe eChateax Gauteax ekseni ngisalelwe imalini?,"16:23:SL:DISH_OR_FOOD,25:40:SL:RESTAURANT_NAME,41:47:SL:TIME",[IN:spending_history [SL:DISH_OR_FOOD ikhekhe] [SL:RESTAURANT_NAME Chateax Gauteax] [SL:TIME ekseni] ]
banking,spending_history,ngalikhokhela malini ithikithi lestimela ngomhlaka 2?,41:52:SL:DATE,[IN:spending_history [SL:DATE ngomhlaka 2] ]
banking,spending_history,imuphi unyaka engasebenzisa khona imali kakhulu phakathi kuka 2022 no 2023?,"62:66:SL:DATE,70:74:SL:DATE",[IN:spending_history [SL:DATE 2022] [SL:DATE 2023] ]
banking,spending_history,ngayithenga ngamanani aphansi noma aphezulu inja eSPCA?,,[IN:spending_history ]
banking,spending_history,ngibhekele imali engiyithumele umalume wemoto ukuthi yeqile kuR500 yini.,62:66:SL:MONEY,[IN:spending_history [SL:MONEY R500] ]
banking,spending_history,inyuke ngamalini imali engiyikhokhela ukuzivocavoca kusuka emnyakeni emibili edlule kuze kube imanje?,69:76:SL:NUMBER,[IN:spending_history [SL:NUMBER emibili] ]
banking,spending_history,ngawukhokhela malini umshini wokugunda utshani eGame ezinyangeni ezine ezedlule?,"21:46:SL:SHOPPING_ITEM,65:70:SL:NUMBER",[IN:spending_history [SL:SHOPPING_ITEM umshini wokugunda utshani] [SL:NUMBER ezine] ]
banking,spending_history,ngizikhokhele malini izinkomo ezimbili eznizithenge Ezimbuzini Nezinkomo eLovu?,"30:38:SL:NUMBER,73:78:SL:PLACE_NAME",[IN:spending_history [SL:NUMBER ezimbili] [SL:PLACE_NAME eLovu] ]
banking,spending_history,umasingcwabisane iCebolethu udonse malini ezinyangeni eziyishumi nambili ezedlule?,42:81:SL:DATE,[IN:spending_history [SL:DATE ezinyangeni eziyishumi nambili ezedlule] ]
banking,spending_history,iBhayibheli engalithenga eCum Books langibiza malini?,,[IN:spending_history ]
banking,spending_history,amasondo emoto ngawakhokhela malini eHynduai oseDolobheni?,,[IN:spending_history ]
banking,spending_history,bathathe malini eBuild It ngenkathi ngithenga izinto zokwakha?,,[IN:spending_history ]
banking,spending_history,umasipala weTheku uthathe malini ngomhlaka 25 ethathela amanzi nogesi?,"12:17:SL:CITY_OR_PROVINCE,33:45:SL:DATE,56:69:SL:BILL_TYPE",[IN:spending_history [SL:CITY_OR_PROVINCE Theku] [SL:DATE ngomhlaka 25] [SL:BILL_TYPE amanzi nogesi] ]
banking,spending_history,inkampani yakwa Rain idonse malini kule nyanga?,16:20:SL:BILL_TYPE,[IN:spending_history [SL:BILL_TYPE Rain] ]
banking,spending_history,iliphi igaraji elangibiza kakhulu ngesikhathi ngifaka uphethiloli phakathi kwe Sasol ne Engen Kwamashu?,94:102:SL:PLACE_NAME,[IN:spending_history [SL:PLACE_NAME Kwamashu] ]
banking,spending_history,unyuke ngamalini umshwalense iBudget womuzi kulonyaka?,,[IN:spending_history ]
banking,spending_history,imalini seyiyonke imali ibhange elingikhokhise yona ngokuba ne-akhawunti kulenyanga?,,[IN:spending_history ]
banking,spending_history,emuva kokukhokhela umabonakude izolo kusale malini kwi-akhawunti yami?,,[IN:spending_history ]
banking,spending_history,istolo iVan Shalck sathatha malini ngenkathi ngithenga izinto zesikole?,,[IN:spending_history ]
banking,spending_history,ngikhiphe malini eNedbank izolo?,18:25:SL:BANK_NAME,[IN:spending_history [SL:BANK_NAME Nedbank] ]
banking,spending_history,imali yesikweletu yomuzi ibhange yalithatha ngaluphi usuku ngengyanga ephelile?,6:24:SL:BILL_TYPE,[IN:spending_history [SL:BILL_TYPE yesikweletu yomuzi] ]
banking,spending_history,liyimalini idili engilithenge eNandos kuthangi?,30:37:SL:RESTAURANT_NAME,[IN:spending_history [SL:RESTAURANT_NAME eNandos] ]
banking,spending_history,qhathanisa imali engiyisebenzisile kulenyanga edlule nale esikuyona ungitshele ukuthi iyiphi la engikhiphe khona imali kakhulu.,,[IN:spending_history ]
banking,spending_history,ngikhokhe malini ngaphezulu kulenyanga eTypo uma ngiqhathanisa nenyanga edlule?,,[IN:spending_history ]
banking,spending_history,ngesikhathi ngikhokhela ukufakwa kwamawindi amasha emzini wami kwakukhona malini?,,[IN:spending_history ]
banking,spending_history,ngazithenga ngamalini izithelo eFood Lovers ngoLwesibili odlule?,"22:30:SL:DISH_OR_FOOD,47:56:SL:DATE",[IN:spending_history [SL:DISH_OR_FOOD izithelo] [SL:DATE Lwesibili] ]
banking,spending_history,ngenyanga edlule ngesikhathi ngikhokha imali kamabonakude uR650 kwasala malini?,59:63:SL:MONEY,[IN:spending_history [SL:MONEY R650] ]
banking,spending_history,uSpotify uthathe malini kulenyanga?,,[IN:spending_history ]
banking,spending_history,idlulile kuR850 imali engiyikhokhele umthungi wami uZama?,"11:15:SL:MONEY,52:56:SL:PERSONAL_NAME",[IN:spending_history [SL:MONEY R850] [SL:PERSONAL_NAME Zama] ]
banking,spending_history,ngikhokhe malini eSpar izolo?,23:28:SL:DATE,[IN:spending_history [SL:DATE izolo] ]
banking,spending_history,ngakhokha malini emtapweni wolwazi ngoMgqibelo ngikhokhela incwadi engayilahla?,38:46:SL:DATE,[IN:spending_history [SL:DATE Mgqibelo] ]
banking,spending_history,ngisebenzise malini ekuthengeni kwaMakro naka Woolworths izolo ngithenga ukudla?,57:62:SL:DATE,[IN:spending_history [SL:DATE izolo] ]
banking,spending_history,yayiyimalini ingubo yokulala nesibuko engakuthenga ePep kuthangi?,"13:28:SL:SHOPPING_ITEM,29:37:SL:SHOPPING_ITEM,56:64:SL:DATE",[IN:spending_history [SL:SHOPPING_ITEM ingubo yokulala] [SL:SHOPPING_ITEM nesibuko] [SL:DATE kuthangi] ]
banking,spending_history,ngibalele imali engiyisebenzise ekukhokheleni amanzi nogesi nyakenye?,46:59:SL:BILL_TYPE,[IN:spending_history [SL:BILL_TYPE amanzi nogesi] ]
banking,spending_history,wawuyimalini umshini wokuwasha engawuthenga eGame emasontweni amahlanu adlule.,"13:30:SL:SHOPPING_ITEM,62:70:SL:NUMBER",[IN:spending_history [SL:SHOPPING_ITEM umshini wokuwasha] [SL:NUMBER amahlanu] ]
banking,spending_history,ngathenga ngamalini ukudla namathikithi okubuka imuvi eNumetro?,,[IN:spending_history ]
banking,spending_history,ngathenga ngamalini eClicks ngesonto elidlule?,28:45:SL:DATE,[IN:spending_history [SL:DATE ngesonto elidlule] ]
banking,spending_history,imalini seyiyonke imali engiyikhiphe ngoMasingana ngiyikhiphela ukuthenga izibuko zamehlo ezintsha eSpec Savers?,40:49:SL:DATE,[IN:spending_history [SL:DATE Masingana] ]
banking,spending_history,ngalukhokhela malini uhambo lwase Zimbali?,34:41:SL:PLACE_NAME,[IN:spending_history [SL:PLACE_NAME Zimbali] ]
banking,spending_history,izikweletu sezizonke ngizikhokhele malini nyakenye?,,[IN:spending_history ]
banking,spending_history,sengiyikhokhele malini i-akhawunti yami yokugqoka yase Fashion World eminyakeni emibili edlule?,25:49:SL:ACCOUNT_TYPE,[IN:spending_history [SL:ACCOUNT_TYPE akhawunti yami yokugqoka] ]
banking,spending_history,ngizithenge ngamalini izinkwa ezinhlanu kwa Mai Mai namhlanje?,"22:29:SL:DISH_OR_FOOD,30:39:SL:NUMBER,40:51:SL:PLACE_NAME,52:61:SL:DATE",[IN:spending_history [SL:DISH_OR_FOOD izinkwa] [SL:NUMBER ezinhlanu] [SL:PLACE_NAME kwa Mai Mai] [SL:DATE namhlanje] ]
banking,spending_history,beliyimalini ithikithi engilithenge izolo lokuya KwaZulu-Natali?,49:63:SL:CITY_OR_PROVINCE,[IN:spending_history [SL:CITY_OR_PROVINCE KwaZulu-Natali] ]
banking,spending_history,badonse malini abomushwalense wempilo i-1Life kulenyanga?,46:56:SL:DATE,[IN:spending_history [SL:DATE kulenyanga] ]
banking,spending_history,ngiyithenge ngamalini i-iPhone e-iStore izolo?,,[IN:spending_history ]
banking,spending_history,ngikhokhe kangaki eSpur ngithenga ukudla kulezi nyanga ezintathu ezedlule.,"19:23:SL:RESTAURANT_NAME,58:64:SL:NUMBER",[IN:spending_history [SL:RESTAURANT_NAME Spur] [SL:NUMBER ntathu] ]
banking,spending_history,hlanganisa imali engiyisebenzise izolo eGateway nengiyisebenzise kuthangi eGateway ungitshele ukuthi imalini isiyonke.,"39:47:SL:PLACE_NAME,74:82:SL:PLACE_NAME",[IN:spending_history [SL:PLACE_NAME eGateway] [SL:PLACE_NAME eGateway] ]
banking,spending_history,ezinyangeni ezimbili ezidlule sengikhokhe malini kwa Arthur Ford ngithenga amakha?,0:20:SL:DATE,[IN:spending_history [SL:DATE ezinyangeni ezimbili] ]
banking,spending_history,imalini esale ekseni ngenkathi ngikhipha imali eShoprite?,14:20:SL:TIME,[IN:spending_history [SL:TIME ekseni] ]
banking,spending_history,ngibalele ukuthi ngikhokhe malini ngesikhathi ngithenga amanzi nophethiloli eSasol emini.,"56:62:SL:DISH_OR_FOOD,83:88:SL:TIME",[IN:spending_history [SL:DISH_OR_FOOD amanzi] [SL:TIME emini] ]
banking,spending_history,iyeqile kwimali engangiyibekile yokuthenga izicathulo engiyisebenzise izolo?,43:53:SL:SHOPPING_ITEM,[IN:spending_history [SL:SHOPPING_ITEM izicathulo] ]
banking,spending_history,ngimukhokhele nini uNokubonga imali yokuluka uR200?,"20:29:SL:PERSONAL_NAME,46:50:SL:MONEY",[IN:spending_history [SL:PERSONAL_NAME Nokubonga] [SL:MONEY R200] ]
banking,spending_history,ngenyanga edlule bathatha malini abakwa Truworths ukukhokhai-akhawunti?,,[IN:spending_history ]
banking,spending_history,ngibhekele ukuthi bayidonsa nini imali yeskweletu semoto.,39:56:SL:BILL_TYPE,[IN:spending_history [SL:BILL_TYPE yeskweletu semoto] ]
banking,spending_history,imalini isiphelele imali engiyisebenzise izolo osukwini selulonke?,41:46:SL:DATE,[IN:spending_history [SL:DATE izolo] ]
banking,spending_history,ngonyaka odlule ngathenga ngamalini kwaSteers enyangeni kaZibandlela?,"39:45:SL:RESTAURANT_NAME,58:68:SL:DATE",[IN:spending_history [SL:RESTAURANT_NAME Steers] [SL:DATE Zibandlela] ]
banking,spending_history,ngimukhokhele malini umshayeli wami kulenyanga?,,[IN:spending_history ]
banking,spending_history,ezinyangeni ezimbili ezedlule sengizikhokhele malini izingubo zokugqoka eMr Price?,"0:20:SL:DATE,53:71:SL:SHOPPING_ITEM",[IN:spending_history [SL:DATE ezinyangeni ezimbili] [SL:SHOPPING_ITEM izingubo zokugqoka] ]
banking,spending_history,ngiwukhokhele malini uphethiloli kuthangi kwigaraji lakwa Shell?,,[IN:spending_history ]
banking,spending_history,ngikhokhe malini izolo estolo iH&M?,,[IN:spending_history ]
banking,spending_history,ngasikhokhela malini iskole ngesonto elidlule ngikhokha imali yokufunda?,21:27:SL:BILL_TYPE,[IN:spending_history [SL:BILL_TYPE iskole] ]
banking,spending_history,ngimthumele malini ugogo izolo?,,[IN:spending_history ]
banking,spending_history,ngifakele amakhulu amahlanu emalini yokuthenga ukudla.,10:27:SL:NUMBER,[IN:spending_history [SL:NUMBER amakhulu amahlanu] ]
banking,spending_history,sekusele malini ebhange emalini yokuthenga uphethiloli?,,[IN:spending_history ]
banking,spending_history,emalini engiyibekele ubumnandi sekushoda malini ngibe nezinkulungwane ezimbili?,56:78:SL:NUMBER,[IN:spending_history [SL:NUMBER zinkulungwane ezimbili] ]
travel,travel_suggestion,"kudingeka ngibe namalini uma ngihlela uhambo oluya eMpumalanga lwabamtu ababili engibala kukhona amathikithi ebhasi, ukudla kanye nendawo yokulala?","52:62:SL:CITY_OR_PROVINCE,72:79:SL:NUMBER",[IN:travel_suggestion [SL:CITY_OR_PROVINCE Mpumalanga] [SL:NUMBER ababili] ]
travel,travel_suggestion,ngibuzele kuyimalini ukwenza umbungazo wokuba neminyaka engamashumi amabili nanye kwi webusayithi ye-trivago kwihhotela i-Oceanic View esedolobheni?,"56:81:SL:NUMBER,122:134:SL:HOTEL_NAME",[IN:travel_suggestion [SL:NUMBER engamashumi amabili nanye] [SL:HOTEL_NAME Oceanic View] ]
travel,travel_suggestion,liyimalini ithikithi lendiza  esuka eKing Shaka International Airport eya eOR Tambo Airport ezosuka ngo 20h00 namhlanje ebusuku?,"104:109:SL:TIME,120:127:SL:TIME",[IN:travel_suggestion [SL:TIME 20h00] [SL:TIME ebusuku] ]
travel,travel_suggestion,iyiphi indawo yokudlela enomculi oculayo eMthatha engingayivakashela?,41:49:SL:PLACE_NAME,[IN:travel_suggestion [SL:PLACE_NAME eMthatha] ]
travel,travel_suggestion,izingane ezineminyaka engaphansi kweshumi nanhlanu zivumelekile ukuvakashela imnyuziyamu esedolobheni?,35:50:SL:NUMBER,[IN:travel_suggestion [SL:NUMBER eshumi nanhlanu] ]
travel,travel_suggestion,athini amazinga okushisa ebhishi eliseningizimu neTheku?,48:55:SL:CITY_OR_PROVINCE,[IN:travel_suggestion [SL:CITY_OR_PROVINCE neTheku] ]
travel,travel_suggestion,iliphi ibandla engingakhonza kulona labasindisisiwe eliseduze kunami?,,[IN:travel_suggestion ]
travel,travel_suggestion,ukudla okuphekwe amaShayina ngingakutholaphi?,,[IN:travel_suggestion ]
travel,travel_suggestion,uma ungumuntu othanda imvelo iyiphi indawo ekwimvelo engingayivakashela eseMpumakoloni?,75:86:SL:CITY_OR_PROVINCE,[IN:travel_suggestion [SL:CITY_OR_PROVINCE Mpumakoloni] ]
travel,travel_suggestion,lihamba ngasiphi iskhathi ibhasi eliya eGqeberha elisuka esteyshini saseThekwini?,39:48:SL:CITY_OR_PROVINCE,[IN:travel_suggestion [SL:CITY_OR_PROVINCE eGqeberha] ]
travel,travel_suggestion,inyama eyosiwe idayisa kusiphi isitolo la eGugulethu?,"0:14:SL:DISH_OR_FOOD,42:52:SL:PLACE_NAME",[IN:travel_suggestion [SL:DISH_OR_FOOD inyama eyosiwe] [SL:PLACE_NAME eGugulethu] ]
travel,travel_suggestion,ithikithi lokungena entabeni yetafula eKapa liyakuvumela ukuthi ugibele lemoto yakhona ehamba emoyeni ngezintambo?,"20:37:SL:PLACE_NAME,38:43:SL:CITY_OR_PROVINCE",[IN:travel_suggestion [SL:PLACE_NAME entabeni yetafula] [SL:CITY_OR_PROVINCE eKapa] ]
travel,travel_suggestion,bhukha iholide lamasonto amathathu kuzsukela mhla zingu-1 kuNhlangulana kuya mhla zingu-21 kuNhlangulana ehhotela iThe Pearls ese Mhlanga.,"25:34:SL:NUMBER,56:71:SL:DATE,88:104:SL:DATE,115:125:SL:HOTEL_NAME,130:137:SL:PLACE_NAME",[IN:travel_suggestion [SL:NUMBER amathathu] [SL:DATE 1 kuNhlangulana] [SL:DATE 21 kuNhlangulana] [SL:HOTEL_NAME The Pearls] [SL:PLACE_NAME Mhlanga] ]
travel,travel_suggestion,kuyimalini ukuhlala iviki lonke ehhotela iCoastlands? ,42:52:SL:HOTEL_NAME,[IN:travel_suggestion [SL:HOTEL_NAME Coastlands] ]
travel,travel_suggestion,yiziphi izinto eziijabulisayo ezobe engingazenza embukisweni wokuzijabulisa ozobe ukhona ksasa epaki eliseBotanic?,105:113:SL:PLACE_NAME,[IN:travel_suggestion [SL:PLACE_NAME eBotanic] ]
travel,travel_suggestion,iyiphi indawo enolwandle eseduze nami?,,[IN:travel_suggestion ]
travel,travel_suggestion,iyimalini imassage yase-spa yomzimba wonke eZinakekele Ngothando?,44:64:SL:PLACE_NAME,[IN:travel_suggestion [SL:PLACE_NAME Zinakekele Ngothando] ]
travel,travel_suggestion,ukuvakashela eDrakensberg Maloti uma ufuna ukulala ubusuku obubodwa imalini?,"14:32:SL:PLACE_NAME,51:58:SL:TIME,59:67:SL:NUMBER",[IN:travel_suggestion [SL:PLACE_NAME Drakensberg Maloti] [SL:TIME ubusuku] [SL:NUMBER obubodwa] ]
travel,travel_suggestion,iyiphi indawo edayisa ukudla okumnandi okwesintu eBelhar?,49:56:SL:PLACE_NAME,[IN:travel_suggestion [SL:PLACE_NAME eBelhar] ]
travel,travel_suggestion,likuphi itheku eliseduze lapho ngingahamba khona ngomkhumbi?,8:14:SL:CITY_OR_PROVINCE,[IN:travel_suggestion [SL:CITY_OR_PROVINCE itheku] ]
travel,travel_suggestion,iliphi ihotela elisemgangathweni ophezulu engingalivakashela eMhlanga?,61:69:SL:PLACE_NAME,[IN:travel_suggestion [SL:PLACE_NAME eMhlanga] ]
travel,travel_suggestion,iyiphi indlela eshashayo engingahamba ngayo uma ngifuna ukuya kobukela umdlalo wabagijimi ose Kinga Park Stadium mangisuka lana eNewlands?,"94:112:SL:PLACE_NAME,129:137:SL:PLACE_NAME",[IN:travel_suggestion [SL:PLACE_NAME Kinga Park Stadium] [SL:PLACE_NAME Newlands] ]
travel,travel_suggestion,iliphi ithikithi engingalithenga lomdlalo webhola kuleli viki eThekwini eMoses Mabhida?,"62:71:SL:CITY_OR_PROVINCE,73:86:SL:PLACE_NAME",[IN:travel_suggestion [SL:CITY_OR_PROVINCE eThekwini] [SL:PLACE_NAME Moses Mabhida] ]
travel,travel_suggestion,isiphi isitolo esidayisa ibhola lombhoxo la eMorningside?,45:56:SL:PLACE_NAME,[IN:travel_suggestion [SL:PLACE_NAME Morningside] ]
travel,travel_suggestion,iyiphi indawo yokudlala eseduze kunami?,,[IN:travel_suggestion ]
travel,travel_suggestion,isiphi istolo sokudla esinokudla kwesintu  okumnandi edolobheni laseThekwini?,67:76:SL:CITY_OR_PROVINCE,[IN:travel_suggestion [SL:CITY_OR_PROVINCE eThekwini] ]
travel,travel_suggestion,Ngidinga izindawo zokuzijabulisa ePitoli?,33:40:SL:CITY_OR_PROVINCE,[IN:travel_suggestion [SL:CITY_OR_PROVINCE ePitoli] ]
travel,travel_suggestion,Yiziphi zindawo ezihamba phambili kwezokungcebeleka KwaZulu Natali ngempelasonto?,"52:66:SL:CITY_OR_PROVINCE,70:80:SL:DATE",[IN:travel_suggestion [SL:CITY_OR_PROVINCE KwaZulu Natali] [SL:DATE mpelasonto] ]
travel,travel_suggestion,Sichithwa kanjani isizungu eKapa?,27:32:SL:CITY_OR_PROVINCE,[IN:travel_suggestion [SL:CITY_OR_PROVINCE eKapa] ]
travel,travel_suggestion,Yiziphi izindawo ezihamba phambali kwezokuvasha eGqeberha?,48:57:SL:CITY_OR_PROVINCE,[IN:travel_suggestion [SL:CITY_OR_PROVINCE eGqeberha] ]
travel,travel_suggestion,Ngiphe engingakwenza eZimbabwe ukuzijabulisa?,21:30:SL:COUNTRY,[IN:travel_suggestion [SL:COUNTRY eZimbabwe] ]
travel,travel_suggestion,Yini ehehayo ngeLesotho mangingafisa ukuyihambela ngamaholidi?,16:23:SL:COUNTRY,[IN:travel_suggestion [SL:COUNTRY Lesotho] ]
travel,travel_suggestion,Idume ngani iBotswana kwezokuvasha?,13:21:SL:COUNTRY,[IN:travel_suggestion [SL:COUNTRY Botswana] ]
travel,travel_suggestion,Ngaphandle kogwadule yini ethandekayo ngeNamibia?,41:48:SL:COUNTRY,[IN:travel_suggestion [SL:COUNTRY Namibia] ]
travel,travel_suggestion,Yini enye umuntu angayenza eThekwini ngaphandle kokuya ebhishi?,27:36:SL:CITY_OR_PROVINCE,[IN:travel_suggestion [SL:CITY_OR_PROVINCE eThekwini] ]
travel,travel_suggestion,Ngiphe isu lokwazi lonke idolobha lase Harare kulempelasonto ngemoto yami? ,"39:45:SL:CITY_OR_PROVINCE,46:60:SL:DATE",[IN:travel_suggestion [SL:CITY_OR_PROVINCE Harare] [SL:DATE kulempelasonto] ]
travel,travel_suggestion,Yini entsha etholakala ePietermaitzburg uma ufuna ukuzijabulisa?,23:39:SL:CITY_OR_PROVINCE,[IN:travel_suggestion [SL:CITY_OR_PROVINCE ePietermaitzburg] ]
travel,travel_suggestion,Ngitholele uhla lwemicimbi eyenzeka kulempelasonto eGoli?,51:56:SL:CITY_OR_PROVINCE,[IN:travel_suggestion [SL:CITY_OR_PROVINCE eGoli] ]
travel,travel_suggestion,Izivakashi ziphathwa kanjani eKapa emicimbini masekusondele uZibandlela?,"29:34:SL:CITY_OR_PROVINCE,60:71:SL:DATE",[IN:travel_suggestion [SL:CITY_OR_PROVINCE eKapa] [SL:DATE uZibandlela] ]
travel,travel_suggestion,Ngabe zinjani ukubiza ezokuvasha eGqeberha?,33:42:SL:CITY_OR_PROVINCE,[IN:travel_suggestion [SL:CITY_OR_PROVINCE eGqeberha] ]
travel,travel_suggestion,Zikhona nezabantu abadala kodwa izindawo zokujabula  eNorth West?,54:64:SL:CITY_OR_PROVINCE,[IN:travel_suggestion [SL:CITY_OR_PROVINCE North West] ]
travel,travel_suggestion,Batholakalaphi abahleli bemicimbi eThekwini abasiza izivakashi ngamaholidi?,34:43:SL:CITY_OR_PROVINCE,[IN:travel_suggestion [SL:CITY_OR_PROVINCE eThekwini] ]
travel,travel_suggestion,"Ngifuna ukujabula kanye nabanye abavakashi edolobheni lase Gqeberha, ngibhalele uhla lezindawo abathanda ukuzihamba?",59:67:SL:CITY_OR_PROVINCE,[IN:travel_suggestion [SL:CITY_OR_PROVINCE Gqeberha] ]
travel,travel_suggestion,Ngingayaphi eBallito ukujabulisa umndeni wami ngaphandle kokuzigugisa iphakethe?,12:20:SL:PLACE_NAME,[IN:travel_suggestion [SL:PLACE_NAME eBallito] ]
travel,travel_suggestion,Ngiphe okusematheni njengamanje okwenziwa eMlazi?,42:48:SL:PLACE_NAME,[IN:travel_suggestion [SL:PLACE_NAME eMlazi] ]
travel,travel_suggestion,Ngidinga imibono ngengingakwenza eSwatini?,33:41:SL:COUNTRY,[IN:travel_suggestion [SL:COUNTRY eSwatini] ]
travel,travel_suggestion,Usiko mpilo kwaNongoma nasoLundi luhluke ngani nolwase Kapa kwezokuvakasha?,"15:22:SL:PLACE_NAME,26:32:SL:PLACE_NAME,55:59:SL:CITY_OR_PROVINCE",[IN:travel_suggestion [SL:PLACE_NAME Nongoma] [SL:PLACE_NAME oLundi] [SL:CITY_OR_PROVINCE Kapa] ]
travel,travel_suggestion,Ngiphe izindawo eziqhakambisa umlando weNingizimu Afrika engingazivakashela?,40:56:SL:COUNTRY,[IN:travel_suggestion [SL:COUNTRY Ningizimu Afrika] ]
travel,travel_suggestion,Ngibhalela amadolobha aseNingizimu Afrika ahamba adlisayo engingawavakashela ?,25:41:SL:COUNTRY,[IN:travel_suggestion [SL:COUNTRY Ningizimu Afrika] ]
travel,travel_suggestion,Ngingakuvimba kanjani ukuhlaselwa umuzwa ngedwa uma ngiseMpumalanga?,57:67:SL:CITY_OR_PROVINCE,[IN:travel_suggestion [SL:CITY_OR_PROVINCE Mpumalanga] ]
travel,travel_suggestion,Kukhona okuthandekayo eDundee ngamaholidi kaZibandlela?,"23:29:SL:PLACE_NAME,44:54:SL:DATE",[IN:travel_suggestion [SL:PLACE_NAME Dundee] [SL:DATE Zibandlela] ]
travel,travel_suggestion,Yini ehlabahlosile eyenziwayo ngempelasonto yePhasika eRichards Bay?,"30:53:SL:CALENDAR_EVENT,55:67:SL:CITY_OR_PROVINCE",[IN:travel_suggestion [SL:CALENDAR_EVENT ngempelasonto yePhasika] [SL:CITY_OR_PROVINCE Richards Bay] ]
travel,travel_suggestion,Ngiphe amabhishi amahle naphephile eThekwini?,35:44:SL:CITY_OR_PROVINCE,[IN:travel_suggestion [SL:CITY_OR_PROVINCE eThekwini] ]
travel,travel_suggestion,Singayaphi ngezikhathi zasemini ukujabula eNothern Cape?,"23:31:SL:TIME,43:55:SL:CITY_OR_PROVINCE",[IN:travel_suggestion [SL:TIME zasemini] [SL:CITY_OR_PROVINCE Nothern Cape] ]
travel,travel_suggestion,Yini engaziwa ngeLimpopo esingayithokozela masifika khona?,17:24:SL:CITY_OR_PROVINCE,[IN:travel_suggestion [SL:CITY_OR_PROVINCE Limpopo] ]
travel,travel_suggestion,"yiziphi izinto ezijabulisayo ongazenza eMpumalanga, eNelspruit?","39:50:SL:CITY_OR_PROVINCE,52:62:SL:CITY_OR_PROVINCE",[IN:travel_suggestion [SL:CITY_OR_PROVINCE eMpumalanga] [SL:CITY_OR_PROVINCE eNelspruit] ]
travel,travel_suggestion,Iyona yiphi indawo ehlabahlosile yokuvashelwa eKimberley?,46:56:SL:CITY_OR_PROVINCE,[IN:travel_suggestion [SL:CITY_OR_PROVINCE eKimberley] ]
travel,travel_suggestion,Iyona yiphi indawo edayisa ikota econsisa amathe ePitoli?,"27:32:SL:DISH_OR_FOOD,49:56:SL:CITY_OR_PROVINCE",[IN:travel_suggestion [SL:DISH_OR_FOOD ikota] [SL:CITY_OR_PROVINCE ePitoli] ]
travel,travel_suggestion,Zikhona ezidumile zokuthamela imvelo kanye nemfuyo KwaZulu Natali? ,51:65:SL:CITY_OR_PROVINCE,[IN:travel_suggestion [SL:CITY_OR_PROVINCE KwaZulu Natali] ]
travel,travel_suggestion,Ngabe imithetho yomgwaqo yaseThekwini iyabavuna abathanda ukuzivocaca nabagibela amabhayisikile?,25:37:SL:CITY_OR_PROVINCE,[IN:travel_suggestion [SL:CITY_OR_PROVINCE yaseThekwini] ]
travel,travel_suggestion,Thola indawo eyintandokazi yokuvakasha kulo nyaka?,39:49:SL:DATE,[IN:travel_suggestion [SL:DATE kulo nyaka] ]
travel,travel_suggestion,Yiziphi izindawo ezidumile ezidlu' ubhedu njenga manje zokuvakasha?,,[IN:travel_suggestion ]
travel,travel_suggestion,Yini ekhona eyenziwayo ukuqeda isizungu ePolokwane?,41:50:SL:CITY_OR_PROVINCE,[IN:travel_suggestion [SL:CITY_OR_PROVINCE Polokwane] ]
travel,travel_suggestion,Ngipha indawo ehanjelwa izivakashi eLimpopo?,36:43:SL:CITY_OR_PROVINCE,[IN:travel_suggestion [SL:CITY_OR_PROVINCE Limpopo] ]
travel,travel_suggestion,Yini ehlabahlosile yokuzijabulisa ekhona ePotchefstroom?,42:55:SL:CITY_OR_PROVINCE,[IN:travel_suggestion [SL:CITY_OR_PROVINCE Potchefstroom] ]
travel,travel_suggestion,ungangisiza ngikhethe izinto ezijabulisayo engizozenza eMatatiele phakathi nohambo lwami,56:65:SL:PLACE_NAME,[IN:travel_suggestion [SL:PLACE_NAME Matatiele] ]
travel,travel_suggestion,"Ngisize ngihlele uhambo lwami lokuya eBotswana, ngifuna ukubona izindawo eziningi!",38:46:SL:COUNTRY,[IN:travel_suggestion [SL:COUNTRY Botswana] ]
travel,travel_suggestion,Ngisize ngikhethe indawo entsha engingaya kuyo,,[IN:travel_suggestion ]
travel,travel_suggestion,Ngenzela ucwaningo mayelana nezindawo ezihamba phambili zokuhamba?,,[IN:travel_suggestion ]
travel,travel_suggestion,ngitshele imisebenzi ethile ejabulisayo engingayenza edolobheni laseMpangeni?,68:76:SL:PLACE_NAME,[IN:travel_suggestion [SL:PLACE_NAME Mpangeni] ]
travel,travel_suggestion,Imiphi eminye imisebenzi yezivakashi edumile edolobheni lasePietermaritzburg,60:76:SL:CITY_OR_PROVINCE,[IN:travel_suggestion [SL:CITY_OR_PROVINCE Pietermaritzburg] ]
travel,travel_suggestion,Ngilangazelele ukuhamba kodwa angazi ukuthi ngingaphayaphi?,,[IN:travel_suggestion ]
travel,travel_suggestion,Nginikeze izincomo zezindawo ezinhle zokuvakasha eMthatha?,49:57:SL:PLACE_NAME,[IN:travel_suggestion [SL:PLACE_NAME eMthatha] ]
travel,travel_suggestion,ngitshele izinto ezikhanga izivakashi ezimnandi Olundi?,48:54:SL:PLACE_NAME,[IN:travel_suggestion [SL:PLACE_NAME Olundi] ]
travel,travel_suggestion,nginikeze imibono yokuthi ngenzenjani phakathi nohambo lwami lokuya eHluhluwe,69:77:SL:PLACE_NAME,[IN:travel_suggestion [SL:PLACE_NAME Hluhluwe] ]
travel,travel_suggestion,thola izindawo ezinhle kakhulu zokuvakasha ongavakashela eMaputo?,57:64:SL:CITY_OR_PROVINCE,[IN:travel_suggestion [SL:CITY_OR_PROVINCE eMaputo] ]
travel,travel_suggestion,ngifuna iziphakamiso zemisebenzi yezokuvakasha eLadysmith?,48:57:SL:PLACE_NAME,[IN:travel_suggestion [SL:PLACE_NAME Ladysmith] ]
travel,travel_suggestion,Ngizovakashela eNorthern Cape maduze futhi ngingathanda ukusikisela kokuthi ngenzeni futhi ngikubone,16:29:SL:CITY_OR_PROVINCE,[IN:travel_suggestion [SL:CITY_OR_PROVINCE Northern Cape] ]
travel,travel_suggestion,yiziphi izinto ezikhangayo zasendaweni eMbabane?,39:47:SL:CITY_OR_PROVINCE,[IN:travel_suggestion [SL:CITY_OR_PROVINCE eMbabane] ]
travel,travel_suggestion,hlobo luni lwemisebenzi okufanele ngisukume ngiyenze ngenkathi ngiseLesotho ukuqeda isizungu?,68:75:SL:COUNTRY,[IN:travel_suggestion [SL:COUNTRY Lesotho] ]
travel,travel_notification,ngidinga ukwazisa ibhange lami ukuthi ngivakashela eMalawi,52:58:SL:COUNTRY,[IN:travel_notification [SL:COUNTRY Malawi] ]
travel,travel_notification,Kumele ngazise ibhange lami ukuthi ngizovakashela eZambia?,51:57:SL:COUNTRY,[IN:travel_notification [SL:COUNTRY Zambia] ]
travel,travel_notification,Kufanele ngazise ibhange lami ngohambo kwami oluya e-Angola,53:59:SL:COUNTRY,[IN:travel_notification [SL:COUNTRY Angola] ]
travel,travel_notification,"ngizoya eMauritius kusukela ngoNhlolanja 1 kuya kuNdasa 1, ngicela ubukele lokhu ibhange lami","9:18:SL:COUNTRY,31:42:SL:DATE,50:57:SL:DATE",[IN:travel_notification [SL:COUNTRY Mauritius] [SL:DATE Nhlolanja 1] [SL:DATE Ndasa 1] ]
travel,travel_notification,Tshela ibhange lami ukuthi ngizoba se-DRC kusukela ngoNhlolanja 1 kuya kuMbasa 1,"38:41:SL:COUNTRY,54:65:SL:DATE,73:80:SL:DATE",[IN:travel_notification [SL:COUNTRY DRC] [SL:DATE Nhlolanja 1] [SL:DATE Mbasa 1] ]
travel,travel_notification,ngicela wazise ibhange lami ukuthi ngizoba se-Algeria kusukela ngoNhlolanja 1 kuya kuMbasa 1,"46:53:SL:COUNTRY,66:77:SL:DATE,85:92:SL:DATE",[IN:travel_notification [SL:COUNTRY Algeria] [SL:DATE Nhlolanja 1] [SL:DATE Mbasa 1] ]
travel,travel_notification,Bhala phansi ukuthi ngizobe ngiseNamibia kusukela ngoNhlolanja 1 kuya kuMbasa 1 bese wazisa nebhangi,"33:40:SL:COUNTRY,53:64:SL:DATE,72:79:SL:DATE",[IN:travel_notification [SL:COUNTRY Namibia] [SL:DATE Nhlolanja 1] [SL:DATE Mbasa 1] ]
travel,travel_notification,Ngitshelele ibhangi lami ngohambo lwami lwase Lesotho ngomhlaka1 kuNhlolanja kuya kuMbasa 1,"46:53:SL:COUNTRY,63:76:SL:DATE,82:91:SL:DATE",[IN:travel_notification [SL:COUNTRY Lesotho] [SL:DATE 1 kuNhlolanja] [SL:DATE kuMbasa 1] ]
travel,travel_notification,ngidinga ukwazisa ibhange lami ukuthi ngizoba nohambo lwaphesheya kwezilwandle ,,[IN:travel_notification ]
travel,travel_notification,ungatshela ibhange lami ukuthi ngizohambela amazwe ngamazwe maduze,,[IN:travel_notification ]
travel,travel_notification,Ngicela wazise ibhange lami mayelana nohambo lwami lwamazwe ngamazwe,,[IN:travel_notification ]
travel,travel_notification,"ngizophuma ezweni maduze, futhi ngifuna ukwazisa ibhange lami",,[IN:travel_notification ]
travel,travel_notification,ngiya ngaphandle kwezwe futhi ngidinga ukwazisa ibhange lami,,[IN:travel_notification ]
travel,travel_notification,ngitshele ibhange lami ukuthi ngizoya eCape Verde ,39:49:SL:COUNTRY,[IN:travel_notification [SL:COUNTRY Cape Verde] ]
travel,travel_notification,tshela ibhange lami ukuthi ngizoba seSwatini kule mpelasonto,36:44:SL:COUNTRY,[IN:travel_notification [SL:COUNTRY eSwatini] ]
travel,travel_notification,yazisa ibhange lami ukuthi ngiya eGabon,34:39:SL:COUNTRY,[IN:travel_notification [SL:COUNTRY Gabon] ]
travel,travel_notification,"yazisa ibhange lami ukuthi ngizoba seMaputo, eMozambique","37:43:SL:CITY_OR_PROVINCE,46:56:SL:COUNTRY",[IN:travel_notification [SL:CITY_OR_PROVINCE Maputo] [SL:COUNTRY Mozambique] ]
travel,travel_notification,ngitshele ibhange lami ukuthi ngizoya eMelika,38:45:SL:COUNTRY,[IN:travel_notification [SL:COUNTRY eMelika] ]
travel,travel_notification,ngiya eTanzania maduze futhi ngifisa ukwazisa ibhange lami ngalokhu,7:15:SL:COUNTRY,[IN:travel_notification [SL:COUNTRY Tanzania] ]
travel,travel_notification,ngilibangise eZambia maduze kanti futhi ngifuna ukwazisa ibhange lami,13:20:SL:COUNTRY,[IN:travel_notification [SL:COUNTRY eZambia] ]
travel,travel_notification,ngiya eMalawi maduze nje ngifuna ukwazisa ibhange lami,6:13:SL:COUNTRY,[IN:travel_notification [SL:COUNTRY eMalawi] ]
travel,travel_notification,ngizophinde ngiye eKenya maduze ngifuna nokakwazisa ibhange lami,18:24:SL:COUNTRY,[IN:travel_notification [SL:COUNTRY eKenya] ]
travel,travel_notification,Ngiya e-Ethopiya maduze futhi ngifuna ukwazisa ibhange lami,8:16:SL:COUNTRY,[IN:travel_notification [SL:COUNTRY Ethopiya] ]
travel,travel_notification,Ngazise Ibhange lami ukuthi ngohambo lwami lokuvakashela eNingizimu Afrika kusukela ngoNhlaba kuya ku-Mfumfu,"57:74:SL:COUNTRY,87:93:SL:DATE,102:108:SL:DATE",[IN:travel_notification [SL:COUNTRY eNingizimu Afrika] [SL:DATE Nhlaba] [SL:DATE Mfumfu] ]
travel,travel_notification,Ngilazisile ibhange lami ukuthi ngise-mexico kusuka ngoNcwaba 1 kuya ku-5 kuNcwaba,"38:44:SL:COUNTRY,52:82:SL:DATE",[IN:travel_notification [SL:COUNTRY mexico] [SL:DATE ngoNcwaba 1 kuya ku-5 kuNcwaba] ]
travel,travel_notification,Ngazisa ibhange lami ukuthi ngiya eMaseru kusukela ngoMbasa kuya kuMbasa,"35:41:SL:CITY_OR_PROVINCE,54:59:SL:DATE,67:72:SL:DATE",[IN:travel_notification [SL:CITY_OR_PROVINCE Maseru] [SL:DATE Mbasa] [SL:DATE Mbasa] ]
travel,travel_notification,Ngitshele isikhungo sami sezezimali ukuthi ngiya eMelika kusukela ngomhlaka-6 kuNcwaba kuya kumhlaka-5 Zibandlela,"50:56:SL:COUNTRY,76:86:SL:DATE,101:113:SL:DATE",[IN:travel_notification [SL:COUNTRY Melika] [SL:DATE 6 kuNcwaba] [SL:DATE 5 Zibandlela] ]
travel,travel_notification,Shayela ibhange ubatshele ukuthi ngiya eCameroon ngomhlaka 10 kuze kube umhla zingama-19,"39:48:SL:COUNTRY,49:61:SL:DATE",[IN:travel_notification [SL:COUNTRY eCameroon] [SL:DATE ngomhlaka 10] ]
travel,travel_notification,Ngazise ibhange lami ngizoba seDRC kusukela ngomhlaka 1 kuya kumhlaka 17,"31:34:SL:COUNTRY,47:55:SL:DATE,63:72:SL:DATE",[IN:travel_notification [SL:COUNTRY DRC] [SL:DATE mhlaka 1] [SL:DATE mhlaka 17] ]
travel,travel_notification,Tshela ibhange lami ngizobe ngiseLesotho kusukela ngomhlaka-8 kuya ku-25,"33:40:SL:COUNTRY,53:72:SL:DATE",[IN:travel_notification [SL:COUNTRY Lesotho] [SL:DATE mhlaka-8 kuya ku-25] ]
travel,travel_notification,Ngicela utshele ibhange lami ukuthi ngizoya eZimbabwe kusukela ngomhlaka-8 kuya ku-13,"45:53:SL:COUNTRY,66:85:SL:DATE",[IN:travel_notification [SL:COUNTRY Zimbabwe] [SL:DATE mhlaka-8 kuya ku-13] ]
travel,travel_notification,Yazisa ibhange ukuthi ngiya eMpumalanga ngomhlaka-5 kuze kube umhla zingama-10,"29:39:SL:CITY_OR_PROVINCE,43:51:SL:DATE,62:78:SL:DATE",[IN:travel_notification [SL:CITY_OR_PROVINCE Mpumalanga] [SL:DATE mhlaka-5] [SL:DATE umhla zingama-10] ]
travel,travel_notification,ngiya eKapa maduze futhi ngifuna ukwazisa ibhange lami,6:11:SL:CITY_OR_PROVINCE,[IN:travel_notification [SL:CITY_OR_PROVINCE eKapa] ]
travel,travel_notification,Xwayisa ibhange lami futhi ulazise ukuthi ngiya eLusaka,48:55:SL:CITY_OR_PROVINCE,[IN:travel_notification [SL:CITY_OR_PROVINCE eLusaka] ]
travel,travel_notification,yazisa ibhange ukuthi ukuthi ngiya e-Uganda  ,37:43:SL:COUNTRY,[IN:travel_notification [SL:COUNTRY Uganda] ]
travel,travel_notification,ngiya e-Botswana maduze futhi ngifuna ukwazisa ibhange lami,8:16:SL:COUNTRY,[IN:travel_notification [SL:COUNTRY Botswana] ]
travel,travel_notification,ngiya e-Namibia maduze nje futhi ngifuna nokwazisa ibhange lami,8:15:SL:COUNTRY,[IN:travel_notification [SL:COUNTRY Namibia] ]
travel,travel_notification,"Ngilibhekise eLiberia maduze, ngifuna nokwazisa ibhange lami",14:21:SL:COUNTRY,[IN:travel_notification [SL:COUNTRY Liberia] ]
travel,travel_notification,Bikela ibhange lami mayelana nohambo lwami oluya eMalawi,49:56:SL:COUNTRY,[IN:travel_notification [SL:COUNTRY eMalawi] ]
travel,travel_notification,Yazisa ibhange lami ukuthi ngiya eNamibia,34:41:SL:COUNTRY,[IN:travel_notification [SL:COUNTRY Namibia] ]
travel,travel_notification,Ngicela wazise ibhanga lami ngohambo lwami oluya e-Angola,51:57:SL:COUNTRY,[IN:travel_notification [SL:COUNTRY Angola] ]
travel,travel_notification,ngiya eBotswana maduze ngifuna nokwazisa ibhange lami ngalokho.,7:15:SL:COUNTRY,[IN:travel_notification [SL:COUNTRY Botswana] ]
travel,travel_notification,Iyiphi indlela yokwazisa ibhange lami mayelana ngohambo lwami oluya eLesothio,69:77:SL:COUNTRY,[IN:travel_notification [SL:COUNTRY Lesothio] ]
travel,travel_notification,iyiphi indlela engingazisa ngayo ibhange lami ngohambo lwami lwase Ethiopia?,67:75:SL:COUNTRY,[IN:travel_notification [SL:COUNTRY Ethiopia] ]
travel,travel_notification,Ngiya eSouth Sudan kungekudala. Ibhange lamo ngingalazisa kanjani ngalolu hambo?,7:18:SL:COUNTRY,[IN:travel_notification [SL:COUNTRY South Sudan] ]
travel,travel_notification,Ngingalazisa kanjani ibhange ngohambo lwami oluya eGibhithe,50:59:SL:COUNTRY,[IN:travel_notification [SL:COUNTRY eGibhithe] ]
travel,travel_notification,Ikhona indlela engingazisa ngayo ibhange lami ngohambo lwami lwaseNingizimu Afrika?,66:82:SL:COUNTRY,[IN:travel_notification [SL:COUNTRY Ningizimu Afrika] ]
travel,travel_notification,Ngizoba seZimbabwe kusukela ku Januwari kuya kuNcwaba. Ngicela ungazisele ibhange,"10:18:SL:COUNTRY,31:39:SL:DATE,47:53:SL:DATE",[IN:travel_notification [SL:COUNTRY Zimbabwe] [SL:DATE Januwari] [SL:DATE Ncwaba] ]
travel,travel_notification,Tshela ibhange lami ukuthi ngizoba seZambia ngoMasingana kuya kuNcwaba.,"47:56:SL:DATE,64:70:SL:DATE",[IN:travel_notification [SL:DATE Masingana] [SL:DATE Ncwaba] ]
travel,travel_notification,Ngicela ungazisele ibhange lami ukuthi ngizoba se-Eswatini kusuka ngoJanuwari kuya ku-Ncwaba,"50:58:SL:COUNTRY,69:77:SL:DATE,86:92:SL:DATE",[IN:travel_notification [SL:COUNTRY Eswatini] [SL:DATE Januwari] [SL:DATE Ncwaba] ]
travel,travel_notification,Ngicela wazise ibhange lami ukuthi ngizoya e-Lesotho kusukela ngomhlaka-1 kaNhlangulana kuya ku-1 kuNtulikazi,"45:52:SL:COUNTRY,62:87:SL:DATE,96:109:SL:DATE",[IN:travel_notification [SL:COUNTRY Lesotho] [SL:DATE ngomhlaka-1 kaNhlangulana] [SL:DATE 1 kuNtulikazi] ]
travel,travel_notification,Nicela ungazisele ebhange ukuthi ngizoba seMozambique kusukela ngomhlaka 1 kaNhlangulana kuya kumhlaka 1 kuNtulikazi,"43:53:SL:COUNTRY,73:88:SL:DATE,103:116:SL:DATE",[IN:travel_notification [SL:COUNTRY Mozambique] [SL:DATE 1 kaNhlangulana] [SL:DATE 1 kuNtulikazi] ]
kitchen_and_dining,restaurant_reviews,Ingabe ukubuyekezwa kweSpur Steak Ranches kuhle?,23:41:SL:RESTAURANT_NAME,[IN:restaurant_reviews [SL:RESTAURANT_NAME Spur Steak Ranches] ]
kitchen_and_dining,restaurant_reviews,Ingabe isibuyekezo sikaNando's siyancomeka?,23:30:SL:RESTAURANT_NAME,[IN:restaurant_reviews [SL:RESTAURANT_NAME Nando's] ]
travel,travel_notification,Bikela ibhange lami mayelana nohambo lwami oluya eMozambique,50:60:SL:COUNTRY,[IN:travel_notification [SL:COUNTRY Mozambique] ]
travel,travel_notification,Ngicela wazise ibhange lami ngizoba seDRC kusukela ngomhlaka 1 Nhlangulana kuya ku 1 kaNtulikazi,"38:41:SL:COUNTRY,61:74:SL:DATE,83:96:SL:DATE",[IN:travel_notification [SL:COUNTRY DRC] [SL:DATE 1 Nhlangulana] [SL:DATE 1 kaNtulikazi] ]
kitchen_and_dining,restaurant_reviews,Zinjani izibuyekezo zeMugg & Bean?,22:33:SL:RESTAURANT_NAME,[IN:restaurant_reviews [SL:RESTAURANT_NAME Mugg & Bean] ]
travel,travel_notification,Tshela ibhange lami ukuthi ngiya e-Kenya ezinsukwini ezingange nyanga yonke,35:40:SL:COUNTRY,[IN:travel_notification [SL:COUNTRY Kenya] ]
travel,travel_notification,Ngicela ukuthumele ibhange lami umyalezo wokuthi ngizobe ngise-Algeria kusukela ngomhlaka-14 ,"63:70:SL:COUNTRY,83:92:SL:DATE",[IN:travel_notification [SL:COUNTRY Algeria] [SL:DATE mhlaka-14] ]
travel,travel_notification,Ungakwazi yini ukwazisa engixhumene nabo ukuthi ngindiza ngendiza eya eThekwini ngesonto elizayo?,"70:79:SL:CITY_OR_PROVINCE,80:96:SL:DATE",[IN:travel_notification [SL:CITY_OR_PROVINCE eThekwini] [SL:DATE ngesonto elizayo] ]
travel,travel_notification,Ungakwazi yini ukwazisa wonke umuntu ukuthi ngisendleleni eya eGarden Route kusasa?,"63:75:SL:PLACE_NAME,76:82:SL:DATE",[IN:travel_notification [SL:PLACE_NAME Garden Route] [SL:DATE kusasa] ]
travel,travel_notification,Ngicela uthumele isaziso sokuvakasha sokuthi ngiya eKapa ngoLwesihlanu.,"51:56:SL:CITY_OR_PROVINCE,60:70:SL:DATE",[IN:travel_notification [SL:CITY_OR_PROVINCE eKapa] [SL:DATE Lwesihlanu] ]
travel,travel_notification,Ungakwazi yini ukwazisa abangani bami ukuthi ngiya eDrakensberg ngohambo lokuqwala izintaba ngoMgqibelo?,"52:63:SL:PLACE_NAME,95:103:SL:DATE",[IN:travel_notification [SL:PLACE_NAME Drakensberg] [SL:DATE Mgqibelo] ]
travel,travel_notification,Ungakwazi ukuthumela isibuyekezo sokuhamba sokuthi ngiya eSoweto ngoMsombuluko?,"57:64:SL:PLACE_NAME,65:78:SL:DATE",[IN:travel_notification [SL:PLACE_NAME eSoweto] [SL:DATE ngoMsombuluko] ]
travel,travel_notification,Ngicela wazise wonke umuntu ukuthi ngishayela e-Eastern Cape ngoLwesithathu oluzayo.,"48:60:SL:CITY_OR_PROVINCE,61:75:SL:DATE",[IN:travel_notification [SL:CITY_OR_PROVINCE Eastern Cape] [SL:DATE ngoLwesithathu] ]
travel,travel_notification,Ungakwazi yini ukwazisa engixhumana nabo ukuthi ngiya eWild Coast ukuyontweza ngoLwesine oluzayo?,"55:65:SL:PLACE_NAME,81:88:SL:DATE",[IN:travel_notification [SL:PLACE_NAME Wild Coast] [SL:DATE Lwesine] ]
travel,travel_notification,Ungakwazi ukuthumela isaziso sohambo sokuthi ngiya eKaroo ngempelasonto?,52:57:SL:PLACE_NAME,[IN:travel_notification [SL:PLACE_NAME Karoo] ]
travel,travel_notification,Ngicela wazise abangani bami ukuthi ngisazoya eGoli emsebenzini ngoMsombuluko.,"46:51:SL:CITY_OR_PROVINCE,67:77:SL:DATE",[IN:travel_notification [SL:CITY_OR_PROVINCE eGoli] [SL:DATE Msombuluko] ]
travel,travel_notification,Ungakwazi yini ukwazisa wonke umuntu ukuthi ngisendleleni eya eNyakatho Kapa ukuze ngiyozijabulisa ngoMgqibelo?,"63:76:SL:CITY_OR_PROVINCE,102:110:SL:DATE",[IN:travel_notification [SL:CITY_OR_PROVINCE Nyakatho Kapa] [SL:DATE Mgqibelo] ]
travel,travel_notification,Ungakwazi yini ukuthumela isibuyekezo sokuvakasha sokuthi ngiya eMpumalanga ngeSafari ngesonto elizayo?,"65:75:SL:CITY_OR_PROVINCE,86:102:SL:DATE",[IN:travel_notification [SL:CITY_OR_PROVINCE Mpumalanga] [SL:DATE ngesonto elizayo] ]
travel,travel_notification,Ngicela wazise engixhumana nabo ukuthi ngiya eWest Coast ngeholide ngoLwesihlanu.,"46:56:SL:PLACE_NAME,70:80:SL:DATE",[IN:travel_notification [SL:PLACE_NAME West Coast] [SL:DATE Lwesihlanu] ]
travel,travel_notification,Ungakwazi yini ukuthumela isaziso sohambo sokuthi ngindiza eBhayi ngomshado ngoLwesithathu?,"59:65:SL:CITY_OR_PROVINCE,79:90:SL:DATE",[IN:travel_notification [SL:CITY_OR_PROVINCE eBhayi] [SL:DATE Lwesithathu] ]
travel,travel_notification,Ungakwazi yini ukwazisa wonke umuntu ukuthi ngisendleleni eya eFreyistata ngefestivali ngoLwesine oluzayo?,"63:73:SL:CITY_OR_PROVINCE,90:97:SL:DATE",[IN:travel_notification [SL:CITY_OR_PROVINCE Freyistata] [SL:DATE Lwesine] ]
travel,travel_notification,Ngicela wazise abangani bami ukuthi ngindizela eKruger National Park kule mpelasonto.,48:68:SL:PLACE_NAME,[IN:travel_notification [SL:PLACE_NAME Kruger National Park] ]
travel,travel_notification,Ngicela wazise ibhange lami ukuthi ngizoya eNingizimu Afrika phakathi kuka 11 kuNtulikazi kuyaku 01 kuNcwaba,"44:60:SL:COUNTRY,75:89:SL:DATE,97:108:SL:DATE",[IN:travel_notification [SL:COUNTRY Ningizimu Afrika] [SL:DATE 11 kuNtulikazi] [SL:DATE 01 kuNcwaba] ]
travel,travel_notification,Ngicela wazise ibhange lami ukuthi ngizobe ngise Maseru kule mpelasonto. ,49:55:SL:CITY_OR_PROVINCE,[IN:travel_notification [SL:CITY_OR_PROVINCE Maseru] ]
travel,travel_notification,Ngidinga ukubikela ibhange lami ukuthi ngizobe ngiseMorocco ngempela  emva kwamahora ambalwa. ,52:59:SL:COUNTRY,[IN:travel_notification [SL:COUNTRY Morocco] ]
travel,travel_notification,Ngicela wazise ibhange lami ngohambo lwami lwase Gabon kusukela kuka 10 kuNhlangulana kuya 02 kaNtulikazi. ,"49:54:SL:COUNTRY,69:85:SL:DATE,91:105:SL:DATE",[IN:travel_notification [SL:COUNTRY Gabon] [SL:DATE 10 kuNhlangulana] [SL:DATE 02 kaNtulikazi] ]
travel,travel_notification,Qinisekisa ukuthi ibhange lami liyazi ngohambo lwami lwaseDRC ,58:61:SL:COUNTRY,[IN:travel_notification [SL:COUNTRY DRC] ]
travel,travel_notification,Ngizobe ngihambele izwe lase-Mauritius kusukela ngomhlaka 30 kaMfumfu kuya ku-10 kaLwezi. ,"29:38:SL:COUNTRY,58:69:SL:DATE,78:88:SL:DATE",[IN:travel_notification [SL:COUNTRY Mauritius] [SL:DATE 30 kaMfumfu] [SL:DATE 10 kaLwezi] ]
kitchen_and_dining,food_last,Yikuphi ukudla engikupheke kokugcina ngisebenzisa impuphu?,50:57:SL:DISH_OR_FOOD,[IN:food_last [SL:DISH_OR_FOOD impuphu] ]
kitchen_and_dining,food_last,Ungangikhumbuza isidlo sokugcina engasenza ngechakalaka?,46:55:SL:DISH_OR_FOOD,[IN:food_last [SL:DISH_OR_FOOD chakalaka] ]
kitchen_and_dining,food_last,Ngidinga ukwazi iresiphi yokugcina engiyisebenzisele ipapa.,53:58:SL:DISH_OR_FOOD,[IN:food_last [SL:DISH_OR_FOOD ipapa] ]
kitchen_and_dining,restaurant_reviews,"Ngicela, unginikeze impendulo mayelana ne-pasta e-Col'Cacchio.","42:47:SL:DISH_OR_FOOD,50:61:SL:RESTAURANT_NAME",[IN:restaurant_reviews [SL:DISH_OR_FOOD pasta] [SL:RESTAURANT_NAME Col'Cacchio] ]
kitchen_and_dining,restaurant_reviews,Bathini abantu ngeWimpy?,18:23:SL:RESTAURANT_NAME,[IN:restaurant_reviews [SL:RESTAURANT_NAME Wimpy] ]
kitchen_and_dining,food_last,Ngizama ukukhumbula iresiphi yokugcina ye-boerewors engayisebenzisa.,42:51:SL:DISH_OR_FOOD,[IN:food_last [SL:DISH_OR_FOOD boerewors] ]
kitchen_and_dining,food_last,Isiphi isidlo somdabu saseNingizimu Afrika engasipheka?,26:42:SL:COUNTRY,[IN:food_last [SL:COUNTRY Ningizimu Afrika] ]
kitchen_and_dining,food_last,Ungangitshela ngesidlo sokugcina engasenza ngesitambu nobhontshisi?,43:66:SL:DISH_OR_FOOD,[IN:food_last [SL:DISH_OR_FOOD ngesitambu nobhontshisi] ]
kitchen_and_dining,restaurant_reviews,Ingabe ukubuyekezwa kweMcDonald's kuhle noma kubi?,23:33:SL:RESTAURANT_NAME,[IN:restaurant_reviews [SL:RESTAURANT_NAME McDonald's] ]
kitchen_and_dining,restaurant_reviews,ULa Vignette unezinkanyezi ezingaki?,1:12:SL:RESTAURANT_NAME,[IN:restaurant_reviews [SL:RESTAURANT_NAME La Vignette] ]
kitchen_and_dining,food_last,Iyiphi into yokugcina engiyenzile nge-biltong?,38:45:SL:DISH_OR_FOOD,[IN:food_last [SL:DISH_OR_FOOD biltong] ]
kitchen_and_dining,food_last,Ungakwazi ukungikhumbuza iresiphi yokugcina engiyizame kumagazini wendawo?,,[IN:food_last ]
kitchen_and_dining,restaurant_reviews,Ingabe i-sushi yamukelwa kahle eYamato?,"9:14:SL:DISH_OR_FOOD,32:38:SL:RESTAURANT_NAME",[IN:restaurant_reviews [SL:DISH_OR_FOOD sushi] [SL:RESTAURANT_NAME Yamato] ]
kitchen_and_dining,food_last,Ngizama ukukhumbula imalva pudding yokugcina engiyenzile.,21:34:SL:DISH_OR_FOOD,[IN:food_last [SL:DISH_OR_FOOD malva pudding] ]
kitchen_and_dining,food_last,Ungakwazi ukungikhumbuza iresiphi yokugcina engiyizame encwadini yokupheka yaseNingizimu Afrika?,79:95:SL:COUNTRY,[IN:food_last [SL:COUNTRY Ningizimu Afrika] ]
kitchen_and_dining,food_last,Iyiphi isidlo engigcine ukusipheka ngenyama yentshe?,35:51:SL:DISH_OR_FOOD,[IN:food_last [SL:DISH_OR_FOOD ngenyama yentshe] ]
kitchen_and_dining,food_last,Ungangitshela ngokudla kokugcina engakwenza ngegwinya?,47:53:SL:DISH_OR_FOOD,[IN:food_last [SL:DISH_OR_FOOD gwinya] ]
kitchen_and_dining,food_last,Ngiphekeni ngoLwesibili olwedlule nge-boerewors?,"14:23:SL:DATE,38:47:SL:DISH_OR_FOOD",[IN:food_last [SL:DATE Lwesibili] [SL:DISH_OR_FOOD boerewors] ]
kitchen_and_dining,food_last,Ngikhumbuze nge-koeksister yokugcina engiyenzile.,16:26:SL:DISH_OR_FOOD,[IN:food_last [SL:DISH_OR_FOOD koeksister] ]
kitchen_and_dining,restaurant_reviews,Ingabe ama-pancake aseWimpy alungile?,"11:18:SL:DISH_OR_FOOD,22:27:SL:RESTAURANT_NAME",[IN:restaurant_reviews [SL:DISH_OR_FOOD pancake] [SL:RESTAURANT_NAME Wimpy] ]
kitchen_and_dining,food_last,Ngidinga ukwazi ukudla kokugcina engikupheke nge-rooibos.,49:56:SL:DISH_OR_FOOD,[IN:food_last [SL:DISH_OR_FOOD rooibos] ]
kitchen_and_dining,food_last,Ungakwazi ukungikhumbuza iresiphi yokugcina engiyisebenzisele i-melktert?,64:72:SL:DISH_OR_FOOD,[IN:food_last [SL:DISH_OR_FOOD melktert] ]
kitchen_and_dining,restaurant_reviews,Zinjani izibuyekezo zeMcDonald's?,22:32:SL:RESTAURANT_NAME,[IN:restaurant_reviews [SL:RESTAURANT_NAME McDonald's] ]
kitchen_and_dining,restaurant_reviews,Ngifuna ukwazi ukuthi izibuyekezo zikaMcDonald's zinjani.,38:48:SL:RESTAURANT_NAME,[IN:restaurant_reviews [SL:RESTAURANT_NAME McDonald's] ]
kitchen_and_dining,restaurant_reviews,Ingabe ukubuyekezwa kukaNando's kuhle?,24:31:SL:RESTAURANT_NAME,[IN:restaurant_reviews [SL:RESTAURANT_NAME Nando's] ]
kitchen_and_dining,food_last,Ungangitshela mayelana neresiphi yokugcina engiyizamile kubhulogi lendawo yokudla?,,[IN:food_last ]
kitchen_and_dining,food_last,Isiphi isidlo sokugcina engasilungisa nge-waterblommetjies?,42:58:SL:DISH_OR_FOOD,[IN:food_last [SL:DISH_OR_FOOD waterblommetjies] ]
kitchen_and_dining,food_last,Ngizama ukukhumbula i-kudu steak yokugcina engiyipheke.,22:32:SL:DISH_OR_FOOD,[IN:food_last [SL:DISH_OR_FOOD kudu steak] ]
kitchen_and_dining,food_last,Ungakwazi ukungikhumbuza iresiphi engigcine ukuyizama emdlalweni we-TV waseNingizimu Afrika?,"68:70:SL:SHOPPING_ITEM,75:91:SL:COUNTRY",[IN:food_last [SL:SHOPPING_ITEM TV] [SL:COUNTRY Ningizimu Afrika] ]
kitchen_and_dining,food_last,Isiphi isidlo engigcine ukusipheka namasi?,36:41:SL:DISH_OR_FOOD,[IN:food_last [SL:DISH_OR_FOOD amasi] ]
kitchen_and_dining,food_last,Ngidinga ukwazi ukudla kokugcina engikupheke ngewors.,48:52:SL:DISH_OR_FOOD,[IN:food_last [SL:DISH_OR_FOOD wors] ]
kitchen_and_dining,food_last,Ungakwazi ukungikhumbuza iresiphi yokugcina engayisebenzisela ipapa nomsobho?,62:76:SL:DISH_OR_FOOD,[IN:food_last [SL:DISH_OR_FOOD ipapa nomsobho] ]
kitchen_and_dining,food_last,Ngiphekeni ngoLwesithathu olwedlule ngama-boerewors?,"14:25:SL:DATE,42:51:SL:DISH_OR_FOOD",[IN:food_last [SL:DATE Lwesithathu] [SL:DISH_OR_FOOD boerewors] ]
kitchen_and_dining,food_last,Ngikhumbuze nge-braaibroodjie yokugcina engiyenzile.,16:29:SL:DISH_OR_FOOD,[IN:food_last [SL:DISH_OR_FOOD braaibroodjie] ]
kitchen_and_dining,restaurant_reviews,Ingabe iMcDonald's iyindawo enhle yokudla?,7:18:SL:RESTAURANT_NAME,[IN:restaurant_reviews [SL:RESTAURANT_NAME iMcDonald's] ]
kitchen_and_dining,food_last,Ungangitshela mayelana neresiphi yokugcina engiyizame kumpheki wendawo?,,[IN:food_last ]
kitchen_and_dining,food_last,Ikuphi ukudla engikuphekele emorogo?,,[IN:food_last ]
kitchen_and_dining,food_last,Ngizama ukukhumbula i-vetkoek yokugcina engiyenzile.,22:29:SL:DISH_OR_FOOD,[IN:food_last [SL:DISH_OR_FOOD vetkoek] ]
kitchen_and_dining,food_last,Ungakwazi ukungikhumbuza iresiphi yokugcina engiyisebenzisele i-potjiekos?,64:73:SL:DISH_OR_FOOD,[IN:food_last [SL:DISH_OR_FOOD potjiekos] ]
kitchen_and_dining,food_last,Ngenzeni ngoLwesine olwedlule nge-potluck?,12:19:SL:DATE,[IN:food_last [SL:DATE Lwesine] ]
kitchen_and_dining,restaurant_reviews,Uyazi ukuthi izilinganiso zinjani zeHussar Grill?,36:48:SL:RESTAURANT_NAME,[IN:restaurant_reviews [SL:RESTAURANT_NAME Hussar Grill] ]
kitchen_and_dining,food_last,Isiphi isidlo engigcine ukusipheka ngama-boerewors rolls?,41:56:SL:DISH_OR_FOOD,[IN:food_last [SL:DISH_OR_FOOD boerewors rolls] ]
kitchen_and_dining,food_last,Ungakwazi ukungikhumbuza iresiphi yokugcina engiyizame kumagazini wokudla wendawo?,,[IN:food_last ]
kitchen_and_dining,food_last,Yikuphi ukudla engangikuphekile no- koeksisters?,36:47:SL:DISH_OR_FOOD,[IN:food_last [SL:DISH_OR_FOOD koeksisters] ]
kitchen_and_dining,food_last,Ngidinga ukwazi ukudla kokugcina engikupheke ngomqwayiba.,48:56:SL:DISH_OR_FOOD,[IN:food_last [SL:DISH_OR_FOOD mqwayiba] ]
kitchen_and_dining,food_last,Ungakwazi ukungikhumbuza iresiphi yokugcina engiyisebenzisele ama-rusks?,66:71:SL:DISH_OR_FOOD,[IN:food_last [SL:DISH_OR_FOOD rusks] ]
kitchen_and_dining,restaurant_reviews,Zinjani izibuyekezo zeSimply Asia?,22:33:SL:RESTAURANT_NAME,[IN:restaurant_reviews [SL:RESTAURANT_NAME Simply Asia] ]
kitchen_and_dining,restaurant_reviews,Zinjani izibuyekezo zepizza ephezulu eRomans Pizza?,"22:27:SL:DISH_OR_FOOD,38:50:SL:RESTAURANT_NAME",[IN:restaurant_reviews [SL:DISH_OR_FOOD pizza] [SL:RESTAURANT_NAME Romans Pizza] ]
kitchen_and_dining,food_last,Iyiphi into yokugcina engayenza nge-chakalaka?,36:45:SL:DISH_OR_FOOD,[IN:food_last [SL:DISH_OR_FOOD chakalaka] ]
kitchen_and_dining,food_last,Ngizama ukukhumbula isidlo sokugcina saseNingizimu Afrika engasipheka.,41:57:SL:COUNTRY,[IN:food_last [SL:COUNTRY Ningizimu Afrika] ]
kitchen_and_dining,food_last,Ungangitshela ngokudla kokugcina engakwenza nge-mielie pap?,48:58:SL:DISH_OR_FOOD,[IN:food_last [SL:DISH_OR_FOOD mielie pap] ]
kitchen_and_dining,restaurant_reviews,Iyini isibuyekezo seBurger King?,20:31:SL:RESTAURANT_NAME,[IN:restaurant_reviews [SL:RESTAURANT_NAME Burger King] ]
kitchen_and_dining,food_last,"Ngifisa ukwazi, ibiyini iresiphi yokugcina ye-boerewors engayisebenzisa?",46:55:SL:DISH_OR_FOOD,[IN:food_last [SL:DISH_OR_FOOD boerewors] ]
kitchen_and_dining,food_last,Isiphi isidlo sokugcina engasipheka nge-chutney?,40:47:SL:DISH_OR_FOOD,[IN:food_last [SL:DISH_OR_FOOD chutney] ]
kitchen_and_dining,food_last,Ungakwazi ukungikhumbuza iresiphi yokugcina engiyizame encwadini yokupheka yasendaweni?,,[IN:food_last ]
kitchen_and_dining,restaurant_reviews,Ingabe izilinganiso ze-Hussar Grill zinhle?,23:35:SL:RESTAURANT_NAME,[IN:restaurant_reviews [SL:RESTAURANT_NAME Hussar Grill] ]
kitchen_and_dining,food_last,Ngidinga ukwazi ukudla kokugcina engikupheke ngepapa namawors.,,[IN:food_last ]
kitchen_and_dining,food_last,Ungakwazi ukungikhumbuza iresiphi yokugcina engiyisebenzisele igwinya nemince?,62:77:SL:DISH_OR_FOOD,[IN:food_last [SL:DISH_OR_FOOD igwinya nemince] ]
kitchen_and_dining,food_last,Ngiphekeni ngoLwesibili olwedlule ngomqwayiba?,"11:23:SL:DATE,34:45:SL:DISH_OR_FOOD",[IN:food_last [SL:DATE ngoLwesibili] [SL:DISH_OR_FOOD ngomqwayiba] ]
kitchen_and_dining,food_last,Ngikhumbuze nge-malva pudding yokugcina engiyenzile.,16:29:SL:DISH_OR_FOOD,[IN:food_last [SL:DISH_OR_FOOD malva pudding] ]
kitchen_and_dining,restaurant_reviews,Ikalwe kanjani i-lo mein e-Simply Asia?,"17:24:SL:DISH_OR_FOOD,27:38:SL:RESTAURANT_NAME",[IN:restaurant_reviews [SL:DISH_OR_FOOD lo mein] [SL:RESTAURANT_NAME Simply Asia] ]
kitchen_and_dining,food_last,Ngizama ukukhumbula i-tart yobisi yokugcina engiyenzile.,22:33:SL:DISH_OR_FOOD,[IN:food_last [SL:DISH_OR_FOOD tart yobisi] ]
kitchen_and_dining,food_last,Ungakwazi ukungikhumbuza iresiphi yokugcina engiyizamile kubhulogi lendawo yokudla?,,[IN:food_last ]
kitchen_and_dining,food_last,Isiphi isidlo sokugcina engasilungisa ngetiye le-rooibos?,49:56:SL:DISH_OR_FOOD,[IN:food_last [SL:DISH_OR_FOOD rooibos] ]
kitchen_and_dining,food_last,Ngidinga ukwazi ukudla kokugcina engikuphekile namasi.,,[IN:food_last ]
kitchen_and_dining,food_last,Ungakwazi ukungikhumbuza iresiphi yokugcina engiyisebenzisele i-waterblommetjie bredie?,64:86:SL:DISH_OR_FOOD,[IN:food_last [SL:DISH_OR_FOOD waterblommetjie bredie] ]
kitchen_and_dining,restaurant_reviews,Zibukeka kanjani lezo zibuyekezo zikaMcDonald's?,37:47:SL:RESTAURANT_NAME,[IN:restaurant_reviews [SL:RESTAURANT_NAME McDonald's] ]
kitchen_and_dining,restaurant_reviews,Zinhle kangakanani izilinganiso ze-La Colombe?,35:45:SL:RESTAURANT_NAME,[IN:restaurant_reviews [SL:RESTAURANT_NAME La Colombe] ]
kitchen_and_dining,restaurant_reviews,Kumnandi ukudla kwebuffet yaseCoastlands Hotel Musgrave?,30:55:SL:HOTEL_NAME,[IN:restaurant_reviews [SL:HOTEL_NAME Coastlands Hotel Musgrave] ]
kitchen_and_dining,food_last,Ungakwazi ukungitshela mayelana neresiphi yokugcina engiyizame kuhlelo lwe-TV lwasendaweni?,,[IN:food_last ]
kitchen_and_dining,food_last,Isiphi isidlo sokugcina engasilungisa nama-kaiings?,43:50:SL:DISH_OR_FOOD,[IN:food_last [SL:DISH_OR_FOOD kaiings] ]
kitchen_and_dining,food_last,Ngidinga ukwazi ukudla kokugcina engikupheke nemorogo.,47:53:SL:DISH_OR_FOOD,[IN:food_last [SL:DISH_OR_FOOD morogo] ]
kitchen_and_dining,food_last,Ungakwazi ukungikhumbuza iresiphi yokugcina engiyisebenzisele istywe pap?,63:72:SL:DISH_OR_FOOD,[IN:food_last [SL:DISH_OR_FOOD stywe pap] ]
kitchen_and_dining,food_last,Ngiphekeni ngoLwesithathu olwedlule ngechakalaka?,"14:35:SL:DATE,39:48:SL:DISH_OR_FOOD",[IN:food_last [SL:DATE Lwesithathu olwedlule] [SL:DISH_OR_FOOD chakalaka] ]
kitchen_and_dining,food_last,Ngikhumbuze ngomqulu wokugcina we-boerewors engawenza.,34:43:SL:DISH_OR_FOOD,[IN:food_last [SL:DISH_OR_FOOD boerewors] ]
kitchen_and_dining,food_last,Isiphi isidlo engigcine ukusipheka nge-biltong?,39:46:SL:DISH_OR_FOOD,[IN:food_last [SL:DISH_OR_FOOD biltong] ]
kitchen_and_dining,food_last,Ngizama ukukhumbula iresiphi yokugcina engiyisebenzisele i-potjiekos.,59:68:SL:DISH_OR_FOOD,[IN:food_last [SL:DISH_OR_FOOD potjiekos] ]
kitchen_and_dining,food_last,Ungangikhumbuza ukudla kokugcina engakwenza nge-pap en sous?,48:59:SL:DISH_OR_FOOD,[IN:food_last [SL:DISH_OR_FOOD pap en sous] ]
kitchen_and_dining,restaurant_reviews,Ngitshele mayelana nezibuyekezo ze-RocoMamas.,35:44:SL:RESTAURANT_NAME,[IN:restaurant_reviews [SL:RESTAURANT_NAME RocoMamas] ]
kitchen_and_dining,food_last,"Ngifisa ukwazi, ithini iresiphi yokugcina engayisebenzisa ye-bobotie?",61:68:SL:DISH_OR_FOOD,[IN:food_last [SL:DISH_OR_FOOD bobotie] ]
kitchen_and_dining,cook_time,Kuthatha isikhathi esingakanani ukupheka i-potjie kos emlilweni ovulekile?,43:53:SL:DISH_OR_FOOD,[IN:cook_time [SL:DISH_OR_FOOD potjie kos] ]
kitchen_and_dining,cook_time,Ungakwazi ukungitshela isikhathi sokupheka i-bobotie yendabuko?,45:52:SL:DISH_OR_FOOD,[IN:cook_time [SL:DISH_OR_FOOD bobotie] ]
kitchen_and_dining,cook_time,Yisiphi isikhathi esilinganiselwe sokupheka i-milk tart?,46:55:SL:DISH_OR_FOOD,[IN:cook_time [SL:DISH_OR_FOOD milk tart] ]
kitchen_and_dining,cook_time,Ngokuvamile kuthatha isikhathi esingakanani ukupheka isitambu nobhontshisi esitofini?,53:74:SL:DISH_OR_FOOD,[IN:cook_time [SL:DISH_OR_FOOD isitambu nobhontshisi] ]
kitchen_and_dining,cook_time,Ungakwazi yini ukunikeza isikhathi sokupheka se-snoek braai?,48:59:SL:DISH_OR_FOOD,[IN:cook_time [SL:DISH_OR_FOOD snoek braai] ]
kitchen_and_dining,cook_time,Sinini isikhathi sokupheka ichakalaka evamile yaseNingizimu Afrika?,"28:37:SL:DISH_OR_FOOD,50:66:SL:COUNTRY",[IN:cook_time [SL:DISH_OR_FOOD chakalaka] [SL:COUNTRY Ningizimu Afrika] ]
kitchen_and_dining,cook_time,Kufanele ngipheke isikhathi esingakanani i-malva pudding kuhhavini?,43:56:SL:DISH_OR_FOOD,[IN:cook_time [SL:DISH_OR_FOOD malva pudding] ]
kitchen_and_dining,cook_time,Ungangitshela isikhathi sokupheka i-vetkoek emafutheni ashisayo?,"36:43:SL:DISH_OR_FOOD,44:54:SL:DISH_OR_FOOD",[IN:cook_time [SL:DISH_OR_FOOD vetkoek] [SL:DISH_OR_FOOD emafutheni] ]
kitchen_and_dining,cook_time,Sithini isikhathi sokupheka i-boerewors roll kwi-braai?,30:44:SL:DISH_OR_FOOD,[IN:cook_time [SL:DISH_OR_FOOD boerewors roll] ]
kitchen_and_dining,cook_time,Kuthatha isikhathi esingakanani ukupheka i-potjiekos yendabuko phezu kwamalahle?,41:52:SL:DISH_OR_FOOD,[IN:cook_time [SL:DISH_OR_FOOD i-potjiekos] ]
kitchen_and_dining,cook_time,Ungakwazi yini ukunikeza isikhathi sokupheka i-tart yobisi yaseNingizimu Afrika?,"47:58:SL:DISH_OR_FOOD,63:79:SL:COUNTRY",[IN:cook_time [SL:DISH_OR_FOOD tart yobisi] [SL:COUNTRY Ningizimu Afrika] ]
kitchen_and_dining,cook_time,Singakanani isikhathi sokupheka sohlobo olujwayelekile lwaseNingizimu Afrika?,60:76:SL:COUNTRY,[IN:cook_time [SL:COUNTRY Ningizimu Afrika] ]
kitchen_and_dining,restaurant_reviews,Ingabe ukubuyekezwa okuhle kukaNandos ePavillion?,"31:37:SL:RESTAURANT_NAME,39:48:SL:PLACE_NAME",[IN:restaurant_reviews [SL:RESTAURANT_NAME Nandos] [SL:PLACE_NAME Pavillion] ]
kitchen_and_dining,cook_time,Ungakwazi ukungitshela isikhathi sokupheka ibhodwe ebhodweni lensimbi?,,[IN:cook_time ]
kitchen_and_dining,restaurant_reviews,Zinjani izibuyekezo ze-Koi?,23:26:SL:RESTAURANT_NAME,[IN:restaurant_reviews [SL:RESTAURANT_NAME Koi] ]
kitchen_and_dining,restaurant_reviews,Kunjani ukudla kwasePedros Chicken?,20:34:SL:RESTAURANT_NAME,[IN:restaurant_reviews [SL:RESTAURANT_NAME Pedros Chicken] ]
kitchen_and_dining,restaurant_reviews,Ingabe ukubuyekezwa kwe-Salsa Mexican Grill kuhle?,,[IN:restaurant_reviews ]
kitchen_and_dining,cook_time,Yisiphi isikhathi esilinganiselwe sokupheka se-traditional boerewors braai?,47:74:SL:DISH_OR_FOOD,[IN:cook_time [SL:DISH_OR_FOOD traditional boerewors braai] ]
kitchen_and_dining,cook_time,Kufanele ngipheke isikhathi esingakanani i-mielie pap esitofini?,43:53:SL:DISH_OR_FOOD,[IN:cook_time [SL:DISH_OR_FOOD mielie pap] ]
kitchen_and_dining,restaurant_reviews,Zinjani izibuyekezo zeTashas eSandton?,"22:28:SL:RESTAURANT_NAME,30:37:SL:PLACE_NAME",[IN:restaurant_reviews [SL:RESTAURANT_NAME Tashas] [SL:PLACE_NAME Sandton] ]
kitchen_and_dining,restaurant_reviews,Bathini abantu ngamanugu enkukhu kaChicken Licken?,"17:32:SL:DISH_OR_FOOD,35:49:SL:RESTAURANT_NAME",[IN:restaurant_reviews [SL:DISH_OR_FOOD amanugu enkukhu] [SL:RESTAURANT_NAME Chicken Licken] ]
kitchen_and_dining,restaurant_reviews,Zinjani izibuyekezo ze-Babylonstoren?,23:36:SL:PLACE_NAME,[IN:restaurant_reviews [SL:PLACE_NAME Babylonstoren] ]
kitchen_and_dining,restaurant_reviews,Ngibonise ukubuyekezwa kwamazambane athosiwe e-jalapeño amasha kwaSteers.,"25:55:SL:DISH_OR_FOOD,66:72:SL:RESTAURANT_NAME",[IN:restaurant_reviews [SL:DISH_OR_FOOD amazambane athosiwe e-jalapeño] [SL:RESTAURANT_NAME Steers] ]
kitchen_and_dining,restaurant_reviews,Ingabe i-Mediterranean Grill inezibuyekezo ezinhle?,9:28:SL:RESTAURANT_NAME,[IN:restaurant_reviews [SL:RESTAURANT_NAME Mediterranean Grill] ]
kitchen_and_dining,restaurant_reviews,"E-Yamato, injani i-sushi yabo?","2:8:SL:RESTAURANT_NAME,19:24:SL:DISH_OR_FOOD",[IN:restaurant_reviews [SL:RESTAURANT_NAME Yamato] [SL:DISH_OR_FOOD sushi] ]
travel,plug_type,Hlobo luni lwepulakii abayisebenzisayo eNingizimu Afrika?,40:56:SL:COUNTRY,[IN:plug_type [SL:COUNTRY Ningizimu Afrika] ]
travel,plug_type,Ingabe ngidinga isiguquli sepulaki lapho ngivakashela e-Puerto Rico?,56:67:SL:COUNTRY,[IN:plug_type [SL:COUNTRY Puerto Rico] ]
banking,pin_change,Angikhumbuli inombolo ye-PIN ekhadini lami.,,[IN:pin_change ]
banking,pin_change,Yenza i-PIN 1234 yami ye-akhawunti yami yokuhlola.,"12:16:SL:NUMBER,25:49:SL:ACCOUNT_TYPE",[IN:pin_change [SL:NUMBER 1234] [SL:ACCOUNT_TYPE akhawunti yami yokuhlola] ]
banking,pin_change,Angisayikhumbuli iPIN yami ye-akhawunti yami yase-FNB yasebhange.,50:53:SL:BANK_NAME,[IN:pin_change [SL:BANK_NAME FNB] ]
banking,pin_change,Ngifuna ukushintsha iPIN ye-akhawunti yami yokulondoloza ibe ngu-1234.,"28:56:SL:ACCOUNT_TYPE,65:69:SL:NUMBER",[IN:pin_change [SL:ACCOUNT_TYPE akhawunti yami yokulondoloza] [SL:NUMBER 1234] ]
travel,plug_type,Ingabe i-TV yami idinga isiguquli sesokhethi eNew York City?,45:59:SL:CITY_OR_PROVINCE,[IN:plug_type [SL:CITY_OR_PROVINCE eNew York City] ]
travel,plug_type,Ipulaki esetshenziswa eChina injani?,22:28:SL:COUNTRY,[IN:plug_type [SL:COUNTRY eChina] ]
travel,plug_type,Ingabe amapulaki ahlukile eBarcelona?,27:36:SL:CITY_OR_PROVINCE,[IN:plug_type [SL:CITY_OR_PROVINCE Barcelona] ]
travel,plug_type,Ingabe ngizodinga ukuthola isiguquli sepulaki lapho ngivakashela e-Guam?,67:71:SL:COUNTRY,[IN:plug_type [SL:COUNTRY Guam] ]
travel,plug_type,Hlobo luni lwezitolo ze-hertz abazisebenzisayo eNingizimu Afrika?,48:64:SL:COUNTRY,[IN:plug_type [SL:COUNTRY Ningizimu Afrika] ]
travel,plug_type,Iluphi uhlobo lwepulaki olusetshenziswa eCaribbean?,41:50:SL:COUNTRY,[IN:plug_type [SL:COUNTRY Caribbean] ]
travel,plug_type,EFrance badinga amasocket converters?,1:7:SL:COUNTRY,[IN:plug_type [SL:COUNTRY France] ]
travel,plug_type,Ngidinga ipulaki enjani uma ngivakasha eWales?,40:45:SL:COUNTRY,[IN:plug_type [SL:COUNTRY Wales] ]
travel,exchange_rate,Mangaki amarandi engingawashintsha ngamayen ayi-10?,"8:16:SL:CURRENCY,40:43:SL:CURRENCY,48:50:SL:NUMBER",[IN:exchange_rate [SL:CURRENCY amarandi] [SL:CURRENCY yen] [SL:NUMBER 10] ]
travel,exchange_rate,Yimalini amaphawundi angamashumi amabili esiliva ngamadola aseMelika?,"9:40:SL:MONEY,54:58:SL:CURRENCY,62:68:SL:COUNTRY",[IN:exchange_rate [SL:MONEY amaphawundi angamashumi amabili] [SL:CURRENCY dola] [SL:COUNTRY Melika] ]
kitchen_and_dining,restaurant_reviews,Zinhle kanganani izilinganiso zasePiggly Wiggly e Midlands?,"34:47:SL:RESTAURANT_NAME,50:58:SL:PLACE_NAME",[IN:restaurant_reviews [SL:RESTAURANT_NAME Piggly Wiggly] [SL:PLACE_NAME Midlands] ]
kitchen_and_dining,restaurant_reviews,Indawo yokudlela i-Elephant & Co isezingeni eliphezulu?,19:32:SL:RESTAURANT_NAME,[IN:restaurant_reviews [SL:RESTAURANT_NAME Elephant & Co] ]
kitchen_and_dining,restaurant_reviews,Abantu bacabangani ngePizza Boys?,22:32:SL:RESTAURANT_NAME,[IN:restaurant_reviews [SL:RESTAURANT_NAME Pizza Boys] ]
kitchen_and_dining,restaurant_reviews,Iyathandeka indawo yokudla iMochachos?,27:37:SL:RESTAURANT_NAME,[IN:restaurant_reviews [SL:RESTAURANT_NAME iMochachos] ]
kitchen_and_dining,food_last,Ngingakwazi ukuphuza ubisi engilugcine efrijini kusukela ngoLwesithathu?,"21:26:SL:DISH_OR_FOOD,57:71:SL:DATE",[IN:food_last [SL:DISH_OR_FOOD ubisi] [SL:DATE ngoLwesithathu] ]
kitchen_and_dining,food_last,Ngibe neyoghurt efrijini amaviki amabili. Ngabe isalungile ukudliwa?,"8:15:SL:DISH_OR_FOOD,25:40:SL:DATE",[IN:food_last [SL:DISH_OR_FOOD yoghurt] [SL:DATE amaviki amabili] ]
kitchen_and_dining,food_last,Ngitshele ukuthi utamatisi uzophelelwa isikhathi nini.,17:26:SL:DISH_OR_FOOD,[IN:food_last [SL:DISH_OR_FOOD utamatisi] ]
kitchen_and_dining,food_last,Koze kube nini ingulube yonakale efrijini?,15:23:SL:DISH_OR_FOOD,[IN:food_last [SL:DISH_OR_FOOD ingulube] ]
kitchen_and_dining,restaurant_reviews,Zinhle kangakanani izilinganiso zaseWine and Dine?,36:49:SL:RESTAURANT_NAME,[IN:restaurant_reviews [SL:RESTAURANT_NAME Wine and Dine] ]
kitchen_and_dining,restaurant_reviews,Ingabe banikeza ubreyani omnandi ku-buffet?,17:24:SL:DISH_OR_FOOD,[IN:restaurant_reviews [SL:DISH_OR_FOOD breyani] ]
travel,exchange_rate,I-USD kuya yen yini manje?,"2:5:SL:CURRENCY,11:14:SL:CURRENCY",[IN:exchange_rate [SL:CURRENCY USD] [SL:CURRENCY yen] ]
travel,exchange_rate,Ingakanani idola laseMlikea elilodwa eMexico?,"12:16:SL:CURRENCY,28:36:SL:NUMBER,38:44:SL:COUNTRY",[IN:exchange_rate [SL:CURRENCY dola] [SL:NUMBER elilodwa] [SL:COUNTRY Mexico] ]
travel,exchange_rate,Ngitshele amadola amahlanu kuya kwi-Euro kuyimalini?,"10:26:SL:MONEY,36:40:SL:CURRENCY",[IN:exchange_rate [SL:MONEY amadola amahlanu] [SL:CURRENCY Euro] ]
travel,exchange_rate,Ithini i-yen uma ngine-100 US dollars?,"9:12:SL:CURRENCY,23:26:SL:NUMBER,27:29:SL:COUNTRY,30:37:SL:CURRENCY",[IN:exchange_rate [SL:CURRENCY yen] [SL:NUMBER 100] [SL:COUNTRY US] [SL:CURRENCY dollars] ]
travel,exchange_rate,Kubiza malini ukuguqulwa kwemali phakathi kwama-ruble nampound?,"48:53:SL:CURRENCY,57:62:SL:CURRENCY",[IN:exchange_rate [SL:CURRENCY ruble] [SL:CURRENCY pound] ]
travel,exchange_rate,Ingabe idola linamandla uma liqhathaniswa ne-yen namuhla?,"8:12:SL:CURRENCY,45:48:SL:CURRENCY",[IN:exchange_rate [SL:CURRENCY dola] [SL:CURRENCY yen] ]
travel,exchange_rate,Mangaki ama-peso aseMexico anenani ledola laseMelika?,"12:16:SL:CURRENCY,20:26:SL:COUNTRY,37:41:SL:CURRENCY,46:52:SL:COUNTRY",[IN:exchange_rate [SL:CURRENCY peso] [SL:COUNTRY Mexico] [SL:CURRENCY dola] [SL:COUNTRY Melika] ]
travel,exchange_rate,Mangaki amarandi engingawashintsha nge-yen eyi-10000?,"11:16:SL:CURRENCY,39:42:SL:CURRENCY,47:52:SL:NUMBER",[IN:exchange_rate [SL:CURRENCY randi] [SL:CURRENCY yen] [SL:NUMBER 10000] ]
travel,exchange_rate,Kuyini ukuguqulwa kwamadola angama-500 kuya kuma-pesos?,"20:38:SL:MONEY,49:54:SL:CURRENCY",[IN:exchange_rate [SL:MONEY amadola angama-500] [SL:CURRENCY pesos] ]
travel,exchange_rate,Mangaki amarandi engingawashintsha ngama-ruble angu-5000?,"11:16:SL:CURRENCY,41:46:SL:CURRENCY,52:56:SL:NUMBER",[IN:exchange_rate [SL:CURRENCY randi] [SL:CURRENCY ruble] [SL:NUMBER 5000] ]
travel,exchange_rate,Yini amadola ayi-100 ngama-euro?,"8:12:SL:CURRENCY,17:20:SL:NUMBER,27:31:SL:CURRENCY",[IN:exchange_rate [SL:CURRENCY dola] [SL:NUMBER 100] [SL:CURRENCY euro] ]
travel,exchange_rate,Ungakwazi ukungitshela izinga lokushintshanisa i-yen kuma-euro?,"49:52:SL:CURRENCY,58:62:SL:CURRENCY",[IN:exchange_rate [SL:CURRENCY yen] [SL:CURRENCY euro] ]
travel,exchange_rate,Lithini izinga lokushintshisana phakathi kweNingizimu Afrika neJapan?,"44:60:SL:COUNTRY,63:68:SL:COUNTRY",[IN:exchange_rate [SL:COUNTRY Ningizimu Afrika] [SL:COUNTRY Japan] ]
kitchen_and_dining,restaurant_reviews,Ingabe i-Olive Grove inezibuyekezo ezihloniphekile?,9:20:SL:PLACE_NAME,[IN:restaurant_reviews [SL:PLACE_NAME Olive Grove] ]
kitchen_and_dining,restaurant_reviews,Abantu bayithanda kanjani i-sushi eJohn Dory's?,"28:33:SL:DISH_OR_FOOD,35:46:SL:RESTAURANT_NAME",[IN:restaurant_reviews [SL:DISH_OR_FOOD sushi] [SL:RESTAURANT_NAME John Dory's] ]
kitchen_and_dining,restaurant_reviews,Kumnandi ukudlwa kwase-Ocean Basket osebhishi eThewkini?,"23:35:SL:RESTAURANT_NAME,46:55:SL:CITY_OR_PROVINCE",[IN:restaurant_reviews [SL:RESTAURANT_NAME Ocean Basket] [SL:CITY_OR_PROVINCE eThewkini] ]
kitchen_and_dining,cook_time,Sinini isikhathi sokulungiselela ispaghetti?,34:43:SL:DISH_OR_FOOD,[IN:cook_time [SL:DISH_OR_FOOD spaghetti] ]
kitchen_and_dining,cook_time,Kuzongithatha isikhathi esingakanani ukwenza inkukhu ebhakiwe kuhhavini?,45:61:SL:DISH_OR_FOOD,[IN:cook_time [SL:DISH_OR_FOOD inkukhu ebhakiwe] ]
kitchen_and_dining,cook_time,Ama-brownies kufanele apheke isikhathi esingakanani?,4:12:SL:DISH_OR_FOOD,[IN:cook_time [SL:DISH_OR_FOOD brownies] ]
kitchen_and_dining,cook_time,Ukupheka isiteki isikhathi esingakanani?,9:16:SL:DISH_OR_FOOD,[IN:cook_time [SL:DISH_OR_FOOD isiteki] ]
kitchen_and_dining,cook_time,Ngidinga isikhathi esingakanani ukupheka isitshulu senyama yenkomo?,41:66:SL:DISH_OR_FOOD,[IN:cook_time [SL:DISH_OR_FOOD isitshulu senyama yenkomo] ]
kitchen_and_dining,cook_time,Mingaki imizuzu okufanele ngisethe i-alamu yalokhu kubhaka?,,[IN:cook_time ]
kitchen_and_dining,cook_time,Kuthatha isikhathi esingakanani ukubilisa iqanda?,42:48:SL:DISH_OR_FOOD,[IN:cook_time [SL:DISH_OR_FOOD iqanda] ]
kitchen_and_dining,cook_time,Kudingeka ukupheka isikhathi esingakanani ujeqe?,42:47:SL:DISH_OR_FOOD,[IN:cook_time [SL:DISH_OR_FOOD ujeqe] ]
kitchen_and_dining,cook_time,mingaki imizuzu kufanele ngibeke isidlo ikhekhe kuhhavini,40:47:SL:DISH_OR_FOOD,[IN:cook_time [SL:DISH_OR_FOOD ikhekhe] ]
kitchen_and_dining,cook_time,yisiphi isilinganiso sokupheka isikhathi sokupheka amaphiko,51:59:SL:DISH_OR_FOOD,[IN:cook_time [SL:DISH_OR_FOOD amaphiko] ]
kitchen_and_dining,cook_time,mingaki imizuzu okufanele ngisethe i-alamu kulokhu kubhaka,,[IN:cook_time ]
kitchen_and_dining,cook_time,Sicela ushayele umhlinzeki kagesi ukubika ukucisha.,,[IN:cook_time ]
kitchen_and_dining,cook_time,Ungashayela umasipala ubuze ngemikhawulo yamanzi?,,[IN:cook_time ]
utility,make_call,Ngidinga ukushayela umphakeli wegesi ukuhlela ukulethwa.,,[IN:make_call ]
utility,make_call,Sicela ushayele inkampani yekhebula ukuze ubuze mayelana nokuphazamiseka kwesevisi.,,[IN:make_call ]
utility,make_call,Ungakwazi yini ukushayela umhlinzeki we-inthanethi ukuxazulula inkinga?,,[IN:make_call ]
utility,make_call,Kudingeka ngishayele ibhange ukuze ngibuze mayelana nenkokhelo yebhili yezinsiza.,63:80:SL:BILL_TYPE,[IN:make_call [SL:BILL_TYPE yebhili yezinsiza] ]
utility,make_call,Sicela ushayele inkampani yomshwalense ukuze ubuyekeze imininingwane yepholisi.,,[IN:make_call ]
utility,make_call,Ungakwazi yini ukushayela inkampani yonogada ukubuza mayelana nesistimu ye-alamu?,,[IN:make_call ]
utility,make_call,Ngidinga ukushayela umasipala ucingo ukuze abike ngomgodi osemgwaqeni.,,[IN:make_call ]
utility,make_call,Sicela ushayele umnikazi wendawo ukuze ubike ukuvuza kwefulethi.,,[IN:make_call ]
utility,make_call,Ungakwazi yini ukushayela umenzeli wezindlu ukuze ubuze ngohlu lwezakhiwo?,,[IN:make_call ]
utility,make_call,Ngidinga ukushayela isikole ukubuza mayelana nenqubo yokubhalisa.,,[IN:make_call ]
utility,make_call,Sicela ushayele ihhovisi likadokotela ukuhlela i-aphoyintimenti.,,[IN:make_call ]
utility,make_call,Ungakwazi yini ukushayela ikhemisi ukuze ugcwalise kabusha incwadi kadokotela?,,[IN:make_call ]
utility,make_call,Ngidinga ukushayela umakhenikha ukuze ahlele isevisi yemoto.,,[IN:make_call ]
utility,make_call,Sicela ushayele udokotela wezilwane ukuhlela ukuhlolwa kwesilwane esifuywayo.,,[IN:make_call ]
utility,make_call,Ungakwazi yini ukushayela inkampani yezindiza ukuze ubuze ngeshejuli yendiza?,,[IN:make_call ]
utility,make_call,Ngidinga ukushayela ihhotela ukuze ngibhukhe.,,[IN:make_call ]
utility,make_call,Sicela ushayele indawo yokudlela ukuze ubhukhe ukudla kwakusihlwa.,47:65:SL:MEAL_PERIOD,[IN:make_call [SL:MEAL_PERIOD ukudla kwakusihlwa] ]
utility,make_call,Ungakwazi yini ukushayela umqhubi wezokuvakasha ukuze ubuze ngamaphakheji e-safari?,,[IN:make_call ]
utility,make_call,Ngidinga ukushayela inkampani yezokuvakasha ukuze ngibhukhe iphakheji yeholide.,,[IN:make_call ]
utility,make_call,Sicela ushayele isevisi yamatekisi ukuze ucele ukugitsheliswa ukuya esikhumulweni sezindiza.,,[IN:make_call ]
utility,make_call,Ungakwazi yini ukushayela inkampani eqashisa izimoto ukuze ubuze ngamarates?,,[IN:make_call ]
utility,make_call,Ngidinga ukushayela inkampani yebhasi ukubuza mayelana neshejuli.,,[IN:make_call ]
utility,make_call,Sicela ushayele isiteshi sesitimela ukuze ubuze ngezikhathi zesitimela.,,[IN:make_call ]
utility,make_call,Ungakwazi yini ukushayela isevisi ye-shuttle yesikhumulo sezindiza ukuze ucele ukulandwa?,,[IN:make_call ]
utility,make_call,Ngidinga ukushayela isevisi yezithunywa ukuze ngihlele ukulethwa kwephakheji.,,[IN:make_call ]
utility,make_call,Sicela ushayele ihhovisi leposi ukuze ubuze mayelana nokulethwa kweNhlabali.,,[IN:make_call ]
utility,make_call,Ungakwazi yini ukushayela umhlinzeki wenethiwekhi yeselula ukubuza ngohlelo lwedatha?,,[IN:make_call ]
utility,make_call,Ngidinga ukushayela inkampani yocingo ukuze ngibuze ngensizakalo yocingo lwasendlini.,,[IN:make_call ]
utility,make_call,Sicela ushayele inkampani yomshwalense ukubika ingozi yemoto.,,[IN:make_call ]
utility,make_call,Ungakwazi yini ukushayela usizo lomgwaqo ukuze ucele iloli elidonsayo?,,[IN:make_call ]
utility,make_call,Ngidinga ukushayela abezimo eziphuthumayo ukubika umlilo.,,[IN:make_call ]
utility,make_call,Sicela ushayele amaphoyisa ukubika ngokugqekezwa.,,[IN:make_call ]
utility,make_call,Ungakwazi yini ukushayela isevisi ye-ambulensi ukuze ucele usizo lwezokwelapha?,,[IN:make_call ]
utility,make_call,Ngidinga ukushayela udokotela ucingo ukuze ngibuze ngemiphumela yokuhlolwa.,,[IN:make_call ]
utility,make_call,Sicela ushayele udokotela wamazinyo ukuhlela isikhathi samazinyo.,,[IN:make_call ]
utility,make_call,Ungakwazi yini ukushayela udokotela wamehlo ukuhlela ukuhlolwa kwamehlo?,,[IN:make_call ]
utility,make_call,Ngidinga ukushayela ikhemisi ukuze ngibuze ngemithi.,,[IN:make_call ]
utility,make_call,Sicela ushayele isibhedlela ukuze ubuze mayelana namahora okuvakasha.,,[IN:make_call ]
utility,make_call,Ungakwazi yini ukushayela ikhaya labahlengikazi ukuze ubuze mayelana nezinsizakalo zokunakekela?,,[IN:make_call ]
utility,make_call,Kudingeka ngishayele isigodi sasemhlalaphansi ukuze ngibuze ngendawo yokuhlala.,21:45:SL:PLACE_NAME,[IN:make_call [SL:PLACE_NAME isigodi sasemhlalaphansi] ]
utility,make_call,Sicela ushayele isikhungo sokuhlunyeleliswa ukuze ubuze mayelana nezinsiza zokwelapha.,,[IN:make_call ]
utility,make_call,Ungakwazi yini ukushayela inhlangano esiza abantulayo ukuze ubuze mayelana nenqubo yokunikela?,,[IN:make_call ]
utility,make_call,Ngidinga ukushayela isikhungo somphakathi ukuze ngibuze ngemicimbi.,,[IN:make_call ]
utility,make_call,Sicela ushayele ibandla ukubuza ngezikhathi zenkonzo.,,[IN:make_call ]
utility,make_call,Ungakwazi yini ukushayela i-mosque ukuze ubuze ngezikhathi zomkhuleko?,,[IN:make_call ]
utility,make_call,Ngidinga ukubiza esinagogeni ngibuze ngezinkonzo zeSabatha.,,[IN:make_call ]
utility,make_call,Sicela ushayele ithempeli ukuze ubuze ngezinkonzo zokukhulekela.,,[IN:make_call ]
utility,make_call,Ungakwazi yini ukushayela umelaphi womoya ukuze ubuze mayelana nokubonisana?,,[IN:make_call ]
utility,make_call,Ngidinga ukushayela inyanga ukuze ngibuze ngamakhambi.,,[IN:make_call ]
utility,make_call,Sicela ushayele isikhungo samasiko ukuze ubuze ngemicimbi yamasiko.,,[IN:make_call ]
utility,make_call,Ungakwazi yini ukushayela imnyuziyamu ukuze ubuze ngalo mbukiso?,,[IN:make_call ]
utility,make_call,Kudingeka ngishayele igalari yezobuciko ukuze ngibuze ngeqoqo lobuciko.,,[IN:make_call ]
utility,make_call,Sicela ushayele umtapo wolwazi ukuze ubuze mayelana nokubolekwa kwezincwadi.,,[IN:make_call ]
utility,make_call,Ungakwazi yini ukushayela iklabhu yezemidlalo ukuze ubuze ngobulungu?,,[IN:make_call ]
utility,make_call,Ngidinga ukushayela isikhungo sokufaneleka ukuze ngibuze ngamakilasi ejimu.,,[IN:make_call ]
utility,make_call,Sicela ushayele i-swimming pool ukuze ubuze ngezifundo zokubhukuda.,,[IN:make_call ]
utility,make_call,Ungakwazi yini ukushayela inkundla yegalofu ukuze ubuze ngezikhathi ze-tee?,,[IN:make_call ]
utility,make_call,Ngidinga ukushayela inkundla yethenisi ukuze ngibuze mayelana nokubhukha kwasenkantolo.,,[IN:make_call ]
utility,make_call,Sicela ushayele iklabhu yekhilikithi ukuze ubuze mayelana nohlelo lomdlalo.,,[IN:make_call ]
utility,make_call,Ungakwazi yini ukushayela iklabhu yebhola lombhoxo ukuze ubuze ngezikhathi zokuqeqesha?,,[IN:make_call ]
utility,make_call,Kudingeka ngishayele ikilabhu yebhola ukuze ngibuze ngokubhaliswa.,,[IN:make_call ]
utility,make_call,Sicela ushayele iklabhu yezokusubatha ukuze ubuze ngemicimbi yethrekhi.,50:70:SL:CALENDAR_EVENT,[IN:make_call [SL:CALENDAR_EVENT ngemicimbi yethrekhi] ]
utility,make_call,Ungakwazi yini ukushayela iklabhu yamabhayisikili ukuze ubuze mayelana nemizila yamabhayisikili?,,[IN:make_call ]
utility,make_call,Ngidinga ukushayela iklabhu yokuqwala izintaba ukuze ngibuze mayelana nezindlela zokuhamba izintaba.,,[IN:make_call ]
utility,make_call,Sicela ushayele iklabhu yokubuka izinyoni ukuze ubuze mayelana nezindawo zokubukela izinyoni.,,[IN:make_call ]
utility,make_call,Ungakwazi yini ukushayela ithimba lezokongiwa kwemvelo ukuze ubuze ngamaphrojekthi okulondoloza imvelo?,,[IN:make_call ]
utility,make_call,Kudingeka ngishayele ithimba lezemvelo ukuze ngibuze mayelana nezinhlelo zezemvelo.,,[IN:make_call ]
utility,make_call,Sicela ushayele indawo yokulondoloza izilwane zasendle ukuze ubuze mayelana nokongiwa kwezilwane zasendle.,,[IN:make_call ]
utility,make_call,Ungakwazi yini ukushayela indawo yokukhosela izilwane ukuze ubuze mayelana nokutholwa kwezilwane?,,[IN:make_call ]
utility,make_call,Kudingeka ngishayele isaluni yokunakekela izilwane ukuze ngihlele ukulungiswa kwezilwane ezifuywayo.,,[IN:make_call ]
utility,make_call,Sicela ushayele indawo yokuhlala yezilwane ukuze ubuze mayelana nokugibela kwezilwane ezifuywayo.,,[IN:make_call ]
utility,make_call,Ungakwazi yini ukushayela isikole sokuqeqesha izilwane ezifuywayo ukuze ubuze mayelana nokuqeqeshwa kwezilwane ezifuywayo.,,[IN:make_call ]
utility,make_call,Kudingeka ngishayele umtholampilo wezilwane ukuze uhlele ukuhlolwa kwezilwane ezifuywayo.,,[IN:make_call ]
utility,make_call,Sicela ushayele isitolo sokudla kwezilwane ezifuywayo ukuze ubuze mayelana nokudla kwesilwane esifuywayo.,,[IN:make_call ]
utility,make_call,Ungakwazi yini ukubiza isilwane esifuywayo ngokuthi acce,,[IN:make_call ]
utility,make_call,Ungakwazi yini ukushayela isitolo sezinsiza zezilwane ezifuywayo ukuze ubuze ngezesekeli zezilwane ezifuywayo.,,[IN:make_call ]
utility,make_call,Ngidinga ukushayela inkampani yomshwalense wezilwane ezifuywayo ukubuza ngomshwalense wezilwane ezifuywayo.,,[IN:make_call ]
utility,make_call,Sicela ushayele isevisi yokuthutha izilwane ezifuywayo ukuze ubuze mayelana nokuthutha izilwane ezifuywayo.,,[IN:make_call ]
utility,make_call,Setha i-alamu ngo-6 ekuseni ngokugijima kwasekuseni.,"18:27:SL:TIME,40:51:SL:TIME",[IN:make_call [SL:TIME 6 ekuseni] [SL:TIME kwasekuseni] ]
utility,make_call,Ungangivusa ngo-7 ekuseni ngiye emsebenzini kusasa?,16:25:SL:TIME,[IN:make_call [SL:TIME 7 ekuseni] ]
utility,alarm,Sicela usethe i-alamu ngo-8 ekuseni lapho kuphuma isikole.,26:35:SL:TIME,[IN:alarm [SL:TIME 8 ekuseni] ]
utility,alarm,Ngivuse ngo-5 ekuseni ngendiza yangaphambi kwesikhathi.,12:21:SL:TIME,[IN:alarm [SL:TIME 5 ekuseni] ]
utility,alarm,Ungakwazi yini ukusetha i-alamu ngo-9 ekuseni yomhlangano?,36:45:SL:TIME,[IN:alarm [SL:TIME 9 ekuseni] ]
utility,alarm,Ngicela ungivuse ngo-6:30 a.m. ukuze ngihlole.,21:29:SL:TIME,[IN:alarm [SL:TIME 6:30 a.m] ]
utility,alarm,Setha i-alamu ngo-7:30 a.m. ukuze uthole isikhathi sikadokotela.,18:27:SL:TIME,[IN:alarm [SL:TIME 7:30 a.m.] ]
utility,alarm,Ngivuse ngo-5:30 a.m. ngohambo lokudoba.,12:21:SL:TIME,[IN:alarm [SL:TIME 5:30 a.m.] ]
utility,alarm,Ungakwazi yini ukusetha i-alamu ngo-8:30 a.m. uma uthenga?,36:44:SL:TIME,[IN:alarm [SL:TIME 8:30 a.m] ]
utility,alarm,Ngicela ungivuse ngo-7 ekuseni ngohambo lomgwaqo.,21:30:SL:TIME,[IN:alarm [SL:TIME 7 ekuseni] ]
utility,alarm,Setha i-alamu ngo-6 ekuseni ukuze uhambe ngezinyawo.,18:27:SL:TIME,[IN:alarm [SL:TIME 6 ekuseni] ]
utility,alarm,Ungakwazi ukungivusa ngo-5 ekuseni nge-game drive?,25:34:SL:TIME,[IN:alarm [SL:TIME 5 ekuseni] ]
utility,alarm,Sicela usethe i-alamu ngo-7:30 a.m. ye-safari.,26:34:SL:TIME,[IN:alarm [SL:TIME 7:30 a.m] ]
utility,alarm,Ngivuse ngo-6:30 a.m. ukuze ngigijime epaki.,12:20:SL:TIME,[IN:alarm [SL:TIME 6:30 a.m] ]
utility,alarm,Ungakwazi yini ukusetha i-alamu ngo-8 ekuseni yemakethe?,36:45:SL:TIME,[IN:alarm [SL:TIME 8 ekuseni] ]
utility,alarm,Ngicela ungivuse ngo-7:30 a.m. ngosuku lolwandle.,21:29:SL:TIME,[IN:alarm [SL:TIME 7:30 a.m] ]
utility,alarm,Setha i-alamu ngo-5:30 a.m. ukuze ubuke izinyoni.,18:27:SL:TIME,[IN:alarm [SL:TIME 5:30 a.m.] ]
utility,alarm,Ngivuse ngo-6 ekuseni ngohambo lwemvelo.,12:21:SL:TIME,[IN:alarm [SL:TIME 6 ekuseni] ]
utility,alarm,Ungakwazi yini ukusetha i-alamu ngo-7 ekuseni ukuze ukhuphuke intaba?,36:45:SL:TIME,[IN:alarm [SL:TIME 7 ekuseni] ]
utility,alarm,Ngicela ungivuse ngo-5:30 a.m. ukuze ngibukwe ukuphuma kwelanga.,21:30:SL:TIME,[IN:alarm [SL:TIME 5:30 a.m.] ]
utility,alarm,Setha i-alamu yango-6 ekuseni yenkonzo yesonto lokuqala.,20:29:SL:TIME,[IN:alarm [SL:TIME 6 ekuseni] ]
utility,alarm,Ngivuse ngo-7 ekuseni ngesidlo sasekuseni somndeni.,"12:21:SL:TIME,22:41:SL:MEAL_PERIOD",[IN:alarm [SL:TIME 7 ekuseni] [SL:MEAL_PERIOD ngesidlo sasekuseni] ]
utility,alarm,Ungakwazi yini ukusetha i-alamu ngo-8:30 a.m. wesidlo sesidlo?,36:45:SL:TIME,[IN:alarm [SL:TIME 8:30 a.m.] ]
utility,alarm,Ngicela ungivuse ngo 6 ekuseni ngomcimbi wesintu.,21:30:SL:TIME,[IN:alarm [SL:TIME 6 ekuseni] ]
utility,alarm,Setha i-alamu ngo-7 ekuseni yefestivali yamasiko.,18:27:SL:TIME,[IN:alarm [SL:TIME 7 ekuseni] ]
utility,alarm,Ngivuse ngo-5:30 a.m. ngomkhosi wosuku lwamagugu.,12:21:SL:TIME,[IN:alarm [SL:TIME 5:30 a.m.] ]
utility,alarm,Ungakwazi yini ukusetha i-alamu ngo-6 ekuseni ngeholide lomphakathi?,36:45:SL:TIME,[IN:alarm [SL:TIME 6 ekuseni] ]
utility,alarm,Ngicela ungivuse ngo-7 ekuseni ngicule iculo lesizwe.,21:30:SL:TIME,[IN:alarm [SL:TIME 7 ekuseni] ]
utility,alarm,Setha i-alamu ngo-8 ekuseni ngomcimbi wokuphakanyiswa kwefulegi.,18:27:SL:TIME,[IN:alarm [SL:TIME 8 ekuseni] ]
utility,alarm,Ngivuse ngo-6:30 a.m. ngomdanso wesintu.,12:21:SL:TIME,[IN:alarm [SL:TIME 6:30 a.m.] ]
utility,alarm,Ungakwazi yini ukusetha i-alamu ngo-7:30 a.m. ngesikhathi sokuxoxa indaba?,36:44:SL:TIME,[IN:alarm [SL:TIME 7:30 a.m] ]
utility,alarm,Ngicela ungivuse ngo 6 ekseni ngenzela isigubhu.,21:29:SL:TIME,[IN:alarm [SL:TIME 6 ekseni] ]
utility,alarm,Setha i-alamu ngo-5:30 a.m. yemakethe yezobuciko nemisebenzi yezandla.,18:27:SL:TIME,[IN:alarm [SL:TIME 5:30 a.m.] ]
utility,alarm,Ngivuse ngo-6 ekuseni ngiyocula ikhwaya.,12:21:SL:TIME,[IN:alarm [SL:TIME 6 ekuseni] ]
utility,alarm,Ungakwazi yini ukusetha i-alamu ngo-7 ekuseni yekhonsathi yomculo wesintu?,"36:45:SL:TIME,60:73:SL:MUSIC_GENRE",[IN:alarm [SL:TIME 7 ekuseni] [SL:MUSIC_GENRE mculo wesintu] ]
utility,alarm,Ngicela ungivuse ngo-5:30 a.m. ukuze ngidlale umdanso.,21:30:SL:TIME,[IN:alarm [SL:TIME 5:30 a.m.] ]
utility,alarm,Setha i-alamu ngo-6 ekuseni ukuze uthole umbukiso wamasiko.,18:27:SL:TIME,[IN:alarm [SL:TIME 6 ekuseni] ]
utility,alarm,Ngivuse ngo-7 ekuseni ngomdanso womhlanga.,12:21:SL:TIME,[IN:alarm [SL:TIME 7 ekuseni] ]
utility,alarm,Ungakwazi yini ukusetha i-alamu ngo-8 ekuseni ngomshado wesintu?,"36:45:SL:TIME,49:63:SL:CALENDAR_EVENT",[IN:alarm [SL:TIME 8 ekuseni] [SL:CALENDAR_EVENT mshado wesintu] ]
utility,alarm,Ngicela ungivuse ngo 6:30 ekuseni ngomcimbi wokuthwasa.,21:33:SL:TIME,[IN:alarm [SL:TIME 6:30 ekuseni] ]
utility,alarm,Setha i-alamu ngo-7:30 a.m. ngomcimbi wokusoka.,18:26:SL:TIME,[IN:alarm [SL:TIME 7:30 a.m] ]
utility,alarm,Ngivuse ngo 6 ekuseni ngomcimbi wamadlozi.,12:21:SL:TIME,[IN:alarm [SL:TIME 6 ekuseni] ]
utility,alarm,Ungakwazi yini ukusetha i-alamu ngo-7 ekuseni ukuze uthole ukubonisana kwesangoma?,36:45:SL:TIME,[IN:alarm [SL:TIME 7 ekuseni] ]
utility,alarm,Ngicela ungivuse ngo 5:30 ekuseni ngivakashele inyanga.,21:33:SL:TIME,[IN:alarm [SL:TIME 5:30 ekuseni] ]
utility,alarm,Setha i-alamu ngo-6 ekuseni ngomhlangano womphakathi.,18:27:SL:TIME,[IN:alarm [SL:TIME 6 ekuseni] ]
utility,alarm,Ngivuse ngo-7 ekuseni ngomhlangano wesigodi.,12:21:SL:TIME,[IN:alarm [SL:TIME 7 ekuseni] ]
utility,alarm,Ungakwazi yini ukusetha i-alamu ngo-8 ekuseni yomkhandlu wesizwe?,36:45:SL:TIME,[IN:alarm [SL:TIME 8 ekuseni] ]
utility,alarm,Ngicela ungivuse ngo 6:30 ekseni ngizothola ikheli lenduna.,21:32:SL:TIME,[IN:alarm [SL:TIME 6:30 ekseni] ]
utility,alarm,Beka inhlabamkhosi ngo-7:30 a.m. emhlanganweni wabadala.,23:31:SL:TIME,[IN:alarm [SL:TIME 7:30 a.m] ]
utility,alarm,Ngivuse ngo-6 ekuseni ngisebenzela umphakathi.,12:21:SL:TIME,[IN:alarm [SL:TIME 6 ekuseni] ]
utility,alarm,Ungakwazi yini ukusetha i-alamu ngo-7 a.m. ngomcimbi wenhlangano esiza abantulayo?,36:41:SL:TIME,[IN:alarm [SL:TIME 7 a.m] ]
utility,alarm,Ngicela ungivuse ngo-5:30 ekuseni ukuze ngihambe ngiqoqa imali.,21:33:SL:TIME,[IN:alarm [SL:TIME 5:30 ekuseni] ]
utility,alarm,Setha i-alamu ngo-6 a.m. yephrojekthi yamavolontiya.,18:23:SL:TIME,[IN:alarm [SL:TIME 6 a.m] ]
utility,alarm,Ngivuse ngo-7 ekuseni ngiyohlanza umphakathi.,12:21:SL:TIME,[IN:alarm [SL:TIME 7 ekuseni] ]
utility,alarm,Ungakwazi yini ukusetha i-alamu ngo-8 a.m. yekhishi lesobho?,36:42:SL:TIME,[IN:alarm [SL:TIME 8 a.m.] ]
utility,alarm,Ngicela ungivuse ngo-6:30 a.m. ukuze ngithole ukwabiwa kwamaphasela okudla.,21:30:SL:TIME,[IN:alarm [SL:TIME 6:30 a.m.] ]
utility,alarm,Setha i-alamu ngo-7:30 a.m. ekushayeleni izingubo.,"18:26:SL:TIME,41:49:SL:SHOPPING_ITEM",[IN:alarm [SL:TIME 7:30 a.m] [SL:SHOPPING_ITEM izingubo] ]
utility,alarm,Ngivuse ngo-6 ekuseni ukuze ngiyoshiya umnikelo wesikole.,12:21:SL:TIME,[IN:alarm [SL:TIME 6 ekuseni] ]
utility,alarm,Ungakwazi yini ukusetha i-alamu ngo-7 ekuseni ukuze uvakashele ikhaya lezintandane?,36:45:SL:TIME,[IN:alarm [SL:TIME 7 ekuseni] ]
utility,alarm,Ngicela ungivuse ngo-5:30 ekuseni ngivakashele abantu abadala.,21:33:SL:TIME,[IN:alarm [SL:TIME 5:30 ekuseni] ]
utility,alarm,Setha i-alamu yango-6 a.m. yosuku lwamavolontiya lasekhaya lezingane.,20:26:SL:TIME,[IN:alarm [SL:TIME 6 a.m.] ]
utility,alarm,Ngivuse ngo-7 ekuseni ngosuku lwevolontiya yendawo yokukhosela izilwane.,12:21:SL:TIME,[IN:alarm [SL:TIME 7 ekuseni] ]
utility,alarm,Ungakwazi yini ukusetha i-alamu ngo-8 ekuseni yokuhlanza imvelo?,36:45:SL:TIME,[IN:alarm [SL:TIME 8 ekuseni] ]
utility,alarm,Ngicela ungivuse ngo-6:30 ekuseni ngomcimbi wokutshala izihlahla.,21:33:SL:TIME,[IN:alarm [SL:TIME 6:30 ekuseni] ]
utility,alarm,Setha i-alamu ngo-7:30 a.m. yokuhlanza ulwandle.,18:26:SL:TIME,[IN:alarm [SL:TIME 7:30 a.m] ]
utility,alarm,Ngivuse ngo-6 ekuseni ukuze ngihlanze umfula.,12:21:SL:TIME,[IN:alarm [SL:TIME 6 ekuseni] ]
utility,alarm,Ungakwazi yini ukusetha i-alamu ngo-7 ekuseni yokuhlanza ipaki?,36:45:SL:TIME,[IN:alarm [SL:TIME 7 ekuseni] ]
utility,alarm,Ngicela ungivuse ngo-5:30 a.m. ukuze ngihlanze umgwaqo.,21:29:SL:TIME,[IN:alarm [SL:TIME 5:30 a.m] ]
utility,alarm,Setha i-alamu ngo-6 a.m. ngosuku lokuqoqwa kabusha.,18:24:SL:TIME,[IN:alarm [SL:TIME 6 a.m.] ]
utility,alarm,Ngivuse ngo-7 ekuseni ngomcimbi wokuvuselela kabusha i-e-waste.,12:21:SL:TIME,[IN:alarm [SL:TIME 7 ekuseni] ]
utility,alarm,Ungakwazi yini ukusetha i-alamu ngo-8 ekuseni ngedrayivu yokugaywa kabusha kwephepha?,36:45:SL:TIME,[IN:alarm [SL:TIME 8 ekuseni] ]
utility,alarm,Ngicela ungivuse ngo-6:30 a.m. ngohlelo lokugaywa kabusha kwepulasitiki.,21:30:SL:TIME,[IN:alarm [SL:TIME 6:30 a.m.] ]
utility,alarm,Setha i-alamu ngo-7:30 a.m. ngomkhankaso wokwenza kabusha ingilazi.,18:26:SL:TIME,[IN:alarm [SL:TIME 7:30 a.m] ]
utility,alarm,Ngivuse ngo-6 a.m. ngohlelo lokugaywa kabusha kwensimbi.,12:18:SL:TIME,[IN:alarm [SL:TIME 6 a.m.] ]
utility,alarm,Ungakwazi yini ukusetha i-alamu ngo-7 a.m. ngephrojekthi yokuvuselela izingubo?,36:42:SL:TIME,[IN:alarm [SL:TIME 7 a.m.] ]
utility,alarm,Ngicela ungivuse ngo-5:30 a.m. ukuze ngithole indawo yokusebenzela yokuhlanganisa imfucuza yokudla.,21:29:SL:TIME,[IN:alarm [SL:TIME 5:30 a.m] ]
utility,alarm,Setha i-alamu ngo-6 a.m. ngomboniso wokugaywa kabusha kukadoti wemvelo.,18:24:SL:TIME,[IN:alarm [SL:TIME 6 a.m.] ]
utility,alarm,Ngivuse ngo-7 ekuseni ngesemina yokuphila okuzinzile.,12:21:SL:TIME,[IN:alarm [SL:TIME 7 ekuseni] ]
utility,alarm,Ungakwazi yini ukusetha i-alamu ngo-8 a.m. ukuze uthole umbukiso wamandla avuselelekayo?,36:41:SL:TIME,[IN:alarm [SL:TIME 8 a.m] ]
utility,alarm,Ngicela ungivuse ngo-6:30 a.m. ukuze ngivakashele ohambweni oluluhlaza.,21:29:SL:TIME,[IN:alarm [SL:TIME 6:30 a.m] ]
utility,alarm,I-bunny chow kuleyo ndawo entsha eThekwini yayimangalisa!,"2:12:SL:DISH_OR_FOOD,33:42:SL:CITY_OR_PROVINCE",[IN:alarm [SL:DISH_OR_FOOD bunny chow] [SL:CITY_OR_PROVINCE eThekwini] ]
utility,alarm,Amaroli e-boerewors esiteshini se-braai stand ahlala esezingeni eliphezulu.,0:19:SL:DISH_OR_FOOD,[IN:alarm [SL:DISH_OR_FOOD Amaroli e-boerewors] ]
kitchen_and_dining,restaurant_reviews,I-bobotie engayidla endaweni yokudlela yase-Cape Malay yayimnandi kakhulu!,"2:9:SL:DISH_OR_FOOD,44:54:SL:RESTAURANT_NAME",[IN:restaurant_reviews [SL:DISH_OR_FOOD bobotie] [SL:RESTAURANT_NAME Cape Malay] ]
kitchen_and_dining,restaurant_reviews,I-braaied snoek enganginayo eKapa yayimnandi kakhulu.,"2:15:SL:DISH_OR_FOOD,28:33:SL:CITY_OR_PROVINCE",[IN:restaurant_reviews [SL:DISH_OR_FOOD braaied snoek] [SL:CITY_OR_PROVINCE eKapa] ]
kitchen_and_dining,restaurant_reviews,Ngincoma kakhulu ukuzama ama-potjiekos endaweni yokudlela yesintu yaseNingizimu Afrika.,"29:38:SL:DISH_OR_FOOD,70:86:SL:COUNTRY",[IN:restaurant_reviews [SL:DISH_OR_FOOD potjiekos] [SL:COUNTRY Ningizimu Afrika] ]
kitchen_and_dining,restaurant_reviews,Ipapa ne-vleis endaweni yokudlela yaselokishini kwakumnandi kakhulu!,0:14:SL:DISH_OR_FOOD,[IN:restaurant_reviews [SL:DISH_OR_FOOD Ipapa ne-vleis] ]
kitchen_and_dining,restaurant_reviews,Ama-koeksister ebhikawozi yasendaweni afanele ukuzama.,4:14:SL:DISH_OR_FOOD,[IN:restaurant_reviews [SL:DISH_OR_FOOD koeksister] ]
kitchen_and_dining,restaurant_reviews,I-biltong enganginayo emakethe yayingcono kakhulu engake nganambitha.,2:9:SL:DISH_OR_FOOD,[IN:restaurant_reviews [SL:DISH_OR_FOOD biltong] ]
kitchen_and_dining,restaurant_reviews,I-malva pudding esitolo sepulazi yayinobunkulunkulu!,2:15:SL:DISH_OR_FOOD,[IN:restaurant_reviews [SL:DISH_OR_FOOD malva pudding] ]
kitchen_and_dining,restaurant_reviews,Ama-vetkoek kanye nenyama egayiwe esitolo esiseceleni komgwaqo ayenelisa kakhulu.,"4:11:SL:DISH_OR_FOOD,18:33:SL:DISH_OR_FOOD",[IN:restaurant_reviews [SL:DISH_OR_FOOD vetkoek] [SL:DISH_OR_FOOD nenyama egayiwe] ]
kitchen_and_dining,restaurant_reviews,Isitambu nobhontshisi emkhosini wamasiko bekududuza kamnandi.,0:21:SL:DISH_OR_FOOD,[IN:restaurant_reviews [SL:DISH_OR_FOOD Isitambu nobhontshisi] ]
kitchen_and_dining,restaurant_reviews,I-melktert ebhikawozi yangikhumbuza iresiphi kagogo wami.,2:10:SL:DISH_OR_FOOD,[IN:restaurant_reviews [SL:DISH_OR_FOOD melktert] ]
kitchen_and_dining,restaurant_reviews,I-chakalaka kwi-braai yomndeni bekuyi-side dish efanelekile.,2:11:SL:DISH_OR_FOOD,[IN:restaurant_reviews [SL:DISH_OR_FOOD chakalaka] ]
kitchen_and_dining,restaurant_reviews,Inkukhu ye-peri-peri endaweni yokudlela yama-Portuguese ibikhotha umunwe kahle.,0:20:SL:DISH_OR_FOOD,[IN:restaurant_reviews [SL:DISH_OR_FOOD Inkukhu ye-peri-peri] ]
kitchen_and_dining,restaurant_reviews,Ipapa kanye nama-wors ngosuku lwe-braai ye-braai day bekuyiqiniso futhi enambitheka.,"0:21:SL:DISH_OR_FOOD,43:52:SL:CALENDAR_EVENT",[IN:restaurant_reviews [SL:DISH_OR_FOOD Ipapa kanye nama-wors] [SL:CALENDAR_EVENT braai day] ]
kitchen_and_dining,restaurant_reviews,I-boerewors pie ebhikawozi yayiyi-twist ejabulisayo kuhlobo lwakudala.,2:15:SL:DISH_OR_FOOD,[IN:restaurant_reviews [SL:DISH_OR_FOOD boerewors pie] ]
kitchen_and_dining,restaurant_reviews,Ngidinga isikhathi esingakanani ukulungisa inkukhu?,43:50:SL:DISH_OR_FOOD,[IN:restaurant_reviews [SL:DISH_OR_FOOD inkukhu] ]
kitchen_and_dining,restaurant_reviews,"I-potbrood enganginayo esitokisini sasepulazini yayifudumele futhi iqinile, njengekhaya.",2:10:SL:DISH_OR_FOOD,[IN:restaurant_reviews [SL:DISH_OR_FOOD potbrood] ]
kitchen_and_dining,cook_time,Amasamoosa athatha isikhathi esingakanani ukuwenza?,3:10:SL:DISH_OR_FOOD,[IN:cook_time [SL:DISH_OR_FOOD samoosa] ]
kitchen_and_dining,restaurant_reviews,Inyama yangaphakathi ithatha isikhathi esingakanani ukupheka?,0:20:SL:DISH_OR_FOOD,[IN:restaurant_reviews [SL:DISH_OR_FOOD Inyama yangaphakathi] ]
kitchen_and_dining,restaurant_reviews,I-roosterkoek enganginayo elolini lokudla kwakuwukudla okulula okumnandi.,2:13:SL:DISH_OR_FOOD,[IN:restaurant_reviews [SL:DISH_OR_FOOD roosterkoek] ]
kitchen_and_dining,cook_time,Isikhathi esingakanani ukwenza ipizza ku-microwave?,32:37:SL:DISH_OR_FOOD,[IN:cook_time [SL:DISH_OR_FOOD pizza] ]
kitchen_and_dining,restaurant_reviews,Ngifuna ukubhaka ama-brownies. Babhaka isikhathi esingakanani?,21:29:SL:DISH_OR_FOOD,[IN:restaurant_reviews [SL:DISH_OR_FOOD brownies] ]
kitchen_and_dining,cook_time,Ngingakwazi ukupheka uphuthu kwimizuzu eyi-15?,"21:28:SL:DISH_OR_FOOD,29:45:SL:TIME",[IN:cook_time [SL:DISH_OR_FOOD uphuthu] [SL:TIME kwimizuzu eyi-15] ]
kitchen_and_dining,cook_time,I-omlette ithatha isikhathi esingakanani ukuyenza?,2:9:SL:DISH_OR_FOOD,[IN:cook_time [SL:DISH_OR_FOOD omlette] ]
kitchen_and_dining,restaurant_reviews,Inyama yenyama endaweni yokudlela ibiphekwe ngendlela engiyithandayo.,0:6:SL:DISH_OR_FOOD,[IN:restaurant_reviews [SL:DISH_OR_FOOD Inyama] ]
kitchen_and_dining,restaurant_reviews,Ama-sosaties e-braai afakwe emanzini aphelele.,4:12:SL:DISH_OR_FOOD,[IN:restaurant_reviews [SL:DISH_OR_FOOD sosaties] ]
kitchen_and_dining,restaurant_reviews,Ngidinga isikhathi esingakanani ukupheka upelepele?,41:50:SL:DISH_OR_FOOD,[IN:restaurant_reviews [SL:DISH_OR_FOOD upelepele] ]
kitchen_and_dining,restaurant_reviews,Bheka isikhathi seresiphi salokhu.,,[IN:restaurant_reviews ]
kitchen_and_dining,cook_time,Igwinya lithoswa isikhathi esingakanani?,0:7:SL:DISH_OR_FOOD,[IN:cook_time [SL:DISH_OR_FOOD Igwinya] ]
kitchen_and_dining,cook_time,Kufanele ngibhake isikhathi esingakanani ama-brownies?,45:53:SL:DISH_OR_FOOD,[IN:cook_time [SL:DISH_OR_FOOD brownies] ]
kitchen_and_dining,restaurant_reviews,Ngipheka isiteki isikhathi esingakanani?,9:16:SL:DISH_OR_FOOD,[IN:restaurant_reviews [SL:DISH_OR_FOOD isiteki] ]
kitchen_and_dining,cook_time,Kufanele ngipheke isikhathi esingakanani isteki?,42:47:SL:DISH_OR_FOOD,[IN:cook_time [SL:DISH_OR_FOOD steki] ]
kitchen_and_dining,cook_time,Sithini isikhathi sokulungiselela iturkey erostiwe?,34:50:SL:DISH_OR_FOOD,[IN:cook_time [SL:DISH_OR_FOOD iturkey erostiwe] ]
kitchen_and_dining,cook_time,Ipotjiekos ithatha isikhathi esingakanani ukuphekwa?,0:10:SL:DISH_OR_FOOD,[IN:cook_time [SL:DISH_OR_FOOD Ipotjiekos] ]
kitchen_and_dining,cook_time,I-papa nenyama eyosiwe kuyashesha ukuvuthwa uma sizopheka kona?,2:22:SL:DISH_OR_FOOD,[IN:cook_time [SL:DISH_OR_FOOD papa nenyama eyosiwe] ]
kitchen_and_dining,restaurant_reviews,Ngisipheka isikhathi esingakanani lesi sidlo serayisi?,47:53:SL:DISH_OR_FOOD,[IN:restaurant_reviews [SL:DISH_OR_FOOD rayisi] ]
kitchen_and_dining,restaurant_reviews,Ama-noodle adinga isikhathi esingakanani ukupheka?,4:10:SL:DISH_OR_FOOD,[IN:restaurant_reviews [SL:DISH_OR_FOOD noodle] ]
kitchen_and_dining,cook_time,Sinini isikhathi sokulungiselela lesi sidlo?,,[IN:cook_time ]
travel,travel_notification,Tshela ibhange lami ukuthi ngithatha uhambo oluya eTurkey kusukela ngoJuni 3 kuya kuJulayi 4.,"51:57:SL:COUNTRY,70:76:SL:DATE,84:92:SL:DATE",[IN:travel_notification [SL:COUNTRY Turkey] [SL:DATE Juni 3] [SL:DATE Julayi 4] ]
banking,pin_change,Ngingathanda ukushintsha igama ku-akhawunti yekhadi lami lesikweletu.,,[IN:pin_change ]
kitchen_and_dining,food_last,Ngingakwazi ukugcina amaqanda isikhathi esingakanani efrijini?,21:29:SL:DISH_OR_FOOD,[IN:food_last [SL:DISH_OR_FOOD amaqanda] ]
kitchen_and_dining,food_last,Zingaki izinsuku ezingagcinwa ubisi?,30:35:SL:DISH_OR_FOOD,[IN:food_last [SL:DISH_OR_FOOD ubisi] ]
kitchen_and_dining,food_last,Ngabe inkukhu izokonakala uma ihlezi efrijini kusukela ngoMsombuluko?,"6:13:SL:DISH_OR_FOOD,58:68:SL:DATE",[IN:food_last [SL:DISH_OR_FOOD inkukhu] [SL:DATE Msombuluko] ]
kitchen_and_dining,food_last,Ngakho ngibe nepizza efrijini kusukela ngoMsombuluko. Ingabe kuphephile ukudla?,"15:20:SL:DISH_OR_FOOD,42:52:SL:DATE",[IN:food_last [SL:DISH_OR_FOOD pizza] [SL:DATE Msombuluko] ]
travel,travel_notification,Yazisa ibhange lami ukuthi ngizoya eBrazil kusukela ngoJuni 1 kuya kuJulayi 1.,"36:42:SL:COUNTRY,55:61:SL:DATE,69:77:SL:DATE",[IN:travel_notification [SL:COUNTRY Brazil] [SL:DATE Juni 1] [SL:DATE Julayi 1] ]
travel,travel_notification,Ngizoba seCanada kusukela ngo-Okthoba 23 kuya kuNovemba 2. Ngingakwazi ukwazisa ibhange lami?,"10:16:SL:COUNTRY,30:40:SL:DATE,48:57:SL:DATE",[IN:travel_notification [SL:COUNTRY Canada] [SL:DATE Okthoba 23] [SL:DATE Novemba 2] ]
kitchen_and_dining,food_last,Kulungile ukudla inkukhu engiyibeke efrijini ngoMsombuluko?,"17:24:SL:DISH_OR_FOOD,48:58:SL:DATE",[IN:food_last [SL:DISH_OR_FOOD inkukhu] [SL:DATE Msombuluko] ]
kitchen_and_dining,food_last,Ngingayigcina isikhathi esingakanani ipizza efrijini ngaphambi kokuthi ibe mbi?,38:43:SL:DISH_OR_FOOD,[IN:food_last [SL:DISH_OR_FOOD pizza] ]
kitchen_and_dining,food_last,Ngabe kuzolunga ukuthi ngidle iturkey yami esele kusukela ngoMsombuluko ihlezi efrijini?,"31:37:SL:DISH_OR_FOOD,61:71:SL:DATE",[IN:food_last [SL:DISH_OR_FOOD turkey] [SL:DATE Msombuluko] ]
kitchen_and_dining,food_last,Ubisi luthatha isikhathi esingakanani ukuthi libole?,0:5:SL:DISH_OR_FOOD,[IN:food_last [SL:DISH_OR_FOOD Ubisi] ]
banking,pay_bill,Ngicela ukukhokhela iDSTV nge-App yasebhange lami.,21:25:SL:BILL_TYPE,[IN:pay_bill [SL:BILL_TYPE DSTV] ]
kitchen_and_dining,restaurant_reviews,Ngifuna ukukhokha isikweletu sami samanzi.,18:41:SL:BILL_TYPE,[IN:restaurant_reviews [SL:BILL_TYPE isikweletu sami samanzi] ]
banking,pay_bill,Thenga ugesi ka-R150 nge-akhawunti yami yokonga.,"16:20:SL:MONEY,25:47:SL:ACCOUNT_TYPE",[IN:pay_bill [SL:MONEY R150] [SL:ACCOUNT_TYPE akhawunti yami yokonga] ]
kitchen_and_dining,food_last,Ngingayishiya isikhathi esingakanani ipizza efrijini?,38:43:SL:DISH_OR_FOOD,[IN:food_last [SL:DISH_OR_FOOD pizza] ]
kitchen_and_dining,restaurant_reviews,I-steak e-steakhouse yayiphekwe yaphelela.,"2:7:SL:DISH_OR_FOOD,10:20:SL:RESTAURANT_NAME",[IN:restaurant_reviews [SL:DISH_OR_FOOD steak] [SL:RESTAURANT_NAME steakhouse] ]
kitchen_and_dining,restaurant_reviews,Amasosa e-braai ayethambile futhi enambitheka.,,[IN:restaurant_reviews ]
kitchen_and_dining,restaurant_reviews,Yenza inkokhelo yemoto nge-akhawunti yami yokulondoloza.,27:55:SL:ACCOUNT_TYPE,[IN:restaurant_reviews [SL:ACCOUNT_TYPE akhawunti yami yokulondoloza] ]
kitchen_and_dining,restaurant_reviews,Ingabe kusaphephile ukudla ikhekhe alibhake ngoLwesine olwedlule?,"27:34:SL:DISH_OR_FOOD,47:54:SL:DATE",[IN:restaurant_reviews [SL:DISH_OR_FOOD ikhekhe] [SL:DATE Lwesine] ]
kitchen_and_dining,food_last,Libanjani uphuthu uma selibolile?,10:17:SL:DISH_OR_FOOD,[IN:food_last [SL:DISH_OR_FOOD uphuthu] ]
travel,plug_type,Ingabe ngizodinga ukuba nesiguquli sepulaki lapho ngivakashela eMadrid?,63:70:SL:CITY_OR_PROVINCE,[IN:plug_type [SL:CITY_OR_PROVINCE eMadrid] ]
kitchen_and_dining,restaurant_reviews,Yiziphi izinhlobo zikagesi abazisebenzisayo eNingizimu Afrika?,45:61:SL:COUNTRY,[IN:restaurant_reviews [SL:COUNTRY Ningizimu Afrika] ]
travel,plug_type,Kujwayelekile yini ukuthi izindawo zokuhlala zaseNingizimu Afrika zibe namasokhethi opulaki universal plug?,49:65:SL:COUNTRY,[IN:plug_type [SL:COUNTRY Ningizimu Afrika] ]
travel,plug_type,Iyiphi ipulaki esetshenziswa eJapan?,29:35:SL:COUNTRY,[IN:plug_type [SL:COUNTRY eJapan] ]
travel,plug_type,Hlobo luni lwepulaki engiludinga eNingizimu Afrika?,34:50:SL:COUNTRY,[IN:plug_type [SL:COUNTRY Ningizimu Afrika] ]
travel,plug_type,Ngabe ngidinga i-adaptha yamapulaki amathathu yaseNingizimu Afrika?,50:66:SL:COUNTRY,[IN:plug_type [SL:COUNTRY Ningizimu Afrika] ]
kitchen_and_dining,restaurant_reviews,Hlobo luni lwepulaki olusetshenziswa eNgilandi?,37:46:SL:COUNTRY,[IN:restaurant_reviews [SL:COUNTRY eNgilandi] ]
kitchen_and_dining,restaurant_reviews,Hlobo luni lwamasokhethi olusetshenziswa i-US?,43:45:SL:COUNTRY,[IN:restaurant_reviews [SL:COUNTRY US] ]
travel,plug_type,Kujwayelekile yini ukuthi izindawo zokuhlala zaseNingizimu Afrika zibe namasokhethi amapulaki universal plug?,49:65:SL:COUNTRY,[IN:plug_type [SL:COUNTRY Ningizimu Afrika] ]
banking,pin_change,Ngikhohlwe inombolo yami yePIN ye-akhawunti yami yasebhange yenhlangano yezikweletu. Ungakwazi ukusiza?,,[IN:pin_change ]
banking,pin_change,Ngingathanda ukushintsha igama ku-akhawunti yami ye-First National Bank.,52:71:SL:BANK_NAME,[IN:pin_change [SL:BANK_NAME First National Bank] ]
banking,pin_change,Nginenkinga yokukhumbula inombolo eyimfihlo ekhadini lami.,,[IN:pin_change ]
banking,pin_change,Enza okuthi 1234 kube i-PIN entsha ye-akhawunti yami yokonga.,"12:16:SL:NUMBER,38:60:SL:ACCOUNT_TYPE",[IN:pin_change [SL:NUMBER 1234] [SL:ACCOUNT_TYPE akhawunti yami yokonga] ]
banking,pin_change,Ngidinga inombolo yami eyimfihlo ye-akhawunti yami yakwa-Standard Bank futhi angisayikhumbuli.,57:70:SL:BANK_NAME,[IN:pin_change [SL:BANK_NAME Standard Bank] ]
banking,pin_change,Shintsha i-PIN ku-akhawunti yami yokonga ibe ngu-1234.,"18:40:SL:ACCOUNT_TYPE,49:53:SL:NUMBER",[IN:pin_change [SL:ACCOUNT_TYPE akhawunti yami yokonga] [SL:NUMBER 1234] ]
banking,pin_change,Inombolo ye-PIN ekhadini lami isikhohliwe.,,[IN:pin_change ]
banking,pin_change,Ungakwazi yini ukwenza 1234 iphinikhodi ye-akhawunti yami yokonga?,"23:27:SL:NUMBER,43:65:SL:ACCOUNT_TYPE",[IN:pin_change [SL:NUMBER 1234] [SL:ACCOUNT_TYPE akhawunti yami yokonga] ]
banking,pin_change,Ngingakwazi yini ukushintsha iPIN yami uma ngingenayo i-ID yami?,,[IN:pin_change ]
banking,pin_change,Yenza 1234 iphinikhodi ku-akhawunti yami yokonga.,"6:10:SL:NUMBER,26:48:SL:ACCOUNT_TYPE",[IN:pin_change [SL:NUMBER 1234] [SL:ACCOUNT_TYPE akhawunti yami yokonga] ]
banking,pin_change,Ngingathanda ukushintsha inombolo ye-PIN ku-akhawunti yami ye-Nedbank.,62:69:SL:BANK_NAME,[IN:pin_change [SL:BANK_NAME Nedbank] ]
banking,pin_change,Ngingakwazi ukushintsha iPIN yekhadi lami ledebhithi ku-inthanethi?,,[IN:pin_change ]
kitchen_and_dining,food_last,Ngine-pizza efrijini kusukela ngoMsombuluko. Ingabe kuphephile ukudla?,"6:11:SL:DISH_OR_FOOD,33:43:SL:DATE",[IN:food_last [SL:DISH_OR_FOOD pizza] [SL:DATE Msombuluko] ]
travel,plug_type,Ingabe izindawo zokuphehla ugesi eNingizimu Afrika ziyefana nabase-UK?,"34:50:SL:COUNTRY,67:69:SL:COUNTRY",[IN:plug_type [SL:COUNTRY Ningizimu Afrika] [SL:COUNTRY UK] ]
travel,plug_type,Ngingakwazi ukusebenzisa ipulaki enamaphini amabili eNingizimu Afrika?,53:69:SL:COUNTRY,[IN:plug_type [SL:COUNTRY Ningizimu Afrika] ]
travel,plug_type,Ingabe i-adaptha yepulaki yomhlaba wonke ifanele izitolo zaseNingizimu Afrika?,61:77:SL:COUNTRY,[IN:plug_type [SL:COUNTRY Ningizimu Afrika] ]
travel,plug_type,Ingabe kufanele ngiphathe i-adaptha yokuhamba yamasokhethi kagesi aseNingizimu Afrika?,69:85:SL:COUNTRY,[IN:plug_type [SL:COUNTRY Ningizimu Afrika] ]
travel,plug_type,Hlobo luni lwe-adaptha yamandla okufanele ngilutholele iNingizimu Afrika?,56:72:SL:COUNTRY,[IN:plug_type [SL:COUNTRY Ningizimu Afrika] ]
travel,plug_type,Ingabe zikhona izinhlobo ezithile zamapulaki ezisetshenziswa eNingizimu Afrika?,62:78:SL:COUNTRY,[IN:plug_type [SL:COUNTRY Ningizimu Afrika] ]
travel,plug_type,Ingabe ngidinga i-voltage converter yezitolo zaseNingizimu Afrika?,49:65:SL:COUNTRY,[IN:plug_type [SL:COUNTRY Ningizimu Afrika] ]
travel,plug_type,Ngabe ipulaki yami yase-Europe izosebenza eNingizimu Afrika?,43:59:SL:COUNTRY,[IN:plug_type [SL:COUNTRY Ningizimu Afrika] ]
travel,plug_type,Ngingakwazi ukusebenzisa ipulaki yase-US eNingizimu Afrika?,"38:40:SL:COUNTRY,42:58:SL:COUNTRY",[IN:plug_type [SL:COUNTRY US] [SL:COUNTRY Ningizimu Afrika] ]
travel,plug_type,Ingabe kukhona ukucatshangelwa okukhethekile kwemishini yokushaja eNingizimu Afrika?,67:83:SL:COUNTRY,[IN:plug_type [SL:COUNTRY Ningizimu Afrika] ]
travel,plug_type,Hlobo luni lwepulaki olusetshenziswa emahhotela aseNingizimu Afrika?,51:67:SL:COUNTRY,[IN:plug_type [SL:COUNTRY Ningizimu Afrika] ]
travel,plug_type,Ingabe kufanele ngipakishe i-adaptha yepulaki yohambo lwami lokuya eNingizimu Afrika?,68:84:SL:COUNTRY,[IN:plug_type [SL:COUNTRY Ningizimu Afrika] ]
travel,plug_type,Ngingakwazi ukushaja ifoni yami ngepulaki evamile yaseNingizimu Afrika?,54:70:SL:COUNTRY,[IN:plug_type [SL:COUNTRY Ningizimu Afrika] ]
travel,plug_type,Ingabe amasokhethi kagesi eNingizimu Afrika ahlukile kunawamanye amazwe?,27:43:SL:COUNTRY,[IN:plug_type [SL:COUNTRY Ningizimu Afrika] ]
travel,plug_type,Ngabe ngidinga ukuthenga i-adaptha yepulaki ngaphambi kokuvakashela eNingizimu Afrika?,69:85:SL:COUNTRY,[IN:plug_type [SL:COUNTRY Ningizimu Afrika] ]
travel,plug_type,Ngingakwazi ukusebenzisa ipulaki yami yase-Australia eNingizimu Afrika?,"43:52:SL:COUNTRY,54:70:SL:COUNTRY",[IN:plug_type [SL:COUNTRY Australia] [SL:COUNTRY Ningizimu Afrika] ]
travel,plug_type,Angakanani amandla kagesi eziteshini zikagesi eNingizimu Afrika?,47:63:SL:COUNTRY,[IN:plug_type [SL:COUNTRY Ningizimu Afrika] ]
travel,plug_type,Ingabe kufanele ngize nentambo kagesi eNingizimu Afrika?,39:55:SL:COUNTRY,[IN:plug_type [SL:COUNTRY Ningizimu Afrika] ]
travel,plug_type,Ingabe kulula ukuthola ama-adaptha amapulaki eNingizimu Afrika?,46:62:SL:COUNTRY,[IN:plug_type [SL:COUNTRY Ningizimu Afrika] ]
travel,plug_type,Ingabe izikhumulo zezindiza zaseNingizimu Afrika zineziteshi zokushaja zezinhlobo ezahlukene zamapulaki?,32:48:SL:COUNTRY,[IN:plug_type [SL:COUNTRY Ningizimu Afrika] ]
travel,plug_type,Ngingakwazi ukusebenzisa ipulaki ye-USB eNingizimu Afrika ukuze ngishaje izisetshenziswa zami?,41:57:SL:COUNTRY,[IN:plug_type [SL:COUNTRY Ningizimu Afrika] ]
travel,plug_type,Ingabe akhona amathiphu okuphepha okusebenzisa ama-adaptha amapulaki eNingizimu Afrika?,70:86:SL:COUNTRY,[IN:plug_type [SL:COUNTRY Ningizimu Afrika] ]
travel,plug_type,Ingabe kufanele ngilethe ama-adaptha amapulaki amaningi kumadivayisi ami?,,[IN:plug_type ]
travel,plug_type,Ngingakwazi ukushaja ikhompuyutha yami ephathekayo nge-adaptha yepulaki yaseNingizimu Afrika?,"21:33:SL:SHOPPING_ITEM,76:92:SL:COUNTRY",[IN:plug_type [SL:SHOPPING_ITEM ikhompuyutha] [SL:COUNTRY Ningizimu Afrika] ]
travel,plug_type,Ingabe amahhotela aseNingizimu Afrika anikezela ngama-adaptha epulaki ezivakashini?,21:37:SL:COUNTRY,[IN:plug_type [SL:COUNTRY Ningizimu Afrika] ]
travel,plug_type,Ingabe kujwayelekile ukuhlangana nezinhlobo ezahlukene zamapulaki eNingizimu Afrika?,67:83:SL:COUNTRY,[IN:plug_type [SL:COUNTRY Ningizimu Afrika] ]
travel,plug_type,Ngingakwazi ukusebenzisa i-travel surge protector ene-adaptha yepulaki yaseNingizimu Afrika?,75:91:SL:COUNTRY,[IN:plug_type [SL:COUNTRY Ningizimu Afrika] ]
travel,plug_type,Ingabe ikhona imikhawulo ekusebenziseni ama-adaptha amapulaki eNingizimu Afrika?,63:79:SL:COUNTRY,[IN:plug_type [SL:COUNTRY Ningizimu Afrika] ]
travel,plug_type,Ngingakwazi ukusebenzisa i-adaptha yepulaki yase-UK eNingizimu Afrika?,"49:51:SL:COUNTRY,53:69:SL:COUNTRY",[IN:plug_type [SL:COUNTRY UK] [SL:COUNTRY Ningizimu Afrika] ]
travel,plug_type,Ingabe kufanele ngipakishe ibhange lamandla ohambo lwami lokuya eNingizimu Afrika?,65:81:SL:COUNTRY,[IN:plug_type [SL:COUNTRY Ningizimu Afrika] ]
travel,plug_type,Ingabe izitimela zaseNingizimu Afrika zinawo amapulaki amasokhethi abagibeli?,21:37:SL:COUNTRY,[IN:plug_type [SL:COUNTRY Ningizimu Afrika] ]
travel,plug_type,Ngingakwazi ukushaja ibhethri lekhamera yami nge-adaptha yepulaki yaseNingizimu Afrika?,70:86:SL:COUNTRY,[IN:plug_type [SL:COUNTRY Ningizimu Afrika] ]
travel,plug_type,Ingabe ukhona umehluko phakathi kwama-adaptha amapulaki ezifundeni ezahlukene zaseNingizimu Afrika?,82:98:SL:COUNTRY,[IN:plug_type [SL:COUNTRY Ningizimu Afrika] ]
travel,plug_type,Ingabe kufanele ngilethe isiguquli samadivayisi anamandla amakhulu afana nezomisa izinwele?,,[IN:plug_type ]
travel,plug_type,Ngingakwazi ukusebenzisa i-adaptha yepulaki yaseYurophu ukuya eNingizimu Afrika kushaja yami yefoni?,62:79:SL:COUNTRY,[IN:plug_type [SL:COUNTRY eNingizimu Afrika] ]
travel,plug_type,Ingabe akhona ama-adaptha e-adaptha brand anconyelwe eNingizimu Afrika?,54:70:SL:COUNTRY,[IN:plug_type [SL:COUNTRY Ningizimu Afrika] ]
travel,plug_type,Ngingakwazi ukushaja isixubho sami sikagesi nge-adaptha yepulaki yaseNingizimu Afrika?,69:85:SL:COUNTRY,[IN:plug_type [SL:COUNTRY Ningizimu Afrika] ]
travel,plug_type,Ingabe kuphephile ukusebenzisa i-adaptha yepulaki yaseNingizimu Afrika enemishini ebucayi kagesi?,54:70:SL:COUNTRY,[IN:plug_type [SL:COUNTRY Ningizimu Afrika] ]
travel,plug_type,Ngingakwazi ukusebenzisa i-adaptha yepulaki yaseNingizimu Afrika eshaja yethebhulethi yami?,48:64:SL:COUNTRY,[IN:plug_type [SL:COUNTRY Ningizimu Afrika] ]
travel,plug_type,Ingabe kufanele ngilethe umugqa wamandla onezimbobo ze-USB ohambweni lwami?,,[IN:plug_type ]
travel,plug_type,Ngabe izimoto eziqashisayo zaseNingizimu Afrika zinamachweba wokushaja ama-USB?,31:47:SL:COUNTRY,[IN:plug_type [SL:COUNTRY Ningizimu Afrika] ]
travel,plug_type,Ngingakwazi ukusebenzisa i-adaptha yepulaki yaseNingizimu Afrika kushaja yami yelaptop?,48:64:SL:COUNTRY,[IN:plug_type [SL:COUNTRY Ningizimu Afrika] ]
travel,plug_type,Ingabe kuyafaneleka ukuletha i-adaptha yepulaki yomhlaba wonke yaseNingizimu Afrika?,67:83:SL:COUNTRY,[IN:plug_type [SL:COUNTRY Ningizimu Afrika] ]
travel,plug_type,Ngingakwazi ukushaja i-e-reader yami nge-adaptha yepulaki yaseNingizimu Afrika?,62:78:SL:COUNTRY,[IN:plug_type [SL:COUNTRY Ningizimu Afrika] ]
travel,plug_type,Ingabe kufanele ngiphathe ifeni ephathekayo ene-adaptha yepulaki yaseNingizimu Afrika?,26:31:SL:SHOPPING_ITEM,[IN:plug_type [SL:SHOPPING_ITEM ifeni] ]
travel,plug_type,Ingabe amabhasi aseNingizimu Afrika anazo izisekelo zamapulaki abagibeli?,19:35:SL:COUNTRY,[IN:plug_type [SL:COUNTRY Ningizimu Afrika] ]
travel,plug_type,Ngingakwazi ukusebenzisa i-adaptha yepulaki yaseNingizimu Afrika kusheva wami kagesi?,48:64:SL:COUNTRY,[IN:plug_type [SL:COUNTRY Ningizimu Afrika] ]
travel,plug_type,Ingabe kuyadingeka ukuletha i-adaptha yamandla ukuze ngihlale eNingizimu Afrika?,63:79:SL:COUNTRY,[IN:plug_type [SL:COUNTRY Ningizimu Afrika] ]
travel,plug_type,Ngingakwazi ukushaja iwashi lami elihlakaniphile nge-adaptha yepulaki yaseNingizimu Afrika?,74:90:SL:COUNTRY,[IN:plug_type [SL:COUNTRY Ningizimu Afrika] ]
travel,plug_type,Ngingathanda ukushintsha igama ku-akhawunti yami yakwa-Capitec.,55:62:SL:BANK_NAME,[IN:plug_type [SL:BANK_NAME Capitec] ]
travel,plug_type,Ngingayishiya isikhathi esingakanani i-tuna casserole esiqandisini?,39:53:SL:DISH_OR_FOOD,[IN:plug_type [SL:DISH_OR_FOOD tuna casserole] ]
kitchen_and_dining,food_last,Ubhanana uthatha isikhathi esingakanani ukuze ubole?,0:8:SL:DISH_OR_FOOD,[IN:food_last [SL:DISH_OR_FOOD Ubhanana] ]
kitchen_and_dining,confirm_reservation,Sicela uqinisekise ukuthi ngibhukhe ngomhla ka-Mashi 1 ngo-7 PM.,"47:54:SL:DATE,59:63:SL:TIME",[IN:confirm_reservation [SL:DATE Mashi 1] [SL:TIME 7 PM] ]
kitchen_and_dining,confirm_reservation,Ngabe ukubhukha kwami kwantambama namuhla ngo-5 PM kusenjalo?,"25:33:SL:TIME,34:41:SL:DATE,46:50:SL:TIME",[IN:confirm_reservation [SL:TIME ntambama] [SL:DATE namuhla] [SL:TIME 5 PM] ]
travel,plug_type,Ngicela ungitshele uma ngisenokubhuka e-Acero for Susie.,40:55:SL:RESTAURANT_NAME,[IN:plug_type [SL:RESTAURANT_NAME Acero for Susie] ]
kitchen_and_dining,cook_time,Kufanele ngibhake isikhathi esingakanani amarusks?,44:49:SL:DISH_OR_FOOD,[IN:cook_time [SL:DISH_OR_FOOD rusks] ]
kitchen_and_dining,cook_time,Kufanele ngilindele isikhathi esingakanani ukulungiselela inyama yenkomo stroganoff?,58:83:SL:DISH_OR_FOOD,[IN:cook_time [SL:DISH_OR_FOOD inyama yenkomo stroganoff] ]
kitchen_and_dining,cook_time,Kufanele ngipheke isikhathi esingakanani pho?,,[IN:cook_time ]
kitchen_and_dining,cook_time,Mingaki imizuzu ehilelekile ekulungiseni ukhari?,41:47:SL:DISH_OR_FOOD,[IN:cook_time [SL:DISH_OR_FOOD ukhari] ]
kitchen_and_dining,cook_time,Kufanele ngiwabilise isikhathi esingakanani amanoodle?,44:53:SL:DISH_OR_FOOD,[IN:cook_time [SL:DISH_OR_FOOD amanoodle] ]
travel,plug_type,Ingabe izindawo zokulala zaseNingizimu Afrika zinikezela ngama-adaptha epulaki ezivakashini?,29:45:SL:COUNTRY,[IN:plug_type [SL:COUNTRY Ningizimu Afrika] ]
travel,plug_type,Ngingakwazi ukusebenzisa i-adaptha yepulaki yaseNingizimu Afrika ngeshaja yami yekhamera yesenzo?,48:64:SL:COUNTRY,[IN:plug_type [SL:COUNTRY Ningizimu Afrika] ]
travel,plug_type,Ingabe kuphephile ukusebenzisa i-adaptha yepulaki yaseNingizimu Afrika kuthemometha yami ye-elekthronikhi?,54:70:SL:COUNTRY,[IN:plug_type [SL:COUNTRY Ningizimu Afrika] ]
travel,plug_type,Ingabe kufanele ngiphathe i-adaptha yokuhamba emhlabeni wonke ohambweni lwami lomgwaqo lwaseNingizimu Afrika?,92:108:SL:COUNTRY,[IN:plug_type [SL:COUNTRY Ningizimu Afrika] ]
travel,plug_type,Ngingakwazi ukushaja i-fly fly swatter yami nge-adaptha yepulaki yaseNingizimu Afrika?,69:85:SL:COUNTRY,[IN:plug_type [SL:COUNTRY Ningizimu Afrika] ]
travel,plug_type,Ingabe izitimela zaseNingizimu Afrika zinawo amapulaki amashaja amalaptop?,"21:37:SL:COUNTRY,67:73:SL:SHOPPING_ITEM",[IN:plug_type [SL:COUNTRY Ningizimu Afrika] [SL:SHOPPING_ITEM laptop] ]
travel,plug_type,Ngingakwazi ukusebenzisa i-adaptha yepulaki yaseNingizimu Afrika eshajani yami yokufunxa ephathwayo?,48:64:SL:COUNTRY,[IN:plug_type [SL:COUNTRY Ningizimu Afrika] ]
travel,plug_type,Ingabe kuyafaneleka ukuletha i-adaptha yamandla ohambweni lwami lwebhayisikili lwaseNingizimu Afrika?,84:100:SL:COUNTRY,[IN:plug_type [SL:COUNTRY Ningizimu Afrika] ]
travel,plug_type,Ngingakwazi ukushaja ifeni yami ephathekayo nge-adaptha yepulaki yaseNingizimu Afrika?,69:85:SL:COUNTRY,[IN:plug_type [SL:COUNTRY Ningizimu Afrika] ]
travel,plug_type,Kufanele upheke isikhathi esingakanani ilasagna?,40:47:SL:DISH_OR_FOOD,[IN:plug_type [SL:DISH_OR_FOOD lasagna] ]
travel,plug_type,Yini okufanele ngiyibeke ku-timer ukupheka lesi sidlo?,,[IN:plug_type ]
kitchen_and_dining,cook_time,Isikhathi esingakanani ukupheka ipizza efriziwe?,33:38:SL:DISH_OR_FOOD,[IN:cook_time [SL:DISH_OR_FOOD pizza] ]
kitchen_and_dining,cook_time,Ngidinga isikhathi esingakanani ukupheka ibhodwe lephalishi?,49:59:SL:DISH_OR_FOOD,[IN:cook_time [SL:DISH_OR_FOOD lephalishi] ]
kitchen_and_dining,cook_time,Ubhaka isikhathi esingakanani ikhekhe?,30:37:SL:DISH_OR_FOOD,[IN:cook_time [SL:DISH_OR_FOOD ikhekhe] ]
travel,plug_type,Kuthatha isikhathi esingakanani ukulungisa ibhodwe elosiwe?,,[IN:plug_type ]
kitchen_and_dining,cook_time,Kudingeka isikhathi esingakanani ukuthi ama-brownies avuthwe kuhhavini?,44:52:SL:DISH_OR_FOOD,[IN:cook_time [SL:DISH_OR_FOOD brownies] ]
kitchen_and_dining,cook_time,Kuthatha isikhathi esingakanani ukuvuthwa kwesiteki esithoswe emlilweni?,45:61:SL:DISH_OR_FOOD,[IN:cook_time [SL:DISH_OR_FOOD siteki esithoswe] ]
travel,exchange_rate,Ungangitshela isilinganiso samanje se-Euro kune Randi laseNingizimu Afrika?,"38:42:SL:CURRENCY,48:53:SL:CURRENCY,58:74:SL:COUNTRY",[IN:exchange_rate [SL:CURRENCY Euro] [SL:CURRENCY Randi] [SL:COUNTRY Ningizimu Afrika] ]
travel,exchange_rate,Ingakanani isilinganiso sokushintshwa kweRandi laseNingizimu Afrika kuya kwidollar laseMelika?,"41:46:SL:CURRENCY,51:67:SL:COUNTRY,76:82:SL:CURRENCY,87:93:SL:COUNTRY",[IN:exchange_rate [SL:CURRENCY Randi] [SL:COUNTRY Ningizimu Afrika] [SL:CURRENCY dollar] [SL:COUNTRY Melika] ]
kitchen_and_dining,cook_time,Kufanele ngibhraye isikhathi esingakanani iboerewors?,42:52:SL:DISH_OR_FOOD,[IN:cook_time [SL:DISH_OR_FOOD iboerewors] ]
travel,exchange_rate,Lithini izinga lokushintshana langempela le Yen yaseJapan kuya kwiRandi laseNingizimu Afrika namuhla.,"44:47:SL:CURRENCY,52:57:SL:COUNTRY,66:71:SL:CURRENCY,76:92:SL:COUNTRY",[IN:exchange_rate [SL:CURRENCY Yen] [SL:COUNTRY Japan] [SL:CURRENCY Randi] [SL:COUNTRY Ningizimu Afrika] ]
travel,exchange_rate,Kufanele ngipheke isikhathi esingakanani inyama ecwebezelayo?,41:60:SL:DISH_OR_FOOD,[IN:exchange_rate [SL:DISH_OR_FOOD inyama ecwebezelayo] ]
kitchen_and_dining,cook_time,Kuthatha imizuzu emingaki ukubhaka amakoeksister?,35:48:SL:DISH_OR_FOOD,[IN:cook_time [SL:DISH_OR_FOOD amakoeksister] ]
travel,exchange_rate,Ungakwazi yini ukuhlinzeka ngesilinganiso sokushintsha imali Brazilian real kuye kwiRand yaseNingizimu Afrika?,"71:75:SL:CURRENCY,84:88:SL:CURRENCY,93:109:SL:COUNTRY",[IN:exchange_rate [SL:CURRENCY real] [SL:CURRENCY Rand] [SL:COUNTRY Ningizimu Afrika] ]
travel,exchange_rate,Ngidinga isikhathi esingakanani ukupheka ilasagne?,41:49:SL:DISH_OR_FOOD,[IN:exchange_rate [SL:DISH_OR_FOOD ilasagne] ]
kitchen_and_dining,cook_time,Ngidinga isikhathi esingakanani ukupheka ibredie?,41:48:SL:DISH_OR_FOOD,[IN:cook_time [SL:DISH_OR_FOOD ibredie] ]
kitchen_and_dining,cook_time,Kufanele ngipheke isikhathi esingakanani imalva pudding?,42:55:SL:DISH_OR_FOOD,[IN:cook_time [SL:DISH_OR_FOOD malva pudding] ]
travel,exchange_rate,Ungakwazi yini ukuhlinzeka ngesilinganiso sokushintsha imali iRand laseNingizimu Afrika kuya kwiKrona Swedish?,"62:66:SL:CURRENCY,71:87:SL:COUNTRY,96:101:SL:CURRENCY",[IN:exchange_rate [SL:CURRENCY Rand] [SL:COUNTRY Ningizimu Afrika] [SL:CURRENCY Krona] ]
kitchen_and_dining,cook_time,Kuthatha isikhathi esingakanani ukupheka ichakalaka?,42:51:SL:DISH_OR_FOOD,[IN:cook_time [SL:DISH_OR_FOOD chakalaka] ]
travel,exchange_rate,Ungangitshela isilinganiso sokushintshwa kweRandi laseNingizimu Afrika nge Krone yaseDenmark?,"41:49:SL:CURRENCY,54:70:SL:COUNTRY,75:80:SL:CURRENCY,85:92:SL:COUNTRY",[IN:exchange_rate [SL:CURRENCY kweRandi] [SL:COUNTRY Ningizimu Afrika] [SL:CURRENCY Krone] [SL:COUNTRY Denmark] ]
travel,exchange_rate,Mingaki imizuzu okufanele ngibeke ikhekhe kuhhavini?,34:41:SL:DISH_OR_FOOD,[IN:exchange_rate [SL:DISH_OR_FOOD ikhekhe] ]
travel,exchange_rate,Ungakwazi yini ukuhlinzeka ngesilinganiso sokushintsha imali Rand laseNingizimu Afrika kuya kwi dollar laseSingapore?,"61:65:SL:CURRENCY,70:86:SL:COUNTRY,96:102:SL:CURRENCY,107:116:SL:COUNTRY",[IN:exchange_rate [SL:CURRENCY Rand] [SL:COUNTRY Ningizimu Afrika] [SL:CURRENCY dollar] [SL:COUNTRY Singapore] ]
travel,exchange_rate,Izinga lokushintshana langempela le Rand laseNingizimu Afrika kuya Hong Kong dollar namuhla.,"36:40:SL:CURRENCY,45:61:SL:COUNTRY,67:76:SL:CITY_OR_PROVINCE,77:83:SL:CURRENCY",[IN:exchange_rate [SL:CURRENCY Rand] [SL:COUNTRY Ningizimu Afrika] [SL:CITY_OR_PROVINCE Hong Kong] [SL:CURRENCY dollar] ]
travel,exchange_rate,Mingaki imizuzu yokuncibilikisa ushizi?,32:38:SL:DISH_OR_FOOD,[IN:exchange_rate [SL:DISH_OR_FOOD ushizi] ]
kitchen_and_dining,cook_time,Kuthatha isikhathi esingakanani ukosa isnoek?,38:44:SL:DISH_OR_FOOD,[IN:cook_time [SL:DISH_OR_FOOD isnoek] ]
travel,exchange_rate,Ungakwazi yini ukuhlinzeka ngesilinganiso sokushintsha imali Rand laseNingizimu Afrika Ukuze Lira yaseTurkey?,"61:65:SL:CURRENCY,70:86:SL:COUNTRY,93:97:SL:CURRENCY,98:108:SL:COUNTRY",[IN:exchange_rate [SL:CURRENCY Rand] [SL:COUNTRY Ningizimu Afrika] [SL:CURRENCY Lira] [SL:COUNTRY yaseTurkey] ]
travel,exchange_rate,Sinini isikhathi sokupheka inkukhu u-Alfredo?,27:44:SL:DISH_OR_FOOD,[IN:exchange_rate [SL:DISH_OR_FOOD inkukhu u-Alfredo] ]
kitchen_and_dining,cook_time,Mingaki imizuzu yokuthosa inkukhu yeperi-peri emlilweni?,26:45:SL:DISH_OR_FOOD,[IN:cook_time [SL:DISH_OR_FOOD inkukhu yeperi-peri] ]
kitchen_and_dining,cook_time,Kufanele ngibilise isikhathi esingakanani isitambu nobhontshisi?,42:63:SL:DISH_OR_FOOD,[IN:cook_time [SL:DISH_OR_FOOD isitambu nobhontshisi] ]
travel,exchange_rate,Ungakwazi yini ukuhlinzeka ngesilinganiso sokushintsha imali iRand laseNingizimu Afrika kuya kwiYen yaseJapan?,"62:66:SL:CURRENCY,71:87:SL:COUNTRY,96:99:SL:CURRENCY,104:109:SL:COUNTRY",[IN:exchange_rate [SL:CURRENCY Rand] [SL:COUNTRY Ningizimu Afrika] [SL:CURRENCY Yen] [SL:COUNTRY Japan] ]
kitchen_and_dining,cook_time,Uyipheka isikhathi engikanani ibunny chow?,31:41:SL:DISH_OR_FOOD,[IN:cook_time [SL:DISH_OR_FOOD bunny chow] ]
kitchen_and_dining,cook_time,Kuthatha isikhathi esingakanani ukwenza i-oxtail potjie?,42:55:SL:DISH_OR_FOOD,[IN:cook_time [SL:DISH_OR_FOOD oxtail potjie] ]
travel,exchange_rate,Singakanani isilinganiso sokushintshwa kweRandi laseNingizimu Afrika kuqhathaniswa neEuro?,"42:47:SL:CURRENCY,52:68:SL:COUNTRY,85:89:SL:CURRENCY",[IN:exchange_rate [SL:CURRENCY Randi] [SL:COUNTRY Ningizimu Afrika] [SL:CURRENCY Euro] ]
travel,exchange_rate,Ungakwazi yini ukuhlinzeka ngesilinganiso sokushintsha imali iRand laseNingizimu Afrika kune-US dollar?,"61:66:SL:CURRENCY,71:87:SL:COUNTRY,93:95:SL:COUNTRY,96:102:SL:CURRENCY",[IN:exchange_rate [SL:CURRENCY iRand] [SL:COUNTRY Ningizimu Afrika] [SL:COUNTRY US] [SL:CURRENCY dollar] ]
travel,exchange_rate,Izinga lokushintshana langempela le US dollar kuya kwiRandi laseNingizimu Afrika namuhla.,"36:38:SL:COUNTRY,39:45:SL:CURRENCY,51:59:SL:CURRENCY,64:80:SL:COUNTRY",[IN:exchange_rate [SL:COUNTRY US] [SL:CURRENCY dollar] [SL:CURRENCY kwiRandi] [SL:COUNTRY Ningizimu Afrika] ]
kitchen_and_dining,cook_time,Ngidinga isikhathi esingakanani ukupheka amagwinya?,41:50:SL:DISH_OR_FOOD,[IN:cook_time [SL:DISH_OR_FOOD amagwinya] ]
travel,exchange_rate,Kufanele ngiwapheke ngasiphi isikhathi amanoodle?,39:48:SL:DISH_OR_FOOD,[IN:exchange_rate [SL:DISH_OR_FOOD amanoodle] ]
travel,exchange_rate,Yisiphi isikhathi esifanele sokupheka inkukhu yesiZulu?,38:54:SL:DISH_OR_FOOD,[IN:exchange_rate [SL:DISH_OR_FOOD inkukhu yesiZulu] ]
travel,exchange_rate,Ngisethela isikhathi esingakanani uma ngilinde ujeqe ukuthi ukhukhumale?,47:52:SL:DISH_OR_FOOD,[IN:exchange_rate [SL:DISH_OR_FOOD ujeqe] ]
travel,exchange_rate,Ama-noodle adinga ukupheka isikhathi esingakanani?,4:10:SL:DISH_OR_FOOD,[IN:exchange_rate [SL:DISH_OR_FOOD noodle] ]
kitchen_and_dining,cook_time,Kufanele ngibhake isikhathi esingakanani isinkwa sombila?,41:56:SL:DISH_OR_FOOD,[IN:cook_time [SL:DISH_OR_FOOD isinkwa sombila] ]
kitchen_and_dining,cook_time,Kuthatha isikhathi esingakanani ukupheka ukhari wembuzi?,,[IN:cook_time ]
kitchen_and_dining,cook_time,Singakanani isikhathi sokulungiselela ukhari waseCape Malay?,38:59:SL:DISH_OR_FOOD,[IN:cook_time [SL:DISH_OR_FOOD ukhari waseCape Malay] ]
kitchen_and_dining,cook_time,Kiyisikhathi esingakanani ukupheka ukhari waseThekwini?,35:41:SL:DISH_OR_FOOD,[IN:cook_time [SL:DISH_OR_FOOD ukhari] ]
travel,exchange_rate,Ingakanani inani lokushintshwa kweRandi laseNingizimu Afrika ne-Euro?,"34:39:SL:CURRENCY,44:60:SL:COUNTRY,64:68:SL:CURRENCY",[IN:exchange_rate [SL:CURRENCY Randi] [SL:COUNTRY Ningizimu Afrika] [SL:CURRENCY Euro] ]
travel,exchange_rate,Ungakwazi yini ukuhlinzeka ngesilinganiso sokushintsha imali Rand laseNingizimu Afrika uma uqhathanisa iKrona?,"61:65:SL:CURRENCY,70:86:SL:COUNTRY,103:109:SL:CURRENCY",[IN:exchange_rate [SL:CURRENCY Rand] [SL:COUNTRY Ningizimu Afrika] [SL:CURRENCY iKrona] ]
kitchen_and_dining,cook_time,Kuthatha isikhathi esingakanani ukwenza i-tomato bredie?,42:55:SL:DISH_OR_FOOD,[IN:cook_time [SL:DISH_OR_FOOD tomato bredie] ]
travel,exchange_rate,Ungangitshela isilinganiso sokushintshwa kweRandi laseNingizimu Afrika kuya kwiKrone yaseDenmark?,"44:49:SL:CURRENCY,54:70:SL:COUNTRY,79:84:SL:CURRENCY,89:96:SL:COUNTRY",[IN:exchange_rate [SL:CURRENCY Randi] [SL:COUNTRY Ningizimu Afrika] [SL:CURRENCY Krone] [SL:COUNTRY Denmark] ]
travel,exchange_rate,Kufanele upheke isikhathi esingakanani iturkey engamakhilogremu angu-10?,"39:46:SL:DISH_OR_FOOD,69:71:SL:NUMBER",[IN:exchange_rate [SL:DISH_OR_FOOD iturkey] [SL:NUMBER 10] ]
travel,exchange_rate,Ungakwazi yini ukuhlinzeka ngesilinganiso sokushintsha imali Rand laseNingizimu Afrika kune Singapore dollar?,"61:65:SL:CURRENCY,70:86:SL:COUNTRY,92:101:SL:COUNTRY,102:108:SL:CURRENCY",[IN:exchange_rate [SL:CURRENCY Rand] [SL:COUNTRY Ningizimu Afrika] [SL:COUNTRY Singapore] [SL:CURRENCY dollar] ]
travel,exchange_rate,Izinga lokushintshana langempela le Rand laseNingizimu Afrika kuya kwiHong Kong dollar namuhla.,"36:40:SL:CURRENCY,45:61:SL:COUNTRY,70:79:SL:CITY_OR_PROVINCE,80:86:SL:CURRENCY",[IN:exchange_rate [SL:CURRENCY Rand] [SL:COUNTRY Ningizimu Afrika] [SL:CITY_OR_PROVINCE Hong Kong] [SL:CURRENCY dollar] ]
travel,exchange_rate,Kufanele kube isikhathi esingakanani lokhu kuhhavini?,,[IN:exchange_rate ]
kitchen_and_dining,cook_time,Kufanele ngipheke isikhathi esingakanani isitshulu se-mogodu?,41:60:SL:DISH_OR_FOOD,[IN:cook_time [SL:DISH_OR_FOOD isitshulu se-mogodu] ]
travel,exchange_rate,Ungakwazi yini ukuhlinzeka ngesilinganiso sokushintsha imali Rand laseNingizimu Afrika kuya kwiLira yaseTurkey?,"61:65:SL:CURRENCY,70:86:SL:COUNTRY,95:99:SL:CURRENCY,104:110:SL:COUNTRY",[IN:exchange_rate [SL:CURRENCY Rand] [SL:COUNTRY Ningizimu Afrika] [SL:CURRENCY Lira] [SL:COUNTRY Turkey] ]
travel,exchange_rate,Ngibhaka isikhathi esingakanani ama-brownies?,36:44:SL:DISH_OR_FOOD,[IN:exchange_rate [SL:DISH_OR_FOOD brownies] ]
kitchen_and_dining,cook_time,Mingaki imizuzu yokupheka uphaya wenkukhu?,26:41:SL:DISH_OR_FOOD,[IN:cook_time [SL:DISH_OR_FOOD uphaya wenkukhu] ]
kitchen_and_dining,cook_time,Singakanani isikhathi sokuvuthwa kumabrownies uma usuwafake kuhhavini?,37:45:SL:DISH_OR_FOOD,[IN:cook_time [SL:DISH_OR_FOOD brownies] ]
travel,exchange_rate,Ungakwazi yini ukuhlinzeka ngesilinganiso sokushintsha imali Rand laseNingizimu Afrika uYen yaseJapan?,"61:65:SL:CURRENCY,70:86:SL:COUNTRY,88:91:SL:CURRENCY,96:101:SL:COUNTRY",[IN:exchange_rate [SL:CURRENCY Rand] [SL:COUNTRY Ningizimu Afrika] [SL:CURRENCY Yen] [SL:COUNTRY Japan] ]
kitchen_and_dining,cook_time,Kuzothatha isikhathi esingakanani ukulungisa uphaya wesiklabhu?,45:62:SL:DISH_OR_FOOD,[IN:cook_time [SL:DISH_OR_FOOD uphaya wesiklabhu] ]
travel,exchange_rate,Ukwenza i-hamburger kujwayele ukuthatha isikhathi esingakanani?,10:19:SL:DISH_OR_FOOD,[IN:exchange_rate [SL:DISH_OR_FOOD hamburger] ]
travel,exchange_rate,Singakanani isilinganiso sokushintshwa kweRandi laseNingizimu Afrika kuya kwi-Euro?,"42:47:SL:CURRENCY,52:68:SL:COUNTRY,78:82:SL:CURRENCY",[IN:exchange_rate [SL:CURRENCY Randi] [SL:COUNTRY Ningizimu Afrika] [SL:CURRENCY Euro] ]
travel,exchange_rate,Ungakwazi yini ukuhlinzeka ngesilinganiso sokushintsha imali Rand laseNingizimu Afrika kwi-US dollar?,"61:65:SL:CURRENCY,70:86:SL:COUNTRY,91:93:SL:COUNTRY,94:100:SL:CURRENCY",[IN:exchange_rate [SL:CURRENCY Rand] [SL:COUNTRY Ningizimu Afrika] [SL:COUNTRY US] [SL:CURRENCY dollar] ]
travel,exchange_rate,Izinga lokushintshana langempela le-US dollar kuya kwiRandi laseNingizimu Afrika namuhla.,"36:38:SL:COUNTRY,39:45:SL:CURRENCY,54:59:SL:CURRENCY,64:80:SL:COUNTRY,81:88:SL:DATE",[IN:exchange_rate [SL:COUNTRY US] [SL:CURRENCY dollar] [SL:CURRENCY Randi] [SL:COUNTRY Ningizimu Afrika] [SL:DATE namuhla] ]
kitchen_and_dining,cook_time,Ikhekhe kufanele libhake isikhathi esingakanani?,0:7:SL:DISH_OR_FOOD,[IN:cook_time [SL:DISH_OR_FOOD Ikhekhe] ]
travel,exchange_rate,Ingakanani isilinganiso sokushintshwa kweRandi laseNingizimu Afrika kuya kupondo waseBritian?,"41:46:SL:CURRENCY,51:67:SL:COUNTRY,75:80:SL:CURRENCY,85:92:SL:COUNTRY",[IN:exchange_rate [SL:CURRENCY Randi] [SL:COUNTRY Ningizimu Afrika] [SL:CURRENCY pondo] [SL:COUNTRY Britian] ]
travel,exchange_rate,Kufanele ngipheke isikhathi esingakanani uma ngenza amazambane athosiwe?,52:71:SL:DISH_OR_FOOD,[IN:exchange_rate [SL:DISH_OR_FOOD amazambane athosiwe] ]
travel,exchange_rate,Ngingalindela nini ukuqeda ukudla kwe-salmon?,38:44:SL:DISH_OR_FOOD,[IN:exchange_rate [SL:DISH_OR_FOOD salmon] ]
travel,exchange_rate,Ungangitshela izinga lokushintshiselana kwe-Yuan yaseChina ukuya kuRandi laseNingizimu Afrika?,"44:48:SL:CURRENCY,53:58:SL:COUNTRY,67:72:SL:CURRENCY,77:93:SL:COUNTRY",[IN:exchange_rate [SL:CURRENCY Yuan] [SL:COUNTRY China] [SL:CURRENCY Randi] [SL:COUNTRY Ningizimu Afrika] ]
travel,exchange_rate,Iyini i-5 ye-yen uma uqhathanisa nama-ruble?,"8:9:SL:NUMBER,13:16:SL:CURRENCY,38:43:SL:CURRENCY",[IN:exchange_rate [SL:NUMBER 5] [SL:CURRENCY yen] [SL:CURRENCY ruble] ]
travel,exchange_rate,Ungakwazi yini ukuhlinzeka ngesilinganiso sokushintsha imali Brazilian real kuya kwiRand yaseNingizimu Afrika?,"71:75:SL:CURRENCY,84:88:SL:CURRENCY,93:109:SL:COUNTRY",[IN:exchange_rate [SL:CURRENCY real] [SL:CURRENCY Rand] [SL:COUNTRY Ningizimu Afrika] ]
travel,exchange_rate,Izinga lokushintshana langempela le Ruble Russian kuya kwiRandi laseNingizimu Afrika namuhla.,"36:41:SL:CURRENCY,58:63:SL:CURRENCY,68:84:SL:COUNTRY",[IN:exchange_rate [SL:CURRENCY Ruble] [SL:CURRENCY Randi] [SL:COUNTRY Ningizimu Afrika] ]
travel,exchange_rate,Ungangitshela izinga lokushintshiselana kweRandi laseNingizimu Afrika kuya kwiDollar Canadian?,"43:48:SL:CURRENCY,53:69:SL:COUNTRY,78:84:SL:CURRENCY",[IN:exchange_rate [SL:CURRENCY Randi] [SL:COUNTRY Ningizimu Afrika] [SL:CURRENCY Dollar] ]
travel,exchange_rate,Ingakanani inani lokushintshwa kweRandi laseNingizimu Afrika kuya kuFranc Swiss?,"34:39:SL:CURRENCY,44:60:SL:COUNTRY,68:79:SL:CURRENCY",[IN:exchange_rate [SL:CURRENCY Randi] [SL:COUNTRY Ningizimu Afrika] [SL:CURRENCY Franc Swiss] ]
travel,exchange_rate,Ungakwazi yini ukuhlinzeka ngesilinganiso sokushintsha imali Rand laseNingizimu Afrika kuya kwiKrona Swedish?,"61:65:SL:CURRENCY,70:86:SL:COUNTRY,95:100:SL:CURRENCY",[IN:exchange_rate [SL:CURRENCY Rand] [SL:COUNTRY Ningizimu Afrika] [SL:CURRENCY Krona] ]
travel,exchange_rate,Izinga lokushintshana langempela leRandi laseNingizimu Afrika kuya Krone Norwegian namuhla.,"35:40:SL:CURRENCY,45:61:SL:COUNTRY,67:72:SL:CURRENCY",[IN:exchange_rate [SL:CURRENCY Randi] [SL:COUNTRY Ningizimu Afrika] [SL:CURRENCY Krone] ]
travel,exchange_rate,Ungangitshela isilinganiso sokushintshwa kweRandi laseNingizimu Afrika kwiKrone yaseDenmark?,"44:49:SL:CURRENCY,54:70:SL:COUNTRY,74:79:SL:CURRENCY,84:91:SL:COUNTRY",[IN:exchange_rate [SL:CURRENCY Randi] [SL:COUNTRY Ningizimu Afrika] [SL:CURRENCY Krone] [SL:COUNTRY Denmark] ]
travel,exchange_rate,Izinga lokushintshana langempela leRandi laseNingizimu Afrika kuya kwiNew Zealand dollar?,"35:40:SL:CURRENCY,45:61:SL:COUNTRY,70:81:SL:COUNTRY,82:88:SL:CURRENCY",[IN:exchange_rate [SL:CURRENCY Randi] [SL:COUNTRY Ningizimu Afrika] [SL:COUNTRY New Zealand] [SL:CURRENCY dollar] ]
travel,exchange_rate,Ungakwazi yini ukuhlinzeka ngesilinganiso sokushintsha imali Randi laseNingizimu Afrika Ukuze Singapore dollar?,"61:66:SL:CURRENCY,71:87:SL:COUNTRY,94:103:SL:COUNTRY,104:110:SL:CURRENCY",[IN:exchange_rate [SL:CURRENCY Randi] [SL:COUNTRY Ningizimu Afrika] [SL:COUNTRY Singapore] [SL:CURRENCY dollar] ]
travel,exchange_rate,Izinga lokushintshana langempela leRandi laseNingizimu Afrika kuya Hong Kong dollar namuhla.,"35:40:SL:CURRENCY,45:61:SL:COUNTRY,67:83:SL:CURRENCY",[IN:exchange_rate [SL:CURRENCY Randi] [SL:COUNTRY Ningizimu Afrika] [SL:CURRENCY Hong Kong dollar] ]
travel,exchange_rate,Liyini izinga lokushintshana kusuka kuphawundi Sterling kuya kumadola aseMelika?,"38:55:SL:CURRENCY,65:69:SL:CURRENCY,73:79:SL:COUNTRY",[IN:exchange_rate [SL:CURRENCY phawundi Sterling] [SL:CURRENCY dola] [SL:COUNTRY Melika] ]
travel,exchange_rate,Ingakanani isamba samadola engiyitholayo uma ngihweba ngo-6 yen?,"18:26:SL:CURRENCY,58:63:SL:MONEY",[IN:exchange_rate [SL:CURRENCY samadola] [SL:MONEY 6 yen] ]
travel,exchange_rate,Ungakwazi yini ukuhlinzeka ngesilinganiso sokushintsha imali iRand laseNingizimu Afrika kuya kwiLira yaseTurkey?,"62:66:SL:CURRENCY,71:87:SL:COUNTRY,96:100:SL:CURRENCY,105:111:SL:COUNTRY",[IN:exchange_rate [SL:CURRENCY Rand] [SL:COUNTRY Ningizimu Afrika] [SL:CURRENCY Lira] [SL:COUNTRY Turkey] ]
travel,exchange_rate,Izinga lokushintshana langempela leRandi laseNingizimu Afrika kuya Brazilian real namuhla.,"35:40:SL:CURRENCY,45:61:SL:COUNTRY,77:81:SL:CURRENCY",[IN:exchange_rate [SL:CURRENCY Randi] [SL:COUNTRY Ningizimu Afrika] [SL:CURRENCY real] ]
travel,exchange_rate,Zingaki izindawo zokushintsha imali esikhumulweni sezindiza i-OR Tambo eGoli.,71:76:SL:CITY_OR_PROVINCE,[IN:exchange_rate [SL:CITY_OR_PROVINCE eGoli] ]
travel,exchange_rate,Ingakanani isilinganiso sokushintshwa kweRandi laseNingizimu Afrika kuya kwiYuan yaseChina?,"41:46:SL:CURRENCY,51:67:SL:COUNTRY,76:80:SL:CURRENCY,85:90:SL:COUNTRY",[IN:exchange_rate [SL:CURRENCY Randi] [SL:COUNTRY Ningizimu Afrika] [SL:CURRENCY Yuan] [SL:COUNTRY China] ]
travel,exchange_rate,Ungakwazi yini ukuhlinzeka ngesilinganiso sokushintshwa kweRandi laseNingizimu Afrika kuya kwiYen yaseJapan,"59:64:SL:CURRENCY,69:85:SL:COUNTRY,94:97:SL:CURRENCY,102:107:SL:COUNTRY",[IN:exchange_rate [SL:CURRENCY Randi] [SL:COUNTRY Ningizimu Afrika] [SL:CURRENCY Yen] [SL:COUNTRY Japan] ]
travel,exchange_rate,Ngiyishintsha kanjani iPIN yami ye-ATM?,,[IN:exchange_rate ]
travel,exchange_rate,Yimalini i-1 USD uma kuya kwi-Euro?,"11:12:SL:NUMBER,13:16:SL:CURRENCY,30:34:SL:CURRENCY",[IN:exchange_rate [SL:NUMBER 1] [SL:CURRENCY USD] [SL:CURRENCY Euro] ]
travel,exchange_rate,Ingabe ngiyakwazi ukushintsha iPIN yami egatsheni lasebhange?,,[IN:exchange_rate ]
travel,exchange_rate,Ithini inqubo yokushintsha iPIN yami ngocingo?,,[IN:exchange_rate ]
banking,pin_change,Ngingakwazi yini ukushintsha iPIN yami kunoma iyiphi i-ATM eNingizimu Afrika?,60:76:SL:COUNTRY,[IN:pin_change [SL:COUNTRY Ningizimu Afrika] ]
banking,pin_change,Ingabe ikhona imali yokushintsha iphinikhodi yami?,,[IN:pin_change ]
banking,pin_change,Kuthatha isikhathi esingakanani ukuthi iphinikhodi isebenze?,,[IN:pin_change ]
banking,pin_change,Ingabe zikhona izinyathelo zokuphepha okufanele ngizithathe lapho ngishintsha iphinikhodi yami?,,[IN:pin_change ]
banking,pin_change,Ngingakwazi ukukhetha iphinikhodi yami entsha noma ngiyabelwe?,,[IN:pin_change ]
banking,pin_change,Kufanele ngiyishintshe kangaki iphinikhodi yami ngezizathu zokuphepha?,,[IN:pin_change ]
banking,pin_change,Yini okufanele ngiyenze uma ngikhohlwa iphinikhodi yami entsha ngemva kokuyishintsha?,,[IN:pin_change ]
banking,pin_change,Ingabe ikhona imikhawulo kuPIN entsha engingayikhetha?,,[IN:pin_change ]
banking,pin_change,Ngingakwazi yini ukushintsha iPIN yami uma ngisola ukuthi ikhadi lami lifakwe ebucayini?,,[IN:pin_change ]
banking,pin_change,Ingabe kunomkhawulo wokuthi ngingashintsha izikhathi ezingaki iphinikhodi yami?,,[IN:pin_change ]
banking,pin_change,Ngingakwazi yini ukushintsha iPIN yami uma ngingaphandle kweNingizimu Afrika?,60:76:SL:COUNTRY,[IN:pin_change [SL:COUNTRY Ningizimu Afrika] ]
banking,pin_change,Yini okufanele ngiyenze uma isicelo sami sokushintsha iPIN sinqatshiwe?,,[IN:pin_change ]
banking,pin_change,Ngingakwazi yini ukushintsha iphinikhodi yami yakho kokubili amakhadi ami edebhithi nawesikweletu?,,[IN:pin_change ]
banking,pin_change,Ngingaqinisekisa kanjani ukuthi iphinikhodi yami entsha ivikelekile?,,[IN:pin_change ]
banking,pin_change,Ngingakwazi yini ukushintsha iPIN yami ku-ATM ngisebenzisa ikhadi langaphandle?,,[IN:pin_change ]
banking,pin_change,Kwenzekani uma ngifaka iPIN yami entsha ngokungalungile izikhathi eziningi?,,[IN:pin_change ]
banking,pin_change,Ngingakwazi yini ukushintsha iPIN yami uma ikhadi lami livinjiwe?,,[IN:pin_change ]
banking,pin_change,Ingabe ikhona indlela yokushintsha iPIN yami ngaphandle kokuvakashela igatsha?,,[IN:pin_change ]
banking,pin_change,Ngingakwazi ukushintsha iPIN yami ku-inthanethi uma ngiphesheya kwezilwandle?,,[IN:pin_change ]
banking,pin_change,Ngingaqinisekisa kanjani ukuthi ukushintshwa kwephinikhodi yami kube yimpumelelo?,,[IN:pin_change ]
banking,pin_change,Ngingakwazi yini ukushintsha iPIN yami uma ngingenalo ikhadi lami?,,[IN:pin_change ]
banking,pin_change,Ingabe ikhona indlela yokushintsha iphinikhodi yami ngaphandle kwephinikhodi yami endala?,,[IN:pin_change ]
banking,pin_change,Ngingakwazi yini ukushintsha iPIN yami uma ngikhohlwe iphasiwedi yami yasebhange ku-inthanethi?,,[IN:pin_change ]
banking,pin_change,Ngingayivikela kanjani iPIN yami entsha ukuthi ingantshontshwa?,,[IN:pin_change ]
banking,pin_change,Ngingakwazi ukushintsha iphinikhodi yami ngisebenzisa uhlelo lokusebenza lokubhanga leselula?,,[IN:pin_change ]
banking,pin_change,Yini okufanele ngiyenze uma ngithola i-iNhlabali noma umlayezo osolisayo ngemva kokushintsha iphinikhodi yami?,,[IN:pin_change ]
banking,pin_change,Ngingakwazi yini ukushintsha iphinikhodi yami uma ngisanda kushintsha ikheli lami?,,[IN:pin_change ]
banking,pin_change,Ingabe kuphephile ukushintsha iphinikhodi yami ku-ATM?,,[IN:pin_change ]
banking,pin_change,Ngingakwazi yini ukushintsha iPIN yami uma ikhadi lami liphelelwe yisikhathi?,,[IN:pin_change ]
banking,pin_change,Ngingaqinisekisa kanjani ukuthi iphinikhodi yami entsha kulula ukuyikhumbula kodwa ivikelekile?,,[IN:pin_change ]
banking,pin_change,Ngingakwazi yini ukushintsha iPIN yami uma ngilahlekelwe ikhadi lami?,,[IN:pin_change ]
banking,pin_change,Ingabe kunomkhawulo wesikhathi wokushintsha iphinikhodi yami ngemva kokuthola ikhadi elisha?,,[IN:pin_change ]
banking,pin_change,Ngingakwazi yini ukushintsha iphinikhodi yami uma nginamakhadi amaningi axhunywe ku-akhawunti efanayo?,,[IN:pin_change ]
banking,pin_change,Ngingazivimba kanjani izinguquko zePIN ezingagunyaziwe?,,[IN:pin_change ]
banking,pin_change,Ngingakwazi yini ukushintsha iphinikhodi yami uma ngingaboni kahle?,,[IN:pin_change ]
banking,pin_change,Ingabe ikhona indlela yokushintsha iphinikhodi yami uma ngingezwa kahle?,,[IN:pin_change ]
banking,pin_change,Ngingakwazi yini ukushintsha iphinikhodi yami uma ngingakwazi ukufinyelela ifoni noma i-inthanethi?,,[IN:pin_change ]
banking,pin_change,Ngingakuqinisekisa kanjani ukuthi ngingubani uma ngishintsha iphinikhodi yami ngefoni?,,[IN:pin_change ]
banking,pin_change,Ngingakwazi yini ukushintsha iPIN yami uma ngibhekene nezinkinga zezimali?,,[IN:pin_change ]
banking,pin_change,Ingabe ikhona imali yokushintsha iphinikhodi yami ku-ATM?,,[IN:pin_change ]
banking,pin_change,Ngingakwazi yini ukushintsha iPIN yami uma ikhadi lami lonakele?,,[IN:pin_change ]
banking,pin_change,Ngingayishintsha kanjani iPIN yami uma ngingakwazi ukuvakashela igatsha?,,[IN:pin_change ]
banking,pin_change,Ngingakwazi yini ukushintsha iPIN yami uma ngivakashela phesheya?,,[IN:pin_change ]
banking,pin_change,Ingabe kuyadingeka ukushintsha iPIN yami uma sekunesikhathi eside ngingasebenzisi ikhadi lami?,,[IN:pin_change ]
banking,pin_change,Ngingakwazi yini ukushintsha iPIN yami uma ngine-akhawunti ehlanganyelwe?,49:72:SL:ACCOUNT_TYPE,[IN:pin_change [SL:ACCOUNT_TYPE akhawunti ehlanganyelwe] ]
banking,pin_change,Ngingayishintsha kanjani iPIN yami uma ngikhohlwe imibuzo yami yezokuphepha?,,[IN:pin_change ]
banking,pin_change,Ngingakwazi yini ukushintsha iphinikhodi yami uma ngisanda kushintsha igama lami?,,[IN:pin_change ]
banking,pin_change,Ingabe kuphephile ukushintsha iphinikhodi yami kunethiwekhi yomphakathi yeWi-Fi?,,[IN:pin_change ]
banking,pin_change,Ngingakwazi yini ukushintsha iPIN yami uma ngilahlekelwe yiselula yami?,,[IN:pin_change ]
banking,pin_change,Ngingayishintsha kanjani iPIN yami uma ngingakwazi ukukhumbula iPIN yami endala?,,[IN:pin_change ]
banking,pin_change,Ngingakwazi yini ukushintsha iPIN yami uma ikhadi lami lebiwe?,,[IN:pin_change ]
banking,pin_change,Ingabe kunomkhawulo wokuthi ngingashintsha izikhathi ezingaki iphinikhodi yami ngosuku?,,[IN:pin_change ]
banking,pin_change,Mangaki amarandi engingawashintsha ngo-1000 yen?,"11:16:SL:CURRENCY,39:43:SL:NUMBER,44:47:SL:CURRENCY",[IN:pin_change [SL:CURRENCY randi] [SL:NUMBER 1000] [SL:CURRENCY yen] ]
banking,pin_change,Ngingayishintsha kanjani iPIN yami uma ngingakwazi ukufinyelela i-akhawunti yami yasebhange eku-inthanethi?,,[IN:pin_change ]
banking,pin_change,Ngingakwazi yini ukushintsha iphinikhodi yami uma ngingaphansi kweminyaka engu-18 ubudala?,79:81:SL:NUMBER,[IN:pin_change [SL:NUMBER 18] ]
banking,pin_change,Ingabe ngiyakwazi ukushintsha iphinikhodi yami uma okwamanje ngiphesheya kwezilwandle?,,[IN:pin_change ]
travel,exchange_rate,Lithini izinga lokushintshiselana ngamadola aseMelika ukuya kuma-euro?,"39:43:SL:CURRENCY,47:53:SL:COUNTRY,65:69:SL:CURRENCY",[IN:exchange_rate [SL:CURRENCY dola] [SL:COUNTRY Melika] [SL:CURRENCY euro] ]
banking,pin_change,Ingakanani iCAD engingayithola ngeUSD yami eyodwa?,"12:15:SL:CURRENCY,34:37:SL:CURRENCY,43:49:SL:NUMBER",[IN:pin_change [SL:CURRENCY CAD] [SL:CURRENCY USD] [SL:NUMBER eyodwa] ]
banking,pin_change,Liyini izinga lokushintsha iUSD neZAR njengamanje ?,"28:31:SL:CURRENCY,34:37:SL:CURRENCY",[IN:pin_change [SL:CURRENCY USD] [SL:CURRENCY ZAR] ]
banking,pin_change,Lithini izinga lokushintshisana phakathi kwamaphawundi aseBrithani kanye neYen?,"46:54:SL:CURRENCY,58:66:SL:COUNTRY,75:78:SL:CURRENCY",[IN:pin_change [SL:CURRENCY phawundi] [SL:COUNTRY Brithani] [SL:CURRENCY Yen] ]
banking,pin_change,Libizani ipondo laseBrithani kunepesos yaseMexico?,"9:15:SL:CURRENCY,20:28:SL:COUNTRY,33:38:SL:CURRENCY,43:49:SL:COUNTRY",[IN:pin_change [SL:CURRENCY ipondo] [SL:COUNTRY Brithani] [SL:CURRENCY pesos] [SL:COUNTRY Mexico] ]
travel,exchange_rate,Kuthatha isikhathi esingakanani utamatisi ukuthi aphelelwe yisikhathi?,32:41:SL:DISH_OR_FOOD,[IN:exchange_rate [SL:DISH_OR_FOOD utamatisi] ]
travel,exchange_rate,Ingabe i-tofu ihlala isikhathi eside efrijini ngaphambi kokuba ibe mbi?,9:13:SL:DISH_OR_FOOD,[IN:exchange_rate [SL:DISH_OR_FOOD tofu] ]
kitchen_and_dining,food_last,Ngingakwazi ukugcina izinhlanzi efrijini kuze kube nini ngaphambi kokuba zonakale?,21:31:SL:DISH_OR_FOOD,[IN:food_last [SL:DISH_OR_FOOD izinhlanzi] ]
kitchen_and_dining,food_last,Ngingakwazi yini ukushintsha iphinikhodi yami uma ngisanda kushintsha inombolo yami yocingo?,,[IN:food_last ]
kitchen_and_dining,food_last,Ubisi luphelelwa nini isikhathi?,0:5:SL:DISH_OR_FOOD,[IN:food_last [SL:DISH_OR_FOOD Ubisi] ]
kitchen_and_dining,food_last,Iklabishi lihlala isikhathi esingakanani ngaphambi kokuba libole?,0:9:SL:DISH_OR_FOOD,[IN:food_last [SL:DISH_OR_FOOD Iklabishi] ]
kitchen_and_dining,meal_suggestion,Yini engingayipheka ngisebenzisa inyama yenkukhu?,33:48:SL:DISH_OR_FOOD,[IN:meal_suggestion [SL:DISH_OR_FOOD inyama yenkukhu] ]
banking,pin_change,Yini engingayenza ngesidlo sakusihlwa ngisebenzisa inyama yenkomo?,"21:37:SL:MEAL_PERIOD,51:65:SL:DISH_OR_FOOD",[IN:pin_change [SL:MEAL_PERIOD sidlo sakusihlwa] [SL:DISH_OR_FOOD inyama yenkomo] ]
banking,pin_change,Yini engingayenza ngesidlo sakusihlwa nginenyama yenkukhu efrijini?,"18:37:SL:MEAL_PERIOD,43:57:SL:DISH_OR_FOOD",[IN:pin_change [SL:MEAL_PERIOD ngesidlo sakusihlwa] [SL:DISH_OR_FOOD nyama yenkukhu] ]
kitchen_and_dining,meal_suggestion,Yini engizoyipheka ngisebenzisa ithini likafishi?,32:48:SL:DISH_OR_FOOD,[IN:meal_suggestion [SL:DISH_OR_FOOD ithini likafishi] ]
banking,pin_change,Kuthatha isikhathi esingakanani ukwenza izimfanzi scampi?,,[IN:pin_change ]
kitchen_and_dining,cook_time,Ngidinga isikhathi esingakanani ukupheka i-tuna casserole?,43:57:SL:DISH_OR_FOOD,[IN:cook_time [SL:DISH_OR_FOOD tuna casserole] ]
kitchen_and_dining,cook_time,Singakanani isikhathi esimaphakathi sokupheka samaphiko?,46:55:SL:DISH_OR_FOOD,[IN:cook_time [SL:DISH_OR_FOOD samaphiko] ]
kitchen_and_dining,cook_time,Kudingeka isikhathi esingakanani lesi sidlo sibe kuhhavini?,,[IN:cook_time ]
kitchen_and_dining,cook_time,Kuthatha isikhathi esingakanani ingulube ukuyipheka?,32:40:SL:DISH_OR_FOOD,[IN:cook_time [SL:DISH_OR_FOOD ingulube] ]
kitchen_and_dining,cook_time,Yiziphi izithako engizidingayo kumuntu othanda ukudla ovamile waseNingizimu Afrika?,66:82:SL:COUNTRY,[IN:cook_time [SL:COUNTRY Ningizimu Afrika] ]
kitchen_and_dining,cook_time,Ungakwazi yini ukuklelisa izithako ze-potjiekos ejwayelekile yaseNingizimu Afrika?,"38:47:SL:DISH_OR_FOOD,65:81:SL:COUNTRY",[IN:cook_time [SL:DISH_OR_FOOD potjiekos] [SL:COUNTRY Ningizimu Afrika] ]
kitchen_and_dining,cook_time,Yiziphi izithako zokwenza i-tart yobisi yaseNingizimu Afrika?,"28:39:SL:DISH_OR_FOOD,44:60:SL:COUNTRY",[IN:cook_time [SL:DISH_OR_FOOD tart yobisi] [SL:COUNTRY Ningizimu Afrika] ]
kitchen_and_dining,cook_time,Ungakwazi ukungitshela izithako zechakalaka yaseNingizimu Afrika yakudala?,"34:43:SL:DISH_OR_FOOD,48:64:SL:COUNTRY",[IN:cook_time [SL:DISH_OR_FOOD chakalaka] [SL:COUNTRY Ningizimu Afrika] ]
kitchen_and_dining,ingredients_list,Yini engiyidingayo ukuze ngenze i-papa ne-vleis yaseNingizimu Afrika?,"34:47:SL:DISH_OR_FOOD,52:68:SL:COUNTRY",[IN:ingredients_list [SL:DISH_OR_FOOD papa ne-vleis] [SL:COUNTRY Ningizimu Afrika] ]
kitchen_and_dining,ingredients_list,Ungakwazi yini ukuklelisa izithako ze-marinade ye-braai yaseNingizimu Afrika?,"38:46:SL:DISH_OR_FOOD,50:55:SL:DISH_OR_FOOD,60:76:SL:COUNTRY",[IN:ingredients_list [SL:DISH_OR_FOOD marinade] [SL:DISH_OR_FOOD braai] [SL:COUNTRY Ningizimu Afrika] ]
kitchen_and_dining,ingredients_list,Yiziphi izithako ezisetshenziswa eresiphi yendabuko yaseNingizimu Afrika ye-boerewors?,"56:72:SL:COUNTRY,76:85:SL:DISH_OR_FOOD",[IN:ingredients_list [SL:COUNTRY Ningizimu Afrika] [SL:DISH_OR_FOOD boerewors] ]
kitchen_and_dining,ingredients_list,Ungangitshela izithako zokwenza i-biltong yaseNingizimu Afrika?,"34:41:SL:DISH_OR_FOOD,46:62:SL:COUNTRY",[IN:ingredients_list [SL:DISH_OR_FOOD biltong] [SL:COUNTRY Ningizimu Afrika] ]
kitchen_and_dining,ingredients_list,Yiziphi izithako ze-malva pudding yaseNingizimu Afrika?,"20:33:SL:DISH_OR_FOOD,38:54:SL:COUNTRY",[IN:ingredients_list [SL:DISH_OR_FOOD malva pudding] [SL:COUNTRY Ningizimu Afrika] ]
kitchen_and_dining,ingredients_list,Ungakwazi yini ukuklelisa izithako ze-snoek braai yaseNingizimu Afrika?,"38:49:SL:DISH_OR_FOOD,54:70:SL:COUNTRY",[IN:ingredients_list [SL:DISH_OR_FOOD snoek braai] [SL:COUNTRY Ningizimu Afrika] ]
kitchen_and_dining,ingredients_list,Yini engiyidingayo ukuze ngenze ama-koeksister aseNingizimu Afrika?,"36:46:SL:DISH_OR_FOOD,50:66:SL:COUNTRY",[IN:ingredients_list [SL:DISH_OR_FOOD koeksister] [SL:COUNTRY Ningizimu Afrika] ]
kitchen_and_dining,ingredients_list,Ngicela ungitshele izithako zesitambu nobhontshisi dish laseNingizimu Afrika?,"30:50:SL:DISH_OR_FOOD,60:76:SL:COUNTRY",[IN:ingredients_list [SL:DISH_OR_FOOD sitambu nobhontshisi] [SL:COUNTRY Ningizimu Afrika] ]
kitchen_and_dining,ingredients_list,Yiziphi izithako ezisetshenziswa ku-melktert yaseNingizimu Afrika?,"36:44:SL:DISH_OR_FOOD,49:65:SL:COUNTRY",[IN:ingredients_list [SL:DISH_OR_FOOD melktert] [SL:COUNTRY Ningizimu Afrika] ]
kitchen_and_dining,ingredients_list,Ungakwazi yini ukuklelisa izithako ze-skilpadjies zendabuko zaseNingizimu Afrika?,"38:49:SL:DISH_OR_FOOD,64:80:SL:COUNTRY",[IN:ingredients_list [SL:DISH_OR_FOOD skilpadjies] [SL:COUNTRY Ningizimu Afrika] ]
kitchen_and_dining,ingredients_list,Yiziphi izithako zokwenza ama-sosaties aseNingizimu Afrika?,"30:38:SL:DISH_OR_FOOD,42:58:SL:COUNTRY",[IN:ingredients_list [SL:DISH_OR_FOOD sosaties] [SL:COUNTRY Ningizimu Afrika] ]
kitchen_and_dining,ingredients_list,Ngicela ungitshele izithako zeqhude laseNingizimu Afrika?,"30:35:SL:DISH_OR_FOOD,40:56:SL:COUNTRY",[IN:ingredients_list [SL:DISH_OR_FOOD qhude] [SL:COUNTRY Ningizimu Afrika] ]
kitchen_and_dining,ingredients_list,Yini engiyidingayo ukuze ngenze ama-slap chips aseNingizimu Afrika?,"32:46:SL:DISH_OR_FOOD,50:66:SL:COUNTRY",[IN:ingredients_list [SL:DISH_OR_FOOD ama-slap chips] [SL:COUNTRY Ningizimu Afrika] ]
kitchen_and_dining,ingredients_list,Ungakwazi yini ukuklelisa izithako zesiteki saseNingizimu Afrika kanye nophaya wezinso?,"35:43:SL:DISH_OR_FOOD,48:64:SL:COUNTRY,71:86:SL:DISH_OR_FOOD",[IN:ingredients_list [SL:DISH_OR_FOOD zesiteki] [SL:COUNTRY Ningizimu Afrika] [SL:DISH_OR_FOOD nophaya wezinso] ]
kitchen_and_dining,ingredients_list,Yiziphi izithako ezisetshenziswa ku-bunny chow waseNingizimu Afrika?,"36:46:SL:DISH_OR_FOOD,51:67:SL:COUNTRY",[IN:ingredients_list [SL:DISH_OR_FOOD bunny chow] [SL:COUNTRY Ningizimu Afrika] ]
kitchen_and_dining,ingredients_list,Ungakwazi ukungitshela izithako zenkukhu yaseNingizimu Afrika ye-peri-peri?,"34:40:SL:DISH_OR_FOOD,45:61:SL:COUNTRY,65:74:SL:DISH_OR_FOOD",[IN:ingredients_list [SL:DISH_OR_FOOD nkukhu] [SL:COUNTRY Ningizimu Afrika] [SL:DISH_OR_FOOD peri-peri] ]
kitchen_and_dining,ingredients_list,Yiziphi izithako zokwenza i-potbrood yaseNingizimu Afrika?,"28:36:SL:DISH_OR_FOOD,41:57:SL:COUNTRY",[IN:ingredients_list [SL:DISH_OR_FOOD potbrood] [SL:COUNTRY Ningizimu Afrika] ]
kitchen_and_dining,ingredients_list,Ungakwazi yini ukuklelisa izithako ze-tart yobisi yaseNingizimu Afrika?,"38:49:SL:DISH_OR_FOOD,54:70:SL:COUNTRY",[IN:ingredients_list [SL:DISH_OR_FOOD tart yobisi] [SL:COUNTRY Ningizimu Afrika] ]
kitchen_and_dining,ingredients_list,Ngidingani ukwenza i-bobotie pie yaseNingizimu Afrika?,"21:32:SL:DISH_OR_FOOD,37:53:SL:COUNTRY",[IN:ingredients_list [SL:DISH_OR_FOOD bobotie pie] [SL:COUNTRY Ningizimu Afrika] ]
kitchen_and_dining,ingredients_list,Ngicela ungitshele izithako ze-boerewors roll yaseNingizimu Afrika?,"31:45:SL:DISH_OR_FOOD,50:66:SL:COUNTRY",[IN:ingredients_list [SL:DISH_OR_FOOD boerewors roll] [SL:COUNTRY Ningizimu Afrika] ]
kitchen_and_dining,ingredients_list,Yiziphi izithako ezisetshenziswa kukhari yenkukhu yaseNingizimu Afrika?,"33:49:SL:DISH_OR_FOOD,54:70:SL:COUNTRY",[IN:ingredients_list [SL:DISH_OR_FOOD kukhari yenkukhu] [SL:COUNTRY Ningizimu Afrika] ]
kitchen_and_dining,ingredients_list,Ungakwazi yini ukuklelisa izithako ze-pap tert yaseNingizimu Afrika?,"38:46:SL:DISH_OR_FOOD,51:67:SL:COUNTRY",[IN:ingredients_list [SL:DISH_OR_FOOD pap tert] [SL:COUNTRY Ningizimu Afrika] ]
kitchen_and_dining,ingredients_list,Yiziphi izithako zokwenza i-waterblommetjiebredie yaseNingizimu Afrika?,"28:49:SL:DISH_OR_FOOD,54:70:SL:COUNTRY",[IN:ingredients_list [SL:DISH_OR_FOOD waterblommetjiebredie] [SL:COUNTRY Ningizimu Afrika] ]
kitchen_and_dining,ingredients_list,Ungakwazi ukungitshela izithako zomdubuli we-melktert waseNingizimu Afrika?,"45:53:SL:DISH_OR_FOOD,58:74:SL:COUNTRY",[IN:ingredients_list [SL:DISH_OR_FOOD melktert] [SL:COUNTRY Ningizimu Afrika] ]
kitchen_and_dining,ingredients_list,Yini engiyidingayo ukuze ngenze u-ayisikhilimu we-malva pudding waseNingizimu Afrika?,"34:46:SL:DISH_OR_FOOD,50:63:SL:DISH_OR_FOOD,68:84:SL:COUNTRY",[IN:ingredients_list [SL:DISH_OR_FOOD ayisikhilimu] [SL:DISH_OR_FOOD malva pudding] [SL:COUNTRY Ningizimu Afrika] ]
kitchen_and_dining,ingredients_list,Ungakwazi yini ukuklelisa izithako ze-koeksister pudding yaseNingizimu Afrika?,"38:56:SL:DISH_OR_FOOD,61:77:SL:COUNTRY",[IN:ingredients_list [SL:DISH_OR_FOOD koeksister pudding] [SL:COUNTRY Ningizimu Afrika] ]
kitchen_and_dining,ingredients_list,Yiziphi izithako ezisetshenziswa ku-braaibroodjie yaseNingizimu Afrika?,"36:49:SL:DISH_OR_FOOD,54:70:SL:COUNTRY",[IN:ingredients_list [SL:DISH_OR_FOOD braaibroodjie] [SL:COUNTRY Ningizimu Afrika] ]
kitchen_and_dining,ingredients_list,Ungangitshela izithako ze-pizza ye-boerewors yaseNingizimu Afrika?,"26:44:SL:DISH_OR_FOOD,49:65:SL:COUNTRY",[IN:ingredients_list [SL:DISH_OR_FOOD pizza ye-boerewors] [SL:COUNTRY Ningizimu Afrika] ]
kitchen_and_dining,ingredients_list,Yiziphi izithako zokwenza igwinya ne-mince yaseNingizimu Afrika?,"26:42:SL:DISH_OR_FOOD,47:63:SL:COUNTRY",[IN:ingredients_list [SL:DISH_OR_FOOD igwinya ne-mince] [SL:COUNTRY Ningizimu Afrika] ]
kitchen_and_dining,ingredients_list,Ungakwazi yini ukuklelisa izithako zepapa yaseNingizimu Afrika ne-wors casserole?,"37:41:SL:DISH_OR_FOOD,46:62:SL:COUNTRY",[IN:ingredients_list [SL:DISH_OR_FOOD papa] [SL:COUNTRY Ningizimu Afrika] ]
kitchen_and_dining,ingredients_list,Ngidingani ukwenza ama-bobotie burger aseNingizimu Afrika?,"23:37:SL:DISH_OR_FOOD,41:57:SL:COUNTRY",[IN:ingredients_list [SL:DISH_OR_FOOD bobotie burger] [SL:COUNTRY Ningizimu Afrika] ]
kitchen_and_dining,ingredients_list,Ungakwazi ukungitshela izithako ze-pizza yechakalaka yaseNingizimu Afrika?,"35:52:SL:DISH_OR_FOOD,57:73:SL:COUNTRY",[IN:ingredients_list [SL:DISH_OR_FOOD pizza yechakalaka] [SL:COUNTRY Ningizimu Afrika] ]
kitchen_and_dining,ingredients_list,Yiziphi izithako ezisetshenziswa ku-snoek pate yaseNingizimu Afrika?,"36:46:SL:DISH_OR_FOOD,51:67:SL:COUNTRY",[IN:ingredients_list [SL:DISH_OR_FOOD snoek pate] [SL:COUNTRY Ningizimu Afrika] ]
kitchen_and_dining,ingredients_list,Ungakwazi yini ukuklelisa izithako zikaphayi we-potjiekos waseNingizimu Afrika?,"39:57:SL:DISH_OR_FOOD,62:78:SL:COUNTRY",[IN:ingredients_list [SL:DISH_OR_FOOD phayi we-potjiekos] [SL:COUNTRY Ningizimu Afrika] ]
kitchen_and_dining,ingredients_list,Yiziphi izithako zokwenza i-biltong pasta yaseNingizimu Afrika?,"28:41:SL:DISH_OR_FOOD,46:62:SL:COUNTRY",[IN:ingredients_list [SL:DISH_OR_FOOD biltong pasta] [SL:COUNTRY Ningizimu Afrika] ]
kitchen_and_dining,ingredients_list,Ungakwazi ukungitshela izithako ze-malva pudding trifle yaseNingizimu Afrika?,"35:55:SL:DISH_OR_FOOD,60:76:SL:COUNTRY",[IN:ingredients_list [SL:DISH_OR_FOOD malva pudding trifle] [SL:COUNTRY Ningizimu Afrika] ]
kitchen_and_dining,ingredients_list,Yini engiyidingayo ukuze ngenze u-ayisikhilimu we-koeksister waseNingizimu Afrika?,"34:46:SL:DISH_OR_FOOD,50:60:SL:DISH_OR_FOOD,65:81:SL:COUNTRY",[IN:ingredients_list [SL:DISH_OR_FOOD ayisikhilimu] [SL:DISH_OR_FOOD koeksister] [SL:COUNTRY Ningizimu Afrika] ]
kitchen_and_dining,ingredients_list,Ungakwazi yini ukuklelisa izithako zesaladi yenkukhu e-braaied yaseNingizimu Afrika?,"37:62:SL:DISH_OR_FOOD,67:83:SL:COUNTRY",[IN:ingredients_list [SL:DISH_OR_FOOD saladi yenkukhu e-braaied] [SL:COUNTRY Ningizimu Afrika] ]
kitchen_and_dining,ingredients_list,Yiziphi izithako ezisetshenziswa kwisitambu nesitshulu sikabhontshisi eNingizimu Afrika?,71:87:SL:COUNTRY,[IN:ingredients_list [SL:COUNTRY Ningizimu Afrika] ]
kitchen_and_dining,ingredients_list,Ungakwazi ukungitshela izithako zekhekhe likashizi le-melttert laseNingizimu Afrika?,"32:62:SL:DISH_OR_FOOD,67:83:SL:COUNTRY",[IN:ingredients_list [SL:DISH_OR_FOOD zekhekhe likashizi le-melttert] [SL:COUNTRY Ningizimu Afrika] ]
kitchen_and_dining,ingredients_list,Yiziphi izithako zokwenza izilayidi ze-skilpadjies zaseNingizimu Afrika?,"26:50:SL:DISH_OR_FOOD,55:71:SL:COUNTRY",[IN:ingredients_list [SL:DISH_OR_FOOD izilayidi ze-skilpadjies] [SL:COUNTRY Ningizimu Afrika] ]
kitchen_and_dining,ingredients_list,Ungakwazi yini ukuklelisa izithako ze-sosatie skewer yaseNingizimu Afrika?,"38:52:SL:DISH_OR_FOOD,57:73:SL:COUNTRY",[IN:ingredients_list [SL:DISH_OR_FOOD sosatie skewer] [SL:COUNTRY Ningizimu Afrika] ]
kitchen_and_dining,ingredients_list,Ngidingani ukwenza amasemishi e-roosterkoek aseNingizimu Afrika?,"19:43:SL:DISH_OR_FOOD,47:63:SL:COUNTRY",[IN:ingredients_list [SL:DISH_OR_FOOD amasemishi e-roosterkoek] [SL:COUNTRY Ningizimu Afrika] ]
kitchen_and_dining,ingredients_list,Ungakwazi ukungitshela izithako zokugoqa ama-chip chips aseNingizimu Afrika?,"41:55:SL:DISH_OR_FOOD,59:75:SL:COUNTRY",[IN:ingredients_list [SL:DISH_OR_FOOD ama-chip chips] [SL:COUNTRY Ningizimu Afrika] ]
kitchen_and_dining,ingredients_list,Yiziphi izithako ezisetshenziswa kuphaya we-steak waseNingizimu Afrika kanye nebhodwe lezinso?,"33:49:SL:DISH_OR_FOOD,54:70:SL:COUNTRY,86:93:SL:DISH_OR_FOOD",[IN:ingredients_list [SL:DISH_OR_FOOD kuphaya we-steak] [SL:COUNTRY Ningizimu Afrika] [SL:DISH_OR_FOOD lezinso] ]
kitchen_and_dining,ingredients_list,Ungakwazi yini ukuklelisa izithako zesilayidi sikagwaja waseNingizimu Afrika?,"37:55:SL:DISH_OR_FOOD,60:76:SL:COUNTRY",[IN:ingredients_list [SL:DISH_OR_FOOD silayidi sikagwaja] [SL:COUNTRY Ningizimu Afrika] ]
kitchen_and_dining,ingredients_list,Yiziphi izithako zokwenza amaphiko enkukhu e-peri-peri?,26:54:SL:DISH_OR_FOOD,[IN:ingredients_list [SL:DISH_OR_FOOD amaphiko enkukhu e-peri-peri] ]
kitchen_and_dining,ingredients_list,Ungangitshela izithako zediphu ye-potbrood yaseNingizimu Afrika?,"34:42:SL:DISH_OR_FOOD,47:63:SL:COUNTRY",[IN:ingredients_list [SL:DISH_OR_FOOD potbrood] [SL:COUNTRY Ningizimu Afrika] ]
kitchen_and_dining,ingredients_list,Yini engiyidingayo ukuze ngenze amakhekhe imilktart?,32:51:SL:DISH_OR_FOOD,[IN:ingredients_list [SL:DISH_OR_FOOD amakhekhe imilktart] ]
kitchen_and_dining,ingredients_list,Ungakwazi yini ukuklelisa izithako ze-bobotie samoosa yaseNingizimu Afrika?,"38:53:SL:DISH_OR_FOOD,58:74:SL:COUNTRY",[IN:ingredients_list [SL:DISH_OR_FOOD bobotie samoosa] [SL:COUNTRY Ningizimu Afrika] ]
kitchen_and_dining,ingredients_list,Yiziphi izithako ezisetshenziswa ku-boerewors kanye ne-pap tart yaseNingizimu Afrika?,"36:45:SL:DISH_OR_FOOD,55:63:SL:DISH_OR_FOOD,68:84:SL:COUNTRY",[IN:ingredients_list [SL:DISH_OR_FOOD boerewors] [SL:DISH_OR_FOOD pap tart] [SL:COUNTRY Ningizimu Afrika] ]
kitchen_and_dining,ingredients_list,Ungakwazi ukungitshela izithako ze-South African chicken curry potjie?,35:69:SL:DISH_OR_FOOD,[IN:ingredients_list [SL:DISH_OR_FOOD South African chicken curry potjie] ]
kitchen_and_dining,ingredients_list,Yiziphi izithako zokwenza ama-waterblommetjiebredie spring rolls aseNingizimu Afrika?,"30:64:SL:DISH_OR_FOOD,68:84:SL:COUNTRY",[IN:ingredients_list [SL:DISH_OR_FOOD waterblommetjiebredie spring rolls] [SL:COUNTRY Ningizimu Afrika] ]
kitchen_and_dining,ingredients_list,Ungakwazi yini ukuklelisa izithako ze-cocktail ye-milktart shooter yaseNingizimu Afrika?,"38:46:SL:DISH_OR_FOOD,50:58:SL:DISH_OR_FOOD,71:87:SL:COUNTRY",[IN:ingredients_list [SL:DISH_OR_FOOD cocktail] [SL:DISH_OR_FOOD milktart] [SL:COUNTRY Ningizimu Afrika] ]
kitchen_and_dining,ingredients_list,Yini engiyidingayo ukuze ngenze amasemishi aseNingizimu Afrika e-malva pudding ice cream?,"32:42:SL:DISH_OR_FOOD,46:62:SL:COUNTRY,65:88:SL:DISH_OR_FOOD",[IN:ingredients_list [SL:DISH_OR_FOOD amasemishi] [SL:COUNTRY Ningizimu Afrika] [SL:DISH_OR_FOOD malva pudding ice cream] ]
kitchen_and_dining,ingredients_list,Ungakwazi ukungitshela izithako ze-South African koeksister pudding parfait?,49:75:SL:DISH_OR_FOOD,[IN:ingredients_list [SL:DISH_OR_FOOD koeksister pudding parfait] ]
kitchen_and_dining,ingredients_list,Yiziphi izithako ezisetshenziswa e-South African braaibroodjie pizza?,49:68:SL:DISH_OR_FOOD,[IN:ingredients_list [SL:DISH_OR_FOOD braaibroodjie pizza] ]
kitchen_and_dining,ingredients_list,Ungakwazi yini ukuklelisa izithako ze-boerewors kanye ne-papa pie yaseNingizimu Afrika?,"38:65:SL:DISH_OR_FOOD,70:86:SL:COUNTRY",[IN:ingredients_list [SL:DISH_OR_FOOD boerewors kanye ne-papa pie] [SL:COUNTRY Ningizimu Afrika] ]
kitchen_and_dining,ingredients_list,Yiziphi izithako zokwenza ama-vetkoek nama-mince slider aseNingizimu Afrika?,"30:37:SL:DISH_OR_FOOD,43:55:SL:DISH_OR_FOOD,59:75:SL:COUNTRY",[IN:ingredients_list [SL:DISH_OR_FOOD vetkoek] [SL:DISH_OR_FOOD mince slider] [SL:COUNTRY Ningizimu Afrika] ]
kitchen_and_dining,ingredients_list,Ungangitshela izithako ze-pizza yaseNingizimu Afrika yepapa newors?,"26:31:SL:DISH_OR_FOOD,36:52:SL:COUNTRY,55:66:SL:DISH_OR_FOOD",[IN:ingredients_list [SL:DISH_OR_FOOD pizza] [SL:COUNTRY Ningizimu Afrika] [SL:DISH_OR_FOOD papa newors] ]
kitchen_and_dining,ingredients_list,Ngidingani ukwenza ama-bobotie burger aseNingizimu Afrika nge-chutney mayo?,"23:37:SL:DISH_OR_FOOD,41:57:SL:COUNTRY,62:74:SL:DISH_OR_FOOD",[IN:ingredients_list [SL:DISH_OR_FOOD bobotie burger] [SL:COUNTRY Ningizimu Afrika] [SL:DISH_OR_FOOD chutney mayo] ]
kitchen_and_dining,ingredients_list,Ungakwazi yini ukuklelisa izithako zokubhaka i-chakalaka pasta yaseNingizimu Afrika?,"47:62:SL:DISH_OR_FOOD,67:83:SL:COUNTRY",[IN:ingredients_list [SL:DISH_OR_FOOD chakalaka pasta] [SL:COUNTRY Ningizimu Afrika] ]
kitchen_and_dining,ingredients_list,Yiziphi izithako ezisetshenziswa eNingizimu Afrika i-snoek pate crostini?,"34:50:SL:COUNTRY,53:72:SL:DISH_OR_FOOD",[IN:ingredients_list [SL:COUNTRY Ningizimu Afrika] [SL:DISH_OR_FOOD snoek pate crostini] ]
kitchen_and_dining,ingredients_list,Ungakwazi ukungitshela izithako zesitshulu se-potjiekos saseNingizimu Afrika esinamadombolo?,"33:55:SL:DISH_OR_FOOD,60:76:SL:COUNTRY,81:91:SL:DISH_OR_FOOD",[IN:ingredients_list [SL:DISH_OR_FOOD esitshulu se-potjiekos] [SL:COUNTRY Ningizimu Afrika] [SL:DISH_OR_FOOD amadombolo] ]
kitchen_and_dining,ingredients_list,Yiziphi izithako zokwenza i-biltong ne-cheese platter yaseNingizimu Afrika?,"28:35:SL:DISH_OR_FOOD,39:53:SL:DISH_OR_FOOD,58:74:SL:COUNTRY",[IN:ingredients_list [SL:DISH_OR_FOOD biltong] [SL:DISH_OR_FOOD cheese platter] [SL:COUNTRY Ningizimu Afrika] ]
kitchen_and_dining,ingredients_list,Ungakwazi yini ukuklelisa izithako ze-malva pudding trifle yaseNingizimu Afrika nge-Amarula custard?,"38:58:SL:DISH_OR_FOOD,63:79:SL:COUNTRY,84:99:SL:DISH_OR_FOOD",[IN:ingredients_list [SL:DISH_OR_FOOD malva pudding trifle] [SL:COUNTRY Ningizimu Afrika] [SL:DISH_OR_FOOD Amarula custard] ]
kitchen_and_dining,ingredients_list,Yini engiyidingayo ukuze ngenze amasemishi ka-ayisikhilimu we-koeksister waseNingizimu Afrika?,"32:72:SL:DISH_OR_FOOD,77:93:SL:COUNTRY",[IN:ingredients_list [SL:DISH_OR_FOOD amasemishi ka-ayisikhilimu we-koeksister] [SL:COUNTRY Ningizimu Afrika] ]
kitchen_and_dining,ingredients_list,Ngicela ungitshele izithako zesaladi yenkukhu e-braaied yaseNingizimu Afrika ene-mango dressing?,"30:55:SL:DISH_OR_FOOD,60:76:SL:COUNTRY,81:95:SL:DISH_OR_FOOD",[IN:ingredients_list [SL:DISH_OR_FOOD saladi yenkukhu e-braaied] [SL:COUNTRY Ningizimu Afrika] [SL:DISH_OR_FOOD mango dressing] ]
kitchen_and_dining,ingredients_list,Yiziphi izithako ezisetshenziswa esobho laseNingizimu Afrika nesitambu nobhontshisi?,"33:39:SL:DISH_OR_FOOD,44:60:SL:COUNTRY,61:83:SL:DISH_OR_FOOD",[IN:ingredients_list [SL:DISH_OR_FOOD esobho] [SL:COUNTRY Ningizimu Afrika] [SL:DISH_OR_FOOD nesitambu nobhontshisi] ]
kitchen_and_dining,ingredients_list,Ungakwazi yini ukuklelisa izithako zamabha aseNingizimu Afrika e-melttert yekhekhe likashizi?,"46:62:SL:COUNTRY,65:92:SL:DISH_OR_FOOD",[IN:ingredients_list [SL:COUNTRY Ningizimu Afrika] [SL:DISH_OR_FOOD melttert yekhekhe likashizi] ]
kitchen_and_dining,ingredients_list,Yiziphi izithako zokwenza izilayidi ze-skilpadjies zaseNingizimu Afrika ngotamatisi omnandi?,"26:50:SL:DISH_OR_FOOD,55:71:SL:COUNTRY,75:83:SL:DISH_OR_FOOD",[IN:ingredients_list [SL:DISH_OR_FOOD izilayidi ze-skilpadjies] [SL:COUNTRY Ningizimu Afrika] [SL:DISH_OR_FOOD tamatisi] ]
kitchen_and_dining,ingredients_list,Ungakwazi ukungitshela izithako ze-sosatie skewer yaseNingizimu Afrika ene-apricot glaze?,"35:49:SL:DISH_OR_FOOD,54:70:SL:COUNTRY,75:88:SL:DISH_OR_FOOD",[IN:ingredients_list [SL:DISH_OR_FOOD sosatie skewer] [SL:COUNTRY Ningizimu Afrika] [SL:DISH_OR_FOOD apricot glaze] ]
kitchen_and_dining,ingredients_list,Ngidingani ukwenza amasemishi e-roosterkoek aseNingizimu Afrika ngebhotela likagalikhi?,"32:43:SL:DISH_OR_FOOD,47:63:SL:COUNTRY,64:86:SL:DISH_OR_FOOD",[IN:ingredients_list [SL:DISH_OR_FOOD roosterkoek] [SL:COUNTRY Ningizimu Afrika] [SL:DISH_OR_FOOD ngebhotela likagalikhi] ]
kitchen_and_dining,ingredients_list,Ungakwazi yini ukuklelisa izithako zokugoqwa kwama-chip chips aseNingizimu Afrika nge-peri-peri sauce?,"51:61:SL:DISH_OR_FOOD,65:81:SL:COUNTRY,86:101:SL:DISH_OR_FOOD",[IN:ingredients_list [SL:DISH_OR_FOOD chip chips] [SL:COUNTRY Ningizimu Afrika] [SL:DISH_OR_FOOD peri-peri sauce] ]
kitchen_and_dining,ingredients_list,Yiziphi izithako ezisetshenziswa kuphaya westeak waseNingizimu Afrika kanye nebhodwe lezinso ne-puff pastry?,"33:48:SL:DISH_OR_FOOD,53:69:SL:COUNTRY,85:92:SL:DISH_OR_FOOD,96:107:SL:DISH_OR_FOOD",[IN:ingredients_list [SL:DISH_OR_FOOD kuphaya westeak] [SL:COUNTRY Ningizimu Afrika] [SL:DISH_OR_FOOD lezinso] [SL:DISH_OR_FOOD puff pastry] ]
kitchen_and_dining,ingredients_list,Ungakwazi ukungitshela izithako zesilayidi sikagwaja waseNingizimu Afrika onemifino efakwe emanzini anosawoti?,"34:52:SL:DISH_OR_FOOD,57:73:SL:COUNTRY,74:83:SL:DISH_OR_FOOD",[IN:ingredients_list [SL:DISH_OR_FOOD silayidi sikagwaja] [SL:COUNTRY Ningizimu Afrika] [SL:DISH_OR_FOOD onemifino] ]
kitchen_and_dining,ingredients_list,Ngingathanda ukubhukha ihhotela eKapa ohambweni lwami oluzayo.,33:37:SL:CITY_OR_PROVINCE,[IN:ingredients_list [SL:CITY_OR_PROVINCE Kapa] ]
kitchen_and_dining,ingredients_list,Ungakwazi ukusikisela ihhotela elihle eGoli?,38:43:SL:CITY_OR_PROVINCE,[IN:ingredients_list [SL:CITY_OR_PROVINCE eGoli] ]
kitchen_and_dining,ingredients_list,Ngidinga ihhotela eThekwini elinokubukwa olwandle.,18:27:SL:CITY_OR_PROVINCE,[IN:ingredients_list [SL:CITY_OR_PROVINCE eThekwini] ]
kitchen_and_dining,ingredients_list,Imaphi amanye amahhotela athengekayo ePitoli?,37:44:SL:CITY_OR_PROVINCE,[IN:ingredients_list [SL:CITY_OR_PROVINCE ePitoli] ]
travel,book_hotel,Ngifuna ihhotela elilungele umndeni ePort Elizabeth.,37:51:SL:CITY_OR_PROVINCE,[IN:book_hotel [SL:CITY_OR_PROVINCE Port Elizabeth] ]
travel,book_hotel,Ingabe unazo izincomo zamahhotela eBloemfontein?,35:47:SL:CITY_OR_PROVINCE,[IN:book_hotel [SL:CITY_OR_PROVINCE Bloemfontein] ]
travel,book_hotel,Ngidinga ihhotela e-Kimberley eliseduze nezindawo eziheha izivakashi.,20:29:SL:CITY_OR_PROVINCE,[IN:book_hotel [SL:CITY_OR_PROVINCE Kimberley] ]
travel,book_hotel,Ungakwazi ukungisiza ngithole ihhotela ePolokwane elinikeza isevisi yezokuthutha esikhumulweni sezindiza?,39:49:SL:CITY_OR_PROVINCE,[IN:book_hotel [SL:CITY_OR_PROVINCE ePolokwane] ]
travel,book_hotel,Imaphi amahhotela ahamba phambili eNelspruit lapho ubalekela khona ezothando?,34:44:SL:CITY_OR_PROVINCE,[IN:book_hotel [SL:CITY_OR_PROVINCE eNelspruit] ]
travel,book_hotel,Ngicinga ihhotela eliwubukhazikhazi eStellenbosch lomcimbi okhethekile.,37:49:SL:PLACE_NAME,[IN:book_hotel [SL:PLACE_NAME Stellenbosch] ]
travel,book_hotel,Ungakwazi yini ukuphakamisa ihhotela eRustenburg elinedamu lokubhukuda?,37:48:SL:CITY_OR_PROVINCE,[IN:book_hotel [SL:CITY_OR_PROVINCE eRustenburg] ]
travel,book_hotel,Ngidinga ihhotela elilungele izilwane ezifuywayo e-East London.,51:62:SL:CITY_OR_PROVINCE,[IN:book_hotel [SL:CITY_OR_PROVINCE East London] ]
travel,book_hotel,Imaphi amahhotela asezingeni eliphezulu eGeorge?,41:47:SL:CITY_OR_PROVINCE,[IN:book_hotel [SL:CITY_OR_PROVINCE George] ]
travel,book_hotel,Ngifuna ihotela lesitolo sezimpahla ezibizayo eFranschhoek elinespa.,46:58:SL:PLACE_NAME,[IN:book_hotel [SL:PLACE_NAME eFranschhoek] ]
travel,book_hotel,Ungakwazi ukusikisela ihhotela ePaarl elinokubukwa kwesivini?,32:37:SL:CITY_OR_PROVINCE,[IN:book_hotel [SL:CITY_OR_PROVINCE Paarl] ]
travel,book_hotel,Ngidinga ihhotela elingasebenziseka kalula ePietermaritzburg.,43:60:SL:CITY_OR_PROVINCE,[IN:book_hotel [SL:CITY_OR_PROVINCE ePietermaritzburg] ]
travel,book_hotel,Imaphi amahhotela angcono kakhulu eHazyview abathandi bemvelo?,35:43:SL:PLACE_NAME,[IN:book_hotel [SL:PLACE_NAME Hazyview] ]
travel,book_hotel,Ngicinga ihhotela eMossel Bay elinokubukwa kolwandle.,18:29:SL:PLACE_NAME,[IN:book_hotel [SL:PLACE_NAME eMossel Bay] ]
travel,book_hotel,Ungakwazi ukungisiza ngithole ihhotela ePlettenberg Bay eduze nolwandle?,40:55:SL:PLACE_NAME,[IN:book_hotel [SL:PLACE_NAME Plettenberg Bay] ]
travel,book_hotel,Imaphi amahhotela aziwa kakhulu eKnysna?,33:39:SL:PLACE_NAME,[IN:book_hotel [SL:PLACE_NAME Knysna] ]
travel,book_hotel,Ngibheka ihhotela eliseSoweto elinikeza abantu abavakashi abaqondisiwe.,23:29:SL:PLACE_NAME,[IN:book_hotel [SL:PLACE_NAME Soweto] ]
travel,book_hotel,Ungakwazi yini ukuphakamisa ihhotela eliseSun City elinokufinyelela ezinsizeni zale ndawo?,42:50:SL:PLACE_NAME,[IN:book_hotel [SL:PLACE_NAME Sun City] ]
travel,book_hotel,Ngidinga ihhotela eMhlanga Rocks elikwazi ukufinyelela kalula olwandle.,18:32:SL:PLACE_NAME,[IN:book_hotel [SL:PLACE_NAME eMhlanga Rocks] ]
travel,book_hotel,Imaphi amahhotela ahamba phambili ePort Alfred ezindawo zokungcebeleka ngasolwandle?,35:46:SL:PLACE_NAME,[IN:book_hotel [SL:PLACE_NAME Port Alfred] ]
travel,book_hotel,Ngicinga ihhotela eJeffreys Bay elaziwa ngezindawo zokuntweza.,19:31:SL:PLACE_NAME,[IN:book_hotel [SL:PLACE_NAME Jeffreys Bay] ]
travel,book_hotel,Ungakwazi ukusikisela ihhotela eClarens elinokubukwa kwezintaba?,32:39:SL:PLACE_NAME,[IN:book_hotel [SL:PLACE_NAME Clarens] ]
travel,book_hotel,Ngidinga ihhotela eHimeville ukuze ngivakashele ezintabeni zoKhahlamba.,18:28:SL:PLACE_NAME,[IN:book_hotel [SL:PLACE_NAME eHimeville] ]
travel,book_hotel,Imaphi amahhotela asezingeni eliphezulu eSt Lucia abathandi bezilwane zasendle?,41:49:SL:PLACE_NAME,[IN:book_hotel [SL:PLACE_NAME St Lucia] ]
travel,book_hotel,Ngifuna ihhotela eGraaff-Reinet elinentelezi yomlando.,17:31:SL:PLACE_NAME,[IN:book_hotel [SL:PLACE_NAME eGraaff-Reinet] ]
travel,book_hotel,Ungakwazi yini ukuphakamisa ihhotela eCullinan elinikezela ngohambo lwemayini yedayimane?,37:46:SL:PLACE_NAME,[IN:book_hotel [SL:PLACE_NAME eCullinan] ]
travel,book_hotel,Ngidinga ihhotela eBallito elineklabhu yezingane.,18:26:SL:PLACE_NAME,[IN:book_hotel [SL:PLACE_NAME eBallito] ]
travel,book_hotel,Imaphi amahhotela aphambili eLangebaan abathanda imidlalo yasemanzini?,28:38:SL:PLACE_NAME,[IN:book_hotel [SL:PLACE_NAME eLangebaan] ]
travel,book_hotel,Ngicinga ihhotela eHartbeespoort elinombono wedamu.,19:32:SL:PLACE_NAME,[IN:book_hotel [SL:PLACE_NAME Hartbeespoort] ]
travel,book_hotel,Ungakwazi ukungisiza ngithole ihhotela eMagaliesburg elinokugibela ibhaluni lomoya oshisayo?,40:52:SL:PLACE_NAME,[IN:book_hotel [SL:PLACE_NAME Magaliesburg] ]
travel,book_hotel,Imaphi amahhotela aziwa kakhulu eDullstroom okudoba itrout?,"33:43:SL:PLACE_NAME,53:58:SL:DISH_OR_FOOD",[IN:book_hotel [SL:PLACE_NAME Dullstroom] [SL:DISH_OR_FOOD trout] ]
travel,book_hotel,Ngifuna ihhotela ePilanesberg National Park ukuze uthole ulwazi lwe-safari.,18:43:SL:PLACE_NAME,[IN:book_hotel [SL:PLACE_NAME Pilanesberg National Park] ]
travel,book_hotel,Ungakwazi ukusikisela ihhotela eHermanus ukuze ubuke imikhomo?,31:40:SL:PLACE_NAME,[IN:book_hotel [SL:PLACE_NAME eHermanus] ]
travel,book_hotel,Ngidinga ihhotela ePaternoster ngeholide lolwandle eliphumulele.,19:30:SL:PLACE_NAME,[IN:book_hotel [SL:PLACE_NAME Paternoster] ]
travel,book_hotel,Imaphi amahhotela ahamba phambili eSwellendam ezindawo zokuhlala zasemaphandleni?,35:45:SL:PLACE_NAME,[IN:book_hotel [SL:PLACE_NAME Swellendam] ]
travel,book_hotel,Ngithungatha ihhotela e-Oudtshoorn elaziwa ngamapulazi ezintshe.,24:34:SL:PLACE_NAME,[IN:book_hotel [SL:PLACE_NAME Oudtshoorn] ]
travel,book_hotel,Ungakwazi yini ukuphakamisa ihhotela e-Addo Elephant National Park nge-wildlife safaris?,39:66:SL:PLACE_NAME,[IN:book_hotel [SL:PLACE_NAME Addo Elephant National Park] ]
travel,book_hotel,Ngidinga ihhotela eMontagu elikwazi ukufinyelela iziphethu ezishisayo.,19:26:SL:PLACE_NAME,[IN:book_hotel [SL:PLACE_NAME Montagu] ]
travel,book_hotel,Imaphi amahhotela anezinga eliphezulu eCeres okuhlangenwe nakho kokukha izithelo?,39:44:SL:PLACE_NAME,[IN:book_hotel [SL:PLACE_NAME Ceres] ]
travel,book_hotel,Ngifuna ihhotela eKnysna elinenkundla yegalofu.,18:24:SL:PLACE_NAME,[IN:book_hotel [SL:PLACE_NAME Knysna] ]
travel,book_hotel,Ungakwazi ukungisiza ngithole ihhotela ePort Shepstone elinebhishi elizimele?,40:54:SL:PLACE_NAME,[IN:book_hotel [SL:PLACE_NAME Port Shepstone] ]
travel,book_hotel,Imaphi amahhotela aziwa kakhulu eSabie abafuna uhambo?,33:38:SL:PLACE_NAME,[IN:book_hotel [SL:PLACE_NAME Sabie] ]
travel,book_hotel,Ngicinga ihhotela eSedgefield elikwazi ukungena echibini.,19:29:SL:PLACE_NAME,[IN:book_hotel [SL:PLACE_NAME Sedgefield] ]
travel,book_hotel,Ungakwazi ukusikisela ihhotela elise-Wilderness ngezindlela zalo zokuhamba izintaba?,37:47:SL:PLACE_NAME,[IN:book_hotel [SL:PLACE_NAME Wilderness] ]
travel,book_hotel,Ngidinga ihhotela eStutterheim ukuze ngibuke izinyoni.,19:30:SL:PLACE_NAME,[IN:book_hotel [SL:PLACE_NAME Stutterheim] ]
travel,book_hotel,Imaphi amahhotela ahamba phambili eCradock abantu abathanda umlando?,35:42:SL:PLACE_NAME,[IN:book_hotel [SL:PLACE_NAME Cradock] ]
travel,book_hotel,Ngifuna ihhotela eVryheid elikwazi ukungena eziqiwini.,18:25:SL:PLACE_NAME,[IN:book_hotel [SL:PLACE_NAME Vryheid] ]
travel,book_hotel,Ungakwazi yini ukuphakamisa ihhotela ePiet Retief elinesigodi samasiko eduze?,38:49:SL:PLACE_NAME,[IN:book_hotel [SL:PLACE_NAME Piet Retief] ]
travel,book_hotel,Ngidinga ihhotela eLadybrand ukuze ngivakashele ezintabeni zaseMaluti.,"19:28:SL:PLACE_NAME,63:70:SL:PLACE_NAME",[IN:book_hotel [SL:PLACE_NAME Ladybrand] [SL:PLACE_NAME Maluti.] ]
travel,book_hotel,Imaphi amahhotela asezingeni eliphezulu eHarrismith lapho uhlala khona?,40:51:SL:PLACE_NAME,[IN:book_hotel [SL:PLACE_NAME eHarrismith] ]
travel,book_hotel,Ngicinga ihhotela e-Bethlehem elikwazi ukufinyelela kalula eGolden Gate Highlands National Park.,"20:29:SL:CITY_OR_PROVINCE,60:95:SL:PLACE_NAME",[IN:book_hotel [SL:CITY_OR_PROVINCE Bethlehem] [SL:PLACE_NAME Golden Gate Highlands National Park] ]
travel,book_hotel,Ungakwazi ukungisiza ngithole ihhotela e-Upington enohambo lwesivini?,41:49:SL:PLACE_NAME,[IN:book_hotel [SL:PLACE_NAME Upington] ]
travel,book_hotel,Imaphi amahhotela adume kakhulu ngamaSpringbok okubukewa izinkanyezi kuwona?,,[IN:book_hotel ]
travel,book_hotel,Ngifuna ihhotela eKimberley elinemnyuziyamu yedayimane.,17:27:SL:CITY_OR_PROVINCE,[IN:book_hotel [SL:CITY_OR_PROVINCE eKimberley] ]
travel,book_hotel,Ungakwazi ukusikisela ihhotela eliseMafikeng elikwazi ukufinyelela eziqiwini?,35:44:SL:CITY_OR_PROVINCE,[IN:book_hotel [SL:CITY_OR_PROVINCE eMafikeng] ]
travel,book_hotel,Ngidinga ihhotela eLichtenburg elinekhasino.,19:30:SL:PLACE_NAME,[IN:book_hotel [SL:PLACE_NAME Lichtenburg] ]
travel,book_hotel,Imaphi amahhotela angcono kakhulu ePhalaborwa ongavakashela i-Kruger National Park?,"35:45:SL:PLACE_NAME,62:82:SL:PLACE_NAME",[IN:book_hotel [SL:PLACE_NAME Phalaborwa] [SL:PLACE_NAME Kruger National Park] ]
travel,book_hotel,Ngicinga ihhotela eTzaneen elikwazi ukungena eModjadji Cycad Reserve.,"19:26:SL:PLACE_NAME,46:68:SL:PLACE_NAME",[IN:book_hotel [SL:PLACE_NAME Tzaneen] [SL:PLACE_NAME Modjadji Cycad Reserve] ]
travel,book_hotel,Ungakwazi yini ukuphakamisa ihhotela eMusina ukuze uhlole iMapungubwe National Park?,"38:44:SL:PLACE_NAME,59:83:SL:PLACE_NAME",[IN:book_hotel [SL:PLACE_NAME Musina] [SL:PLACE_NAME Mapungubwe National Park] ]
travel,book_hotel,Ngidinga ihhotela e-Ermelo elikwazi ukungena eLothair Nature Reserve.,"20:26:SL:PLACE_NAME,46:68:SL:PLACE_NAME",[IN:book_hotel [SL:PLACE_NAME Ermelo] [SL:PLACE_NAME Lothair Nature Reserve] ]
travel,book_hotel,Imaphi amahhotela asezingeni eliphezulu eBarberton ukuze uhlole izintaba zaseMakhonjwa?,"41:50:SL:PLACE_NAME,64:86:SL:PLACE_NAME",[IN:book_hotel [SL:PLACE_NAME Barberton] [SL:PLACE_NAME izintaba zaseMakhonjwa] ]
travel,book_hotel,Ngifuna ihhotela eKlerksdorp elikwazi ukungena eFaan Meintjies Nature Reserve.,"18:28:SL:CITY_OR_PROVINCE,48:77:SL:PLACE_NAME",[IN:book_hotel [SL:CITY_OR_PROVINCE Klerksdorp] [SL:PLACE_NAME Faan Meintjies Nature Reserve] ]
travel,book_hotel,Ungakwazi ukungisiza ngithole ihhotela eBrits elinokufinyelela eHartbeespoort Dam Snake and Animal Park?,"39:45:SL:PLACE_NAME,63:103:SL:PLACE_NAME",[IN:book_hotel [SL:PLACE_NAME eBrits] [SL:PLACE_NAME eHartbeespoort Dam Snake and Animal Park] ]
travel,book_hotel,Imaphi amahhotela adume kakhulu eRichards Bay ngokuvakashela iTuzi Gazi Waterfront?,"33:45:SL:PLACE_NAME,62:82:SL:PLACE_NAME",[IN:book_hotel [SL:PLACE_NAME Richards Bay] [SL:PLACE_NAME Tuzi Gazi Waterfront] ]
travel,book_hotel,Ngicinga ihhotela eliseVryburg elikwazi ukungena esiqiwini iMolopo.,"23:30:SL:CITY_OR_PROVINCE,60:66:SL:PLACE_NAME",[IN:book_hotel [SL:CITY_OR_PROVINCE Vryburg] [SL:PLACE_NAME Molopo] ]
travel,book_hotel,Ungakwazi ukusikisela ihhotela eWolmaransstad elikwazi ukufinyelela eVaal River?,"32:45:SL:PLACE_NAME,69:79:SL:PLACE_NAME",[IN:book_hotel [SL:PLACE_NAME Wolmaransstad] [SL:PLACE_NAME Vaal River] ]
travel,book_hotel,Imaphi amahhotela angcono kakhulu e-Orkney ongahlola ngawo iVaal River Barrage?,"36:42:SL:PLACE_NAME,60:78:SL:PLACE_NAME",[IN:book_hotel [SL:PLACE_NAME Orkney] [SL:PLACE_NAME Vaal River Barrage] ]
travel,book_hotel,Ngifuna ihhotela eRandfontein elikwazi ukungena eGreenhills Stadium.,"18:29:SL:PLACE_NAME,49:67:SL:PLACE_NAME",[IN:book_hotel [SL:PLACE_NAME Randfontein] [SL:PLACE_NAME Greenhills Stadium] ]
travel,book_hotel,Ungakwazi yini ukuphakamisa ihhotela eMiddelburg elikwazi ukufinyelela eLoskop Dam Nature Reserve?,"38:48:SL:PLACE_NAME,72:97:SL:PLACE_NAME",[IN:book_hotel [SL:PLACE_NAME Middelburg] [SL:PLACE_NAME Loskop Dam Nature Reserve] ]
travel,book_hotel,Ngidinga ihhotela eStanderton elikwazi ukungena eGrootdraai Dam.,"19:29:SL:PLACE_NAME,49:63:SL:PLACE_NAME",[IN:book_hotel [SL:PLACE_NAME Standerton] [SL:PLACE_NAME Grootdraai Dam] ]
travel,book_hotel,Imaphi amahhotela asezingeni eliphezulu eNewcastle ngokuvakashela iFort Amiel Museum?,"41:50:SL:CITY_OR_PROVINCE,67:84:SL:PLACE_NAME",[IN:book_hotel [SL:CITY_OR_PROVINCE Newcastle] [SL:PLACE_NAME Fort Amiel Museum] ]
travel,book_hotel,Ngicinga ihhotela eWestonaria elikwazi ukufinyelela eKloofendal Nature Reserve.,"19:29:SL:PLACE_NAME,53:78:SL:PLACE_NAME",[IN:book_hotel [SL:PLACE_NAME Westonaria] [SL:PLACE_NAME Kloofendal Nature Reserve] ]
travel,book_hotel,Ungakwazi ukungisiza ngithole ihhotela ePotchefstroom elikwazi ukungena e-OPM Prozesky Bird Sanctuary?,"40:53:SL:CITY_OR_PROVINCE,74:101:SL:PLACE_NAME",[IN:book_hotel [SL:CITY_OR_PROVINCE Potchefstroom] [SL:PLACE_NAME OPM Prozesky Bird Sanctuary] ]
travel,book_hotel,Imaphi amahhotela adume kakhulu eHeidelberg ngokuvakashela iSuikerbosrand Nature Reserve?,"33:43:SL:CITY_OR_PROVINCE,60:88:SL:PLACE_NAME",[IN:book_hotel [SL:CITY_OR_PROVINCE Heidelberg] [SL:PLACE_NAME Suikerbosrand Nature Reserve] ]
travel,book_hotel,Ngifuna ihhotela eMthatha elikwazi ukungena eNelson Mandela Museum.,"18:25:SL:PLACE_NAME,45:66:SL:PLACE_NAME",[IN:book_hotel [SL:PLACE_NAME Mthatha] [SL:PLACE_NAME Nelson Mandela Museum] ]
travel,book_hotel,Ungakwazi yini ukuncoma ihhotela eliseQueenstown elinokufinyelela kuLawrence de Lange Nature Reserve?,"38:48:SL:PLACE_NAME,68:100:SL:PLACE_NAME",[IN:book_hotel [SL:PLACE_NAME Queenstown] [SL:PLACE_NAME Lawrence de Lange Nature Reserve] ]
travel,book_hotel,Sinjani isimo sezulu eGoli namuhla?,21:26:SL:CITY_OR_PROVINCE,[IN:book_hotel [SL:CITY_OR_PROVINCE eGoli] ]
travel,book_hotel,Ngicela ungitshele isibikezelo sezulu saseKapa kule mpelasonto?,41:46:SL:CITY_OR_PROVINCE,[IN:book_hotel [SL:CITY_OR_PROVINCE eKapa] ]
travel,book_hotel,Lizona kusasa eThekwini?,14:23:SL:CITY_OR_PROVINCE,[IN:book_hotel [SL:CITY_OR_PROVINCE eThekwini] ]
travel,book_hotel,Lingakanani izinga lokushisa ePitoli njengamanje?,29:36:SL:CITY_OR_PROVINCE,[IN:book_hotel [SL:CITY_OR_PROVINCE ePitoli] ]
utility,weather,Ungakwazi ukunginika isibuyekezo ngesimo sezulu saseBloemfontein?,52:64:SL:CITY_OR_PROVINCE,[IN:weather [SL:CITY_OR_PROVINCE Bloemfontein] ]
utility,weather,Ingabe kunomoya eKimberley namuhla?,17:26:SL:CITY_OR_PROVINCE,[IN:weather [SL:CITY_OR_PROVINCE Kimberley] ]
utility,weather,Lingakanani izinga lomswakamo ePolokwane?,31:40:SL:CITY_OR_PROVINCE,[IN:weather [SL:CITY_OR_PROVINCE Polokwane] ]
utility,weather,Ungangitshela uma libalele eNelspruit?,28:37:SL:CITY_OR_PROVINCE,[IN:weather [SL:CITY_OR_PROVINCE Nelspruit] ]
utility,weather,Sinjani isimo sezulu ePort Elizabeth ezinsukwini ezimbalwa ezizayo?,22:36:SL:CITY_OR_PROVINCE,[IN:weather [SL:CITY_OR_PROVINCE Port Elizabeth] ]
utility,weather,Ungakwazi ukunginika isibuyekezo sezulu saseRustenburg?,44:54:SL:CITY_OR_PROVINCE,[IN:weather [SL:CITY_OR_PROVINCE Rustenburg] ]
utility,weather,Ingabe likhona ithuba lokuduma kwezulu e-East London?,41:52:SL:CITY_OR_PROVINCE,[IN:weather [SL:CITY_OR_PROVINCE East London] ]
utility,weather,Sithini isimo sezulu sikaGeorge?,25:31:SL:CITY_OR_PROVINCE,[IN:weather [SL:CITY_OR_PROVINCE George] ]
utility,weather,Ake ungitshele uma kunenkungu eSoweto?,31:37:SL:PLACE_NAME,[IN:weather [SL:PLACE_NAME Soweto] ]
utility,weather,Sinjani isimo sezulu eSun City ntambama?,"22:30:SL:PLACE_NAME,31:39:SL:TIME",[IN:weather [SL:PLACE_NAME Sun City] [SL:TIME ntambama] ]
utility,weather,Ungakwazi ukungizisa ngesimo sezulu saseMhlanga Rocks?,40:53:SL:PLACE_NAME,[IN:weather [SL:PLACE_NAME Mhlanga Rocks] ]
utility,weather,Sinjani isimo sezulu ePort Alfred namuhla?,"22:33:SL:PLACE_NAME,34:41:SL:DATE",[IN:weather [SL:PLACE_NAME Port Alfred] [SL:DATE namuhla] ]
utility,weather,Ungakwazi ukungitshela isimo sezulu saseJeffreys Bay kule mpelasonto?,"40:52:SL:PLACE_NAME,53:68:SL:DATE",[IN:weather [SL:PLACE_NAME Jeffreys Bay] [SL:DATE kule mpelasonto] ]
utility,weather,Ingabe kuzoshisa eHartbeespoort kusasa?,18:31:SL:PLACE_NAME,[IN:weather [SL:PLACE_NAME Hartbeespoort] ]
utility,weather,Lingakanani izinga lokushisa eLangebaan njengamanje?,30:39:SL:PLACE_NAME,[IN:weather [SL:PLACE_NAME Langebaan] ]
utility,weather,Ungakwazi ukunginika isibuyekezo ngesimo sezulu eDullstroom?,49:59:SL:PLACE_NAME,[IN:weather [SL:PLACE_NAME Dullstroom] ]
utility,weather,Ingabe kunomoya ePilanesberg National Park?,17:42:SL:PLACE_NAME,[IN:weather [SL:PLACE_NAME Pilanesberg National Park] ]
utility,weather,Ingakanani ileveli yomswakama eSabie?,31:36:SL:PLACE_NAME,[IN:weather [SL:PLACE_NAME Sabie] ]
utility,weather,Ungangitshela uma libalele eSedgefield?,28:38:SL:PLACE_NAME,[IN:weather [SL:PLACE_NAME Sedgefield] ]
utility,weather,Sinjani isimo sezulu eWilderness ezinsukwini ezimbalwa ezizayo?,22:32:SL:PLACE_NAME,[IN:weather [SL:PLACE_NAME Wilderness] ]
utility,weather,Ungakwazi ukunginika isibuyekezo sezulu saseStutterheim?,44:55:SL:PLACE_NAME,[IN:weather [SL:PLACE_NAME Stutterheim] ]
utility,weather,Ingabe likhona ithuba lokuduma kwezulu eCradock?,40:47:SL:PLACE_NAME,[IN:weather [SL:PLACE_NAME Cradock] ]
utility,weather,Sithini isimo sezulu saseVryheid?,25:32:SL:PLACE_NAME,[IN:weather [SL:PLACE_NAME Vryheid] ]
utility,weather,Ungangitshela uma kunenkungu ePiet Retief?,30:41:SL:PLACE_NAME,[IN:weather [SL:PLACE_NAME Piet Retief] ]
utility,weather,Sinjani isimo sezulu eLadybrand ntambama?,"22:31:SL:PLACE_NAME,32:40:SL:TIME",[IN:weather [SL:PLACE_NAME Ladybrand] [SL:TIME ntambama] ]
utility,weather,Ungakwazi ukunginika isibuyekezo ngesimo sezulu eHarrismith?,49:59:SL:PLACE_NAME,[IN:weather [SL:PLACE_NAME Harrismith] ]
utility,weather,Sinjani isimo sezulu eBetlehema namuhla?,21:31:SL:CITY_OR_PROVINCE,[IN:weather [SL:CITY_OR_PROVINCE eBetlehema] ]
utility,weather,Ungangitshela isibikezelo sezulu seSpringbok kule mpelasonto?,45:60:SL:DATE,[IN:weather [SL:DATE kule mpelasonto] ]
utility,weather,Ingabe kuzoshisa e-Kimberley kusasa?,19:28:SL:CITY_OR_PROVINCE,[IN:weather [SL:CITY_OR_PROVINCE Kimberley] ]
utility,weather,Lithini izinga lokushisa eMafikeng njengamanje?,26:34:SL:CITY_OR_PROVINCE,[IN:weather [SL:CITY_OR_PROVINCE Mafikeng] ]
utility,weather,Ungakwazi ukunginika isibuyekezo ngesimo sezulu eLichtenburg?,49:60:SL:PLACE_NAME,[IN:weather [SL:PLACE_NAME Lichtenburg] ]
utility,weather,Kunomoya ePhalaborwa?,9:20:SL:PLACE_NAME,[IN:weather [SL:PLACE_NAME ePhalaborwa] ]
utility,weather,Lingakanani izinga lomswakamo eMusina?,31:37:SL:PLACE_NAME,[IN:weather [SL:PLACE_NAME Musina] ]
utility,weather,Ungangitshela uma libalele e-Ermelo?,29:35:SL:PLACE_NAME,[IN:weather [SL:PLACE_NAME Ermelo] ]
utility,weather,Sinjani isimo sezulu eBarberton ezinsukwini ezimbalwa ezizayo?,22:31:SL:PLACE_NAME,[IN:weather [SL:PLACE_NAME Barberton] ]
utility,weather,Ungakwazi ukunginika isibuyekezo sezulu saseKlerksdorp?,44:54:SL:PLACE_NAME,[IN:weather [SL:PLACE_NAME Klerksdorp] ]
utility,weather,Ingabe likhona ithuba lokuduma kwezulu eBrits?,39:45:SL:PLACE_NAME,[IN:weather [SL:PLACE_NAME eBrits] ]
utility,weather,Sithini isimo sezulu saseRichards Bay?,25:37:SL:CITY_OR_PROVINCE,[IN:weather [SL:CITY_OR_PROVINCE Richards Bay] ]
utility,weather,Ngicela ungitshele uma kunenkungu eVryburg?,35:42:SL:PLACE_NAME,[IN:weather [SL:PLACE_NAME Vryburg] ]
utility,weather,Sinjani isimo sezulu eWolmaransstad namhlanje ntambama?,"22:35:SL:PLACE_NAME,46:54:SL:TIME",[IN:weather [SL:PLACE_NAME Wolmaransstad] [SL:TIME ntambama] ]
utility,weather,Ungakwazi ukunginika isibuyekezo ngesimo sezulu sase-Orkney?,53:59:SL:PLACE_NAME,[IN:weather [SL:PLACE_NAME Orkney] ]
utility,weather,Sinjani isimo sezulu eRandfontein namuhla?,21:33:SL:PLACE_NAME,[IN:weather [SL:PLACE_NAME eRandfontein] ]
utility,weather,Ngicela ungitshele isibikezelo sezulu saseMiddelburg kule mpelasonto?,"42:52:SL:PLACE_NAME,58:68:SL:DATE",[IN:weather [SL:PLACE_NAME Middelburg] [SL:DATE mpelasonto] ]
utility,weather,Ingabe kuzoshisa eStanderton kusasa?,"18:28:SL:PLACE_NAME,29:35:SL:DATE",[IN:weather [SL:PLACE_NAME Standerton] [SL:DATE kusasa] ]
utility,weather,Lingakanani izinga lokushisa eNewcastle njengamanje?,30:39:SL:PLACE_NAME,[IN:weather [SL:PLACE_NAME Newcastle] ]
utility,weather,Ungakwazi ukunginika isibuyekezo ngesimo sezulu saseWestonaria?,52:62:SL:PLACE_NAME,[IN:weather [SL:PLACE_NAME Westonaria] ]
utility,weather,Ingabe kunomoya ePotchefstroom?,,[IN:weather ]
utility,weather,Ingakanani ileveli yomswakama eHeidelberg?,31:41:SL:PLACE_NAME,[IN:weather [SL:PLACE_NAME Heidelberg] ]
utility,weather,Ake ungitshele ukuthi libalele eMthatha?,31:39:SL:CITY_OR_PROVINCE,[IN:weather [SL:CITY_OR_PROVINCE eMthatha] ]
utility,weather,Sinjani isimo sezulu eQueenstown ezinsukwini ezimbalwa ezizayo?,21:32:SL:PLACE_NAME,[IN:weather [SL:PLACE_NAME eQueenstown] ]
utility,weather,Ungakwazi ukunginika isimo sezulu saseMtata?,38:43:SL:PLACE_NAME,[IN:weather [SL:PLACE_NAME Mtata] ]
utility,weather,Likhona yini ithuba lokuduma kwezulu eBhisho?,38:44:SL:CITY_OR_PROVINCE,[IN:weather [SL:CITY_OR_PROVINCE Bhisho] ]
utility,weather,Sithini isimo sezulu saseMaseru?,25:31:SL:CITY_OR_PROVINCE,[IN:weather [SL:CITY_OR_PROVINCE Maseru] ]
utility,weather,Ungangitshela uma kunenkungu eMaputo?,30:36:SL:CITY_OR_PROVINCE,[IN:weather [SL:CITY_OR_PROVINCE Maputo] ]
utility,weather,Sinjani isimo sezulu eWindhoek ntambama?,"22:30:SL:CITY_OR_PROVINCE,31:39:SL:TIME",[IN:weather [SL:CITY_OR_PROVINCE Windhoek] [SL:TIME ntambama] ]
utility,weather,Unganginika ulwazi ngesimo sezulu saseGaborone?,38:46:SL:CITY_OR_PROVINCE,[IN:weather [SL:CITY_OR_PROVINCE Gaborone] ]
utility,weather,Linjani izulu eHarare namuhla?,14:21:SL:CITY_OR_PROVINCE,[IN:weather [SL:CITY_OR_PROVINCE eHarare] ]
utility,weather,Ungakwazi ukungitshela isimo sezulu sase-Lusaka kule mpelasonto?,41:47:SL:CITY_OR_PROVINCE,[IN:weather [SL:CITY_OR_PROVINCE Lusaka] ]
utility,weather,Ingabe kuzoshisa eKinshasa kusasa?,18:26:SL:CITY_OR_PROVINCE,[IN:weather [SL:CITY_OR_PROVINCE Kinshasa] ]
utility,weather,Lingakanani izinga lokushisa eLuanda njengamanje?,29:36:SL:CITY_OR_PROVINCE,[IN:weather [SL:CITY_OR_PROVINCE eLuanda] ]
utility,weather,Ungakwazi ukunginika isibuyekezo ngesimo sezulu saseNairobi?,52:59:SL:CITY_OR_PROVINCE,[IN:weather [SL:CITY_OR_PROVINCE Nairobi] ]
utility,weather,Ingabe kunomoya eCairo?,16:22:SL:CITY_OR_PROVINCE,[IN:weather [SL:CITY_OR_PROVINCE eCairo] ]
utility,weather,Ingakanani ileveli yomswakama eLagos?,30:36:SL:CITY_OR_PROVINCE,[IN:weather [SL:CITY_OR_PROVINCE eLagos] ]
utility,weather,Ungangitshela uma libalele e-Accra?,29:34:SL:CITY_OR_PROVINCE,[IN:weather [SL:CITY_OR_PROVINCE Accra] ]
utility,weather,Sinjani isimo sezulu eDakar ezinsukwini ezimbalwa ezizayo?,22:27:SL:CITY_OR_PROVINCE,[IN:weather [SL:CITY_OR_PROVINCE Dakar] ]
utility,weather,Ungakwazi ukunginika isibuyekezo sezulu se-Abidjan?,43:50:SL:CITY_OR_PROVINCE,[IN:weather [SL:CITY_OR_PROVINCE Abidjan] ]
utility,weather,Ingabe likhona ithuba lokuduma kwezulu e-Addis Ababa?,41:52:SL:CITY_OR_PROVINCE,[IN:weather [SL:CITY_OR_PROVINCE Addis Ababa] ]
utility,weather,Sithini isimo sezulu saseKhartoum?,25:33:SL:CITY_OR_PROVINCE,[IN:weather [SL:CITY_OR_PROVINCE Khartoum] ]
utility,weather,Ungangitshela uma kunenkungu eCasablanca?,30:40:SL:CITY_OR_PROVINCE,[IN:weather [SL:CITY_OR_PROVINCE Casablanca] ]
utility,weather,Sinjani isimo sezulu eGoli ntambama?,"21:26:SL:CITY_OR_PROVINCE,27:35:SL:TIME",[IN:weather [SL:CITY_OR_PROVINCE eGoli] [SL:TIME ntambama] ]
utility,weather,Ungakwazi ukunginika isibuyekezo ngesimo sezulu saseKapa?,52:56:SL:CITY_OR_PROVINCE,[IN:weather [SL:CITY_OR_PROVINCE Kapa] ]
utility,weather,Sinjani isimo sezulu eThekwini namuhla?,"21:30:SL:CITY_OR_PROVINCE,31:38:SL:DATE",[IN:weather [SL:CITY_OR_PROVINCE eThekwini] [SL:DATE namuhla] ]
utility,weather,Ungakwazi ukungitshela isimo sezulu sasePitoli kule mpelasonto?,"39:46:SL:CITY_OR_PROVINCE,47:62:SL:DATE",[IN:weather [SL:CITY_OR_PROVINCE ePitoli] [SL:DATE kule mpelasonto] ]
utility,weather,Lizona kusasa eBloemfontein?,15:27:SL:CITY_OR_PROVINCE,[IN:weather [SL:CITY_OR_PROVINCE Bloemfontein] ]
utility,weather,Lingakanani izinga lokushisa eKimberley njengamanje?,29:39:SL:CITY_OR_PROVINCE,[IN:weather [SL:CITY_OR_PROVINCE eKimberley] ]
utility,weather,Ungakwazi ukunginika isibuyekezo ngesimo sezulu sasePolokwane?,52:61:SL:CITY_OR_PROVINCE,[IN:weather [SL:CITY_OR_PROVINCE Polokwane] ]
utility,weather,Ingakanani inkokhelo encane okufanele ikhokhe ekhadini lami lesikweletu?,,[IN:weather ]
utility,weather,Ungakwazi yini ukuqinisekisa inani elincane lemali okufanele ngiyikhokhe emalimboleko yami kule nyanga?,91:102:SL:DATE,[IN:weather [SL:DATE kule nyanga] ]
utility,weather,Yimalini okufanele ngiyikhokhe ukuze ngihlangabezane nenkokhelo encane ku-akhawunti yami?,,[IN:weather ]
utility,weather,Kwenzekani uma ngenza kuphela inkokhelo encane ekhadini lami lesikweletu?,,[IN:weather ]
banking,min_payment,Ungakwazi yini ukuchaza ukuthi inkokhelo encane ibalwa kanjani ku-akhawunti yami?,,[IN:min_payment ]
banking,min_payment,Ingabe ikhona inhlawulo yokungenzi inkokhelo encane ngesikhathi?,,[IN:min_payment ]
banking,min_payment,Ngingakwazi ukumisa izinkokhelo ezizenzakalelayo zenani elincane elifunekayo inyanga ngayinye?,,[IN:min_payment ]
banking,min_payment,Ngingakugwema kanjani ukukhokha inzalo ngokwenza okungaphezu kwenani elincane lokukhokha?,,[IN:min_payment ]
banking,min_payment,Uyini umphumela wokweqa umnqamulajuqu omncane wokukhokha?,,[IN:min_payment ]
banking,min_payment,Ngingakwazi yini ukushintsha inani lami elincane lokukhokha ukuze ngikhokhe isikweletu sami ngokushesha?,,[IN:min_payment ]
banking,min_payment,Ingabe inkokhelo encane ihlukile ezinhlotsheni ezihlukene zama-akhawunti?,,[IN:min_payment ]
banking,min_payment,Ngingakwazi ukukhokha ngaphezu kwenani elincane ukuze nginciphise ibhalansi yami?,,[IN:min_payment ]
banking,min_payment,Ingabe ukwenza inkokhelo encane kuphela kuwuthinta kanjani umphumela wami wesikweletu?,,[IN:min_payment ]
banking,min_payment,Ngingakwazi yini ukucela inkokhelo encane ephansi yale nyanga?,,[IN:min_payment ]
banking,min_payment,Kwenzekani uma ngenza inkokhelo encane esikhundleni senkokhelo encane?,,[IN:min_payment ]
banking,min_payment,Ngingakwazi ukukhokha inani elincane elifunekayo ngisebenzisa indlela yokukhokha ehlukile?,,[IN:min_payment ]
banking,min_payment,Lishintsha kangaki inani lenkokhelo encane?,,[IN:min_payment ]
banking,min_payment,Ngingakwazi yini ukuxoxisana nebhange ngenkokhelo encane?,,[IN:min_payment ]
banking,min_payment,Ingakanani iphesenti elincane lokukhokha lekhadi lami lesikweletu?,,[IN:min_payment ]
banking,min_payment,Ngingakwazi ukwenza inkokhelo encane ngokubhanga ku-inthanethi?,,[IN:min_payment ]
banking,min_payment,Ibhange liyibala kanjani inkokhelo encane yomjikelezo ngamunye wokukhokha?,,[IN:min_payment ]
banking,min_payment,Ngingakwazi yini ukusetha isikhumbuzi sedethi encane yamanqamu?,,[IN:min_payment ]
banking,min_payment,Kwenzekani uma ngikhokha ngaphezu kwenani eliphansi ngenyanga eyodwa?,,[IN:min_payment ]
banking,min_payment,Ngingeqa inkokhelo encane uma ngibhekene nezinkinga zezimali?,,[IN:min_payment ]
banking,min_payment,Ngingalinyusa kanjani inani lami elincane lokukhokha ukuze ngikhokhe isikweletu sami ngokushesha?,,[IN:min_payment ]
banking,min_payment,Ngingakwazi ukukhokha inani elincane elifuneka ngokheshi egatsheni lasebhange?,,[IN:min_payment ]
banking,min_payment,Ngabe ukushoda kwenkokhelo encane kulithinta kanjani izinga lami lenzalo?,,[IN:min_payment ]
banking,min_payment,Ngingakwazi ukwenza inkokhelo encane ngocingo?,,[IN:min_payment ]
banking,min_payment,Uyini umphumela wokuhlala wenza inkokhelo encane kuphela?,,[IN:min_payment ]
banking,min_payment,Ngingakwazi ukukhokha inani elincane elifunekayo ngisebenzisa ikhadi lasebhange?,,[IN:min_payment ]
banking,min_payment,Ngingayehlisa kanjani inkokhelo yami encane ngokwehlisa izinga lami lenzalo?,,[IN:min_payment ]
banking,min_payment,Ngingakwazi ukukhokha inkokhelo encane kusengaphambili?,,[IN:min_payment ]
banking,min_payment,Kwenzekani uma ngenza iphutha lapho ngibala inkokhelo encane?,,[IN:min_payment ]
banking,min_payment,Ngingakwazi ukukhokha inani elincane elifuneka kuATM?,,[IN:min_payment ]
banking,min_payment,Ibhange lingazisa kanjani ngenkokhelo encane okufanele ngikhokhe ngayo?,,[IN:min_payment ]
banking,min_payment,Ngingakwazi ukumisa i-oda elimile lenkokhelo encane?,,[IN:min_payment ]
banking,min_payment,Kwenzekani uma ngikhokha ngephutha ngaphezu kwenani elincane lenkokhelo?,,[IN:min_payment ]
banking,min_payment,Ngingakwazi ukukhokha inkokhelo encane ngesheke?,,[IN:min_payment ]
banking,min_payment,Ibhange liyibala kanjani inkokhelo encane ye-akhawunti ehlanganyelwe?,45:68:SL:ACCOUNT_TYPE,[IN:min_payment [SL:ACCOUNT_TYPE akhawunti ehlanganyelwe] ]
banking,min_payment,Ngingakwazi ukukhokha inani elincane elifunekayo ngisebenzisa uhlelo lokusebenza lokubhanga leselula?,,[IN:min_payment ]
banking,min_payment,Ngingalithola kanjani inani elincane lokukhokha le-akhawunti yami?,,[IN:min_payment ]
banking,min_payment,Ngingakwazi ukukhokha inkokhelo encane ngokudluliswa kwemali ngogesi?,,[IN:min_payment ]
banking,min_payment,Kwenzekani uma ngikhokha ngaphansi kwenani elincane okufanele ngikhokhelwe?,,[IN:min_payment ]
banking,min_payment,Ngingakwazi ukukhokha inkokhelo encane ngokudlulisela ebhange?,,[IN:min_payment ]
banking,min_payment,Ibhange liyibala kanjani inkokhelo encane ye-akhawunti yokulondoloza?,45:68:SL:ACCOUNT_TYPE,[IN:min_payment [SL:ACCOUNT_TYPE akhawunti yokulondoloza] ]
banking,min_payment,Ngingakwazi ukukhokha inani elincane elifunekayo ngisebenzisa i-oda lemali?,,[IN:min_payment ]
banking,min_payment,Kwenzekani uma ngikhokha inkokhelo encane sekwephuzile?,,[IN:min_payment ]
banking,min_payment,Ngingakwazi ukukhokha inkokhelo encane ngekhadi elikhokhelwa ngaphambili?,,[IN:min_payment ]
banking,min_payment,Ibhange liyibala kanjani inkokhelo encane ye-akhawunti yebhizinisi?,45:66:SL:ACCOUNT_TYPE,[IN:min_payment [SL:ACCOUNT_TYPE akhawunti yebhizinisi] ]
banking,min_payment,Ngingakwazi ukukhokha inani elincane elifunekayo ngisebenzisa ikhadi lesikweletu elivela kwelinye ibhange?,,[IN:min_payment ]
banking,min_payment,Kwenzekani uma ngingenzi inkokhelo encane?,,[IN:min_payment ]
banking,min_payment,Ngingakwazi ukukhokha inkokhelo encane ngesheke likacashier?,,[IN:min_payment ]
banking,min_payment,Ibhange liyibala kanjani inkokhelo encane ye-akhawunti yomfundi?,45:63:SL:ACCOUNT_TYPE,[IN:min_payment [SL:ACCOUNT_TYPE akhawunti yomfundi] ]
banking,min_payment,ingakanani imali encane engafakwa ukukhokhela imoto?,,[IN:min_payment ]
banking,min_payment,imalini engafakwa kwicredit card ukuze ingavalwa?,,[IN:min_payment ]
banking,min_payment,ngicela ukwazi imali encane engingayifaka ukukhokhela ibhili yocingo?,54:68:SL:BILL_TYPE,[IN:min_payment [SL:BILL_TYPE ibhili yocingo] ]
banking,min_payment,yimalini ubuncane bemali efunekayo ukuze kukhokheleke ibhili yami yefibre?,54:73:SL:BILL_TYPE,[IN:min_payment [SL:BILL_TYPE ibhili yami yefibre] ]
banking,min_payment,ingakanani inkokhelo encane engakhishwa?,,[IN:min_payment ]
banking,min_payment,kungakhishwa malini ukuze siqale ukukhokhela ibhili yamanzi?,45:59:SL:BILL_TYPE,[IN:min_payment [SL:BILL_TYPE ibhili yamanzi] ]
banking,min_payment,ngifisa ukwazi imali encane engingayikhokha kwibhili yocingo?,44:60:SL:BILL_TYPE,[IN:min_payment [SL:BILL_TYPE kwibhili yocingo] ]
banking,min_payment,ingakanani imali encane engingayikhokha kwibhili yami yemoto?,40:60:SL:BILL_TYPE,[IN:min_payment [SL:BILL_TYPE kwibhili yami yemoto] ]
banking,min_payment,yini encane engingayikhokha mayelana nalesi sikweletu?,,[IN:min_payment ]
banking,min_payment,ngingakhokha kancane kangakanani kumshwalense wami wendlu?,,[IN:min_payment ]
banking,min_payment,ingabe ikhona imali encane ezokwamukeleka?,,[IN:min_payment ]
banking,min_payment,kumele ngikhokhe malini kwi-account yami yakwaVirgin Active?,,[IN:min_payment ]
banking,min_payment,iyini imali encane engingayikhokha kwisikweletu sami sakwa-Edgars?,,[IN:min_payment ]
banking,min_payment,"yini ekumele ngiyikhokhe kwisikweletu sami sase-Edgars, ngisho kungathiwa incane kangakanani?",,[IN:min_payment ]
banking,min_payment,imalini ekumele ifakwe kwibhili yami yakaTruworths?,,[IN:min_payment ]
banking,min_payment,kumele ngikhokhe malini kwibhili yami yakwaMr Price?,,[IN:min_payment ]
banking,min_payment,kule nyanga ngingakhipha malini encane?,,[IN:min_payment ]
banking,min_payment,imalini encane edingeka kwaStandard Bank?,27:40:SL:BANK_NAME,[IN:min_payment [SL:BANK_NAME Standard Bank] ]
banking,min_payment,ingakanani inkokhelo encane?,,[IN:min_payment ]
banking,min_payment,imalini encane edingekayo futhi idingeka nini?,,[IN:min_payment ]
banking,min_payment,ikhona imali encane engingayikhipha okwamanje?,,[IN:min_payment ]
banking,min_payment,iyiphi imali encane kunazo zonke engayikhokha kwibhili yakhe yasejimini?,61:71:SL:BILL_TYPE,[IN:min_payment [SL:BILL_TYPE yasejimini] ]
banking,min_payment,yimalini ephansi engingayikhokhela isikweletu sami somshwalense?,35:63:SL:BILL_TYPE,[IN:min_payment [SL:BILL_TYPE isikweletu sami somshwalense] ]
banking,min_payment,ingakanani imali encane engingayikhokha emalini yami yesikweletu sekhadi lesikweletu?,,[IN:min_payment ]
banking,min_payment,engakhokha malini encane kwibhili yakhe yasesibhedlela?,25:54:SL:BILL_TYPE,[IN:min_payment [SL:BILL_TYPE kwibhili yakhe yasesibhedlela] ]
banking,min_payment,"uma ngizokhokha imali encane kwisikweletu sami sakwaJet, kungaba imalini?",29:55:SL:BILL_TYPE,[IN:min_payment [SL:BILL_TYPE kwisikweletu sami sakwaJet] ]
banking,min_payment,"ngizokhokhela imali encane yebhili yami yakwaMiway, ngingakhipha malini?",27:50:SL:BILL_TYPE,[IN:min_payment [SL:BILL_TYPE yebhili yami yakwaMiway] ]
banking,min_payment,umshana wami uzoyidinga ivisa mase eyovakasha eNdiya?,46:52:SL:COUNTRY,[IN:min_payment [SL:COUNTRY eNdiya] ]
banking,min_payment,izodingeka ivisa mase ngiya eSudan?,28:34:SL:COUNTRY,[IN:min_payment [SL:COUNTRY eSudan] ]
banking,min_payment,"mengizoya eBali, ngizoyodinga ivisa?",11:15:SL:CITY_OR_PROVINCE,[IN:min_payment [SL:CITY_OR_PROVINCE Bali] ]
banking,min_payment,ivisa yamazwe ngamazwe iyidingeka uma ngizoya eZambia nomyeni wami owazalelwa khona?,47:53:SL:COUNTRY,[IN:min_payment [SL:COUNTRY Zambia] ]
travel,international_visa,ngizoyidinga ivisa yamazwe ngamazwe uma nginohambo oluya eWashington?,58:68:SL:CITY_OR_PROVINCE,[IN:international_visa [SL:CITY_OR_PROVINCE Washington] ]
travel,international_visa,iyadingeka ivisa yamazwe ngamazwe mengizoya eSydney?,44:51:SL:CITY_OR_PROVINCE,[IN:international_visa [SL:CITY_OR_PROVINCE eSydney] ]
travel,international_visa,"ngizoba nohambo oluya eNew York, ingabe ngizoyidinga yini ivisa?",23:31:SL:CITY_OR_PROVINCE,[IN:international_visa [SL:CITY_OR_PROVINCE New York] ]
travel,international_visa,ngidinga ukwazi ukuthi kumele ngibe nayo yini ivisa ukuze ngiye eThailand?,65:73:SL:COUNTRY,[IN:international_visa [SL:COUNTRY Thailand] ]
travel,international_visa,"ngiya eBrazil enyangeni ezayo, ngizoyidinga ivisa?",7:13:SL:COUNTRY,[IN:international_visa [SL:COUNTRY Brazil] ]
travel,international_visa,ngicazele ukuthi ngizoyidinga na ivisa uma ngiya eNetherlands,50:61:SL:COUNTRY,[IN:international_visa [SL:COUNTRY Netherlands] ]
travel,international_visa,"unohambo elizomusa e-Ireland, uzoyidinga ivisa ukuya?",21:28:SL:COUNTRY,[IN:international_visa [SL:COUNTRY Ireland] ]
travel,international_visa,ngazise uma ngizoyidinga ivisa ohambweni lami lase-Austria,51:58:SL:COUNTRY,[IN:international_visa [SL:COUNTRY Austria] ]
travel,international_visa,uma ngizoya e-Angola ngizoyidinga ivisa yamazwe ngamazwe?,14:20:SL:COUNTRY,[IN:international_visa [SL:COUNTRY Angola] ]
travel,international_visa,kuzomele ngiyithole ivisa uma ngizoya eBarbados?,38:47:SL:COUNTRY,[IN:international_visa [SL:COUNTRY eBarbados] ]
travel,international_visa,kuzoba imalini ukufaka isicelo sevisa yaseTaiwan?,42:48:SL:COUNTRY,[IN:international_visa [SL:COUNTRY Taiwan] ]
travel,international_visa,ngingasifaka kuphi isicelo sevisa ukuya eBali eGauteng?,"41:45:SL:CITY_OR_PROVINCE,46:54:SL:CITY_OR_PROVINCE",[IN:international_visa [SL:CITY_OR_PROVINCE Bali] [SL:CITY_OR_PROVINCE eGauteng] ]
travel,international_visa,ngizodinga ukuphathani uma ngiyofaka isicelo sevisa yaseMelika?,56:62:SL:COUNTRY,[IN:international_visa [SL:COUNTRY Melika] ]
travel,international_visa,"umuntu ozalwe eNingizimu Afrika, uzoyidinga ivisa ukuya eCosta Rica?","15:31:SL:COUNTRY,57:67:SL:COUNTRY",[IN:international_visa [SL:COUNTRY Ningizimu Afrika] [SL:COUNTRY Costa Rica] ]
travel,international_visa,ingane yami ezalwe e-UK izoyidinga ivisa ukuzovakasha ezweni engazalelwa kulo mina?,21:23:SL:COUNTRY,[IN:international_visa [SL:COUNTRY UK] ]
travel,international_visa,umzali wami uzoyidinga ivisa ukungivakashela eMelika?,46:52:SL:COUNTRY,[IN:international_visa [SL:COUNTRY Melika] ]
travel,international_visa,ivisa izodingeka uma ngizokufunda eCuba?,35:39:SL:COUNTRY,[IN:international_visa [SL:COUNTRY Cuba] ]
travel,international_visa,ivisa engiyitholele ukuya eMelika izongivumela ukungena eJalimane?,"27:33:SL:COUNTRY,57:65:SL:COUNTRY",[IN:international_visa [SL:COUNTRY Melika] [SL:COUNTRY Jalimane] ]
travel,international_visa,inxoboni yevisa engizoyidinga uma ngiyoncebeleka eCanada?,50:56:SL:COUNTRY,[IN:international_visa [SL:COUNTRY Canada] ]
travel,international_visa,"uma ngizoyokwenza ucwaningo eCanada, iyiphi ivisa engizoyidinga?",28:35:SL:COUNTRY,[IN:international_visa [SL:COUNTRY eCanada] ]
travel,international_visa,imaphi amadokhumenti ekumele ngiwaphathe uma ngiyokwenza ivisa yokuhamba?,,[IN:international_visa ]
travel,international_visa,ngiyacabanga ukuthi ngozoyidinga yini ivisa njengoba ngiya eNorway,60:66:SL:COUNTRY,[IN:international_visa [SL:COUNTRY Norway] ]
travel,international_visa,ngizoyidinga ivisa njengoba ngimenywe kwingqungquthela eManchester?,55:66:SL:CITY_OR_PROVINCE,[IN:international_visa [SL:CITY_OR_PROVINCE eManchester] ]
travel,international_visa,lizodingeka ikhadi lokugoma uma ngiyofaka isicelo sevisa yaseJalimane?,61:69:SL:COUNTRY,[IN:international_visa [SL:COUNTRY Jalimane] ]
travel,international_visa,izodingakala ivisa uma ngizoya kudokotela eRussia?,42:49:SL:COUNTRY,[IN:international_visa [SL:COUNTRY eRussia] ]
travel,international_visa,ngingakwazi ukusebenzisa ivisa yokuya eJapan ukuze ngiye nase-Indonesia?,"39:44:SL:COUNTRY,62:71:SL:COUNTRY",[IN:international_visa [SL:COUNTRY Japan] [SL:COUNTRY Indonesia] ]
travel,international_visa,ngingayisebenzisa ivisa yokuhamba ukuyokwenza izinto ezimayelana nezamabhizinisi?,,[IN:international_visa ]
travel,international_visa,"umuntu ohola impesheni eNingizimu Afrika, uyayidinga ivisa ukuya eSpain?","24:40:SL:COUNTRY,66:71:SL:COUNTRY",[IN:international_visa [SL:COUNTRY Ningizimu Afrika] [SL:COUNTRY Spain] ]
travel,international_visa,ngingayivusele ivisa yami yokuvakasha?,,[IN:international_visa ]
travel,international_visa,kuzothatha isikhathi esingakanani ukwazi ukuthi ivisa ngiyitholile noma cha?,,[IN:international_visa ]
travel,international_visa,ngizoyidinga ivisa uma ngizovakashela amazwe angaphandle kwe-Afrika?,,[IN:international_visa ]
travel,international_visa,yini engangivimba ukufaka isicelo sevisa saseSpain?,45:50:SL:COUNTRY,[IN:international_visa [SL:COUNTRY Spain] ]
travel,international_visa,kuzongibiza malini ukuthola ivisa yamazwe ngamazwe yokuya eMexico?,59:65:SL:COUNTRY,[IN:international_visa [SL:COUNTRY Mexico] ]
travel,international_visa,ngingasebenza e-UK ngevisa yokuvakasha?,16:18:SL:COUNTRY,[IN:international_visa [SL:COUNTRY UK] ]
travel,international_visa,ngiyayidinga ivisa uma ngizovakashela e-Uruguay?,40:47:SL:COUNTRY,[IN:international_visa [SL:COUNTRY Uruguay] ]
travel,international_visa,kungani ivisa yami yokuya eCanada inqatshiwe?,27:33:SL:COUNTRY,[IN:international_visa [SL:COUNTRY Canada] ]
travel,international_visa,iyadingeka ivisa uma siya eMexico?,27:33:SL:COUNTRY,[IN:international_visa [SL:COUNTRY Mexico] ]
travel,international_visa,ngizoyidinga ivisa phambilini kokuya e-Italy?,39:44:SL:COUNTRY,[IN:international_visa [SL:COUNTRY Italy] ]
travel,international_visa,uzoyidinga ivisa uma ezoba nohamba eLibya?,35:41:SL:COUNTRY,[IN:international_visa [SL:COUNTRY eLibya] ]
travel,international_visa,ngingayithola ngokushesha okungakanani ivisa yokuya eLos Angeles?,53:64:SL:CITY_OR_PROVINCE,[IN:international_visa [SL:CITY_OR_PROVINCE Los Angeles] ]
travel,international_visa,bazoyidinga ivisa uma beya e-Algeria?,29:36:SL:COUNTRY,[IN:international_visa [SL:COUNTRY Algeria] ]
travel,international_visa,"ngiya eTanzania, izodingeka ivisa?",6:15:SL:COUNTRY,[IN:international_visa [SL:COUNTRY eTanzania] ]
travel,international_visa,iyadingeka ivisa ukuhamba hamba eColombia?,33:41:SL:COUNTRY,[IN:international_visa [SL:COUNTRY Colombia] ]
travel,international_visa,umfana wami uzoyidinga ivisa ukuya eCanada?,36:42:SL:COUNTRY,[IN:international_visa [SL:COUNTRY Canada] ]
travel,international_visa,"sihlela ukuya e-Egypt, azodingeka amavisa ukuya khona?",16:21:SL:COUNTRY,[IN:international_visa [SL:COUNTRY Egypt] ]
travel,international_visa,kungenzeka bayidinge ivisa uma sizoya eNamibia?,38:46:SL:COUNTRY,[IN:international_visa [SL:COUNTRY eNamibia] ]
travel,international_visa,izodingeka ivisa uma siya eChina sisuka e-Australia?,"27:32:SL:COUNTRY,42:51:SL:COUNTRY",[IN:international_visa [SL:COUNTRY China] [SL:COUNTRY Australia] ]
travel,international_visa,bazowadinga amavisa ukuya eMalawi ekupheleni kuka-2024?,"27:33:SL:COUNTRY,50:54:SL:DATE",[IN:international_visa [SL:COUNTRY Malawi] [SL:DATE 2024] ]
travel,international_visa,"uma sizohamba ngomkhumbi ukuya ePort Louis, zisowadinga amavisa?",32:42:SL:CITY_OR_PROVINCE,[IN:international_visa [SL:CITY_OR_PROVINCE Port Louis] ]
travel,international_visa,ayadingeka amavisa ukuya eChina?,26:31:SL:COUNTRY,[IN:international_visa [SL:COUNTRY China] ]
travel,international_visa,uzoyidinga imvume kamyeni wakhe ukuthola ivisa ukuphuma eNingizimu Afrika?,57:73:SL:COUNTRY,[IN:international_visa [SL:COUNTRY Ningizimu Afrika] ]
travel,international_visa,imaphi amazwe angawadinga amavisa?,,[IN:international_visa ]
travel,international_visa,"uma ngihlela ukuya eKenya, ngozidinga ukusifaka isicelo sevisa?",19:25:SL:COUNTRY,[IN:international_visa [SL:COUNTRY eKenya] ]
travel,international_visa,uzoyidinga ivisa ugogo uma eya Eswatini?,31:39:SL:COUNTRY,[IN:international_visa [SL:COUNTRY Eswatini] ]
travel,international_visa,"ngizoya eRussia, ngizoyidinga ivisa?",8:15:SL:COUNTRY,[IN:international_visa [SL:COUNTRY eRussia] ]
travel,international_visa,sizowadinga amavisa ukuya kulelo zwe?,,[IN:international_visa ]
travel,international_visa,"uma uzovakashela lapha, uzodinga ukufakela isicelo sevisa?",,[IN:international_visa ]
travel,international_visa,abantu abashadile badinga amavisa ahlukene ukuya eJapan?,49:55:SL:COUNTRY,[IN:international_visa [SL:COUNTRY eJapan] ]
travel,international_visa,Ubhuti wami uzoyidinga ivisa uma ezoyofunda e-UK?,46:48:SL:COUNTRY,[IN:international_visa [SL:COUNTRY UK] ]
travel,international_visa,"Uma ngizohamba nomndeni wami siya eMelika, sizowadinga amavisa?",35:41:SL:COUNTRY,[IN:international_visa [SL:COUNTRY Melika] ]
travel,international_visa,Ayadineka amavisa uma sizoya eFrance?,29:36:SL:COUNTRY,[IN:international_visa [SL:COUNTRY eFrance] ]
travel,international_visa,Izingane zizowadinga amavisa uma siya eMozambique?,39:49:SL:COUNTRY,[IN:international_visa [SL:COUNTRY Mozambique] ]
travel,international_visa,"Uma ngizoya e-Australia no ma wami, uzodinga eyakhe yedwa ivisa?",14:23:SL:COUNTRY,[IN:international_visa [SL:COUNTRY Australia] ]
travel,international_visa,Ngingasifakela isicelo sevisa uma sengifika eNigeria?,44:52:SL:COUNTRY,[IN:international_visa [SL:COUNTRY eNigeria] ]
travel,international_visa,Ngizoyidinga ivisa uma ngiya eGhana?,29:35:SL:COUNTRY,[IN:international_visa [SL:COUNTRY eGhana] ]
travel,international_visa,Izingane zami zizoyidinga ivisa uma ngizohamba nabo eHong Kong?,53:62:SL:CITY_OR_PROVINCE,[IN:international_visa [SL:CITY_OR_PROVINCE Hong Kong] ]
travel,international_visa,Ngizoyidinga ivisa uma ngizoya e-Australia?,33:42:SL:COUNTRY,[IN:international_visa [SL:COUNTRY Australia] ]
travel,international_visa,Kufanele ngisifake isicelo sevisa uma ngiya eSwitzerland?,45:56:SL:COUNTRY,[IN:international_visa [SL:COUNTRY Switzerland] ]
travel,international_visa,kuzodingeka malini ukwenza ivisa yokuya eParis?,41:46:SL:CITY_OR_PROVINCE,[IN:international_visa [SL:CITY_OR_PROVINCE Paris] ]
travel,international_visa,ngizodinga ivisa enjani uma ngizovakashela ingane yami eShayina?,56:63:SL:COUNTRY,[IN:international_visa [SL:COUNTRY Shayina] ]
travel,international_visa,abantu baseShayina bayayidinga ivisa ukuze baye eJapane?,48:55:SL:COUNTRY,[IN:international_visa [SL:COUNTRY eJapane] ]
travel,international_visa,ngabe ngizoyidinga ivisa eThailand?,26:34:SL:COUNTRY,[IN:international_visa [SL:COUNTRY Thailand] ]
travel,international_visa,"ngifuna ukuya eMexico, ngizoyidinga ivisa?",15:21:SL:COUNTRY,[IN:international_visa [SL:COUNTRY Mexico] ]
travel,international_visa,iyadingeka ivisa uma uzoya eMumbai?,27:34:SL:CITY_OR_PROVINCE,[IN:international_visa [SL:CITY_OR_PROVINCE eMumbai] ]
travel,international_visa,ziyini izidingo zokuhamba ezikhona uma umuntu ezoya eMexico?,53:59:SL:COUNTRY,[IN:international_visa [SL:COUNTRY Mexico] ]
travel,international_visa,izodingeka ivisa yokuhamba uma umuntu ezokavashela eNdiya?,51:57:SL:COUNTRY,[IN:international_visa [SL:COUNTRY eNdiya] ]
travel,international_visa,ngilibala kanjani izinga lenzalo yami?,,[IN:international_visa ]
travel,international_visa,liyini izinga lenzalo yami?,,[IN:international_visa ]
travel,international_visa,kumele ngithole izinga lenzalo yesheke akhawunti yami,31:48:SL:ACCOUNT_TYPE,[IN:international_visa [SL:ACCOUNT_TYPE yesheke akhawunti] ]
travel,international_visa,kumele ngithole izinga lenzalo yesavings akhawunti yami,31:50:SL:ACCOUNT_TYPE,[IN:international_visa [SL:ACCOUNT_TYPE yesavings akhawunti] ]
banking,interest_rate,ngingathanda ukwazi izinga lenzalo kwi-akhawunti yami yaseCapitec,58:65:SL:BANK_NAME,[IN:interest_rate [SL:BANK_NAME Capitec] ]
banking,interest_rate,ngidinga ukwazi izinga lenzalo kwi-akhawunti yami yakwaFNB,55:58:SL:BANK_NAME,[IN:interest_rate [SL:BANK_NAME FNB] ]
banking,interest_rate,yini izinga lenzalo kwi-akhawunti yami yakwaNedbank?,44:51:SL:BANK_NAME,[IN:interest_rate [SL:BANK_NAME Nedbank] ]
banking,interest_rate,kumele ngithole izinga lenzalo kwicheque akhawunti yami yase-Ithala,"31:50:SL:ACCOUNT_TYPE,61:67:SL:BANK_NAME",[IN:interest_rate [SL:ACCOUNT_TYPE kwicheque akhawunti] [SL:BANK_NAME Ithala] ]
banking,interest_rate,ngifuna ukwazi izinga lenzalo kuma-akhawunti ase-ABSA,49:53:SL:BANK_NAME,[IN:interest_rate [SL:BANK_NAME ABSA] ]
banking,interest_rate,izinga lenzalo kwi-akhawunti yami yesheke ngidinga ukuyithola ngempela,19:41:SL:ACCOUNT_TYPE,[IN:interest_rate [SL:ACCOUNT_TYPE akhawunti yami yesheke] ]
banking,interest_rate,ngidinga ukuthola izinga lenzalo kwi-akhawunti yami yakwaWoolworths,,[IN:interest_rate ]
banking,interest_rate,ngifuna ukwazi izinga lenzalo kwi-akhawunti yami yaseFNB,53:56:SL:BANK_NAME,[IN:interest_rate [SL:BANK_NAME FNB] ]
banking,interest_rate,ingakanani inzalo engiyitholayo kusukela ekuqaleni konyaka?,41:58:SL:DATE,[IN:interest_rate [SL:DATE ekuqaleni konyaka] ]
banking,interest_rate,yimalini inzalo enginayo yakwaTyme Bank?,30:39:SL:BANK_NAME,[IN:interest_rate [SL:BANK_NAME Tyme Bank] ]
banking,interest_rate,ungangitshela ukuthi iyini inzalo yami yakwaCapfin?,44:50:SL:PAYMENT_COMPANY,[IN:interest_rate [SL:PAYMENT_COMPANY Capfin] ]
banking,interest_rate,"iRCS inginike inzalo, imalini?",,[IN:interest_rate ]
banking,interest_rate,ithini inzalo yami kusukela ngoNdasa?,31:36:SL:DATE,[IN:interest_rate [SL:DATE Ndasa] ]
banking,interest_rate,ngidinga iznga lenzalo kwi-easy zero akhawunti yami,27:46:SL:ACCOUNT_TYPE,[IN:interest_rate [SL:ACCOUNT_TYPE easy zero akhawunti] ]
banking,interest_rate,ungangisiza ngithole izinga lenzalo kwi-akhawunti yami?,,[IN:interest_rate ]
banking,interest_rate,ngidinga usizo lokuthola isilinganiso sephesenti lonyaka kwisikweletu sami saseCapfin,79:85:SL:PAYMENT_COMPANY,[IN:interest_rate [SL:PAYMENT_COMPANY Capfin] ]
banking,interest_rate,"sawubona, ungangitshela inzalo kwi-akhawunti yami yomhlalaphansi",,[IN:interest_rate ]
banking,interest_rate,ungangisiza ngithole izinga lenzalo kwi-akhawunti yami yebhizinisi?,40:66:SL:ACCOUNT_TYPE,[IN:interest_rate [SL:ACCOUNT_TYPE akhawunti yami yebhizinisi] ]
banking,interest_rate,ngiya kuphi ukuze ngibone izinga lenzalo kwisavings akhawunti yami?,41:61:SL:ACCOUNT_TYPE,[IN:interest_rate [SL:ACCOUNT_TYPE kwisavings akhawunti] ]
banking,interest_rate,yini okufanele ngiyenze ngibheke izinga lenzalo kwi-akhawunti yami yesheke?,52:74:SL:ACCOUNT_TYPE,[IN:interest_rate [SL:ACCOUNT_TYPE akhawunti yami yesheke] ]
banking,interest_rate,ngitshele ukuthi ngingayithola kanjani inzalo kwicurrent akhawunti yami,,[IN:interest_rate ]
banking,interest_rate,ithini inzalo yami kwi-skawunti yami yakwaSanlam?,,[IN:interest_rate ]
banking,interest_rate,ngicela ungitshela ukuthi ngingalindela inzalo engakanani kwaFNB,61:64:SL:BANK_NAME,[IN:interest_rate [SL:BANK_NAME FNB] ]
banking,interest_rate,"uma ngisebenzisa uCapitec, ingakanani inzalo?",18:25:SL:BANK_NAME,[IN:interest_rate [SL:BANK_NAME Capitec] ]
banking,interest_rate,ingakanani inzalo yakwaFNB?,23:26:SL:BANK_NAME,[IN:interest_rate [SL:BANK_NAME FNB] ]
banking,interest_rate,lingaba yini izinga lenzalo yakwaNedbank?,33:40:SL:BANK_NAME,[IN:interest_rate [SL:BANK_NAME Nedbank] ]
banking,interest_rate,ngingathanda ukwazi izinga lenzalo yami,,[IN:interest_rate ]
banking,interest_rate,iyini inzalo yami yamanje?,,[IN:interest_rate ]
banking,interest_rate,liyini izinga lephesenti lami lonyaka?,,[IN:interest_rate ]
banking,interest_rate,ngabe uyazi ukuthi ingakanani inzalo kwi-akhawunti yami?,,[IN:interest_rate ]
banking,interest_rate,lingakanani iphesenti engilitholayo ngonyaka kwi-akhawunti yami?,,[IN:interest_rate ]
banking,interest_rate,yiliphi inani lenzalo engizolithola kwaRCS?,,[IN:interest_rate ]
banking,interest_rate,ingakanani inzalo engizoyinikwa iRCS?,,[IN:interest_rate ]
banking,interest_rate,yiliphi inani lenzalo elingcono kakhulu engingalithola kusukela manje?,,[IN:interest_rate ]
banking,interest_rate,ingakanani inzalo engingayithola kusukela ekuqaleni konyaka ozayo?,42:65:SL:DATE,[IN:interest_rate [SL:DATE ekuqaleni konyaka ozayo] ]
banking,interest_rate,ingabe lukhona ulwazi ngezinga lami lenzalo yokonga kwi-inthanethi?,,[IN:interest_rate ]
banking,interest_rate,ingabe izinga lami lenzalo yokonga liphezulu kakhulu?,,[IN:interest_rate ]
banking,interest_rate,ngidinga ukwazi izinga lami lenzalo,,[IN:interest_rate ]
banking,interest_rate,ngingakwazi ukuthola izinga lami lenzalo lefixed akhawunti kwi-inthanethi?,43:58:SL:ACCOUNT_TYPE,[IN:interest_rate [SL:ACCOUNT_TYPE fixed akhawunti] ]
banking,interest_rate,ingabe izinga lami lenzalo yokonga liphansi kakhulu?,,[IN:interest_rate ]
banking,interest_rate,liyini izinga lami lenzalo yebhange lase-ABSA?,41:45:SL:BANK_NAME,[IN:interest_rate [SL:BANK_NAME ABSA] ]
banking,interest_rate,anjani amazinga enzalo eFNB?,24:27:SL:BANK_NAME,[IN:interest_rate [SL:BANK_NAME FNB] ]
banking,interest_rate,liyini izinga lenzalo kwikhadi lami lesikweletu?,,[IN:interest_rate ]
banking,interest_rate,ngifuna ukwazi izinga lenzalo yaseTyme Bank,34:43:SL:BANK_NAME,[IN:interest_rate [SL:BANK_NAME Tyme Bank] ]
banking,interest_rate,linjani izinga lami lenzalo?,,[IN:interest_rate ]
banking,interest_rate,ingabe izinga lami lenzalo kwi-akhawunti yami yesheke ibonakala liphansi?,31:53:SL:ACCOUNT_TYPE,[IN:interest_rate [SL:ACCOUNT_TYPE akhawunti yami yesheke] ]
banking,interest_rate,liyini izinga lenzalo kwi-akhawunti yami yesheke?,26:48:SL:ACCOUNT_TYPE,[IN:interest_rate [SL:ACCOUNT_TYPE akhawunti yami yesheke] ]
banking,interest_rate,liyini izinga lenzalo kwaStandard Bank?,25:38:SL:BANK_NAME,[IN:interest_rate [SL:BANK_NAME Standard Bank] ]
banking,interest_rate,ungangitshela izinga lami lenzalo yamanje?,,[IN:interest_rate ]
banking,interest_rate,ngazise ukuthi liyini izinga lami lenzalo,,[IN:interest_rate ]
banking,interest_rate,ungangitshela izinga lami lenzalo?,,[IN:interest_rate ]
banking,interest_rate,"uma ungabheka, liyini izinga lami lenzalo njengamanje?",,[IN:interest_rate ]
banking,interest_rate,hlobo luni lwenzalo engingayilindela ngesavings akhawunti yami?,37:57:SL:ACCOUNT_TYPE,[IN:interest_rate [SL:ACCOUNT_TYPE ngesavings akhawunti] ]
banking,interest_rate,ingakanani inzalo engiyitholayo kwifixed akhawunti yami?,32:50:SL:ACCOUNT_TYPE,[IN:interest_rate [SL:ACCOUNT_TYPE kwifixed akhawunti] ]
banking,interest_rate,ngithola inzalo engakanani kwi-easy zero akhawunti yami?,31:50:SL:ACCOUNT_TYPE,[IN:interest_rate [SL:ACCOUNT_TYPE easy zero akhawunti] ]
banking,interest_rate,hlobo luni lwenzalo engilutholayo kwi-akhawunti yami yesheke yase-Ithala?,"38:60:SL:ACCOUNT_TYPE,66:72:SL:BANK_NAME",[IN:interest_rate [SL:ACCOUNT_TYPE akhawunti yami yesheke] [SL:BANK_NAME Ithala] ]
banking,interest_rate,iyini inzalo yami kwisavings akhawunti yami?,21:38:SL:ACCOUNT_TYPE,[IN:interest_rate [SL:ACCOUNT_TYPE savings akhawunti] ]
banking,interest_rate,iFNB ingikhokhela malini kwinzalo kwi-akhawunti yami?,1:4:SL:BANK_NAME,[IN:interest_rate [SL:BANK_NAME FNB] ]
banking,interest_rate,ngiya kuphi ukuze ngithole izinga lenzalo yamaprivate client?,,[IN:interest_rate ]
banking,interest_rate,ingakanani inzalo engiyitholayo njengamanje eNedbank?,45:52:SL:BANK_NAME,[IN:interest_rate [SL:BANK_NAME Nedbank] ]
banking,interest_rate,isavings akhawunti yami ithola izinga lenzalo engakanani?,,[IN:interest_rate ]
banking,interest_rate,ngiyibona kuphi inzalo yemoto yami?,,[IN:interest_rate ]
banking,interest_rate,ingabe kukhona lapho imali yami ebolekiwe siqu ibonisa izinga lenzalo engiyikhokhayo kuyo?,,[IN:interest_rate ]
banking,interest_rate,siyini isilinganiso sephesenti lonyaka kwisavings akhawunti yami?,39:59:SL:ACCOUNT_TYPE,[IN:interest_rate [SL:ACCOUNT_TYPE kwisavings akhawunti] ]
banking,interest_rate,ingakanani inzalo engiyithola eFNB?,31:34:SL:BANK_NAME,[IN:interest_rate [SL:BANK_NAME FNB] ]
banking,interest_rate,ingakanani inzalo engiyithola eStandard Bank?,31:44:SL:BANK_NAME,[IN:interest_rate [SL:BANK_NAME Standard Bank] ]
banking,interest_rate,ingakanani inzalo engiyithola kwibhuku lami engalibhala enyuvesi?,,[IN:interest_rate ]
banking,interest_rate,ngiyithola kanjani inzalo kwi-akhawunti yami yesheke?,30:52:SL:ACCOUNT_TYPE,[IN:interest_rate [SL:ACCOUNT_TYPE akhawunti yami yesheke] ]
banking,interest_rate,ingakanani inzalo engiyithola e-Old Mutual?,,[IN:interest_rate ]
banking,interest_rate,ngibona kanjani ukuthi ingakanani inzalo kwi-akhawunti yami yase-Old Mutual?,,[IN:interest_rate ]
banking,interest_rate,isavings akhawunti yami ithola inzalo engakanani?,1:18:SL:ACCOUNT_TYPE,[IN:interest_rate [SL:ACCOUNT_TYPE savings akhawunti] ]
banking,interest_rate,ingakanani inzalo etholwa yicheque yami?,,[IN:interest_rate ]
banking,interest_rate,lingakanani izinga lenzalo engilitholayo eNedbank?,42:49:SL:BANK_NAME,[IN:interest_rate [SL:BANK_NAME Nedbank] ]
banking,interest_rate,ngiya ngakuphi kuze ngithole izinga lenzalo kwicheque akhawunti yami?,47:63:SL:ACCOUNT_TYPE,[IN:interest_rate [SL:ACCOUNT_TYPE cheque akhawunti] ]
banking,interest_rate,ingakanani inzalo engiyithola eSTANLIB?,31:38:SL:BANK_NAME,[IN:interest_rate [SL:BANK_NAME STANLIB] ]
banking,interest_rate,"nge-akhwunti yami yesheke, ngingathanda ukwazi izinga lenzalo",4:25:SL:ACCOUNT_TYPE,[IN:interest_rate [SL:ACCOUNT_TYPE akhwunti yami yesheke] ]
banking,interest_rate,bhukha indiza esuka eGoli iye eMauritius ngo-17 futhi ibuye ngo-22,"20:25:SL:CITY_OR_PROVINCE,30:40:SL:COUNTRY,45:47:SL:NUMBER,64:66:SL:NUMBER",[IN:interest_rate [SL:CITY_OR_PROVINCE eGoli] [SL:COUNTRY eMauritius] [SL:NUMBER 17] [SL:NUMBER 22] ]
banking,interest_rate,bhukha indiza esuka eThekwini iye eGhibhitha ngo-20 kuMbasa futhi ibuye ngo-28 kuMbasa,"20:29:SL:CITY_OR_PROVINCE,34:44:SL:COUNTRY,49:59:SL:DATE",[IN:interest_rate [SL:CITY_OR_PROVINCE eThekwini] [SL:COUNTRY eGhibhitha] [SL:DATE 20 kuMbasa] ]
banking,interest_rate,bhukha indiza esuka eSwatini iye eGoli ngo-5 kuNcwaba futhi ibuye ngo-10 kuNcwaba,"20:28:SL:COUNTRY,33:38:SL:CITY_OR_PROVINCE,43:53:SL:DATE,70:81:SL:DATE",[IN:interest_rate [SL:COUNTRY eSwatini] [SL:CITY_OR_PROVINCE eGoli] [SL:DATE 5 kuNcwaba] [SL:DATE 10 kuNcwaba] ]
banking,interest_rate,ngidinga ukuthola indiza ephuma eMaputo iye eThekwini ngesonto elizayo ngemali emgaphansi kwa-R7000,"32:39:SL:CITY_OR_PROVINCE,44:53:SL:CITY_OR_PROVINCE,94:99:SL:MONEY",[IN:interest_rate [SL:CITY_OR_PROVINCE eMaputo] [SL:CITY_OR_PROVINCE eThekwini] [SL:MONEY R7000] ]
travel,book_flight,ngibheka indiza yokuhamba ngibuye esuka eGoli iye eBotswana ngoMfumfu kuya kuLwezi,"40:45:SL:CITY_OR_PROVINCE,51:59:SL:COUNTRY,63:69:SL:DATE,77:82:SL:DATE",[IN:book_flight [SL:CITY_OR_PROVINCE eGoli] [SL:COUNTRY Botswana] [SL:DATE Mfumfu] [SL:DATE Lwezi] ]
travel,book_flight,ndiginga ukuthola indiza ephuma eSydney iye ePerth ngoLwesini ngaphansi kuka-R5000,"33:39:SL:CITY_OR_PROVINCE,45:50:SL:CITY_OR_PROVINCE,54:61:SL:DATE,77:82:SL:MONEY",[IN:book_flight [SL:CITY_OR_PROVINCE Sydney] [SL:CITY_OR_PROVINCE Perth] [SL:DATE Lwesini] [SL:MONEY R5000] ]
travel,book_flight,"ngidinga ukuthola indiza ezosuka lana eThekwini ingise eGoli ngoLwesibili, ngomhlaka-9 ngemali engaphansi kwenkulungwane","38:47:SL:CITY_OR_PROVINCE,55:60:SL:CITY_OR_PROVINCE,64:73:SL:DATE,75:86:SL:DATE,109:120:SL:NUMBER",[IN:book_flight [SL:CITY_OR_PROVINCE eThekwini] [SL:CITY_OR_PROVINCE eGoli] [SL:DATE Lwesibili] [SL:DATE ngomhlaka-9] [SL:NUMBER nkulungwane] ]
travel,book_flight,ngibheka indiza esuka eNdiya iye eLondon ngo-25 kuMasingana ibuye ngoNhlolanja,"23:28:SL:COUNTRY,34:40:SL:CITY_OR_PROVINCE,45:59:SL:DATE,69:78:SL:DATE",[IN:book_flight [SL:COUNTRY Ndiya] [SL:CITY_OR_PROVINCE London] [SL:DATE 25 kuMasingana] [SL:DATE Nhlolanja] ]
travel,book_flight,ngibheka indiza ezohamba ibuye esuka eThekwini iye eKapa ngelanga lokuqala kuNhlolanja kuya kusuku lwesithathu kuNhlolanja,"37:46:SL:CITY_OR_PROVINCE,51:56:SL:CITY_OR_PROVINCE,57:86:SL:DATE,92:122:SL:DATE",[IN:book_flight [SL:CITY_OR_PROVINCE eThekwini] [SL:CITY_OR_PROVINCE eKapa] [SL:DATE ngelanga lokuqala kuNhlolanja] [SL:DATE kusuku lwesithathu kuNhlolanja] ]
travel,book_flight,qhathanisa amanani eKenya Airways asuka eKenya aye eGhana ibuye ungakafiki ukhisimusi,"41:46:SL:COUNTRY,52:57:SL:COUNTRY,75:85:SL:CALENDAR_EVENT",[IN:book_flight [SL:COUNTRY Kenya] [SL:COUNTRY Ghana] [SL:CALENDAR_EVENT ukhisimusi] ]
travel,book_flight,imali eshibile yendiza esuka eNingizimu Afrika iye eKenya ngo-3 kuNtulikazi ibuye ngo-7 kuNtulikazi,"30:46:SL:COUNTRY,52:57:SL:COUNTRY,62:75:SL:DATE,86:99:SL:DATE",[IN:book_flight [SL:COUNTRY Ningizimu Afrika] [SL:COUNTRY Kenya] [SL:DATE 3 kuNtulikazi] [SL:DATE 7 kuNtulikazi] ]
travel,book_flight,"qhathanisa imali yezindiza ezisuka ePE ziye eGoli, ezizosuka ngomhla ka-2 kuZibandlela zibuye ngomhla ka-22 kuZibandlela","36:38:SL:CITY_OR_PROVINCE,44:49:SL:CITY_OR_PROVINCE,72:86:SL:DATE,105:120:SL:DATE",[IN:book_flight [SL:CITY_OR_PROVINCE PE] [SL:CITY_OR_PROVINCE eGoli] [SL:DATE 2 kuZibandlela] [SL:DATE 22 kuZibandlela] ]
travel,book_flight,ngidinga ungibhukele indiza esuka eKapa iye eThekwini ngeSAA,"34:39:SL:CITY_OR_PROVINCE,44:53:SL:CITY_OR_PROVINCE",[IN:book_flight [SL:CITY_OR_PROVINCE eKapa] [SL:CITY_OR_PROVINCE eThekwini] ]
travel,book_flight,ngidinga indiza yokuhamba ngibuye yango-14/02 kuya ku-23/02 esuka eGoli iye eKapa,"40:45:SL:DATE,54:59:SL:DATE,66:71:SL:CITY_OR_PROVINCE,76:81:SL:CITY_OR_PROVINCE",[IN:book_flight [SL:DATE 14/02] [SL:DATE 23/02] [SL:CITY_OR_PROVINCE eGoli] [SL:CITY_OR_PROVINCE eKapa] ]
travel,book_flight,ungangitholela indiza yokuhamba nokubuya esuka eNingizimu Afrika iye eNew York yango-27/02 kuya ku-10/03,"48:64:SL:COUNTRY,70:78:SL:CITY_OR_PROVINCE,85:90:SL:DATE,99:104:SL:DATE",[IN:book_flight [SL:COUNTRY Ningizimu Afrika] [SL:CITY_OR_PROVINCE New York] [SL:DATE 27/02] [SL:DATE 10/03] ]
travel,book_flight,sebenzisa iFlySafair ukungibhukela indiza esuka eJapan iye eChina,"48:54:SL:COUNTRY,59:65:SL:COUNTRY",[IN:book_flight [SL:COUNTRY eJapan] [SL:COUNTRY eChina] ]
travel,book_flight,ngisize ngithole indiza yokuhamba nokubuya yangomhla ka-7 kuya kumhla ka-15 esuka eGoli iye eKapa,"43:57:SL:DATE,63:75:SL:DATE,82:87:SL:CITY_OR_PROVINCE,92:97:SL:CITY_OR_PROVINCE",[IN:book_flight [SL:DATE yangomhla ka-7] [SL:DATE kumhla ka-15] [SL:CITY_OR_PROVINCE eGoli] [SL:CITY_OR_PROVINCE eKapa] ]
travel,book_flight,ungangibhukela indiza ne-Air France esuka eLos Angeles iye eAustralia,"43:54:SL:CITY_OR_PROVINCE,60:69:SL:COUNTRY",[IN:book_flight [SL:CITY_OR_PROVINCE Los Angeles] [SL:COUNTRY Australia] ]
travel,book_flight,"ungangitholela indiza esuka e-Oslo, eNorway iye eWashington, eMelika ngaphansi kuka-R22000 kwi-Emirates","30:34:SL:CITY_OR_PROVINCE,37:43:SL:COUNTRY,49:59:SL:CITY_OR_PROVINCE,62:68:SL:COUNTRY,84:90:SL:MONEY",[IN:book_flight [SL:CITY_OR_PROVINCE Oslo] [SL:COUNTRY Norway] [SL:CITY_OR_PROVINCE Washington] [SL:COUNTRY Melika] [SL:MONEY R22000] ]
travel,book_flight,ngifuna ukundiza ngisuka eChicago ngiya eNingizimu Afrika ngeVirgin Atlantic ngaphansi kuka-R20000,"25:33:SL:CITY_OR_PROVINCE,41:57:SL:COUNTRY,92:98:SL:MONEY",[IN:book_flight [SL:CITY_OR_PROVINCE eChicago] [SL:COUNTRY Ningizimu Afrika] [SL:MONEY R20000] ]
travel,book_flight,bhukha indiza esuka eLondon iya e-Australia ne Air France,"20:27:SL:CITY_OR_PROVINCE,34:43:SL:COUNTRY",[IN:book_flight [SL:CITY_OR_PROVINCE eLondon] [SL:COUNTRY Australia] ]
travel,book_flight,ngicela indiza esuka eThekwini iya eDubai kwi-Emirates engaphansi ka-R15000,"21:30:SL:CITY_OR_PROVINCE,36:41:SL:CITY_OR_PROVINCE,69:75:SL:MONEY",[IN:book_flight [SL:CITY_OR_PROVINCE eThekwini] [SL:CITY_OR_PROVINCE Dubai] [SL:MONEY R15000] ]
travel,book_flight,"ngiya eChicago ngisuka eThekwini ngo-31 kuNcwaba ngibuye ngo-10 kuMandulo, ngidinga ungitholele indiza yokuhamba ngibuye","7:14:SL:CITY_OR_PROVINCE,23:32:SL:CITY_OR_PROVINCE,37:48:SL:DATE,61:73:SL:DATE",[IN:book_flight [SL:CITY_OR_PROVINCE Chicago] [SL:CITY_OR_PROVINCE eThekwini] [SL:DATE 31 kuNcwaba] [SL:DATE 10 kuMandulo] ]
travel,book_flight,ngidinga ukusuka eKapa ngiye eGoli ngeFlySafair ngemali engaphansi ka-R3000,"17:22:SL:CITY_OR_PROVINCE,29:34:SL:CITY_OR_PROVINCE,70:75:SL:MONEY",[IN:book_flight [SL:CITY_OR_PROVINCE eKapa] [SL:CITY_OR_PROVINCE eGoli] [SL:MONEY R3000] ]
travel,book_flight,ngidinga indiza esuka eThekwini iye eLondon neSwiss International Air Lines,"22:31:SL:CITY_OR_PROVINCE,36:43:SL:CITY_OR_PROVINCE",[IN:book_flight [SL:CITY_OR_PROVINCE eThekwini] [SL:CITY_OR_PROVINCE eLondon] ]
travel,book_flight,ungangitholele indiza yeSAA esuka eThekwini iye eKapa engaphansi kuka-R6000,"34:43:SL:CITY_OR_PROVINCE,48:53:SL:CITY_OR_PROVINCE,70:75:SL:MONEY",[IN:book_flight [SL:CITY_OR_PROVINCE eThekwini] [SL:CITY_OR_PROVINCE eKapa] [SL:MONEY R6000] ]
travel,book_flight,ngifuna ukuthola indiza ezohamba ibuye esuka eMgungundlovu iye eGoli ngo-15 kaZibandlela ngibuye ngo-20 kaZibandlela,"45:58:SL:CITY_OR_PROVINCE,63:68:SL:CITY_OR_PROVINCE,73:88:SL:DATE,101:116:SL:DATE",[IN:book_flight [SL:CITY_OR_PROVINCE eMgungundlovu] [SL:CITY_OR_PROVINCE eGoli] [SL:DATE 15 kaZibandlela] [SL:DATE 20 kaZibandlela] ]
travel,book_flight,ngigcinele isikhala kwindiza esuka eKapa iye eGoli kwiFlySafair,"35:40:SL:CITY_OR_PROVINCE,45:50:SL:CITY_OR_PROVINCE",[IN:book_flight [SL:CITY_OR_PROVINCE eKapa] [SL:CITY_OR_PROVINCE eGoli] ]
travel,book_flight,"ngitholele indiza ezohamba ibuye, esuka eThekwini iye eGqeberha, esuka ngo-10 kuMasingana ngibuye ngo-15 kuMasingana","40:49:SL:CITY_OR_PROVINCE,54:63:SL:CITY_OR_PROVINCE,75:89:SL:DATE,102:116:SL:DATE",[IN:book_flight [SL:CITY_OR_PROVINCE eThekwini] [SL:CITY_OR_PROVINCE eGqeberha] [SL:DATE 10 kuMasingana] [SL:DATE 15 kuMasingana] ]
travel,book_flight,"Thenga amathikithi endiza asuka eGoli aye eThekwini ngo-1 kuNdasa, ukubuya ngo-3 kuNdasa","32:37:SL:CITY_OR_PROVINCE,42:51:SL:CITY_OR_PROVINCE,56:65:SL:DATE,79:88:SL:DATE",[IN:book_flight [SL:CITY_OR_PROVINCE eGoli] [SL:CITY_OR_PROVINCE eThekwini] [SL:DATE 1 kuNdasa] [SL:DATE 3 kuNdasa] ]
travel,book_flight,Ngibhukele indiza ezophuma eGoli iye eThekwini ngomhlaka-3 kuNdasa engaphansi kwa-R1500,"27:32:SL:CITY_OR_PROVINCE,37:46:SL:CITY_OR_PROVINCE,47:66:SL:DATE,82:87:SL:MONEY",[IN:book_flight [SL:CITY_OR_PROVINCE eGoli] [SL:CITY_OR_PROVINCE eThekwini] [SL:DATE ngomhlaka-3 kuNdasa] [SL:MONEY R1500] ]
travel,book_flight,Awungibhukele indiza esuka eKapa iye eGoli ngomhlaka-15 kuZibandlela ibuye ngomhlaka-20 kuZibandlela,"27:32:SL:CITY_OR_PROVINCE,37:42:SL:CITY_OR_PROVINCE,53:68:SL:DATE,85:100:SL:DATE",[IN:book_flight [SL:CITY_OR_PROVINCE eKapa] [SL:CITY_OR_PROVINCE eGoli] [SL:DATE 15 kuZibandlela] [SL:DATE 20 kuZibandlela] ]
travel,book_flight,Ngibhekele indiza ephuma eDubai iye eNingizimu Afrika ngomhlaka-18 kuMbasa engaphansi kuka-R23000,"26:31:SL:CITY_OR_PROVINCE,37:53:SL:COUNTRY,64:74:SL:DATE,91:97:SL:MONEY",[IN:book_flight [SL:CITY_OR_PROVINCE Dubai] [SL:COUNTRY Ningizimu Afrika] [SL:DATE 18 kuMbasa] [SL:MONEY R23000] ]
travel,book_flight,Ngitholele indiza esuka eWashington iye eLos Angeles ngomhlaka-02 kuNhlaba engaphansi kuka-R6000,"25:35:SL:CITY_OR_PROVINCE,41:52:SL:CITY_OR_PROVINCE,63:74:SL:DATE,91:96:SL:MONEY",[IN:book_flight [SL:CITY_OR_PROVINCE Washington] [SL:CITY_OR_PROVINCE Los Angeles] [SL:DATE 02 kuNhlaba] [SL:MONEY R6000] ]
travel,book_flight,Ngidinga ukubhukha indiza ezohamba ibuye esuka eGoli iye eDubai ngomhlaka-07 kuMfumfu kuya kumhlaka-13 kuMfumfu,"47:52:SL:CITY_OR_PROVINCE,58:63:SL:CITY_OR_PROVINCE,74:85:SL:DATE,100:111:SL:DATE",[IN:book_flight [SL:CITY_OR_PROVINCE eGoli] [SL:CITY_OR_PROVINCE Dubai] [SL:DATE 07 kuMfumfu] [SL:DATE 13 kuMfumfu] ]
travel,book_flight,Ngitholele indiza esuka eNingizimu Afrika iye eShanghai kwiKLM,"25:41:SL:COUNTRY,47:55:SL:CITY_OR_PROVINCE",[IN:book_flight [SL:COUNTRY Ningizimu Afrika] [SL:CITY_OR_PROVINCE Shanghai] ]
travel,book_flight,Zikhona izindiza ezizophuma eGoli ziye eThekwini ngomhlaka-17 ezibiza ngaphansi kwa-R1250,"28:33:SL:CITY_OR_PROVINCE,39:48:SL:CITY_OR_PROVINCE,49:61:SL:DATE,84:89:SL:MONEY",[IN:book_flight [SL:CITY_OR_PROVINCE eGoli] [SL:CITY_OR_PROVINCE eThekwini] [SL:DATE ngomhlaka-17] [SL:MONEY R1250] ]
travel,book_flight,"Bheka indiza esuka ePerth iye eMelbourne ngomhlaka-9, ibuye ngomhlaka-15","20:25:SL:CITY_OR_PROVINCE,31:40:SL:CITY_OR_PROVINCE,41:52:SL:DATE",[IN:book_flight [SL:CITY_OR_PROVINCE Perth] [SL:CITY_OR_PROVINCE Melbourne] [SL:DATE ngomhlaka-9] ]
travel,book_flight,"Ngicela uhlu lwezindiza ezizohamba zibuye, ezisuka eKapa ziye eThekwini kusukela ngomhlaka-21 kuZibandlela kuya ku-24 kuZibandlela","51:56:SL:CITY_OR_PROVINCE,62:71:SL:CITY_OR_PROVINCE,91:106:SL:DATE,115:130:SL:DATE",[IN:book_flight [SL:CITY_OR_PROVINCE eKapa] [SL:CITY_OR_PROVINCE eThekwini] [SL:DATE 21 kuZibandlela] [SL:DATE 24 kuZibandlela] ]
travel,book_flight,Ngicela ungiqinisekisa indiza esuka eGhana iye eKenya kwiQatar Airways,"37:42:SL:COUNTRY,48:53:SL:COUNTRY",[IN:book_flight [SL:COUNTRY Ghana] [SL:COUNTRY Kenya] ]
travel,book_flight,Bheka indiza ezosuka eKapa iye eGoli ngomhlaka-1 kuNhlolanja ebiza ngaphansi kwa-R1900,"21:26:SL:CITY_OR_PROVINCE,31:36:SL:CITY_OR_PROVINCE,37:60:SL:DATE,81:86:SL:MONEY",[IN:book_flight [SL:CITY_OR_PROVINCE eKapa] [SL:CITY_OR_PROVINCE eGoli] [SL:DATE ngomhlaka-1 kuNhlolanja] [SL:MONEY R1900] ]
travel,book_flight,Ngicela uthenge ithikithi lendiza esuka eThekwini iye eNairobi ngomhlaka-3 ngemali engaphansi kwa-R14000,"40:49:SL:CITY_OR_PROVINCE,55:62:SL:CITY_OR_PROVINCE,73:74:SL:NUMBER,98:104:SL:MONEY",[IN:book_flight [SL:CITY_OR_PROVINCE eThekwini] [SL:CITY_OR_PROVINCE Nairobi] [SL:NUMBER 3] [SL:MONEY R14000] ]
travel,book_flight,Ungangikhombisa izindiza ezisohamba zibuye ezisuka eWashington ziye eLos Angeles ngomhlaka-15 kuya ku mhlaka-19,"52:62:SL:CITY_OR_PROVINCE,69:80:SL:CITY_OR_PROVINCE,81:93:SL:DATE,102:111:SL:DATE",[IN:book_flight [SL:CITY_OR_PROVINCE Washington] [SL:CITY_OR_PROVINCE Los Angeles] [SL:DATE ngomhlaka-15] [SL:DATE mhlaka-19] ]
travel,book_flight,Ngidinga ungibhukele indiza esuka eGoli iye eMgungundlovu kunoma iyiphi inkampani yezindiza,"34:39:SL:CITY_OR_PROVINCE,44:57:SL:CITY_OR_PROVINCE",[IN:book_flight [SL:CITY_OR_PROVINCE eGoli] [SL:CITY_OR_PROVINCE eMgungundlovu] ]
travel,book_flight,"Ngitholele indiza esuka Eswatini iye eNingizimu Afrika ngomhlaka-5, ibuye ngomhlaka-8 kuNdasa","24:32:SL:COUNTRY,38:54:SL:COUNTRY,55:66:SL:DATE,84:93:SL:DATE",[IN:book_flight [SL:COUNTRY Eswatini] [SL:COUNTRY Ningizimu Afrika] [SL:DATE ngomhlaka-5] [SL:DATE 8 kuNdasa] ]
travel,book_flight,Ngitholele indiza ezohamba eGoli iye eKapa ngomhlaka-11engabiza ngaphezu kwa-R2500,"27:32:SL:CITY_OR_PROVINCE,37:42:SL:CITY_OR_PROVINCE,46:55:SL:DATE,77:82:SL:MONEY",[IN:book_flight [SL:CITY_OR_PROVINCE eGoli] [SL:CITY_OR_PROVINCE eKapa] [SL:DATE mhlaka-11] [SL:MONEY R2500] ]
travel,book_flight,Yiziphi izinkampani zezindiza ezikhona ezizohamba zibuye ngomhlaka-15 kuNhlolanja zibuye ngomhlaka-19 kuNhlolanja,"67:81:SL:DATE,99:113:SL:DATE",[IN:book_flight [SL:DATE 15 kuNhlolanja] [SL:DATE 19 kuNhlolanja] ]
travel,book_flight,Ngifuna ukuthenga ithikithi lendiza ukuze ngiye eNdiya ngisuka eLondon ngomhlaka-5 kuMasingana bese ngidinga ithikithi lendiza lokubuya ngomhlaka-17 kuNhlolanja,"49:54:SL:COUNTRY,64:70:SL:CITY_OR_PROVINCE,81:94:SL:DATE,146:160:SL:DATE",[IN:book_flight [SL:COUNTRY Ndiya] [SL:CITY_OR_PROVINCE London] [SL:DATE 5 kuMasingana] [SL:DATE 17 kuNhlolanja] ]
travel,book_flight,Ngidingi ukugibela indiza ezosuka eDallas iye eDubai ngomhlaka-6 kuNcwaba futhi ngizodinga ukubuya ngomhlaka-14,"35:41:SL:CITY_OR_PROVINCE,47:52:SL:CITY_OR_PROVINCE,63:73:SL:DATE,102:111:SL:DATE",[IN:book_flight [SL:CITY_OR_PROVINCE Dallas] [SL:CITY_OR_PROVINCE Dubai] [SL:DATE 6 kuNcwaba] [SL:DATE mhlaka-14] ]
travel,book_flight,Ngifuna ukubhuka indiza ezongisa e-Atlanta ngisuke eNew York ngomhlaka-1 kuLwezi ngibuye ngomhlaka-2 kuLwezi,"35:42:SL:CITY_OR_PROVINCE,52:60:SL:CITY_OR_PROVINCE,71:80:SL:DATE,99:108:SL:DATE",[IN:book_flight [SL:CITY_OR_PROVINCE Atlanta] [SL:CITY_OR_PROVINCE New York] [SL:DATE 1 kuLwezi] [SL:DATE 2 kuLwezi] ]
travel,book_flight,Ngifuna ukubhuka indiza esuka eTexas iye eLos Angeles ngomhlaka-3 kuMfumfu ngibuye ngomhlaka-7 kuMfumfu,"31:36:SL:CITY_OR_PROVINCE,42:53:SL:CITY_OR_PROVINCE,64:74:SL:DATE,93:103:SL:DATE",[IN:book_flight [SL:CITY_OR_PROVINCE Texas] [SL:CITY_OR_PROVINCE Los Angeles] [SL:DATE 3 kuMfumfu] [SL:DATE 7 kuMfumfu] ]
travel,book_flight,Ngidinga ukubhuka indiza esuka eThekwini iye eMaputo ngomhlaka-9 kuMbasa futhi ngibuye ngomhlaka-15 kuMbasa,"31:40:SL:CITY_OR_PROVINCE,45:52:SL:CITY_OR_PROVINCE,63:72:SL:DATE,97:107:SL:DATE",[IN:book_flight [SL:CITY_OR_PROVINCE eThekwini] [SL:CITY_OR_PROVINCE eMaputo] [SL:DATE 9 kuMbasa] [SL:DATE 15 kuMbasa] ]
travel,book_flight,Ngicela ungithengele indiza esuka e-Seattle iye eWashington ngosuku olulodwa ngaphambi kwaKhisimusi ibuye ngomhlaka-28,"36:43:SL:CITY_OR_PROVINCE,49:59:SL:CITY_OR_PROVINCE,71:76:SL:NUMBER,90:99:SL:CALENDAR_EVENT,109:118:SL:DATE",[IN:book_flight [SL:CITY_OR_PROVINCE Seattle] [SL:CITY_OR_PROVINCE Washington] [SL:NUMBER lodwa] [SL:CALENDAR_EVENT Khisimusi] [SL:DATE mhlaka-28] ]
travel,book_flight,Thenga ithikithi lendiza elisuka eSanta Barbara liye eNewport Beach ngoLwesithathu libuye ngoMgqibelo,"34:47:SL:CITY_OR_PROVINCE,54:67:SL:CITY_OR_PROVINCE,71:82:SL:DATE,93:101:SL:DATE",[IN:book_flight [SL:CITY_OR_PROVINCE Santa Barbara] [SL:CITY_OR_PROVINCE Newport Beach] [SL:DATE Lwesithathu] [SL:DATE Mgqibelo] ]
travel,book_flight,Thenga ithikithi lendiza elisuka eGoli liye eKapa ngoMsombuluko futhi libuye NgoLwesihlanu,"33:38:SL:CITY_OR_PROVINCE,44:49:SL:CITY_OR_PROVINCE,50:63:SL:DATE,77:90:SL:DATE",[IN:book_flight [SL:CITY_OR_PROVINCE eGoli] [SL:CITY_OR_PROVINCE eKapa] [SL:DATE ngoMsombuluko] [SL:DATE NgoLwesihlanu] ]
travel,book_flight,Thenga indiza esuka eThekwini iye eKapa ngoLwesibili futhi ibuye ngoLwesithathu,"20:29:SL:CITY_OR_PROVINCE,34:39:SL:CITY_OR_PROVINCE,43:52:SL:DATE,68:79:SL:DATE",[IN:book_flight [SL:CITY_OR_PROVINCE eThekwini] [SL:CITY_OR_PROVINCE eKapa] [SL:DATE Lwesibili] [SL:DATE Lwesithathu] ]
travel,book_flight,Ungangitholela indiza ezohamba ibuye esuka eThekwini iye eGoli ngomhlaka-5 ibuye ngomhlaka-10,"43:52:SL:CITY_OR_PROVINCE,57:62:SL:CITY_OR_PROVINCE,63:74:SL:DATE,81:93:SL:DATE",[IN:book_flight [SL:CITY_OR_PROVINCE eThekwini] [SL:CITY_OR_PROVINCE eGoli] [SL:DATE ngomhlaka-5] [SL:DATE ngomhlaka-10] ]
travel,book_flight,Ngicela ungbhekela indiza ezohamba ibuye esuka eBethel Airport iye eLos Angeles International Airport ngomhlaka-12 ibuye ngomhlaka-15,"102:114:SL:DATE,121:133:SL:DATE",[IN:book_flight [SL:DATE ngomhlaka-12] [SL:DATE ngomhlaka-15] ]
travel,book_flight,Ungangitholela indiza esuka eMelbourne iye eBrisbane ngomhlaka-15 ebiza ngaphansi kwa-R1750,"28:38:SL:CITY_OR_PROVINCE,43:52:SL:CITY_OR_PROVINCE,53:65:SL:DATE,86:91:SL:MONEY",[IN:book_flight [SL:CITY_OR_PROVINCE eMelbourne] [SL:CITY_OR_PROVINCE eBrisbane] [SL:DATE ngomhlaka-15] [SL:MONEY R1750] ]
travel,book_flight,Ngidinga indiza ezohamba ibuye ebiza ngaphansi kwa-R1000 esuka eGeorge Airport iye eKing Phalo Airport ngomhlaka-5,"51:56:SL:MONEY,103:114:SL:DATE",[IN:book_flight [SL:MONEY R1000] [SL:DATE ngomhlaka-5] ]
travel,book_flight,Ngidinga indiza ezohamba ibuye esuka e-Upington International Airport iye eKing Shaka esuka ngomhlaka-20 ibuye ngomhlaka-25,"92:104:SL:DATE,111:123:SL:DATE",[IN:book_flight [SL:DATE ngomhlaka-20] [SL:DATE ngomhlaka-25] ]
travel,book_flight,Ngifuna indiza ezohamba ibuye esuka eKing Shaka iye e-OR Tambo ngomhlaka-15 kuya ku-19,66:86:SL:DATE,[IN:book_flight [SL:DATE mhlaka-15 kuya ku-19] ]
travel,book_flight,Ngifuna indiza esuka e-OR Tambo iye eChief Dawid Stuurman International Airport ngomhlaka-10 ebiza ngaphansi kwa-R1500,"83:92:SL:DATE,113:118:SL:MONEY",[IN:book_flight [SL:DATE mhlaka-10] [SL:MONEY R1500] ]
travel,book_flight,Ngidinga indiza ebhiza ngaphansi kwa-R2000 esuka eKing Shaka iye eCape Town International Airport,37:42:SL:MONEY,[IN:book_flight [SL:MONEY R2000] ]
travel,book_flight,Ngibhukele indiza eya eSeattle esuka eVancouver kwiSpirit Airlines,"23:30:SL:CITY_OR_PROVINCE,38:47:SL:CITY_OR_PROVINCE",[IN:book_flight [SL:CITY_OR_PROVINCE Seattle] [SL:CITY_OR_PROVINCE Vancouver] ]
travel,book_flight,Ngicela ungibhukela indawo kwiJetBlue eya eTexas,43:48:SL:CITY_OR_PROVINCE,[IN:book_flight [SL:CITY_OR_PROVINCE Texas] ]
travel,book_flight,Ungangibhukela indiza eya eWashington esuka eLos Angeles kwi-American Airlines,"27:37:SL:CITY_OR_PROVINCE,45:56:SL:CITY_OR_PROVINCE",[IN:book_flight [SL:CITY_OR_PROVINCE Washington] [SL:CITY_OR_PROVINCE Los Angeles] ]
travel,book_flight,Bhukha indiza eya eToronto esuka eToronto kwiVirgin Atlantic,"19:26:SL:CITY_OR_PROVINCE,34:41:SL:CITY_OR_PROVINCE",[IN:book_flight [SL:CITY_OR_PROVINCE Toronto] [SL:CITY_OR_PROVINCE Toronto] ]
travel,book_flight,Ngibhukele indiza eya eThekwini esuka eKapa kwiSAA,"22:31:SL:CITY_OR_PROVINCE,38:43:SL:CITY_OR_PROVINCE",[IN:book_flight [SL:CITY_OR_PROVINCE eThekwini] [SL:CITY_OR_PROVINCE eKapa] ]
travel,book_flight,Ngidinga indiza kwFlySafair esuka eKapa iye eGoli,"34:39:SL:CITY_OR_PROVINCE,44:49:SL:CITY_OR_PROVINCE",[IN:book_flight [SL:CITY_OR_PROVINCE eKapa] [SL:CITY_OR_PROVINCE eGoli] ]
travel,book_flight,Ngidinga ukubhukha indiza kwiSAA esuka eThekwini,39:48:SL:CITY_OR_PROVINCE,[IN:book_flight [SL:CITY_OR_PROVINCE eThekwini] ]
travel,book_flight,Ungangitholela indiza ezosuka eSeattle iye eToronto kwiDelta Air Lines,"31:38:SL:CITY_OR_PROVINCE,44:51:SL:CITY_OR_PROVINCE",[IN:book_flight [SL:CITY_OR_PROVINCE Seattle] [SL:CITY_OR_PROVINCE Toronto] ]
travel,book_flight,Ngifuna indiza yakwa-American Airlines esuka eWashington iye eDallas,"45:56:SL:CITY_OR_PROVINCE,61:68:SL:CITY_OR_PROVINCE",[IN:book_flight [SL:CITY_OR_PROVINCE eWashington] [SL:CITY_OR_PROVINCE eDallas] ]
travel,book_flight,Ngitholele indiza kwi-Air France esuka eLondon iye eMelika,"40:46:SL:CITY_OR_PROVINCE,52:58:SL:COUNTRY",[IN:book_flight [SL:CITY_OR_PROVINCE London] [SL:COUNTRY Melika] ]
travel,book_flight,Nginohambo olusuka eThekwini liye eGoli elibiza imali engango-R900 ngomhlaka-15 kuMbasa,"19:28:SL:CITY_OR_PROVINCE,34:39:SL:CITY_OR_PROVINCE,62:66:SL:MONEY,77:87:SL:DATE",[IN:book_flight [SL:CITY_OR_PROVINCE eThekwini] [SL:CITY_OR_PROVINCE eGoli] [SL:MONEY R900] [SL:DATE 15 kuMbasa] ]
travel,book_flight,Ngizogibela indiza kule mpelasonto esuka e-OR Tambo iye eCape Town International Airport ngemali encane elinganiselwa ku-R1900,121:126:SL:MONEY,[IN:book_flight [SL:MONEY R1900] ]
travel,book_flight,"Ngithole indiza eshibile yempelasonto yangomhlaka-14, ibiza u-R1200, ngizosuka eChief Dawid Stuurman International Airport ngiye eKing Shaka","43:52:SL:DATE,62:67:SL:MONEY",[IN:book_flight [SL:DATE mhlaka-14] [SL:MONEY R1200] ]
travel,book_flight,"Ngizohamba ngendiza ebiza u-R1100, esuka eKing Shaka iye e-OR Tambo ngomhlaka-27 kuNdasa","28:33:SL:MONEY,78:88:SL:DATE",[IN:book_flight [SL:MONEY R1100] [SL:DATE 27 kuNdasa] ]
travel,book_flight,Ngizosuka e-OR Tambo ngiye eKing Shaka ngo-R900 ngomhlaka-21 kuMfumfu,"43:47:SL:MONEY,58:69:SL:DATE",[IN:book_flight [SL:MONEY R900] [SL:DATE 21 kuMfumfu] ]
travel,book_flight,Ngibhukele indiza esuka eKapa iye eGoli ngemali ephansi kwa-R2350,"24:29:SL:CITY_OR_PROVINCE,34:39:SL:CITY_OR_PROVINCE,60:65:SL:MONEY",[IN:book_flight [SL:CITY_OR_PROVINCE eKapa] [SL:CITY_OR_PROVINCE eGoli] [SL:MONEY R2350] ]
travel,book_flight,Ungangithumelela umlayezo oya kuSamantha uthi asigijima ebhishi kusasa,32:40:SL:PERSONAL_NAME,[IN:book_flight [SL:PERSONAL_NAME Samantha] ]
travel,book_flight,Thumela umlayezo wombhalo kuTina uthi ngizobabona ntambama,"28:32:SL:PERSONAL_NAME,50:58:SL:TIME",[IN:book_flight [SL:PERSONAL_NAME Tina] [SL:TIME ntambama] ]
travel,book_flight,"Ngicela uthumele umaNkosi umlayezo ukuthi ngeke ngisabuya namuhla, ngizobuya kusasa emini","17:25:SL:PERSONAL_NAME,58:65:SL:DATE,77:83:SL:DATE,84:89:SL:TIME",[IN:book_flight [SL:PERSONAL_NAME umaNkosi] [SL:DATE namuhla] [SL:DATE kusasa] [SL:TIME emini] ]
travel,book_flight,Thumela uBob umlayezo omtshela ukuthi ngizofika ngabo-10 namhla kusihlwa,"9:12:SL:PERSONAL_NAME,54:72:SL:TIME",[IN:book_flight [SL:PERSONAL_NAME Bob] [SL:TIME 10 namhla kusihlwa] ]
utility,text,"Thumela uNoxolo umlayezo, ngicela ungifonele uma useqedile nomhlangano wakho",8:15:SL:PERSONAL_NAME,[IN:text [SL:PERSONAL_NAME uNoxolo] ]
utility,text,Bhalela uSindiswa umlayezo othi ube nosuku oluhle olufana nawe,9:17:SL:PERSONAL_NAME,[IN:text [SL:PERSONAL_NAME Sindiswa] ]
utility,text,Thumela uBraxton umlayezo oyisimemo somcimbi wami ongenyanga ezayo,"9:16:SL:PERSONAL_NAME,50:66:SL:DATE",[IN:text [SL:PERSONAL_NAME Braxton] [SL:DATE ongenyanga ezayo] ]
utility,text,Thumela usisi wami uLungi umlayezo othi sengisemakhaya,20:25:SL:PERSONAL_NAME,[IN:text [SL:PERSONAL_NAME Lungi] ]
utility,text,Kumele ngithemele umlayezo,,[IN:text ]
utility,text,Ngidinga ukuthi ungithumelele umlayezo,,[IN:text ]
utility,text,Thumela uMarika umlayezo uthi ngiyabonga amakhekhe noswidi,"9:15:SL:PERSONAL_NAME,41:50:SL:DISH_OR_FOOD,53:58:SL:DISH_OR_FOOD",[IN:text [SL:PERSONAL_NAME Marika] [SL:DISH_OR_FOOD amakhekhe] [SL:DISH_OR_FOOD swidi] ]
utility,text,Ngidinga ukuthi uthumele umlayezo,,[IN:text ]
utility,text,Thumela uKhathu umlayezo uthi kuthiwe sizohamba noMike kusasa nangoLwesithathu,"9:15:SL:PERSONAL_NAME,50:54:SL:PERSONAL_NAME,67:78:SL:DATE",[IN:text [SL:PERSONAL_NAME Khathu] [SL:PERSONAL_NAME Mike] [SL:DATE Lwesithathu] ]
utility,text,Yazisa uSusan ngomlayezo ukuthi angisahmbi nabo,8:13:SL:PERSONAL_NAME,[IN:text [SL:PERSONAL_NAME Susan] ]
utility,text,Kumele ngithunyelelwe umbhalo kusasa,,[IN:text ]
utility,text,Thumela uZama umlayezo othi sawubona dadewethu,9:13:SL:PERSONAL_NAME,[IN:text [SL:PERSONAL_NAME Zama] ]
utility,text,Ngidinga ukuthi uZamo athunyelwe umlayezo othi siyeza lapho,17:21:SL:PERSONAL_NAME,[IN:text [SL:PERSONAL_NAME Zamo] ]
utility,text,Ngicela uthumele uLuyanda umlayezo othi umshayeli wetekisi uthi uzofika lapho emizuzwini eyishumi,"18:25:SL:PERSONAL_NAME,78:97:SL:TIME",[IN:text [SL:PERSONAL_NAME Luyanda] [SL:TIME emizuzwini eyishumi] ]
utility,text,Ngicela uthumele uSisi Bongi umlayezo ombuza ukuthi sizoya esontweni ngeSonto,"23:28:SL:PERSONAL_NAME,72:77:SL:DATE",[IN:text [SL:PERSONAL_NAME Bongi] [SL:DATE Sonto] ]
utility,text,Thumela uTholakele umlayezo ophuma kimi othi ngizosheshe ngifike namuhla,9:18:SL:PERSONAL_NAME,[IN:text [SL:PERSONAL_NAME Tholakele] ]
utility,text,Thumela uPhuti umlayezo ombuza ukuthi ungathandi siyodla eCircus circus kusasa,"9:14:SL:PERSONAL_NAME,58:71:SL:RESTAURANT_NAME",[IN:text [SL:PERSONAL_NAME Phuti] [SL:RESTAURANT_NAME Circus circus] ]
utility,text,"Ngithumelele umlayezo oya kuKylie uthi ngifuna sibonane ngoLwesihlanu, uzobe ukhona","28:33:SL:PERSONAL_NAME,59:69:SL:DATE",[IN:text [SL:PERSONAL_NAME Kylie] [SL:DATE Lwesihlanu] ]
utility,text,Ngifuna ukuthumela umlayezo wombhalo ku,,[IN:text ]
utility,text,Bhala umlayezo wombhalo oya ku,,[IN:text ]
utility,text,Xhumana ngomlayezo ku,,[IN:text ]
utility,text,Thumela umlayezo wombhalo oya ku,,[IN:text ]
utility,text,Ngithumelele umlayezo wombhalo,,[IN:text ]
utility,text,Ngicela ungithumelela uNgubane umlayezo wombhalo,23:30:SL:PERSONAL_NAME,[IN:text [SL:PERSONAL_NAME Ngubane] ]
utility,text,Ngifune ukuthumela uKhumalo umlayezo,20:27:SL:PERSONAL_NAME,[IN:text [SL:PERSONAL_NAME Khumalo] ]
utility,text,Ngifuni ungithumelele umlayezo wombhalo,,[IN:text ]
utility,text,Thumela uVictor umlayezo wombhalo ozoba imibhalo,9:15:SL:PERSONAL_NAME,[IN:text [SL:PERSONAL_NAME Victor] ]
utility,text,"Bhalela uMswane umlayezo, usukephi manje, sengifikile",8:15:SL:PERSONAL_NAME,[IN:text [SL:PERSONAL_NAME uMswane] ]
utility,text,"Bhala umlayezo oya kuMahlangu, sizoyiqedela kusasa inkulumo yethu, kuphele i-airtime",21:29:SL:PERSONAL_NAME,[IN:text [SL:PERSONAL_NAME Mahlangu] ]
utility,text,"Thumela uNjabulo umlayezo uthi sizokhuluma kusasa, sengijahe endlini",9:16:SL:PERSONAL_NAME,[IN:text [SL:PERSONAL_NAME Njabulo] ]
utility,text,Thumela uWanti umlayezo uthi usazohamba nathi kusasa ekseni,"9:14:SL:PERSONAL_NAME,53:59:SL:TIME",[IN:text [SL:PERSONAL_NAME Wanti] [SL:TIME ekseni] ]
utility,text,Ngithumelele umlayezo,,[IN:text ]
utility,text,Ngifuna ukuthumela umlayezo,,[IN:text ]
utility,text,"Thumela uSazi umlayezo uthi ukhona kusasa, ngicabanga ukudlula lapho",8:13:SL:PERSONAL_NAME,[IN:text [SL:PERSONAL_NAME uSazi] ]
utility,text,Thumela umlayezo oya kuKris uthi asefikile amaphepha aphuma kummeli,23:27:SL:PERSONAL_NAME,[IN:text [SL:PERSONAL_NAME Kris] ]
utility,text,Thumela uRobert umlayezo othi unjani namuhla,8:15:SL:PERSONAL_NAME,[IN:text [SL:PERSONAL_NAME uRobert] ]
utility,text,"Thumela uThuli umlayezo uthi sengiyasondela, ngicela niphume nime esangweni",9:14:SL:PERSONAL_NAME,[IN:text [SL:PERSONAL_NAME Thuli] ]
utility,text,"Thumela uMthobi umlayezo othi ukuphi neTheku, ngidlula ePavilion","9:15:SL:PERSONAL_NAME,39:44:SL:CITY_OR_PROVINCE,56:64:SL:PLACE_NAME",[IN:text [SL:PERSONAL_NAME Mthobi] [SL:CITY_OR_PROVINCE Theku] [SL:PLACE_NAME Pavilion] ]
utility,text,Thumela uGogo umlayezo othi ngizokuthinta mase ngifike endlini,,[IN:text ]
utility,text,Bhala umlayezo wombhalo,,[IN:text ]
utility,text,"Thumela uMy Clementine umlayezo othi ngithenge ukudla, ungapheki",12:22:SL:PERSONAL_NAME,[IN:text [SL:PERSONAL_NAME Clementine] ]
utility,text,Qala umlayezo omuha,,[IN:text ]
utility,text,Enza umlayezo omusha,,[IN:text ]
utility,text,Lungisa umlayezo wombhalo omusha,,[IN:text ]
utility,text,Thumela umlayezo oya ku-Onika,24:29:SL:PERSONAL_NAME,[IN:text [SL:PERSONAL_NAME Onika] ]
utility,text,Bhalela uNkosi umlayezo,8:14:SL:PERSONAL_NAME,[IN:text [SL:PERSONAL_NAME uNkosi] ]
utility,text,Bhala umlayezo oya kuNeo,21:24:SL:PERSONAL_NAME,[IN:text [SL:PERSONAL_NAME Neo] ]
utility,text,Thumela u-Enoch umlayezo,10:15:SL:PERSONAL_NAME,[IN:text [SL:PERSONAL_NAME Enoch] ]
utility,text,"Thumela uDkt Naidoo umlayezo, ngiwile, ngiyeza",13:19:SL:PERSONAL_NAME,[IN:text [SL:PERSONAL_NAME Naidoo] ]
utility,text,"Thumela uKelly umlayezo, tshela wonke umuntu ukuthi ngiyeza",8:14:SL:PERSONAL_NAME,[IN:text [SL:PERSONAL_NAME uKelly] ]
utility,text,"Thumela uKim umlayezo othi uKhloe uyeza ngeLwesihlanu, asimenzele umcimbi omncane","9:12:SL:PERSONAL_NAME,28:33:SL:PERSONAL_NAME,43:53:SL:DATE",[IN:text [SL:PERSONAL_NAME Kim] [SL:PERSONAL_NAME Khloe] [SL:DATE Lwesihlanu] ]
utility,text,"Thumela uLiyanda umlayezo uthi incwadi yakho isilungile, woza uzoyilanda",9:16:SL:PERSONAL_NAME,[IN:text [SL:PERSONAL_NAME Liyanda] ]
utility,text,Thumela uTappe umlayezo,9:14:SL:PERSONAL_NAME,[IN:text [SL:PERSONAL_NAME Tappe] ]
utility,text,Ngidinga ukuthumela uZeller umlayezo,21:27:SL:PERSONAL_NAME,[IN:text [SL:PERSONAL_NAME Zeller] ]
utility,text,Thumela uGogo Putini umlayezo,14:20:SL:PERSONAL_NAME,[IN:text [SL:PERSONAL_NAME Putini] ]
utility,text,Thumela uMy Clementine umlayezo,,[IN:text ]
utility,text,"Thumela uNonku umlayezo wombhalo othi uzofika nini, sengilambile",9:14:SL:PERSONAL_NAME,[IN:text [SL:PERSONAL_NAME Nonku] ]
utility,text,"Ngicela uthumele uThandeka umlayezo othi sengisukile endlini, ngicela ungilinde esangweni",18:26:SL:PERSONAL_NAME,[IN:text [SL:PERSONAL_NAME Thandeka] ]
utility,text,"Thumela ubaba umlayezo othi ngikufisela usuku oluhle, ngiyakuthanda",,[IN:text ]
utility,text,"Thumela uQhawe umlayezo othi ngiyeza ukuzokulanda, ibe uphuma",8:14:SL:PERSONAL_NAME,[IN:text [SL:PERSONAL_NAME uQhawe] ]
utility,text,"Thumela uNkosi umlayezo, ngisendleleni, ungahambi",9:14:SL:PERSONAL_NAME,[IN:text [SL:PERSONAL_NAME Nkosi] ]
utility,text,"Thumela uPutini umlayezo, ngizofika emizuzweni emibalwa",9:15:SL:PERSONAL_NAME,[IN:text [SL:PERSONAL_NAME Putini] ]
utility,text,Thumela uMabuya umlayezo ngizofika maduze,9:15:SL:PERSONAL_NAME,[IN:text [SL:PERSONAL_NAME Mabuya] ]
utility,text,Thumela uTina umlayezo uthi ngishiywa isikhathi kodwa ngizofika ukuzodla isidlo sakusihlwa,9:13:SL:PERSONAL_NAME,[IN:text [SL:PERSONAL_NAME Tina] ]
utility,text,"""Thumela uNorma umlayezo othi """"ngibambezekile kodwa ngiyeza""""""",10:15:SL:PERSONAL_NAME,[IN:text [SL:PERSONAL_NAME Norma] ]
utility,text,Tshela uBongi ukuthi ngizofika maduze endlini,7:13:SL:PERSONAL_NAME,[IN:text [SL:PERSONAL_NAME uBongi] ]
utility,text,"Ngifuna ukutshela uCrystal ukuthi umhlangano wami wanumhla usumisise, uzoba kusasa",19:26:SL:PERSONAL_NAME,[IN:text [SL:PERSONAL_NAME Crystal] ]
utility,text,Tshela uLanga ukuthi alikho ithoyizi lakhe emotweni yami,8:13:SL:PERSONAL_NAME,[IN:text [SL:PERSONAL_NAME Langa] ]
utility,text,Awungithumelela umlayezo oya kuNombuso uthi yebo,31:38:SL:PERSONAL_NAME,[IN:text [SL:PERSONAL_NAME Nombuso] ]
utility,text,Thumela uMy Clementine umlayezo sawubona ma,12:22:SL:PERSONAL_NAME,[IN:text [SL:PERSONAL_NAME Clementine] ]
utility,text,Thumela uThulani umlayezo,8:16:SL:PERSONAL_NAME,[IN:text [SL:PERSONAL_NAME uThulani] ]
utility,text,Ngicela uthumele uMthobi umlayezo,18:24:SL:PERSONAL_NAME,[IN:text [SL:PERSONAL_NAME Mthobi] ]
utility,text,Ngifuna uthumele uNomkhu umlayezo,18:24:SL:PERSONAL_NAME,[IN:text [SL:PERSONAL_NAME Nomkhu] ]
utility,text,Thola umlayezo uzoya ku-Andile,24:30:SL:PERSONAL_NAME,[IN:text [SL:PERSONAL_NAME Andile] ]
utility,text,Ungangithumelela uShelly umlayezo uthi asihlangane eMusgrave Centre,"18:24:SL:PERSONAL_NAME,52:67:SL:PLACE_NAME",[IN:text [SL:PERSONAL_NAME Shelly] [SL:PLACE_NAME Musgrave Centre] ]
utility,text,Thumela uQhawe umlayezo umtshele ukuthi uzolandwa uma namhlanje,9:14:SL:PERSONAL_NAME,[IN:text [SL:PERSONAL_NAME Qhawe] ]
utility,text,Uzongibiza malini ugesi kule nyanga,"18:23:SL:BILL_TYPE,24:35:SL:DATE",[IN:text [SL:BILL_TYPE ugesi] [SL:DATE kule nyanga] ]
utility,text,Thola ukuthi imalini ugesi namanzi,21:34:SL:BILL_TYPE,[IN:text [SL:BILL_TYPE ugesi namanzi] ]
utility,text,"Ngazise ukuthi kuzoba imalini intela, ugesi, amanzi kanye nemali yesikole","38:43:SL:BILL_TYPE,45:51:SL:BILL_TYPE,65:73:SL:BILL_TYPE",[IN:text [SL:BILL_TYPE ugesi] [SL:BILL_TYPE amanzi] [SL:BILL_TYPE yesikole] ]
utility,text,Ngidinga malini ukuze ngizokhokhela wonke amabhili ami kule nyanga,,[IN:text ]
banking,bill_balance,Ungangitshela ukuthi ngikweleta malini kumakhalekhukwini wami kule nyanga,,[IN:bill_balance ]
banking,bill_balance,Ngitshele isamba semali yami yamanzi nogesi,29:43:SL:BILL_TYPE,[IN:bill_balance [SL:BILL_TYPE yamanzi nogesi] ]
banking,bill_balance,Ngicela ungikhombisa isamba lemali yamabhili ami,,[IN:bill_balance ]
banking,bill_balance,Yini inani eliphelele elifanele likhokhwe kugesi namanzi,43:56:SL:BILL_TYPE,[IN:bill_balance [SL:BILL_TYPE ugesi namanzi] ]
banking,bill_balance,Yimalini engizokhokhiswa yona kwibhili yami yamanzi,30:51:SL:BILL_TYPE,[IN:bill_balance [SL:BILL_TYPE kwibhili yami yamanzi] ]
banking,bill_balance,Ngitshele ukuthi yimalini ekumele ngiyikhokhe kwiDSTV,49:53:SL:BILL_TYPE,[IN:bill_balance [SL:BILL_TYPE DSTV] ]
banking,bill_balance,"Mase ehlanganiswe wonke amabhili ami, kuzofanele ngikhokhe malini",,[IN:bill_balance ]
banking,bill_balance,Ngikweleta malini kugesi nocingo,19:32:SL:BILL_TYPE,[IN:bill_balance [SL:BILL_TYPE ugesi nocingo] ]
banking,bill_balance,Ngitshele ukuthi kukweletwa malini kucingo lami namanzi,"35:42:SL:BILL_TYPE,48:55:SL:BILL_TYPE",[IN:bill_balance [SL:BILL_TYPE kucingo] [SL:BILL_TYPE namanzi] ]
banking,bill_balance,"Ngidinga ukwazi inani ekufanele likhokhwe kugesi, amanzi kanye neDSTV","42:48:SL:BILL_TYPE,50:56:SL:BILL_TYPE,65:69:SL:BILL_TYPE",[IN:bill_balance [SL:BILL_TYPE kugesi] [SL:BILL_TYPE amanzi] [SL:BILL_TYPE DSTV] ]
banking,bill_balance,Ngasize ukuthi yimalini engizodinga ukuyisebenzisa ukuze ngikhokhe wonke amabhili ami,,[IN:bill_balance ]
banking,bill_balance,Ngicela ungazasi ukuthi imalini iDSTV kule nyanga,33:37:SL:BILL_TYPE,[IN:bill_balance [SL:BILL_TYPE DSTV] ]
banking,bill_balance,Ngidinga ukwazi inani lagesi,22:28:SL:BILL_TYPE,[IN:bill_balance [SL:BILL_TYPE lagesi] ]
banking,bill_balance,Ingakanani imali engizoyikhokha isiyonke kwizikwelethu zami,,[IN:bill_balance ]
banking,bill_balance,Ngikweleta malini kugesi namanzi,18:32:SL:BILL_TYPE,[IN:bill_balance [SL:BILL_TYPE kugesi namanzi] ]
banking,bill_balance,Ngicela unginike isikwelethu sami sagesi esiphelele,34:40:SL:BILL_TYPE,[IN:bill_balance [SL:BILL_TYPE sagesi] ]
banking,bill_balance,Kumele ngikhokhe malini kwibhili yami yamanzi,24:45:SL:BILL_TYPE,[IN:bill_balance [SL:BILL_TYPE kwibhili yami yamanzi] ]
banking,bill_balance,Imalini ekumele ikhokhwe kulenyana kwisikweletu sami,,[IN:bill_balance ]
banking,bill_balance,Ngicela ungazisa amaRandi okumele akhokwe kwisikweletu sami sakwaTelkom,"20:25:SL:CURRENCY,65:71:SL:BILL_TYPE",[IN:bill_balance [SL:CURRENCY Randi] [SL:BILL_TYPE Telkom] ]
banking,bill_balance,Ungangitshela ukuthi imalini okumele ikhokhwe eDSTV,47:51:SL:BILL_TYPE,[IN:bill_balance [SL:BILL_TYPE DSTV] ]
banking,bill_balance,Ngikhumbuze isamba lemali okufanele akhokhelwe yona umuntu kagesi,,[IN:bill_balance ]
banking,bill_balance,Ngicela ungitshele imali okufanele ngiyikhokhe kwi-akhawunti yami yakwaDSTV,51:75:SL:BILL_TYPE,[IN:bill_balance [SL:BILL_TYPE akhawunti yami yakwaDSTV] ]
banking,bill_balance,Ngidinga ukwazi isamba lemali okumele ikhokhwe kaVirgin kule nyanga,,[IN:bill_balance ]
banking,bill_balance,Ngicela ukuthi uthole ibhalansi yami yamanje kwibhili yami yakwaMTN,45:67:SL:BILL_TYPE,[IN:bill_balance [SL:BILL_TYPE kwibhili yami yakwaMTN] ]
banking,bill_balance,Yini ibhalansi yami kwi-akhawunti yami yakwaCell C,,[IN:bill_balance ]
banking,bill_balance,Imalini ibhili yami kaDisney+ kule nyanga,8:29:SL:BILL_TYPE,[IN:bill_balance [SL:BILL_TYPE ibhili yami kaDisney+] ]
banking,bill_balance,Ibiza malini ibhili yami kagesi kanye neFibre,13:45:SL:BILL_TYPE,[IN:bill_balance [SL:BILL_TYPE ibhili yami kagesi kanye neFibre] ]
banking,bill_balance,Uthe imalini ibhili yami yakwaFitness Plus,30:42:SL:BILL_TYPE,[IN:bill_balance [SL:BILL_TYPE Fitness Plus] ]
banking,bill_balance,Ithini ibhili yami yakwa-Edgars kule nyanga,,[IN:bill_balance ]
banking,bill_balance,Yimalini izikweletu zami zagesi namanzi,"25:31:SL:BILL_TYPE,32:39:SL:BILL_TYPE",[IN:bill_balance [SL:BILL_TYPE zagesi] [SL:BILL_TYPE namanzi] ]
banking,bill_balance,Amabhili ami kagesi neDSTV abiza malini,"13:19:SL:BILL_TYPE,22:26:SL:BILL_TYPE",[IN:bill_balance [SL:BILL_TYPE kagesi] [SL:BILL_TYPE DSTV] ]
banking,bill_balance,Ibhili yami kagesi ibiza malini kule nyanga,"14:18:SL:BILL_TYPE,32:43:SL:DATE",[IN:bill_balance [SL:BILL_TYPE gesi] [SL:DATE kule nyanga] ]
banking,bill_balance,Yimalini ibhili yami kaMTN,9:26:SL:BILL_TYPE,[IN:bill_balance [SL:BILL_TYPE ibhili yami kaMTN] ]
banking,bill_balance,Yimalini izikweletu zami zakwaTruworths naseWoolworths,,[IN:bill_balance ]
banking,bill_balance,Yimalini isikweletu sami sakwaNetflix nebhili yami yagesi,9:57:SL:BILL_TYPE,[IN:bill_balance [SL:BILL_TYPE isikweletu sami sakwaNetflix nebhili yami yagesi] ]
banking,bill_balance,Yimalini okufanele ngiyikhokhe kwizikwetu zami zizonke,,[IN:bill_balance ]
banking,bill_balance,Ungangibhekela imali kagesi esele okufanele ngiyikhokhwe,21:27:SL:BILL_TYPE,[IN:bill_balance [SL:BILL_TYPE kagesi] ]
banking,bill_balance,Yimalini okumele ngiyikhokhe kwibhili yami yakwaDSTV,48:52:SL:BILL_TYPE,[IN:bill_balance [SL:BILL_TYPE DSTV] ]
banking,bill_balance,Ngikweleta malini kaWoolworths,,[IN:bill_balance ]
banking,bill_balance,Ungangitholela ukuthi ngikweleta malini kuzo zonke izikweletu zami,,[IN:bill_balance ]
banking,bill_balance,Ungabheka ukuthi ngikweleta malini kwibhili kaMultichoice,,[IN:bill_balance ]
banking,bill_balance,Uyazi ukuthi ngikweleta malini kwiLay-bye yami yakwa-Ackermans,,[IN:bill_balance ]
banking,bill_balance,Yimalini engidinga ukuyikhokha kwizikweletu zami,,[IN:bill_balance ]
banking,bill_balance,Ungangitshela ukuthi ngikweleta malini kaTelkom,41:47:SL:BILL_TYPE,[IN:bill_balance [SL:BILL_TYPE Telkom] ]
banking,bill_balance,Yimalini isikweletu esisele kwimali yesikole yengane yami,28:44:SL:BILL_TYPE,[IN:bill_balance [SL:BILL_TYPE kwimali yesikole] ]
banking,bill_balance,Yimalini esele kuhambo lebhola,,[IN:bill_balance ]
banking,bill_balance,Sithini isikweletu sami sakwaPep,29:32:SL:BILL_TYPE,[IN:bill_balance [SL:BILL_TYPE Pep] ]
banking,bill_balance,Ngikweleta malini kwizikweletu,,[IN:bill_balance ]
banking,bill_balance,Zikhona izikweletu okumele ngizikhokhe kule nyanga futhi imalini,,[IN:bill_balance ]
banking,bill_balance,Kukhona lana engisakweleta khona,,[IN:bill_balance ]
banking,bill_balance,Kumele ngikhokhe malini kwizikweletu zami enyangeni ezayo,,[IN:bill_balance ]
banking,bill_balance,Nginazo izikweletu,,[IN:bill_balance ]
banking,bill_balance,Imalini ekufanele ngiyikhokhe ePrime Video,31:42:SL:BILL_TYPE,[IN:bill_balance [SL:BILL_TYPE Prime Video] ]
banking,bill_balance,Yimalini engiyikweleta ebulungwini bami basejimini,,[IN:bill_balance ]
banking,bill_balance,Yimalini isamba lokukhanda imoto yami,,[IN:bill_balance ]
banking,bill_balance,Yimalini okumele ikhokhe ukugcwalisa igesi yesitofu,,[IN:bill_balance ]
banking,bill_balance,Ngikweleta malini kaMTN nakwaDSTV,"20:23:SL:BILL_TYPE,29:33:SL:BILL_TYPE",[IN:bill_balance [SL:BILL_TYPE MTN] [SL:BILL_TYPE DSTV] ]
banking,bill_balance,Kusele malini kwisikweletu sami sakwa-Afrihost,,[IN:bill_balance ]
banking,bill_balance,Yimalini efunekayo kudokotela wami wamehlo nokutelela amatekisi ami,,[IN:bill_balance ]
banking,bill_balance,Kumele ngikhokhe malini kwizikweletu zami zaka-Edgars neShowmax,,[IN:bill_balance ]
banking,bill_balance,Ngikweleta malini kaMTN,20:23:SL:BILL_TYPE,[IN:bill_balance [SL:BILL_TYPE MTN] ]
banking,bill_balance,Yimalini efunekayo kwikhadi lami lakwaCapitec,38:45:SL:BANK_NAME,[IN:bill_balance [SL:BANK_NAME Capitec] ]
banking,bill_balance,Ngikweleta malini ka-ABSA,21:25:SL:BANK_NAME,[IN:bill_balance [SL:BANK_NAME ABSA] ]
banking,bill_balance,Ucabanga ukuthi yimalini ibhondi namanzi ami kule nyanga,"25:40:SL:BILL_TYPE,45:56:SL:DATE",[IN:bill_balance [SL:BILL_TYPE ibhondi namanzi] [SL:DATE kule nyanga] ]
banking,bill_balance,Ungathi imalini imali yami kagesi neyamanzi kule nyanga,"27:43:SL:BILL_TYPE,44:55:SL:DATE",[IN:bill_balance [SL:BILL_TYPE kagesi neyamanzi] [SL:DATE kule nyanga] ]
banking,bill_balance,Ngidinga ukwazi inani lenkokhelo yomuzi kanye nomshwalense wayo,,[IN:bill_balance ]
banking,bill_balance,Yimalini esele kwikhadi lami lesikweletu,,[IN:bill_balance ]
banking,bill_balance,Kube imalini ukukhanda isitamukoko,,[IN:bill_balance ]
banking,bill_balance,Ngidinga malini ukukhokhela izikweletu zami eFoschini naseTotalsports,"44:53:SL:BILL_TYPE,57:69:SL:BILL_TYPE",[IN:bill_balance [SL:BILL_TYPE eFoschini] [SL:BILL_TYPE eTotalsports] ]
banking,bill_balance,Sithini isikweletu sama sakwaLegal Wise,,[IN:bill_balance ]
banking,bill_balance,Yimalini edingekayo ukukhokhela ires,,[IN:bill_balance ]
banking,bill_balance,Yimalini isikweletu sami saseCapitec nase-Ithala,"29:36:SL:BANK_NAME,42:48:SL:BANK_NAME",[IN:bill_balance [SL:BANK_NAME Capitec] [SL:BANK_NAME Ithala] ]
banking,bill_balance,Ngikweleta malini kwizikweletu zami zonke kule nyanga,,[IN:bill_balance ]
banking,bill_balance,Ngicela ungibhekela ukuthi zikhokhwe zonke yini izikweletu zami,,[IN:bill_balance ]
banking,bill_balance,Ngicabanga ukuthi ngikweleta u-R900 kwilay-bye yami kodwa angisakhumbuli kahle,31:35:SL:MONEY,[IN:bill_balance [SL:MONEY R900] ]
banking,bill_balance,Zithini izikweletu zami kule nyanga,24:35:SL:DATE,[IN:bill_balance [SL:DATE kule nyanga] ]
banking,bill_balance,Kwbelana ngendawo yami noThulani,23:32:SL:PERSONAL_NAME,[IN:bill_balance [SL:PERSONAL_NAME noThulani] ]
banking,bill_balance,Tshela uma ikheli esikulo,,[IN:bill_balance ]
banking,bill_balance,Tshela uma ukuthi ngikuphi,,[IN:bill_balance ]
banking,bill_balance,"Yazisa ugogo nomkhulu ukuthi sikephi, yabelana ikheli lethu",,[IN:bill_balance ]
utility,share_location,uMary udinga ukwazi ikheli lalana ukuze alifake kwiGPS,1:5:SL:PERSONAL_NAME,[IN:share_location [SL:PERSONAL_NAME Mary] ]
utility,share_location,Yazisa omzala indawo esokuyo njengamanje,,[IN:share_location ]
utility,share_location,Yazisa iqembu lebhola ukuthi ngikuphi njemgamanje,,[IN:share_location ]
utility,share_location,Nika uDokotela indawo engikuyona,,[IN:share_location ]
utility,share_location,Nginike izixhumanisi zeGPS zaQhawe zamanje,29:34:SL:PERSONAL_NAME,[IN:share_location [SL:PERSONAL_NAME Qhawe] ]
utility,share_location,Nikeza uma izikhombisindlela eziya kuThulani,35:44:SL:PERSONAL_NAME,[IN:share_location [SL:PERSONAL_NAME kuThulani] ]
utility,share_location,Thumela uLiyanda indawo engikuyona manje,9:16:SL:PERSONAL_NAME,[IN:share_location [SL:PERSONAL_NAME Liyanda] ]
utility,share_location,Yasiza umalum' Mike izixhumanisi zami zeGPS,15:19:SL:PERSONAL_NAME,[IN:share_location [SL:PERSONAL_NAME Mike] ]
utility,share_location,Tshela uma izixhumanisi zaJoyce zeGPS,24:31:SL:PERSONAL_NAME,[IN:share_location [SL:PERSONAL_NAME zaJoyce] ]
utility,share_location,Ngidinga ukuthi uthumele uLindiwe indawo yami,25:33:SL:PERSONAL_NAME,[IN:share_location [SL:PERSONAL_NAME uLindiwe] ]
utility,share_location,Yabelana ngezixhumanisi zendawo zami nogogo Putini nomalume Mike,"44:50:SL:PERSONAL_NAME,60:64:SL:PERSONAL_NAME",[IN:share_location [SL:PERSONAL_NAME Putini] [SL:PERSONAL_NAME Mike] ]
utility,share_location,Ngicela wazise uMandisa noClaire ukuthi ngikephi,"16:23:SL:PERSONAL_NAME,26:32:SL:PERSONAL_NAME",[IN:share_location [SL:PERSONAL_NAME Mandisa] [SL:PERSONAL_NAME Claire] ]
utility,share_location,Yazisa uTrue noJudy ukuthi ngikephi,"8:12:SL:PERSONAL_NAME,15:19:SL:PERSONAL_NAME",[IN:share_location [SL:PERSONAL_NAME True] [SL:PERSONAL_NAME Judy] ]
utility,share_location,Ungakwazi ukunikeza uKhotso no-Owami indawo engikuyo,"20:27:SL:PERSONAL_NAME,31:36:SL:PERSONAL_NAME",[IN:share_location [SL:PERSONAL_NAME uKhotso] [SL:PERSONAL_NAME Owami] ]
utility,share_location,Ngicela ungikhombise indlela yokwabelana ngendawo yami noNeo,57:60:SL:PERSONAL_NAME,[IN:share_location [SL:PERSONAL_NAME Neo] ]
utility,share_location,Ngingabelana kanjani ngendawo yami noBarbara,37:44:SL:PERSONAL_NAME,[IN:share_location [SL:PERSONAL_NAME Barbara] ]
utility,share_location,Ngidinga ukwabelana ngendawo yami noMarcia,36:42:SL:PERSONAL_NAME,[IN:share_location [SL:PERSONAL_NAME Marcia] ]
utility,share_location,Ngingamukhombisa kanjani uNtombi lapho ngikhona njengamanje,26:32:SL:PERSONAL_NAME,[IN:share_location [SL:PERSONAL_NAME Ntombi] ]
utility,share_location,Ngifuna ukuthumela uSza indawo engikuyo njengamanje,20:23:SL:ARTIST_NAME,[IN:share_location [SL:ARTIST_NAME Sza] ]
utility,share_location,Ngingathanda ukwabelana ngendawo yami nobaba wami,,[IN:share_location ]
utility,share_location,Ngicela uthumele uShai indawo yami,18:22:SL:PERSONAL_NAME,[IN:share_location [SL:PERSONAL_NAME Shai] ]
utility,share_location,Ngidinga ukuthumela uWelile indawo yami,21:27:SL:PERSONAL_NAME,[IN:share_location [SL:PERSONAL_NAME Welile] ]
utility,share_location,USarah udinga indawo yami yamanje,1:6:SL:PERSONAL_NAME,[IN:share_location [SL:PERSONAL_NAME Sarah] ]
utility,share_location,Ungatshela uNku noNonku ukuthi ngikuphi,"12:15:SL:PERSONAL_NAME,18:23:SL:PERSONAL_NAME",[IN:share_location [SL:PERSONAL_NAME Nku] [SL:PERSONAL_NAME Nonku] ]
utility,share_location,Ngingathanda ukuthi ubabekazi uLee kanye nobabekazi uBongi baziswe ngendawo engikuyo,"31:34:SL:PERSONAL_NAME,53:58:SL:PERSONAL_NAME",[IN:share_location [SL:PERSONAL_NAME Lee] [SL:PERSONAL_NAME Bongi] ]
utility,share_location,Yeluleka uNto ngedawo engikuyo manje,10:13:SL:PERSONAL_NAME,[IN:share_location [SL:PERSONAL_NAME Nto] ]
utility,share_location,Ngicela uthumele uthisha omkhulu indawo engikuyo ngeGPS,,[IN:share_location ]
utility,share_location,Ngicela utshele uHarris indawo yami,16:23:SL:PERSONAL_NAME,[IN:share_location [SL:PERSONAL_NAME uHarris] ]
utility,share_location,Ngidinga ukuthi uthumele uKris indawo yami,26:30:SL:PERSONAL_NAME,[IN:share_location [SL:PERSONAL_NAME Kris] ]
utility,share_location,Ngicela wabelane ngendawo yami nommeli wami nomkhulu wami,,[IN:share_location ]
utility,share_location,Ngicela utshele ingoduso yami izixhumanisi zami zeGPS,,[IN:share_location ]
utility,share_location,Ungamazisa uMinenhle indawo yami,12:20:SL:PERSONAL_NAME,[IN:share_location [SL:PERSONAL_NAME Minenhle] ]
utility,share_location,Thumela udokotela wami indawo yami,,[IN:share_location ]
utility,share_location,Ngidinga ukuthi wazise uSensei noDave ukuthi ngikephi,"24:30:SL:PERSONAL_NAME,33:37:SL:PERSONAL_NAME",[IN:share_location [SL:PERSONAL_NAME Sensei] [SL:PERSONAL_NAME Dave] ]
utility,share_location,Ungakwazi ukwabelana ngendawo yami yamanje noThuli,45:50:SL:PERSONAL_NAME,[IN:share_location [SL:PERSONAL_NAME Thuli] ]
utility,share_location,Thumela izixhumanisi zami zeGPS kubazala bami ku-Instagram,,[IN:share_location ]
utility,share_location,Ngicela wazise ubabekazi nomalume indawo yami,,[IN:share_location ]
utility,share_location,Ngidinga umshwalense wami wemoto unikezwe izixhumanisi zami zeGPS,,[IN:share_location ]
utility,share_location,Ingabe umaMkhize uyazi ngendawo engikuyo manje,10:16:SL:PERSONAL_NAME,[IN:share_location [SL:PERSONAL_NAME Mkhize] ]
utility,share_location,Thumela uma indawo engikuyo noKim,30:33:SL:PERSONAL_NAME,[IN:share_location [SL:PERSONAL_NAME Kim] ]
utility,share_location,Nikeza umam'Thobela indawo yami yamanje njengamanje,12:19:SL:PERSONAL_NAME,[IN:share_location [SL:PERSONAL_NAME Thobela] ]
utility,share_location,Yazisa uThomas ngendawo yami yamanje,8:14:SL:PERSONAL_NAME,[IN:share_location [SL:PERSONAL_NAME Thomas] ]
utility,share_location,Izixhumanisi zami zeGPS zizokwabelanwa nomalumekazi uNhlo,53:57:SL:PERSONAL_NAME,[IN:share_location [SL:PERSONAL_NAME Nhlo] ]
utility,share_location,Yabelana izixhumanisi zeGPS nabantu abasekhaya,,[IN:share_location ]
utility,share_location,Ngicela uthumele izixhumanisi zami zeGPS kwiqembu lomndeni kuWhatsApp,,[IN:share_location ]
utility,share_location,Yabelana kumalume izixhumanisi zami zeGPS,,[IN:share_location ]
utility,share_location,Nika uTukzin izixhumanisi zami zeGPS,6:12:SL:ARTIST_NAME,[IN:share_location [SL:ARTIST_NAME Tukzin] ]
utility,share_location,Thumela uJohn indawo yami yeGPS,8:13:SL:PERSONAL_NAME,[IN:share_location [SL:PERSONAL_NAME uJohn] ]
utility,share_location,Nika umfundisi Jobe indawo yami yeGPS,15:19:SL:PERSONAL_NAME,[IN:share_location [SL:PERSONAL_NAME Jobe] ]
utility,share_location,Yabelana ngendawo yami nosisi uThoko,31:36:SL:PERSONAL_NAME,[IN:share_location [SL:PERSONAL_NAME Thoko] ]
utility,share_location,Nika uNomalanga indawo yami yamanje kwiGPS,6:15:SL:PERSONAL_NAME,[IN:share_location [SL:PERSONAL_NAME Nomalanga] ]
utility,share_location,Ungakwazi ukudlulisela indawo yami kuThabiso,37:44:SL:PERSONAL_NAME,[IN:share_location [SL:PERSONAL_NAME Thabiso] ]
utility,share_location,Nikeza uZola indawo yami,7:12:SL:PERSONAL_NAME,[IN:share_location [SL:PERSONAL_NAME uZola] ]
utility,share_location,Ngingathanda ukwabelana ngendawo yami kwiqembu lami lamaKristu kuWhatsApp,,[IN:share_location ]
utility,share_location,Ngingathanda ukuthi uZiyanda abe nendawo yami yamanje,21:28:SL:PERSONAL_NAME,[IN:share_location [SL:PERSONAL_NAME Ziyanda] ]
utility,share_location,Yazisa uNoxolo ukuthi ngikuphi manje,8:14:SL:PERSONAL_NAME,[IN:share_location [SL:PERSONAL_NAME Noxolo] ]
utility,share_location,Ngifuna uVuyokazi azi ukuthi ngikuphi,8:17:SL:PERSONAL_NAME,[IN:share_location [SL:PERSONAL_NAME uVuyokazi] ]
utility,share_location,Ungakwazi ukwabelana ngendawo yami noNkosi,35:42:SL:PERSONAL_NAME,[IN:share_location [SL:PERSONAL_NAME noNkosi] ]
utility,share_location,Ungakwazi ukuthumela uSizabantu indawo yami eqondile,22:31:SL:PERSONAL_NAME,[IN:share_location [SL:PERSONAL_NAME Sizabantu] ]
utility,share_location,Yabelana ngendawo yami namaphoyisa,,[IN:share_location ]
utility,share_location,Ngingabelana ngendawo yami noTina,29:33:SL:PERSONAL_NAME,[IN:share_location [SL:PERSONAL_NAME Tina] ]
utility,share_location,Ngicela uthumele uWendy kanye noZamani indawo yami yamanje,"18:23:SL:PERSONAL_NAME,32:38:SL:PERSONAL_NAME",[IN:share_location [SL:PERSONAL_NAME Wendy] [SL:PERSONAL_NAME Zamani] ]
utility,share_location,Ngingabelana kanjani ngendawo yami noBuntu noNjabulo,"37:42:SL:PERSONAL_NAME,45:52:SL:PERSONAL_NAME",[IN:share_location [SL:PERSONAL_NAME Buntu] [SL:PERSONAL_NAME Njabulo] ]
utility,share_location,Ungakwazi ukwazisa uFaith noSamantha indawo yami,"20:25:SL:PERSONAL_NAME,28:36:SL:PERSONAL_NAME",[IN:share_location [SL:PERSONAL_NAME Faith] [SL:PERSONAL_NAME Samantha] ]
utility,share_location,Ngicela wazise uKhanyi noSomizi imininingwane yendawo yami yamanje,"16:22:SL:PERSONAL_NAME,25:31:SL:PERSONAL_NAME",[IN:share_location [SL:PERSONAL_NAME Khanyi] [SL:PERSONAL_NAME Somizi] ]
utility,share_location,Yenza indawo yami itholakale kuRose noGlen,"31:35:SL:PERSONAL_NAME,38:42:SL:PERSONAL_NAME",[IN:share_location [SL:PERSONAL_NAME Rose] [SL:PERSONAL_NAME Glen] ]
utility,share_location,Ngidinga ukunikeza uPhumezo no-Edison indawo yami,"20:27:SL:PERSONAL_NAME,31:37:SL:PERSONAL_NAME",[IN:share_location [SL:PERSONAL_NAME Phumezo] [SL:PERSONAL_NAME Edison] ]
utility,share_location,Ngingathanda ukuthi lo muntu azi indawo yami,,[IN:share_location ]
utility,share_location,Ungakwazi ukukhombisa ubhuti wami indawo yami,,[IN:share_location ]
utility,share_location,Yabelane ngendawo yami nalo muntu,,[IN:share_location ]
utility,share_location,Thumela indawo yami kulo muntu,,[IN:share_location ]
utility,share_location,Ithini indawo yami yamanje,,[IN:share_location ]
utility,share_location,Yabelana ngendawo noTom,20:23:SL:PERSONAL_NAME,[IN:share_location [SL:PERSONAL_NAME Tom] ]
utility,share_location,Nikeza uZulu noMswane indawo yami,"8:12:SL:PERSONAL_NAME,15:21:SL:PERSONAL_NAME",[IN:share_location [SL:PERSONAL_NAME Zulu] [SL:PERSONAL_NAME Mswane] ]
utility,share_location,Ungakwazi ukwazisa uNgcobo kanye noMahlangu ngendawo yami,"20:26:SL:PERSONAL_NAME,35:43:SL:PERSONAL_NAME",[IN:share_location [SL:PERSONAL_NAME Ngcobo] [SL:PERSONAL_NAME Mahlangu] ]
utility,share_location,Yazisa u-Esther noKhaliphile ukuthi ngikuphi,"9:15:SL:PERSONAL_NAME,18:28:SL:PERSONAL_NAME",[IN:share_location [SL:PERSONAL_NAME Esther] [SL:PERSONAL_NAME Khaliphile] ]
utility,share_location,Ngicela udlale umculo,,[IN:share_location ]
utility,share_location,Ngifuna ukulalela umculo weRnB,27:30:SL:MUSIC_GENRE,[IN:share_location [SL:MUSIC_GENRE RnB] ]
utility,share_location,dlala uhlu lwadlalwayo lukamaskandi,27:35:SL:MUSIC_GENRE,[IN:share_location [SL:MUSIC_GENRE maskandi] ]
utility,share_location,ngicela umculo wejazz,17:21:SL:MUSIC_GENRE,[IN:share_location [SL:MUSIC_GENRE jazz] ]
home,play_music,uhlu lwadlalwayo lomculo wevangeli,25:34:SL:MUSIC_GENRE,[IN:play_music [SL:MUSIC_GENRE wevangeli] ]
home,play_music,ngifuna ukuzwa uhlu lwami lwezingoma zeJoyous Celebration,39:57:SL:ARTIST_NAME,[IN:play_music [SL:ARTIST_NAME Joyous Celebration] ]
home,play_music,dlala leya ngoma ethi hit me baby one more time,22:47:SL:SONG_NAME,[IN:play_music [SL:SONG_NAME hit me baby one more time] ]
home,play_music,dlala ingoma ka Naledi Aphiwe ethi ngiyabonga,"16:29:SL:ARTIST_NAME,35:45:SL:SONG_NAME",[IN:play_music [SL:ARTIST_NAME Naledi Aphiwe] [SL:SONG_NAME ngiyabonga] ]
home,play_music,ungakwazi ukudlala ingoma ezwakala njengezinsimbi ezikhala esontweni lakwaMasango,74:81:SL:PERSONAL_NAME,[IN:play_music [SL:PERSONAL_NAME Masango] ]
home,play_music,ngidlalele uhlu lwadlalwayo olunesihloko esithi mozart for babies,48:65:SL:SONG_NAME,[IN:play_music [SL:SONG_NAME mozart for babies] ]
home,play_music,vula uhlu lwadlalwayo lwestress relief,,[IN:play_music ]
home,play_music,vula uhlu lwami lwadlalwayo laCardi B,30:37:SL:ARTIST_NAME,[IN:play_music [SL:ARTIST_NAME Cardi B] ]
home,play_music,ngifuna ukuzwa uhlu lwami lwadlalwayo lweRnB,41:44:SL:MUSIC_GENRE,[IN:play_music [SL:MUSIC_GENRE RnB] ]
home,play_music,ngidinga ukulalela uhlu lwami lwadlalwayo lukaKelly Khumalo,46:59:SL:ARTIST_NAME,[IN:play_music [SL:ARTIST_NAME Kelly Khumalo] ]
home,play_music,ungakwazi ukudlala ingoma imithandazo,26:37:SL:SONG_NAME,[IN:play_music [SL:SONG_NAME imithandazo] ]
home,play_music,ungakwazi ukudlala ishape of you,20:32:SL:SONG_NAME,[IN:play_music [SL:SONG_NAME shape of you] ]
home,play_music,dlala ingoma starships,13:22:SL:SONG_NAME,[IN:play_music [SL:SONG_NAME starships] ]
home,play_music,ngicela udlale usakhiwe ka Vuyo Mokoena,"15:23:SL:SONG_NAME,27:39:SL:ARTIST_NAME",[IN:play_music [SL:SONG_NAME usakhiwe] [SL:ARTIST_NAME Vuyo Mokoena] ]
home,play_music,ngicela udlale ingoma entsha kaCardi B ehlanganisa noMegan Thee Stallion,"31:38:SL:ARTIST_NAME,53:72:SL:ARTIST_NAME",[IN:play_music [SL:ARTIST_NAME Cardi B] [SL:ARTIST_NAME Megan Thee Stallion] ]
home,play_music,ungawufaka umculo weColdplay,20:28:SL:ARTIST_NAME,[IN:play_music [SL:ARTIST_NAME Coldplay] ]
home,play_music,ungakwazi ukuthola umculo weBackStreet Boys ongawudlala,28:43:SL:ARTIST_NAME,[IN:play_music [SL:ARTIST_NAME BackStreet Boys] ]
home,play_music,ngifuna ukudlala uhlu lwami lwadlalwayo lweNsync,43:48:SL:ARTIST_NAME,[IN:play_music [SL:ARTIST_NAME Nsync] ]
home,play_music,"ngifuna ukulalela uhlu lwami lwadlalwayo lwaBritney Spears, ngidlalele lona",44:58:SL:ARTIST_NAME,[IN:play_music [SL:ARTIST_NAME Britney Spears] ]
home,play_music,"bheka uhlu lwami lwadlalwayo luka-Britney Spears, yidlale",34:48:SL:ARTIST_NAME,[IN:play_music [SL:ARTIST_NAME Britney Spears] ]
home,play_music,ungadlala uhlu lwami lwadlalwayo lukaChristina Aguilera,37:55:SL:ARTIST_NAME,[IN:play_music [SL:ARTIST_NAME Christina Aguilera] ]
home,play_music,ngidinga ukuthi udlale uhlu lwami lwadlalwayo lukaRebecca Malope,50:64:SL:ARTIST_NAME,[IN:play_music [SL:ARTIST_NAME Rebecca Malope] ]
home,play_music,ungakwazi ukudlala umculo kaZola 7,28:34:SL:ARTIST_NAME,[IN:play_music [SL:ARTIST_NAME Zola 7] ]
home,play_music,ngidinga ukudlala ingoma ethi twin where have you been,,[IN:play_music ]
home,play_music,ngicela udlale made for me kaMuni Long,"15:26:SL:SONG_NAME,29:38:SL:ARTIST_NAME",[IN:play_music [SL:SONG_NAME made for me] [SL:ARTIST_NAME Muni Long] ]
home,play_music,dlala asine kaKelly Khumalo,"6:11:SL:SONG_NAME,14:27:SL:ARTIST_NAME",[IN:play_music [SL:SONG_NAME asine] [SL:ARTIST_NAME Kelly Khumalo] ]
home,play_music,ngifuna ukudlala ingoma ethi I put your picture on my mirror,,[IN:play_music ]
home,play_music,ngicela udlale abantu bam kaMshoza,"15:25:SL:SONG_NAME,28:34:SL:ARTIST_NAME",[IN:play_music [SL:SONG_NAME abantu bam] [SL:ARTIST_NAME Mshoza] ]
home,play_music,ungakwazi ukudlala umculo kaBabes Wodumo,28:40:SL:ARTIST_NAME,[IN:play_music [SL:ARTIST_NAME Babes Wodumo] ]
home,play_music,ungakwazi ukudlala umculo weDistruction Boyz,28:44:SL:ARTIST_NAME,[IN:play_music [SL:ARTIST_NAME Distruction Boyz] ]
home,play_music,qhubeka udlale ingoma ethi Gbe mi trabaye make you no dey shalaye,27:65:SL:SONG_NAME,[IN:play_music [SL:SONG_NAME Gbe mi trabaye make you no dey shalaye] ]
home,play_music,ngicela udlale ingoma ethi make you smoke kalaku just dey bounce with the groove,,[IN:play_music ]
home,play_music,ungangidlalela umculo kaCiara,24:29:SL:ARTIST_NAME,[IN:play_music [SL:ARTIST_NAME Ciara] ]
home,play_music,dlala ingoma ethi bhade lami wena ukhomba mina bhade lami uzongihlanyisa,,[IN:play_music ]
home,play_music,dlala umdlwembe,6:15:SL:SONG_NAME,[IN:play_music [SL:SONG_NAME umdlwembe] ]
home,play_music,dlala ghetto scandalous,6:23:SL:SONG_NAME,[IN:play_music [SL:SONG_NAME ghetto scandalous] ]
home,play_music,ungadlala umculo kaReason,19:25:SL:ARTIST_NAME,[IN:play_music [SL:ARTIST_NAME Reason] ]
home,play_music,qala ukudlala umculo,,[IN:play_music ]
home,play_music,ngidlalele umculo,,[IN:play_music ]
home,play_music,ngifuna ukuzwa umculo,,[IN:play_music ]
home,play_music,qala umculo,,[IN:play_music ]
home,play_music,qala ukudlala umculo othile,,[IN:play_music ]
home,play_music,ngifuna ukuzwa uhlu lwami lwangama-90s,,[IN:play_music ]
home,play_music,dlala uhlu lwami lwadlalwayo lwepop,32:35:SL:MUSIC_GENRE,[IN:play_music [SL:MUSIC_GENRE pop] ]
home,play_music,dlala ingoma ethi Azania,18:24:SL:SONG_NAME,[IN:play_music [SL:SONG_NAME Azania] ]
home,play_music,qhubeka nohlu lwami lwadlalwayo lwevangeli,32:42:SL:MUSIC_GENRE,[IN:play_music [SL:MUSIC_GENRE lwevangeli] ]
home,play_music,qhubeka nohlu lwami lwadlalwayo lwe-Afropop,36:43:SL:MUSIC_GENRE,[IN:play_music [SL:MUSIC_GENRE Afropop] ]
home,play_music,ngicela udlale imix yami kaJesse Powell,27:39:SL:ARTIST_NAME,[IN:play_music [SL:ARTIST_NAME Jesse Powell] ]
home,play_music,qala uhlu lwami lwadlalwayo,,[IN:play_music ]
home,play_music,qala udlale uhlu lwami lukaMaskandi,27:35:SL:MUSIC_GENRE,[IN:play_music [SL:MUSIC_GENRE Maskandi] ]
home,play_music,dlala ingoma ethi roar,18:22:SL:SONG_NAME,[IN:play_music [SL:SONG_NAME roar] ]
home,play_music,dlala ingoma ethi it's about time,18:33:SL:SONG_NAME,[IN:play_music [SL:SONG_NAME it's about time] ]
home,play_music,ake ngizwe ingoma ethi Jerusalema,23:33:SL:SONG_NAME,[IN:play_music [SL:SONG_NAME Jerusalema] ]
home,play_music,ngicela uqale ingoma ethi Water,26:31:SL:SONG_NAME,[IN:play_music [SL:SONG_NAME Water] ]
home,play_music,ngifuna ukuzwa uzozisola,15:24:SL:SONG_NAME,[IN:play_music [SL:SONG_NAME uzozisola] ]
home,play_music,bheka ingoma ethi Mzioni futhi uyidlale,18:24:SL:SONG_NAME,[IN:play_music [SL:SONG_NAME Mzioni] ]
home,play_music,ngifuna ukulalela uBusta Rhymes,19:31:SL:ARTIST_NAME,[IN:play_music [SL:ARTIST_NAME Busta Rhymes] ]
home,play_music,"ungakwazi ukudlala ingoma ezwakala sengathi ithi don't let me go, oh",,[IN:play_music ]
home,play_music,dlala ingoma ethi baya saba labafana mas'shaya le ngoma,,[IN:play_music ]
home,play_music,"ungadlala ingoma ethi inzuli ijulileyo, ngubani ongavuma ukwehlukaniswa nawe",22:38:SL:SONG_NAME,[IN:play_music [SL:SONG_NAME inzuli ijulileyo] ]
home,play_music,dlala ingoma ethi somandla,18:26:SL:SONG_NAME,[IN:play_music [SL:SONG_NAME somandla] ]
home,play_music,dlala ingoma ethi wena,18:22:SL:SONG_NAME,[IN:play_music [SL:SONG_NAME wena] ]
home,play_music,dlala ingoma ethi umlilo,18:24:SL:SONG_NAME,[IN:play_music [SL:SONG_NAME umlilo] ]
home,play_music,dlala ingoma ethi easy to love,18:30:SL:SONG_NAME,[IN:play_music [SL:SONG_NAME easy to love] ]
home,play_music,dlala ingoma ethi go around,18:27:SL:SONG_NAME,[IN:play_music [SL:SONG_NAME go around] ]
home,play_music,ngitholele amaculo ami ejazz,24:28:SL:MUSIC_GENRE,[IN:play_music [SL:MUSIC_GENRE jazz] ]
home,play_music,ake ngizwe izingoma zami zazemgrooveni,,[IN:play_music ]
home,play_music,veza izingoma ezingaphansi kagroove,27:35:SL:MUSIC_GENRE,[IN:play_music [SL:MUSIC_GENRE kagroove] ]
home,play_music,ngifuna ukuzwa uhlu lwami lwadlalwayo lwegroove,,[IN:play_music ]
home,play_music,ngisemoyeni wezingoma zejazz futhi hhayi okunye,24:28:SL:MUSIC_GENRE,[IN:play_music [SL:MUSIC_GENRE jazz] ]
home,play_music,"ingoma ethi, we got our feet on the ground and we're burning it down, idlale",,[IN:play_music ]
home,play_music,"ngicela udlale leli culo elithi, this girl is on fire, this girl is on fire",33:53:SL:SONG_NAME,[IN:play_music [SL:SONG_NAME this girl is on fire] ]
home,play_music,dlala ingoma ethi I don't wanna go around singing songs that people don't wanna hear,,[IN:play_music ]
home,play_music,"ungakwazi ukudlala ingoma ethi, I don't wanna go around dancing routines that nobody wanna see",,[IN:play_music ]
home,play_music,"uzokwazi ukudlala ingoma ethi, I don't wanna go around saying things that nobody wanna hear",,[IN:play_music ]
home,play_music,dlala izigqi zikaZakes Bantwini,"6:12:SL:SONG_NAME,17:31:SL:ARTIST_NAME",[IN:play_music [SL:SONG_NAME izigqi] [SL:ARTIST_NAME Zakes Bantwini] ]
home,play_music,faka usuku lokuzalwa la ma kwikhalenda ngomhlaka-19 kuZibandlela,49:64:SL:DATE,[IN:play_music [SL:DATE 19 kuZibandlela] ]
home,play_music,ngicela ukhiphe izivivinyo zokugcina ekhalendeni lami zangomhlaka-12 kuMbasa,"16:36:SL:CALENDAR_EVENT,66:76:SL:DATE",[IN:play_music [SL:CALENDAR_EVENT izivivinyo zokugcina] [SL:DATE 12 kuMbasa] ]
home,play_music,faka isikhathi sikadokotela wamazinyo ekhalendeni lami ngomhlaka-5 kuNhlangulana,65:80:SL:DATE,[IN:play_music [SL:DATE 5 kuNhlangulana] ]
home,play_music,susa umcimbi wangomhlaka-15 kuNtulikazi obizwa nge-unveiling ekhalendeni lami,25:39:SL:DATE,[IN:play_music [SL:DATE 15 kuNtulikazi] ]
home,calendar_update,sula lonke uhlelo lwami lwesonto lokuqala likaNtulikazi,46:55:SL:DATE,[IN:calendar_update [SL:DATE Ntulikazi] ]
home,calendar_update,khipha umcimbi obizwa nge-'Sundowners @ Joe Cools' ekhalendeni lami langomhla-5 kuMbasa,"40:49:SL:RESTAURANT_NAME,78:87:SL:DATE",[IN:calendar_update [SL:RESTAURANT_NAME Joe Cools] [SL:DATE 5 kuMbasa] ]
home,calendar_update,ngifuna ukhansele umcimbi obizwa nge-'mommy's day' ngo-19 kuMandulo,55:67:SL:DATE,[IN:calendar_update [SL:DATE 19 kuMandulo] ]
home,calendar_update,ngicela uhlele umcimbi obizwa nge-'masters supervision meeting with Prof' ekhalendeni lami,,[IN:calendar_update ]
home,calendar_update,susa umcimbi wangomhlaka-19 kuZibandlela obizwa ngokuthi umembeso kaJoyce ekhalendeni lami,"25:40:SL:DATE,68:73:SL:PERSONAL_NAME",[IN:calendar_update [SL:DATE 19 kuZibandlela] [SL:PERSONAL_NAME Joyce] ]
home,calendar_update,sula ikhalenda lami losuku lwangomhlaka-29 kuLwezi,40:50:SL:DATE,[IN:calendar_update [SL:DATE 29 kuLwezi] ]
home,calendar_update,ngicela ufake ikhonsathi kaThula ngo-15 kuMbasa ekhalendeni lami,"27:32:SL:PERSONAL_NAME,37:47:SL:DATE",[IN:calendar_update [SL:PERSONAL_NAME Thula] [SL:DATE 15 kuMbasa] ]
home,calendar_update,qiniseka ukuthi ikhalenda lami lisuliwe ngo-21 kuLwezi,44:54:SL:DATE,[IN:calendar_update [SL:DATE 21 kuLwezi] ]
home,calendar_update,susa isidlo sakusihlwa sesikhumbuzo somshado ekhalendeni lami ngo-21 kuMasingana,"5:22:SL:MEAL_PERIOD,25:44:SL:CALENDAR_EVENT,66:80:SL:DATE",[IN:calendar_update [SL:MEAL_PERIOD isidlo sakusihlwa] [SL:CALENDAR_EVENT sikhumbuzo somshado] [SL:DATE 21 kuMasingana] ]
home,calendar_update,ngicela usule okufakiwe ekhalendeni lami ngosuku lomhlaka-9,49:59:SL:DATE,[IN:calendar_update [SL:DATE lomhlaka-9] ]
home,calendar_update,ngicela wengeze ngento eyodwa ekhalendeni lami ukuthi ngidinga ukuhambisa imoto iyobhekwa ngoLwesibili,"23:29:SL:NUMBER,90:102:SL:DATE",[IN:calendar_update [SL:NUMBER eyodwa] [SL:DATE ngoLwesibili] ]
home,calendar_update,ngifuna yonke imicimbi esekhalendeni lami langoNtulikazi 2025 zisulwe,47:61:SL:DATE,[IN:calendar_update [SL:DATE Ntulikazi 2025] ]
home,calendar_update,susa usuku lokugubha isikhumbuzo somshado ekhalendeni lami,21:41:SL:CALENDAR_EVENT,[IN:calendar_update [SL:CALENDAR_EVENT isikhumbuzo somshado] ]
home,calendar_update,sula noma yimuphi umcimbi kwikhalenda lami omiselwe uLwesine esontweni elizayo,52:78:SL:DATE,[IN:calendar_update [SL:DATE uLwesine esontweni elizayo] ]
home,calendar_update,ngifuna ufaka isikhathi sikadokotela ekhalendeni ngoLwesithathu,52:63:SL:DATE,[IN:calendar_update [SL:DATE Lwesithathu] ]
home,calendar_update,sula ikhalenda lami lalolu Lwesine noLwesihlanu,"27:34:SL:DATE,35:47:SL:DATE",[IN:calendar_update [SL:DATE Lwesine] [SL:DATE noLwesihlanu] ]
home,calendar_update,susa yonke imicimbi enamagama athi Love Wami ekhalendeni lami,,[IN:calendar_update ]
home,calendar_update,qhubeka futhi ususe isikhathi sikadokotela engisihlelele ngoLwesibili,60:69:SL:DATE,[IN:calendar_update [SL:DATE Lwesibili] ]
home,calendar_update,engeza usuku lokuzalwa lwenja yami ekhalendeni lami lesonto elizayo ngomhlaka-25,68:80:SL:DATE,[IN:calendar_update [SL:DATE ngomhlaka-25] ]
home,calendar_update,susa umcimbi kaRyan womqhudelwano webhola kusukela kusasa,"15:19:SL:PERSONAL_NAME,51:57:SL:DATE",[IN:calendar_update [SL:PERSONAL_NAME Ryan] [SL:DATE kusasa] ]
home,calendar_update,beka usuku lokukhumbula lamakhelwane wami ekhalendeni lesonto elizayo ngeSonto,70:78:SL:DATE,[IN:calendar_update [SL:DATE ngeSonto] ]
home,calendar_update,sula ikhalenda lami langoLwesihlanu,25:35:SL:DATE,[IN:calendar_update [SL:DATE Lwesihlanu] ]
home,calendar_update,susa amaseshini ejimu aphinda phindiwe ekhalendeni lami,,[IN:calendar_update ]
home,calendar_update,faka isikhumbuzi sokuthenga isibhamu ngomhlaka-12 kuNdasa ekhalendeni lami,47:57:SL:DATE,[IN:calendar_update [SL:DATE 12 kuNdasa] ]
home,calendar_update,ngidinga ukwengeza ukuvulwa komuzi kaSipho ekhalendeni lami langoMgqibelo,"37:42:SL:PERSONAL_NAME,65:73:SL:DATE",[IN:calendar_update [SL:PERSONAL_NAME Sipho] [SL:DATE Mgqibelo] ]
home,calendar_update,ngifuna ukwengeza uhambo lwasemakhaya ekhalendeni lami langempelasonto ezayo,55:76:SL:DATE,[IN:calendar_update [SL:DATE langempelasonto ezayo] ]
home,calendar_update,kufanele ngengeze uhambo lwethu lokubheka itshe lababa ekhalendeni lami lwangoLwesine,78:85:SL:DATE,[IN:calendar_update [SL:DATE Lwesine] ]
home,calendar_update,kufanele ngisuse ikilasi lomdanso ekhalendeni lami bese ngifaka ibhola esikhundleni salo,"17:33:SL:CALENDAR_EVENT,64:70:SL:CALENDAR_EVENT",[IN:calendar_update [SL:CALENDAR_EVENT ikilasi lomdanso] [SL:CALENDAR_EVENT ibhola] ]
home,calendar_update,ngicela ususe ikilasi lomdanso ekhalendeni lami bese ufaka iballet esikhundleni salo,,[IN:calendar_update ]
home,calendar_update,ngidinga ukususa ikarati ekhalendeni lami bese ngengeza ukubhukuda,"17:24:SL:CALENDAR_EVENT,56:66:SL:CALENDAR_EVENT",[IN:calendar_update [SL:CALENDAR_EVENT ikarati] [SL:CALENDAR_EVENT ukubhukuda] ]
home,calendar_update,ngifuna ukususa ikarati ekhalendeni lami bese ngengeza ukugijima,,[IN:calendar_update ]
home,calendar_update,ngizosusa ikilasi lomdanso ekhalendeni lami bese ngengeza ukubhukuda,,[IN:calendar_update ]
home,calendar_update,engeza ukwembula kwetshe ekhalendeni lami langoMgqibelo,"7:24:SL:CALENDAR_EVENT,47:55:SL:DATE",[IN:calendar_update [SL:CALENDAR_EVENT ukwembula kwetshe] [SL:DATE Mgqibelo] ]
home,calendar_update,kufanele ngengeze umhlangano wami noDkt Naidoo ekhalendeni lami ngoLwesine,"40:46:SL:PERSONAL_NAME,67:74:SL:DATE",[IN:calendar_update [SL:PERSONAL_NAME Naidoo] [SL:DATE Lwesine] ]
home,calendar_update,ngidinga ukungeza isikhathi sikadokotela wami ekhalendeni ngosuku lwesibili kulenyanga,58:86:SL:DATE,[IN:calendar_update [SL:DATE ngosuku lwesibili kulenyanga] ]
home,calendar_update,ngidinga ukususa umhlangano wami nothisha kaMelo ngo-15 kuNtulikazi ekhalendeni lami,"44:48:SL:PERSONAL_NAME,53:67:SL:DATE",[IN:calendar_update [SL:PERSONAL_NAME Melo] [SL:DATE 15 kuNtulikazi] ]
home,calendar_update,ngingathanda ukuthi iphathi kaDaniel yengezwe ekhalendeni lami langomhla-5 kuZibandlela,"20:27:SL:CALENDAR_EVENT,30:36:SL:PERSONAL_NAME,73:87:SL:DATE",[IN:calendar_update [SL:CALENDAR_EVENT iphathi] [SL:PERSONAL_NAME Daniel] [SL:DATE 5 kuZibandlela] ]
home,calendar_update,engeza umcimbi kaSindi wangomhlaka-12 ekhalendeni lami,"17:22:SL:PERSONAL_NAME,28:37:SL:DATE",[IN:calendar_update [SL:PERSONAL_NAME Sindi] [SL:DATE mhlaka-12] ]
home,calendar_update,ungangeza isikhumbuzo zokubhalisela ukuvota ekhalendeni lami langomhla-17 kuMfumfu,"10:43:SL:CALENDAR_EVENT,71:82:SL:DATE",[IN:calendar_update [SL:CALENDAR_EVENT isikhumbuzo zokubhalisela ukuvota] [SL:DATE 17 kuMfumfu] ]
home,calendar_update,ngicela ufake isidlo sasekuseni noNoxolo ngoLwesine ekhalendeni lami,"14:31:SL:MEAL_PERIOD,34:40:SL:PERSONAL_NAME,44:51:SL:DATE",[IN:calendar_update [SL:MEAL_PERIOD isidlo sasekuseni] [SL:PERSONAL_NAME Noxolo] [SL:DATE Lwesine] ]
home,calendar_update,ngicela ususe umhlangano wami noSolwazi Putini ekhalendeni lami ngoLwesibili,"40:46:SL:PERSONAL_NAME,67:76:SL:DATE",[IN:calendar_update [SL:PERSONAL_NAME Putini] [SL:DATE Lwesibili] ]
home,calendar_update,"sula ikhalenda lami langoLwesibili, uLwesithathu kanye noLwesine","36:48:SL:DATE,55:64:SL:DATE",[IN:calendar_update [SL:DATE uLwesithathu] [SL:DATE noLwesine] ]
home,calendar_update,qiniseka ukuthi umhlaka-5 kuNhlaba usuliwe ekhalendeni lami,24:34:SL:DATE,[IN:calendar_update [SL:DATE 5 kuNhlaba] ]
home,calendar_update,"gcina umhlaka-15 kuNhlaba uvulekile ekhalendeni lami, ngiyacela",14:25:SL:DATE,[IN:calendar_update [SL:DATE 15 kuNhlaba] ]
home,calendar_update,susa yonke into ekwikhalenda lami yangomhlaka-7 kuNcwaba,46:56:SL:DATE,[IN:calendar_update [SL:DATE 7 kuNcwaba] ]
home,calendar_update,khipha izinhlelo zami zokudla kwakusihlwa ekhalendeni lakusasa,"22:41:SL:MEAL_PERIOD,54:62:SL:DATE",[IN:calendar_update [SL:MEAL_PERIOD zokudla kwakusihlwa] [SL:DATE lakusasa] ]
home,calendar_update,khipha izinhlelo zami zokudla kwasemini ekhalendeni ngo-15 kuMbasa,"22:39:SL:MEAL_PERIOD,56:66:SL:DATE",[IN:calendar_update [SL:MEAL_PERIOD zokudla kwasemini] [SL:DATE 15 kuMbasa] ]
home,calendar_update,susa isidlo sakusihlwa nomama ekhalendeni lami ngomhlaka-18 kuNtulikazi,"5:22:SL:MEAL_PERIOD,57:71:SL:DATE",[IN:calendar_update [SL:MEAL_PERIOD isidlo sakusihlwa] [SL:DATE 18 kuNtulikazi] ]
home,calendar_update,ungakwazi ukususa uhambo lwami lokuya eThekwini ekhalendeni lami ngomhlaka-1 kuMbasa,"38:47:SL:CITY_OR_PROVINCE,75:84:SL:DATE",[IN:calendar_update [SL:CITY_OR_PROVINCE eThekwini] [SL:DATE 1 kuMbasa] ]
home,calendar_update,susa usuku lwami noThandeka ekhalendeni lami ngo-22 kuMbasa,"19:27:SL:PERSONAL_NAME,49:59:SL:DATE",[IN:calendar_update [SL:PERSONAL_NAME Thandeka] [SL:DATE 22 kuMbasa] ]
home,calendar_update,sula ikhalenda lami ngomhlaka-1 kuMandulo,20:41:SL:DATE,[IN:calendar_update [SL:DATE ngomhlaka-1 kuMandulo] ]
home,calendar_update,bhala phansi umhlangano wakusasa ekhalendeni lami,,[IN:calendar_update ]
home,calendar_update,ungakwazi ukususa uhambo lwaseGoli ekhalendeni lami lwangomhlaka-20 kuNtulikazi wezi-2024,"29:34:SL:CITY_OR_PROVINCE,65:89:SL:DATE",[IN:calendar_update [SL:CITY_OR_PROVINCE eGoli] [SL:DATE 20 kuNtulikazi wezi-2024] ]
home,calendar_update,"ungawususa umemulo ekhalendeni lami langoMbasa, ziyi-12, 2024","11:18:SL:CALENDAR_EVENT,41:61:SL:DATE","[IN:calendar_update [SL:CALENDAR_EVENT umemulo] [SL:DATE Mbasa, ziyi-12, 2024] ]"
home,calendar_update,ungalususa usuku lokuya olwandle ekhalendeni lami langomhlaka-23 kuMadulo 2024,"11:32:SL:CALENDAR_EVENT,62:78:SL:DATE",[IN:calendar_update [SL:CALENDAR_EVENT usuku lokuya olwandle] [SL:DATE 23 kuMadulo 2024] ]
home,calendar_update,ungalisusa usuku lwephathi ekhalendeni lami langomhlaka-31 kuNcwaba 2024,"11:26:SL:CALENDAR_EVENT,56:72:SL:DATE",[IN:calendar_update [SL:CALENDAR_EVENT usuku lwephathi] [SL:DATE 31 kuNcwaba 2024] ]
home,calendar_update,ungasisusa isimemo sokugcotshwa kwaSolwazi ekhalendeni lami ngomhlaka-23 kuMbasa 2024,70:85:SL:DATE,[IN:calendar_update [SL:DATE 23 kuMbasa 2024] ]
home,calendar_update,faka isikhumbuzo sokukhansela iNetflix ekhalendeni lami ngoMgqibelo olandelayo,"31:38:SL:BILL_TYPE,59:67:SL:DATE",[IN:calendar_update [SL:BILL_TYPE Netflix] [SL:DATE Mgqibelo] ]
home,calendar_update,ngidinga ukwengeza umhlangano wabasebenzi ekhalendeni lami ngo-17 kuMasingana,63:77:SL:DATE,[IN:calendar_update [SL:DATE 17 kuMasingana] ]
home,calendar_update,engeza isikhathi sami esilandelayo sikadokotela wezifo zabesifazane ekhalendeni lami,,[IN:calendar_update ]
home,calendar_update,ngidinga ukwengeza okuthile ekhalendeni lami ngoLwesihlanu olulandelayo,48:58:SL:DATE,[IN:calendar_update [SL:DATE Lwesihlanu] ]
home,calendar_update,ngicela usule ikhalenda lami langoLwezi,34:39:SL:DATE,[IN:calendar_update [SL:DATE Lwezi] ]
home,calendar_update,ngicela ususe isikhathi sokubonana nodokotela ekhalendeni lami,,[IN:calendar_update ]
home,calendar_update,ungakwazi ukwengeza usuku lokuyodweba itattoo ekhalendeni lami,,[IN:calendar_update ]
home,calendar_update,sula yonke imicimbi yangoMgqibelo ekhalendeni lami,25:33:SL:DATE,[IN:calendar_update [SL:DATE Mgqibelo] ]
home,calendar_update,susa isidlo sika-Esther sokuthweswa iziqu ekhalendeni lami,17:23:SL:PERSONAL_NAME,[IN:calendar_update [SL:PERSONAL_NAME Esther] ]
home,calendar_update,susa konke okufakwe ekhalendeni ngomhlaka-15 kuNhlaba,42:53:SL:DATE,[IN:calendar_update [SL:DATE 15 kuNhlaba] ]
home,calendar_update,susa udokotela wamehlo ekhalendeni lami,,[IN:calendar_update ]
home,calendar_update,khansela isikhathi sikadokotela ekhalendeni lami,,[IN:calendar_update ]
home,calendar_update,susa umhlangano wami noKhanyisile ekhalendeni lami,23:33:SL:PERSONAL_NAME,[IN:calendar_update [SL:PERSONAL_NAME Khanyisile] ]
home,calendar_update,sula ikhalenda lami ngomhlaka-30 kuNhlaba,30:41:SL:DATE,[IN:calendar_update [SL:DATE 30 kuNhlaba] ]
home,calendar_update,khansela umcimbi womdanso ohlelelwe kusasa emini,"36:42:SL:DATE,43:48:SL:TIME",[IN:calendar_update [SL:DATE kusasa] [SL:TIME emini] ]
home,calendar_update,ngicela ususe ibaby shower kaSarah ekhalendeni lami ngeSonto umhlaka-18,"29:34:SL:PERSONAL_NAME,55:60:SL:DATE,61:71:SL:DATE",[IN:calendar_update [SL:PERSONAL_NAME Sarah] [SL:DATE Sonto] [SL:DATE umhlaka-18] ]
home,calendar_update,ngifuna ukususa umhlangano wami wango-10:00 noBenjamin ngoLwesibili womhlaka-15 ekhalendeni lami,"38:43:SL:TIME,46:54:SL:PERSONAL_NAME,58:67:SL:DATE,70:79:SL:DATE",[IN:calendar_update [SL:TIME 10:00] [SL:PERSONAL_NAME Benjamin] [SL:DATE Lwesibili] [SL:DATE mhlaka-15] ]
home,calendar_update,ngicela ususe izifundo zokushayela nabeLastBorn Driving School ekhalendeni lami ngoLwesihlanu mhla ziyi-10,80:106:SL:DATE,[IN:calendar_update [SL:DATE ngoLwesihlanu mhla ziyi-10] ]
home,calendar_update,ngidinga isikhumbuzo esithi 'thenga isipho sokuzalwa sikaLili' sikhishiwe ekhalendeni lami,57:61:SL:PERSONAL_NAME,[IN:calendar_update [SL:PERSONAL_NAME Lili] ]
home,calendar_update,engeza ingoma ethi unstoppable yaSia ohlwini lwami lokudlalwayo,"19:30:SL:SONG_NAME,33:36:SL:ARTIST_NAME",[IN:calendar_update [SL:SONG_NAME unstoppable] [SL:ARTIST_NAME Sia] ]
home,calendar_update,faka ingoma ekhalayo ohlwini engiluthandayo,,[IN:calendar_update ]
home,calendar_update,engeza ingoma ekhalayo ohlwini lwadlalwayo engiluthandayo,,[IN:calendar_update ]
home,calendar_update,engeza ingoma kaKelly Khumalo ohlwini lwadlalwayo,16:29:SL:ARTIST_NAME,[IN:calendar_update [SL:ARTIST_NAME Kelly Khumalo] ]
home,update_playlist,faka ingoma elandelayo ohlwini lwami lwadlalwayo,,[IN:update_playlist ]
home,update_playlist,engeza izingoma zaKelly Rowland ohlwini lwadlalwayo,18:31:SL:ARTIST_NAME,[IN:update_playlist [SL:ARTIST_NAME Kelly Rowland] ]
home,update_playlist,ngingathanda ukufaka ingoma keDeborah Cox ohlwini lwami lwadlalwayo,30:41:SL:ARTIST_NAME,[IN:update_playlist [SL:ARTIST_NAME Deborah Cox] ]
home,update_playlist,ngicela ufaka ingoma kaVuyo ethi sakhiwe ohlwini lwami lwadlalwayo levangeli,"23:27:SL:ARTIST_NAME,33:40:SL:SONG_NAME,67:76:SL:MUSIC_GENRE",[IN:update_playlist [SL:ARTIST_NAME Vuyo] [SL:SONG_NAME sakhiwe] [SL:MUSIC_GENRE levangeli] ]
home,update_playlist,asengeze izingoma zaBrandi ze-albhamu yokuqala ohlwini lwami lwadlalwayo,20:26:SL:ARTIST_NAME,[IN:update_playlist [SL:ARTIST_NAME Brandi] ]
home,update_playlist,ungangeza ingoma go around yaBongi Dube ohlwini lwami lwadlalwayo,"17:26:SL:SONG_NAME,29:39:SL:ARTIST_NAME",[IN:update_playlist [SL:SONG_NAME go around] [SL:ARTIST_NAME Bongi Dube] ]
home,update_playlist,ngicela wengeze ingiyabonga yaNelly ohlwini lwami lwadlalwayo,"16:27:SL:SONG_NAME,30:35:SL:ARTIST_NAME",[IN:update_playlist [SL:SONG_NAME ingiyabonga] [SL:ARTIST_NAME Nelly] ]
home,update_playlist,ngicabanga ukwengeza uhlu lwami lwadlalwayo ngeMozart,47:53:SL:ARTIST_NAME,[IN:update_playlist [SL:ARTIST_NAME Mozart] ]
home,update_playlist,ngifisa ungeza lengoma ohlwini lwami lwadlalwayo lerock and roll,51:64:SL:MUSIC_GENRE,[IN:update_playlist [SL:MUSIC_GENRE rock and roll] ]
home,update_playlist,engeza umoya kaHeavy-K ohlwini lwami lwadlalwayo,"7:12:SL:SONG_NAME,15:22:SL:ARTIST_NAME",[IN:update_playlist [SL:SONG_NAME umoya] [SL:ARTIST_NAME Heavy-K] ]
home,update_playlist,ngidinga ukungeza le ngoma ohlwini lwami lwadlalwayo iRandoms,,[IN:update_playlist ]
home,update_playlist,ngifuna ukungeza le ngoma ohlwini lwami lwadlalwayo lejazz,54:58:SL:MUSIC_GENRE,[IN:update_playlist [SL:MUSIC_GENRE jazz] ]
home,update_playlist,ngifuna ukungeza i-another love kaTom Odell ohlwini lwami lwadlalwayo,"19:31:SL:SONG_NAME,34:43:SL:ARTIST_NAME",[IN:update_playlist [SL:SONG_NAME another love] [SL:ARTIST_NAME Tom Odell] ]
home,update_playlist,ngingathanda ngempela ukwengeza I'm gonna be ready kaYolanda Adams ohlwini lwami lwadlalwayo,"32:50:SL:SONG_NAME,53:66:SL:ARTIST_NAME",[IN:update_playlist [SL:SONG_NAME I'm gonna be ready] [SL:ARTIST_NAME Yolanda Adams] ]
home,update_playlist,kufanele ngengeze iLook at God kaKoryn Hawthorne ohlwini lwami lwadlalwayo,"18:30:SL:SONG_NAME,33:48:SL:ARTIST_NAME",[IN:update_playlist [SL:SONG_NAME iLook at God] [SL:ARTIST_NAME Koryn Hawthorne] ]
home,update_playlist,ngifuna ukwengeza le ngoma ohlwini lwami lwadlalwayo lwekwaito,56:62:SL:MUSIC_GENRE,[IN:update_playlist [SL:MUSIC_GENRE kwaito] ]
home,update_playlist,ngicela ufake emoyeni kaK.O ohlwini lwami lwadlalwayo lweHip hop,"14:21:SL:SONG_NAME,24:27:SL:ARTIST_NAME,57:64:SL:MUSIC_GENRE",[IN:update_playlist [SL:SONG_NAME emoyeni] [SL:ARTIST_NAME K.O] [SL:MUSIC_GENRE Hip hop] ]
home,update_playlist,i-emoyeni kuzoba ingoma yami entsha efakwe ohlwini lwadlalwayo olusha,2:9:SL:SONG_NAME,[IN:update_playlist [SL:SONG_NAME emoyeni] ]
home,update_playlist,engeza ingoma emoyeni ohlwini lwadlalwayo olusha,14:21:SL:SONG_NAME,[IN:update_playlist [SL:SONG_NAME emoyeni] ]
home,update_playlist,i-emoyeni izokwengezwa ohlwini lwami lwadlalwayo olusha,2:9:SL:SONG_NAME,[IN:update_playlist [SL:SONG_NAME emoyeni] ]
home,update_playlist,uhlu lwadlalwayo olusha engizofaka kulo i-Emoyeni,42:49:SL:SONG_NAME,[IN:update_playlist [SL:SONG_NAME Emoyeni] ]
home,update_playlist,ngicela ufake i-ada ka-Emma Jackson ohlwini lwami lwadlalwayo,"16:19:SL:SONG_NAME,23:35:SL:ARTIST_NAME",[IN:update_playlist [SL:SONG_NAME ada] [SL:ARTIST_NAME Emma Jackson] ]
home,update_playlist,ngicela ufake ingoma kaQveen Herby ethi beautiful ohlwini lwami lwadlalwayo,"23:34:SL:ARTIST_NAME,40:49:SL:SONG_NAME",[IN:update_playlist [SL:ARTIST_NAME Qveen Herby] [SL:SONG_NAME beautiful] ]
home,update_playlist,ngicela kwengezwe ingoma ethi 'unleash the dragon' kaSisqo ohlwini lwami lwadlalwayo,"31:49:SL:SONG_NAME,53:58:SL:ARTIST_NAME",[IN:update_playlist [SL:SONG_NAME unleash the dragon] [SL:ARTIST_NAME Sisqo] ]
home,update_playlist,ngicela ufake ingoma i-incomplete kaSisqo ohlwini lwami lwadlalwayo,"23:33:SL:SONG_NAME,36:41:SL:ARTIST_NAME",[IN:update_playlist [SL:SONG_NAME incomplete] [SL:ARTIST_NAME Sisqo] ]
home,update_playlist,faka ican't touch this kaMC Hammer ohlwini lwami lwadlalwayo,"6:22:SL:SONG_NAME,25:34:SL:ARTIST_NAME",[IN:update_playlist [SL:SONG_NAME can't touch this] [SL:ARTIST_NAME MC Hammer] ]
home,update_playlist,engeza le ngoma ekupheleni kohlu lwami lwadlalwayo lwerandoms,,[IN:update_playlist ]
home,update_playlist,engeza le ngoma ohlwini lwami lwadlalwayo lokufunda,,[IN:update_playlist ]
home,update_playlist,ngicela ufake lengoma ohlwini lwami lwadlalwayo lwangoLwesihlanu,54:64:SL:DATE,[IN:update_playlist [SL:DATE Lwesihlanu] ]
home,update_playlist,faka ingoma edlalayo ohlwini lwadlalwayo lwezintandokazi zami,,[IN:update_playlist ]
home,update_playlist,faka le ngoma ohlwini lwami lwadlalwayo lwekwaito,43:49:SL:MUSIC_GENRE,[IN:update_playlist [SL:MUSIC_GENRE kwaito] ]
home,update_playlist,engeza le ngoma ohlwini lwami lokudlalayo lwejimu,,[IN:update_playlist ]
home,update_playlist,engeza le ngoma ohlwini lwami lwadlalwayo lwerap,45:48:SL:MUSIC_GENRE,[IN:update_playlist [SL:MUSIC_GENRE rap] ]
home,update_playlist,ungakwengeza engikulalelayo ohlwini lwami lwadlalwayo lwevangeli,54:64:SL:MUSIC_GENRE,[IN:update_playlist [SL:MUSIC_GENRE lwevangeli] ]
home,update_playlist,engeza idiamonds kaRihanna ohlwini lwami lwadlalwayo,"8:16:SL:SONG_NAME,19:26:SL:ARTIST_NAME",[IN:update_playlist [SL:SONG_NAME diamonds] [SL:ARTIST_NAME Rihanna] ]
home,update_playlist,engeza ipour it up kaRihanna ohlwini lwami lwadlalwayo,"8:18:SL:SONG_NAME,21:28:SL:ARTIST_NAME",[IN:update_playlist [SL:SONG_NAME pour it up] [SL:ARTIST_NAME Rihanna] ]
home,update_playlist,ungakwengeza engikulalelayo ohlwini lwami lwadlalwayo lwesikhathi sasekhaya,,[IN:update_playlist ]
home,update_playlist,engeza le ngoma ohlwini lwami lwasebusuku lwebhola lezinyawo,,[IN:update_playlist ]
home,update_playlist,engeza idance monkey kaTones And I ohlwini lwami lwadlalwayo,"8:20:SL:SONG_NAME,23:34:SL:ARTIST_NAME",[IN:update_playlist [SL:SONG_NAME dance monkey] [SL:ARTIST_NAME Tones And I] ]
home,update_playlist,ungakwengeza engikulalelayo ohlwini lwami lwadlalwayo lokuzivocavoca,,[IN:update_playlist ]
home,update_playlist,engeza i-2 o'clock yeDistruction Boyz ohlwini lwami lwadlalwayo,"9:18:SL:SONG_NAME,21:37:SL:ARTIST_NAME",[IN:update_playlist [SL:SONG_NAME 2 o'clock] [SL:ARTIST_NAME Distruction Boyz] ]
home,update_playlist,ungakwengeza engikulalelayo ohlwini lwami lwadlalwayo lokugeza,,[IN:update_playlist ]
home,update_playlist,engeza le ngoma ohlwini lwami lwadlalwayo lwantambama,42:53:SL:TIME,[IN:update_playlist [SL:TIME lwantambama] ]
home,update_playlist,ungakwengeza engikulalelayo ohlwini lwami lwadlalwayo lokugeza izitsha,,[IN:update_playlist ]
home,update_playlist,engeza le ngoma ohlwini lwadlalwayo lwezithandani,36:49:SL:MUSIC_GENRE,[IN:update_playlist [SL:MUSIC_GENRE lwezithandani] ]
home,update_playlist,engeza i-empini kaKelly Khumalo ohlwini lwami lwadlalwayo,"9:15:SL:SONG_NAME,18:31:SL:ARTIST_NAME",[IN:update_playlist [SL:SONG_NAME empini] [SL:ARTIST_NAME Kelly Khumalo] ]
home,update_playlist,yenza le ngoma ibe yingxenye yohlu lwadlalwayo lwabantu abadala,,[IN:update_playlist ]
home,update_playlist,faka le ngoma ohlwini lwadlalwayo lwabantu abadala,,[IN:update_playlist ]
home,update_playlist,xhuma le ngoma ohlwini lwami lwadlalwayo abantu abadala,,[IN:update_playlist ]
home,update_playlist,ngicela wengeze ohlwini lwadlalwayo lwabantu abadala,,[IN:update_playlist ]
home,update_playlist,ngifuna le ngoma ifakwe ohlwini lwami lwadlalwayo lwabantu abadala,,[IN:update_playlist ]
home,update_playlist,le ngoma idinga ukungezwa ohlwini lwami lwadlalwayo lweRnB,55:58:SL:MUSIC_GENRE,[IN:update_playlist [SL:MUSIC_GENRE RnB] ]
home,update_playlist,engeza le ngoma ekutadisheni,,[IN:update_playlist ]
home,update_playlist,engeza ingoma ohlwini lwadlalwayo lukaLili,38:42:SL:PERSONAL_NAME,[IN:update_playlist [SL:PERSONAL_NAME Lili] ]
home,update_playlist,engeza ingoma ohlwini lwami lwadlalwayo ingiphakamise,40:53:SL:SONG_NAME,[IN:update_playlist [SL:SONG_NAME ingiphakamise] ]
home,update_playlist,faka ingoma ohlwini lwadlalwayo lokuhlanza,,[IN:update_playlist ]
home,update_playlist,faka i-alone ohlwini lwami lwadlalwayo lokuhamba,7:12:SL:SONG_NAME,[IN:update_playlist [SL:SONG_NAME alone] ]
home,update_playlist,faka iNkalakatha ohlwini lwami lwadlalwayo lwasekuseni,"5:16:SL:SONG_NAME,43:54:SL:TIME",[IN:update_playlist [SL:SONG_NAME iNkalakatha] [SL:TIME lwasekuseni] ]
home,update_playlist,ngicela ubeke le ngoma kungxube yami yokushayela,,[IN:update_playlist ]
home,update_playlist,ngicela ufake le ngoma ohlwini lwami lwasekuseni lomsebenzi,,[IN:update_playlist ]
home,update_playlist,engeza ohlwini lwami lwadlalwayo lokudumisa,33:43:SL:MUSIC_GENRE,[IN:update_playlist [SL:MUSIC_GENRE lokudumisa] ]
home,update_playlist,faka uYolanda Adams ohlwini lwami lwadlalwayo lokudumisa,"6:19:SL:ARTIST_NAME,46:56:SL:MUSIC_GENRE",[IN:update_playlist [SL:ARTIST_NAME Yolanda Adams] [SL:MUSIC_GENRE lokudumisa] ]
home,update_playlist,engeza uSfiso Ncwane ohlwini lwami lwadlalwayo lokudumisa,"8:20:SL:ARTIST_NAME,47:57:SL:MUSIC_GENRE",[IN:update_playlist [SL:ARTIST_NAME Sfiso Ncwane] [SL:MUSIC_GENRE lokudumisa] ]
home,update_playlist,ohlwini lwami lwadlalwayo faka ingoma kaDeborah Fraser,40:54:SL:ARTIST_NAME,[IN:update_playlist [SL:ARTIST_NAME Deborah Fraser] ]
home,update_playlist,faka ingoma kaWinnie Mashaba ohlwini lwami lwadlalwayo lokudumisa,"14:28:SL:ARTIST_NAME,55:65:SL:MUSIC_GENRE",[IN:update_playlist [SL:ARTIST_NAME Winnie Mashaba] [SL:MUSIC_GENRE lokudumisa] ]
home,update_playlist,ngidinga le ngoma ohlwini lwami lwadlalwayo lokuzindla,,[IN:update_playlist ]
home,update_playlist,ngifuna ingoma yamanje ingezwe ohlwini lwami lwadlalwayo lokushayela,,[IN:update_playlist ]
home,update_playlist,ngicela ufake le ngoma ohlwini lwami lwadlalwayo lokugijima,,[IN:update_playlist ]
home,update_playlist,ngicela uyisuse le ngoma ohlwini lwami lwadlalwayo lokufunda,,[IN:update_playlist ]
home,update_playlist,ngingathanda ukuthi ingoma edlala manje ifakwe ohlwini lwami lwadlalwayo lokujima,,[IN:update_playlist ]
home,update_playlist,le ngoma ngiyifuna ohlwini lwami lwadlalwayo lokuqeqeshwa,,[IN:update_playlist ]
home,update_playlist,ngicela wengeze le ngoma ohlwini lwami lokudlalayo lokuzivivinya,,[IN:update_playlist ]
home,update_playlist,ungakwazi ukwengeza le ngoma ohlwini lwami lwadlalwayo lokuhamba ngebhayisikili,,[IN:update_playlist ]
home,update_playlist,qiniseka ukuthi ungeza le ngoma edlala manje ohlwini lwami lwadlalwayo lokufunda,,[IN:update_playlist ]
home,update_playlist,ngicela ufake ingoma engiyilalelayo njengamanje ohlwini lwami lokudlala lokuphumula,,[IN:update_playlist ]
home,update_playlist,engeza lengoma ohlwini lwami lwadlalwayo lwejazz,44:48:SL:MUSIC_GENRE,[IN:update_playlist [SL:MUSIC_GENRE jazz] ]
home,update_playlist,ukubhukha kwami ​​kokudla kwakusihlwa kudinga ukukhanselwa,20:37:SL:MEAL_PERIOD,[IN:update_playlist [SL:MEAL_PERIOD kudla kwakusihlwa] ]
home,update_playlist,shayela indawo yokudlela ucingo bese ukhansela ukubhukha kwami,,[IN:update_playlist ]
home,update_playlist,"ukubhukha kwami ​​​​eCircus circus kwango-6 ntambama, ngicela kususwe","21:34:SL:RESTAURANT_NAME,42:52:SL:TIME",[IN:update_playlist [SL:RESTAURANT_NAME Circus circus] [SL:TIME 6 ntambama] ]
home,update_playlist,ungakwazi ukukhansela ukubhukha enginakho ngesidlo sasemini eTashas,"51:59:SL:MEAL_PERIOD,60:67:SL:RESTAURANT_NAME",[IN:update_playlist [SL:MEAL_PERIOD sasemini] [SL:RESTAURANT_NAME eTashas] ]
kitchen_and_dining,cancel_reservation,ngicela ukhansele ukubhukha kwami ​​kwesidlo sasekuseni eBlue Waters ngoLwesihlanu,"39:55:SL:MEAL_PERIOD,57:68:SL:HOTEL_NAME,72:82:SL:DATE",[IN:cancel_reservation [SL:MEAL_PERIOD sidlo sasekuseni] [SL:HOTEL_NAME Blue Waters] [SL:DATE Lwesihlanu] ]
kitchen_and_dining,cancel_reservation,ungakwazi ungakhansela ukubhukha kwami ​​ukudla kwasemini kusasa,"41:57:SL:MEAL_PERIOD,58:64:SL:DATE",[IN:cancel_reservation [SL:MEAL_PERIOD ukudla kwasemini] [SL:DATE kusasa] ]
kitchen_and_dining,cancel_reservation,khansela ukubhukha kwami kwango-5.30 ntambama eHilton,"32:45:SL:TIME,47:53:SL:HOTEL_NAME",[IN:cancel_reservation [SL:TIME 5.30 ntambama] [SL:HOTEL_NAME Hilton] ]
kitchen_and_dining,cancel_reservation,ngicela ususe ukubhuka kwami ​​​​kwango-4 ntambama eKaylee's Eatery,"40:50:SL:TIME,52:67:SL:RESTAURANT_NAME",[IN:cancel_reservation [SL:TIME 4 ntambama] [SL:RESTAURANT_NAME Kaylee's Eatery] ]
kitchen_and_dining,cancel_reservation,ungakwazi ukukhansela ukubhuka enginakho kwephathi kaParis eMcDonalds,"53:58:SL:PERSONAL_NAME,59:69:SL:RESTAURANT_NAME",[IN:cancel_reservation [SL:PERSONAL_NAME Paris] [SL:RESTAURANT_NAME eMcDonalds] ]
kitchen_and_dining,cancel_reservation,khansela ukubhuka engikwenzele u-9 ekuseni eLuscious Lashes,33:42:SL:TIME,[IN:cancel_reservation [SL:TIME 9 ekuseni] ]
kitchen_and_dining,cancel_reservation,ngicela ukhansele ukubhukha kwami kwakusasa kwesidlo sakusihlwa,"34:43:SL:DATE,44:63:SL:MEAL_PERIOD",[IN:cancel_reservation [SL:DATE kwakusasa] [SL:MEAL_PERIOD kwesidlo sakusihlwa] ]
kitchen_and_dining,cancel_reservation,ngicela ukhansele itafula ebengiligcinele kusasa ebusuku,42:56:SL:DATE,[IN:cancel_reservation [SL:DATE kusasa ebusuku] ]
kitchen_and_dining,cancel_reservation,"ngibhukhele u-Tom e-Circus Circus, ngicela uyikhansele","14:17:SL:PERSONAL_NAME,20:33:SL:RESTAURANT_NAME",[IN:cancel_reservation [SL:PERSONAL_NAME Tom] [SL:RESTAURANT_NAME Circus Circus] ]
kitchen_and_dining,cancel_reservation,khansela ukubhukha esikwenze kwaGo Play,,[IN:cancel_reservation ]
kitchen_and_dining,cancel_reservation,"angisalidingi itafula eBlue Waters, ungayikhansela",23:34:SL:HOTEL_NAME,[IN:cancel_reservation [SL:HOTEL_NAME Blue Waters] ]
kitchen_and_dining,cancel_reservation,ungakwazi ukukhansela ukubhukha kwami ​​kwesidlo sakusihlwa,43:59:SL:MEAL_PERIOD,[IN:cancel_reservation [SL:MEAL_PERIOD sidlo sakusihlwa] ]
kitchen_and_dining,cancel_reservation,ngicela ukhansele ukubhukha engikwenzele uRiri kwaGrimaldi's,"41:46:SL:PERSONAL_NAME,47:60:SL:RESTAURANT_NAME",[IN:cancel_reservation [SL:PERSONAL_NAME uRiri] [SL:RESTAURANT_NAME kwaGrimaldi's] ]
kitchen_and_dining,cancel_reservation,ngicela ukhansele ukubhukha kwami ​​,,[IN:cancel_reservation ]
kitchen_and_dining,cancel_reservation,ungakwazi ukukhansela ukubhukha kwami ​​kwanamuhla kusihlwa ka-Owen eThe Grill Room eThe Oyster Box Hotel,"51:59:SL:TIME,63:67:SL:PERSONAL_NAME,69:83:SL:RESTAURANT_NAME,85:105:SL:HOTEL_NAME",[IN:cancel_reservation [SL:TIME kusihlwa] [SL:PERSONAL_NAME Owen] [SL:RESTAURANT_NAME The Grill Room] [SL:HOTEL_NAME The Oyster Box Hotel] ]
kitchen_and_dining,cancel_reservation,"angikudingi ukubhukha kwami, kukhansela",,[IN:cancel_reservation ]
kitchen_and_dining,cancel_reservation,ungakwazi ukukhansela ukubhukha kwami ​​kwangoLwesine e-Olive & Oil,"46:53:SL:DATE,56:67:SL:RESTAURANT_NAME",[IN:cancel_reservation [SL:DATE Lwesine] [SL:RESTAURANT_NAME Olive & Oil] ]
kitchen_and_dining,cancel_reservation,khansela ukubhukha kwami ​​​kwaPrince eThe Chefs' Table,"31:37:SL:PERSONAL_NAME,39:55:SL:RESTAURANT_NAME",[IN:cancel_reservation [SL:PERSONAL_NAME Prince] [SL:RESTAURANT_NAME The Chefs' Table] ]
kitchen_and_dining,cancel_reservation,ngicela ukhansele ukubhukha kwami,,[IN:cancel_reservation ]
kitchen_and_dining,cancel_reservation,"Ngicela, ukhansele ukubhukha kwami ​​kokudla kwakusihlwa",39:56:SL:MEAL_PERIOD,[IN:cancel_reservation [SL:MEAL_PERIOD kudla kwakusihlwa] ]
kitchen_and_dining,cancel_reservation,tshela ophethe indawo yokudlala ukuthi ikhansele ukubhukha kwami,,[IN:cancel_reservation ]
kitchen_and_dining,cancel_reservation,khansela ukubhukha isidlo sakusihlwa engikwenzile,19:36:SL:MEAL_PERIOD,[IN:cancel_reservation [SL:MEAL_PERIOD isidlo sakusihlwa] ]
kitchen_and_dining,cancel_reservation,susa lokho kubhuka kwesidlo sakusihlwa,19:38:SL:MEAL_PERIOD,[IN:cancel_reservation [SL:MEAL_PERIOD kwesidlo sakusihlwa] ]
kitchen_and_dining,cancel_reservation,shayela iLittle Havana ugcingo bese ukhansela ukubhuka kwami,9:22:SL:RESTAURANT_NAME,[IN:cancel_reservation [SL:RESTAURANT_NAME Little Havana] ]
kitchen_and_dining,cancel_reservation,ngikhanselele ukubhuka kwami,,[IN:cancel_reservation ]
kitchen_and_dining,cancel_reservation,susa ukubhukha kwami ​​kwesidlo sasemini,32:40:SL:MEAL_PERIOD,[IN:cancel_reservation [SL:MEAL_PERIOD sasemini] ]
kitchen_and_dining,cancel_reservation,ukubhuka engikwenze eSpur akusadingeli,21:25:SL:RESTAURANT_NAME,[IN:cancel_reservation [SL:RESTAURANT_NAME Spur] ]
kitchen_and_dining,cancel_reservation,chitha ukubhukha engikudalile izolo,30:35:SL:DATE,[IN:cancel_reservation [SL:DATE izolo] ]
kitchen_and_dining,cancel_reservation,ukubhukha engikudalile akusadingeki,,[IN:cancel_reservation ]
kitchen_and_dining,cancel_reservation,ukubhukha engikwenzile akusadingeki,,[IN:cancel_reservation ]
kitchen_and_dining,cancel_reservation,chitha ukubhukha kwesidlo sasemini somndeni,17:34:SL:MEAL_PERIOD,[IN:cancel_reservation [SL:MEAL_PERIOD kwesidlo sasemini] ]
kitchen_and_dining,cancel_reservation,ngingakwazi ukukhansela ukubhuka kwami,,[IN:cancel_reservation ]
kitchen_and_dining,cancel_reservation,ngingathanda ukukhansela ukubhuka kwami kwangoLwesine kanye noLwesihlanu,"46:53:SL:DATE,62:72:SL:DATE",[IN:cancel_reservation [SL:DATE Lwesine] [SL:DATE Lwesihlanu] ]
kitchen_and_dining,cancel_reservation,ngingakhansela ukubhuka kwami,,[IN:cancel_reservation ]
kitchen_and_dining,cancel_reservation,ngicela ukukhansela ukubhuka kwami kwanamuhla kusihlwa,"35:45:SL:DATE,46:54:SL:TIME",[IN:cancel_reservation [SL:DATE kwanamuhla] [SL:TIME kusihlwa] ]
kitchen_and_dining,cancel_reservation,ngidinga ukukhansela ukubhuka kwami,,[IN:cancel_reservation ]
kitchen_and_dining,cancel_reservation,ungakwazi ukhansela ukubhuka kwami ​​kwetafula ngo-4:00 ntambama eLord Prawn,"51:64:SL:TIME,66:76:SL:RESTAURANT_NAME",[IN:cancel_reservation [SL:TIME 4:00 ntambama] [SL:RESTAURANT_NAME Lord Prawn] ]
kitchen_and_dining,cancel_reservation,ngidinga ukuthi ukhansele ukubhukha kwami ​​​​kwaSteers ngo-7:00 ebusuku,"49:55:SL:RESTAURANT_NAME,60:72:SL:TIME",[IN:cancel_reservation [SL:RESTAURANT_NAME Steers] [SL:TIME 7:00 ebusuku] ]
kitchen_and_dining,cancel_reservation,khansela ukubhukha kwami ​​kwaMelo kwango-6:00 ntambama,"30:34:SL:RESTAURANT_NAME,42:55:SL:TIME",[IN:cancel_reservation [SL:RESTAURANT_NAME Melo] [SL:TIME 6:00 ntambama] ]
kitchen_and_dining,cancel_reservation,qhubeka ukhansele ukubhukha engikwenzele u-8:00 kusihlwa kwaJoops,"43:56:SL:TIME,60:65:SL:RESTAURANT_NAME",[IN:cancel_reservation [SL:TIME 8:00 kusihlwa] [SL:RESTAURANT_NAME Joops] ]
kitchen_and_dining,cancel_reservation,ngicela ukhansele ukubhukha kwami ​​​​kwango-8:30 kusihlwa eMayfair Café,"45:58:SL:TIME,60:72:SL:RESTAURANT_NAME",[IN:cancel_reservation [SL:TIME 8:30 kusihlwa] [SL:RESTAURANT_NAME Mayfair Café] ]
kitchen_and_dining,cancel_reservation,kungenzeka yini ukukhansela ukubhukha engikwenzele abakwaThomspsons eJoops,"57:67:SL:PERSONAL_NAME,69:74:SL:RESTAURANT_NAME",[IN:cancel_reservation [SL:PERSONAL_NAME Thomspsons] [SL:RESTAURANT_NAME Joops] ]
kitchen_and_dining,cancel_reservation,"ngibhukhe ngaphansi kukaPam Shezi eBlue Waters, nfgicela uyikhansele","24:33:SL:PERSONAL_NAME,35:46:SL:HOTEL_NAME",[IN:cancel_reservation [SL:PERSONAL_NAME Pam Shezi] [SL:HOTEL_NAME Blue Waters] ]
kitchen_and_dining,cancel_reservation,angisalidingi itafula labayisithupha eThe Ocean Terrace,"27:36:SL:NUMBER,38:55:SL:RESTAURANT_NAME",[IN:cancel_reservation [SL:NUMBER isithupha] [SL:RESTAURANT_NAME The Ocean Terrace] ]
kitchen_and_dining,cancel_reservation,nginetafula eHavana Grill ngaphansi kukaManuel okudingeka ikhanselwe,"12:25:SL:RESTAURANT_NAME,40:46:SL:PERSONAL_NAME",[IN:cancel_reservation [SL:RESTAURANT_NAME eHavana Grill] [SL:PERSONAL_NAME Manuel] ]
kitchen_and_dining,cancel_reservation,nginokubhuka eLighthouse Bar ngaphansi kwegama elithi Liezl Bocelli futhi ngifuna ukuyikhansela,"14:28:SL:RESTAURANT_NAME,54:67:SL:PERSONAL_NAME",[IN:cancel_reservation [SL:RESTAURANT_NAME Lighthouse Bar] [SL:PERSONAL_NAME Liezl Bocelli] ]
kitchen_and_dining,cancel_reservation,ungakwazi ukususa ukubhukha kwami,,[IN:cancel_reservation ]
kitchen_and_dining,cancel_reservation,ngingathanda ukukhansela iphathi yabayi-12 esiyibekile eBounce,40:42:SL:NUMBER,[IN:cancel_reservation [SL:NUMBER 12] ]
kitchen_and_dining,cancel_reservation,ngifuna ukukhansela ukubhukha okwenziwe egameni likaSteve eSteakhouse,"52:57:SL:PERSONAL_NAME,59:69:SL:RESTAURANT_NAME",[IN:cancel_reservation [SL:PERSONAL_NAME Steve] [SL:RESTAURANT_NAME Steakhouse] ]
kitchen_and_dining,cancel_reservation,"vele ususe ukubhukha engikwenzile, ngiyacela",,[IN:cancel_reservation ]
kitchen_and_dining,cancel_reservation,ngicela ukhansele itafula labantu abane eMcDonalds,41:50:SL:RESTAURANT_NAME,[IN:cancel_reservation [SL:RESTAURANT_NAME McDonalds] ]
kitchen_and_dining,cancel_reservation,ngicela ususe ukubhukha kwabantu abayisikhombisa e-Oyster Box,"37:48:SL:NUMBER,51:61:SL:RESTAURANT_NAME",[IN:cancel_reservation [SL:NUMBER isikhombisa] [SL:RESTAURANT_NAME Oyster Box] ]
kitchen_and_dining,cancel_reservation,ngingathanda ukukhansela ukubhuka kwami ​​​​eSwaadisht Foods ngenze enye eJoops Place,"45:60:SL:RESTAURANT_NAME,74:85:SL:RESTAURANT_NAME",[IN:cancel_reservation [SL:RESTAURANT_NAME Swaadisht Foods] [SL:RESTAURANT_NAME Joops Place] ]
kitchen_and_dining,cancel_reservation,ngidinga ukubhukha kwami ​​​​kukhanselwe eThe Sugar Club,42:56:SL:RESTAURANT_NAME,[IN:cancel_reservation [SL:RESTAURANT_NAME The Sugar Club] ]
kitchen_and_dining,cancel_reservation,ngidinga ukukhansela ukubhuka kwami ​​​​eNIKOS Suncoast ngenze enye eThe Palm Court,"41:55:SL:RESTAURANT_NAME,69:83:SL:RESTAURANT_NAME",[IN:cancel_reservation [SL:RESTAURANT_NAME NIKOS Suncoast] [SL:RESTAURANT_NAME The Palm Court] ]
kitchen_and_dining,cancel_reservation,ngifuna ukubekisa kwami ​​egameni likaSamuel eJoita's Portugese Foods kususwe futhi esikhundleni salokho ngibekise eLupa Osteria Westville,"38:44:SL:PERSONAL_NAME,46:69:SL:RESTAURANT_NAME,115:138:SL:RESTAURANT_NAME",[IN:cancel_reservation [SL:PERSONAL_NAME Samuel] [SL:RESTAURANT_NAME Joita's Portugese Foods] [SL:RESTAURANT_NAME eLupa Osteria Westville] ]
kitchen_and_dining,cancel_reservation,susa ukubhukha kwabantu abane e-Olive and Oil,"24:29:SL:NUMBER,32:45:SL:RESTAURANT_NAME",[IN:cancel_reservation [SL:NUMBER abane] [SL:RESTAURANT_NAME Olive and Oil] ]
kitchen_and_dining,cancel_reservation,khansela ukubhukha kwase-Oyster Box kwanamuhla kusihlwa,"25:35:SL:RESTAURANT_NAME,47:55:SL:MEAL_PERIOD",[IN:cancel_reservation [SL:RESTAURANT_NAME Oyster Box] [SL:MEAL_PERIOD kusihlwa] ]
kitchen_and_dining,cancel_reservation,khansela ukubhukha kwephathi yami e-Hilton Hotel kusasa ebusuku,"36:48:SL:HOTEL_NAME,56:63:SL:TIME",[IN:cancel_reservation [SL:HOTEL_NAME Hilton Hotel] [SL:TIME ebusuku] ]
kitchen_and_dining,cancel_reservation,susa ukubhukha kwango-7 ntambama e-Angelo's,"22:32:SL:TIME,35:43:SL:RESTAURANT_NAME",[IN:cancel_reservation [SL:TIME 7 ntambama] [SL:RESTAURANT_NAME Angelo's] ]
kitchen_and_dining,cancel_reservation,empeleni angisakudingi ukubhukha kwami,,[IN:cancel_reservation ]
kitchen_and_dining,cancel_reservation,ngidinga ukukhansela ukubhukha kwami ​​egameni likaThomas eJulio's eMhlanga,"51:57:SL:PERSONAL_NAME,59:66:SL:RESTAURANT_NAME,67:75:SL:PLACE_NAME",[IN:cancel_reservation [SL:PERSONAL_NAME Thomas] [SL:RESTAURANT_NAME Julio's] [SL:PLACE_NAME eMhlanga] ]
kitchen_and_dining,cancel_reservation,khansela ukubhuka kwami ​​​​egameni likaThomas eJulio's eMhlanga,"40:46:SL:PERSONAL_NAME,48:55:SL:RESTAURANT_NAME,56:64:SL:PLACE_NAME",[IN:cancel_reservation [SL:PERSONAL_NAME Thomas] [SL:RESTAURANT_NAME Julio's] [SL:PLACE_NAME eMhlanga] ]
kitchen_and_dining,cancel_reservation,angisakufuni ukubhukha kwami,,[IN:cancel_reservation ]
kitchen_and_dining,cancel_reservation,ngidinga ukuthi ukhansele ukubhukha kwami ​​kwabantu abayi-5 eJulio's eMhlanga,"59:60:SL:NUMBER,62:69:SL:RESTAURANT_NAME,71:78:SL:PLACE_NAME",[IN:cancel_reservation [SL:NUMBER 5] [SL:RESTAURANT_NAME Julio's] [SL:PLACE_NAME Mhlanga] ]
kitchen_and_dining,cancel_reservation,ngicela ukhansele ukubhukha kwami ​​​​egameni laSteve eRoma Revolving Restaurant,"46:53:SL:PERSONAL_NAME,55:80:SL:RESTAURANT_NAME",[IN:cancel_reservation [SL:PERSONAL_NAME laSteve] [SL:RESTAURANT_NAME Roma Revolving Restaurant] ]
kitchen_and_dining,cancel_reservation,kufanele ngikhansele ukubhukha kwami kwaSteve eRoma Revolving Restaurant,"40:45:SL:PERSONAL_NAME,47:72:SL:RESTAURANT_NAME",[IN:cancel_reservation [SL:PERSONAL_NAME Steve] [SL:RESTAURANT_NAME Roma Revolving Restaurant] ]
kitchen_and_dining,cancel_reservation,angisakudingi ukubhukha kwami,,[IN:cancel_reservation ]
kitchen_and_dining,cancel_reservation,ngifuna ukuthi ukhansele ukubhukha kwami ​​kwabantu abiyishumi eMcDonalds,"52:62:SL:NUMBER,64:73:SL:RESTAURANT_NAME",[IN:cancel_reservation [SL:NUMBER abiyishumi] [SL:RESTAURANT_NAME McDonalds] ]
kitchen_and_dining,cancel_reservation,angisakudingi ukubhukha kwami eMcDonalds,30:40:SL:RESTAURANT_NAME,[IN:cancel_reservation [SL:RESTAURANT_NAME eMcDonalds] ]
kitchen_and_dining,cancel_reservation,qhubeka ukhansele ukubhukha kwami ​​​​kwabantu abangu-9 eMcDonalds,"54:55:SL:NUMBER,57:66:SL:RESTAURANT_NAME",[IN:cancel_reservation [SL:NUMBER 9] [SL:RESTAURANT_NAME McDonalds] ]
kitchen_and_dining,cancel_reservation,ngifisa ukukhansela ukubhukha kwami ​​egameni likaMbali e-Ocean Basket kwakusasa ntambama,"50:55:SL:PERSONAL_NAME,58:70:SL:RESTAURANT_NAME,81:89:SL:TIME",[IN:cancel_reservation [SL:PERSONAL_NAME Mbali] [SL:RESTAURANT_NAME Ocean Basket] [SL:TIME ntambama] ]
kitchen_and_dining,cancel_reservation,angisakufuni ukubhukha kwami kwase-Oceans Basket,35:48:SL:RESTAURANT_NAME,[IN:cancel_reservation [SL:RESTAURANT_NAME Oceans Basket] ]
kitchen_and_dining,cancel_reservation,ngicela ukhansele ukubhukha kwami ​​kwabantu abayisithupha e-Oceans Basket,"45:58:SL:NUMBER,61:74:SL:RESTAURANT_NAME",[IN:cancel_reservation [SL:NUMBER abayisithupha] [SL:RESTAURANT_NAME Oceans Basket] ]
kitchen_and_dining,cancel_reservation,ngidinga ukuthi ukhansele ukubhukha kwami ​​egameni likaWill eHilton Hotel,"56:60:SL:PERSONAL_NAME,62:74:SL:HOTEL_NAME",[IN:cancel_reservation [SL:PERSONAL_NAME Will] [SL:HOTEL_NAME Hilton Hotel] ]
kitchen_and_dining,cancel_reservation,ngifuna ukukhansela ukubhukha kwesidlo sakusihlwa sikaJames eHilton,"39:49:SL:MEAL_PERIOD,54:59:SL:PERSONAL_NAME,61:67:SL:HOTEL_NAME",[IN:cancel_reservation [SL:MEAL_PERIOD sakusihlwa] [SL:PERSONAL_NAME James] [SL:HOTEL_NAME Hilton] ]
kitchen_and_dining,cancel_reservation,Ngifuna i-Avanza ngomhlaka-5 kuMasingani kuya kumhlaka-7 eMnambithi,"27:40:SL:DATE,46:56:SL:DATE,57:67:SL:PLACE_NAME",[IN:cancel_reservation [SL:DATE 5 kuMasingani] [SL:DATE kumhlaka-7] [SL:PLACE_NAME eMnambithi] ]
kitchen_and_dining,cancel_reservation,"Ungangisiza ngibhukhe iHummer kusekela ngomhlaka-12 kuya kumhlaka-21 kuMbasa eGoli, eGauteng?","42:51:SL:DATE,66:76:SL:DATE,77:82:SL:CITY_OR_PROVINCE,85:92:SL:CITY_OR_PROVINCE",[IN:cancel_reservation [SL:DATE mhlaka-12] [SL:DATE 21 kuMbasa] [SL:CITY_OR_PROVINCE eGoli] [SL:CITY_OR_PROVINCE Gauteng] ]
kitchen_and_dining,cancel_reservation,Ungakwazi ukungisiza ngiqashe iQuantum ngempelasonto kamhlaka-16?,39:64:SL:DATE,[IN:cancel_reservation [SL:DATE ngempelasonto kamhlaka-16] ]
kitchen_and_dining,cancel_reservation,Ngibhukhele ivan elincane kusukela ngoLwesibili kuze kube uLwesihlanu,"38:47:SL:DATE,59:69:SL:DATE",[IN:cancel_reservation [SL:DATE Lwesibili] [SL:DATE Lwesihlanu] ]
travel,car_rental,Ngingathanda ukubhukha iYaris phakathi kwamhlaka-17 kuMfumfu kuya kumhlaka-21 kuMfumfu,"49:60:SL:DATE,75:86:SL:DATE",[IN:car_rental [SL:DATE 17 kuMfumfu] [SL:DATE 21 kuMfumfu] ]
travel,car_rental,Ngingathanda ukuqasha iRenault Clio ePolokwane kusukela ngomhlaka-2 kuMasingana kuya ku-10 kuMasingana,"37:46:SL:CITY_OR_PROVINCE,66:79:SL:DATE,88:102:SL:DATE",[IN:car_rental [SL:CITY_OR_PROVINCE Polokwane] [SL:DATE 2 kuMasingana] [SL:DATE 10 kuMasingana] ]
travel,car_rental,Gcina imoto yokuqashwa eGoli phakathi kuka-7 kuMasingana kuya ku-11 kuMasingana,"23:28:SL:CITY_OR_PROVINCE,43:56:SL:DATE,65:79:SL:DATE",[IN:car_rental [SL:CITY_OR_PROVINCE eGoli] [SL:DATE 7 kuMasingana] [SL:DATE 11 kuMasingana] ]
travel,car_rental,"ngidinga ukuqasha imoto eBloemfontein kusukela ngomhlaka-15 kuya kumhlaka-17 kuNhlolanja, futhi makungenzeka ngingathanda kube iPolo","25:37:SL:CITY_OR_PROVINCE,50:59:SL:DATE,67:88:SL:DATE",[IN:car_rental [SL:CITY_OR_PROVINCE Bloemfontein] [SL:DATE mhlaka-15] [SL:DATE mhlaka-17 kuNhlolanja] ]
travel,car_rental,ngidinga ukuthola imoto engingayiqasha njeba nginohamba oluya eNew Castle kusasa,63:73:SL:CITY_OR_PROVINCE,[IN:car_rental [SL:CITY_OR_PROVINCE New Castle] ]
travel,car_rental,ungakwazi ukunginika ulwazi lokuthi ngingayiqasha kanjani imoto,,[IN:car_rental ]
travel,car_rental,ngifuna ukuya eGoli futhi ngingathanda ukuqasha imoto,14:19:SL:CITY_OR_PROVINCE,[IN:car_rental [SL:CITY_OR_PROVINCE eGoli] ]
travel,car_rental,ngizodinga imoto eqashisayo njengoba ngizovakashela eRichards Bay,53:65:SL:PLACE_NAME,[IN:car_rental [SL:PLACE_NAME Richards Bay] ]
travel,car_rental,ngenzenjani uma ngifuna ukuqasha imoto,,[IN:car_rental ]
travel,car_rental,ngidinga ukuqasha imoto encane eKapa kusukela ngomhlaka-11 kuZibandlela kuya kumhlaka-15,"31:36:SL:CITY_OR_PROVINCE,77:88:SL:DATE",[IN:car_rental [SL:CITY_OR_PROVINCE eKapa] [SL:DATE kumhlaka-15] ]
travel,car_rental,ngifuna ukuqasha imoto enkulu eGoli kusukela ngomhlaka-9 kuNhlolanja kuya kumhlaka-15,"30:35:SL:CITY_OR_PROVINCE,55:68:SL:DATE,74:85:SL:DATE",[IN:car_rental [SL:CITY_OR_PROVINCE eGoli] [SL:DATE 9 kuNhlolanja] [SL:DATE kumhlaka-15] ]
travel,car_rental,"ngizobe ngiseBraamfontein ngomhlaka-21 kuMbasa, ngingayiqasha imoto kusukela kulelo langa kuya kumhlaka-27","13:25:SL:PLACE_NAME,36:46:SL:DATE,97:106:SL:DATE",[IN:car_rental [SL:PLACE_NAME Braamfontein] [SL:DATE 21 kuMbasa] [SL:DATE mhlaka-27] ]
travel,car_rental,zizobe zikhona izimoto eziqashisayo ePitoli kusukela ngomhlaka-17 kuya kumhlaka-25 kuMandulo,"37:43:SL:CITY_OR_PROVINCE,63:92:SL:DATE",[IN:car_rental [SL:CITY_OR_PROVINCE Pitoli] [SL:DATE 17 kuya kumhlaka-25 kuMandulo] ]
travel,car_rental,ngizokwazi ukuqasha imoto uma sengifika eKimberley kusukela ngomhlaka-19 kuLwezi kuya kumhlaka-25 kuLwezi,"41:50:SL:CITY_OR_PROVINCE,70:80:SL:DATE,95:105:SL:DATE",[IN:car_rental [SL:CITY_OR_PROVINCE Kimberley] [SL:DATE 19 kuLwezi] [SL:DATE 25 kuLwezi] ]
travel,car_rental,ngidinga iQuantum eliqashisayo kusukela ngoLwesini kuya kwiSonto,40:64:SL:DATE,[IN:car_rental [SL:DATE ngoLwesini kuya kwiSonto] ]
travel,car_rental,ngizodinga imoto eqashisayo kusukela ngo-15/06 kuya ku-23/06 kwaCeza,"41:46:SL:DATE,55:60:SL:DATE,64:68:SL:PLACE_NAME",[IN:car_rental [SL:DATE 15/06] [SL:DATE 23/06] [SL:PLACE_NAME Ceza] ]
travel,car_rental,ngitholele imoto eqashisayo kusukela ngo-22/12 kuya ku-29/12 eThekwini,"41:46:SL:DATE,55:60:SL:DATE,61:70:SL:CITY_OR_PROVINCE",[IN:car_rental [SL:DATE 22/12] [SL:DATE 29/12] [SL:CITY_OR_PROVINCE eThekwini] ]
travel,car_rental,ngizodinga imoto eqashisayo kusukela ngo-15/11 kuya ku-21/11 eKapa,"37:46:SL:DATE,52:60:SL:DATE,61:66:SL:CITY_OR_PROVINCE",[IN:car_rental [SL:DATE ngo-15/11] [SL:DATE ku-21/11] [SL:CITY_OR_PROVINCE eKapa] ]
travel,car_rental,ngitholele imoto eqashisayo kusukela ngo-31/08 kuya ku-11/09 eMargate,"41:46:SL:DATE,55:60:SL:DATE,62:69:SL:PLACE_NAME",[IN:car_rental [SL:DATE 31/08] [SL:DATE 11/09] [SL:PLACE_NAME Margate] ]
travel,car_rental,ngidinga imoto eqashisayo ngomhlaka-7 kuya kumhlaka-15 e-Uitenhage futhi ngicela iSuzuki,"26:54:SL:DATE,57:66:SL:PLACE_NAME",[IN:car_rental [SL:DATE ngomhlaka-7 kuya kumhlaka-15] [SL:PLACE_NAME Uitenhage] ]
travel,car_rental,zikhona yini izindawo zokuqashwa kwezimoto ezihlonishwayo oLundi?,58:64:SL:PLACE_NAME,[IN:car_rental [SL:PLACE_NAME oLundi] ]
travel,car_rental,yiziphi izinketho zokuqasha izimoto ezikhona oLundi?,45:51:SL:PLACE_NAME,[IN:car_rental [SL:PLACE_NAME oLundi] ]
travel,car_rental,kungenzeka ukuthi ngithole iToyota eMargate kusukela ngomhlaka-5 kuya kumhlaka-9 kulenyanga?,"36:43:SL:PLACE_NAME,53:64:SL:DATE,70:80:SL:DATE",[IN:car_rental [SL:PLACE_NAME Margate] [SL:DATE ngomhlaka-5] [SL:DATE kumhlaka-9] ]
travel,car_rental,ngingathanda ukuthola indawo eqashisa ngezimoto zemidlalo eziwubukhazikhazi eLa Lucia,77:85:SL:PLACE_NAME,[IN:car_rental [SL:PLACE_NAME La Lucia] ]
travel,car_rental,ngingakwazi ukuqasha imoto eNew York kusukela ngomhlaka-9 kuNdasa kuya kumhlaka-12 futhi kube yiBentley?,"28:36:SL:CITY_OR_PROVINCE,56:65:SL:DATE,71:82:SL:DATE",[IN:car_rental [SL:CITY_OR_PROVINCE New York] [SL:DATE 9 kuNdasa] [SL:DATE kumhlaka-12] ]
travel,car_rental,"ngingathanda ukuqasha iSprinter ePitoli kusukela ngoLwesihlanu, umhlaka-5, kuya kuMsombuluko, umhlaka-8","32:39:SL:CITY_OR_PROVINCE,52:62:SL:DATE,64:73:SL:DATE,82:92:SL:DATE,94:103:SL:DATE",[IN:car_rental [SL:CITY_OR_PROVINCE ePitoli] [SL:DATE Lwesihlanu] [SL:DATE umhlaka-5] [SL:DATE Msombuluko] [SL:DATE umhlaka-8] ]
travel,car_rental,thintana nabakwaHertz ubone ukuthi banazo yini izimoto eziqashisayo kulempelasonto,72:82:SL:DATE,[IN:car_rental [SL:DATE mpelasonto] ]
travel,car_rental,ngingathola iVW engizoyiqasha eThekwini kusukela ngosuku lokuqala lwenyanga kuya osukwini lokugcina lwaleyo nyanga,30:39:SL:CITY_OR_PROVINCE,[IN:car_rental [SL:CITY_OR_PROVINCE eThekwini] ]
travel,car_rental,ingabe ikhona imoto eqashiswayo kusukela ngoLwesithathu kuze kube uLwesihlanu e-OR Tambo?,"41:55:SL:DATE,66:77:SL:DATE",[IN:car_rental [SL:DATE ngoLwesithathu] [SL:DATE uLwesihlanu] ]
travel,car_rental,ungakwazi ukungisiza ngokubhuka imoto eqashwayo eGoli?,48:53:SL:CITY_OR_PROVINCE,[IN:car_rental [SL:CITY_OR_PROVINCE eGoli] ]
travel,car_rental,ngingaqasha imoto kusukela ngoLwesihlanu kuze kube uLwesibili eBraamfontein?,"27:40:SL:DATE,52:61:SL:DATE,63:75:SL:PLACE_NAME",[IN:car_rental [SL:DATE ngoLwesihlanu] [SL:DATE Lwesibili] [SL:PLACE_NAME Braamfontein] ]
travel,car_rental,ingaqashwa imoto kusukela ngoLwesihlanu kuze kube uLwesibili eKing Shaka?,"29:39:SL:DATE,51:60:SL:DATE",[IN:car_rental [SL:DATE Lwesihlanu] [SL:DATE Lwesibili] ]
travel,car_rental,ngingaluthola usizo mayelana nokubhukha imoto eqashisayo eThekwini?,57:66:SL:CITY_OR_PROVINCE,[IN:car_rental [SL:CITY_OR_PROVINCE eThekwini] ]
travel,car_rental,ngingakwazi ukuqasha imoto kwa-Avis kusukela ngoLwesibili kuze kube uLwesine,"48:57:SL:DATE,69:76:SL:DATE",[IN:car_rental [SL:DATE Lwesibili] [SL:DATE Lwesine] ]
travel,car_rental,zikhona izimoto eziqashisayo ezitholakala eduze neGautrain?,,[IN:car_rental ]
travel,car_rental,ungangisiza ngibheke imoto eqashisayo eKapa?,38:43:SL:CITY_OR_PROVINCE,[IN:car_rental [SL:CITY_OR_PROVINCE eKapa] ]
travel,car_rental,ungangisiza ngokubhukha imoto eqashisayo eGoli?,41:46:SL:CITY_OR_PROVINCE,[IN:car_rental [SL:CITY_OR_PROVINCE eGoli] ]
travel,car_rental,ungangisiza ngokubhuka imoto eqashisayo eThekwini?,40:49:SL:CITY_OR_PROVINCE,[IN:car_rental [SL:CITY_OR_PROVINCE eThekwini] ]
travel,car_rental,ngifuna ukuqasha imoto eRichards Bay kusekela ngomhlaka-8 kuya kumhlaka-12 kuLwezi,"24:36:SL:CITY_OR_PROVINCE,46:82:SL:DATE",[IN:car_rental [SL:CITY_OR_PROVINCE Richards Bay] [SL:DATE ngomhlaka-8 kuya kumhlaka-12 kuLwezi] ]
travel,car_rental,kungenzeka yini ukuthi ngiqashe imoto esikhumulweni sezindiza eGoli kusukela ngo-20 kuya ku-25 kuMbasa?,"62:67:SL:CITY_OR_PROVINCE,81:102:SL:DATE",[IN:car_rental [SL:CITY_OR_PROVINCE eGoli] [SL:DATE 20 kuya ku-25 kuMbasa] ]
travel,car_rental,ngidinga ukuqasha imoto eMaputo kodwa angazi kanjani,25:31:SL:CITY_OR_PROVINCE,[IN:car_rental [SL:CITY_OR_PROVINCE Maputo] ]
travel,car_rental,ungangisiza ukuthi ngibekise imoto eqashisayo ohambweni lwami oluya eMargate?,69:76:SL:PLACE_NAME,[IN:car_rental [SL:PLACE_NAME Margate] ]
travel,car_rental,thola ukuthi ngingakwazi yini ukuqasha imoto eKuruman kusukela ngomhlaka-7 kuMfumfu kuya kumhlaka-18 kuMfumfu,"45:53:SL:PLACE_NAME,73:83:SL:DATE,98:109:SL:DATE",[IN:car_rental [SL:PLACE_NAME eKuruman] [SL:DATE 7 kuMfumfu] [SL:DATE 18 kuMfumfu] ]
travel,car_rental,ngicela ungisize ngibekise imoto eqashisayo esikhumulweni sezindiza eMaputo kusukela ngo-5 kuya ku-12 kuNhlolanja,"69:75:SL:CITY_OR_PROVINCE,89:113:SL:DATE",[IN:car_rental [SL:CITY_OR_PROVINCE Maputo] [SL:DATE 5 kuya ku-12 kuNhlolanja] ]
travel,car_rental,ngicela ungisiza ngokuqasha imoto eStellenbosch,35:47:SL:PLACE_NAME,[IN:car_rental [SL:PLACE_NAME Stellenbosch] ]
travel,car_rental,ngingathanda usizo lokuthola imoto eqashwayo egcinwe eMafikeng,53:62:SL:CITY_OR_PROVINCE,[IN:car_rental [SL:CITY_OR_PROVINCE eMafikeng] ]
travel,car_rental,ngingakwazi ukuqasha imoto e-Upington kusukela ngo-17 kuya ku-28 kuNcwaba?,"29:37:SL:PLACE_NAME,51:73:SL:DATE",[IN:car_rental [SL:PLACE_NAME Upington] [SL:DATE 17 kuya ku-28 kuNcwaba] ]
travel,car_rental,"ngidinga usizo lokubhukha imoto eqashwayo eTshwane, eBotswana","43:50:SL:CITY_OR_PROVINCE,53:61:SL:COUNTRY",[IN:car_rental [SL:CITY_OR_PROVINCE Tshwane] [SL:COUNTRY Botswana] ]
travel,car_rental,ngicela ungikhombise indlela yokuqasha imoto eKomana,45:52:SL:PLACE_NAME,[IN:car_rental [SL:PLACE_NAME eKomana] ]
travel,car_rental,ngicela ungisize ngibhukhe imoto eqashisayo eChinhoyi,44:53:SL:CITY_OR_PROVINCE,[IN:car_rental [SL:CITY_OR_PROVINCE eChinhoyi] ]
travel,car_rental,ungangibonisa ukuthi ibhukhwa kanjani imoto eqashisayo kwisizindalwazi se-Avis?,,[IN:car_rental ]
travel,car_rental,ngisize ngibhukhe imoto eqashisayo Epe,,[IN:car_rental ]
travel,car_rental,ngidinga imoto eqashisayo ngesonto elizayo,26:42:SL:DATE,[IN:car_rental [SL:DATE ngesonto elizayo] ]
travel,car_rental,ngizodinga imoto eqashisayo ohambweni lami oluzongisa eMutare,55:61:SL:CITY_OR_PROVINCE,[IN:car_rental [SL:CITY_OR_PROVINCE Mutare] ]
travel,car_rental,ngisize ngithole iQuantum engizoliqasha,,[IN:car_rental ]
travel,car_rental,"ungangitholela imoto eqashiswayo ngoLwesine kuze kube uMsombuluko eKapa, futhi ngingathanda iveni uma kungenzeka?","33:43:SL:DATE,54:65:SL:DATE,66:71:SL:CITY_OR_PROVINCE",[IN:car_rental [SL:DATE ngoLwesine] [SL:DATE uMsombuluko] [SL:CITY_OR_PROVINCE eKapa] ]
travel,car_rental,"ngisize ngibhukhe imoto eqashwayo eNew York ngomhlaka-17 kuya kumhlaka-23 kuNcwaba, ungitholele iToyota uma kungenzeka","34:43:SL:CITY_OR_PROVINCE,44:56:SL:DATE",[IN:car_rental [SL:CITY_OR_PROVINCE eNew York] [SL:DATE ngomhlaka-17] ]
travel,car_rental,"ungangitholela imoto eqashiswayo ngosuku lwesibili kuya kusuku lwesithupha kuMbasa eTexas, futhi ngingathanda kube imoto yezemidlalo uma kungenzeka?","33:82:SL:DATE,84:89:SL:CITY_OR_PROVINCE",[IN:car_rental [SL:DATE ngosuku lwesibili kuya kusuku lwesithupha kuMbasa] [SL:CITY_OR_PROVINCE Texas] ]
travel,car_rental,"ngisize ngibhukhe imoto eqashiswayo eWyoming ngomhlaka-2 kuya kumhlaka-5 kuNhlaba, ningitholele ihatchback uma kungenzeka","36:44:SL:CITY_OR_PROVINCE,45:56:SL:DATE",[IN:car_rental [SL:CITY_OR_PROVINCE eWyoming] [SL:DATE ngomhlaka-2] ]
travel,car_rental,ngidinga ukubhuka imoto eqashwayo eWelkom,34:41:SL:CITY_OR_PROVINCE,[IN:car_rental [SL:CITY_OR_PROVINCE eWelkom] ]
travel,car_rental,"ngidinga ukuqasha idouble cab eLondon ngesonto lesibili kuNtulikazi, uphakamisa bani?","31:37:SL:CITY_OR_PROVINCE,58:67:SL:DATE",[IN:car_rental [SL:CITY_OR_PROVINCE London] [SL:DATE Ntulikazi] ]
travel,car_rental,thola imoto eqashwayo ehloniphekile ngesonto elizayo,36:52:SL:DATE,[IN:car_rental [SL:DATE ngesonto elizayo] ]
travel,car_rental,ngingayiqasha kubani imoto ngesonto elizayo ePitoli?,"27:35:SL:DATE,44:51:SL:CITY_OR_PROVINCE",[IN:car_rental [SL:DATE ngesonto] [SL:CITY_OR_PROVINCE ePitoli] ]
travel,car_rental,"ngidinga ukuqasha imoto amasonto amathathu eKariba, eZimbabwe, ubani onedili elingcono kakhulu?","33:42:SL:NUMBER,44:50:SL:PLACE_NAME,53:61:SL:COUNTRY",[IN:car_rental [SL:NUMBER amathathu] [SL:PLACE_NAME Kariba] [SL:COUNTRY Zimbabwe] ]
travel,car_rental,ngitholele imoto aqashiswayo ngempelasonto ezayo eKapa kwa-Avis,49:54:SL:CITY_OR_PROVINCE,[IN:car_rental [SL:CITY_OR_PROVINCE eKapa] ]
travel,car_rental,ithini inombolo yendawo eqashisa ngezimoto namatekisi?,,[IN:car_rental ]
travel,car_rental,"bhukha imoto eqashwayo esizohamba ngayo oLundi ngoMgqibelo, namhlanje","41:46:SL:PLACE_NAME,50:58:SL:DATE",[IN:car_rental [SL:PLACE_NAME Lundi] [SL:DATE Mgqibelo] ]
travel,car_rental,"siri, bhukha imoto eqashiwe eThekwini emahoreni ayishumi","28:37:SL:CITY_OR_PROVINCE,38:56:SL:TIME",[IN:car_rental [SL:CITY_OR_PROVINCE eThekwini] [SL:TIME emahoreni ayishumi] ]
travel,car_rental,ungakwazi ukubhukha imoto eqashwayo namuhla ukuze siye eMtata naseGrahamstown?,"55:61:SL:PLACE_NAME,66:77:SL:PLACE_NAME",[IN:car_rental [SL:PLACE_NAME eMtata] [SL:PLACE_NAME Grahamstown] ]
travel,car_rental,bhukha imoto eqashiswayo eMpangeni kusasa,"26:34:SL:PLACE_NAME,35:41:SL:DATE",[IN:car_rental [SL:PLACE_NAME Mpangeni] [SL:DATE kusasa] ]
travel,car_rental,"siri, bhukha imoto eqashwayo eThekwini namuhla khona manje",29:38:SL:CITY_OR_PROVINCE,[IN:car_rental [SL:CITY_OR_PROVINCE eThekwini] ]
travel,car_rental,ikuphi lapho engingabhuka khona imoto eRoodeport?,39:48:SL:PLACE_NAME,[IN:car_rental [SL:PLACE_NAME Roodeport] ]
travel,car_rental,ngisize ngibekise imoto eThekwini,24:33:SL:CITY_OR_PROVINCE,[IN:car_rental [SL:CITY_OR_PROVINCE eThekwini] ]
travel,car_rental,ngibekisele imoto eqashwayo eGiyani,28:35:SL:PLACE_NAME,[IN:car_rental [SL:PLACE_NAME eGiyani] ]
travel,car_rental,zingaki izindawo eGiyani engingaqasha khona imoto?,18:24:SL:PLACE_NAME,[IN:car_rental [SL:PLACE_NAME Giyani] ]
travel,car_rental,ngingayiqasha kuphi imoto eNelspruit?,27:36:SL:CITY_OR_PROVINCE,[IN:car_rental [SL:CITY_OR_PROVINCE Nelspruit] ]
travel,car_rental,Ungakwazi ukungiphakamisela ukudla okuvela eParis?,44:49:SL:CITY_OR_PROVINCE,[IN:car_rental [SL:CITY_OR_PROVINCE Paris] ]
travel,car_rental,Ungangiphakamisela ukudla okuvela eGhana?,35:40:SL:COUNTRY,[IN:car_rental [SL:COUNTRY Ghana] ]
travel,car_rental,Ngicela ungiphakamisele ukudla okuvela e-Ethopia,41:48:SL:COUNTRY,[IN:car_rental [SL:COUNTRY Ethopia] ]
travel,car_rental,Ungangitshela ukudla okungababi kwamandiya engingakwenzela isidlo sakusihlwa,59:76:SL:MEAL_PERIOD,[IN:car_rental [SL:MEAL_PERIOD isidlo sakusihlwa] ]
kitchen_and_dining,meal_suggestion,Unayo imibono yesidlo sasemini?,,[IN:meal_suggestion ]
kitchen_and_dining,meal_suggestion,iyiphi iresiphi elula yase-Italy yesidlo sakusihlwa?,27:32:SL:COUNTRY,[IN:meal_suggestion [SL:COUNTRY Italy] ]
kitchen_and_dining,meal_suggestion,Uyawazi amaresiphi anejalapeno sauce ase-Italy?,"22:36:SL:DISH_OR_FOOD,41:46:SL:COUNTRY",[IN:meal_suggestion [SL:DISH_OR_FOOD jalapeno sauce] [SL:COUNTRY Italy] ]
kitchen_and_dining,meal_suggestion,Ipizza ithatha isikhathi esingakanani?,1:6:SL:DISH_OR_FOOD,[IN:meal_suggestion [SL:DISH_OR_FOOD pizza] ]
kitchen_and_dining,meal_suggestion,Ngidinga imibono emisha yesidlo sasemini,24:40:SL:MEAL_PERIOD,[IN:meal_suggestion [SL:MEAL_PERIOD yesidlo sasemini] ]
kitchen_and_dining,meal_suggestion,Isikhathi esingakanani ukufudumeza ubhontshisi oqandisiwe kumicrowave?,35:46:SL:DISH_OR_FOOD,[IN:meal_suggestion [SL:DISH_OR_FOOD ubhontshisi] ]
kitchen_and_dining,meal_suggestion,Uyawazi amaresiphi epasta anoshizi oluhlaza okwesibhakabhaka?,"19:25:SL:DISH_OR_FOOD,26:60:SL:DISH_OR_FOOD",[IN:meal_suggestion [SL:DISH_OR_FOOD epasta] [SL:DISH_OR_FOOD anoshizi oluhlaza okwesibhakabhaka] ]
kitchen_and_dining,cook_time,Kufanele ngipheke isikhathi esingakanani isitambu ukuze sivuthwe kahle?,41:49:SL:DISH_OR_FOOD,[IN:cook_time [SL:DISH_OR_FOOD isitambu] ]
kitchen_and_dining,meal_suggestion,Ngidinga imibono emithathu emisha yesidlo sakusihlwa,"17:26:SL:NUMBER,34:52:SL:MEAL_PERIOD",[IN:meal_suggestion [SL:NUMBER emithathu] [SL:MEAL_PERIOD yesidlo sakusihlwa] ]
kitchen_and_dining,cook_time,Siphekwa isikhathi esingakanani isigwaqane?,32:42:SL:DISH_OR_FOOD,[IN:cook_time [SL:DISH_OR_FOOD isigwaqane] ]
kitchen_and_dining,meal_suggestion,Kukhona ukudla okwaziyo kwaseBotswana engingakupheka kusihlwa?,"29:37:SL:COUNTRY,53:61:SL:TIME",[IN:meal_suggestion [SL:COUNTRY Botswana] [SL:TIME kusihlwa] ]
kitchen_and_dining,meal_suggestion,"Mucabanga, yini engingayipheka kusasa?",31:37:SL:DATE,[IN:meal_suggestion [SL:DATE kusasa] ]
kitchen_and_dining,meal_suggestion,Yini engaba kahle ngesidlo sakusihlwa?,21:37:SL:MEAL_PERIOD,[IN:meal_suggestion [SL:MEAL_PERIOD sidlo sakusihlwa] ]
kitchen_and_dining,meal_suggestion,Kufanele ngidleni namhlanje emini?,28:33:SL:TIME,[IN:meal_suggestion [SL:TIME emini] ]
kitchen_and_dining,meal_suggestion,Ngingathanda ukuthola iziphakamiso zokudla kwaseFrance,48:54:SL:COUNTRY,[IN:meal_suggestion [SL:COUNTRY France] ]
kitchen_and_dining,meal_suggestion,Ngitholele iziphakamiso zesidlo sakusihlwa zaseVietnam,"26:42:SL:MEAL_PERIOD,47:54:SL:COUNTRY",[IN:meal_suggestion [SL:MEAL_PERIOD sidlo sakusihlwa] [SL:COUNTRY Vietnam] ]
kitchen_and_dining,meal_suggestion,Unganginika iziphakamiso zesidlo sakusihlwa zaseThailand?,"25:43:SL:MEAL_PERIOD,48:56:SL:COUNTRY",[IN:meal_suggestion [SL:MEAL_PERIOD zesidlo sakusihlwa] [SL:COUNTRY Thailand] ]
kitchen_and_dining,meal_suggestion,Ngidinga iziphakamiso zokudla kwaseMexico,35:41:SL:COUNTRY,[IN:meal_suggestion [SL:COUNTRY Mexico] ]
kitchen_and_dining,meal_suggestion,Injani inyama ebomvu yalana?,7:20:SL:DISH_OR_FOOD,[IN:meal_suggestion [SL:DISH_OR_FOOD inyama ebomvu] ]
kitchen_and_dining,meal_suggestion,Iyiphi indawo ehamba phambili lana kwinyama yenkomo?,37:51:SL:DISH_OR_FOOD,[IN:meal_suggestion [SL:DISH_OR_FOOD inyama yenkomo] ]
kitchen_and_dining,meal_suggestion,Imnandi kangakanani inyama yesklabu lana?,20:35:SL:DISH_OR_FOOD,[IN:meal_suggestion [SL:DISH_OR_FOOD inyama yesklabu] ]
kitchen_and_dining,meal_suggestion,Uthi asidle ini namhlanje kusihlwa?,26:34:SL:MEAL_PERIOD,[IN:meal_suggestion [SL:MEAL_PERIOD kusihlwa] ]
kitchen_and_dining,meal_suggestion,Ngidinga iziphakamiso zokudla kwakusihlwa,24:41:SL:MEAL_PERIOD,[IN:meal_suggestion [SL:MEAL_PERIOD kudla kwakusihlwa] ]
kitchen_and_dining,meal_suggestion,Ngidinga isiphakamiso sokudla kwaseGhana,35:40:SL:COUNTRY,[IN:meal_suggestion [SL:COUNTRY Ghana] ]
kitchen_and_dining,meal_suggestion,Ngicela ungisiza ngikhethe ukudla engizokudla okuvela eNigeria,55:62:SL:COUNTRY,[IN:meal_suggestion [SL:COUNTRY Nigeria] ]
kitchen_and_dining,meal_suggestion,Ngithenge kuphi ukudla kwaseMozambique?,28:38:SL:COUNTRY,[IN:meal_suggestion [SL:COUNTRY Mozambique] ]
kitchen_and_dining,meal_suggestion,Ikuphi ukudla kwaseMelika okumnandi ekungenayo inyama?,47:53:SL:DISH_OR_FOOD,[IN:meal_suggestion [SL:DISH_OR_FOOD inyama] ]
kitchen_and_dining,meal_suggestion,"Angifuni ukupheka, yini engingayithenga?",,[IN:meal_suggestion ]
kitchen_and_dining,meal_suggestion,"Angazi ngiphekeni, uphakamisa ini?",,[IN:meal_suggestion ]
kitchen_and_dining,meal_suggestion,Ngiphakamisele ukudla kwaseMexico okubabayo,27:33:SL:COUNTRY,[IN:meal_suggestion [SL:COUNTRY Mexico] ]
kitchen_and_dining,meal_suggestion,Unazo iziphakamiso zokudla okuvela eBrazil?,36:42:SL:COUNTRY,[IN:meal_suggestion [SL:COUNTRY Brazil] ]
kitchen_and_dining,meal_suggestion,Ngingathanda ukuthi unginikeze umbono wesidlo saseChile,50:55:SL:COUNTRY,[IN:meal_suggestion [SL:COUNTRY Chile] ]
kitchen_and_dining,meal_suggestion,Ungakwazi ukuphakamisa noma yikuphi ukudla okumnandi okuvela eColombia,61:70:SL:COUNTRY,[IN:meal_suggestion [SL:COUNTRY eColombia] ]
kitchen_and_dining,meal_suggestion,Ngicela ungiphakamisele ukudla okuvela e-Ecuador okungenazo izitshalo,41:48:SL:COUNTRY,[IN:meal_suggestion [SL:COUNTRY Ecuador] ]
kitchen_and_dining,meal_suggestion,Ungakwazi ukuphakamisa noma yikuphi ukudla kwaseLibya okunenyama yenkukhu,57:73:SL:DISH_OR_FOOD,[IN:meal_suggestion [SL:DISH_OR_FOOD nenyama yenkukhu] ]
kitchen_and_dining,meal_suggestion,Unganginika isiphakamiso sokudla kwaseDenmark?,38:45:SL:COUNTRY,[IN:meal_suggestion [SL:COUNTRY Denmark] ]
kitchen_and_dining,meal_suggestion,Unazo iziphakamiso zokudla okubabayo kwaseFinland?,42:49:SL:COUNTRY,[IN:meal_suggestion [SL:COUNTRY Finland] ]
kitchen_and_dining,meal_suggestion,Ngibheka isiphakamiso sokudla okudumile ePoland,41:47:SL:COUNTRY,[IN:meal_suggestion [SL:COUNTRY Poland] ]
kitchen_and_dining,meal_suggestion,Ikuphi ukudla ongakuphakamisa kwaseBurkina Faso?,35:47:SL:COUNTRY,[IN:meal_suggestion [SL:COUNTRY Burkina Faso] ]
kitchen_and_dining,meal_suggestion,Ngifuna iziphakamiso zokudla kwaseKenya,34:39:SL:COUNTRY,[IN:meal_suggestion [SL:COUNTRY Kenya] ]
kitchen_and_dining,meal_suggestion,Ngifuna unginikeze isiphakamiso sokuthi ngenzeni isidlo sakusihlwa,49:66:SL:MEAL_PERIOD,[IN:meal_suggestion [SL:MEAL_PERIOD isidlo sakusihlwa] ]
kitchen_and_dining,meal_suggestion,Ngifuna isiphakamiso sokudla kwaseLimpopo,34:41:SL:CITY_OR_PROVINCE,[IN:meal_suggestion [SL:CITY_OR_PROVINCE Limpopo] ]
kitchen_and_dining,meal_suggestion,Ngidinga iziphakamiso zokudla okudumile kwaseKapa naseMpumalanga,"45:49:SL:CITY_OR_PROVINCE,54:64:SL:CITY_OR_PROVINCE",[IN:meal_suggestion [SL:CITY_OR_PROVINCE Kapa] [SL:CITY_OR_PROVINCE Mpumalanga] ]
kitchen_and_dining,meal_suggestion,Ngicela unginike isi[hakamiso sokuthi yini engingayipheka namhlanje kusihlwa,68:76:SL:MEAL_PERIOD,[IN:meal_suggestion [SL:MEAL_PERIOD kusihlwa] ]
kitchen_and_dining,meal_suggestion,Ngingathanda isiphakamiso sokudla kwevegan,,[IN:meal_suggestion ]
kitchen_and_dining,meal_suggestion,Ngidinga ukuthi unginikeze isiphakamiso sokuthi ngiziphekeleni izingane zami namhlanje kusihlwa,87:95:SL:MEAL_PERIOD,[IN:meal_suggestion [SL:MEAL_PERIOD kusihlwa] ]
kitchen_and_dining,meal_suggestion,Ngingathanda iziphakamiso ezimbili zepizza,"26:34:SL:NUMBER,37:42:SL:DISH_OR_FOOD",[IN:meal_suggestion [SL:NUMBER ezimbili] [SL:DISH_OR_FOOD pizza] ]
kitchen_and_dining,meal_suggestion,Qhubeka unginikeze iziphakamiso ezintathu zesidlo sakusihlwa,"32:41:SL:NUMBER,42:60:SL:MEAL_PERIOD",[IN:meal_suggestion [SL:NUMBER ezintathu] [SL:MEAL_PERIOD zesidlo sakusihlwa] ]
kitchen_and_dining,meal_suggestion,ngisifuna ngempela isiphakamiso sokudla kwase-Australia okunezitshalo kuphela,46:55:SL:COUNTRY,[IN:meal_suggestion [SL:COUNTRY Australia] ]
kitchen_and_dining,meal_suggestion,phakamisa ukudla kwase-Ireland okunesklabhu,"23:30:SL:COUNTRY,36:43:SL:DISH_OR_FOOD",[IN:meal_suggestion [SL:COUNTRY Ireland] [SL:DISH_OR_FOOD sklabhu] ]
kitchen_and_dining,meal_suggestion,phakamisa ukudla okunewayini elibomvu leBurgundy,22:48:SL:DISH_OR_FOOD,[IN:meal_suggestion [SL:DISH_OR_FOOD wayini elibomvu leBurgundy] ]
kitchen_and_dining,meal_suggestion,ikuphi ukudla okunepasta okungahambisana newayini elimhlophe,"19:24:SL:DISH_OR_FOOD,43:60:SL:DISH_OR_FOOD",[IN:meal_suggestion [SL:DISH_OR_FOOD pasta] [SL:DISH_OR_FOOD wayini elimhlophe] ]
kitchen_and_dining,meal_suggestion,isiphi isidlo ongasiphakamisa saseGhana esibabayo,34:39:SL:COUNTRY,[IN:meal_suggestion [SL:COUNTRY Ghana] ]
kitchen_and_dining,meal_suggestion,phakamisa ukudla okwaseJapan,23:28:SL:COUNTRY,[IN:meal_suggestion [SL:COUNTRY Japan] ]
kitchen_and_dining,meal_suggestion,ngidinga uphakamise iresiphi yesidlo sakusihlwa enesmoked turkey,51:64:SL:DISH_OR_FOOD,[IN:meal_suggestion [SL:DISH_OR_FOOD smoked turkey] ]
kitchen_and_dining,meal_suggestion,ngiphakamisele isidlo esiphuma eCanada,32:38:SL:COUNTRY,[IN:meal_suggestion [SL:COUNTRY Canada] ]
kitchen_and_dining,meal_suggestion,ngicela ungiphe isiphakamiso sepasta engenawo ushizi,31:52:SL:DISH_OR_FOOD,[IN:meal_suggestion [SL:DISH_OR_FOOD pasta engenawo ushizi] ]
kitchen_and_dining,meal_suggestion,unganginika iziphakamiso ezimbili zokudla okuhamba phambili eShayina,"28:33:SL:NUMBER,61:68:SL:COUNTRY",[IN:meal_suggestion [SL:NUMBER mbili] [SL:COUNTRY Shayina] ]
kitchen_and_dining,meal_suggestion,"ngifisa ukudla ukudla kwaseNdiya, ngicela iziphakamiso",27:32:SL:COUNTRY,[IN:meal_suggestion [SL:COUNTRY Ndiya] ]
kitchen_and_dining,meal_suggestion,ngicela unginike isiphakamiso sokudla kwaseMozambique,43:53:SL:COUNTRY,[IN:meal_suggestion [SL:COUNTRY Mozambique] ]
kitchen_and_dining,meal_suggestion,ungaphakimiso isidlo saseMelika sakusihlwa,"25:31:SL:COUNTRY,32:42:SL:MEAL_PERIOD",[IN:meal_suggestion [SL:COUNTRY Melika] [SL:MEAL_PERIOD sakusihlwa] ]
kitchen_and_dining,meal_suggestion,ngidinga iziphakamiso zokudla okudumile kwaseFrance,45:51:SL:COUNTRY,[IN:meal_suggestion [SL:COUNTRY France] ]
kitchen_and_dining,meal_suggestion,ngisize ngithole amaresiphi amasha okwenza izidlo sasekuseni nasemini,43:60:SL:MEAL_PERIOD,[IN:meal_suggestion [SL:MEAL_PERIOD izidlo sasekuseni] ]
kitchen_and_dining,meal_suggestion,ungathi ikuphi ukudla okumnandi kwamaNigerian okunenyama ebomvu,,[IN:meal_suggestion ]
kitchen_and_dining,meal_suggestion,kukhona ukudla okunobumuncu nokushukelana okuvela eTurkey,51:57:SL:COUNTRY,[IN:meal_suggestion [SL:COUNTRY Turkey] ]
kitchen_and_dining,meal_suggestion,ngifuna ukudla okungadumile kwaseYurophu,,[IN:meal_suggestion ]
kitchen_and_dining,meal_suggestion,"ngihalela ukudla kwamaNtaliyane, awungiphe iziphakamiso ezimbalwa",,[IN:meal_suggestion ]
kitchen_and_dining,meal_suggestion,"ngithanda ukudla okunenkukhu, ngicela isiphakamiso sokudla kwamaNdiya okunalokhu",,[IN:meal_suggestion ]
kitchen_and_dining,meal_suggestion,ikuphi ukudla okudumile e-Eastern Cape,26:38:SL:CITY_OR_PROVINCE,[IN:meal_suggestion [SL:CITY_OR_PROVINCE Eastern Cape] ]
kitchen_and_dining,meal_suggestion,ngingasithanda isiphakamiso sokudla kwaseGreece,41:47:SL:COUNTRY,[IN:meal_suggestion [SL:COUNTRY Greece] ]
kitchen_and_dining,meal_suggestion,ungangitshela ukuthi ngizame kuphi ukudla kwaseSwatini,46:54:SL:COUNTRY,[IN:meal_suggestion [SL:COUNTRY eSwatini] ]
kitchen_and_dining,meal_suggestion,unganginika isiphakamiso sokudla kwaseGhibithe okungenalo ubisi,"38:46:SL:COUNTRY,58:63:SL:DISH_OR_FOOD",[IN:meal_suggestion [SL:COUNTRY Ghibithe] [SL:DISH_OR_FOOD ubisi] ]
kitchen_and_dining,meal_suggestion,ngifuna ukuzama ukudla kwaseGhana okungenyanyama,28:33:SL:COUNTRY,[IN:meal_suggestion [SL:COUNTRY Ghana] ]
kitchen_and_dining,meal_suggestion,ngifuna isiphakamiso sokudla kwaseJapane ekungababi,34:40:SL:COUNTRY,[IN:meal_suggestion [SL:COUNTRY Japane] ]
kitchen_and_dining,meal_suggestion,ikuphi ukudla kwama ndiya okumnandi,,[IN:meal_suggestion ]
kitchen_and_dining,meal_suggestion,ngithanda ukuphakamisa ukudla kwase Little India Restaurant,36:59:SL:RESTAURANT_NAME,[IN:meal_suggestion [SL:RESTAURANT_NAME Little India Restaurant] ]
kitchen_and_dining,meal_suggestion,ungakwazi ukuphakamisa ukudla kwamaShayina,,[IN:meal_suggestion ]
kitchen_and_dining,meal_suggestion,ngidinga iziphakamiso zezidlo zasemini ezaseMozambique,"24:38:SL:MEAL_PERIOD,44:54:SL:COUNTRY",[IN:meal_suggestion [SL:MEAL_PERIOD zidlo zasemini] [SL:COUNTRY Mozambique] ]
kitchen_and_dining,meal_suggestion,nginike iziphakamiso zokudla ezingenayo inkukhu,40:47:SL:DISH_OR_FOOD,[IN:meal_suggestion [SL:DISH_OR_FOOD inkukhu] ]
kitchen_and_dining,meal_suggestion,ngidinga engingakhetha kukho noma kudliwa iKFC namhlanje kusihlwa,"43:46:SL:RESTAURANT_NAME,57:65:SL:TIME",[IN:meal_suggestion [SL:RESTAURANT_NAME KFC] [SL:TIME kusihlwa] ]
kitchen_and_dining,recipe,yenziwa ngani iLethabo's Creamy Chicken Livers eneLinguine?,15:58:SL:DISH_OR_FOOD,[IN:recipe [SL:DISH_OR_FOOD Lethabo's Creamy Chicken Livers eneLinguine] ]
kitchen_and_dining,recipe,uyazi ukuthi yini edingekayo ukuze uwenza icouscous enezitshalo?,43:63:SL:DISH_OR_FOOD,[IN:recipe [SL:DISH_OR_FOOD couscous enezitshalo] ]
kitchen_and_dining,recipe,uyazazi izindlela ezihlukile zokwenza isinkwa esinsundu?,38:55:SL:DISH_OR_FOOD,[IN:recipe [SL:DISH_OR_FOOD isinkwa esinsundu] ]
kitchen_and_dining,recipe,uphekwa kanjani ucurry wenkukhu ofakwe imasala mix?,"16:31:SL:DISH_OR_FOOD,39:50:SL:DISH_OR_FOOD",[IN:recipe [SL:DISH_OR_FOOD ucurry wenkukhu] [SL:DISH_OR_FOOD imasala mix] ]
kitchen_and_dining,recipe,lenziwa kanjani usu olunezitshalo?,16:19:SL:DISH_OR_FOOD,[IN:recipe [SL:DISH_OR_FOOD usu] ]
kitchen_and_dining,recipe,enziwa kanjani amasauce ngaphandle kobisi lenkomo?,"15:23:SL:DISH_OR_FOOD,35:49:SL:DISH_OR_FOOD",[IN:recipe [SL:DISH_OR_FOOD amasauce] [SL:DISH_OR_FOOD kobisi lenkomo] ]
kitchen_and_dining,recipe,uwenza kanjani amaribs esiklabhu mungenawo uhhavini?,15:32:SL:DISH_OR_FOOD,[IN:recipe [SL:DISH_OR_FOOD amaribs esiklabhu] ]
kitchen_and_dining,recipe,ngiyenza kanjani imilk tart?,18:27:SL:DISH_OR_FOOD,[IN:recipe [SL:DISH_OR_FOOD milk tart] ]
kitchen_and_dining,recipe,ngisenza kanjani ispaghetti,18:27:SL:DISH_OR_FOOD,[IN:recipe [SL:DISH_OR_FOOD spaghetti] ]
kitchen_and_dining,recipe,awungibhekela iresiphi yokwenza ichicken alfredo ebhodweni elilodwa,"33:48:SL:DISH_OR_FOOD,59:67:SL:NUMBER",[IN:recipe [SL:DISH_OR_FOOD chicken alfredo] [SL:NUMBER elilodwa] ]
kitchen_and_dining,recipe,ungangitholela iresiphi yezitshalo ezibhakiwe ezinokhilimu,,[IN:recipe ]
kitchen_and_dining,recipe,ngidinga iziyalezo zendlela yokwenza iBobotie pie,38:49:SL:DISH_OR_FOOD,[IN:recipe [SL:DISH_OR_FOOD Bobotie pie] ]
kitchen_and_dining,recipe,ngidinga usizo lokwenza imutton breyani,25:39:SL:DISH_OR_FOOD,[IN:recipe [SL:DISH_OR_FOOD mutton breyani] ]
kitchen_and_dining,recipe,ngicela ungitholela iresiphi yokwenza amacorn flakes squares anococonut,38:71:SL:DISH_OR_FOOD,[IN:recipe [SL:DISH_OR_FOOD amacorn flakes squares anococonut] ]
kitchen_and_dining,recipe,iyiphi indlela ehamba phambili yokwenza ibutter chicken?,41:55:SL:DISH_OR_FOOD,[IN:recipe [SL:DISH_OR_FOOD butter chicken] ]
kitchen_and_dining,recipe,imaphi amasalad ahamba phambili kwibraai?,"10:15:SL:DISH_OR_FOOD,35:40:SL:DISH_OR_FOOD",[IN:recipe [SL:DISH_OR_FOOD salad] [SL:DISH_OR_FOOD braai] ]
kitchen_and_dining,recipe,wenziwa kanjani ujeqe?,16:21:SL:DISH_OR_FOOD,[IN:recipe [SL:DISH_OR_FOOD ujeqe] ]
kitchen_and_dining,recipe,inyama yenhloko ifakwani?,0:15:SL:DISH_OR_FOOD,[IN:recipe [SL:DISH_OR_FOOD inyama yenhloko] ]
kitchen_and_dining,recipe,ngingayisebenzisa iself-rising flour ukwenza amacrunchies?,"19:36:SL:DISH_OR_FOOD,45:57:SL:DISH_OR_FOOD",[IN:recipe [SL:DISH_OR_FOOD self-rising flour] [SL:DISH_OR_FOOD amacrunchies] ]
kitchen_and_dining,recipe,ngicela ungibhekela ukuthi ngizodinga ushekela omungakanani ukwenza ifudge?,69:74:SL:DISH_OR_FOOD,[IN:recipe [SL:DISH_OR_FOOD fudge] ]
kitchen_and_dining,recipe,iyiphi inhlanzi ehamba phambili uma kwenziwa inhlanzi namachips?,"7:15:SL:DISH_OR_FOOD,45:63:SL:DISH_OR_FOOD",[IN:recipe [SL:DISH_OR_FOOD inhlanzi] [SL:DISH_OR_FOOD inhlanzi namachips] ]
kitchen_and_dining,recipe,ngicela ungibhekela iresiphi yecheesecake yakwaWoolworths,31:41:SL:DISH_OR_FOOD,[IN:recipe [SL:DISH_OR_FOOD cheesecake] ]
kitchen_and_dining,recipe,awungibhekela iresiphi elula yokwenza amaphiko ababayo,38:54:SL:DISH_OR_FOOD,[IN:recipe [SL:DISH_OR_FOOD amaphiko ababayo] ]
kitchen_and_dining,recipe,yini engingayifaka kwimash ukuze ithambe futhi ibe nokhilimu?,22:26:SL:DISH_OR_FOOD,[IN:recipe [SL:DISH_OR_FOOD mash] ]
kitchen_and_dining,recipe,ngicela ungitholela indlela yokwenza usu elifakwe izitshalo,37:40:SL:DISH_OR_FOOD,[IN:recipe [SL:DISH_OR_FOOD usu] ]
kitchen_and_dining,recipe,ngidinga iresiphi yokwenza isigwaqane,27:37:SL:DISH_OR_FOOD,[IN:recipe [SL:DISH_OR_FOOD isigwaqane] ]
kitchen_and_dining,recipe,ngidinga indlela yokulungisa isitshulu semopane,29:47:SL:DISH_OR_FOOD,[IN:recipe [SL:DISH_OR_FOOD isitshulu semopane] ]
kitchen_and_dining,recipe,ungangitholela iresiphi yokwenza amakoeksisters?,36:47:SL:DISH_OR_FOOD,[IN:recipe [SL:DISH_OR_FOOD koeksisters] ]
kitchen_and_dining,recipe,amagwinya enziwa ngani?,0:9:SL:DISH_OR_FOOD,[IN:recipe [SL:DISH_OR_FOOD amagwinya] ]
kitchen_and_dining,recipe,kudingeka inyama engakanani ukwenza ibunny chow?,36:47:SL:DISH_OR_FOOD,[IN:recipe [SL:DISH_OR_FOOD ibunny chow] ]
kitchen_and_dining,recipe,yini engikudingayo ukwenza ibiltong ekhaya?,28:35:SL:DISH_OR_FOOD,[IN:recipe [SL:DISH_OR_FOOD biltong] ]
kitchen_and_dining,recipe,iphekwa kanjani imaltabella?,17:27:SL:DISH_OR_FOOD,[IN:recipe [SL:DISH_OR_FOOD maltabella] ]
kitchen_and_dining,recipe,isiphi ispice sokosa inyama esihamba phambili eCheckers?,"7:13:SL:DISH_OR_FOOD,21:27:SL:DISH_OR_FOOD",[IN:recipe [SL:DISH_OR_FOOD ispice] [SL:DISH_OR_FOOD inyama] ]
kitchen_and_dining,recipe,ngicela ungikhombisa indlela yokwenza idombolo,38:46:SL:DISH_OR_FOOD,[IN:recipe [SL:DISH_OR_FOOD idombolo] ]
kitchen_and_dining,recipe,ngicela ungibhekela izinto engingazifaka ukwenza iphalishi libe mnandi,49:58:SL:DISH_OR_FOOD,[IN:recipe [SL:DISH_OR_FOOD iphalishi] ]
kitchen_and_dining,recipe,iziphi izitshalo engingazifaka kucurry ongenayo inyama,"33:38:SL:DISH_OR_FOOD,48:54:SL:DISH_OR_FOOD",[IN:recipe [SL:DISH_OR_FOOD curry] [SL:DISH_OR_FOOD inyama] ]
kitchen_and_dining,recipe,iphekwa kanjani iFocaccia?,17:25:SL:DISH_OR_FOOD,[IN:recipe [SL:DISH_OR_FOOD Focaccia] ]
kitchen_and_dining,recipe,ngidinga iresiphi yejollof rice,20:31:SL:DISH_OR_FOOD,[IN:recipe [SL:DISH_OR_FOOD jollof rice] ]
kitchen_and_dining,recipe,ngidinga indlela esheshayo yokwenza inyama yengulube enoju nophayinaphu,36:71:SL:DISH_OR_FOOD,[IN:recipe [SL:DISH_OR_FOOD inyama yengulube enoju nophayinaphu] ]
kitchen_and_dining,recipe,yini engingayifaka kumaramen noodles ukwehlisa ukubaba?,19:36:SL:DISH_OR_FOOD,[IN:recipe [SL:DISH_OR_FOOD kumaramen noodles] ]
kitchen_and_dining,recipe,ungangisiza ukuthola iresiphi yokwenza isobho lamaramen noodles,39:63:SL:DISH_OR_FOOD,[IN:recipe [SL:DISH_OR_FOOD isobho lamaramen noodles] ]
kitchen_and_dining,recipe,ngingakwazi ukukhipha iklabishi kwistirifry ngifake okunye?,"22:31:SL:DISH_OR_FOOD,35:43:SL:DISH_OR_FOOD",[IN:recipe [SL:DISH_OR_FOOD iklabishi] [SL:DISH_OR_FOOD stirifry] ]
kitchen_and_dining,recipe,"ngicela ungitholela iresiphi yamabrownies efaka ushokoledi omnyama, hhayi owobisi","29:41:SL:DISH_OR_FOOD,48:66:SL:DISH_OR_FOOD",[IN:recipe [SL:DISH_OR_FOOD yamabrownies] [SL:DISH_OR_FOOD ushokoledi omnyama] ]
kitchen_and_dining,recipe,ngingawasebenzisa amachips uma ngingenawo amanachos?,"18:26:SL:DISH_OR_FOOD,42:51:SL:DISH_OR_FOOD",[IN:recipe [SL:DISH_OR_FOOD amachips] [SL:DISH_OR_FOOD amanachos] ]
kitchen_and_dining,recipe,ngingazisebenzisa izithelo eziqandisiwe ukwenza icheesecake?,49:59:SL:DISH_OR_FOOD,[IN:recipe [SL:DISH_OR_FOOD cheesecake] ]
kitchen_and_dining,recipe,iziphi izitelo ezihamba phambili muwenza icheesecake?,42:52:SL:DISH_OR_FOOD,[IN:recipe [SL:DISH_OR_FOOD cheesecake] ]
kitchen_and_dining,recipe,ngingakwazi ukwenza icheesecake yalamula kwi-airfryer?,21:40:SL:DISH_OR_FOOD,[IN:recipe [SL:DISH_OR_FOOD cheesecake yalamula] ]
kitchen_and_dining,recipe,ngidinga iziyalelo zokwenza amafudge brownies,28:45:SL:DISH_OR_FOOD,[IN:recipe [SL:DISH_OR_FOOD amafudge brownies] ]
kitchen_and_dining,recipe,yenziwa kanjani imushroom sauce yenyama yenkomo?,17:47:SL:DISH_OR_FOOD,[IN:recipe [SL:DISH_OR_FOOD mushroom sauce yenyama yenkomo] ]
kitchen_and_dining,recipe,ngizodingani futhi ngiyenza kanjani imikhwepha yenkukhu kuhhavini?,36:55:SL:DISH_OR_FOOD,[IN:recipe [SL:DISH_OR_FOOD imikhwepha yenkukhu] ]
kitchen_and_dining,recipe,zikhona izincwadi zokupheka eziveza ukudla kwesintu kwaseNingizimu Afrika?,57:73:SL:COUNTRY,[IN:recipe [SL:COUNTRY Ningizimu Afrika] ]
kitchen_and_dining,recipe,ukhona ongangifundisa ukupheka eThekwini?,31:40:SL:CITY_OR_PROVINCE,[IN:recipe [SL:CITY_OR_PROVINCE eThekwini] ]
kitchen_and_dining,recipe,zikhona izikole zokufindela ukuba uchef eEastern Cape?,41:53:SL:CITY_OR_PROVINCE,[IN:recipe [SL:CITY_OR_PROVINCE Eastern Cape] ]
kitchen_and_dining,recipe,kudingekani ukuze ngenze ipasta kusuka ekuqaleni?,26:31:SL:DISH_OR_FOOD,[IN:recipe [SL:DISH_OR_FOOD pasta] ]
kitchen_and_dining,recipe,sikhona isizindalwazi esingangifundisa ukupheka ngamavidiyo?,,[IN:recipe ]
kitchen_and_dining,recipe,ngicela ungitshela ukuthi yenziwa kanjani ibobotie engenayo imince,"42:50:SL:DISH_OR_FOOD,61:66:SL:DISH_OR_FOOD",[IN:recipe [SL:DISH_OR_FOOD ibobotie] [SL:DISH_OR_FOOD mince] ]
kitchen_and_dining,recipe,ngifisa ukwenza amakhekhe angafakiwe amaqanda,"16:25:SL:DISH_OR_FOOD,37:45:SL:DISH_OR_FOOD",[IN:recipe [SL:DISH_OR_FOOD amakhekhe] [SL:DISH_OR_FOOD amaqanda] ]
kitchen_and_dining,recipe,awungikhombisa amaresiphi ahamba phambili anenkukhu noma isiklabhu,"45:51:SL:DISH_OR_FOOD,57:66:SL:DISH_OR_FOOD",[IN:recipe [SL:DISH_OR_FOOD nkukhu] [SL:DISH_OR_FOOD isiklabhu] ]
kitchen_and_dining,recipe,uyini umehluko ekuphekeni phakathi kwamapancake namacrepes?,"40:47:SL:DISH_OR_FOOD,52:58:SL:DISH_OR_FOOD",[IN:recipe [SL:DISH_OR_FOOD pancake] [SL:DISH_OR_FOOD crepes] ]
kitchen_and_dining,recipe,awungitholela isizindalwazi esingangitshela kabanzi ngokubhaka ikhekhe elinecoffee,63:82:SL:DISH_OR_FOOD,[IN:recipe [SL:DISH_OR_FOOD ikhekhe elinecoffee] ]
kitchen_and_dining,recipe,unganginika imiyalelo yokwenza inkukhu yaseMozambique ipiri piri,"31:38:SL:DISH_OR_FOOD,43:53:SL:COUNTRY",[IN:recipe [SL:DISH_OR_FOOD inkukhu] [SL:COUNTRY Mozambique] ]
kitchen_and_dining,recipe,ngibheka iresiphi yokwenza ipasta nenkukhu,28:42:SL:DISH_OR_FOOD,[IN:recipe [SL:DISH_OR_FOOD pasta nenkukhu] ]
kitchen_and_dining,recipe,iyini idessert kazwelonke yaseNingizimu Afrika?,30:46:SL:COUNTRY,[IN:recipe [SL:COUNTRY Ningizimu Afrika] ]
kitchen_and_dining,recipe,ngidinga amaresiphi ahlukile amaburger enyami ebovu,29:51:SL:DISH_OR_FOOD,[IN:recipe [SL:DISH_OR_FOOD amaburger enyami ebovu] ]
kitchen_and_dining,recipe,ngenzenjani uma ngifuna ukwenza ibutter chicken?,33:47:SL:DISH_OR_FOOD,[IN:recipe [SL:DISH_OR_FOOD butter chicken] ]
kitchen_and_dining,recipe,yini okumele ngiyenze ukuze ngipheka u-2kg webraai pack?,"39:40:SL:NUMBER,45:55:SL:DISH_OR_FOOD",[IN:recipe [SL:NUMBER 2] [SL:DISH_OR_FOOD braai pack] ]
kitchen_and_dining,recipe,ngiyipheka kanjani ipizza engizenzele yona ekhaya kwi-airfryer?,19:25:SL:DISH_OR_FOOD,[IN:recipe [SL:DISH_OR_FOOD ipizza] ]
kitchen_and_dining,recipe,ngingayithola kuphi iresiphi yama muffins eblueberry?,34:52:SL:DISH_OR_FOOD,[IN:recipe [SL:DISH_OR_FOOD muffins eblueberry] ]
kitchen_and_dining,recipe,ungayenza kanjani ipasta kusuka ekuqaleni?,19:24:SL:DISH_OR_FOOD,[IN:recipe [SL:DISH_OR_FOOD pasta] ]
kitchen_and_dining,recipe,ngisenza kanjani ispaghetti?,18:27:SL:DISH_OR_FOOD,[IN:recipe [SL:DISH_OR_FOOD spaghetti] ]
kitchen_and_dining,recipe,iyenziwa kanjani iscrambled egg efakwe ugreen pepper no-anyanisi?,"17:31:SL:DISH_OR_FOOD,40:52:SL:DISH_OR_FOOD,56:64:SL:DISH_OR_FOOD",[IN:recipe [SL:DISH_OR_FOOD iscrambled egg] [SL:DISH_OR_FOOD green pepper] [SL:DISH_OR_FOOD anyanisi] ]
kitchen_and_dining,recipe,i-omelet iyafakwa ubisi?,"2:8:SL:DISH_OR_FOOD,18:23:SL:DISH_OR_FOOD",[IN:recipe [SL:DISH_OR_FOOD omelet] [SL:DISH_OR_FOOD ubisi] ]
kitchen_and_dining,recipe,enziwa kanjani amanarcos?,18:24:SL:DISH_OR_FOOD,[IN:recipe [SL:DISH_OR_FOOD narcos] ]
kitchen_and_dining,recipe,enziwa kanjani amaqanda aphekiwe?,15:23:SL:DISH_OR_FOOD,[IN:recipe [SL:DISH_OR_FOOD amaqanda] ]
kitchen_and_dining,recipe,ngidinga iresiphi yechakalaka ebabayo,20:37:SL:DISH_OR_FOOD,[IN:recipe [SL:DISH_OR_FOOD chakalaka ebabayo] ]
kitchen_and_dining,recipe,iyiphi iresiphi emnandi yebunny chow ebabayo?,26:44:SL:DISH_OR_FOOD,[IN:recipe [SL:DISH_OR_FOOD bunny chow ebabayo] ]
kitchen_and_dining,recipe,bheka amaresiphi e-atchar angenawo umango,"19:25:SL:DISH_OR_FOOD,35:41:SL:DISH_OR_FOOD",[IN:recipe [SL:DISH_OR_FOOD atchar] [SL:DISH_OR_FOOD umango] ]
kitchen_and_dining,recipe,ngicela ungibhekela amaresiphi okwenza imutton ebabayo,40:54:SL:DISH_OR_FOOD,[IN:recipe [SL:DISH_OR_FOOD mutton ebabayo] ]
kitchen_and_dining,recipe,ngidinga iresiphi ye-atchar nechakalaka,"21:27:SL:DISH_OR_FOOD,30:39:SL:DISH_OR_FOOD",[IN:recipe [SL:DISH_OR_FOOD atchar] [SL:DISH_OR_FOOD chakalaka] ]
kitchen_and_dining,recipe,ngizobakhombisa imibono yokwenza ukudla kwamavegan,,[IN:recipe ]
